// Created by Crowbar 0.74
version 1
nodes
  0 "root" -1
  1 "g_r_hip_offset" 0
  2 "g_r_hip" 1
  3 "g_r_knee" 2
  4 "g_r_ankle" 3
  5 "g_r_ball" 4
  6 "g_r_thightwist" 2
  7 "g_l_hip_offset" 0
  8 "g_l_hip" 7
  9 "g_l_knee" 8
  10 "g_l_ankle" 9
  11 "g_l_ball" 10
  12 "g_l_thightwist" 8
  13 "g_spine01_offset" 0
  14 "g_spine01" 13
  15 "g_pelvis" 14
  16 "g_spine02_offset" 14
  17 "g_spine02" 16
  18 "g_spine03_offset" 17
  19 "g_spine03" 18
  20 "g_l_clavical" 19
  21 "g_l_shoulder" 20
  22 "g_l_elbow" 21
  23 "g_l_forarm" 22
  24 "g_l_wrist" 22
  25 "g_l_birdy1" 24
  26 "g_l_birdy2" 25
  27 "g_l_birdy3" 26
  28 "g_l_index1" 24
  29 "g_l_index2" 28
  30 "g_l_index3" 29
  31 "g_l_pinky1" 24
  32 "g_l_pinky2" 31
  33 "g_l_pinky3" 32
  34 "g_l_ring1" 24
  35 "g_l_ring2" 34
  36 "g_l_ring3" 35
  37 "g_l_thumb1" 24
  38 "g_l_thumb2" 37
  39 "g_l_thumb3" 38
  40 "g_l_palm" 24
  41 "g_l_biceptwist" 21
  42 "g_neck" 19
  43 "g_head" 42
  44 "g_jaw" 43
  45 "g_l_brow" 43
  46 "g_l_brow2" 45
  47 "g_l_eye" 43
  48 "g_topeyelid" 43
  49 "g_r_brow" 43
  50 "g_r_brow2" 49
  51 "g_r_eye" 43
  52 "g_r_clavical" 19
  53 "g_r_shoulder" 52
  54 "g_r_elbow" 53
  55 "g_r_forarm" 54
  56 "g_r_wrist" 54
  57 "g_r_birdy1" 56
  58 "g_r_birdy2" 57
  59 "g_r_birdy3" 58
  60 "g_r_index1" 56
  61 "g_r_index2" 60
  62 "g_r_index3" 61
  63 "g_r_pinky1" 56
  64 "g_r_pinky2" 63
  65 "g_r_pinky3" 64
  66 "g_r_ring1" 56
  67 "g_r_ring2" 66
  68 "g_r_ring3" 67
  69 "g_r_thumb1" 56
  70 "g_r_thumb2" 69
  71 "g_r_thumb3" 70
  72 "g_r_palm" 56
  73 "g_r_biceptwist" 53
  74 "g_throwable_attach_offset" 0
end
skeleton
  time 0
    0 0.000000 0.000000 -1.500000 0.000000 0.000000 0.000000
    1 -10.521344 -5.760963 66.994621 3.097007 -0.050786 -3.139334
    2 0.211315 8.125845 14.547769 0.011168 0.470731 0.304264
    3 -0.000034 0.000012 24.761454 -1.020734 -0.118445 0.188287
    4 0.000017 0.000000 24.344809 1.831543 -0.389177 -0.200298
    5 0.002333 -1.019846 24.031336 0.389660 -0.042710 0.017189
    6 0.000034 0.000008 13.404741 -0.000001 0.000003 0.056401
    7 10.398263 -5.760962 66.994675 3.097007 0.050786 3.139334
    8 2.734292 1.509906 13.814510 0.951753 -0.650324 0.081748
    9 -0.000004 -0.000006 24.761459 -1.161255 0.134703 -0.457896
    10 -0.000007 0.000004 24.344891 1.112235 0.219250 0.099847
    11 -0.002360 -1.019903 24.031330 0.389594 -0.042695 -0.017219
    12 0.000000 -0.000002 13.404737 0.000001 0.000005 -0.185883
    13 -0.061540 -5.245835 72.927078 0.000000 0.000000 0.000000
    14 -1.592475 4.895589 -13.952326 0.133374 -0.015773 -0.341227
    15 0.000000 -0.005608 -1.146812 -0.042738 0.004576 0.018134
    16 0.030770 -0.240000 8.906021 -0.004138 0.000000 0.000000
    17 0.113308 -0.936673 0.097261 0.174753 0.063526 0.055713
    18 0.030770 -0.276858 8.905140 0.056125 0.004134 -0.000049
    19 -0.450498 -0.444450 0.061326 0.340258 -0.002036 -0.099293
    20 5.669724 4.435303 14.302868 0.381306 -1.381560 2.881147
    21 -1.044571 -2.839317 19.743267 -0.302446 -1.005788 0.174603
    22 2.655533 -1.533369 24.792658 -0.967010 0.099642 0.038191
    23 1.120163 -0.154394 9.796035 -0.005111 0.000578 -0.044426
    24 2.240311 -0.308786 19.592051 -0.203703 0.364145 -0.069374
    25 0.683151 2.877354 14.167051 -0.140008 -0.069179 1.370076
    26 0.144936 -0.145374 7.579252 -0.981246 -0.203619 0.097216
    27 0.091660 -0.906685 4.702850 -0.811018 -0.127533 0.054578
    28 0.506271 8.500866 13.617253 -0.117788 0.265917 1.181504
    29 -0.384987 -0.460049 7.003448 -0.826839 -0.401440 0.216222
    30 0.561516 -0.596954 5.061852 -0.620842 -0.247382 0.090138
    31 -2.452171 -8.899406 11.597897 -0.195936 -0.519145 1.559345
    32 0.680496 -0.903999 6.074253 -1.029542 0.115203 0.013367
    33 0.245514 -0.661150 3.388004 -0.846722 0.111632 -0.047875
    34 -0.717484 -3.784271 13.043911 -0.237975 -0.225133 1.416440
    35 1.099216 -1.407745 8.017889 -0.952049 0.006459 0.003597
    36 0.068439 -0.807653 3.686054 -0.635646 0.006192 0.002988
    37 -4.004929 6.172707 4.754754 0.923927 1.204072 3.509971
    38 0.158352 -1.149811 5.804394 -0.117670 -0.232535 0.238954
    39 -1.083523 -1.463142 5.544399 -0.642395 -0.174634 0.032826
    40 -6.289886 0.932434 13.569063 -0.126803 0.612110 2.869610
    41 1.327774 -0.766687 12.396328 0.002359 -0.001387 0.022182
    42 -0.096140 1.828087 23.185329 -0.061991 -0.276239 -1.408804
    43 2.325478 -0.000003 6.169296 -0.168514 0.073235 1.776437
    44 0.000000 -3.152912 0.122169 1.961052 0.000000 0.000000
    45 1.068383 -10.478592 7.066338 0.292219 -1.282324 -3.141588
    46 0.000000 0.000000 2.279457 0.547137 -0.343566 0.107833
    47 2.479414 -8.323895 6.074242 -0.008964 -0.186368 1.564455
    48 0.000003 -5.075260 5.308493 0.000000 0.000000 0.000000
    49 -1.068383 -10.478611 7.065971 0.292219 1.282324 3.141588
    50 -0.000488 0.000015 2.279600 0.547136 0.343566 0.107835
    51 -2.479401 -8.323895 6.074234 0.008934 -0.186281 1.577225
    52 -5.790000 4.432083 14.255558 -5.828278 1.342172 -2.600715
    53 1.044540 -2.839314 19.743252 -0.075189 1.156123 -0.048882
    54 -2.655510 -1.533379 24.792648 -0.970604 -0.213381 -0.018268
    55 -1.120216 -0.154385 9.795983 -0.003217 -0.000414 0.027903
    56 -2.240372 -0.308788 19.592047 -0.147240 -0.192416 0.038252
    57 -0.683205 2.877342 14.167089 -0.282361 0.155587 -1.288476
    58 -0.144958 -0.145317 7.579308 -0.894874 0.227951 -0.026914
    59 -0.038551 -0.936644 4.697678 -0.952516 0.196855 -0.079607
    60 -0.506317 8.500896 13.617329 -0.208488 -0.248005 -1.095093
    61 0.385056 -0.460075 7.003435 -0.774251 0.438906 -0.070542
    62 -0.456360 -0.710276 5.057732 -0.770089 0.353290 -0.156670
    63 2.452194 -8.899408 11.597939 -0.705086 0.794114 -1.435560
    64 -0.680515 -0.903999 6.074242 -0.987776 -0.121742 -0.025903
    65 -0.248295 -0.666843 3.386627 -0.783732 -0.120769 0.044445
    66 0.717491 -3.784309 13.044010 -0.490206 0.375781 -1.327207
    67 -1.099228 -1.407673 8.017876 -0.886910 -0.011854 -0.012072
    68 -0.064053 -0.807640 3.686100 -0.684653 -0.013751 -0.023221
    69 4.004906 6.172710 4.754800 0.743280 -1.328521 -3.095473
    70 -0.158381 -1.149773 5.804405 -0.179288 0.093031 0.119378
    71 1.078559 -2.386406 5.215008 -0.727682 0.407843 0.173463
    72 6.289963 0.932404 13.569109 -0.126801 -0.612098 -2.869612
    73 -1.327759 -0.766682 12.396324 0.000985 0.000573 -0.009201
    74 0.000017 -54.999996 0.000000 0.000000 0.000000 -1.570796
  time 1
    0 0.000000 0.000000 -1.500000 0.000000 0.000000 0.000000
    1 -10.521344 -5.760963 66.994621 3.097007 -0.050786 -3.139334
    2 0.211315 8.125845 14.547769 0.011168 0.470731 0.304264
    3 -0.000034 0.000012 24.761454 -1.020734 -0.118445 0.188287
    4 0.000017 0.000000 24.344809 1.831543 -0.389177 -0.200298
    5 0.002333 -1.019846 24.031336 0.389660 -0.042710 0.017189
    6 0.000034 0.000008 13.404741 -0.000001 0.000003 0.056401
    7 10.398263 -5.760962 66.994675 3.097007 0.050786 3.139334
    8 2.734292 1.509906 13.814510 0.951753 -0.650324 0.081748
    9 -0.000004 -0.000006 24.761459 -1.161255 0.134703 -0.457896
    10 -0.000007 0.000004 24.344891 1.112235 0.219250 0.099847
    11 -0.002360 -1.019903 24.031330 0.389594 -0.042695 -0.017219
    12 0.000000 -0.000002 13.404737 0.000001 0.000005 -0.185883
    13 -0.061540 -5.245835 72.927078 0.000000 0.000000 0.000000
    14 -1.592475 4.895589 -13.952326 0.133374 -0.015773 -0.341227
    15 0.000000 -0.005608 -1.146812 -0.042738 0.004576 0.018134
    16 0.030770 -0.240000 8.906021 -0.004138 0.000000 0.000000
    17 0.113308 -0.936673 0.097261 0.174753 0.063526 0.055713
    18 0.030770 -0.276858 8.905140 0.056125 0.004134 -0.000049
    19 -0.450498 -0.444450 0.061326 0.340258 -0.002036 -0.099293
    20 5.669724 4.435303 14.302868 0.381306 -1.381560 2.881147
    21 -1.044571 -2.839317 19.743267 -0.302446 -1.005788 0.174603
    22 2.655533 -1.533369 24.792658 -0.967010 0.099642 0.038191
    23 1.120163 -0.154394 9.796035 -0.005111 0.000578 -0.044426
    24 2.240311 -0.308786 19.592051 -0.203703 0.364145 -0.069374
    25 0.683151 2.877354 14.167051 -0.140008 -0.069179 1.370076
    26 0.144936 -0.145374 7.579252 -0.981246 -0.203619 0.097216
    27 0.091660 -0.906685 4.702850 -0.811018 -0.127533 0.054578
    28 0.506271 8.500866 13.617253 -0.117788 0.265917 1.181504
    29 -0.384987 -0.460049 7.003448 -0.826839 -0.401440 0.216222
    30 0.561516 -0.596954 5.061852 -0.620842 -0.247382 0.090138
    31 -2.452171 -8.899406 11.597897 -0.195936 -0.519145 1.559345
    32 0.680496 -0.903999 6.074253 -1.029542 0.115203 0.013367
    33 0.245514 -0.661150 3.388004 -0.846722 0.111632 -0.047875
    34 -0.717484 -3.784271 13.043911 -0.237975 -0.225133 1.416440
    35 1.099216 -1.407745 8.017889 -0.952049 0.006459 0.003597
    36 0.068439 -0.807653 3.686054 -0.635646 0.006192 0.002988
    37 -4.004929 6.172707 4.754754 0.923927 1.204072 3.509971
    38 0.158352 -1.149811 5.804394 -0.117670 -0.232535 0.238954
    39 -1.083523 -1.463142 5.544399 -0.642395 -0.174634 0.032826
    40 -6.289886 0.932434 13.569063 -0.126803 0.612110 2.869610
    41 1.327774 -0.766687 12.396328 0.002359 -0.001387 0.022182
    42 -0.096140 1.828087 23.185329 -0.061991 -0.276239 -1.408804
    43 2.325478 -0.000003 6.169296 -0.168514 0.073235 1.776437
    44 0.000000 -3.152912 0.122169 1.961052 0.000000 0.000000
    45 1.068383 -10.478592 7.066338 0.292219 -1.282324 -3.141588
    46 0.000000 0.000000 2.279457 0.547137 -0.343566 0.107833
    47 2.479414 -8.323895 6.074242 -0.008964 -0.186368 1.564455
    48 0.000003 -5.075260 5.308493 0.000000 0.000000 0.000000
    49 -1.068383 -10.478611 7.065971 0.292219 1.282324 3.141588
    50 -0.000488 0.000015 2.279600 0.547136 0.343566 0.107835
    51 -2.479401 -8.323895 6.074234 0.008934 -0.186281 1.577225
    52 -5.790000 4.432083 14.255558 -5.828278 1.342172 -2.600715
    53 1.044540 -2.839314 19.743252 -0.075189 1.156123 -0.048882
    54 -2.655510 -1.533379 24.792648 -0.970604 -0.213381 -0.018268
    55 -1.120216 -0.154385 9.795983 -0.003217 -0.000414 0.027903
    56 -2.240372 -0.308788 19.592047 -0.147240 -0.192416 0.038252
    57 -0.683205 2.877342 14.167089 -0.282361 0.155587 -1.288476
    58 -0.144958 -0.145317 7.579308 -0.894874 0.227951 -0.026914
    59 -0.038551 -0.936644 4.697678 -0.952516 0.196855 -0.079607
    60 -0.506317 8.500896 13.617329 -0.208488 -0.248005 -1.095093
    61 0.385056 -0.460075 7.003435 -0.774251 0.438906 -0.070542
    62 -0.456360 -0.710276 5.057732 -0.770089 0.353290 -0.156670
    63 2.452194 -8.899408 11.597939 -0.705086 0.794114 -1.435560
    64 -0.680515 -0.903999 6.074242 -0.987776 -0.121742 -0.025903
    65 -0.248295 -0.666843 3.386627 -0.783732 -0.120769 0.044445
    66 0.717491 -3.784309 13.044010 -0.490206 0.375781 -1.327207
    67 -1.099228 -1.407673 8.017876 -0.886910 -0.011854 -0.012072
    68 -0.064053 -0.807640 3.686100 -0.684653 -0.013751 -0.023221
    69 4.004906 6.172710 4.754800 0.743280 -1.328521 -3.095473
    70 -0.158381 -1.149773 5.804405 -0.179288 0.093031 0.119378
    71 1.078559 -2.386406 5.215008 -0.727682 0.407843 0.173463
    72 6.289963 0.932404 13.569109 -0.126801 -0.612098 -2.869612
    73 -1.327759 -0.766682 12.396324 0.000985 0.000573 -0.009201
    74 0.000017 -54.999996 0.000000 0.000000 0.000000 -1.570796
  time 2
    0 0.000000 0.000000 -1.500000 0.000000 0.000000 0.000000
    1 -10.521344 -5.760963 66.994621 3.097007 -0.050786 -3.139334
    2 -1.741869 11.563402 15.915666 0.244683 0.543102 0.454164
    3 -0.000034 0.000012 24.761454 -1.217119 -0.141156 0.157504
    4 0.000017 0.000000 24.344809 1.836475 -0.385578 -0.237288
    5 0.002333 -1.019846 24.031336 0.389660 -0.042698 0.017189
    6 0.000034 0.000008 13.404741 -0.000001 0.000003 0.011029
    7 10.398263 -5.760962 66.994675 3.097007 0.050786 3.139334
    8 1.839733 2.658928 15.028440 0.956445 -0.784940 0.166327
    9 -0.000004 -0.000006 24.761459 -1.216417 0.141091 -0.629727
    10 -0.000007 0.000004 24.344891 1.097520 0.199919 0.088329
    11 -0.002360 -1.019903 24.031330 0.389594 -0.042695 -0.017219
    12 0.000000 -0.000002 13.404737 0.000001 0.000005 -0.296751
    13 -0.061540 -5.245835 72.927078 0.000000 0.000000 0.000000
    14 -0.315092 7.119917 -15.191536 0.162306 -0.032616 -0.461634
    15 0.000000 -0.005608 -1.146812 -0.042132 0.012795 0.018379
    16 0.030770 -0.240000 8.906021 -0.004138 0.000000 0.000000
    17 0.175810 -1.671070 0.042572 0.273028 0.040217 0.052359
    18 0.030770 -0.276858 8.905140 0.056125 0.004134 -0.000049
    19 -0.036423 -0.421012 0.198049 0.307909 0.090186 -0.048467
    20 5.669724 4.435303 14.302868 0.832654 -1.425885 2.295796
    21 -1.044571 -2.839317 19.743267 -0.488735 -0.784006 0.206244
    22 2.655533 -1.533369 24.792658 -0.784918 0.091688 -0.076566
    23 1.120163 -0.154394 9.796035 -0.005410 0.000614 -0.047151
    24 2.240311 -0.308786 19.592051 -0.144605 0.215879 -0.079423
    25 0.683151 2.877354 14.167051 -0.653525 -0.152388 1.413649
    26 0.144936 -0.145374 7.579252 -1.207997 -0.225947 0.133169
    27 0.091660 -0.906685 4.702850 -1.034691 -0.154127 0.088974
    28 0.506271 8.500866 13.617253 -0.601649 -0.016596 1.236759
    29 -0.384987 -0.460049 7.003448 -1.098093 -0.442775 0.309498
    30 0.561516 -0.596954 5.061852 -0.873533 -0.312459 0.162957
    31 -2.452171 -8.899406 11.597897 -0.729464 -0.324660 1.601677
    32 0.680496 -0.903999 6.074253 -1.182611 0.131658 0.009772
    33 0.245514 -0.661150 3.388004 -1.015973 0.114281 -0.061465
    34 -0.717484 -3.784271 13.043911 -0.758606 -0.160201 1.467457
    35 1.099216 -1.407745 8.017889 -1.200024 0.015939 -0.000490
    36 0.068439 -0.807653 3.686054 -0.883765 0.015264 0.001681
    37 -4.004929 6.172707 4.754754 0.564613 1.207892 3.073943
    38 0.158352 -1.149811 5.804394 -0.390119 -0.256824 0.198230
    39 -1.083523 -1.463142 5.544399 -0.673106 -0.156729 0.016873
    40 -6.289886 0.932434 13.569063 -0.126803 0.612110 2.869610
    41 1.327774 -0.766687 12.396328 -0.007337 0.003922 -0.067202
    42 -0.096140 1.828087 23.185329 -0.091063 -0.195011 -1.426016
    43 2.325478 -0.000003 6.169296 -0.193726 0.047813 1.784101
    44 0.000000 -3.152912 0.122169 1.961052 0.000000 0.000000
    45 1.068383 -10.478592 7.066338 0.292219 -1.282324 -3.141588
    46 0.000000 0.000000 2.279457 0.547137 -0.343566 0.107833
    47 2.479414 -8.323895 6.074242 -0.033377 -0.754207 1.173923
    48 0.000003 -5.075260 5.593658 0.000000 0.000000 0.000000
    49 -1.068383 -10.478611 7.065971 0.292219 1.282324 3.141588
    50 -0.000488 0.000015 2.279600 0.547136 0.343566 0.107835
    51 -2.479401 -8.323895 6.074234 -0.011290 -0.770067 1.176944
    52 -5.790000 4.432083 14.255558 -5.795207 1.451539 -2.739360
    53 1.044540 -2.839314 19.743252 -0.358202 1.072982 -0.217208
    54 -2.655510 -1.533379 24.792648 -0.989174 -0.181879 0.225659
    55 -1.120216 -0.154385 9.795983 -0.001575 -0.000210 0.013784
    56 -2.240372 -0.308788 19.592047 -0.121963 -0.104695 0.012390
    57 -0.683205 2.877342 14.167089 -0.761889 0.268051 -1.455066
    58 -0.144958 -0.145317 7.579308 -1.083361 0.259579 -0.062077
    59 -0.038551 -0.936644 4.697678 -1.359721 0.248988 -0.165345
    60 -0.506317 8.500896 13.617329 -0.690668 0.129524 -1.301769
    61 0.385056 -0.460075 7.003435 -0.966168 0.507800 -0.138394
    62 -0.456360 -0.710276 5.057732 -1.140283 0.481148 -0.281043
    63 2.452194 -8.899408 11.597939 -0.970229 0.526202 -1.504628
    64 -0.680515 -0.903999 6.074242 -1.121551 -0.137753 -0.021924
    65 -0.248295 -0.666843 3.386627 -1.073568 -0.129062 0.070164
    66 0.717491 -3.784309 13.044010 -0.959842 0.259890 -1.442046
    67 -1.099228 -1.407673 8.017876 -1.014509 -0.014850 -0.002724
    68 -0.064053 -0.807640 3.686100 -1.069497 -0.028085 -0.010673
    69 4.004906 6.172710 4.754800 -0.155174 -1.281711 -2.125145
    70 -0.158381 -1.149773 5.804405 -0.266873 0.320325 0.272222
    71 1.078559 -2.386406 5.215008 -0.842199 0.668061 0.062428
    72 6.289963 0.932404 13.569109 -0.126801 -0.612098 -2.869612
    73 -1.327759 -0.766682 12.396324 -0.015230 -0.007457 0.137227
    74 0.000017 -54.999996 0.000000 0.000000 0.000000 -1.570796
  time 3
    0 0.000000 0.000000 -1.500000 0.000000 0.000000 0.000000
    1 -10.521344 -5.760963 66.994621 3.097007 -0.050786 -3.139334
    2 -3.855215 15.050068 17.619931 0.508326 0.584103 0.640851
    3 -0.000034 0.000012 24.761454 -1.391391 -0.161302 0.127861
    4 0.000017 0.000000 24.344809 1.806946 -0.377724 -0.266931
    5 0.002333 -1.019846 24.031336 0.389660 -0.042698 0.017189
    6 0.000034 0.000008 13.404741 -0.000001 0.000003 -0.040523
    7 10.398263 -5.760962 66.994675 3.097007 0.050786 3.139334
    8 1.230340 3.757993 16.489651 0.939980 -0.945053 0.259406
    9 -0.000004 -0.000006 24.761459 -1.275154 0.147886 -0.817132
    10 -0.000007 0.000004 24.344891 1.082224 0.186742 0.079921
    11 -0.002360 -1.019903 24.031330 0.389594 -0.042695 -0.017219
    12 0.000000 -0.000002 13.404737 0.000001 0.000005 -0.417238
    13 -0.061540 -5.245835 72.927078 0.000000 0.000000 0.000000
    14 0.864632 9.460701 -16.746182 0.183685 -0.055774 -0.596214
    15 0.000000 -0.005608 -1.146812 -0.039516 0.021014 0.019140
    16 0.030770 -0.240000 8.906021 -0.004138 0.000000 0.000000
    17 0.207061 -2.385936 -0.094151 0.367389 0.014048 0.041657
    18 0.030770 -0.276858 8.905140 0.056125 0.004134 -0.000049
    19 0.404997 -0.440544 0.276177 0.293397 0.191706 0.001401
    20 5.669724 4.435303 14.302868 1.484984 -1.391566 1.500473
    21 -1.044571 -2.839317 19.743267 -0.613531 -0.550796 0.155652
    22 2.655533 -1.533369 24.792658 -0.585468 0.081120 -0.087403
    23 1.120163 -0.154394 9.796035 -0.005998 0.000662 -0.052118
    24 2.240311 -0.308786 19.592051 -0.044164 0.049056 -0.100510
    25 0.683151 2.877354 14.167051 -1.206979 -0.204796 1.499120
    26 0.144936 -0.145374 7.579252 -1.535948 -0.242869 0.191738
    27 0.091660 -0.906685 4.702850 -1.358043 -0.177773 0.146931
    28 0.506271 8.500866 13.617253 -1.149243 -0.240207 1.427549
    29 -0.384987 -0.460049 7.003448 -1.483775 -0.458859 0.453625
    30 0.561516 -0.596954 5.061852 -1.238253 -0.368812 0.289658
    31 -2.452171 -8.899406 11.597897 -1.269269 -0.143778 1.538648
    32 0.680496 -0.903999 6.074253 -1.432954 0.156766 -0.001506
    33 0.245514 -0.661150 3.388004 -1.282525 0.113610 -0.083241
    34 -0.717484 -3.784271 13.043911 -1.300181 -0.074223 1.478429
    35 1.099216 -1.407745 8.017889 -1.544900 0.026653 -0.009406
    36 0.068439 -0.807653 3.686054 -1.228652 0.027201 -0.003772
    37 -4.004929 6.172707 4.754754 0.234123 1.159269 2.680206
    38 0.158352 -1.149811 5.804394 -0.695580 -0.299091 0.160958
    39 -1.083523 -1.463142 5.544399 -0.734946 -0.148663 -0.007822
    40 -6.289886 0.932434 13.569063 -0.126803 0.612110 2.869610
    41 1.327774 -0.766687 12.396328 -0.008511 0.004485 -0.077848
    42 -0.096140 1.828087 23.185329 -0.124878 -0.109832 -1.442861
    43 2.325478 -0.000003 6.169296 -0.212014 0.028671 1.798709
    44 0.000000 -3.152912 0.122169 1.961052 0.000000 0.000000
    45 1.068383 -10.478592 7.066338 0.292219 -1.282324 -3.141588
    46 0.000000 0.000000 2.279457 0.547137 -0.343566 0.107833
    47 2.479414 -8.323895 6.074242 0.000823 0.320517 1.796157
    48 0.000003 -5.075260 5.788977 0.000000 0.000000 0.000000
    49 -1.068383 -10.478611 7.065971 0.292219 1.282324 3.141588
    50 -0.000488 0.000015 2.279600 0.547136 0.343566 0.107835
    51 -2.479401 -8.323895 6.074234 0.018313 0.323369 1.802083
    52 -5.790000 4.432083 14.255558 -1.174579 1.530791 1.691810
    53 1.044540 -2.839314 19.743252 -0.642439 0.976571 -0.341773
    54 -2.655510 -1.533379 24.792648 -1.033964 -0.142778 0.498514
    55 -1.120216 -0.154385 9.795983 0.000582 0.000078 -0.005231
    56 -2.240372 -0.308788 19.592047 -0.096227 0.015648 -0.021376
    57 -0.683205 2.877342 14.167089 -1.298536 0.269065 -1.673621
    58 -0.144958 -0.145317 7.579308 -1.365247 0.293088 -0.124001
    59 -0.038551 -0.936644 4.697678 -1.877727 0.261356 -0.291723
    60 -0.506317 8.500896 13.617329 -1.324374 0.318730 -1.716558
    61 0.385056 -0.460075 7.003435 -1.279426 0.578448 -0.284740
    62 -0.456360 -0.710276 5.057732 -1.670117 0.560667 -0.532844
    63 2.452194 -8.899408 11.597939 -1.242776 0.249321 -1.444402
    64 -0.680515 -0.903999 6.074242 -1.320758 -0.160225 -0.012133
    65 -0.248295 -0.666843 3.386627 -1.438591 -0.128655 0.104153
    66 0.717491 -3.784309 13.044010 -1.442779 0.101969 -1.476931
    67 -1.099228 -1.407673 8.017876 -1.217871 -0.015821 0.005198
    68 -0.064053 -0.807640 3.686100 -1.545952 -0.036953 0.007327
    69 4.004906 6.172710 4.754800 -0.595704 -1.080891 -1.636339
    70 -0.158381 -1.149773 5.804405 -0.329099 0.554273 0.464448
    71 1.078559 -2.386406 5.215008 -0.968947 0.935479 -0.067971
    72 6.289963 0.932404 13.569109 -0.126801 -0.612098 -2.869612
    73 -1.327759 -0.766682 12.396324 -0.034070 -0.013401 0.297581
    74 0.000017 -54.999996 0.000000 0.000000 0.000000 -1.570796
  time 4
    0 0.000000 0.000000 -1.500000 0.000000 0.000000 0.000000
    1 -10.521344 -5.760963 66.994621 3.097007 -0.050786 -3.139334
    2 -4.894309 16.891617 19.369045 0.689645 0.574361 0.781140
    3 -0.000034 0.000012 24.761454 -1.512775 -0.175336 0.083804
    4 0.000017 0.000000 24.344809 1.800658 -0.369530 -0.284649
    5 0.002333 -1.019846 24.031336 0.389660 -0.042710 0.017201
    6 0.000034 0.000008 13.404741 -0.000001 0.000003 -0.090430
    7 10.398263 -5.760962 66.994675 3.097007 0.050786 3.139334
    8 1.453003 4.095206 17.726060 0.922662 -1.058525 0.308338
    9 -0.000004 -0.000006 24.761459 -1.328392 0.154034 -0.928204
    10 -0.000007 0.000004 24.344891 1.084806 0.191275 0.084672
    11 -0.002360 -1.019903 24.031330 0.389594 -0.042695 -0.017219
    12 0.000000 -0.000002 13.404737 0.000001 0.000005 -0.480551
    13 -0.061540 -5.245835 72.927078 0.000000 0.000000 0.000000
    14 1.153703 10.753373 -18.165641 0.175492 -0.081839 -0.688336
    15 0.000000 -0.005608 -1.146812 -0.033711 0.024747 0.020743
    16 0.030770 -0.240000 8.906021 -0.004138 0.000000 0.000000
    17 0.136746 -2.702352 -0.226968 0.407393 -0.010779 0.022409
    18 0.030770 -0.276858 8.905140 0.056125 0.004134 -0.000049
    19 0.690162 -0.503046 0.241019 0.306730 0.262204 0.033016
    20 5.669724 4.435303 14.302868 1.777365 -1.310562 1.124710
    21 -1.044571 -2.839317 19.743267 -0.697185 -0.422423 0.113463
    22 2.655533 -1.533369 24.792658 -0.473157 0.073089 -0.017934
    23 1.120163 -0.154394 9.796035 -0.006872 0.000734 -0.059810
    24 2.240311 -0.308786 19.592051 0.098533 -0.068451 -0.132081
    25 0.683151 2.877354 14.167051 -1.511326 -0.211747 1.554295
    26 0.144936 -0.145374 7.579252 -1.768042 -0.243277 0.235266
    27 0.091660 -0.906685 4.702850 -1.587439 -0.182567 0.191106
    28 0.506271 8.500866 13.617253 -1.470438 -0.303305 1.571620
    29 -0.384987 -0.460049 7.003448 -1.747417 -0.440906 0.551347
    30 0.561516 -0.596954 5.061852 -1.494372 -0.380569 0.386314
    31 -2.452171 -8.899406 11.597897 -1.564436 -0.075962 1.475269
    32 0.680496 -0.903999 6.074253 -1.628017 0.173820 -0.014245
    33 0.245514 -0.661150 3.388004 -1.484370 0.109499 -0.099205
    34 -0.717484 -3.784271 13.043911 -1.593546 -0.028646 1.464722
    35 1.099216 -1.407745 8.017889 -1.782086 0.031962 -0.017448
    36 0.068439 -0.807653 3.686054 -1.465825 0.033996 -0.009728
    37 -4.004929 6.172707 4.754754 0.109547 1.126790 2.530940
    38 0.158352 -1.149811 5.804394 -0.869542 -0.330234 0.145630
    39 -1.083523 -1.463142 5.544399 -0.797779 -0.152810 -0.023927
    40 -6.289886 0.932434 13.569063 -0.126803 0.612110 2.869610
    41 1.327774 -0.766687 12.396328 -0.003669 0.002040 -0.033909
    42 -0.096140 1.828087 23.185329 -0.146091 -0.060215 -1.452247
    43 2.325478 -0.000003 6.169296 -0.203372 0.033764 1.818984
    44 0.000000 -3.152912 0.122169 1.961052 0.000000 0.000000
    45 1.068383 -10.478592 7.066338 0.292219 -1.282324 -3.141588
    46 0.000000 0.000000 2.279457 0.547137 -0.343566 0.107833
    47 2.479414 -8.323895 6.074242 0.001394 0.352966 1.809528
    48 0.000003 -5.075260 5.925699 0.000000 0.000000 0.000000
    49 -1.068383 -10.478611 7.065971 0.292219 1.282324 3.141588
    50 -0.000488 0.000015 2.279600 0.547136 0.343566 0.107835
    51 -2.479401 -8.323895 6.074234 0.018996 0.356728 1.814538
    52 -5.790000 4.432083 14.255558 -1.838681 1.432557 0.906508
    53 1.044540 -2.839314 19.743252 -0.855658 0.911831 -0.409103
    54 -2.655510 -1.533379 24.792648 -1.108949 -0.119274 0.670270
    55 -1.120216 -0.154385 9.795983 0.002883 0.000425 -0.025417
    56 -2.240372 -0.308788 19.592047 -0.080190 0.146189 -0.057635
    57 -0.683205 2.877342 14.167089 -1.604576 0.208954 -1.789836
    58 -0.144958 -0.145317 7.579308 -1.541365 0.304893 -0.166486
    59 -0.038551 -0.936644 4.697678 -2.189566 0.238585 -0.365176
    60 -0.506317 8.500896 13.617329 -1.710239 0.278103 -1.993728
    61 0.385056 -0.460075 7.003435 -1.471905 0.596213 -0.385469
    62 -0.456360 -0.710276 5.057732 -1.989883 0.545811 -0.699342
    63 2.452194 -8.899408 11.597939 -1.419591 0.110567 -1.352644
    64 -0.680515 -0.903999 6.074242 -1.453509 -0.173887 -0.003180
    65 -0.248295 -0.666843 3.386627 -1.668562 -0.122147 0.124610
    66 0.717491 -3.784309 13.044010 -1.725747 0.009831 -1.454323
    67 -1.099228 -1.407673 8.017876 -1.350961 -0.015605 0.007751
    68 -0.064053 -0.807640 3.686100 -1.839860 -0.037732 0.018150
    69 4.004906 6.172710 4.754800 -0.720236 -0.940295 -1.497252
    70 -0.158381 -1.149773 5.804405 -0.345807 0.685485 0.599739
    71 1.078559 -2.386406 5.215008 -1.052506 1.087659 -0.156281
    72 6.289963 0.932404 13.569109 -0.126801 -0.612098 -2.869612
    73 -1.327759 -0.766682 12.396324 -0.047061 -0.015679 0.404267
    74 0.000017 -54.999996 0.000000 0.000000 0.000000 -1.570796
  time 5
    0 0.000000 0.000000 -1.500000 0.000000 0.000000 0.000000
    1 -10.521344 -5.760963 66.994621 3.097007 -0.050786 -3.139334
    2 -4.499766 17.321311 20.602395 0.766299 0.526374 0.855806
    3 -0.000034 0.000012 24.761454 -1.593508 -0.184672 0.019185
    4 0.000017 0.000000 24.344809 1.840482 -0.358597 -0.289099
    5 0.002333 -1.019846 24.031336 0.389660 -0.042698 0.017201
    6 0.000034 0.000008 13.404741 -0.000001 0.000003 -0.135021
    7 10.398263 -5.760962 66.994675 3.097007 0.050786 3.139334
    8 2.581944 3.832929 18.355505 0.906453 -1.109775 0.313949
    9 -0.000004 -0.000006 24.761459 -1.351931 0.156767 -0.953110
    10 -0.000007 0.000004 24.344891 1.096810 0.214895 0.105396
    11 -0.002360 -1.019903 24.031330 0.389594 -0.042695 -0.017219
    12 0.000000 -0.000002 13.404737 0.000001 0.000005 -0.477481
    13 -0.061540 -5.245835 72.927078 0.000000 0.000000 0.000000
    14 0.395867 11.149327 -19.134479 0.135902 -0.112154 -0.736859
    15 0.000000 -0.005608 -1.146812 -0.023600 0.032056 0.023189
    16 0.030770 -0.240000 8.906021 -0.004138 0.000000 0.000000
    17 -0.027321 -2.542190 -0.379316 0.390874 -0.020908 -0.021838
    18 0.030770 -0.276858 8.905140 0.056125 0.004134 -0.000049
    19 0.748757 -0.565548 0.018356 0.318561 0.273189 0.038386
    20 5.669724 4.435303 14.302868 1.958535 -1.219164 0.920393
    21 -1.044571 -2.839317 19.743267 -0.712203 -0.380989 0.097896
    22 2.655533 -1.533369 24.792658 -0.452327 0.067632 0.060026
    23 1.120163 -0.154394 9.796035 -0.007999 0.000817 -0.069537
    24 2.240311 -0.308786 19.592051 0.156543 -0.155523 -0.159023
    25 0.683151 2.877354 14.167051 -1.576771 -0.211076 1.566284
    26 0.144936 -0.145374 7.579252 -1.865480 -0.240508 0.253303
    27 0.091660 -0.906685 4.702850 -1.683777 -0.181644 0.209778
    28 0.506271 8.500866 13.617253 -1.536950 -0.309874 1.597629
    29 -0.384987 -0.460049 7.003448 -1.850534 -0.427495 0.587840
    30 0.561516 -0.596954 5.061852 -1.596405 -0.378783 0.425120
    31 -2.452171 -8.899406 11.597897 -1.627115 -0.068115 1.468827
    32 0.680496 -0.903999 6.074253 -1.723507 0.181178 -0.021712
    33 0.245514 -0.661150 3.388004 -1.579647 0.106419 -0.106347
    34 -0.717484 -3.784271 13.043911 -1.656646 -0.019502 1.460066
    35 1.099216 -1.407745 8.017889 -1.876852 0.033532 -0.020959
    36 0.068439 -0.807653 3.686054 -1.560567 0.036285 -0.012532
    37 -4.004929 6.172707 4.754754 0.104683 1.132881 2.525104
    38 0.158352 -1.149811 5.804394 -0.907640 -0.339730 0.143341
    39 -1.083523 -1.463142 5.544399 -0.836704 -0.158515 -0.027407
    40 -6.289886 0.932434 13.569063 -0.126803 0.612110 2.869610
    41 1.327774 -0.766687 12.396328 0.001017 -0.000584 0.009578
    42 -0.096140 1.828087 23.185329 -0.152769 -0.045174 -1.455029
    43 2.325478 -0.000003 6.169296 -0.164551 0.062412 1.847282
    44 0.000000 -3.152912 0.122169 1.961052 0.000000 0.000000
    45 1.068383 -10.478592 7.066338 0.292219 -1.282324 -3.141588
    46 0.000000 0.000000 2.279457 0.547137 -0.343566 0.107833
    47 2.479414 -8.323895 6.074242 0.003841 0.328406 1.865686
    48 0.000003 -5.075260 5.929606 0.000000 0.000000 0.000000
    49 -1.068383 -10.478611 7.065971 0.292219 1.282324 3.141588
    50 -0.000488 0.000015 2.279600 0.547136 0.343566 0.107835
    51 -2.479401 -8.323895 6.074234 0.021005 0.332394 1.870011
    52 -5.790000 4.432083 14.255558 -1.975087 1.344955 0.758953
    53 1.044540 -2.839314 19.743252 -0.942260 0.841791 -0.397482
    54 -2.655510 -1.533379 24.792648 -1.192791 -0.116919 0.721237
    55 -1.120216 -0.154385 9.795983 0.004897 0.000773 -0.043018
    56 -2.240372 -0.308788 19.592047 -0.077517 0.262820 -0.091058
    57 -0.683205 2.877342 14.167089 -1.694166 0.182887 -1.820333
    58 -0.144958 -0.145317 7.579308 -1.593350 0.306990 -0.179370
    59 -0.038551 -0.936644 4.697678 -2.281974 0.227667 -0.385250
    60 -0.506317 8.500896 13.617329 -1.819150 0.243779 -2.071860
    61 0.385056 -0.460075 7.003435 -1.525863 0.597589 -0.414472
    62 -0.456360 -0.710276 5.057732 -2.079905 0.532507 -0.745714
    63 2.452194 -8.899408 11.597939 -1.476950 0.074229 -1.316823
    64 -0.680515 -0.903999 6.074242 -1.495172 -0.177902 -0.000004
    65 -0.248295 -0.666843 3.386627 -1.739501 -0.119247 0.130579
    66 0.717491 -3.784309 13.044010 -1.812430 -0.016247 -1.441401
    67 -1.099228 -1.407673 8.017876 -1.391476 -0.015557 0.008158
    68 -0.064053 -0.807640 3.686100 -1.929389 -0.037361 0.021194
    69 4.004906 6.172710 4.754800 -0.749525 -0.896077 -1.465408
    70 -0.158381 -1.149773 5.804405 -0.347132 0.724120 0.645334
    71 1.078559 -2.386406 5.215008 -1.080884 1.133178 -0.186241
    72 6.289963 0.932404 13.569109 -0.126801 -0.612098 -2.869612
    73 -1.327759 -0.766682 12.396324 -0.052801 -0.016230 0.451041
    74 0.000017 -54.999996 0.000000 0.000000 0.000000 -1.570796
  time 6
    0 0.000000 0.000000 -1.500000 0.000000 0.000000 0.000000
    1 -10.521344 -5.760963 66.994621 3.097007 -0.050786 -3.139334
    2 -3.405983 17.615959 21.252707 0.797931 0.454865 0.906836
    3 -0.000034 0.000012 24.761454 -1.651070 -0.191311 -0.049222
    4 0.000017 0.000000 24.344809 1.885731 -0.339290 -0.275984
    5 0.002333 -1.019846 24.031336 0.389660 -0.042698 0.017189
    6 0.000034 0.000008 13.404741 -0.000001 0.000003 -0.168096
    7 10.398263 -5.760962 66.994675 3.097007 0.050786 3.139334
    8 4.269495 3.570652 18.490386 0.862092 -1.133881 0.325172
    9 -0.000004 -0.000006 24.761459 -1.332297 0.154502 -0.945466
    10 -0.000007 0.000004 24.344891 1.096359 0.250203 0.134843
    11 -0.002360 -1.019903 24.031330 0.389594 -0.042695 -0.017219
    12 0.000000 -0.000002 13.404737 0.000001 0.000005 -0.446050
    13 -0.061540 -5.245835 72.927078 0.000000 0.000000 0.000000
    14 -0.904954 11.487052 -19.540038 0.081271 -0.148490 -0.777755
    15 0.000000 -0.005608 -1.146812 -0.010203 0.050878 0.026477
    16 0.030770 -0.240000 8.906021 -0.004138 0.000000 0.000000
    17 -0.195295 -2.155460 -0.648856 0.348260 -0.028947 -0.078504
    18 0.030770 -0.276858 8.905140 0.056125 0.004134 -0.000049
    19 0.709694 -0.604612 -0.360561 0.312806 0.254716 0.031099
    20 5.669724 4.435303 14.302868 2.079794 -1.110642 0.787663
    21 -1.044571 -2.839317 19.743267 -0.700903 -0.376136 0.096373
    22 2.655533 -1.533369 24.792658 -0.455408 0.061369 0.149147
    23 1.120163 -0.154394 9.796035 -0.009341 0.000889 -0.081334
    24 2.240311 -0.308786 19.592051 0.077818 -0.257606 -0.179477
    25 0.683151 2.877354 14.167051 -1.611495 -0.210429 1.572616
    26 0.144936 -0.145374 7.579252 -1.916731 -0.238375 0.262675
    27 0.091660 -0.906685 4.702850 -1.734601 -0.180457 0.219582
    28 0.506271 8.500866 13.617253 -1.572336 -0.312642 1.611620
    29 -0.384987 -0.460049 7.003448 -1.904422 -0.419070 0.606320
    30 0.561516 -0.596954 5.061852 -1.650134 -0.376362 0.445446
    31 -2.452171 -8.899406 11.597897 -1.660378 -0.064152 1.465203
    32 0.680496 -0.903999 6.074253 -1.773948 0.184786 -0.025918
    33 0.245514 -0.661150 3.388004 -1.629868 0.104537 -0.110015
    34 -0.717484 -3.784271 13.043911 -1.690114 -0.014780 1.457361
    35 1.099216 -1.407745 8.017889 -1.926874 0.034203 -0.022877
    36 0.068439 -0.807653 3.686054 -1.610603 0.037400 -0.014090
    37 -4.004929 6.172707 4.754754 0.101981 1.136120 2.521946
    38 0.158352 -1.149811 5.804394 -0.928193 -0.344852 0.142262
    39 -1.083523 -1.463142 5.544399 -0.857683 -0.161619 -0.029203
    40 -6.289886 0.932434 13.569063 -0.126803 0.612110 2.869610
    41 1.327774 -0.766687 12.396328 0.005583 -0.003425 0.052864
    42 -0.096140 1.828087 23.185329 -0.156330 -0.037240 -1.456527
    43 2.325478 -0.000003 6.169296 -0.108921 0.098845 1.885758
    44 0.000000 -3.152912 0.122169 1.961052 0.000000 0.000000
    45 1.068383 -10.478592 7.066338 0.292219 -1.282324 -3.141588
    46 0.000000 0.000000 2.279457 0.547137 -0.343566 0.107833
    47 2.479414 -8.323895 6.074242 0.006804 0.252707 1.938272
    48 0.000003 -5.075260 5.925699 0.000000 0.000000 0.000000
    49 -1.068383 -10.478611 7.065971 0.292231 1.282324 3.141588
    50 -0.000488 0.000015 2.279600 0.547136 0.343566 0.107835
    51 -2.479401 -8.323895 6.074234 0.023214 0.257028 1.941482
    52 -5.790000 4.432083 14.255558 -2.109479 1.258351 0.670994
    53 1.044540 -2.839314 19.743252 -0.911148 0.751527 -0.323103
    54 -2.655510 -1.533379 24.792648 -1.260932 -0.119015 0.719495
    55 -1.120216 -0.154385 9.795983 0.006191 0.001012 -0.054362
    56 -2.240372 -0.308788 19.592047 -0.086223 0.341531 -0.114772
    57 -0.683205 2.877342 14.167089 -1.741089 0.167685 -1.835427
    58 -0.144958 -0.145317 7.579308 -1.620378 0.307829 -0.186093
    59 -0.038551 -0.936644 4.697678 -2.330150 0.221256 -0.395329
    60 -0.506317 8.500896 13.617329 -1.874737 0.221779 -2.111578
    61 0.385056 -0.460075 7.003435 -1.553057 0.597675 -0.429188
    62 -0.456360 -0.710276 5.057732 -2.125669 0.524055 -0.769076
    63 2.452194 -8.899408 11.597939 -1.508198 0.056292 -1.296374
    64 -0.680515 -0.903999 6.074242 -1.517270 -0.179975 0.001733
    65 -0.248295 -0.666843 3.386627 -1.777261 -0.117509 0.133659
    66 0.717491 -3.784309 13.044010 -1.858612 -0.029574 -1.433439
    67 -1.099228 -1.407673 8.017876 -1.412827 -0.015545 0.008302
    68 -0.064053 -0.807640 3.686100 -1.976770 -0.037025 0.022740
    69 4.004906 6.172710 4.754800 -0.764056 -0.872401 -1.450017
    70 -0.158381 -1.149773 5.804405 -0.346923 0.744273 0.670564
    71 1.078559 -2.386406 5.215008 -1.096698 1.157101 -0.203048
    72 6.289963 0.932404 13.569109 -0.126801 -0.612098 -2.869612
    73 -1.327759 -0.766682 12.396324 -0.054300 -0.016326 0.463255
    74 0.000017 -54.999996 0.000000 0.000000 0.000000 -1.570796
  time 7
    0 0.000000 0.000000 -1.500000 0.000000 0.000000 0.000000
    1 -10.521344 -5.760963 66.994621 3.097007 -0.050786 -3.139334
    2 -1.835622 17.763283 21.521801 0.792397 0.378152 0.938467
    3 -0.000034 0.000012 24.761454 -1.691030 -0.195925 -0.111195
    4 0.000017 0.000000 24.344809 1.936466 -0.315478 -0.251159
    5 0.002333 -1.019846 24.031336 0.389660 -0.042710 0.017201
    6 0.000034 0.000008 13.404741 -0.000001 0.000003 -0.186595
    7 10.398263 -5.760962 66.994675 3.097007 0.050786 3.139334
    8 6.289088 3.295886 18.310545 0.804337 -1.137283 0.335899
    9 -0.000004 -0.000006 24.761459 -1.282964 0.148785 -0.915356
    10 -0.000007 0.000004 24.344891 1.087839 0.293021 0.166896
    11 -0.002360 -1.019903 24.031330 0.389594 -0.042695 -0.017219
    12 0.000000 -0.000002 13.404737 0.000001 0.000005 -0.398452
    13 -0.061540 -5.245835 72.927078 0.000000 0.000000 0.000000
    14 -2.541722 11.743257 -19.652694 0.016334 -0.188061 -0.808863
    15 0.000000 -0.005608 -1.146812 0.004725 0.076602 0.030662
    16 0.030770 -0.240000 8.906021 -0.004138 0.000000 0.000000
    17 -0.371082 -1.585130 -1.023867 0.281340 -0.052521 -0.127143
    18 0.030770 -0.276858 8.905140 0.056125 0.004134 -0.000049
    19 0.666724 -0.612424 -0.872296 0.292896 0.237189 0.019318
    20 5.669724 4.435303 14.302868 2.147076 -1.019138 0.720196
    21 -1.044571 -2.839317 19.743267 -0.676394 -0.407081 0.107682
    22 2.655533 -1.533369 24.792658 -0.489127 0.054836 0.245708
    23 1.120163 -0.154394 9.796035 -0.011115 0.000973 -0.096649
    24 2.240311 -0.308786 19.592051 -0.031065 -0.338369 -0.202740
    25 0.683151 2.877354 14.167051 -1.621644 -0.210177 1.574464
    26 0.144936 -0.145374 7.579252 -1.931832 -0.237668 0.265383
    27 0.091660 -0.906685 4.702850 -1.749436 -0.180002 0.222434
    28 0.506271 8.500866 13.617253 -1.582712 -0.313389 1.615750
    29 -0.384987 -0.460049 7.003448 -1.920143 -0.416421 0.611629
    30 0.561516 -0.596954 5.061852 -1.665843 -0.375463 0.451366
    31 -2.452171 -8.899406 11.597897 -1.670200 -0.062997 1.464102
    32 0.680496 -0.903999 6.074253 -1.788739 0.185780 -0.027201
    33 0.245514 -0.661150 3.388004 -1.644567 0.103962 -0.111045
    34 -0.717484 -3.784271 13.043911 -1.699903 -0.013402 1.456562
    35 1.099216 -1.407745 8.017889 -1.941543 0.034407 -0.023452
    36 0.068439 -0.807653 3.686054 -1.625280 0.037700 -0.014582
    37 -4.004929 6.172707 4.754754 0.101170 1.137088 2.520989
    38 0.158352 -1.149811 5.804394 -0.934211 -0.346378 0.141962
    39 -1.083523 -1.463142 5.544399 -0.863856 -0.162541 -0.029714
    40 -6.289886 0.932434 13.569063 -0.126803 0.612110 2.869610
    41 1.327774 -0.766687 12.396328 0.009861 -0.006337 0.094844
    42 -0.096140 1.828087 23.185329 -0.157374 -0.034850 -1.456955
    43 2.325478 -0.000003 6.169296 -0.039970 0.136724 1.934172
    44 0.000000 -3.152912 0.122169 1.961052 0.000000 0.000000
    45 1.068383 -10.478592 7.066338 0.292219 -1.282324 -3.141588
    46 0.000000 0.000000 2.279457 0.547137 -0.343566 0.107833
    47 2.479414 -8.323895 6.074242 0.008707 0.150710 1.986886
    48 0.000003 -5.075260 5.929606 0.000000 0.000000 0.000000
    49 -1.068383 -10.478611 7.065971 0.292219 1.282324 3.141588
    50 -0.000488 0.000015 2.279600 0.547136 0.343566 0.107835
    51 -2.479401 -8.323895 6.074234 0.024439 0.155060 1.989003
    52 -5.790000 4.432083 14.255558 -2.216936 1.192141 0.620787
    53 1.044540 -2.839314 19.743252 -0.809909 0.684412 -0.254140
    54 -2.655510 -1.533379 24.792648 -1.313220 -0.124710 0.662546
    55 -1.120216 -0.154385 9.795983 0.006335 0.001036 -0.055695
    56 -2.240372 -0.308788 19.592047 -0.100580 0.358659 -0.119154
    57 -0.683205 2.877342 14.167089 -1.754750 0.163069 -1.839723
    58 -0.144958 -0.145317 7.579308 -1.628225 0.308032 -0.188059
    59 -0.038551 -0.936644 4.697678 -2.344253 0.219278 -0.398230
    60 -0.506317 8.500896 13.617329 -1.890802 0.214930 -2.122810
    61 0.385056 -0.460075 7.003435 -1.560784 0.597641 -0.433399
    62 -0.456360 -0.710276 5.057732 -2.138835 0.521468 -0.775605
    63 2.452194 -8.899408 11.597939 -1.517472 0.051227 -1.290201
    64 -0.680515 -0.903999 6.074242 -1.523792 -0.180574 0.002273
    65 -0.248295 -0.666843 3.386627 -1.788418 -0.116982 0.134558
    66 0.717491 -3.784309 13.044010 -1.872312 -0.033421 -1.430959
    67 -1.099228 -1.407673 8.017876 -1.419047 -0.015533 0.008338
    68 -0.064053 -0.807640 3.686100 -1.990669 -0.036917 0.023171
    69 4.004906 6.172710 4.754800 -0.768197 -0.865400 -1.445678
    70 -0.158381 -1.149773 5.804405 -0.346784 0.750187 0.678066
    71 1.078559 -2.386406 5.215008 -1.101475 1.164147 -0.208126
    72 6.289963 0.932404 13.569109 -0.126801 -0.612098 -2.869612
    73 -1.327759 -0.766682 12.396324 -0.050357 -0.016014 0.431147
    74 0.000017 -54.999996 0.000000 0.000000 0.000000 -1.570796
  time 8
    0 0.000000 0.000000 -1.500000 0.000000 0.000000 0.000000
    1 -10.521344 -5.760963 66.994621 3.097007 -0.050786 -3.139334
    2 -0.030880 17.738729 21.476952 0.758101 0.309956 0.956424
    3 -0.000034 0.000012 24.761454 -1.709119 -0.198023 -0.159405
    4 0.000017 0.000000 24.344809 1.984366 -0.290557 -0.219895
    5 0.002333 -1.019846 24.031336 0.389660 -0.042710 0.017189
    6 0.000034 0.000008 13.404741 -0.000001 0.000003 -0.190750
    7 10.398263 -5.760962 66.994675 3.097007 0.050786 3.139334
    8 8.418059 2.983652 17.883421 0.736430 -1.122578 0.347369
    9 -0.000004 -0.000006 24.761459 -1.208773 0.140204 -0.871394
    10 -0.000007 0.000004 24.344891 1.072866 0.339061 0.194998
    11 -0.002360 -1.019903 24.031330 0.389594 -0.042695 -0.017219
    12 0.000000 -0.000002 13.404737 0.000001 0.000005 -0.345637
    13 -0.061540 -5.245835 72.927078 0.000000 0.000000 0.000000
    14 -4.295682 11.859714 -19.427383 -0.054011 -0.227597 -0.829041
    15 0.000000 -0.005608 -1.146812 0.019494 0.104631 0.035608
    16 0.030770 -0.240000 8.906021 -0.004138 0.000000 0.000000
    17 -0.496086 -0.940579 -1.375440 0.190662 -0.082603 -0.175103
    18 0.030770 -0.276858 8.905140 0.056125 0.004134 -0.000049
    19 0.612034 -0.604612 -1.341060 0.265015 0.216185 0.004877
    20 5.669724 4.435303 14.302868 2.170906 -0.978900 0.707930
    21 -1.044571 -2.839317 19.743267 -0.633099 -0.472676 0.129566
    22 2.655533 -1.533369 24.792658 -0.563162 0.052300 0.307656
    23 1.120163 -0.154394 9.796035 -0.013452 0.001045 -0.117000
    24 2.240311 -0.308786 19.592051 -0.063486 -0.354808 -0.240918
    25 0.683151 2.877354 14.167051 -1.613470 -0.210381 1.572978
    26 0.144936 -0.145374 7.579252 -1.919751 -0.238231 0.263214
    27 0.091660 -0.906685 4.702850 -1.737531 -0.180374 0.220145
    28 0.506271 8.500866 13.617253 -1.574374 -0.312818 1.612452
    29 -0.384987 -0.460049 7.003448 -1.907587 -0.418542 0.607399
    30 0.561516 -0.596954 5.061852 -1.653240 -0.376194 0.446632
    31 -2.452171 -8.899406 11.597897 -1.662403 -0.063893 1.464961
    32 0.680496 -0.903999 6.074253 -1.776922 0.184977 -0.026170
    33 0.245514 -0.661150 3.388004 -1.632798 0.104429 -0.110206
    34 -0.717484 -3.784271 13.043911 -1.692054 -0.014492 1.457223
    35 1.099216 -1.407745 8.017889 -1.929824 0.034263 -0.022997
    36 0.068439 -0.807653 3.686054 -1.613517 0.037460 -0.014186
    37 -4.004929 6.172707 4.754754 0.101891 1.136331 2.521659
    38 0.158352 -1.149811 5.804394 -0.929380 -0.345160 0.142202
    39 -1.083523 -1.463142 5.544399 -0.858886 -0.161798 -0.029300
    40 -6.289886 0.932434 13.569063 -0.126803 0.612110 2.869610
    41 1.327774 -0.766687 12.396328 0.012019 -0.007907 0.116337
    42 -0.096140 1.828087 23.185329 -0.156518 -0.036762 -1.456588
    43 2.325478 -0.000003 6.169296 0.037672 0.170639 1.990569
    44 0.000000 -3.152912 0.122169 1.961052 0.000000 0.000000
    45 1.068383 -10.478592 7.066338 0.292219 -1.282324 -3.141588
    46 0.000000 0.000000 2.279457 0.547137 -0.343566 0.107833
    47 2.479414 -8.323895 6.074242 0.010692 0.037772 2.037123
    48 0.000003 -5.075260 5.925699 0.000000 0.000000 0.000000
    49 -1.068383 -10.478611 7.065971 0.292219 1.282324 3.141588
    50 -0.000488 0.000015 2.279600 0.547136 0.343566 0.107835
    51 -2.479401 -8.323895 6.074234 0.025885 0.041800 2.038056
    52 -5.790000 4.432083 14.255558 -2.259976 1.166098 0.602199
    53 1.044540 -2.839314 19.743252 -0.685573 0.644813 -0.206513
    54 -2.655510 -1.533379 24.792648 -1.349052 -0.131945 0.546603
    55 -1.120216 -0.154385 9.795983 0.002979 0.000437 -0.026206
    56 -2.240372 -0.308788 19.592047 -0.164117 0.337719 -0.065539
    57 -0.683205 2.877342 14.167089 -1.743762 0.166770 -1.836286
    58 -0.144958 -0.145317 7.579308 -1.621904 0.307865 -0.186489
    59 -0.038551 -0.936644 4.697678 -2.332961 0.220848 -0.395929
    60 -0.506317 8.500896 13.617329 -1.877980 0.220482 -2.113735
    61 0.385056 -0.460075 7.003435 -1.554611 0.597675 -0.430015
    62 -0.456360 -0.710276 5.057732 -2.128341 0.523581 -0.770322
    63 2.452194 -8.899408 11.597939 -1.510029 0.055293 -1.295158
    64 -0.680515 -0.903999 6.074242 -1.518618 -0.180095 0.001841
    65 -0.248295 -0.666843 3.386627 -1.779509 -0.117401 0.133838
    66 0.717491 -3.784309 13.044010 -1.861352 -0.030353 -1.432955
    67 -1.099228 -1.407673 8.017876 -1.414116 -0.015545 0.008302
    68 -0.064053 -0.807640 3.686100 -1.979583 -0.037001 0.022824
    69 4.004906 6.172710 4.754800 -0.764809 -0.871001 -1.449117
    70 -0.158381 -1.149773 5.804405 -0.346888 0.745505 0.672029
    71 1.078559 -2.386406 5.215008 -1.097606 1.158510 -0.204071
    72 6.289963 0.932404 13.569109 -0.126801 -0.612098 -2.869612
    73 -1.327759 -0.766682 12.396324 -0.041836 -0.014923 0.361611
    74 0.000017 -54.999996 0.000000 0.000000 0.000000 -1.570796
  time 9
    0 0.000000 0.000000 -1.500000 0.000000 0.000000 0.000000
    1 -10.521344 -5.760963 66.994621 3.097007 -0.050786 -3.139334
    2 1.769957 17.530020 21.073310 0.705085 0.258016 0.966866
    3 -0.000034 0.000012 24.761454 -1.700705 -0.197052 -0.193160
    4 0.000017 0.000000 24.344809 2.020491 -0.267877 -0.188630
    5 0.002333 -1.019846 24.031336 0.389660 -0.042710 0.017189
    6 0.000034 0.000008 13.404741 -0.000001 -0.000009 -0.185371
    7 10.398263 -5.760962 66.994675 3.097007 0.050786 3.139334
    8 10.402495 2.571502 17.119095 0.658286 -1.091777 0.364202
    9 -0.000004 -0.000006 24.761459 -1.113737 0.129202 -0.822192
    10 -0.000007 0.000004 24.344891 1.052407 0.383746 0.213432
    11 -0.002360 -1.019903 24.031330 0.389594 -0.042695 -0.017219
    12 0.000000 -0.000002 13.404737 0.000001 0.000005 -0.297782
    13 -0.061540 -5.245835 72.927078 0.000000 0.000000 0.000000
    14 -5.967608 11.813131 -18.976761 -0.124933 -0.264140 -0.838710
    15 0.000000 -0.005608 -1.146812 0.032317 0.130323 0.040581
    16 0.030770 -0.240000 8.906021 -0.004138 0.000000 0.000000
    17 -0.570307 -0.350717 -1.488725 0.086179 -0.111849 -0.220587
    18 0.030770 -0.276858 8.905140 0.056125 0.004134 -0.000049
    19 0.553439 -0.592892 -1.520753 0.236991 0.191130 -0.009014
    20 5.669724 4.435303 14.302868 2.130327 -1.028193 0.773671
    21 -1.044571 -2.839317 19.743267 -0.603942 -0.586855 0.167581
    22 2.655533 -1.533369 24.792658 -0.685410 0.058218 0.308061
    23 1.120163 -0.154394 9.796035 -0.016700 0.001057 -0.145008
    24 2.240311 -0.308786 19.592051 -0.035374 -0.279523 -0.296622
    25 0.683151 2.877354 14.167051 -1.593063 -0.210788 1.569269
    26 0.144936 -0.145374 7.579252 -1.889595 -0.239573 0.257593
    27 0.091660 -0.906685 4.702850 -1.707724 -0.181260 0.214368
    28 0.506271 8.500866 13.617253 -1.553624 -0.311214 1.604193
    29 -0.384987 -0.460049 7.003448 -1.875966 -0.423660 0.596493
    30 0.561516 -0.596954 5.061852 -1.621717 -0.377908 0.434683
    31 -2.452171 -8.899406 11.597897 -1.642759 -0.066223 1.467136
    32 0.680496 -0.903999 6.074253 -1.747260 0.182892 -0.023665
    33 0.245514 -0.661150 3.388004 -1.603293 0.105556 -0.108085
    34 -0.717484 -3.784271 13.043911 -1.672388 -0.017273 1.458821
    35 1.099216 -1.407745 8.017889 -1.900447 0.033856 -0.021858
    36 0.068439 -0.807653 3.686054 -1.584199 0.036825 -0.013264
    37 -4.004929 6.172707 4.754754 0.103332 1.134430 2.523573
    38 0.158352 -1.149811 5.804394 -0.917302 -0.342137 0.142813
    39 -1.083523 -1.463142 5.544399 -0.846539 -0.159965 -0.028264
    40 -6.289886 0.932434 13.569063 -0.126803 0.612110 2.869610
    41 1.327774 -0.766687 12.396328 0.011048 -0.007188 0.106595
    42 -0.096140 1.828087 23.185329 -0.154446 -0.041414 -1.455732
    43 2.325478 -0.000003 6.169296 0.118036 0.196741 2.050877
    44 0.000000 -3.152912 0.122169 1.961052 0.000000 0.000000
    45 1.068383 -10.478592 7.066338 0.292219 -1.282324 -3.141588
    46 0.000000 0.000000 2.279457 0.547137 -0.343566 0.107833
    47 2.479414 -8.323895 6.074242 0.013003 -0.069062 2.093282
    48 0.000003 -5.075260 5.925699 0.000000 0.000000 0.000000
    49 -1.068383 -10.478611 7.065971 0.292219 1.282324 3.141588
    50 -0.000488 0.000015 2.279600 0.547136 0.343566 0.107835
    51 -2.479401 -8.323895 6.074234 0.027773 -0.065507 2.093145
    52 -5.790000 4.432083 14.255558 -2.114464 1.227281 0.735478
    53 1.044540 -2.839314 19.743252 -0.525839 0.603010 -0.159675
    54 -2.655510 -1.533379 24.792648 -1.376731 -0.138378 0.440505
    55 -1.120216 -0.154385 9.795983 -0.003517 -0.000450 0.030705
    56 -2.240372 -0.308788 19.592047 -0.262325 0.329155 0.036534
    57 -0.683205 2.877342 14.167089 -1.716291 0.175844 -1.827527
    58 -0.144958 -0.145317 7.579308 -1.606156 0.307397 -0.182558
    59 -0.038551 -0.936644 4.697678 -2.304755 0.224695 -0.390056
    60 -0.506317 8.500896 13.617329 -1.845623 0.233739 -2.090686
    61 0.385056 -0.460075 7.003435 -1.538813 0.597692 -0.421470
    62 -0.456360 -0.710276 5.057732 -2.101621 0.528670 -0.756772
    63 2.452194 -8.899408 11.597939 -1.491639 0.065679 -1.307337
    64 -0.680515 -0.903999 6.074242 -1.505575 -0.178873 0.000798
    65 -0.248295 -0.666843 3.386627 -1.757278 -0.118444 0.132041
    66 0.717491 -3.784309 13.044010 -1.834201 -0.022575 -1.437755
    67 -1.099228 -1.407673 8.017876 -1.401563 -0.015545 0.008230
    68 -0.064053 -0.807640 3.686100 -1.951729 -0.037217 0.021925
    69 4.004906 6.172710 4.754800 -0.756527 -0.884939 -1.458040
    70 -0.158381 -1.149773 5.804405 -0.347132 0.733649 0.657114
    71 1.078559 -2.386406 5.215008 -1.088242 1.144420 -0.194059
    72 6.289963 0.932404 13.569109 -0.126801 -0.612098 -2.869612
    73 -1.327759 -0.766682 12.396324 -0.033770 -0.013342 0.294851
    74 0.000017 -54.999996 0.000000 0.000000 0.000000 -1.570796
  time 10
    0 0.000000 0.000000 -1.500000 0.000000 0.000000 0.000000
    1 -10.521344 -5.760963 66.994621 3.097007 -0.050786 -3.139334
    2 3.301253 17.075771 20.512697 0.646467 0.224920 0.975167
    3 -0.000034 0.000012 24.761454 -1.671314 -0.193648 -0.218853
    4 0.000017 0.000000 24.344809 2.043239 -0.251580 -0.165252
    5 0.002333 -1.019846 24.031336 0.389660 -0.042698 0.017189
    6 0.000034 0.000008 13.404741 -0.000001 -0.000009 -0.178242
    7 10.398263 -5.760962 66.994675 3.097007 0.050786 3.139334
    8 12.031451 2.009481 16.174928 0.580057 -1.051685 0.382851
    9 -0.000004 -0.000006 24.761459 -1.013862 0.117637 -0.775538
    10 -0.000007 0.000004 24.344891 1.032077 0.422009 0.220536
    11 -0.002360 -1.019903 24.031330 0.389594 -0.042695 -0.017219
    12 0.000000 -0.000002 13.404737 0.000001 0.000005 -0.262486
    13 -0.061540 -5.245835 72.927078 0.000000 0.000000 0.000000
    14 -7.342650 11.556926 -18.300828 -0.190797 -0.294970 -0.839730
    15 0.000000 -0.005608 -1.146812 0.041375 0.149066 0.044467
    16 0.030770 -0.240000 8.906021 -0.004138 0.000000 0.000000
    17 -0.613277 0.149298 -1.297313 -0.007866 -0.133600 -0.262518
    18 0.030770 -0.276858 8.905140 0.056125 0.004134 -0.000049
    19 0.487031 -0.557735 -1.329341 0.201532 0.161322 -0.022472
    20 5.669724 4.435303 14.302868 1.984567 -1.143128 0.954797
    21 -1.044571 -2.839317 19.743267 -0.622924 -0.739806 0.233063
    22 2.655533 -1.533369 24.792658 -0.878438 0.074011 0.269000
    23 1.120163 -0.154394 9.796035 -0.020535 0.000961 -0.178191
    24 2.240311 -0.308786 19.592051 -0.036026 -0.150090 -0.357153
    25 0.683151 2.877354 14.167051 -1.566512 -0.211244 1.564411
    26 0.144936 -0.145374 7.579252 -1.850332 -0.241047 0.250475
    27 0.091660 -0.906685 4.702850 -1.668713 -0.181967 0.206866
    28 0.506271 8.500866 13.617253 -1.526575 -0.308929 1.593531
    29 -0.384987 -0.460049 7.003448 -1.834563 -0.429796 0.582255
    30 0.561516 -0.596954 5.061852 -1.580553 -0.379310 0.419091
    31 -2.452171 -8.899406 11.597897 -1.617292 -0.069330 1.469874
    32 0.680496 -0.903999 6.074253 -1.708636 0.180088 -0.020489
    33 0.245514 -0.661150 3.388004 -1.564841 0.106934 -0.105269
    34 -0.717484 -3.784271 13.043911 -1.646813 -0.020916 1.460834
    35 1.099216 -1.407745 8.017889 -1.862106 0.033292 -0.020408
    36 0.068439 -0.807653 3.686054 -1.545854 0.035962 -0.012077
    37 -4.004929 6.172707 4.754754 0.105494 1.131948 2.525965
    38 0.158352 -1.149811 5.804394 -0.901707 -0.338233 0.143664
    39 -1.083523 -1.463142 5.544399 -0.830582 -0.157604 -0.026882
    40 -6.289886 0.932434 13.569063 -0.126803 0.612110 2.869610
    41 1.327774 -0.766687 12.396328 0.007560 -0.004731 0.072247
    42 -0.096140 1.828087 23.185329 -0.151707 -0.047532 -1.454601
    43 2.325478 -0.000003 6.169296 0.193815 0.213554 2.109349
    44 0.000000 -3.152912 0.122169 1.961052 0.000000 0.000000
    45 1.068383 -10.478592 7.066338 0.292219 -1.282324 -3.141588
    46 0.000000 0.000000 2.279457 0.547137 -0.343566 0.107833
    47 2.479414 -8.323895 6.074242 0.015558 -0.158474 2.153165
    48 0.000003 -5.075260 5.929606 0.000000 0.000000 0.000000
    49 -1.068383 -10.478611 7.065971 0.292219 1.282324 3.141588
    50 -0.000488 0.000015 2.279600 0.547136 0.343566 0.107835
    51 -2.479401 -8.323895 6.074234 0.029922 -0.155426 2.151874
    52 -5.790000 4.432083 14.255558 -1.535387 1.330500 1.287757
    53 1.044540 -2.839314 19.743252 -0.356198 0.527585 -0.114389
    54 -2.655510 -1.533379 24.792648 -1.400837 -0.144189 0.379088
    55 -1.120216 -0.154385 9.795983 -0.009473 -0.000929 0.082393
    56 -2.240372 -0.308788 19.592047 -0.299745 0.313611 0.130961
    57 -0.683205 2.877342 14.167089 -1.680257 0.187126 -1.815729
    58 -0.144958 -0.145317 7.579308 -1.585340 0.306690 -0.177368
    59 -0.038551 -0.936644 4.697678 -2.267723 0.229429 -0.382218
    60 -0.506317 8.500896 13.617329 -1.802557 0.249747 -2.059999
    61 0.385056 -0.460075 7.003435 -1.517661 0.597503 -0.410062
    62 -0.456360 -0.710276 5.057732 -2.066157 0.534815 -0.738676
    63 2.452194 -8.899408 11.597939 -1.467915 0.079689 -1.322686
    64 -0.680515 -0.903999 6.074242 -1.488651 -0.177279 -0.000532
    65 -0.248295 -0.666843 3.386627 -1.728427 -0.119714 0.129656
    66 0.717491 -3.784309 13.044010 -1.798880 -0.012257 -1.443596
    67 -1.099228 -1.407673 8.017876 -1.385144 -0.015557 0.008086
    68 -0.064053 -0.807640 3.686100 -1.915433 -0.037433 0.020714
    69 4.004906 6.172710 4.754800 -0.745158 -0.903015 -1.470156
    70 -0.158381 -1.149773 5.804405 -0.347063 0.718096 0.638067
    71 1.078559 -2.386406 5.215008 -1.076346 1.126102 -0.181418
    72 6.289963 0.932404 13.569109 -0.126801 -0.612098 -2.869612
    73 -1.327759 -0.766682 12.396324 -0.029108 -0.012179 0.255896
    74 0.000017 -54.999996 0.000000 0.000000 0.000000 -1.570796
  time 11
    0 0.000000 0.000000 -1.500000 0.000000 0.000000 0.000000
    1 -10.521344 -5.760963 66.994621 3.097007 -0.050786 -3.139334
    2 4.313003 16.351429 19.952084 0.593452 0.210919 0.985303
    3 -0.000034 0.000012 24.761454 -1.629525 -0.188819 -0.244302
    4 0.000017 0.000000 24.344809 2.054459 -0.246374 -0.155962
    5 0.002333 -1.019846 24.031336 0.389660 -0.042698 0.017189
    6 0.000034 0.000008 13.404741 -0.000001 -0.000009 -0.175141
    7 10.398263 -5.760962 66.994675 3.097007 0.050786 3.139334
    8 13.070545 1.272608 15.208281 0.513259 -1.009142 0.400427
    9 -0.000004 -0.000006 24.761459 -0.930541 0.108002 -0.736026
    10 -0.000007 0.000004 24.344891 1.021299 0.447851 0.218665
    11 -0.002360 -1.019903 24.031330 0.389594 -0.042695 -0.017207
    12 0.000000 -0.000002 13.404737 0.000001 0.000005 -0.242820
    13 -0.061540 -5.245835 72.927078 0.000000 0.000000 0.000000
    14 -8.217677 11.044516 -17.715019 -0.245749 -0.318283 -0.835767
    15 0.000000 -0.005608 -1.146812 0.044788 0.156344 0.046016
    16 0.030770 -0.240000 8.906021 -0.004138 0.000000 0.000000
    17 -0.648434 0.563373 -0.637136 -0.076342 -0.145501 -0.299217
    18 0.030770 -0.276858 8.905140 0.056125 0.004134 -0.000049
    19 0.432341 -0.495233 -0.634007 0.159782 0.129395 -0.034073
    20 5.669724 4.435303 14.302868 1.664240 -1.254187 1.312448
    21 -1.044571 -2.839317 19.743267 -0.666756 -0.813333 0.279651
    22 2.655533 -1.533369 24.792658 -1.117900 0.103754 0.139362
    23 1.120163 -0.154394 9.796035 -0.024178 0.000770 -0.209994
    24 2.240311 -0.308786 19.592051 -0.063617 -0.010250 -0.417882
    25 0.683151 2.877354 14.167051 -1.539961 -0.211544 1.559552
    26 0.144936 -0.145374 7.579252 -1.810790 -0.242270 0.243224
    27 0.091660 -0.906685 4.702850 -1.629701 -0.182375 0.199316
    28 0.506271 8.500866 13.617253 -1.499526 -0.306381 1.582930
    29 -0.384987 -0.460049 7.003448 -1.792769 -0.435453 0.567550
    30 0.561516 -0.596954 5.061852 -1.539140 -0.380233 0.403356
    31 -2.452171 -8.899406 11.597897 -1.591877 -0.072477 1.472531
    32 0.680496 -0.903999 6.074253 -1.669853 0.177127 -0.017421
    33 0.245514 -0.661150 3.388004 -1.526177 0.108240 -0.102368
    34 -0.717484 -3.784271 13.043911 -1.621149 -0.024595 1.462755
    35 1.099216 -1.407745 8.017889 -1.823648 0.032681 -0.018970
    36 0.068439 -0.807653 3.686054 -1.507404 0.035051 -0.010927
    37 -4.004929 6.172707 4.754754 0.107475 1.129448 2.528453
    38 0.158352 -1.149811 5.804394 -0.886112 -0.334343 0.144587
    39 -1.083523 -1.463142 5.544399 -0.814730 -0.155279 -0.025474
    40 -6.289886 0.932434 13.569063 -0.126803 0.612110 2.869610
    41 1.327774 -0.766687 12.396328 -0.000901 0.000506 -0.008299
    42 -0.096140 1.828087 23.185329 -0.149002 -0.053683 -1.453501
    43 2.325478 -0.000003 6.169296 0.257276 0.222105 2.159160
    44 0.000000 -3.152912 0.122169 1.961052 0.000000 0.000000
    45 1.068383 -10.478592 7.066338 0.292219 -1.282324 -3.141588
    46 0.000000 0.000000 2.279457 0.547137 -0.343566 0.107833
    47 2.479414 -8.323895 6.074242 0.018005 -0.226753 2.208655
    48 0.000003 -5.075260 5.929606 0.000000 0.000000 0.000000
    49 -1.068383 -10.478611 7.065971 0.292219 1.282324 3.141588
    50 -0.000488 0.000015 2.279600 0.547136 0.343566 0.107835
    51 -2.479401 -8.323895 6.074234 0.031970 -0.224129 2.206389
    52 -5.790000 4.432083 14.255558 -0.611799 1.294031 2.169545
    53 1.044540 -2.839314 19.743252 -0.239598 0.437491 -0.090331
    54 -2.655510 -1.533379 24.792648 -1.419709 -0.149340 0.349023
    55 -1.120216 -0.154385 9.795983 -0.015082 -0.001073 0.130979
    56 -2.240372 -0.308788 19.592047 -0.201461 0.225494 0.239306
    57 -0.683205 2.877342 14.167089 -1.643976 0.197950 -1.803494
    58 -0.144958 -0.145317 7.579308 -1.564306 0.305887 -0.172155
    59 -0.038551 -0.936644 4.697678 -2.230247 0.234007 -0.374141
    60 -0.506317 8.500896 13.617329 -1.758660 0.264197 -2.028413
    61 0.385056 -0.460075 7.003435 -1.495905 0.597039 -0.398363
    62 -0.456360 -0.710276 5.057732 -2.029866 0.540420 -0.720000
    63 2.452194 -8.899408 11.597939 -1.444469 0.094280 -1.337391
    64 -0.680515 -0.903999 6.074242 -1.471727 -0.175649 -0.001814
    65 -0.248295 -0.666843 3.386627 -1.699577 -0.120936 0.127247
    66 0.717491 -3.784309 13.044010 -1.763608 -0.001722 -1.449003
    67 -1.099228 -1.407673 8.017876 -1.368725 -0.015581 0.007942
    68 -0.064053 -0.807640 3.686100 -1.879082 -0.037600 0.019504
    69 4.004906 6.172710 4.754800 -0.733337 -0.921007 -1.482845
    70 -0.158381 -1.149773 5.804405 -0.346609 0.702489 0.619431
    71 1.078559 -2.386406 5.215008 -1.064688 1.107631 -0.169178
    72 6.289963 0.932404 13.569109 -0.126801 -0.612098 -2.869612
    73 -1.327759 -0.766682 12.396324 -0.027262 -0.011652 0.240351
    74 0.000017 -54.999996 0.000000 0.000000 0.000000 -1.570796
  time 12
    0 0.000000 0.000000 -1.500000 0.000000 0.000000 0.000000
    1 -10.521344 -5.760963 66.994621 3.097007 -0.050786 -3.139334
    2 3.594231 15.197392 20.535122 0.622282 0.110685 1.176228
    3 -0.000034 0.000012 24.761454 -1.627858 -0.188639 -0.493008
    4 0.000017 0.000000 24.344809 2.076097 -0.273037 -0.187809
    5 0.002333 -1.019846 24.031336 0.389660 -0.042698 0.017189
    6 0.000034 0.000008 13.404741 -0.000001 -0.000009 -0.268943
    7 10.398263 -5.760962 66.994675 3.097007 0.050786 3.139334
    8 14.609654 -0.713202 12.578101 0.211006 -0.926689 0.625697
    9 -0.000004 -0.000006 24.761459 -0.718031 0.083385 -0.775108
    10 -0.000007 0.000004 24.344891 0.985350 0.491425 0.189912
    11 -0.002360 -1.019903 24.031330 0.389594 -0.042695 -0.017207
    12 0.000000 -0.000002 13.404737 0.000001 0.000005 -0.314485
    13 -0.061540 -5.245835 72.927078 0.000000 0.000000 0.000000
    14 -8.366119 10.252608 -17.264397 -0.283354 -0.332924 -0.830422
    15 0.000000 -0.005608 -1.146812 -0.098303 0.053012 -0.103258
    16 0.030770 -0.240000 8.906021 -0.004138 0.000000 0.000000
    17 -0.691404 0.907134 0.183201 -0.116389 -0.151135 -0.326052
    18 0.030770 -0.276858 8.905140 0.056125 0.004134 -0.000049
    19 0.385465 -0.424919 0.229300 0.123501 0.104154 -0.041779
    20 5.669724 4.435303 14.302868 1.224090 -1.299111 1.782128
    21 -1.044571 -2.839317 19.743267 -0.650074 -0.778892 0.258388
    22 2.655533 -1.533369 24.792658 -1.327288 0.134649 -0.038718
    23 1.120163 -0.154394 9.796035 -0.026935 0.000530 -0.233863
    24 2.240311 -0.308786 19.592051 -0.101739 0.099246 -0.468997
    25 0.683151 2.877354 14.167051 -1.519500 -0.211699 1.555806
    26 0.144936 -0.145374 7.579252 -1.780309 -0.243025 0.237543
    27 0.091660 -0.906685 4.702850 -1.599482 -0.182543 0.193455
    28 0.506271 8.500866 13.617253 -1.478714 -0.304228 1.574855
    29 -0.384987 -0.460049 7.003448 -1.760293 -0.439432 0.555961
    30 0.561516 -0.596954 5.061852 -1.507295 -0.380545 0.391227
    31 -2.452171 -8.899406 11.597897 -1.572233 -0.074967 1.474518
    32 0.680496 -0.903999 6.074253 -1.639993 0.174778 -0.015144
    33 0.245514 -0.661150 3.388004 -1.496406 0.109139 -0.100103
    34 -0.717484 -3.784271 13.043911 -1.601483 -0.027483 1.464153
    35 1.099216 -1.407745 8.017889 -1.793961 0.032178 -0.017867
    36 0.068439 -0.807653 3.686054 -1.477695 0.034296 -0.010076
    37 -4.004929 6.172707 4.754754 0.109007 1.127547 2.530366
    38 0.158352 -1.149811 5.804394 -0.874246 -0.331394 0.145318
    39 -1.083523 -1.463142 5.544399 -0.802540 -0.153505 -0.024383
    40 -6.289886 0.932434 13.569063 -0.126803 0.612110 2.869610
    41 1.327774 -0.766687 12.396328 -0.011399 0.005828 -0.103508
    42 -0.096140 1.828087 23.185329 -0.146913 -0.058335 -1.452583
    43 2.325478 -0.000003 6.169296 0.300585 0.225114 2.193644
    44 0.000000 -3.152912 0.122169 1.961052 0.000000 0.000000
    45 1.068383 -10.478592 7.066338 0.292219 -1.282324 -3.141588
    46 0.000000 0.000000 2.279457 0.547137 -0.343566 0.107833
    47 2.479414 -8.323895 6.074242 0.019772 -0.271506 2.247718
    48 0.000003 -5.075260 5.929606 0.000000 0.000000 0.000000
    49 -1.068383 -10.478611 7.065971 0.292231 1.282324 3.141588
    50 -0.000488 0.000015 2.279600 0.547136 0.343566 0.107835
    51 -2.479401 -8.323895 6.074234 0.033477 -0.269112 2.244711
    52 -5.790000 4.432083 14.255558 -0.184561 1.159742 2.552902
    53 1.044540 -2.839314 19.743252 -0.181716 0.366900 -0.083146
    54 -2.655510 -1.533379 24.792648 -1.433246 -0.153378 0.349629
    55 -1.120216 -0.154385 9.795983 -0.020858 -0.000989 0.181280
    56 -2.240372 -0.308788 19.592047 -0.069575 0.080646 0.357877
    57 -0.683205 2.877342 14.167089 -1.615812 0.205870 -1.793773
    58 -0.144958 -0.145317 7.579308 -1.547958 0.305180 -0.168104
    59 -0.038551 -0.936644 4.697678 -2.201203 0.237303 -0.367765
    60 -0.506317 8.500896 13.617329 -1.724192 0.274315 -2.003657
    61 0.385056 -0.460075 7.003435 -1.478855 0.596454 -0.389175
    62 -0.456360 -0.710276 5.057732 -2.001397 0.544366 -0.705292
    63 2.452194 -8.899408 11.597939 -1.426637 0.105827 -1.348378
    64 -0.680515 -0.903999 6.074242 -1.458683 -0.174378 -0.002809
    65 -0.248295 -0.666843 3.386627 -1.677387 -0.121799 0.125365
    66 0.717491 -3.784309 13.044010 -1.736507 0.006499 -1.452860
    67 -1.099228 -1.407673 8.017876 -1.356004 -0.015605 0.007798
    68 -0.064053 -0.807640 3.686100 -1.851114 -0.037708 0.018521
    69 4.004906 6.172710 4.754800 -0.724001 -0.934800 -1.493077
    70 -0.158381 -1.149773 5.804405 -0.346121 0.690386 0.605307
    71 1.078559 -2.386406 5.215008 -1.055993 1.093417 -0.159898
    72 6.289963 0.932404 13.569109 -0.126801 -0.612098 -2.869612
    73 -1.327759 -0.766682 12.396324 -0.027550 -0.011736 0.242757
    74 0.000017 -54.999996 0.000000 0.000000 0.000000 -1.570796
  time 13
    0 0.000000 0.000000 -1.500000 0.000000 0.000000 0.000000
    1 -10.521344 -5.760963 66.994621 3.097007 -0.050786 -3.139334
    2 2.164500 13.613660 21.028461 0.646946 0.033026 1.356143
    3 -0.000034 0.000012 24.761454 -1.601191 -0.185559 -0.735566
    4 0.000017 0.000000 24.344809 2.084666 -0.317289 -0.238454
    5 0.002333 -1.019846 24.031336 0.389660 -0.042710 0.017189
    6 0.000034 0.000008 13.404741 -0.000001 -0.000009 -0.347263
    7 10.398263 -5.760962 66.994675 3.097007 0.050786 3.139334
    8 15.258112 -2.361799 10.509925 -0.048763 -0.818118 0.854185
    9 -0.000004 -0.000006 24.761459 -0.523450 0.060842 -0.877746
    10 -0.000007 0.000004 24.344891 0.934945 0.516223 0.147454
    11 -0.002360 -1.019903 24.031330 0.389594 -0.042695 -0.017207
    12 0.000000 -0.000002 13.404737 0.000001 0.000005 -0.449356
    13 -0.061540 -5.245835 72.927078 0.000000 0.000000 0.000000
    14 -7.600471 9.111330 -17.039086 -0.297276 -0.338034 -0.828020
    15 0.000000 -0.005608 -1.146812 -0.240885 -0.048596 -0.223155
    16 0.030770 -0.240000 8.906021 -0.004138 0.000000 0.000000
    17 -0.707030 1.051669 0.593370 -0.129878 -0.152932 -0.336435
    18 0.030770 -0.276858 8.905140 0.056125 0.004134 -0.000049
    19 0.369840 -0.389761 0.659001 0.108381 0.094259 -0.044500
    20 5.669724 4.435303 14.302868 1.014495 -1.298124 2.003791
    21 -1.044571 -2.839317 19.743267 -0.611819 -0.733961 0.227395
    22 2.655533 -1.533369 24.792658 -1.415253 0.147022 -0.109077
    23 1.120163 -0.154394 9.796035 -0.028013 0.000422 -0.243280
    24 2.240311 -0.308786 19.592051 -0.121409 0.143035 -0.491112
    25 0.683151 2.877354 14.167051 -1.511326 -0.211747 1.554295
    26 0.144936 -0.145374 7.579252 -1.767949 -0.243277 0.235170
    27 0.091660 -0.906685 4.702850 -1.587485 -0.182651 0.191106
    28 0.506271 8.500866 13.617253 -1.470438 -0.303305 1.571620
    29 -0.384987 -0.460049 7.003448 -1.747275 -0.440918 0.551203
    30 0.561516 -0.596954 5.061852 -1.494514 -0.380641 0.386362
    31 -2.452171 -8.899406 11.597897 -1.564436 -0.075962 1.475269
    32 0.680496 -0.903999 6.074253 -1.628017 0.173820 -0.014245
    33 0.245514 -0.661150 3.388004 -1.484370 0.109499 -0.099205
    34 -0.717484 -3.784271 13.043911 -1.593590 -0.028634 1.464722
    35 1.099216 -1.407745 8.017889 -1.782086 0.031962 -0.017448
    36 0.068439 -0.807653 3.686054 -1.465861 0.033996 -0.009728
    37 -4.004929 6.172707 4.754754 0.109637 1.126790 2.530940
    38 0.158352 -1.149811 5.804394 -0.869499 -0.330219 0.145630
    39 -1.083523 -1.463142 5.544399 -0.797675 -0.152810 -0.023927
    40 -6.289886 0.932434 13.569063 -0.126803 0.612110 2.869610
    41 1.327774 -0.766687 12.396328 -0.015282 0.007457 -0.137856
    42 -0.096140 1.828087 23.185329 -0.146091 -0.060215 -1.452247
    43 2.325478 -0.000003 6.169296 0.316534 0.225679 2.206376
    44 0.000000 -3.152912 0.122169 1.961052 0.000000 0.000000
    45 1.068383 -10.478592 7.066338 0.292219 -1.282324 -3.141588
    46 0.000000 0.000000 2.279457 0.547137 -0.343566 0.107833
    47 2.479414 -8.323895 6.074242 0.020316 -0.289586 2.258415
    48 0.000003 -5.075260 5.925699 0.000000 0.000000 0.000000
    49 -1.068383 -10.478611 7.065971 0.292219 1.282324 3.141588
    50 -0.000488 0.000015 2.279600 0.547136 0.343566 0.107835
    51 -2.479401 -8.323895 6.074234 0.033918 -0.287256 2.255346
    52 -5.790000 4.432083 14.255558 -0.075283 1.092743 2.641436
    53 1.044540 -2.839314 19.743252 -0.164128 0.340741 -0.082030
    54 -2.655510 -1.533379 24.792648 -1.438682 -0.155061 0.357429
    55 -1.120216 -0.154385 9.795983 -0.023543 -0.000821 0.204485
    56 -2.240372 -0.308788 19.592047 -0.011994 -0.001827 0.412780
    57 -0.683205 2.877342 14.167089 -1.604576 0.208954 -1.789836
    58 -0.144958 -0.145317 7.579308 -1.541365 0.304893 -0.166486
    59 -0.038551 -0.936644 4.697678 -2.189566 0.238585 -0.365188
    60 -0.506317 8.500896 13.617329 -1.710239 0.278103 -1.993728
    61 0.385056 -0.460075 7.003435 -1.471905 0.596196 -0.385469
    62 -0.456360 -0.710276 5.057732 -1.989883 0.545811 -0.699342
    63 2.452194 -8.899408 11.597939 -1.419551 0.110567 -1.352644
    64 -0.680515 -0.903999 6.074242 -1.453563 -0.173875 -0.003180
    65 -0.248295 -0.666843 3.386627 -1.668562 -0.122135 0.124610
    66 0.717491 -3.784309 13.044010 -1.725747 0.009831 -1.454323
    67 -1.099228 -1.407673 8.017876 -1.350961 -0.015605 0.007751
    68 -0.064053 -0.807640 3.686100 -1.839860 -0.037732 0.018150
    69 4.004906 6.172710 4.754800 -0.720161 -0.940295 -1.497252
    70 -0.158381 -1.149773 5.804405 -0.345842 0.685485 0.599739
    71 1.078559 -2.386406 5.215008 -1.052553 1.087659 -0.156281
    72 6.289963 0.932404 13.569109 -0.126801 -0.612098 -2.869612
    73 -1.327759 -0.766682 12.396324 -0.028089 -0.011879 0.247337
    74 0.000017 -54.999996 0.000000 0.000000 0.000000 -1.570796
  time 14
    0 0.000000 0.000000 -1.500000 0.000000 0.000000 0.000000
    1 -10.521344 -5.760963 66.994621 3.097007 -0.050786 -3.139334
    2 2.848114 9.279882 22.755151 0.530667 0.304027 1.032663
    3 -0.000034 0.000012 24.761454 -1.628386 -0.188699 -0.519638
    4 0.000017 0.000000 24.344809 2.177444 -0.387140 -0.335877
    5 0.002333 -1.019846 24.031336 0.501102 -0.027525 0.027975
    6 0.000034 0.000008 13.404741 -0.000001 0.000003 -0.257194
    7 10.398263 -5.760962 66.994675 3.097007 0.050786 3.139334
    8 12.273646 -4.959588 14.578836 0.384612 -0.976036 0.532206
    9 -0.000004 -0.000006 24.761459 -1.096908 0.127261 -0.707782
    10 -0.000007 0.000004 24.344891 1.276101 0.427453 0.243551
    11 -0.002360 -1.019903 24.031330 0.389594 -0.042695 -0.017219
    12 0.000000 -0.000002 13.404737 0.000001 0.000005 -0.282431
    13 -0.061540 -5.245835 72.927078 0.000000 0.000000 0.000000
    14 -7.987201 4.790778 -19.202072 -0.136230 -0.275736 -0.557419
    15 0.000000 -0.005608 -1.146812 -0.111573 -0.030338 -0.260983
    16 0.030770 -0.240000 8.906021 -0.004138 0.000000 0.000000
    17 0.007836 1.227456 0.437115 -0.181688 -0.075716 -0.397493
    18 0.030770 -0.276858 8.905140 0.056125 0.004134 -0.000049
    19 0.526094 -0.139754 0.479308 -0.007433 0.167802 -0.072688
    20 5.669724 4.435303 14.302868 1.012772 -1.206832 2.099145
    21 -1.044571 -2.839317 19.743267 0.056484 -0.717367 0.014534
    22 2.655533 -1.533369 24.792658 -1.168023 0.093763 0.335395
    23 1.120163 -0.154394 9.796035 -0.028013 0.000422 -0.243245
    24 2.240311 -0.308786 19.592051 -0.121409 0.143035 -0.491112
    25 0.683151 2.877354 14.167051 -1.511326 -0.211747 1.554295
    26 0.144936 -0.145374 7.579252 -1.768042 -0.243277 0.235266
    27 0.091660 -0.906685 4.702850 -1.587439 -0.182555 0.191118
    28 0.506271 8.500866 13.617253 -1.470438 -0.303305 1.571620
    29 -0.384987 -0.460049 7.003448 -1.747417 -0.440906 0.551347
    30 0.561516 -0.596954 5.061852 -1.494372 -0.380557 0.386326
    31 -2.452171 -8.899406 11.597897 -1.564436 -0.075962 1.475269
    32 0.680496 -0.903999 6.074253 -1.628017 0.173820 -0.014245
    33 0.245514 -0.661150 3.388004 -1.484370 0.109487 -0.099205
    34 -0.717484 -3.784271 13.043911 -1.593590 -0.028634 1.464722
    35 1.099216 -1.407745 8.017889 -1.782086 0.031962 -0.017448
    36 0.068439 -0.807653 3.686054 -1.465861 0.033996 -0.009728
    37 -4.004929 6.172707 4.754754 0.109547 1.126790 2.530940
    38 0.158352 -1.149811 5.804394 -0.869542 -0.330219 0.145630
    39 -1.083523 -1.463142 5.544399 -0.797675 -0.152798 -0.023927
    40 -6.289886 0.932434 13.569063 -0.126803 0.612110 2.869610
    41 1.327774 -0.766687 12.396328 0.014619 -0.009896 0.142901
    42 -0.096140 1.828087 23.185329 -0.146091 -0.060215 -1.452247
    43 2.325478 -0.000003 6.169296 0.110157 0.128853 1.957122
    44 0.000000 -3.152912 0.122169 2.055006 0.000000 0.000000
    45 1.068383 -10.478592 7.066338 0.292219 -1.282324 -3.141588
    46 0.000000 0.000000 2.279457 0.547137 -0.343566 0.107833
    47 2.479414 -8.323895 6.074242 0.023524 -0.318935 2.336540
    48 0.000003 -5.075260 5.925699 0.000000 0.000000 0.000000
    49 -1.068383 -10.478611 7.065971 0.292219 1.282324 3.141588
    50 -0.000488 0.000015 2.279600 0.547136 0.343566 0.107835
    51 -2.479401 -8.323895 6.074234 0.036268 -0.317922 2.331896
    52 -5.790000 4.432083 14.255558 -5.768750 1.225038 -3.133831
    53 1.044540 -2.839314 19.743252 -0.387143 0.338579 -0.089433
    54 -2.655510 -1.533379 24.792648 -1.669877 -0.166528 -0.095892
    55 -1.120216 -0.154385 9.795983 -0.023543 -0.000821 0.204485
    56 -2.240372 -0.308788 19.592047 -0.011994 -0.001827 0.412780
    57 -0.683205 2.877342 14.167089 -1.604576 0.208954 -1.789836
    58 -0.144958 -0.145317 7.579308 -1.541365 0.304893 -0.166486
    59 -0.038551 -0.936644 4.697678 -2.189566 0.238585 -0.365188
    60 -0.506317 8.500896 13.617329 -1.710239 0.278103 -1.993683
    61 0.385056 -0.460075 7.003435 -1.471905 0.596213 -0.385469
    62 -0.456360 -0.710276 5.057732 -1.989883 0.545811 -0.699342
    63 2.452194 -8.899408 11.597939 -1.419551 0.110567 -1.352620
    64 -0.680515 -0.903999 6.074242 -1.453563 -0.173887 -0.003180
    65 -0.248295 -0.666843 3.386627 -1.668562 -0.122147 0.124610
    66 0.717491 -3.784309 13.044010 -1.725747 0.009843 -1.454323
    67 -1.099228 -1.407673 8.017876 -1.351017 -0.015605 0.007751
    68 -0.064053 -0.807640 3.686100 -1.839804 -0.037732 0.018150
    69 4.004906 6.172710 4.754800 -0.720161 -0.940295 -1.497252
    70 -0.158381 -1.149773 5.804405 -0.345842 0.685485 0.599739
    71 1.078559 -2.386406 5.215008 -1.052506 1.087689 -0.156281
    72 6.289963 0.932404 13.569109 -0.126801 -0.612098 -2.869612
    73 -1.327759 -0.766682 12.396324 -0.004000 -0.002232 0.036971
    74 0.000017 -54.999996 0.000000 0.000000 0.000000 -1.570796
  time 15
    0 0.000000 0.000000 -1.500000 0.000000 0.000000 0.000000
    1 -10.521344 -5.760963 66.994621 3.097007 -0.050786 -3.139334
    2 7.508413 -4.016100 24.436991 -0.322024 0.411359 0.141388
    3 -0.000034 0.000012 24.761454 -1.275332 -0.147867 -0.063555
    4 0.000017 0.000000 24.344809 2.260545 -0.482817 -0.345881
    5 0.002333 -1.019846 24.031336 0.712599 -0.007799 0.057302
    6 0.000034 0.000008 13.404741 -0.000001 0.000003 -0.048285
    7 10.398263 -5.760962 66.994675 3.097007 0.050786 3.139334
    8 10.898604 -10.267571 21.525209 0.817901 -0.958551 0.163439
    9 -0.000004 -0.000006 24.761459 -1.599419 0.185362 -0.462167
    10 -0.000007 0.000004 24.344891 1.666759 0.399700 0.340930
    11 -0.002360 -1.019903 24.031330 0.389594 -0.042695 -0.017219
    12 0.000000 -0.000002 13.404737 0.000001 0.000005 -0.137448
    13 -0.061540 -5.245835 72.927078 0.000000 0.000000 0.000000
    14 -10.084921 -7.600241 -23.437919 0.146848 -0.138993 0.005822
    15 0.000000 -0.005608 -1.146812 0.128168 0.005612 -0.317942
    16 0.030770 -0.240000 8.906021 -0.004138 0.000000 0.000000
    17 -0.082011 -0.546036 0.140231 0.086306 -0.015135 -0.097232
    18 0.030770 -0.276858 8.905140 0.056125 0.004134 -0.000049
    19 0.455780 0.055565 0.151173 -0.005288 0.166979 -0.037345
    20 5.669724 4.435303 14.302868 1.084073 -1.035944 2.215104
    21 -1.044571 -2.839317 19.743267 0.265766 -0.482174 -0.000610
    22 2.655533 -1.533369 24.792658 -0.761484 0.032856 0.614970
    23 1.120163 -0.154394 9.796035 -0.028013 0.000422 -0.243245
    24 2.240311 -0.308786 19.592051 -0.121366 0.143035 -0.491112
    25 0.683151 2.877354 14.167051 -1.511326 -0.211747 1.554295
    26 0.144936 -0.145374 7.579252 -1.768042 -0.243277 0.235266
    27 0.091660 -0.906685 4.702850 -1.587439 -0.182555 0.191106
    28 0.506271 8.500866 13.617253 -1.470438 -0.303305 1.571620
    29 -0.384987 -0.460049 7.003448 -1.747417 -0.440906 0.551335
    30 0.561516 -0.596954 5.061852 -1.494372 -0.380557 0.386314
    31 -2.452171 -8.899406 11.597897 -1.564385 -0.075962 1.475269
    32 0.680496 -0.903999 6.074253 -1.628017 0.173820 -0.014245
    33 0.245514 -0.661150 3.388004 -1.484370 0.109499 -0.099205
    34 -0.717484 -3.784271 13.043911 -1.593546 -0.028646 1.464722
    35 1.099216 -1.407745 8.017889 -1.782086 0.031950 -0.017448
    36 0.068439 -0.807653 3.686054 -1.465825 0.033996 -0.009740
    37 -4.004929 6.172707 4.754754 0.109547 1.126790 2.531036
    38 0.158352 -1.149811 5.804394 -0.869542 -0.330219 0.145630
    39 -1.083523 -1.463142 5.544399 -0.797779 -0.152810 -0.023927
    40 -6.289886 0.932434 13.569063 -0.126803 0.612110 2.869610
    41 1.327774 -0.766687 12.396328 0.029516 -0.023726 0.307157
    42 -0.096140 1.828087 23.185329 -0.146091 -0.060215 -1.452247
    43 2.325478 -0.000003 6.169296 -0.086813 -0.075057 1.477931
    44 0.000000 -3.152912 0.122169 2.229552 0.000000 0.000000
    45 1.068383 -10.478592 7.066338 0.292219 -1.282324 -3.141588
    46 0.000000 0.000000 2.279457 0.547137 -0.343566 0.107833
    47 2.479414 -8.323895 6.074242 -0.001705 -0.248683 1.738088
    48 0.000003 -5.075260 5.925699 0.000000 0.000000 0.000000
    49 -1.068383 -10.478611 7.065971 0.292219 1.282324 3.141588
    50 -0.000488 0.000015 2.279600 0.547136 0.343566 0.107835
    51 -2.479401 -8.323895 6.074234 0.015984 -0.251062 1.742683
    52 -5.790000 4.432083 14.255558 -4.843340 1.100012 -2.263445
    53 1.044540 -2.839314 19.743252 -0.134797 0.298641 -0.081404
    54 -2.655510 -1.533379 24.792648 -1.937408 -0.187690 -0.255758
    55 -1.120216 -0.154385 9.795983 -0.023543 -0.000821 0.204485
    56 -2.240372 -0.308788 19.592047 -0.011994 -0.001827 0.412780
    57 -0.683205 2.877342 14.167089 -1.604576 0.208954 -1.789836
    58 -0.144958 -0.145317 7.579308 -1.541365 0.304893 -0.166486
    59 -0.038551 -0.936644 4.697678 -2.189566 0.238585 -0.365176
    60 -0.506317 8.500896 13.617329 -1.710239 0.278103 -1.993683
    61 0.385056 -0.460075 7.003435 -1.471905 0.596196 -0.385469
    62 -0.456360 -0.710276 5.057732 -1.989883 0.545811 -0.699342
    63 2.452194 -8.899408 11.597939 -1.419551 0.110567 -1.352644
    64 -0.680515 -0.903999 6.074242 -1.453563 -0.173887 -0.003180
    65 -0.248295 -0.666843 3.386627 -1.668562 -0.122147 0.124610
    66 0.717491 -3.784309 13.044010 -1.725747 0.009831 -1.454323
    67 -1.099228 -1.407673 8.017876 -1.350961 -0.015605 0.007751
    68 -0.064053 -0.807640 3.686100 -1.839804 -0.037732 0.018150
    69 4.004906 6.172710 4.754800 -0.720161 -0.940295 -1.497252
    70 -0.158381 -1.149773 5.804405 -0.345842 0.685485 0.599739
    71 1.078559 -2.386406 5.215008 -1.052553 1.087659 -0.156281
    72 6.289963 0.932404 13.569109 -0.126801 -0.612098 -2.869612
    73 -1.327759 -0.766682 12.396324 0.002220 0.001304 -0.020860
    74 0.000017 -54.999996 0.000000 0.000000 0.000000 -1.570796
  time 16
    0 0.000000 0.000000 -1.500000 0.000000 0.000000 0.000000
    1 -10.521344 -5.760963 66.994621 3.097007 -0.050786 -3.139334
    2 10.430377 -18.601165 24.818209 -1.187900 0.070185 -0.064566
    3 -0.000034 0.000012 24.761454 -0.000229 -0.000133 0.119433
    4 0.000017 0.000000 24.344809 1.590996 -0.615932 0.030781
    5 0.002333 -1.019846 24.031336 0.876645 -0.030030 0.077424
    6 0.000034 0.000008 13.404741 -0.000001 -0.000009 0.079076
    7 10.398263 -5.760962 66.994675 3.097007 0.050786 3.139334
    8 13.000230 -18.198322 24.919715 0.758099 -0.726448 0.027947
    9 -0.000004 -0.000006 24.761459 -1.699569 0.196951 -0.014863
    10 -0.000007 0.000004 24.344891 2.067034 0.448451 0.451131
    11 -0.002360 -1.019903 24.031330 0.389594 -0.042695 -0.017219
    12 0.000000 -0.000002 13.404737 0.000001 0.000005 0.247434
    13 -0.061540 -5.245835 72.927078 0.000000 0.000000 0.000000
    14 -11.350585 -20.212528 -26.209244 0.294867 -0.063482 0.341521
    15 0.000000 -0.005608 -1.146812 0.257257 0.024308 -0.341558
    16 0.030770 -0.240000 8.906021 -0.004138 0.000000 0.000000
    17 0.566447 -1.546066 -0.195717 0.238895 -0.100176 0.631476
    18 0.030770 -0.276858 8.905140 0.056125 0.004134 -0.000049
    19 0.194053 -0.452263 0.018356 0.236991 0.037276 0.077216
    20 5.669724 4.435303 14.302868 1.123312 -0.940987 2.288608
    21 -1.044571 -2.839317 19.743267 -0.262184 -0.628393 0.109177
    22 2.655533 -1.533369 24.792658 -0.531222 0.032203 0.507006
    23 1.120163 -0.154394 9.796035 -0.028013 0.000410 -0.243280
    24 2.240311 -0.308786 19.592051 -0.121409 0.142989 -0.491112
    25 0.683151 2.877354 14.167051 -1.511326 -0.211747 1.554295
    26 0.144936 -0.145374 7.579252 -1.768042 -0.243277 0.235278
    27 0.091660 -0.906685 4.702850 -1.587439 -0.182555 0.191106
    28 0.506271 8.500866 13.617253 -1.470500 -0.303305 1.571620
    29 -0.384987 -0.460049 7.003448 -1.747417 -0.440906 0.551347
    30 0.561516 -0.596954 5.061852 -1.494407 -0.380557 0.386314
    31 -2.452171 -8.899406 11.597897 -1.564436 -0.075962 1.475269
    32 0.680496 -0.903999 6.074253 -1.628017 0.173820 -0.014245
    33 0.245514 -0.661150 3.388004 -1.484423 0.109499 -0.099205
    34 -0.717484 -3.784271 13.043911 -1.593590 -0.028646 1.464722
    35 1.099216 -1.407745 8.017889 -1.782086 0.031962 -0.017448
    36 0.068439 -0.807653 3.686054 -1.465861 0.033996 -0.009728
    37 -4.004929 6.172707 4.754754 0.109547 1.126790 2.531036
    38 0.158352 -1.149811 5.804394 -0.869499 -0.330219 0.145630
    39 -1.083523 -1.463142 5.544399 -0.797779 -0.152810 -0.023927
    40 -6.289886 0.932434 13.569063 -0.126803 0.612110 2.869610
    41 1.327774 -0.766687 12.396328 0.022229 -0.016404 0.223698
    42 -0.096140 1.828087 23.185329 -0.146091 -0.060215 -1.452247
    43 2.325478 -0.000003 6.169296 -0.329432 -0.141556 0.492568
    44 0.000000 -3.152912 0.122169 2.323555 0.000000 0.000000
    45 1.068383 -10.478592 7.066338 0.292219 -1.282324 -3.141588
    46 0.000000 0.000000 2.279457 0.547137 -0.343566 0.107833
    47 2.479414 -8.323895 6.074242 -0.018615 -0.241733 1.330365
    48 0.000003 -5.075260 5.929606 0.000000 0.000000 0.000000
    49 -1.068383 -10.478611 7.065971 0.292219 1.282324 3.141588
    50 -0.000488 0.000015 2.279600 0.547136 0.343566 0.107835
    51 -2.479401 -8.323895 6.074234 -0.001208 -0.256496 1.336845
    52 -5.790000 4.432083 14.255558 -5.168298 0.988112 -2.422403
    53 1.044540 -2.839314 19.743252 -0.140419 0.239412 -0.083418
    54 -2.655510 -1.533379 24.792648 -0.824106 -0.092004 0.065792
    55 -1.120216 -0.154385 9.795983 -0.023543 -0.000821 0.204485
    56 -2.240372 -0.308788 19.592047 -0.011994 -0.001827 0.412780
    57 -0.683205 2.877342 14.167089 -1.604576 0.208954 -1.789836
    58 -0.144958 -0.145317 7.579308 -1.541365 0.304893 -0.166486
    59 -0.038551 -0.936644 4.697678 -2.189566 0.238585 -0.365176
    60 -0.506317 8.500896 13.617329 -1.710239 0.278103 -1.993638
    61 0.385056 -0.460075 7.003435 -1.471905 0.596196 -0.385469
    62 -0.456360 -0.710276 5.057732 -1.989883 0.545789 -0.699342
    63 2.452194 -8.899408 11.597939 -1.419551 0.110567 -1.352644
    64 -0.680515 -0.903999 6.074242 -1.453509 -0.173875 -0.003180
    65 -0.248295 -0.666843 3.386627 -1.668562 -0.122135 0.124610
    66 0.717491 -3.784309 13.044010 -1.725747 0.009831 -1.454323
    67 -1.099228 -1.407673 8.017876 -1.350961 -0.015605 0.007751
    68 -0.064053 -0.807640 3.686100 -1.839804 -0.037732 0.018150
    69 4.004906 6.172710 4.754800 -0.720161 -0.940295 -1.497252
    70 -0.158381 -1.149773 5.804405 -0.345807 0.685512 0.599739
    71 1.078559 -2.386406 5.215008 -1.052553 1.087659 -0.156281
    72 6.289963 0.932404 13.569109 -0.126801 -0.612098 -2.869612
    73 -1.327759 -0.766682 12.396324 -0.011431 -0.005827 0.103731
    74 0.000017 -54.999996 0.000000 0.000000 0.000000 -1.570796
  time 17
    0 0.000000 0.000000 -1.500000 0.000000 0.000000 0.000000
    1 -10.521344 -5.760963 66.994621 3.097007 -0.050786 -3.139334
    2 10.391313 -14.132340 25.647917 -0.797251 0.159285 -0.121931
    3 -0.000034 0.000012 24.761454 -0.776380 -0.090137 0.095572
    4 0.000017 0.000000 24.344809 2.058959 -0.524805 -0.227414
    5 0.002333 -1.019846 24.031336 0.859061 -0.002382 0.082865
    6 0.000034 0.000008 13.404741 -0.000001 -0.000009 0.049271
    7 10.398263 -5.760962 66.994675 3.097007 0.050786 3.139334
    8 13.043200 -13.714637 25.751481 0.950899 -0.856052 -0.036003
    9 -0.000004 -0.000006 24.761459 -1.729818 0.200451 -0.169754
    10 -0.000007 0.000004 24.344891 1.893229 0.450762 0.468429
    11 -0.002360 -1.019903 24.031330 0.389594 -0.042695 -0.017219
    12 0.000000 -0.000002 13.404737 0.000001 0.000005 0.158336
    13 -0.061540 -5.245835 72.927078 0.000000 0.000000 0.000000
    14 -11.350585 -15.705644 -26.840115 0.294867 -0.063482 0.341521
    15 0.000000 -0.005608 -1.146812 0.257257 0.024308 -0.341558
    16 0.030770 -0.240000 8.906021 -0.004138 0.000000 0.000000
    17 0.523477 -1.577317 -0.195717 0.222754 -0.146476 0.753153
    18 0.030770 -0.276858 8.905140 0.056125 0.004134 -0.000049
    19 0.291712 -0.503046 0.014450 0.255900 0.064862 0.090674
    20 5.669724 4.435303 14.302868 1.096132 -0.935491 2.321958
    21 -1.044571 -2.839317 19.743267 -0.323677 -0.619887 0.122346
    22 2.655533 -1.533369 24.792658 -0.491948 0.031857 0.496331
    23 1.120163 -0.154394 9.796035 -0.028013 0.000410 -0.243245
    24 2.240311 -0.308786 19.592051 -0.121366 0.142989 -0.491112
    25 0.683151 2.877354 14.167051 -1.511326 -0.211747 1.554295
    26 0.144936 -0.145374 7.579252 -1.768042 -0.243277 0.235266
    27 0.091660 -0.906685 4.702850 -1.587439 -0.182555 0.191106
    28 0.506271 8.500866 13.617253 -1.470500 -0.303305 1.571620
    29 -0.384987 -0.460049 7.003448 -1.747417 -0.440906 0.551347
    30 0.561516 -0.596954 5.061852 -1.494372 -0.380557 0.386314
    31 -2.452171 -8.899406 11.597897 -1.564436 -0.075962 1.475269
    32 0.680496 -0.903999 6.074253 -1.628017 0.173820 -0.014245
    33 0.245514 -0.661150 3.388004 -1.484370 0.109499 -0.099205
    34 -0.717484 -3.784271 13.043911 -1.593590 -0.028646 1.464722
    35 1.099216 -1.407745 8.017889 -1.782086 0.031950 -0.017448
    36 0.068439 -0.807653 3.686054 -1.465861 0.033996 -0.009740
    37 -4.004929 6.172707 4.754754 0.109547 1.126790 2.531036
    38 0.158352 -1.149811 5.804394 -0.869542 -0.330219 0.145630
    39 -1.083523 -1.463142 5.544399 -0.797779 -0.152810 -0.023927
    40 -6.289886 0.932434 13.569063 -0.126803 0.612110 2.869610
    41 1.327774 -0.766687 12.396328 0.021618 -0.015853 0.217120
    42 -0.096140 1.828087 23.185329 -0.146091 -0.060215 -1.452247
    43 2.325478 -0.000003 6.169296 -0.334207 -0.129547 0.527731
    44 0.000000 -3.152912 0.122169 2.323522 0.004171 -0.010127
    45 1.068383 -10.478592 7.066338 0.292219 -1.282324 -3.141588
    46 0.000000 0.000000 2.279457 0.547137 -0.343566 0.107833
    47 2.479414 -8.323895 6.074242 -0.025928 -0.228444 1.128366
    48 0.000003 -5.075260 5.929606 0.000000 0.000000 0.000000
    49 -1.068383 -10.478611 7.065971 0.292219 1.282324 3.141588
    50 -0.000488 0.000015 2.279600 0.547136 0.343566 0.107835
    51 -2.479401 -8.323895 6.074234 -0.010045 -0.242699 1.130477
    52 -5.790000 4.432083 14.255558 -5.524888 0.973574 -2.396437
    53 1.044540 -2.839314 19.743252 -0.055209 0.203035 -0.085269
    54 -2.655510 -1.533379 24.792648 -0.553304 -0.079721 0.097069
    55 -1.120216 -0.154385 9.795983 -0.023543 -0.000821 0.204485
    56 -2.240372 -0.308788 19.592047 -0.011994 -0.001827 0.412780
    57 -0.683205 2.877342 14.167089 -1.604576 0.208954 -1.789836
    58 -0.144958 -0.145317 7.579308 -1.541365 0.304893 -0.166486
    59 -0.038551 -0.936644 4.697678 -2.189566 0.238585 -0.365176
    60 -0.506317 8.500896 13.617329 -1.710239 0.278103 -1.993683
    61 0.385056 -0.460075 7.003435 -1.471905 0.596196 -0.385469
    62 -0.456360 -0.710276 5.057732 -1.989883 0.545789 -0.699342
    63 2.452194 -8.899408 11.597939 -1.419551 0.110567 -1.352644
    64 -0.680515 -0.903999 6.074242 -1.453563 -0.173887 -0.003180
    65 -0.248295 -0.666843 3.386627 -1.668562 -0.122147 0.124610
    66 0.717491 -3.784309 13.044010 -1.725747 0.009843 -1.454323
    67 -1.099228 -1.407673 8.017876 -1.351017 -0.015605 0.007751
    68 -0.064053 -0.807640 3.686100 -1.839860 -0.037732 0.018150
    69 4.004906 6.172710 4.754800 -0.720161 -0.940295 -1.497252
    70 -0.158381 -1.149773 5.804405 -0.345807 0.685485 0.599739
    71 1.078559 -2.386406 5.215008 -1.052553 1.087659 -0.156281
    72 6.289963 0.932404 13.569109 -0.126801 -0.612098 -2.869612
    73 -1.327759 -0.766682 12.396324 -0.012617 -0.006366 0.114233
    74 0.000017 -54.999996 0.000000 0.000000 0.000000 -1.570796
  time 18
    0 0.000000 0.000000 -1.500000 0.000000 0.000000 0.000000
    1 -10.521344 -5.760963 66.994621 3.097007 -0.050786 -3.139334
    2 10.371782 -11.296355 26.006709 -0.649136 0.192910 -0.132373
    3 -0.000034 0.000012 24.761454 -1.047117 -0.121477 0.094147
    4 0.000017 0.000000 24.344809 2.173561 -0.481052 -0.275963
    5 0.002333 -1.019846 24.031336 0.872725 -0.002274 0.085405
    6 0.000034 0.000008 13.404741 -0.000001 0.000003 0.040201
    7 10.398263 -5.760962 66.994675 3.097007 0.050786 3.139334
    8 13.066639 -10.892040 26.111164 1.065983 -0.953942 -0.090299
    9 -0.000004 -0.000006 24.761459 -1.725143 0.199899 -0.296869
    10 -0.000007 0.000004 24.344891 1.763892 0.451051 0.466705
    11 -0.002360 -1.019903 24.031330 0.389594 -0.042695 -0.017219
    12 0.000000 -0.000002 13.404737 0.000001 0.000005 0.060092
    13 -0.061540 -5.245835 72.927078 0.000000 0.000000 0.000000
    14 -11.350585 -12.852449 -27.087957 0.294867 -0.063482 0.341521
    15 0.000000 -0.005608 -1.146812 0.257257 0.024308 -0.341558
    16 0.030770 -0.240000 8.906021 -0.004138 0.000000 0.000000
    17 0.523477 -1.585130 -0.199623 0.218651 -0.157921 0.791490
    18 0.030770 -0.276858 8.905140 0.056125 0.004134 -0.000049
    19 0.295619 -0.491327 0.014450 0.251682 0.062476 0.093634
    20 5.669724 4.435303 14.302868 1.078905 -0.931686 2.343042
    21 -1.044571 -2.839317 19.743267 -0.285470 -0.613260 0.112899
    22 2.655533 -1.533369 24.792658 -0.470206 0.030320 0.504013
    23 1.120163 -0.154394 9.796035 -0.028001 0.000422 -0.243245
    24 2.240311 -0.308786 19.592051 -0.121366 0.143035 -0.491112
    25 0.683151 2.877354 14.167051 -1.511326 -0.211735 1.554295
    26 0.144936 -0.145374 7.579252 -1.768042 -0.243277 0.235266
    27 0.091660 -0.906685 4.702850 -1.587439 -0.182555 0.191106
    28 0.506271 8.500866 13.617253 -1.470438 -0.303305 1.571620
    29 -0.384987 -0.460049 7.003448 -1.747417 -0.440906 0.551335
    30 0.561516 -0.596954 5.061852 -1.494372 -0.380557 0.386314
    31 -2.452171 -8.899406 11.597897 -1.564385 -0.075962 1.475269
    32 0.680496 -0.903999 6.074253 -1.628017 0.173820 -0.014245
    33 0.245514 -0.661150 3.388004 -1.484370 0.109499 -0.099205
    34 -0.717484 -3.784271 13.043911 -1.593546 -0.028646 1.464722
    35 1.099216 -1.407745 8.017889 -1.782086 0.031962 -0.017448
    36 0.068439 -0.807653 3.686054 -1.465861 0.033996 -0.009728
    37 -4.004929 6.172707 4.754754 0.109547 1.126790 2.531036
    38 0.158352 -1.149811 5.804394 -0.869499 -0.330219 0.145630
    39 -1.083523 -1.463142 5.544399 -0.797779 -0.152810 -0.023927
    40 -6.289886 0.932434 13.569063 -0.126803 0.612110 2.869610
    41 1.327774 -0.766687 12.396328 0.022217 -0.016368 0.223447
    42 -0.096140 1.828087 23.185329 -0.146091 -0.060215 -1.452247
    43 2.325478 -0.000003 6.169296 -0.338075 -0.118724 0.558942
    44 0.000000 -3.152912 0.122169 2.323327 0.013051 -0.031771
    45 1.068383 -10.478592 7.066338 0.292219 -1.282324 -3.141588
    46 0.000000 0.000000 2.279457 0.547137 -0.343566 0.107833
    47 2.479414 -8.323895 6.074242 -0.028375 -0.212618 1.051864
    48 0.000003 -5.075260 5.925699 0.000000 0.000000 0.000000
    49 -1.068383 -10.478611 7.065971 0.292219 1.282324 3.141588
    50 -0.000488 0.000015 2.279600 0.547136 0.343566 0.107835
    51 -2.479401 -8.323895 6.074234 -0.013238 -0.226019 1.052011
    52 -5.790000 4.432083 14.255558 -5.914933 0.964311 -2.359548
    53 1.044540 -2.839314 19.743252 0.127734 0.196845 -0.080969
    54 -2.655510 -1.533379 24.792648 -0.237461 -0.076382 0.141749
    55 -1.120216 -0.154385 9.795983 -0.023543 -0.000821 0.204485
    56 -2.240372 -0.308788 19.592047 -0.011994 -0.001827 0.412780
    57 -0.683205 2.877342 14.167089 -1.604576 0.208934 -1.789836
    58 -0.144958 -0.145317 7.579308 -1.541365 0.304893 -0.166486
    59 -0.038551 -0.936644 4.697678 -2.189566 0.238585 -0.365176
    60 -0.506317 8.500896 13.617329 -1.710239 0.278103 -1.993683
    61 0.385056 -0.460075 7.003435 -1.471905 0.596196 -0.385469
    62 -0.456360 -0.710276 5.057732 -1.989883 0.545811 -0.699342
    63 2.452194 -8.899408 11.597939 -1.419591 0.110544 -1.352620
    64 -0.680515 -0.903999 6.074242 -1.453509 -0.173887 -0.003180
    65 -0.248295 -0.666843 3.386627 -1.668562 -0.122147 0.124610
    66 0.717491 -3.784309 13.044010 -1.725747 0.009831 -1.454323
    67 -1.099228 -1.407673 8.017876 -1.350961 -0.015605 0.007751
    68 -0.064053 -0.807640 3.686100 -1.839860 -0.037732 0.018150
    69 4.004906 6.172710 4.754800 -0.720236 -0.940295 -1.497252
    70 -0.158381 -1.149773 5.804405 -0.345807 0.685485 0.599739
    71 1.078559 -2.386406 5.215008 -1.052506 1.087659 -0.156281
    72 6.289963 0.932404 13.569109 -0.126801 -0.612098 -2.869612
    73 -1.327759 -0.766682 12.396324 -0.014415 -0.007133 0.130056
    74 0.000017 -54.999996 0.000000 0.000000 0.000000 -1.570796
  time 19
    0 0.000000 0.000000 -1.500000 0.000000 0.000000 0.000000
    1 -10.521344 -5.760963 66.994621 3.097007 -0.050786 -3.139334
    2 10.379594 -10.842107 25.827313 -0.623243 0.199952 -0.134601
    3 -0.000034 0.000012 24.761454 -1.084394 -0.125792 0.094839
    4 0.000017 0.000000 24.344809 2.175410 -0.473175 -0.280090
    5 0.002333 -1.019846 24.031336 0.881536 -0.002262 0.086999
    6 0.000034 0.000008 13.404741 -0.000001 0.000003 0.039083
    7 10.398263 -5.760962 66.994675 3.097007 0.050786 3.139334
    8 13.051013 -10.442422 25.908842 1.074599 -0.962721 -0.095250
    9 -0.000004 -0.000006 24.761459 -1.713319 0.198533 -0.314633
    10 -0.000007 0.000004 24.344891 1.738398 0.450540 0.460379
    11 -0.002360 -1.019903 24.031330 0.389594 -0.042695 -0.017219
    12 0.000000 -0.000002 13.404737 0.000001 0.000005 0.043131
    13 -0.061540 -5.245835 72.927078 0.000000 0.000000 0.000000
    14 -11.350585 -12.421558 -26.862646 0.294867 -0.063482 0.341521
    15 0.000000 -0.005608 -1.146812 0.257257 0.024308 -0.341558
    16 0.030770 -0.240000 8.906021 -0.004138 0.000000 0.000000
    17 0.527383 -1.592943 -0.203529 0.215936 -0.165353 0.818285
    18 0.030770 -0.276858 8.905140 0.056125 0.004134 -0.000049
    19 0.287806 -0.483514 0.010544 0.246356 0.059020 0.095480
    20 5.669724 4.435303 14.302868 1.119484 -0.940248 2.293208
    21 -1.044571 -2.839317 19.743267 -0.240561 -0.569373 0.099165
    22 2.655533 -1.533369 24.792658 -0.459444 0.027899 0.524070
    23 1.120163 -0.154394 9.796035 -0.028013 0.000410 -0.243245
    24 2.240311 -0.308786 19.592051 -0.121366 0.143035 -0.491112
    25 0.683151 2.877354 14.167051 -1.511326 -0.211759 1.554295
    26 0.144936 -0.145374 7.579252 -1.768042 -0.243277 0.235266
    27 0.091660 -0.906685 4.702850 -1.587439 -0.182543 0.191106
    28 0.506271 8.500866 13.617253 -1.470438 -0.303305 1.571620
    29 -0.384987 -0.460049 7.003448 -1.747417 -0.440906 0.551335
    30 0.561516 -0.596954 5.061852 -1.494372 -0.380557 0.386326
    31 -2.452171 -8.899406 11.597897 -1.564436 -0.075962 1.475269
    32 0.680496 -0.903999 6.074253 -1.628017 0.173820 -0.014245
    33 0.245514 -0.661150 3.388004 -1.484370 0.109499 -0.099205
    34 -0.717484 -3.784271 13.043911 -1.593590 -0.028646 1.464722
    35 1.099216 -1.407745 8.017889 -1.782086 0.031962 -0.017448
    36 0.068439 -0.807653 3.686054 -1.465861 0.033996 -0.009728
    37 -4.004929 6.172707 4.754754 0.109547 1.126790 2.531036
    38 0.158352 -1.149811 5.804394 -0.869542 -0.330219 0.145630
    39 -1.083523 -1.463142 5.544399 -0.797779 -0.152810 -0.023927
    40 -6.289886 0.932434 13.569063 -0.126803 0.612110 2.869610
    41 1.327774 -0.766687 12.396328 0.023008 -0.017135 0.232436
    42 -0.096140 1.828087 23.185329 -0.146091 -0.060215 -1.452247
    43 2.325478 -0.000003 6.169296 -0.332154 -0.134929 0.512005
    44 0.000000 -3.152912 0.122169 2.322920 0.021285 -0.051761
    45 1.068383 -10.478592 7.066338 0.292219 -1.282324 -3.141588
    46 0.000000 0.000000 2.279457 0.547137 -0.343566 0.107833
    47 2.479414 -8.323895 6.074242 -0.027559 -0.210129 1.077078
    48 0.000003 -5.075260 5.929606 0.000000 0.000000 0.000000
    49 -1.068383 -10.478611 7.065971 0.292219 1.282324 3.141588
    50 -0.000488 0.000015 2.279600 0.547136 0.343566 0.107835
    51 -2.479401 -8.323895 6.074234 -0.012194 -0.222570 1.077783
    52 -5.790000 4.432083 14.255558 -5.953180 0.963855 -2.355715
    53 1.044540 -2.839314 19.743252 0.029612 0.179293 -0.086956
    54 -2.655510 -1.533379 24.792648 -0.284817 -0.075035 0.112139
    55 -1.120216 -0.154385 9.795983 -0.023531 -0.000821 0.204485
    56 -2.240372 -0.308788 19.592047 -0.011994 -0.001827 0.412780
    57 -0.683205 2.877342 14.167089 -1.604576 0.208954 -1.789836
    58 -0.144958 -0.145317 7.579308 -1.541365 0.304893 -0.166486
    59 -0.038551 -0.936644 4.697678 -2.189566 0.238585 -0.365176
    60 -0.506317 8.500896 13.617329 -1.710239 0.278103 -1.993683
    61 0.385056 -0.460075 7.003435 -1.471905 0.596196 -0.385469
    62 -0.456360 -0.710276 5.057732 -1.989883 0.545789 -0.699342
    63 2.452194 -8.899408 11.597939 -1.419551 0.110567 -1.352644
    64 -0.680515 -0.903999 6.074242 -1.453563 -0.173875 -0.003180
    65 -0.248295 -0.666843 3.386627 -1.668562 -0.122147 0.124622
    66 0.717491 -3.784309 13.044010 -1.725747 0.009843 -1.454323
    67 -1.099228 -1.407673 8.017876 -1.351017 -0.015605 0.007751
    68 -0.064053 -0.807640 3.686100 -1.839804 -0.037732 0.018150
    69 4.004906 6.172710 4.754800 -0.720161 -0.940295 -1.497252
    70 -0.158381 -1.149773 5.804405 -0.345807 0.685512 0.599739
    71 1.078559 -2.386406 5.215008 -1.052553 1.087659 -0.156281
    72 6.289963 0.932404 13.569109 -0.126801 -0.612098 -2.869612
    73 -1.327759 -0.766682 12.396324 -0.012905 -0.006474 0.116685
    74 0.000017 -54.999996 0.000000 0.000000 0.000000 -1.570796
  time 20
    0 0.000000 0.000000 -1.500000 0.000000 0.000000 0.000000
    1 -10.521344 -5.760963 66.994621 3.097007 -0.050786 -3.139334
    2 10.395220 -10.400135 25.580643 -0.599468 0.206132 -0.136305
    3 -0.000034 0.000012 24.761454 -1.114435 -0.129255 0.098626
    4 0.000017 0.000000 24.344809 2.174794 -0.466656 -0.283093
    5 0.002333 -1.019846 24.031336 0.886539 -0.002298 0.087838
    6 0.000034 0.000008 13.404741 -0.000001 0.000003 0.039653
    7 10.398263 -5.760962 66.994675 3.097007 0.050786 3.139334
    8 13.039294 -9.980315 25.661560 1.080827 -0.969671 -0.098963
    9 -0.000004 -0.000006 24.761459 -1.699294 0.196915 -0.331213
    10 -0.000007 0.000004 24.344891 1.712195 0.449851 0.453022
    11 -0.002360 -1.019903 24.031330 0.389594 -0.042695 -0.017219
    12 0.000000 -0.000002 13.404737 0.000001 0.000005 0.026664
    13 -0.061540 -5.245835 72.927078 0.000000 0.000000 0.000000
    14 -11.350585 -11.979022 -26.569741 0.294867 -0.063482 0.341521
    15 0.000000 -0.005608 -1.146812 0.257257 0.024308 -0.341558
    16 0.030770 -0.240000 8.906021 -0.004138 0.000000 0.000000
    17 0.519570 -1.592943 -0.203529 0.212401 -0.171531 0.832342
    18 0.030770 -0.276858 8.905140 0.056125 0.004134 -0.000049
    19 0.319057 -0.499140 0.006637 0.254399 0.066734 0.097338
    20 5.669724 4.435303 14.302868 1.161307 -0.947612 2.242321
    21 -1.044571 -2.839317 19.743267 -0.203920 -0.519694 0.089464
    22 2.655533 -1.533369 24.792658 -0.452934 0.026977 0.531106
    23 1.120163 -0.154394 9.796035 -0.028013 0.000422 -0.243280
    24 2.240311 -0.308786 19.592051 -0.121409 0.142989 -0.491112
    25 0.683151 2.877354 14.167051 -1.511326 -0.211747 1.554295
    26 0.144936 -0.145374 7.579252 -1.768042 -0.243277 0.235266
    27 0.091660 -0.906685 4.702850 -1.587439 -0.182555 0.191106
    28 0.506271 8.500866 13.617253 -1.470438 -0.303305 1.571620
    29 -0.384987 -0.460049 7.003448 -1.747417 -0.440906 0.551347
    30 0.561516 -0.596954 5.061852 -1.494372 -0.380557 0.386314
    31 -2.452171 -8.899406 11.597897 -1.564436 -0.075962 1.475269
    32 0.680496 -0.903999 6.074253 -1.628017 0.173820 -0.014245
    33 0.245514 -0.661150 3.388004 -1.484370 0.109499 -0.099205
    34 -0.717484 -3.784271 13.043911 -1.593590 -0.028646 1.464722
    35 1.099216 -1.407745 8.017889 -1.782086 0.031962 -0.017448
    36 0.068439 -0.807653 3.686054 -1.465861 0.033996 -0.009728
    37 -4.004929 6.172707 4.754754 0.109547 1.126790 2.530940
    38 0.158352 -1.149811 5.804394 -0.869542 -0.330219 0.145630
    39 -1.083523 -1.463142 5.544399 -0.797779 -0.152810 -0.023927
    40 -6.289886 0.932434 13.569063 -0.126803 0.612110 2.869610
    41 1.327774 -0.766687 12.396328 0.023068 -0.017195 0.233089
    42 -0.096140 1.828087 23.185329 -0.146091 -0.060215 -1.452247
    43 2.325478 -0.000003 6.169296 -0.324992 -0.151829 0.461995
    44 0.000000 -3.152912 0.122169 2.322790 0.023394 -0.056915
    45 1.068383 -10.478592 7.066338 0.292219 -1.282324 -3.141588
    46 0.000000 0.000000 2.279457 0.547137 -0.343566 0.107833
    47 2.479414 -8.323895 6.074242 -0.026390 -0.214544 1.112416
    48 0.000003 -5.075260 5.929606 0.000000 0.000000 0.000000
    49 -1.068383 -10.478611 7.065971 0.292219 1.282324 3.141588
    50 -0.000488 0.000015 2.279600 0.547136 0.343566 0.107835
    51 -2.479401 -8.323895 6.074234 -0.010708 -0.226586 1.113903
    52 -5.790000 4.432083 14.255558 -5.991332 0.963522 -2.351787
    53 1.044540 -2.839314 19.743252 -0.004561 0.176113 -0.087691
    54 -2.655510 -1.533379 24.792648 -0.457635 -0.076420 0.089041
    55 -1.120216 -0.154385 9.795983 -0.023543 -0.000821 0.204485
    56 -2.240372 -0.308788 19.592047 -0.011994 -0.001827 0.412780
    57 -0.683205 2.877342 14.167089 -1.604527 0.208954 -1.789836
    58 -0.144958 -0.145317 7.579308 -1.541365 0.304893 -0.166486
    59 -0.038551 -0.936644 4.697678 -2.189566 0.238585 -0.365176
    60 -0.506317 8.500896 13.617329 -1.710239 0.278103 -1.993683
    61 0.385056 -0.460075 7.003435 -1.471905 0.596196 -0.385469
    62 -0.456360 -0.710276 5.057732 -1.989883 0.545811 -0.699342
    63 2.452194 -8.899408 11.597939 -1.419551 0.110567 -1.352620
    64 -0.680515 -0.903999 6.074242 -1.453563 -0.173887 -0.003180
    65 -0.248295 -0.666843 3.386627 -1.668562 -0.122135 0.124610
    66 0.717491 -3.784309 13.044010 -1.725747 0.009831 -1.454323
    67 -1.099228 -1.407673 8.017876 -1.351017 -0.015605 0.007751
    68 -0.064053 -0.807640 3.686100 -1.839804 -0.037732 0.018150
    69 4.004906 6.172710 4.754800 -0.720161 -0.940295 -1.497252
    70 -0.158381 -1.149773 5.804405 -0.345807 0.685485 0.599739
    71 1.078559 -2.386406 5.215008 -1.052553 1.087659 -0.156281
    72 6.289963 0.932404 13.569109 -0.126801 -0.612098 -2.869612
    73 -1.327759 -0.766682 12.396324 -0.012569 -0.006343 0.113863
    74 0.000017 -54.999996 0.000000 0.000000 0.000000 -1.570796
  time 21
    0 0.000000 0.000000 -1.500000 0.000000 0.000000 0.000000
    1 -10.521344 -5.760963 66.994621 3.097007 -0.050786 -3.139334
    2 10.395220 -10.584290 25.647917 -0.606846 0.204768 -0.136130
    3 -0.000034 0.000012 24.761454 -1.106426 -0.128332 0.095205
    4 0.000017 0.000000 24.344809 2.173314 -0.468331 -0.282272
    5 0.002333 -1.019846 24.031336 0.888816 -0.002334 0.088186
    6 0.000034 0.000008 13.404741 -0.000001 0.000003 0.038324
    7 10.398263 -5.760962 66.994675 3.097007 0.050786 3.139334
    8 13.043200 -10.180145 25.751481 1.077329 -0.966050 -0.096818
    9 -0.000004 -0.000006 24.761459 -1.704409 0.197515 -0.323856
    10 -0.000007 0.000004 24.344891 1.722844 0.450073 0.455650
    11 -0.002360 -1.019903 24.031330 0.389594 -0.042695 -0.017207
    12 0.000000 -0.000002 13.404737 0.000001 0.000005 0.033749
    13 -0.061540 -5.245835 72.927078 0.000000 0.000000 0.000000
    14 -11.350585 -12.165353 -26.659866 0.294867 -0.063482 0.341521
    15 0.000000 -0.005608 -1.146812 0.257257 0.024308 -0.341558
    16 0.030770 -0.240000 8.906021 -0.004138 0.000000 0.000000
    17 0.511758 -1.596849 -0.199623 0.210380 -0.174304 0.836095
    18 0.030770 -0.276858 8.905140 0.056125 0.004134 -0.000049
    19 0.334682 -0.522578 0.010544 0.261941 0.073317 0.098356
    20 5.669724 4.435303 14.302868 1.137381 -0.943560 2.271550
    21 -1.044571 -2.839317 19.743267 -0.179313 -0.520790 0.085262
    22 2.655533 -1.533369 24.792658 -0.449723 0.027015 0.529326
    23 1.120163 -0.154394 9.796035 -0.028013 0.000422 -0.243245
    24 2.240311 -0.308786 19.592051 -0.121366 0.143035 -0.491112
    25 0.683151 2.877354 14.167051 -1.511326 -0.211747 1.554295
    26 0.144936 -0.145374 7.579252 -1.768042 -0.243277 0.235266
    27 0.091660 -0.906685 4.702850 -1.587439 -0.182555 0.191106
    28 0.506271 8.500866 13.617253 -1.470438 -0.303305 1.571620
    29 -0.384987 -0.460049 7.003448 -1.747417 -0.440906 0.551347
    30 0.561516 -0.596954 5.061852 -1.494372 -0.380557 0.386314
    31 -2.452171 -8.899406 11.597897 -1.564436 -0.075962 1.475269
    32 0.680496 -0.903999 6.074253 -1.628017 0.173820 -0.014245
    33 0.245514 -0.661150 3.388004 -1.484370 0.109499 -0.099205
    34 -0.717484 -3.784271 13.043911 -1.593546 -0.028646 1.464722
    35 1.099216 -1.407745 8.017889 -1.782086 0.031962 -0.017448
    36 0.068439 -0.807653 3.686054 -1.465861 0.033996 -0.009728
    37 -4.004929 6.172707 4.754754 0.109547 1.126790 2.531036
    38 0.158352 -1.149811 5.804394 -0.869542 -0.330219 0.145630
    39 -1.083523 -1.463142 5.544399 -0.797779 -0.152810 -0.023927
    40 -6.289886 0.932434 13.569063 -0.126803 0.612110 2.869610
    41 1.327774 -0.766687 12.396328 0.023140 -0.017255 0.233842
    42 -0.096140 1.828087 23.185329 -0.146091 -0.060215 -1.452247
    43 2.325478 -0.000003 6.169296 -0.327570 -0.145969 0.479476
    44 0.000000 -3.152912 0.122169 2.323392 0.003523 -0.008593
    45 1.068383 -10.478592 7.066338 0.292219 -1.282324 -3.141588
    46 0.000000 0.000000 2.279457 0.547137 -0.343566 0.107833
    47 2.479414 -8.323895 6.074242 -0.027369 -0.217126 1.083764
    48 0.000003 -5.075260 5.925699 0.000000 0.000000 0.000000
    49 -1.068383 -10.478611 7.065971 0.292231 1.282324 3.141588
    50 -0.000488 0.000015 2.279600 0.547136 0.343566 0.107835
    51 -2.479401 -8.323895 6.074234 -0.011933 -0.229752 1.084682
    52 -5.790000 4.432083 14.255558 -5.966888 0.963771 -2.354278
    53 1.044540 -2.839314 19.743252 -0.090272 0.168524 -0.087473
    54 -2.655510 -1.533379 24.792648 -0.628591 -0.081157 0.064202
    55 -1.120216 -0.154385 9.795983 -0.023543 -0.000821 0.204485
    56 -2.240372 -0.308788 19.592047 -0.011994 -0.001827 0.412780
    57 -0.683205 2.877342 14.167089 -1.604576 0.208954 -1.789836
    58 -0.144958 -0.145317 7.579308 -1.541365 0.304893 -0.166486
    59 -0.038551 -0.936644 4.697678 -2.189566 0.238585 -0.365176
    60 -0.506317 8.500896 13.617329 -1.710239 0.278103 -1.993683
    61 0.385056 -0.460075 7.003435 -1.471905 0.596213 -0.385469
    62 -0.456360 -0.710276 5.057732 -1.989883 0.545811 -0.699342
    63 2.452194 -8.899408 11.597939 -1.419551 0.110567 -1.352620
    64 -0.680515 -0.903999 6.074242 -1.453563 -0.173887 -0.003180
    65 -0.248295 -0.666843 3.386627 -1.668562 -0.122147 0.124610
    66 0.717491 -3.784309 13.044010 -1.725747 0.009843 -1.454323
    67 -1.099228 -1.407673 8.017876 -1.350961 -0.015605 0.007751
    68 -0.064053 -0.807640 3.686100 -1.839804 -0.037732 0.018150
    69 4.004906 6.172710 4.754800 -0.720236 -0.940295 -1.497252
    70 -0.158381 -1.149773 5.804405 -0.345842 0.685485 0.599739
    71 1.078559 -2.386406 5.215008 -1.052506 1.087659 -0.156281
    72 6.289963 0.932404 13.569109 -0.126801 -0.612098 -2.869612
    73 -1.327759 -0.766682 12.396324 -0.011694 -0.005947 0.106137
    74 0.000017 -54.999996 0.000000 0.000000 0.000000 -1.570796
  time 22
    0 0.000000 0.000000 -1.500000 0.000000 0.000000 0.000000
    1 -10.521344 -5.760963 66.994621 3.097007 -0.050786 -3.139334
    2 10.383501 -10.891215 25.760039 -0.620305 0.201845 -0.135475
    3 -0.000034 0.000012 24.761454 -1.088865 -0.126331 0.091744
    4 0.000017 0.000000 24.344809 2.169985 -0.471749 -0.280241
    5 0.002333 -1.019846 24.031336 0.889339 -0.002358 0.088246
    6 0.000034 0.000008 13.404741 -0.000001 0.000003 0.037375
    7 10.398263 -5.760962 66.994675 3.097007 0.050786 3.139334
    8 13.047107 -10.479890 25.841402 1.070419 -0.959283 -0.093022
    9 -0.000004 -0.000006 24.761459 -1.711229 0.198305 -0.311582
    10 -0.000007 0.000004 24.344891 1.739496 0.450406 0.459202
    11 -0.002360 -1.019903 24.031330 0.389594 -0.042695 -0.017219
    12 0.000000 -0.000002 13.404737 0.000001 0.000005 0.045192
    13 -0.061540 -5.245835 72.927078 0.000000 0.000000 0.000000
    14 -11.350585 -12.468141 -26.772521 0.294867 -0.063482 0.341521
    15 0.000000 -0.005608 -1.146812 0.257257 0.024308 -0.341558
    16 0.030770 -0.240000 8.906021 -0.004138 0.000000 0.000000
    17 0.515664 -1.592943 -0.203529 0.212253 -0.171759 0.832981
    18 0.030770 -0.276858 8.905140 0.056125 0.004134 -0.000049
    19 0.319057 -0.503046 0.010544 0.254506 0.066837 0.097398
    20 5.669724 4.435303 14.302868 1.113741 -0.939155 2.300300
    21 -1.044571 -2.839317 19.743267 -0.150548 -0.533262 0.080271
    22 2.655533 -1.533369 24.792658 -0.446208 0.025555 0.542104
    23 1.120163 -0.154394 9.796035 -0.028013 0.000410 -0.243245
    24 2.240311 -0.308786 19.592051 -0.121366 0.143035 -0.491112
    25 0.683151 2.877354 14.167051 -1.511326 -0.211747 1.554295
    26 0.144936 -0.145374 7.579252 -1.768042 -0.243277 0.235266
    27 0.091660 -0.906685 4.702850 -1.587439 -0.182555 0.191106
    28 0.506271 8.500866 13.617253 -1.470438 -0.303305 1.571620
    29 -0.384987 -0.460049 7.003448 -1.747417 -0.440906 0.551335
    30 0.561516 -0.596954 5.061852 -1.494372 -0.380557 0.386314
    31 -2.452171 -8.899406 11.597897 -1.564436 -0.075962 1.475269
    32 0.680496 -0.903999 6.074253 -1.628017 0.173820 -0.014245
    33 0.245514 -0.661150 3.388004 -1.484370 0.109499 -0.099205
    34 -0.717484 -3.784271 13.043911 -1.593590 -0.028646 1.464722
    35 1.099216 -1.407745 8.017889 -1.782086 0.031962 -0.017448
    36 0.068439 -0.807653 3.686054 -1.465861 0.033996 -0.009728
    37 -4.004929 6.172707 4.754754 0.109547 1.126790 2.530940
    38 0.158352 -1.149811 5.804394 -0.869542 -0.330219 0.145630
    39 -1.083523 -1.463142 5.544399 -0.797779 -0.152810 -0.023927
    40 -6.289886 0.932434 13.569063 -0.126803 0.612110 2.869610
    41 1.327774 -0.766687 12.396328 0.024027 -0.018106 0.243734
    42 -0.096140 1.828087 23.185329 -0.146091 -0.060215 -1.452247
    43 2.325478 -0.000003 6.169296 -0.331199 -0.137230 0.505220
    44 0.000000 -3.152912 0.122169 2.323034 -0.016443 0.040005
    45 1.068383 -10.478592 7.066338 0.292219 -1.282324 -3.141588
    46 0.000000 0.000000 2.279457 0.547137 -0.343566 0.107833
    47 2.479414 -8.323895 6.074242 -0.027994 -0.213698 1.062943
    48 0.000003 -5.075260 5.925699 0.000000 0.000000 0.000000
    49 -1.068383 -10.478611 7.065971 0.292219 1.282324 3.141588
    50 -0.000488 0.000015 2.279600 0.547136 0.343566 0.107835
    51 -2.479401 -8.323895 6.074234 -0.012776 -0.226255 1.063125
    52 -5.790000 4.432083 14.255558 -5.942636 0.963979 -2.356769
    53 1.044540 -2.839314 19.743252 -0.187559 0.158137 -0.084126
    54 -2.655510 -1.533379 24.792648 -0.819879 -0.089713 0.024595
    55 -1.120216 -0.154385 9.795983 -0.023543 -0.000821 0.204485
    56 -2.240372 -0.308788 19.592047 -0.011994 -0.001827 0.412780
    57 -0.683205 2.877342 14.167089 -1.604576 0.208954 -1.789836
    58 -0.144958 -0.145317 7.579308 -1.541365 0.304893 -0.166486
    59 -0.038551 -0.936644 4.697678 -2.189566 0.238585 -0.365176
    60 -0.506317 8.500896 13.617329 -1.710239 0.278103 -1.993683
    61 0.385056 -0.460075 7.003435 -1.471905 0.596213 -0.385469
    62 -0.456360 -0.710276 5.057732 -1.989883 0.545811 -0.699342
    63 2.452194 -8.899408 11.597939 -1.419551 0.110567 -1.352620
    64 -0.680515 -0.903999 6.074242 -1.453563 -0.173887 -0.003180
    65 -0.248295 -0.666843 3.386627 -1.668562 -0.122147 0.124610
    66 0.717491 -3.784309 13.044010 -1.725747 0.009831 -1.454323
    67 -1.099228 -1.407673 8.017876 -1.350961 -0.015605 0.007751
    68 -0.064053 -0.807640 3.686100 -1.839804 -0.037732 0.018150
    69 4.004906 6.172710 4.754800 -0.720161 -0.940295 -1.497252
    70 -0.158381 -1.149773 5.804405 -0.345807 0.685485 0.599739
    71 1.078559 -2.386406 5.215008 -1.052553 1.087659 -0.156281
    72 6.289963 0.932404 13.569109 -0.126801 -0.612098 -2.869612
    73 -1.327759 -0.766682 12.396324 -0.009992 -0.005180 0.091008
    74 0.000017 -54.999996 0.000000 0.000000 0.000000 -1.570796
  time 23
    0 0.000000 0.000000 -1.500000 0.000000 0.000000 0.000000
    1 -10.521344 -5.760963 66.994621 3.097007 -0.050786 -3.139334
    2 10.383501 -11.075370 25.782464 -0.628230 0.200119 -0.135125
    3 -0.000034 0.000012 24.761454 -1.077198 -0.124977 0.090278
    4 0.000017 0.000000 24.344809 2.166718 -0.473854 -0.278664
    5 0.002333 -1.019846 24.031336 0.889339 -0.002358 0.088246
    6 0.000034 0.000008 13.404741 -0.000001 0.000003 0.037079
    7 10.398263 -5.760962 66.994675 3.097007 0.050786 3.139334
    8 13.051013 -10.654741 25.886362 1.065385 -0.954564 -0.090134
    9 -0.000004 -0.000006 24.761459 -1.714034 0.198629 -0.303938
    10 -0.000007 0.000004 24.344891 1.748660 0.450518 0.460715
    11 -0.002360 -1.019903 24.031330 0.389594 -0.042695 -0.017219
    12 0.000000 -0.000002 13.404737 0.000001 0.000005 0.051998
    13 -0.061540 -5.245835 72.927078 0.000000 0.000000 0.000000
    14 -11.350585 -12.642827 -26.840115 0.294867 -0.063482 0.341521
    15 0.000000 -0.005608 -1.146812 0.257257 0.024308 -0.341558
    16 0.030770 -0.240000 8.906021 -0.004138 0.000000 0.000000
    17 0.527383 -1.592943 -0.199623 0.216125 -0.164947 0.817127
    18 0.030770 -0.276858 8.905140 0.056125 0.004134 -0.000049
    19 0.291712 -0.483514 0.014450 0.246249 0.058917 0.095372
    20 5.669724 4.435303 14.302868 1.135754 -0.943278 2.273371
    21 -1.044571 -2.839317 19.743267 -0.105883 -0.510823 0.072318
    22 2.655533 -1.533369 24.792658 -0.443517 0.023672 0.559249
    23 1.120163 -0.154394 9.796035 -0.028001 0.000422 -0.243280
    24 2.240311 -0.308786 19.592051 -0.121409 0.143035 -0.491112
    25 0.683151 2.877354 14.167051 -1.511326 -0.211747 1.554295
    26 0.144936 -0.145374 7.579252 -1.768042 -0.243277 0.235266
    27 0.091660 -0.906685 4.702850 -1.587439 -0.182555 0.191106
    28 0.506271 8.500866 13.617253 -1.470438 -0.303305 1.571620
    29 -0.384987 -0.460049 7.003448 -1.747417 -0.440906 0.551347
    30 0.561516 -0.596954 5.061852 -1.494372 -0.380557 0.386314
    31 -2.452171 -8.899406 11.597897 -1.564436 -0.075962 1.475269
    32 0.680496 -0.903999 6.074253 -1.628017 0.173820 -0.014245
    33 0.245514 -0.661150 3.388004 -1.484370 0.109499 -0.099205
    34 -0.717484 -3.784271 13.043911 -1.593546 -0.028646 1.464722
    35 1.099216 -1.407745 8.017889 -1.782086 0.031962 -0.017448
    36 0.068439 -0.807653 3.686054 -1.465861 0.033996 -0.009728
    37 -4.004929 6.172707 4.754754 0.109547 1.126790 2.530940
    38 0.158352 -1.149811 5.804394 -0.869499 -0.330219 0.145630
    39 -1.083523 -1.463142 5.544399 -0.797779 -0.152810 -0.023927
    40 -6.289886 0.932434 13.569063 -0.126803 0.612110 2.869610
    41 1.327774 -0.766687 12.396328 0.024866 -0.018921 0.253125
    42 -0.096140 1.828087 23.185329 -0.146091 -0.060215 -1.452278
    43 2.325478 -0.000003 6.169296 -0.326424 -0.148559 0.471693
    44 0.000000 -3.152912 0.122169 2.323327 -0.003212 0.007826
    45 1.068383 -10.478592 7.066338 0.292219 -1.282324 -3.141588
    46 0.000000 0.000000 2.279457 0.547137 -0.343566 0.107833
    47 2.479414 -8.323895 6.074242 -0.025982 -0.211679 1.123304
    48 0.000003 -5.075260 5.925699 0.000000 0.000000 0.000000
    49 -1.068383 -10.478611 7.065971 0.292219 1.282324 3.141588
    50 -0.000488 0.000015 2.279600 0.547136 0.343566 0.107835
    51 -2.479401 -8.323895 6.074234 -0.010226 -0.223751 1.125016
    52 -5.790000 4.432083 14.255558 -5.879370 0.964851 -2.363189
    53 1.044540 -2.839314 19.743252 -0.331153 0.147707 -0.073240
    54 -2.655510 -1.533379 24.792648 -1.015343 -0.101995 -0.019253
    55 -1.120216 -0.154385 9.795983 -0.023543 -0.000821 0.204458
    56 -2.240372 -0.308788 19.592047 -0.011994 -0.001827 0.412780
    57 -0.683205 2.877342 14.167089 -1.604576 0.208954 -1.789836
    58 -0.144958 -0.145317 7.579308 -1.541365 0.304893 -0.166486
    59 -0.038551 -0.936644 4.697678 -2.189566 0.238585 -0.365188
    60 -0.506317 8.500896 13.617329 -1.710239 0.278103 -1.993683
    61 0.385056 -0.460075 7.003435 -1.471905 0.596213 -0.385469
    62 -0.456360 -0.710276 5.057732 -1.989883 0.545811 -0.699342
    63 2.452194 -8.899408 11.597939 -1.419551 0.110544 -1.352620
    64 -0.680515 -0.903999 6.074242 -1.453563 -0.173887 -0.003180
    65 -0.248295 -0.666843 3.386627 -1.668562 -0.122147 0.124610
    66 0.717491 -3.784309 13.044010 -1.725747 0.009831 -1.454323
    67 -1.099228 -1.407673 8.017876 -1.350961 -0.015605 0.007751
    68 -0.064053 -0.807640 3.686100 -1.839804 -0.037732 0.018150
    69 4.004906 6.172710 4.754800 -0.720161 -0.940295 -1.497252
    70 -0.158381 -1.149773 5.804405 -0.345842 0.685485 0.599739
    71 1.078559 -2.386406 5.215008 -1.052506 1.087659 -0.156281
    72 6.289963 0.932404 13.569109 -0.126801 -0.612098 -2.869612
    73 -1.327759 -0.766682 12.396324 -0.007320 -0.003922 0.067089
    74 0.000017 -54.999996 0.000000 0.000000 0.000000 -1.570796
  time 24
    0 0.000000 0.000000 -1.500000 0.000000 0.000000 0.000000
    1 -10.521344 -5.760963 66.994621 3.097007 -0.050786 -3.139334
    2 10.383501 -11.173585 25.804888 -0.632671 0.199201 -0.134907
    3 -0.000034 0.000012 24.761454 -1.070775 -0.124222 0.089423
    4 0.000017 0.000000 24.344809 2.165115 -0.475031 -0.277821
    5 0.002333 -1.019846 24.031336 0.889339 -0.002358 0.088246
    6 0.000034 0.000008 13.404741 -0.000001 0.000003 0.036932
    7 10.398263 -5.760962 66.994675 3.097007 0.050786 3.139334
    8 13.051013 -10.754656 25.908842 1.062741 -0.952003 -0.088731
    9 -0.000004 -0.000006 24.761459 -1.715738 0.198833 -0.299775
    10 -0.000007 0.000004 24.344891 1.753823 0.450562 0.461598
    11 -0.002360 -1.019903 24.031330 0.389594 -0.042695 -0.017219
    12 0.000000 -0.000002 13.404737 0.000001 0.000005 0.055712
    13 -0.061540 -5.245835 72.927078 0.000000 0.000000 0.000000
    14 -11.350585 -12.735992 -26.862646 0.294867 -0.063482 0.341521
    15 0.000000 -0.005608 -1.146812 0.257257 0.024308 -0.341558
    16 0.030770 -0.240000 8.906021 -0.004138 0.000000 0.000000
    17 0.523477 -1.585130 -0.199623 0.219135 -0.156807 0.788175
    18 0.030770 -0.276858 8.905140 0.056125 0.004134 -0.000049
    19 0.291712 -0.495233 0.014450 0.251432 0.062126 0.093347
    20 5.669724 4.435303 14.302868 1.158053 -0.947083 2.246346
    21 -1.044571 -2.839317 19.743267 -0.056327 -0.477477 0.065155
    22 2.655533 -1.533369 24.792658 -0.442823 0.023672 0.558845
    23 1.120163 -0.154394 9.796035 -0.028001 0.000422 -0.243245
    24 2.240311 -0.308786 19.592051 -0.121366 0.142989 -0.491112
    25 0.683151 2.877354 14.167051 -1.511326 -0.211735 1.554295
    26 0.144936 -0.145374 7.579252 -1.768042 -0.243277 0.235266
    27 0.091660 -0.906685 4.702850 -1.587439 -0.182543 0.191106
    28 0.506271 8.500866 13.617253 -1.470500 -0.303305 1.571620
    29 -0.384987 -0.460049 7.003448 -1.747417 -0.440906 0.551335
    30 0.561516 -0.596954 5.061852 -1.494372 -0.380557 0.386326
    31 -2.452171 -8.899406 11.597897 -1.564436 -0.075962 1.475269
    32 0.680496 -0.903999 6.074253 -1.628017 0.173820 -0.014245
    33 0.245514 -0.661150 3.388004 -1.484370 0.109499 -0.099205
    34 -0.717484 -3.784271 13.043911 -1.593590 -0.028646 1.464722
    35 1.099216 -1.407745 8.017889 -1.782086 0.031962 -0.017448
    36 0.068439 -0.807653 3.686054 -1.465861 0.034008 -0.009728
    37 -4.004929 6.172707 4.754754 0.109547 1.126790 2.531036
    38 0.158352 -1.149811 5.804394 -0.869542 -0.330219 0.145630
    39 -1.083523 -1.463142 5.544399 -0.797779 -0.152810 -0.023927
    40 -6.289886 0.932434 13.569063 -0.126803 0.612110 2.869610
    41 1.327774 -0.766687 12.396328 0.024818 -0.018873 0.252572
    42 -0.096140 1.828087 23.185329 -0.146091 -0.060215 -1.452247
    43 2.325478 -0.000003 6.169296 -0.332823 -0.133164 0.517194
    44 0.000000 -3.152912 0.122169 2.323148 0.011481 -0.027960
    45 1.068383 -10.478592 7.066338 0.292219 -1.282324 -3.141588
    46 0.000000 0.000000 2.279457 0.547137 -0.343566 0.107833
    47 2.479414 -8.323895 6.074242 -0.026716 -0.214825 1.102770
    48 0.000003 -5.075260 5.925699 0.000000 0.000000 0.000000
    49 -1.068383 -10.478611 7.065971 0.292219 1.282324 3.141588
    50 -0.000488 0.000015 2.279600 0.547136 0.343566 0.107835
    51 -2.479401 -8.323895 6.074234 -0.011089 -0.227909 1.104226
    52 -5.790000 4.432083 14.255558 -5.816008 0.965931 -2.369417
    53 1.044540 -2.839314 19.743252 -0.469236 0.142365 -0.057645
    54 -2.655510 -1.533379 24.792648 -1.200340 -0.117553 -0.044168
    55 -1.120216 -0.154385 9.795983 -0.023543 -0.000821 0.204458
    56 -2.240372 -0.308788 19.592047 -0.011994 -0.001827 0.412780
    57 -0.683205 2.877342 14.167089 -1.604527 0.208954 -1.789836
    58 -0.144958 -0.145317 7.579308 -1.541365 0.304893 -0.166486
    59 -0.038551 -0.936644 4.697678 -2.189566 0.238597 -0.365188
    60 -0.506317 8.500896 13.617329 -1.710239 0.278103 -1.993728
    61 0.385056 -0.460075 7.003435 -1.471905 0.596213 -0.385469
    62 -0.456360 -0.710276 5.057732 -1.989883 0.545811 -0.699342
    63 2.452194 -8.899408 11.597939 -1.419551 0.110567 -1.352620
    64 -0.680515 -0.903999 6.074242 -1.453563 -0.173887 -0.003180
    65 -0.248295 -0.666843 3.386627 -1.668562 -0.122147 0.124610
    66 0.717491 -3.784309 13.044010 -1.725747 0.009831 -1.454323
    67 -1.099228 -1.407673 8.017876 -1.350961 -0.015605 0.007751
    68 -0.064053 -0.807640 3.686100 -1.839804 -0.037732 0.018150
    69 4.004906 6.172710 4.754800 -0.720161 -0.940295 -1.497252
    70 -0.158381 -1.149773 5.804405 -0.345807 0.685485 0.599739
    71 1.078559 -2.386406 5.215008 -1.052506 1.087689 -0.156281
    72 6.289963 0.932404 13.569109 -0.126801 -0.612098 -2.869612
    73 -1.327759 -0.766682 12.396324 -0.005139 -0.002819 0.047288
    74 0.000017 -54.999996 0.000000 0.000000 0.000000 -1.570796
  time 25
    0 0.000000 0.000000 -1.500000 0.000000 0.000000 0.000000
    1 -10.521344 -5.760963 66.994621 3.097007 -0.050786 -3.139334
    2 10.379594 -11.210416 25.804888 -0.634584 0.198755 -0.134776
    3 -0.000034 0.000012 24.761454 -1.068133 -0.123910 0.089057
    4 0.000017 0.000000 24.344809 2.164437 -0.475483 -0.277497
    5 0.002333 -1.019846 24.031336 0.889339 -0.002358 0.088246
    6 0.000034 0.000008 13.404741 -0.000001 0.000003 0.036826
    7 10.398263 -5.760962 66.994675 3.097007 0.050786 3.139334
    8 13.051013 -10.804614 25.908842 1.061632 -0.950979 -0.088071
    9 -0.000004 -0.000006 24.761459 -1.716563 0.198929 -0.298089
    10 -0.000007 0.000004 24.344891 1.756147 0.450629 0.462039
    11 -0.002360 -1.019903 24.031330 0.389594 -0.042695 -0.017219
    12 0.000000 -0.000002 13.404737 0.000001 0.000005 0.057301
    13 -0.061540 -5.245835 72.927078 0.000000 0.000000 0.000000
    14 -11.350585 -12.782575 -26.885177 0.294867 -0.063482 0.341521
    15 0.000000 -0.005608 -1.146812 0.257257 0.024308 -0.341558
    16 0.030770 -0.240000 8.906021 -0.004138 0.000000 0.000000
    17 0.527383 -1.581224 -0.195717 0.222481 -0.147223 0.755390
    18 0.030770 -0.276858 8.905140 0.056125 0.004134 -0.000049
    19 0.295619 -0.503046 0.014450 0.256043 0.065109 0.090890
    20 5.669724 4.435303 14.302868 1.145994 -0.945075 2.261104
    21 -1.044571 -2.839317 19.743267 -0.010439 -0.470067 0.057935
    22 2.655533 -1.533369 24.792658 -0.443083 0.024210 0.553992
    23 1.120163 -0.154394 9.796035 -0.028001 0.000422 -0.243245
    24 2.240311 -0.308786 19.592051 -0.121409 0.143035 -0.491112
    25 0.683151 2.877354 14.167051 -1.511326 -0.211747 1.554295
    26 0.144936 -0.145374 7.579252 -1.768042 -0.243277 0.235266
    27 0.091660 -0.906685 4.702850 -1.587439 -0.182555 0.191106
    28 0.506271 8.500866 13.617253 -1.470438 -0.303305 1.571620
    29 -0.384987 -0.460049 7.003448 -1.747417 -0.440906 0.551347
    30 0.561516 -0.596954 5.061852 -1.494372 -0.380557 0.386326
    31 -2.452171 -8.899406 11.597897 -1.564436 -0.075962 1.475269
    32 0.680496 -0.903999 6.074253 -1.628017 0.173820 -0.014245
    33 0.245514 -0.661150 3.388004 -1.484370 0.109499 -0.099205
    34 -0.717484 -3.784271 13.043911 -1.593546 -0.028658 1.464722
    35 1.099216 -1.407745 8.017889 -1.782086 0.031962 -0.017448
    36 0.068439 -0.807653 3.686054 -1.465861 0.033996 -0.009728
    37 -4.004929 6.172707 4.754754 0.109547 1.126790 2.531036
    38 0.158352 -1.149811 5.804394 -0.869542 -0.330219 0.145630
    39 -1.083523 -1.463142 5.544399 -0.797779 -0.152810 -0.023927
    40 -6.289886 0.932434 13.569063 -0.126803 0.612110 2.869610
    41 1.327774 -0.766687 12.396328 0.024890 -0.018945 0.253376
    42 -0.096140 1.828087 23.185329 -0.146091 -0.060215 -1.452247
    43 2.325478 -0.000003 6.169296 -0.328621 -0.143495 0.486780
    44 0.000000 -3.152912 0.122169 2.322936 -0.016443 0.040005
    45 1.068383 -10.478592 7.066338 0.292219 -1.282324 -3.141588
    46 0.000000 0.000000 2.279457 0.547137 -0.343566 0.107833
    47 2.479414 -8.323895 6.074242 -0.024351 -0.218488 1.172204
    48 0.000003 -5.075260 5.925699 0.000000 0.000000 0.000000
    49 -1.068383 -10.478611 7.065971 0.292219 1.282324 3.141588
    50 -0.000488 0.000015 2.279600 0.547136 0.343566 0.107835
    51 -2.479401 -8.323895 6.074234 -0.008137 -0.231831 1.175123
    52 -5.790000 4.432083 14.255558 -5.752263 0.967178 -2.375645
    53 1.044540 -2.839314 19.743252 -0.596968 0.142068 -0.040309
    54 -2.655510 -1.533379 24.792648 -1.356198 -0.132566 -0.063631
    55 -1.120216 -0.154385 9.795983 -0.023543 -0.000821 0.204485
    56 -2.240372 -0.308788 19.592047 -0.011994 -0.001827 0.412780
    57 -0.683205 2.877342 14.167089 -1.604576 0.208954 -1.789836
    58 -0.144958 -0.145317 7.579308 -1.541365 0.304893 -0.166486
    59 -0.038551 -0.936644 4.697678 -2.189566 0.238585 -0.365176
    60 -0.506317 8.500896 13.617329 -1.710239 0.278103 -1.993728
    61 0.385056 -0.460075 7.003435 -1.471905 0.596213 -0.385469
    62 -0.456360 -0.710276 5.057732 -1.989883 0.545811 -0.699342
    63 2.452194 -8.899408 11.597939 -1.419551 0.110567 -1.352644
    64 -0.680515 -0.903999 6.074242 -1.453563 -0.173887 -0.003180
    65 -0.248295 -0.666843 3.386627 -1.668562 -0.122147 0.124610
    66 0.717491 -3.784309 13.044010 -1.725747 0.009831 -1.454323
    67 -1.099228 -1.407673 8.017876 -1.350961 -0.015605 0.007751
    68 -0.064053 -0.807640 3.686100 -1.839860 -0.037732 0.018150
    69 4.004906 6.172710 4.754800 -0.720236 -0.940295 -1.497252
    70 -0.158381 -1.149773 5.804405 -0.345807 0.685485 0.599739
    71 1.078559 -2.386406 5.215008 -1.052553 1.087659 -0.156281
    72 6.289963 0.932404 13.569109 -0.126801 -0.612098 -2.869612
    73 -1.327759 -0.766682 12.396324 -0.002958 -0.001669 0.027348
    74 0.000017 -54.999996 0.000000 0.000000 0.000000 -1.570796
  time 26
    0 0.000000 0.000000 -1.500000 0.000000 0.000000 0.000000
    1 -10.521344 -5.760963 66.994621 3.097007 -0.050786 -3.139334
    2 10.379594 -11.222693 25.827313 -0.634993 0.198700 -0.134776
    3 -0.000034 0.000012 24.761454 -1.067645 -0.123850 0.088935
    4 0.000017 0.000000 24.344809 2.164437 -0.475597 -0.277410
    5 0.002333 -1.019846 24.031336 0.889339 -0.002358 0.088246
    6 0.000034 0.000008 13.404741 -0.000001 0.000003 0.036805
    7 10.398263 -5.760962 66.994675 3.097007 0.050786 3.139334
    8 13.051013 -10.804614 25.908842 1.061376 -0.950796 -0.087906
    9 -0.000004 -0.000006 24.761459 -1.716783 0.198953 -0.297694
    10 -0.000007 0.000004 24.344891 1.756599 0.450629 0.462144
    11 -0.002360 -1.019903 24.031330 0.389594 -0.042695 -0.017219
    12 0.000000 -0.000002 13.404737 0.000001 0.000005 0.057623
    13 -0.061540 -5.245835 72.927078 0.000000 0.000000 0.000000
    14 -11.350585 -12.782575 -26.885177 0.294867 -0.063482 0.341521
    15 0.000000 -0.005608 -1.146812 0.257257 0.024308 -0.341558
    16 0.030770 -0.240000 8.906021 -0.004138 0.000000 0.000000
    17 0.546915 -1.569504 -0.199623 0.229088 -0.132891 0.723243
    18 0.030770 -0.276858 8.905140 0.056125 0.004134 -0.000049
    19 0.237023 -0.463982 0.018356 0.241066 0.048302 0.086588
    20 5.669724 4.435303 14.302868 1.133935 -0.942961 2.275671
    21 -1.044571 -2.839317 19.743267 0.035791 -0.475338 0.049108
    22 2.655533 -1.533369 24.792658 -0.442389 0.022827 0.566932
    23 1.120163 -0.154394 9.796035 -0.028013 0.000410 -0.243280
    24 2.240311 -0.308786 19.592051 -0.121409 0.142989 -0.491112
    25 0.683151 2.877354 14.167051 -1.511326 -0.211747 1.554295
    26 0.144936 -0.145374 7.579252 -1.768042 -0.243277 0.235266
    27 0.091660 -0.906685 4.702850 -1.587439 -0.182555 0.191106
    28 0.506271 8.500866 13.617253 -1.470500 -0.303305 1.571620
    29 -0.384987 -0.460049 7.003448 -1.747417 -0.440906 0.551347
    30 0.561516 -0.596954 5.061852 -1.494372 -0.380557 0.386314
    31 -2.452171 -8.899406 11.597897 -1.564436 -0.075962 1.475269
    32 0.680496 -0.903999 6.074253 -1.628017 0.173820 -0.014245
    33 0.245514 -0.661150 3.388004 -1.484370 0.109499 -0.099205
    34 -0.717484 -3.784271 13.043911 -1.593590 -0.028646 1.464722
    35 1.099216 -1.407745 8.017889 -1.782086 0.031950 -0.017448
    36 0.068439 -0.807653 3.686054 -1.465861 0.033996 -0.009740
    37 -4.004929 6.172707 4.754754 0.109547 1.126790 2.530940
    38 0.158352 -1.149811 5.804394 -0.869542 -0.330219 0.145630
    39 -1.083523 -1.463142 5.544399 -0.797779 -0.152810 -0.023927
    40 -6.289886 0.932434 13.569063 -0.126803 0.612110 2.869610
    41 1.327774 -0.766687 12.396328 0.026005 -0.020023 0.265930
    42 -0.096140 1.828087 23.185329 -0.146091 -0.060215 -1.452247
    43 2.325478 -0.000003 6.169296 -0.329432 -0.141556 0.492568
    44 0.000000 -3.152912 0.122169 2.323213 0.006316 -0.015364
    45 1.068383 -10.478592 7.066338 0.292219 -1.282324 -3.141588
    46 0.000000 0.000000 2.279457 0.547137 -0.343566 0.107833
    47 2.479414 -8.323895 6.074242 -0.022856 -0.211867 1.213941
    48 0.000003 -5.075260 5.929606 0.000000 0.000000 0.000000
    49 -1.068383 -10.478611 7.065971 0.292219 1.282324 3.141588
    50 -0.000488 0.000015 2.279600 0.547136 0.343566 0.107835
    51 -2.479401 -8.323895 6.074234 -0.006289 -0.224838 1.217757
    52 -5.790000 4.432083 14.255558 -5.706251 0.968257 -2.380052
    53 1.044540 -2.839314 19.743252 -0.697706 0.145248 -0.025722
    54 -2.655510 -1.533379 24.792648 -1.464398 -0.142791 -0.093544
    55 -1.120216 -0.154385 9.795983 -0.023543 -0.000821 0.204485
    56 -2.240372 -0.308788 19.592047 -0.011994 -0.001827 0.412780
    57 -0.683205 2.877342 14.167089 -1.604576 0.208954 -1.789836
    58 -0.144958 -0.145317 7.579308 -1.541365 0.304893 -0.166486
    59 -0.038551 -0.936644 4.697678 -2.189566 0.238585 -0.365176
    60 -0.506317 8.500896 13.617329 -1.710239 0.278103 -1.993683
    61 0.385056 -0.460075 7.003435 -1.471905 0.596196 -0.385469
    62 -0.456360 -0.710276 5.057732 -1.989883 0.545811 -0.699342
    63 2.452194 -8.899408 11.597939 -1.419591 0.110567 -1.352644
    64 -0.680515 -0.903999 6.074242 -1.453509 -0.173887 -0.003180
    65 -0.248295 -0.666843 3.386627 -1.668562 -0.122135 0.124610
    66 0.717491 -3.784309 13.044010 -1.725747 0.009831 -1.454323
    67 -1.099228 -1.407673 8.017876 -1.350961 -0.015605 0.007751
    68 -0.064053 -0.807640 3.686100 -1.839860 -0.037732 0.018150
    69 4.004906 6.172710 4.754800 -0.720236 -0.940295 -1.497252
    70 -0.158381 -1.149773 5.804405 -0.345807 0.685485 0.599739
    71 1.078559 -2.386406 5.215008 -1.052506 1.087659 -0.156281
    72 6.289963 0.932404 13.569109 -0.126801 -0.612098 -2.869612
    73 -1.327759 -0.766682 12.396324 -0.000333 -0.000194 0.003059
    74 0.000017 -54.999996 0.000000 0.000000 0.000000 -1.570796
  time 27
    0 0.000000 0.000000 -1.500000 0.000000 0.000000 0.000000
    1 -10.521344 -5.760963 66.994621 3.097007 -0.050786 -3.139334
    2 8.727200 -8.546309 25.715190 -0.546452 0.249137 -0.133028
    3 -0.000034 0.000012 24.761454 -1.173623 -0.136098 0.097893
    4 0.000017 0.000000 24.344809 2.225961 -0.481459 -0.312737
    5 0.002333 -1.019846 24.031336 0.831359 -0.002885 0.077675
    6 0.000034 0.000008 13.404741 -0.000001 0.000003 0.036109
    7 10.398263 -5.760962 66.994675 3.097007 0.050786 3.139334
    8 11.363462 -8.631463 25.684041 1.172023 -0.950211 -0.138076
    9 -0.000004 -0.000006 24.761459 -1.744392 0.202141 -0.372556
    10 -0.000007 0.000004 24.344891 1.661015 0.413477 0.409030
    11 -0.002360 -1.019903 24.031330 0.389594 -0.042695 -0.017219
    12 0.000000 -0.000002 13.404737 0.000001 0.000005 -0.032849
    13 -0.061540 -5.245835 72.927078 0.000000 0.000000 0.000000
    14 -9.807569 -10.232168 -26.524679 0.293971 -0.063843 0.277684
    15 0.000000 -0.005608 -1.146812 0.221660 0.024135 -0.300088
    16 0.030770 -0.240000 8.906021 -0.004138 0.000000 0.000000
    17 0.425817 -1.682789 -0.199623 0.242578 -0.127194 0.641180
    18 0.030770 -0.276858 8.905140 0.056125 0.004134 -0.000049
    19 0.100300 -0.518671 0.018356 0.275417 0.010060 0.065207
    20 5.669724 4.435303 14.302868 1.146186 -0.997081 2.209450
    21 -1.044571 -2.839317 19.743267 0.085592 -0.555336 0.027619
    22 2.655533 -1.533369 24.792658 -0.539424 0.039504 0.441338
    23 1.120163 -0.154394 9.796035 -0.025101 0.000698 -0.217858
    24 2.240311 -0.308786 19.592051 -0.150828 0.133826 -0.433311
    25 0.683151 2.877354 14.167051 -1.511326 -0.211747 1.554295
    26 0.144936 -0.145374 7.579252 -1.768042 -0.243277 0.235266
    27 0.091660 -0.906685 4.702850 -1.587439 -0.182567 0.191106
    28 0.506271 8.500866 13.617253 -1.470500 -0.303305 1.571620
    29 -0.384987 -0.460049 7.003448 -1.747417 -0.440906 0.551347
    30 0.561516 -0.596954 5.061852 -1.494372 -0.380569 0.386314
    31 -2.452171 -8.899406 11.597897 -1.564436 -0.075962 1.475269
    32 0.680496 -0.903999 6.074253 -1.628017 0.173820 -0.014245
    33 0.245514 -0.661150 3.388004 -1.484370 0.109499 -0.099205
    34 -0.717484 -3.784271 13.043911 -1.593590 -0.028646 1.464722
    35 1.099216 -1.407745 8.017889 -1.782086 0.031950 -0.017448
    36 0.068439 -0.807653 3.686054 -1.465861 0.033996 -0.009740
    37 -4.004929 6.172707 4.754754 0.109547 1.126790 2.531036
    38 0.158352 -1.149811 5.804394 -0.869542 -0.330219 0.145630
    39 -1.083523 -1.463142 5.544399 -0.797779 -0.152810 -0.023927
    40 -6.289886 0.932434 13.569063 -0.126803 0.612110 2.869610
    41 1.327774 -0.766687 12.396328 0.021450 -0.015685 0.215212
    42 -0.096140 1.828087 23.185329 -0.137017 -0.081120 -1.447875
    43 2.325478 -0.000003 6.169296 -0.310237 -0.117046 0.608235
    44 0.000000 -3.152912 0.122169 2.255331 0.007287 -0.017725
    45 1.068383 -10.478592 7.066338 0.292219 -1.282324 -3.141588
    46 0.000000 0.000000 2.279457 0.547137 -0.343566 0.107833
    47 2.479414 -8.323895 6.074242 -0.021197 -0.039759 1.242593
    48 0.000003 -5.075260 5.859291 0.000000 0.000000 0.000000
    49 -1.068383 -10.478611 7.065971 0.292219 1.282324 3.141588
    50 -0.000488 0.000015 2.279600 0.547136 0.343566 0.107835
    51 -2.479401 -8.323895 6.074234 -0.004863 -0.051899 1.247553
    52 -5.790000 4.432083 14.255558 -5.591605 1.098517 -2.302346
    53 1.044540 -2.839314 19.743252 -0.456213 0.022466 -0.044609
    54 -2.655510 -1.533379 24.792648 -1.629768 -0.182914 0.176737
    55 -1.120216 -0.154385 9.795983 -0.020175 -0.001013 0.175295
    56 -2.240372 -0.308788 19.592047 -0.025129 -0.005193 0.352464
    57 -0.683205 2.877342 14.167089 -1.604576 0.208954 -1.789836
    58 -0.144958 -0.145317 7.579308 -1.541365 0.304893 -0.166486
    59 -0.038551 -0.936644 4.697678 -2.189566 0.238585 -0.365176
    60 -0.506317 8.500896 13.617329 -1.710239 0.278103 -1.993683
    61 0.385056 -0.460075 7.003435 -1.471905 0.596196 -0.385469
    62 -0.456360 -0.710276 5.057732 -1.989883 0.545811 -0.699342
    63 2.452194 -8.899408 11.597939 -1.419551 0.110567 -1.352644
    64 -0.680515 -0.903999 6.074242 -1.453563 -0.173875 -0.003180
    65 -0.248295 -0.666843 3.386627 -1.668562 -0.122135 0.124610
    66 0.717491 -3.784309 13.044010 -1.725747 0.009831 -1.454323
    67 -1.099228 -1.407673 8.017876 -1.350961 -0.015605 0.007751
    68 -0.064053 -0.807640 3.686100 -1.839804 -0.037732 0.018150
    69 4.004906 6.172710 4.754800 -0.720161 -0.940295 -1.497252
    70 -0.158381 -1.149773 5.804405 -0.345842 0.685512 0.599739
    71 1.078559 -2.386406 5.215008 -1.052553 1.087659 -0.156281
    72 6.289963 0.932404 13.569109 -0.126801 -0.612098 -2.869612
    73 -1.327759 -0.766682 12.396324 -0.017015 -0.008164 0.152772
    74 0.000017 -54.999996 0.000000 0.000000 0.000000 -1.570796
  time 28
    0 0.000000 0.000000 -1.500000 0.000000 0.000000 0.000000
    1 -10.521344 -5.760963 66.994621 3.097007 -0.050786 -3.139334
    2 8.727200 -8.546309 25.715190 -0.546452 0.249137 -0.133028
    3 -0.000034 0.000012 24.761454 -1.173623 -0.136098 0.097893
    4 0.000017 0.000000 24.344809 2.225961 -0.481459 -0.312737
    5 0.002333 -1.019846 24.031336 0.831359 -0.002885 0.077675
    6 0.000034 0.000008 13.404741 -0.000001 0.000003 0.036109
    7 10.398263 -5.760962 66.994675 3.097007 0.050786 3.139334
    8 11.363462 -8.631463 25.684041 1.172023 -0.950211 -0.138076
    9 -0.000004 -0.000006 24.761459 -1.744392 0.202141 -0.372556
    10 -0.000007 0.000004 24.344891 1.661015 0.413477 0.409030
    11 -0.002360 -1.019903 24.031330 0.389594 -0.042695 -0.017219
    12 0.000000 -0.000002 13.404737 0.000001 0.000005 -0.032849
    13 -0.061540 -5.245835 72.927078 0.000000 0.000000 0.000000
    14 -9.807569 -10.232168 -26.524679 0.293971 -0.063843 0.277684
    15 0.000000 -0.005608 -1.146812 0.221660 0.024135 -0.300088
    16 0.030770 -0.240000 8.906021 -0.004138 0.000000 0.000000
    17 0.425817 -1.682789 -0.199623 0.242578 -0.127194 0.641180
    18 0.030770 -0.276858 8.905140 0.056125 0.004134 -0.000049
    19 0.100300 -0.518671 0.018356 0.275417 0.010060 0.065207
    20 5.669724 4.435303 14.302868 1.146186 -0.997081 2.209450
    21 -1.044571 -2.839317 19.743267 0.085592 -0.555336 0.027619
    22 2.655533 -1.533369 24.792658 -0.539424 0.039504 0.441338
    23 1.120163 -0.154394 9.796035 -0.025101 0.000698 -0.217858
    24 2.240311 -0.308786 19.592051 -0.150828 0.133826 -0.433311
    25 0.683151 2.877354 14.167051 -1.511326 -0.211747 1.554295
    26 0.144936 -0.145374 7.579252 -1.768042 -0.243277 0.235266
    27 0.091660 -0.906685 4.702850 -1.587439 -0.182567 0.191106
    28 0.506271 8.500866 13.617253 -1.470500 -0.303305 1.571620
    29 -0.384987 -0.460049 7.003448 -1.747417 -0.440906 0.551347
    30 0.561516 -0.596954 5.061852 -1.494372 -0.380569 0.386314
    31 -2.452171 -8.899406 11.597897 -1.564436 -0.075962 1.475269
    32 0.680496 -0.903999 6.074253 -1.628017 0.173820 -0.014245
    33 0.245514 -0.661150 3.388004 -1.484370 0.109499 -0.099205
    34 -0.717484 -3.784271 13.043911 -1.593590 -0.028646 1.464722
    35 1.099216 -1.407745 8.017889 -1.782086 0.031950 -0.017448
    36 0.068439 -0.807653 3.686054 -1.465861 0.033996 -0.009740
    37 -4.004929 6.172707 4.754754 0.109547 1.126790 2.531036
    38 0.158352 -1.149811 5.804394 -0.869542 -0.330219 0.145630
    39 -1.083523 -1.463142 5.544399 -0.797779 -0.152810 -0.023927
    40 -6.289886 0.932434 13.569063 -0.126803 0.612110 2.869610
    41 1.327774 -0.766687 12.396328 0.021450 -0.015685 0.215212
    42 -0.096140 1.828087 23.185329 -0.137017 -0.081120 -1.447875
    43 2.325478 -0.000003 6.169296 -0.310237 -0.117046 0.608235
    44 0.000000 -3.152912 0.122169 2.255331 0.007287 -0.017725
    45 1.068383 -10.478592 7.066338 0.292219 -1.282324 -3.141588
    46 0.000000 0.000000 2.279457 0.547137 -0.343566 0.107833
    47 2.479414 -8.323895 6.074242 -0.021197 -0.039759 1.242593
    48 0.000003 -5.075260 5.859291 0.000000 0.000000 0.000000
    49 -1.068383 -10.478611 7.065971 0.292219 1.282324 3.141588
    50 -0.000488 0.000015 2.279600 0.547136 0.343566 0.107835
    51 -2.479401 -8.323895 6.074234 -0.004863 -0.051899 1.247553
    52 -5.790000 4.432083 14.255558 -5.591605 1.098517 -2.302346
    53 1.044540 -2.839314 19.743252 -0.456213 0.022466 -0.044609
    54 -2.655510 -1.533379 24.792648 -1.629768 -0.182914 0.176737
    55 -1.120216 -0.154385 9.795983 -0.020175 -0.001013 0.175295
    56 -2.240372 -0.308788 19.592047 -0.025129 -0.005193 0.352464
    57 -0.683205 2.877342 14.167089 -1.604576 0.208954 -1.789836
    58 -0.144958 -0.145317 7.579308 -1.541365 0.304893 -0.166486
    59 -0.038551 -0.936644 4.697678 -2.189566 0.238585 -0.365176
    60 -0.506317 8.500896 13.617329 -1.710239 0.278103 -1.993683
    61 0.385056 -0.460075 7.003435 -1.471905 0.596196 -0.385469
    62 -0.456360 -0.710276 5.057732 -1.989883 0.545811 -0.699342
    63 2.452194 -8.899408 11.597939 -1.419551 0.110567 -1.352644
    64 -0.680515 -0.903999 6.074242 -1.453563 -0.173875 -0.003180
    65 -0.248295 -0.666843 3.386627 -1.668562 -0.122135 0.124610
    66 0.717491 -3.784309 13.044010 -1.725747 0.009831 -1.454323
    67 -1.099228 -1.407673 8.017876 -1.350961 -0.015605 0.007751
    68 -0.064053 -0.807640 3.686100 -1.839804 -0.037732 0.018150
    69 4.004906 6.172710 4.754800 -0.720161 -0.940295 -1.497252
    70 -0.158381 -1.149773 5.804405 -0.345842 0.685512 0.599739
    71 1.078559 -2.386406 5.215008 -1.052553 1.087659 -0.156281
    72 6.289963 0.932404 13.569109 -0.126801 -0.612098 -2.869612
    73 -1.327759 -0.766682 12.396324 -0.017015 -0.008164 0.152772
    74 0.000017 -54.999996 0.000000 0.000000 0.000000 -1.570796
  time 29
    0 0.000000 0.000000 -1.500000 0.000000 0.000000 0.000000
    1 -10.521344 -5.760963 66.994621 3.097007 -0.050786 -3.139334
    2 7.102151 -5.845371 25.468520 -0.456544 0.302858 -0.127042
    3 -0.000034 0.000012 24.761454 -1.265779 -0.146765 0.116175
    4 0.000017 0.000000 24.344809 2.267141 -0.483270 -0.342748
    5 0.002333 -1.019846 24.031336 0.771475 -0.004719 0.067201
    6 0.000034 0.000008 13.404741 -0.000001 0.000003 0.038514
    7 10.398263 -5.760962 66.994675 3.097007 0.050786 3.139334
    8 9.695442 -6.408355 25.324358 1.266973 -0.936932 -0.180407
    9 -0.000004 -0.000006 24.761459 -1.751047 0.202908 -0.436507
    10 -0.000007 0.000004 24.344891 1.560850 0.376947 0.350746
    11 -0.002360 -1.019903 24.031330 0.389594 -0.042695 -0.017219
    12 0.000000 -0.000002 13.404737 0.000001 0.000005 -0.115721
    13 -0.061540 -5.245835 72.927078 0.000000 0.000000 0.000000
    14 -8.284085 -7.600241 -26.028995 0.293075 -0.064256 0.214929
    15 0.000000 -0.005608 -1.146812 0.185009 0.023900 -0.257314
    16 0.030770 -0.240000 8.906021 -0.004138 0.000000 0.000000
    17 0.296907 -1.796074 -0.207436 0.252889 -0.134980 0.599090
    18 0.030770 -0.276858 8.905140 0.056125 0.004134 -0.000049
    19 -0.024704 -0.581173 0.018356 0.312842 -0.024397 0.045085
    20 5.669724 4.435303 14.302868 1.138051 -1.046162 2.171691
    21 -1.044571 -2.839317 19.743267 0.052913 -0.648171 0.024038
    22 2.655533 -1.533369 24.792658 -0.644487 0.058487 0.289945
    23 1.120163 -0.154394 9.796035 -0.022093 0.000901 -0.191712
    24 2.240311 -0.308786 19.592051 -0.181291 0.128669 -0.373690
    25 0.683151 2.877354 14.167051 -1.511326 -0.211747 1.554295
    26 0.144936 -0.145374 7.579252 -1.768042 -0.243277 0.235266
    27 0.091660 -0.906685 4.702850 -1.587439 -0.182567 0.191106
    28 0.506271 8.500866 13.617253 -1.470500 -0.303305 1.571620
    29 -0.384987 -0.460049 7.003448 -1.747417 -0.440906 0.551347
    30 0.561516 -0.596954 5.061852 -1.494372 -0.380569 0.386314
    31 -2.452171 -8.899406 11.597897 -1.564436 -0.075962 1.475269
    32 0.680496 -0.903999 6.074253 -1.628017 0.173820 -0.014245
    33 0.245514 -0.661150 3.388004 -1.484370 0.109499 -0.099205
    34 -0.717484 -3.784271 13.043911 -1.593590 -0.028646 1.464722
    35 1.099216 -1.407745 8.017889 -1.782086 0.031962 -0.017448
    36 0.068439 -0.807653 3.686054 -1.465861 0.033996 -0.009728
    37 -4.004929 6.172707 4.754754 0.109547 1.126790 2.531036
    38 0.158352 -1.149811 5.804394 -0.869542 -0.330219 0.145630
    39 -1.083523 -1.463142 5.544399 -0.797779 -0.152810 -0.023913
    40 -6.289886 0.932434 13.569063 -0.126803 0.612110 2.869610
    41 1.327774 -0.766687 12.396328 0.014631 -0.009908 0.143102
    42 -0.096140 1.828087 23.185329 -0.127669 -0.103203 -1.443534
    43 2.325478 -0.000003 6.169296 -0.287842 -0.098757 0.723462
    44 0.000000 -3.152912 0.122169 2.188475 0.006040 -0.014693
    45 1.068383 -10.478592 7.066338 0.292219 -1.282324 -3.141588
    46 0.000000 0.000000 2.279457 0.547137 -0.343566 0.107833
    47 2.479414 -8.323895 6.074242 -0.021796 0.154843 1.228458
    48 0.000003 -5.075260 5.800696 0.000000 0.000000 0.000000
    49 -1.068383 -10.478611 7.065971 0.292219 1.282324 3.141588
    50 -0.000488 0.000015 2.279600 0.547136 0.343566 0.107835
    51 -2.479401 -8.323895 6.074234 -0.005466 0.145847 1.233949
    52 -5.790000 4.432083 14.255558 -5.454912 1.229358 -2.188422
    53 1.044540 -2.839314 19.743252 -0.226797 0.055917 -0.081513
    54 -2.655510 -1.533379 24.792648 -1.707068 -0.204891 0.416953
    55 -1.120216 -0.154385 9.795983 -0.016879 -0.001073 0.146649
    56 -2.240372 -0.308788 19.592047 -0.038876 -0.011381 0.292835
    57 -0.683205 2.877342 14.167089 -1.604576 0.208954 -1.789836
    58 -0.144958 -0.145317 7.579308 -1.541365 0.304893 -0.166486
    59 -0.038551 -0.936644 4.697678 -2.189566 0.238585 -0.365176
    60 -0.506317 8.500896 13.617329 -1.710239 0.278103 -1.993683
    61 0.385056 -0.460075 7.003435 -1.471905 0.596213 -0.385469
    62 -0.456360 -0.710276 5.057732 -1.989883 0.545811 -0.699342
    63 2.452194 -8.899408 11.597939 -1.419551 0.110567 -1.352644
    64 -0.680515 -0.903999 6.074242 -1.453563 -0.173887 -0.003180
    65 -0.248295 -0.666843 3.386627 -1.668562 -0.122147 0.124610
    66 0.717491 -3.784309 13.044010 -1.725747 0.009843 -1.454323
    67 -1.099228 -1.407673 8.017876 -1.350961 -0.015605 0.007751
    68 -0.064053 -0.807640 3.686100 -1.839804 -0.037732 0.018150
    69 4.004906 6.172710 4.754800 -0.720161 -0.940295 -1.497252
    70 -0.158381 -1.149773 5.804405 -0.345842 0.685485 0.599739
    71 1.078559 -2.386406 5.215008 -1.052553 1.087659 -0.156281
    72 6.289963 0.932404 13.569109 -0.126801 -0.612098 -2.869612
    73 -1.327759 -0.766682 12.396324 -0.031553 -0.012802 0.276345
    74 0.000017 -54.999996 0.000000 0.000000 0.000000 -1.570796
  time 30
    0 0.000000 0.000000 -1.500000 0.000000 0.000000 0.000000
    1 -10.521344 -5.760963 66.994621 3.097007 -0.050786 -3.139334
    2 5.336472 -2.788400 25.042454 -0.354134 0.366851 -0.115683
    3 -0.000034 0.000012 24.761454 -1.351878 -0.156736 0.150867
    4 0.000017 0.000000 24.344809 2.286190 -0.479558 -0.366601
    5 0.002333 -1.019846 24.031336 0.702258 -0.008362 0.055744
    6 0.000034 0.000008 13.404741 -0.000001 0.000003 0.046002
    7 10.398263 -5.760962 66.994675 3.097007 0.050786 3.139334
    8 7.886793 -3.773098 24.717393 1.346141 -0.902400 -0.210773
    9 -0.000004 -0.000006 24.761459 -1.730423 0.200523 -0.486212
    10 -0.000007 0.000004 24.344891 1.445453 0.336706 0.283634
    11 -0.002360 -1.019903 24.031330 0.389594 -0.042695 -0.017219
    12 0.000000 -0.000002 13.404737 0.000001 0.000005 -0.189533
    13 -0.061540 -5.245835 72.927078 0.000000 0.000000 0.000000
    14 -6.623878 -4.584006 -25.285469 0.292083 -0.064686 0.146588
    15 0.000000 -0.005608 -1.146812 0.142650 0.023634 -0.207855
    16 0.030770 -0.240000 8.906021 -0.004138 0.000000 0.000000
    17 0.144559 -1.932797 -0.211342 0.264421 -0.146957 0.562870
    18 0.030770 -0.276858 8.905140 0.056125 0.004134 -0.000049
    19 -0.165333 -0.643675 0.018356 0.355486 -0.061940 0.020445
    20 5.669724 4.435303 14.302868 1.126949 -1.098768 2.136329
    21 -1.044571 -2.839317 19.743267 -0.042433 -0.723107 0.048178
    22 2.655533 -1.533369 24.792658 -0.771899 0.080582 0.096014
    23 1.120163 -0.154394 9.796035 -0.018617 0.001021 -0.161703
    24 2.240311 -0.308786 19.592051 -0.216019 0.127886 -0.305366
    25 0.683151 2.877354 14.167051 -1.511326 -0.211747 1.554295
    26 0.144936 -0.145374 7.579252 -1.768042 -0.243277 0.235266
    27 0.091660 -0.906685 4.702850 -1.587439 -0.182567 0.191106
    28 0.506271 8.500866 13.617253 -1.470438 -0.303305 1.571620
    29 -0.384987 -0.460049 7.003448 -1.747417 -0.440906 0.551347
    30 0.561516 -0.596954 5.061852 -1.494372 -0.380569 0.386314
    31 -2.452171 -8.899406 11.597897 -1.564436 -0.075962 1.475269
    32 0.680496 -0.903999 6.074253 -1.628017 0.173820 -0.014245
    33 0.245514 -0.661150 3.388004 -1.484370 0.109499 -0.099205
    34 -0.717484 -3.784271 13.043911 -1.593546 -0.028646 1.464722
    35 1.099216 -1.407745 8.017889 -1.782086 0.031950 -0.017448
    36 0.068439 -0.807653 3.686054 -1.465861 0.033996 -0.009740
    37 -4.004929 6.172707 4.754754 0.109547 1.126790 2.530940
    38 0.158352 -1.149811 5.804394 -0.869542 -0.330219 0.145630
    39 -1.083523 -1.463142 5.544399 -0.797779 -0.152798 -0.023927
    40 -6.289886 0.932434 13.569063 -0.126803 0.612110 2.869610
    41 1.327774 -0.766687 12.396328 0.004348 -0.002646 0.041214
    42 -0.096140 1.828087 23.185329 -0.116848 -0.129398 -1.438643
    43 2.325478 -0.000003 6.169296 -0.259812 -0.086560 0.850584
    44 0.000000 -3.152912 0.122169 2.115629 0.004255 -0.010391
    45 1.068383 -10.478592 7.066338 0.292219 -1.282324 -3.141588
    46 0.000000 0.000000 2.279457 0.547137 -0.343566 0.107833
    47 2.479414 -8.323895 6.074242 -0.023454 0.405092 1.221200
    48 0.000003 -5.075260 5.742100 0.000000 0.000000 0.000000
    49 -1.068383 -10.478611 7.065971 0.292219 1.282324 3.141588
    50 -0.000488 0.000015 2.279600 0.547136 0.343566 0.107835
    51 -2.479401 -8.323895 6.074234 -0.006088 0.403412 1.227146
    52 -5.790000 4.432083 14.255558 -5.166956 1.369794 -1.929625
    53 1.044540 -2.839314 19.743252 -0.086321 0.211684 -0.084670
    54 -2.655510 -1.533379 24.792648 -1.769522 -0.220992 0.620288
    55 -1.120216 -0.154385 9.795983 -0.013272 -0.001073 0.115337
    56 -2.240372 -0.308788 19.592047 -0.054683 -0.021975 0.227707
    57 -0.683205 2.877342 14.167089 -1.604527 0.208954 -1.789836
    58 -0.144958 -0.145317 7.579308 -1.541365 0.304893 -0.166486
    59 -0.038551 -0.936644 4.697678 -2.189566 0.238585 -0.365176
    60 -0.506317 8.500896 13.617329 -1.710239 0.278103 -1.993728
    61 0.385056 -0.460075 7.003435 -1.471905 0.596213 -0.385469
    62 -0.456360 -0.710276 5.057732 -1.989883 0.545811 -0.699342
    63 2.452194 -8.899408 11.597939 -1.419551 0.110567 -1.352620
    64 -0.680515 -0.903999 6.074242 -1.453563 -0.173887 -0.003180
    65 -0.248295 -0.666843 3.386627 -1.668562 -0.122147 0.124610
    66 0.717491 -3.784309 13.044010 -1.725747 0.009831 -1.454323
    67 -1.099228 -1.407673 8.017876 -1.351017 -0.015605 0.007751
    68 -0.064053 -0.807640 3.686100 -1.839804 -0.037732 0.018150
    69 4.004906 6.172710 4.754800 -0.720161 -0.940295 -1.497252
    70 -0.158381 -1.149773 5.804405 -0.345807 0.685485 0.599739
    71 1.078559 -2.386406 5.215008 -1.052553 1.087659 -0.156281
    72 6.289963 0.932404 13.569109 -0.126801 -0.612098 -2.869612
    73 -1.327759 -0.766682 12.396324 -0.043406 -0.015163 0.374519
    74 0.000017 -54.999996 0.000000 0.000000 0.000000 -1.570796
  time 31
    0 0.000000 0.000000 -1.500000 0.000000 0.000000 0.000000
    1 -10.521344 -5.760963 66.994621 3.097007 -0.050786 -3.139334
    2 3.730954 0.219462 24.324869 -0.254798 0.430398 -0.100654
    3 -0.000034 0.000012 24.761454 -1.413627 -0.163867 0.204452
    4 0.000017 0.000000 24.344809 2.272196 -0.468467 -0.374077
    5 0.002333 -1.019846 24.031336 0.632107 -0.013671 0.045041
    6 0.000034 0.000008 13.404741 -0.000001 0.000003 0.061084
    7 10.398263 -5.760962 66.994675 3.097007 0.050786 3.139334
    8 6.210961 -1.050415 23.818186 1.387089 -0.842847 -0.217457
    9 -0.000004 -0.000006 24.761459 -1.674105 0.194003 -0.501356
    10 -0.000007 0.000004 24.344891 1.328507 0.298621 0.220935
    11 -0.002360 -1.019903 24.031330 0.389594 -0.042695 -0.017219
    12 0.000000 -0.000002 13.404737 0.000001 0.000005 -0.231012
    13 -0.061540 -5.245835 72.927078 0.000000 0.000000 0.000000
    14 -5.088675 -1.579417 -24.316631 0.291155 -0.065185 0.084012
    15 0.000000 -0.005608 -1.146812 0.099812 0.023351 -0.157717
    16 0.030770 -0.240000 8.906021 -0.004138 0.000000 0.000000
    17 -0.003883 -2.057801 -0.219155 0.275301 -0.160301 0.535515
    18 0.030770 -0.276858 8.905140 0.056125 0.004134 -0.000049
    19 -0.302056 -0.694458 0.010544 0.396164 -0.096726 -0.005922
    20 5.669724 4.435303 14.302868 1.112976 -1.146334 2.110358
    21 -1.044571 -2.839317 19.743267 -0.175203 -0.746694 0.093271
    22 2.655533 -1.533369 24.792658 -0.907470 0.100872 -0.109724
    23 1.120163 -0.154394 9.796035 -0.015142 0.001057 -0.131487
    24 2.240311 -0.308786 19.592051 -0.249354 0.132583 -0.237239
    25 0.683151 2.877354 14.167051 -1.511326 -0.211747 1.554295
    26 0.144936 -0.145374 7.579252 -1.768042 -0.243277 0.235278
    27 0.091660 -0.906685 4.702850 -1.587439 -0.182567 0.191106
    28 0.506271 8.500866 13.617253 -1.470500 -0.303305 1.571620
    29 -0.384987 -0.460049 7.003448 -1.747417 -0.440906 0.551347
    30 0.561516 -0.596954 5.061852 -1.494372 -0.380557 0.386314
    31 -2.452171 -8.899406 11.597897 -1.564436 -0.075962 1.475269
    32 0.680496 -0.903999 6.074253 -1.628017 0.173820 -0.014245
    33 0.245514 -0.661150 3.388004 -1.484370 0.109499 -0.099205
    34 -0.717484 -3.784271 13.043911 -1.593590 -0.028634 1.464722
    35 1.099216 -1.407745 8.017889 -1.782086 0.031950 -0.017448
    36 0.068439 -0.807653 3.686054 -1.465861 0.033996 -0.009740
    37 -4.004929 6.172707 4.754754 0.109637 1.126790 2.530940
    38 0.158352 -1.149811 5.804394 -0.869542 -0.330219 0.145630
    39 -1.083523 -1.463142 5.544399 -0.797779 -0.152798 -0.023927
    40 -6.289886 0.932434 13.569063 -0.126803 0.612110 2.869610
    41 1.327774 -0.766687 12.396328 -0.007948 0.004222 -0.072726
    42 -0.096140 1.828087 23.185329 -0.105771 -0.156867 -1.433934
    43 2.325478 -0.000003 6.169296 -0.229205 -0.084245 0.968686
    44 0.000000 -3.152912 0.122169 2.048789 0.002421 -0.005884
    45 1.068383 -10.478592 7.066338 0.292219 -1.282324 -3.141588
    46 0.000000 0.000000 2.279457 0.547137 -0.343566 0.107833
    47 2.479414 -8.323895 6.074242 -0.026091 0.690185 1.253863
    48 0.000003 -5.075260 5.683505 0.000000 0.000000 0.000000
    49 -1.068383 -10.478611 7.065971 0.292219 1.282324 3.141588
    50 -0.000488 0.000015 2.279600 0.547136 0.343566 0.107835
    51 -2.479401 -8.323895 6.074234 -0.005365 0.700054 1.262403
    52 -5.790000 4.432083 14.255558 -4.328105 1.464208 -1.121518
    53 1.044540 -2.839314 19.743252 -0.061943 0.402768 -0.070736
    54 -2.655510 -1.533379 24.792648 -1.811846 -0.234090 0.741684
    55 -1.120216 -0.154385 9.795983 -0.009952 -0.000953 0.086582
    56 -2.240372 -0.308788 19.592047 -0.070644 -0.036727 0.167563
    57 -0.683205 2.877342 14.167089 -1.604527 0.208954 -1.789836
    58 -0.144958 -0.145317 7.579308 -1.541365 0.304893 -0.166486
    59 -0.038551 -0.936644 4.697678 -2.189566 0.238585 -0.365176
    60 -0.506317 8.500896 13.617329 -1.710239 0.278103 -1.993683
    61 0.385056 -0.460075 7.003435 -1.471905 0.596196 -0.385469
    62 -0.456360 -0.710276 5.057732 -1.989883 0.545811 -0.699342
    63 2.452194 -8.899408 11.597939 -1.419551 0.110567 -1.352644
    64 -0.680515 -0.903999 6.074242 -1.453563 -0.173887 -0.003180
    65 -0.248295 -0.666843 3.386627 -1.668562 -0.122147 0.124610
    66 0.717491 -3.784309 13.044010 -1.725747 0.009831 -1.454323
    67 -1.099228 -1.407673 8.017876 -1.351017 -0.015605 0.007751
    68 -0.064053 -0.807640 3.686100 -1.839804 -0.037732 0.018150
    69 4.004906 6.172710 4.754800 -0.720161 -0.940295 -1.497252
    70 -0.158381 -1.149773 5.804405 -0.345807 0.685485 0.599739
    71 1.078559 -2.386406 5.215008 -1.052553 1.087659 -0.156281
    72 6.289963 0.932404 13.569109 -0.126801 -0.612098 -2.869612
    73 -1.327759 -0.766682 12.396324 -0.050704 -0.016038 0.433969
    74 0.000017 -54.999996 0.000000 0.000000 0.000000 -1.570796
  time 32
    0 0.000000 0.000000 -1.500000 0.000000 0.000000 0.000000
    1 -10.521344 -5.760963 66.994621 3.097007 -0.050786 -3.139334
    2 2.578575 2.736246 23.270915 -0.177666 0.477662 -0.088639
    3 -0.000034 0.000012 24.761454 -1.436960 -0.166563 0.273021
    4 0.000017 0.000000 24.344809 2.229105 -0.450857 -0.360076
    5 0.002333 -1.019846 24.031336 0.569610 -0.019652 0.036388
    6 0.000034 0.000008 13.404741 -0.000001 0.000003 0.085468
    7 10.398263 -5.760962 66.994675 3.097007 0.050786 3.139334
    8 4.945297 1.434970 22.581777 1.383592 -0.762406 -0.203429
    9 -0.000004 -0.000006 24.761459 -1.582370 0.183409 -0.474405
    10 -0.000007 0.000004 24.344891 1.220597 0.268690 0.173706
    11 -0.002360 -1.019903 24.031330 0.389594 -0.042695 -0.017219
    12 0.000000 -0.000002 13.404737 0.000001 0.000005 -0.230239
    13 -0.061540 -5.245835 72.927078 0.000000 0.000000 0.000000
    14 -3.959734 1.075801 -22.987297 0.290483 -0.065667 0.038612
    15 0.000000 -0.005608 -1.146812 0.061694 0.023100 -0.112905
    16 0.030770 -0.240000 8.906021 -0.004138 0.000000 0.000000
    17 -0.109355 -2.155460 -0.223061 0.283129 -0.171328 0.518663
    18 0.030770 -0.276858 8.905140 0.056125 0.004134 -0.000049
    19 -0.403622 -0.741334 0.006637 0.427011 -0.122749 -0.029531
    20 5.669724 4.435303 14.302868 1.091346 -1.180195 2.105279
    21 -1.044571 -2.839317 19.743267 -0.284834 -0.721698 0.126548
    22 2.655533 -1.533369 24.792658 -1.033841 0.116204 -0.287319
    23 1.120163 -0.154394 9.796035 -0.012074 0.001009 -0.104927
    24 2.240311 -0.308786 19.592051 -0.275465 0.140733 -0.178132
    25 0.683151 2.877354 14.167051 -1.511326 -0.211747 1.554295
    26 0.144936 -0.145374 7.579252 -1.768042 -0.243277 0.235266
    27 0.091660 -0.906685 4.702850 -1.587439 -0.182567 0.191106
    28 0.506271 8.500866 13.617253 -1.470438 -0.303305 1.571620
    29 -0.384987 -0.460049 7.003448 -1.747417 -0.440906 0.551347
    30 0.561516 -0.596954 5.061852 -1.494372 -0.380557 0.386326
    31 -2.452171 -8.899406 11.597897 -1.564436 -0.075962 1.475269
    32 0.680496 -0.903999 6.074253 -1.628017 0.173820 -0.014245
    33 0.245514 -0.661150 3.388004 -1.484370 0.109499 -0.099205
    34 -0.717484 -3.784271 13.043911 -1.593546 -0.028646 1.464722
    35 1.099216 -1.407745 8.017889 -1.782086 0.031950 -0.017448
    36 0.068439 -0.807653 3.686054 -1.465861 0.033996 -0.009740
    37 -4.004929 6.172707 4.754754 0.109637 1.126790 2.530940
    38 0.158352 -1.149811 5.804394 -0.869542 -0.330219 0.145630
    39 -1.083523 -1.463142 5.544399 -0.797779 -0.152798 -0.023927
    40 -6.289886 0.932434 13.569063 -0.126803 0.612110 2.869610
    41 1.327774 -0.766687 12.396328 -0.019309 0.009015 -0.172706
    42 -0.096140 1.828087 23.185329 -0.095463 -0.182774 -1.430296
    43 2.325478 -0.000003 6.169296 -0.197785 -0.091595 1.056254
    44 0.000000 -3.152912 0.122169 1.999916 0.000971 -0.002373
    45 1.068383 -10.478592 7.066338 0.292219 -1.282324 -3.141588
    46 0.000000 0.000000 2.279457 0.547137 -0.343566 0.107833
    47 2.479414 -8.323895 6.074242 -0.027477 0.967343 1.369523
    48 0.000003 -5.075260 5.621003 0.000000 0.000000 0.000000
    49 -1.068383 -10.478611 7.065971 0.292219 1.282324 3.141588
    50 -0.000488 0.000015 2.279600 0.547136 0.343566 0.107835
    51 -2.479401 -8.323895 6.074234 0.001624 0.988190 1.387719
    52 -5.790000 4.432083 14.255558 -3.327447 1.434675 -0.142573
    53 1.044540 -2.839314 19.743252 -0.103964 0.547639 -0.071008
    54 -2.655510 -1.533379 24.792648 -1.835901 -0.246619 0.784850
    55 -1.120216 -0.154385 9.795983 -0.007531 -0.000797 0.065608
    56 -2.240372 -0.308788 19.592047 -0.085765 -0.053905 0.122970
    57 -0.683205 2.877342 14.167089 -1.604527 0.208954 -1.789836
    58 -0.144958 -0.145317 7.579308 -1.541365 0.304893 -0.166486
    59 -0.038551 -0.936644 4.697678 -2.189566 0.238585 -0.365176
    60 -0.506317 8.500896 13.617329 -1.710239 0.278103 -1.993683
    61 0.385056 -0.460075 7.003435 -1.471905 0.596196 -0.385469
    62 -0.456360 -0.710276 5.057732 -1.989883 0.545811 -0.699342
    63 2.452194 -8.899408 11.597939 -1.419551 0.110567 -1.352644
    64 -0.680515 -0.903999 6.074242 -1.453563 -0.173875 -0.003180
    65 -0.248295 -0.666843 3.386627 -1.668562 -0.122135 0.124610
    66 0.717491 -3.784309 13.044010 -1.725747 0.009831 -1.454323
    67 -1.099228 -1.407673 8.017876 -1.351017 -0.015605 0.007751
    68 -0.064053 -0.807640 3.686100 -1.839804 -0.037732 0.018150
    69 4.004906 6.172710 4.754800 -0.720161 -0.940295 -1.497252
    70 -0.158381 -1.149773 5.804405 -0.345807 0.685485 0.599739
    71 1.078559 -2.386406 5.215008 -1.052553 1.087659 -0.156281
    72 6.289963 0.932404 13.569109 -0.126801 -0.612098 -2.869612
    73 -1.327759 -0.766682 12.396324 -0.053425 -0.016266 0.455991
    74 0.000017 -54.999996 0.000000 0.000000 0.000000 -1.570796
  time 33
    0 0.000000 0.000000 -1.500000 0.000000 0.000000 0.000000
    1 -10.521344 -5.760963 66.994621 3.097007 -0.050786 -3.139334
    2 2.168406 4.405916 21.813320 -0.142413 0.491496 -0.090823
    3 -0.000034 0.000012 24.761454 -1.412123 -0.163711 0.347535
    4 0.000017 0.000000 24.344809 2.170047 -0.430033 -0.327861
    5 0.002333 -1.019846 24.031336 0.523055 -0.024829 0.030588
    6 0.000034 0.000008 13.404741 -0.000001 0.000003 0.119449
    7 10.398263 -5.760962 66.994675 3.097007 0.050786 3.139334
    8 4.371061 3.408290 21.008165 1.340681 -0.670297 -0.183130
    9 -0.000004 -0.000006 24.761459 -1.460166 0.169279 -0.409628
    10 -0.000007 0.000004 24.344891 1.128499 0.253536 0.147391
    11 -0.002360 -1.019903 24.031330 0.389594 -0.042695 -0.017219
    12 0.000000 -0.000002 13.404737 0.000001 0.000005 -0.190778
    13 -0.061540 -5.245835 72.927078 0.000000 0.000000 0.000000
    14 -3.502689 2.974049 -21.387588 0.290131 -0.066028 0.021496
    15 0.000000 -0.005608 -1.146812 0.033593 0.023038 -0.079534
    16 0.030770 -0.240000 8.906021 -0.004138 0.000000 0.000000
    17 -0.156232 -2.186711 -0.223061 0.285802 -0.175722 0.512753
    18 0.030770 -0.276858 8.905140 0.056125 0.004134 -0.000049
    19 -0.454404 -0.753054 -0.001176 0.439915 -0.133919 -0.045027
    20 5.669724 4.435303 14.302868 1.056414 -1.191364 2.133358
    21 -1.044571 -2.839317 19.743267 -0.333559 -0.683447 0.134952
    22 2.655533 -1.533369 24.792658 -1.133305 0.126195 -0.401025
    23 1.120163 -0.154394 9.796035 -0.009857 0.000913 -0.085749
    24 2.240311 -0.308786 19.592051 -0.288912 0.148146 -0.136670
    25 0.683151 2.877354 14.167051 -1.511326 -0.211735 1.554295
    26 0.144936 -0.145374 7.579252 -1.768042 -0.243277 0.235266
    27 0.091660 -0.906685 4.702850 -1.587439 -0.182567 0.191106
    28 0.506271 8.500866 13.617253 -1.470438 -0.303305 1.571620
    29 -0.384987 -0.460049 7.003448 -1.747417 -0.440906 0.551347
    30 0.561516 -0.596954 5.061852 -1.494372 -0.380569 0.386314
    31 -2.452171 -8.899406 11.597897 -1.564436 -0.075962 1.475269
    32 0.680496 -0.903999 6.074253 -1.628017 0.173820 -0.014245
    33 0.245514 -0.661150 3.388004 -1.484370 0.109499 -0.099205
    34 -0.717484 -3.784271 13.043911 -1.593590 -0.028634 1.464722
    35 1.099216 -1.407745 8.017889 -1.782086 0.031962 -0.017448
    36 0.068439 -0.807653 3.686054 -1.465861 0.033996 -0.009728
    37 -4.004929 6.172707 4.754754 0.109637 1.126790 2.530940
    38 0.158352 -1.149811 5.804394 -0.869542 -0.330219 0.145630
    39 -1.083523 -1.463142 5.544399 -0.797779 -0.152810 -0.023927
    40 -6.289886 0.932434 13.569063 -0.126803 0.612110 2.869610
    41 1.327774 -0.766687 12.396328 -0.026823 0.011496 -0.236781
    42 -0.096140 1.828087 23.185329 -0.086834 -0.204252 -1.428523
    43 2.325478 -0.000003 6.169296 -0.164646 -0.104776 1.091537
    44 0.000000 -3.152912 0.122169 1.980956 0.000372 -0.000947
    45 1.068383 -10.478592 7.066338 0.292219 -1.282324 -3.141588
    46 0.000000 0.000000 2.279457 0.547137 -0.343566 0.107833
    47 2.479414 -8.323895 6.074242 -0.020246 1.171054 1.566842
    48 0.000003 -5.075260 5.566314 0.000000 0.000000 0.000000
    49 -1.068383 -10.478611 7.065971 0.292231 1.282324 3.141588
    50 -0.000488 0.000015 2.279600 0.547136 0.343566 0.107835
    51 -2.479401 -8.323895 6.074234 0.024961 1.195103 1.610566
    52 -5.790000 4.432083 14.255558 -3.051856 1.392307 0.135291
    53 1.044540 -2.839314 19.743252 -0.160733 0.604112 -0.083554
    54 -2.655510 -1.533379 24.792648 -1.848533 -0.257348 0.794316
    55 -1.120216 -0.154385 9.795983 -0.006609 -0.000725 0.057447
    56 -2.240372 -0.308788 19.592047 -0.100122 -0.070934 0.104669
    57 -0.683205 2.877342 14.167089 -1.604527 0.208934 -1.789836
    58 -0.144958 -0.145317 7.579308 -1.541365 0.304893 -0.166486
    59 -0.038551 -0.936644 4.697678 -2.189566 0.238585 -0.365176
    60 -0.506317 8.500896 13.617329 -1.710239 0.278103 -1.993683
    61 0.385056 -0.460075 7.003435 -1.471905 0.596196 -0.385469
    62 -0.456360 -0.710276 5.057732 -1.989883 0.545811 -0.699342
    63 2.452194 -8.899408 11.597939 -1.419551 0.110567 -1.352644
    64 -0.680515 -0.903999 6.074242 -1.453563 -0.173887 -0.003180
    65 -0.248295 -0.666843 3.386627 -1.668562 -0.122147 0.124610
    66 0.717491 -3.784309 13.044010 -1.725747 0.009831 -1.454323
    67 -1.099228 -1.407673 8.017876 -1.351017 -0.015605 0.007751
    68 -0.064053 -0.807640 3.686100 -1.839804 -0.037732 0.018150
    69 4.004906 6.172710 4.754800 -0.720161 -0.940295 -1.497252
    70 -0.158381 -1.149773 5.804405 -0.345807 0.685485 0.599739
    71 1.078559 -2.386406 5.215008 -1.052553 1.087659 -0.156281
    72 6.289963 0.932404 13.569109 -0.126801 -0.612098 -2.869612
    73 -1.327759 -0.766682 12.396324 -0.054144 -0.016314 0.461867
    74 0.000017 -54.999996 0.000000 0.000000 0.000000 -1.570796
  time 34
    0 0.000000 0.000000 -1.500000 0.000000 0.000000 0.000000
    1 -10.521344 -5.760963 66.994621 3.097007 -0.050786 -3.139334
    2 2.133249 5.400353 20.266027 -0.135854 0.482867 -0.099693
    3 -0.000034 0.000012 24.761454 -1.356309 -0.157227 0.410241
    4 0.000017 0.000000 24.344809 2.109263 -0.411382 -0.292470
    5 0.002333 -1.019846 24.031336 0.489379 -0.028952 0.026729
    6 0.000034 0.000008 13.404741 -0.000001 0.000003 0.152439
    7 10.398263 -5.760962 66.994675 3.097007 0.050786 3.139334
    8 4.152304 5.044398 19.232232 1.284547 -0.554629 -0.176446
    9 -0.000004 -0.000006 24.761459 -1.321407 0.153231 -0.307491
    10 -0.000007 0.000004 24.344891 1.044404 0.247181 0.131417
    11 -0.002360 -1.019903 24.031330 0.389594 -0.042695 -0.017219
    12 0.000000 -0.000002 13.404737 0.000001 0.000005 -0.120144
    13 -0.061540 -5.245835 72.927078 0.000000 0.000000 0.000000
    14 -3.408936 4.464698 -19.607632 0.262383 -0.068505 0.029964
    15 0.000000 -0.005608 -1.146812 0.013593 0.021798 -0.055293
    16 0.030770 -0.240000 8.906021 -0.004138 0.000000 0.000000
    17 -0.148419 -2.049988 -0.187904 0.269430 -0.160541 0.512993
    18 0.030770 -0.276858 8.905140 0.056125 0.004134 -0.000049
    19 -0.485655 -0.721803 0.002731 0.429514 -0.135030 -0.052829
    20 5.669724 4.435303 14.302868 0.982720 -1.186220 2.222771
    21 -1.044571 -2.839317 19.743267 -0.318589 -0.655581 0.126492
    22 2.655533 -1.533369 24.792658 -1.215629 0.133919 -0.454885
    23 1.120163 -0.154394 9.796035 -0.008370 0.000841 -0.072883
    24 2.240311 -0.308786 19.592051 -0.289913 0.168084 -0.110796
    25 0.683151 2.877354 14.167051 -1.511326 -0.211747 1.554295
    26 0.144936 -0.145374 7.579252 -1.768042 -0.243277 0.235278
    27 0.091660 -0.906685 4.702850 -1.587439 -0.182567 0.191106
    28 0.506271 8.500866 13.617253 -1.470438 -0.303283 1.571620
    29 -0.384987 -0.460049 7.003448 -1.747417 -0.440906 0.551347
    30 0.561516 -0.596954 5.061852 -1.494372 -0.380569 0.386314
    31 -2.452171 -8.899406 11.597897 -1.564436 -0.075962 1.475269
    32 0.680496 -0.903999 6.074253 -1.628017 0.173820 -0.014245
    33 0.245514 -0.661150 3.388004 -1.484370 0.109487 -0.099205
    34 -0.717484 -3.784271 13.043911 -1.593546 -0.028634 1.464722
    35 1.099216 -1.407745 8.017889 -1.782086 0.031950 -0.017448
    36 0.068439 -0.807653 3.686054 -1.465861 0.033996 -0.009740
    37 -4.004929 6.172707 4.754754 0.109637 1.126790 2.530940
    38 0.158352 -1.149811 5.804394 -0.869542 -0.330219 0.145630
    39 -1.083523 -1.463142 5.544399 -0.797779 -0.152810 -0.023927
    40 -6.289886 0.932434 13.569063 -0.126803 0.612110 2.869610
    41 1.327774 -0.766687 12.396328 -0.030251 0.012455 -0.265605
    42 -0.096140 1.828087 23.185329 -0.079181 -0.223723 -1.426597
    43 2.325478 -0.000003 6.169296 -0.122101 -0.116901 1.091417
    44 0.000000 -3.152912 0.122169 1.979800 0.000360 -0.000887
    45 1.068383 -10.478592 7.066338 0.292219 -1.282324 -3.141588
    46 0.000000 0.000000 2.279457 0.547137 -0.343566 0.107833
    47 2.479414 -8.323895 6.074242 -0.008175 1.217310 1.700744
    48 0.000003 -5.075260 5.511624 0.000000 0.000000 0.000000
    49 -1.068383 -10.478611 7.065971 0.292219 1.282324 3.141588
    50 -0.000488 0.000015 2.279600 0.547136 0.343566 0.107835
    51 -2.479401 -8.323895 6.074234 0.044764 1.240747 1.763569
    52 -5.790000 4.432083 14.255558 -3.032589 1.404145 0.177641
    53 1.044540 -2.839314 19.743252 -0.170529 0.643372 -0.087201
    54 -2.655510 -1.533379 24.792648 -1.851452 -0.268686 0.773415
    55 -1.120216 -0.154385 9.795983 -0.006453 -0.000713 0.056114
    56 -2.240372 -0.308788 19.592047 -0.113944 -0.091181 0.100287
    57 -0.683205 2.877342 14.167089 -1.604576 0.208954 -1.789836
    58 -0.144958 -0.145317 7.579308 -1.541365 0.304893 -0.166486
    59 -0.038551 -0.936644 4.697678 -2.189566 0.238585 -0.365176
    60 -0.506317 8.500896 13.617329 -1.710239 0.278103 -1.993683
    61 0.385056 -0.460075 7.003435 -1.471905 0.596196 -0.385469
    62 -0.456360 -0.710276 5.057732 -1.989883 0.545789 -0.699342
    63 2.452194 -8.899408 11.597939 -1.419551 0.110567 -1.352644
    64 -0.680515 -0.903999 6.074242 -1.453509 -0.173875 -0.003180
    65 -0.248295 -0.666843 3.386627 -1.668562 -0.122135 0.124610
    66 0.717491 -3.784309 13.044010 -1.725747 0.009831 -1.454323
    67 -1.099228 -1.407673 8.017876 -1.350961 -0.015605 0.007751
    68 -0.064053 -0.807640 3.686100 -1.839860 -0.037732 0.018150
    69 4.004906 6.172710 4.754800 -0.720161 -0.940295 -1.497252
    70 -0.158381 -1.149773 5.804405 -0.345807 0.685485 0.599739
    71 1.078559 -2.386406 5.215008 -1.052506 1.087659 -0.156281
    72 6.289963 0.932404 13.569109 -0.126801 -0.612098 -2.869612
    73 -1.327759 -0.766682 12.396324 -0.052754 -0.016206 0.450671
    74 0.000017 -54.999996 0.000000 0.000000 0.000000 -1.570796
  time 35
    0 0.000000 0.000000 -1.500000 0.000000 0.000000 0.000000
    1 -10.521344 -5.760963 66.994621 3.097007 -0.050786 -3.139334
    2 1.934024 6.186080 18.875706 -0.134761 0.472596 -0.101921
    3 -0.000034 0.000012 24.761454 -1.291917 -0.149809 0.453240
    4 0.000017 0.000000 24.344809 2.051315 -0.397665 -0.263474
    5 0.002333 -1.019846 24.031336 0.459997 -0.032763 0.023625
    6 0.000034 0.000008 13.404741 -0.000001 0.000003 0.175937
    7 10.398263 -5.760962 66.994675 3.097007 0.050786 3.139334
    8 3.816356 6.668016 17.613659 1.230204 -0.424951 -0.184698
    9 -0.000004 -0.000006 24.761459 -1.176929 0.136525 -0.190713
    10 -0.000007 0.000004 24.344891 0.958308 0.240004 0.115506
    11 -0.002360 -1.019903 24.031330 0.389594 -0.042695 -0.017219
    12 0.000000 -0.000002 13.404737 0.000001 0.000005 -0.044829
    13 -0.061540 -5.245835 72.927078 0.000000 0.000000 0.000000
    14 -3.205805 6.095096 -17.940330 0.191078 -0.074166 0.050923
    15 0.000000 -0.005608 -1.146812 -0.003504 0.018614 -0.034015
    16 0.030770 -0.240000 8.906021 -0.004138 0.000000 0.000000
    17 -0.132793 -1.702321 -0.101964 0.227952 -0.122307 0.513392
    18 0.030770 -0.276858 8.905140 0.056125 0.004134 -0.000049
    19 -0.548157 -0.651488 -0.001176 0.400739 -0.135030 -0.058114
    20 5.669724 4.435303 14.302868 0.865194 -1.172830 2.372271
    21 -1.044571 -2.839317 19.743267 -0.262722 -0.633403 0.109853
    22 2.655533 -1.533369 24.792658 -1.298256 0.142065 -0.478257
    23 1.120163 -0.154394 9.796035 -0.007220 0.000758 -0.062742
    24 2.240311 -0.308786 19.592051 -0.282776 0.210123 -0.092083
    25 0.683151 2.877354 14.167051 -1.511326 -0.211747 1.554295
    26 0.144936 -0.145374 7.579252 -1.768042 -0.243277 0.235278
    27 0.091660 -0.906685 4.702850 -1.587439 -0.182567 0.191106
    28 0.506271 8.500866 13.617253 -1.470438 -0.303305 1.571620
    29 -0.384987 -0.460049 7.003448 -1.747417 -0.440906 0.551347
    30 0.561516 -0.596954 5.061852 -1.494372 -0.380569 0.386314
    31 -2.452171 -8.899406 11.597897 -1.564436 -0.075962 1.475269
    32 0.680496 -0.903999 6.074253 -1.628017 0.173820 -0.014245
    33 0.245514 -0.661150 3.388004 -1.484370 0.109499 -0.099205
    34 -0.717484 -3.784271 13.043911 -1.593590 -0.028634 1.464722
    35 1.099216 -1.407745 8.017889 -1.782086 0.031962 -0.017448
    36 0.068439 -0.807653 3.686054 -1.465861 0.033996 -0.009728
    37 -4.004929 6.172707 4.754754 0.109637 1.126790 2.530940
    38 0.158352 -1.149811 5.804394 -0.869542 -0.330219 0.145630
    39 -1.083523 -1.463142 5.544399 -0.797779 -0.152798 -0.023927
    40 -6.289886 0.932434 13.569063 -0.126803 0.612110 2.869610
    41 1.327774 -0.766687 12.396328 -0.031390 0.012755 -0.275096
    42 -0.096140 1.828087 23.185329 -0.071528 -0.244436 -1.422531
    43 2.325478 -0.000003 6.169296 -0.068381 -0.125322 1.087266
    44 0.000000 -3.152912 0.122169 1.976838 0.000312 -0.000755
    45 1.068383 -10.478592 7.066338 0.292219 -1.282324 -3.141588
    46 0.000000 0.000000 2.279457 0.547137 -0.343566 0.107833
    47 2.479414 -8.323895 6.074242 -0.009018 1.093899 1.668081
    48 0.000003 -5.075260 5.445216 0.000000 0.000000 0.000000
    49 -1.068383 -10.478611 7.065971 0.292219 1.282324 3.141588
    50 -0.000488 0.000015 2.279600 0.547136 0.343566 0.107835
    51 -2.479401 -8.323895 6.074234 0.030504 1.121486 1.717199
    52 -5.790000 4.432083 14.255558 -3.155861 1.460594 0.082401
    53 1.044540 -2.839314 19.743252 -0.101459 0.736476 -0.067878
    54 -2.655510 -1.533379 24.792648 -1.841487 -0.282755 0.703440
    55 -1.120216 -0.154385 9.795983 -0.006045 -0.000677 0.052604
    56 -2.240372 -0.308788 19.592047 -0.127156 -0.117814 0.091609
    57 -0.683205 2.877342 14.167089 -1.604527 0.208954 -1.789836
    58 -0.144958 -0.145317 7.579308 -1.541365 0.304893 -0.166486
    59 -0.038551 -0.936644 4.697678 -2.189566 0.238585 -0.365176
    60 -0.506317 8.500896 13.617329 -1.710239 0.278103 -1.993728
    61 0.385056 -0.460075 7.003435 -1.471905 0.596213 -0.385469
    62 -0.456360 -0.710276 5.057732 -1.989883 0.545811 -0.699342
    63 2.452194 -8.899408 11.597939 -1.419551 0.110567 -1.352620
    64 -0.680515 -0.903999 6.074242 -1.453563 -0.173887 -0.003180
    65 -0.248295 -0.666843 3.386627 -1.668562 -0.122147 0.124610
    66 0.717491 -3.784309 13.044010 -1.725747 0.009831 -1.454323
    67 -1.099228 -1.407673 8.017876 -1.351017 -0.015605 0.007751
    68 -0.064053 -0.807640 3.686100 -1.839804 -0.037732 0.018150
    69 4.004906 6.172710 4.754800 -0.720161 -0.940295 -1.497252
    70 -0.158381 -1.149773 5.804405 -0.345807 0.685485 0.599739
    71 1.078559 -2.386406 5.215008 -1.052553 1.087659 -0.156281
    72 6.289963 0.932404 13.569109 -0.126801 -0.612098 -2.869612
    73 -1.327759 -0.766682 12.396324 -0.047744 -0.015738 0.409819
    74 0.000017 -54.999996 0.000000 0.000000 0.000000 -1.570796
  time 36
    0 0.000000 0.000000 -1.500000 0.000000 0.000000 0.000000
    1 -10.521344 -5.760963 66.994621 3.097007 -0.050786 -3.139334
    2 1.601983 6.726268 17.597507 -0.140773 0.460432 -0.102314
    3 -0.000034 0.000012 24.761454 -1.219396 -0.141395 0.483289
    4 0.000017 0.000000 24.344809 1.994045 -0.389245 -0.240075
    5 0.002333 -1.019846 24.031336 0.435282 -0.036118 0.021192
    6 0.000034 0.000008 13.404741 -0.000001 0.000003 0.194562
    7 10.398263 -5.760962 66.994675 3.097007 0.050786 3.139334
    8 3.406188 8.204209 16.062527 1.170999 -0.310491 -0.198973
    9 -0.000004 -0.000006 24.761459 -1.026896 0.119159 -0.087249
    10 -0.000007 0.000004 24.344891 0.870728 0.233160 0.100267
    11 -0.002360 -1.019903 24.031330 0.389594 -0.042695 -0.017219
    12 0.000000 -0.000002 13.404737 0.000001 0.000005 0.011421
    13 -0.061540 -5.245835 72.927078 0.000000 0.000000 0.000000
    14 -2.951891 7.702201 -16.520871 0.093497 -0.081323 0.081370
    15 0.000000 -0.005608 -1.146812 -0.017635 0.014285 -0.015944
    16 0.030770 -0.240000 8.906021 -0.004138 0.000000 0.000000
    17 -0.105449 -1.217931 -0.012117 0.170923 -0.070981 0.513033
    18 0.030770 -0.276858 8.905140 0.056125 0.004134 -0.000049
    19 -0.630191 -0.561641 -0.005082 0.360669 -0.133960 -0.062645
    20 5.669724 4.435303 14.302868 0.738192 -1.146088 2.540075
    21 -1.044571 -2.839317 19.743267 -0.193500 -0.611329 0.091551
    22 2.655533 -1.533369 24.792658 -1.376326 0.150442 -0.478338
    23 1.120163 -0.154394 9.796035 -0.006321 0.000686 -0.055050
    24 2.240311 -0.308786 19.592051 -0.269764 0.264871 -0.079423
    25 0.683151 2.877354 14.167051 -1.511326 -0.211747 1.554295
    26 0.144936 -0.145374 7.579252 -1.768042 -0.243277 0.235266
    27 0.091660 -0.906685 4.702850 -1.587439 -0.182567 0.191106
    28 0.506271 8.500866 13.617253 -1.470500 -0.303305 1.571620
    29 -0.384987 -0.460049 7.003448 -1.747417 -0.440906 0.551347
    30 0.561516 -0.596954 5.061852 -1.494407 -0.380569 0.386314
    31 -2.452171 -8.899406 11.597897 -1.564436 -0.075962 1.475269
    32 0.680496 -0.903999 6.074253 -1.628017 0.173820 -0.014245
    33 0.245514 -0.661150 3.388004 -1.484423 0.109499 -0.099205
    34 -0.717484 -3.784271 13.043911 -1.593590 -0.028646 1.464722
    35 1.099216 -1.407745 8.017889 -1.782086 0.031950 -0.017448
    36 0.068439 -0.807653 3.686054 -1.465861 0.033996 -0.009740
    37 -4.004929 6.172707 4.754754 0.109547 1.126790 2.531036
    38 0.158352 -1.149811 5.804394 -0.869542 -0.330234 0.145630
    39 -1.083523 -1.463142 5.544399 -0.797779 -0.152810 -0.023927
    40 -6.289886 0.932434 13.569063 -0.126803 0.612110 2.869610
    41 1.327774 -0.766687 12.396328 -0.030994 0.012659 -0.271782
    42 -0.096140 1.828087 23.185329 -0.064491 -0.264831 -1.417151
    43 2.325478 -0.000003 6.169296 -0.009983 -0.130357 1.079882
    44 0.000000 -3.152912 0.122169 1.972851 0.000228 -0.000563
    45 1.068383 -10.478592 7.066338 0.292219 -1.282324 -3.141588
    46 0.000000 0.000000 2.279457 0.547137 -0.343566 0.107833
    47 2.479414 -8.323895 6.074242 -0.011410 0.857879 1.587377
    48 0.000003 -5.075260 5.359276 0.000000 0.000000 0.000000
    49 -1.068383 -10.478611 7.065971 0.292219 1.282324 3.141588
    50 -0.000488 0.000015 2.279600 0.547136 0.343566 0.107835
    51 -2.479401 -8.323895 6.074234 0.015823 0.890192 1.619571
    52 -5.790000 4.432083 14.255558 -4.005927 1.530210 -0.740940
    53 1.044540 -2.839314 19.743252 0.043748 0.848744 -0.004630
    54 -2.655510 -1.533379 24.792648 -1.817633 -0.296617 0.593783
    55 -1.120216 -0.154385 9.795983 -0.005494 -0.000629 0.047871
    56 -2.240372 -0.308788 19.592047 -0.138458 -0.147467 0.080697
    57 -0.683205 2.877342 14.167089 -1.604576 0.208954 -1.789836
    58 -0.144958 -0.145317 7.579308 -1.541365 0.304893 -0.166486
    59 -0.038551 -0.936644 4.697678 -2.189615 0.238585 -0.365176
    60 -0.506317 8.500896 13.617329 -1.710239 0.278103 -1.993638
    61 0.385056 -0.460075 7.003435 -1.471905 0.596196 -0.385469
    62 -0.456360 -0.710276 5.057732 -1.989883 0.545811 -0.699342
    63 2.452194 -8.899408 11.597939 -1.419591 0.110567 -1.352644
    64 -0.680515 -0.903999 6.074242 -1.453509 -0.173875 -0.003180
    65 -0.248295 -0.666843 3.386627 -1.668562 -0.122147 0.124610
    66 0.717491 -3.784309 13.044010 -1.725747 0.009843 -1.454323
    67 -1.099228 -1.407673 8.017876 -1.350961 -0.015605 0.007751
    68 -0.064053 -0.807640 3.686100 -1.839860 -0.037732 0.018150
    69 4.004906 6.172710 4.754800 -0.720236 -0.940295 -1.497252
    70 -0.158381 -1.149773 5.804405 -0.345807 0.685485 0.599739
    71 1.078559 -2.386406 5.215008 -1.052506 1.087659 -0.156281
    72 6.289963 0.932404 13.569109 -0.126801 -0.612098 -2.869612
    73 -1.327759 -0.766682 12.396324 -0.039547 -0.014540 0.342828
    74 0.000017 -54.999996 0.000000 0.000000 0.000000 -1.570796
  time 37
    0 0.000000 0.000000 -1.500000 0.000000 0.000000 0.000000
    1 -10.521344 -5.760963 66.994621 3.097007 -0.050786 -3.139334
    2 1.184001 7.106855 16.476280 -0.155257 0.446209 -0.107120
    3 -0.000034 0.000012 24.761454 -1.141712 -0.132407 0.508453
    4 0.000017 0.000000 24.344809 1.937761 -0.385895 -0.221472
    5 0.002333 -1.019846 24.031336 0.415495 -0.038923 0.019370
    6 0.000034 0.000008 13.404741 -0.000001 0.000003 0.215150
    7 10.398263 -5.760962 66.994675 3.097007 0.050786 3.139334
    8 2.968674 9.590529 14.713717 1.105993 -0.221491 -0.214156
    9 -0.000004 -0.000006 24.761459 -0.873398 0.101386 -0.006645
    10 -0.000007 0.000004 24.344891 0.782825 0.227894 0.085996
    11 -0.002360 -1.019903 24.031330 0.389594 -0.042695 -0.017219
    12 0.000000 -0.000002 13.404737 0.000001 0.000005 0.044355
    13 -0.061540 -5.245835 72.927078 0.000000 0.000000 0.000000
    14 -2.678445 9.192850 -15.259129 -0.012790 -0.088308 0.117402
    15 0.000000 -0.005608 -1.146812 -0.028639 0.009548 -0.001296
    16 0.030770 -0.240000 8.906021 -0.004138 0.000000 0.000000
    17 -0.074198 -0.686665 0.058197 0.107918 -0.016186 0.511196
    18 0.030770 -0.276858 8.905140 0.056125 0.004134 -0.000049
    19 -0.708318 -0.452263 -0.005082 0.316309 -0.132088 -0.067486
    20 5.669724 4.435303 14.302868 0.631576 -1.107682 2.690055
    21 -1.044571 -2.839317 19.743267 -0.131517 -0.586281 0.076548
    22 2.655533 -1.533369 24.792658 -1.445283 0.158281 -0.464752
    23 1.120163 -0.154394 9.796035 -0.005698 0.000626 -0.049531
    24 2.240311 -0.308786 19.592051 -0.253967 0.323073 -0.071709
    25 0.683151 2.877354 14.167051 -1.511326 -0.211747 1.554295
    26 0.144936 -0.145374 7.579252 -1.768042 -0.243277 0.235266
    27 0.091660 -0.906685 4.702850 -1.587439 -0.182567 0.191106
    28 0.506271 8.500866 13.617253 -1.470500 -0.303305 1.571620
    29 -0.384987 -0.460049 7.003448 -1.747417 -0.440906 0.551347
    30 0.561516 -0.596954 5.061852 -1.494372 -0.380557 0.386314
    31 -2.452171 -8.899406 11.597897 -1.564436 -0.075962 1.475269
    32 0.680496 -0.903999 6.074253 -1.628017 0.173820 -0.014245
    33 0.245514 -0.661150 3.388004 -1.484423 0.109499 -0.099205
    34 -0.717484 -3.784271 13.043911 -1.593590 -0.028646 1.464722
    35 1.099216 -1.407745 8.017889 -1.782086 0.031950 -0.017448
    36 0.068439 -0.807653 3.686054 -1.465861 0.033996 -0.009740
    37 -4.004929 6.172707 4.754754 0.109547 1.126790 2.531036
    38 0.158352 -1.149811 5.804394 -0.869542 -0.330219 0.145630
    39 -1.083523 -1.463142 5.544399 -0.797779 -0.152810 -0.023927
    40 -6.289886 0.932434 13.569063 -0.126803 0.612110 2.869610
    41 1.327774 -0.766687 12.396328 -0.029844 0.012347 -0.262090
    42 -0.096140 1.828087 23.185329 -0.058498 -0.283473 -1.411311
    43 2.325478 -0.000003 6.169296 0.046601 -0.132455 1.070662
    44 0.000000 -3.152912 0.122169 1.968522 0.000144 -0.000372
    45 1.068383 -10.478592 7.066338 0.292219 -1.282324 -3.141588
    46 0.000000 0.000000 2.279457 0.547137 -0.343566 0.107833
    47 2.479414 -8.323895 6.074242 -0.012063 0.596406 1.527111
    48 0.000003 -5.075260 5.273336 0.000000 0.000000 0.000000
    49 -1.068383 -10.478611 7.065971 0.292219 1.282324 3.141588
    50 -0.000488 0.000015 2.279600 0.547136 0.343566 0.107835
    51 -2.479401 -8.323895 6.074234 0.009155 0.629839 1.550016
    52 -5.790000 4.432083 14.255558 -5.568024 1.478662 -2.282704
    53 1.044540 -2.839314 19.743252 0.258137 0.938668 0.115716
    54 -2.655510 -1.533379 24.792648 -1.779335 -0.307101 0.454818
    55 -1.120216 -0.154385 9.795983 -0.004919 -0.000570 0.042729
    56 -2.240372 -0.308788 19.592047 -0.147546 -0.176773 0.069184
    57 -0.683205 2.877342 14.167089 -1.604576 0.208954 -1.789836
    58 -0.144958 -0.145317 7.579308 -1.541365 0.304893 -0.166486
    59 -0.038551 -0.936644 4.697678 -2.189566 0.238585 -0.365188
    60 -0.506317 8.500896 13.617329 -1.710239 0.278103 -1.993638
    61 0.385056 -0.460075 7.003435 -1.471905 0.596196 -0.385469
    62 -0.456360 -0.710276 5.057732 -1.989883 0.545811 -0.699342
    63 2.452194 -8.899408 11.597939 -1.419551 0.110567 -1.352644
    64 -0.680515 -0.903999 6.074242 -1.453563 -0.173875 -0.003180
    65 -0.248295 -0.666843 3.386627 -1.668562 -0.122147 0.124610
    66 0.717491 -3.784309 13.044010 -1.725747 0.009843 -1.454323
    67 -1.099228 -1.407673 8.017876 -1.350961 -0.015605 0.007751
    68 -0.064053 -0.807640 3.686100 -1.839804 -0.037732 0.018150
    69 4.004906 6.172710 4.754800 -0.720161 -0.940295 -1.497252
    70 -0.158381 -1.149773 5.804405 -0.345842 0.685512 0.599739
    71 1.078559 -2.386406 5.215008 -1.052553 1.087659 -0.156281
    72 6.289963 0.932404 13.569109 -0.126801 -0.612098 -2.869612
    73 -1.327759 -0.766682 12.396324 -0.028928 -0.012119 0.254369
    74 0.000017 -54.999996 0.000000 0.000000 0.000000 -1.570796
  time 38
    0 0.000000 0.000000 -1.500000 0.000000 0.000000 0.000000
    1 -10.521344 -5.760963 66.994621 3.097007 -0.050786 -3.139334
    2 0.746488 7.303286 15.467176 -0.176231 0.430760 -0.119091
    3 -0.000034 0.000012 24.761454 -1.066710 -0.123754 0.533128
    4 0.000017 0.000000 24.344809 1.886039 -0.386642 -0.207169
    5 0.002333 -1.019846 24.031336 0.401084 -0.041008 0.018148
    6 0.000034 0.000008 13.404741 -0.000001 0.000003 0.239934
    7 10.398263 -5.760962 66.994675 3.097007 0.050786 3.139334
    8 2.581944 10.777019 13.612189 1.039878 -0.157621 -0.228514
    9 -0.000004 -0.000006 24.761459 -0.724081 0.084092 0.051888
    10 -0.000007 0.000004 24.344891 0.698601 0.225094 0.072880
    11 -0.002360 -1.019903 24.031330 0.389594 -0.042695 -0.017219
    12 0.000000 -0.000002 13.404737 0.000001 0.000005 0.060693
    13 -0.061540 -5.245835 72.927078 0.000000 0.000000 0.000000
    14 -2.436250 10.404002 -14.290292 -0.110403 -0.093762 0.154455
    15 0.000000 -0.005608 -1.146812 -0.036582 0.005219 0.009520
    16 0.030770 -0.240000 8.906021 -0.004138 0.000000 0.000000
    17 -0.054666 -0.186650 0.089448 0.048679 0.033077 0.507961
    18 0.030770 -0.276858 8.905140 0.056125 0.004134 -0.000049
    19 -0.774727 -0.354604 0.002731 0.274523 -0.129702 -0.072676
    20 5.669724 4.435303 14.302868 0.559510 -1.065682 2.801318
    21 -1.044571 -2.839317 19.743267 -0.087636 -0.560502 0.067185
    22 2.655533 -1.533369 24.792658 -1.500223 0.164737 -0.445262
    23 1.120163 -0.154394 9.796035 -0.005278 0.000602 -0.045944
    24 2.240311 -0.308786 19.592051 -0.238866 0.375564 -0.067871
    25 0.683151 2.877354 14.167051 -1.511326 -0.211747 1.554295
    26 0.144936 -0.145374 7.579252 -1.768042 -0.243277 0.235266
    27 0.091660 -0.906685 4.702850 -1.587439 -0.182567 0.191106
    28 0.506271 8.500866 13.617253 -1.470438 -0.303305 1.571620
    29 -0.384987 -0.460049 7.003448 -1.747417 -0.440906 0.551347
    30 0.561516 -0.596954 5.061852 -1.494372 -0.380557 0.386326
    31 -2.452171 -8.899406 11.597897 -1.564436 -0.075962 1.475269
    32 0.680496 -0.903999 6.074253 -1.628017 0.173820 -0.014245
    33 0.245514 -0.661150 3.388004 -1.484370 0.109499 -0.099205
    34 -0.717484 -3.784271 13.043911 -1.593546 -0.028646 1.464722
    35 1.099216 -1.407745 8.017889 -1.782086 0.031962 -0.017448
    36 0.068439 -0.807653 3.686054 -1.465861 0.033996 -0.009728
    37 -4.004929 6.172707 4.754754 0.109547 1.126790 2.530940
    38 0.158352 -1.149811 5.804394 -0.869542 -0.330219 0.145630
    39 -1.083523 -1.463142 5.544399 -0.797779 -0.152810 -0.023927
    40 -6.289886 0.932434 13.569063 -0.126803 0.612110 2.869610
    41 1.327774 -0.766687 12.396328 -0.028489 0.011988 -0.250892
    42 -0.096140 1.828087 23.185329 -0.053910 -0.298737 -1.405961
    43 2.325478 -0.000003 6.169296 0.094925 -0.132368 1.061562
    44 0.000000 -3.152912 0.122169 1.964616 0.000072 -0.000180
    45 1.068383 -10.478592 7.066338 0.292219 -1.282324 -3.141588
    46 0.000000 0.000000 2.279457 0.547137 -0.343566 0.107833
    47 2.479414 -8.323895 6.074242 -0.012607 0.383725 1.486711
    48 0.000003 -5.075260 5.183489 0.000000 0.000000 0.000000
    49 -1.068383 -10.478611 7.065971 0.292219 1.282324 3.141588
    50 -0.000488 0.000015 2.279600 0.547136 0.343566 0.107835
    51 -2.479401 -8.323895 6.074234 0.006223 0.415414 1.504891
    52 -5.790000 4.432083 14.255558 -5.795015 1.390064 -2.497713
    53 1.044540 -2.839314 19.743252 0.489890 0.979242 0.258024
    54 -2.655510 -1.533379 24.792648 -1.727953 -0.311721 0.309795
    55 -1.120216 -0.154385 9.795983 -0.004367 -0.000534 0.038023
    56 -2.240372 -0.308788 19.592047 -0.153884 -0.202069 0.058787
    57 -0.683205 2.877342 14.167089 -1.604527 0.208954 -1.789836
    58 -0.144958 -0.145317 7.579308 -1.541365 0.304893 -0.166486
    59 -0.038551 -0.936644 4.697678 -2.189566 0.238585 -0.365176
    60 -0.506317 8.500896 13.617329 -1.710239 0.278103 -1.993683
    61 0.385056 -0.460075 7.003435 -1.471905 0.596196 -0.385469
    62 -0.456360 -0.710276 5.057732 -1.989883 0.545811 -0.699342
    63 2.452194 -8.899408 11.597939 -1.419551 0.110544 -1.352644
    64 -0.680515 -0.903999 6.074242 -1.453563 -0.173887 -0.003180
    65 -0.248295 -0.666843 3.386627 -1.668562 -0.122147 0.124610
    66 0.717491 -3.784309 13.044010 -1.725747 0.009831 -1.454323
    67 -1.099228 -1.407673 8.017876 -1.350961 -0.015605 0.007751
    68 -0.064053 -0.807640 3.686100 -1.839804 -0.037732 0.018150
    69 4.004906 6.172710 4.754800 -0.720161 -0.940295 -1.497252
    70 -0.158381 -1.149773 5.804405 -0.345842 0.685485 0.599739
    71 1.078559 -2.386406 5.215008 -1.052553 1.087659 -0.156281
    72 6.289963 0.932404 13.569109 -0.126801 -0.612098 -2.869612
    73 -1.327759 -0.766682 12.396324 -0.017747 -0.008464 0.159156
    74 0.000017 -54.999996 0.000000 0.000000 0.000000 -1.570796
  time 39
    0 0.000000 0.000000 -1.500000 0.000000 0.000000 0.000000
    1 -10.521344 -5.760963 66.994621 3.097007 -0.050786 -3.139334
    2 0.379289 7.376948 14.772015 -0.198298 0.416620 -0.136610
    3 -0.000034 0.000012 24.761454 -1.007522 -0.116911 0.556908
    4 0.000017 0.000000 24.344809 1.846770 -0.389811 -0.197770
    5 0.002333 -1.019846 24.031336 0.392348 -0.042290 0.017417
    6 0.000034 0.000008 13.404741 -0.000001 0.000003 0.264888
    7 10.398263 -5.760962 66.994675 3.097007 0.050786 3.139334
    8 2.296779 11.638786 12.892823 0.983232 -0.115919 -0.241552
    9 -0.000004 -0.000006 24.761459 -0.598797 0.069579 0.091615
    10 -0.000007 0.000004 24.344891 0.628317 0.224850 0.061972
    11 -0.002360 -1.019903 24.031330 0.389594 -0.042695 -0.017219
    12 0.000000 -0.000002 13.404737 0.000001 0.000005 0.069023
    13 -0.061540 -5.245835 72.927078 0.000000 0.000000 0.000000
    14 -2.256557 11.230847 -13.704483 -0.181644 -0.097117 0.187004
    15 0.000000 -0.005608 -1.146812 -0.041271 0.002051 0.016096
    16 0.030770 -0.240000 8.906021 -0.004138 0.000000 0.000000
    17 -0.042947 0.188362 0.101167 0.003351 0.068666 0.504128
    18 0.030770 -0.276858 8.905140 0.056125 0.004134 -0.000049
    19 -0.821603 -0.272570 0.006637 0.242282 -0.127439 -0.077014
    20 5.669724 4.435303 14.302868 0.522759 -1.031117 2.867347
    21 -1.044571 -2.839317 19.743267 -0.062050 -0.540307 0.062645
    22 2.655533 -1.533369 24.792658 -1.536199 0.169079 -0.424478
    23 1.120163 -0.154394 9.796035 -0.005063 0.000578 -0.044081
    24 2.240311 -0.308786 19.592051 -0.227768 0.413552 -0.066763
    25 0.683151 2.877354 14.167051 -1.511326 -0.211735 1.554295
    26 0.144936 -0.145374 7.579252 -1.768042 -0.243277 0.235266
    27 0.091660 -0.906685 4.702850 -1.587485 -0.182555 0.191106
    28 0.506271 8.500866 13.617253 -1.470500 -0.303305 1.571620
    29 -0.384987 -0.460049 7.003448 -1.747417 -0.440906 0.551347
    30 0.561516 -0.596954 5.061852 -1.494407 -0.380569 0.386314
    31 -2.452171 -8.899406 11.597897 -1.564436 -0.075962 1.475269
    32 0.680496 -0.903999 6.074253 -1.628017 0.173820 -0.014245
    33 0.245514 -0.661150 3.388004 -1.484423 0.109499 -0.099205
    34 -0.717484 -3.784271 13.043911 -1.593590 -0.028634 1.464722
    35 1.099216 -1.407745 8.017889 -1.782086 0.031962 -0.017448
    36 0.068439 -0.807653 3.686054 -1.465861 0.033996 -0.009728
    37 -4.004929 6.172707 4.754754 0.109547 1.126790 2.531036
    38 0.158352 -1.149811 5.804394 -0.869499 -0.330219 0.145630
    39 -1.083523 -1.463142 5.544399 -0.797779 -0.152810 -0.023927
    40 -6.289886 0.932434 13.569063 -0.126803 0.612110 2.869610
    41 1.327774 -0.766687 12.396328 -0.027207 0.011604 -0.239945
    42 -0.096140 1.828087 23.185329 -0.051034 -0.308934 -1.402109
    43 2.325478 -0.000003 6.169296 0.128493 -0.131341 1.054817
    44 0.000000 -3.152912 0.122169 1.961882 0.000012 -0.000048
    45 1.068383 -10.478592 7.066338 0.292219 -1.282324 -3.141588
    46 0.000000 0.000000 2.279457 0.547137 -0.343566 0.107833
    47 2.479414 -8.323895 6.074242 -0.013232 0.245945 1.459205
    48 0.000003 -5.075260 5.120987 0.000000 0.000000 0.000000
    49 -1.068383 -10.478611 7.065971 0.292219 1.282324 3.141588
    50 -0.000488 0.000015 2.279600 0.547136 0.343566 0.107835
    51 -2.479401 -8.323895 6.074234 0.004717 0.275740 1.475286
    52 -5.790000 4.432083 14.255558 -5.862307 1.322816 -2.560377
    53 1.044540 -2.839314 19.743252 0.657861 0.979327 0.357333
    54 -2.655510 -1.533379 24.792648 -1.666354 -0.310026 0.194230
    55 -1.120216 -0.154385 9.795983 -0.003984 -0.000498 0.034677
    56 -2.240372 -0.308788 19.592047 -0.157550 -0.219841 0.051312
    57 -0.683205 2.877342 14.167089 -1.604527 0.208954 -1.789836
    58 -0.144958 -0.145317 7.579308 -1.541365 0.304893 -0.166486
    59 -0.038551 -0.936644 4.697678 -2.189566 0.238585 -0.365176
    60 -0.506317 8.500896 13.617329 -1.710239 0.278103 -1.993683
    61 0.385056 -0.460075 7.003435 -1.471905 0.596196 -0.385469
    62 -0.456360 -0.710276 5.057732 -1.989883 0.545811 -0.699342
    63 2.452194 -8.899408 11.597939 -1.419551 0.110567 -1.352644
    64 -0.680515 -0.903999 6.074242 -1.453563 -0.173887 -0.003180
    65 -0.248295 -0.666843 3.386627 -1.668562 -0.122147 0.124610
    66 0.717491 -3.784309 13.044010 -1.725747 0.009831 -1.454323
    67 -1.099228 -1.407673 8.017876 -1.350961 -0.015605 0.007751
    68 -0.064053 -0.807640 3.686100 -1.839804 -0.037732 0.018150
    69 4.004906 6.172710 4.754800 -0.720161 -0.940295 -1.497252
    70 -0.158381 -1.149773 5.804405 -0.345807 0.685485 0.599739
    71 1.078559 -2.386406 5.215008 -1.052553 1.087659 -0.156281
    72 6.289963 0.932404 13.569109 -0.126801 -0.612098 -2.869612
    73 -1.327759 -0.766682 12.396324 -0.009022 -0.004737 0.082264
    74 0.000017 -54.999996 0.000000 0.000000 0.000000 -1.570796
  time 40
    0 0.000000 0.000000 -1.500000 0.000000 0.000000 0.000000
    1 -10.521344 -5.760963 66.994621 3.097007 -0.050786 -3.139334
    2 0.199596 7.303286 14.502920 -0.214831 0.407963 -0.155616
    3 -0.000034 0.000012 24.761454 -0.980611 -0.113783 0.575964
    4 0.000017 0.000000 24.344809 1.830680 -0.393274 -0.194767
    5 0.002333 -1.019846 24.031336 0.389660 -0.042698 0.017201
    6 0.000034 0.000008 13.404741 -0.000001 0.000003 0.280876
    7 10.398263 -5.760962 66.994675 3.097007 0.050786 3.139334
    8 2.203026 12.075914 12.645541 0.956956 -0.095032 -0.251206
    9 -0.000004 -0.000006 24.761459 -0.537034 0.062424 0.113327
    10 -0.000007 0.000004 24.344891 0.592433 0.225850 0.056591
    11 -0.002360 -1.019903 24.031330 0.389594 -0.042695 -0.017219
    12 0.000000 -0.000002 13.404737 0.000001 0.000005 0.074498
    13 -0.061540 -5.245835 72.927078 0.000000 0.000000 0.000000
    14 -2.197962 11.533635 -13.479172 -0.209008 -0.098235 0.209284
    15 0.000000 -0.005608 -1.146812 -0.042610 0.000843 0.018107
    16 0.030770 -0.240000 8.906021 -0.004138 0.000000 0.000000
    17 -0.046853 0.352429 0.093355 -0.017883 0.082808 0.500533
    18 0.030770 -0.276858 8.905140 0.056125 0.004134 -0.000049
    19 -0.841135 -0.233506 0.010544 0.226590 -0.126143 -0.078848
    20 5.669724 4.435303 14.302868 0.519314 -1.014698 2.883639
    21 -1.044571 -2.839317 19.743267 -0.049184 -0.532740 0.060417
    22 2.655533 -1.533369 24.792658 -1.547439 0.170501 -0.403532
    23 1.120163 -0.154394 9.796035 -0.005015 0.000578 -0.043633
    24 2.240311 -0.308786 19.592051 -0.223417 0.428010 -0.067001
    25 0.683151 2.877354 14.167051 -1.511326 -0.211747 1.554295
    26 0.144936 -0.145374 7.579252 -1.768042 -0.243277 0.235266
    27 0.091660 -0.906685 4.702850 -1.587439 -0.182567 0.191106
    28 0.506271 8.500866 13.617253 -1.470438 -0.303305 1.571620
    29 -0.384987 -0.460049 7.003448 -1.747417 -0.440906 0.551335
    30 0.561516 -0.596954 5.061852 -1.494372 -0.380569 0.386314
    31 -2.452171 -8.899406 11.597897 -1.564385 -0.075962 1.475269
    32 0.680496 -0.903999 6.074253 -1.628017 0.173820 -0.014245
    33 0.245514 -0.661150 3.388004 -1.484370 0.109499 -0.099205
    34 -0.717484 -3.784271 13.043911 -1.593546 -0.028646 1.464722
    35 1.099216 -1.407745 8.017889 -1.782086 0.031950 -0.017448
    36 0.068439 -0.807653 3.686054 -1.465825 0.033996 -0.009740
    37 -4.004929 6.172707 4.754754 0.109547 1.126790 2.530940
    38 0.158352 -1.149811 5.804394 -0.869542 -0.330219 0.145630
    39 -1.083523 -1.463142 5.544399 -0.797779 -0.152810 -0.023927
    40 -6.289886 0.932434 13.569063 -0.126803 0.612110 2.869610
    41 1.327774 -0.766687 12.396328 -0.025973 0.011245 -0.229550
    42 -0.096140 1.828087 23.185329 -0.050058 -0.312535 -1.400642
    43 2.325478 -0.000003 6.169296 0.140860 -0.130719 1.052582
    44 0.000000 -3.152912 0.122169 1.961052 0.000000 0.000000
    45 1.068383 -10.478592 7.066338 0.292219 -1.282324 -3.141588
    46 0.000000 0.000000 2.279457 0.547137 -0.343566 0.107833
    47 2.479414 -8.323895 6.074242 -0.008855 0.062050 1.561876
    48 0.000003 -5.075260 5.105362 0.000000 0.000000 0.000000
    49 -1.068383 -10.478611 7.065971 0.292219 1.282324 3.141588
    50 -0.000488 0.000015 2.279600 0.547136 0.343566 0.107835
    51 -2.479401 -8.323895 6.074234 0.008854 0.062118 1.579716
    52 -5.790000 4.432083 14.255558 -5.879178 1.296357 -2.577144
    53 1.044540 -2.839314 19.743252 0.718582 0.966014 0.386453
    54 -2.655510 -1.533379 24.792648 -1.597006 -0.303308 0.145839
    55 -1.120216 -0.154385 9.795983 -0.003840 -0.000486 0.033480
    56 -2.240372 -0.308788 19.592047 -0.158695 -0.226326 0.048735
    57 -0.683205 2.877342 14.167089 -1.604527 0.208934 -1.789836
    58 -0.144958 -0.145317 7.579308 -1.541365 0.304893 -0.166486
    59 -0.038551 -0.936644 4.697678 -2.189566 0.238585 -0.365176
    60 -0.506317 8.500896 13.617329 -1.710239 0.278103 -1.993728
    61 0.385056 -0.460075 7.003435 -1.471905 0.596196 -0.385469
    62 -0.456360 -0.710276 5.057732 -1.989883 0.545811 -0.699342
    63 2.452194 -8.899408 11.597939 -1.419551 0.110567 -1.352644
    64 -0.680515 -0.903999 6.074242 -1.453563 -0.173875 -0.003180
    65 -0.248295 -0.666843 3.386627 -1.668562 -0.122135 0.124610
    66 0.717491 -3.784309 13.044010 -1.725747 0.009831 -1.454323
    67 -1.099228 -1.407673 8.017876 -1.350961 -0.015605 0.007751
    68 -0.064053 -0.807640 3.686100 -1.839804 -0.037732 0.018150
    69 4.004906 6.172710 4.754800 -0.720161 -0.940295 -1.497252
    70 -0.158381 -1.149773 5.804405 -0.345842 0.685512 0.599739
    71 1.078559 -2.386406 5.215008 -1.052553 1.087659 -0.156244
    72 6.289963 0.932404 13.569109 -0.126801 -0.612098 -2.869612
    73 -1.327759 -0.766682 12.396324 -0.005498 -0.002999 0.050619
    74 0.000017 -54.999996 0.000000 0.000000 0.000000 -1.570796
  time 41
    0 0.000000 0.000000 -1.500000 0.000000 0.000000 0.000000
    1 -10.521344 -5.760963 66.994621 3.097007 -0.050786 -3.139334
    2 3.352036 11.772111 17.821752 0.183742 0.482032 0.113689
    3 -0.000034 0.000012 24.761454 -1.494157 -0.173191 0.327421
    4 0.000017 0.000000 24.344809 1.976044 -0.290014 -0.188825
    5 0.002333 -1.019846 24.031336 0.501251 -0.027501 0.027999
    6 0.000034 0.000008 13.404741 -0.000001 0.000003 0.110864
    7 10.398263 -5.760962 66.994675 3.097007 0.050786 3.139334
    8 5.132803 10.976849 16.287329 1.124420 -0.410904 -0.178014
    9 -0.000004 -0.000006 24.761459 -0.847275 0.098354 -0.187447
    10 -0.000007 0.000004 24.344891 0.725191 0.273534 0.106258
    11 -0.002360 -1.019903 24.031330 0.389594 -0.042695 -0.017219
    12 0.000000 -0.000002 13.404737 0.000001 0.000005 -0.039569
    13 -0.061540 -5.245835 72.927078 0.000000 0.000000 0.000000
    14 -4.573034 12.430353 -16.588464 -0.083775 -0.054931 0.036690
    15 0.000000 -0.005608 -1.146812 0.035219 0.007164 -0.076653
    16 0.030770 -0.240000 8.906021 -0.004138 0.000000 0.000000
    17 0.328158 1.493089 0.015227 -0.216453 0.157366 0.141371
    18 0.030770 -0.276858 8.905140 0.056125 0.004134 -0.000049
    19 -1.266929 -0.749147 -0.098835 0.377004 -0.305834 -0.136889
    20 5.669724 4.435303 14.302868 0.696656 -1.055817 2.602655
    21 -1.044571 -2.839317 19.743267 0.182112 -0.363925 0.043186
    22 2.655533 -1.533369 24.792658 -1.481563 0.156360 -0.098725
    23 1.120163 -0.154394 9.796035 -0.010971 0.000961 -0.095476
    24 2.240311 -0.308786 19.592051 -0.218891 0.340386 -0.180941
    25 0.683151 2.877354 14.167051 -1.511326 -0.211747 1.554295
    26 0.144936 -0.145374 7.579252 -1.768042 -0.243277 0.235266
    27 0.091660 -0.906685 4.702850 -1.587439 -0.182567 0.191106
    28 0.506271 8.500866 13.617253 -1.470500 -0.303305 1.571620
    29 -0.384987 -0.460049 7.003448 -1.747417 -0.440906 0.551347
    30 0.561516 -0.596954 5.061852 -1.494372 -0.380569 0.386314
    31 -2.452171 -8.899406 11.597897 -1.564436 -0.075962 1.475269
    32 0.680496 -0.903999 6.074253 -1.628017 0.173820 -0.014245
    33 0.245514 -0.661150 3.388004 -1.484423 0.109499 -0.099205
    34 -0.717484 -3.784271 13.043911 -1.593590 -0.028646 1.464722
    35 1.099216 -1.407745 8.017889 -1.782086 0.031962 -0.017448
    36 0.068439 -0.807653 3.686054 -1.465861 0.033996 -0.009728
    37 -4.004929 6.172707 4.754754 0.109547 1.126790 2.531036
    38 0.158352 -1.149811 5.804394 -0.869542 -0.330219 0.145630
    39 -1.083523 -1.463142 5.544399 -0.797779 -0.152810 -0.023927
    40 -6.289886 0.932434 13.569063 -0.126803 0.612110 2.869610
    41 1.327774 -0.766687 12.396328 -0.012406 0.006283 -0.112497
    42 -0.096140 1.828087 23.185329 -0.072384 -0.246189 -1.415316
    43 2.325478 -0.000003 6.169296 0.085566 -0.121343 1.204410
    44 0.000000 -3.152912 0.122169 2.055169 0.000000 0.000000
    45 1.068383 -10.478592 7.066338 0.292219 -1.282324 -3.141588
    46 0.000000 0.000000 2.279457 0.547137 -0.343566 0.107833
    47 2.479414 -8.323895 6.074242 -0.000944 -0.455495 1.757572
    48 0.000003 -5.075260 5.433497 0.000000 0.000000 0.000000
    49 -1.068383 -10.478611 7.065971 0.292219 1.282324 3.141588
    50 -0.000488 0.000015 2.279600 0.547136 0.343566 0.107835
    51 -2.479401 -8.323895 6.074234 0.018273 -0.442051 1.766443
    52 -5.790000 4.432083 14.255558 -5.360588 1.224872 -2.422977
    53 1.044540 -2.839314 19.743252 0.164523 0.737748 0.028137
    54 -2.655510 -1.533379 24.792648 -1.492379 -0.235811 -0.242278
    55 -1.120216 -0.154385 9.795983 -0.008958 -0.000881 0.077877
    56 -2.240372 -0.308788 19.592047 -0.135938 -0.155932 0.143849
    57 -0.683205 2.877342 14.167089 -1.604576 0.208954 -1.789836
    58 -0.144958 -0.145317 7.579308 -1.541365 0.304893 -0.166486
    59 -0.038551 -0.936644 4.697678 -2.189566 0.238585 -0.365176
    60 -0.506317 8.500896 13.617329 -1.710239 0.278103 -1.993728
    61 0.385056 -0.460075 7.003435 -1.471905 0.596196 -0.385469
    62 -0.456360 -0.710276 5.057732 -1.989883 0.545811 -0.699342
    63 2.452194 -8.899408 11.597939 -1.419551 0.110567 -1.352644
    64 -0.680515 -0.903999 6.074242 -1.453563 -0.173887 -0.003180
    65 -0.248295 -0.666843 3.386627 -1.668562 -0.122147 0.124610
    66 0.717491 -3.784309 13.044010 -1.725747 0.009831 -1.454323
    67 -1.099228 -1.407673 8.017876 -1.350961 -0.015605 0.007751
    68 -0.064053 -0.807640 3.686100 -1.839860 -0.037732 0.018150
    69 4.004906 6.172710 4.754800 -0.720161 -0.940295 -1.497252
    70 -0.158381 -1.149773 5.804405 -0.345842 0.685485 0.599739
    71 1.078559 -2.386406 5.215008 -1.052506 1.087659 -0.156281
    72 6.289963 0.932404 13.569109 -0.126801 -0.612098 -2.869612
    73 -1.327759 -0.766682 12.396324 0.008164 0.005151 -0.078182
    74 0.000017 -54.999996 0.000000 0.000000 0.000000 -1.570796
  time 42
    0 0.000000 0.000000 -1.500000 0.000000 0.000000 0.000000
    1 -10.521344 -5.760963 66.994621 3.097007 -0.050786 -3.139334
    2 6.301345 5.400353 22.172113 0.233889 0.331194 0.485403
    3 -0.000034 0.000012 24.761454 -1.680339 -0.194703 -0.286690
    4 0.000017 0.000000 24.344809 2.161786 -0.314437 -0.243640
    5 0.002333 -1.019846 24.031336 0.712711 -0.007799 0.057325
    6 0.000034 0.000008 13.404741 -0.000001 0.000003 -0.209291
    7 10.398263 -5.760962 66.994675 3.097007 0.050786 3.139334
    8 11.351743 -4.947099 22.536817 0.668097 -1.250939 0.395476
    9 -0.000004 -0.000006 24.761459 -1.552341 0.179933 -0.821008
    10 -0.000007 0.000004 24.344891 1.446938 0.408122 0.338639
    11 -0.002360 -1.019903 24.031330 0.389594 -0.042695 -0.017219
    12 0.000000 -0.000002 13.404737 0.000001 0.000005 -0.312446
    13 -0.061540 -5.245835 72.927078 0.000000 0.000000 0.000000
    14 -8.979419 -0.508013 -22.536675 0.146752 0.028581 -0.270183
    15 0.000000 -0.005608 -1.146812 0.179555 0.018552 -0.249760
    16 0.030770 -0.240000 8.906021 -0.004138 0.000000 0.000000
    17 0.293001 1.184486 0.007414 -0.209550 -0.043368 -0.563297
    18 0.030770 -0.276858 8.905140 0.056125 0.004134 -0.000049
    19 0.307338 -1.006968 -0.059771 0.366066 0.166115 -0.072472
    20 5.669724 4.435303 14.302868 0.992578 -1.014945 2.065220
    21 -1.044571 -2.839317 19.743267 0.476515 0.285713 0.202860
    22 2.655533 -1.533369 24.792658 -0.803145 0.061945 0.359900
    23 1.120163 -0.154394 9.796035 -0.022069 0.000901 -0.191574
    24 2.240311 -0.308786 19.592051 -0.167583 0.201282 -0.383541
    25 0.683151 2.877354 14.167051 -1.511326 -0.211747 1.554295
    26 0.144936 -0.145374 7.579252 -1.768042 -0.243277 0.235278
    27 0.091660 -0.906685 4.702850 -1.587439 -0.182567 0.191106
    28 0.506271 8.500866 13.617253 -1.470500 -0.303283 1.571620
    29 -0.384987 -0.460049 7.003448 -1.747417 -0.440906 0.551347
    30 0.561516 -0.596954 5.061852 -1.494372 -0.380569 0.386314
    31 -2.452171 -8.899406 11.597897 -1.564436 -0.075962 1.475269
    32 0.680496 -0.903999 6.074253 -1.628017 0.173820 -0.014245
    33 0.245514 -0.661150 3.388004 -1.484423 0.109487 -0.099205
    34 -0.717484 -3.784271 13.043911 -1.593590 -0.028634 1.464722
    35 1.099216 -1.407745 8.017889 -1.782086 0.031962 -0.017448
    36 0.068439 -0.807653 3.686054 -1.465861 0.033996 -0.009728
    37 -4.004929 6.172707 4.754754 0.109547 1.126790 2.530940
    38 0.158352 -1.149811 5.804394 -0.869542 -0.330219 0.145630
    39 -1.083523 -1.463142 5.544399 -0.797779 -0.152810 -0.023927
    40 -6.289886 0.932434 13.569063 -0.126803 0.612110 2.869610
    41 1.327774 -0.766687 12.396328 -0.006018 0.003275 -0.055351
    42 -0.096140 1.828087 23.185329 -0.118714 -0.124681 -1.440018
    43 2.325478 -0.000003 6.169296 -0.086813 -0.075057 1.477931
    44 0.000000 -3.152912 0.122169 2.229650 0.000000 0.000000
    45 1.068383 -10.478592 7.066338 0.292219 -1.282324 -3.141588
    46 0.000000 0.000000 2.279457 0.547137 -0.343566 0.107833
    47 2.479414 -8.323895 6.074242 -0.012960 -0.650754 1.532937
    48 0.000003 -5.075260 5.749913 0.000000 0.000000 0.000000
    49 -1.068383 -10.478611 7.065971 0.292219 1.282324 3.141588
    50 -0.000488 0.000015 2.279600 0.547136 0.343566 0.107835
    51 -2.479401 -8.323895 6.074234 0.009336 -0.652554 1.538902
    52 -5.790000 4.432083 14.255558 -4.843340 1.100012 -2.263445
    53 1.044540 -2.839314 19.743252 -0.587784 0.929171 -0.295997
    54 -2.655510 -1.533379 24.792648 -1.377788 -0.114744 -0.700294
    55 -1.120216 -0.154385 9.795983 -0.018425 -0.001073 0.160142
    56 -2.240372 -0.308788 19.592047 -0.064229 -0.046727 0.318611
    57 -0.683205 2.877342 14.167089 -1.604576 0.208954 -1.789836
    58 -0.144958 -0.145317 7.579308 -1.541365 0.304893 -0.166486
    59 -0.038551 -0.936644 4.697678 -2.189566 0.238585 -0.365164
    60 -0.506317 8.500896 13.617329 -1.710239 0.278103 -1.993683
    61 0.385056 -0.460075 7.003435 -1.471905 0.596213 -0.385469
    62 -0.456360 -0.710276 5.057732 -1.989883 0.545811 -0.699342
    63 2.452194 -8.899408 11.597939 -1.419591 0.110567 -1.352620
    64 -0.680515 -0.903999 6.074242 -1.453509 -0.173887 -0.003180
    65 -0.248295 -0.666843 3.386627 -1.668562 -0.122147 0.124610
    66 0.717491 -3.784309 13.044010 -1.725747 0.009831 -1.454323
    67 -1.099228 -1.407673 8.017876 -1.350961 -0.015605 0.007751
    68 -0.064053 -0.807640 3.686100 -1.839860 -0.037732 0.018150
    69 4.004906 6.172710 4.754800 -0.720161 -0.940295 -1.497252
    70 -0.158381 -1.149773 5.804405 -0.345807 0.685485 0.599739
    71 1.078559 -2.386406 5.215008 -1.052506 1.087659 -0.156281
    72 6.289963 0.932404 13.569109 -0.126801 -0.612098 -2.869612
    73 -1.327759 -0.766682 12.396324 0.025877 0.019916 -0.264629
    74 0.000017 -54.999996 0.000000 0.000000 0.000000 -1.570796
  time 43
    0 0.000000 0.000000 -1.500000 0.000000 0.000000 0.000000
    1 -10.521344 -5.760963 66.994621 3.097007 -0.050786 -3.139334
    2 6.496663 5.326691 24.504265 0.351397 0.212645 0.719581
    3 -0.000034 0.000012 24.761454 -1.868147 -0.216383 -0.636092
    4 0.000017 0.000000 24.344809 2.207590 -0.312920 -0.274494
    5 0.002333 -1.019846 24.031336 0.839423 -0.002729 0.079125
    6 0.000034 0.000008 13.404741 -0.000001 0.000003 -0.441803
    7 10.398263 -5.760962 66.994675 3.097007 0.050786 3.139334
    8 14.937789 -8.818804 26.560767 -0.869189 -1.243915 1.913119
    9 -0.000004 -0.000006 24.761459 -1.646937 0.190863 -1.103803
    10 -0.000007 0.000004 24.344891 1.648559 0.491914 0.500987
    11 -0.002360 -1.019903 24.031330 0.389594 -0.042695 -0.017219
    12 0.000000 -0.000002 13.404737 0.000001 0.000005 -0.408178
    13 -0.061540 -5.245835 72.927078 0.000000 0.000000 0.000000
    14 -11.350585 -3.279688 -26.209244 0.271376 0.071420 -0.421278
    15 0.000000 -0.005608 -1.146812 0.257225 0.024308 -0.341558
    16 0.030770 -0.240000 8.906021 -0.004138 0.000000 0.000000
    17 0.281282 0.770411 0.011321 -0.164727 0.005375 -0.403283
    18 0.030770 -0.276858 8.905140 0.056125 0.004134 -0.000049
    19 -0.012985 -0.963997 -0.051958 0.330178 0.003683 -0.050540
    20 5.669724 4.435303 14.302868 0.987027 -0.938838 1.857453
    21 -1.044571 -2.839317 19.743267 0.001938 0.029333 0.111743
    22 2.655533 -1.533369 24.792658 -0.155798 0.023634 0.524798
    23 1.120163 -0.154394 9.796035 -0.028001 0.000422 -0.243245
    24 2.240311 -0.308786 19.592051 -0.121366 0.143035 -0.491112
    25 0.683151 2.877354 14.167051 -1.511326 -0.211747 1.554295
    26 0.144936 -0.145374 7.579252 -1.768042 -0.243277 0.235266
    27 0.091660 -0.906685 4.702850 -1.587439 -0.182567 0.191106
    28 0.506271 8.500866 13.617253 -1.470438 -0.303305 1.571620
    29 -0.384987 -0.460049 7.003448 -1.747417 -0.440906 0.551347
    30 0.561516 -0.596954 5.061852 -1.494372 -0.380557 0.386314
    31 -2.452171 -8.899406 11.597897 -1.564385 -0.075962 1.475269
    32 0.680496 -0.903999 6.074253 -1.628017 0.173820 -0.014245
    33 0.245514 -0.661150 3.388004 -1.484370 0.109499 -0.099205
    34 -0.717484 -3.784271 13.043911 -1.593546 -0.028646 1.464722
    35 1.099216 -1.407745 8.017889 -1.782086 0.031962 -0.017448
    36 0.068439 -0.807653 3.686054 -1.465861 0.033996 -0.009728
    37 -4.004929 6.172707 4.754754 0.109547 1.126790 2.531036
    38 0.158352 -1.149811 5.804394 -0.869542 -0.330219 0.145630
    39 -1.083523 -1.463142 5.544399 -0.797779 -0.152810 -0.023927
    40 -6.289886 0.932434 13.569063 -0.126803 0.612110 2.869610
    41 1.327774 -0.766687 12.396328 0.014463 -0.009764 0.141294
    42 -0.096140 1.828087 23.185329 -0.146091 -0.060215 -1.452247
    43 2.325478 -0.000003 6.169296 -0.578928 0.141528 1.697730
    44 0.000000 -3.152912 0.122169 2.323555 0.000000 0.000000
    45 1.068383 -10.478592 7.066338 0.292219 -1.282324 -3.141588
    46 0.000000 0.000000 2.279457 0.547137 -0.343566 0.107833
    47 2.479414 -8.323895 6.074242 0.022980 -0.224030 2.340838
    48 0.000003 -5.075260 5.925699 0.000000 0.000000 0.000000
    49 -1.068383 -10.478611 7.065971 0.292219 1.282324 3.141588
    50 -0.000488 0.000015 2.279600 0.547136 0.343566 0.107835
    51 -2.479401 -8.323895 6.074234 0.035465 -0.232445 2.337452
    52 -5.790000 4.432083 14.255558 -5.035918 1.021715 -2.200973
    53 1.044540 -2.839314 19.743252 0.588680 0.438424 0.068579
    54 -2.655510 -1.533379 24.792648 -0.652647 -0.029425 -0.586926
    55 -1.120216 -0.154385 9.795983 -0.023543 -0.000821 0.204485
    56 -2.240372 -0.308788 19.592047 -0.011994 -0.001827 0.412780
    57 -0.683205 2.877342 14.167089 -1.604576 0.208954 -1.789836
    58 -0.144958 -0.145317 7.579308 -1.541365 0.304893 -0.166486
    59 -0.038551 -0.936644 4.697678 -2.189615 0.238585 -0.365176
    60 -0.506317 8.500896 13.617329 -1.710239 0.278103 -1.993728
    61 0.385056 -0.460075 7.003435 -1.471905 0.596213 -0.385469
    62 -0.456360 -0.710276 5.057732 -1.989883 0.545811 -0.699342
    63 2.452194 -8.899408 11.597939 -1.419591 0.110567 -1.352644
    64 -0.680515 -0.903999 6.074242 -1.453509 -0.173887 -0.003180
    65 -0.248295 -0.666843 3.386627 -1.668562 -0.122147 0.124610
    66 0.717491 -3.784309 13.044010 -1.725747 0.009831 -1.454323
    67 -1.099228 -1.407673 8.017876 -1.350961 -0.015605 0.007751
    68 -0.064053 -0.807640 3.686100 -1.839860 -0.037732 0.018150
    69 4.004906 6.172710 4.754800 -0.720236 -0.940295 -1.497252
    70 -0.158381 -1.149773 5.804405 -0.345807 0.685485 0.599739
    71 1.078559 -2.386406 5.215008 -1.052506 1.087659 -0.156281
    72 6.289963 0.932404 13.569109 -0.126801 -0.612098 -2.869612
    73 -1.327759 -0.766682 12.396324 0.033691 0.028557 -0.358593
    74 0.000017 -54.999996 0.000000 0.000000 0.000000 -1.570796
  time 44
    0 0.000000 0.000000 -1.500000 0.000000 0.000000 0.000000
    1 -10.521344 -5.760963 66.994621 3.097007 -0.050786 -3.139334
    2 6.461506 7.401502 25.221850 0.436250 0.157615 0.722945
    3 -0.000034 0.000012 24.761454 -1.981238 -0.229434 -0.643706
    4 0.000017 0.000000 24.344809 2.203953 -0.301987 -0.276849
    5 0.002333 -1.019846 24.031336 0.859061 -0.002382 0.082865
    6 0.000034 0.000008 13.404741 -0.000001 0.000003 -0.462939
    7 10.398263 -5.760962 66.994675 3.097007 0.050786 3.139334
    8 14.972947 -6.770547 27.280133 -1.128617 -1.265534 2.168260
    9 -0.000004 -0.000006 24.761459 -1.642757 0.190396 -1.179777
    10 -0.000007 0.000004 24.344891 1.549556 0.492291 0.499431
    11 -0.002360 -1.019903 24.031330 0.389594 -0.042695 -0.017219
    12 0.000000 -0.000002 13.404737 0.000001 0.000005 -0.460735
    13 -0.061540 -5.245835 72.927078 0.000000 0.000000 0.000000
    14 -11.350585 -1.195109 -26.840115 0.271376 0.071420 -0.421278
    15 0.000000 -0.005608 -1.146812 0.257225 0.024308 -0.341558
    16 0.030770 -0.240000 8.906021 -0.004138 0.000000 0.000000
    17 0.253937 0.786036 0.011321 -0.165905 0.004958 -0.350811
    18 0.030770 -0.276858 8.905140 0.056125 0.004134 -0.000049
    19 0.029985 -0.991342 -0.055865 0.337292 0.019215 -0.041755
    20 5.669724 4.435303 14.302868 0.842990 -0.936019 1.883616
    21 -1.044571 -2.839317 19.743267 -0.226815 -0.165417 0.081878
    22 2.655533 -1.533369 24.792658 -0.188823 0.018715 0.569682
    23 1.120163 -0.154394 9.796035 -0.028001 0.000422 -0.243245
    24 2.240311 -0.308786 19.592051 -0.121409 0.142989 -0.491112
    25 0.683151 2.877354 14.167051 -1.511326 -0.211747 1.554295
    26 0.144936 -0.145374 7.579252 -1.768042 -0.243277 0.235266
    27 0.091660 -0.906685 4.702850 -1.587439 -0.182567 0.191106
    28 0.506271 8.500866 13.617253 -1.470500 -0.303283 1.571620
    29 -0.384987 -0.460049 7.003448 -1.747417 -0.440906 0.551347
    30 0.561516 -0.596954 5.061852 -1.494372 -0.380557 0.386326
    31 -2.452171 -8.899406 11.597897 -1.564436 -0.075962 1.475269
    32 0.680496 -0.903999 6.074253 -1.628017 0.173820 -0.014245
    33 0.245514 -0.661150 3.388004 -1.484370 0.109499 -0.099205
    34 -0.717484 -3.784271 13.043911 -1.593590 -0.028634 1.464722
    35 1.099216 -1.407745 8.017889 -1.782086 0.031962 -0.017448
    36 0.068439 -0.807653 3.686054 -1.465861 0.033996 -0.009728
    37 -4.004929 6.172707 4.754754 0.109547 1.126790 2.530940
    38 0.158352 -1.149811 5.804394 -0.869542 -0.330219 0.145630
    39 -1.083523 -1.463142 5.544399 -0.797727 -0.152810 -0.023927
    40 -6.289886 0.932434 13.569063 -0.126803 0.612110 2.869610
    41 1.327774 -0.766687 12.396328 0.020612 -0.014918 0.205922
    42 -0.096140 1.828087 23.185329 -0.146091 -0.060215 -1.452247
    43 2.325478 -0.000003 6.169296 -0.574201 0.161611 1.728861
    44 0.000000 -3.152912 0.122169 2.323522 0.004171 -0.010139
    45 1.068383 -10.478592 7.066338 0.292219 -1.282324 -3.141588
    46 0.000000 0.000000 2.279457 0.547137 -0.343566 0.107833
    47 2.479414 -8.323895 6.074242 0.018712 -0.227833 2.225942
    48 0.000003 -5.075260 5.929606 0.000000 0.000000 0.000000
    49 -1.068383 -10.478611 7.065971 0.292231 1.282324 3.141588
    50 -0.000488 0.000015 2.279600 0.547136 0.343566 0.107835
    51 -2.479401 -8.323895 6.074234 0.032613 -0.236603 2.225550
    52 -5.790000 4.432083 14.255558 -5.018568 1.022546 -2.201836
    53 1.044540 -2.839314 19.743252 0.631591 0.434481 0.078676
    54 -2.655510 -1.533379 24.792648 -0.407964 -0.022449 -0.561178
    55 -1.120216 -0.154385 9.795983 -0.023543 -0.000821 0.204485
    56 -2.240372 -0.308788 19.592047 -0.011994 -0.001827 0.412780
    57 -0.683205 2.877342 14.167089 -1.604576 0.208954 -1.789836
    58 -0.144958 -0.145317 7.579308 -1.541365 0.304893 -0.166486
    59 -0.038551 -0.936644 4.697678 -2.189566 0.238585 -0.365176
    60 -0.506317 8.500896 13.617329 -1.710239 0.278103 -1.993683
    61 0.385056 -0.460075 7.003435 -1.471905 0.596196 -0.385469
    62 -0.456360 -0.710276 5.057732 -1.989883 0.545811 -0.699342
    63 2.452194 -8.899408 11.597939 -1.419551 0.110544 -1.352644
    64 -0.680515 -0.903999 6.074242 -1.453509 -0.173887 -0.003180
    65 -0.248295 -0.666843 3.386627 -1.668562 -0.122147 0.124610
    66 0.717491 -3.784309 13.044010 -1.725747 0.009843 -1.454323
    67 -1.099228 -1.407673 8.017876 -1.350961 -0.015605 0.007751
    68 -0.064053 -0.807640 3.686100 -1.839860 -0.037732 0.018150
    69 4.004906 6.172710 4.754800 -0.720161 -0.940295 -1.497252
    70 -0.158381 -1.149773 5.804405 -0.345842 0.685485 0.599739
    71 1.078559 -2.386406 5.215008 -1.052506 1.087659 -0.156281
    72 6.289963 0.932404 13.569109 -0.126801 -0.612098 -2.869612
    73 -1.327759 -0.766682 12.396324 0.034602 0.029671 -0.370344
    74 0.000017 -54.999996 0.000000 0.000000 0.000000 -1.570796
  time 45
    0 0.000000 0.000000 -1.500000 0.000000 0.000000 0.000000
    1 -10.521344 -5.760963 66.994621 3.097007 -0.050786 -3.139334
    2 6.441974 10.323426 25.603067 0.562640 0.085161 0.719187
    3 -0.000034 0.000012 24.761454 -2.099289 -0.243073 -0.628478
    4 0.000017 0.000000 24.344809 2.155683 -0.286822 -0.267947
    5 0.002333 -1.019846 24.031336 0.872725 -0.002250 0.085405
    6 0.000034 0.000008 13.404741 -0.000001 0.000003 -0.477704
    7 10.398263 -5.760962 66.994675 3.097007 0.050786 3.139334
    8 14.992479 -3.848034 27.662296 -1.399134 -1.262388 2.427527
    9 -0.000004 -0.000006 24.761459 -1.601949 0.185674 -1.278898
    10 -0.000007 0.000004 24.344891 1.401308 0.491114 0.477530
    11 -0.002360 -1.019903 24.031330 0.389594 -0.042695 -0.017219
    12 0.000000 -0.000002 13.404737 0.000001 0.000005 -0.542104
    13 -0.061540 -5.245835 72.927078 0.000000 0.000000 0.000000
    14 -11.350585 1.739606 -27.087957 0.271376 0.071420 -0.421278
    15 0.000000 -0.005608 -1.146812 0.257225 0.024308 -0.341558
    16 0.030770 -0.240000 8.906021 -0.004138 0.000000 0.000000
    17 0.257844 0.774317 0.011321 -0.165190 0.006072 -0.359956
    18 0.030770 -0.276858 8.905140 0.056125 0.004134 -0.000049
    19 0.010454 -0.979623 -0.055865 0.333646 0.011685 -0.044068
    20 5.669724 4.435303 14.302868 0.729770 -0.933694 1.898374
    21 -1.044571 -2.839317 19.743267 -0.366091 -0.343730 0.089774
    22 2.655533 -1.533369 24.792658 -0.281084 0.015487 0.603163
    23 1.120163 -0.154394 9.796035 -0.028001 0.000422 -0.243245
    24 2.240311 -0.308786 19.592051 -0.121409 0.143035 -0.491112
    25 0.683151 2.877354 14.167051 -1.511326 -0.211735 1.554295
    26 0.144936 -0.145374 7.579252 -1.768042 -0.243277 0.235278
    27 0.091660 -0.906685 4.702850 -1.587439 -0.182567 0.191106
    28 0.506271 8.500866 13.617253 -1.470438 -0.303305 1.571620
    29 -0.384987 -0.460049 7.003448 -1.747417 -0.440906 0.551347
    30 0.561516 -0.596954 5.061852 -1.494372 -0.380569 0.386314
    31 -2.452171 -8.899406 11.597897 -1.564436 -0.075962 1.475269
    32 0.680496 -0.903999 6.074253 -1.628017 0.173820 -0.014245
    33 0.245514 -0.661150 3.388004 -1.484370 0.109499 -0.099205
    34 -0.717484 -3.784271 13.043911 -1.593590 -0.028634 1.464722
    35 1.099216 -1.407745 8.017889 -1.782086 0.031962 -0.017448
    36 0.068439 -0.807653 3.686054 -1.465861 0.033996 -0.009728
    37 -4.004929 6.172707 4.754754 0.109637 1.126790 2.530940
    38 0.158352 -1.149811 5.804394 -0.869499 -0.330219 0.145630
    39 -1.083523 -1.463142 5.544399 -0.797779 -0.152810 -0.023927
    40 -6.289886 0.932434 13.569063 -0.126803 0.612110 2.869610
    41 1.327774 -0.766687 12.396328 0.024686 -0.018741 0.251066
    42 -0.096140 1.828087 23.185329 -0.146091 -0.060215 -1.452247
    43 2.325478 -0.000003 6.169296 -0.569425 0.179393 1.756880
    44 0.000000 -3.152912 0.122169 2.323327 0.013051 -0.031771
    45 1.068383 -10.478592 7.066338 0.292219 -1.282324 -3.141588
    46 0.000000 0.000000 2.279457 0.547137 -0.343566 0.107833
    47 2.479414 -8.323895 6.074242 0.017570 -0.221588 2.197863
    48 0.000003 -5.075260 5.925699 0.000000 0.000000 0.000000
    49 -1.068383 -10.478611 7.065971 0.292219 1.282324 3.141588
    50 -0.000488 0.000015 2.279600 0.547136 0.343566 0.107835
    51 -2.479401 -8.323895 6.074234 0.031810 -0.230461 2.198053
    52 -5.790000 4.432083 14.255558 -4.989523 1.024041 -2.203177
    53 1.044540 -2.839314 19.743252 0.581778 0.435287 0.065395
    54 -2.655510 -1.533379 24.792648 -0.295788 -0.021530 -0.549591
    55 -1.120216 -0.154385 9.795983 -0.023543 -0.000821 0.204485
    56 -2.240372 -0.308788 19.592047 -0.011994 -0.001827 0.412780
    57 -0.683205 2.877342 14.167089 -1.604576 0.208954 -1.789836
    58 -0.144958 -0.145317 7.579308 -1.541365 0.304893 -0.166486
    59 -0.038551 -0.936644 4.697678 -2.189615 0.238585 -0.365176
    60 -0.506317 8.500896 13.617329 -1.710239 0.278103 -1.993683
    61 0.385056 -0.460075 7.003435 -1.471905 0.596196 -0.385469
    62 -0.456360 -0.710276 5.057732 -1.989883 0.545811 -0.699342
    63 2.452194 -8.899408 11.597939 -1.419591 0.110567 -1.352644
    64 -0.680515 -0.903999 6.074242 -1.453509 -0.173887 -0.003180
    65 -0.248295 -0.666843 3.386627 -1.668562 -0.122147 0.124610
    66 0.717491 -3.784309 13.044010 -1.725747 0.009831 -1.454323
    67 -1.099228 -1.407673 8.017876 -1.350961 -0.015605 0.007751
    68 -0.064053 -0.807640 3.686100 -1.839860 -0.037732 0.018150
    69 4.004906 6.172710 4.754800 -0.720236 -0.940295 -1.497252
    70 -0.158381 -1.149773 5.804405 -0.345807 0.685485 0.599739
    71 1.078559 -2.386406 5.215008 -1.052506 1.087659 -0.156281
    72 6.289963 0.932404 13.569109 -0.126801 -0.612098 -2.869612
    73 -1.327759 -0.766682 12.396324 0.033727 0.028617 -0.359240
    74 0.000017 -54.999996 0.000000 0.000000 0.000000 -1.570796
  time 46
    0 0.000000 0.000000 -1.500000 0.000000 0.000000 0.000000
    1 -10.521344 -5.760963 66.994621 3.097007 -0.050786 -3.139334
    2 6.449787 11.612510 25.446096 0.626723 0.051313 0.714600
    3 -0.000034 0.000012 24.761454 -2.137460 -0.247471 -0.617484
    4 0.000017 0.000000 24.344809 2.107167 -0.279896 -0.259024
    5 0.002333 -1.019846 24.031336 0.881499 -0.002238 0.086999
    6 0.000034 0.000008 13.404741 -0.000001 0.000003 -0.481923
    7 10.398263 -5.760962 66.994675 3.097007 0.050786 3.139334
    8 14.984666 -2.561629 27.504935 -1.451771 -1.258328 2.476212
    9 -0.000004 -0.000006 24.761459 -1.568126 0.181779 -1.314714
    10 -0.000007 0.000004 24.344891 1.335930 0.489892 0.460085
    11 -0.002360 -1.019903 24.031330 0.389594 -0.042695 -0.017219
    12 0.000000 -0.000002 13.404737 0.000001 0.000005 -0.576455
    13 -0.061540 -5.245835 72.927078 0.000000 0.000000 0.000000
    14 -11.350585 3.020632 -26.862646 0.271376 0.071420 -0.421278
    15 0.000000 -0.005608 -1.146812 0.257225 0.024308 -0.341558
    16 0.030770 -0.240000 8.906021 -0.004138 0.000000 0.000000
    17 0.269563 0.770411 0.011321 -0.164600 0.006376 -0.384595
    18 0.030770 -0.276858 8.905140 0.056125 0.004134 -0.000049
    19 -0.012985 -0.963997 -0.048052 0.330178 0.003971 -0.048239
    20 5.669724 4.435303 14.302868 0.696082 -0.928550 1.840778
    21 -1.044571 -2.839317 19.743267 -0.464910 -0.473929 0.117242
    22 2.655533 -1.533369 24.792658 -0.411838 0.012836 0.649421
    23 1.120163 -0.154394 9.796035 -0.028001 0.000422 -0.243245
    24 2.240311 -0.308786 19.592051 -0.121409 0.143035 -0.491112
    25 0.683151 2.877354 14.167051 -1.511326 -0.211747 1.554295
    26 0.144936 -0.145374 7.579252 -1.768042 -0.243277 0.235266
    27 0.091660 -0.906685 4.702850 -1.587439 -0.182555 0.191106
    28 0.506271 8.500866 13.617253 -1.470438 -0.303305 1.571620
    29 -0.384987 -0.460049 7.003448 -1.747417 -0.440906 0.551347
    30 0.561516 -0.596954 5.061852 -1.494372 -0.380569 0.386314
    31 -2.452171 -8.899406 11.597897 -1.564436 -0.075962 1.475269
    32 0.680496 -0.903999 6.074253 -1.628017 0.173820 -0.014245
    33 0.245514 -0.661150 3.388004 -1.484370 0.109499 -0.099205
    34 -0.717484 -3.784271 13.043911 -1.593546 -0.028634 1.464722
    35 1.099216 -1.407745 8.017889 -1.782086 0.031962 -0.017448
    36 0.068439 -0.807653 3.686054 -1.465861 0.033996 -0.009728
    37 -4.004929 6.172707 4.754754 0.109637 1.126790 2.530940
    38 0.158352 -1.149811 5.804394 -0.869499 -0.330219 0.145630
    39 -1.083523 -1.463142 5.544399 -0.797727 -0.152810 -0.023927
    40 -6.289886 0.932434 13.569063 -0.126803 0.612110 2.869610
    41 1.327774 -0.766687 12.396328 0.027503 -0.021569 0.283254
    42 -0.096140 1.828087 23.185329 -0.146091 -0.060215 -1.452247
    43 2.325478 -0.000003 6.169296 -0.576397 0.152669 1.714932
    44 0.000000 -3.152912 0.122169 2.322920 0.021285 -0.051761
    45 1.068383 -10.478592 7.066338 0.292219 -1.282324 -3.141588
    46 0.000000 0.000000 2.279457 0.547137 -0.343566 0.107833
    47 2.479414 -8.323895 6.074242 0.020696 -0.214638 2.280668
    48 0.000003 -5.075260 5.929606 0.000000 0.000000 0.000000
    49 -1.068383 -10.478611 7.065971 0.292219 1.282324 3.141588
    50 -0.000488 0.000015 2.279600 0.547136 0.343566 0.107835
    51 -2.479401 -8.323895 6.074234 0.033918 -0.223042 2.278819
    52 -5.790000 4.432083 14.255558 -5.022881 1.022338 -2.201548
    53 1.044540 -2.839314 19.743252 0.584172 0.440883 0.068307
    54 -2.655510 -1.533379 24.792648 -0.280741 -0.022255 -0.541337
    55 -1.120216 -0.154385 9.795983 -0.023543 -0.000821 0.204485
    56 -2.240372 -0.308788 19.592047 -0.011994 -0.001827 0.412780
    57 -0.683205 2.877342 14.167089 -1.604527 0.208954 -1.789836
    58 -0.144958 -0.145317 7.579308 -1.541365 0.304893 -0.166486
    59 -0.038551 -0.936644 4.697678 -2.189566 0.238585 -0.365164
    60 -0.506317 8.500896 13.617329 -1.710239 0.278103 -1.993683
    61 0.385056 -0.460075 7.003435 -1.471905 0.596196 -0.385469
    62 -0.456360 -0.710276 5.057732 -1.989883 0.545811 -0.699342
    63 2.452194 -8.899408 11.597939 -1.419551 0.110567 -1.352644
    64 -0.680515 -0.903999 6.074242 -1.453563 -0.173887 -0.003180
    65 -0.248295 -0.666843 3.386627 -1.668562 -0.122147 0.124610
    66 0.717491 -3.784309 13.044010 -1.725747 0.009843 -1.454323
    67 -1.099228 -1.407673 8.017876 -1.351017 -0.015605 0.007751
    68 -0.064053 -0.807640 3.686100 -1.839804 -0.037732 0.018150
    69 4.004906 6.172710 4.754800 -0.720161 -0.940295 -1.497252
    70 -0.158381 -1.149773 5.804405 -0.345842 0.685485 0.599739
    71 1.078559 -2.386406 5.215008 -1.052553 1.087659 -0.156281
    72 6.289963 0.932404 13.569109 -0.126801 -0.612098 -2.869612
    73 -1.327759 -0.766682 12.396324 0.033536 0.028365 -0.356650
    74 0.000017 -54.999996 0.000000 0.000000 0.000000 -1.570796
  time 47
    0 0.000000 0.000000 -1.500000 0.000000 0.000000 0.000000
    1 -10.521344 -5.760963 66.994621 3.097007 -0.050786 -3.139334
    2 6.461506 12.177252 25.199426 0.657672 0.035893 0.711848
    3 -0.000034 0.000012 24.761454 -2.147867 -0.248670 -0.610847
    4 0.000017 0.000000 24.344809 2.074555 -0.276614 -0.252931
    5 0.002333 -1.019846 24.031336 0.886539 -0.002286 0.087838
    6 0.000034 0.000008 13.404741 -0.000001 0.000003 -0.482661
    7 10.398263 -5.760962 66.994675 3.097007 0.050786 3.139334
    8 14.972947 -1.987118 27.257653 -1.448273 -1.258035 2.472086
    9 -0.000004 -0.000006 24.761459 -1.546347 0.179238 -1.326809
    10 -0.000007 0.000004 24.344891 1.307080 0.489025 0.449281
    11 -0.002360 -1.019903 24.031330 0.389594 -0.042695 -0.017219
    12 0.000000 -0.000002 13.404737 0.000001 0.000005 -0.590131
    13 -0.061540 -5.245835 72.927078 0.000000 0.000000 0.000000
    14 -11.350585 3.579626 -26.569741 0.271376 0.071420 -0.421278
    15 0.000000 -0.005608 -1.146812 0.257225 0.024308 -0.341558
    16 0.030770 -0.240000 8.906021 -0.004138 0.000000 0.000000
    17 0.281282 0.770411 0.011321 -0.165505 0.002945 -0.419457
    18 0.030770 -0.276858 8.905140 0.056125 0.004134 -0.000049
    19 0.002641 -0.975717 -0.055865 0.333181 0.010863 -0.051391
    20 5.669724 4.435303 14.302868 0.677994 -0.922560 1.785099
    21 -1.044571 -2.839317 19.743267 -0.530072 -0.564520 0.148686
    22 2.655533 -1.533369 24.792658 -0.562641 0.014181 0.685167
    23 1.120163 -0.154394 9.796035 -0.028001 0.000422 -0.243245
    24 2.240311 -0.308786 19.592051 -0.121409 0.143035 -0.491112
    25 0.683151 2.877354 14.167051 -1.511326 -0.211747 1.554295
    26 0.144936 -0.145374 7.579252 -1.768042 -0.243277 0.235266
    27 0.091660 -0.906685 4.702850 -1.587439 -0.182567 0.191106
    28 0.506271 8.500866 13.617253 -1.470438 -0.303305 1.571620
    29 -0.384987 -0.460049 7.003448 -1.747417 -0.440906 0.551347
    30 0.561516 -0.596954 5.061852 -1.494372 -0.380569 0.386314
    31 -2.452171 -8.899406 11.597897 -1.564436 -0.075962 1.475269
    32 0.680496 -0.903999 6.074253 -1.628017 0.173820 -0.014245
    33 0.245514 -0.661150 3.388004 -1.484370 0.109499 -0.099205
    34 -0.717484 -3.784271 13.043911 -1.593590 -0.028646 1.464722
    35 1.099216 -1.407745 8.017889 -1.782086 0.031962 -0.017448
    36 0.068439 -0.807653 3.686054 -1.465861 0.033996 -0.009728
    37 -4.004929 6.172707 4.754754 0.109547 1.126790 2.531036
    38 0.158352 -1.149811 5.804394 -0.869542 -0.330219 0.145630
    39 -1.083523 -1.463142 5.544399 -0.797779 -0.152810 -0.023927
    40 -6.289886 0.932434 13.569063 -0.126803 0.612110 2.869610
    41 1.327774 -0.766687 12.396328 0.028905 -0.023067 0.299926
    42 -0.096140 1.828087 23.185329 -0.146091 -0.060215 -1.452247
    43 2.325478 -0.000003 6.169296 -0.582461 0.124006 1.670789
    44 0.000000 -3.152912 0.122169 2.322790 0.023394 -0.056915
    45 1.068383 -10.478592 7.066338 0.292219 -1.282324 -3.141588
    46 0.000000 0.000000 2.279457 0.547137 -0.343566 0.107833
    47 2.479414 -8.323895 6.074242 0.023959 -0.192942 2.373024
    48 0.000003 -5.075260 5.925699 0.000000 0.000000 0.000000
    49 -1.068383 -10.478611 7.065971 0.292219 1.282324 3.141588
    50 -0.000488 0.000015 2.279600 0.547136 0.343566 0.107835
    51 -2.479401 -8.323895 6.074234 0.035947 -0.201496 2.368877
    52 -5.790000 4.432083 14.255558 -5.056144 1.020635 -2.199919
    53 1.044540 -2.839314 19.743252 0.582057 0.459114 0.075301
    54 -2.655510 -1.533379 24.792648 -0.283257 -0.022656 -0.537853
    55 -1.120216 -0.154385 9.795983 -0.023543 -0.000821 0.204485
    56 -2.240372 -0.308788 19.592047 -0.011994 -0.001827 0.412780
    57 -0.683205 2.877342 14.167089 -1.604576 0.208954 -1.789836
    58 -0.144958 -0.145317 7.579308 -1.541365 0.304893 -0.166486
    59 -0.038551 -0.936644 4.697678 -2.189566 0.238585 -0.365176
    60 -0.506317 8.500896 13.617329 -1.710239 0.278103 -1.993683
    61 0.385056 -0.460075 7.003435 -1.471905 0.596213 -0.385469
    62 -0.456360 -0.710276 5.057732 -1.989883 0.545811 -0.699342
    63 2.452194 -8.899408 11.597939 -1.419551 0.110567 -1.352644
    64 -0.680515 -0.903999 6.074242 -1.453509 -0.173887 -0.003180
    65 -0.248295 -0.666843 3.386627 -1.668562 -0.122147 0.124610
    66 0.717491 -3.784309 13.044010 -1.725747 0.009831 -1.454323
    67 -1.099228 -1.407673 8.017876 -1.350961 -0.015605 0.007751
    68 -0.064053 -0.807640 3.686100 -1.839860 -0.037732 0.018150
    69 4.004906 6.172710 4.754800 -0.720161 -0.940295 -1.497252
    70 -0.158381 -1.149773 5.804405 -0.345807 0.685485 0.599739
    71 1.078559 -2.386406 5.215008 -1.052506 1.087659 -0.156281
    72 6.289963 0.932404 13.569109 -0.126801 -0.612098 -2.869612
    73 -1.327759 -0.766682 12.396324 0.033571 0.028401 -0.357020
    74 0.000017 -54.999996 0.000000 0.000000 0.000000 -1.570796
  time 48
    0 0.000000 0.000000 -1.500000 0.000000 0.000000 0.000000
    1 -10.521344 -5.760963 66.994621 3.097007 -0.050786 -3.139334
    2 6.457600 12.459623 25.266699 0.672019 0.027988 0.710406
    3 -0.000034 0.000012 24.761454 -2.160794 -0.250180 -0.609951
    4 0.000017 0.000000 24.344809 2.068514 -0.275437 -0.252261
    5 0.002333 -1.019846 24.031336 0.888816 -0.002322 0.088186
    6 0.000034 0.000008 13.404741 -0.000001 0.000003 -0.484496
    7 10.398263 -5.760962 66.994675 3.097007 0.050786 3.139334
    8 14.980760 -1.699862 27.347573 -1.474890 -1.255987 2.497171
    9 -0.000004 -0.000006 24.761459 -1.542992 0.178866 -1.336462
    10 -0.000007 0.000004 24.344891 1.293075 0.489003 0.447726
    11 -0.002360 -1.019903 24.031330 0.389594 -0.042695 -0.017219
    12 0.000000 -0.000002 13.404737 0.000001 0.000005 -0.598311
    13 -0.061540 -5.245835 72.927078 0.000000 0.000000 0.000000
    14 -11.350585 3.870768 -26.659866 0.271376 0.071420 -0.421278
    15 0.000000 -0.005608 -1.146812 0.257225 0.024308 -0.341558
    16 0.030770 -0.240000 8.906021 -0.004138 0.000000 0.000000
    17 0.281282 0.766504 0.011321 -0.166284 -0.000638 -0.456954
    18 0.030770 -0.276858 8.905140 0.056125 0.004134 -0.000049
    19 0.022173 -0.979623 -0.055865 0.335612 0.017692 -0.054783
    20 5.669724 4.435303 14.302868 0.608607 -0.923899 1.809920
    21 -1.044571 -2.839317 19.743267 -0.583836 -0.625784 0.178325
    22 2.655533 -1.533369 24.792658 -0.715831 0.024210 0.667375
    23 1.120163 -0.154394 9.796035 -0.028013 0.000422 -0.243245
    24 2.240311 -0.308786 19.592051 -0.121366 0.143035 -0.491112
    25 0.683151 2.877354 14.167051 -1.511326 -0.211747 1.554295
    26 0.144936 -0.145374 7.579252 -1.768042 -0.243277 0.235266
    27 0.091660 -0.906685 4.702850 -1.587439 -0.182567 0.191106
    28 0.506271 8.500866 13.617253 -1.470438 -0.303305 1.571620
    29 -0.384987 -0.460049 7.003448 -1.747417 -0.440906 0.551347
    30 0.561516 -0.596954 5.061852 -1.494372 -0.380569 0.386314
    31 -2.452171 -8.899406 11.597897 -1.564436 -0.075962 1.475269
    32 0.680496 -0.903999 6.074253 -1.628017 0.173820 -0.014245
    33 0.245514 -0.661150 3.388004 -1.484370 0.109499 -0.099205
    34 -0.717484 -3.784271 13.043911 -1.593590 -0.028646 1.464722
    35 1.099216 -1.407745 8.017889 -1.782086 0.031950 -0.017448
    36 0.068439 -0.807653 3.686054 -1.465861 0.033996 -0.009728
    37 -4.004929 6.172707 4.754754 0.109547 1.126790 2.530940
    38 0.158352 -1.149811 5.804394 -0.869542 -0.330219 0.145630
    39 -1.083523 -1.463142 5.544399 -0.797779 -0.152810 -0.023927
    40 -6.289886 0.932434 13.569063 -0.126803 0.612110 2.869610
    41 1.327774 -0.766687 12.396328 0.027718 -0.021821 0.285966
    42 -0.096140 1.828087 23.185329 -0.146091 -0.060215 -1.452247
    43 2.325478 -0.000003 6.169296 -0.580504 0.134033 1.686115
    44 0.000000 -3.152912 0.122169 2.323392 0.003523 -0.008593
    45 1.068383 -10.478592 7.066338 0.292219 -1.282324 -3.141588
    46 0.000000 0.000000 2.279457 0.547137 -0.343566 0.107833
    47 2.479414 -8.323895 6.074242 0.024475 -0.168664 2.392508
    48 0.000003 -5.075260 5.925699 0.000000 0.000000 0.000000
    49 -1.068383 -10.478611 7.065971 0.292219 1.282324 3.141588
    50 -0.000488 0.000015 2.279600 0.547136 0.343566 0.107835
    51 -2.479401 -8.323895 6.074234 0.036188 -0.177823 2.387943
    52 -5.790000 4.432083 14.255558 -5.030838 1.021923 -2.201165
    53 1.044540 -2.839314 19.743252 0.512264 0.476836 0.062782
    54 -2.655510 -1.533379 24.792648 -0.286327 -0.021996 -0.544214
    55 -1.120216 -0.154385 9.795983 -0.023543 -0.000821 0.204485
    56 -2.240372 -0.308788 19.592047 -0.011994 -0.001827 0.412780
    57 -0.683205 2.877342 14.167089 -1.604576 0.208934 -1.789836
    58 -0.144958 -0.145317 7.579308 -1.541365 0.304893 -0.166486
    59 -0.038551 -0.936644 4.697678 -2.189566 0.238585 -0.365176
    60 -0.506317 8.500896 13.617329 -1.710239 0.278103 -1.993683
    61 0.385056 -0.460075 7.003435 -1.471905 0.596196 -0.385469
    62 -0.456360 -0.710276 5.057732 -1.989883 0.545811 -0.699342
    63 2.452194 -8.899408 11.597939 -1.419551 0.110567 -1.352644
    64 -0.680515 -0.903999 6.074242 -1.453563 -0.173875 -0.003180
    65 -0.248295 -0.666843 3.386627 -1.668562 -0.122147 0.124610
    66 0.717491 -3.784309 13.044010 -1.725747 0.009831 -1.454323
    67 -1.099228 -1.407673 8.017876 -1.350961 -0.015605 0.007751
    68 -0.064053 -0.807640 3.686100 -1.839860 -0.037732 0.018150
    69 4.004906 6.172710 4.754800 -0.720161 -0.940295 -1.497252
    70 -0.158381 -1.149773 5.804405 -0.345807 0.685512 0.599739
    71 1.078559 -2.386406 5.215008 -1.052553 1.087659 -0.156281
    72 6.289963 0.932404 13.569109 -0.126801 -0.612098 -2.869612
    73 -1.327759 -0.766682 12.396324 0.032804 0.027466 -0.347397
    74 0.000017 -54.999996 0.000000 0.000000 0.000000 -1.570796
  time 49
    0 0.000000 0.000000 -1.500000 0.000000 0.000000 0.000000
    1 -10.521344 -5.760963 66.994621 3.097007 -0.050786 -3.139334
    2 6.449787 12.582393 25.423671 0.677211 0.024842 0.709838
    3 -0.000034 0.000012 24.761454 -2.168599 -0.251066 -0.610236
    4 0.000017 0.000000 24.344809 2.069932 -0.275075 -0.252758
    5 0.002333 -1.019846 24.031336 0.889339 -0.002346 0.088246
    6 0.000034 0.000008 13.404741 -0.000001 0.000003 -0.485614
    7 10.398263 -5.760962 66.994675 3.097007 0.050786 3.139334
    8 14.984666 -1.587458 27.482454 -1.495449 -1.254341 2.516480
    9 -0.000004 -0.000006 24.761459 -1.544202 0.178986 -1.341810
    10 -0.000007 0.000004 24.344891 1.287460 0.489114 0.448377
    11 -0.002360 -1.019903 24.031330 0.389594 -0.042695 -0.017219
    12 0.000000 -0.000002 13.404737 0.000001 0.000005 -0.602154
    13 -0.061540 -5.245835 72.927078 0.000000 0.000000 0.000000
    14 -11.350585 3.987225 -26.772521 0.271376 0.071420 -0.421278
    15 0.000000 -0.005608 -1.146812 0.257225 0.024308 -0.341558
    16 0.030770 -0.240000 8.906021 -0.004138 0.000000 0.000000
    17 0.300814 0.762598 0.011321 -0.165674 -0.000778 -0.489221
    18 0.030770 -0.276858 8.905140 0.056125 0.004134 -0.000049
    19 -0.001266 -0.975717 -0.051958 0.332716 0.009813 -0.059744
    20 5.669724 4.435303 14.302868 0.551566 -0.925343 1.835795
    21 -1.044571 -2.839317 19.743267 -0.616124 -0.664713 0.200209
    22 2.655533 -1.533369 24.792658 -0.850360 0.036891 0.634864
    23 1.120163 -0.154394 9.796035 -0.028013 0.000422 -0.243245
    24 2.240311 -0.308786 19.592051 -0.121409 0.142989 -0.491112
    25 0.683151 2.877354 14.167051 -1.511326 -0.211747 1.554295
    26 0.144936 -0.145374 7.579252 -1.768042 -0.243277 0.235278
    27 0.091660 -0.906685 4.702850 -1.587439 -0.182567 0.191106
    28 0.506271 8.500866 13.617253 -1.470500 -0.303305 1.571620
    29 -0.384987 -0.460049 7.003448 -1.747417 -0.440906 0.551347
    30 0.561516 -0.596954 5.061852 -1.494372 -0.380557 0.386314
    31 -2.452171 -8.899406 11.597897 -1.564436 -0.075962 1.475269
    32 0.680496 -0.903999 6.074253 -1.628017 0.173820 -0.014245
    33 0.245514 -0.661150 3.388004 -1.484370 0.109499 -0.099205
    34 -0.717484 -3.784271 13.043911 -1.593590 -0.028634 1.464722
    35 1.099216 -1.407745 8.017889 -1.782086 0.031962 -0.017448
    36 0.068439 -0.807653 3.686054 -1.465861 0.033996 -0.009728
    37 -4.004929 6.172707 4.754754 0.109547 1.126790 2.530940
    38 0.158352 -1.149811 5.804394 -0.869542 -0.330219 0.145630
    39 -1.083523 -1.463142 5.544399 -0.797727 -0.152810 -0.023927
    40 -6.289886 0.932434 13.569063 -0.126803 0.612110 2.869610
    41 1.327774 -0.766687 12.396328 0.025777 -0.019808 0.263419
    42 -0.096140 1.828087 23.185329 -0.146091 -0.060215 -1.452247
    43 2.325478 -0.000003 6.169296 -0.577304 0.148806 1.708865
    44 0.000000 -3.152912 0.122169 2.323034 -0.016443 0.040005
    45 1.068383 -10.478592 7.066338 0.292219 -1.282324 -3.141588
    46 0.000000 0.000000 2.279457 0.547137 -0.343566 0.107833
    47 2.479414 -8.323895 6.074242 0.024829 -0.158286 2.403491
    48 0.000003 -5.075260 5.929606 0.000000 0.000000 0.000000
    49 -1.068383 -10.478611 7.065971 0.292219 1.282324 3.141588
    50 -0.000488 0.000015 2.279600 0.547136 0.343566 0.107835
    51 -2.479401 -8.323895 6.074234 0.036349 -0.167664 2.398673
    52 -5.790000 4.432083 14.255558 -5.005435 1.023252 -2.202411
    53 1.044540 -2.839314 19.743252 0.441803 0.481966 0.045310
    54 -2.655510 -1.533379 24.792648 -0.290806 -0.021582 -0.548682
    55 -1.120216 -0.154385 9.795983 -0.023543 -0.000821 0.204485
    56 -2.240372 -0.308788 19.592047 -0.011994 -0.001827 0.412780
    57 -0.683205 2.877342 14.167089 -1.604576 0.208954 -1.789836
    58 -0.144958 -0.145317 7.579308 -1.541365 0.304893 -0.166486
    59 -0.038551 -0.936644 4.697678 -2.189566 0.238585 -0.365176
    60 -0.506317 8.500896 13.617329 -1.710239 0.278103 -1.993728
    61 0.385056 -0.460075 7.003435 -1.471905 0.596196 -0.385469
    62 -0.456360 -0.710276 5.057732 -1.989883 0.545811 -0.699342
    63 2.452194 -8.899408 11.597939 -1.419551 0.110567 -1.352644
    64 -0.680515 -0.903999 6.074242 -1.453563 -0.173887 -0.003180
    65 -0.248295 -0.666843 3.386627 -1.668562 -0.122135 0.124610
    66 0.717491 -3.784309 13.044010 -1.725747 0.009831 -1.454323
    67 -1.099228 -1.407673 8.017876 -1.350961 -0.015605 0.007751
    68 -0.064053 -0.807640 3.686100 -1.839860 -0.037732 0.018150
    69 4.004906 6.172710 4.754800 -0.720161 -0.940295 -1.497252
    70 -0.158381 -1.149773 5.804405 -0.345807 0.685485 0.599739
    71 1.078559 -2.386406 5.215008 -1.052506 1.087659 -0.156281
    72 6.289963 0.932404 13.569109 -0.126801 -0.612098 -2.869612
    73 -1.327759 -0.766682 12.396324 0.031798 0.026304 -0.334859
    74 0.000017 -54.999996 0.000000 0.000000 0.000000 -1.570796
  time 50
    0 0.000000 0.000000 -1.500000 0.000000 0.000000 0.000000
    1 -10.521344 -5.760963 66.994621 3.097007 -0.050786 -3.139334
    2 6.449787 12.643778 25.468520 0.679875 0.023395 0.709576
    3 -0.000034 0.000012 24.761454 -2.171851 -0.251450 -0.609951
    4 0.000017 0.000000 24.344809 2.069932 -0.274826 -0.252715
    5 0.002333 -1.019846 24.031336 0.889339 -0.002346 0.088246
    6 0.000034 0.000008 13.404741 -0.000001 0.000003 -0.485867
    7 10.398263 -5.760962 66.994675 3.097007 0.050786 3.139334
    8 14.984666 -1.525011 27.504935 -1.503554 -1.253609 2.524154
    9 -0.000004 -0.000006 24.761459 -1.544092 0.178974 -1.344250
    10 -0.000007 0.000004 24.344891 1.284491 0.489114 0.448377
    11 -0.002360 -1.019903 24.031330 0.389594 -0.042695 -0.017219
    12 0.000000 -0.000002 13.404737 0.000001 0.000005 -0.604086
    13 -0.061540 -5.245835 72.927078 0.000000 0.000000 0.000000
    14 -11.350585 4.057099 -26.840115 0.271376 0.071420 -0.421278
    15 0.000000 -0.005608 -1.146812 0.257225 0.024308 -0.341558
    16 0.030770 -0.240000 8.906021 -0.004138 0.000000 0.000000
    17 0.304720 0.750879 0.011321 -0.165084 -0.000347 -0.511104
    18 0.030770 -0.276858 8.905140 0.056125 0.004134 -0.000049
    19 -0.024704 -0.967904 -0.051958 0.330321 0.002140 -0.063412
    20 5.669724 4.435303 14.302868 0.551471 -0.922701 1.807045
    21 -1.044571 -2.839317 19.743267 -0.619352 -0.688196 0.210672
    22 2.655533 -1.533369 24.792658 -0.980116 0.047151 0.635916
    23 1.120163 -0.154394 9.796035 -0.028013 0.000422 -0.243245
    24 2.240311 -0.308786 19.592051 -0.121409 0.143035 -0.491112
    25 0.683151 2.877354 14.167051 -1.511326 -0.211747 1.554295
    26 0.144936 -0.145374 7.579252 -1.768042 -0.243277 0.235266
    27 0.091660 -0.906685 4.702850 -1.587439 -0.182567 0.191106
    28 0.506271 8.500866 13.617253 -1.470438 -0.303305 1.571620
    29 -0.384987 -0.460049 7.003448 -1.747417 -0.440906 0.551347
    30 0.561516 -0.596954 5.061852 -1.494372 -0.380557 0.386326
    31 -2.452171 -8.899406 11.597897 -1.564436 -0.075962 1.475269
    32 0.680496 -0.903999 6.074253 -1.628017 0.173820 -0.014245
    33 0.245514 -0.661150 3.388004 -1.484370 0.109499 -0.099205
    34 -0.717484 -3.784271 13.043911 -1.593590 -0.028646 1.464722
    35 1.099216 -1.407745 8.017889 -1.782086 0.031962 -0.017448
    36 0.068439 -0.807653 3.686054 -1.465861 0.033996 -0.009728
    37 -4.004929 6.172707 4.754754 0.109547 1.126790 2.531036
    38 0.158352 -1.149811 5.804394 -0.869542 -0.330219 0.145630
    39 -1.083523 -1.463142 5.544399 -0.797727 -0.152810 -0.023927
    40 -6.289886 0.932434 13.569063 -0.126803 0.612110 2.869610
    41 1.327774 -0.766687 12.396328 0.025250 -0.019280 0.257343
    42 -0.096140 1.828087 23.185329 -0.146091 -0.060215 -1.452247
    43 2.325478 -0.000003 6.169296 -0.581411 0.129620 1.679370
    44 0.000000 -3.152912 0.122169 2.323327 -0.003212 0.007826
    45 1.068383 -10.478592 7.066338 0.292219 -1.282324 -3.141588
    46 0.000000 0.000000 2.279457 0.547137 -0.343566 0.107833
    47 2.479414 -8.323895 6.074242 0.026949 -0.152838 2.468532
    48 0.000003 -5.075260 5.925699 0.000000 0.000000 0.000000
    49 -1.068383 -10.478611 7.065971 0.292219 1.282324 3.141588
    50 -0.000488 0.000015 2.279600 0.547136 0.343566 0.107835
    51 -2.479401 -8.323895 6.074234 0.037594 -0.162183 2.461810
    52 -5.790000 4.432083 14.255558 -5.029975 1.022006 -2.201261
    53 1.044540 -2.839314 19.743252 0.439354 0.485061 0.045718
    54 -2.655510 -1.533379 24.792648 -0.287082 -0.022138 -0.542927
    55 -1.120216 -0.154385 9.795983 -0.023543 -0.000821 0.204485
    56 -2.240372 -0.308788 19.592047 -0.011994 -0.001827 0.412780
    57 -0.683205 2.877342 14.167089 -1.604527 0.208954 -1.789836
    58 -0.144958 -0.145317 7.579308 -1.541365 0.304893 -0.166486
    59 -0.038551 -0.936644 4.697678 -2.189566 0.238585 -0.365176
    60 -0.506317 8.500896 13.617329 -1.710239 0.278103 -1.993683
    61 0.385056 -0.460075 7.003435 -1.471905 0.596196 -0.385469
    62 -0.456360 -0.710276 5.057732 -1.989883 0.545811 -0.699342
    63 2.452194 -8.899408 11.597939 -1.419551 0.110567 -1.352644
    64 -0.680515 -0.903999 6.074242 -1.453563 -0.173887 -0.003180
    65 -0.248295 -0.666843 3.386627 -1.668562 -0.122147 0.124610
    66 0.717491 -3.784309 13.044010 -1.725747 0.009843 -1.454323
    67 -1.099228 -1.407673 8.017876 -1.351017 -0.015605 0.007751
    68 -0.064053 -0.807640 3.686100 -1.839804 -0.037732 0.018150
    69 4.004906 6.172710 4.754800 -0.720161 -0.940295 -1.497252
    70 -0.158381 -1.149773 5.804405 -0.345807 0.685485 0.599739
    71 1.078559 -2.386406 5.215008 -1.052553 1.087659 -0.156281
    72 6.289963 0.932404 13.569109 -0.126801 -0.612098 -2.869612
    73 -1.327759 -0.766682 12.396324 0.031534 0.026004 -0.331713
    74 0.000017 -54.999996 0.000000 0.000000 0.000000 -1.570796
  time 51
    0 0.000000 0.000000 -1.500000 0.000000 0.000000 0.000000
    1 -10.521344 -5.760963 66.994621 3.097007 -0.050786 -3.139334
    2 6.449787 12.680609 25.490945 0.681242 0.022615 0.709401
    3 -0.000034 0.000012 24.761454 -2.173680 -0.251654 -0.609829
    4 0.000017 0.000000 24.344809 2.070179 -0.274712 -0.252758
    5 0.002333 -1.019846 24.031336 0.889339 -0.002346 0.088246
    6 0.000034 0.000008 13.404741 -0.000001 0.000003 -0.486036
    7 10.398263 -5.760962 66.994675 3.097007 0.050786 3.139334
    8 14.992479 -1.487543 27.549895 -1.508417 -1.253170 2.528775
    9 -0.000004 -0.000006 24.761459 -1.544202 0.178986 -1.345614
    10 -0.000007 0.000004 24.344891 1.282813 0.489114 0.448440
    11 -0.002360 -1.019903 24.031330 0.389594 -0.042695 -0.017219
    12 0.000000 -0.000002 13.404737 0.000001 0.000005 -0.605117
    13 -0.061540 -5.245835 72.927078 0.000000 0.000000 0.000000
    14 -11.350585 4.092036 -26.862646 0.271376 0.071420 -0.421278
    15 0.000000 -0.005608 -1.146812 0.257225 0.024308 -0.341558
    16 0.030770 -0.240000 8.906021 -0.004138 0.000000 0.000000
    17 0.308626 0.750879 0.011321 -0.165611 -0.002753 -0.526199
    18 0.030770 -0.276858 8.905140 0.056125 0.004134 -0.000049
    19 -0.001266 -0.971810 -0.055865 0.332466 0.009279 -0.064059
    20 5.669724 4.435303 14.302868 0.559797 -0.919917 1.779157
    21 -1.044571 -2.839317 19.743267 -0.608639 -0.696232 0.211236
    22 2.655533 -1.533369 24.792658 -1.117683 0.057680 0.654193
    23 1.120163 -0.154394 9.796035 -0.028001 0.000410 -0.243280
    24 2.240311 -0.308786 19.592051 -0.121366 0.142989 -0.491152
    25 0.683151 2.877354 14.167051 -1.511326 -0.211747 1.554295
    26 0.144936 -0.145374 7.579252 -1.768042 -0.243277 0.235266
    27 0.091660 -0.906685 4.702850 -1.587439 -0.182555 0.191106
    28 0.506271 8.500866 13.617253 -1.470500 -0.303305 1.571620
    29 -0.384987 -0.460049 7.003448 -1.747417 -0.440906 0.551347
    30 0.561516 -0.596954 5.061852 -1.494372 -0.380557 0.386326
    31 -2.452171 -8.899406 11.597897 -1.564436 -0.075962 1.475296
    32 0.680496 -0.903999 6.074253 -1.628017 0.173820 -0.014245
    33 0.245514 -0.661150 3.388004 -1.484423 0.109499 -0.099205
    34 -0.717484 -3.784271 13.043911 -1.593590 -0.028646 1.464722
    35 1.099216 -1.407745 8.017889 -1.782086 0.031950 -0.017448
    36 0.068439 -0.807653 3.686054 -1.465861 0.033996 -0.009740
    37 -4.004929 6.172707 4.754754 0.109547 1.126790 2.530940
    38 0.158352 -1.149811 5.804394 -0.869542 -0.330219 0.145630
    39 -1.083523 -1.463142 5.544399 -0.797779 -0.152810 -0.023927
    40 -6.289886 0.932434 13.569063 -0.126803 0.612110 2.869610
    41 1.327774 -0.766687 12.396328 0.025501 -0.019556 0.260356
    42 -0.096140 1.828087 23.185329 -0.146091 -0.060215 -1.452247
    43 2.325478 -0.000003 6.169296 -0.575681 0.155635 1.719562
    44 0.000000 -3.152912 0.122169 2.323148 0.011481 -0.027948
    45 1.068383 -10.478592 7.066338 0.292219 -1.282324 -3.141588
    46 0.000000 0.000000 2.279457 0.547137 -0.343566 0.107833
    47 2.479414 -8.323895 6.074242 0.025699 -0.140253 2.431857
    48 0.000003 -5.075260 5.929606 0.000000 0.000000 0.000000
    49 -1.068383 -10.478611 7.065971 0.292219 1.282324 3.141588
    50 -0.000488 0.000015 2.279600 0.547136 0.343566 0.107835
    51 -2.479401 -8.323895 6.074234 0.036790 -0.150134 2.426169
    52 -5.790000 4.432083 14.255558 -5.054515 1.020719 -2.200015
    53 1.044540 -2.839314 19.743252 0.451598 0.495533 0.052876
    54 -2.655510 -1.533379 24.792648 -0.288994 -0.022423 -0.540579
    55 -1.120216 -0.154385 9.795983 -0.023543 -0.000821 0.204485
    56 -2.240372 -0.308788 19.592047 -0.011994 -0.001827 0.412780
    57 -0.683205 2.877342 14.167089 -1.604576 0.208954 -1.789836
    58 -0.144958 -0.145317 7.579308 -1.541365 0.304893 -0.166486
    59 -0.038551 -0.936644 4.697678 -2.189615 0.238585 -0.365176
    60 -0.506317 8.500896 13.617329 -1.710239 0.278103 -1.993728
    61 0.385056 -0.460075 7.003435 -1.471905 0.596196 -0.385469
    62 -0.456360 -0.710276 5.057732 -1.989883 0.545811 -0.699342
    63 2.452194 -8.899408 11.597939 -1.419591 0.110544 -1.352644
    64 -0.680515 -0.903999 6.074242 -1.453509 -0.173887 -0.003180
    65 -0.248295 -0.666843 3.386627 -1.668562 -0.122147 0.124610
    66 0.717491 -3.784309 13.044010 -1.725747 0.009831 -1.454323
    67 -1.099228 -1.407673 8.017876 -1.350961 -0.015605 0.007751
    68 -0.064053 -0.807640 3.686100 -1.839860 -0.037732 0.018150
    69 4.004906 6.172710 4.754800 -0.720236 -0.940295 -1.497252
    70 -0.158381 -1.149773 5.804405 -0.345807 0.685485 0.599739
    71 1.078559 -2.386406 5.215008 -1.052506 1.087659 -0.156281
    72 6.289963 0.932404 13.569109 -0.126801 -0.612098 -2.869612
    73 -1.327759 -0.766682 12.396324 0.031774 0.026280 -0.334628
    74 0.000017 -54.999996 0.000000 0.000000 0.000000 -1.570796
  time 52
    0 0.000000 0.000000 -1.500000 0.000000 0.000000 0.000000
    1 -10.521344 -5.760963 66.994621 3.097007 -0.050786 -3.139334
    2 6.445881 12.692886 25.490945 0.681720 0.022281 0.709314
    3 -0.000034 0.000012 24.761454 -2.174534 -0.251750 -0.609869
    4 0.000017 0.000000 24.344809 2.070364 -0.274690 -0.252801
    5 0.002333 -1.019846 24.031336 0.889339 -0.002346 0.088246
    6 0.000034 0.000008 13.404741 -0.000001 0.000003 -0.486141
    7 10.398263 -5.760962 66.994675 3.097007 0.050786 3.139334
    8 14.992479 -1.462564 27.549895 -1.510720 -1.252987 2.530920
    9 -0.000004 -0.000006 24.761459 -1.544367 0.179010 -1.346188
    10 -0.000007 0.000004 24.344891 1.282233 0.489158 0.448524
    11 -0.002360 -1.019903 24.031330 0.389594 -0.042695 -0.017219
    12 0.000000 -0.000002 13.404737 0.000001 0.000005 -0.605546
    13 -0.061540 -5.245835 72.927078 0.000000 0.000000 0.000000
    14 -11.350585 4.103682 -26.885177 0.271376 0.071420 -0.421278
    15 0.000000 -0.005608 -1.146812 0.257225 0.024308 -0.341558
    16 0.030770 -0.240000 8.906021 -0.004138 0.000000 0.000000
    17 0.308626 0.758692 0.011321 -0.166095 -0.005070 -0.540016
    18 0.030770 -0.276858 8.905140 0.056125 0.004134 -0.000049
    19 0.018266 -0.975717 -0.055865 0.334361 0.016396 -0.064514
    20 5.669724 4.435303 14.302868 0.541039 -0.921150 1.792765
    21 -1.044571 -2.839317 19.743267 -0.601252 -0.696076 0.209262
    22 2.655533 -1.533369 24.792658 -1.238846 0.070053 0.652252
    23 1.120163 -0.154394 9.796035 -0.028001 0.000410 -0.243245
    24 2.240311 -0.308786 19.592051 -0.121409 0.142989 -0.491112
    25 0.683151 2.877354 14.167051 -1.511326 -0.211735 1.554295
    26 0.144936 -0.145374 7.579252 -1.768042 -0.243277 0.235266
    27 0.091660 -0.906685 4.702850 -1.587439 -0.182567 0.191106
    28 0.506271 8.500866 13.617253 -1.470500 -0.303305 1.571620
    29 -0.384987 -0.460049 7.003448 -1.747417 -0.440906 0.551347
    30 0.561516 -0.596954 5.061852 -1.494407 -0.380569 0.386314
    31 -2.452171 -8.899406 11.597897 -1.564436 -0.075962 1.475269
    32 0.680496 -0.903999 6.074253 -1.628017 0.173820 -0.014245
    33 0.245514 -0.661150 3.388004 -1.484423 0.109499 -0.099205
    34 -0.717484 -3.784271 13.043911 -1.593590 -0.028646 1.464722
    35 1.099216 -1.407745 8.017889 -1.782086 0.031962 -0.017448
    36 0.068439 -0.807653 3.686054 -1.465861 0.033996 -0.009728
    37 -4.004929 6.172707 4.754754 0.109547 1.126790 2.530940
    38 0.158352 -1.149811 5.804394 -0.869542 -0.330219 0.145630
    39 -1.083523 -1.463142 5.544399 -0.797727 -0.152810 -0.023927
    40 -6.289886 0.932434 13.569063 -0.126803 0.612110 2.869610
    41 1.327774 -0.766687 12.396328 0.025010 -0.019040 0.254732
    42 -0.096140 1.828087 23.185329 -0.146091 -0.060215 -1.452247
    43 2.325478 -0.000003 6.169296 -0.579644 0.138258 1.692661
    44 0.000000 -3.152912 0.122169 2.322936 -0.016443 0.040005
    45 1.068383 -10.478592 7.066338 0.292219 -1.282324 -3.141588
    46 0.000000 0.000000 2.279457 0.547137 -0.343566 0.107833
    47 2.479414 -8.323895 6.074242 0.027112 -0.128044 2.477796
    48 0.000003 -5.075260 5.929606 0.000000 0.000000 0.000000
    49 -1.068383 -10.478611 7.065971 0.292219 1.282324 3.141588
    50 -0.000488 0.000015 2.279600 0.547136 0.343566 0.107835
    51 -2.479401 -8.323895 6.074234 0.037594 -0.138085 2.470815
    52 -5.790000 4.432083 14.255558 -5.036877 1.021632 -2.200878
    53 1.044540 -2.839314 19.743252 0.418650 0.504097 0.046671
    54 -2.655510 -1.533379 24.792648 -0.286176 -0.021840 -0.545653
    55 -1.120216 -0.154385 9.795983 -0.023543 -0.000821 0.204485
    56 -2.240372 -0.308788 19.592047 -0.011994 -0.001827 0.412780
    57 -0.683205 2.877342 14.167089 -1.604576 0.208954 -1.789836
    58 -0.144958 -0.145317 7.579308 -1.541365 0.304893 -0.166486
    59 -0.038551 -0.936644 4.697678 -2.189566 0.238585 -0.365164
    60 -0.506317 8.500896 13.617329 -1.710239 0.278103 -1.993728
    61 0.385056 -0.460075 7.003435 -1.471905 0.596196 -0.385469
    62 -0.456360 -0.710276 5.057732 -1.989883 0.545811 -0.699342
    63 2.452194 -8.899408 11.597939 -1.419551 0.110567 -1.352644
    64 -0.680515 -0.903999 6.074242 -1.453509 -0.173875 -0.003180
    65 -0.248295 -0.666843 3.386627 -1.668562 -0.122135 0.124610
    66 0.717491 -3.784309 13.044010 -1.725747 0.009831 -1.454323
    67 -1.099228 -1.407673 8.017876 -1.350961 -0.015605 0.007751
    68 -0.064053 -0.807640 3.686100 -1.839860 -0.037732 0.018150
    69 4.004906 6.172710 4.754800 -0.720236 -0.940295 -1.497252
    70 -0.158381 -1.149773 5.804405 -0.345807 0.685485 0.599739
    71 1.078559 -2.386406 5.215008 -1.052506 1.087659 -0.156281
    72 6.289963 0.932404 13.569109 -0.126801 -0.612098 -2.869612
    73 -1.327759 -0.766682 12.396324 0.031570 0.026052 -0.332222
    74 0.000017 -54.999996 0.000000 0.000000 0.000000 -1.570796
  time 53
    0 0.000000 0.000000 -1.500000 0.000000 0.000000 0.000000
    1 -10.521344 -5.760963 66.994621 3.097007 -0.050786 -3.139334
    2 6.445881 12.692886 25.513369 0.681857 0.022254 0.709314
    3 -0.000034 0.000012 24.761454 -2.174696 -0.251762 -0.609869
    4 0.000017 0.000000 24.344809 2.070487 -0.274690 -0.252801
    5 0.002333 -1.019846 24.031336 0.889339 -0.002346 0.088246
    6 0.000034 0.000008 13.404741 -0.000001 0.000003 -0.486162
    7 10.398263 -5.760962 66.994675 3.097007 0.050786 3.139334
    8 14.992479 -1.462564 27.549895 -1.511317 -1.252914 2.531498
    9 -0.000004 -0.000006 24.761459 -1.544477 0.179022 -1.346331
    10 -0.000007 0.000004 24.344891 1.282104 0.489158 0.448566
    11 -0.002360 -1.019903 24.031330 0.389594 -0.042695 -0.017219
    12 0.000000 -0.000002 13.404737 0.000001 0.000005 -0.605632
    13 -0.061540 -5.245835 72.927078 0.000000 0.000000 0.000000
    14 -11.350585 4.103682 -26.885177 0.271376 0.071420 -0.421278
    15 0.000000 -0.005608 -1.146812 0.257225 0.024308 -0.341558
    16 0.030770 -0.240000 8.906021 -0.004138 0.000000 0.000000
    17 0.320346 0.743066 0.011321 -0.165000 -0.002461 -0.550559
    18 0.030770 -0.276858 8.905140 0.056125 0.004134 -0.000049
    19 -0.028610 -0.960091 -0.048052 0.330429 0.001605 -0.067942
    20 5.669724 4.435303 14.302868 0.527161 -0.922384 1.807045
    21 -1.044571 -2.839317 19.743267 -0.595577 -0.701764 0.210023
    22 2.655533 -1.533369 24.792658 -1.317437 0.080044 0.637452
    23 1.120163 -0.154394 9.796035 -0.028001 0.000422 -0.243245
    24 2.240311 -0.308786 19.592051 -0.121409 0.143035 -0.491112
    25 0.683151 2.877354 14.167051 -1.511326 -0.211747 1.554295
    26 0.144936 -0.145374 7.579252 -1.768042 -0.243277 0.235278
    27 0.091660 -0.906685 4.702850 -1.587439 -0.182567 0.191106
    28 0.506271 8.500866 13.617253 -1.470438 -0.303283 1.571620
    29 -0.384987 -0.460049 7.003448 -1.747417 -0.440906 0.551347
    30 0.561516 -0.596954 5.061852 -1.494372 -0.380569 0.386326
    31 -2.452171 -8.899406 11.597897 -1.564436 -0.075962 1.475269
    32 0.680496 -0.903999 6.074253 -1.628017 0.173820 -0.014245
    33 0.245514 -0.661150 3.388004 -1.484370 0.109487 -0.099205
    34 -0.717484 -3.784271 13.043911 -1.593546 -0.028634 1.464722
    35 1.099216 -1.407745 8.017889 -1.782086 0.031962 -0.017448
    36 0.068439 -0.807653 3.686054 -1.465861 0.033996 -0.009740
    37 -4.004929 6.172707 4.754754 0.109637 1.126790 2.530940
    38 0.158352 -1.149811 5.804394 -0.869542 -0.330219 0.145630
    39 -1.083523 -1.463142 5.544399 -0.797727 -0.152810 -0.023927
    40 -6.289886 0.932434 13.569063 -0.126803 0.612110 2.869610
    41 1.327774 -0.766687 12.396328 0.024099 -0.018178 0.244538
    42 -0.096140 1.828087 23.185329 -0.146091 -0.060215 -1.452247
    43 2.325478 -0.000003 6.169296 -0.578928 0.141528 1.697730
    44 0.000000 -3.152912 0.122169 2.323213 0.006316 -0.015364
    45 1.068383 -10.478592 7.066338 0.292219 -1.282324 -3.141588
    46 0.000000 0.000000 2.279457 0.547137 -0.343566 0.107833
    47 2.479414 -8.323895 6.074242 0.027520 -0.133961 2.489639
    48 0.000003 -5.075260 5.929606 0.000000 0.000000 0.000000
    49 -1.068383 -10.478611 7.065971 0.292219 1.282324 3.141588
    50 -0.000488 0.000015 2.279600 0.547136 0.343566 0.107835
    51 -2.479401 -8.323895 6.074234 0.037855 -0.143755 2.482312
    52 -5.790000 4.432083 14.255558 -5.018280 1.022629 -2.201836
    53 1.044540 -2.839314 19.743252 0.379245 0.496805 0.033444
    54 -2.655510 -1.533379 24.792648 -0.286780 -0.021750 -0.546638
    55 -1.120216 -0.154385 9.795983 -0.023543 -0.000821 0.204485
    56 -2.240372 -0.308788 19.592047 -0.011994 -0.001827 0.412780
    57 -0.683205 2.877342 14.167089 -1.604576 0.208954 -1.789836
    58 -0.144958 -0.145317 7.579308 -1.541365 0.304893 -0.166486
    59 -0.038551 -0.936644 4.697678 -2.189566 0.238585 -0.365176
    60 -0.506317 8.500896 13.617329 -1.710239 0.278103 -1.993728
    61 0.385056 -0.460075 7.003435 -1.471905 0.596196 -0.385469
    62 -0.456360 -0.710276 5.057732 -1.989883 0.545811 -0.699342
    63 2.452194 -8.899408 11.597939 -1.419551 0.110567 -1.352644
    64 -0.680515 -0.903999 6.074242 -1.453563 -0.173887 -0.003180
    65 -0.248295 -0.666843 3.386627 -1.668562 -0.122135 0.124610
    66 0.717491 -3.784309 13.044010 -1.725747 0.009831 -1.454323
    67 -1.099228 -1.407673 8.017876 -1.350961 -0.015605 0.007751
    68 -0.064053 -0.807640 3.686100 -1.839804 -0.037732 0.018150
    69 4.004906 6.172710 4.754800 -0.720161 -0.940295 -1.497252
    70 -0.158381 -1.149773 5.804405 -0.345807 0.685485 0.599739
    71 1.078559 -2.386406 5.215008 -1.052553 1.087659 -0.156281
    72 6.289963 0.932404 13.569109 -0.126801 -0.612098 -2.869612
    73 -1.327759 -0.766682 12.396324 0.030851 0.025237 -0.323339
    74 0.000017 -54.999996 0.000000 0.000000 0.000000 -1.570796
  time 54
    0 0.000000 0.000000 -1.500000 0.000000 0.000000 0.000000
    1 -10.521344 -5.760963 66.994621 3.097007 -0.050786 -3.139334
    2 6.668544 13.969693 25.872162 0.755368 0.006582 0.680522
    3 -0.000034 0.000012 24.761454 -2.236771 -0.258928 -0.561089
    4 0.000017 0.000000 24.344809 2.027396 -0.266813 -0.242560
    5 0.002333 -1.019846 24.031336 0.905691 -0.003616 0.088545
    6 0.000034 0.000008 13.404741 -0.000001 0.000003 -0.465913
    7 10.398263 -5.760962 66.994675 3.097007 0.050786 3.139334
    8 14.894819 0.186033 27.864617 -1.614116 -1.256462 2.629115
    9 -0.000004 -0.000006 24.761459 -1.516208 0.175762 -1.382578
    10 -0.000007 0.000004 24.344891 1.202074 0.485737 0.431688
    11 -0.002360 -1.019903 24.031330 0.389594 -0.042695 -0.017219
    12 0.000000 -0.000002 13.404737 0.000001 0.000005 -0.649945
    13 -0.061540 -5.245835 72.927078 0.000000 0.000000 0.000000
    14 -11.381836 5.571039 -27.133019 0.272048 0.067343 -0.397136
    15 0.000000 -0.005608 -1.146812 0.256906 0.024308 -0.341150
    16 0.030770 -0.240000 8.906021 -0.004138 0.000000 0.000000
    17 0.210967 0.465714 0.034759 -0.117231 0.009743 -0.543610
    18 0.030770 -0.276858 8.905140 0.056125 0.004134 -0.000049
    19 -0.134082 -0.956185 -0.055865 0.343047 -0.035814 -0.072891
    20 5.669724 4.435303 14.302868 0.571856 -0.933941 1.840491
    21 -1.044571 -2.839317 19.743267 -0.539808 -0.692214 0.191946
    22 2.655533 -1.533369 24.792658 -1.410349 0.096030 0.582864
    23 1.120163 -0.154394 9.796035 -0.027977 0.000410 -0.243038
    24 2.240311 -0.308786 19.592051 -0.121627 0.142897 -0.490637
    25 0.683151 2.877354 14.167051 -1.511326 -0.211747 1.554295
    26 0.144936 -0.145374 7.579252 -1.768042 -0.243277 0.235266
    27 0.091660 -0.906685 4.702850 -1.587439 -0.182567 0.191106
    28 0.506271 8.500866 13.617253 -1.470500 -0.303305 1.571620
    29 -0.384987 -0.460049 7.003448 -1.747417 -0.440906 0.551347
    30 0.561516 -0.596954 5.061852 -1.494407 -0.380569 0.386326
    31 -2.452171 -8.899406 11.597897 -1.564436 -0.075962 1.475269
    32 0.680496 -0.903999 6.074253 -1.628017 0.173820 -0.014245
    33 0.245514 -0.661150 3.388004 -1.484370 0.109499 -0.099205
    34 -0.717484 -3.784271 13.043911 -1.593590 -0.028646 1.464722
    35 1.099216 -1.407745 8.017889 -1.782086 0.031962 -0.017448
    36 0.068439 -0.807653 3.686054 -1.465861 0.033996 -0.009728
    37 -4.004929 6.172707 4.754754 0.109547 1.126790 2.530940
    38 0.158352 -1.149811 5.804394 -0.869542 -0.330219 0.145630
    39 -1.083523 -1.463142 5.544399 -0.797779 -0.152798 -0.023927
    40 -6.289886 0.932434 13.569063 -0.126803 0.612110 2.869610
    41 1.327774 -0.766687 12.396328 0.021427 -0.015661 0.214810
    42 -0.096140 1.828087 23.185329 -0.146074 -0.060279 -1.452247
    43 2.325478 -0.000003 6.169296 -0.488871 0.140139 1.653786
    44 0.000000 -3.152912 0.122169 2.251344 0.008042 -0.019547
    45 1.068383 -10.478592 7.066338 0.292219 -1.282324 -3.141588
    46 0.000000 0.000000 2.279457 0.547137 -0.343566 0.107833
    47 2.479414 -8.323895 6.074242 0.027846 -0.050513 2.508932
    48 0.000003 -5.075260 5.929606 0.000000 0.000000 0.000000
    49 -1.068383 -10.478611 7.065971 0.292219 1.282324 3.141588
    50 -0.000488 0.000015 2.279600 0.547136 0.343566 0.107835
    51 -2.479401 -8.323895 6.074234 0.037754 -0.058656 2.499749
    52 -5.790000 4.432083 14.255558 -4.991728 1.040282 -2.269290
    53 1.044540 -2.839314 19.743252 0.267376 0.512534 0.008896
    54 -2.655510 -1.533379 24.792648 -0.345812 -0.018605 -0.584503
    55 -1.120216 -0.154385 9.795983 -0.023866 -0.000797 0.207396
    56 -2.240372 -0.308788 19.592047 -0.101344 -0.000243 0.408226
    57 -0.683205 2.877342 14.167089 -1.604576 0.208954 -1.789836
    58 -0.144958 -0.145317 7.579308 -1.541365 0.304893 -0.166486
    59 -0.038551 -0.936644 4.697678 -2.189566 0.238585 -0.365176
    60 -0.506317 8.500896 13.617329 -1.710239 0.278103 -1.993638
    61 0.385056 -0.460075 7.003435 -1.471905 0.596196 -0.385469
    62 -0.456360 -0.710276 5.057732 -1.989883 0.545811 -0.699342
    63 2.452194 -8.899408 11.597939 -1.419551 0.110567 -1.352644
    64 -0.680515 -0.903999 6.074242 -1.453563 -0.173875 -0.003180
    65 -0.248295 -0.666843 3.386627 -1.668562 -0.122159 0.124610
    66 0.717491 -3.784309 13.044010 -1.725747 0.009843 -1.454323
    67 -1.099228 -1.407673 8.017876 -1.350961 -0.015605 0.007751
    68 -0.064053 -0.807640 3.686100 -1.839860 -0.037732 0.018150
    69 4.004906 6.172710 4.754800 -0.720161 -0.940295 -1.497252
    70 -0.158381 -1.149773 5.804405 -0.345842 0.685512 0.599739
    71 1.078559 -2.386406 5.215008 -1.052553 1.087659 -0.156281
    72 6.289963 0.932404 13.569109 -0.126801 -0.612098 -2.869612
    73 -1.327759 -0.766682 12.396324 0.030743 0.025105 -0.322044
    74 0.000017 -54.999996 0.000000 0.000000 0.000000 -1.570796
  time 55
    0 0.000000 0.000000 -1.500000 0.000000 0.000000 0.000000
    1 -10.521344 -5.760963 66.994621 3.097007 -0.050786 -3.139334
    2 6.668544 13.969693 25.872162 0.755368 0.006582 0.680522
    3 -0.000034 0.000012 24.761454 -2.236771 -0.258928 -0.561089
    4 0.000017 0.000000 24.344809 2.027396 -0.266813 -0.242560
    5 0.002333 -1.019846 24.031336 0.905691 -0.003616 0.088545
    6 0.000034 0.000008 13.404741 -0.000001 0.000003 -0.465913
    7 10.398263 -5.760962 66.994675 3.097007 0.050786 3.139334
    8 14.894819 0.186033 27.864617 -1.614116 -1.256462 2.629115
    9 -0.000004 -0.000006 24.761459 -1.516208 0.175762 -1.382578
    10 -0.000007 0.000004 24.344891 1.202074 0.485737 0.431688
    11 -0.002360 -1.019903 24.031330 0.389594 -0.042695 -0.017219
    12 0.000000 -0.000002 13.404737 0.000001 0.000005 -0.649945
    13 -0.061540 -5.245835 72.927078 0.000000 0.000000 0.000000
    14 -11.381836 5.571039 -27.133019 0.272048 0.067343 -0.397136
    15 0.000000 -0.005608 -1.146812 0.256906 0.024308 -0.341150
    16 0.030770 -0.240000 8.906021 -0.004138 0.000000 0.000000
    17 0.210967 0.465714 0.034759 -0.117231 0.009743 -0.543610
    18 0.030770 -0.276858 8.905140 0.056125 0.004134 -0.000049
    19 -0.134082 -0.956185 -0.055865 0.343047 -0.035814 -0.072891
    20 5.669724 4.435303 14.302868 0.571856 -0.933941 1.840491
    21 -1.044571 -2.839317 19.743267 -0.539808 -0.692214 0.191946
    22 2.655533 -1.533369 24.792658 -1.410349 0.096030 0.582864
    23 1.120163 -0.154394 9.796035 -0.027977 0.000410 -0.243038
    24 2.240311 -0.308786 19.592051 -0.121627 0.142897 -0.490637
    25 0.683151 2.877354 14.167051 -1.511326 -0.211747 1.554295
    26 0.144936 -0.145374 7.579252 -1.768042 -0.243277 0.235266
    27 0.091660 -0.906685 4.702850 -1.587439 -0.182567 0.191106
    28 0.506271 8.500866 13.617253 -1.470500 -0.303305 1.571620
    29 -0.384987 -0.460049 7.003448 -1.747417 -0.440906 0.551347
    30 0.561516 -0.596954 5.061852 -1.494407 -0.380569 0.386326
    31 -2.452171 -8.899406 11.597897 -1.564436 -0.075962 1.475269
    32 0.680496 -0.903999 6.074253 -1.628017 0.173820 -0.014245
    33 0.245514 -0.661150 3.388004 -1.484370 0.109499 -0.099205
    34 -0.717484 -3.784271 13.043911 -1.593590 -0.028646 1.464722
    35 1.099216 -1.407745 8.017889 -1.782086 0.031962 -0.017448
    36 0.068439 -0.807653 3.686054 -1.465861 0.033996 -0.009728
    37 -4.004929 6.172707 4.754754 0.109547 1.126790 2.530940
    38 0.158352 -1.149811 5.804394 -0.869542 -0.330219 0.145630
    39 -1.083523 -1.463142 5.544399 -0.797779 -0.152798 -0.023927
    40 -6.289886 0.932434 13.569063 -0.126803 0.612110 2.869610
    41 1.327774 -0.766687 12.396328 0.021427 -0.015661 0.214810
    42 -0.096140 1.828087 23.185329 -0.146074 -0.060279 -1.452247
    43 2.325478 -0.000003 6.169296 -0.488871 0.140139 1.653786
    44 0.000000 -3.152912 0.122169 2.251344 0.008042 -0.019547
    45 1.068383 -10.478592 7.066338 0.292219 -1.282324 -3.141588
    46 0.000000 0.000000 2.279457 0.547137 -0.343566 0.107833
    47 2.479414 -8.323895 6.074242 0.027846 -0.050513 2.508932
    48 0.000003 -5.075260 5.929606 0.000000 0.000000 0.000000
    49 -1.068383 -10.478611 7.065971 0.292219 1.282324 3.141588
    50 -0.000488 0.000015 2.279600 0.547136 0.343566 0.107835
    51 -2.479401 -8.323895 6.074234 0.037754 -0.058656 2.499749
    52 -5.790000 4.432083 14.255558 -4.991728 1.040282 -2.269290
    53 1.044540 -2.839314 19.743252 0.267376 0.512534 0.008896
    54 -2.655510 -1.533379 24.792648 -0.345812 -0.018605 -0.584503
    55 -1.120216 -0.154385 9.795983 -0.023866 -0.000797 0.207396
    56 -2.240372 -0.308788 19.592047 -0.101344 -0.000243 0.408226
    57 -0.683205 2.877342 14.167089 -1.604576 0.208954 -1.789836
    58 -0.144958 -0.145317 7.579308 -1.541365 0.304893 -0.166486
    59 -0.038551 -0.936644 4.697678 -2.189566 0.238585 -0.365176
    60 -0.506317 8.500896 13.617329 -1.710239 0.278103 -1.993638
    61 0.385056 -0.460075 7.003435 -1.471905 0.596196 -0.385469
    62 -0.456360 -0.710276 5.057732 -1.989883 0.545811 -0.699342
    63 2.452194 -8.899408 11.597939 -1.419551 0.110567 -1.352644
    64 -0.680515 -0.903999 6.074242 -1.453563 -0.173875 -0.003180
    65 -0.248295 -0.666843 3.386627 -1.668562 -0.122159 0.124610
    66 0.717491 -3.784309 13.044010 -1.725747 0.009843 -1.454323
    67 -1.099228 -1.407673 8.017876 -1.350961 -0.015605 0.007751
    68 -0.064053 -0.807640 3.686100 -1.839860 -0.037732 0.018150
    69 4.004906 6.172710 4.754800 -0.720161 -0.940295 -1.497252
    70 -0.158381 -1.149773 5.804405 -0.345842 0.685512 0.599739
    71 1.078559 -2.386406 5.215008 -1.052553 1.087659 -0.156281
    72 6.289963 0.932404 13.569109 -0.126801 -0.612098 -2.869612
    73 -1.327759 -0.766682 12.396324 0.030743 0.025105 -0.322044
    74 0.000017 -54.999996 0.000000 0.000000 0.000000 -1.570796
  time 56
    0 0.000000 0.000000 -1.500000 0.000000 0.000000 0.000000
    1 -10.521344 -5.760963 66.994621 3.097007 -0.050786 -3.139334
    2 6.879488 15.295608 26.208530 0.834823 -0.005721 0.652080
    3 -0.000034 0.000012 24.761454 -2.293032 -0.265424 -0.507626
    4 0.000017 0.000000 24.344809 1.974996 -0.258461 -0.227068
    5 0.002333 -1.019846 24.031336 0.919169 -0.004671 0.088857
    6 0.000034 0.000008 13.404741 -0.000001 0.000003 -0.439757
    7 10.398263 -5.760962 66.994675 3.097007 0.050786 3.139334
    8 14.801067 1.884587 28.134379 -1.697122 -1.259645 2.707753
    9 -0.000004 -0.000006 24.761459 -1.480075 0.171580 -1.415810
    10 -0.000007 0.000004 24.344891 1.120496 0.482248 0.412477
    11 -0.002360 -1.019903 24.031330 0.389594 -0.042695 -0.017219
    12 0.000000 -0.000002 13.404737 0.000001 0.000005 -0.693936
    13 -0.061540 -5.245835 72.927078 0.000000 0.000000 0.000000
    14 -11.405274 7.084980 -27.358330 0.272785 0.063317 -0.373355
    15 0.000000 -0.005608 -1.146812 0.256587 0.024308 -0.340797
    16 0.030770 -0.240000 8.906021 -0.004138 0.000000 0.000000
    17 0.109402 0.176643 0.046478 -0.068177 0.023341 -0.523284
    18 0.030770 -0.276858 8.905140 0.056125 0.004134 -0.000049
    19 -0.247367 -0.948372 -0.063677 0.356737 -0.073357 -0.077062
    20 5.669724 4.435303 14.302868 0.627270 -0.944370 1.861574
    21 -1.044571 -2.839317 19.743267 -0.500622 -0.695658 0.182781
    22 2.655533 -1.533369 24.792658 -1.451576 0.104868 0.541781
    23 1.120163 -0.154394 9.796035 -0.027953 0.000434 -0.242831
    24 2.240311 -0.308786 19.592051 -0.121888 0.142851 -0.490123
    25 0.683151 2.877354 14.167051 -1.511326 -0.211747 1.554295
    26 0.144936 -0.145374 7.579252 -1.768042 -0.243277 0.235278
    27 0.091660 -0.906685 4.702850 -1.587439 -0.182567 0.191106
    28 0.506271 8.500866 13.617253 -1.470500 -0.303305 1.571620
    29 -0.384987 -0.460049 7.003448 -1.747417 -0.440906 0.551347
    30 0.561516 -0.596954 5.061852 -1.494372 -0.380569 0.386314
    31 -2.452171 -8.899406 11.597897 -1.564436 -0.075962 1.475269
    32 0.680496 -0.903999 6.074253 -1.628017 0.173820 -0.014245
    33 0.245514 -0.661150 3.388004 -1.484370 0.109499 -0.099205
    34 -0.717484 -3.784271 13.043911 -1.593590 -0.028634 1.464722
    35 1.099216 -1.407745 8.017889 -1.782086 0.031950 -0.017448
    36 0.068439 -0.807653 3.686054 -1.465861 0.033996 -0.009740
    37 -4.004929 6.172707 4.754754 0.109547 1.126790 2.530940
    38 0.158352 -1.149811 5.804394 -0.869542 -0.330234 0.145630
    39 -1.083523 -1.463142 5.544399 -0.797779 -0.152810 -0.023927
    40 -6.289886 0.932434 13.569063 -0.126803 0.612110 2.869610
    41 1.327774 -0.766687 12.396328 0.019509 -0.013947 0.194071
    42 -0.096140 1.828087 23.185329 -0.146074 -0.060311 -1.452247
    43 2.325478 -0.000003 6.169296 -0.401344 0.147764 1.611558
    44 0.000000 -3.152912 0.122169 2.180614 0.007227 -0.017569
    45 1.068383 -10.478592 7.066338 0.292219 -1.282324 -3.141588
    46 0.000000 0.000000 2.279457 0.547137 -0.343566 0.107833
    47 2.479414 -8.323895 6.074242 0.027982 0.036973 2.516286
    48 0.000003 -5.075260 5.925699 0.000000 0.000000 0.000000
    49 -1.068383 -10.478611 7.065971 0.292219 1.282324 3.141588
    50 -0.000488 0.000015 2.279600 0.547136 0.343566 0.107835
    51 -2.479401 -8.323895 6.074234 0.037754 0.030129 2.506072
    52 -5.790000 4.432083 14.255558 -4.990002 1.054280 -2.337989
    53 1.044540 -2.839314 19.743252 0.189345 0.529790 -0.006644
    54 -2.655510 -1.533379 24.792648 -0.407058 -0.016081 -0.620626
    55 -1.120216 -0.154385 9.795983 -0.024226 -0.000773 0.210334
    56 -2.240372 -0.308788 19.592047 -0.189013 0.001193 0.400579
    57 -0.683205 2.877342 14.167089 -1.604527 0.208954 -1.789836
    58 -0.144958 -0.145317 7.579308 -1.541365 0.304893 -0.166486
    59 -0.038551 -0.936644 4.697678 -2.189566 0.238585 -0.365176
    60 -0.506317 8.500896 13.617329 -1.710239 0.278103 -1.993638
    61 0.385056 -0.460075 7.003435 -1.471905 0.596196 -0.385469
    62 -0.456360 -0.710276 5.057732 -1.989883 0.545789 -0.699342
    63 2.452194 -8.899408 11.597939 -1.419551 0.110567 -1.352644
    64 -0.680515 -0.903999 6.074242 -1.453563 -0.173875 -0.003180
    65 -0.248295 -0.666843 3.386627 -1.668562 -0.122135 0.124610
    66 0.717491 -3.784309 13.044010 -1.725747 0.009831 -1.454323
    67 -1.099228 -1.407673 8.017876 -1.351017 -0.015605 0.007751
    68 -0.064053 -0.807640 3.686100 -1.839804 -0.037732 0.018150
    69 4.004906 6.172710 4.754800 -0.720161 -0.940295 -1.497252
    70 -0.158381 -1.149773 5.804405 -0.345842 0.685485 0.599739
    71 1.078559 -2.386406 5.215008 -1.052553 1.087659 -0.156281
    72 6.289963 0.932404 13.569109 -0.126801 -0.612098 -2.869612
    73 -1.327759 -0.766682 12.396324 0.031139 0.025537 -0.326809
    74 0.000017 -54.999996 0.000000 0.000000 0.000000 -1.570796
  time 57
    0 0.000000 0.000000 -1.500000 0.000000 0.000000 0.000000
    1 -10.521344 -5.760963 66.994621 3.097007 -0.050786 -3.139334
    2 7.113870 16.842509 26.522474 0.929103 -0.015185 0.621366
    3 -0.000034 0.000012 24.761454 -2.347707 -0.271728 -0.442029
    4 0.000017 0.000000 24.344809 1.906382 -0.248614 -0.202394
    5 0.002333 -1.019846 24.031336 0.929921 -0.005462 0.089193
    6 0.000034 0.000008 13.404741 -0.000001 0.000003 -0.401810
    7 10.398263 -5.760962 66.994675 3.097007 0.050786 3.139334
    8 14.695595 3.845418 28.381661 -1.763408 -1.265681 2.770548
    9 -0.000004 -0.000006 24.761459 -1.429257 0.165695 -1.447822
    10 -0.000007 0.000004 24.344891 1.027688 0.478359 0.388495
    11 -0.002360 -1.019903 24.031330 0.389594 -0.042695 -0.017219
    12 0.000000 -0.000002 13.404737 0.000001 0.000005 -0.740782
    13 -0.061540 -5.245835 72.927078 0.000000 0.000000 0.000000
    14 -11.440431 8.843479 -27.561110 0.273553 0.058895 -0.347532
    15 0.000000 -0.005608 -1.146812 0.256236 0.024308 -0.340389
    16 0.030770 -0.240000 8.906021 -0.004138 0.000000 0.000000
    17 0.003930 -0.167118 0.050385 -0.011696 0.038863 -0.496369
    18 0.030770 -0.276858 8.905140 0.056125 0.004134 -0.000049
    19 -0.368464 -0.936653 -0.075397 0.372929 -0.115240 -0.082167
    20 5.669724 4.435303 14.302868 0.691488 -0.955680 1.882561
    21 -1.044571 -2.839317 19.743267 -0.465595 -0.711783 0.177959
    22 2.655533 -1.533369 24.792658 -1.486380 0.112246 0.508300
    23 1.120163 -0.154394 9.796035 -0.027929 0.000434 -0.242555
    24 2.240311 -0.308786 19.592051 -0.122236 0.142759 -0.489569
    25 0.683151 2.877354 14.167051 -1.511326 -0.211747 1.554295
    26 0.144936 -0.145374 7.579252 -1.768042 -0.243277 0.235266
    27 0.091660 -0.906685 4.702850 -1.587439 -0.182567 0.191106
    28 0.506271 8.500866 13.617253 -1.470438 -0.303305 1.571620
    29 -0.384987 -0.460049 7.003448 -1.747417 -0.440906 0.551347
    30 0.561516 -0.596954 5.061852 -1.494372 -0.380569 0.386326
    31 -2.452171 -8.899406 11.597897 -1.564436 -0.075962 1.475269
    32 0.680496 -0.903999 6.074253 -1.628017 0.173820 -0.014245
    33 0.245514 -0.661150 3.388004 -1.484370 0.109499 -0.099205
    34 -0.717484 -3.784271 13.043911 -1.593546 -0.028646 1.464722
    35 1.099216 -1.407745 8.017889 -1.782086 0.031962 -0.017448
    36 0.068439 -0.807653 3.686054 -1.465861 0.033996 -0.009728
    37 -4.004929 6.172707 4.754754 0.109547 1.126790 2.530940
    38 0.158352 -1.149811 5.804394 -0.869542 -0.330219 0.145630
    39 -1.083523 -1.463142 5.544399 -0.797779 -0.152810 -0.023927
    40 -6.289886 0.932434 13.569063 -0.126803 0.612110 2.869610
    41 1.327774 -0.766687 12.396328 0.017987 -0.012641 0.177801
    42 -0.096140 1.828087 23.185329 -0.146074 -0.060279 -1.452247
    43 2.325478 -0.000003 6.169296 -0.307945 0.165749 1.568373
    44 0.000000 -3.152912 0.122169 2.103537 0.005860 -0.014274
    45 1.068383 -10.478592 7.066338 0.292219 -1.282324 -3.141588
    46 0.000000 0.000000 2.279457 0.547137 -0.343566 0.107833
    47 2.479414 -8.323895 6.074242 0.028472 0.144465 2.525359
    48 0.000003 -5.075260 5.921793 0.000000 0.000000 0.000000
    49 -1.068383 -10.478611 7.065971 0.292219 1.282324 3.141588
    50 -0.000488 0.000015 2.279600 0.547136 0.343566 0.107835
    51 -2.479401 -8.323895 6.074234 0.038176 0.138712 2.514503
    52 -5.790000 4.432083 14.255558 -4.995945 1.066368 -2.415696
    53 1.044540 -2.839314 19.743252 0.104414 0.553405 -0.023300
    54 -2.655510 -1.533379 24.792648 -0.477866 -0.013557 -0.663111
    55 -1.120216 -0.154385 9.795983 -0.024562 -0.000749 0.213489
    56 -2.240372 -0.308788 19.592047 -0.284013 0.002183 0.388808
    57 -0.683205 2.877342 14.167089 -1.604576 0.208954 -1.789836
    58 -0.144958 -0.145317 7.579308 -1.541365 0.304893 -0.166486
    59 -0.038551 -0.936644 4.697678 -2.189566 0.238585 -0.365176
    60 -0.506317 8.500896 13.617329 -1.710239 0.278103 -1.993638
    61 0.385056 -0.460075 7.003435 -1.471905 0.596196 -0.385469
    62 -0.456360 -0.710276 5.057732 -1.989883 0.545811 -0.699342
    63 2.452194 -8.899408 11.597939 -1.419551 0.110567 -1.352644
    64 -0.680515 -0.903999 6.074242 -1.453563 -0.173875 -0.003180
    65 -0.248295 -0.666843 3.386627 -1.668562 -0.122147 0.124610
    66 0.717491 -3.784309 13.044010 -1.725747 0.009843 -1.454323
    67 -1.099228 -1.407673 8.017876 -1.350961 -0.015605 0.007751
    68 -0.064053 -0.807640 3.686100 -1.839804 -0.037732 0.018150
    69 4.004906 6.172710 4.754800 -0.720161 -0.940295 -1.497252
    70 -0.158381 -1.149773 5.804405 -0.345842 0.685485 0.599739
    71 1.078559 -2.386406 5.215008 -1.052553 1.087659 -0.156281
    72 6.289963 0.932404 13.569109 -0.126801 -0.612098 -2.869612
    73 -1.327759 -0.766682 12.396324 0.031786 0.026292 -0.334720
    74 0.000017 -54.999996 0.000000 0.000000 0.000000 -1.570796
  time 58
    0 0.000000 0.000000 -1.500000 0.000000 0.000000 0.000000
    1 -10.521344 -5.760963 66.994621 3.097007 -0.050786 -3.139334
    2 7.324814 18.413963 26.724294 1.021539 -0.019750 0.593666
    3 -0.000034 0.000012 24.761454 -2.389050 -0.276498 -0.372809
    4 0.000017 0.000000 24.344809 1.833207 -0.238180 -0.169639
    5 0.002333 -1.019846 24.031336 0.933281 -0.005618 0.089516
    6 0.000034 0.000008 13.404741 -0.000001 -0.000009 -0.354266
    7 10.398263 -5.760962 66.994675 3.097007 0.050786 3.139334
    8 14.605748 5.818739 28.516542 -1.795229 -1.276984 2.801657
    9 -0.000004 -0.000006 24.761459 -1.366780 0.158493 -1.472010
    10 -0.000007 0.000004 24.344891 0.935784 0.474693 0.362537
    11 -0.002360 -1.019903 24.031330 0.389594 -0.042695 -0.017219
    12 0.000000 -0.000002 13.404737 0.000001 0.000005 -0.781896
    13 -0.061540 -5.245835 72.927078 0.000000 0.000000 0.000000
    14 -11.471682 10.613625 -27.628703 0.274225 0.054886 -0.323811
    15 0.000000 -0.005608 -1.146812 0.255917 0.024308 -0.340036
    16 0.030770 -0.240000 8.906021 -0.004138 0.000000 0.000000
    17 -0.078104 -0.506972 0.034759 0.045249 0.053587 -0.467656
    18 0.030770 -0.276858 8.905140 0.056125 0.004134 -0.000049
    19 -0.481749 -0.932747 -0.083209 0.389694 -0.155375 -0.087752
    20 5.669724 4.435303 14.302868 0.755037 -0.966251 1.901249
    21 -1.044571 -2.839317 19.743267 -0.439374 -0.735631 0.176690
    22 2.655533 -1.533369 24.792658 -1.512808 0.117203 0.489052
    23 1.120163 -0.154394 9.796035 -0.027905 0.000422 -0.242348
    24 2.240311 -0.308786 19.592051 -0.122454 0.142621 -0.489015
    25 0.683151 2.877354 14.167051 -1.511326 -0.211747 1.554295
    26 0.144936 -0.145374 7.579252 -1.768042 -0.243277 0.235266
    27 0.091660 -0.906685 4.702850 -1.587439 -0.182567 0.191106
    28 0.506271 8.500866 13.617253 -1.470500 -0.303305 1.571620
    29 -0.384987 -0.460049 7.003448 -1.747417 -0.440906 0.551347
    30 0.561516 -0.596954 5.061852 -1.494407 -0.380569 0.386314
    31 -2.452171 -8.899406 11.597897 -1.564436 -0.075962 1.475269
    32 0.680496 -0.903999 6.074253 -1.628017 0.173820 -0.014245
    33 0.245514 -0.661150 3.388004 -1.484423 0.109499 -0.099205
    34 -0.717484 -3.784271 13.043911 -1.593590 -0.028646 1.464722
    35 1.099216 -1.407745 8.017889 -1.782086 0.031962 -0.017448
    36 0.068439 -0.807653 3.686054 -1.465861 0.033996 -0.009728
    37 -4.004929 6.172707 4.754754 0.109547 1.126790 2.531036
    38 0.158352 -1.149811 5.804394 -0.869542 -0.330219 0.145630
    39 -1.083523 -1.463142 5.544399 -0.797779 -0.152798 -0.023913
    40 -6.289886 0.932434 13.569063 -0.126803 0.612110 2.869610
    41 1.327774 -0.766687 12.396328 0.017148 -0.011946 0.169214
    42 -0.096140 1.828087 23.185329 -0.146074 -0.060279 -1.452247
    43 2.325478 -0.000003 6.169296 -0.224382 0.190563 1.532332
    44 0.000000 -3.152912 0.122169 2.032823 0.004362 -0.010630
    45 1.068383 -10.478592 7.066338 0.292219 -1.282324 -3.141588
    46 0.000000 0.000000 2.279457 0.547137 -0.343566 0.107833
    47 2.479414 -8.323895 6.074242 0.029396 0.255760 2.537966
    48 0.000003 -5.075260 5.925699 0.000000 0.000000 0.000000
    49 -1.068383 -10.478611 7.065971 0.292219 1.282324 3.141588
    50 -0.000488 0.000015 2.279600 0.547136 0.343566 0.107835
    51 -2.479401 -8.323895 6.074234 0.039180 0.250697 2.526671
    52 -5.790000 4.432083 14.255558 -5.006106 1.074633 -2.489282
    53 1.044540 -2.839314 19.743252 0.019872 0.580709 -0.040690
    54 -2.655510 -1.533379 24.792648 -0.549781 -0.011473 -0.706504
    55 -1.120216 -0.154385 9.795983 -0.024897 -0.000725 0.216373
    56 -2.240372 -0.308788 19.592047 -0.370537 0.002381 0.374717
    57 -0.683205 2.877342 14.167089 -1.604576 0.208954 -1.789836
    58 -0.144958 -0.145317 7.579308 -1.541365 0.304893 -0.166486
    59 -0.038551 -0.936644 4.697678 -2.189566 0.238585 -0.365176
    60 -0.506317 8.500896 13.617329 -1.710239 0.278103 -1.993638
    61 0.385056 -0.460075 7.003435 -1.471905 0.596196 -0.385469
    62 -0.456360 -0.710276 5.057732 -1.989883 0.545811 -0.699342
    63 2.452194 -8.899408 11.597939 -1.419591 0.110567 -1.352620
    64 -0.680515 -0.903999 6.074242 -1.453509 -0.173887 -0.003180
    65 -0.248295 -0.666843 3.386627 -1.668562 -0.122159 0.124610
    66 0.717491 -3.784309 13.044010 -1.725747 0.009831 -1.454323
    67 -1.099228 -1.407673 8.017876 -1.350961 -0.015605 0.007751
    68 -0.064053 -0.807640 3.686100 -1.839860 -0.037732 0.018150
    69 4.004906 6.172710 4.754800 -0.720161 -0.940295 -1.497252
    70 -0.158381 -1.149773 5.804405 -0.345807 0.685485 0.599739
    71 1.078559 -2.386406 5.215008 -1.052506 1.087659 -0.156281
    72 6.289963 0.932404 13.569109 -0.126801 -0.612098 -2.869612
    73 -1.327759 -0.766682 12.396324 0.032553 0.027178 -0.344297
    74 0.000017 -54.999996 0.000000 0.000000 0.000000 -1.570796
  time 59
    0 0.000000 0.000000 -1.500000 0.000000 0.000000 0.000000
    1 -10.521344 -5.760963 66.994621 3.097007 -0.050786 -3.139334
    2 7.484975 19.862648 26.724294 1.090131 -0.021781 0.573613
    3 -0.000034 0.000012 24.761454 -2.407952 -0.278679 -0.313564
    4 0.000017 0.000000 24.344809 1.775568 -0.227904 -0.134140
    5 0.002333 -1.019846 24.031336 0.924545 -0.004719 0.089852
    6 0.000034 0.000008 13.404741 -0.000001 -0.000009 -0.306531
    7 10.398263 -5.760962 66.994675 3.097007 0.050786 3.139334
    8 14.535433 7.554761 28.449102 -1.781835 -1.292860 2.790187
    9 -0.000004 -0.000006 24.761459 -1.299298 0.150691 -1.485432
    10 -0.000007 0.000004 24.344891 0.856142 0.471916 0.337693
    11 -0.002360 -1.019903 24.031330 0.389594 -0.042695 -0.017219
    12 0.000000 -0.000002 13.404737 0.000001 0.000005 -0.811094
    13 -0.061540 -5.245835 72.927078 0.000000 0.000000 0.000000
    14 -11.495121 12.197439 -27.538579 0.274737 0.051944 -0.306516
    15 0.000000 -0.005608 -1.146812 0.255726 0.024308 -0.339764
    16 0.030770 -0.240000 8.906021 -0.004138 0.000000 0.000000
    17 -0.152325 -0.819482 0.011321 0.095586 0.065133 -0.443177
    18 0.030770 -0.276858 8.905140 0.056125 0.004134 -0.000049
    19 -0.575502 -0.924934 -0.087116 0.404742 -0.187692 -0.093014
    20 5.669724 4.435303 14.302868 0.808632 -0.974249 1.915049
    21 -1.044571 -2.839317 19.743267 -0.423132 -0.756348 0.176859
    22 2.655533 -1.533369 24.792658 -1.529516 0.119816 0.481774
    23 1.120163 -0.154394 9.796035 -0.027881 0.000422 -0.242141
    24 2.240311 -0.308786 19.592051 -0.122628 0.142575 -0.488659
    25 0.683151 2.877354 14.167051 -1.511326 -0.211747 1.554295
    26 0.144936 -0.145374 7.579252 -1.768042 -0.243277 0.235266
    27 0.091660 -0.906685 4.702850 -1.587439 -0.182555 0.191106
    28 0.506271 8.500866 13.617253 -1.470438 -0.303305 1.571620
    29 -0.384987 -0.460049 7.003448 -1.747417 -0.440906 0.551347
    30 0.561516 -0.596954 5.061852 -1.494372 -0.380569 0.386314
    31 -2.452171 -8.899406 11.597897 -1.564436 -0.075962 1.475269
    32 0.680496 -0.903999 6.074253 -1.628017 0.173820 -0.014245
    33 0.245514 -0.661150 3.388004 -1.484370 0.109499 -0.099205
    34 -0.717484 -3.784271 13.043911 -1.593590 -0.028646 1.464722
    35 1.099216 -1.407745 8.017889 -1.782086 0.031950 -0.017448
    36 0.068439 -0.807653 3.686054 -1.465861 0.033996 -0.009740
    37 -4.004929 6.172707 4.754754 0.109547 1.126790 2.531036
    38 0.158352 -1.149811 5.804394 -0.869542 -0.330219 0.145630
    39 -1.083523 -1.463142 5.544399 -0.797779 -0.152810 -0.023927
    40 -6.289886 0.932434 13.569063 -0.126803 0.612110 2.869610
    41 1.327774 -0.766687 12.396328 0.016908 -0.011742 0.166603
    42 -0.096140 1.828087 23.185329 -0.146074 -0.060279 -1.452247
    43 2.325478 -0.000003 6.169296 -0.164694 0.213308 1.508703
    44 0.000000 -3.152912 0.122169 1.981086 0.003176 -0.007706
    45 1.068383 -10.478592 7.066338 0.292219 -1.282324 -3.141588
    46 0.000000 0.000000 2.279457 0.547137 -0.343566 0.107833
    47 2.479414 -8.323895 6.074242 0.030674 0.348083 2.553534
    48 0.000003 -5.075260 5.925699 0.000000 0.000000 0.000000
    49 -1.068383 -10.478611 7.065971 0.292219 1.282324 3.141588
    50 -0.000488 0.000015 2.279600 0.547136 0.343566 0.107835
    51 -2.479401 -8.323895 6.074234 0.040526 0.343403 2.542096
    52 -5.790000 4.432083 14.255558 -5.015788 1.078787 -2.543896
    53 1.044540 -2.839314 19.743252 -0.053817 0.605893 -0.057346
    54 -2.655510 -1.533379 24.792648 -0.614097 -0.010166 -0.744293
    55 -1.120216 -0.154385 9.795983 -0.025161 -0.000701 0.218495
    56 -2.240372 -0.308788 19.592047 -0.433387 0.001787 0.362602
    57 -0.683205 2.877342 14.167089 -1.604576 0.208954 -1.789836
    58 -0.144958 -0.145317 7.579308 -1.541365 0.304893 -0.166486
    59 -0.038551 -0.936644 4.697678 -2.189566 0.238585 -0.365176
    60 -0.506317 8.500896 13.617329 -1.710239 0.278103 -1.993683
    61 0.385056 -0.460075 7.003435 -1.471905 0.596213 -0.385469
    62 -0.456360 -0.710276 5.057732 -1.989883 0.545811 -0.699342
    63 2.452194 -8.899408 11.597939 -1.419551 0.110567 -1.352644
    64 -0.680515 -0.903999 6.074242 -1.453509 -0.173887 -0.003180
    65 -0.248295 -0.666843 3.386627 -1.668562 -0.122159 0.124610
    66 0.717491 -3.784309 13.044010 -1.725747 0.009831 -1.454323
    67 -1.099228 -1.407673 8.017876 -1.350961 -0.015605 0.007751
    68 -0.064053 -0.807640 3.686100 -1.839860 -0.037732 0.018150
    69 4.004906 6.172710 4.754800 -0.720161 -0.940295 -1.497252
    70 -0.158381 -1.149773 5.804405 -0.345807 0.685485 0.599739
    71 1.078559 -2.386406 5.215008 -1.052506 1.087659 -0.156281
    72 6.289963 0.932404 13.569109 -0.126801 -0.612098 -2.869612
    73 -1.327759 -0.766682 12.396324 0.033272 0.028029 -0.353319
    74 0.000017 -54.999996 0.000000 0.000000 0.000000 -1.570796
  time 60
    0 0.000000 0.000000 -1.500000 0.000000 0.000000 0.000000
    1 -10.521344 -5.760963 66.994621 3.097007 -0.050786 -3.139334
    2 7.559196 21.004409 26.410351 1.112813 -0.026680 0.565006
    3 -0.000034 0.000012 24.761454 -2.397058 -0.277421 -0.280989
    4 0.000017 0.000000 24.344809 1.755286 -0.218533 -0.104128
    5 0.002333 -1.019846 24.031336 0.899083 -0.002382 0.090055
    6 0.000034 0.000008 13.404741 -0.000001 -0.000009 -0.274427
    7 10.398263 -5.760962 66.994675 3.097007 0.050786 3.139334
    8 14.496370 8.803699 28.134379 -1.715976 -1.308736 2.728217
    9 -0.000004 -0.000006 24.761459 -1.236106 0.143368 -1.488482
    10 -0.000007 0.000004 24.344891 0.799606 0.470427 0.316969
    11 -0.002360 -1.019903 24.031330 0.389594 -0.042695 -0.017219
    12 0.000000 -0.000002 13.404737 0.000001 0.000005 -0.825071
    13 -0.061540 -5.245835 72.927078 0.000000 0.000000 0.000000
    14 -11.506840 13.362009 -27.133019 0.274961 0.050792 -0.299790
    15 0.000000 -0.005608 -1.146812 0.255598 0.024292 -0.339628
    16 0.030770 -0.240000 8.906021 -0.004138 0.000000 0.000000
    17 -0.203108 -1.042145 -0.012117 0.132160 0.071869 -0.429839
    18 0.030770 -0.276858 8.905140 0.056125 0.004134 -0.000049
    19 -0.626285 -0.921027 -0.091022 0.416002 -0.206412 -0.096825
    20 5.669724 4.435303 14.302868 0.842894 -0.977878 1.921374
    21 -1.044571 -2.839317 19.743267 -0.417507 -0.762193 0.176436
    22 2.655533 -1.533369 24.792658 -1.535461 0.120815 0.478458
    23 1.120163 -0.154394 9.796035 -0.027869 0.000422 -0.242072
    24 2.240311 -0.308786 19.592051 -0.122715 0.142529 -0.488501
    25 0.683151 2.877354 14.167051 -1.511326 -0.211747 1.554295
    26 0.144936 -0.145374 7.579252 -1.768042 -0.243277 0.235266
    27 0.091660 -0.906685 4.702850 -1.587485 -0.182555 0.191106
    28 0.506271 8.500866 13.617253 -1.470500 -0.303305 1.571620
    29 -0.384987 -0.460049 7.003448 -1.747417 -0.440906 0.551347
    30 0.561516 -0.596954 5.061852 -1.494372 -0.380569 0.386314
    31 -2.452171 -8.899406 11.597897 -1.564436 -0.075962 1.475269
    32 0.680496 -0.903999 6.074253 -1.628017 0.173820 -0.014245
    33 0.245514 -0.661150 3.388004 -1.484423 0.109499 -0.099205
    34 -0.717484 -3.784271 13.043911 -1.593590 -0.028646 1.464722
    35 1.099216 -1.407745 8.017889 -1.782086 0.031950 -0.017448
    36 0.068439 -0.807653 3.686054 -1.465861 0.033996 -0.009740
    37 -4.004929 6.172707 4.754754 0.109547 1.126790 2.530940
    38 0.158352 -1.149811 5.804394 -0.869542 -0.330219 0.145630
    39 -1.083523 -1.463142 5.544399 -0.797779 -0.152798 -0.023927
    40 -6.289886 0.932434 13.569063 -0.126803 0.612110 2.869610
    41 1.327774 -0.766687 12.396328 0.016776 -0.011634 0.165297
    42 -0.096140 1.828087 23.185329 -0.146074 -0.060279 -1.452247
    43 2.325478 -0.000003 6.169296 -0.141869 0.223118 1.500322
    44 0.000000 -3.152912 0.122169 1.961019 0.002673 -0.006520
    45 1.068383 -10.478592 7.066338 0.292219 -1.282324 -3.141588
    46 0.000000 0.000000 2.279457 0.547137 -0.343566 0.107833
    47 2.479414 -8.323895 6.074242 0.031652 0.395324 2.568624
    48 0.000003 -5.075260 5.921793 0.000000 0.000000 0.000000
    49 -1.068383 -10.478611 7.065971 0.292231 1.282324 3.141588
    50 -0.000488 0.000015 2.279600 0.547136 0.343566 0.107835
    51 -2.479401 -8.323895 6.074234 0.041490 0.391174 2.557042
    52 -5.790000 4.432083 14.255558 -5.019910 1.080033 -2.565167
    53 1.044540 -2.839314 19.743252 -0.101904 0.621537 -0.069103
    54 -2.655510 -1.533379 24.792648 -0.661957 -0.009700 -0.770193
    55 -1.120216 -0.154385 9.795983 -0.025257 -0.000689 0.219311
    56 -2.240372 -0.308788 19.592047 -0.457748 0.001391 0.357533
    57 -0.683205 2.877342 14.167089 -1.604576 0.208954 -1.789836
    58 -0.144958 -0.145317 7.579308 -1.541365 0.304893 -0.166486
    59 -0.038551 -0.936644 4.697678 -2.189566 0.238585 -0.365164
    60 -0.506317 8.500896 13.617329 -1.710239 0.278103 -1.993683
    61 0.385056 -0.460075 7.003435 -1.471905 0.596196 -0.385469
    62 -0.456360 -0.710276 5.057732 -1.989883 0.545811 -0.699342
    63 2.452194 -8.899408 11.597939 -1.419551 0.110544 -1.352644
    64 -0.680515 -0.903999 6.074242 -1.453509 -0.173875 -0.003180
    65 -0.248295 -0.666843 3.386627 -1.668562 -0.122159 0.124610
    66 0.717491 -3.784309 13.044010 -1.725747 0.009843 -1.454323
    67 -1.099228 -1.407673 8.017876 -1.350961 -0.015605 0.007751
    68 -0.064053 -0.807640 3.686100 -1.839804 -0.037732 0.018150
    69 4.004906 6.172710 4.754800 -0.720161 -0.940295 -1.497252
    70 -0.158381 -1.149773 5.804405 -0.345842 0.685512 0.599739
    71 1.078559 -2.386406 5.215008 -1.052553 1.087659 -0.156281
    72 6.289963 0.932404 13.569109 -0.126801 -0.612098 -2.869612
    73 -1.327759 -0.766682 12.396324 0.033775 0.028664 -0.359842
    74 0.000017 -54.999996 0.000000 0.000000 0.000000 -1.570796
  time 61
    0 0.000000 0.000000 -1.500000 0.000000 0.000000 0.000000
    1 -10.521344 -5.760963 66.994621 3.097007 -0.050786 -3.139334
    2 7.570915 21.937460 25.647917 1.088150 -0.012290 0.569550
    3 -0.000034 0.000012 24.761454 -2.350268 -0.272016 -0.235304
    4 0.000017 0.000000 24.344809 1.773287 -0.204590 -0.069126
    5 0.002333 -1.019846 24.031336 0.845583 -0.000440 0.084471
    6 0.000034 0.000008 13.404741 -0.000001 -0.000009 -0.227748
    7 10.398263 -5.760962 66.994675 3.097007 0.050786 3.139334
    8 14.453400 9.727912 27.482454 -1.585878 -1.311260 2.604195
    9 -0.000004 -0.000006 24.761459 -1.170494 0.135770 -1.495481
    10 -0.000007 0.000004 24.344891 0.757332 0.469449 0.297043
    11 -0.002360 -1.019903 24.031330 0.389594 -0.042695 -0.017219
    12 0.000000 -0.000002 13.404737 0.000001 0.000005 -0.839348
    13 -0.061540 -5.245835 72.927078 0.000000 0.000000 0.000000
    14 -11.506840 14.212144 -26.434555 0.286770 0.051721 -0.301291
    15 0.000000 -0.005608 -1.146812 0.255598 0.024292 -0.339628
    16 0.030770 -0.240000 8.906021 -0.004138 0.000000 0.000000
    17 -0.226546 -1.182774 -0.027743 0.154046 0.078136 -0.425087
    18 0.030770 -0.276858 8.905140 0.056125 0.004134 -0.000049
    19 -0.657536 -0.936653 -0.098835 0.432302 -0.213921 -0.100528
    20 5.669724 4.435303 14.302868 0.839449 -0.980098 1.921662
    21 -1.044571 -2.839317 19.743267 -0.434384 -0.751965 0.179312
    22 2.655533 -1.533369 24.792658 -1.536112 0.121776 0.469077
    23 1.120163 -0.154394 9.796035 -0.029847 0.000206 -0.259250
    24 2.240311 -0.308786 19.592051 -0.139861 0.150264 -0.523553
    25 0.683151 2.877354 14.167051 -1.511326 -0.211735 1.554295
    26 0.144936 -0.145374 7.579252 -1.768042 -0.243277 0.235266
    27 0.091660 -0.906685 4.702850 -1.587439 -0.182567 0.191106
    28 0.506271 8.500866 13.617253 -1.470500 -0.303305 1.571620
    29 -0.384987 -0.460049 7.003448 -1.747417 -0.440906 0.551347
    30 0.561516 -0.596954 5.061852 -1.494407 -0.380569 0.386314
    31 -2.452171 -8.899406 11.597897 -1.564436 -0.075962 1.475269
    32 0.680496 -0.903999 6.074253 -1.628017 0.173820 -0.014245
    33 0.245514 -0.661150 3.388004 -1.484423 0.109499 -0.099205
    34 -0.717484 -3.784271 13.043911 -1.593590 -0.028646 1.464722
    35 1.099216 -1.407745 8.017889 -1.782086 0.031962 -0.017448
    36 0.068439 -0.807653 3.686054 -1.465861 0.033996 -0.009728
    37 -4.004929 6.172707 4.754754 0.109547 1.126790 2.531036
    38 0.158352 -1.149811 5.804394 -0.869542 -0.330219 0.145630
    39 -1.083523 -1.463142 5.544399 -0.797779 -0.152810 -0.023927
    40 -6.289886 0.932434 13.569063 -0.126803 0.612110 2.869610
    41 1.327774 -0.766687 12.396328 0.016213 -0.011191 0.159422
    42 -0.096140 1.828087 23.185329 -0.146074 -0.060279 -1.452247
    43 2.325478 -0.000003 6.169296 -0.141869 0.223118 1.500322
    44 0.000000 -3.152912 0.122169 1.961019 0.002673 -0.006520
    45 1.068383 -10.478592 7.066338 0.292219 -1.282324 -3.141588
    46 0.000000 0.000000 2.279457 0.547137 -0.343566 0.107833
    47 2.479414 -8.323895 6.074242 0.032767 0.426412 2.590018
    48 0.000003 -5.075260 5.925699 0.000000 0.000000 0.000000
    49 -1.068383 -10.478611 7.065971 0.292219 1.282324 3.141588
    50 -0.000488 0.000015 2.279600 0.547136 0.343566 0.107835
    51 -2.479401 -8.323895 6.074234 0.042414 0.422643 2.578023
    52 -5.790000 4.432083 14.255558 -5.019910 1.080033 -2.565167
    53 1.044540 -2.839314 19.743252 -0.130734 0.635401 -0.076587
    54 -2.655510 -1.533379 24.792648 -0.696833 -0.010088 -0.783900
    55 -1.120216 -0.154385 9.795983 -0.025257 -0.000689 0.219311
    56 -2.240372 -0.308788 19.592047 -0.457748 0.001391 0.357533
    57 -0.683205 2.877342 14.167089 -1.604576 0.208934 -1.789836
    58 -0.144958 -0.145317 7.579308 -1.541365 0.304893 -0.166486
    59 -0.038551 -0.936644 4.697678 -2.189566 0.238585 -0.365176
    60 -0.506317 8.500896 13.617329 -1.710239 0.278103 -1.993683
    61 0.385056 -0.460075 7.003435 -1.471905 0.596196 -0.385469
    62 -0.456360 -0.710276 5.057732 -1.989883 0.545811 -0.699342
    63 2.452194 -8.899408 11.597939 -1.419551 0.110567 -1.352644
    64 -0.680515 -0.903999 6.074242 -1.453563 -0.173875 -0.003180
    65 -0.248295 -0.666843 3.386627 -1.668562 -0.122147 0.124610
    66 0.717491 -3.784309 13.044010 -1.725747 0.009831 -1.454323
    67 -1.099228 -1.407673 8.017876 -1.350961 -0.015605 0.007751
    68 -0.064053 -0.807640 3.686100 -1.839804 -0.037732 0.018150
    69 4.004906 6.172710 4.754800 -0.720161 -0.940295 -1.497252
    70 -0.158381 -1.149773 5.804405 -0.345807 0.685485 0.599739
    71 1.078559 -2.386406 5.215008 -1.052553 1.087659 -0.156281
    72 6.289963 0.932404 13.569109 -0.126801 -0.612098 -2.869612
    73 -1.327759 -0.766682 12.396324 0.034039 0.028964 -0.362988
    74 0.000017 -54.999996 0.000000 0.000000 0.000000 -1.570796
  time 62
    0 0.000000 0.000000 -1.500000 0.000000 0.000000 0.000000
    1 -10.521344 -5.760963 66.994621 3.097007 -0.050786 -3.139334
    2 7.563102 22.870511 24.459416 1.032880 0.033582 0.580516
    3 -0.000034 0.000012 24.761454 -2.267828 -0.262512 -0.144299
    4 0.000017 0.000000 24.344809 1.808610 -0.180370 -0.021571
    5 0.002333 -1.019846 24.031336 0.764120 -0.002142 0.070544
    6 0.000034 0.000008 13.404741 -0.000001 -0.000009 -0.141708
    7 10.398263 -5.760962 66.994675 3.097007 0.050786 3.139334
    8 14.375272 10.689594 26.538287 -1.412784 -1.293445 2.439657
    9 -0.000004 -0.000006 24.761459 -1.090198 0.126494 -1.513891
    10 -0.000007 0.000004 24.344891 0.713252 0.468516 0.273902
    11 -0.002360 -1.019903 24.031330 0.389594 -0.042695 -0.017207
    12 0.000000 -0.000002 13.404737 0.000001 0.000005 -0.865090
    13 -0.061540 -5.245835 72.927078 0.000000 0.000000 0.000000
    14 -11.506840 14.945823 -25.398124 0.316918 0.054508 -0.305074
    15 0.000000 -0.005608 -1.146812 0.255598 0.024292 -0.339628
    16 0.030770 -0.240000 8.906021 -0.004138 0.000000 0.000000
    17 -0.210921 -1.292152 -0.035556 0.166925 0.087948 -0.422012
    18 0.030770 -0.276858 8.905140 0.056125 0.004134 -0.000049
    19 -0.673161 -0.991342 -0.106647 0.458789 -0.216472 -0.105298
    20 5.669724 4.435303 14.302868 0.799348 -0.984784 1.920032
    21 -1.044571 -2.839317 19.743267 -0.472787 -0.730726 0.185432
    22 2.655533 -1.533369 24.792658 -1.537067 0.123236 0.455167
    23 1.120163 -0.154394 9.796035 -0.034880 -0.000537 -0.303332
    24 2.240311 -0.308786 19.592051 -0.186905 0.166196 -0.614112
    25 0.683151 2.877354 14.167051 -1.511326 -0.211747 1.554295
    26 0.144936 -0.145374 7.579252 -1.768042 -0.243277 0.235266
    27 0.091660 -0.906685 4.702850 -1.587439 -0.182567 0.191106
    28 0.506271 8.500866 13.617253 -1.470500 -0.303305 1.571620
    29 -0.384987 -0.460049 7.003448 -1.747417 -0.440906 0.551347
    30 0.561516 -0.596954 5.061852 -1.494407 -0.380569 0.386314
    31 -2.452171 -8.899406 11.597897 -1.564436 -0.075962 1.475269
    32 0.680496 -0.903999 6.074253 -1.628017 0.173820 -0.014245
    33 0.245514 -0.661150 3.388004 -1.484423 0.109499 -0.099205
    34 -0.717484 -3.784271 13.043911 -1.593590 -0.028646 1.464722
    35 1.099216 -1.407745 8.017889 -1.782086 0.031950 -0.017448
    36 0.068439 -0.807653 3.686054 -1.465861 0.033996 -0.009740
    37 -4.004929 6.172707 4.754754 0.109547 1.126790 2.531036
    38 0.158352 -1.149811 5.804394 -0.869542 -0.330219 0.145630
    39 -1.083523 -1.463142 5.544399 -0.797779 -0.152798 -0.023927
    40 -6.289886 0.932434 13.569063 -0.126803 0.612110 2.869610
    41 1.327774 -0.766687 12.396328 0.015326 -0.010460 0.150283
    42 -0.096140 1.828087 23.185329 -0.146074 -0.060311 -1.452247
    43 2.325478 -0.000003 6.169296 -0.141869 0.223118 1.500322
    44 0.000000 -3.152912 0.122169 1.961019 0.002673 -0.006520
    45 1.068383 -10.478592 7.066338 0.292219 -1.282324 -3.141588
    46 0.000000 0.000000 2.279457 0.547137 -0.343566 0.107833
    47 2.479414 -8.323895 6.074242 0.034697 0.478725 2.627648
    48 0.000003 -5.075260 5.921793 0.000000 0.000000 0.000000
    49 -1.068383 -10.478611 7.065971 0.292219 1.282324 3.141588
    50 -0.000488 0.000015 2.279600 0.547136 0.343566 0.107835
    51 -2.479401 -8.323895 6.074234 0.044041 0.475092 2.614717
    52 -5.790000 4.432083 14.255558 -5.019814 1.080033 -2.565167
    53 1.044540 -2.839314 19.743252 -0.157950 0.656854 -0.084289
    54 -2.655510 -1.533379 24.792648 -0.727179 -0.011124 -0.790943
    55 -1.120216 -0.154385 9.795983 -0.025257 -0.000689 0.219311
    56 -2.240372 -0.308788 19.592047 -0.457748 0.001391 0.357533
    57 -0.683205 2.877342 14.167089 -1.604576 0.208954 -1.789836
    58 -0.144958 -0.145317 7.579308 -1.541365 0.304893 -0.166486
    59 -0.038551 -0.936644 4.697678 -2.189566 0.238585 -0.365176
    60 -0.506317 8.500896 13.617329 -1.710239 0.278103 -1.993683
    61 0.385056 -0.460075 7.003435 -1.471905 0.596196 -0.385469
    62 -0.456360 -0.710276 5.057732 -1.989883 0.545811 -0.699342
    63 2.452194 -8.899408 11.597939 -1.419551 0.110567 -1.352644
    64 -0.680515 -0.903999 6.074242 -1.453509 -0.173875 -0.003180
    65 -0.248295 -0.666843 3.386627 -1.668562 -0.122147 0.124610
    66 0.717491 -3.784309 13.044010 -1.725747 0.009831 -1.454323
    67 -1.099228 -1.407673 8.017876 -1.350961 -0.015605 0.007751
    68 -0.064053 -0.807640 3.686100 -1.839860 -0.037732 0.018150
    69 4.004906 6.172710 4.754800 -0.720161 -0.940295 -1.497252
    70 -0.158381 -1.149773 5.804405 -0.345807 0.685512 0.599739
    71 1.078559 -2.386406 5.215008 -1.052553 1.087659 -0.156281
    72 6.289963 0.932404 13.569109 -0.126801 -0.612098 -2.869612
    73 -1.327759 -0.766682 12.396324 0.034123 0.029072 -0.364052
    74 0.000017 -54.999996 0.000000 0.000000 0.000000 -1.570796
  time 63
    0 0.000000 0.000000 -1.500000 0.000000 0.000000 0.000000
    1 -10.521344 -5.760963 66.994621 3.097007 -0.050786 -3.139334
    2 7.551383 23.742178 22.979396 0.955270 0.090087 0.589210
    3 -0.000034 0.000012 24.761454 -2.152257 -0.249185 -0.035133
    4 0.000017 0.000000 24.344809 1.846585 -0.147527 0.025206
    5 0.002333 -1.019846 24.031336 0.667649 -0.008686 0.053095
    6 0.000034 0.000008 13.404741 -0.000001 -0.000009 -0.040692
    7 10.398263 -5.760962 66.994675 3.097007 0.050786 3.139334
    8 14.285426 11.563850 25.414279 -1.237984 -1.260157 2.275284
    9 -0.000004 -0.000006 24.761459 -0.997968 0.115816 -1.535459
    10 -0.000007 0.000004 24.344891 0.667299 0.468027 0.248932
    11 -0.002360 -1.019903 24.031330 0.389594 -0.042695 -0.017219
    12 0.000000 -0.000002 13.404737 0.000001 0.000005 -0.894374
    13 -0.061540 -5.245835 72.927078 0.000000 0.000000 0.000000
    14 -11.506840 15.551399 -24.158914 0.357308 0.059153 -0.309699
    15 0.000000 -0.005608 -1.146812 0.255598 0.024292 -0.339628
    16 0.030770 -0.240000 8.906021 -0.004138 0.000000 0.000000
    17 -0.164044 -1.366373 -0.035556 0.173448 0.099659 -0.421214
    18 0.030770 -0.276858 8.905140 0.056125 0.004134 -0.000049
    19 -0.684880 -1.049938 -0.114460 0.487242 -0.214127 -0.109456
    20 5.669724 4.435303 14.302868 0.742308 -0.991197 1.917541
    21 -1.044571 -2.839317 19.743267 -0.515347 -0.699885 0.188083
    22 2.655533 -1.533369 24.792658 -1.537631 0.124043 0.446675
    23 1.120163 -0.154394 9.796035 -0.041700 -0.001867 -0.363661
    24 2.240311 -0.308786 19.592051 -0.257013 0.177431 -0.737983
    25 0.683151 2.877354 14.167051 -1.511326 -0.211759 1.554295
    26 0.144936 -0.145374 7.579252 -1.768042 -0.243277 0.235266
    27 0.091660 -0.906685 4.702850 -1.587439 -0.182567 0.191106
    28 0.506271 8.500866 13.617253 -1.470500 -0.303305 1.571620
    29 -0.384987 -0.460049 7.003448 -1.747417 -0.440906 0.551347
    30 0.561516 -0.596954 5.061852 -1.494372 -0.380569 0.386314
    31 -2.452171 -8.899406 11.597897 -1.564436 -0.075962 1.475269
    32 0.680496 -0.903999 6.074253 -1.628017 0.173820 -0.014245
    33 0.245514 -0.661150 3.388004 -1.484370 0.109499 -0.099205
    34 -0.717484 -3.784271 13.043911 -1.593590 -0.028646 1.464722
    35 1.099216 -1.407745 8.017889 -1.782086 0.031950 -0.017448
    36 0.068439 -0.807653 3.686054 -1.465861 0.033996 -0.009740
    37 -4.004929 6.172707 4.754754 0.109547 1.126790 2.531036
    38 0.158352 -1.149811 5.804394 -0.869542 -0.330219 0.145630
    39 -1.083523 -1.463142 5.544399 -0.797779 -0.152798 -0.023927
    40 -6.289886 0.932434 13.569063 -0.126803 0.612110 2.869610
    41 1.327774 -0.766687 12.396328 0.014739 -0.009980 0.144106
    42 -0.096140 1.828087 23.185329 -0.146074 -0.060279 -1.452247
    43 2.325478 -0.000003 6.169296 -0.141869 0.223118 1.500322
    44 0.000000 -3.152912 0.122169 1.961019 0.002673 -0.006520
    45 1.068383 -10.478592 7.066338 0.292219 -1.282324 -3.141588
    46 0.000000 0.000000 2.279457 0.547137 -0.343566 0.107833
    47 2.479414 -8.323895 6.074242 0.037416 0.540524 2.677025
    48 0.000003 -5.075260 5.921793 0.000000 0.000000 0.000000
    49 -1.068383 -10.478611 7.065971 0.292219 1.282324 3.141588
    50 -0.000488 0.000015 2.279600 0.547136 0.343566 0.107835
    51 -2.479401 -8.323895 6.074234 0.046250 0.536660 2.662812
    52 -5.790000 4.432083 14.255558 -5.019910 1.080033 -2.565167
    53 1.044540 -2.839314 19.743252 -0.182773 0.681614 -0.092290
    54 -2.655510 -1.533379 24.792648 -0.752694 -0.012172 -0.795714
    55 -1.120216 -0.154385 9.795983 -0.025257 -0.000689 0.219311
    56 -2.240372 -0.308788 19.592047 -0.457748 0.001391 0.357533
    57 -0.683205 2.877342 14.167089 -1.604576 0.208954 -1.789836
    58 -0.144958 -0.145317 7.579308 -1.541365 0.304893 -0.166486
    59 -0.038551 -0.936644 4.697678 -2.189566 0.238585 -0.365176
    60 -0.506317 8.500896 13.617329 -1.710239 0.278103 -1.993728
    61 0.385056 -0.460075 7.003435 -1.471905 0.596196 -0.385469
    62 -0.456360 -0.710276 5.057732 -1.989883 0.545811 -0.699342
    63 2.452194 -8.899408 11.597939 -1.419591 0.110567 -1.352644
    64 -0.680515 -0.903999 6.074242 -1.453509 -0.173875 -0.003180
    65 -0.248295 -0.666843 3.386627 -1.668562 -0.122147 0.124610
    66 0.717491 -3.784309 13.044010 -1.725747 0.009831 -1.454323
    67 -1.099228 -1.407673 8.017876 -1.350961 -0.015605 0.007751
    68 -0.064053 -0.807640 3.686100 -1.839860 -0.037732 0.018150
    69 4.004906 6.172710 4.754800 -0.720236 -0.940295 -1.497252
    70 -0.158381 -1.149773 5.804405 -0.345807 0.685512 0.599739
    71 1.078559 -2.386406 5.215008 -1.052506 1.087659 -0.156281
    72 6.289963 0.932404 13.569109 -0.126801 -0.612098 -2.869612
    73 -1.327759 -0.766682 12.396324 0.034171 0.029132 -0.364607
    74 0.000017 -54.999996 0.000000 0.000000 0.000000 -1.570796
  time 64
    0 0.000000 0.000000 -1.500000 0.000000 0.000000 0.000000
    1 -10.521344 -5.760963 66.994621 3.097007 -0.050786 -3.139334
    2 7.555289 24.478797 21.364830 0.864064 0.138019 0.591875
    3 -0.000034 0.000012 24.761454 -2.011604 -0.232958 0.067028
    4 0.000017 0.000000 24.344809 1.876792 -0.110203 0.060857
    5 0.002333 -1.019846 24.031336 0.569162 -0.019424 0.036640
    6 0.000034 0.000008 13.404741 -0.000001 -0.000009 0.053258
    7 10.398263 -5.760962 66.994675 3.097007 0.050786 3.139334
    8 14.195579 12.363169 24.200349 -1.079990 -1.218711 2.128405
    9 -0.000004 -0.000006 24.761459 -0.897267 0.104167 -1.552721
    10 -0.000007 0.000004 24.344891 0.620056 0.468538 0.223268
    11 -0.002360 -1.019903 24.031330 0.389594 -0.042695 -0.017219
    12 0.000000 -0.000002 13.404737 0.000001 0.000005 -0.919665
    13 -0.061540 -5.245835 72.927078 0.000000 0.000000 0.000000
    14 -11.506840 16.040518 -22.852110 0.399713 0.065622 -0.313542
    15 0.000000 -0.005608 -1.146812 0.255598 0.024292 -0.339628
    16 0.030770 -0.240000 8.906021 -0.004138 0.000000 0.000000
    17 -0.113261 -1.424969 -0.043368 0.176100 0.111598 -0.423330
    18 0.030770 -0.276858 8.905140 0.056125 0.004134 -0.000049
    19 -0.677067 -1.100720 -0.126179 0.509654 -0.206968 -0.111266
    20 5.669724 4.435303 14.302868 0.688138 -0.998631 1.915145
    21 -1.044571 -2.839317 19.743267 -0.551059 -0.661008 0.183909
    22 2.655533 -1.533369 24.792658 -1.537371 0.123659 0.450961
    23 1.120163 -0.154394 9.796035 -0.049022 -0.003809 -0.429405
    24 2.240311 -0.308786 19.592051 -0.338349 0.174852 -0.871428
    25 0.683151 2.877354 14.167051 -1.511326 -0.211747 1.554295
    26 0.144936 -0.145374 7.579252 -1.768042 -0.243277 0.235266
    27 0.091660 -0.906685 4.702850 -1.587439 -0.182567 0.191106
    28 0.506271 8.500866 13.617253 -1.470438 -0.303283 1.571620
    29 -0.384987 -0.460049 7.003448 -1.747417 -0.440906 0.551335
    30 0.561516 -0.596954 5.061852 -1.494372 -0.380557 0.386326
    31 -2.452171 -8.899406 11.597897 -1.564436 -0.075962 1.475269
    32 0.680496 -0.903999 6.074253 -1.628017 0.173820 -0.014245
    33 0.245514 -0.661150 3.388004 -1.484370 0.109499 -0.099205
    34 -0.717484 -3.784271 13.043911 -1.593546 -0.028646 1.464722
    35 1.099216 -1.407745 8.017889 -1.782086 0.031950 -0.017448
    36 0.068439 -0.807653 3.686054 -1.465861 0.033996 -0.009740
    37 -4.004929 6.172707 4.754754 0.109547 1.126790 2.530940
    38 0.158352 -1.149811 5.804394 -0.869542 -0.330219 0.145630
    39 -1.083523 -1.463142 5.544399 -0.797779 -0.152810 -0.023927
    40 -6.289886 0.932434 13.569063 -0.126803 0.612110 2.869610
    41 1.327774 -0.766687 12.396328 0.014907 -0.010112 0.145663
    42 -0.096140 1.828087 23.185329 -0.146074 -0.060279 -1.452247
    43 2.325478 -0.000003 6.169296 -0.141869 0.223118 1.500322
    44 0.000000 -3.152912 0.122169 1.961019 0.002673 -0.006520
    45 1.068383 -10.478592 7.066338 0.292219 -1.282324 -3.141588
    46 0.000000 0.000000 2.279457 0.547137 -0.343566 0.107833
    47 2.479414 -8.323895 6.074242 0.040406 0.601337 2.730128
    48 0.000003 -5.075260 5.925699 0.000000 0.000000 0.000000
    49 -1.068383 -10.478611 7.065971 0.292219 1.282324 3.141588
    50 -0.000488 0.000015 2.279600 0.547136 0.343566 0.107835
    51 -2.479401 -8.323895 6.074234 0.048700 0.597094 2.714261
    52 -5.790000 4.432083 14.255558 -5.019910 1.080033 -2.565167
    53 1.044540 -2.839314 19.743252 -0.203811 0.706035 -0.100074
    54 -2.655510 -1.533379 24.792648 -0.773026 -0.012664 -0.802909
    55 -1.120216 -0.154385 9.795983 -0.025257 -0.000689 0.219311
    56 -2.240372 -0.308788 19.592047 -0.457748 0.001391 0.357533
    57 -0.683205 2.877342 14.167089 -1.604527 0.208954 -1.789836
    58 -0.144958 -0.145317 7.579308 -1.541365 0.304893 -0.166486
    59 -0.038551 -0.936644 4.697678 -2.189566 0.238585 -0.365176
    60 -0.506317 8.500896 13.617329 -1.710239 0.278103 -1.993683
    61 0.385056 -0.460075 7.003435 -1.471905 0.596196 -0.385469
    62 -0.456360 -0.710276 5.057732 -1.989883 0.545811 -0.699342
    63 2.452194 -8.899408 11.597939 -1.419551 0.110567 -1.352644
    64 -0.680515 -0.903999 6.074242 -1.453563 -0.173875 -0.003180
    65 -0.248295 -0.666843 3.386627 -1.668562 -0.122159 0.124610
    66 0.717491 -3.784309 13.044010 -1.725747 0.009831 -1.454323
    67 -1.099228 -1.407673 8.017876 -1.351017 -0.015605 0.007751
    68 -0.064053 -0.807640 3.686100 -1.839804 -0.037732 0.018150
    69 4.004906 6.172710 4.754800 -0.720161 -0.940295 -1.497252
    70 -0.158381 -1.149773 5.804405 -0.345842 0.685485 0.599739
    71 1.078559 -2.386406 5.215008 -1.052553 1.087659 -0.156281
    72 6.289963 0.932404 13.569109 -0.126801 -0.612098 -2.869612
    73 -1.327759 -0.766682 12.396324 0.034350 0.029348 -0.366874
    74 0.000017 -54.999996 0.000000 0.000000 0.000000 -1.570796
  time 65
    0 0.000000 0.000000 -1.500000 0.000000 0.000000 0.000000
    1 -10.521344 -5.760963 66.994621 3.097007 -0.050786 -3.139334
    2 7.586540 25.043539 19.795112 0.771423 0.165994 0.590127
    3 -0.000034 0.000012 24.761454 -1.861968 -0.215676 0.144148
    4 0.000017 0.000000 24.344809 1.893067 -0.075073 0.080842
    5 0.002333 -1.019846 24.031336 0.481427 -0.031576 0.024404
    6 0.000034 0.000008 13.404741 -0.000001 -0.000009 0.124279
    7 10.398263 -5.760962 66.994675 3.097007 0.050786 3.139334
    8 14.129171 13.012617 23.008900 -0.939570 -1.177156 1.997616
    9 -0.000004 -0.000006 24.761459 -0.793872 0.092182 -1.559002
    10 -0.000007 0.000004 24.344891 0.573265 0.470449 0.198214
    11 -0.002360 -1.019903 24.031330 0.389594 -0.042695 -0.017219
    12 0.000000 -0.000002 13.404737 0.000001 0.000005 -0.933964
    13 -0.061540 -5.245835 72.927078 0.000000 0.000000 0.000000
    14 -11.502933 16.389889 -21.545306 0.436166 0.074018 -0.315584
    15 0.000000 -0.005608 -1.146812 0.255598 0.024292 -0.339628
    16 0.030770 -0.240000 8.906021 -0.004138 0.000000 0.000000
    17 -0.066385 -1.464033 -0.047275 0.177278 0.121967 -0.429001
    18 0.030770 -0.276858 8.905140 0.056125 0.004134 -0.000049
    19 -0.653629 -1.124159 -0.126179 0.518090 -0.195057 -0.109241
    20 5.669724 4.435303 14.302868 0.656268 -1.006030 1.914570
    21 -1.044571 -2.839317 19.743267 -0.574003 -0.611642 0.171388
    22 2.655533 -1.533369 24.792658 -1.536112 0.121776 0.469158
    23 1.120163 -0.154394 9.796035 -0.055638 -0.006026 -0.489699
    24 2.240311 -0.308786 19.592051 -0.414898 0.158184 -0.990749
    25 0.683151 2.877354 14.167051 -1.511326 -0.211747 1.554295
    26 0.144936 -0.145374 7.579252 -1.768042 -0.243277 0.235266
    27 0.091660 -0.906685 4.702850 -1.587439 -0.182555 0.191106
    28 0.506271 8.500866 13.617253 -1.470500 -0.303305 1.571620
    29 -0.384987 -0.460049 7.003448 -1.747417 -0.440906 0.551347
    30 0.561516 -0.596954 5.061852 -1.494372 -0.380557 0.386326
    31 -2.452171 -8.899406 11.597897 -1.564436 -0.075962 1.475269
    32 0.680496 -0.903999 6.074253 -1.628017 0.173820 -0.014245
    33 0.245514 -0.661150 3.388004 -1.484370 0.109499 -0.099205
    34 -0.717484 -3.784271 13.043911 -1.593590 -0.028646 1.464722
    35 1.099216 -1.407745 8.017889 -1.782086 0.031950 -0.017448
    36 0.068439 -0.807653 3.686054 -1.465861 0.033996 -0.009740
    37 -4.004929 6.172707 4.754754 0.109547 1.126790 2.530940
    38 0.158352 -1.149811 5.804394 -0.869542 -0.330219 0.145630
    39 -1.083523 -1.463142 5.544399 -0.797779 -0.152810 -0.023927
    40 -6.289886 0.932434 13.569063 -0.126803 0.612110 2.869610
    41 1.327774 -0.766687 12.396328 0.015806 -0.010831 0.155053
    42 -0.096140 1.828087 23.185329 -0.146074 -0.060279 -1.452247
    43 2.325478 -0.000003 6.169296 -0.141869 0.223118 1.500322
    44 0.000000 -3.152912 0.122169 1.961019 0.002673 -0.006520
    45 1.068383 -10.478592 7.066338 0.292219 -1.282324 -3.141588
    46 0.000000 0.000000 2.279457 0.547137 -0.343566 0.107833
    47 2.479414 -8.323895 6.074242 0.043179 0.653181 2.773393
    48 0.000003 -5.075260 5.921793 0.000000 0.000000 0.000000
    49 -1.068383 -10.478611 7.065971 0.292219 1.282324 3.141588
    50 -0.000488 0.000015 2.279600 0.547136 0.343566 0.107835
    51 -2.479401 -8.323895 6.074234 0.050990 0.648125 2.755841
    52 -5.790000 4.432083 14.255558 -5.019910 1.080033 -2.565167
    53 1.044540 -2.839314 19.743252 -0.218671 0.726555 -0.106252
    54 -2.655510 -1.533379 24.792648 -0.787620 -0.011926 -0.817449
    55 -1.120216 -0.154385 9.795983 -0.025257 -0.000689 0.219311
    56 -2.240372 -0.308788 19.592047 -0.457748 0.001391 0.357533
    57 -0.683205 2.877342 14.167089 -1.604527 0.208954 -1.789836
    58 -0.144958 -0.145317 7.579308 -1.541365 0.304893 -0.166486
    59 -0.038551 -0.936644 4.697678 -2.189566 0.238585 -0.365164
    60 -0.506317 8.500896 13.617329 -1.710239 0.278103 -1.993683
    61 0.385056 -0.460075 7.003435 -1.471905 0.596196 -0.385469
    62 -0.456360 -0.710276 5.057732 -1.989883 0.545811 -0.699342
    63 2.452194 -8.899408 11.597939 -1.419551 0.110567 -1.352644
    64 -0.680515 -0.903999 6.074242 -1.453563 -0.173875 -0.003180
    65 -0.248295 -0.666843 3.386627 -1.668562 -0.122159 0.124610
    66 0.717491 -3.784309 13.044010 -1.725747 0.009843 -1.454323
    67 -1.099228 -1.407673 8.017876 -1.351017 -0.015605 0.007751
    68 -0.064053 -0.807640 3.686100 -1.839804 -0.037744 0.018150
    69 4.004906 6.172710 4.754800 -0.720161 -0.940295 -1.497252
    70 -0.158381 -1.149773 5.804405 -0.345842 0.685512 0.599739
    71 1.078559 -2.386406 5.215008 -1.052553 1.087659 -0.156244
    72 6.289963 0.932404 13.569109 -0.126801 -0.612098 -2.869612
    73 -1.327759 -0.766682 12.396324 0.034842 0.029971 -0.373305
    74 0.000017 -54.999996 0.000000 0.000000 0.000000 -1.570796
  time 66
    0 0.000000 0.000000 -1.500000 0.000000 0.000000 0.000000
    1 -10.521344 -5.760963 66.994621 3.097007 -0.050786 -3.139334
    2 7.656855 25.387295 18.404790 0.692993 0.173732 0.587550
    3 -0.000034 0.000012 24.761454 -1.727982 -0.200204 0.186088
    4 0.000017 0.000000 24.344809 1.893806 -0.049586 0.086093
    5 0.002333 -1.019846 24.031336 0.417325 -0.040876 0.017776
    6 0.000034 0.000008 13.404741 -0.000001 0.000003 0.163872
    7 10.398263 -5.760962 66.994675 3.097007 0.050786 3.139334
    8 14.097920 13.449745 21.974812 -0.813993 -1.143136 1.876977
    9 -0.000004 -0.000006 24.761459 -0.697572 0.081012 -1.549420
    10 -0.000007 0.000004 24.344891 0.530927 0.473871 0.175745
    11 -0.002360 -1.019903 24.031330 0.389594 -0.042695 -0.017219
    12 0.000000 -0.000002 13.404737 0.000001 0.000005 -0.931237
    13 -0.061540 -5.245835 72.927078 0.000000 0.000000 0.000000
    14 -11.502933 16.611157 -20.396220 0.458473 0.084685 -0.314683
    15 0.000000 -0.005608 -1.146812 0.255598 0.024292 -0.339628
    16 0.030770 -0.240000 8.906021 -0.004138 0.000000 0.000000
    17 -0.035134 -1.487471 -0.062900 0.179509 0.128804 -0.437986
    18 0.030770 -0.276858 8.905140 0.056125 0.004134 -0.000049
    19 -0.614565 -1.100720 -0.118367 0.504614 -0.178312 -0.102565
    20 5.669724 4.435303 14.302868 0.665839 -1.012443 1.917253
    21 -1.044571 -2.839317 19.743267 -0.581684 -0.542133 0.148686
    22 2.655533 -1.533369 24.792658 -1.534637 0.119509 0.491236
    23 1.120163 -0.154394 9.796035 -0.060384 -0.007883 -0.533816
    24 2.240311 -0.308786 19.592051 -0.470558 0.137464 -1.075057
    25 0.683151 2.877354 14.167051 -1.511326 -0.211747 1.554295
    26 0.144936 -0.145374 7.579252 -1.768042 -0.243277 0.235266
    27 0.091660 -0.906685 4.702850 -1.587439 -0.182555 0.191106
    28 0.506271 8.500866 13.617253 -1.470500 -0.303283 1.571620
    29 -0.384987 -0.460049 7.003448 -1.747417 -0.440906 0.551347
    30 0.561516 -0.596954 5.061852 -1.494372 -0.380569 0.386314
    31 -2.452171 -8.899406 11.597897 -1.564436 -0.075962 1.475269
    32 0.680496 -0.903999 6.074253 -1.628017 0.173820 -0.014245
    33 0.245514 -0.661150 3.388004 -1.484370 0.109499 -0.099205
    34 -0.717484 -3.784271 13.043911 -1.593590 -0.028646 1.464722
    35 1.099216 -1.407745 8.017889 -1.782086 0.031950 -0.017448
    36 0.068439 -0.807653 3.686054 -1.465861 0.033996 -0.009740
    37 -4.004929 6.172707 4.754754 0.109547 1.126790 2.530940
    38 0.158352 -1.149811 5.804394 -0.869542 -0.330234 0.145630
    39 -1.083523 -1.463142 5.544399 -0.797727 -0.152810 -0.023927
    40 -6.289886 0.932434 13.569063 -0.126803 0.612110 2.869610
    41 1.327774 -0.766687 12.396328 0.016896 -0.011742 0.166452
    42 -0.096140 1.828087 23.185329 -0.146074 -0.060279 -1.452247
    43 2.325478 -0.000003 6.169296 -0.141869 0.223118 1.500322
    44 0.000000 -3.152912 0.122169 1.961019 0.002673 -0.006520
    45 1.068383 -10.478592 7.066338 0.292219 -1.282324 -3.141588
    46 0.000000 0.000000 2.279457 0.547137 -0.343566 0.107833
    47 2.479414 -8.323895 6.074242 0.044838 0.688917 2.788865
    48 0.000003 -5.075260 5.921793 0.000000 0.000000 0.000000
    49 -1.068383 -10.478611 7.065971 0.292219 1.282324 3.141588
    50 -0.000488 0.000015 2.279600 0.547136 0.343566 0.107835
    51 -2.479401 -8.323895 6.074234 0.052516 0.682571 2.769637
    52 -5.790000 4.432083 14.255558 -5.019814 1.080033 -2.565167
    53 1.044540 -2.839314 19.743252 -0.224014 0.740122 -0.109191
    54 -2.655510 -1.533379 24.792648 -0.796125 -0.009351 -0.844181
    55 -1.120216 -0.154385 9.795983 -0.025257 -0.000689 0.219311
    56 -2.240372 -0.308788 19.592047 -0.457748 0.001391 0.357533
    57 -0.683205 2.877342 14.167089 -1.604576 0.208954 -1.789836
    58 -0.144958 -0.145317 7.579308 -1.541365 0.304893 -0.166486
    59 -0.038551 -0.936644 4.697678 -2.189566 0.238585 -0.365164
    60 -0.506317 8.500896 13.617329 -1.710239 0.278103 -1.993638
    61 0.385056 -0.460075 7.003435 -1.471905 0.596196 -0.385469
    62 -0.456360 -0.710276 5.057732 -1.989883 0.545811 -0.699342
    63 2.452194 -8.899408 11.597939 -1.419551 0.110567 -1.352644
    64 -0.680515 -0.903999 6.074242 -1.453563 -0.173875 -0.003180
    65 -0.248295 -0.666843 3.386627 -1.668562 -0.122159 0.124610
    66 0.717491 -3.784309 13.044010 -1.725747 0.009843 -1.454323
    67 -1.099228 -1.407673 8.017876 -1.350961 -0.015605 0.007751
    68 -0.064053 -0.807640 3.686100 -1.839860 -0.037732 0.018150
    69 4.004906 6.172710 4.754800 -0.720161 -0.940295 -1.497252
    70 -0.158381 -1.149773 5.804405 -0.345842 0.685512 0.599739
    71 1.078559 -2.386406 5.215008 -1.052553 1.087659 -0.156281
    72 6.289963 0.932404 13.569109 -0.126801 -0.612098 -2.869612
    73 -1.327759 -0.766682 12.396324 0.035849 0.031241 -0.386398
    74 0.000017 -54.999996 0.000000 0.000000 0.000000 -1.570796
  time 67
    0 0.000000 0.000000 -1.500000 0.000000 0.000000 0.000000
    1 -10.521344 -5.760963 66.994621 3.097007 -0.050786 -3.139334
    2 7.777952 25.485510 17.395686 0.645579 0.168554 0.585846
    3 -0.000034 0.000012 24.761454 -1.640826 -0.190137 0.186862
    4 0.000017 0.000000 24.344809 1.881169 -0.040102 0.080454
    5 0.002333 -1.019846 24.031336 0.389660 -0.042710 0.017189
    6 0.000034 0.000008 13.404741 -0.000001 0.000003 0.167289
    7 10.398263 -5.760962 66.994675 3.097007 0.050786 3.139334
    8 14.148703 13.624596 21.232967 -0.702579 -1.125248 1.763352
    9 -0.000004 -0.000006 24.761459 -0.624590 0.072563 -1.521068
    10 -0.000007 0.000004 24.344891 0.501045 0.478493 0.159372
    11 -0.002360 -1.019903 24.031330 0.389594 -0.042695 -0.017219
    12 0.000000 -0.000002 13.404737 0.000001 0.000005 -0.906977
    13 -0.061540 -5.245835 72.927078 0.000000 0.000000 0.000000
    14 -11.502933 16.681032 -19.517507 0.458537 0.098225 -0.310479
    15 0.000000 -0.005608 -1.146812 0.255598 0.024292 -0.339628
    16 0.030770 -0.240000 8.906021 -0.004138 0.000000 0.000000
    17 -0.050760 -1.510909 -0.082432 0.185759 0.129880 -0.449367
    18 0.030770 -0.276858 8.905140 0.056125 0.004134 -0.000049
    19 -0.544251 -1.006968 -0.087116 0.461184 -0.156630 -0.091492
    20 5.669724 4.435303 14.302868 0.736470 -1.016988 1.924632
    21 -1.044571 -2.839317 19.743267 -0.571166 -0.438339 0.115296
    22 2.655533 -1.533369 24.792658 -1.534637 0.119547 0.490912
    23 1.120163 -0.154394 9.796035 -0.062181 -0.008662 -0.550959
    24 2.240311 -0.308786 19.592051 -0.491882 0.127472 -1.106905
    25 0.683151 2.877354 14.167051 -1.511326 -0.211747 1.554295
    26 0.144936 -0.145374 7.579252 -1.768042 -0.243277 0.235266
    27 0.091660 -0.906685 4.702850 -1.587439 -0.182567 0.191106
    28 0.506271 8.500866 13.617253 -1.470500 -0.303305 1.571620
    29 -0.384987 -0.460049 7.003448 -1.747417 -0.440906 0.551347
    30 0.561516 -0.596954 5.061852 -1.494372 -0.380569 0.386314
    31 -2.452171 -8.899406 11.597897 -1.564436 -0.075962 1.475269
    32 0.680496 -0.903999 6.074253 -1.628017 0.173820 -0.014245
    33 0.245514 -0.661150 3.388004 -1.484370 0.109499 -0.099205
    34 -0.717484 -3.784271 13.043911 -1.593590 -0.028646 1.464722
    35 1.099216 -1.407745 8.017889 -1.782086 0.031962 -0.017448
    36 0.068439 -0.807653 3.686054 -1.465861 0.033996 -0.009728
    37 -4.004929 6.172707 4.754754 0.109547 1.126790 2.530940
    38 0.158352 -1.149811 5.804394 -0.869542 -0.330219 0.145630
    39 -1.083523 -1.463142 5.544399 -0.797779 -0.152810 -0.023927
    40 -6.289886 0.932434 13.569063 -0.126803 0.612110 2.869610
    41 1.327774 -0.766687 12.396328 0.016669 -0.011538 0.164042
    42 -0.096140 1.828087 23.185329 -0.146074 -0.060311 -1.452247
    43 2.325478 -0.000003 6.169296 -0.141869 0.223118 1.500322
    44 0.000000 -3.152912 0.122169 1.961019 0.002673 -0.006520
    45 1.068383 -10.478592 7.066338 0.292219 -1.282324 -3.141588
    46 0.000000 0.000000 2.279457 0.547137 -0.343566 0.107833
    47 2.479414 -8.323895 6.074242 0.044294 0.699343 2.758398
    48 0.000003 -5.075260 5.921793 0.000000 0.000000 0.000000
    49 -1.068383 -10.478611 7.065971 0.292231 1.282324 3.141588
    50 -0.000488 0.000015 2.279600 0.547136 0.343566 0.107835
    51 -2.479401 -8.323895 6.074234 0.052516 0.690793 2.738787
    52 -5.790000 4.432083 14.255558 -5.019910 1.080033 -2.565167
    53 1.044540 -2.839314 19.743252 -0.217169 0.742878 -0.107150
    54 -2.655510 -1.533379 24.792648 -0.798289 -0.004251 -0.887802
    55 -1.120216 -0.154385 9.795983 -0.025257 -0.000689 0.219311
    56 -2.240372 -0.308788 19.592047 -0.457748 0.001391 0.357533
    57 -0.683205 2.877342 14.167089 -1.604576 0.208934 -1.789836
    58 -0.144958 -0.145317 7.579308 -1.541365 0.304893 -0.166486
    59 -0.038551 -0.936644 4.697678 -2.189566 0.238585 -0.365176
    60 -0.506317 8.500896 13.617329 -1.710239 0.278103 -1.993683
    61 0.385056 -0.460075 7.003435 -1.471905 0.596196 -0.385469
    62 -0.456360 -0.710276 5.057732 -1.989883 0.545811 -0.699342
    63 2.452194 -8.899408 11.597939 -1.419551 0.110567 -1.352644
    64 -0.680515 -0.903999 6.074242 -1.453563 -0.173875 -0.003180
    65 -0.248295 -0.666843 3.386627 -1.668562 -0.122147 0.124610
    66 0.717491 -3.784309 13.044010 -1.725747 0.009843 -1.454323
    67 -1.099228 -1.407673 8.017876 -1.350961 -0.015605 0.007751
    68 -0.064053 -0.807640 3.686100 -1.839804 -0.037732 0.018150
    69 4.004906 6.172710 4.754800 -0.720161 -0.940295 -1.497252
    70 -0.158381 -1.149773 5.804405 -0.345842 0.685512 0.599739
    71 1.078559 -2.386406 5.215008 -1.052553 1.087659 -0.156244
    72 6.289963 0.932404 13.569109 -0.126801 -0.612098 -2.869612
    73 -1.327759 -0.766682 12.396324 0.037514 0.033434 -0.408698
    74 0.000017 -54.999996 0.000000 0.000000 0.000000 -1.570796
  time 68
    0 0.000000 0.000000 -1.500000 0.000000 0.000000 0.000000
    1 -10.521344 -5.760963 66.994621 3.097007 -0.050786 -3.139334
    2 5.621637 18.487625 18.987828 0.574459 0.284014 0.530928
    3 -0.000034 0.000012 24.761454 -1.725055 -0.199856 0.014095
    4 0.000017 0.000000 24.344809 1.965194 -0.195604 -0.092893
    5 0.002333 -1.019846 24.031336 0.505732 -0.015685 0.039157
    6 0.000034 0.000008 13.404741 -0.000001 0.000003 -0.018122
    7 10.398263 -5.760962 66.994675 3.097007 0.050786 3.139334
    8 11.586125 7.592230 23.256182 -0.886677 -1.372642 1.978390
    9 -0.000004 -0.000006 24.761459 -1.199918 0.139186 -1.367792
    10 -0.000007 0.000004 24.344891 0.888541 0.406455 0.249331
    11 -0.002360 -1.019903 24.031330 0.389594 -0.042695 -0.017219
    12 0.000000 -0.000002 13.404737 0.000001 0.000005 -0.757292
    13 -0.061540 -5.245835 72.927078 0.000000 0.000000 0.000000
    14 -8.588782 10.613625 -21.365057 0.368765 0.134578 -0.238415
    15 0.000000 -0.005608 -1.146812 0.255598 0.024292 -0.339628
    16 0.030770 -0.240000 8.906021 -0.004138 0.000000 0.000000
    17 0.179716 -1.577317 -0.195717 0.243251 0.061285 -0.083216
    18 0.030770 -0.276858 8.905140 0.056125 0.004134 -0.000049
    19 -0.173146 -0.276477 0.018356 0.169147 -0.051654 -0.010691
    20 5.669724 4.435303 14.302868 1.208586 -1.067902 1.799665
    21 -1.044571 -2.839317 19.743267 -0.899226 -0.230282 0.024489
    22 2.655533 -1.533369 24.792658 -1.516367 0.231561 0.502800
    23 1.120163 -0.154394 9.796035 -0.062193 -0.008662 -0.550959
    24 2.240311 -0.308786 19.592051 -0.491882 0.127472 -1.106905
    25 0.683151 2.877354 14.167051 -1.511326 -0.211747 1.554295
    26 0.144936 -0.145374 7.579252 -1.768042 -0.243277 0.235278
    27 0.091660 -0.906685 4.702850 -1.587439 -0.182567 0.191106
    28 0.506271 8.500866 13.617253 -1.470500 -0.303305 1.571620
    29 -0.384987 -0.460049 7.003448 -1.747417 -0.440906 0.551347
    30 0.561516 -0.596954 5.061852 -1.494372 -0.380569 0.386314
    31 -2.452171 -8.899406 11.597897 -1.564436 -0.075962 1.475269
    32 0.680496 -0.903999 6.074253 -1.628017 0.173820 -0.014245
    33 0.245514 -0.661150 3.388004 -1.484370 0.109499 -0.099205
    34 -0.717484 -3.784271 13.043911 -1.593590 -0.028646 1.464722
    35 1.099216 -1.407745 8.017889 -1.782086 0.031962 -0.017448
    36 0.068439 -0.807653 3.686054 -1.465861 0.033996 -0.009728
    37 -4.004929 6.172707 4.754754 0.109547 1.126790 2.530940
    38 0.158352 -1.149811 5.804394 -0.869542 -0.330219 0.145630
    39 -1.083523 -1.463142 5.544399 -0.797779 -0.152798 -0.023927
    40 -6.289886 0.932434 13.569063 -0.126803 0.612110 2.869610
    41 1.327774 -0.766687 12.396328 0.021379 -0.015613 0.214308
    42 -0.096140 1.828087 23.185329 -0.146074 -0.060279 -1.452247
    43 2.325478 -0.000003 6.169296 -0.275904 0.135321 1.457296
    44 0.000000 -3.152912 0.122169 2.054908 0.002673 -0.006520
    45 1.068383 -10.478592 7.066338 0.292219 -1.282324 -3.141588
    46 0.000000 0.000000 2.279457 0.547137 -0.343566 0.107833
    47 2.479414 -8.323895 6.074242 0.006043 0.307744 1.918025
    48 0.000003 -5.075260 5.925699 0.000000 0.000000 0.000000
    49 -1.068383 -10.478611 7.065971 0.292219 1.282324 3.141588
    50 -0.000488 0.000015 2.279600 0.547136 0.343566 0.107835
    51 -2.479401 -8.323895 6.074234 0.022712 0.294215 1.921938
    52 -5.790000 4.432083 14.255558 -5.019814 1.198496 -2.170121
    53 1.044540 -2.839314 19.743252 -0.276999 1.283272 -0.196661
    54 -2.655510 -1.533379 24.792648 -0.939452 -0.039559 -0.675227
    55 -1.120216 -0.154385 9.795983 -0.051862 0.004704 0.455171
    56 -2.240372 -0.308788 19.592047 -0.368857 0.208069 0.822964
    57 -0.683205 2.877342 14.167089 -1.604576 0.208934 -1.789836
    58 -0.144958 -0.145317 7.579308 -1.541365 0.304893 -0.166486
    59 -0.038551 -0.936644 4.697678 -2.189566 0.238585 -0.365188
    60 -0.506317 8.500896 13.617329 -1.710239 0.278103 -1.993683
    61 0.385056 -0.460075 7.003435 -1.471905 0.596213 -0.385469
    62 -0.456360 -0.710276 5.057732 -1.989883 0.545811 -0.699342
    63 2.452194 -8.899408 11.597939 -1.419591 0.110567 -1.352620
    64 -0.680515 -0.903999 6.074242 -1.453509 -0.173887 -0.003180
    65 -0.248295 -0.666843 3.386627 -1.668562 -0.122147 0.124610
    66 0.717491 -3.784309 13.044010 -1.725747 0.009831 -1.454323
    67 -1.099228 -1.407673 8.017876 -1.350961 -0.015605 0.007751
    68 -0.064053 -0.807640 3.686100 -1.839860 -0.037732 0.018150
    69 4.004906 6.172710 4.754800 -0.720161 -0.940295 -1.497252
    70 -0.158381 -1.149773 5.804405 -0.345807 0.685485 0.599739
    71 1.078559 -2.386406 5.215008 -1.052506 1.087689 -0.156281
    72 6.289963 0.932404 13.569109 -0.126801 -0.612098 -2.869612
    73 -1.327759 -0.766682 12.396324 0.028574 0.022696 -0.295904
    74 0.000017 -54.999996 0.000000 0.000000 0.000000 -1.570796
  time 69
    0 0.000000 0.000000 -1.500000 0.000000 0.000000 0.000000
    1 -10.521344 -5.760963 66.994621 3.097007 -0.050786 -3.139334
    2 1.519949 5.621339 17.507809 0.213803 0.436661 0.427077
    3 -0.000034 0.000012 24.761454 -1.364114 -0.158150 -0.340845
    4 0.000017 0.000000 24.344809 1.922534 -0.410680 -0.292945
    5 0.002333 -1.019846 24.031336 0.727794 0.014852 0.091877
    6 0.000034 0.000008 13.404741 -0.000001 0.000003 -0.237029
    7 10.398263 -5.760962 66.994675 3.097007 0.050786 3.139334
    8 6.421905 -3.598247 22.312015 0.934520 -1.194934 0.238034
    9 -0.000004 -0.000006 24.761459 -1.662611 0.192685 -0.870282
    10 -0.000007 0.000004 24.344891 1.425381 0.303420 0.225748
    11 -0.002360 -1.019903 24.031330 0.389594 -0.042695 -0.017219
    12 0.000000 -0.000002 13.404737 0.000001 0.000005 -0.363779
    13 -0.061540 -5.245835 72.927078 0.000000 0.000000 0.000000
    14 -3.174554 -0.659407 -20.328627 0.215401 0.187207 -0.122152
    15 0.000000 -0.005608 -1.146812 0.255598 0.024292 -0.339628
    16 0.030770 -0.240000 8.906021 -0.004138 0.000000 0.000000
    17 0.617230 -1.358561 -0.191810 0.256403 -0.025238 0.459961
    18 0.030770 -0.276858 8.905140 0.056125 0.004134 -0.000049
    19 0.119832 0.512610 -0.005082 -0.125677 0.050565 0.046775
    20 5.669724 4.435303 14.302868 2.078837 -1.138935 1.461469
    21 -1.044571 -2.839317 19.743267 -1.077052 -0.488175 0.150632
    22 2.655533 -1.533369 24.792658 -1.488116 0.444099 0.489861
    23 1.120163 -0.154394 9.796035 -0.062193 -0.008662 -0.550959
    24 2.240311 -0.308786 19.592051 -0.491882 0.127472 -1.106905
    25 0.683151 2.877354 14.167051 -1.511326 -0.211747 1.554295
    26 0.144936 -0.145374 7.579252 -1.768042 -0.243277 0.235266
    27 0.091660 -0.906685 4.702850 -1.587439 -0.182567 0.191106
    28 0.506271 8.500866 13.617253 -1.470500 -0.303305 1.571620
    29 -0.384987 -0.460049 7.003448 -1.747417 -0.440906 0.551347
    30 0.561516 -0.596954 5.061852 -1.494407 -0.380569 0.386314
    31 -2.452171 -8.899406 11.597897 -1.564436 -0.075962 1.475269
    32 0.680496 -0.903999 6.074253 -1.628017 0.173820 -0.014245
    33 0.245514 -0.661150 3.388004 -1.484423 0.109499 -0.099205
    34 -0.717484 -3.784271 13.043911 -1.593590 -0.028646 1.464722
    35 1.099216 -1.407745 8.017889 -1.782086 0.031962 -0.017448
    36 0.068439 -0.807653 3.686054 -1.465861 0.033996 -0.009728
    37 -4.004929 6.172707 4.754754 0.109547 1.126790 2.531036
    38 0.158352 -1.149811 5.804394 -0.869542 -0.330234 0.145630
    39 -1.083523 -1.463142 5.544399 -0.797727 -0.152810 -0.023927
    40 -6.289886 0.932434 13.569063 -0.126803 0.612110 2.869610
    41 1.327774 -0.766687 12.396328 0.020540 -0.014846 0.205068
    42 -0.096140 1.828087 23.185329 -0.146074 -0.060279 -1.452247
    43 2.325478 -0.000003 6.169296 -0.508448 -0.040954 1.434705
    44 0.000000 -3.152912 0.122169 2.229324 0.002673 -0.006520
    45 1.068383 -10.478592 7.066338 0.292219 -1.282324 -3.141588
    46 0.000000 0.000000 2.279457 0.547137 -0.343566 0.107833
    47 2.479414 -8.323895 6.074242 -0.032262 -0.585292 1.090258
    48 0.000003 -5.075260 5.921793 0.000000 0.000000 0.000000
    49 -1.068383 -10.478611 7.065971 0.292219 1.282324 3.141588
    50 -0.000488 0.000015 2.279600 0.547136 0.343566 0.107835
    51 -2.479401 -8.323895 6.074234 -0.014001 -0.597459 1.090526
    52 -5.790000 4.432083 14.255558 -5.170023 0.827863 -1.488778
    53 1.044540 -2.839314 19.743252 -0.580939 0.991580 -0.316408
    54 -2.655510 -1.533379 24.792648 -0.280338 -0.083966 0.669589
    55 -1.120216 -0.154385 9.795983 -0.082435 0.020116 0.752403
    56 -2.240372 -0.308788 19.592047 -0.190082 0.329155 1.455940
    57 -0.683205 2.877342 14.167089 -1.604576 0.208954 -1.789836
    58 -0.144958 -0.145317 7.579308 -1.541365 0.304893 -0.166486
    59 -0.038551 -0.936644 4.697678 -2.189566 0.238585 -0.365188
    60 -0.506317 8.500896 13.617329 -1.710239 0.278103 -1.993683
    61 0.385056 -0.460075 7.003435 -1.471905 0.596196 -0.385469
    62 -0.456360 -0.710276 5.057732 -1.989883 0.545811 -0.699342
    63 2.452194 -8.899408 11.597939 -1.419591 0.110567 -1.352644
    64 -0.680515 -0.903999 6.074242 -1.453509 -0.173887 -0.003180
    65 -0.248295 -0.666843 3.386627 -1.668562 -0.122135 0.124610
    66 0.717491 -3.784309 13.044010 -1.725747 0.009831 -1.454323
    67 -1.099228 -1.407673 8.017876 -1.350961 -0.015605 0.007751
    68 -0.064053 -0.807640 3.686100 -1.839860 -0.037732 0.018150
    69 4.004906 6.172710 4.754800 -0.720161 -0.940295 -1.497252
    70 -0.158381 -1.149773 5.804405 -0.345807 0.685485 0.599739
    71 1.078559 -2.386406 5.215008 -1.052506 1.087659 -0.156281
    72 6.289963 0.932404 13.569109 -0.126801 -0.612098 -2.869612
    73 -1.327759 -0.766682 12.396324 -0.037545 -0.014144 0.326265
    74 0.000017 -54.999996 0.000000 0.000000 0.000000 -1.570796
  time 70
    0 0.000000 0.000000 -1.500000 0.000000 0.000000 0.000000
    1 -10.521344 -5.760963 66.994621 3.097007 -0.050786 -3.139334
    2 -0.534801 -1.081899 11.116815 -0.143848 0.536923 0.332139
    3 -0.000034 0.000012 24.761454 -0.699225 -0.081209 -0.400660
    4 0.000017 0.000000 24.344809 1.508204 -0.501989 -0.190856
    5 0.002333 -1.019846 24.031336 0.848010 0.020653 0.125662
    6 0.000034 0.000008 13.404741 -0.000001 0.000003 -0.213721
    7 10.398263 -5.760962 66.994675 3.097007 0.050786 3.139334
    8 3.292903 -9.405804 16.197408 0.743596 -0.782379 0.314857
    9 -0.000004 -0.000006 24.761459 -1.520168 0.176218 -0.580381
    10 -0.000007 0.000004 24.344891 1.570208 0.234671 0.132300
    11 -0.002360 -1.019903 24.031330 0.389594 -0.042695 -0.017219
    12 0.000000 -0.000002 13.404737 0.000001 0.000005 -0.191272
    13 -0.061540 -5.245835 72.927078 0.000000 0.000000 0.000000
    14 -0.256496 -6.715168 -14.222699 0.133342 0.213513 -0.065761
    15 0.000000 -0.005608 -1.146812 0.255598 0.024292 -0.339628
    16 0.030770 -0.240000 8.906021 -0.004138 0.000000 0.000000
    17 -0.011696 -0.010863 -0.000398 -0.001005 -0.014413 0.390357
    18 0.030770 -0.276858 8.905140 0.056125 0.004134 -0.000049
    19 0.037798 -0.003031 0.006637 0.001253 0.015327 0.047698
    20 5.669724 4.435303 14.302868 2.627039 -1.154332 1.214218
    21 -1.044571 -2.839317 19.743267 -0.421322 -0.582002 0.135206
    22 2.655533 -1.533369 24.792658 -1.473708 0.557842 0.492044
    23 1.120163 -0.154394 9.796035 -0.062193 -0.008662 -0.550959
    24 2.240311 -0.308786 19.592051 -0.491882 0.127472 -1.106905
    25 0.683151 2.877354 14.167051 -1.511326 -0.211747 1.554295
    26 0.144936 -0.145374 7.579252 -1.768042 -0.243277 0.235266
    27 0.091660 -0.906685 4.702850 -1.587439 -0.182567 0.191106
    28 0.506271 8.500866 13.617253 -1.470500 -0.303305 1.571620
    29 -0.384987 -0.460049 7.003448 -1.747417 -0.440906 0.551347
    30 0.561516 -0.596954 5.061852 -1.494372 -0.380569 0.386314
    31 -2.452171 -8.899406 11.597897 -1.564436 -0.075962 1.475269
    32 0.680496 -0.903999 6.074253 -1.628017 0.173820 -0.014245
    33 0.245514 -0.661150 3.388004 -1.484370 0.109499 -0.099205
    34 -0.717484 -3.784271 13.043911 -1.593546 -0.028634 1.464722
    35 1.099216 -1.407745 8.017889 -1.782086 0.031962 -0.017448
    36 0.068439 -0.807653 3.686054 -1.465861 0.033996 -0.009728
    37 -4.004929 6.172707 4.754754 0.109547 1.126790 2.530940
    38 0.158352 -1.149811 5.804394 -0.869542 -0.330219 0.145630
    39 -1.083523 -1.463142 5.544399 -0.797779 -0.152810 -0.023927
    40 -6.289886 0.932434 13.569063 -0.126803 0.612110 2.869610
    41 1.327774 -0.766687 12.396328 0.015111 -0.010280 0.147872
    42 -0.096140 1.828087 23.185329 -0.146074 -0.060279 -1.452247
    43 2.325478 -0.000003 6.169296 -0.629925 -0.139082 1.448555
    44 0.000000 -3.152912 0.122169 2.323229 0.002673 -0.006520
    45 1.068383 -10.478592 7.066338 0.292219 -1.282324 -3.141588
    46 0.000000 0.000000 2.279457 0.547137 -0.343566 0.107833
    47 2.479414 -8.323895 6.074242 -0.051048 -0.908047 0.960654
    48 0.000003 -5.075260 5.925699 0.000000 0.000000 0.000000
    49 -1.068383 -10.478611 7.065971 0.292219 1.282324 3.141588
    50 -0.000488 0.000015 2.279600 0.547136 0.343566 0.107835
    51 -2.479401 -8.323895 6.074234 -0.028542 -0.918341 0.957833
    52 -5.790000 4.432083 14.255558 -5.537829 0.553637 -1.998516
    53 1.044540 -2.839314 19.743252 -0.768334 0.385979 -0.098468
    54 -2.655510 -1.533379 24.792648 -0.582996 -0.081080 0.886177
    55 -1.120216 -0.154385 9.795983 -0.066244 0.010528 0.589505
    56 -2.240372 -0.308788 19.592047 -0.425903 0.131932 1.095933
    57 -0.683205 2.877342 14.167089 -1.604576 0.208954 -1.789836
    58 -0.144958 -0.145317 7.579308 -1.541365 0.304893 -0.166486
    59 -0.038551 -0.936644 4.697678 -2.189566 0.238585 -0.365176
    60 -0.506317 8.500896 13.617329 -1.710239 0.278103 -1.993683
    61 0.385056 -0.460075 7.003435 -1.471905 0.596196 -0.385469
    62 -0.456360 -0.710276 5.057732 -1.989883 0.545811 -0.699342
    63 2.452194 -8.899408 11.597939 -1.419591 0.110567 -1.352644
    64 -0.680515 -0.903999 6.074242 -1.453509 -0.173887 -0.003180
    65 -0.248295 -0.666843 3.386627 -1.668562 -0.122147 0.124610
    66 0.717491 -3.784309 13.044010 -1.725747 0.009831 -1.454323
    67 -1.099228 -1.407673 8.017876 -1.350961 -0.015605 0.007751
    68 -0.064053 -0.807640 3.686100 -1.839860 -0.037732 0.018150
    69 4.004906 6.172710 4.754800 -0.720236 -0.940295 -1.497252
    70 -0.158381 -1.149773 5.804405 -0.345842 0.685485 0.599739
    71 1.078559 -2.386406 5.215008 -1.052506 1.087659 -0.156281
    72 6.289963 0.932404 13.569109 -0.126801 -0.612098 -2.869612
    73 -1.327759 -0.766682 12.396324 -0.061454 -0.016541 0.521132
    74 0.000017 -54.999996 0.000000 0.000000 0.000000 -1.570796
  time 71
    0 0.000000 0.000000 -1.500000 0.000000 0.000000 0.000000
    1 -10.521344 -5.760963 66.994621 3.097007 -0.050786 -3.139334
    2 -0.433236 -0.995960 9.121031 -0.217291 0.540931 0.321041
    3 -0.000034 0.000012 24.761454 -0.517636 -0.060176 -0.373949
    4 0.000017 0.000000 24.344809 1.372704 -0.509504 -0.144186
    5 0.002333 -1.019846 24.031336 0.848010 0.020653 0.125662
    6 0.000034 0.000008 13.404741 -0.000001 0.000003 -0.194378
    7 10.398263 -5.760962 66.994675 3.097007 0.050786 3.139334
    8 3.195244 -9.318379 14.196673 0.672789 -0.743531 0.348524
    9 -0.000004 -0.000006 24.761459 -1.406873 0.163131 -0.573311
    10 -0.000007 0.000004 24.344891 1.518318 0.230649 0.122421
    11 -0.002360 -1.019903 24.031330 0.389594 -0.042695 -0.017219
    12 0.000000 -0.000002 13.404737 0.000001 0.000005 -0.193097
    13 -0.061540 -5.245835 72.927078 0.000000 0.000000 0.000000
    14 -0.256496 -6.715168 -12.217431 0.133342 0.213513 -0.065761
    15 0.000000 -0.005608 -1.146812 0.255598 0.024292 -0.339628
    16 0.030770 -0.240000 8.906021 -0.004138 0.000000 0.000000
    17 -0.015602 -0.010863 -0.000398 -0.001111 -0.017515 0.434923
    18 0.030770 -0.276858 8.905140 0.056125 0.004134 -0.000049
    19 0.053424 -0.003031 0.006637 0.000110 0.023843 0.051904
    20 5.669724 4.435303 14.302868 2.678721 -1.160217 1.203485
    21 -1.044571 -2.839317 19.743267 -0.122907 -0.696702 0.074771
    22 2.655533 -1.533369 24.792658 -1.469238 0.551194 0.556499
    23 1.120163 -0.154394 9.796035 -0.062193 -0.008662 -0.550959
    24 2.240311 -0.308786 19.592051 -0.491882 0.127472 -1.106905
    25 0.683151 2.877354 14.167051 -1.511326 -0.211747 1.554295
    26 0.144936 -0.145374 7.579252 -1.768042 -0.243277 0.235266
    27 0.091660 -0.906685 4.702850 -1.587439 -0.182567 0.191106
    28 0.506271 8.500866 13.617253 -1.470438 -0.303305 1.571620
    29 -0.384987 -0.460049 7.003448 -1.747417 -0.440906 0.551347
    30 0.561516 -0.596954 5.061852 -1.494372 -0.380557 0.386326
    31 -2.452171 -8.899406 11.597897 -1.564385 -0.075962 1.475269
    32 0.680496 -0.903999 6.074253 -1.628017 0.173820 -0.014245
    33 0.245514 -0.661150 3.388004 -1.484370 0.109499 -0.099205
    34 -0.717484 -3.784271 13.043911 -1.593546 -0.028634 1.464722
    35 1.099216 -1.407745 8.017889 -1.782086 0.031962 -0.017448
    36 0.068439 -0.807653 3.686054 -1.465825 0.033996 -0.009740
    37 -4.004929 6.172707 4.754754 0.109637 1.126790 2.530940
    38 0.158352 -1.149811 5.804394 -0.869542 -0.330219 0.145630
    39 -1.083523 -1.463142 5.544399 -0.797779 -0.152810 -0.023927
    40 -6.289886 0.932434 13.569063 -0.126803 0.612110 2.869610
    41 1.327774 -0.766687 12.396328 0.020312 -0.014654 0.202808
    42 -0.096140 1.828087 23.185329 -0.146074 -0.060279 -1.452247
    43 2.325478 -0.000003 6.169296 -0.633984 -0.115700 1.480804
    44 0.000000 -3.152912 0.122169 2.323197 -0.007406 0.018061
    45 1.068383 -10.478592 7.066338 0.292219 -1.282324 -3.141588
    46 0.000000 0.000000 2.279457 0.547137 -0.343566 0.107833
    47 2.479414 -8.323895 6.074242 -0.055697 -0.903257 0.842893
    48 0.000003 -5.075260 5.925699 0.000000 0.000000 0.000000
    49 -1.068383 -10.478611 7.065971 0.292219 1.282324 3.141588
    50 -0.000488 0.000015 2.279600 0.547136 0.343566 0.107835
    51 -2.479401 -8.323895 6.074234 -0.036033 -0.914750 0.836350
    52 -5.790000 4.432083 14.255558 -5.502457 0.554758 -2.000432
    53 1.044540 -2.839314 19.743252 -0.805735 0.321281 -0.070355
    54 -2.655510 -1.533379 24.792648 -0.795068 -0.091654 0.843389
    55 -1.120216 -0.154385 9.795983 -0.066244 0.010528 0.589505
    56 -2.240372 -0.308788 19.592047 -0.425903 0.131932 1.096019
    57 -0.683205 2.877342 14.167089 -1.604576 0.208954 -1.789836
    58 -0.144958 -0.145317 7.579308 -1.541365 0.304893 -0.166486
    59 -0.038551 -0.936644 4.697678 -2.189566 0.238585 -0.365164
    60 -0.506317 8.500896 13.617329 -1.710239 0.278103 -1.993638
    61 0.385056 -0.460075 7.003435 -1.471905 0.596196 -0.385469
    62 -0.456360 -0.710276 5.057732 -1.989883 0.545811 -0.699342
    63 2.452194 -8.899408 11.597939 -1.419551 0.110567 -1.352644
    64 -0.680515 -0.903999 6.074242 -1.453563 -0.173875 -0.003180
    65 -0.248295 -0.666843 3.386627 -1.668562 -0.122147 0.124610
    66 0.717491 -3.784309 13.044010 -1.725747 0.009843 -1.454323
    67 -1.099228 -1.407673 8.017876 -1.350961 -0.015605 0.007751
    68 -0.064053 -0.807640 3.686100 -1.839804 -0.037732 0.018150
    69 4.004906 6.172710 4.754800 -0.720161 -0.940295 -1.497252
    70 -0.158381 -1.149773 5.804405 -0.345842 0.685512 0.599739
    71 1.078559 -2.386406 5.215008 -1.052553 1.087659 -0.156281
    72 6.289963 0.932404 13.569109 -0.126801 -0.612098 -2.869612
    73 -1.327759 -0.766682 12.396324 -0.060999 -0.016541 0.517431
    74 0.000017 -54.999996 0.000000 0.000000 0.000000 -1.570796
  time 72
    0 0.000000 0.000000 -1.500000 0.000000 0.000000 0.000000
    1 -10.521344 -5.760963 66.994621 3.097007 -0.050786 -3.139334
    2 -0.398078 -0.983683 8.403446 -0.253910 0.543297 0.315405
    3 -0.000034 0.000012 24.761454 -0.434545 -0.050528 -0.364461
    4 0.000017 0.000000 24.344809 1.314571 -0.513578 -0.122343
    5 0.002333 -1.019846 24.031336 0.848047 0.020653 0.125662
    6 0.000034 0.000008 13.404741 -0.000001 0.000003 -0.186890
    7 10.398263 -5.760962 66.994675 3.097007 0.050786 3.139334
    8 3.156180 -9.293400 13.477308 0.647793 -0.729155 0.359664
    9 -0.000004 -0.000006 24.761459 -1.364910 0.158265 -0.570943
    10 -0.000007 0.000004 24.344891 1.498827 0.229494 0.119121
    11 -0.002360 -1.019903 24.031330 0.389594 -0.042695 -0.017219
    12 0.000000 -0.000002 13.404737 0.000001 0.000005 -0.193827
    13 -0.061540 -5.245835 72.927078 0.000000 0.000000 0.000000
    14 -0.256496 -6.715168 -11.518967 0.133342 0.213513 -0.065761
    15 0.000000 -0.005608 -1.146812 0.255598 0.024292 -0.339628
    16 0.030770 -0.240000 8.906021 -0.004138 0.000000 0.000000
    17 -0.023415 -0.018676 -0.004305 -0.001279 -0.020288 0.472860
    18 0.030770 -0.276858 8.905140 0.056125 0.004134 -0.000049
    19 0.080768 0.000876 0.006637 -0.000534 0.031763 0.055332
    20 5.669724 4.435303 14.302868 2.690588 -1.168497 1.226677
    21 -1.044571 -2.839317 19.743267 0.097235 -0.750608 -0.004812
    22 2.655533 -1.533369 24.792658 -1.464204 0.542356 0.638342
    23 1.120163 -0.154394 9.796035 -0.062193 -0.008662 -0.550959
    24 2.240311 -0.308786 19.592051 -0.491882 0.127472 -1.106905
    25 0.683151 2.877354 14.167051 -1.511326 -0.211735 1.554295
    26 0.144936 -0.145374 7.579252 -1.768042 -0.243277 0.235266
    27 0.091660 -0.906685 4.702850 -1.587439 -0.182555 0.191106
    28 0.506271 8.500866 13.617253 -1.470500 -0.303305 1.571620
    29 -0.384987 -0.460049 7.003448 -1.747417 -0.440906 0.551347
    30 0.561516 -0.596954 5.061852 -1.494407 -0.380557 0.386326
    31 -2.452171 -8.899406 11.597897 -1.564436 -0.075962 1.475269
    32 0.680496 -0.903999 6.074253 -1.628017 0.173820 -0.014245
    33 0.245514 -0.661150 3.388004 -1.484423 0.109499 -0.099205
    34 -0.717484 -3.784271 13.043911 -1.593590 -0.028646 1.464722
    35 1.099216 -1.407745 8.017889 -1.782086 0.031962 -0.017448
    36 0.068439 -0.807653 3.686054 -1.465861 0.033996 -0.009728
    37 -4.004929 6.172707 4.754754 0.109547 1.126790 2.530940
    38 0.158352 -1.149811 5.804394 -0.869542 -0.330219 0.145630
    39 -1.083523 -1.463142 5.544399 -0.797727 -0.152810 -0.023927
    40 -6.289886 0.932434 13.569063 -0.126803 0.612110 2.869610
    41 1.327774 -0.766687 12.396328 0.026712 -0.020754 0.274115
    42 -0.096140 1.828087 23.185329 -0.146074 -0.060279 -1.452247
    43 2.325478 -0.000003 6.169296 -0.637422 -0.091407 1.513892
    44 0.000000 -3.152912 0.122169 2.322920 -0.016419 0.039945
    45 1.068383 -10.478592 7.066338 0.292219 -1.282324 -3.141588
    46 0.000000 0.000000 2.279457 0.547137 -0.343566 0.107833
    47 2.479414 -8.323895 6.074242 -0.058415 -0.891142 0.739076
    48 0.000003 -5.075260 5.925699 0.000000 0.000000 0.000000
    49 -1.068383 -10.478611 7.065971 0.292219 1.282324 3.141588
    50 -0.000488 0.000015 2.279600 0.547136 0.343566 0.107835
    51 -2.479401 -8.323895 6.074234 -0.041677 -0.903504 0.728759
    52 -5.790000 4.432083 14.255558 -5.466990 0.555963 -2.002253
    53 1.044540 -2.839314 19.743252 -0.838461 0.281470 -0.051685
    54 -2.655510 -1.533379 24.792648 -0.974479 -0.104480 0.803707
    55 -1.120216 -0.154385 9.795983 -0.066244 0.010528 0.589505
    56 -2.240372 -0.308788 19.592047 -0.425903 0.131932 1.095933
    57 -0.683205 2.877342 14.167089 -1.604576 0.208954 -1.789836
    58 -0.144958 -0.145317 7.579308 -1.541365 0.304893 -0.166486
    59 -0.038551 -0.936644 4.697678 -2.189566 0.238585 -0.365176
    60 -0.506317 8.500896 13.617329 -1.710239 0.278103 -1.993683
    61 0.385056 -0.460075 7.003435 -1.471905 0.596196 -0.385469
    62 -0.456360 -0.710276 5.057732 -1.989883 0.545811 -0.699342
    63 2.452194 -8.899408 11.597939 -1.419551 0.110567 -1.352644
    64 -0.680515 -0.903999 6.074242 -1.453509 -0.173875 -0.003180
    65 -0.248295 -0.666843 3.386627 -1.668562 -0.122147 0.124610
    66 0.717491 -3.784309 13.044010 -1.725747 0.009831 -1.454323
    67 -1.099228 -1.407673 8.017876 -1.350961 -0.015605 0.007751
    68 -0.064053 -0.807640 3.686100 -1.839860 -0.037732 0.018150
    69 4.004906 6.172710 4.754800 -0.720161 -0.940295 -1.497252
    70 -0.158381 -1.149773 5.804405 -0.345842 0.685512 0.599739
    71 1.078559 -2.386406 5.215008 -1.052553 1.087659 -0.156281
    72 6.289963 0.932404 13.569109 -0.126801 -0.612098 -2.869612
    73 -1.327759 -0.766682 12.396324 -0.060100 -0.016529 0.510260
    74 0.000017 -54.999996 0.000000 0.000000 0.000000 -1.570796
  time 73
    0 0.000000 0.000000 -1.500000 0.000000 0.000000 0.000000
    1 -10.521344 -5.760963 66.994621 3.097007 -0.050786 -3.139334
    2 -0.382453 -0.946852 8.089502 -0.272971 0.544633 0.312434
    3 -0.000034 0.000012 24.761454 -0.392797 -0.045699 -0.360267
    4 0.000017 0.000000 24.344809 1.286214 -0.515751 -0.111215
    5 0.002333 -1.019846 24.031336 0.848010 0.020653 0.125662
    6 0.000034 0.000008 13.404741 -0.000001 0.000003 -0.183452
    7 10.398263 -5.760962 66.994675 3.097007 0.050786 3.139334
    8 3.140554 -9.268421 13.185065 0.637044 -0.722790 0.364532
    9 -0.000004 -0.000006 24.761459 -1.346321 0.156132 -0.569866
    10 -0.000007 0.000004 24.344891 1.490179 0.229005 0.117713
    11 -0.002360 -1.019903 24.031330 0.389594 -0.042695 -0.017219
    12 0.000000 -0.000002 13.404737 0.000001 0.000005 -0.194149
    13 -0.061540 -5.245835 72.927078 0.000000 0.000000 0.000000
    14 -0.256496 -6.715168 -11.181000 0.133342 0.213513 -0.065761
    15 0.000000 -0.005608 -1.146812 0.255598 0.024292 -0.339628
    16 0.030770 -0.240000 8.906021 -0.004138 0.000000 0.000000
    17 -0.019509 -0.003050 -0.004305 -0.004520 -0.019275 0.503249
    18 0.030770 -0.276858 8.905140 0.056125 0.004134 -0.000049
    19 0.057330 -0.034282 0.006637 0.012334 0.022671 0.060281
    20 5.669724 4.435303 14.302868 2.668384 -1.177869 1.278043
    21 -1.044571 -2.839317 19.743267 0.224036 -0.789224 -0.063075
    22 2.655533 -1.533369 24.792658 -1.460472 0.534171 0.711207
    23 1.120163 -0.154394 9.796035 -0.062181 -0.008662 -0.550959
    24 2.240311 -0.308786 19.592051 -0.491882 0.127472 -1.106905
    25 0.683151 2.877354 14.167051 -1.511326 -0.211747 1.554295
    26 0.144936 -0.145374 7.579252 -1.768042 -0.243277 0.235266
    27 0.091660 -0.906685 4.702850 -1.587439 -0.182555 0.191106
    28 0.506271 8.500866 13.617253 -1.470438 -0.303305 1.571620
    29 -0.384987 -0.460049 7.003448 -1.747417 -0.440906 0.551347
    30 0.561516 -0.596954 5.061852 -1.494372 -0.380557 0.386326
    31 -2.452171 -8.899406 11.597897 -1.564436 -0.075962 1.475269
    32 0.680496 -0.903999 6.074253 -1.628017 0.173820 -0.014245
    33 0.245514 -0.661150 3.388004 -1.484370 0.109499 -0.099205
    34 -0.717484 -3.784271 13.043911 -1.593546 -0.028646 1.464722
    35 1.099216 -1.407745 8.017889 -1.782086 0.031962 -0.017448
    36 0.068439 -0.807653 3.686054 -1.465861 0.033996 -0.009728
    37 -4.004929 6.172707 4.754754 0.109547 1.126790 2.530940
    38 0.158352 -1.149811 5.804394 -0.869542 -0.330219 0.145630
    39 -1.083523 -1.463142 5.544399 -0.797779 -0.152810 -0.023927
    40 -6.289886 0.932434 13.569063 -0.126803 0.612110 2.869610
    41 1.327774 -0.766687 12.396328 0.031685 -0.026171 0.333621
    42 -0.096140 1.828087 23.185329 -0.146074 -0.060279 -1.452247
    43 2.325478 -0.000003 6.169296 -0.632265 -0.126190 1.466396
    44 0.000000 -3.152912 0.122169 2.323262 -0.001882 0.004578
    45 1.068383 -10.478592 7.066338 0.292219 -1.282324 -3.141588
    46 0.000000 0.000000 2.279457 0.547137 -0.343566 0.107833
    47 2.479414 -8.323895 6.074242 -0.056213 -0.870479 0.760852
    48 0.000003 -5.075260 5.925699 0.000000 0.000000 0.000000
    49 -1.068383 -10.478611 7.065971 0.292219 1.282324 3.141588
    50 -0.000488 0.000015 2.279600 0.547136 0.343566 0.107835
    51 -2.479401 -8.323895 6.074234 -0.039206 -0.881485 0.751944
    52 -5.790000 4.432083 14.255558 -5.500828 0.554841 -2.000528
    53 1.044540 -2.839314 19.743252 -0.800225 0.233095 -0.038023
    54 -2.655510 -1.533379 24.792648 -1.126462 -0.116906 0.791666
    55 -1.120216 -0.154385 9.795983 -0.066232 0.010528 0.589505
    56 -2.240372 -0.308788 19.592047 -0.425903 0.131932 1.096019
    57 -0.683205 2.877342 14.167089 -1.604576 0.208954 -1.789836
    58 -0.144958 -0.145317 7.579308 -1.541365 0.304893 -0.166486
    59 -0.038551 -0.936644 4.697678 -2.189566 0.238585 -0.365176
    60 -0.506317 8.500896 13.617329 -1.710239 0.278103 -1.993683
    61 0.385056 -0.460075 7.003435 -1.471905 0.596196 -0.385469
    62 -0.456360 -0.710276 5.057732 -1.989883 0.545811 -0.699342
    63 2.452194 -8.899408 11.597939 -1.419591 0.110567 -1.352644
    64 -0.680515 -0.903999 6.074242 -1.453509 -0.173875 -0.003180
    65 -0.248295 -0.666843 3.386627 -1.668562 -0.122159 0.124610
    66 0.717491 -3.784309 13.044010 -1.725747 0.009843 -1.454323
    67 -1.099228 -1.407673 8.017876 -1.350961 -0.015605 0.007751
    68 -0.064053 -0.807640 3.686100 -1.839860 -0.037732 0.018150
    69 4.004906 6.172710 4.754800 -0.720161 -0.940295 -1.497252
    70 -0.158381 -1.149773 5.804405 -0.345842 0.685512 0.599739
    71 1.078559 -2.386406 5.215008 -1.052553 1.087659 -0.156281
    72 6.289963 0.932404 13.569109 -0.126801 -0.612098 -2.869612
    73 -1.327759 -0.766682 12.396324 -0.059381 -0.016517 0.504292
    74 0.000017 -54.999996 0.000000 0.000000 0.000000 -1.570796
  time 74
    0 0.000000 0.000000 -1.500000 0.000000 0.000000 0.000000
    1 -10.521344 -5.760963 66.994621 3.097007 -0.050786 -3.139334
    2 -0.374640 -0.946852 7.932530 -0.285336 0.545580 0.310468
    3 -0.000034 0.000012 24.761454 -0.366170 -0.042606 -0.357743
    4 0.000017 0.000000 24.344809 1.268274 -0.517154 -0.104042
    5 0.002333 -1.019846 24.031336 0.848010 0.020653 0.125662
    6 0.000034 0.000008 13.404741 -0.000001 0.000003 -0.181342
    7 10.398263 -5.760962 66.994675 3.097007 0.050786 3.139334
    8 3.128835 -9.268421 13.005224 0.630646 -0.719058 0.367173
    9 -0.000004 -0.000006 24.761459 -1.335432 0.154849 -0.569292
    10 -0.000007 0.000004 24.344891 1.485081 0.228738 0.116914
    11 -0.002360 -1.019903 24.031330 0.389594 -0.042695 -0.017219
    12 0.000000 -0.000002 13.404737 0.000001 0.000005 -0.194385
    13 -0.061540 -5.245835 72.927078 0.000000 0.000000 0.000000
    14 -0.256496 -6.715168 -11.000752 0.133342 0.213513 -0.065761
    15 0.000000 -0.005608 -1.146812 0.255598 0.024292 -0.339628
    16 0.030770 -0.240000 8.906021 -0.004138 0.000000 0.000000
    17 -0.019509 0.008669 -0.004305 -0.007571 -0.018161 0.527928
    18 0.030770 -0.276858 8.905140 0.056125 0.004134 -0.000049
    19 0.033892 -0.069439 0.002731 0.024380 0.013763 0.064320
    20 5.669724 4.435303 14.302868 2.618904 -1.186361 1.351548
    21 -1.044571 -2.839317 19.743267 0.259357 -0.817038 -0.085213
    22 2.655533 -1.533369 24.792658 -1.458042 0.527562 0.768788
    23 1.120163 -0.154394 9.796035 -0.062193 -0.008662 -0.550959
    24 2.240311 -0.308786 19.592051 -0.491882 0.127472 -1.106905
    25 0.683151 2.877354 14.167051 -1.511326 -0.211747 1.554295
    26 0.144936 -0.145374 7.579252 -1.768042 -0.243277 0.235266
    27 0.091660 -0.906685 4.702850 -1.587439 -0.182567 0.191106
    28 0.506271 8.500866 13.617253 -1.470438 -0.303305 1.571620
    29 -0.384987 -0.460049 7.003448 -1.747417 -0.440906 0.551347
    30 0.561516 -0.596954 5.061852 -1.494372 -0.380569 0.386314
    31 -2.452171 -8.899406 11.597897 -1.564436 -0.075962 1.475269
    32 0.680496 -0.903999 6.074253 -1.628017 0.173820 -0.014245
    33 0.245514 -0.661150 3.388004 -1.484370 0.109499 -0.099205
    34 -0.717484 -3.784271 13.043911 -1.593590 -0.028646 1.464722
    35 1.099216 -1.407745 8.017889 -1.782086 0.031962 -0.017448
    36 0.068439 -0.807653 3.686054 -1.465861 0.033996 -0.009728
    37 -4.004929 6.172707 4.754754 0.109547 1.126790 2.531036
    38 0.158352 -1.149811 5.804394 -0.869542 -0.330219 0.145630
    39 -1.083523 -1.463142 5.544399 -0.797779 -0.152810 -0.023927
    40 -6.289886 0.932434 13.569063 -0.126803 0.612110 2.869610
    41 1.327774 -0.766687 12.396328 0.034574 -0.029635 0.369776
    42 -0.096140 1.828087 23.185329 -0.146074 -0.060279 -1.452247
    43 2.325478 -0.000003 6.169296 -0.625293 -0.161248 1.417703
    44 0.000000 -3.152912 0.122169 2.323099 0.011529 -0.028080
    45 1.068383 -10.478592 7.066338 0.292219 -1.282324 -3.141588
    46 0.000000 0.000000 2.279457 0.547137 -0.343566 0.107833
    47 2.479414 -8.323895 6.074242 -0.053930 -0.851836 0.793229
    48 0.000003 -5.075260 5.921793 0.000000 0.000000 0.000000
    49 -1.068383 -10.478611 7.065971 0.292219 1.282324 3.141588
    50 -0.000488 0.000015 2.279600 0.547136 0.343566 0.107835
    51 -2.479401 -8.323895 6.074234 -0.036415 -0.861498 0.785956
    52 -5.790000 4.432083 14.255558 -5.534474 0.553720 -1.998707
    53 1.044540 -2.839314 19.743252 -0.757926 0.200025 -0.032580
    54 -2.655510 -1.533379 24.792648 -1.250414 -0.128476 0.781972
    55 -1.120216 -0.154385 9.795983 -0.066244 0.010528 0.589505
    56 -2.240372 -0.308788 19.592047 -0.425903 0.131932 1.095933
    57 -0.683205 2.877342 14.167089 -1.604576 0.208954 -1.789823
    58 -0.144958 -0.145317 7.579308 -1.541365 0.304893 -0.166486
    59 -0.038551 -0.936644 4.697678 -2.189615 0.238585 -0.365176
    60 -0.506317 8.500896 13.617329 -1.710239 0.278103 -1.993638
    61 0.385056 -0.460075 7.003435 -1.471905 0.596196 -0.385469
    62 -0.456360 -0.710276 5.057732 -1.989883 0.545811 -0.699342
    63 2.452194 -8.899408 11.597939 -1.419591 0.110567 -1.352620
    64 -0.680515 -0.903999 6.074242 -1.453563 -0.173887 -0.003180
    65 -0.248295 -0.666843 3.386627 -1.668562 -0.122147 0.124610
    66 0.717491 -3.784309 13.044010 -1.725747 0.009831 -1.454323
    67 -1.099228 -1.407673 8.017876 -1.350961 -0.015605 0.007751
    68 -0.064053 -0.807640 3.686100 -1.839860 -0.037732 0.018150
    69 4.004906 6.172710 4.754800 -0.720236 -0.940295 -1.497252
    70 -0.158381 -1.149773 5.804405 -0.345842 0.685485 0.599739
    71 1.078559 -2.386406 5.215008 -1.052506 1.087659 -0.156281
    72 6.289963 0.932404 13.569109 -0.126801 -0.612098 -2.869612
    73 -1.327759 -0.766682 12.396324 -0.058446 -0.016493 0.496797
    74 0.000017 -54.999996 0.000000 0.000000 0.000000 -1.570796
  time 75
    0 0.000000 0.000000 -1.500000 0.000000 0.000000 0.000000
    1 -10.521344 -5.760963 66.994621 3.097007 -0.050786 -3.139334
    2 -0.370734 -0.946852 7.842832 -0.291485 0.546025 0.309507
    3 -0.000034 0.000012 24.761454 -0.353080 -0.041084 -0.356603
    4 0.000017 0.000000 24.344809 1.259520 -0.517856 -0.100477
    5 0.002333 -1.019846 24.031336 0.848010 0.020653 0.125662
    6 0.000034 0.000008 13.404741 -0.000001 0.000003 -0.180351
    7 10.398263 -5.760962 66.994675 3.097007 0.050786 3.139334
    8 3.124929 -9.268421 12.915303 0.627745 -0.717303 0.368493
    9 -0.000004 -0.000006 24.761459 -1.330317 0.154262 -0.569005
    10 -0.000007 0.000004 24.344891 1.482693 0.228627 0.116515
    11 -0.002360 -1.019903 24.031330 0.389594 -0.042695 -0.017219
    12 0.000000 -0.000002 13.404737 0.000001 0.000005 -0.194471
    13 -0.061540 -5.245835 72.927078 0.000000 0.000000 0.000000
    14 -0.256496 -6.715168 -10.955689 0.133342 0.213513 -0.065761
    15 0.000000 -0.005608 -1.146812 0.255598 0.024292 -0.339628
    16 0.030770 -0.240000 8.906021 -0.004138 0.000000 0.000000
    17 -0.031228 0.008669 -0.004305 -0.008834 -0.020288 0.548214
    18 0.030770 -0.276858 8.905140 0.056125 0.004134 -0.000049
    19 0.049517 -0.081158 0.006637 0.029277 0.020613 0.065878
    20 5.669724 4.435303 14.302868 2.550571 -1.192386 1.439427
    21 -1.044571 -2.839317 19.743267 0.249720 -0.831859 -0.084592
    22 2.655533 -1.533369 24.792658 -1.456480 0.522374 0.812783
    23 1.120163 -0.154394 9.796035 -0.062193 -0.008662 -0.550959
    24 2.240311 -0.308786 19.592051 -0.491882 0.127472 -1.106905
    25 0.683151 2.877354 14.167051 -1.511326 -0.211747 1.554295
    26 0.144936 -0.145374 7.579252 -1.768042 -0.243277 0.235266
    27 0.091660 -0.906685 4.702850 -1.587439 -0.182567 0.191106
    28 0.506271 8.500866 13.617253 -1.470500 -0.303283 1.571620
    29 -0.384987 -0.460049 7.003448 -1.747417 -0.440906 0.551347
    30 0.561516 -0.596954 5.061852 -1.494372 -0.380569 0.386314
    31 -2.452171 -8.899406 11.597897 -1.564436 -0.075962 1.475269
    32 0.680496 -0.903999 6.074253 -1.628017 0.173820 -0.014245
    33 0.245514 -0.661150 3.388004 -1.484423 0.109499 -0.099205
    34 -0.717484 -3.784271 13.043911 -1.593590 -0.028646 1.464722
    35 1.099216 -1.407745 8.017889 -1.782086 0.031950 -0.017448
    36 0.068439 -0.807653 3.686054 -1.465861 0.033996 -0.009728
    37 -4.004929 6.172707 4.754754 0.109547 1.126790 2.530940
    38 0.158352 -1.149811 5.804394 -0.869542 -0.330219 0.145630
    39 -1.083523 -1.463142 5.544399 -0.797779 -0.152810 -0.023927
    40 -6.289886 0.932434 13.569063 -0.126803 0.612110 2.869610
    41 1.327774 -0.766687 12.396328 0.036120 -0.031576 0.389913
    42 -0.096140 1.828087 23.185329 -0.146074 -0.060279 -1.452247
    43 2.325478 -0.000003 6.169296 -0.629304 -0.142236 1.444205
    44 0.000000 -3.152912 0.122169 2.322920 -0.016419 0.039945
    45 1.068383 -10.478592 7.066338 0.292219 -1.282324 -3.141588
    46 0.000000 0.000000 2.279457 0.547137 -0.343566 0.107833
    47 2.479414 -8.323895 6.074242 -0.055126 -0.840331 0.731913
    48 0.000003 -5.075260 5.925699 0.000000 0.000000 0.000000
    49 -1.068383 -10.478611 7.065971 0.292219 1.282324 3.141588
    50 -0.000488 0.000015 2.279600 0.547136 0.343566 0.107835
    51 -2.479401 -8.323895 6.074234 -0.039267 -0.850725 0.722532
    52 -5.790000 4.432083 14.255558 -5.508880 0.554550 -2.000049
    53 1.044540 -2.839314 19.743252 -0.768000 0.196506 -0.030076
    54 -2.655510 -1.533379 24.792648 -1.347290 -0.138883 0.760768
    55 -1.120216 -0.154385 9.795983 -0.066244 0.010528 0.589505
    56 -2.240372 -0.308788 19.592047 -0.425979 0.131932 1.095933
    57 -0.683205 2.877342 14.167089 -1.604576 0.208954 -1.789823
    58 -0.144958 -0.145317 7.579308 -1.541365 0.304893 -0.166486
    59 -0.038551 -0.936644 4.697678 -2.189615 0.238585 -0.365188
    60 -0.506317 8.500896 13.617329 -1.710239 0.278077 -1.993638
    61 0.385056 -0.460075 7.003435 -1.471905 0.596196 -0.385469
    62 -0.456360 -0.710276 5.057732 -1.989883 0.545811 -0.699342
    63 2.452194 -8.899408 11.597939 -1.419591 0.110544 -1.352620
    64 -0.680515 -0.903999 6.074242 -1.453509 -0.173887 -0.003180
    65 -0.248295 -0.666843 3.386627 -1.668562 -0.122135 0.124610
    66 0.717491 -3.784309 13.044010 -1.725747 0.009831 -1.454323
    67 -1.099228 -1.407673 8.017876 -1.350961 -0.015605 0.007751
    68 -0.064053 -0.807640 3.686100 -1.839860 -0.037732 0.018150
    69 4.004906 6.172710 4.754800 -0.720236 -0.940295 -1.497252
    70 -0.158381 -1.149773 5.804405 -0.345807 0.685485 0.599739
    71 1.078559 -2.386406 5.215008 -1.052506 1.087659 -0.156281
    72 6.289963 0.932404 13.569109 -0.126801 -0.612098 -2.869612
    73 -1.327759 -0.766682 12.396324 -0.057511 -0.016469 0.489256
    74 0.000017 -54.999996 0.000000 0.000000 0.000000 -1.570796
  time 76
    0 0.000000 0.000000 -1.500000 0.000000 0.000000 0.000000
    1 -10.521344 -5.760963 66.994621 3.097007 -0.050786 -3.139334
    2 -0.366827 -0.934575 7.820408 -0.292988 0.546164 0.309201
    3 -0.000034 0.000012 24.761454 -0.349706 -0.040713 -0.356277
    4 0.000017 0.000000 24.344809 1.257424 -0.518037 -0.099570
    5 0.002333 -1.019846 24.031336 0.848047 0.020653 0.125662
    6 0.000034 0.000008 13.404741 -0.000001 0.000003 -0.180098
    7 10.398263 -5.760962 66.994675 3.097007 0.050786 3.139334
    8 3.124929 -9.255932 12.892823 0.626892 -0.716864 0.368823
    9 -0.000004 -0.000006 24.761459 -1.329052 0.154106 -0.568897
    10 -0.000007 0.000004 24.344891 1.482176 0.228605 0.116431
    11 -0.002360 -1.019903 24.031330 0.389594 -0.042695 -0.017219
    12 0.000000 -0.000002 13.404737 0.000001 0.000005 -0.194471
    13 -0.061540 -5.245835 72.927078 0.000000 0.000000 0.000000
    14 -0.256496 -6.715168 -10.933158 0.133342 0.213513 -0.065761
    15 0.000000 -0.005608 -1.146812 0.255598 0.024292 -0.339628
    16 0.030770 -0.240000 8.906021 -0.004138 0.000000 0.000000
    17 -0.035134 0.008669 -0.004305 -0.010012 -0.022187 0.563469
    18 0.030770 -0.276858 8.905140 0.056125 0.004134 -0.000049
    19 0.069049 -0.096784 0.006637 0.034282 0.027093 0.066945
    20 5.669724 4.435303 14.302868 2.473049 -1.194923 1.532002
    21 -1.044571 -2.839317 19.743267 0.250992 -0.846835 -0.088992
    22 2.655533 -1.533369 24.792658 -1.455308 0.517686 0.852006
    23 1.120163 -0.154394 9.796035 -0.062193 -0.008662 -0.550959
    24 2.240311 -0.308786 19.592051 -0.491882 0.127472 -1.106905
    25 0.683151 2.877354 14.167051 -1.511326 -0.211747 1.554295
    26 0.144936 -0.145374 7.579252 -1.768042 -0.243277 0.235266
    27 0.091660 -0.906685 4.702850 -1.587439 -0.182567 0.191106
    28 0.506271 8.500866 13.617253 -1.470438 -0.303283 1.571620
    29 -0.384987 -0.460049 7.003448 -1.747417 -0.440906 0.551347
    30 0.561516 -0.596954 5.061852 -1.494372 -0.380569 0.386314
    31 -2.452171 -8.899406 11.597897 -1.564385 -0.075962 1.475269
    32 0.680496 -0.903999 6.074253 -1.628017 0.173820 -0.014245
    33 0.245514 -0.661150 3.388004 -1.484370 0.109487 -0.099205
    34 -0.717484 -3.784271 13.043911 -1.593546 -0.028634 1.464722
    35 1.099216 -1.407745 8.017889 -1.782086 0.031962 -0.017448
    36 0.068439 -0.807653 3.686054 -1.465825 0.033996 -0.009728
    37 -4.004929 6.172707 4.754754 0.109637 1.126790 2.530940
    38 0.158352 -1.149811 5.804394 -0.869542 -0.330219 0.145630
    39 -1.083523 -1.463142 5.544399 -0.797779 -0.152810 -0.023927
    40 -6.289886 0.932434 13.569063 -0.126803 0.612110 2.869610
    41 1.327774 -0.766687 12.396328 0.037570 -0.033518 0.409346
    42 -0.096140 1.828087 23.185329 -0.146074 -0.060279 -1.452247
    43 2.325478 -0.000003 6.169296 -0.633602 -0.118290 1.477212
    44 0.000000 -3.152912 0.122169 2.323197 0.006316 -0.015352
    45 1.068383 -10.478592 7.066338 0.292219 -1.282324 -3.141588
    46 0.000000 0.000000 2.279457 0.547137 -0.343566 0.107833
    47 2.479414 -8.323895 6.074242 -0.056213 -0.830469 0.670215
    48 0.000003 -5.075260 5.925699 0.000000 0.000000 0.000000
    49 -1.068383 -10.478611 7.065971 0.292231 1.282324 3.141588
    50 -0.000488 0.000015 2.279600 0.547136 0.343566 0.107835
    51 -2.479401 -8.323895 6.074234 -0.041998 -0.841558 0.658245
    52 -5.790000 4.432083 14.255558 -5.483190 0.555423 -2.001486
    53 1.044540 -2.839314 19.743252 -0.779520 0.196294 -0.028416
    54 -2.655510 -1.533379 24.792648 -1.421420 -0.147244 0.744486
    55 -1.120216 -0.154385 9.795983 -0.066244 0.010528 0.589505
    56 -2.240372 -0.308788 19.592047 -0.425903 0.131932 1.095933
    57 -0.683205 2.877342 14.167089 -1.604576 0.208954 -1.789836
    58 -0.144958 -0.145317 7.579308 -1.541365 0.304893 -0.166486
    59 -0.038551 -0.936644 4.697678 -2.189566 0.238585 -0.365164
    60 -0.506317 8.500896 13.617329 -1.710239 0.278103 -1.993728
    61 0.385056 -0.460075 7.003435 -1.471905 0.596213 -0.385469
    62 -0.456360 -0.710276 5.057732 -1.989883 0.545811 -0.699342
    63 2.452194 -8.899408 11.597939 -1.419591 0.110567 -1.352644
    64 -0.680515 -0.903999 6.074242 -1.453509 -0.173887 -0.003180
    65 -0.248295 -0.666843 3.386627 -1.668562 -0.122159 0.124610
    66 0.717491 -3.784309 13.044010 -1.725747 0.009843 -1.454323
    67 -1.099228 -1.407673 8.017876 -1.350961 -0.015605 0.007751
    68 -0.064053 -0.807640 3.686100 -1.839860 -0.037732 0.018150
    69 4.004906 6.172710 4.754800 -0.720236 -0.940295 -1.497252
    70 -0.158381 -1.149773 5.804405 -0.345807 0.685485 0.599739
    71 1.078559 -2.386406 5.215008 -1.052506 1.087659 -0.156281
    72 6.289963 0.932404 13.569109 -0.126801 -0.612098 -2.869612
    73 -1.327759 -0.766682 12.396324 -0.056816 -0.016458 0.483658
    74 0.000017 -54.999996 0.000000 0.000000 0.000000 -1.570796
  time 77
    0 0.000000 0.000000 -1.500000 0.000000 0.000000 0.000000
    1 -10.521344 -5.760963 66.994621 3.097007 -0.050786 -3.139334
    2 -0.370734 -0.946852 7.865257 -0.288957 0.545830 0.309900
    3 -0.000034 0.000012 24.761454 -0.358365 -0.041720 -0.357051
    4 0.000017 0.000000 24.344809 1.263158 -0.517562 -0.101946
    5 0.002333 -1.019846 24.031336 0.848047 0.020653 0.125662
    6 0.000034 0.000008 13.404741 -0.000001 0.000003 -0.180752
    7 10.398263 -5.760962 66.994675 3.097007 0.050786 3.139334
    8 3.132742 -9.268421 12.960264 0.628854 -0.718071 0.367998
    9 -0.000004 -0.000006 24.761459 -1.332407 0.154514 -0.569076
    10 -0.000007 0.000004 24.344891 1.483661 0.228694 0.116683
    11 -0.002360 -1.019903 24.031330 0.389594 -0.042695 -0.017219
    12 0.000000 -0.000002 13.404737 0.000001 0.000005 -0.194428
    13 -0.061540 -5.245835 72.927078 0.000000 0.000000 0.000000
    14 -0.256496 -6.715168 -10.955689 0.133342 0.213513 -0.065761
    15 0.000000 -0.005608 -1.146812 0.255598 0.024292 -0.339628
    16 0.030770 -0.240000 8.906021 -0.004138 0.000000 0.000000
    17 -0.027321 -0.006957 -0.004305 -0.005698 -0.021617 0.573572
    18 0.030770 -0.276858 8.905140 0.056125 0.004134 -0.000049
    19 0.057330 -0.038188 0.006637 0.013728 0.024563 0.068047
    20 5.669724 4.435303 14.302868 2.397537 -1.194183 1.619403
    21 -1.044571 -2.839317 19.743267 0.273740 -0.845009 -0.099088
    22 2.655533 -1.533369 24.792658 -1.454223 0.512076 0.898669
    23 1.120163 -0.154394 9.796035 -0.062193 -0.008662 -0.550959
    24 2.240311 -0.308786 19.592051 -0.491882 0.127472 -1.106905
    25 0.683151 2.877354 14.167051 -1.511326 -0.211735 1.554295
    26 0.144936 -0.145374 7.579252 -1.768042 -0.243277 0.235266
    27 0.091660 -0.906685 4.702850 -1.587439 -0.182567 0.191106
    28 0.506271 8.500866 13.617253 -1.470438 -0.303305 1.571620
    29 -0.384987 -0.460049 7.003448 -1.747417 -0.440906 0.551347
    30 0.561516 -0.596954 5.061852 -1.494372 -0.380569 0.386314
    31 -2.452171 -8.899406 11.597897 -1.564436 -0.075962 1.475269
    32 0.680496 -0.903999 6.074253 -1.628017 0.173820 -0.014245
    33 0.245514 -0.661150 3.388004 -1.484370 0.109499 -0.099205
    34 -0.717484 -3.784271 13.043911 -1.593590 -0.028646 1.464722
    35 1.099216 -1.407745 8.017889 -1.782086 0.031962 -0.017448
    36 0.068439 -0.807653 3.686054 -1.465861 0.033996 -0.009728
    37 -4.004929 6.172707 4.754754 0.109547 1.126790 2.530940
    38 0.158352 -1.149811 5.804394 -0.869542 -0.330219 0.145630
    39 -1.083523 -1.463142 5.544399 -0.797779 -0.152810 -0.023927
    40 -6.289886 0.932434 13.569063 -0.126803 0.612110 2.869610
    41 1.327774 -0.766687 12.396328 0.039463 -0.036143 0.435559
    42 -0.096140 1.828087 23.185329 -0.146074 -0.060279 -1.452247
    43 2.325478 -0.000003 6.169296 -0.627203 -0.152393 1.430076
    44 0.000000 -3.152912 0.122169 2.323213 0.005753 -0.013974
    45 1.068383 -10.478592 7.066338 0.292219 -1.282324 -3.141588
    46 0.000000 0.000000 2.279457 0.547137 -0.343566 0.107833
    47 2.479414 -8.323895 6.074242 -0.055615 -0.837232 0.707081
    48 0.000003 -5.075260 5.925699 0.000000 0.000000 0.000000
    49 -1.068383 -10.478611 7.065971 0.292219 1.282324 3.141588
    50 -0.000488 0.000015 2.279600 0.547136 0.343566 0.107835
    51 -2.479401 -8.323895 6.074234 -0.040351 -0.847181 0.697143
    52 -5.790000 4.432083 14.255558 -5.508017 0.554633 -2.000145
    53 1.044540 -2.839314 19.743252 -0.753752 0.205325 -0.034757
    54 -2.655510 -1.533379 24.792648 -1.474564 -0.153573 0.728810
    55 -1.120216 -0.154385 9.795983 -0.066244 0.010528 0.589505
    56 -2.240372 -0.308788 19.592047 -0.425903 0.131932 1.095933
    57 -0.683205 2.877342 14.167089 -1.604576 0.208934 -1.789836
    58 -0.144958 -0.145317 7.579308 -1.541365 0.304893 -0.166486
    59 -0.038551 -0.936644 4.697678 -2.189566 0.238585 -0.365176
    60 -0.506317 8.500896 13.617329 -1.710239 0.278103 -1.993683
    61 0.385056 -0.460075 7.003435 -1.471905 0.596196 -0.385469
    62 -0.456360 -0.710276 5.057732 -1.989883 0.545811 -0.699342
    63 2.452194 -8.899408 11.597939 -1.419551 0.110567 -1.352644
    64 -0.680515 -0.903999 6.074242 -1.453563 -0.173887 -0.003180
    65 -0.248295 -0.666843 3.386627 -1.668562 -0.122159 0.124610
    66 0.717491 -3.784309 13.044010 -1.725747 0.009843 -1.454323
    67 -1.099228 -1.407673 8.017876 -1.350961 -0.015605 0.007751
    68 -0.064053 -0.807640 3.686100 -1.839860 -0.037732 0.018150
    69 4.004906 6.172710 4.754800 -0.720161 -0.940295 -1.497252
    70 -0.158381 -1.149773 5.804405 -0.345842 0.685512 0.599739
    71 1.078559 -2.386406 5.215008 -1.052553 1.087659 -0.156281
    72 6.289963 0.932404 13.569109 -0.126801 -0.612098 -2.869612
    73 -1.327759 -0.766682 12.396324 -0.055402 -0.016386 0.472184
    74 0.000017 -54.999996 0.000000 0.000000 0.000000 -1.570796
  time 78
    0 0.000000 0.000000 -1.500000 0.000000 0.000000 0.000000
    1 -10.521344 -5.760963 66.994621 3.097007 -0.050786 -3.139334
    2 -0.378546 -0.959129 8.022228 -0.278983 0.545107 0.311473
    3 -0.000034 0.000012 24.761454 -0.379707 -0.044176 -0.359005
    4 0.000017 0.000000 24.344809 1.277336 -0.516430 -0.107715
    5 0.002333 -1.019846 24.031336 0.848010 0.020653 0.125662
    6 0.000034 0.000008 13.404741 -0.000001 0.000003 -0.182397
    7 10.398263 -5.760962 66.994675 3.097007 0.050786 3.139334
    8 3.132742 -9.268421 13.095145 0.633802 -0.720961 0.365935
    9 -0.000004 -0.000006 24.761459 -1.340876 0.155497 -0.569543
    10 -0.000007 0.000004 24.344891 1.487662 0.228894 0.117314
    11 -0.002360 -1.019903 24.031330 0.389594 -0.042695 -0.017219
    12 0.000000 -0.000002 13.404737 0.000001 0.000005 -0.194256
    13 -0.061540 -5.245835 72.927078 0.000000 0.000000 0.000000
    14 -0.256496 -6.715168 -11.090876 0.133342 0.213513 -0.065761
    15 0.000000 -0.005608 -1.146812 0.255598 0.024292 -0.339628
    16 0.030770 -0.240000 8.906021 -0.004138 0.000000 0.000000
    17 -0.011696 -0.018676 -0.004305 -0.001321 -0.020870 0.579283
    18 0.030770 -0.276858 8.905140 0.056125 0.004134 -0.000049
    19 0.045611 0.016501 0.006637 -0.007004 0.021951 0.068790
    20 5.669724 4.435303 14.302868 2.333414 -1.191364 1.691661
    21 -1.044571 -2.839317 19.743267 0.297124 -0.839947 -0.108648
    22 2.655533 -1.533369 24.792658 -1.453485 0.507426 0.936759
    23 1.120163 -0.154394 9.796035 -0.062181 -0.008662 -0.550959
    24 2.240311 -0.308786 19.592051 -0.491882 0.127472 -1.106905
    25 0.683151 2.877354 14.167051 -1.511326 -0.211747 1.554295
    26 0.144936 -0.145374 7.579252 -1.768042 -0.243277 0.235266
    27 0.091660 -0.906685 4.702850 -1.587439 -0.182555 0.191106
    28 0.506271 8.500866 13.617253 -1.470500 -0.303283 1.571620
    29 -0.384987 -0.460049 7.003448 -1.747417 -0.440906 0.551347
    30 0.561516 -0.596954 5.061852 -1.494372 -0.380557 0.386314
    31 -2.452171 -8.899406 11.597897 -1.564436 -0.075962 1.475269
    32 0.680496 -0.903999 6.074253 -1.628017 0.173820 -0.014245
    33 0.245514 -0.661150 3.388004 -1.484370 0.109499 -0.099205
    34 -0.717484 -3.784271 13.043911 -1.593590 -0.028646 1.464722
    35 1.099216 -1.407745 8.017889 -1.782086 0.031962 -0.017448
    36 0.068439 -0.807653 3.686054 -1.465861 0.033996 -0.009728
    37 -4.004929 6.172707 4.754754 0.109547 1.126790 2.530940
    38 0.158352 -1.149811 5.804394 -0.869542 -0.330219 0.145630
    39 -1.083523 -1.463142 5.544399 -0.797727 -0.152810 -0.023927
    40 -6.289886 0.932434 13.569063 -0.126803 0.612110 2.869610
    41 1.327774 -0.766687 12.396328 0.041021 -0.038432 0.457905
    42 -0.096140 1.828087 23.185329 -0.146074 -0.060279 -1.452247
    43 2.325478 -0.000003 6.169296 -0.635178 -0.107858 1.491501
    44 0.000000 -3.152912 0.122169 2.323213 0.004482 -0.010930
    45 1.068383 -10.478592 7.066338 0.292219 -1.282324 -3.141588
    46 0.000000 0.000000 2.279457 0.547137 -0.343566 0.107833
    47 2.479414 -8.323895 6.074242 -0.058225 -0.839674 0.611860
    48 0.000003 -5.075260 5.921793 0.000000 0.000000 0.000000
    49 -1.068383 -10.478611 7.065971 0.292219 1.282324 3.141588
    50 -0.000488 0.000015 2.279600 0.547136 0.343566 0.107835
    51 -2.479401 -8.323895 6.074234 -0.045272 -0.850441 0.598174
    52 -5.790000 4.432083 14.255558 -5.532940 0.553761 -1.998803
    53 1.044540 -2.839314 19.743252 -0.731044 0.215203 -0.040799
    54 -2.655510 -1.533379 24.792648 -1.509540 -0.157844 0.717299
    55 -1.120216 -0.154385 9.795983 -0.066244 0.010528 0.589505
    56 -2.240372 -0.308788 19.592047 -0.425979 0.131932 1.095933
    57 -0.683205 2.877342 14.167089 -1.604527 0.208954 -1.789836
    58 -0.144958 -0.145317 7.579308 -1.541365 0.304893 -0.166486
    59 -0.038551 -0.936644 4.697678 -2.189566 0.238585 -0.365176
    60 -0.506317 8.500896 13.617329 -1.710239 0.278103 -1.993683
    61 0.385056 -0.460075 7.003435 -1.471905 0.596196 -0.385469
    62 -0.456360 -0.710276 5.057732 -1.989883 0.545811 -0.699342
    63 2.452194 -8.899408 11.597939 -1.419551 0.110567 -1.352644
    64 -0.680515 -0.903999 6.074242 -1.453563 -0.173875 -0.003180
    65 -0.248295 -0.666843 3.386627 -1.668562 -0.122159 0.124610
    66 0.717491 -3.784309 13.044010 -1.725747 0.009831 -1.454323
    67 -1.099228 -1.407673 8.017876 -1.350961 -0.015605 0.007751
    68 -0.064053 -0.807640 3.686100 -1.839860 -0.037732 0.018150
    69 4.004906 6.172710 4.754800 -0.720161 -0.940295 -1.497252
    70 -0.158381 -1.149773 5.804405 -0.345842 0.685485 0.599739
    71 1.078559 -2.386406 5.215008 -1.052553 1.087659 -0.156281
    72 6.289963 0.932404 13.569109 -0.126801 -0.612098 -2.869612
    73 -1.327759 -0.766682 12.396324 -0.054312 -0.016326 0.463255
    74 0.000017 -54.999996 0.000000 0.000000 0.000000 -1.570796
  time 79
    0 0.000000 0.000000 -1.500000 0.000000 0.000000 0.000000
    1 -10.521344 -5.760963 66.994621 3.097007 -0.050786 -3.139334
    2 -0.386359 -0.971406 8.201625 -0.266480 0.544188 0.313439
    3 -0.000034 0.000012 24.761454 -0.406943 -0.047340 -0.361652
    4 0.000017 0.000000 24.344809 1.295707 -0.515004 -0.115018
    5 0.002333 -1.019846 24.031336 0.848047 0.020653 0.125662
    6 0.000034 0.000008 13.404741 -0.000001 0.000003 -0.184591
    7 10.398263 -5.760962 66.994675 3.097007 0.050786 3.139334
    8 3.144461 -9.280911 13.274986 0.640542 -0.724948 0.362882
    9 -0.000004 -0.000006 24.761459 -1.352536 0.156839 -0.570225
    10 -0.000007 0.000004 24.344891 1.493083 0.229183 0.118175
    11 -0.002360 -1.019903 24.031330 0.389594 -0.042695 -0.017219
    12 0.000000 -0.000002 13.404737 0.000001 0.000005 -0.194063
    13 -0.061540 -5.245835 72.927078 0.000000 0.000000 0.000000
    14 -0.256496 -6.715168 -11.293656 0.133342 0.213513 -0.065761
    15 0.000000 -0.005608 -1.146812 0.255598 0.024292 -0.339628
    16 0.030770 -0.240000 8.906021 -0.004138 0.000000 0.000000
    17 -0.011696 -0.014770 -0.004305 -0.002584 -0.021060 0.581319
    18 0.030770 -0.276858 8.905140 0.056125 0.004134 -0.000049
    19 0.045611 0.004782 0.006637 -0.001284 0.022156 0.069042
    20 5.669724 4.435303 14.302868 2.289486 -1.188263 1.740440
    21 -1.044571 -2.839317 19.743267 0.310039 -0.849653 -0.117503
    22 2.655533 -1.533369 24.792658 -1.453268 0.505428 0.953015
    23 1.120163 -0.154394 9.796035 -0.062181 -0.008662 -0.550959
    24 2.240311 -0.308786 19.592051 -0.491882 0.127472 -1.106905
    25 0.683151 2.877354 14.167051 -1.511326 -0.211747 1.554295
    26 0.144936 -0.145374 7.579252 -1.768042 -0.243277 0.235266
    27 0.091660 -0.906685 4.702850 -1.587485 -0.182555 0.191106
    28 0.506271 8.500866 13.617253 -1.470500 -0.303305 1.571620
    29 -0.384987 -0.460049 7.003448 -1.747417 -0.440906 0.551347
    30 0.561516 -0.596954 5.061852 -1.494407 -0.380557 0.386326
    31 -2.452171 -8.899406 11.597897 -1.564436 -0.075962 1.475269
    32 0.680496 -0.903999 6.074253 -1.628017 0.173820 -0.014245
    33 0.245514 -0.661150 3.388004 -1.484423 0.109499 -0.099205
    34 -0.717484 -3.784271 13.043911 -1.593590 -0.028646 1.464722
    35 1.099216 -1.407745 8.017889 -1.782086 0.031950 -0.017448
    36 0.068439 -0.807653 3.686054 -1.465861 0.033996 -0.009740
    37 -4.004929 6.172707 4.754754 0.109547 1.126790 2.530940
    38 0.158352 -1.149811 5.804394 -0.869542 -0.330219 0.145630
    39 -1.083523 -1.463142 5.544399 -0.797779 -0.152810 -0.023927
    40 -6.289886 0.932434 13.569063 -0.126803 0.612110 2.869610
    41 1.327774 -0.766687 12.396328 0.041704 -0.039450 0.467848
    42 -0.096140 1.828087 23.185329 -0.146074 -0.060279 -1.452247
    43 2.325478 -0.000003 6.169296 -0.627824 -0.149456 1.434187
    44 0.000000 -3.152912 0.122169 2.323229 0.003248 -0.007898
    45 1.068383 -10.478592 7.066338 0.292219 -1.282324 -3.141588
    46 0.000000 0.000000 2.279457 0.547137 -0.343566 0.107833
    47 2.479414 -8.323895 6.074242 -0.056268 -0.837607 0.685210
    48 0.000003 -5.075260 5.921793 0.000000 0.000000 0.000000
    49 -1.068383 -10.478611 7.065971 0.292219 1.282324 3.141588
    50 -0.000488 0.000015 2.279600 0.547136 0.343566 0.107835
    51 -2.479401 -8.323895 6.074234 -0.041496 -0.847417 0.674532
    52 -5.790000 4.432083 14.255558 -5.535432 0.553720 -1.998612
    53 1.044540 -2.839314 19.743252 -0.725534 0.210243 -0.039983
    54 -2.655510 -1.533379 24.792648 -1.529922 -0.160018 0.719343
    55 -1.120216 -0.154385 9.795983 -0.066244 0.010528 0.589505
    56 -2.240372 -0.308788 19.592047 -0.425903 0.131932 1.095933
    57 -0.683205 2.877342 14.167089 -1.604576 0.208954 -1.789836
    58 -0.144958 -0.145317 7.579308 -1.541365 0.304893 -0.166486
    59 -0.038551 -0.936644 4.697678 -2.189566 0.238585 -0.365176
    60 -0.506317 8.500896 13.617329 -1.710239 0.278103 -1.993683
    61 0.385056 -0.460075 7.003435 -1.471905 0.596213 -0.385469
    62 -0.456360 -0.710276 5.057732 -1.989883 0.545811 -0.699342
    63 2.452194 -8.899408 11.597939 -1.419591 0.110567 -1.352620
    64 -0.680515 -0.903999 6.074242 -1.453509 -0.173887 -0.003180
    65 -0.248295 -0.666843 3.386627 -1.668562 -0.122147 0.124610
    66 0.717491 -3.784309 13.044010 -1.725747 0.009831 -1.454323
    67 -1.099228 -1.407673 8.017876 -1.350961 -0.015605 0.007751
    68 -0.064053 -0.807640 3.686100 -1.839860 -0.037732 0.018150
    69 4.004906 6.172710 4.754800 -0.720161 -0.940295 -1.497252
    70 -0.158381 -1.149773 5.804405 -0.345842 0.685485 0.599739
    71 1.078559 -2.386406 5.215008 -1.052553 1.087659 -0.156281
    72 6.289963 0.932404 13.569109 -0.126801 -0.612098 -2.869612
    73 -1.327759 -0.766682 12.396324 -0.054407 -0.016338 0.464134
    74 0.000017 -54.999996 0.000000 0.000000 0.000000 -1.570796
  time 80
    0 0.000000 0.000000 -1.500000 0.000000 0.000000 0.000000
    1 -10.521344 -5.760963 66.994621 3.097007 -0.050786 -3.139334
    2 -0.398078 -0.983683 8.403446 -0.253910 0.543297 0.315405
    3 -0.000034 0.000012 24.761454 -0.434545 -0.050528 -0.364461
    4 0.000017 0.000000 24.344809 1.314571 -0.513578 -0.122343
    5 0.002333 -1.019846 24.031336 0.848047 0.020653 0.125662
    6 0.000034 0.000008 13.404741 -0.000001 0.000003 -0.186890
    7 10.398263 -5.760962 66.994675 3.097007 0.050786 3.139334
    8 3.156180 -9.293400 13.477308 0.647793 -0.729155 0.359664
    9 -0.000004 -0.000006 24.761459 -1.364910 0.158265 -0.570943
    10 -0.000007 0.000004 24.344891 1.498827 0.229494 0.119121
    11 -0.002360 -1.019903 24.031330 0.389594 -0.042695 -0.017219
    12 0.000000 -0.000002 13.404737 0.000001 0.000005 -0.193827
    13 -0.061540 -5.245835 72.927078 0.000000 0.000000 0.000000
    14 -0.256496 -6.715168 -11.518967 0.133342 0.213513 -0.065761
    15 0.000000 -0.005608 -1.146812 0.255598 0.024292 -0.339628
    16 0.030770 -0.240000 8.906021 -0.004138 0.000000 0.000000
    17 -0.015602 -0.010863 -0.004305 -0.003762 -0.021110 0.579882
    18 0.030770 -0.276858 8.905140 0.056125 0.004134 -0.000049
    19 0.053424 -0.010843 0.006637 0.004292 0.022259 0.068934
    20 5.669724 4.435303 14.302868 2.273120 -1.186889 1.758169
    21 -1.044571 -2.839317 19.743267 0.316496 -0.855446 -0.122269
    22 2.655533 -1.533369 24.792658 -1.453225 0.505082 0.956088
    23 1.120163 -0.154394 9.796035 -0.062193 -0.008662 -0.550959
    24 2.240311 -0.308786 19.592051 -0.491882 0.127472 -1.106905
    25 0.683151 2.877354 14.167051 -1.511326 -0.211747 1.554295
    26 0.144936 -0.145374 7.579252 -1.768042 -0.243277 0.235266
    27 0.091660 -0.906685 4.702850 -1.587439 -0.182567 0.191106
    28 0.506271 8.500866 13.617253 -1.470438 -0.303283 1.571620
    29 -0.384987 -0.460049 7.003448 -1.747417 -0.440906 0.551347
    30 0.561516 -0.596954 5.061852 -1.494372 -0.380569 0.386314
    31 -2.452171 -8.899406 11.597897 -1.564436 -0.075962 1.475269
    32 0.680496 -0.903999 6.074253 -1.628017 0.173820 -0.014245
    33 0.245514 -0.661150 3.388004 -1.484370 0.109499 -0.099205
    34 -0.717484 -3.784271 13.043911 -1.593546 -0.028634 1.464722
    35 1.099216 -1.407745 8.017889 -1.782086 0.031962 -0.017448
    36 0.068439 -0.807653 3.686054 -1.465825 0.033996 -0.009728
    37 -4.004929 6.172707 4.754754 0.109637 1.126790 2.530940
    38 0.158352 -1.149811 5.804394 -0.869499 -0.330219 0.145630
    39 -1.083523 -1.463142 5.544399 -0.797779 -0.152810 -0.023927
    40 -6.289886 0.932434 13.569063 -0.126803 0.612110 2.869610
    41 1.327774 -0.766687 12.396328 0.041872 -0.039726 0.470308
    42 -0.096140 1.828087 23.185329 -0.146074 -0.060279 -1.452247
    43 2.325478 -0.000003 6.169296 -0.629925 -0.139082 1.448555
    44 0.000000 -3.152912 0.122169 2.323229 0.002673 -0.006520
    45 1.068383 -10.478592 7.066338 0.292219 -1.282324 -3.141588
    46 0.000000 0.000000 2.279457 0.547137 -0.343566 0.107833
    47 2.479414 -8.323895 6.074242 -0.056322 -0.833569 0.672316
    48 0.000003 -5.075260 5.925699 0.000000 0.000000 0.000000
    49 -1.068383 -10.478611 7.065971 0.292219 1.282324 3.141588
    50 -0.000488 0.000015 2.279600 0.547136 0.343566 0.107835
    51 -2.479401 -8.323895 6.074234 -0.041978 -0.843637 0.661024
    52 -5.790000 4.432083 14.255558 -5.537829 0.553637 -1.998516
    53 1.044540 -2.839314 19.743252 -0.722306 0.205876 -0.039057
    54 -2.655510 -1.533379 24.792648 -1.536716 -0.160601 0.724266
    55 -1.120216 -0.154385 9.795983 -0.066244 0.010528 0.589505
    56 -2.240372 -0.308788 19.592047 -0.425903 0.131932 1.095933
    57 -0.683205 2.877342 14.167089 -1.604576 0.208954 -1.789823
    58 -0.144958 -0.145317 7.579308 -1.541365 0.304893 -0.166486
    59 -0.038551 -0.936644 4.697678 -2.189566 0.238585 -0.365188
    60 -0.506317 8.500896 13.617329 -1.710239 0.278103 -1.993638
    61 0.385056 -0.460075 7.003435 -1.471905 0.596213 -0.385469
    62 -0.456360 -0.710276 5.057732 -1.989883 0.545811 -0.699342
    63 2.452194 -8.899408 11.597939 -1.419551 0.110567 -1.352620
    64 -0.680515 -0.903999 6.074242 -1.453509 -0.173887 -0.003180
    65 -0.248295 -0.666843 3.386627 -1.668562 -0.122147 0.124610
    66 0.717491 -3.784309 13.044010 -1.725747 0.009831 -1.454323
    67 -1.099228 -1.407673 8.017876 -1.350961 -0.015605 0.007751
    68 -0.064053 -0.807640 3.686100 -1.839860 -0.037732 0.018150
    69 4.004906 6.172710 4.754800 -0.720161 -0.940295 -1.497252
    70 -0.158381 -1.149773 5.804405 -0.345842 0.685485 0.599739
    71 1.078559 -2.386406 5.215008 -1.052506 1.087659 -0.156281
    72 6.289963 0.932404 13.569109 -0.126801 -0.612098 -2.869612
    73 -1.327759 -0.766682 12.396324 -0.054731 -0.016350 0.466586
    74 0.000017 -54.999996 0.000000 0.000000 0.000000 -1.570796
  time 81
    0 0.000000 0.000000 -1.500000 0.000000 0.000000 0.000000
    1 -10.521344 -5.760963 66.994621 3.097007 -0.050786 -3.139334
    2 -0.335576 -0.357556 9.278003 -0.184839 0.529185 0.318070
    3 -0.000034 0.000012 24.761454 -0.577271 -0.067091 -0.353753
    4 0.000017 0.000000 24.344809 1.403959 -0.502306 -0.157755
    5 0.002333 -1.019846 24.031336 0.837407 0.020389 0.122462
    6 0.000034 0.000008 13.404741 -0.000001 0.000003 -0.186278
    7 10.398263 -5.760962 66.994675 3.097007 0.050786 3.139334
    8 3.187431 -8.406655 14.354034 0.719795 -0.738995 0.305120
    9 -0.000004 -0.000006 24.761459 -1.405278 0.162939 -0.554111
    10 -0.000007 0.000004 24.344891 1.490760 0.230449 0.122127
    11 -0.002360 -1.019903 24.031330 0.389594 -0.042695 -0.017207
    12 0.000000 -0.000002 13.404737 0.000001 0.000005 -0.179292
    13 -0.061540 -5.245835 72.927078 0.000000 0.000000 0.000000
    14 -0.240871 -5.841741 -12.330086 0.124253 0.217918 -0.058315
    15 0.000000 -0.005608 -1.146812 0.248709 0.023587 -0.331557
    16 0.030770 -0.240000 8.906021 -0.004138 0.000000 0.000000
    17 -0.035134 0.133672 0.003508 -0.024953 -0.008513 0.567782
    18 0.030770 -0.276858 8.905140 0.056125 0.004134 -0.000049
    19 0.026079 -0.053813 0.010544 0.018482 0.017919 0.064788
    20 5.669724 4.435303 14.302868 2.079794 -1.165889 1.805895
    21 -1.044571 -2.839317 19.743267 0.218753 -0.965502 -0.101203
    22 2.655533 -1.533369 24.792658 -1.466287 0.519108 0.760458
    23 1.120163 -0.154394 9.796035 -0.061882 -0.008519 -0.547958
    24 2.240311 -0.308786 19.592051 -0.492796 0.127564 -1.099862
    25 0.683151 2.877354 14.167051 -1.472926 -0.211771 1.547264
    26 0.144936 -0.145374 7.579252 -1.744066 -0.243672 0.230808
    27 0.091660 -0.906685 4.702850 -1.563813 -0.182519 0.186540
    28 0.506271 8.500866 13.617253 -1.428815 -0.298010 1.551496
    29 -0.384987 -0.460049 7.003448 -1.719744 -0.443902 0.541340
    30 0.561516 -0.596954 5.061852 -1.467167 -0.380413 0.375959
    31 -2.452171 -8.899406 11.597897 -1.527072 -0.083590 1.485416
    32 0.680496 -0.903999 6.074253 -1.609221 0.172286 -0.012867
    33 0.245514 -0.661150 3.388004 -1.464665 0.110050 -0.097671
    34 -0.717484 -3.784271 13.043911 -1.556682 -0.034135 1.467165
    35 1.099216 -1.407745 8.017889 -1.757017 0.031483 -0.016549
    36 0.068439 -0.807653 3.686054 -1.440772 0.033349 -0.009033
    37 -4.004929 6.172707 4.754754 0.126482 1.132757 2.551225
    38 0.158352 -1.149811 5.804394 -0.847124 -0.326506 0.147080
    39 -1.083523 -1.463142 5.544399 -0.792181 -0.152978 -0.021662
    40 -6.289886 0.932434 13.569063 -0.126803 0.612110 2.869610
    41 1.327774 -0.766687 12.396328 0.034070 -0.029024 0.363499
    42 -0.096140 1.828087 23.185329 -0.143215 -0.066812 -1.450566
    43 2.325478 -0.000003 6.169296 -0.620136 -0.130719 1.453384
    44 0.000000 -3.152912 0.122169 2.314848 0.002589 -0.006304
    45 1.068383 -10.478592 7.066338 0.292219 -1.282324 -3.141588
    46 0.000000 0.000000 2.279457 0.547137 -0.343566 0.107833
    47 2.479414 -8.323895 6.074242 -0.056703 -0.838593 0.670979
    48 0.000003 -5.075260 5.902261 0.000000 0.000000 0.000000
    49 -1.068383 -10.478611 7.065971 0.292219 1.282324 3.141588
    50 -0.000488 0.000015 2.279600 0.547136 0.343566 0.107835
    51 -2.479401 -8.323895 6.074234 -0.042319 -0.849402 0.659203
    52 -5.790000 4.432083 14.255558 -5.534090 0.574280 -2.000528
    53 1.044540 -2.839314 19.743252 -0.728818 0.316490 -0.074029
    54 -2.655510 -1.533379 24.792648 -1.499324 -0.161494 0.667544
    55 -1.120216 -0.154385 9.795983 -0.065573 0.010217 0.583030
    56 -2.240372 -0.308788 19.592047 -0.424910 0.125843 1.084678
    57 -0.683205 2.877342 14.167089 -1.569829 0.218007 -1.777486
    58 -0.144958 -0.145317 7.579308 -1.521203 0.303910 -0.161537
    59 -0.038551 -0.936644 4.697678 -2.153865 0.242301 -0.357194
    60 -0.506317 8.500896 13.617329 -1.667323 0.288688 -1.962726
    61 0.385056 -0.460075 7.003435 -1.450451 0.595130 -0.373709
    62 -0.456360 -0.710276 5.057732 -1.954272 0.549563 -0.680333
    63 2.452194 -8.899408 11.597939 -1.398136 0.125251 -1.365371
    64 -0.680515 -0.903999 6.074242 -1.437825 -0.172329 -0.004355
    65 -0.248295 -0.666843 3.386627 -1.641585 -0.123154 0.122285
    66 0.717491 -3.784309 13.044010 -1.692717 0.020114 -1.458552
    67 -1.099228 -1.407673 8.017876 -1.335382 -0.015845 0.007595
    68 -0.064053 -0.807640 3.686100 -1.805703 -0.038020 0.016927
    69 4.004906 6.172710 4.754800 -0.707964 -0.957034 -1.510514
    70 -0.158381 -1.149773 5.804405 -0.344830 0.670562 0.582949
    71 1.078559 -2.386406 5.215008 -1.042138 1.070229 -0.145320
    72 6.289963 0.932404 13.569109 -0.126801 -0.612098 -2.869612
    73 -1.327759 -0.766682 12.396324 -0.051088 -0.016074 0.437115
    74 0.000017 -54.999996 0.000000 0.000000 0.000000 -1.570796
  time 82
    0 0.000000 0.000000 -1.500000 0.000000 0.000000 0.000000
    1 -10.521344 -5.760963 66.994621 3.097007 -0.050786 -3.139334
    2 -0.335576 -0.357556 9.278003 -0.184839 0.529185 0.318070
    3 -0.000034 0.000012 24.761454 -0.577271 -0.067091 -0.353753
    4 0.000017 0.000000 24.344809 1.403959 -0.502306 -0.157755
    5 0.002333 -1.019846 24.031336 0.837407 0.020389 0.122462
    6 0.000034 0.000008 13.404741 -0.000001 0.000003 -0.186278
    7 10.398263 -5.760962 66.994675 3.097007 0.050786 3.139334
    8 3.187431 -8.406655 14.354034 0.719795 -0.738995 0.305120
    9 -0.000004 -0.000006 24.761459 -1.405278 0.162939 -0.554111
    10 -0.000007 0.000004 24.344891 1.490760 0.230449 0.122127
    11 -0.002360 -1.019903 24.031330 0.389594 -0.042695 -0.017207
    12 0.000000 -0.000002 13.404737 0.000001 0.000005 -0.179292
    13 -0.061540 -5.245835 72.927078 0.000000 0.000000 0.000000
    14 -0.240871 -5.841741 -12.330086 0.124253 0.217918 -0.058315
    15 0.000000 -0.005608 -1.146812 0.248709 0.023587 -0.331557
    16 0.030770 -0.240000 8.906021 -0.004138 0.000000 0.000000
    17 -0.035134 0.133672 0.003508 -0.024953 -0.008513 0.567782
    18 0.030770 -0.276858 8.905140 0.056125 0.004134 -0.000049
    19 0.026079 -0.053813 0.010544 0.018482 0.017919 0.064788
    20 5.669724 4.435303 14.302868 2.079794 -1.165889 1.805895
    21 -1.044571 -2.839317 19.743267 0.218753 -0.965502 -0.101203
    22 2.655533 -1.533369 24.792658 -1.466287 0.519108 0.760458
    23 1.120163 -0.154394 9.796035 -0.061882 -0.008519 -0.547958
    24 2.240311 -0.308786 19.592051 -0.492796 0.127564 -1.099862
    25 0.683151 2.877354 14.167051 -1.472926 -0.211771 1.547264
    26 0.144936 -0.145374 7.579252 -1.744066 -0.243672 0.230808
    27 0.091660 -0.906685 4.702850 -1.563813 -0.182519 0.186540
    28 0.506271 8.500866 13.617253 -1.428815 -0.298010 1.551496
    29 -0.384987 -0.460049 7.003448 -1.719744 -0.443902 0.541340
    30 0.561516 -0.596954 5.061852 -1.467167 -0.380413 0.375959
    31 -2.452171 -8.899406 11.597897 -1.527072 -0.083590 1.485416
    32 0.680496 -0.903999 6.074253 -1.609221 0.172286 -0.012867
    33 0.245514 -0.661150 3.388004 -1.464665 0.110050 -0.097671
    34 -0.717484 -3.784271 13.043911 -1.556682 -0.034135 1.467165
    35 1.099216 -1.407745 8.017889 -1.757017 0.031483 -0.016549
    36 0.068439 -0.807653 3.686054 -1.440772 0.033349 -0.009033
    37 -4.004929 6.172707 4.754754 0.126482 1.132757 2.551225
    38 0.158352 -1.149811 5.804394 -0.847124 -0.326506 0.147080
    39 -1.083523 -1.463142 5.544399 -0.792181 -0.152978 -0.021662
    40 -6.289886 0.932434 13.569063 -0.126803 0.612110 2.869610
    41 1.327774 -0.766687 12.396328 0.034070 -0.029024 0.363499
    42 -0.096140 1.828087 23.185329 -0.143215 -0.066812 -1.450566
    43 2.325478 -0.000003 6.169296 -0.620136 -0.130719 1.453384
    44 0.000000 -3.152912 0.122169 2.314848 0.002589 -0.006304
    45 1.068383 -10.478592 7.066338 0.292219 -1.282324 -3.141588
    46 0.000000 0.000000 2.279457 0.547137 -0.343566 0.107833
    47 2.479414 -8.323895 6.074242 -0.056703 -0.838593 0.670979
    48 0.000003 -5.075260 5.902261 0.000000 0.000000 0.000000
    49 -1.068383 -10.478611 7.065971 0.292219 1.282324 3.141588
    50 -0.000488 0.000015 2.279600 0.547136 0.343566 0.107835
    51 -2.479401 -8.323895 6.074234 -0.042319 -0.849402 0.659203
    52 -5.790000 4.432083 14.255558 -5.534090 0.574280 -2.000528
    53 1.044540 -2.839314 19.743252 -0.728818 0.316490 -0.074029
    54 -2.655510 -1.533379 24.792648 -1.499324 -0.161494 0.667544
    55 -1.120216 -0.154385 9.795983 -0.065573 0.010217 0.583030
    56 -2.240372 -0.308788 19.592047 -0.424910 0.125843 1.084678
    57 -0.683205 2.877342 14.167089 -1.569829 0.218007 -1.777486
    58 -0.144958 -0.145317 7.579308 -1.521203 0.303910 -0.161537
    59 -0.038551 -0.936644 4.697678 -2.153865 0.242301 -0.357194
    60 -0.506317 8.500896 13.617329 -1.667323 0.288688 -1.962726
    61 0.385056 -0.460075 7.003435 -1.450451 0.595130 -0.373709
    62 -0.456360 -0.710276 5.057732 -1.954272 0.549563 -0.680333
    63 2.452194 -8.899408 11.597939 -1.398136 0.125251 -1.365371
    64 -0.680515 -0.903999 6.074242 -1.437825 -0.172329 -0.004355
    65 -0.248295 -0.666843 3.386627 -1.641585 -0.123154 0.122285
    66 0.717491 -3.784309 13.044010 -1.692717 0.020114 -1.458552
    67 -1.099228 -1.407673 8.017876 -1.335382 -0.015845 0.007595
    68 -0.064053 -0.807640 3.686100 -1.805703 -0.038020 0.016927
    69 4.004906 6.172710 4.754800 -0.707964 -0.957034 -1.510514
    70 -0.158381 -1.149773 5.804405 -0.344830 0.670562 0.582949
    71 1.078559 -2.386406 5.215008 -1.042138 1.070229 -0.145320
    72 6.289963 0.932404 13.569109 -0.126801 -0.612098 -2.869612
    73 -1.327759 -0.766682 12.396324 -0.051088 -0.016074 0.437115
    74 0.000017 -54.999996 0.000000 0.000000 0.000000 -1.570796
  time 83
    0 0.000000 0.000000 -1.500000 0.000000 0.000000 0.000000
    1 -10.521344 -5.760963 66.994621 3.097007 -0.050786 -3.139334
    2 -0.261355 0.293124 9.905890 -0.136537 0.518107 0.316410
    3 -0.000034 0.000012 24.761454 -0.675606 -0.078476 -0.338687
    4 0.000017 0.000000 24.344809 1.463140 -0.493139 -0.180226
    5 0.002333 -1.019846 24.031336 0.826916 0.020089 0.119322
    6 0.000034 0.000008 13.404741 -0.000001 0.000003 -0.181996
    7 10.398263 -5.760962 66.994675 3.097007 0.050786 3.139334
    8 3.218682 -7.469952 14.983479 0.784033 -0.741738 0.253712
    9 -0.000004 -0.000006 24.761459 -1.428762 0.165659 -0.537101
    10 -0.000007 0.000004 24.344891 1.473205 0.231338 0.124145
    11 -0.002360 -1.019903 24.031330 0.389594 -0.042695 -0.017219
    12 0.000000 -0.000002 13.404737 0.000001 0.000005 -0.165294
    13 -0.061540 -5.245835 72.927078 0.000000 0.000000 0.000000
    14 -0.240871 -4.933377 -12.893364 0.115260 0.222271 -0.050928
    15 0.000000 -0.005608 -1.146812 0.241851 0.022849 -0.323595
    16 0.030770 -0.240000 8.906021 -0.004138 0.000000 0.000000
    17 -0.050760 0.282115 0.003508 -0.047681 0.003654 0.554404
    18 0.030770 -0.276858 8.905140 0.056125 0.004134 -0.000049
    19 -0.001266 -0.104596 0.010544 0.032816 0.013743 0.060449
    20 5.669724 4.435303 14.302868 1.883694 -1.142952 1.850074
    21 -1.044571 -2.839317 19.743267 0.031339 -1.029740 -0.007942
    22 2.655533 -1.533369 24.792658 -1.481910 0.532980 0.548655
    23 1.120163 -0.154394 9.796035 -0.061390 -0.008327 -0.543405
    24 2.240311 -0.308786 19.592051 -0.492970 0.129083 -1.089972
    25 0.683151 2.877354 14.167051 -1.435294 -0.211555 1.540358
    26 0.144936 -0.145374 7.579252 -1.720508 -0.243972 0.226481
    27 0.091660 -0.906685 4.702850 -1.540003 -0.182279 0.181926
    28 0.506271 8.500866 13.617253 -1.387994 -0.291990 1.531927
    29 -0.384987 -0.460049 7.003448 -1.692533 -0.446574 0.531440
    30 0.561516 -0.596954 5.061852 -1.440142 -0.379981 0.365628
    31 -2.452171 -8.899406 11.597897 -1.490265 -0.091537 1.495053
    32 0.680496 -0.903999 6.074253 -1.590662 0.170752 -0.011537
    33 0.245514 -0.661150 3.388004 -1.445173 0.110577 -0.096160
    34 -0.717484 -3.784271 13.043911 -1.520348 -0.039624 1.469378
    35 1.099216 -1.407745 8.017889 -1.732414 0.031003 -0.015602
    36 0.068439 -0.807653 3.686054 -1.415896 0.032738 -0.008338
    37 -4.004929 6.172707 4.754754 0.143506 1.138514 2.571702
    38 0.158352 -1.149811 5.804394 -0.825130 -0.322881 0.148578
    39 -1.083523 -1.463142 5.544399 -0.786635 -0.153205 -0.019452
    40 -6.289886 0.932434 13.569063 -0.126803 0.612110 2.869610
    41 1.327774 -0.766687 12.396328 0.023883 -0.017962 0.242077
    42 -0.096140 1.828087 23.185329 -0.140801 -0.072388 -1.449098
    43 2.325478 -0.000003 6.169296 -0.610491 -0.122573 1.458294
    44 0.000000 -3.152912 0.122169 2.306564 0.002505 -0.006076
    45 1.068383 -10.478592 7.066338 0.292219 -1.282324 -3.141588
    46 0.000000 0.000000 2.279457 0.547137 -0.343566 0.107833
    47 2.479414 -8.323895 6.074242 -0.057192 -0.846013 0.670597
    48 0.000003 -5.075260 5.886636 0.000000 0.000000 0.000000
    49 -1.068383 -10.478611 7.065971 0.292219 1.282324 3.141588
    50 -0.000488 0.000015 2.279600 0.547136 0.343566 0.107835
    51 -2.479401 -8.323895 6.074234 -0.042781 -0.857482 0.658533
    52 -5.790000 4.432083 14.255558 -5.530448 0.594218 -2.002636
    53 1.044540 -2.839314 19.743252 -0.732491 0.421126 -0.113219
    54 -2.655510 -1.533379 24.792648 -1.457000 -0.161532 0.607490
    55 -1.120216 -0.154385 9.795983 -0.064782 0.009833 0.575494
    56 -2.240372 -0.308788 19.592047 -0.423764 0.118863 1.071446
    57 -0.683205 2.877342 14.167089 -1.535379 0.226444 -1.764995
    58 -0.144958 -0.145317 7.579308 -1.501313 0.302855 -0.156647
    59 -0.038551 -0.936644 4.697678 -2.118510 0.245692 -0.349177
    60 -0.506317 8.500896 13.617329 -1.624332 0.297664 -1.931725
    61 0.385056 -0.460075 7.003435 -1.429041 0.593771 -0.361979
    62 -0.456360 -0.710276 5.057732 -1.918613 0.552689 -0.661307
    63 2.452194 -8.899408 11.597939 -1.377159 0.140121 -1.377502
    64 -0.680515 -0.903999 6.074242 -1.422302 -0.170771 -0.005445
    65 -0.248295 -0.666843 3.386627 -1.615024 -0.124124 0.119888
    66 0.717491 -3.784309 13.044010 -1.660236 0.030373 -1.462285
    67 -1.099228 -1.407673 8.017876 -1.320084 -0.016073 0.007403
    68 -0.064053 -0.807640 3.686100 -1.772109 -0.038260 0.015717
    69 4.004906 6.172710 4.754800 -0.695315 -0.973438 -1.524186
    70 -0.158381 -1.149773 5.804405 -0.343610 0.655776 0.566656
    71 1.078559 -2.386406 5.215008 -1.032153 1.052953 -0.134687
    72 6.289963 0.932404 13.569109 -0.126801 -0.612098 -2.869612
    73 -1.327759 -0.766682 12.396324 -0.047217 -0.015690 0.405609
    74 0.000017 -54.999996 0.000000 0.000000 0.000000 -1.570796
  time 84
    0 0.000000 0.000000 -1.500000 0.000000 0.000000 0.000000
    1 -10.521344 -5.760963 66.994621 3.097007 -0.050786 -3.139334
    2 -0.159790 1.078852 10.533777 -0.089056 0.507557 0.312697
    3 -0.000034 0.000012 24.761454 -0.770079 -0.089406 -0.319916
    4 0.000017 0.000000 24.344809 1.517452 -0.483224 -0.200147
    5 0.002333 -1.019846 24.031336 0.815492 0.019694 0.115918
    6 0.000034 0.000008 13.404741 -0.000001 0.000003 -0.175689
    7 10.398263 -5.760962 66.994675 3.097007 0.050786 3.139334
    8 3.257746 -6.408355 15.635404 0.852708 -0.741263 0.198096
    9 -0.000004 -0.000006 24.761459 -1.447351 0.167805 -0.518870
    10 -0.000007 0.000004 24.344891 1.447777 0.232449 0.126183
    11 -0.002360 -1.019903 24.031330 0.389594 -0.042695 -0.017219
    12 0.000000 -0.000002 13.404737 0.000001 0.000005 -0.150437
    13 -0.061540 -5.245835 72.927078 0.000000 0.000000 0.000000
    14 -0.248684 -3.873619 -13.479172 0.105402 0.226985 -0.043001
    15 0.000000 -0.005608 -1.146812 0.234419 0.022049 -0.314899
    16 0.030770 -0.240000 8.906021 -0.004138 0.000000 0.000000
    17 -0.078104 0.465714 0.003508 -0.074996 0.016403 0.533718
    18 0.030770 -0.276858 8.905140 0.056125 0.004134 -0.000049
    19 -0.028610 -0.159285 0.010544 0.049044 0.009196 0.054948
    20 5.669724 4.435303 14.302868 1.660986 -1.115328 1.895786
    21 -1.044571 -2.839317 19.743267 -0.229799 -1.020712 0.137349
    22 2.655533 -1.533369 24.792658 -1.501048 0.545315 0.306524
    23 1.120163 -0.154394 9.796035 -0.060611 -0.007979 -0.536058
    24 2.240311 -0.308786 19.592051 -0.491969 0.133043 -1.074977
    25 0.683151 2.877354 14.167051 -1.394206 -0.211028 1.532852
    26 0.144936 -0.145374 7.579252 -1.694395 -0.244187 0.221520
    27 0.091660 -0.906685 4.702850 -1.514591 -0.182063 0.176988
    28 0.506271 8.500866 13.617253 -1.343776 -0.284521 1.510971
    29 -0.384987 -0.460049 7.003448 -1.662335 -0.449259 0.520343
    30 0.561516 -0.596954 5.061852 -1.411010 -0.379262 0.354566
    31 -2.452171 -8.899406 11.597897 -1.450268 -0.100659 1.505254
    32 0.680496 -0.903999 6.074253 -1.570398 0.169038 -0.010111
    33 0.245514 -0.661150 3.388004 -1.423816 0.111105 -0.094507
    34 -0.717484 -3.784271 13.043911 -1.480795 -0.045688 1.471575
    35 1.099216 -1.407745 8.017889 -1.705249 0.030440 -0.014703
    36 0.068439 -0.807653 3.686054 -1.389030 0.031971 -0.007631
    37 -4.004929 6.172707 4.754754 0.162512 1.144570 2.594474
    38 0.158352 -1.149811 5.804394 -0.801186 -0.319022 0.150280
    39 -1.083523 -1.463142 5.544399 -0.780828 -0.153517 -0.017090
    40 -6.289886 0.932434 13.569063 -0.126803 0.612110 2.869610
    41 1.327774 -0.766687 12.396328 0.010461 -0.006744 0.100720
    42 -0.096140 1.828087 23.185329 -0.138147 -0.078507 -1.447447
    43 2.325478 -0.000003 6.169296 -0.599890 -0.113848 1.463762
    44 0.000000 -3.152912 0.122169 2.297548 0.002409 -0.005848
    45 1.068383 -10.478592 7.066338 0.292219 -1.282324 -3.141588
    46 0.000000 0.000000 2.279457 0.547137 -0.343566 0.107833
    47 2.479414 -8.323895 6.074242 -0.057817 -0.858176 0.677951
    48 0.000003 -5.075260 5.867104 0.000000 0.000000 0.000000
    49 -1.068383 -10.478611 7.065971 0.292219 1.282324 3.141588
    50 -0.000488 0.000015 2.279600 0.547136 0.343566 0.107835
    51 -2.479401 -8.323895 6.074234 -0.043143 -0.870334 0.665622
    52 -5.790000 4.432083 14.255558 -5.526805 0.615443 -2.005223
    53 1.044540 -2.839314 19.743252 -0.736275 0.529917 -0.160437
    54 -2.655510 -1.533379 24.792648 -1.403152 -0.160394 0.538727
    55 -1.120216 -0.154385 9.795983 -0.063727 0.009354 0.565538
    56 -2.240372 -0.308788 19.592047 -0.422314 0.110002 1.053575
    57 -0.683205 2.877342 14.167089 -1.497613 0.235060 -1.751016
    58 -0.144958 -0.145317 7.579308 -1.479353 0.301573 -0.151314
    59 -0.038551 -0.936644 4.697678 -2.079801 0.249108 -0.340236
    60 -0.506317 8.500896 13.617329 -1.576815 0.305784 -1.897444
    61 0.385056 -0.460075 7.003435 -1.405256 0.591948 -0.349101
    62 -0.456360 -0.710276 5.057732 -1.879213 0.555319 -0.640297
    63 2.452194 -8.899408 11.597939 -1.354708 0.156803 -1.389848
    64 -0.680515 -0.903999 6.074242 -1.405648 -0.169093 -0.006620
    65 -0.248295 -0.666843 3.386627 -1.586132 -0.125011 0.117456
    66 0.717491 -3.784309 13.044010 -1.624915 0.041686 -1.465931
    67 -1.099228 -1.407673 8.017876 -1.303385 -0.016300 0.007139
    68 -0.064053 -0.807640 3.686100 -1.735363 -0.038463 0.014338
    69 4.004906 6.172710 4.754800 -0.680934 -0.991201 -1.539822
    70 -0.158381 -1.149773 5.804405 -0.341935 0.639566 0.549309
    71 1.078559 -2.386406 5.215008 -1.021500 1.034053 -0.123398
    72 6.289963 0.932404 13.569109 -0.126801 -0.612098 -2.869612
    73 -1.327759 -0.766682 12.396324 -0.042794 -0.015079 0.369476
    74 0.000017 -54.999996 0.000000 0.000000 0.000000 -1.570796
  time 85
    0 0.000000 0.000000 -1.500000 0.000000 0.000000 0.000000
    1 -10.521344 -5.760963 66.994621 3.097007 -0.050786 -3.139334
    2 -0.046505 1.925964 11.049541 -0.045263 0.498232 0.308502
    3 -0.000034 0.000012 24.761454 -0.852682 -0.098982 -0.300208
    4 0.000017 0.000000 24.344809 1.561098 -0.473220 -0.215876
    5 0.002333 -1.019846 24.031336 0.804926 0.019238 0.112826
    6 0.000034 0.000008 13.404741 -0.000001 0.000003 -0.168665
    7 10.398263 -5.760962 66.994675 3.097007 0.050786 3.139334
    8 3.328060 -5.271823 16.174928 0.915496 -0.738592 0.147596
    9 -0.000004 -0.000006 24.761459 -1.457031 0.168907 -0.503079
    10 -0.000007 0.000004 24.344891 1.417120 0.233849 0.128054
    11 -0.002360 -1.019903 24.031330 0.389594 -0.042695 -0.017207
    12 0.000000 -0.000002 13.404737 0.000001 0.000005 -0.137620
    13 -0.061540 -5.245835 72.927078 0.000000 0.000000 0.000000
    14 -0.287747 -2.778924 -13.952326 0.096409 0.231286 -0.035915
    15 0.000000 -0.005608 -1.146812 0.227592 0.021312 -0.306882
    16 0.030770 -0.240000 8.906021 -0.004138 0.000000 0.000000
    17 -0.105449 0.645407 -0.004305 -0.104099 0.027418 0.504167
    18 0.030770 -0.276858 8.905140 0.056125 0.004134 -0.000049
    19 -0.052048 -0.213975 0.018356 0.064701 0.005020 0.048608
    20 5.669724 4.435303 14.302868 1.436270 -1.086435 1.938624
    21 -1.044571 -2.839317 19.743267 -0.430519 -0.931530 0.223701
    22 2.655533 -1.533369 24.792658 -1.515195 0.551271 0.084935
    23 1.120163 -0.154394 9.796035 -0.059473 -0.007512 -0.525365
    24 2.240311 -0.308786 19.592051 -0.489271 0.140364 -1.054088
    25 0.683151 2.877354 14.167051 -1.356464 -0.210261 1.525971
    26 0.144936 -0.145374 7.579252 -1.670558 -0.244283 0.217061
    27 0.091660 -0.906685 4.702850 -1.491056 -0.181704 0.172434
    28 0.506271 8.500866 13.617253 -1.303387 -0.276875 1.492111
    29 -0.384987 -0.460049 7.003448 -1.634733 -0.451428 0.510144
    30 0.561516 -0.596954 5.061852 -1.384092 -0.378339 0.344368
    31 -2.452171 -8.899406 11.597897 -1.413612 -0.109402 1.514247
    32 0.680496 -0.903999 6.074253 -1.551800 0.167432 -0.008816
    33 0.245514 -0.661150 3.388004 -1.404165 0.111548 -0.092961
    34 -0.717484 -3.784271 13.043911 -1.444416 -0.051321 1.473358
    35 1.099216 -1.407745 8.017889 -1.680451 0.029913 -0.013840
    36 0.068439 -0.807653 3.686054 -1.364190 0.031276 -0.006984
    37 -4.004929 6.172707 4.754754 0.180617 1.149957 2.615811
    38 0.158352 -1.149811 5.804394 -0.779446 -0.315499 0.151898
    39 -1.083523 -1.463142 5.544399 -0.775544 -0.153876 -0.014949
    40 -6.289886 0.932434 13.569063 -0.126803 0.612110 2.869610
    41 1.327774 -0.766687 12.396328 -0.002974 0.001681 -0.027532
    42 -0.096140 1.828087 23.185329 -0.135767 -0.084083 -1.446010
    43 2.325478 -0.000003 6.169296 -0.590101 -0.105948 1.468950
    44 0.000000 -3.152912 0.122169 2.289264 0.002301 -0.005645
    45 1.068383 -10.478592 7.066338 0.292219 -1.282324 -3.141588
    46 0.000000 0.000000 2.279457 0.547137 -0.343566 0.107833
    47 2.479414 -8.323895 6.074242 -0.058497 -0.875927 0.698963
    48 0.000003 -5.075260 5.855385 0.000000 0.000000 0.000000
    49 -1.068383 -10.478611 7.065971 0.292219 1.282324 3.141588
    50 -0.000488 0.000015 2.279600 0.547136 0.343566 0.107835
    51 -2.479401 -8.323895 6.074234 -0.043062 -0.888856 0.686987
    52 -5.790000 4.432083 14.255558 -5.523450 0.634010 -2.007906
    53 1.044540 -2.839314 19.743252 -0.743845 0.624844 -0.207819
    54 -2.655510 -1.533379 24.792648 -1.341201 -0.157663 0.472539
    55 -1.120216 -0.154385 9.795983 -0.062469 0.008778 0.553432
    56 -2.240372 -0.308788 19.592047 -0.420710 0.099606 1.031923
    57 -0.683205 2.877342 14.167089 -1.462668 0.242382 -1.737858
    58 -0.144958 -0.145317 7.579308 -1.459082 0.300290 -0.146388
    59 -0.038551 -0.936644 4.697678 -2.044051 0.251948 -0.331919
    60 -0.506317 8.500896 13.617329 -1.532693 0.311648 -1.865679
    61 0.385056 -0.460075 7.003435 -1.383198 0.590005 -0.337187
    62 -0.456360 -0.710276 5.057732 -1.842631 0.557087 -0.620797
    63 2.452194 -8.899408 11.597939 -1.334328 0.172486 -1.400811
    64 -0.680515 -0.903999 6.074242 -1.390287 -0.167523 -0.007675
    65 -0.248295 -0.666843 3.386627 -1.559654 -0.125802 0.115119
    66 0.717491 -3.784309 13.044010 -1.592483 0.052221 -1.468833
    67 -1.099228 -1.407673 8.017876 -1.288030 -0.016528 0.006876
    68 -0.064053 -0.807640 3.686100 -1.701769 -0.038595 0.013068
    69 4.004906 6.172710 4.754800 -0.667231 -1.007396 -1.554884
    70 -0.158381 -1.149773 5.804405 -0.340156 0.624616 0.533603
    71 1.078559 -2.386406 5.215008 -1.011801 1.016654 -0.113131
    72 6.289963 0.932404 13.569109 -0.126801 -0.612098 -2.869612
    73 -1.327759 -0.766682 12.396324 -0.038576 -0.014336 0.334685
    74 0.000017 -54.999996 0.000000 0.000000 0.000000 -1.570796
  time 86
    0 0.000000 0.000000 -1.500000 0.000000 0.000000 0.000000
    1 -10.521344 -5.760963 66.994621 3.097007 -0.050786 -3.139334
    2 0.082405 2.723969 11.408334 -0.006526 0.490299 0.305968
    3 -0.000034 0.000012 24.761454 -0.917968 -0.106532 -0.282822
    4 0.000017 0.000000 24.344809 1.589763 -0.463510 -0.226463
    5 0.002333 -1.019846 24.031336 0.797273 0.018891 0.110597
    6 0.000034 0.000008 13.404741 -0.000001 0.000003 -0.162569
    7 10.398263 -5.760962 66.994675 3.097007 0.050786 3.139334
    8 3.417907 -4.260184 16.534611 0.961393 -0.736837 0.110546
    9 -0.000004 -0.000006 24.761459 -1.454776 0.168668 -0.493676
    10 -0.000007 0.000004 24.344891 1.384592 0.235649 0.129609
    11 -0.002360 -1.019903 24.031330 0.389594 -0.042695 -0.017219
    12 0.000000 -0.000002 13.404737 0.000001 0.000005 -0.129762
    13 -0.061540 -5.245835 72.927078 0.000000 0.000000 0.000000
    14 -0.361968 -1.777394 -14.290292 0.089784 0.234451 -0.030690
    15 0.000000 -0.005608 -1.146812 0.222616 0.020763 -0.301039
    16 0.030770 -0.240000 8.906021 -0.004138 0.000000 0.000000
    17 -0.128887 0.813381 -0.016024 -0.131940 0.034799 0.464314
    18 0.030770 -0.276858 8.905140 0.056125 0.004134 -0.000049
    19 -0.071580 -0.256945 0.018356 0.077497 0.001708 0.041801
    20 5.669724 4.435303 14.302868 1.231172 -1.059939 1.977437
    21 -1.044571 -2.839317 19.743267 -0.536872 -0.812498 0.232443
    22 2.655533 -1.533369 24.792658 -1.514501 0.551271 -0.084330
    23 1.120163 -0.154394 9.796035 -0.057915 -0.006877 -0.510740
    24 2.240311 -0.308786 19.592051 -0.483831 0.151876 -1.026474
    25 0.683151 2.877354 14.167051 -1.328981 -0.209554 1.520963
    26 0.144936 -0.145374 7.579252 -1.653180 -0.244283 0.213790
    27 0.091660 -0.906685 4.702850 -1.473932 -0.181356 0.169127
    28 0.506271 8.500866 13.617253 -1.273991 -0.270811 1.478551
    29 -0.384987 -0.460049 7.003448 -1.614494 -0.452878 0.502641
    30 0.561516 -0.596954 5.061852 -1.364385 -0.377489 0.336913
    31 -2.452171 -8.899406 11.597897 -1.386880 -0.116074 1.520609
    32 0.680496 -0.903999 6.074253 -1.538159 0.166257 -0.007918
    33 0.245514 -0.661150 3.388004 -1.389892 0.111884 -0.091834
    34 -0.717484 -3.784271 13.043911 -1.417827 -0.055479 1.474541
    35 1.099216 -1.407745 8.017889 -1.662290 0.029505 -0.013229
    36 0.068439 -0.807653 3.686054 -1.346066 0.030749 -0.006516
    37 -4.004929 6.172707 4.754754 0.194039 1.153777 2.631886
    38 0.158352 -1.149811 5.804394 -0.763512 -0.312990 0.153120
    39 -1.083523 -1.463142 5.544399 -0.771620 -0.154152 -0.013416
    40 -6.289886 0.932434 13.569063 -0.126803 0.612110 2.869610
    41 1.327774 -0.766687 12.396328 -0.013473 0.006714 -0.121686
    42 -0.096140 1.828087 23.185329 -0.134055 -0.088194 -1.444879
    43 2.325478 -0.000003 6.169296 -0.582891 -0.100262 1.472782
    44 0.000000 -3.152912 0.122169 2.283210 0.002241 -0.005489
    45 1.068383 -10.478592 7.066338 0.292219 -1.282324 -3.141588
    46 0.000000 0.000000 2.279457 0.547137 -0.343566 0.107833
    47 2.479414 -8.323895 6.074242 -0.059095 -0.900393 0.740413
    48 0.000003 -5.075260 5.839759 0.000000 0.000000 0.000000
    49 -1.068383 -10.478611 7.065971 0.292219 1.282324 3.141588
    50 -0.000488 0.000015 2.279600 0.547136 0.343566 0.107835
    51 -2.479401 -8.323895 6.074234 -0.042219 -0.913805 0.729525
    52 -5.790000 4.432083 14.255558 -5.520766 0.646056 -2.010014
    53 1.044540 -2.839314 19.743252 -0.763992 0.692849 -0.248234
    54 -2.655510 -1.533379 24.792648 -1.275174 -0.153340 0.423466
    55 -1.120216 -0.154385 9.795983 -0.061007 0.008143 0.539667
    56 -2.240372 -0.308788 19.592047 -0.419106 0.088022 1.006920
    57 -0.683205 2.877342 14.167089 -1.436979 0.247416 -1.728048
    58 -0.144958 -0.145317 7.579308 -1.444315 0.299296 -0.142829
    59 -0.038551 -0.936644 4.697678 -2.017867 0.253866 -0.325735
    60 -0.506317 8.500896 13.617329 -1.500110 0.314968 -1.842181
    61 0.385056 -0.460075 7.003435 -1.366967 0.588354 -0.328459
    62 -0.456360 -0.710276 5.057732 -1.815668 0.557950 -0.606457
    63 2.452194 -8.899408 11.597939 -1.319520 0.184173 -1.408437
    64 -0.680515 -0.903999 6.074242 -1.379184 -0.166385 -0.008418
    65 -0.248295 -0.666843 3.386627 -1.540379 -0.126354 0.113393
    66 0.717491 -3.784309 13.044010 -1.568769 0.059975 -1.470693
    67 -1.099228 -1.407673 8.017876 -1.276879 -0.016696 0.006648
    68 -0.064053 -0.807640 3.686100 -1.677178 -0.038679 0.012097
    69 4.004906 6.172710 4.754800 -0.656766 -1.019182 -1.566509
    70 -0.158381 -1.149773 5.804405 -0.338726 0.613581 0.522292
    71 1.078559 -2.386406 5.215008 -1.004826 1.003911 -0.105823
    72 6.289963 0.932404 13.569109 -0.126801 -0.612098 -2.869612
    73 -1.327759 -0.766682 12.396324 -0.035532 -0.013725 0.309563
    74 0.000017 -54.999996 0.000000 0.000000 0.000000 -1.570796
  time 87
    0 0.000000 0.000000 -1.500000 0.000000 0.000000 0.000000
    1 -10.521344 -5.760963 66.994621 3.097007 -0.050786 -3.139334
    2 0.226941 3.448311 11.475608 0.025652 0.483146 0.307366
    3 -0.000034 0.000012 24.761454 -0.960936 -0.111518 -0.271421
    4 0.000017 0.000000 24.344809 1.600058 -0.454659 -0.231346
    5 0.002333 -1.019846 24.031336 0.794286 0.018735 0.109710
    6 0.000034 0.000008 13.404741 -0.000001 0.000003 -0.159279
    7 10.398263 -5.760962 66.994675 3.097007 0.050786 3.139334
    8 3.546817 -3.448374 16.602051 0.981014 -0.740056 0.094208
    9 -0.000004 -0.000006 24.761459 -1.438827 0.166822 -0.494538
    10 -0.000007 0.000004 24.344891 1.353872 0.237826 0.130828
    11 -0.002360 -1.019903 24.031330 0.389594 -0.042695 -0.017219
    12 0.000000 -0.000002 13.404737 0.000001 0.000005 -0.129762
    13 -0.061540 -5.245835 72.927078 0.000000 0.000000 0.000000
    14 -0.483066 -0.985487 -14.290292 0.087256 0.235656 -0.028708
    15 0.000000 -0.005608 -1.146812 0.220703 0.020559 -0.298784
    16 0.030770 -0.240000 8.906021 -0.004138 0.000000 0.000000
    17 -0.144512 0.954010 -0.023836 -0.155110 0.037331 0.412759
    18 0.030770 -0.276858 8.905140 0.056125 0.004134 -0.000049
    19 -0.079393 -0.296008 0.018356 0.084932 -0.000390 0.034886
    20 5.669724 4.435303 14.302868 1.064932 -1.039045 2.013853
    21 -1.044571 -2.839317 19.743267 -0.597681 -0.712931 0.215015
    22 2.655533 -1.533369 24.792658 -1.493367 0.549388 -0.203293
    23 1.120163 -0.154394 9.796035 -0.055829 -0.006086 -0.491630
    24 2.240311 -0.308786 19.592051 -0.474649 0.168268 -0.991382
    25 0.683151 2.877354 14.167051 -1.318229 -0.209242 1.519015
    26 0.144936 -0.145374 7.579252 -1.646396 -0.244271 0.212519
    27 0.091660 -0.906685 4.702850 -1.467247 -0.181212 0.167820
    28 0.506271 8.500866 13.617253 -1.262690 -0.268329 1.473343
    29 -0.384987 -0.460049 7.003448 -1.606633 -0.453406 0.499717
    30 0.561516 -0.596954 5.061852 -1.356816 -0.377117 0.334049
    31 -2.452171 -8.899406 11.597897 -1.376501 -0.118703 1.523025
    32 0.680496 -0.903999 6.074253 -1.532885 0.165802 -0.007558
    33 0.245514 -0.661150 3.388004 -1.384353 0.111992 -0.091391
    34 -0.717484 -3.784271 13.043911 -1.407553 -0.057097 1.474971
    35 1.099216 -1.407745 8.017889 -1.655266 0.029349 -0.012989
    36 0.068439 -0.807653 3.686054 -1.338994 0.030545 -0.006336
    37 -4.004929 6.172707 4.754754 0.199353 1.155238 2.638201
    38 0.158352 -1.149811 5.804394 -0.757325 -0.312021 0.153599
    39 -1.083523 -1.463142 5.544399 -0.770155 -0.154296 -0.012822
    40 -6.289886 0.932434 13.569063 -0.126803 0.612110 2.869610
    41 1.327774 -0.766687 12.396328 -0.020675 0.009519 -0.184557
    42 -0.096140 1.828087 23.185329 -0.133353 -0.089788 -1.444451
    43 2.325478 -0.000003 6.169296 -0.580122 -0.098048 1.474379
    44 0.000000 -3.152912 0.122169 2.280850 0.002217 -0.005417
    45 1.068383 -10.478592 7.066338 0.292219 -1.282324 -3.141588
    46 0.000000 0.000000 2.279457 0.547137 -0.343566 0.107833
    47 2.479414 -8.323895 6.074242 -0.059231 -0.932372 0.809848
    48 0.000003 -5.075260 5.839759 0.000000 0.000000 0.000000
    49 -1.068383 -10.478611 7.065971 0.292231 1.282324 3.141588
    50 -0.000488 0.000015 2.279600 0.547136 0.343566 0.107835
    51 -2.479401 -8.323895 6.074234 -0.039909 -0.945983 0.801093
    52 -5.790000 4.432083 14.255558 -5.519233 0.647801 -2.011068
    53 1.044540 -2.839314 19.743252 -0.809575 0.724011 -0.277463
    54 -2.655510 -1.533379 24.792648 -1.209298 -0.147761 0.410743
    55 -1.120216 -0.154385 9.795983 -0.059389 0.007460 0.524487
    56 -2.240372 -0.308788 19.592047 -0.417579 0.075944 0.978996
    57 -0.683205 2.877342 14.167089 -1.426981 0.249267 -1.724226
    58 -0.144958 -0.145317 7.579308 -1.438593 0.298876 -0.141439
    59 -0.038551 -0.936644 4.697678 -2.007709 0.254561 -0.323326
    60 -0.506317 8.500896 13.617329 -1.487439 0.316058 -1.833105
    61 0.385056 -0.460075 7.003435 -1.360622 0.587666 -0.325090
    62 -0.456360 -0.710276 5.057732 -1.805175 0.558209 -0.600858
    63 2.452194 -8.899408 11.597939 -1.313868 0.188750 -1.411321
    64 -0.680515 -0.903999 6.074242 -1.374818 -0.165929 -0.008693
    65 -0.248295 -0.666843 3.386627 -1.532927 -0.126545 0.112722
    66 0.717491 -3.784309 13.044010 -1.559553 0.062995 -1.471363
    67 -1.099228 -1.407673 8.017876 -1.272564 -0.016780 0.006552
    68 -0.064053 -0.807640 3.686100 -1.667668 -0.038691 0.011738
    69 4.004906 6.172710 4.754800 -0.652474 -1.023737 -1.571093
    70 -0.158381 -1.149773 5.804405 -0.338133 0.609337 0.517955
    71 1.078559 -2.386406 5.215008 -1.002151 0.998918 -0.103010
    72 6.289963 0.932404 13.569109 -0.126801 -0.612098 -2.869612
    73 -1.327759 -0.766682 12.396324 -0.035040 -0.013617 0.305538
    74 0.000017 -54.999996 0.000000 0.000000 0.000000 -1.570796
  time 88
    0 0.000000 0.000000 -1.500000 0.000000 0.000000 0.000000
    1 -10.521344 -5.760963 66.994621 3.097007 -0.050786 -3.139334
    2 0.406634 4.000776 11.116815 0.047856 0.475630 0.320779
    3 -0.000034 0.000012 24.761454 -0.968863 -0.112429 -0.271502
    4 0.000017 0.000000 24.344809 1.585941 -0.447145 -0.228213
    5 0.002333 -1.019846 24.031336 0.794286 0.018735 0.109710
    6 0.000034 0.000008 13.404741 -0.000001 0.000003 -0.159764
    7 10.398263 -5.760962 66.994675 3.097007 0.050786 3.139334
    8 3.644476 -3.061204 15.882686 0.953800 -0.732227 0.105925
    9 -0.000004 -0.000006 24.761459 -1.388449 0.160997 -0.492277
    10 -0.000007 0.000004 24.344891 1.325151 0.239315 0.129168
    11 -0.002360 -1.019903 24.031330 0.389594 -0.042695 -0.017219
    12 0.000000 -0.000002 13.404737 0.000001 0.000005 -0.133112
    13 -0.061540 -5.245835 72.927078 0.000000 0.000000 0.000000
    14 -0.690103 -0.414848 -13.704483 0.063701 0.225815 -0.037776
    15 0.000000 -0.005608 -1.146812 0.220703 0.020559 -0.298784
    16 0.030770 -0.240000 8.906021 -0.004138 0.000000 0.000000
    17 -0.156232 1.121984 -0.043368 -0.184445 0.037457 0.352340
    18 0.030770 -0.276858 8.905140 0.056125 0.004134 -0.000049
    19 -0.079393 -0.338978 0.018356 0.095120 -0.002283 0.027647
    20 5.669724 4.435303 14.302868 0.915056 -1.021181 2.058704
    21 -1.044571 -2.839317 19.743267 -0.674730 -0.635125 0.199899
    22 2.655533 -1.533369 24.792658 -1.443504 0.523796 -0.311742
    23 1.120163 -0.154394 9.796035 -0.053061 -0.005115 -0.466106
    24 2.240311 -0.308786 19.592051 -0.462724 0.180194 -0.939357
    25 0.683151 2.877354 14.167051 -1.318229 -0.209242 1.519015
    26 0.144936 -0.145374 7.579252 -1.646396 -0.244271 0.212519
    27 0.091660 -0.906685 4.702850 -1.467247 -0.181212 0.167820
    28 0.506271 8.500866 13.617253 -1.262690 -0.268329 1.473343
    29 -0.384987 -0.460049 7.003448 -1.606633 -0.453406 0.499717
    30 0.561516 -0.596954 5.061852 -1.356816 -0.377117 0.334037
    31 -2.452171 -8.899406 11.597897 -1.376552 -0.118703 1.523025
    32 0.680496 -0.903999 6.074253 -1.532885 0.165790 -0.007558
    33 0.245514 -0.661150 3.388004 -1.384353 0.111992 -0.091391
    34 -0.717484 -3.784271 13.043911 -1.407553 -0.057097 1.474971
    35 1.099216 -1.407745 8.017889 -1.655266 0.029349 -0.012989
    36 0.068439 -0.807653 3.686054 -1.338994 0.030545 -0.006336
    37 -4.004929 6.172707 4.754754 0.199263 1.155238 2.638297
    38 0.158352 -1.149811 5.804394 -0.757325 -0.312021 0.153599
    39 -1.083523 -1.463142 5.544399 -0.770155 -0.154296 -0.012808
    40 -6.289886 0.932434 13.569063 -0.126803 0.612110 2.869610
    41 1.327774 -0.766687 12.396328 -0.027423 0.011664 -0.241853
    42 -0.096140 1.828087 23.185329 -0.133353 -0.089788 -1.444451
    43 2.325478 -0.000003 6.169296 -0.580122 -0.098048 1.474379
    44 0.000000 -3.152912 0.122169 2.280850 0.002217 -0.005429
    45 1.068383 -10.478592 7.066338 0.292219 -1.282324 -3.141588
    46 0.000000 0.000000 2.279457 0.547137 -0.343566 0.107833
    47 2.479414 -8.323895 6.074242 -0.060862 -0.994782 0.904209
    48 0.000003 -5.075260 5.835853 0.000000 0.000000 0.000000
    49 -1.068383 -10.478611 7.065971 0.292219 1.282324 3.141588
    50 -0.000488 0.000015 2.279600 0.547136 0.343566 0.107835
    51 -2.479401 -8.323895 6.074234 -0.037198 -1.007882 0.898816
    52 -5.790000 4.432083 14.255558 -5.534378 0.635340 -2.011259
    53 1.044540 -2.839314 19.743252 -0.860167 0.698912 -0.274660
    54 -2.655510 -1.533379 24.792648 -1.153034 -0.141613 0.456257
    55 -1.120216 -0.154385 9.795983 -0.057531 0.006729 0.507321
    56 -2.240372 -0.308788 19.592047 -0.427583 0.056142 0.946002
    57 -0.683205 2.877342 14.167089 -1.426981 0.249287 -1.724226
    58 -0.144958 -0.145317 7.579308 -1.438593 0.298876 -0.141439
    59 -0.038551 -0.936644 4.697678 -2.007709 0.254561 -0.323326
    60 -0.506317 8.500896 13.617329 -1.487439 0.316084 -1.833105
    61 0.385056 -0.460075 7.003435 -1.360665 0.587666 -0.325075
    62 -0.456360 -0.710276 5.057732 -1.805175 0.558209 -0.600858
    63 2.452194 -8.899408 11.597939 -1.313828 0.188750 -1.411321
    64 -0.680515 -0.903999 6.074242 -1.374872 -0.165929 -0.008693
    65 -0.248295 -0.666843 3.386627 -1.532886 -0.126545 0.112722
    66 0.717491 -3.784309 13.044010 -1.559553 0.062995 -1.471363
    67 -1.099228 -1.407673 8.017876 -1.272564 -0.016780 0.006552
    68 -0.064053 -0.807640 3.686100 -1.667668 -0.038691 0.011738
    69 4.004906 6.172710 4.754800 -0.652474 -1.023737 -1.571093
    70 -0.158381 -1.149773 5.804405 -0.338133 0.609337 0.517955
    71 1.078559 -2.386406 5.215008 -1.002151 0.998918 -0.102974
    72 6.289963 0.932404 13.569109 -0.126801 -0.612098 -2.869612
    73 -1.327759 -0.766682 12.396324 -0.038396 -0.014312 0.333158
    74 0.000017 -54.999996 0.000000 0.000000 0.000000 -1.570796
  time 89
    0 0.000000 0.000000 -1.500000 0.000000 0.000000 0.000000
    1 -10.521344 -5.760963 66.994621 3.097007 -0.050786 -3.139334
    2 0.629297 4.356808 10.376805 0.057762 0.467725 0.347081
    3 -0.000034 0.000012 24.761454 -0.941952 -0.109325 -0.282781
    4 0.000017 0.000000 24.344809 1.552590 -0.441260 -0.217907
    5 0.002333 -1.019846 24.031336 0.794286 0.018735 0.109710
    6 0.000034 0.000008 13.404741 -0.000001 0.000003 -0.162464
    7 10.398263 -5.760962 66.994675 3.097007 0.050786 3.139334
    8 3.687446 -3.136140 14.241634 0.880604 -0.701134 0.138519
    9 -0.000004 -0.000006 24.761459 -1.293524 0.150020 -0.476415
    10 -0.000007 0.000004 24.344891 1.292882 0.239715 0.123493
    11 -0.002360 -1.019903 24.031330 0.389594 -0.042695 -0.017219
    12 0.000000 -0.000002 13.404737 0.000001 0.000005 -0.135473
    13 -0.061540 -5.245835 72.927078 0.000000 0.000000 0.000000
    14 -0.986987 0.004397 -12.442742 0.004973 0.199337 -0.058615
    15 0.000000 -0.005608 -1.146812 0.220703 0.020559 -0.298784
    16 0.030770 -0.240000 8.906021 -0.004138 0.000000 0.000000
    17 -0.183576 1.364179 -0.070713 -0.227206 0.035432 0.289484
    18 0.030770 -0.276858 8.905140 0.056125 0.004134 -0.000049
    19 -0.087206 -0.428825 0.018356 0.116602 -0.004237 0.019989
    20 5.669724 4.435303 14.302868 0.756664 -1.002225 2.114862
    21 -1.044571 -2.839317 19.743267 -0.773843 -0.542394 0.169893
    22 2.655533 -1.533369 24.792658 -1.368645 0.460238 -0.447930
    23 1.120163 -0.154394 9.796035 -0.049550 -0.003964 -0.434027
    24 2.240311 -0.308786 19.592051 -0.451671 0.181022 -0.866997
    25 0.683151 2.877354 14.167051 -1.318229 -0.209242 1.519015
    26 0.144936 -0.145374 7.579252 -1.646396 -0.244271 0.212519
    27 0.091660 -0.906685 4.702850 -1.467247 -0.181212 0.167820
    28 0.506271 8.500866 13.617253 -1.262690 -0.268329 1.473343
    29 -0.384987 -0.460049 7.003448 -1.606633 -0.453406 0.499717
    30 0.561516 -0.596954 5.061852 -1.356816 -0.377117 0.334037
    31 -2.452171 -8.899406 11.597897 -1.376552 -0.118703 1.523025
    32 0.680496 -0.903999 6.074253 -1.532885 0.165802 -0.007570
    33 0.245514 -0.661150 3.388004 -1.384353 0.111992 -0.091391
    34 -0.717484 -3.784271 13.043911 -1.407553 -0.057097 1.474971
    35 1.099216 -1.407745 8.017889 -1.655266 0.029349 -0.012989
    36 0.068439 -0.807653 3.686054 -1.338994 0.030545 -0.006336
    37 -4.004929 6.172707 4.754754 0.199263 1.155238 2.638297
    38 0.158352 -1.149811 5.804394 -0.757367 -0.312006 0.153599
    39 -1.083523 -1.463142 5.544399 -0.770155 -0.154296 -0.012808
    40 -6.289886 0.932434 13.569063 -0.126803 0.612110 2.869610
    41 1.327774 -0.766687 12.396328 -0.036267 0.013881 -0.315670
    42 -0.096140 1.828087 23.185329 -0.133353 -0.089788 -1.444451
    43 2.325478 -0.000003 6.169296 -0.580122 -0.098048 1.474379
    44 0.000000 -3.152912 0.122169 2.280850 0.002217 -0.005417
    45 1.068383 -10.478592 7.066338 0.292219 -1.282324 -3.141588
    46 0.000000 0.000000 2.279457 0.547137 -0.343566 0.107833
    47 2.479414 -8.323895 6.074242 -0.065647 -1.091050 1.018723
    48 0.000003 -5.075260 5.839759 0.000000 0.000000 0.000000
    49 -1.068383 -10.478611 7.065971 0.292219 1.282324 3.141588
    50 -0.000488 0.000015 2.279600 0.547136 0.343566 0.107835
    51 -2.479401 -8.323895 6.074234 -0.034065 -1.102809 1.017138
    52 -5.790000 4.432083 14.255558 -5.575309 0.610791 -2.011163
    53 1.044540 -2.839314 19.743252 -0.877810 0.617976 -0.225890
    54 -2.655510 -1.533379 24.792648 -1.110660 -0.134806 0.549556
    55 -1.120216 -0.154385 9.795983 -0.055434 0.005938 0.487788
    56 -2.240372 -0.308788 19.592047 -0.456068 0.022133 0.906822
    57 -0.683205 2.877342 14.167089 -1.426981 0.249287 -1.724213
    58 -0.144958 -0.145317 7.579308 -1.438593 0.298876 -0.141439
    59 -0.038551 -0.936644 4.697678 -2.007709 0.254561 -0.323326
    60 -0.506317 8.500896 13.617329 -1.487439 0.316084 -1.833105
    61 0.385056 -0.460075 7.003435 -1.360622 0.587683 -0.325090
    62 -0.456360 -0.710276 5.057732 -1.805175 0.558209 -0.600858
    63 2.452194 -8.899408 11.597939 -1.313868 0.188750 -1.411321
    64 -0.680515 -0.903999 6.074242 -1.374872 -0.165929 -0.008693
    65 -0.248295 -0.666843 3.386627 -1.532927 -0.126545 0.112722
    66 0.717491 -3.784309 13.044010 -1.559553 0.062995 -1.471363
    67 -1.099228 -1.407673 8.017876 -1.272564 -0.016780 0.006564
    68 -0.064053 -0.807640 3.686100 -1.667668 -0.038703 0.011738
    69 4.004906 6.172710 4.754800 -0.652474 -1.023737 -1.571093
    70 -0.158381 -1.149773 5.804405 -0.338133 0.609337 0.517955
    71 1.078559 -2.386406 5.215008 -1.002151 0.998918 -0.102974
    72 6.289963 0.932404 13.569109 -0.126801 -0.612098 -2.869612
    73 -1.327759 -0.766682 12.396324 -0.044424 -0.015331 0.382754
    74 0.000017 -54.999996 0.000000 0.000000 0.000000 -1.570796
  time 90
    0 0.000000 0.000000 -1.500000 0.000000 0.000000 0.000000
    1 -10.521344 -5.760963 66.994621 3.097007 -0.050786 -3.139334
    2 0.851960 4.479578 9.502248 0.054619 0.461240 0.376964
    3 -0.000034 0.000012 24.761454 -0.892764 -0.103608 -0.299801
    4 0.000017 0.000000 24.344809 1.511040 -0.437570 -0.204144
    5 0.002333 -1.019846 24.031336 0.794286 0.018747 0.109710
    6 0.000034 0.000008 13.404741 -0.000001 0.000003 -0.164932
    7 10.398263 -5.760962 66.994675 3.097007 0.050786 3.139334
    8 3.706978 -3.410906 12.128497 0.784801 -0.656433 0.176972
    9 -0.000004 -0.000006 24.761459 -1.166370 0.135314 -0.455169
    10 -0.000007 0.000004 24.344891 1.252286 0.240626 0.115464
    11 -0.002360 -1.019903 24.031330 0.389594 -0.042695 -0.017219
    12 0.000000 -0.000002 13.404737 0.000001 0.000005 -0.139595
    13 -0.061540 -5.245835 72.927078 0.000000 0.000000 0.000000
    14 -1.334654 0.295540 -10.888096 -0.071037 0.161332 -0.081375
    15 0.000000 -0.005608 -1.146812 0.220703 0.020559 -0.298784
    16 0.030770 -0.240000 8.906021 -0.004138 0.000000 0.000000
    17 -0.207014 1.625906 -0.113683 -0.274071 0.029203 0.229025
    18 0.030770 -0.276858 8.905140 0.056125 0.004134 -0.000049
    19 -0.083299 -0.542110 0.018356 0.147629 -0.005307 0.012487
    20 5.669724 4.435303 14.302868 0.602865 -0.982846 2.173800
    21 -1.044571 -2.839317 19.743267 -0.852361 -0.406820 0.105510
    22 2.655533 -1.533369 24.792658 -1.283935 0.372779 -0.625040
    23 1.120163 -0.154394 9.796035 -0.045499 -0.002814 -0.397568
    24 2.240311 -0.308786 19.592051 -0.443794 0.175911 -0.782214
    25 0.683151 2.877354 14.167051 -1.318229 -0.209242 1.519015
    26 0.144936 -0.145374 7.579252 -1.646396 -0.244271 0.212519
    27 0.091660 -0.906685 4.702850 -1.467247 -0.181212 0.167820
    28 0.506271 8.500866 13.617253 -1.262690 -0.268329 1.473343
    29 -0.384987 -0.460049 7.003448 -1.606633 -0.453406 0.499717
    30 0.561516 -0.596954 5.061852 -1.356816 -0.377117 0.334037
    31 -2.452171 -8.899406 11.597897 -1.376501 -0.118703 1.523025
    32 0.680496 -0.903999 6.074253 -1.532885 0.165802 -0.007570
    33 0.245514 -0.661150 3.388004 -1.384300 0.111992 -0.091391
    34 -0.717484 -3.784271 13.043911 -1.407553 -0.057097 1.474971
    35 1.099216 -1.407745 8.017889 -1.655266 0.029349 -0.012989
    36 0.068439 -0.807653 3.686054 -1.338994 0.030545 -0.006336
    37 -4.004929 6.172707 4.754754 0.199263 1.155238 2.638201
    38 0.158352 -1.149811 5.804394 -0.757325 -0.312021 0.153599
    39 -1.083523 -1.463142 5.544399 -0.770155 -0.154296 -0.012808
    40 -6.289886 0.932434 13.569063 -0.126803 0.612110 2.869610
    41 1.327774 -0.766687 12.396328 -0.048348 0.015823 -0.414696
    42 -0.096140 1.828087 23.185329 -0.133353 -0.089788 -1.444451
    43 2.325478 -0.000003 6.169296 -0.580122 -0.098048 1.474379
    44 0.000000 -3.152912 0.122169 2.280866 0.002217 -0.005417
    45 1.068383 -10.478592 7.066338 0.292219 -1.282324 -3.141588
    46 0.000000 0.000000 2.279457 0.547137 -0.343566 0.107833
    47 2.479414 -8.323895 6.074242 -0.071410 -1.193422 1.158260
    48 0.000003 -5.075260 5.839759 0.000000 0.000000 0.000000
    49 -1.068383 -10.478611 7.065971 0.292219 1.282324 3.141588
    50 -0.000488 0.000015 2.279600 0.547136 0.343566 0.107835
    51 -2.479401 -8.323895 6.074234 -0.026152 -1.203123 1.161710
    52 -5.790000 4.432083 14.255558 -5.631674 0.579223 -2.011068
    53 1.044540 -2.839314 19.743252 -0.858330 0.499264 -0.153171
    54 -2.655510 -1.533379 24.792648 -1.079408 -0.126690 0.664212
    55 -1.120216 -0.154385 9.795983 -0.053085 0.005099 0.466243
    56 -2.240372 -0.308788 19.592047 -0.496695 -0.024549 0.864464
    57 -0.683205 2.877342 14.167089 -1.426981 0.249287 -1.724226
    58 -0.144958 -0.145317 7.579308 -1.438593 0.298876 -0.141439
    59 -0.038551 -0.936644 4.697678 -2.007709 0.254561 -0.323314
    60 -0.506317 8.500896 13.617329 -1.487439 0.316032 -1.833105
    61 0.385056 -0.460075 7.003435 -1.360622 0.587666 -0.325090
    62 -0.456360 -0.710276 5.057732 -1.805175 0.558209 -0.600858
    63 2.452194 -8.899408 11.597939 -1.313868 0.188750 -1.411345
    64 -0.680515 -0.903999 6.074242 -1.374818 -0.165929 -0.008693
    65 -0.248295 -0.666843 3.386627 -1.532927 -0.126545 0.112722
    66 0.717491 -3.784309 13.044010 -1.559553 0.062995 -1.471375
    67 -1.099228 -1.407673 8.017876 -1.272564 -0.016768 0.006552
    68 -0.064053 -0.807640 3.686100 -1.667668 -0.038691 0.011738
    69 4.004906 6.172710 4.754800 -0.652474 -1.023737 -1.571093
    70 -0.158381 -1.149773 5.804405 -0.338133 0.609337 0.517955
    71 1.078559 -2.386406 5.215008 -1.002151 0.998918 -0.102974
    72 6.289963 0.932404 13.569109 -0.126801 -0.612098 -2.869612
    73 -1.327759 -0.766682 12.396324 -0.051471 -0.016110 0.440215
    74 0.000017 -54.999996 0.000000 0.000000 0.000000 -1.570796
  time 91
    0 0.000000 0.000000 -1.500000 0.000000 0.000000 0.000000
    1 -10.521344 -5.760963 66.994621 3.097007 -0.050786 -3.139334
    2 1.043372 4.405916 8.762238 0.042185 0.457705 0.403266
    3 -0.000034 0.000012 24.761454 -0.837520 -0.097220 -0.317798
    4 0.000017 0.000000 24.344809 1.472757 -0.436167 -0.190748
    5 0.002333 -1.019846 24.031336 0.794286 0.018735 0.109710
    6 0.000034 0.000008 13.404741 -0.000001 0.000003 -0.166071
    7 10.398263 -5.760962 66.994675 3.097007 0.050786 3.139334
    8 3.714791 -3.773098 10.037842 0.686780 -0.608695 0.211381
    9 -0.000004 -0.000006 24.761459 -1.025411 0.118991 -0.435359
    10 -0.000007 0.000004 24.344891 1.203623 0.243026 0.106426
    11 -0.002360 -1.019903 24.031330 0.389594 -0.042695 -0.017219
    12 0.000000 -0.000002 13.404737 0.000001 0.000005 -0.146186
    13 -0.061540 -5.245835 72.927078 0.000000 0.000000 0.000000
    14 -1.682321 0.493517 -9.446106 -0.147592 0.118062 -0.098731
    15 0.000000 -0.005608 -1.146812 0.220703 0.020559 -0.298784
    16 0.030770 -0.240000 8.906021 -0.004138 0.000000 0.000000
    17 -0.230453 1.848569 -0.156653 -0.315464 0.019277 0.175274
    18 0.030770 -0.276858 8.905140 0.056125 0.004134 -0.000049
    19 -0.071580 -0.663207 0.018356 0.186233 -0.005348 0.005739
    20 5.669724 4.435303 14.302868 0.465623 -0.964313 2.229096
    21 -1.044571 -2.839317 19.743267 -0.878093 -0.207582 0.018595
    22 2.655533 -1.533369 24.792658 -1.202870 0.274061 -0.846144
    23 1.120163 -0.154394 9.796035 -0.041136 -0.001735 -0.358694
    24 2.240311 -0.308786 19.592051 -0.439660 0.170202 -0.692525
    25 0.683151 2.877354 14.167051 -1.318229 -0.209242 1.519027
    26 0.144936 -0.145374 7.579252 -1.646396 -0.244271 0.212519
    27 0.091660 -0.906685 4.702850 -1.467247 -0.181212 0.167820
    28 0.506271 8.500866 13.617253 -1.262690 -0.268329 1.473343
    29 -0.384987 -0.460049 7.003448 -1.606633 -0.453406 0.499717
    30 0.561516 -0.596954 5.061852 -1.356780 -0.377117 0.334049
    31 -2.452171 -8.899406 11.597897 -1.376501 -0.118703 1.523025
    32 0.680496 -0.903999 6.074253 -1.532885 0.165790 -0.007558
    33 0.245514 -0.661150 3.388004 -1.384300 0.111992 -0.091391
    34 -0.717484 -3.784271 13.043911 -1.407509 -0.057097 1.474971
    35 1.099216 -1.407745 8.017889 -1.655266 0.029349 -0.012989
    36 0.068439 -0.807653 3.686054 -1.338994 0.030545 -0.006336
    37 -4.004929 6.172707 4.754754 0.199353 1.155238 2.638201
    38 0.158352 -1.149811 5.804394 -0.757367 -0.312021 0.153599
    39 -1.083523 -1.463142 5.544399 -0.770155 -0.154296 -0.012822
    40 -6.289886 0.932434 13.569063 -0.126803 0.612110 2.869610
    41 1.327774 -0.766687 12.396328 -0.064539 0.016518 -0.546161
    42 -0.096140 1.828087 23.185329 -0.133353 -0.089788 -1.444451
    43 2.325478 -0.000003 6.169296 -0.580122 -0.098048 1.474379
    44 0.000000 -3.152912 0.122169 2.280850 0.002217 -0.005429
    45 1.068383 -10.478592 7.066338 0.292219 -1.282324 -3.141588
    46 0.000000 0.000000 2.279457 0.547137 -0.343566 0.107833
    47 2.479414 -8.323895 6.074242 -0.071519 -1.277293 1.324635
    48 0.000003 -5.075260 5.839759 0.000000 0.000000 0.000000
    49 -1.068383 -10.478611 7.065971 0.292219 1.282324 3.141588
    50 -0.000488 0.000015 2.279600 0.547136 0.343566 0.107835
    51 -2.479401 -8.323895 6.074234 -0.005285 -1.284442 1.334354
    52 -5.790000 4.432083 14.255558 -5.693406 0.545786 -2.010972
    53 1.044540 -2.839314 19.743252 -0.811579 0.363169 -0.087283
    54 -2.655510 -1.533379 24.792648 -1.057214 -0.117566 0.780761
    55 -1.120216 -0.154385 9.795983 -0.050532 0.004272 0.443092
    56 -2.240372 -0.308788 19.592047 -0.543508 -0.081924 0.821246
    57 -0.683205 2.877342 14.167089 -1.426981 0.249267 -1.724213
    58 -0.144958 -0.145317 7.579308 -1.438593 0.298876 -0.141439
    59 -0.038551 -0.936644 4.697678 -2.007709 0.254561 -0.323326
    60 -0.506317 8.500896 13.617329 -1.487439 0.316032 -1.833105
    61 0.385056 -0.460075 7.003435 -1.360622 0.587666 -0.325090
    62 -0.456360 -0.710276 5.057732 -1.805175 0.558187 -0.600858
    63 2.452194 -8.899408 11.597939 -1.313868 0.188750 -1.411321
    64 -0.680515 -0.903999 6.074242 -1.374872 -0.165929 -0.008693
    65 -0.248295 -0.666843 3.386627 -1.532927 -0.126545 0.112722
    66 0.717491 -3.784309 13.044010 -1.559553 0.062995 -1.471363
    67 -1.099228 -1.407673 8.017876 -1.272564 -0.016780 0.006552
    68 -0.064053 -0.807640 3.686100 -1.667668 -0.038691 0.011738
    69 4.004906 6.172710 4.754800 -0.652474 -1.023737 -1.571093
    70 -0.158381 -1.149773 5.804405 -0.338133 0.609337 0.517955
    71 1.078559 -2.386406 5.215008 -1.002151 0.998918 -0.102974
    72 6.289963 0.932404 13.569109 -0.126801 -0.612098 -2.869612
    73 -1.327759 -0.766682 12.396324 -0.058542 -0.016493 0.497537
    74 0.000017 -54.999996 0.000000 0.000000 0.000000 -1.570796
  time 92
    0 0.000000 0.000000 -1.500000 0.000000 0.000000 0.000000
    1 -10.521344 -5.760963 66.994621 3.097007 -0.050786 -3.139334
    2 1.172282 4.221762 8.381021 0.031459 0.457009 0.422009
    3 -0.000034 0.000012 24.761454 -0.802234 -0.093134 -0.333597
    4 0.000017 0.000000 24.344809 1.453092 -0.436099 -0.182754
    5 0.002333 -1.019846 24.031336 0.794286 0.018735 0.109710
    6 0.000034 0.000008 13.404741 -0.000001 0.000003 -0.166725
    7 10.398263 -5.760962 66.994675 3.097007 0.050786 3.139334
    8 3.722603 -4.022885 8.441749 0.608977 -0.570139 0.235476
    9 -0.000004 -0.000006 24.761459 -0.905297 0.105065 -0.422116
    10 -0.000007 0.000004 24.344891 1.158768 0.246359 0.098334
    11 -0.002360 -1.019903 24.031330 0.389594 -0.042695 -0.017219
    12 0.000000 -0.000002 13.404737 0.000001 0.000005 -0.153808
    13 -0.061540 -5.245835 72.927078 0.000000 0.000000 0.000000
    14 -1.987018 0.598328 -8.477268 -0.208272 0.076427 -0.107679
    15 0.000000 -0.005608 -1.146812 0.220703 0.020559 -0.298784
    16 0.030770 -0.240000 8.906021 -0.004138 0.000000 0.000000
    17 -0.246078 1.985291 -0.183998 -0.342253 0.007933 0.132506
    18 0.030770 -0.276858 8.905140 0.056125 0.004134 -0.000049
    19 -0.063767 -0.796024 0.018356 0.230414 -0.004669 0.000382
    20 5.669724 4.435303 14.302868 0.355370 -0.948457 2.274712
    21 -1.044571 -2.839317 19.743267 -0.836999 0.042640 -0.053374
    22 2.655533 -1.533369 24.792658 -1.135649 0.176995 -1.090539
    23 1.120163 -0.154394 9.796035 -0.036714 -0.000836 -0.319716
    24 2.240311 -0.308786 19.592051 -0.437571 0.168913 -0.604973
    25 0.683151 2.877354 14.167051 -1.318229 -0.209242 1.519015
    26 0.144936 -0.145374 7.579252 -1.646396 -0.244271 0.212519
    27 0.091660 -0.906685 4.702850 -1.467247 -0.181212 0.167820
    28 0.506271 8.500866 13.617253 -1.262690 -0.268329 1.473343
    29 -0.384987 -0.460049 7.003448 -1.606668 -0.453406 0.499717
    30 0.561516 -0.596954 5.061852 -1.356780 -0.377117 0.334049
    31 -2.452171 -8.899406 11.597897 -1.376501 -0.118703 1.523025
    32 0.680496 -0.903999 6.074253 -1.532885 0.165802 -0.007558
    33 0.245514 -0.661150 3.388004 -1.384300 0.111992 -0.091391
    34 -0.717484 -3.784271 13.043911 -1.407553 -0.057097 1.474971
    35 1.099216 -1.407745 8.017889 -1.655266 0.029349 -0.012989
    36 0.068439 -0.807653 3.686054 -1.338994 0.030545 -0.006336
    37 -4.004929 6.172707 4.754754 0.199353 1.155238 2.638201
    38 0.158352 -1.149811 5.804394 -0.757325 -0.312006 0.153599
    39 -1.083523 -1.463142 5.544399 -0.770155 -0.154284 -0.012808
    40 -6.289886 0.932434 13.569063 -0.126803 0.612110 2.869610
    41 1.327774 -0.766687 12.396328 -0.083427 0.014624 -0.699922
    42 -0.096140 1.828087 23.185329 -0.133353 -0.089788 -1.444451
    43 2.325478 -0.000003 6.169296 -0.580122 -0.098048 1.474379
    44 0.000000 -3.152912 0.122169 2.280866 0.002217 -0.005417
    45 1.068383 -10.478592 7.066338 0.292219 -1.282324 -3.141588
    46 0.000000 0.000000 2.279457 0.547137 -0.343566 0.107833
    47 2.479414 -8.323895 6.074242 -0.055452 -1.321717 1.495498
    48 0.000003 -5.075260 5.839759 0.000000 0.000000 0.000000
    49 -1.068383 -10.478611 7.065971 0.292219 1.282324 3.141588
    50 -0.000488 0.000015 2.279600 0.547136 0.343566 0.107835
    51 -2.479401 -8.323895 6.074234 0.029741 -1.326212 1.510543
    52 -5.790000 4.432083 14.255558 -5.750250 0.515340 -2.011068
    53 1.044540 -2.839314 19.743252 -0.750190 0.237080 -0.045317
    54 -2.655510 -1.533379 24.792648 -1.043173 -0.108389 0.887086
    55 -1.120216 -0.154385 9.795983 -0.047860 0.003457 0.418826
    56 -2.240372 -0.308788 19.592047 -0.591161 -0.146823 0.778801
    57 -0.683205 2.877342 14.167089 -1.427030 0.249287 -1.724226
    58 -0.144958 -0.145317 7.579308 -1.438593 0.298876 -0.141439
    59 -0.038551 -0.936644 4.697678 -2.007709 0.254549 -0.323314
    60 -0.506317 8.500896 13.617329 -1.487439 0.316084 -1.833105
    61 0.385056 -0.460075 7.003435 -1.360622 0.587666 -0.325075
    62 -0.456360 -0.710276 5.057732 -1.805175 0.558209 -0.600858
    63 2.452194 -8.899408 11.597939 -1.313868 0.188750 -1.411321
    64 -0.680515 -0.903999 6.074242 -1.374818 -0.165929 -0.008693
    65 -0.248295 -0.666843 3.386627 -1.532927 -0.126545 0.112722
    66 0.717491 -3.784309 13.044010 -1.559553 0.062995 -1.471375
    67 -1.099228 -1.407673 8.017876 -1.272564 -0.016780 0.006564
    68 -0.064053 -0.807640 3.686100 -1.667668 -0.038703 0.011738
    69 4.004906 6.172710 4.754800 -0.652474 -1.023737 -1.571093
    70 -0.158381 -1.149773 5.804405 -0.338133 0.609337 0.517955
    71 1.078559 -2.386406 5.215008 -1.002151 0.998918 -0.102974
    72 6.289963 0.932404 13.569109 -0.126801 -0.612098 -2.869612
    73 -1.327759 -0.766682 12.396324 -0.064942 -0.016493 0.549354
    74 0.000017 -54.999996 0.000000 0.000000 0.000000 -1.570796
  time 93
    0 0.000000 0.000000 -1.500000 0.000000 0.000000 0.000000
    1 -10.521344 -5.760963 66.994621 3.097007 -0.050786 -3.139334
    2 1.195720 4.062161 8.717389 0.038838 0.456897 0.430572
    3 -0.000034 0.000012 24.761454 -0.821381 -0.095363 -0.345324
    4 0.000017 0.000000 24.344809 1.471340 -0.435623 -0.186859
    5 0.002333 -1.019846 24.031336 0.794286 0.018735 0.109710
    6 0.000034 0.000008 13.404741 -0.000001 0.000003 -0.169066
    7 10.398263 -5.760962 66.994675 3.097007 0.050786 3.139334
    8 3.726510 -4.160269 7.924705 0.580910 -0.557300 0.244718
    9 -0.000004 -0.000006 24.761459 -0.862399 0.100116 -0.419174
    10 -0.000007 0.000004 24.344891 1.142763 0.247892 0.095328
    11 -0.002360 -1.019903 24.031330 0.389594 -0.042695 -0.017219
    12 0.000000 -0.000002 13.404737 0.000001 0.000005 -0.160399
    13 -0.061540 -5.245835 72.927078 0.000000 0.000000 0.000000
    14 -2.201868 0.644911 -8.409675 -0.237140 0.042706 -0.109360
    15 0.000000 -0.005608 -1.146812 0.220703 0.020559 -0.298784
    16 0.030770 -0.240000 8.906021 -0.004138 0.000000 0.000000
    17 -0.249984 1.989198 -0.176185 -0.345641 -0.001866 0.104392
    18 0.030770 -0.276858 8.905140 0.056125 0.004134 -0.000049
    19 -0.052048 -0.917121 0.002731 0.278598 -0.003764 -0.003093
    20 5.669724 4.435303 14.302868 0.282059 -0.937323 2.305858
    21 -1.044571 -2.839317 19.743267 -0.737397 0.283782 -0.084254
    22 2.655533 -1.533369 24.792658 -1.089822 0.099181 -1.309136
    23 1.120163 -0.154394 9.796035 -0.032519 -0.000153 -0.282636
    24 2.240311 -0.308786 19.592051 -0.433393 0.175957 -0.525571
    25 0.683151 2.877354 14.167051 -1.318229 -0.209242 1.519015
    26 0.144936 -0.145374 7.579252 -1.646396 -0.244271 0.212519
    27 0.091660 -0.906685 4.702850 -1.467247 -0.181212 0.167820
    28 0.506271 8.500866 13.617253 -1.262690 -0.268329 1.473343
    29 -0.384987 -0.460049 7.003448 -1.606633 -0.453406 0.499717
    30 0.561516 -0.596954 5.061852 -1.356816 -0.377117 0.334049
    31 -2.452171 -8.899406 11.597897 -1.376552 -0.118703 1.523025
    32 0.680496 -0.903999 6.074253 -1.532885 0.165790 -0.007570
    33 0.245514 -0.661150 3.388004 -1.384353 0.111992 -0.091391
    34 -0.717484 -3.784271 13.043911 -1.407553 -0.057097 1.474971
    35 1.099216 -1.407745 8.017889 -1.655266 0.029349 -0.012989
    36 0.068439 -0.807653 3.686054 -1.338994 0.030545 -0.006336
    37 -4.004929 6.172707 4.754754 0.199263 1.155238 2.638297
    38 0.158352 -1.149811 5.804394 -0.757367 -0.312021 0.153599
    39 -1.083523 -1.463142 5.544399 -0.770155 -0.154296 -0.012808
    40 -6.289886 0.932434 13.569063 -0.126803 0.612110 2.869610
    41 1.327774 -0.766687 12.396328 -0.099941 0.010502 -0.838066
    42 -0.096140 1.828087 23.185329 -0.133353 -0.089788 -1.444451
    43 2.325478 -0.000003 6.169296 -0.580122 -0.098048 1.474379
    44 0.000000 -3.152912 0.122169 2.280866 0.002217 -0.005417
    45 1.068383 -10.478592 7.066338 0.292219 -1.282324 -3.141588
    46 0.000000 0.000000 2.279457 0.547137 -0.343566 0.107833
    47 2.479414 -8.323895 6.074242 -0.033241 -1.309977 1.600939
    48 0.000003 -5.075260 5.839759 0.000000 0.000000 0.000000
    49 -1.068383 -10.478611 7.065971 0.292231 1.282324 3.141588
    50 -0.000488 0.000015 2.279600 0.547136 0.343566 0.107835
    51 -2.479401 -8.323895 6.074234 0.047656 -1.312462 1.616027
    52 -5.790000 4.432083 14.255558 -5.791852 0.492743 -2.011259
    53 1.044540 -2.839314 19.743252 -0.687298 0.148470 -0.028171
    54 -2.655510 -1.533379 24.792648 -1.037436 -0.100300 0.980764
    55 -1.120216 -0.154385 9.795983 -0.045079 0.002690 0.393880
    56 -2.240372 -0.308788 19.592047 -0.635148 -0.215287 0.737645
    57 -0.683205 2.877342 14.167089 -1.426981 0.249287 -1.724213
    58 -0.144958 -0.145317 7.579308 -1.438593 0.298876 -0.141439
    59 -0.038551 -0.936644 4.697678 -2.007709 0.254561 -0.323314
    60 -0.506317 8.500896 13.617329 -1.487439 0.316084 -1.833105
    61 0.385056 -0.460075 7.003435 -1.360622 0.587666 -0.325075
    62 -0.456360 -0.710276 5.057732 -1.805175 0.558209 -0.600858
    63 2.452194 -8.899408 11.597939 -1.313868 0.188750 -1.411321
    64 -0.680515 -0.903999 6.074242 -1.374872 -0.165929 -0.008693
    65 -0.248295 -0.666843 3.386627 -1.532927 -0.126545 0.112722
    66 0.717491 -3.784309 13.044010 -1.559553 0.062995 -1.471363
    67 -1.099228 -1.407673 8.017876 -1.272564 -0.016780 0.006564
    68 -0.064053 -0.807640 3.686100 -1.667668 -0.038703 0.011738
    69 4.004906 6.172710 4.754800 -0.652474 -1.023737 -1.571093
    70 -0.158381 -1.149773 5.804405 -0.338133 0.609337 0.517955
    71 1.078559 -2.386406 5.215008 -1.002151 0.998918 -0.102974
    72 6.289963 0.932404 13.569109 -0.126801 -0.612098 -2.869612
    73 -1.327759 -0.766682 12.396324 -0.070539 -0.016242 0.594832
    74 0.000017 -54.999996 0.000000 0.000000 0.000000 -1.570796
  time 94
    0 0.000000 0.000000 -1.500000 0.000000 0.000000 0.000000
    1 -10.521344 -5.760963 66.994621 3.097007 -0.050786 -3.139334
    2 1.078529 4.086715 10.062862 0.075662 0.455812 0.426378
    3 -0.000034 0.000012 24.761454 -0.920976 -0.106892 -0.351961
    4 0.000017 0.000000 24.344809 1.542788 -0.433858 -0.208314
    5 0.002333 -1.019846 24.031336 0.794286 0.018735 0.109710
    6 0.000034 0.000008 13.404741 -0.000001 0.000003 -0.176153
    7 10.398263 -5.760962 66.994675 3.097007 0.050786 3.139334
    8 3.726510 -4.085332 8.981273 0.630219 -0.587332 0.234981
    9 -0.000004 -0.000006 24.761459 -0.950395 0.110303 -0.432739
    10 -0.000007 0.000004 24.344891 1.179486 0.245159 0.101529
    11 -0.002360 -1.019903 24.031330 0.389594 -0.042695 -0.017219
    12 0.000000 -0.000002 13.404737 0.000001 0.000005 -0.166947
    13 -0.061540 -5.245835 72.927078 0.000000 0.000000 0.000000
    14 -2.283902 0.656556 -9.581292 -0.217841 0.022215 -0.106898
    15 0.000000 -0.005608 -1.146812 0.220703 0.020559 -0.298784
    16 0.030770 -0.240000 8.906021 -0.004138 0.000000 0.000000
    17 -0.249984 1.789973 -0.125402 -0.316958 -0.007943 0.094768
    18 0.030770 -0.276858 8.905140 0.056125 0.004134 -0.000049
    19 -0.048142 -1.026499 -0.024614 0.328892 -0.002900 -0.004172
    20 5.669724 4.435303 14.302868 0.255357 -0.933130 2.317454
    21 -1.044571 -2.839317 19.743267 -0.612601 0.460633 -0.070633
    22 2.655533 -1.533369 24.792658 -1.077845 0.060139 -1.475247
    23 1.120163 -0.154394 9.796035 -0.028720 0.000350 -0.249488
    24 2.240311 -0.308786 19.592051 -0.421338 0.193869 -0.459976
    25 0.683151 2.877354 14.167051 -1.318229 -0.209242 1.519015
    26 0.144936 -0.145374 7.579252 -1.646396 -0.244271 0.212519
    27 0.091660 -0.906685 4.702850 -1.467247 -0.181212 0.167820
    28 0.506271 8.500866 13.617253 -1.262690 -0.268329 1.473343
    29 -0.384987 -0.460049 7.003448 -1.606633 -0.453406 0.499717
    30 0.561516 -0.596954 5.061852 -1.356816 -0.377129 0.334037
    31 -2.452171 -8.899406 11.597897 -1.376501 -0.118703 1.523025
    32 0.680496 -0.903999 6.074253 -1.532885 0.165802 -0.007570
    33 0.245514 -0.661150 3.388004 -1.384300 0.111992 -0.091391
    34 -0.717484 -3.784271 13.043911 -1.407553 -0.057097 1.474971
    35 1.099216 -1.407745 8.017889 -1.655266 0.029349 -0.012989
    36 0.068439 -0.807653 3.686054 -1.338994 0.030545 -0.006336
    37 -4.004929 6.172707 4.754754 0.199263 1.155238 2.638297
    38 0.158352 -1.149811 5.804394 -0.757325 -0.312006 0.153599
    39 -1.083523 -1.463142 5.544399 -0.770155 -0.154296 -0.012808
    40 -6.289886 0.932434 13.569063 -0.126803 0.612110 2.869610
    41 1.327774 -0.766687 12.396328 -0.111794 0.005971 -0.940908
    42 -0.096140 1.828087 23.185329 -0.133353 -0.089788 -1.444451
    43 2.325478 -0.000003 6.169296 -0.580122 -0.098048 1.474379
    44 0.000000 -3.152912 0.122169 2.280866 0.002217 -0.005417
    45 1.068383 -10.478592 7.066338 0.292219 -1.282324 -3.141588
    46 0.000000 0.000000 2.279457 0.547137 -0.343566 0.107833
    47 2.479414 -8.323895 6.074242 -0.024025 -1.224369 1.601512
    48 0.000003 -5.075260 5.839759 0.000000 0.000000 0.000000
    49 -1.068383 -10.478611 7.065971 0.292219 1.282324 3.141588
    50 -0.000488 0.000015 2.279600 0.547136 0.343566 0.107835
    51 -2.479401 -8.323895 6.074234 0.033999 -1.225945 1.612961
    52 -5.790000 4.432083 14.255558 -5.807764 0.482733 -2.011547
    53 1.044540 -2.839314 19.743252 -0.642495 0.121760 -0.028797
    54 -2.655510 -1.533379 24.792648 -1.040808 -0.094165 1.063310
    55 -1.120216 -0.154385 9.795983 -0.042251 0.001983 0.368580
    56 -2.240372 -0.308788 19.592047 -0.671728 -0.282216 0.697005
    57 -0.683205 2.877342 14.167089 -1.427030 0.249287 -1.724213
    58 -0.144958 -0.145317 7.579308 -1.438593 0.298876 -0.141439
    59 -0.038551 -0.936644 4.697678 -2.007709 0.254549 -0.323326
    60 -0.506317 8.500896 13.617329 -1.487439 0.316084 -1.833105
    61 0.385056 -0.460075 7.003435 -1.360622 0.587666 -0.325075
    62 -0.456360 -0.710276 5.057732 -1.805175 0.558209 -0.600858
    63 2.452194 -8.899408 11.597939 -1.313868 0.188750 -1.411321
    64 -0.680515 -0.903999 6.074242 -1.374818 -0.165929 -0.008693
    65 -0.248295 -0.666843 3.386627 -1.532927 -0.126545 0.112722
    66 0.717491 -3.784309 13.044010 -1.559553 0.062995 -1.471375
    67 -1.099228 -1.407673 8.017876 -1.272564 -0.016780 0.006564
    68 -0.064053 -0.807640 3.686100 -1.667668 -0.038715 0.011738
    69 4.004906 6.172710 4.754800 -0.652549 -1.023737 -1.571093
    70 -0.158381 -1.149773 5.804405 -0.338133 0.609337 0.517955
    71 1.078559 -2.386406 5.215008 -1.002151 0.998918 -0.102974
    72 6.289963 0.932404 13.569109 -0.126801 -0.612098 -2.869612
    73 -1.327759 -0.766682 12.396324 -0.075752 -0.015738 0.637118
    74 0.000017 -54.999996 0.000000 0.000000 0.000000 -1.570796
  time 95
    0 0.000000 0.000000 -1.500000 0.000000 0.000000 0.000000
    1 -10.521344 -5.760963 66.994621 3.097007 -0.050786 -3.139334
    2 0.699611 2.944954 16.341733 0.208337 0.463299 0.387537
    3 -0.000034 0.000012 24.761454 -1.342243 -0.155609 -0.392109
    4 0.000017 0.000000 24.344809 1.786171 -0.442301 -0.320472
    5 0.002333 -1.019846 24.031336 0.888667 0.008273 0.110933
    6 0.000034 0.000008 13.404741 -0.000001 0.000003 -0.238189
    7 10.398263 -5.760962 66.994675 3.097007 0.050786 3.139334
    8 4.097615 -5.334269 16.849333 0.894339 -0.811571 0.183408
    9 -0.000004 -0.000006 24.761459 -1.478040 0.171340 -0.562688
    10 -0.000007 0.000004 24.344891 1.427253 0.250425 0.145857
    11 -0.002360 -1.019903 24.031330 0.389594 -0.042695 -0.017219
    12 0.000000 -0.000002 13.404737 0.000001 0.000005 -0.221973
    13 -0.061540 -5.245835 72.927078 0.000000 0.000000 0.000000
    14 -2.283902 -1.474606 -16.701120 -0.008565 0.036994 -0.105577
    15 0.000000 -0.005608 -1.146812 0.220703 0.020559 -0.298784
    16 0.030770 -0.240000 8.906021 -0.004138 0.000000 0.000000
    17 -0.164044 0.621969 0.058197 -0.129920 -0.012995 0.091534
    18 0.030770 -0.276858 8.905140 0.056125 0.004134 -0.000049
    19 -0.016891 -1.124159 -0.087116 0.418433 0.007139 -0.001967
    20 5.669724 4.435303 14.302868 0.596357 -0.957618 1.913899
    21 -1.044571 -2.839317 19.743267 -0.793852 0.262856 -0.099285
    22 2.655533 -1.533369 24.792658 -1.060573 0.079506 -1.264009
    23 1.120163 -0.154394 9.796035 -0.025341 0.000674 -0.219962
    24 2.240311 -0.308786 19.592051 -0.401712 0.231765 -0.407714
    25 0.683151 2.877354 14.167051 -1.318229 -0.209242 1.519015
    26 0.144936 -0.145374 7.579252 -1.646396 -0.244271 0.212519
    27 0.091660 -0.906685 4.702850 -1.467247 -0.181212 0.167820
    28 0.506271 8.500866 13.617253 -1.262690 -0.268329 1.473343
    29 -0.384987 -0.460049 7.003448 -1.606633 -0.453406 0.499717
    30 0.561516 -0.596954 5.061852 -1.356816 -0.377117 0.334037
    31 -2.452171 -8.899406 11.597897 -1.376552 -0.118703 1.523025
    32 0.680496 -0.903999 6.074253 -1.532885 0.165802 -0.007570
    33 0.245514 -0.661150 3.388004 -1.384353 0.111992 -0.091391
    34 -0.717484 -3.784271 13.043911 -1.407553 -0.057097 1.474971
    35 1.099216 -1.407745 8.017889 -1.655266 0.029349 -0.012989
    36 0.068439 -0.807653 3.686054 -1.338994 0.030545 -0.006336
    37 -4.004929 6.172707 4.754754 0.199263 1.155238 2.638297
    38 0.158352 -1.149811 5.804394 -0.757325 -0.312021 0.153599
    39 -1.083523 -1.463142 5.544399 -0.770155 -0.154296 -0.012808
    40 -6.289886 0.932434 13.569063 -0.126803 0.612110 2.869610
    41 1.327774 -0.766687 12.396328 -0.097784 0.011173 -0.819737
    42 -0.096140 1.828087 23.185329 -0.133353 -0.089788 -1.444451
    43 2.325478 -0.000003 6.169296 -0.580122 -0.098048 1.474379
    44 0.000000 -3.152912 0.122169 2.280866 0.002217 -0.005417
    45 1.068383 -10.478592 7.066338 0.292219 -1.282324 -3.141588
    46 0.000000 0.000000 2.279457 0.547137 -0.343566 0.107833
    47 2.479414 -8.323895 6.074242 -0.012253 -0.758574 1.568753
    48 0.000003 -5.075260 5.839759 0.000000 0.000000 0.000000
    49 -1.068383 -10.478611 7.065971 0.292219 1.282324 3.141588
    50 -0.000488 0.000015 2.279600 0.547136 0.343566 0.107835
    51 -2.479401 -8.323895 6.074234 0.012429 -0.760475 1.575404
    52 -5.790000 4.432083 14.255558 -5.685354 0.482110 -1.743455
    53 1.044540 -2.839314 19.743252 -0.667707 0.364950 -0.093297
    54 -2.655510 -1.533379 24.792648 -1.026465 -0.101491 0.932145
    55 -1.120216 -0.154385 9.795983 -0.038164 0.001096 0.332317
    56 -2.240372 -0.308788 19.592047 -0.717701 -0.370233 0.634111
    57 -0.683205 2.877342 14.167089 -1.427030 0.249287 -1.724226
    58 -0.144958 -0.145317 7.579308 -1.438593 0.298876 -0.141439
    59 -0.038551 -0.936644 4.697678 -2.007709 0.254561 -0.323314
    60 -0.506317 8.500896 13.617329 -1.487439 0.316032 -1.833105
    61 0.385056 -0.460075 7.003435 -1.360622 0.587666 -0.325090
    62 -0.456360 -0.710276 5.057732 -1.805175 0.558209 -0.600858
    63 2.452194 -8.899408 11.597939 -1.313868 0.188750 -1.411321
    64 -0.680515 -0.903999 6.074242 -1.374818 -0.165929 -0.008693
    65 -0.248295 -0.666843 3.386627 -1.532927 -0.126545 0.112722
    66 0.717491 -3.784309 13.044010 -1.559553 0.062995 -1.471363
    67 -1.099228 -1.407673 8.017876 -1.272564 -0.016780 0.006564
    68 -0.064053 -0.807640 3.686100 -1.667668 -0.038703 0.011738
    69 4.004906 6.172710 4.754800 -0.652549 -1.023737 -1.571093
    70 -0.158381 -1.149773 5.804405 -0.338133 0.609337 0.517955
    71 1.078559 -2.386406 5.215008 -1.002151 0.998918 -0.102974
    72 6.289963 0.932404 13.569109 -0.126801 -0.612098 -2.869612
    73 -1.327759 -0.766682 12.396324 -0.065925 -0.016469 0.557496
    74 0.000017 -54.999996 0.000000 0.000000 0.000000 -1.570796
  time 96
    0 0.000000 0.000000 -1.500000 0.000000 0.000000 0.000000
    1 -10.521344 -5.760963 66.994621 3.097007 -0.050786 -3.139334
    2 0.254285 0.158077 25.356398 0.186612 0.489743 0.273813
    3 -0.000034 0.000012 24.761454 -1.719445 -0.199209 -0.488489
    4 0.000017 0.000000 24.344809 2.095824 -0.473039 -0.505054
    5 0.002333 -1.019846 24.031336 1.064062 -0.011274 0.110537
    6 0.000034 0.000008 13.404741 -0.000001 0.000003 -0.350131
    7 10.398263 -5.760962 66.994675 3.097007 0.050786 3.139334
    8 4.726540 -7.320079 28.741344 1.267229 -1.317186 -0.003244
    9 -0.000004 -0.000006 24.761459 -2.048033 0.237184 -0.957453
    10 -0.000007 0.000004 24.344891 1.665081 0.283822 0.251811
    11 -0.002360 -1.019903 24.031330 0.389594 -0.042695 -0.017207
    12 0.000000 -0.000002 13.404737 0.000001 0.000005 -0.498199
    13 -0.061540 -5.245835 72.927078 0.000000 0.000000 0.000000
    14 -2.283902 -5.422496 -27.808952 0.344826 0.074345 -0.085519
    15 0.000000 -0.005608 -1.146812 0.220703 0.020559 -0.298784
    16 0.030770 -0.240000 8.906021 -0.004138 0.000000 0.000000
    17 0.035181 -1.256995 -0.004305 0.170060 -0.007171 0.078356
    18 0.030770 -0.276858 8.905140 0.056125 0.004134 -0.000049
    19 0.014360 -1.171035 -0.106647 0.529135 0.022629 0.003283
    20 5.669724 4.435303 14.302868 1.132021 -0.804242 1.256577
    21 -1.044571 -2.839317 19.743267 -0.909744 -0.363664 0.082019
    22 2.655533 -1.533369 24.792658 -0.968616 0.111170 -0.449629
    23 1.120163 -0.154394 9.796035 -0.022680 0.000865 -0.197024
    24 2.240311 -0.308786 19.592051 -0.381998 0.276475 -0.369892
    25 0.683151 2.877354 14.167051 -1.318229 -0.209242 1.519015
    26 0.144936 -0.145374 7.579252 -1.646396 -0.244271 0.212519
    27 0.091660 -0.906685 4.702850 -1.467247 -0.181212 0.167820
    28 0.506271 8.500866 13.617253 -1.262690 -0.268329 1.473343
    29 -0.384987 -0.460049 7.003448 -1.606633 -0.453406 0.499717
    30 0.561516 -0.596954 5.061852 -1.356816 -0.377117 0.334037
    31 -2.452171 -8.899406 11.597897 -1.376552 -0.118703 1.523025
    32 0.680496 -0.903999 6.074253 -1.532885 0.165802 -0.007558
    33 0.245514 -0.661150 3.388004 -1.384353 0.111992 -0.091391
    34 -0.717484 -3.784271 13.043911 -1.407553 -0.057097 1.474971
    35 1.099216 -1.407745 8.017889 -1.655266 0.029349 -0.012989
    36 0.068439 -0.807653 3.686054 -1.338994 0.030545 -0.006336
    37 -4.004929 6.172707 4.754754 0.199263 1.155238 2.638201
    38 0.158352 -1.149811 5.804394 -0.757325 -0.312021 0.153599
    39 -1.083523 -1.463142 5.544399 -0.770155 -0.154296 -0.012808
    40 -6.289886 0.932434 13.569063 -0.126803 0.612110 2.869610
    41 1.327774 -0.766687 12.396328 -0.035476 0.013713 -0.309142
    42 -0.096140 1.828087 23.185329 -0.133353 -0.089788 -1.444451
    43 2.325478 -0.000003 6.169296 -0.580122 -0.098048 1.474379
    44 0.000000 -3.152912 0.122169 2.280866 0.002217 -0.005417
    45 1.068383 -10.478592 7.066338 0.292219 -1.282324 -3.141588
    46 0.000000 0.000000 2.279457 0.547137 -0.343566 0.107833
    47 2.479414 -8.323895 6.074242 -0.010296 0.240498 1.530167
    48 0.000003 -5.075260 5.839759 0.000000 0.000000 0.000000
    49 -1.068383 -10.478611 7.065971 0.292219 1.282324 3.141588
    50 -0.000488 0.000015 2.279600 0.547136 0.343566 0.107835
    51 -2.479401 -8.323895 6.074234 0.007287 0.237372 1.537752
    52 -5.790000 4.432083 14.255558 -5.459992 0.397541 -1.265433
    53 1.044540 -2.839314 19.743252 -0.539475 0.826019 -0.238001
    54 -2.655510 -1.533379 24.792648 -0.956513 -0.109709 0.350538
    55 -1.120216 -0.154385 9.795983 -0.033514 0.000281 0.291375
    56 -2.240372 -0.308788 19.592047 -0.763597 -0.473102 0.562024
    57 -0.683205 2.877342 14.167089 -1.427030 0.249267 -1.724213
    58 -0.144958 -0.145317 7.579308 -1.438593 0.298876 -0.141439
    59 -0.038551 -0.936644 4.697678 -2.007709 0.254561 -0.323326
    60 -0.506317 8.500896 13.617329 -1.487439 0.316032 -1.833105
    61 0.385056 -0.460075 7.003435 -1.360622 0.587666 -0.325090
    62 -0.456360 -0.710276 5.057732 -1.805175 0.558209 -0.600858
    63 2.452194 -8.899408 11.597939 -1.313868 0.188750 -1.411321
    64 -0.680515 -0.903999 6.074242 -1.374818 -0.165929 -0.008693
    65 -0.248295 -0.666843 3.386627 -1.532927 -0.126545 0.112722
    66 0.717491 -3.784309 13.044010 -1.559553 0.062995 -1.471363
    67 -1.099228 -1.407673 8.017876 -1.272564 -0.016780 0.006552
    68 -0.064053 -0.807640 3.686100 -1.667668 -0.038691 0.011738
    69 4.004906 6.172710 4.754800 -0.652549 -1.023737 -1.571093
    70 -0.158381 -1.149773 5.804405 -0.338133 0.609337 0.517955
    71 1.078559 -2.386406 5.215008 -1.002151 0.998918 -0.102974
    72 6.289963 0.932404 13.569109 -0.126801 -0.612098 -2.869612
    73 -1.327759 -0.766682 12.396324 -0.025908 -0.011232 0.228970
    74 0.000017 -54.999996 0.000000 0.000000 0.000000 -1.570796
  time 97
    0 0.000000 0.000000 -1.500000 0.000000 0.000000 0.000000
    1 -10.521344 -5.760963 66.994621 3.097007 -0.050786 -3.139334
    2 0.086311 -1.622086 29.594636 0.064594 0.493640 0.172714
    3 -0.000034 0.000012 24.761454 -1.820544 -0.210882 -0.540974
    4 0.000017 0.000000 24.344809 2.262456 -0.488476 -0.597939
    5 0.002333 -1.019846 24.031336 1.158554 -0.021677 0.108895
    6 0.000034 0.000008 13.404741 -0.000001 0.000003 -0.405185
    7 10.398263 -5.760962 66.994675 3.097007 0.050786 3.139334
    8 5.027331 -7.944548 34.608669 3.405182 -1.424001 -2.134150
    9 -0.000004 -0.000006 24.761459 -2.262358 0.261920 -1.224672
    10 -0.000007 0.000004 24.344891 1.694124 0.298643 0.340468
    11 -0.002360 -1.019903 24.031330 0.389594 -0.042695 -0.017207
    12 0.000000 -0.000002 13.404737 0.000001 0.000005 -0.703382
    13 -0.061540 -5.245835 72.927078 0.000000 0.000000 0.000000
    14 -2.283902 -7.565304 -33.644507 0.576217 0.091911 -0.059035
    15 0.000000 -0.005608 -1.146812 0.220703 0.020559 -0.298784
    16 0.030770 -0.240000 8.906021 -0.004138 0.000000 0.000000
    17 0.156278 -2.217962 -0.211342 0.325596 0.003046 0.069970
    18 0.030770 -0.276858 8.905140 0.056125 0.004134 -0.000049
    19 0.033892 -1.194473 -0.091022 0.584396 0.029583 0.007166
    20 5.669724 4.435303 14.302868 1.304004 -0.652135 1.012584
    21 -1.044571 -2.839317 19.743267 -0.671257 -0.539263 0.158021
    22 2.655533 -1.533369 24.792658 -0.918406 0.096376 -0.020199
    23 1.120163 -0.154394 9.796035 -0.021613 0.000913 -0.187711
    24 2.240311 -0.308786 19.592051 -0.372685 0.297932 -0.355254
    25 0.683151 2.877354 14.167051 -1.318229 -0.209242 1.519015
    26 0.144936 -0.145374 7.579252 -1.646396 -0.244271 0.212519
    27 0.091660 -0.906685 4.702850 -1.467247 -0.181212 0.167820
    28 0.506271 8.500866 13.617253 -1.262690 -0.268329 1.473343
    29 -0.384987 -0.460049 7.003448 -1.606633 -0.453406 0.499717
    30 0.561516 -0.596954 5.061852 -1.356816 -0.377129 0.334037
    31 -2.452171 -8.899406 11.597897 -1.376552 -0.118703 1.523025
    32 0.680496 -0.903999 6.074253 -1.532885 0.165802 -0.007570
    33 0.245514 -0.661150 3.388004 -1.384353 0.111992 -0.091391
    34 -0.717484 -3.784271 13.043911 -1.407553 -0.057097 1.474971
    35 1.099216 -1.407745 8.017889 -1.655266 0.029349 -0.012989
    36 0.068439 -0.807653 3.686054 -1.338994 0.030545 -0.006336
    37 -4.004929 6.172707 4.754754 0.199263 1.155238 2.638297
    38 0.158352 -1.149811 5.804394 -0.757367 -0.312021 0.153599
    39 -1.083523 -1.463142 5.544399 -0.770155 -0.154296 -0.012808
    40 -6.289886 0.932434 13.569063 -0.126803 0.612110 2.869610
    41 1.327774 -0.766687 12.396328 -0.007540 0.004030 -0.069060
    42 -0.096140 1.828087 23.185329 -0.133353 -0.089788 -1.444451
    43 2.325478 -0.000003 6.169296 -0.580122 -0.098048 1.474379
    44 0.000000 -3.152912 0.122169 2.280850 0.002217 -0.005417
    45 1.068383 -10.478592 7.066338 0.292219 -1.282324 -3.141588
    46 0.000000 0.000000 2.279457 0.547137 -0.343566 0.107833
    47 2.479414 -8.323895 6.074242 -0.028891 1.056660 1.402378
    48 0.000003 -5.075260 5.835853 0.000000 0.000000 0.000000
    49 -1.068383 -10.478611 7.065971 0.292219 1.282324 3.141588
    50 -0.000488 0.000015 2.279600 0.547136 0.343566 0.107835
    51 -2.479401 -8.323895 6.074234 0.004295 1.055901 1.419335
    52 -5.790000 4.432083 14.255558 -5.358192 0.307904 -1.033177
    53 1.044540 -2.839314 19.743252 -0.065004 0.923575 -0.049726
    54 -2.655510 -1.533379 24.792648 -0.905432 -0.088224 -0.104222
    55 -1.120216 -0.154385 9.795983 -0.031285 -0.000042 0.271924
    56 -2.240372 -0.308788 19.592047 -0.782536 -0.524437 0.527913
    57 -0.683205 2.877342 14.167089 -1.426981 0.249287 -1.724213
    58 -0.144958 -0.145317 7.579308 -1.438593 0.298876 -0.141439
    59 -0.038551 -0.936644 4.697678 -2.007709 0.254561 -0.323326
    60 -0.506317 8.500896 13.617329 -1.487439 0.316084 -1.833105
    61 0.385056 -0.460075 7.003435 -1.360622 0.587683 -0.325090
    62 -0.456360 -0.710276 5.057732 -1.805175 0.558209 -0.600858
    63 2.452194 -8.899408 11.597939 -1.313868 0.188750 -1.411321
    64 -0.680515 -0.903999 6.074242 -1.374818 -0.165929 -0.008693
    65 -0.248295 -0.666843 3.386627 -1.532927 -0.126545 0.112722
    66 0.717491 -3.784309 13.044010 -1.559553 0.062995 -1.471363
    67 -1.099228 -1.407673 8.017876 -1.272564 -0.016780 0.006552
    68 -0.064053 -0.807640 3.686100 -1.667668 -0.038715 0.011738
    69 4.004906 6.172710 4.754800 -0.652549 -1.023737 -1.571093
    70 -0.158381 -1.149773 5.804405 -0.338133 0.609337 0.517955
    71 1.078559 -2.386406 5.215008 -1.002151 0.998918 -0.102974
    72 6.289963 0.932404 13.569109 -0.126801 -0.612098 -2.869612
    73 -1.327759 -0.766682 12.396324 0.005024 0.003053 -0.047647
    74 0.000017 -54.999996 0.000000 0.000000 0.000000 -1.570796
  time 98
    0 0.000000 0.000000 -1.500000 0.000000 0.000000 0.000000
    1 -10.521344 -5.760963 66.994621 3.097007 -0.050786 -3.139334
    2 0.187877 -1.462485 27.935220 0.096021 0.506444 0.142000
    3 -0.000034 0.000012 24.761454 -1.794121 -0.207838 -0.460882
    4 0.000017 0.000000 24.344809 2.163019 -0.486076 -0.574669
    5 0.002333 -1.019846 24.031336 1.158554 -0.021701 0.108895
    6 0.000034 0.000008 13.404741 -0.000001 0.000003 -0.389829
    7 10.398263 -5.760962 66.994675 3.097007 0.050786 3.139334
    8 4.968735 -7.332569 33.394739 3.631595 -1.445218 -2.361318
    9 -0.000004 -0.000006 24.761459 -2.211925 0.256083 -1.258155
    10 -0.000007 0.000004 24.344891 1.664436 0.295621 0.315414
    11 -0.002360 -1.019903 24.031330 0.389594 -0.042695 -0.017219
    12 0.000000 -0.000002 13.404737 0.000001 0.000005 -0.744303
    13 -0.061540 -5.245835 72.927078 0.000000 0.000000 0.000000
    14 -2.283902 -7.565304 -32.472889 0.648515 0.096109 -0.049967
    15 0.000000 -0.005608 -1.146812 0.220703 0.020559 -0.298784
    16 0.030770 -0.240000 8.906021 -0.004138 0.000000 0.000000
    17 0.156278 -2.217962 -0.207436 0.325596 0.003046 0.069970
    18 0.030770 -0.276858 8.905140 0.056125 0.004134 -0.000049
    19 0.033892 -1.190567 -0.087116 0.584396 0.029583 0.007166
    20 5.669724 4.435303 14.302868 1.304004 -0.652135 1.012584
    21 -1.044571 -2.839317 19.743267 -0.671257 -0.539263 0.158021
    22 2.655533 -1.533369 24.792658 -0.918406 0.096376 -0.020118
    23 1.120163 -0.154394 9.796035 -0.021613 0.000913 -0.187711
    24 2.240311 -0.308786 19.592051 -0.372641 0.297932 -0.355254
    25 0.683151 2.877354 14.167051 -1.318229 -0.209242 1.519015
    26 0.144936 -0.145374 7.579252 -1.646396 -0.244271 0.212519
    27 0.091660 -0.906685 4.702850 -1.467247 -0.181212 0.167820
    28 0.506271 8.500866 13.617253 -1.262690 -0.268329 1.473343
    29 -0.384987 -0.460049 7.003448 -1.606633 -0.453406 0.499717
    30 0.561516 -0.596954 5.061852 -1.356816 -0.377129 0.334037
    31 -2.452171 -8.899406 11.597897 -1.376552 -0.118703 1.523025
    32 0.680496 -0.903999 6.074253 -1.532885 0.165790 -0.007570
    33 0.245514 -0.661150 3.388004 -1.384300 0.111992 -0.091391
    34 -0.717484 -3.784271 13.043911 -1.407553 -0.057097 1.474971
    35 1.099216 -1.407745 8.017889 -1.655266 0.029349 -0.012989
    36 0.068439 -0.807653 3.686054 -1.338994 0.030545 -0.006336
    37 -4.004929 6.172707 4.754754 0.199263 1.155238 2.638297
    38 0.158352 -1.149811 5.804394 -0.757325 -0.312006 0.153599
    39 -1.083523 -1.463142 5.544399 -0.770155 -0.154296 -0.012808
    40 -6.289886 0.932434 13.569063 -0.126803 0.612110 2.869610
    41 1.327774 -0.766687 12.396328 -0.007540 0.004030 -0.069060
    42 -0.096140 1.828087 23.185329 -0.133353 -0.089788 -1.444451
    43 2.325478 -0.000003 6.169296 -0.580122 -0.098048 1.474379
    44 0.000000 -3.152912 0.122169 2.280850 0.002217 -0.005417
    45 1.068383 -10.478592 7.066338 0.292219 -1.282324 -3.141588
    46 0.000000 0.000000 2.279457 0.547137 -0.343566 0.107833
    47 2.479414 -8.323895 6.074242 -0.040853 1.166171 1.341635
    48 0.000003 -5.075260 5.839759 0.000000 0.000000 0.000000
    49 -1.068383 -10.478611 7.065971 0.292219 1.282324 3.141588
    50 -0.000488 0.000015 2.279600 0.547136 0.343566 0.107835
    51 -2.479401 -8.323895 6.074234 -0.000264 1.166374 1.362426
    52 -5.790000 4.432083 14.255558 -5.358192 0.307904 -1.033177
    53 1.044540 -2.839314 19.743252 -0.065004 0.923575 -0.049726
    54 -2.655510 -1.533379 24.792648 -0.905432 -0.088224 -0.104222
    55 -1.120216 -0.154385 9.795983 -0.031273 -0.000042 0.271924
    56 -2.240372 -0.308788 19.592047 -0.782536 -0.524437 0.527913
    57 -0.683205 2.877342 14.167089 -1.426981 0.249287 -1.724213
    58 -0.144958 -0.145317 7.579308 -1.438593 0.298876 -0.141439
    59 -0.038551 -0.936644 4.697678 -2.007709 0.254561 -0.323326
    60 -0.506317 8.500896 13.617329 -1.487439 0.316084 -1.833105
    61 0.385056 -0.460075 7.003435 -1.360622 0.587683 -0.325075
    62 -0.456360 -0.710276 5.057732 -1.805175 0.558230 -0.600858
    63 2.452194 -8.899408 11.597939 -1.313868 0.188750 -1.411321
    64 -0.680515 -0.903999 6.074242 -1.374872 -0.165929 -0.008693
    65 -0.248295 -0.666843 3.386627 -1.532886 -0.126545 0.112722
    66 0.717491 -3.784309 13.044010 -1.559553 0.062995 -1.471363
    67 -1.099228 -1.407673 8.017876 -1.272564 -0.016780 0.006564
    68 -0.064053 -0.807640 3.686100 -1.667668 -0.038715 0.011738
    69 4.004906 6.172710 4.754800 -0.652474 -1.023737 -1.571093
    70 -0.158381 -1.149773 5.804405 -0.338168 0.609337 0.517955
    71 1.078559 -2.386406 5.215008 -1.002151 0.998918 -0.102974
    72 6.289963 0.932404 13.569109 -0.126801 -0.612098 -2.869612
    73 -1.327759 -0.766682 12.396324 0.005024 0.003053 -0.047647
    74 0.000017 -54.999996 0.000000 0.000000 0.000000 -1.570796
  time 99
    0 0.000000 0.000000 -1.500000 0.000000 0.000000 0.000000
    1 -10.521344 -5.760963 66.994621 3.097007 -0.050786 -3.139334
    2 0.348038 -1.278331 24.907907 0.138925 0.528211 0.113951
    3 -0.000034 0.000012 24.761454 -1.729242 -0.200348 -0.349029
    4 0.000017 0.000000 24.344809 1.993181 -0.482274 -0.527783
    5 0.002333 -1.019846 24.031336 1.158554 -0.021701 0.108895
    6 0.000034 0.000008 13.404741 -0.000001 0.000003 -0.344267
    7 10.398263 -5.760962 66.994675 3.097007 0.050786 3.139334
    8 4.835919 -6.857973 30.652158 -1.747626 -1.492919 3.020738
    9 -0.000004 -0.000006 24.761459 -2.108750 0.244194 -1.284030
    10 -0.000007 0.000004 24.344891 1.643073 0.288555 0.273040
    11 -0.002360 -1.019903 24.031330 0.389594 -0.042695 -0.017219
    12 0.000000 -0.000002 13.404737 0.000001 0.000005 -0.787242
    13 -0.061540 -5.245835 72.927078 0.000000 0.000000 0.000000
    14 -2.283902 -7.565304 -29.769158 0.698569 0.098517 -0.043842
    15 0.000000 -0.005608 -1.146812 0.220703 0.020559 -0.298784
    16 0.030770 -0.240000 8.906021 -0.004138 0.000000 0.000000
    17 0.156278 -2.217962 -0.211342 0.325596 0.003046 0.069970
    18 0.030770 -0.276858 8.905140 0.056125 0.004134 -0.000049
    19 0.033892 -1.194473 -0.091022 0.584396 0.029583 0.007166
    20 5.669724 4.435303 14.302868 1.304004 -0.652135 1.012584
    21 -1.044571 -2.839317 19.743267 -0.671208 -0.539263 0.158021
    22 2.655533 -1.533369 24.792658 -0.918406 0.096376 -0.020199
    23 1.120163 -0.154394 9.796035 -0.021613 0.000913 -0.187711
    24 2.240311 -0.308786 19.592051 -0.372685 0.297932 -0.355254
    25 0.683151 2.877354 14.167051 -1.318229 -0.209242 1.519015
    26 0.144936 -0.145374 7.579252 -1.646396 -0.244271 0.212519
    27 0.091660 -0.906685 4.702850 -1.467247 -0.181212 0.167820
    28 0.506271 8.500866 13.617253 -1.262690 -0.268329 1.473343
    29 -0.384987 -0.460049 7.003448 -1.606633 -0.453406 0.499717
    30 0.561516 -0.596954 5.061852 -1.356816 -0.377129 0.334037
    31 -2.452171 -8.899406 11.597897 -1.376552 -0.118703 1.523025
    32 0.680496 -0.903999 6.074253 -1.532885 0.165802 -0.007558
    33 0.245514 -0.661150 3.388004 -1.384353 0.111992 -0.091391
    34 -0.717484 -3.784271 13.043911 -1.407553 -0.057097 1.474971
    35 1.099216 -1.407745 8.017889 -1.655266 0.029349 -0.012989
    36 0.068439 -0.807653 3.686054 -1.338994 0.030545 -0.006336
    37 -4.004929 6.172707 4.754754 0.199263 1.155238 2.638201
    38 0.158352 -1.149811 5.804394 -0.757367 -0.312006 0.153599
    39 -1.083523 -1.463142 5.544399 -0.770155 -0.154284 -0.012808
    40 -6.289886 0.932434 13.569063 -0.126803 0.612110 2.869610
    41 1.327774 -0.766687 12.396328 -0.007540 0.004030 -0.069060
    42 -0.096140 1.828087 23.185329 -0.133353 -0.089788 -1.444451
    43 2.325478 -0.000003 6.169296 -0.580122 -0.098048 1.474379
    44 0.000000 -3.152912 0.122169 2.280850 0.002217 -0.005417
    45 1.068383 -10.478592 7.066338 0.292219 -1.282324 -3.141588
    46 0.000000 0.000000 2.279457 0.547137 -0.343566 0.107833
    47 2.479414 -8.323895 6.074242 -0.049607 1.214680 1.301044
    48 0.000003 -5.075260 5.839759 0.000000 0.000000 0.000000
    49 -1.068383 -10.478611 7.065971 0.292219 1.282324 3.141588
    50 -0.000488 0.000015 2.279600 0.547136 0.343566 0.107835
    51 -2.479401 -8.323895 6.074234 -0.004361 1.215515 1.324390
    52 -5.790000 4.432083 14.255558 -5.358192 0.307904 -1.033177
    53 1.044540 -2.839314 19.743252 -0.065004 0.923617 -0.049726
    54 -2.655510 -1.533379 24.792648 -0.905533 -0.088224 -0.104222
    55 -1.120216 -0.154385 9.795983 -0.031285 -0.000042 0.271924
    56 -2.240372 -0.308788 19.592047 -0.782536 -0.524437 0.527913
    57 -0.683205 2.877342 14.167089 -1.426981 0.249287 -1.724213
    58 -0.144958 -0.145317 7.579308 -1.438593 0.298876 -0.141439
    59 -0.038551 -0.936644 4.697678 -2.007709 0.254561 -0.323326
    60 -0.506317 8.500896 13.617329 -1.487439 0.316084 -1.833105
    61 0.385056 -0.460075 7.003435 -1.360622 0.587666 -0.325090
    62 -0.456360 -0.710276 5.057732 -1.805175 0.558209 -0.600875
    63 2.452194 -8.899408 11.597939 -1.313868 0.188750 -1.411321
    64 -0.680515 -0.903999 6.074242 -1.374872 -0.165929 -0.008693
    65 -0.248295 -0.666843 3.386627 -1.532886 -0.126545 0.112722
    66 0.717491 -3.784309 13.044010 -1.559553 0.062995 -1.471363
    67 -1.099228 -1.407673 8.017876 -1.272564 -0.016780 0.006552
    68 -0.064053 -0.807640 3.686100 -1.667668 -0.038691 0.011738
    69 4.004906 6.172710 4.754800 -0.652474 -1.023737 -1.571093
    70 -0.158381 -1.149773 5.804405 -0.338133 0.609337 0.517955
    71 1.078559 -2.386406 5.215008 -1.002151 0.998918 -0.102974
    72 6.289963 0.932404 13.569109 -0.126801 -0.612098 -2.869612
    73 -1.327759 -0.766682 12.396324 0.005024 0.003053 -0.047647
    74 0.000017 -54.999996 0.000000 0.000000 0.000000 -1.570796
  time 100
    0 0.000000 0.000000 -1.500000 0.000000 0.000000 0.000000
    1 -10.521344 -5.760963 66.994621 3.097007 -0.050786 -3.139334
    2 0.476948 -1.081899 21.903018 0.165706 0.544578 0.103203
    3 -0.000034 0.000012 24.761454 -1.649322 -0.191108 -0.264051
    4 0.000017 0.000000 24.344809 1.836475 -0.478630 -0.480207
    5 0.002333 -1.019846 24.031336 1.158554 -0.021689 0.108907
    6 0.000034 0.000008 13.404741 -0.000001 0.000003 -0.295943
    7 10.398263 -5.760962 66.994675 3.097007 0.050786 3.139334
    8 4.679664 -6.620675 27.729736 -0.642691 -1.457728 1.915925
    9 -0.000004 -0.000006 24.761459 -1.996060 0.231179 -1.277571
    10 -0.000007 0.000004 24.344891 1.622098 0.280378 0.236993
    11 -0.002360 -1.019903 24.031330 0.389594 -0.042695 -0.017219
    12 0.000000 -0.000002 13.404737 0.000001 0.000005 -0.795722
    13 -0.061540 -5.245835 72.927078 0.000000 0.000000 0.000000
    14 -2.283902 -7.565304 -26.885177 0.717260 0.099292 -0.045523
    15 0.000000 -0.005608 -1.146812 0.220703 0.020559 -0.298784
    16 0.030770 -0.240000 8.906021 -0.004138 0.000000 0.000000
    17 0.152372 -2.217962 -0.211342 0.325596 0.003046 0.069970
    18 0.030770 -0.276858 8.905140 0.056125 0.004134 -0.000049
    19 0.033892 -1.194473 -0.091022 0.584396 0.029583 0.007166
    20 5.669724 4.435303 14.302868 1.304004 -0.652135 1.012584
    21 -1.044571 -2.839317 19.743267 -0.671257 -0.539263 0.158021
    22 2.655533 -1.533369 24.792658 -0.918406 0.096376 -0.020199
    23 1.120163 -0.154394 9.796035 -0.021625 0.000913 -0.187711
    24 2.240311 -0.308786 19.592051 -0.372685 0.297932 -0.355254
    25 0.683151 2.877354 14.167051 -1.318229 -0.209242 1.519015
    26 0.144936 -0.145374 7.579252 -1.646396 -0.244271 0.212519
    27 0.091660 -0.906685 4.702850 -1.467247 -0.181212 0.167820
    28 0.506271 8.500866 13.617253 -1.262690 -0.268329 1.473343
    29 -0.384987 -0.460049 7.003448 -1.606633 -0.453406 0.499717
    30 0.561516 -0.596954 5.061852 -1.356816 -0.377129 0.334049
    31 -2.452171 -8.899406 11.597897 -1.376552 -0.118703 1.523025
    32 0.680496 -0.903999 6.074253 -1.532885 0.165802 -0.007570
    33 0.245514 -0.661150 3.388004 -1.384353 0.111992 -0.091391
    34 -0.717484 -3.784271 13.043911 -1.407553 -0.057097 1.474971
    35 1.099216 -1.407745 8.017889 -1.655266 0.029349 -0.012989
    36 0.068439 -0.807653 3.686054 -1.338994 0.030545 -0.006336
    37 -4.004929 6.172707 4.754754 0.199263 1.155238 2.638297
    38 0.158352 -1.149811 5.804394 -0.757325 -0.312006 0.153599
    39 -1.083523 -1.463142 5.544399 -0.770155 -0.154284 -0.012808
    40 -6.289886 0.932434 13.569063 -0.126803 0.612110 2.869610
    41 1.327774 -0.766687 12.396328 -0.007540 0.004030 -0.069060
    42 -0.096140 1.828087 23.185329 -0.133353 -0.089788 -1.444451
    43 2.325478 -0.000003 6.169296 -0.580122 -0.098048 1.474379
    44 0.000000 -3.152912 0.122169 2.280850 0.002217 -0.005417
    45 1.068383 -10.478592 7.066338 0.292219 -1.282324 -3.141588
    46 0.000000 0.000000 2.279457 0.547137 -0.343566 0.107833
    47 2.479414 -8.323895 6.074242 -0.046562 1.208435 1.324635
    48 0.000003 -5.075260 5.839759 0.000000 0.000000 0.000000
    49 -1.068383 -10.478611 7.065971 0.292231 1.282324 3.141588
    50 -0.000488 0.000015 2.279600 0.547136 0.343566 0.107835
    51 -2.479401 -8.323895 6.074234 -0.001831 1.208995 1.347767
    52 -5.790000 4.432083 14.255558 -5.358192 0.307904 -1.033177
    53 1.044540 -2.839314 19.743252 -0.065004 0.923575 -0.049726
    54 -2.655510 -1.533379 24.792648 -0.905533 -0.088224 -0.104222
    55 -1.120216 -0.154385 9.795983 -0.031273 -0.000042 0.271924
    56 -2.240372 -0.308788 19.592047 -0.782536 -0.524437 0.527913
    57 -0.683205 2.877342 14.167089 -1.427030 0.249287 -1.724226
    58 -0.144958 -0.145317 7.579308 -1.438484 0.298852 -0.141367
    59 -0.038551 -0.936644 4.697678 -2.007857 0.254597 -0.323326
    60 -0.506317 8.500896 13.617329 -1.487439 0.316084 -1.833105
    61 0.385056 -0.460075 7.003435 -1.360622 0.587683 -0.325090
    62 -0.456360 -0.710276 5.057732 -1.805175 0.558230 -0.600858
    63 2.452194 -8.899408 11.597939 -1.313868 0.188750 -1.411321
    64 -0.680515 -0.903999 6.074242 -1.374818 -0.165929 -0.008693
    65 -0.248295 -0.666843 3.386627 -1.532927 -0.126557 0.112722
    66 0.717491 -3.784309 13.044010 -1.559553 0.062995 -1.471363
    67 -1.099228 -1.407673 8.017876 -1.272564 -0.016780 0.006564
    68 -0.064053 -0.807640 3.686100 -1.667668 -0.038703 0.011738
    69 4.004906 6.172710 4.754800 -0.652549 -1.023737 -1.571093
    70 -0.158381 -1.149773 5.804405 -0.338133 0.609337 0.517955
    71 1.078559 -2.386406 5.215008 -1.002151 0.998918 -0.103010
    72 6.289963 0.932404 13.569109 -0.126801 -0.612098 -2.869612
    73 -1.327759 -0.766682 12.396324 0.005024 0.003053 -0.047647
    74 0.000017 -54.999996 0.000000 0.000000 0.000000 -1.570796
  time 101
    0 0.000000 0.000000 -1.500000 0.000000 0.000000 0.000000
    1 -10.521344 -5.760963 66.994621 3.097007 -0.050786 -3.139334
    2 0.586327 -0.578542 19.638140 0.157986 0.552900 0.104907
    3 -0.000034 0.000012 24.761454 -1.565418 -0.181412 -0.197599
    4 0.000017 0.000000 24.344809 1.758368 -0.476162 -0.439090
    5 0.002333 -1.019846 24.031336 1.116106 -0.018513 0.102783
    6 0.000034 0.000008 13.404741 -0.000001 0.000003 -0.244496
    7 10.398263 -5.760962 66.994675 3.097007 0.050786 3.139334
    8 4.472626 -6.295951 25.099556 -0.019672 -1.394151 1.285334
    9 -0.000004 -0.000006 24.761459 -1.885625 0.218440 -1.216849
    10 -0.000007 0.000004 24.344891 1.586859 0.271223 0.207105
    11 -0.002360 -1.019903 24.031330 0.389594 -0.042695 -0.017219
    12 0.000000 -0.000002 13.404737 0.000001 0.000005 -0.756004
    13 -0.061540 -5.245835 72.927078 0.000000 0.000000 0.000000
    14 -2.279996 -7.122767 -24.249038 0.694281 0.097107 -0.062639
    15 0.000000 -0.005608 -1.146812 0.206157 0.019524 -0.281473
    16 0.030770 -0.240000 8.906021 -0.004138 0.000000 0.000000
    17 0.144559 -2.139834 -0.187904 0.314590 0.006148 0.069690
    18 0.030770 -0.276858 8.905140 0.056125 0.004134 -0.000049
    19 -0.005172 -1.151503 -0.083209 0.571564 0.025859 -0.000001
    20 5.669724 4.435303 14.302868 1.349752 -0.705656 1.035968
    21 -1.044571 -2.839317 19.743267 -0.655113 -0.549700 0.160418
    22 2.655533 -1.533369 24.792658 -0.927823 0.097913 -0.034270
    23 1.120163 -0.154394 9.796035 -0.020715 0.000961 -0.179743
    24 2.240311 -0.308786 19.592051 -0.366027 0.306174 -0.340141
    25 0.683151 2.877354 14.167051 -1.237589 -0.206234 1.504540
    26 0.144936 -0.145374 7.579252 -1.595470 -0.243912 0.203004
    27 0.091660 -0.906685 4.702850 -1.417018 -0.179834 0.158185
    28 0.506271 8.500866 13.617253 -1.177837 -0.247655 1.435284
    29 -0.384987 -0.460049 7.003448 -1.547374 -0.456665 0.477570
    30 0.561516 -0.596954 5.061852 -1.299445 -0.373713 0.312453
    31 -2.452171 -8.899406 11.597897 -1.298432 -0.139496 1.540285
    32 0.680496 -0.903999 6.074253 -1.493150 0.162267 -0.004993
    33 0.245514 -0.661150 3.388004 -1.342440 0.112807 -0.088059
    34 -0.717484 -3.784271 13.043911 -1.329725 -0.069465 1.477645
    35 1.099216 -1.407745 8.017889 -1.602217 0.028103 -0.011240
    36 0.068439 -0.807653 3.686054 -1.285973 0.028975 -0.005054
    37 -4.004929 6.172707 4.754754 0.240158 1.165818 2.687000
    38 0.158352 -1.149811 5.804394 -0.711514 -0.304433 0.158094
    39 -1.083523 -1.463142 5.544399 -0.759221 -0.154296 -0.008789
    40 -6.289886 0.932434 13.569063 -0.126803 0.612110 2.869610
    41 1.327774 -0.766687 12.396328 -0.008223 0.004353 -0.075287
    42 -0.096140 1.828087 23.185329 -0.128268 -0.101961 -1.442311
    43 2.325478 -0.000003 6.169296 -0.558825 -0.081814 1.486272
    44 0.000000 -3.152912 0.122169 2.263127 0.002097 -0.005117
    45 1.068383 -10.478592 7.066338 0.292219 -1.282324 -3.141588
    46 0.000000 0.000000 2.279457 0.547137 -0.343566 0.107833
    47 2.479414 -8.323895 6.074242 -0.035552 1.173637 1.406962
    48 0.000003 -5.075260 5.808508 0.000000 0.000000 0.000000
    49 -1.068383 -10.478611 7.065971 0.292219 1.282324 3.141588
    50 -0.000488 0.000015 2.279600 0.547136 0.343566 0.107835
    51 -2.479401 -8.323895 6.074234 0.006364 1.173651 1.430065
    52 -5.790000 4.432083 14.255558 -5.307195 0.367967 -1.066712
    53 1.044540 -2.839314 19.743252 -0.075857 0.919928 -0.055033
    54 -2.655510 -1.533379 24.792648 -0.909156 -0.095964 -0.103465
    55 -1.120216 -0.154385 9.795983 -0.029775 -0.000234 0.258703
    56 -2.240372 -0.308788 19.592047 -0.741680 -0.518992 0.502738
    57 -0.683205 2.877342 14.167089 -1.351151 0.261922 -1.694576
    58 -0.144958 -0.145317 7.579308 -1.395109 0.295604 -0.131036
    59 -0.038551 -0.936644 4.697678 -1.930736 0.259055 -0.304810
    60 -0.506317 8.500896 13.617329 -1.391048 0.320131 -1.763958
    61 0.385056 -0.460075 7.003435 -1.312535 0.582111 -0.300283
    62 -0.456360 -0.710276 5.057732 -1.725403 0.559373 -0.559611
    63 2.452194 -8.899408 11.597939 -1.271237 0.224205 -1.431723
    64 -0.680515 -0.903999 6.074242 -1.342533 -0.162550 -0.010779
    65 -0.248295 -0.666843 3.386627 -1.476933 -0.127864 0.107712
    66 0.717491 -3.784309 13.044010 -1.490356 0.086005 -1.475319
    67 -1.099228 -1.407673 8.017876 -1.240006 -0.016768 0.005773
    68 -0.064053 -0.807640 3.686100 -1.595696 -0.038272 0.008969
    69 4.004906 6.172710 4.754800 -0.619647 -1.057800 -1.608259
    70 -0.158381 -1.149773 5.804405 -0.333145 0.576835 0.485839
    71 1.078559 -2.386406 5.215008 -0.982324 0.961394 -0.082002
    72 6.289963 0.932404 13.569109 -0.126801 -0.612098 -2.869612
    73 -1.327759 -0.766682 12.396324 0.004665 0.002826 -0.044085
    74 0.000017 -54.999996 0.000000 0.000000 0.000000 -1.570796
  time 102
    0 0.000000 0.000000 -1.500000 0.000000 0.000000 0.000000
    1 -10.521344 -5.760963 66.994621 3.097007 -0.050786 -3.139334
    2 0.730862 0.379063 17.866601 0.108386 0.553708 0.106786
    3 -0.000034 0.000012 24.761454 -1.462733 -0.169535 -0.114982
    4 0.000017 0.000000 24.344809 1.753868 -0.472179 -0.393868
    5 0.002333 -1.019846 24.031336 1.006568 -0.012808 0.086832
    6 0.000034 0.000008 13.404741 -0.000001 0.000003 -0.173580
    7 10.398263 -5.760962 66.994675 3.097007 0.050786 3.139334
    8 4.175742 -5.496631 22.379455 0.495856 -1.282069 0.745676
    9 -0.000004 -0.000006 24.761459 -1.757207 0.203627 -1.081875
    10 -0.000007 0.000004 24.344891 1.522707 0.259802 0.177847
    11 -0.002360 -1.019903 24.031330 0.389594 -0.042695 -0.017207
    12 0.000000 -0.000002 13.404737 0.000001 0.000005 -0.656300
    13 -0.061540 -5.245835 72.927078 0.000000 0.000000 0.000000
    14 -2.272183 -5.958198 -21.612899 0.632673 0.090208 -0.095308
    15 0.000000 -0.005608 -1.146812 0.168519 0.016826 -0.236797
    16 0.030770 -0.240000 8.906021 -0.004138 0.000000 0.000000
    17 0.121121 -1.905452 -0.125402 0.286307 0.014656 0.068652
    18 0.030770 -0.276858 8.905140 0.056125 0.004134 -0.000049
    19 -0.102831 -1.053844 -0.067584 0.538643 0.016108 -0.018505
    20 5.669724 4.435303 14.302868 1.454932 -0.845009 1.100368
    21 -1.044571 -2.839317 19.743267 -0.614362 -0.590090 0.170457
    22 2.655533 -1.533369 24.792658 -0.951648 0.101717 -0.065891
    23 1.120163 -0.154394 9.796035 -0.018342 0.001033 -0.159185
    24 2.240311 -0.308786 19.592051 -0.347923 0.327032 -0.300697
    25 0.683151 2.877354 14.167051 -1.030503 -0.193351 1.468886
    26 0.144936 -0.145374 7.579252 -1.465972 -0.240892 0.178962
    27 0.091660 -0.906685 4.702850 -1.289087 -0.174201 0.134012
    28 0.506271 8.500866 13.617253 -0.965642 -0.180229 1.347516
    29 -0.384987 -0.460049 7.003448 -1.395669 -0.459626 0.420319
    30 0.561516 -0.596954 5.061852 -1.154035 -0.359883 0.258822
    31 -2.452171 -8.899406 11.597897 -1.098245 -0.199843 1.576713
    32 0.680496 -0.903999 6.074253 -1.392307 0.152871 0.000855
    33 0.245514 -0.661150 3.388004 -1.235925 0.114221 -0.079442
    34 -0.717484 -3.784271 13.043911 -1.129092 -0.101956 1.480073
    35 1.099216 -1.407745 8.017889 -1.466937 0.024496 -0.007069
    36 0.068439 -0.807653 3.686054 -1.150719 0.024672 -0.002178
    37 -4.004929 6.172707 4.754754 0.355005 1.188862 2.823253
    38 0.158352 -1.149811 5.804394 -0.595229 -0.286323 0.170785
    39 -1.083523 -1.463142 5.544399 -0.732487 -0.155363 0.001004
    40 -6.289886 0.932434 13.569063 -0.126803 0.612110 2.869610
    41 1.327774 -0.766687 12.396328 -0.009709 0.005061 -0.088594
    42 -0.096140 1.828087 23.185329 -0.115307 -0.133477 -1.436533
    43 2.325478 -0.000003 6.169296 -0.502671 -0.042618 1.519879
    44 0.000000 -3.152912 0.122169 2.217460 0.001786 -0.004338
    45 1.068383 -10.478592 7.066338 0.292219 -1.282324 -3.141588
    46 0.000000 0.000000 2.279457 0.547137 -0.343566 0.107833
    47 2.479414 -8.323895 6.074242 -0.022910 1.138887 1.522622
    48 0.000003 -5.075260 5.730381 0.000000 0.000000 0.000000
    49 -1.068383 -10.478611 7.065971 0.292219 1.282324 3.141588
    50 -0.000488 0.000015 2.279600 0.547136 0.343566 0.107835
    51 -2.479401 -8.323895 6.074234 0.016566 1.138685 1.548195
    52 -5.790000 4.432083 14.255558 -5.192262 0.528964 -1.150455
    53 1.044540 -2.839314 19.743252 -0.098342 0.917724 -0.065810
    54 -2.655510 -1.533379 24.792648 -0.918819 -0.116233 -0.097331
    55 -1.120216 -0.154385 9.795983 -0.025868 -0.000641 0.224643
    56 -2.240372 -0.308788 19.592047 -0.637210 -0.499042 0.435463
    57 -0.683205 2.877342 14.167089 -1.152371 0.282118 -1.614141
    58 -0.144958 -0.145317 7.579308 -1.283782 0.285178 -0.105137
    59 -0.038551 -0.936644 4.697678 -1.732360 0.264328 -0.255985
    60 -0.506317 8.500896 13.617329 -1.141850 0.297508 -1.588688
    61 0.385056 -0.460075 7.003435 -1.188302 0.562282 -0.238280
    62 -0.456360 -0.710276 5.057732 -1.518250 0.548722 -0.454527
    63 2.452194 -8.899408 11.597939 -1.165952 0.321393 -1.473073
    64 -0.680515 -0.903999 6.074242 -1.262117 -0.153849 -0.015477
    65 -0.248295 -0.666843 3.386627 -1.334846 -0.130033 0.094529
    66 0.717491 -3.784309 13.044010 -1.311807 0.146216 -1.476683
    67 -1.099228 -1.407673 8.017876 -1.158022 -0.016588 0.003268
    68 -0.064053 -0.807640 3.686100 -1.411968 -0.036186 0.001827
    69 4.004906 6.172710 4.754800 -0.514013 -1.142349 -1.727535
    70 -0.158381 -1.149773 5.804405 -0.315810 0.491514 0.407923
    71 1.078559 -2.386406 5.215008 -0.933068 0.863432 -0.030594
    72 6.289963 0.932404 13.569109 -0.126801 -0.612098 -2.869612
    73 -1.327759 -0.766682 12.396324 0.003634 0.002179 -0.034323
    74 0.000017 -54.999996 0.000000 0.000000 0.000000 -1.570796
  time 103
    0 0.000000 0.000000 -1.500000 0.000000 0.000000 0.000000
    1 -10.521344 -5.760963 66.994621 3.097007 -0.050786 -3.139334
    2 0.863679 1.582208 16.565978 0.037198 0.540848 0.113077
    3 -0.000034 0.000012 24.761454 -1.339073 -0.155250 -0.020597
    4 0.000017 0.000000 24.344809 1.780808 -0.463374 -0.342078
    5 0.002333 -1.019846 24.031336 0.856447 -0.010927 0.065463
    6 0.000034 0.000008 13.404741 -0.000001 0.000003 -0.095387
    7 10.398263 -5.760962 66.994675 3.097007 0.050786 3.139334
    8 3.855420 -4.360098 19.726795 0.789834 -1.102385 0.406368
    9 -0.000004 -0.000006 24.761459 -1.616083 0.187316 -0.887292
    10 -0.000007 0.000004 24.344891 1.440677 0.248203 0.152772
    11 -0.002360 -1.019903 24.031330 0.389594 -0.042695 -0.017219
    12 0.000000 -0.000002 13.404737 0.000001 0.000005 -0.505563
    13 -0.061540 -5.245835 72.927078 0.000000 0.000000 0.000000
    14 -2.264370 -4.246281 -19.089416 0.543189 0.077751 -0.137285
    15 0.000000 -0.005608 -1.146812 0.117100 0.013031 -0.175299
    16 0.030770 -0.240000 8.906021 -0.004138 0.000000 0.000000
    17 0.097682 -1.589036 -0.055087 0.247733 0.027367 0.066695
    18 0.030770 -0.276858 8.905140 0.056125 0.004134 -0.000049
    19 -0.235648 -0.909308 -0.044146 0.494105 0.002428 -0.043985
    20 5.669724 4.435303 14.302868 1.554275 -1.035839 1.214602
    21 -1.044571 -2.839317 19.743267 -0.558838 -0.676872 0.191354
    22 2.655533 -1.533369 24.792658 -0.982199 0.105829 -0.091042
    23 1.120163 -0.154394 9.796035 -0.015082 0.001057 -0.131004
    24 2.240311 -0.308786 19.592051 -0.321203 0.354245 -0.245784
    25 0.683151 2.877354 14.167051 -0.750458 -0.164887 1.426325
    26 0.144936 -0.145374 7.579252 -1.297442 -0.232430 0.148594
    27 0.091660 -0.906685 4.702850 -1.122832 -0.162373 0.103978
    28 0.506271 8.500866 13.617253 -0.691567 -0.061371 1.255742
    29 -0.384987 -0.460049 7.003448 -1.197475 -0.451728 0.345931
    30 0.561516 -0.596954 5.061852 -0.966748 -0.331203 0.193374
    31 -2.452171 -8.899406 11.597897 -0.825659 -0.294148 1.604979
    32 0.680496 -0.903999 6.074253 -1.262714 0.139975 0.006895
    33 0.245514 -0.661150 3.388004 -1.098202 0.114712 -0.068176
    34 -0.717484 -3.784271 13.043911 -0.854689 -0.145640 1.472820
    35 1.099216 -1.407745 8.017889 -1.290017 0.019031 -0.002467
    36 0.068439 -0.807653 3.686054 -0.973781 0.018548 0.000675
    37 -4.004929 6.172707 4.754754 0.529393 1.209406 3.030407
    38 0.158352 -1.149811 5.804394 -0.441142 -0.265072 0.190296
    39 -1.083523 -1.463142 5.544399 -0.700154 -0.159186 0.012992
    40 -6.289886 0.932434 13.569063 -0.126803 0.612110 2.869610
    41 1.327774 -0.766687 12.396328 -0.010476 0.005408 -0.095323
    42 -0.096140 1.828087 23.185329 -0.098220 -0.176688 -1.428370
    43 2.325478 -0.000003 6.169296 -0.422784 0.003943 1.572364
    44 0.000000 -3.152912 0.122169 2.154965 0.001342 -0.003296
    45 1.068383 -10.478592 7.066338 0.292219 -1.282324 -3.141588
    46 0.000000 0.000000 2.279457 0.547137 -0.343566 0.107833
    47 2.479414 -8.323895 6.074242 -0.008855 1.129542 1.677632
    48 0.000003 -5.075260 5.636628 0.000000 0.000000 0.000000
    49 -1.068383 -10.478611 7.065971 0.292219 1.282324 3.141588
    50 -0.000488 0.000015 2.279600 0.547136 0.343566 0.107835
    51 -2.479401 -8.323895 6.074234 0.030404 1.129046 1.710301
    52 -5.790000 4.432083 14.255558 -5.080684 0.757583 -1.271853
    53 1.044540 -2.839314 19.743252 -0.114872 0.935870 -0.073784
    54 -2.655510 -1.533379 24.792648 -0.932759 -0.144344 -0.083623
    55 -1.120216 -0.154385 9.795983 -0.020499 -0.001001 0.178070
    56 -2.240372 -0.308788 19.592047 -0.500284 -0.457508 0.339490
    57 -0.683205 2.877342 14.167089 -0.878256 0.279591 -1.501593
    58 -0.144958 -0.145317 7.579308 -1.139978 0.267680 -0.073726
    59 -0.038551 -0.936644 4.697678 -1.467859 0.256790 -0.191064
    60 -0.506317 8.500896 13.617329 -0.818510 0.194876 -1.377026
    61 0.385056 -0.460075 7.003435 -1.028155 0.524946 -0.164303
    62 -0.456360 -0.710276 5.057732 -1.247600 0.505620 -0.326836
    63 2.452194 -8.899408 11.597939 -1.028305 0.463516 -1.502221
    64 -0.680515 -0.903999 6.074242 -1.161004 -0.142356 -0.020354
    65 -0.248295 -0.666843 3.386627 -1.149171 -0.129997 0.077163
    66 0.717491 -3.784309 13.044010 -1.066154 0.227076 -1.457597
    67 -1.099228 -1.407673 8.017876 -1.054408 -0.015857 -0.000962
    68 -0.064053 -0.807640 3.686100 -1.169380 -0.031237 -0.007426
    69 4.004906 6.172710 4.754800 -0.292355 -1.245246 -1.974271
    70 -0.158381 -1.149773 5.804405 -0.283476 0.372213 0.310931
    71 1.078559 -2.386406 5.215008 -0.868953 0.727243 0.035391
    72 6.289963 0.932404 13.569109 -0.126801 -0.612098 -2.869612
    73 -1.327759 -0.766682 12.396324 0.002352 0.001388 -0.022109
    74 0.000017 -54.999996 0.000000 0.000000 0.000000 -1.570796
  time 104
    0 0.000000 0.000000 -1.500000 0.000000 0.000000 0.000000
    1 -10.521344 -5.760963 66.994621 3.097007 -0.050786 -3.139334
    2 0.961338 2.809908 15.489600 -0.038090 0.511816 0.127845
    3 -0.000034 0.000012 24.761454 -1.193298 -0.138375 0.076231
    4 0.000017 0.000000 24.344809 1.806391 -0.448887 -0.285923
    5 0.002333 -1.019846 24.031336 0.692588 -0.016164 0.044370
    6 0.000034 0.000008 13.404741 -0.000001 0.000003 -0.021033
    7 10.398263 -5.760962 66.994675 3.097007 0.050786 3.139334
    8 3.550723 -2.973778 17.343897 0.912766 -0.903058 0.220788
    9 -0.000004 -0.000006 24.761459 -1.469185 0.170333 -0.683379
    10 -0.000007 0.000004 24.344891 1.349160 0.238404 0.133141
    11 -0.002360 -1.019903 24.031330 0.389594 -0.042695 -0.017219
    12 0.000000 -0.000002 13.404737 0.000001 0.000005 -0.348557
    13 -0.061540 -5.245835 72.927078 0.000000 0.000000 0.000000
    14 -2.244838 -2.219930 -16.903900 0.436518 0.059549 -0.182325
    15 0.000000 -0.005608 -1.146812 0.060992 0.008796 -0.107850
    16 0.030770 -0.240000 8.906021 -0.004138 0.000000 0.000000
    17 0.082057 -1.245276 0.011321 0.205898 0.042585 0.063700
    18 0.030770 -0.276858 8.905140 0.056125 0.004134 -0.000049
    19 -0.380183 -0.753054 -0.028520 0.446314 -0.012918 -0.071813
    20 5.669724 4.435303 14.302868 1.531975 -1.234315 1.448819
    21 -1.044571 -2.839317 19.743267 -0.487903 -0.808480 0.213351
    22 2.655533 -1.533369 24.792658 -1.011101 0.108288 -0.078426
    23 1.120163 -0.154394 9.796035 -0.011534 0.000985 -0.100374
    24 2.240311 -0.308786 19.592051 -0.289391 0.382149 -0.184502
    25 0.683151 2.877354 14.167051 -0.451322 -0.122546 1.391407
    26 0.144936 -0.145374 7.579252 -1.133559 -0.219523 0.120813
    27 0.091660 -0.906685 4.702850 -0.961247 -0.146265 0.077037
    28 0.506271 8.500866 13.617253 -0.409834 0.091563 1.195834
    29 -0.384987 -0.460049 7.003448 -1.004723 -0.431330 0.276217
    30 0.561516 -0.596954 5.061852 -0.786423 -0.292325 0.136099
    31 -2.452171 -8.899406 11.597897 -0.526138 -0.404744 1.603879
    32 0.680496 -0.903999 6.074253 -1.140537 0.127212 0.011006
    33 0.245514 -0.661150 3.388004 -0.966977 0.113741 -0.057486
    34 -0.717484 -3.784271 13.043911 -0.555856 -0.188652 1.451737
    35 1.099216 -1.407745 8.017889 -1.115891 0.012906 0.001080
    36 0.068439 -0.807653 3.686054 -0.799649 0.012124 0.002364
    37 -4.004929 6.172707 4.754754 0.730534 1.215796 3.271337
    38 0.158352 -1.149811 5.804394 -0.279978 -0.246829 0.213367
    39 -1.083523 -1.463142 5.544399 -0.671170 -0.166101 0.023848
    40 -6.289886 0.932434 13.569063 -0.126803 0.612110 2.869610
    41 1.327774 -0.766687 12.396328 -0.008295 0.004389 -0.075940
    42 -0.096140 1.828087 23.185329 -0.080431 -0.224105 -1.419107
    43 2.325478 -0.000003 6.169296 -0.331868 0.044239 1.637462
    44 0.000000 -3.152912 0.122169 2.086888 0.000875 -0.002121
    45 1.068383 -10.478592 7.066338 0.292219 -1.282324 -3.141588
    46 0.000000 0.000000 2.279457 0.547137 -0.343566 0.107833
    47 2.479414 -8.323895 6.074242 0.013764 1.174201 1.917356
    48 0.000003 -5.075260 5.511624 0.000000 0.000000 0.000000
    49 -1.068383 -10.478611 7.065971 0.292219 1.282324 3.141588
    50 -0.000488 0.000015 2.279600 0.547136 0.343566 0.107835
    51 -2.479401 -8.323895 6.074234 0.055649 1.171194 1.963997
    52 -5.790000 4.432083 14.255558 -5.056240 1.005433 -1.458692
    53 1.044540 -2.839314 19.743252 -0.109140 0.990435 -0.071117
    54 -2.655510 -1.533379 24.792648 -0.947454 -0.174734 -0.072112
    55 -1.120216 -0.154385 9.795983 -0.014650 -0.001073 0.127361
    56 -2.240372 -0.308788 19.592047 -0.363435 -0.393302 0.234753
    57 -0.683205 2.877342 14.167089 -0.585729 0.238681 -1.388097
    58 -0.144958 -0.145317 7.579308 -1.004348 0.247151 -0.046605
    59 -0.038551 -0.936644 4.697678 -1.201879 0.232977 -0.129775
    60 -0.506317 8.500896 13.617329 -0.507013 0.009536 -1.205889
    61 0.385056 -0.460075 7.003435 -0.882339 0.479544 -0.105563
    62 -0.456360 -0.710276 5.057732 -0.990456 0.434684 -0.223648
    63 2.452194 -8.899408 11.597939 -0.879791 0.623227 -1.495691
    64 -0.680515 -0.903999 6.074242 -1.066467 -0.131234 -0.023842
    65 -0.248295 -0.666843 3.386627 -0.962704 -0.126761 0.060037
    66 0.717491 -3.784309 13.044010 -0.794246 0.306833 -1.409603
    67 -1.099228 -1.407673 8.017876 -0.959591 -0.014287 -0.006248
    68 -0.064053 -0.807640 3.686100 -0.923077 -0.023602 -0.016114
    69 4.004906 6.172710 4.754800 0.124007 -1.322753 -2.426403
    70 -0.158381 -1.149773 5.804405 -0.238445 0.239741 0.215257
    71 1.078559 -2.386406 5.215008 -0.801256 0.576012 0.103057
    72 6.289963 0.932404 13.569109 -0.126801 -0.612098 -2.869612
    73 -1.327759 -0.766682 12.396324 0.001788 0.001052 -0.016881
    74 0.000017 -54.999996 0.000000 0.000000 0.000000 -1.570796
  time 105
    0 0.000000 0.000000 -1.500000 0.000000 0.000000 0.000000
    1 -10.521344 -5.760963 66.994621 3.097007 -0.050786 -3.139334
    2 1.031653 4.037607 14.637468 -0.100807 0.471177 0.154233
    3 -0.000034 0.000012 24.761454 -1.038417 -0.120470 0.159581
    4 0.000017 0.000000 24.344809 1.813974 -0.430531 -0.232729
    5 0.002333 -1.019846 24.031336 0.542244 -0.026938 0.028539
    6 0.000034 0.000008 13.404741 -0.000001 0.000003 0.038661
    7 10.398263 -5.760962 66.994675 3.097007 0.050786 3.139334
    8 3.320247 -1.525011 15.343162 0.947743 -0.740129 0.119788
    9 -0.000004 -0.000006 24.761459 -1.327457 0.153939 -0.521489
    10 -0.000007 0.000004 24.344891 1.256998 0.231827 0.118890
    11 -0.002360 -1.019903 24.031330 0.389594 -0.042695 -0.017207
    12 0.000000 -0.000002 13.404737 0.000001 0.000005 -0.230389
    13 -0.061540 -5.245835 72.927078 0.000000 0.000000 0.000000
    14 -2.229213 -0.053831 -15.101412 0.323383 0.037011 -0.224903
    15 0.000000 -0.005608 -1.146812 0.009606 0.004859 -0.045565
    16 0.030770 -0.240000 8.906021 -0.004138 0.000000 0.000000
    17 0.078151 -0.921047 0.058197 0.167619 0.057676 0.060226
    18 0.030770 -0.276858 8.905140 0.056125 0.004134 -0.000049
    19 -0.513000 -0.608518 -0.008988 0.403134 -0.027277 -0.097592
    20 5.669724 4.435303 14.302868 1.128576 -1.372011 2.029283
    21 -1.044571 -2.839317 19.743267 -0.380963 -0.951412 0.204693
    22 2.655533 -1.533369 24.792658 -1.031584 0.107558 -0.012839
    23 1.120163 -0.154394 9.796035 -0.008311 0.000829 -0.072193
    24 2.240311 -0.308786 19.592051 -0.257840 0.405862 -0.126819
    25 0.683151 2.877354 14.167051 -0.182851 -0.076945 1.372012
    26 0.144936 -0.145374 7.579252 -1.009729 -0.206843 0.101422
    27 0.091660 -0.906685 4.702850 -0.839086 -0.131297 0.058569
    28 0.506271 8.500866 13.617253 -0.158115 0.242344 1.178977
    29 -0.384987 -0.460049 7.003448 -0.858319 -0.407505 0.226445
    30 0.561516 -0.596954 5.061852 -0.650117 -0.255927 0.097761
    31 -2.452171 -8.899406 11.597897 -0.243376 -0.505502 1.570377
    32 0.680496 -0.903999 6.074253 -1.053771 0.117983 0.012828
    33 0.245514 -0.661150 3.388004 -0.871913 0.112004 -0.049900
    34 -0.717484 -3.784271 13.043911 -0.282335 -0.220771 1.422018
    35 1.099216 -1.407745 8.017889 -0.981387 0.007813 0.003070
    36 0.068439 -0.807653 3.686054 -0.665213 0.007031 0.002904
    37 -4.004929 6.172707 4.754754 0.908074 1.207047 3.489208
    38 0.158352 -1.149811 5.804394 -0.139071 -0.234707 0.235226
    39 -1.083523 -1.463142 5.544399 -0.651080 -0.174622 0.031624
    40 -6.289886 0.932434 13.569063 -0.126803 0.612110 2.869610
    41 1.327774 -0.766687 12.396328 -0.002123 0.001213 -0.019748
    42 -0.096140 1.828087 23.185329 -0.064936 -0.267890 -1.410180
    43 2.325478 -0.000003 6.169296 -0.245440 0.070587 1.703238
    44 0.000000 -3.152912 0.122169 2.024442 0.000419 -0.001067
    45 1.068383 -10.478592 7.066338 0.292219 -1.282324 -3.141588
    46 0.000000 0.000000 2.279457 0.547137 -0.343566 0.107833
    47 2.479414 -8.323895 6.074242 0.050329 1.235671 2.233583
    48 0.000003 -5.075260 5.343650 0.000000 0.000000 0.000000
    49 -1.068383 -10.478611 7.065971 0.292219 1.282324 3.141588
    50 -0.000488 0.000015 2.279600 0.547136 0.343566 0.107835
    51 -2.479401 -8.323895 6.074234 0.091880 1.226761 2.291178
    52 -5.790000 4.432083 14.255558 -5.242587 1.205848 -1.806119
    53 1.044540 -2.839314 19.743252 -0.066785 1.075229 -0.046106
    54 -2.655510 -1.533379 24.792648 -0.959230 -0.201435 -0.078928
    55 -1.120216 -0.154385 9.795983 -0.009281 -0.000905 0.080733
    56 -2.240372 -0.308788 19.592047 -0.253161 -0.317710 0.140670
    57 -0.683205 2.877342 14.167089 -0.329977 0.171267 -1.302404
    58 -0.144958 -0.145317 7.579308 -0.909260 0.230576 -0.029371
    59 -0.038551 -0.936644 4.697678 -0.989252 0.202967 -0.086427
    60 -0.506317 8.500896 13.617329 -0.254647 -0.203875 -1.107673
    61 0.385056 -0.460075 7.003435 -0.787416 0.443996 -0.074186
    62 -0.456360 -0.710276 5.057732 -0.801035 0.365342 -0.164779
    63 2.452194 -8.899408 11.597939 -0.734900 0.767232 -1.449502
    64 -0.680515 -0.903999 6.074242 -0.998502 -0.123024 -0.025663
    65 -0.248295 -0.666843 3.386627 -0.810501 -0.121823 0.046699
    66 0.717491 -3.784309 13.044010 -0.539675 0.366289 -1.342399
    67 -1.099228 -1.407673 8.017876 -0.895988 -0.012358 -0.011245
    68 -0.064053 -0.807640 3.686100 -0.720667 -0.015441 -0.022370
    69 4.004906 6.172710 4.754800 0.646681 -1.334079 -2.990033
    70 -0.158381 -1.149773 5.804405 -0.189438 0.116798 0.134352
    71 1.078559 -2.386406 5.215008 -0.739673 0.435105 0.162246
    72 6.289963 0.932404 13.569109 -0.126801 -0.612098 -2.869612
    73 -1.327759 -0.766682 12.396324 0.003119 0.001855 -0.029373
    74 0.000017 -54.999996 0.000000 0.000000 0.000000 -1.570796
  time 106
    0 0.000000 0.000000 -1.500000 0.000000 0.000000 0.000000
    1 -10.521344 -5.760963 66.994621 3.097007 -0.050786 -3.139334
    2 1.066810 5.265306 14.076854 -0.130457 0.434629 0.191544
    3 -0.000034 0.000012 24.761454 -0.918415 -0.106592 0.211089
    4 0.000017 0.000000 24.344809 1.808857 -0.410567 -0.193103
    5 0.002333 -1.019846 24.031336 0.432258 -0.037868 0.019826
    6 0.000034 0.000008 13.404741 -0.000001 0.000003 0.075870
    7 10.398263 -5.760962 66.994675 3.097007 0.050786 3.139334
    8 3.191337 -0.126202 13.926911 0.947999 -0.636716 0.066152
    9 -0.000004 -0.000006 24.761459 -1.208003 0.140120 -0.421471
    10 -0.000007 0.000004 24.344891 1.175290 0.228916 0.109579
    11 -0.002360 -1.019903 24.031330 0.389594 -0.042695 -0.017219
    12 0.000000 -0.000002 13.404737 0.000001 0.000005 -0.163233
    13 -0.061540 -5.245835 72.927078 0.000000 0.000000 0.000000
    14 -2.213587 2.054040 -13.929794 0.214121 0.012890 -0.261055
    15 0.000000 -0.005608 -1.146812 -0.028033 0.001973 0.000280
    16 0.030770 -0.240000 8.906021 -0.004138 0.000000 0.000000
    17 0.078151 -0.686665 0.085542 0.139715 0.069375 0.057151
    18 0.030770 -0.276858 8.905140 0.056125 0.004134 -0.000049
    19 -0.606753 -0.503046 -0.001176 0.371928 -0.037933 -0.116575
    20 5.669724 4.435303 14.302868 0.485434 -1.377402 2.792118
    21 -1.044571 -2.839317 19.743267 -0.236794 -1.054058 0.144484
    22 2.655533 -1.533369 24.792658 -1.042520 0.104023 0.076201
    23 1.120163 -0.154394 9.796035 -0.005938 0.000650 -0.051601
    24 2.240311 -0.308786 19.592051 -0.233252 0.422024 -0.083854
    25 0.683151 2.877354 14.167051 0.009478 -0.041686 1.365955
    26 0.144936 -0.145374 7.579252 -0.939520 -0.198646 0.091187
    27 0.091660 -0.906685 4.702850 -0.769901 -0.121829 0.048933
    28 0.506271 8.500866 13.617253 0.027648 0.353183 1.190687
    29 -0.384987 -0.460049 7.003448 -0.774018 -0.390570 0.199479
    30 0.561516 -0.596954 5.061852 -0.571647 -0.232437 0.077938
    31 -2.452171 -8.899406 11.597897 -0.028709 -0.574154 1.524823
    32 0.680496 -0.903999 6.074253 -1.010111 0.113094 0.013643
    33 0.245514 -0.661150 3.388004 -0.822543 0.111093 -0.045969
    34 -0.717484 -3.784271 13.043911 -0.083422 -0.238376 1.395495
    35 1.099216 -1.407745 8.017889 -0.902920 0.004865 0.003801
    36 0.068439 -0.807653 3.686054 -0.586748 0.003867 0.002856
    37 -4.004929 6.172707 4.754754 1.025624 1.192823 3.638569
    38 0.158352 -1.149811 5.804394 -0.040457 -0.228557 0.251130
    39 -1.083523 -1.463142 5.544399 -0.640669 -0.181992 0.035934
    40 -6.289886 0.932434 13.569063 -0.126803 0.612110 2.869610
    41 1.327774 -0.766687 12.396328 0.005427 -0.003317 0.051458
    42 -0.096140 1.828087 23.185329 -0.054133 -0.300011 -1.403332
    43 2.325478 -0.000003 6.169296 -0.180929 0.082871 1.754166
    44 0.000000 -3.152912 0.122169 1.978742 0.000120 -0.000300
    45 1.068383 -10.478592 7.066338 0.292219 -1.282324 -3.141588
    46 0.000000 0.000000 2.279457 0.547137 -0.343566 0.107833
    47 2.479414 -8.323895 6.074242 0.056963 1.227782 2.308843
    48 0.000003 -5.075260 5.175677 0.000000 0.000000 0.000000
    49 -1.068383 -10.478611 7.065971 0.292219 1.282324 3.141588
    50 -0.000488 0.000015 2.279600 0.547136 0.343566 0.107835
    51 -2.479401 -8.323895 6.074234 0.094692 1.216838 2.362266
    52 -5.790000 4.432083 14.255558 -5.659089 1.291414 -2.322180
    53 1.044540 -2.839314 19.743252 0.011468 1.155868 0.008052
    54 -2.655510 -1.533379 24.792648 -0.965823 -0.219542 -0.104449
    55 -1.120216 -0.154385 9.795983 -0.005350 -0.000617 0.046701
    56 -2.240372 -0.308788 19.592047 -0.183209 -0.253256 0.073995
    57 -0.683205 2.877342 14.167089 -0.152035 0.107952 -1.254363
    58 -0.144958 -0.145317 7.579308 -0.862887 0.221899 -0.021557
    59 -0.038551 -0.936644 4.697678 -0.858185 0.180101 -0.063140
    60 -0.506317 8.500896 13.617329 -0.081400 -0.374687 -1.070741
    61 0.385056 -0.460075 7.003435 -0.747790 0.427332 -0.064830
    62 -0.456360 -0.710276 5.057732 -0.694641 0.321228 -0.140487
    63 2.452194 -8.899408 11.597939 -0.616678 0.866999 -1.386582
    64 -0.680515 -0.903999 6.074242 -0.962444 -0.118650 -0.026407
    65 -0.248295 -0.666843 3.386627 -0.713208 -0.117653 0.038633
    66 0.717491 -3.784309 13.044010 -0.351113 0.398479 -1.281334
    67 -1.099228 -1.407673 8.017876 -0.867521 -0.010895 -0.014781
    68 -0.064053 -0.807640 3.686100 -0.590679 -0.009365 -0.025882
    69 4.004906 6.172710 4.754800 0.979770 -1.301919 -3.357846
    70 -0.158381 -1.149773 5.804405 -0.149221 0.026658 0.078413
    71 1.078559 -2.386406 5.215008 -0.694526 0.331018 0.204044
    72 6.289963 0.932404 13.569109 -0.126801 -0.612098 -2.869612
    73 -1.327759 -0.766682 12.396324 0.005911 0.003641 -0.056206
    74 0.000017 -54.999996 0.000000 0.000000 0.000000 -1.570796
  time 107
    0 0.000000 0.000000 -1.500000 0.000000 0.000000 0.000000
    1 -10.521344 -5.760963 66.994621 3.097007 -0.050786 -3.139334
    2 1.047278 6.566667 13.987156 -0.090969 0.428673 0.244234
    3 -0.000034 0.000012 24.761454 -0.916789 -0.106400 0.206081
    4 0.000017 0.000000 24.344809 1.815330 -0.390241 -0.180506
    5 0.002333 -1.019846 24.031336 0.389660 -0.042698 0.017201
    6 0.000034 0.000008 13.404741 -0.000001 0.000003 0.077452
    7 10.398263 -5.760962 66.994675 3.097007 0.050786 3.139334
    8 3.195244 0.972863 13.319947 0.944587 -0.596221 0.044698
    9 -0.000004 -0.000006 24.761459 -1.135296 0.131707 -0.384255
    10 -0.000007 0.000004 24.344891 1.118108 0.229427 0.105375
    11 -0.002360 -1.019903 24.031330 0.389594 -0.042695 -0.017219
    12 0.000000 -0.000002 13.404737 0.000001 0.000005 -0.139466
    13 -0.061540 -5.245835 72.927078 0.000000 0.000000 0.000000
    14 -2.197962 3.894059 -13.479172 0.118844 -0.009287 -0.289160
    15 0.000000 -0.005608 -1.146812 -0.042610 0.000843 0.018107
    16 0.030770 -0.240000 8.906021 -0.004138 0.000000 0.000000
    17 0.078151 -0.600725 0.093355 0.128920 0.074046 0.055793
    18 0.030770 -0.276858 8.905140 0.056125 0.004134 -0.000049
    19 -0.641910 -0.456169 0.002731 0.359954 -0.042109 -0.123994
    20 5.669724 4.435303 14.302868 0.288089 -1.351293 3.033618
    21 -1.044571 -2.839317 19.743267 -0.155488 -1.088656 0.099109
    22 2.655533 -1.533369 24.792658 -1.045905 0.101602 0.121085
    23 1.120163 -0.154394 9.796035 -0.005015 0.000566 -0.043633
    24 2.240311 -0.308786 19.592051 -0.223417 0.427964 -0.066961
    25 0.683151 2.877354 14.167051 0.083206 -0.027952 1.365443
    26 0.144936 -0.145374 7.579252 -0.917728 -0.195937 0.088119
    27 0.091660 -0.906685 4.702850 -0.748335 -0.118737 0.046081
    28 0.506271 8.500866 13.617253 0.100891 0.395343 1.200980
    29 -0.384987 -0.460049 7.003448 -0.747163 -0.384698 0.191198
    30 0.561516 -0.596954 5.061852 -0.546585 -0.224563 0.072018
    31 -2.452171 -8.899406 11.597897 0.056702 -0.598871 1.502274
    32 0.680496 -0.903999 6.074253 -0.998452 0.111811 0.013775
    33 0.245514 -0.661150 3.388004 -0.808590 0.110733 -0.044866
    34 -0.717484 -3.784271 13.043911 -0.006696 -0.243721 1.384400
    35 1.099216 -1.407745 8.017889 -0.877734 0.003726 0.004125
    36 0.068439 -0.807653 3.686054 -0.561516 0.003064 0.002844
    37 -4.004929 6.172707 4.754754 1.067599 1.185781 3.693300
    38 0.158352 -1.149811 5.804394 -0.003334 -0.226782 0.257206
    39 -1.083523 -1.463142 5.544399 -0.637739 -0.185096 0.037287
    40 -6.289886 0.932434 13.569063 -0.126803 0.612110 2.869610
    41 1.327774 -0.766687 12.396328 0.009022 -0.005750 0.086559
    42 -0.096140 1.828087 23.185329 -0.050058 -0.312535 -1.400611
    43 2.325478 -0.000003 6.169296 -0.155717 0.085953 1.774522
    44 0.000000 -3.152912 0.122169 1.961052 0.000000 0.000000
    45 1.068383 -10.478592 7.066338 0.292219 -1.282324 -3.141588
    46 0.000000 0.000000 2.279457 0.547137 -0.343566 0.107833
    47 2.479414 -8.323895 6.074242 -0.008855 0.062097 1.561876
    48 0.000003 -5.075260 5.105362 0.000000 0.000000 0.000000
    49 -1.068383 -10.478611 7.065971 0.292219 1.282324 3.141588
    50 -0.000488 0.000015 2.279600 0.547136 0.343566 0.107835
    51 -2.479401 -8.323895 6.074234 0.008854 0.062118 1.579716
    52 -5.790000 4.432083 14.255558 -5.879274 1.296357 -2.577144
    53 1.044540 -2.839314 19.743252 0.062171 1.189786 0.046072
    54 -2.655510 -1.533379 24.792648 -0.967685 -0.226078 -0.120807
    55 -1.120216 -0.154385 9.795983 -0.003840 -0.000486 0.033480
    56 -2.240372 -0.308788 19.592047 -0.158695 -0.226326 0.048735
    57 -0.683205 2.877342 14.167089 -0.085214 0.080930 -1.239333
    58 -0.144958 -0.145317 7.579308 -0.851008 0.219634 -0.019627
    59 -0.038551 -0.936644 4.697678 -0.813707 0.171651 -0.055938
    60 -0.506317 8.500896 13.617329 -0.014726 -0.442737 -1.064541
    61 0.385056 -0.460075 7.003435 -0.740192 0.423703 -0.064279
    62 -0.456360 -0.710276 5.057732 -0.661314 0.306846 -0.134642
    63 2.452194 -8.899408 11.597939 -0.566564 0.903732 -1.354431
    64 -0.680515 -0.903999 6.074242 -0.951988 -0.117368 -0.026598
    65 -0.248295 -0.666843 3.386627 -0.678988 -0.115999 0.035900
    66 0.717491 -3.784309 13.044010 -0.277731 0.408031 -1.255464
    67 -1.099228 -1.407673 8.017876 -0.861245 -0.010380 -0.016111
    68 -0.064053 -0.807640 3.686100 -0.545098 -0.007064 -0.027020
    69 4.004906 6.172710 4.754800 1.081339 -1.282715 -3.474092
    70 -0.158381 -1.149773 5.804405 -0.132653 -0.008308 0.057315
    71 1.078559 -2.386406 5.215008 -0.676801 0.290491 0.219901
    72 6.289963 0.932404 13.569109 -0.126801 -0.612098 -2.869612
    73 -1.327759 -0.766682 12.396324 0.007565 0.004731 -0.072214
    74 0.000017 -54.999996 0.000000 0.000000 0.000000 -1.570796
end
