// Created by Crowbar 0.74
version 1
nodes
  0 "root" -1
  1 "g_r_hip_offset" 0
  2 "g_r_hip" 1
  3 "g_r_knee" 2
  4 "g_r_ankle" 3
  5 "g_r_ball" 4
  6 "g_r_thightwist" 2
  7 "g_l_hip_offset" 0
  8 "g_l_hip" 7
  9 "g_l_knee" 8
  10 "g_l_ankle" 9
  11 "g_l_ball" 10
  12 "g_l_thightwist" 8
  13 "g_spine01_offset" 0
  14 "g_spine01" 13
  15 "g_pelvis" 14
  16 "g_spine02_offset" 14
  17 "g_spine02" 16
  18 "g_spine03_offset" 17
  19 "g_spine03" 18
  20 "g_l_clavical" 19
  21 "g_l_shoulder" 20
  22 "g_l_elbow" 21
  23 "g_l_forarm" 22
  24 "g_l_wrist" 22
  25 "g_l_birdy1" 24
  26 "g_l_birdy2" 25
  27 "g_l_birdy3" 26
  28 "g_l_index1" 24
  29 "g_l_index2" 28
  30 "g_l_index3" 29
  31 "g_l_pinky1" 24
  32 "g_l_pinky2" 31
  33 "g_l_pinky3" 32
  34 "g_l_ring1" 24
  35 "g_l_ring2" 34
  36 "g_l_ring3" 35
  37 "g_l_thumb1" 24
  38 "g_l_thumb2" 37
  39 "g_l_thumb3" 38
  40 "g_l_palm" 24
  41 "g_l_biceptwist" 21
  42 "g_neck" 19
  43 "g_head" 42
  44 "g_jaw" 43
  45 "g_l_brow" 43
  46 "g_l_brow2" 45
  47 "g_l_eye" 43
  48 "g_topeyelid" 43
  49 "g_r_brow" 43
  50 "g_r_brow2" 49
  51 "g_r_eye" 43
  52 "g_r_clavical" 19
  53 "g_r_shoulder" 52
  54 "g_r_elbow" 53
  55 "g_r_forarm" 54
  56 "g_r_wrist" 54
  57 "g_r_birdy1" 56
  58 "g_r_birdy2" 57
  59 "g_r_birdy3" 58
  60 "g_r_index1" 56
  61 "g_r_index2" 60
  62 "g_r_index3" 61
  63 "g_r_pinky1" 56
  64 "g_r_pinky2" 63
  65 "g_r_pinky3" 64
  66 "g_r_ring1" 56
  67 "g_r_ring2" 66
  68 "g_r_ring3" 67
  69 "g_r_thumb1" 56
  70 "g_r_thumb2" 69
  71 "g_r_thumb3" 70
  72 "g_r_palm" 56
  73 "g_r_biceptwist" 53
  74 "g_throwable_attach_offset" 0
end
skeleton
  time 0
    0 0.000000 0.000000 -1.500000 0.000000 0.000000 0.000000
    1 -10.521344 -5.760963 66.994621 3.097005 -0.050653 -3.139334
    2 -0.101194 6.885869 16.207185 -0.050319 0.228984 0.333143
    3 -0.000034 0.000012 24.761454 -1.279316 -0.148335 -0.064003
    4 0.000017 0.000000 24.344809 1.875621 0.029364 0.084451
    5 0.002333 -1.019846 24.031336 0.820009 -0.045910 -0.002490
    6 0.000034 0.000008 13.404741 -0.000001 -0.000009 -0.050901
    7 10.398263 -5.760962 66.994675 3.097005 0.050653 3.139334
    8 2.863202 -0.475904 14.354034 0.897922 -0.638545 0.169463
    9 -0.000004 -0.000006 24.761459 -1.508343 0.174864 -0.634930
    10 -0.000007 0.000004 24.344891 1.443452 0.090062 -0.012098
    11 -0.002360 -1.019903 24.031330 0.389594 -0.042695 -0.017219
    12 0.000000 -0.000002 13.404737 0.000001 0.000005 -0.332970
    13 -0.061540 -5.245835 72.927078 0.000000 0.000000 0.000000
    14 -1.764355 3.393294 -15.146474 -0.007157 0.000021 -0.077352
    15 0.000000 -0.005608 -1.146812 0.137674 -0.063998 -0.286446
    16 0.030770 -0.240000 8.906021 -0.004138 0.000000 0.000000
    17 -1.082041 -2.460157 -0.465256 0.415116 -0.059307 -0.294345
    18 0.030770 -0.276858 8.905140 0.056125 0.004134 -0.000049
    19 0.373746 -0.577267 0.030075 0.326532 0.134147 -0.020231
    20 5.669724 4.435303 14.302868 3.127772 -1.329518 0.305908
    21 -1.044571 -2.839317 19.743267 -0.674192 -0.743459 0.249758
    22 2.655533 -1.533369 24.792658 -0.744299 0.097721 -0.338672
    23 1.120163 -0.154394 9.796035 -0.022081 0.000901 -0.191643
    24 2.240311 -0.308786 19.592051 -0.033328 0.041597 -0.385994
    25 0.683151 2.877354 14.167051 -0.841630 -0.095053 1.399449
    26 0.144936 -0.145374 7.579252 -0.802884 -0.180641 0.073010
    27 0.091660 -0.906685 4.702850 -0.635046 -0.101507 0.032163
    28 0.506271 8.500866 13.617253 -0.778211 0.122321 1.216543
    29 -0.384987 -0.460049 7.003448 -0.595716 -0.347309 0.147604
    30 0.561516 -0.596954 5.061852 -0.405043 -0.176980 0.042211
    31 -2.452171 -8.899406 11.597897 -1.286276 -0.360908 1.614380
    32 0.680496 -0.903999 6.074253 -0.976262 0.109356 0.014027
    33 0.245514 -0.661150 3.388004 -0.829200 0.111249 -0.046484
    34 -0.717484 -3.784271 13.043911 -1.134340 -0.184769 1.516231
    35 1.099216 -1.407745 8.017889 -1.001644 0.008592 0.002818
    36 0.068439 -0.807653 3.686054 -0.685469 0.007822 0.002856
    37 -4.004929 6.172707 4.754754 0.079404 0.825920 2.501306
    38 0.158352 -1.149811 5.804394 -0.548815 -0.254434 0.179346
    39 -1.083523 -1.463142 5.544399 -0.466786 -0.110790 0.013910
    40 -6.289886 0.932434 13.569063 -0.126803 0.612110 2.869610
    41 1.327774 -0.766687 12.396328 -0.025745 0.011185 -0.227592
    42 -0.096140 1.828087 23.185329 0.148035 -0.256186 -1.340632
    43 2.325478 -0.000003 6.169296 0.275755 0.356680 1.916810
    44 0.000000 -3.152912 0.122169 2.035948 0.000000 0.000000
    45 1.068383 -10.478592 7.066338 0.292219 -1.282324 -3.141588
    46 0.000000 0.000000 2.279457 0.547137 -0.343566 0.107833
    47 2.479414 -8.323895 6.074242 -0.009236 0.327514 1.561685
    48 0.000005 -5.730469 2.636719 0.000000 0.000000 0.000000
    49 -1.068383 -10.478611 7.065971 0.292219 1.282324 3.141588
    50 -0.000488 0.000015 2.279600 0.547136 0.343566 0.107835
    51 -2.479401 -8.323895 6.074234 0.009296 0.327527 1.581344
    52 -5.790000 4.432083 14.255558 -2.680791 1.359659 0.358157
    53 1.044540 -2.839314 19.743252 -0.719746 0.744532 -0.263665
    54 -2.655510 -1.533379 24.792648 -0.758582 -0.088794 0.199759
    55 -1.120216 -0.154385 9.795983 0.032665 0.009557 -0.295853
    56 -2.240372 -0.308788 19.592047 0.127299 -0.047618 -0.591373
    57 -0.683205 2.877342 14.167089 -0.954383 0.161935 -1.444281
    58 -0.144958 -0.145317 7.579308 -0.926152 0.233644 -0.032319
    59 -0.038551 -0.936644 4.697678 -0.755323 0.156515 -0.045800
    60 -0.506317 8.500896 13.617329 -0.862984 0.087301 -1.330827
    61 0.385056 -0.460075 7.003435 -0.755171 0.461469 -0.058674
    62 -0.456360 -0.710276 5.057732 -0.544368 0.304298 -0.059867
    63 2.452194 -8.899408 11.597939 -1.300891 0.185797 -1.528651
    64 -0.680515 -0.903999 6.074242 -1.055275 -0.129883 -0.024184
    65 -0.248295 -0.666843 3.386627 -0.909669 -0.125282 0.055312
    66 0.717491 -3.784309 13.044010 -1.167335 0.121731 -1.491131
    67 -1.099228 -1.407673 8.017876 -1.051154 -0.006439 0.003086
    68 -0.064053 -0.807640 3.686100 -0.734867 -0.008762 -0.006760
    69 4.004906 6.172710 4.754800 0.176000 -1.024693 -2.611323
    70 -0.158381 -1.149773 5.804405 -0.476278 0.307423 0.243202
    71 1.078559 -2.386406 5.215008 -0.386901 0.177612 0.094507
    72 6.289963 0.932404 13.569109 -0.126801 -0.612098 -2.869612
    73 -1.327759 -0.766682 12.396324 -0.018777 -0.008835 0.168039
    74 0.000017 -54.999996 0.000000 0.000000 0.000000 -1.570796
  time 1
    0 0.000000 0.000000 -1.500000 0.000000 0.000000 0.000000
    1 -10.521344 -5.760963 66.994621 3.097005 -0.050653 -3.139334
    2 -0.101194 6.885869 16.207185 -0.050319 0.228984 0.333143
    3 -0.000034 0.000012 24.761454 -1.279316 -0.148335 -0.064003
    4 0.000017 0.000000 24.344809 1.875621 0.029364 0.084451
    5 0.002333 -1.019846 24.031336 0.820009 -0.045910 -0.002490
    6 0.000034 0.000008 13.404741 -0.000001 -0.000009 -0.050901
    7 10.398263 -5.760962 66.994675 3.097005 0.050653 3.139334
    8 2.863202 -0.475904 14.354034 0.897922 -0.638545 0.169463
    9 -0.000004 -0.000006 24.761459 -1.508343 0.174864 -0.634930
    10 -0.000007 0.000004 24.344891 1.443452 0.090062 -0.012098
    11 -0.002360 -1.019903 24.031330 0.389594 -0.042695 -0.017219
    12 0.000000 -0.000002 13.404737 0.000001 0.000005 -0.332970
    13 -0.061540 -5.245835 72.927078 0.000000 0.000000 0.000000
    14 -1.764355 3.393294 -15.146474 -0.007157 0.000021 -0.077352
    15 0.000000 -0.005608 -1.146812 0.137674 -0.063998 -0.286446
    16 0.030770 -0.240000 8.906021 -0.004138 0.000000 0.000000
    17 -1.082041 -2.460157 -0.465256 0.415116 -0.059307 -0.294345
    18 0.030770 -0.276858 8.905140 0.056125 0.004134 -0.000049
    19 0.373746 -0.577267 0.030075 0.326532 0.134147 -0.020231
    20 5.669724 4.435303 14.302868 3.127772 -1.329518 0.305908
    21 -1.044571 -2.839317 19.743267 -0.674192 -0.743459 0.249758
    22 2.655533 -1.533369 24.792658 -0.744299 0.097721 -0.338672
    23 1.120163 -0.154394 9.796035 -0.022081 0.000901 -0.191643
    24 2.240311 -0.308786 19.592051 -0.033328 0.041597 -0.385994
    25 0.683151 2.877354 14.167051 -0.841630 -0.095053 1.399449
    26 0.144936 -0.145374 7.579252 -0.802884 -0.180641 0.073010
    27 0.091660 -0.906685 4.702850 -0.635046 -0.101507 0.032163
    28 0.506271 8.500866 13.617253 -0.778211 0.122321 1.216543
    29 -0.384987 -0.460049 7.003448 -0.595716 -0.347309 0.147604
    30 0.561516 -0.596954 5.061852 -0.405043 -0.176980 0.042211
    31 -2.452171 -8.899406 11.597897 -1.286276 -0.360908 1.614380
    32 0.680496 -0.903999 6.074253 -0.976262 0.109356 0.014027
    33 0.245514 -0.661150 3.388004 -0.829200 0.111249 -0.046484
    34 -0.717484 -3.784271 13.043911 -1.134340 -0.184769 1.516231
    35 1.099216 -1.407745 8.017889 -1.001644 0.008592 0.002818
    36 0.068439 -0.807653 3.686054 -0.685469 0.007822 0.002856
    37 -4.004929 6.172707 4.754754 0.079404 0.825920 2.501306
    38 0.158352 -1.149811 5.804394 -0.548815 -0.254434 0.179346
    39 -1.083523 -1.463142 5.544399 -0.466786 -0.110790 0.013910
    40 -6.289886 0.932434 13.569063 -0.126803 0.612110 2.869610
    41 1.327774 -0.766687 12.396328 -0.025745 0.011185 -0.227592
    42 -0.096140 1.828087 23.185329 0.148035 -0.256186 -1.340632
    43 2.325478 -0.000003 6.169296 0.275755 0.356680 1.916810
    44 0.000000 -3.152912 0.122169 2.035948 0.000000 0.000000
    45 1.068383 -10.478592 7.066338 0.292219 -1.282324 -3.141588
    46 0.000000 0.000000 2.279457 0.547137 -0.343566 0.107833
    47 2.479414 -8.323895 6.074242 -0.009236 0.327514 1.561685
    48 0.000005 -5.730469 2.636719 0.000000 0.000000 0.000000
    49 -1.068383 -10.478611 7.065971 0.292219 1.282324 3.141588
    50 -0.000488 0.000015 2.279600 0.547136 0.343566 0.107835
    51 -2.479401 -8.323895 6.074234 0.009296 0.327527 1.581344
    52 -5.790000 4.432083 14.255558 -2.680791 1.359659 0.358157
    53 1.044540 -2.839314 19.743252 -0.719746 0.744532 -0.263665
    54 -2.655510 -1.533379 24.792648 -0.758582 -0.088794 0.199759
    55 -1.120216 -0.154385 9.795983 0.032665 0.009557 -0.295853
    56 -2.240372 -0.308788 19.592047 0.127299 -0.047618 -0.591373
    57 -0.683205 2.877342 14.167089 -0.954383 0.161935 -1.444281
    58 -0.144958 -0.145317 7.579308 -0.926152 0.233644 -0.032319
    59 -0.038551 -0.936644 4.697678 -0.755323 0.156515 -0.045800
    60 -0.506317 8.500896 13.617329 -0.862984 0.087301 -1.330827
    61 0.385056 -0.460075 7.003435 -0.755171 0.461469 -0.058674
    62 -0.456360 -0.710276 5.057732 -0.544368 0.304298 -0.059867
    63 2.452194 -8.899408 11.597939 -1.300891 0.185797 -1.528651
    64 -0.680515 -0.903999 6.074242 -1.055275 -0.129883 -0.024184
    65 -0.248295 -0.666843 3.386627 -0.909669 -0.125282 0.055312
    66 0.717491 -3.784309 13.044010 -1.167335 0.121731 -1.491131
    67 -1.099228 -1.407673 8.017876 -1.051154 -0.006439 0.003086
    68 -0.064053 -0.807640 3.686100 -0.734867 -0.008762 -0.006760
    69 4.004906 6.172710 4.754800 0.176000 -1.024693 -2.611323
    70 -0.158381 -1.149773 5.804405 -0.476278 0.307423 0.243202
    71 1.078559 -2.386406 5.215008 -0.386901 0.177612 0.094507
    72 6.289963 0.932404 13.569109 -0.126801 -0.612098 -2.869612
    73 -1.327759 -0.766682 12.396324 -0.018777 -0.008835 0.168039
    74 0.000017 -54.999996 0.000000 0.000000 0.000000 -1.570796
  time 2
    0 0.000000 0.000000 -1.500000 0.000000 0.000000 0.000000
    1 -10.521344 -5.760963 66.994621 3.097005 -0.050653 -3.139334
    2 1.613702 6.382512 16.700525 -0.085025 0.202457 0.334673
    3 -0.000034 0.000012 24.761454 -1.275698 -0.147915 -0.044051
    4 0.000017 0.000000 24.344809 1.905150 0.058133 0.105517
    5 0.002333 -1.019846 24.031336 0.820009 -0.045910 -0.002490
    6 0.000034 0.000008 13.404741 -0.000001 -0.000009 -0.038329
    7 10.398263 -5.760962 66.994675 3.097005 0.050653 3.139334
    8 4.632787 -1.025436 14.848598 0.886832 -0.682771 0.159891
    9 -0.000004 -0.000006 24.761459 -1.525943 0.176901 -0.629404
    10 -0.000007 0.000004 24.344891 1.461459 0.127481 0.023171
    11 -0.002360 -1.019903 24.031330 0.389594 -0.042695 -0.017219
    12 0.000000 -0.000002 13.404737 0.000001 0.000005 -0.316546
    13 -0.061540 -5.245835 72.927078 0.000000 0.000000 0.000000
    14 -3.467532 2.869238 -15.664689 -0.007157 0.000021 -0.077051
    15 0.000000 -0.005608 -1.146812 0.137578 -0.055780 -0.289055
    16 0.030770 -0.240000 8.906021 -0.004138 0.000000 0.000000
    17 -1.140637 -2.495314 -0.488694 0.423513 -0.068474 -0.293746
    18 0.030770 -0.276858 8.905140 0.056125 0.004134 -0.000049
    19 0.373746 -0.573361 0.033982 0.328069 0.131617 -0.020543
    20 5.669724 4.435303 14.302868 3.124230 -1.328567 0.300637
    21 -1.044571 -2.839317 19.743267 -0.670915 -0.736414 0.245528
    22 2.655533 -1.533369 24.792658 -0.739178 0.099911 -0.352906
    23 1.120163 -0.154394 9.796035 -0.022165 0.000901 -0.192333
    24 2.240311 -0.308786 19.592051 -0.027975 0.048734 -0.388249
    25 0.683151 2.877354 14.167051 -0.841630 -0.095053 1.399462
    26 0.144936 -0.145374 7.579252 -0.802884 -0.180641 0.073010
    27 0.091660 -0.906685 4.702850 -0.635046 -0.101507 0.032163
    28 0.506271 8.500866 13.617253 -0.778211 0.122321 1.216543
    29 -0.384987 -0.460049 7.003448 -0.595716 -0.347309 0.147604
    30 0.561516 -0.596954 5.061852 -0.405043 -0.176980 0.042211
    31 -2.452171 -8.899406 11.597897 -1.286276 -0.360908 1.614380
    32 0.680496 -0.903999 6.074253 -0.976262 0.109356 0.014027
    33 0.245514 -0.661150 3.388004 -0.829200 0.111249 -0.046484
    34 -0.717484 -3.784271 13.043911 -1.134340 -0.184769 1.516231
    35 1.099216 -1.407745 8.017889 -1.001644 0.008592 0.002818
    36 0.068439 -0.807653 3.686054 -0.685469 0.007810 0.002856
    37 -4.004929 6.172707 4.754754 0.079404 0.825920 2.501306
    38 0.158352 -1.149811 5.804394 -0.548815 -0.254434 0.179346
    39 -1.083523 -1.463142 5.544399 -0.466786 -0.110790 0.013910
    40 -6.289886 0.932434 13.569063 -0.126803 0.612110 2.869610
    41 1.327774 -0.766687 12.396328 -0.026200 0.011316 -0.231559
    42 -0.096140 1.828087 23.185329 0.148035 -0.256186 -1.340632
    43 2.325478 -0.000003 6.169296 0.281819 0.363509 1.907630
    44 0.000000 -3.152912 0.122169 2.035964 0.000000 0.000000
    45 1.068383 -10.478592 7.066338 0.292219 -1.282324 -3.141588
    46 0.000000 0.000000 2.279457 0.547137 -0.343566 0.107833
    47 2.479414 -8.323895 6.074242 -0.009236 0.327514 1.561685
    48 0.000005 -5.730469 2.636719 0.000000 0.000000 0.000000
    49 -1.068383 -10.478611 7.065971 0.292219 1.282324 3.141588
    50 -0.000488 0.000015 2.279600 0.547136 0.343566 0.107835
    51 -2.479401 -8.323895 6.074234 0.009276 0.327527 1.581344
    52 -5.790000 4.432083 14.255558 -2.679353 1.355090 0.366302
    53 1.044540 -2.839314 19.743252 -0.711620 0.729947 -0.253976
    54 -2.655510 -1.533379 24.792648 -0.765779 -0.084251 0.206120
    55 -1.120216 -0.154385 9.795983 0.033408 0.009917 -0.303062
    56 -2.240372 -0.308788 19.592047 0.119586 -0.044895 -0.606667
    57 -0.683205 2.877342 14.167089 -0.954383 0.161935 -1.444281
    58 -0.144958 -0.145317 7.579308 -0.926152 0.233644 -0.032319
    59 -0.038551 -0.936644 4.697678 -0.755323 0.156515 -0.045800
    60 -0.506317 8.500896 13.617329 -0.862984 0.087301 -1.330827
    61 0.385056 -0.460075 7.003435 -0.755171 0.461452 -0.058674
    62 -0.456360 -0.710276 5.057732 -0.544368 0.304298 -0.059867
    63 2.452194 -8.899408 11.597939 -1.300891 0.185797 -1.528651
    64 -0.680515 -0.903999 6.074242 -1.055275 -0.129883 -0.024184
    65 -0.248295 -0.666843 3.386627 -0.909669 -0.125282 0.055312
    66 0.717491 -3.784309 13.044010 -1.167335 0.121731 -1.491131
    67 -1.099228 -1.407673 8.017876 -1.051154 -0.006439 0.003086
    68 -0.064053 -0.807640 3.686100 -0.734867 -0.008762 -0.006760
    69 4.004906 6.172710 4.754800 0.176000 -1.024693 -2.611323
    70 -0.158381 -1.149773 5.804405 -0.476278 0.307423 0.243202
    71 1.078559 -2.386406 5.215008 -0.386948 0.177582 0.094507
    72 6.289963 0.932404 13.569109 -0.126801 -0.612098 -2.869612
    73 -1.327759 -0.766682 12.396324 -0.019436 -0.009075 0.173684
    74 0.000017 -54.999996 0.000000 0.000000 0.000000 -1.570796
  time 3
    0 0.000000 0.000000 -1.500000 0.000000 0.000000 0.000000
    1 -10.521344 -5.760963 66.994621 3.097005 -0.050653 -3.139334
    2 3.238751 5.780939 17.149016 -0.124718 0.178575 0.336420
    3 -0.000034 0.000012 24.761454 -1.261592 -0.146285 -0.025442
    4 0.000017 0.000000 24.344809 1.930425 0.084842 0.122931
    5 0.002333 -1.019846 24.031336 0.820009 -0.045910 -0.002490
    6 0.000034 0.000008 13.404741 -0.000001 -0.000009 -0.026369
    7 10.398263 -5.760962 66.994675 3.097005 0.050653 3.139334
    8 6.316433 -1.687373 15.320682 0.870879 -0.723375 0.153537
    9 -0.000004 -0.000006 24.761459 -1.539912 0.178507 -0.621508
    10 -0.000007 0.000004 24.344891 1.482434 0.163611 0.058966
    11 -0.002360 -1.019903 24.031330 0.389594 -0.042695 -0.017219
    12 0.000000 -0.000002 13.404737 0.000001 0.000005 -0.298405
    13 -0.061540 -5.245835 72.927078 0.000000 0.000000 0.000000
    14 -5.080862 2.240371 -16.182904 -0.007157 0.000021 -0.076751
    15 0.000000 -0.005608 -1.146812 0.137514 -0.047592 -0.291854
    16 0.030770 -0.240000 8.906021 -0.004138 0.000000 0.000000
    17 -1.203138 -2.526565 -0.512133 0.431994 -0.077729 -0.292827
    18 0.030770 -0.276858 8.905140 0.056125 0.004134 -0.000049
    19 0.369840 -0.577267 0.037888 0.330035 0.127873 -0.020926
    20 5.669724 4.435303 14.302868 3.120306 -1.327616 0.295270
    21 -1.044571 -2.839317 19.743267 -0.668517 -0.730100 0.241947
    22 2.655533 -1.533369 24.792658 -0.734795 0.102524 -0.367301
    23 1.120163 -0.154394 9.796035 -0.022237 0.000889 -0.193023
    24 2.240311 -0.308786 19.592051 -0.022449 0.056654 -0.390504
    25 0.683151 2.877354 14.167051 -0.841630 -0.095053 1.399449
    26 0.144936 -0.145374 7.579252 -0.802884 -0.180641 0.073010
    27 0.091660 -0.906685 4.702850 -0.635046 -0.101507 0.032163
    28 0.506271 8.500866 13.617253 -0.778211 0.122321 1.216543
    29 -0.384987 -0.460049 7.003448 -0.595716 -0.347309 0.147604
    30 0.561516 -0.596954 5.061852 -0.405043 -0.176980 0.042211
    31 -2.452171 -8.899406 11.597897 -1.286276 -0.360908 1.614380
    32 0.680496 -0.903999 6.074253 -0.976262 0.109356 0.014027
    33 0.245514 -0.661150 3.388004 -0.829200 0.111249 -0.046484
    34 -0.717484 -3.784271 13.043911 -1.134340 -0.184769 1.516231
    35 1.099216 -1.407745 8.017889 -1.001644 0.008592 0.002818
    36 0.068439 -0.807653 3.686054 -0.685469 0.007822 0.002856
    37 -4.004929 6.172707 4.754754 0.079404 0.825920 2.501306
    38 0.158352 -1.149811 5.804394 -0.548815 -0.254434 0.179346
    39 -1.083523 -1.463142 5.544399 -0.466786 -0.110790 0.013910
    40 -6.289886 0.932434 13.569063 -0.126803 0.612110 2.869610
    41 1.327774 -0.766687 12.396328 -0.026680 0.011448 -0.235526
    42 -0.096140 1.828087 23.185329 0.148035 -0.256186 -1.340632
    43 2.325478 -0.000003 6.169296 0.287215 0.370020 1.896375
    44 0.000000 -3.152912 0.122169 2.035948 0.000000 0.000000
    45 1.068383 -10.478592 7.066338 0.292219 -1.282324 -3.141588
    46 0.000000 0.000000 2.279457 0.547137 -0.343566 0.107833
    47 2.479414 -8.323895 6.074242 -0.009236 0.327514 1.561685
    48 0.000005 -5.730469 2.636719 0.000000 0.000000 0.000000
    49 -1.068383 -10.478611 7.065971 0.292219 1.282324 3.141588
    50 -0.000488 0.000015 2.279600 0.547136 0.343566 0.107835
    51 -2.479401 -8.323895 6.074234 0.009296 0.327574 1.581344
    52 -5.790000 4.432083 14.255558 -2.682804 1.350604 0.373009
    53 1.044540 -2.839314 19.743252 -0.699487 0.713963 -0.242791
    54 -2.655510 -1.533379 24.792648 -0.773529 -0.079332 0.213315
    55 -1.120216 -0.154385 9.795983 0.034151 0.010265 -0.310244
    56 -2.240372 -0.308788 19.592047 0.108971 -0.045093 -0.622734
    57 -0.683205 2.877342 14.167089 -0.954383 0.161915 -1.444281
    58 -0.144958 -0.145317 7.579308 -0.926152 0.233656 -0.032319
    59 -0.038551 -0.936644 4.697678 -0.755323 0.156515 -0.045800
    60 -0.506317 8.500896 13.617329 -0.862984 0.087301 -1.330827
    61 0.385056 -0.460075 7.003435 -0.755128 0.461469 -0.058689
    62 -0.456360 -0.710276 5.057732 -0.544368 0.304298 -0.059867
    63 2.452194 -8.899408 11.597939 -1.300891 0.185797 -1.528651
    64 -0.680515 -0.903999 6.074242 -1.055275 -0.129883 -0.024184
    65 -0.248295 -0.666843 3.386627 -0.909669 -0.125282 0.055312
    66 0.717491 -3.784309 13.044010 -1.167335 0.121731 -1.491131
    67 -1.099228 -1.407673 8.017876 -1.051154 -0.006439 0.003086
    68 -0.064053 -0.807640 3.686100 -0.734867 -0.008762 -0.006760
    69 4.004906 6.172710 4.754800 0.176000 -1.024693 -2.611323
    70 -0.158381 -1.149773 5.804405 -0.476278 0.307423 0.243202
    71 1.078559 -2.386406 5.215008 -0.386948 0.177612 0.094507
    72 6.289963 0.932404 13.569109 -0.126801 -0.612098 -2.869612
    73 -1.327759 -0.766682 12.396324 -0.020131 -0.009339 0.179698
    74 0.000017 -54.999996 0.000000 0.000000 0.000000 -1.570796
  time 4
    0 0.000000 0.000000 -1.500000 0.000000 0.000000 0.000000
    1 -10.521344 -5.760963 66.994621 3.097005 -0.050653 -3.139334
    2 4.777861 5.105705 17.597507 -0.168169 0.156975 0.338779
    3 -0.000034 0.000012 24.761454 -1.237973 -0.143565 -0.008382
    4 0.000017 0.000000 24.344809 1.951077 0.109763 0.136630
    5 0.002333 -1.019846 24.031336 0.820009 -0.045910 -0.002490
    6 0.000034 0.000008 13.404741 -0.000001 -0.000009 -0.015338
    7 10.398263 -5.760962 66.994675 3.097005 0.050653 3.139334
    8 7.918044 -2.436735 15.815246 0.884187 -0.760358 0.139097
    9 -0.000004 -0.000006 24.761459 -1.583910 0.183576 -0.613182
    10 -0.000007 0.000004 24.344891 1.497149 0.174010 0.068845
    11 -0.002360 -1.019903 24.031330 0.403420 -0.042455 -0.017782
    12 0.000000 -0.000002 13.404737 0.000001 0.000005 -0.282603
    13 -0.061540 -5.245835 72.927078 0.000000 0.000000 0.000000
    14 -6.612159 1.553275 -16.678589 -0.007157 0.000021 -0.076571
    15 0.000000 -0.005608 -1.146812 0.137450 -0.038997 -0.294816
    16 0.030770 -0.240000 8.906021 -0.004138 0.000000 0.000000
    17 -1.265640 -2.565629 -0.531664 0.440453 -0.086971 -0.291749
    18 0.030770 -0.276858 8.905140 0.056125 0.004134 -0.000049
    19 0.362027 -0.577267 0.041795 0.332395 0.123121 -0.021430
    20 5.669724 4.435303 14.302868 3.116478 -1.326629 0.289808
    21 -1.044571 -2.839317 19.743267 -0.666707 -0.724255 0.238788
    22 2.655533 -1.533369 24.792658 -0.731063 0.105406 -0.382020
    23 1.120163 -0.154394 9.796035 -0.022309 0.000889 -0.193609
    24 2.240311 -0.308786 19.592051 -0.016704 0.065264 -0.392759
    25 0.683151 2.877354 14.167051 -0.841630 -0.095041 1.399462
    26 0.144936 -0.145374 7.579252 -0.802884 -0.180641 0.073010
    27 0.091660 -0.906685 4.702850 -0.635046 -0.101507 0.032163
    28 0.506271 8.500866 13.617253 -0.778211 0.122321 1.216543
    29 -0.384987 -0.460049 7.003448 -0.595716 -0.347309 0.147604
    30 0.561516 -0.596954 5.061852 -0.405043 -0.176980 0.042211
    31 -2.452171 -8.899406 11.597897 -1.286276 -0.360908 1.614380
    32 0.680496 -0.903999 6.074253 -0.976262 0.109356 0.014027
    33 0.245514 -0.661150 3.388004 -0.829200 0.111249 -0.046484
    34 -0.717484 -3.784271 13.043911 -1.134340 -0.184769 1.516231
    35 1.099216 -1.407745 8.017889 -1.001644 0.008592 0.002818
    36 0.068439 -0.807653 3.686054 -0.685469 0.007810 0.002856
    37 -4.004929 6.172707 4.754754 0.079404 0.825920 2.501306
    38 0.158352 -1.149811 5.804394 -0.548815 -0.254434 0.179346
    39 -1.083523 -1.463142 5.544399 -0.466786 -0.110790 0.013910
    40 -6.289886 0.932434 13.569063 -0.126803 0.612110 2.869610
    41 1.327774 -0.766687 12.396328 -0.027147 0.011592 -0.239493
    42 -0.096140 1.828087 23.185329 0.148035 -0.256186 -1.340632
    43 2.325478 -0.000003 6.169296 0.291847 0.376097 1.883164
    44 0.000000 -3.152912 0.122169 2.035948 0.000000 0.000000
    45 1.068383 -10.478592 7.066338 0.292219 -1.282324 -3.141588
    46 0.000000 0.000000 2.279457 0.547137 -0.343566 0.107833
    47 2.479414 -8.323895 6.074242 -0.009236 0.327514 1.561685
    48 0.000005 -5.730469 2.636719 0.000000 0.000000 0.000000
    49 -1.068383 -10.478611 7.065971 0.292219 1.282324 3.141588
    50 -0.000488 0.000015 2.279600 0.547136 0.343566 0.107835
    51 -2.479401 -8.323895 6.074234 0.009296 0.327527 1.581344
    52 -5.790000 4.432083 14.255558 -2.690185 1.346077 0.378662
    53 1.044540 -2.839314 19.743252 -0.683792 0.696792 -0.230571
    54 -2.655510 -1.533379 24.792648 -0.781682 -0.074155 0.221115
    55 -1.120216 -0.154385 9.795983 0.034906 0.010624 -0.317399
    56 -2.240372 -0.308788 19.592047 0.095683 -0.047915 -0.639144
    57 -0.683205 2.877342 14.167089 -0.954383 0.161935 -1.444281
    58 -0.144958 -0.145317 7.579308 -0.926152 0.233656 -0.032319
    59 -0.038551 -0.936644 4.697678 -0.755323 0.156515 -0.045800
    60 -0.506317 8.500896 13.617329 -0.862984 0.087301 -1.330827
    61 0.385056 -0.460075 7.003435 -0.755171 0.461469 -0.058674
    62 -0.456360 -0.710276 5.057732 -0.544368 0.304298 -0.059867
    63 2.452194 -8.899408 11.597939 -1.300891 0.185797 -1.528651
    64 -0.680515 -0.903999 6.074242 -1.055275 -0.129883 -0.024184
    65 -0.248295 -0.666843 3.386627 -0.909669 -0.125282 0.055312
    66 0.717491 -3.784309 13.044010 -1.167335 0.121743 -1.491131
    67 -1.099228 -1.407673 8.017876 -1.051154 -0.006439 0.003086
    68 -0.064053 -0.807640 3.686100 -0.734867 -0.008762 -0.006760
    69 4.004906 6.172710 4.754800 0.176000 -1.024693 -2.611323
    70 -0.158381 -1.149773 5.804405 -0.476278 0.307423 0.243202
    71 1.078559 -2.386406 5.215008 -0.386901 0.177612 0.094507
    72 6.289963 0.932404 13.569109 -0.126801 -0.612098 -2.869612
    73 -1.327759 -0.766682 12.396324 -0.020839 -0.009578 0.185805
    74 0.000017 -54.999996 0.000000 0.000000 0.000000 -1.570796
  time 5
    0 0.000000 0.000000 -1.500000 0.000000 0.000000 0.000000
    1 -10.521344 -5.760963 66.994621 3.097005 -0.050653 -3.139334
    2 6.238843 4.405916 18.023573 -0.214080 0.137184 0.341707
    3 -0.000034 0.000012 24.761454 -1.205900 -0.139837 0.007132
    4 0.000017 0.000000 24.344809 1.966242 0.133122 0.146633
    5 0.002333 -1.019846 24.031336 0.820009 -0.045910 -0.002490
    6 0.000034 0.000008 13.404741 -0.000001 -0.000009 -0.005213
    7 10.398263 -5.760962 66.994675 3.097005 0.050653 3.139334
    8 9.437622 -3.211076 16.264849 0.924880 -0.791598 0.115992
    9 -0.000004 -0.000006 24.761459 -1.652052 0.191462 -0.604210
    10 -0.000007 0.000004 24.344891 1.503991 0.163011 0.054468
    11 -0.002360 -1.019903 24.031330 0.429069 -0.042000 -0.018849
    12 0.000000 -0.000002 13.404737 0.000001 0.000005 -0.268519
    13 -0.061540 -5.245835 72.927078 0.000000 0.000000 0.000000
    14 -8.061422 0.807950 -17.151742 -0.007157 0.000021 -0.076391
    15 0.000000 -0.005608 -1.146812 0.137450 -0.029680 -0.297833
    16 0.030770 -0.240000 8.906021 -0.004138 0.000000 0.000000
    17 -1.324236 -2.600786 -0.559009 0.448765 -0.096074 -0.290431
    18 0.030770 -0.276858 8.905140 0.056125 0.004134 -0.000049
    19 0.350308 -0.577267 0.045701 0.334932 0.117443 -0.022005
    20 5.669724 4.435303 14.302868 3.112459 -1.325678 0.284537
    21 -1.044571 -2.839317 19.743267 -0.665435 -0.719037 0.236053
    22 2.655533 -1.533369 24.792658 -0.727982 0.108634 -0.396738
    23 1.120163 -0.154394 9.796035 -0.022368 0.000889 -0.194161
    24 2.240311 -0.308786 19.592051 -0.010916 0.074473 -0.394935
    25 0.683151 2.877354 14.167051 -0.841630 -0.095041 1.399462
    26 0.144936 -0.145374 7.579252 -0.802884 -0.180641 0.073010
    27 0.091660 -0.906685 4.702850 -0.635046 -0.101507 0.032163
    28 0.506271 8.500866 13.617253 -0.778211 0.122343 1.216543
    29 -0.384987 -0.460049 7.003448 -0.595716 -0.347309 0.147604
    30 0.561516 -0.596954 5.061852 -0.405043 -0.176980 0.042211
    31 -2.452171 -8.899406 11.597897 -1.286276 -0.360908 1.614380
    32 0.680496 -0.903999 6.074253 -0.976262 0.109356 0.014027
    33 0.245514 -0.661150 3.388004 -0.829200 0.111249 -0.046484
    34 -0.717484 -3.784271 13.043911 -1.134340 -0.184769 1.516231
    35 1.099216 -1.407745 8.017889 -1.001644 0.008592 0.002818
    36 0.068439 -0.807653 3.686054 -0.685469 0.007810 0.002856
    37 -4.004929 6.172707 4.754754 0.079404 0.825920 2.501306
    38 0.158352 -1.149811 5.804394 -0.548815 -0.254434 0.179346
    39 -1.083523 -1.463142 5.544399 -0.466786 -0.110790 0.013910
    40 -6.289886 0.932434 13.569063 -0.126803 0.612110 2.869610
    41 1.327774 -0.766687 12.396328 -0.027626 0.011736 -0.243510
    42 -0.096140 1.828087 23.185329 0.148035 -0.256186 -1.340632
    43 2.325478 -0.000003 6.169296 0.295810 0.381639 1.868157
    44 0.000000 -3.152912 0.122169 2.035948 0.000000 0.000000
    45 1.068383 -10.478592 7.066338 0.292219 -1.282324 -3.141588
    46 0.000000 0.000000 2.279457 0.547137 -0.343566 0.107833
    47 2.479414 -8.323895 6.074242 -0.009236 0.327514 1.561685
    48 0.000005 -5.730469 2.636719 0.000000 0.000000 0.000000
    49 -1.068383 -10.478611 7.065971 0.292219 1.282324 3.141588
    50 -0.000488 0.000015 2.279600 0.547136 0.343566 0.107835
    51 -2.479401 -8.323895 6.074234 0.009296 0.327574 1.581344
    52 -5.790000 4.432083 14.255558 -2.700633 1.341632 0.383357
    53 1.044540 -2.839314 19.743252 -0.665369 0.678816 -0.217780
    54 -2.655510 -1.533379 24.792648 -0.789935 -0.068914 0.229445
    55 -1.120216 -0.154385 9.795983 0.035637 0.010996 -0.324526
    56 -2.240372 -0.308788 19.592047 0.080257 -0.052865 -0.656071
    57 -0.683205 2.877342 14.167089 -0.954383 0.161915 -1.444281
    58 -0.144958 -0.145317 7.579308 -0.926152 0.233644 -0.032319
    59 -0.038551 -0.936644 4.697678 -0.755323 0.156515 -0.045800
    60 -0.506317 8.500896 13.617329 -0.862984 0.087301 -1.330827
    61 0.385056 -0.460075 7.003435 -0.755171 0.461452 -0.058689
    62 -0.456360 -0.710276 5.057732 -0.544368 0.304298 -0.059867
    63 2.452194 -8.899408 11.597939 -1.300891 0.185797 -1.528651
    64 -0.680515 -0.903999 6.074242 -1.055275 -0.129883 -0.024184
    65 -0.248295 -0.666843 3.386627 -0.909669 -0.125282 0.055312
    66 0.717491 -3.784309 13.044010 -1.167335 0.121731 -1.491131
    67 -1.099228 -1.407673 8.017876 -1.051154 -0.006439 0.003086
    68 -0.064053 -0.807640 3.686100 -0.734867 -0.008762 -0.006760
    69 4.004906 6.172710 4.754800 0.176000 -1.024693 -2.611323
    70 -0.158381 -1.149773 5.804405 -0.476278 0.307423 0.243202
    71 1.078559 -2.386406 5.215008 -0.386948 0.177582 0.094507
    72 6.289963 0.932404 13.569109 -0.126801 -0.612098 -2.869612
    73 -1.327759 -0.766682 12.396324 -0.021570 -0.009830 0.192004
    74 0.000017 -54.999996 0.000000 0.000000 0.000000 -1.570796
  time 6
    0 0.000000 0.000000 -1.500000 0.000000 0.000000 0.000000
    1 -10.521344 -5.760963 66.994621 3.097005 -0.050653 -3.139334
    2 7.621698 3.681574 18.382366 -0.261356 0.118758 0.345289
    3 -0.000034 0.000012 24.761454 -1.166143 -0.135235 0.020976
    4 0.000017 0.000000 24.344809 1.975859 0.155078 0.153202
    5 0.002333 -1.019846 24.031336 0.820009 -0.045910 -0.002490
    6 0.000034 0.000008 13.404741 -0.000001 -0.000009 0.003942
    7 10.398263 -5.760962 66.994675 3.097005 0.050653 3.139334
    8 10.879072 -3.985417 16.714452 0.934520 -0.820204 0.103367
    9 -0.000004 -0.000006 24.761459 -1.688020 0.195621 -0.591793
    10 -0.000007 0.000004 24.344891 1.517738 0.171499 0.062959
    11 -0.002360 -1.019903 24.031330 0.442919 -0.041724 -0.019412
    12 0.000000 -0.000002 13.404737 0.000001 0.000005 -0.249089
    13 -0.061540 -5.245835 72.927078 0.000000 0.000000 0.000000
    14 -9.416932 0.050980 -17.602364 -0.007157 0.000021 -0.076211
    15 0.000000 -0.005608 -1.146812 0.137419 -0.019234 -0.300740
    16 0.030770 -0.240000 8.906021 -0.004138 0.000000 0.000000
    17 -1.382831 -2.632037 -0.582447 0.456762 -0.104949 -0.289033
    18 0.030770 -0.276858 8.905140 0.056125 0.004134 -0.000049
    19 0.342495 -0.585080 0.049607 0.337864 0.111066 -0.022664
    20 5.669724 4.435303 14.302868 3.108439 -1.324656 0.279170
    21 -1.044571 -2.839317 19.743267 -0.664310 -0.714079 0.233486
    22 2.655533 -1.533369 24.792658 -0.725465 0.111977 -0.411619
    23 1.120163 -0.154394 9.796035 -0.022416 0.000877 -0.194644
    24 2.240311 -0.308786 19.592051 -0.005041 0.084051 -0.396913
    25 0.683151 2.877354 14.167051 -0.841630 -0.095041 1.399462
    26 0.144936 -0.145374 7.579252 -0.802884 -0.180641 0.073010
    27 0.091660 -0.906685 4.702850 -0.635046 -0.101507 0.032163
    28 0.506271 8.500866 13.617253 -0.778211 0.122321 1.216543
    29 -0.384987 -0.460049 7.003448 -0.595716 -0.347309 0.147604
    30 0.561516 -0.596954 5.061852 -0.405043 -0.176980 0.042211
    31 -2.452171 -8.899406 11.597897 -1.286276 -0.360908 1.614380
    32 0.680496 -0.903999 6.074253 -0.976262 0.109356 0.014027
    33 0.245514 -0.661150 3.388004 -0.829200 0.111249 -0.046484
    34 -0.717484 -3.784271 13.043911 -1.134340 -0.184769 1.516246
    35 1.099216 -1.407745 8.017889 -1.001644 0.008592 0.002818
    36 0.068439 -0.807653 3.686054 -0.685469 0.007822 0.002856
    37 -4.004929 6.172707 4.754754 0.079404 0.825920 2.501306
    38 0.158352 -1.149811 5.804394 -0.548815 -0.254434 0.179346
    39 -1.083523 -1.463142 5.544399 -0.466786 -0.110790 0.013910
    40 -6.289886 0.932434 13.569063 -0.126803 0.612110 2.869610
    41 1.327774 -0.766687 12.396328 -0.028106 0.011868 -0.247477
    42 -0.096140 1.828087 23.185329 0.148035 -0.256186 -1.340632
    43 2.325478 -0.000003 6.169296 0.299057 0.386457 1.851752
    44 0.000000 -3.152912 0.122169 2.035948 0.000000 0.000000
    45 1.068383 -10.478592 7.066338 0.292219 -1.282324 -3.141588
    46 0.000000 0.000000 2.279457 0.547137 -0.343566 0.107833
    47 2.479414 -8.323895 6.074242 -0.009236 0.327514 1.561685
    48 0.000005 -5.730469 2.636719 0.000000 0.000000 0.000000
    49 -1.068383 -10.478611 7.065971 0.292219 1.282324 3.141588
    50 -0.000488 0.000015 2.279600 0.547136 0.343566 0.107835
    51 -2.479401 -8.323895 6.074234 0.009296 0.327574 1.581344
    52 -5.790000 4.432083 14.255558 -2.713574 1.337146 0.387764
    53 1.044540 -2.839314 19.743252 -0.645055 0.660161 -0.204853
    54 -2.655510 -1.533379 24.792648 -0.798289 -0.063710 0.238078
    55 -1.120216 -0.154385 9.795983 0.036368 0.011355 -0.331653
    56 -2.240372 -0.308788 19.592047 0.063227 -0.059697 -0.673083
    57 -0.683205 2.877342 14.167089 -0.954383 0.161915 -1.444281
    58 -0.144958 -0.145317 7.579308 -0.926152 0.233644 -0.032319
    59 -0.038551 -0.936644 4.697678 -0.755323 0.156515 -0.045800
    60 -0.506317 8.500896 13.617329 -0.862984 0.087301 -1.330827
    61 0.385056 -0.460075 7.003435 -0.755128 0.461452 -0.058674
    62 -0.456360 -0.710276 5.057732 -0.544368 0.304298 -0.059867
    63 2.452194 -8.899408 11.597939 -1.300891 0.185797 -1.528651
    64 -0.680515 -0.903999 6.074242 -1.055275 -0.129883 -0.024184
    65 -0.248295 -0.666843 3.386627 -0.909669 -0.125282 0.055312
    66 0.717491 -3.784309 13.044010 -1.167335 0.121731 -1.491131
    67 -1.099228 -1.407673 8.017876 -1.051154 -0.006439 0.003086
    68 -0.064053 -0.807640 3.686100 -0.734867 -0.008762 -0.006760
    69 4.004906 6.172710 4.754800 0.176000 -1.024693 -2.611323
    70 -0.158381 -1.149773 5.804405 -0.476278 0.307423 0.243202
    71 1.078559 -2.386406 5.215008 -0.386948 0.177612 0.094507
    72 6.289963 0.932404 13.569109 -0.126801 -0.612098 -2.869612
    73 -1.327759 -0.766682 12.396324 -0.022313 -0.010094 0.198250
    74 0.000017 -54.999996 0.000000 0.000000 0.000000 -1.570796
  time 7
    0 0.000000 0.000000 -1.500000 0.000000 0.000000 0.000000
    1 -10.521344 -5.760963 66.994621 3.097005 -0.050653 -3.139334
    2 8.926425 2.969508 18.673885 -0.308770 0.101472 0.349789
    3 -0.000034 0.000012 24.761454 -1.120492 -0.129962 0.033151
    4 0.000017 0.000000 24.344809 1.979866 0.175653 0.156702
    5 0.002333 -1.019846 24.031336 0.820009 -0.045910 -0.002490
    6 0.000034 0.000008 13.404741 -0.000001 -0.000009 0.011894
    7 10.398263 -5.760962 66.994675 3.097005 0.050653 3.139334
    8 12.234582 -4.759758 17.096615 0.906112 -0.791049 0.125399
    9 -0.000004 -0.000006 24.761459 -1.718543 0.199144 -0.596315
    10 -0.000007 0.000004 24.344891 1.602413 0.184520 0.078030
    11 -0.002360 -1.019903 24.031330 0.416233 -0.042240 -0.018322
    12 0.000000 -0.000002 13.404737 0.000001 0.000005 -0.255358
    13 -0.061540 -5.245835 72.927078 0.000000 0.000000 0.000000
    14 -10.698221 -0.682699 -17.940330 -0.007157 0.000021 -0.076091
    15 0.000000 -0.005608 -1.146812 0.137387 -0.008615 -0.303648
    16 0.030770 -0.240000 8.906021 -0.004138 0.000000 0.000000
    17 -1.437521 -2.671101 -0.605886 0.464359 -0.113457 -0.287636
    18 0.030770 -0.276858 8.905140 0.056125 0.004134 -0.000049
    19 0.330776 -0.585080 0.053514 0.340938 0.104195 -0.023395
    20 5.669724 4.435303 14.302868 3.104515 -1.323669 0.273995
    21 -1.044571 -2.839317 19.743267 -0.663136 -0.709435 0.231061
    22 2.655533 -1.533369 24.792658 -0.723469 0.115474 -0.426338
    23 1.120163 -0.154394 9.796035 -0.022464 0.000877 -0.195093
    24 2.240311 -0.308786 19.592051 0.000660 0.094089 -0.398733
    25 0.683151 2.877354 14.167051 -0.841630 -0.095053 1.399462
    26 0.144936 -0.145374 7.579252 -0.802884 -0.180641 0.073010
    27 0.091660 -0.906685 4.702850 -0.635046 -0.101507 0.032163
    28 0.506271 8.500866 13.617253 -0.778211 0.122321 1.216543
    29 -0.384987 -0.460049 7.003448 -0.595716 -0.347309 0.147604
    30 0.561516 -0.596954 5.061852 -0.405043 -0.176980 0.042211
    31 -2.452171 -8.899406 11.597897 -1.286276 -0.360908 1.614380
    32 0.680496 -0.903999 6.074253 -0.976262 0.109356 0.014027
    33 0.245514 -0.661150 3.388004 -0.829200 0.111249 -0.046484
    34 -0.717484 -3.784271 13.043911 -1.134340 -0.184769 1.516246
    35 1.099216 -1.407745 8.017889 -1.001644 0.008592 0.002818
    36 0.068439 -0.807653 3.686054 -0.685469 0.007810 0.002856
    37 -4.004929 6.172707 4.754754 0.079404 0.825920 2.501306
    38 0.158352 -1.149811 5.804394 -0.548815 -0.254434 0.179346
    39 -1.083523 -1.463142 5.544399 -0.466786 -0.110790 0.013910
    40 -6.289886 0.932434 13.569063 -0.126803 0.612110 2.869610
    41 1.327774 -0.766687 12.396328 -0.028561 0.012000 -0.251394
    42 -0.096140 1.828087 23.185329 0.148035 -0.256186 -1.340632
    43 2.325478 -0.000003 6.169296 0.301731 0.390494 1.834111
    44 0.000000 -3.152912 0.122169 2.035948 0.000000 0.000000
    45 1.068383 -10.478592 7.066338 0.292219 -1.282324 -3.141588
    46 0.000000 0.000000 2.279457 0.547137 -0.343566 0.107833
    47 2.479414 -8.323895 6.074242 -0.009236 0.327514 1.561685
    48 0.000005 -5.730469 2.636719 0.000000 0.000000 0.000000
    49 -1.068383 -10.478611 7.065971 0.292219 1.282324 3.141588
    50 -0.000488 0.000015 2.279600 0.547136 0.343566 0.107835
    51 -2.479401 -8.323895 6.074234 0.009296 0.327574 1.581344
    52 -5.790000 4.432083 14.255558 -2.727953 1.332743 0.391501
    53 1.044540 -2.839314 19.743252 -0.623349 0.641167 -0.192279
    54 -2.655510 -1.533379 24.792648 -0.806442 -0.058740 0.247166
    55 -1.120216 -0.154385 9.795983 0.037111 0.011739 -0.338835
    56 -2.240372 -0.308788 19.592047 0.044899 -0.067865 -0.690009
    57 -0.683205 2.877342 14.167089 -0.954383 0.161935 -1.444281
    58 -0.144958 -0.145317 7.579308 -0.926152 0.233656 -0.032319
    59 -0.038551 -0.936644 4.697678 -0.755323 0.156515 -0.045800
    60 -0.506317 8.500896 13.617329 -0.862984 0.087301 -1.330827
    61 0.385056 -0.460075 7.003435 -0.755171 0.461469 -0.058674
    62 -0.456360 -0.710276 5.057732 -0.544368 0.304298 -0.059867
    63 2.452194 -8.899408 11.597939 -1.300891 0.185797 -1.528651
    64 -0.680515 -0.903999 6.074242 -1.055275 -0.129883 -0.024184
    65 -0.248295 -0.666843 3.386627 -0.909669 -0.125282 0.055312
    66 0.717491 -3.784309 13.044010 -1.167335 0.121731 -1.491131
    67 -1.099228 -1.407673 8.017876 -1.051154 -0.006439 0.003086
    68 -0.064053 -0.807640 3.686100 -0.734867 -0.008762 -0.006760
    69 4.004906 6.172710 4.754800 0.176000 -1.024693 -2.611323
    70 -0.158381 -1.149773 5.804405 -0.476278 0.307423 0.243202
    71 1.078559 -2.386406 5.215008 -0.386948 0.177612 0.094507
    72 6.289963 0.932404 13.569109 -0.126801 -0.612098 -2.869612
    73 -1.327759 -0.766682 12.396324 -0.023044 -0.010321 0.204496
    74 0.000017 -54.999996 0.000000 0.000000 0.000000 -1.570796
  time 8
    0 0.000000 0.000000 -1.500000 0.000000 0.000000 0.000000
    1 -10.521344 -5.760963 66.994621 3.097005 -0.050653 -3.139334
    2 10.141306 2.331105 18.942979 -0.355090 0.085244 0.355163
    3 -0.000034 0.000012 24.761454 -1.070938 -0.124246 0.043697
    4 0.000017 0.000000 24.344809 1.978879 0.194802 0.157588
    5 0.002333 -1.019846 24.031336 0.820009 -0.045910 -0.002490
    6 0.000034 0.000008 13.404741 -0.000001 -0.000009 0.018686
    7 10.398263 -5.760962 66.994675 3.097005 0.050653 3.139334
    8 13.504152 -5.496631 17.411338 0.955933 -0.606756 0.171691
    9 -0.000004 -0.000006 24.761459 -1.852022 0.214557 -0.669418
    10 -0.000007 0.000004 24.344891 1.745950 0.090062 -0.059137
    11 -0.002360 -1.019903 24.031330 0.389594 -0.042695 -0.017219
    12 0.000000 -0.000002 13.404737 0.000001 0.000005 -0.358261
    13 -0.061540 -5.245835 72.927078 0.000000 0.000000 0.000000
    14 -11.893570 -1.393086 -18.255766 -0.007157 0.000021 -0.075910
    15 0.000000 -0.005608 -1.146812 0.137387 0.000984 -0.306719
    16 0.030770 -0.240000 8.906021 -0.004138 0.000000 0.000000
    17 -1.492210 -2.702352 -0.625417 0.471409 -0.121484 -0.286118
    18 0.030770 -0.276858 8.905140 0.056125 0.004134 -0.000049
    19 0.315150 -0.585080 0.057420 0.344190 0.096954 -0.024222
    20 5.669724 4.435303 14.302868 3.100591 -1.322648 0.268916
    21 -1.044571 -2.839317 19.743267 -0.661766 -0.704947 0.228664
    22 2.655533 -1.533369 24.792658 -0.721863 0.119086 -0.440895
    23 1.120163 -0.154394 9.796035 -0.022500 0.000877 -0.195334
    24 2.240311 -0.308786 19.592051 0.006361 0.104265 -0.400435
    25 0.683151 2.877354 14.167051 -0.841630 -0.095053 1.399462
    26 0.144936 -0.145374 7.579252 -0.802884 -0.180641 0.073010
    27 0.091660 -0.906685 4.702850 -0.635046 -0.101507 0.032163
    28 0.506271 8.500866 13.617253 -0.778211 0.122321 1.216543
    29 -0.384987 -0.460049 7.003448 -0.595716 -0.347309 0.147604
    30 0.561516 -0.596954 5.061852 -0.405043 -0.176980 0.042211
    31 -2.452171 -8.899406 11.597897 -1.286276 -0.360908 1.614380
    32 0.680496 -0.903999 6.074253 -0.976262 0.109356 0.014027
    33 0.245514 -0.661150 3.388004 -0.829200 0.111249 -0.046484
    34 -0.717484 -3.784271 13.043911 -1.134340 -0.184769 1.516231
    35 1.099216 -1.407745 8.017889 -1.001644 0.008592 0.002818
    36 0.068439 -0.807653 3.686054 -0.685469 0.007822 0.002856
    37 -4.004929 6.172707 4.754754 0.079404 0.825920 2.501306
    38 0.158352 -1.149811 5.804394 -0.548815 -0.254434 0.179346
    39 -1.083523 -1.463142 5.544399 -0.466786 -0.110790 0.013910
    40 -6.289886 0.932434 13.569063 -0.126803 0.612110 2.869610
    41 1.327774 -0.766687 12.396328 -0.029017 0.012119 -0.255160
    42 -0.096140 1.828087 23.185329 0.148035 -0.256186 -1.340632
    43 2.325478 -0.000003 6.169296 0.303880 0.393619 1.815512
    44 0.000000 -3.152912 0.122169 2.035948 0.000000 0.000000
    45 1.068383 -10.478592 7.066338 0.292219 -1.282324 -3.141588
    46 0.000000 0.000000 2.279457 0.547137 -0.343566 0.107833
    47 2.479414 -8.323895 6.074242 -0.009236 0.327561 1.561685
    48 0.000005 -5.730469 2.636719 0.000000 0.000000 0.000000
    49 -1.068383 -10.478611 7.065971 0.292219 1.282324 3.141588
    50 -0.000488 0.000015 2.279600 0.547136 0.343566 0.107835
    51 -2.479401 -8.323895 6.074234 0.009296 0.327574 1.581344
    52 -5.790000 4.432083 14.255558 -2.743002 1.328257 0.395429
    53 1.044540 -2.839314 19.743252 -0.601086 0.621961 -0.180332
    54 -2.655510 -1.533379 24.792648 -0.814192 -0.054120 0.256481
    55 -1.120216 -0.154385 9.795983 0.037842 0.012110 -0.345990
    56 -2.240372 -0.308788 19.592047 0.025731 -0.076825 -0.706936
    57 -0.683205 2.877342 14.167089 -0.954432 0.161915 -1.444268
    58 -0.144958 -0.145317 7.579308 -0.926152 0.233644 -0.032319
    59 -0.038551 -0.936644 4.697678 -0.755323 0.156515 -0.045800
    60 -0.506317 8.500896 13.617329 -0.862984 0.087301 -1.330827
    61 0.385056 -0.460075 7.003435 -0.755171 0.461452 -0.058674
    62 -0.456360 -0.710276 5.057732 -0.544368 0.304298 -0.059867
    63 2.452194 -8.899408 11.597939 -1.300891 0.185797 -1.528651
    64 -0.680515 -0.903999 6.074242 -1.055275 -0.129883 -0.024184
    65 -0.248295 -0.666843 3.386627 -0.909669 -0.125282 0.055312
    66 0.717491 -3.784309 13.044010 -1.167335 0.121719 -1.491131
    67 -1.099228 -1.407673 8.017876 -1.051154 -0.006439 0.003086
    68 -0.064053 -0.807640 3.686100 -0.734867 -0.008762 -0.006760
    69 4.004906 6.172710 4.754800 0.176000 -1.024693 -2.611323
    70 -0.158381 -1.149773 5.804405 -0.476278 0.307423 0.243202
    71 1.078559 -2.386406 5.215008 -0.386948 0.177612 0.094507
    72 6.289963 0.932404 13.569109 -0.126801 -0.612098 -2.869612
    73 -1.327759 -0.766682 12.396324 -0.023775 -0.010561 0.210695
    74 0.000017 -54.999996 0.000000 0.000000 0.000000 -1.570796
  time 9
    0 0.000000 0.000000 -1.500000 0.000000 0.000000 0.000000
    1 -10.521344 -5.760963 66.994621 3.097005 -0.050653 -3.139334
    2 11.274153 1.729532 19.122376 -0.399156 0.069824 0.361367
    3 -0.000034 0.000012 24.761454 -1.018945 -0.118217 0.052736
    4 0.000017 0.000000 24.344809 1.973393 0.212729 0.156486
    5 0.002333 -1.019846 24.031336 0.820009 -0.045910 -0.002490
    6 0.000034 0.000008 13.404741 -0.000001 -0.000009 0.024381
    7 10.398263 -5.760962 66.994675 3.097005 0.050653 3.139334
    8 14.683875 -6.171057 17.658620 0.952691 -0.567176 0.187039
    9 -0.000004 -0.000006 24.761459 -1.885185 0.218392 -0.687183
    10 -0.000007 0.000004 24.344891 1.791773 0.090684 -0.064686
    11 -0.002360 -1.019903 24.031330 0.411993 -0.042312 -0.018142
    12 0.000000 -0.000002 13.404737 0.000001 0.000005 -0.378249
    13 -0.061540 -5.245835 72.927078 0.000000 0.000000 0.000000
    14 -13.010792 -2.033599 -18.481077 -0.007157 0.000021 -0.075790
    15 0.000000 -0.005608 -1.146812 0.137387 0.009611 -0.309844
    16 0.030770 -0.240000 8.906021 -0.004138 0.000000 0.000000
    17 -1.539086 -2.725790 -0.644949 0.477785 -0.128865 -0.284761
    18 0.030770 -0.276858 8.905140 0.056125 0.004134 -0.000049
    19 0.303431 -0.596799 0.061326 0.347622 0.089528 -0.025097
    20 5.669724 4.435303 14.302868 3.096954 -1.321661 0.263933
    21 -1.044571 -2.839317 19.743267 -0.659761 -0.700459 0.226126
    22 2.655533 -1.533369 24.792658 -0.720778 0.122698 -0.455128
    23 1.120163 -0.154394 9.796035 -0.022512 0.000877 -0.195507
    24 2.240311 -0.308786 19.592051 0.011757 0.114533 -0.401819
    25 0.683151 2.877354 14.167051 -0.841630 -0.095053 1.399462
    26 0.144936 -0.145374 7.579252 -0.802884 -0.180641 0.073010
    27 0.091660 -0.906685 4.702850 -0.635046 -0.101507 0.032163
    28 0.506271 8.500866 13.617253 -0.778211 0.122321 1.216543
    29 -0.384987 -0.460049 7.003448 -0.595716 -0.347309 0.147604
    30 0.561516 -0.596954 5.061852 -0.405043 -0.176980 0.042211
    31 -2.452171 -8.899406 11.597897 -1.286276 -0.360908 1.614380
    32 0.680496 -0.903999 6.074253 -0.976262 0.109356 0.014027
    33 0.245514 -0.661150 3.388004 -0.829200 0.111249 -0.046484
    34 -0.717484 -3.784271 13.043911 -1.134340 -0.184769 1.516246
    35 1.099216 -1.407745 8.017889 -1.001644 0.008592 0.002818
    36 0.068439 -0.807653 3.686054 -0.685469 0.007810 0.002856
    37 -4.004929 6.172707 4.754754 0.079404 0.825920 2.501306
    38 0.158352 -1.149811 5.804394 -0.548815 -0.254434 0.179346
    39 -1.083523 -1.463142 5.544399 -0.466786 -0.110790 0.013910
    40 -6.289886 0.932434 13.569063 -0.126803 0.612110 2.869610
    41 1.327774 -0.766687 12.396328 -0.029436 0.012239 -0.258826
    42 -0.096140 1.828087 23.185329 0.148035 -0.256186 -1.340632
    43 2.325478 -0.000003 6.169296 0.305647 0.395659 1.796234
    44 0.000000 -3.152912 0.122169 2.035948 0.000000 0.000000
    45 1.068383 -10.478592 7.066338 0.292219 -1.282324 -3.141588
    46 0.000000 0.000000 2.279457 0.547137 -0.343566 0.107833
    47 2.479414 -8.323895 6.074242 -0.009236 0.327561 1.561685
    48 0.000005 -5.730469 2.636719 0.000000 0.000000 0.000000
    49 -1.068383 -10.478611 7.065971 0.292219 1.282324 3.141588
    50 -0.000488 0.000015 2.279600 0.547136 0.343566 0.107835
    51 -2.479401 -8.323895 6.074234 0.009296 0.327574 1.581344
    52 -5.790000 4.432083 14.255558 -2.758148 1.323855 0.399262
    53 1.044540 -2.839314 19.743252 -0.578712 0.603052 -0.169255
    54 -2.655510 -1.533379 24.792648 -0.821439 -0.050017 0.266098
    55 -1.120216 -0.154385 9.795983 0.038585 0.012518 -0.353172
    56 -2.240372 -0.308788 19.592047 0.006105 -0.086280 -0.723518
    57 -0.683205 2.877342 14.167089 -0.954383 0.161935 -1.444281
    58 -0.144958 -0.145317 7.579308 -0.926152 0.233644 -0.032319
    59 -0.038551 -0.936644 4.697678 -0.755323 0.156515 -0.045800
    60 -0.506317 8.500896 13.617329 -0.862984 0.087301 -1.330827
    61 0.385056 -0.460075 7.003435 -0.755171 0.461452 -0.058674
    62 -0.456360 -0.710276 5.057732 -0.544368 0.304298 -0.059867
    63 2.452194 -8.899408 11.597939 -1.300891 0.185797 -1.528651
    64 -0.680515 -0.903999 6.074242 -1.055275 -0.129883 -0.024184
    65 -0.248295 -0.666843 3.386627 -0.909669 -0.125282 0.055312
    66 0.717491 -3.784309 13.044010 -1.167335 0.121731 -1.491131
    67 -1.099228 -1.407673 8.017876 -1.051154 -0.006439 0.003086
    68 -0.064053 -0.807640 3.686100 -0.734867 -0.008762 -0.006760
    69 4.004906 6.172710 4.754800 0.176000 -1.024693 -2.611323
    70 -0.158381 -1.149773 5.804405 -0.476278 0.307423 0.243202
    71 1.078559 -2.386406 5.215008 -0.386948 0.177612 0.094507
    72 6.289963 0.932404 13.569109 -0.126801 -0.612098 -2.869612
    73 -1.327759 -0.766682 12.396324 -0.024506 -0.010813 0.216895
    74 0.000017 -54.999996 0.000000 0.000000 0.000000 -1.570796
  time 10
    0 0.000000 0.000000 -1.500000 0.000000 0.000000 0.000000
    1 -10.521344 -5.760963 66.994621 3.097005 -0.050653 -3.139334
    2 12.324966 1.226176 19.234498 -0.413640 0.056184 0.368925
    3 -0.000034 0.000012 24.761454 -1.008579 -0.117031 0.044470
    4 0.000017 0.000000 24.344809 1.954221 0.213091 0.154304
    5 0.002333 -1.019846 24.031336 0.842074 -0.045850 -0.003508
    6 0.000034 0.000008 13.404741 -0.000001 -0.000009 0.019825
    7 10.398263 -5.760962 66.994675 3.097005 0.050653 3.139334
    8 15.773752 -6.733079 17.815981 0.924027 -0.541021 0.204120
    9 -0.000004 -0.000006 24.761459 -1.860107 0.215479 -0.675196
    10 -0.000007 0.000004 24.344891 1.796097 0.058065 -0.104664
    11 -0.002360 -1.019903 24.031330 0.434438 -0.041892 -0.019077
    12 0.000000 -0.000002 13.404737 0.000001 0.000005 -0.368867
    13 -0.061540 -5.245835 72.927078 0.000000 0.000000 0.000000
    14 -14.045980 -2.557655 -18.616263 -0.007157 0.000021 -0.075730
    15 0.000000 -0.005608 -1.146812 0.137387 0.017265 -0.312969
    16 0.030770 -0.240000 8.906021 -0.004138 0.000000 0.000000
    17 -1.578150 -2.749228 -0.664481 0.483383 -0.135512 -0.283483
    18 0.030770 -0.276858 8.905140 0.056125 0.004134 -0.000049
    19 0.287806 -0.600705 0.065233 0.351018 0.082081 -0.026008
    20 5.669724 4.435303 14.302868 3.093509 -1.320639 0.259141
    21 -1.044571 -2.839317 19.743267 -0.657070 -0.696076 0.223475
    22 2.655533 -1.533369 24.792658 -0.719997 0.126272 -0.468795
    23 1.120163 -0.154394 9.796035 -0.022512 0.000877 -0.195541
    24 2.240311 -0.308786 19.592051 0.016979 0.124847 -0.402927
    25 0.683151 2.877354 14.167051 -0.841630 -0.095053 1.399462
    26 0.144936 -0.145374 7.579252 -0.802884 -0.180641 0.073010
    27 0.091660 -0.906685 4.702850 -0.635046 -0.101507 0.032163
    28 0.506271 8.500866 13.617253 -0.778211 0.122321 1.216543
    29 -0.384987 -0.460049 7.003448 -0.595716 -0.347309 0.147604
    30 0.561516 -0.596954 5.061852 -0.405043 -0.176980 0.042211
    31 -2.452171 -8.899406 11.597897 -1.286276 -0.360908 1.614380
    32 0.680496 -0.903999 6.074253 -0.976262 0.109356 0.014027
    33 0.245514 -0.661150 3.388004 -0.829200 0.111249 -0.046484
    34 -0.717484 -3.784271 13.043911 -1.134340 -0.184769 1.516231
    35 1.099216 -1.407745 8.017889 -1.001644 0.008592 0.002818
    36 0.068439 -0.807653 3.686054 -0.685469 0.007810 0.002856
    37 -4.004929 6.172707 4.754754 0.079404 0.825920 2.501306
    38 0.158352 -1.149811 5.804394 -0.548815 -0.254434 0.179346
    39 -1.083523 -1.463142 5.544399 -0.466786 -0.110790 0.013910
    40 -6.289886 0.932434 13.569063 -0.126803 0.612110 2.869610
    41 1.327774 -0.766687 12.396328 -0.029868 0.012347 -0.262291
    42 -0.096140 1.828087 23.185329 0.148035 -0.256186 -1.340632
    43 2.325478 -0.000003 6.169296 0.307175 0.396513 1.776637
    44 0.000000 -3.152912 0.122169 2.035948 0.000000 0.000000
    45 1.068383 -10.478592 7.066338 0.292219 -1.282324 -3.141576
    46 0.000000 0.000000 2.279457 0.547137 -0.343566 0.107833
    47 2.479414 -8.323895 6.074242 -0.009236 0.327561 1.561685
    48 0.000005 -5.730469 2.636719 0.000000 0.000000 0.000000
    49 -1.068383 -10.478611 7.065971 0.292219 1.282324 3.141588
    50 -0.000488 0.000015 2.279600 0.547136 0.343566 0.107835
    51 -2.479401 -8.323895 6.074234 0.009296 0.327574 1.581344
    52 -5.790000 4.432083 14.255558 -2.772527 1.319410 0.403478
    53 1.044540 -2.839314 19.743252 -0.557006 0.584567 -0.159240
    54 -2.655510 -1.533379 24.792648 -0.827981 -0.046561 0.275868
    55 -1.120216 -0.154385 9.795983 0.039316 0.012913 -0.360490
    56 -2.240372 -0.308788 19.592047 -0.013904 -0.095488 -0.739929
    57 -0.683205 2.877342 14.167089 -0.954432 0.161935 -1.444281
    58 -0.144958 -0.145317 7.579308 -0.926152 0.233644 -0.032319
    59 -0.038551 -0.936644 4.697678 -0.755323 0.156515 -0.045800
    60 -0.506317 8.500896 13.617329 -0.862984 0.087301 -1.330827
    61 0.385056 -0.460075 7.003435 -0.755171 0.461452 -0.058674
    62 -0.456360 -0.710276 5.057732 -0.544368 0.304298 -0.059867
    63 2.452194 -8.899408 11.597939 -1.300891 0.185797 -1.528651
    64 -0.680515 -0.903999 6.074242 -1.055275 -0.129883 -0.024184
    65 -0.248295 -0.666843 3.386627 -0.909669 -0.125282 0.055312
    66 0.717491 -3.784309 13.044010 -1.167335 0.121731 -1.491131
    67 -1.099228 -1.407673 8.017876 -1.051154 -0.006439 0.003086
    68 -0.064053 -0.807640 3.686100 -0.734867 -0.008762 -0.006760
    69 4.004906 6.172710 4.754800 0.176000 -1.024693 -2.611323
    70 -0.158381 -1.149773 5.804405 -0.476278 0.307423 0.243202
    71 1.078559 -2.386406 5.215008 -0.386948 0.177612 0.094507
    72 6.289963 0.932404 13.569109 -0.126801 -0.612098 -2.869612
    73 -1.327759 -0.766682 12.396324 -0.025213 -0.011028 0.222863
    74 0.000017 -54.999996 0.000000 0.000000 0.000000 -1.570796
  time 11
    0 0.000000 0.000000 -1.500000 0.000000 0.000000 0.000000
    1 -10.521344 -5.760963 66.994621 3.097005 -0.050653 -3.139334
    2 13.301558 0.845589 19.256923 -0.399771 0.043714 0.376964
    3 -0.000034 0.000012 24.761454 -1.037238 -0.120339 0.021709
    4 0.000017 0.000000 24.344809 1.923644 0.198537 0.152165
    5 0.002333 -1.019846 24.031336 0.882880 -0.045670 -0.005402
    6 0.000034 0.000008 13.404741 -0.000001 -0.000009 0.006916
    7 10.398263 -5.760962 66.994675 3.097005 0.050653 3.139334
    8 16.781596 -7.170207 17.860941 0.901164 -0.539631 0.212124
    9 -0.000004 -0.000006 24.761459 -1.843717 0.213598 -0.662564
    10 -0.000007 0.000004 24.344891 1.798678 0.039533 -0.125745
    11 -0.002360 -1.019903 24.031330 0.412016 -0.042312 -0.018154
    12 0.000000 -0.000002 13.404737 0.000001 0.000005 -0.355105
    13 -0.061540 -5.245835 72.927078 0.000000 0.000000 0.000000
    14 -15.006947 -2.988546 -18.706388 -0.007157 0.000021 -0.075730
    15 0.000000 -0.005608 -1.146812 0.137419 0.024010 -0.316067
    16 0.030770 -0.240000 8.906021 -0.004138 0.000000 0.000000
    17 -1.613307 -2.776573 -0.680107 0.488075 -0.141259 -0.282365
    18 0.030770 -0.276858 8.905140 0.056125 0.004134 -0.000049
    19 0.272180 -0.604612 0.069139 0.354413 0.074778 -0.026943
    20 5.669724 4.435303 14.302868 3.090446 -1.319617 0.254541
    21 -1.044571 -2.839317 19.743267 -0.653303 -0.691536 0.220514
    22 2.655533 -1.533369 24.792658 -0.719563 0.129692 -0.482058
    23 1.120163 -0.154394 9.796035 -0.022500 0.000877 -0.195403
    24 2.240311 -0.308786 19.592051 0.021810 0.134977 -0.403679
    25 0.683151 2.877354 14.167051 -0.841685 -0.095041 1.399462
    26 0.144936 -0.145374 7.579252 -0.802884 -0.180641 0.073010
    27 0.091660 -0.906685 4.702850 -0.635046 -0.101507 0.032163
    28 0.506271 8.500866 13.617253 -0.778211 0.122343 1.216543
    29 -0.384987 -0.460049 7.003448 -0.595716 -0.347309 0.147604
    30 0.561516 -0.596954 5.061852 -0.405043 -0.176980 0.042211
    31 -2.452171 -8.899406 11.597897 -1.286276 -0.360908 1.614380
    32 0.680496 -0.903999 6.074253 -0.976262 0.109356 0.014027
    33 0.245514 -0.661150 3.388004 -0.829200 0.111249 -0.046484
    34 -0.717484 -3.784271 13.043911 -1.134340 -0.184769 1.516246
    35 1.099216 -1.407745 8.017889 -1.001644 0.008592 0.002818
    36 0.068439 -0.807653 3.686054 -0.685469 0.007810 0.002856
    37 -4.004929 6.172707 4.754754 0.079404 0.825920 2.501306
    38 0.158352 -1.149811 5.804394 -0.548815 -0.254434 0.179346
    39 -1.083523 -1.463142 5.544399 -0.466786 -0.110790 0.013910
    40 -6.289886 0.932434 13.569063 -0.126803 0.612110 2.869610
    41 1.327774 -0.766687 12.396328 -0.030251 0.012443 -0.265505
    42 -0.096140 1.828087 23.185329 0.148035 -0.256186 -1.340632
    43 2.325478 -0.000003 6.169296 0.308655 0.396079 1.757000
    44 0.000000 -3.152912 0.122169 2.035948 0.000000 0.000000
    45 1.068383 -10.478592 7.066338 0.292219 -1.282324 -3.141588
    46 0.000000 0.000000 2.279457 0.547137 -0.343566 0.107833
    47 2.479414 -8.323895 6.074242 -0.009236 0.327514 1.561685
    48 0.000005 -5.730469 2.636719 0.000000 0.000000 0.000000
    49 -1.068383 -10.478611 7.065971 0.292219 1.282324 3.141588
    50 -0.000488 0.000015 2.279600 0.547136 0.343566 0.107835
    51 -2.479401 -8.323895 6.074234 0.009296 0.327527 1.581344
    52 -5.790000 4.432083 14.255558 -2.785276 1.315007 0.408269
    53 1.044540 -2.839314 19.743252 -0.536469 0.566845 -0.150368
    54 -2.655510 -1.533379 24.792648 -0.833618 -0.043960 0.285864
    55 -1.120216 -0.154385 9.795983 0.040059 0.013321 -0.367808
    56 -2.240372 -0.308788 19.592047 -0.033835 -0.103953 -0.755739
    57 -0.683205 2.877342 14.167089 -0.954383 0.161915 -1.444281
    58 -0.144958 -0.145317 7.579308 -0.926152 0.233644 -0.032319
    59 -0.038551 -0.936644 4.697678 -0.755323 0.156515 -0.045800
    60 -0.506317 8.500896 13.617329 -0.862984 0.087301 -1.330827
    61 0.385056 -0.460075 7.003435 -0.755171 0.461452 -0.058689
    62 -0.456360 -0.710276 5.057732 -0.544368 0.304298 -0.059867
    63 2.452194 -8.899408 11.597939 -1.300891 0.185797 -1.528651
    64 -0.680515 -0.903999 6.074242 -1.055275 -0.129883 -0.024184
    65 -0.248295 -0.666843 3.386627 -0.909669 -0.125282 0.055312
    66 0.717491 -3.784309 13.044010 -1.167335 0.121731 -1.491131
    67 -1.099228 -1.407673 8.017876 -1.051154 -0.006439 0.003086
    68 -0.064053 -0.807640 3.686100 -0.734867 -0.008762 -0.006760
    69 4.004906 6.172710 4.754800 0.176000 -1.024693 -2.611323
    70 -0.158381 -1.149773 5.804405 -0.476278 0.307423 0.243202
    71 1.078559 -2.386406 5.215008 -0.386948 0.177612 0.094507
    72 6.289963 0.932404 13.569109 -0.126801 -0.612098 -2.869612
    73 -1.327759 -0.766682 12.396324 -0.025884 -0.011232 0.228692
    74 0.000017 -54.999996 0.000000 0.000000 0.000000 -1.570796
  time 12
    0 0.000000 0.000000 -1.500000 0.000000 0.000000 0.000000
    1 -10.521344 -5.760963 66.994621 3.097005 -0.050653 -3.139334
    2 14.196117 0.624603 19.167225 -0.383784 0.051759 0.379935
    3 -0.000034 0.000012 24.761454 -1.056426 -0.122568 -0.005654
    4 0.000017 0.000000 24.344809 1.900403 0.174227 0.141621
    5 0.002333 -1.019846 24.031336 0.904907 -0.045538 -0.006421
    6 0.000034 0.000008 13.404741 -0.000001 -0.000009 -0.007385
    7 10.398263 -5.760962 66.994675 3.097005 0.050653 3.139334
    8 17.695686 -7.457462 17.793501 0.883078 -0.559092 0.213279
    9 -0.000004 -0.000006 24.761459 -1.838328 0.212975 -0.651833
    10 -0.000007 0.000004 24.344891 1.803519 0.058265 -0.099304
    11 -0.002360 -1.019903 24.031330 0.389594 -0.042695 -0.017219
    12 0.000000 -0.000002 13.404737 0.000001 0.000005 -0.339647
    13 -0.061540 -5.245835 72.927078 0.000000 0.000000 0.000000
    14 -15.885880 -3.256397 -18.616263 -0.007157 0.000021 -0.075790
    15 0.000000 -0.005608 -1.146812 0.137450 0.029829 -0.319111
    16 0.030770 -0.240000 8.906021 -0.004138 0.000000 0.000000
    17 -1.644558 -2.792198 -0.691826 0.492116 -0.146387 -0.281566
    18 0.030770 -0.276858 8.905140 0.056125 0.004134 -0.000049
    19 0.252648 -0.608518 0.069139 0.357738 0.067948 -0.027877
    20 5.669724 4.435303 14.302868 3.087479 -1.318596 0.250037
    21 -1.044571 -2.839317 19.743267 -0.648851 -0.687048 0.217412
    22 2.655533 -1.533369 24.792658 -0.719346 0.132958 -0.494674
    23 1.120163 -0.154394 9.796035 -0.022464 0.000877 -0.195058
    24 2.240311 -0.308786 19.592051 0.026292 0.144923 -0.404074
    25 0.683151 2.877354 14.167051 -0.841630 -0.095041 1.399462
    26 0.144936 -0.145374 7.579252 -0.802884 -0.180641 0.073010
    27 0.091660 -0.906685 4.702850 -0.635046 -0.101507 0.032163
    28 0.506271 8.500866 13.617253 -0.778149 0.122343 1.216543
    29 -0.384987 -0.460049 7.003448 -0.595716 -0.347309 0.147604
    30 0.561516 -0.596954 5.061852 -0.405043 -0.176980 0.042211
    31 -2.452171 -8.899406 11.597897 -1.286276 -0.360908 1.614380
    32 0.680496 -0.903999 6.074253 -0.976262 0.109356 0.014027
    33 0.245514 -0.661150 3.388004 -0.829200 0.111249 -0.046496
    34 -0.717484 -3.784271 13.043911 -1.134340 -0.184769 1.516246
    35 1.099216 -1.407745 8.017889 -1.001683 0.008592 0.002818
    36 0.068439 -0.807653 3.686054 -0.685469 0.007810 0.002844
    37 -4.004929 6.172707 4.754754 0.079404 0.825920 2.501306
    38 0.158352 -1.149811 5.804394 -0.548815 -0.254434 0.179346
    39 -1.083523 -1.463142 5.544399 -0.466786 -0.110790 0.013910
    40 -6.289886 0.932434 13.569063 -0.126803 0.612110 2.869610
    41 1.327774 -0.766687 12.396328 -0.030611 0.012551 -0.268518
    42 -0.096140 1.828087 23.185329 0.148035 -0.256186 -1.340632
    43 2.325478 -0.000003 6.169296 0.310135 0.394632 1.737483
    44 0.000000 -3.152912 0.122169 2.035948 0.000000 0.000000
    45 1.068383 -10.478592 7.066338 0.292219 -1.282324 -3.141588
    46 0.000000 0.000000 2.279457 0.547137 -0.343566 0.107833
    47 2.479414 -8.323895 6.074242 -0.009236 0.327514 1.561685
    48 0.000005 -5.730469 2.636719 0.000000 0.000000 0.000000
    49 -1.068383 -10.478611 7.065971 0.292219 1.282324 3.141588
    50 -0.000488 0.000015 2.279600 0.547136 0.343566 0.107835
    51 -2.479401 -8.323895 6.074234 0.009296 0.327574 1.581344
    52 -5.790000 4.432083 14.255558 -2.796012 1.310604 0.413730
    53 1.044540 -2.839314 19.743252 -0.517657 0.549759 -0.142557
    54 -2.655510 -1.533379 24.792648 -0.838298 -0.042303 0.296315
    55 -1.120216 -0.154385 9.795983 0.040814 0.013740 -0.375234
    56 -2.240372 -0.308788 19.592047 -0.053538 -0.111230 -0.771290
    57 -0.683205 2.877342 14.167089 -0.954383 0.161935 -1.444281
    58 -0.144958 -0.145317 7.579308 -0.926152 0.233644 -0.032319
    59 -0.038551 -0.936644 4.697678 -0.755323 0.156515 -0.045800
    60 -0.506317 8.500896 13.617329 -0.862984 0.087301 -1.330827
    61 0.385056 -0.460075 7.003435 -0.755171 0.461452 -0.058674
    62 -0.456360 -0.710276 5.057732 -0.544368 0.304298 -0.059867
    63 2.452194 -8.899408 11.597939 -1.300891 0.185797 -1.528651
    64 -0.680515 -0.903999 6.074242 -1.055275 -0.129883 -0.024184
    65 -0.248295 -0.666843 3.386627 -0.909669 -0.125282 0.055312
    66 0.717491 -3.784309 13.044010 -1.167335 0.121731 -1.491131
    67 -1.099228 -1.407673 8.017876 -1.051154 -0.006439 0.003086
    68 -0.064053 -0.807640 3.686100 -0.734867 -0.008762 -0.006760
    69 4.004906 6.172710 4.754800 0.176000 -1.024693 -2.611323
    70 -0.158381 -1.149773 5.804405 -0.476278 0.307423 0.243202
    71 1.078559 -2.386406 5.215008 -0.386948 0.177582 0.094507
    72 6.289963 0.932404 13.569109 -0.126801 -0.612098 -2.869612
    73 -1.327759 -0.766682 12.396324 -0.026555 -0.011436 0.234383
    74 0.000017 -54.999996 0.000000 0.000000 0.000000 -1.570796
  time 13
    0 0.000000 0.000000 -1.500000 0.000000 0.000000 0.000000
    1 -10.521344 -5.760963 66.994621 3.097005 -0.050653 -3.139334
    2 15.024267 0.575495 18.965404 -0.300435 0.214621 0.357828
    3 -0.000034 0.000012 24.761454 -1.123012 -0.130262 -0.128500
    4 0.000017 0.000000 24.344809 1.924877 0.017277 0.055109
    5 0.002333 -1.019846 24.031336 0.862533 -0.045766 -0.004455
    6 0.000034 0.000008 13.404741 -0.000001 -0.000009 -0.068662
    7 10.398263 -5.760962 66.994675 3.097005 0.050653 3.139334
    8 18.527743 -7.569867 17.613659 0.867040 -0.577821 0.214682
    9 -0.000004 -0.000006 24.761459 -1.824908 0.211429 -0.642826
    10 -0.000007 0.000004 24.344891 1.799195 0.074508 -0.074817
    11 -0.002360 -1.019903 24.031330 0.389594 -0.042695 -0.017219
    12 0.000000 -0.000002 13.404737 0.000001 0.000005 -0.326336
    13 -0.061540 -5.245835 72.927078 0.000000 0.000000 0.000000
    14 -16.690592 -3.349563 -18.458546 -0.007157 0.000021 -0.075970
    15 0.000000 -0.005608 -1.146812 0.137450 0.034801 -0.321964
    16 0.030770 -0.240000 8.906021 -0.004138 0.000000 0.000000
    17 -1.679716 -2.803917 -0.707451 0.495841 -0.151198 -0.281286
    18 0.030770 -0.276858 8.905140 0.056125 0.004134 -0.000049
    19 0.244836 -0.616331 0.073045 0.360848 0.061797 -0.028812
    20 5.669724 4.435303 14.302868 3.085278 -1.317574 0.245916
    21 -1.044571 -2.839317 19.743267 -0.644057 -0.682612 0.214338
    22 2.655533 -1.533369 24.792658 -0.719433 0.136032 -0.506563
    23 1.120163 -0.154394 9.796035 -0.022416 0.000877 -0.194610
    24 2.240311 -0.308786 19.592051 0.030296 0.154408 -0.404074
    25 0.683151 2.877354 14.167051 -0.841630 -0.095053 1.399462
    26 0.144936 -0.145374 7.579252 -0.802884 -0.180641 0.073010
    27 0.091660 -0.906685 4.702850 -0.635046 -0.101507 0.032163
    28 0.506271 8.500866 13.617253 -0.778211 0.122343 1.216543
    29 -0.384987 -0.460049 7.003448 -0.595716 -0.347309 0.147604
    30 0.561516 -0.596954 5.061852 -0.405043 -0.176980 0.042211
    31 -2.452171 -8.899406 11.597897 -1.286276 -0.360908 1.614380
    32 0.680496 -0.903999 6.074253 -0.976262 0.109356 0.014027
    33 0.245514 -0.661150 3.388004 -0.829200 0.111249 -0.046484
    34 -0.717484 -3.784271 13.043911 -1.134340 -0.184769 1.516246
    35 1.099216 -1.407745 8.017889 -1.001644 0.008592 0.002818
    36 0.068439 -0.807653 3.686054 -0.685469 0.007810 0.002856
    37 -4.004929 6.172707 4.754754 0.079404 0.825920 2.501306
    38 0.158352 -1.149811 5.804394 -0.548815 -0.254434 0.179346
    39 -1.083523 -1.463142 5.544399 -0.466786 -0.110790 0.013910
    40 -6.289886 0.932434 13.569063 -0.126803 0.612110 2.869610
    41 1.327774 -0.766687 12.396328 -0.030946 0.012647 -0.271430
    42 -0.096140 1.828087 23.185329 0.148035 -0.256186 -1.340632
    43 2.325478 -0.000003 6.169296 0.311568 0.392505 1.718325
    44 0.000000 -3.152912 0.122169 2.035948 0.000000 0.000000
    45 1.068383 -10.478592 7.066338 0.292219 -1.282324 -3.141588
    46 0.000000 0.000000 2.279457 0.547137 -0.343566 0.107833
    47 2.479414 -8.323895 6.074242 -0.009236 0.327514 1.561685
    48 0.000005 -5.730469 2.636719 0.000000 0.000000 0.000000
    49 -1.068383 -10.478611 7.065971 0.292219 1.282324 3.141588
    50 -0.000488 0.000015 2.279600 0.547136 0.343566 0.107835
    51 -2.479401 -8.323895 6.074234 0.009296 0.327527 1.581344
    52 -5.790000 4.432083 14.255558 -2.803680 1.306243 0.419958
    53 1.044540 -2.839314 19.743252 -0.501016 0.533351 -0.135753
    54 -2.655510 -1.533379 24.792648 -0.841871 -0.041811 0.307750
    55 -1.120216 -0.154385 9.795983 0.041581 0.014160 -0.382743
    56 -2.240372 -0.308788 19.592047 -0.072477 -0.116725 -0.786412
    57 -0.683205 2.877342 14.167089 -0.954383 0.161935 -1.444281
    58 -0.144958 -0.145317 7.579308 -0.926152 0.233644 -0.032319
    59 -0.038551 -0.936644 4.697678 -0.755323 0.156515 -0.045800
    60 -0.506317 8.500896 13.617329 -0.862984 0.087301 -1.330827
    61 0.385056 -0.460075 7.003435 -0.755171 0.461452 -0.058674
    62 -0.456360 -0.710276 5.057732 -0.544368 0.304298 -0.059867
    63 2.452194 -8.899408 11.597939 -1.300891 0.185797 -1.528651
    64 -0.680515 -0.903999 6.074242 -1.055275 -0.129883 -0.024184
    65 -0.248295 -0.666843 3.386627 -0.909669 -0.125282 0.055312
    66 0.717491 -3.784309 13.044010 -1.167335 0.121719 -1.491131
    67 -1.099228 -1.407673 8.017876 -1.051154 -0.006439 0.003086
    68 -0.064053 -0.807640 3.686100 -0.734867 -0.008762 -0.006760
    69 4.004906 6.172710 4.754800 0.176000 -1.024693 -2.611323
    70 -0.158381 -1.149773 5.804405 -0.476278 0.307423 0.243202
    71 1.078559 -2.386406 5.215008 -0.386901 0.177582 0.094507
    72 6.289963 0.932404 13.569109 -0.126801 -0.612098 -2.869612
    73 -1.327759 -0.766682 12.396324 -0.027226 -0.011640 0.240027
    74 0.000017 -54.999996 0.000000 0.000000 0.000000 -1.570796
  time 14
    0 0.000000 0.000000 -1.500000 0.000000 0.000000 0.000000
    1 -10.521344 -5.760963 66.994621 3.097005 -0.050653 -3.139334
    2 15.766477 0.661434 18.673885 -0.248034 0.366795 0.343323
    3 -0.000034 0.000012 24.761454 -1.101508 -0.127757 -0.211158
    4 0.000017 0.000000 24.344809 1.913349 -0.098070 -0.019194
    5 0.002333 -1.019846 24.031336 0.820009 -0.045910 -0.002490
    6 0.000034 0.000008 13.404741 -0.000001 -0.000009 -0.108296
    7 10.398263 -5.760962 66.994675 3.097005 0.050653 3.139334
    8 19.273859 -7.532399 17.343897 0.852366 -0.595270 0.216332
    9 -0.000004 -0.000006 24.761459 -1.805219 0.209152 -0.635576
    10 -0.000007 0.000004 24.344891 1.787836 0.088485 -0.052706
    11 -0.002360 -1.019903 24.031330 0.389594 -0.042695 -0.017219
    12 0.000000 -0.000002 13.404737 0.000001 0.000005 -0.315129
    13 -0.061540 -5.245835 72.927078 0.000000 0.000000 0.000000
    14 -17.413270 -3.314625 -18.165641 -0.007157 0.000021 -0.076331
    15 0.000000 -0.005608 -1.146812 0.137450 0.038879 -0.324655
    16 0.030770 -0.240000 8.906021 -0.004138 0.000000 0.000000
    17 -1.710966 -2.819543 -0.719170 0.499271 -0.155680 -0.281606
    18 0.030770 -0.276858 8.905140 0.056125 0.004134 -0.000049
    19 0.233117 -0.616331 0.073045 0.363600 0.056531 -0.029735
    20 5.669724 4.435303 14.302868 3.083364 -1.316552 0.242083
    21 -1.044571 -2.839317 19.743267 -0.638872 -0.678333 0.211236
    22 2.655533 -1.533369 24.792658 -0.719650 0.138876 -0.517561
    23 1.120163 -0.154394 9.796035 -0.022345 0.000889 -0.193885
    24 2.240311 -0.308786 19.592051 0.033821 0.163433 -0.403600
    25 0.683151 2.877354 14.167051 -0.841630 -0.095053 1.399462
    26 0.144936 -0.145374 7.579252 -0.802884 -0.180641 0.073010
    27 0.091660 -0.906685 4.702850 -0.635046 -0.101507 0.032163
    28 0.506271 8.500866 13.617253 -0.778211 0.122321 1.216543
    29 -0.384987 -0.460049 7.003448 -0.595716 -0.347309 0.147604
    30 0.561516 -0.596954 5.061852 -0.405043 -0.176980 0.042211
    31 -2.452171 -8.899406 11.597897 -1.286276 -0.360908 1.614380
    32 0.680496 -0.903999 6.074253 -0.976262 0.109356 0.014027
    33 0.245514 -0.661150 3.388004 -0.829200 0.111249 -0.046484
    34 -0.717484 -3.784271 13.043911 -1.134340 -0.184769 1.516231
    35 1.099216 -1.407745 8.017889 -1.001644 0.008592 0.002818
    36 0.068439 -0.807653 3.686054 -0.685469 0.007810 0.002856
    37 -4.004929 6.172707 4.754754 0.079404 0.825920 2.501306
    38 0.158352 -1.149811 5.804394 -0.548815 -0.254434 0.179346
    39 -1.083523 -1.463142 5.544399 -0.466786 -0.110790 0.013910
    40 -6.289886 0.932434 13.569063 -0.126803 0.612110 2.869610
    41 1.327774 -0.766687 12.396328 -0.031282 0.012731 -0.274192
    42 -0.096140 1.828087 23.185329 0.148035 -0.256186 -1.340632
    43 2.325478 -0.000003 6.169296 0.313048 0.389611 1.699765
    44 0.000000 -3.152912 0.122169 2.035948 0.000000 0.000000
    45 1.068383 -10.478592 7.066338 0.292219 -1.282324 -3.141588
    46 0.000000 0.000000 2.279457 0.547137 -0.343566 0.107833
    47 2.479414 -8.323895 6.074242 -0.009236 0.327514 1.561685
    48 0.000005 -5.730469 2.636719 0.000000 0.000000 0.000000
    49 -1.068383 -10.478611 7.065971 0.292219 1.282324 3.141588
    50 -0.000488 0.000015 2.279600 0.547136 0.343566 0.107835
    51 -2.479401 -8.323895 6.074234 0.009296 0.327574 1.581344
    52 -5.790000 4.432083 14.255558 -2.807515 1.301923 0.427528
    53 1.044540 -2.839314 19.743252 -0.487213 0.517707 -0.129929
    54 -2.655510 -1.533379 24.792648 -0.844035 -0.042627 0.320321
    55 -1.120216 -0.154385 9.795983 0.042241 0.014543 -0.390306
    56 -2.240372 -0.308788 19.592047 -0.090958 -0.119695 -0.800933
    57 -0.683205 2.877342 14.167089 -0.954383 0.161935 -1.444281
    58 -0.144958 -0.145317 7.579308 -0.926152 0.233644 -0.032319
    59 -0.038551 -0.936644 4.697678 -0.755323 0.156515 -0.045800
    60 -0.506317 8.500896 13.617329 -0.862984 0.087301 -1.330827
    61 0.385056 -0.460075 7.003435 -0.755171 0.461452 -0.058674
    62 -0.456360 -0.710276 5.057732 -0.544368 0.304298 -0.059867
    63 2.452194 -8.899408 11.597939 -1.300891 0.185797 -1.528651
    64 -0.680515 -0.903999 6.074242 -1.055275 -0.129883 -0.024184
    65 -0.248295 -0.666843 3.386627 -0.909669 -0.125282 0.055312
    66 0.717491 -3.784309 13.044010 -1.167335 0.121731 -1.491131
    67 -1.099228 -1.407673 8.017876 -1.051154 -0.006439 0.003086
    68 -0.064053 -0.807640 3.686100 -0.734867 -0.008762 -0.006760
    69 4.004906 6.172710 4.754800 0.176000 -1.024693 -2.611323
    70 -0.158381 -1.149773 5.804405 -0.476278 0.307423 0.243202
    71 1.078559 -2.386406 5.215008 -0.386948 0.177612 0.094507
    72 6.289963 0.932404 13.569109 -0.126801 -0.612098 -2.869612
    73 -1.327759 -0.766682 12.396324 -0.028005 -0.011819 0.245764
    74 0.000017 -54.999996 0.000000 0.000000 0.000000 -1.570796
  time 15
    0 0.000000 0.000000 -1.500000 0.000000 0.000000 0.000000
    1 -10.521344 -5.760963 66.994621 3.097005 -0.050653 -3.139334
    2 16.442279 0.833312 18.315092 -0.225557 0.404735 0.344110
    3 -0.000034 0.000012 24.761454 -1.079068 -0.125180 -0.198250
    4 0.000017 0.000000 24.344809 1.872477 -0.093091 -0.016796
    5 0.002333 -1.019846 24.031336 0.831695 -0.045874 -0.003041
    6 0.000034 0.000008 13.404741 -0.000001 -0.000009 -0.102242
    7 10.398263 -5.760962 66.994675 3.097005 0.050653 3.139334
    8 19.937942 -7.432484 16.984214 0.837523 -0.610524 0.218725
    9 -0.000004 -0.000006 24.761459 -1.780470 0.206299 -0.629798
    10 -0.000007 0.000004 24.344891 1.771894 0.100506 -0.033159
    11 -0.002360 -1.019903 24.031330 0.389594 -0.042695 -0.017219
    12 0.000000 -0.000002 13.404737 0.000001 0.000005 -0.305704
    13 -0.061540 -5.245835 72.927078 0.000000 0.000000 0.000000
    14 -18.069540 -3.198169 -17.805144 -0.007157 0.000021 -0.076631
    15 0.000000 -0.005608 -1.146812 0.137482 0.042220 -0.327046
    16 0.030770 -0.240000 8.906021 -0.004138 0.000000 0.000000
    17 -1.742217 -2.831262 -0.730889 0.502469 -0.159833 -0.282444
    18 0.030770 -0.276858 8.905140 0.056125 0.004134 -0.000049
    19 0.225304 -0.624143 0.076952 0.365923 0.052396 -0.030550
    20 5.669724 4.435303 14.302868 3.082120 -1.315460 0.238154
    21 -1.044571 -2.839317 19.743267 -0.633050 -0.673741 0.207908
    22 2.655533 -1.533369 24.792658 -0.720127 0.141335 -0.527913
    23 1.120163 -0.154394 9.796035 -0.022237 0.000889 -0.193023
    24 2.240311 -0.308786 19.592051 0.036824 0.171906 -0.402650
    25 0.683151 2.877354 14.167051 -0.841630 -0.095053 1.399462
    26 0.144936 -0.145374 7.579252 -0.802884 -0.180641 0.073010
    27 0.091660 -0.906685 4.702850 -0.635046 -0.101507 0.032163
    28 0.506271 8.500866 13.617253 -0.778211 0.122321 1.216543
    29 -0.384987 -0.460049 7.003448 -0.595716 -0.347309 0.147604
    30 0.561516 -0.596954 5.061852 -0.405043 -0.176980 0.042211
    31 -2.452171 -8.899406 11.597897 -1.286276 -0.360908 1.614380
    32 0.680496 -0.903999 6.074253 -0.976262 0.109356 0.014027
    33 0.245514 -0.661150 3.388004 -0.829200 0.111249 -0.046484
    34 -0.717484 -3.784271 13.043911 -1.134340 -0.184769 1.516231
    35 1.099216 -1.407745 8.017889 -1.001644 0.008592 0.002818
    36 0.068439 -0.807653 3.686054 -0.685469 0.007810 0.002856
    37 -4.004929 6.172707 4.754754 0.079404 0.825920 2.501306
    38 0.158352 -1.149811 5.804394 -0.548815 -0.254434 0.179346
    39 -1.083523 -1.463142 5.544399 -0.466786 -0.110790 0.013910
    40 -6.289886 0.932434 13.569063 -0.126803 0.612110 2.869610
    41 1.327774 -0.766687 12.396328 -0.031581 0.012803 -0.276753
    42 -0.096140 1.828087 23.185329 0.148035 -0.256186 -1.340632
    43 2.325478 -0.000003 6.169296 0.314624 0.385994 1.681804
    44 0.000000 -3.152912 0.122169 2.035948 0.000000 0.000000
    45 1.068383 -10.478592 7.066338 0.292219 -1.282324 -3.141588
    46 0.000000 0.000000 2.279457 0.547137 -0.343566 0.107833
    47 2.479414 -8.323895 6.074242 -0.009236 0.327514 1.561685
    48 0.000005 -5.730469 2.636719 0.000000 0.000000 0.000000
    49 -1.068383 -10.478611 7.065971 0.292219 1.282324 3.141588
    50 -0.000488 0.000015 2.279600 0.547136 0.343566 0.107835
    51 -2.479401 -8.323895 6.074234 0.009296 0.327574 1.581344
    52 -5.790000 4.432083 14.255558 -2.811637 1.297977 0.433372
    53 1.044540 -2.839314 19.743252 -0.475414 0.503122 -0.125003
    54 -2.655510 -1.533379 24.792648 -0.844337 -0.044257 0.333271
    55 -1.120216 -0.154385 9.795983 0.043535 0.015226 -0.397487
    56 -2.240372 -0.308788 19.592047 -0.107224 -0.121329 -0.814079
    57 -0.683205 2.877342 14.167089 -0.954383 0.161915 -1.444281
    58 -0.144958 -0.145317 7.579308 -0.926152 0.233644 -0.032319
    59 -0.038551 -0.936644 4.697678 -0.755323 0.156515 -0.045800
    60 -0.506317 8.500896 13.617329 -0.862984 0.087301 -1.330827
    61 0.385056 -0.460075 7.003435 -0.755128 0.461452 -0.058689
    62 -0.456360 -0.710276 5.057732 -0.544368 0.304298 -0.059867
    63 2.452194 -8.899408 11.597939 -1.300891 0.185797 -1.528651
    64 -0.680515 -0.903999 6.074242 -1.055275 -0.129883 -0.024184
    65 -0.248295 -0.666843 3.386627 -0.909669 -0.125282 0.055312
    66 0.717491 -3.784309 13.044010 -1.167335 0.121731 -1.491131
    67 -1.099228 -1.407673 8.017876 -1.051154 -0.006439 0.003086
    68 -0.064053 -0.807640 3.686100 -0.734867 -0.008762 -0.006760
    69 4.004906 6.172710 4.754800 0.176000 -1.024693 -2.611323
    70 -0.158381 -1.149773 5.804405 -0.476278 0.307423 0.243202
    71 1.078559 -2.386406 5.215008 -0.386948 0.177612 0.094507
    72 6.289963 0.932404 13.569109 -0.126801 -0.612098 -2.869612
    73 -1.327759 -0.766682 12.396324 -0.028005 -0.012023 0.251177
    74 0.000017 -54.999996 0.000000 0.000000 0.000000 -1.570796
  time 16
    0 0.000000 0.000000 -1.500000 0.000000 0.000000 0.000000
    1 -10.521344 -5.760963 66.994621 3.097005 -0.050653 -3.139334
    2 17.047767 1.054298 17.889026 -0.241476 0.403705 0.344896
    3 -0.000034 0.000012 24.761454 -0.976993 -0.113364 -0.200327
    4 0.000017 0.000000 24.344809 1.792644 -0.102507 -0.024531
    5 0.002333 -1.019846 24.031336 0.843306 -0.045838 -0.003568
    6 0.000034 0.000008 13.404741 -0.000001 -0.000009 -0.101588
    7 10.398263 -5.760962 66.994675 3.097005 0.050653 3.139334
    8 20.519991 -7.257633 16.557091 0.823105 -0.623693 0.221861
    9 -0.000004 -0.000006 24.761459 -1.751817 0.202991 -0.625456
    10 -0.000007 0.000004 24.344891 1.752145 0.110660 -0.016323
    11 -0.002360 -1.019903 24.031330 0.389594 -0.042695 -0.017219
    12 0.000000 -0.000002 13.404737 0.000001 0.000005 -0.298040
    13 -0.061540 -5.245835 72.927078 0.000000 0.000000 0.000000
    14 -18.651589 -3.023483 -17.399584 -0.007157 0.000021 -0.077232
    15 0.000000 -0.005608 -1.146812 0.137482 0.044997 -0.329166
    16 0.030770 -0.240000 8.906021 -0.004138 0.000000 0.000000
    17 -1.773468 -2.842981 -0.738702 0.505416 -0.163605 -0.283802
    18 0.030770 -0.276858 8.905140 0.056125 0.004134 -0.000049
    19 0.217491 -0.628050 0.080858 0.367997 0.048940 -0.031329
    20 5.669724 4.435303 14.302868 3.081641 -1.314227 0.234224
    21 -1.044571 -2.839317 19.743267 -0.626984 -0.669410 0.204637
    22 2.655533 -1.533369 24.792658 -0.720648 0.143410 -0.537375
    23 1.120163 -0.154394 9.796035 -0.022117 0.000901 -0.191919
    24 2.240311 -0.308786 19.592051 0.039174 0.179503 -0.401107
    25 0.683151 2.877354 14.167051 -0.841685 -0.095053 1.399462
    26 0.144936 -0.145374 7.579252 -0.802884 -0.180641 0.073010
    27 0.091660 -0.906685 4.702850 -0.635046 -0.101507 0.032163
    28 0.506271 8.500866 13.617253 -0.778211 0.122321 1.216543
    29 -0.384987 -0.460049 7.003448 -0.595716 -0.347309 0.147604
    30 0.561516 -0.596954 5.061852 -0.405043 -0.176980 0.042211
    31 -2.452171 -8.899406 11.597897 -1.286276 -0.360908 1.614380
    32 0.680496 -0.903999 6.074253 -0.976262 0.109356 0.014027
    33 0.245514 -0.661150 3.388004 -0.829200 0.111249 -0.046484
    34 -0.717484 -3.784271 13.043911 -1.134340 -0.184769 1.516231
    35 1.099216 -1.407745 8.017889 -1.001644 0.008592 0.002818
    36 0.068439 -0.807653 3.686054 -0.685469 0.007810 0.002856
    37 -4.004929 6.172707 4.754754 0.079404 0.825920 2.501306
    38 0.158352 -1.149811 5.804394 -0.548815 -0.254434 0.179346
    39 -1.083523 -1.463142 5.544399 -0.466786 -0.110790 0.013910
    40 -6.289886 0.932434 13.569063 -0.126803 0.612110 2.869610
    41 1.327774 -0.766687 12.396328 -0.031905 0.012874 -0.279314
    42 -0.096140 1.828087 23.185329 0.148035 -0.256186 -1.340632
    43 2.325478 -0.000003 6.169296 0.316391 0.382116 1.664722
    44 0.000000 -3.152912 0.122169 2.035948 0.000000 0.000000
    45 1.068383 -10.478592 7.066338 0.292219 -1.282324 -3.141588
    46 0.000000 0.000000 2.279457 0.547137 -0.343566 0.107833
    47 2.479414 -8.323895 6.074242 -0.009236 0.327561 1.561685
    48 0.000005 -5.730469 2.636719 0.000000 0.000000 0.000000
    49 -1.068383 -10.478611 7.065971 0.292219 1.282324 3.141588
    50 -0.000488 0.000015 2.279600 0.547136 0.343566 0.107835
    51 -2.479401 -8.323895 6.074234 0.009296 0.327574 1.581344
    52 -5.790000 4.432083 14.255558 -2.813745 1.294114 0.439984
    53 1.044540 -2.839314 19.743252 -0.464394 0.489555 -0.120676
    54 -2.655510 -1.533379 24.792648 -0.842123 -0.046173 0.345691
    55 -1.120216 -0.154385 9.795983 0.043727 0.015406 -0.403391
    56 -2.240372 -0.308788 19.592047 -0.119901 -0.122913 -0.825076
    57 -0.683205 2.877342 14.167089 -0.954383 0.161915 -1.444281
    58 -0.144958 -0.145317 7.579308 -0.926152 0.233644 -0.032319
    59 -0.038551 -0.936644 4.697678 -0.755323 0.156515 -0.045800
    60 -0.506317 8.500896 13.617329 -0.862984 0.087301 -1.330827
    61 0.385056 -0.460075 7.003435 -0.755171 0.461452 -0.058689
    62 -0.456360 -0.710276 5.057732 -0.544368 0.304298 -0.059867
    63 2.452194 -8.899408 11.597939 -1.300891 0.185797 -1.528651
    64 -0.680515 -0.903999 6.074242 -1.055275 -0.129883 -0.024184
    65 -0.248295 -0.666843 3.386627 -0.909669 -0.125282 0.055312
    66 0.717491 -3.784309 13.044010 -1.167335 0.121731 -1.491131
    67 -1.099228 -1.407673 8.017876 -1.051154 -0.006439 0.003086
    68 -0.064053 -0.807640 3.686100 -0.734867 -0.008762 -0.006760
    69 4.004906 6.172710 4.754800 0.176000 -1.024693 -2.611323
    70 -0.158381 -1.149773 5.804405 -0.476278 0.307423 0.243202
    71 1.078559 -2.386406 5.215008 -0.386948 0.177612 0.094507
    72 6.289963 0.932404 13.569109 -0.126801 -0.612098 -2.869612
    73 -1.327759 -0.766682 12.396324 -0.029060 -0.012167 0.256081
    74 0.000017 -54.999996 0.000000 0.000000 0.000000 -1.570796
  time 17
    0 0.000000 0.000000 -1.500000 0.000000 0.000000 0.000000
    1 -10.521344 -5.760963 66.994621 3.097005 -0.050653 -3.139334
    2 17.575126 1.348946 17.418111 -0.244413 0.406794 0.346687
    3 -0.000034 0.000012 24.761454 -0.932480 -0.108222 -0.217551
    4 0.000017 0.000000 24.344809 1.759601 -0.126251 -0.037322
    5 0.002333 -1.019846 24.031336 0.820009 -0.045910 -0.002490
    6 0.000034 0.000008 13.404741 -0.000001 -0.000009 -0.109203
    7 10.398263 -5.760962 66.994675 3.097005 0.050653 3.139334
    8 21.023913 -6.995356 16.085008 0.809029 -0.634594 0.225409
    9 -0.000004 -0.000006 24.761459 -1.720083 0.199324 -0.622441
    10 -0.000007 0.000004 24.344891 1.729298 0.119126 -0.002198
    11 -0.002360 -1.019903 24.031330 0.389594 -0.042695 -0.017219
    12 0.000000 -0.000002 13.404737 0.000001 0.000005 -0.292114
    13 -0.061540 -5.245835 72.927078 0.000000 0.000000 0.000000
    14 -19.155511 -2.778924 -16.926431 -0.007157 0.000021 -0.077772
    15 0.000000 -0.005608 -1.146812 0.137514 0.047208 -0.330851
    16 0.030770 -0.240000 8.906021 -0.004138 0.000000 0.000000
    17 -1.800813 -2.850794 -0.750421 0.508046 -0.166922 -0.285439
    18 0.030770 -0.276858 8.905140 0.056125 0.004134 -0.000049
    19 0.209678 -0.631956 0.076952 0.369962 0.045587 -0.032132
    20 5.669724 4.435303 14.302868 3.081737 -1.312888 0.230199
    21 -1.044571 -2.839317 19.743267 -0.620918 -0.665496 0.201591
    22 2.655533 -1.533369 24.792658 -0.721212 0.145101 -0.546109
    23 1.120163 -0.154394 9.796035 -0.021949 0.000901 -0.190505
    24 2.240311 -0.308786 19.592051 0.040784 0.186410 -0.398931
    25 0.683151 2.877354 14.167051 -0.841630 -0.095053 1.399449
    26 0.144936 -0.145374 7.579252 -0.802884 -0.180641 0.073010
    27 0.091660 -0.906685 4.702850 -0.635046 -0.101507 0.032163
    28 0.506271 8.500866 13.617253 -0.778211 0.122321 1.216543
    29 -0.384987 -0.460049 7.003448 -0.595716 -0.347309 0.147604
    30 0.561516 -0.596954 5.061852 -0.405043 -0.176980 0.042211
    31 -2.452171 -8.899406 11.597897 -1.286276 -0.360908 1.614380
    32 0.680496 -0.903999 6.074253 -0.976262 0.109356 0.014027
    33 0.245514 -0.661150 3.388004 -0.829200 0.111249 -0.046484
    34 -0.717484 -3.784271 13.043911 -1.134340 -0.184769 1.516231
    35 1.099216 -1.407745 8.017889 -1.001644 0.008592 0.002818
    36 0.068439 -0.807653 3.686054 -0.685469 0.007822 0.002856
    37 -4.004929 6.172707 4.754754 0.079404 0.825920 2.501306
    38 0.158352 -1.149811 5.804394 -0.548815 -0.254434 0.179346
    39 -1.083523 -1.463142 5.544399 -0.466786 -0.110790 0.013910
    40 -6.289886 0.932434 13.569063 -0.126803 0.612110 2.869610
    41 1.327774 -0.766687 12.396328 -0.032205 0.012946 -0.281925
    42 -0.096140 1.828087 23.185329 0.148035 -0.256186 -1.340632
    43 2.325478 -0.000003 6.169296 0.318301 0.378557 1.648637
    44 0.000000 -3.152912 0.122169 2.035948 0.000000 0.000000
    45 1.068383 -10.478592 7.066338 0.292219 -1.282324 -3.141588
    46 0.000000 0.000000 2.279457 0.547137 -0.343566 0.107833
    47 2.479414 -8.323895 6.074242 -0.009236 0.327514 1.561685
    48 0.000005 -5.730469 2.636719 0.000000 0.000000 0.000000
    49 -1.068383 -10.478611 7.065971 0.292219 1.282324 3.141588
    50 -0.000488 0.000015 2.279600 0.547136 0.343566 0.107835
    51 -2.479401 -8.323895 6.074234 0.009296 0.327574 1.581344
    52 -5.790000 4.432083 14.255558 -2.817484 1.290708 0.444774
    53 1.044540 -2.839314 19.743252 -0.453875 0.476539 -0.116784
    54 -2.655510 -1.533379 24.792648 -0.837694 -0.048347 0.357656
    55 -1.120216 -0.154385 9.795983 0.044134 0.015670 -0.408315
    56 -2.240372 -0.308788 19.592047 -0.129294 -0.124200 -0.834184
    57 -0.683205 2.877342 14.167089 -0.954383 0.161915 -1.444281
    58 -0.144958 -0.145317 7.579308 -0.926152 0.233644 -0.032319
    59 -0.038551 -0.936644 4.697678 -0.755323 0.156515 -0.045800
    60 -0.506317 8.500896 13.617329 -0.862984 0.087301 -1.330827
    61 0.385056 -0.460075 7.003435 -0.755171 0.461452 -0.058689
    62 -0.456360 -0.710276 5.057732 -0.544368 0.304298 -0.059867
    63 2.452194 -8.899408 11.597939 -1.300891 0.185797 -1.528651
    64 -0.680515 -0.903999 6.074242 -1.055275 -0.129883 -0.024184
    65 -0.248295 -0.666843 3.386627 -0.909669 -0.125282 0.055312
    66 0.717491 -3.784309 13.044010 -1.167335 0.121731 -1.491131
    67 -1.099228 -1.407673 8.017876 -1.051154 -0.006439 0.003086
    68 -0.064053 -0.807640 3.686100 -0.734867 -0.008762 -0.006760
    69 4.004906 6.172710 4.754800 0.176000 -1.024693 -2.611323
    70 -0.158381 -1.149773 5.804405 -0.476278 0.307423 0.243202
    71 1.078559 -2.386406 5.215008 -0.386948 0.177612 0.094507
    72 6.289963 0.932404 13.569109 -0.126801 -0.612098 -2.869612
    73 -1.327759 -0.766682 12.396324 -0.029647 -0.012323 0.260523
    74 0.000017 -54.999996 0.000000 0.000000 0.000000 -1.570796
  time 18
    0 0.000000 0.000000 -1.500000 0.000000 0.000000 0.000000
    1 -10.521344 -5.760963 66.994621 3.097005 -0.050653 -3.139334
    2 18.039984 1.692701 16.969620 -0.237171 0.395632 0.351624
    3 -0.000034 0.000012 24.761454 -0.927968 -0.107707 -0.211687
    4 0.000017 0.000000 24.344809 1.746039 -0.115318 -0.031704
    5 0.002333 -1.019846 24.031336 0.820009 -0.045910 -0.002490
    6 0.000034 0.000008 13.404741 -0.000001 -0.000009 -0.107136
    7 10.398263 -5.760962 66.994675 3.097005 0.050653 3.139334
    8 21.453613 -6.733079 15.567964 0.795891 -0.643337 0.228957
    9 -0.000004 -0.000006 24.761459 -1.686535 0.195441 -0.620647
    10 -0.000007 0.000004 24.344891 1.703934 0.125970 0.009299
    11 -0.002360 -1.019903 24.031330 0.389594 -0.042695 -0.017219
    12 0.000000 -0.000002 13.404737 0.000001 0.000005 -0.287820
    13 -0.061540 -5.245835 72.927078 0.000000 0.000000 0.000000
    14 -19.593024 -2.499427 -16.385684 -0.007157 0.000021 -0.078553
    15 0.000000 -0.005608 -1.146812 0.137514 0.048996 -0.332101
    16 0.030770 -0.240000 8.906021 -0.004138 0.000000 0.000000
    17 -1.824251 -2.854700 -0.758234 0.510424 -0.169784 -0.287396
    18 0.030770 -0.276858 8.905140 0.056125 0.004134 -0.000049
    19 0.201866 -0.631956 0.080858 0.371750 0.042398 -0.032947
    20 5.669724 4.435303 14.302868 3.082311 -1.311514 0.226270
    21 -1.044571 -2.839317 19.743267 -0.614852 -0.662104 0.198856
    22 2.655533 -1.533369 24.792658 -0.721863 0.146253 -0.553954
    23 1.120163 -0.154394 9.796035 -0.021757 0.000913 -0.188849
    24 2.240311 -0.308786 19.592051 0.041698 0.192304 -0.396201
    25 0.683151 2.877354 14.167051 -0.841685 -0.095041 1.399449
    26 0.144936 -0.145374 7.579252 -0.802884 -0.180641 0.073010
    27 0.091660 -0.906685 4.702850 -0.635046 -0.101507 0.032163
    28 0.506271 8.500866 13.617253 -0.778211 0.122321 1.216543
    29 -0.384987 -0.460049 7.003448 -0.595716 -0.347309 0.147604
    30 0.561516 -0.596954 5.061852 -0.405043 -0.176980 0.042211
    31 -2.452171 -8.899406 11.597897 -1.286276 -0.360908 1.614380
    32 0.680496 -0.903999 6.074253 -0.976262 0.109356 0.014027
    33 0.245514 -0.661150 3.388004 -0.829200 0.111249 -0.046484
    34 -0.717484 -3.784271 13.043911 -1.134340 -0.184769 1.516231
    35 1.099216 -1.407745 8.017889 -1.001644 0.008592 0.002818
    36 0.068439 -0.807653 3.686054 -0.685540 0.007822 0.002856
    37 -4.004929 6.172707 4.754754 0.079404 0.825920 2.501306
    38 0.158352 -1.149811 5.804394 -0.548815 -0.254434 0.179346
    39 -1.083523 -1.463142 5.544399 -0.466786 -0.110790 0.013910
    40 -6.289886 0.932434 13.569063 -0.126803 0.612110 2.869610
    41 1.327774 -0.766687 12.396328 -0.032528 0.013030 -0.284637
    42 -0.096140 1.828087 23.185329 0.148035 -0.256186 -1.340632
    43 2.325478 -0.000003 6.169296 0.320354 0.375403 1.633710
    44 0.000000 -3.152912 0.122169 2.035964 0.000000 0.000000
    45 1.068383 -10.478592 7.066338 0.292219 -1.282324 -3.141588
    46 0.000000 0.000000 2.279457 0.547137 -0.343566 0.107833
    47 2.479414 -8.323895 6.074242 -0.009236 0.327514 1.561685
    48 0.000005 -5.730469 2.636719 0.000000 0.000000 0.000000
    49 -1.068383 -10.478611 7.065971 0.292219 1.282324 3.141588
    50 -0.000488 0.000015 2.279600 0.547136 0.343566 0.107835
    51 -2.479401 -8.323895 6.074234 0.009296 0.327527 1.581344
    52 -5.790000 4.432083 14.255558 -2.821510 1.287717 0.448224
    53 1.044540 -2.839314 19.743252 -0.444135 0.464244 -0.113328
    54 -2.655510 -1.533379 24.792648 -0.831353 -0.050806 0.369167
    55 -1.120216 -0.154385 9.795983 0.044554 0.015909 -0.412205
    56 -2.240372 -0.308788 19.592047 -0.135480 -0.124992 -0.841315
    57 -0.683205 2.877342 14.167089 -0.954383 0.161935 -1.444281
    58 -0.144958 -0.145317 7.579308 -0.926152 0.233656 -0.032319
    59 -0.038551 -0.936644 4.697678 -0.755323 0.156515 -0.045800
    60 -0.506317 8.500896 13.617329 -0.862984 0.087301 -1.330827
    61 0.385056 -0.460075 7.003435 -0.755171 0.461469 -0.058674
    62 -0.456360 -0.710276 5.057732 -0.544368 0.304298 -0.059867
    63 2.452194 -8.899408 11.597939 -1.300891 0.185797 -1.528651
    64 -0.680515 -0.903999 6.074242 -1.055275 -0.129883 -0.024184
    65 -0.248295 -0.666843 3.386627 -0.909669 -0.125282 0.055312
    66 0.717491 -3.784309 13.044010 -1.167335 0.121731 -1.491131
    67 -1.099228 -1.407673 8.017876 -1.051154 -0.006439 0.003086
    68 -0.064053 -0.807640 3.686100 -0.734867 -0.008762 -0.006760
    69 4.004906 6.172710 4.754800 0.176000 -1.024693 -2.611323
    70 -0.158381 -1.149773 5.804405 -0.476278 0.307423 0.243202
    71 1.078559 -2.386406 5.215008 -0.386948 0.177612 0.094507
    72 6.289963 0.932404 13.569109 -0.126801 -0.612098 -2.869612
    73 -1.327759 -0.766682 12.396324 -0.030103 -0.012455 0.264501
    74 0.000017 -54.999996 0.000000 0.000000 0.000000 -1.570796
  time 19
    0 0.000000 0.000000 -1.500000 0.000000 0.000000 0.000000
    1 -10.521344 -5.760963 66.994621 3.097005 -0.050653 -3.139334
    2 18.430621 2.073288 16.453855 -0.229042 0.382995 0.356386
    3 -0.000034 0.000012 24.761454 -0.925163 -0.107371 -0.204887
    4 0.000017 0.000000 24.344809 1.732969 -0.103140 -0.025460
    5 0.002333 -1.019846 24.031336 0.820009 -0.045910 -0.002490
    6 0.000034 0.000008 13.404741 -0.000001 -0.000009 -0.104668
    7 10.398263 -5.760962 66.994675 3.097005 0.050653 3.139334
    8 21.805187 -6.370887 15.050920 0.784033 -0.650068 0.232423
    9 -0.000004 -0.000006 24.761459 -1.651942 0.191450 -0.619893
    10 -0.000007 0.000004 24.344891 1.677021 0.131236 0.018379
    11 -0.002360 -1.019903 24.031330 0.389594 -0.042695 -0.017219
    12 0.000000 -0.000002 13.404737 0.000001 0.000005 -0.284900
    13 -0.061540 -5.245835 72.927078 0.000000 0.000000 0.000000
    14 -19.964129 -2.150056 -15.890000 -0.007157 0.000021 -0.079454
    15 0.000000 -0.005608 -1.146812 0.137514 0.050439 -0.332807
    16 0.030770 -0.240000 8.906021 -0.004138 0.000000 0.000000
    17 -1.843783 -2.858606 -0.766047 0.512549 -0.172139 -0.289632
    18 0.030770 -0.276858 8.905140 0.056125 0.004134 -0.000049
    19 0.197959 -0.631956 0.084765 0.373430 0.039395 -0.033762
    20 5.669724 4.435303 14.302868 3.083268 -1.310139 0.222533
    21 -1.044571 -2.839317 19.743267 -0.608786 -0.659443 0.196430
    22 2.655533 -1.533369 24.792658 -0.722601 0.146830 -0.560989
    23 1.120163 -0.154394 9.796035 -0.021554 0.000913 -0.186952
    24 2.240311 -0.308786 19.592051 0.041872 0.197092 -0.392680
    25 0.683151 2.877354 14.167051 -0.841630 -0.095041 1.399449
    26 0.144936 -0.145374 7.579252 -0.802884 -0.180641 0.073010
    27 0.091660 -0.906685 4.702850 -0.635046 -0.101507 0.032163
    28 0.506271 8.500866 13.617253 -0.778211 0.122343 1.216543
    29 -0.384987 -0.460049 7.003448 -0.595716 -0.347309 0.147604
    30 0.561516 -0.596954 5.061852 -0.405043 -0.176980 0.042211
    31 -2.452171 -8.899406 11.597897 -1.286276 -0.360908 1.614380
    32 0.680496 -0.903999 6.074253 -0.976262 0.109356 0.014027
    33 0.245514 -0.661150 3.388004 -0.829200 0.111249 -0.046484
    34 -0.717484 -3.784271 13.043911 -1.134340 -0.184769 1.516231
    35 1.099216 -1.407745 8.017889 -1.001644 0.008592 0.002818
    36 0.068439 -0.807653 3.686054 -0.685469 0.007822 0.002856
    37 -4.004929 6.172707 4.754754 0.079404 0.825920 2.501306
    38 0.158352 -1.149811 5.804394 -0.548815 -0.254434 0.179346
    39 -1.083523 -1.463142 5.544399 -0.466786 -0.110790 0.013910
    40 -6.289886 0.932434 13.569063 -0.126803 0.612110 2.869610
    41 1.327774 -0.766687 12.396328 -0.032876 0.013114 -0.287399
    42 -0.096140 1.828087 23.185329 0.148035 -0.256186 -1.340632
    43 2.325478 -0.000003 6.169296 0.322646 0.372813 1.620100
    44 0.000000 -3.152912 0.122169 2.035948 0.000000 0.000000
    45 1.068383 -10.478592 7.066338 0.292219 -1.282324 -3.141588
    46 0.000000 0.000000 2.279457 0.547137 -0.343566 0.107833
    47 2.479414 -8.323895 6.074242 -0.009236 0.327514 1.561685
    48 0.000005 -5.730469 2.636719 0.000000 0.000000 0.000000
    49 -1.068383 -10.478611 7.065971 0.292219 1.282324 3.141588
    50 -0.000488 0.000015 2.279600 0.547136 0.343566 0.107835
    51 -2.479401 -8.323895 6.074234 0.009296 0.327527 1.581344
    52 -5.790000 4.432083 14.255558 -2.825728 1.285142 0.451002
    53 1.044540 -2.839314 19.743252 -0.435230 0.452542 -0.110225
    54 -2.655510 -1.533379 24.792648 -0.823351 -0.053486 0.380148
    55 -1.120216 -0.154385 9.795983 0.044841 0.016089 -0.415224
    56 -2.240372 -0.308788 19.592047 -0.138611 -0.125289 -0.846900
    57 -0.683205 2.877342 14.167089 -0.954383 0.161935 -1.444281
    58 -0.144958 -0.145317 7.579308 -0.926152 0.233644 -0.032319
    59 -0.038551 -0.936644 4.697678 -0.755323 0.156515 -0.045800
    60 -0.506317 8.500896 13.617329 -0.862984 0.087301 -1.330827
    61 0.385056 -0.460075 7.003435 -0.755171 0.461469 -0.058689
    62 -0.456360 -0.710276 5.057732 -0.544368 0.304298 -0.059867
    63 2.452194 -8.899408 11.597939 -1.300891 0.185797 -1.528651
    64 -0.680515 -0.903999 6.074242 -1.055275 -0.129883 -0.024184
    65 -0.248295 -0.666843 3.386627 -0.909669 -0.125282 0.055312
    66 0.717491 -3.784309 13.044010 -1.167335 0.121719 -1.491131
    67 -1.099228 -1.407673 8.017876 -1.051154 -0.006439 0.003086
    68 -0.064053 -0.807640 3.686100 -0.734867 -0.008762 -0.006760
    69 4.004906 6.172710 4.754800 0.176000 -1.024693 -2.611323
    70 -0.158381 -1.149773 5.804405 -0.476278 0.307423 0.243202
    71 1.078559 -2.386406 5.215008 -0.386948 0.177612 0.094507
    72 6.289963 0.932404 13.569109 -0.126801 -0.612098 -2.869612
    73 -1.327759 -0.766682 12.396324 -0.030510 -0.012563 0.268017
    74 0.000017 -54.999996 0.000000 0.000000 0.000000 -1.570796
  time 20
    0 0.000000 0.000000 -1.500000 0.000000 0.000000 0.000000
    1 -10.521344 -5.760963 66.994621 3.097005 -0.050653 -3.139334
    2 18.750944 2.502983 15.960515 -0.219135 0.371973 0.360537
    3 -0.000034 0.000012 24.761454 -0.922724 -0.107096 -0.198942
    4 0.000017 0.000000 24.344809 1.718976 -0.092864 -0.020253
    5 0.002333 -1.019846 24.031336 0.820009 -0.045910 -0.002490
    6 0.000034 0.000008 13.404741 -0.000001 -0.000009 -0.102559
    7 10.398263 -5.760962 66.994675 3.097005 0.050653 3.139334
    8 22.090351 -5.971227 14.533876 0.773796 -0.654969 0.235311
    9 -0.000004 -0.000006 24.761459 -1.617403 0.187459 -0.619965
    10 -0.000007 0.000004 24.344891 1.648947 0.135058 0.025210
    11 -0.002360 -1.019903 24.031330 0.389594 -0.042695 -0.017219
    12 0.000000 -0.000002 13.404737 0.000001 0.000005 -0.283247
    13 -0.061540 -5.245835 72.927078 0.000000 0.000000 0.000000
    14 -20.261013 -1.765748 -15.326723 -0.007157 0.000021 -0.080354
    15 0.000000 -0.005608 -1.146812 0.137546 0.051569 -0.332970
    16 0.030770 -0.240000 8.906021 -0.004138 0.000000 0.000000
    17 -1.871128 -2.866419 -0.769953 0.514380 -0.174000 -0.292148
    18 0.030770 -0.276858 8.905140 0.056125 0.004134 -0.000049
    19 0.194053 -0.631956 0.084765 0.374967 0.036556 -0.034577
    20 5.669724 4.435303 14.302868 3.084417 -1.308800 0.218987
    21 -1.044571 -2.839317 19.743267 -0.602719 -0.657460 0.194287
    22 2.655533 -1.533369 24.792658 -0.723252 0.146830 -0.567136
    23 1.120163 -0.154394 9.796035 -0.021290 0.000925 -0.184779
    24 2.240311 -0.308786 19.592051 0.041132 0.200822 -0.388447
    25 0.683151 2.877354 14.167051 -0.841630 -0.095053 1.399449
    26 0.144936 -0.145374 7.579252 -0.802884 -0.180641 0.073010
    27 0.091660 -0.906685 4.702850 -0.635046 -0.101507 0.032163
    28 0.506271 8.500866 13.617253 -0.778149 0.122321 1.216543
    29 -0.384987 -0.460049 7.003448 -0.595716 -0.347309 0.147604
    30 0.561516 -0.596954 5.061852 -0.405043 -0.176980 0.042211
    31 -2.452171 -8.899406 11.597897 -1.286276 -0.360908 1.614380
    32 0.680496 -0.903999 6.074253 -0.976262 0.109356 0.014027
    33 0.245514 -0.661150 3.388004 -0.829200 0.111249 -0.046484
    34 -0.717484 -3.784271 13.043911 -1.134340 -0.184769 1.516231
    35 1.099216 -1.407745 8.017889 -1.001644 0.008592 0.002818
    36 0.068439 -0.807653 3.686054 -0.685469 0.007822 0.002856
    37 -4.004929 6.172707 4.754754 0.079404 0.825920 2.501306
    38 0.158352 -1.149811 5.804394 -0.548815 -0.254434 0.179346
    39 -1.083523 -1.463142 5.544399 -0.466786 -0.110790 0.013910
    40 -6.289886 0.932434 13.569063 -0.126803 0.612110 2.869610
    41 1.327774 -0.766687 12.396328 -0.033211 0.013186 -0.290261
    42 -0.096140 1.828087 23.185329 0.148035 -0.256186 -1.340632
    43 2.325478 -0.000003 6.169296 0.325033 0.370830 1.608006
    44 0.000000 -3.152912 0.122169 2.035948 0.000000 0.000000
    45 1.068383 -10.478592 7.066338 0.292219 -1.282324 -3.141588
    46 0.000000 0.000000 2.279457 0.547137 -0.343566 0.107833
    47 2.479414 -8.323895 6.074242 -0.009236 0.327514 1.561685
    48 0.000005 -5.730469 2.636719 0.000000 0.000000 0.000000
    49 -1.068383 -10.478611 7.065971 0.292219 1.282324 3.141588
    50 -0.000488 0.000015 2.279600 0.547136 0.343566 0.107835
    51 -2.479401 -8.323895 6.074234 0.009296 0.327574 1.581344
    52 -5.790000 4.432083 14.255558 -2.829754 1.282899 0.453014
    53 1.044540 -2.839314 19.743252 -0.427271 0.441519 -0.107531
    54 -2.655510 -1.533379 24.792648 -0.813890 -0.056398 0.390675
    55 -1.120216 -0.154385 9.795983 0.045021 0.016221 -0.417292
    56 -2.240372 -0.308788 19.592047 -0.139069 -0.125091 -0.850938
    57 -0.683205 2.877342 14.167089 -0.954383 0.161935 -1.444281
    58 -0.144958 -0.145317 7.579308 -0.926152 0.233644 -0.032319
    59 -0.038551 -0.936644 4.697678 -0.755323 0.156515 -0.045800
    60 -0.506317 8.500896 13.617329 -0.862984 0.087301 -1.330827
    61 0.385056 -0.460075 7.003435 -0.755171 0.461452 -0.058674
    62 -0.456360 -0.710276 5.057732 -0.544368 0.304298 -0.059867
    63 2.452194 -8.899408 11.597939 -1.300891 0.185797 -1.528651
    64 -0.680515 -0.903999 6.074242 -1.055275 -0.129883 -0.024184
    65 -0.248295 -0.666843 3.386627 -0.909669 -0.125282 0.055312
    66 0.717491 -3.784309 13.044010 -1.167335 0.121731 -1.491131
    67 -1.099228 -1.407673 8.017876 -1.051154 -0.006439 0.003086
    68 -0.064053 -0.807640 3.686100 -0.734867 -0.008762 -0.006760
    69 4.004906 6.172710 4.754800 0.176000 -1.024693 -2.611323
    70 -0.158381 -1.149773 5.804405 -0.476278 0.307423 0.243202
    71 1.078559 -2.386406 5.215008 -0.386901 0.177582 0.094507
    72 6.289963 0.932404 13.569109 -0.126801 -0.612098 -2.869612
    73 -1.327759 -0.766682 12.396324 -0.030906 -0.012646 0.271117
    74 0.000017 -54.999996 0.000000 0.000000 0.000000 -1.570796
  time 21
    0 0.000000 0.000000 -1.500000 0.000000 0.000000 0.000000
    1 -10.521344 -5.760963 66.994621 3.097005 -0.050653 -3.139334
    2 19.004858 2.932677 15.467176 -0.207794 0.361869 0.364251
    3 -0.000034 0.000012 24.761454 -0.921667 -0.106976 -0.193445
    4 0.000017 0.000000 24.344809 1.705413 -0.083788 -0.015673
    5 0.002333 -1.019846 24.031336 0.820009 -0.045910 -0.002490
    6 0.000034 0.000008 13.404741 -0.000001 -0.000009 -0.100681
    7 10.398263 -5.760962 66.994675 3.097005 0.050653 3.139334
    8 22.301295 -5.534099 14.039312 0.765606 -0.658189 0.237704
    9 -0.000004 -0.000006 24.761459 -1.583910 0.183576 -0.620719
    10 -0.000007 0.000004 24.344891 1.620485 0.137502 0.030002
    11 -0.002360 -1.019903 24.031330 0.389594 -0.042695 -0.017219
    12 0.000000 -0.000002 13.404737 0.000001 0.000005 -0.282667
    13 -0.061540 -5.245835 72.927078 0.000000 0.000000 0.000000
    14 -20.491489 -1.346503 -14.808507 -0.007157 0.000021 -0.081435
    15 0.000000 -0.005608 -1.146812 0.137546 0.052478 -0.332590
    16 0.030770 -0.240000 8.906021 -0.004138 0.000000 0.000000
    17 -1.886753 -2.866419 -0.777766 0.516022 -0.175316 -0.294984
    18 0.030770 -0.276858 8.905140 0.056125 0.004134 -0.000049
    19 0.190147 -0.635862 0.080858 0.376361 0.033964 -0.035380
    20 5.669724 4.435303 14.302868 3.085565 -1.307532 0.215824
    21 -1.044571 -2.839317 19.743267 -0.596555 -0.656312 0.192454
    22 2.655533 -1.533369 24.792658 -0.725335 0.146484 -0.572311
    23 1.120163 -0.154394 9.796035 -0.020990 0.000937 -0.182192
    24 2.240311 -0.308786 19.592051 0.039783 0.203401 -0.383383
    25 0.683151 2.877354 14.167051 -0.841630 -0.095053 1.399462
    26 0.144936 -0.145374 7.579252 -0.802884 -0.180641 0.073010
    27 0.091660 -0.906685 4.702850 -0.635046 -0.101507 0.032163
    28 0.506271 8.500866 13.617253 -0.778211 0.122343 1.216543
    29 -0.384987 -0.460049 7.003448 -0.595716 -0.347309 0.147604
    30 0.561516 -0.596954 5.061852 -0.405043 -0.176980 0.042211
    31 -2.452171 -8.899406 11.597897 -1.286276 -0.360908 1.614380
    32 0.680496 -0.903999 6.074253 -0.976262 0.109356 0.014027
    33 0.245514 -0.661150 3.388004 -0.829200 0.111249 -0.046484
    34 -0.717484 -3.784271 13.043911 -1.134340 -0.184769 1.516246
    35 1.099216 -1.407745 8.017889 -1.001644 0.008592 0.002818
    36 0.068439 -0.807653 3.686054 -0.685469 0.007810 0.002856
    37 -4.004929 6.172707 4.754754 0.079404 0.825920 2.501306
    38 0.158352 -1.149811 5.804394 -0.548815 -0.254434 0.179346
    39 -1.083523 -1.463142 5.544399 -0.466786 -0.110790 0.013910
    40 -6.289886 0.932434 13.569063 -0.126803 0.612110 2.869610
    41 1.327774 -0.766687 12.396328 -0.033571 0.013294 -0.293224
    42 -0.096140 1.828087 23.185329 0.148035 -0.256186 -1.340632
    43 2.325478 -0.000003 6.169296 0.327564 0.369586 1.597709
    44 0.000000 -3.152912 0.122169 2.035948 0.000000 0.000000
    45 1.068383 -10.478592 7.066338 0.292219 -1.282324 -3.141588
    46 0.000000 0.000000 2.279457 0.547137 -0.343566 0.107833
    47 2.479414 -8.323895 6.074242 -0.009236 0.327514 1.561685
    48 0.000005 -5.730469 2.636719 0.000000 0.000000 0.000000
    49 -1.068383 -10.478611 7.065971 0.292219 1.282324 3.141588
    50 -0.000488 0.000015 2.279600 0.547136 0.343566 0.107835
    51 -2.479401 -8.323895 6.074234 0.009296 0.327574 1.581344
    52 -5.790000 4.432083 14.255558 -2.833588 1.280947 0.454356
    53 1.044540 -2.839314 19.743252 -0.420314 0.431259 -0.105163
    54 -2.655510 -1.533379 24.792648 -0.803171 -0.059530 0.400519
    55 -1.120216 -0.154385 9.795983 0.045153 0.016293 -0.418571
    56 -2.240372 -0.308788 19.592047 -0.136931 -0.124299 -0.853602
    57 -0.683205 2.877342 14.167089 -0.954383 0.161935 -1.444281
    58 -0.144958 -0.145317 7.579308 -0.926152 0.233644 -0.032319
    59 -0.038551 -0.936644 4.697678 -0.755323 0.156515 -0.045800
    60 -0.506317 8.500896 13.617329 -0.862984 0.087301 -1.330827
    61 0.385056 -0.460075 7.003435 -0.755171 0.461469 -0.058674
    62 -0.456360 -0.710276 5.057732 -0.544368 0.304298 -0.059867
    63 2.452194 -8.899408 11.597939 -1.300891 0.185797 -1.528651
    64 -0.680515 -0.903999 6.074242 -1.055275 -0.129883 -0.024184
    65 -0.248295 -0.666843 3.386627 -0.909669 -0.125282 0.055312
    66 0.717491 -3.784309 13.044010 -1.167335 0.121731 -1.491131
    67 -1.099228 -1.407673 8.017876 -1.051154 -0.006439 0.003086
    68 -0.064053 -0.807640 3.686100 -0.734867 -0.008762 -0.006760
    69 4.004906 6.172710 4.754800 0.176000 -1.024693 -2.611323
    70 -0.158381 -1.149773 5.804405 -0.476278 0.307423 0.243202
    71 1.078559 -2.386406 5.215008 -0.386948 0.177582 0.094507
    72 6.289963 0.932404 13.569109 -0.126801 -0.612098 -2.869612
    73 -1.327759 -0.766682 12.396324 -0.031217 -0.012730 0.273708
    74 0.000017 -54.999996 0.000000 0.000000 0.000000 -1.570796
  time 22
    0 0.000000 0.000000 -1.500000 0.000000 0.000000 0.000000
    1 -10.521344 -5.760963 66.994621 3.097005 -0.050653 -3.139334
    2 19.196270 3.411480 14.996260 -0.194882 0.352822 0.367527
    3 -0.000034 0.000012 24.761454 -0.922846 -0.107108 -0.188600
    4 0.000017 0.000000 24.344809 1.692467 -0.075933 -0.011675
    5 0.002333 -1.019846 24.031336 0.820009 -0.045910 -0.002490
    6 0.000034 0.000008 13.404741 -0.000001 -0.000009 -0.099184
    7 10.398263 -5.760962 66.994675 3.097005 0.050653 3.139334
    8 22.445831 -5.059503 13.589709 0.759805 -0.660018 0.239355
    9 -0.000004 -0.000006 24.761459 -1.552286 0.179933 -0.622047
    10 -0.000007 0.000004 24.344891 1.592345 0.138658 0.032987
    11 -0.002360 -1.019903 24.031330 0.389594 -0.042695 -0.017219
    12 0.000000 -0.000002 13.404737 0.000001 0.000005 -0.282990
    13 -0.061540 -5.245835 72.927078 0.000000 0.000000 0.000000
    14 -20.651650 -0.892321 -14.335354 -0.007157 0.000021 -0.082696
    15 0.000000 -0.005608 -1.146812 0.137546 0.053278 -0.331666
    16 0.030770 -0.240000 8.906021 -0.004138 0.000000 0.000000
    17 -1.902379 -2.874232 -0.781672 0.517411 -0.176101 -0.298019
    18 0.030770 -0.276858 8.905140 0.056125 0.004134 -0.000049
    19 0.186240 -0.631956 0.084765 0.377648 0.031619 -0.036159
    20 5.669724 4.435303 14.302868 3.086905 -1.306405 0.213141
    21 -1.044571 -2.839317 19.743267 -0.590147 -0.656103 0.190959
    22 2.655533 -1.533369 24.792658 -0.730195 0.145908 -0.576517
    23 1.120163 -0.154394 9.796035 -0.020667 0.000949 -0.179329
    24 2.240311 -0.308786 19.592051 0.038173 0.204874 -0.377409
    25 0.683151 2.877354 14.167051 -0.841630 -0.095053 1.399449
    26 0.144936 -0.145374 7.579252 -0.802884 -0.180641 0.073010
    27 0.091660 -0.906685 4.702850 -0.635046 -0.101507 0.032163
    28 0.506271 8.500866 13.617253 -0.778211 0.122343 1.216543
    29 -0.384987 -0.460049 7.003448 -0.595716 -0.347309 0.147604
    30 0.561516 -0.596954 5.061852 -0.405043 -0.176980 0.042211
    31 -2.452171 -8.899406 11.597897 -1.286276 -0.360908 1.614380
    32 0.680496 -0.903999 6.074253 -0.976262 0.109356 0.014027
    33 0.245514 -0.661150 3.388004 -0.829200 0.111249 -0.046484
    34 -0.717484 -3.784271 13.043911 -1.134340 -0.184769 1.516231
    35 1.099216 -1.407745 8.017889 -1.001644 0.008592 0.002818
    36 0.068439 -0.807653 3.686054 -0.685469 0.007810 0.002856
    37 -4.004929 6.172707 4.754754 0.079404 0.825920 2.501306
    38 0.158352 -1.149811 5.804394 -0.548815 -0.254434 0.179346
    39 -1.083523 -1.463142 5.544399 -0.466786 -0.110790 0.013910
    40 -6.289886 0.932434 13.569063 -0.126803 0.612110 2.869610
    41 1.327774 -0.766687 12.396328 -0.033906 0.013366 -0.296086
    42 -0.096140 1.828087 23.185329 0.148035 -0.256186 -1.340632
    43 2.325478 -0.000003 6.169296 0.330190 0.369152 1.589247
    44 0.000000 -3.152912 0.122169 2.035964 0.000000 0.000000
    45 1.068383 -10.478592 7.066338 0.292219 -1.282324 -3.141588
    46 0.000000 0.000000 2.279457 0.547137 -0.343566 0.107833
    47 2.479414 -8.323895 6.074242 -0.009236 0.327514 1.561685
    48 0.000005 -5.730469 2.636719 0.000000 0.000000 0.000000
    49 -1.068383 -10.478611 7.065971 0.292219 1.282324 3.141588
    50 -0.000488 0.000015 2.279600 0.547136 0.343566 0.107835
    51 -2.479401 -8.323895 6.074234 0.009296 0.327527 1.581344
    52 -5.790000 4.432083 14.255558 -2.837039 1.279410 0.455314
    53 1.044540 -2.839314 19.743252 -0.414359 0.421847 -0.103122
    54 -2.655510 -1.533379 24.792648 -0.791596 -0.062869 0.409759
    55 -1.120216 -0.154385 9.795983 0.045213 0.016329 -0.419033
    56 -2.240372 -0.308788 19.592047 -0.132425 -0.123012 -0.854805
    57 -0.683205 2.877342 14.167089 -0.954383 0.161915 -1.444281
    58 -0.144958 -0.145317 7.579308 -0.926152 0.233644 -0.032319
    59 -0.038551 -0.936644 4.697678 -0.755323 0.156515 -0.045800
    60 -0.506317 8.500896 13.617329 -0.862984 0.087301 -1.330827
    61 0.385056 -0.460075 7.003435 -0.755214 0.461469 -0.058689
    62 -0.456360 -0.710276 5.057732 -0.544368 0.304298 -0.059867
    63 2.452194 -8.899408 11.597939 -1.300891 0.185797 -1.528651
    64 -0.680515 -0.903999 6.074242 -1.055275 -0.129883 -0.024184
    65 -0.248295 -0.666843 3.386627 -0.909669 -0.125282 0.055312
    66 0.717491 -3.784309 13.044010 -1.167335 0.121731 -1.491131
    67 -1.099228 -1.407673 8.017876 -1.051154 -0.006439 0.003086
    68 -0.064053 -0.807640 3.686100 -0.734867 -0.008762 -0.006760
    69 4.004906 6.172710 4.754800 0.176000 -1.024693 -2.611323
    70 -0.158381 -1.149773 5.804405 -0.476278 0.307423 0.243202
    71 1.078559 -2.386406 5.215008 -0.386948 0.177612 0.094507
    72 6.289963 0.932404 13.569109 -0.126801 -0.612098 -2.869612
    73 -1.327759 -0.766682 12.396324 -0.031469 -0.012790 0.275882
    74 0.000017 -54.999996 0.000000 0.000000 0.000000 -1.570796
  time 23
    0 0.000000 0.000000 -1.500000 0.000000 0.000000 0.000000
    1 -10.521344 -5.760963 66.994621 3.097005 -0.050653 -3.139334
    2 19.313461 3.902560 14.592619 -0.180262 0.344973 0.370324
    3 -0.000034 0.000012 24.761454 -0.927033 -0.107599 -0.184365
    4 0.000017 0.000000 24.344809 1.681124 -0.069482 -0.008283
    5 0.002333 -1.019846 24.031336 0.820009 -0.045910 -0.002490
    6 0.000034 0.000008 13.404741 -0.000001 -0.000009 -0.098002
    7 10.398263 -5.760962 66.994675 3.097005 0.050653 3.139334
    8 22.527865 -4.559928 13.185065 0.756819 -0.660969 0.239932
    9 -0.000004 -0.000006 24.761459 -1.523743 0.176625 -0.623805
    10 -0.000007 0.000004 24.344891 1.565174 0.138502 0.034332
    11 -0.002360 -1.019903 24.031330 0.389594 -0.042695 -0.017219
    12 0.000000 -0.000002 13.404737 0.000001 0.000005 -0.284170
    13 -0.061540 -5.245835 72.927078 0.000000 0.000000 0.000000
    14 -20.749309 -0.414848 -13.929794 -0.007157 0.000021 -0.084078
    15 0.000000 -0.005608 -1.146812 0.137546 0.054015 -0.330253
    16 0.030770 -0.240000 8.906021 -0.004138 0.000000 0.000000
    17 -1.918004 -2.874232 -0.785578 0.518568 -0.176342 -0.301333
    18 0.030770 -0.276858 8.905140 0.056125 0.004134 -0.000049
    19 0.174521 -0.635862 0.084765 0.378756 0.029500 -0.036926
    20 5.669724 4.435303 14.302868 3.088054 -1.305453 0.210841
    21 -1.044571 -2.839317 19.743267 -0.583396 -0.656938 0.189775
    22 2.655533 -1.533369 24.792658 -0.737572 0.145216 -0.579752
    23 1.120163 -0.154394 9.796035 -0.020271 0.000973 -0.175983
    24 2.240311 -0.308786 19.592051 0.036432 0.205427 -0.370604
    25 0.683151 2.877354 14.167051 -0.841630 -0.095053 1.399462
    26 0.144936 -0.145374 7.579252 -0.802884 -0.180641 0.073010
    27 0.091660 -0.906685 4.702850 -0.635046 -0.101507 0.032163
    28 0.506271 8.500866 13.617253 -0.778149 0.122343 1.216543
    29 -0.384987 -0.460049 7.003448 -0.595716 -0.347309 0.147604
    30 0.561516 -0.596954 5.061852 -0.405043 -0.176980 0.042211
    31 -2.452171 -8.899406 11.597897 -1.286276 -0.360908 1.614380
    32 0.680496 -0.903999 6.074253 -0.976262 0.109356 0.014027
    33 0.245514 -0.661150 3.388004 -0.829200 0.111249 -0.046484
    34 -0.717484 -3.784271 13.043911 -1.134340 -0.184769 1.516246
    35 1.099216 -1.407745 8.017889 -1.001644 0.008592 0.002818
    36 0.068439 -0.807653 3.686054 -0.685469 0.007810 0.002856
    37 -4.004929 6.172707 4.754754 0.079404 0.825920 2.501306
    38 0.158352 -1.149811 5.804394 -0.548815 -0.254434 0.179346
    39 -1.083523 -1.463142 5.544399 -0.466786 -0.110790 0.013910
    40 -6.289886 0.932434 13.569063 -0.126803 0.612110 2.869610
    41 1.327774 -0.766687 12.396328 -0.034242 0.013450 -0.298848
    42 -0.096140 1.828087 23.185329 0.148035 -0.256186 -1.340632
    43 2.325478 -0.000003 6.169296 0.332912 0.369586 1.583021
    44 0.000000 -3.152912 0.122169 2.035948 0.000000 0.000000
    45 1.068383 -10.478592 7.066338 0.292219 -1.282324 -3.141588
    46 0.000000 0.000000 2.279457 0.547137 -0.343566 0.107833
    47 2.479414 -8.323895 6.074242 -0.009236 0.327514 1.561685
    48 0.000005 -5.730469 2.636719 0.000000 0.000000 0.000000
    49 -1.068383 -10.478611 7.065971 0.292219 1.282324 3.141588
    50 -0.000488 0.000015 2.279600 0.547136 0.343566 0.107835
    51 -2.479401 -8.323895 6.074234 0.009296 0.327527 1.581344
    52 -5.790000 4.432083 14.255558 -2.840010 1.278247 0.455793
    53 1.044540 -2.839314 19.743252 -0.409795 0.413198 -0.101380
    54 -2.655510 -1.533379 24.792648 -0.779115 -0.066428 0.418392
    55 -1.120216 -0.154385 9.795983 0.045177 0.016305 -0.418815
    56 -2.240372 -0.308788 19.592047 -0.125705 -0.121230 -0.854805
    57 -0.683205 2.877342 14.167089 -0.954383 0.161935 -1.444281
    58 -0.144958 -0.145317 7.579308 -0.926152 0.233644 -0.032319
    59 -0.038551 -0.936644 4.697678 -0.755323 0.156515 -0.045800
    60 -0.506317 8.500896 13.617329 -0.862984 0.087301 -1.330827
    61 0.385056 -0.460075 7.003435 -0.755171 0.461469 -0.058674
    62 -0.456360 -0.710276 5.057732 -0.544368 0.304298 -0.059867
    63 2.452194 -8.899408 11.597939 -1.300891 0.185797 -1.528651
    64 -0.680515 -0.903999 6.074242 -1.055275 -0.129883 -0.024184
    65 -0.248295 -0.666843 3.386627 -0.909669 -0.125282 0.055312
    66 0.717491 -3.784309 13.044010 -1.167335 0.121719 -1.491131
    67 -1.099228 -1.407673 8.017876 -1.051154 -0.006439 0.003086
    68 -0.064053 -0.807640 3.686100 -0.734867 -0.008762 -0.006760
    69 4.004906 6.172710 4.754800 0.176000 -1.024693 -2.611323
    70 -0.158381 -1.149773 5.804405 -0.476278 0.307423 0.243202
    71 1.078559 -2.386406 5.215008 -0.386948 0.177612 0.094507
    72 6.289963 0.932404 13.569109 -0.126801 -0.612098 -2.869612
    73 -1.327759 -0.766682 12.396324 -0.031697 -0.012850 0.277594
    74 0.000017 -54.999996 0.000000 0.000000 0.000000 -1.570796
  time 24
    0 0.000000 0.000000 -1.500000 0.000000 0.000000 0.000000
    1 -10.521344 -5.760963 66.994621 3.097005 -0.050653 -3.139334
    2 19.368150 4.418193 14.256250 -0.163797 0.338320 0.372726
    3 -0.000034 0.000012 24.761454 -0.934960 -0.108510 -0.180863
    4 0.000017 0.000000 24.344809 1.671939 -0.064344 -0.005431
    5 0.002333 -1.019846 24.031336 0.820009 -0.045910 -0.002490
    6 0.000034 0.000008 13.404741 -0.000001 -0.000009 -0.097285
    7 10.398263 -5.760962 66.994675 3.097005 0.050653 3.139334
    8 22.543490 -4.047864 12.847863 0.757331 -0.661225 0.239107
    9 -0.000004 -0.000006 24.761459 -1.499379 0.173821 -0.626102
    10 -0.000007 0.000004 24.344891 1.539746 0.137191 0.034248
    11 -0.002360 -1.019903 24.031330 0.389594 -0.042695 -0.017219
    12 0.000000 -0.000002 13.404737 0.000001 0.000005 -0.286081
    13 -0.061540 -5.245835 72.927078 0.000000 0.000000 0.000000
    14 -20.780560 0.085917 -13.569297 -0.007157 0.000021 -0.085519
    15 0.000000 -0.005608 -1.146812 0.137546 0.054753 -0.328378
    16 0.030770 -0.240000 8.906021 -0.004138 0.000000 0.000000
    17 -1.929723 -2.874232 -0.785578 0.519515 -0.175975 -0.304807
    18 0.030770 -0.276858 8.905140 0.056125 0.004134 -0.000049
    19 0.170615 -0.635862 0.084765 0.379757 0.027669 -0.037657
    20 5.669724 4.435303 14.302868 3.089011 -1.304713 0.209212
    21 -1.044571 -2.839317 19.743267 -0.576400 -0.658660 0.188844
    22 2.655533 -1.533369 24.792658 -0.747163 0.144409 -0.582097
    23 1.120163 -0.154394 9.796035 -0.019864 0.000985 -0.172396
    24 2.240311 -0.308786 19.592051 0.034561 0.204828 -0.363008
    25 0.683151 2.877354 14.167051 -0.841685 -0.095041 1.399449
    26 0.144936 -0.145374 7.579252 -0.802884 -0.180641 0.073010
    27 0.091660 -0.906685 4.702850 -0.635046 -0.101507 0.032163
    28 0.506271 8.500866 13.617253 -0.778211 0.122321 1.216543
    29 -0.384987 -0.460049 7.003448 -0.595716 -0.347309 0.147604
    30 0.561516 -0.596954 5.061852 -0.405043 -0.176980 0.042211
    31 -2.452171 -8.899406 11.597897 -1.286276 -0.360908 1.614380
    32 0.680496 -0.903999 6.074253 -0.976262 0.109356 0.014027
    33 0.245514 -0.661150 3.388004 -0.829200 0.111249 -0.046484
    34 -0.717484 -3.784271 13.043911 -1.134340 -0.184769 1.516231
    35 1.099216 -1.407745 8.017889 -1.001644 0.008592 0.002818
    36 0.068439 -0.807653 3.686054 -0.685469 0.007822 0.002856
    37 -4.004929 6.172707 4.754754 0.079404 0.825920 2.501306
    38 0.158352 -1.149811 5.804394 -0.548815 -0.254434 0.179346
    39 -1.083523 -1.463142 5.544399 -0.466786 -0.110790 0.013910
    40 -6.289886 0.932434 13.569063 -0.126803 0.612110 2.869610
    41 1.327774 -0.766687 12.396328 -0.034577 0.013522 -0.301610
    42 -0.096140 1.828087 23.185329 0.148035 -0.256186 -1.340632
    43 2.325478 -0.000003 6.169296 0.335682 0.371004 1.579029
    44 0.000000 -3.152912 0.122169 2.035964 0.000000 0.000000
    45 1.068383 -10.478592 7.066338 0.292219 -1.282324 -3.141588
    46 0.000000 0.000000 2.279457 0.547137 -0.343566 0.107833
    47 2.479414 -8.323895 6.074242 -0.009236 0.327514 1.561685
    48 0.000005 -5.730469 2.636719 0.000000 0.000000 0.000000
    49 -1.068383 -10.478611 7.065971 0.292219 1.282324 3.141588
    50 -0.000488 0.000015 2.279600 0.547136 0.343566 0.107835
    51 -2.479401 -8.323895 6.074234 0.009296 0.327574 1.581344
    52 -5.790000 4.432083 14.255558 -2.842407 1.277416 0.455985
    53 1.044540 -2.839314 19.743252 -0.406400 0.405354 -0.099938
    54 -2.655510 -1.533379 24.792648 -0.766282 -0.070156 0.426268
    55 -1.120216 -0.154385 9.795983 0.045081 0.016245 -0.417918
    56 -2.240372 -0.308788 19.592047 -0.116999 -0.119101 -0.853430
    57 -0.683205 2.877342 14.167089 -0.954383 0.161915 -1.444281
    58 -0.144958 -0.145317 7.579308 -0.926152 0.233644 -0.032319
    59 -0.038551 -0.936644 4.697678 -0.755323 0.156515 -0.045800
    60 -0.506317 8.500896 13.617329 -0.862984 0.087301 -1.330827
    61 0.385056 -0.460075 7.003435 -0.755128 0.461452 -0.058689
    62 -0.456360 -0.710276 5.057732 -0.544368 0.304298 -0.059867
    63 2.452194 -8.899408 11.597939 -1.300891 0.185797 -1.528651
    64 -0.680515 -0.903999 6.074242 -1.055275 -0.129883 -0.024184
    65 -0.248295 -0.666843 3.386627 -0.909669 -0.125282 0.055312
    66 0.717491 -3.784309 13.044010 -1.167335 0.121719 -1.491131
    67 -1.099228 -1.407673 8.017876 -1.051154 -0.006439 0.003086
    68 -0.064053 -0.807640 3.686100 -0.734867 -0.008762 -0.006760
    69 4.004906 6.172710 4.754800 0.176000 -1.024693 -2.611323
    70 -0.158381 -1.149773 5.804405 -0.476278 0.307423 0.243202
    71 1.078559 -2.386406 5.215008 -0.386948 0.177612 0.094507
    72 6.289963 0.932404 13.569109 -0.126801 -0.612098 -2.869612
    73 -1.327759 -0.766682 12.396324 -0.031840 -0.012886 0.278982
    74 0.000017 -54.999996 0.000000 0.000000 0.000000 -1.570796
  time 25
    0 0.000000 0.000000 -1.500000 0.000000 0.000000 0.000000
    1 -10.521344 -5.760963 66.994621 3.097005 -0.050653 -3.139334
    2 19.321273 4.933827 13.942307 -0.145966 0.333700 0.374824
    3 -0.000034 0.000012 24.761454 -0.944513 -0.109600 -0.178461
    4 0.000017 0.000000 24.344809 1.663308 -0.061424 -0.003551
    5 0.002333 -1.019846 24.031336 0.820009 -0.045910 -0.002490
    6 0.000034 0.000008 13.404741 -0.000001 -0.000009 -0.097159
    7 10.398263 -5.760962 66.994675 3.097005 0.050653 3.139334
    8 22.457550 -3.510821 12.578101 0.760914 -0.659835 0.237704
    9 -0.000004 -0.000006 24.761459 -1.478645 0.171412 -0.628829
    10 -0.000007 0.000004 24.344891 1.515801 0.133858 0.032020
    11 -0.002360 -1.019903 24.031330 0.389594 -0.042695 -0.017219
    12 0.000000 -0.000002 13.404737 0.000001 0.000005 -0.288915
    13 -0.061540 -5.245835 72.927078 0.000000 0.000000 0.000000
    14 -20.710246 0.598328 -13.253862 -0.007157 0.000021 -0.087200
    15 0.000000 -0.005608 -1.146812 0.137546 0.055568 -0.326013
    16 0.030770 -0.240000 8.906021 -0.004138 0.000000 0.000000
    17 -1.937536 -2.866419 -0.785578 0.520062 -0.174975 -0.308681
    18 0.030770 -0.276858 8.905140 0.056125 0.004134 -0.000049
    19 0.166708 -0.643675 0.088671 0.380579 0.026085 -0.038352
    20 5.669724 4.435303 14.302868 3.089585 -1.304220 0.207966
    21 -1.044571 -2.839317 19.743267 -0.569209 -0.661530 0.188252
    22 2.655533 -1.533369 24.792658 -0.758533 0.143487 -0.583634
    23 1.120163 -0.154394 9.796035 -0.019408 0.000997 -0.168567
    24 2.240311 -0.308786 19.592051 0.032646 0.203124 -0.354661
    25 0.683151 2.877354 14.167051 -0.841630 -0.095041 1.399462
    26 0.144936 -0.145374 7.579252 -0.802884 -0.180641 0.073010
    27 0.091660 -0.906685 4.702850 -0.635046 -0.101507 0.032163
    28 0.506271 8.500866 13.617253 -0.778211 0.122321 1.216543
    29 -0.384987 -0.460049 7.003448 -0.595716 -0.347309 0.147604
    30 0.561516 -0.596954 5.061852 -0.405043 -0.176980 0.042211
    31 -2.452171 -8.899406 11.597897 -1.286276 -0.360908 1.614380
    32 0.680496 -0.903999 6.074253 -0.976262 0.109356 0.014027
    33 0.245514 -0.661150 3.388004 -0.829200 0.111249 -0.046484
    34 -0.717484 -3.784271 13.043911 -1.134340 -0.184769 1.516246
    35 1.099216 -1.407745 8.017889 -1.001644 0.008592 0.002818
    36 0.068439 -0.807653 3.686054 -0.685469 0.007810 0.002856
    37 -4.004929 6.172707 4.754754 0.079404 0.825920 2.501306
    38 0.158352 -1.149811 5.804394 -0.548815 -0.254434 0.179346
    39 -1.083523 -1.463142 5.544399 -0.466786 -0.110790 0.013910
    40 -6.289886 0.932434 13.569063 -0.126803 0.612110 2.869610
    41 1.327774 -0.766687 12.396328 -0.034901 0.013594 -0.304221
    42 -0.096140 1.828087 23.185329 0.148035 -0.256186 -1.340632
    43 2.325478 -0.000003 6.169296 0.338594 0.373073 1.577313
    44 0.000000 -3.152912 0.122169 2.035948 0.000000 0.000000
    45 1.068383 -10.478592 7.066338 0.292219 -1.282324 -3.141588
    46 0.000000 0.000000 2.279457 0.547137 -0.343566 0.107833
    47 2.479414 -8.323895 6.074242 -0.009236 0.327514 1.561685
    48 0.000005 -5.730469 2.636719 0.000000 0.000000 0.000000
    49 -1.068383 -10.478611 7.065971 0.292219 1.282324 3.141588
    50 -0.000488 0.000015 2.279600 0.547136 0.343566 0.107835
    51 -2.479401 -8.323895 6.074234 0.009296 0.327574 1.581344
    52 -5.790000 4.432083 14.255558 -2.843941 1.276876 0.456176
    53 1.044540 -2.839314 19.743252 -0.404452 0.398401 -0.098713
    54 -2.655510 -1.533379 24.792648 -0.753147 -0.074065 0.433235
    55 -1.120216 -0.154385 9.795983 0.044925 0.016161 -0.416367
    56 -2.240372 -0.308788 19.592047 -0.106384 -0.116527 -0.851024
    57 -0.683205 2.877342 14.167089 -0.954432 0.161935 -1.444281
    58 -0.144958 -0.145317 7.579308 -0.926152 0.233644 -0.032319
    59 -0.038551 -0.936644 4.697678 -0.755323 0.156515 -0.045800
    60 -0.506317 8.500896 13.617329 -0.862984 0.087301 -1.330827
    61 0.385056 -0.460075 7.003435 -0.755171 0.461452 -0.058674
    62 -0.456360 -0.710276 5.057732 -0.544368 0.304298 -0.059867
    63 2.452194 -8.899408 11.597939 -1.300891 0.185797 -1.528651
    64 -0.680515 -0.903999 6.074242 -1.055275 -0.129883 -0.024184
    65 -0.248295 -0.666843 3.386627 -0.909669 -0.125282 0.055312
    66 0.717491 -3.784309 13.044010 -1.167384 0.121731 -1.491131
    67 -1.099228 -1.407673 8.017876 -1.051154 -0.006439 0.003086
    68 -0.064053 -0.807640 3.686100 -0.734867 -0.008762 -0.006760
    69 4.004906 6.172710 4.754800 0.176000 -1.024693 -2.611323
    70 -0.158381 -1.149773 5.804405 -0.476278 0.307423 0.243202
    71 1.078559 -2.386406 5.215008 -0.386948 0.177612 0.094507
    72 6.289963 0.932404 13.569109 -0.126801 -0.612098 -2.869612
    73 -1.327759 -0.766682 12.396324 -0.031948 -0.012910 0.279722
    74 0.000017 -54.999996 0.000000 0.000000 0.000000 -1.570796
  time 26
    0 0.000000 0.000000 -1.500000 0.000000 0.000000 0.000000
    1 -10.521344 -5.760963 66.994621 3.097005 -0.050653 -3.139334
    2 19.129861 5.449461 13.650788 -0.127041 0.331584 0.376528
    3 -0.000034 0.000012 24.761454 -0.953253 -0.110619 -0.177484
    4 0.000017 0.000000 24.344809 1.653506 -0.061198 -0.003119
    5 0.002333 -1.019846 24.031336 0.820009 -0.045910 -0.002490
    6 0.000034 0.000008 13.404741 -0.000001 -0.000009 -0.097749
    7 10.398263 -5.760962 66.994675 3.097005 0.050653 3.139334
    8 22.230981 -2.986268 12.330819 0.767142 -0.655555 0.235806
    9 -0.000004 -0.000006 24.761459 -1.460606 0.169339 -0.631988
    10 -0.000007 0.000004 24.344891 1.493471 0.127770 0.027186
    11 -0.002360 -1.019903 24.031330 0.389594 -0.042695 -0.017219
    12 0.000000 -0.000002 13.404737 0.000001 0.000005 -0.292801
    13 -0.061540 -5.245835 72.927078 0.000000 0.000000 0.000000
    14 -20.495395 1.110738 -12.960957 -0.007157 0.000021 -0.089182
    15 0.000000 -0.005608 -1.146812 0.137578 0.056603 -0.323214
    16 0.030770 -0.240000 8.906021 -0.004138 0.000000 0.000000
    17 -1.945349 -2.862513 -0.785578 0.520020 -0.173265 -0.312834
    18 0.030770 -0.276858 8.905140 0.056125 0.004134 -0.000049
    19 0.162802 -0.639769 0.088671 0.381437 0.024851 -0.039023
    20 5.669724 4.435303 14.302868 3.089776 -1.304044 0.207678
    21 -1.044571 -2.839317 19.743267 -0.561479 -0.665496 0.187914
    22 2.655533 -1.533369 24.792658 -0.771552 0.142488 -0.584281
    23 1.120163 -0.154394 9.796035 -0.018941 0.001021 -0.164359
    24 2.240311 -0.308786 19.592051 0.030731 0.199947 -0.345640
    25 0.683151 2.877354 14.167051 -0.841630 -0.095053 1.399462
    26 0.144936 -0.145374 7.579252 -0.802884 -0.180641 0.073010
    27 0.091660 -0.906685 4.702850 -0.635046 -0.101507 0.032163
    28 0.506271 8.500866 13.617253 -0.778211 0.122321 1.216543
    29 -0.384987 -0.460049 7.003448 -0.595716 -0.347309 0.147604
    30 0.561516 -0.596954 5.061852 -0.405043 -0.176980 0.042211
    31 -2.452171 -8.899406 11.597897 -1.286276 -0.360908 1.614380
    32 0.680496 -0.903999 6.074253 -0.976262 0.109356 0.014027
    33 0.245514 -0.661150 3.388004 -0.829200 0.111249 -0.046484
    34 -0.717484 -3.784271 13.043911 -1.134340 -0.184769 1.516231
    35 1.099216 -1.407745 8.017889 -1.001644 0.008592 0.002818
    36 0.068439 -0.807653 3.686054 -0.685469 0.007810 0.002856
    37 -4.004929 6.172707 4.754754 0.079404 0.825920 2.501306
    38 0.158352 -1.149811 5.804394 -0.548815 -0.254434 0.179346
    39 -1.083523 -1.463142 5.544399 -0.466786 -0.110790 0.013910
    40 -6.289886 0.932434 13.569063 -0.126803 0.612110 2.869610
    41 1.327774 -0.766687 12.396328 -0.035201 0.013641 -0.306732
    42 -0.096140 1.828087 23.185329 0.148035 -0.256186 -1.340632
    43 2.325478 -0.000003 6.169296 0.341507 0.375388 1.577553
    44 0.000000 -3.152912 0.122169 2.035948 0.000000 0.000000
    45 1.068383 -10.478592 7.066338 0.292219 -1.282324 -3.141588
    46 0.000000 0.000000 2.279457 0.547137 -0.343566 0.107833
    47 2.479414 -8.323895 6.074242 -0.009236 0.327514 1.561685
    48 0.000005 -5.730469 2.636719 0.000000 0.000000 0.000000
    49 -1.068383 -10.478611 7.065971 0.292219 1.282324 3.141588
    50 -0.000488 0.000015 2.279600 0.547136 0.343566 0.107835
    51 -2.479401 -8.323895 6.074234 0.009296 0.327574 1.581344
    52 -5.790000 4.432083 14.255558 -2.844324 1.276710 0.456081
    53 1.044540 -2.839314 19.743252 -0.404007 0.392508 -0.097761
    54 -2.655510 -1.533379 24.792648 -0.740012 -0.078129 0.438990
    55 -1.120216 -0.154385 9.795983 0.044721 0.016017 -0.414300
    56 -2.240372 -0.308788 19.592047 -0.094318 -0.113755 -0.847416
    57 -0.683205 2.877342 14.167089 -0.954383 0.161935 -1.444281
    58 -0.144958 -0.145317 7.579308 -0.926152 0.233644 -0.032319
    59 -0.038551 -0.936644 4.697678 -0.755323 0.156515 -0.045800
    60 -0.506317 8.500896 13.617329 -0.862984 0.087301 -1.330827
    61 0.385056 -0.460075 7.003435 -0.755171 0.461452 -0.058674
    62 -0.456360 -0.710276 5.057732 -0.544368 0.304298 -0.059867
    63 2.452194 -8.899408 11.597939 -1.300891 0.185797 -1.528651
    64 -0.680515 -0.903999 6.074242 -1.055275 -0.129883 -0.024184
    65 -0.248295 -0.666843 3.386627 -0.909669 -0.125282 0.055312
    66 0.717491 -3.784309 13.044010 -1.167335 0.121731 -1.491131
    67 -1.099228 -1.407673 8.017876 -1.051154 -0.006439 0.003086
    68 -0.064053 -0.807640 3.686100 -0.734867 -0.008762 -0.006760
    69 4.004906 6.172710 4.754800 0.176000 -1.024693 -2.611323
    70 -0.158381 -1.149773 5.804405 -0.476278 0.307423 0.243202
    71 1.078559 -2.386406 5.215008 -0.386948 0.177612 0.094507
    72 6.289963 0.932404 13.569109 -0.126801 -0.612098 -2.869612
    73 -1.327759 -0.766682 12.396324 -0.031972 -0.012910 0.279907
    74 0.000017 -54.999996 0.000000 0.000000 0.000000 -1.570796
  time 27
    0 0.000000 0.000000 -1.500000 0.000000 0.000000 0.000000
    1 -10.521344 -5.760963 66.994621 3.097005 -0.050653 -3.139334
    2 18.805633 5.977371 13.381693 -0.107092 0.331974 0.377969
    3 -0.000034 0.000012 24.761454 -0.961831 -0.111626 -0.177810
    4 0.000017 0.000000 24.344809 1.642903 -0.063597 -0.004048
    5 0.002333 -1.019846 24.031336 0.820009 -0.045910 -0.002490
    6 0.000034 0.000008 13.404741 -0.000001 -0.000009 -0.099057
    7 10.398263 -5.760962 66.994675 3.097005 0.050653 3.139334
    8 21.879408 -2.436735 12.106017 0.776014 -0.648824 0.233578
    9 -0.000004 -0.000006 24.761459 -1.445756 0.167613 -0.635325
    10 -0.000007 0.000004 24.344891 1.472753 0.119126 0.020061
    11 -0.002360 -1.019903 24.031330 0.389594 -0.042695 -0.017219
    12 0.000000 -0.000002 13.404737 0.000001 0.000005 -0.297567
    13 -0.061540 -5.245835 72.927078 0.000000 0.000000 0.000000
    14 -20.151635 1.623149 -12.690584 -0.007157 0.000021 -0.091404
    15 0.000000 -0.005608 -1.146812 0.137578 0.057858 -0.320062
    16 0.030770 -0.240000 8.906021 -0.004138 0.000000 0.000000
    17 -1.945349 -2.854700 -0.781672 0.519389 -0.170835 -0.317267
    18 0.030770 -0.276858 8.905140 0.056125 0.004134 -0.000049
    19 0.154989 -0.643675 0.080858 0.382152 0.023884 -0.039634
    20 5.669724 4.435303 14.302868 3.089872 -1.304079 0.207774
    21 -1.044571 -2.839317 19.743267 -0.553408 -0.670297 0.187688
    22 2.655533 -1.533369 24.792658 -0.785873 0.141335 -0.584119
    23 1.120163 -0.154394 9.796035 -0.018438 0.001033 -0.160013
    24 2.240311 -0.308786 19.592051 0.029034 0.195020 -0.336066
    25 0.683151 2.877354 14.167051 -0.841630 -0.095053 1.399462
    26 0.144936 -0.145374 7.579252 -0.802884 -0.180641 0.073010
    27 0.091660 -0.906685 4.702850 -0.635046 -0.101507 0.032163
    28 0.506271 8.500866 13.617253 -0.778211 0.122321 1.216543
    29 -0.384987 -0.460049 7.003448 -0.595716 -0.347309 0.147604
    30 0.561516 -0.596954 5.061852 -0.405043 -0.176980 0.042211
    31 -2.452171 -8.899406 11.597897 -1.286276 -0.360908 1.614380
    32 0.680496 -0.903999 6.074253 -0.976262 0.109356 0.014027
    33 0.245514 -0.661150 3.388004 -0.829200 0.111249 -0.046484
    34 -0.717484 -3.784271 13.043911 -1.134340 -0.184769 1.516246
    35 1.099216 -1.407745 8.017889 -1.001644 0.008592 0.002818
    36 0.068439 -0.807653 3.686054 -0.685469 0.007810 0.002856
    37 -4.004929 6.172707 4.754754 0.079404 0.825920 2.501306
    38 0.158352 -1.149811 5.804394 -0.548815 -0.254434 0.179346
    39 -1.083523 -1.463142 5.544399 -0.466786 -0.110790 0.013910
    40 -6.289886 0.932434 13.569063 -0.126803 0.612110 2.869610
    41 1.327774 -0.766687 12.396328 -0.035452 0.013701 -0.308992
    42 -0.096140 1.828087 23.185329 0.148035 -0.256186 -1.340632
    43 2.325478 -0.000003 6.169296 0.344468 0.377790 1.579588
    44 0.000000 -3.152912 0.122169 2.035948 0.000000 0.000000
    45 1.068383 -10.478592 7.066338 0.292219 -1.282324 -3.141588
    46 0.000000 0.000000 2.279457 0.547137 -0.343566 0.107833
    47 2.479414 -8.323895 6.074242 -0.009236 0.327514 1.561685
    48 0.000005 -5.730469 2.636719 0.000000 0.000000 0.000000
    49 -1.068383 -10.478611 7.065971 0.292219 1.282324 3.141588
    50 -0.000488 0.000015 2.279600 0.547136 0.343566 0.107835
    51 -2.479401 -8.323895 6.074234 0.009296 0.327574 1.581344
    52 -5.790000 4.432083 14.255558 -2.844324 1.276793 0.456081
    53 1.044540 -2.839314 19.743252 -0.404731 0.387590 -0.096971
    54 -2.655510 -1.533379 24.792648 -0.727028 -0.082322 0.443686
    55 -1.120216 -0.154385 9.795983 0.044470 0.015861 -0.411688
    56 -2.240372 -0.308788 19.592047 -0.080572 -0.110933 -0.842862
    57 -0.683205 2.877342 14.167089 -0.954432 0.161915 -1.444281
    58 -0.144958 -0.145317 7.579308 -0.926152 0.233644 -0.032319
    59 -0.038551 -0.936644 4.697678 -0.755323 0.156515 -0.045800
    60 -0.506317 8.500896 13.617329 -0.862984 0.087301 -1.330827
    61 0.385056 -0.460075 7.003435 -0.755128 0.461452 -0.058689
    62 -0.456360 -0.710276 5.057732 -0.544368 0.304298 -0.059867
    63 2.452194 -8.899408 11.597939 -1.300891 0.185797 -1.528651
    64 -0.680515 -0.903999 6.074242 -1.055275 -0.129883 -0.024184
    65 -0.248295 -0.666843 3.386627 -0.909669 -0.125282 0.055312
    66 0.717491 -3.784309 13.044010 -1.167335 0.121731 -1.491131
    67 -1.099228 -1.407673 8.017876 -1.051154 -0.006439 0.003086
    68 -0.064053 -0.807640 3.686100 -0.734867 -0.008762 -0.006760
    69 4.004906 6.172710 4.754800 0.176000 -1.024693 -2.611323
    70 -0.158381 -1.149773 5.804405 -0.476278 0.307423 0.243202
    71 1.078559 -2.386406 5.215008 -0.386948 0.177612 0.094507
    72 6.289963 0.932404 13.569109 -0.126801 -0.612098 -2.869612
    73 -1.327759 -0.766682 12.396324 -0.031924 -0.012898 0.279537
    74 0.000017 -54.999996 0.000000 0.000000 0.000000 -1.570796
  time 28
    0 0.000000 0.000000 -1.500000 0.000000 0.000000 0.000000
    1 -10.521344 -5.760963 66.994621 3.097005 -0.050653 -3.139334
    2 18.372026 6.505282 13.157448 -0.086186 0.334646 0.379236
    3 -0.000034 0.000012 24.761454 -0.970571 -0.112620 -0.179275
    4 0.000017 0.000000 24.344809 1.632053 -0.068441 -0.006295
    5 0.002333 -1.019846 24.031336 0.820009 -0.045910 -0.002490
    6 0.000034 0.000008 13.404741 -0.000001 -0.000009 -0.101061
    7 10.398263 -5.760962 66.994675 3.097005 0.050653 3.139334
    8 21.418456 -1.899692 11.948656 0.787616 -0.640045 0.231020
    9 -0.000004 -0.000006 24.761459 -1.434317 0.166295 -0.638806
    10 -0.000007 0.000004 24.344891 1.453972 0.108216 0.010854
    11 -0.002360 -1.019903 24.031330 0.389594 -0.042695 -0.017219
    12 0.000000 -0.000002 13.404737 0.000001 0.000005 -0.303149
    13 -0.061540 -5.245835 72.927078 0.000000 0.000000 0.000000
    14 -19.694590 2.147205 -12.465273 -0.007157 0.000021 -0.093926
    15 0.000000 -0.005608 -1.146812 0.137578 0.059301 -0.316502
    16 0.030770 -0.240000 8.906021 -0.004138 0.000000 0.000000
    17 -1.941442 -2.842981 -0.777766 0.518189 -0.167657 -0.321739
    18 0.030770 -0.276858 8.905140 0.056125 0.004134 -0.000049
    19 0.151083 -0.643675 0.080858 0.382831 0.023267 -0.040197
    20 5.669724 4.435303 14.302868 3.090064 -1.304149 0.207870
    21 -1.044571 -2.839317 19.743267 -0.544993 -0.675724 0.187547
    22 2.655533 -1.533369 24.792658 -0.801235 0.140067 -0.583067
    23 1.120163 -0.154394 9.796035 -0.017898 0.001045 -0.155460
    24 2.240311 -0.308786 19.592051 0.027424 0.188482 -0.325978
    25 0.683151 2.877354 14.167051 -0.841685 -0.095053 1.399462
    26 0.144936 -0.145374 7.579252 -0.802884 -0.180641 0.073010
    27 0.091660 -0.906685 4.702850 -0.635046 -0.101507 0.032163
    28 0.506271 8.500866 13.617253 -0.778211 0.122321 1.216543
    29 -0.384987 -0.460049 7.003448 -0.595716 -0.347309 0.147604
    30 0.561516 -0.596954 5.061852 -0.405043 -0.176980 0.042211
    31 -2.452171 -8.899406 11.597897 -1.286276 -0.360908 1.614380
    32 0.680496 -0.903999 6.074253 -0.976262 0.109356 0.014027
    33 0.245514 -0.661150 3.388004 -0.829200 0.111249 -0.046484
    34 -0.717484 -3.784271 13.043911 -1.134340 -0.184769 1.516231
    35 1.099216 -1.407745 8.017889 -1.001644 0.008592 0.002818
    36 0.068439 -0.807653 3.686054 -0.685469 0.007810 0.002856
    37 -4.004929 6.172707 4.754754 0.079404 0.825920 2.501306
    38 0.158352 -1.149811 5.804394 -0.548815 -0.254434 0.179346
    39 -1.083523 -1.463142 5.544399 -0.466786 -0.110790 0.013910
    40 -6.289886 0.932434 13.569063 -0.126803 0.612110 2.869610
    41 1.327774 -0.766687 12.396328 -0.035716 0.013761 -0.311000
    42 -0.096140 1.828087 23.185329 0.148035 -0.256186 -1.340632
    43 2.325478 -0.000003 6.169296 0.347381 0.380235 1.583420
    44 0.000000 -3.152912 0.122169 2.035948 0.000000 0.000000
    45 1.068383 -10.478592 7.066338 0.292219 -1.282324 -3.141588
    46 0.000000 0.000000 2.279457 0.547137 -0.343566 0.107833
    47 2.479414 -8.323895 6.074242 -0.009236 0.327514 1.561685
    48 0.000005 -5.730469 2.636719 0.000000 0.000000 0.000000
    49 -1.068383 -10.478611 7.065971 0.292219 1.282324 3.141588
    50 -0.000488 0.000015 2.279600 0.547136 0.343566 0.107835
    51 -2.479401 -8.323895 6.074234 0.009296 0.327574 1.581344
    52 -5.790000 4.432083 14.255558 -2.843941 1.277001 0.455889
    53 1.044540 -2.839314 19.743252 -0.406233 0.383732 -0.096427
    54 -2.655510 -1.533379 24.792648 -0.714497 -0.086632 0.447472
    55 -1.120216 -0.154385 9.795983 0.044170 0.015694 -0.408641
    56 -2.240372 -0.308788 19.592047 -0.065909 -0.107963 -0.837105
    57 -0.683205 2.877342 14.167089 -0.954383 0.161915 -1.444281
    58 -0.144958 -0.145317 7.579308 -0.926152 0.233644 -0.032319
    59 -0.038551 -0.936644 4.697678 -0.755323 0.156515 -0.045800
    60 -0.506317 8.500896 13.617329 -0.862984 0.087301 -1.330827
    61 0.385056 -0.460075 7.003435 -0.755214 0.461452 -0.058674
    62 -0.456360 -0.710276 5.057732 -0.544368 0.304298 -0.059867
    63 2.452194 -8.899408 11.597939 -1.300891 0.185797 -1.528651
    64 -0.680515 -0.903999 6.074242 -1.055275 -0.129883 -0.024184
    65 -0.248295 -0.666843 3.386627 -0.909669 -0.125282 0.055312
    66 0.717491 -3.784309 13.044010 -1.167335 0.121731 -1.491131
    67 -1.099228 -1.407673 8.017876 -1.051154 -0.006439 0.003086
    68 -0.064053 -0.807640 3.686100 -0.734867 -0.008762 -0.006760
    69 4.004906 6.172710 4.754800 0.176000 -1.024693 -2.611323
    70 -0.158381 -1.149773 5.804405 -0.476278 0.307423 0.243202
    71 1.078559 -2.386406 5.215008 -0.386948 0.177582 0.094507
    72 6.289963 0.932404 13.569109 -0.126801 -0.612098 -2.869612
    73 -1.327759 -0.766682 12.396324 -0.031828 -0.012874 0.278797
    74 0.000017 -54.999996 0.000000 0.000000 0.000000 -1.570796
  time 29
    0 0.000000 0.000000 -1.500000 0.000000 0.000000 0.000000
    1 -10.521344 -5.760963 66.994621 3.097005 -0.050653 -3.139334
    2 17.817321 7.020916 12.955627 -0.064119 0.339601 0.380372
    3 -0.000034 0.000012 24.761454 -0.980042 -0.113711 -0.181881
    4 0.000017 0.000000 24.344809 1.621388 -0.075616 -0.009817
    5 0.002333 -1.019846 24.031336 0.820009 -0.045910 -0.002490
    6 0.000034 0.000008 13.404741 -0.000001 -0.000009 -0.103719
    7 10.398263 -5.760962 66.994675 3.097005 0.050653 3.139334
    8 20.844220 -1.350160 11.858735 0.802204 -0.629509 0.227802
    9 -0.000004 -0.000006 24.761459 -1.426397 0.165384 -0.642503
    10 -0.000007 0.000004 24.344891 1.437063 0.095217 -0.000243
    11 -0.002360 -1.019903 24.031330 0.389594 -0.042695 -0.017219
    12 0.000000 -0.000002 13.404737 0.000001 0.000005 -0.309504
    13 -0.061540 -5.245835 72.927078 0.000000 0.000000 0.000000
    14 -19.120353 2.659616 -12.285024 -0.007157 0.000021 -0.096749
    15 0.000000 -0.005608 -1.146812 0.137642 0.060807 -0.312589
    16 0.030770 -0.240000 8.906021 -0.004138 0.000000 0.000000
    17 -1.929723 -2.831262 -0.769953 0.516506 -0.163707 -0.326252
    18 0.030770 -0.276858 8.905140 0.056125 0.004134 -0.000049
    19 0.151083 -0.647582 0.080858 0.383260 0.022876 -0.040701
    20 5.669724 4.435303 14.302868 3.090159 -1.304255 0.208349
    21 -1.044571 -2.839317 19.743267 -0.537411 -0.682247 0.187914
    22 2.655533 -1.533369 24.792658 -0.817205 0.138722 -0.581127
    23 1.120163 -0.154394 9.796035 -0.017359 0.001045 -0.150734
    24 2.240311 -0.308786 19.592051 0.025944 0.180470 -0.315414
    25 0.683151 2.877354 14.167051 -0.841630 -0.095053 1.399462
    26 0.144936 -0.145374 7.579252 -0.802884 -0.180641 0.073010
    27 0.091660 -0.906685 4.702850 -0.635046 -0.101507 0.032163
    28 0.506271 8.500866 13.617253 -0.778211 0.122321 1.216543
    29 -0.384987 -0.460049 7.003448 -0.595716 -0.347309 0.147604
    30 0.561516 -0.596954 5.061852 -0.405043 -0.176980 0.042211
    31 -2.452171 -8.899406 11.597897 -1.286276 -0.360908 1.614380
    32 0.680496 -0.903999 6.074253 -0.976262 0.109356 0.014027
    33 0.245514 -0.661150 3.388004 -0.829200 0.111249 -0.046484
    34 -0.717484 -3.784271 13.043911 -1.134340 -0.184769 1.516246
    35 1.099216 -1.407745 8.017889 -1.001644 0.008592 0.002818
    36 0.068439 -0.807653 3.686054 -0.685469 0.007810 0.002856
    37 -4.004929 6.172707 4.754754 0.079404 0.825920 2.501306
    38 0.158352 -1.149811 5.804394 -0.548815 -0.254434 0.179346
    39 -1.083523 -1.463142 5.544399 -0.466786 -0.110790 0.013910
    40 -6.289886 0.932434 13.569063 -0.126803 0.612110 2.869610
    41 1.327774 -0.766687 12.396328 -0.035932 0.013809 -0.312808
    42 -0.096140 1.828087 23.185329 0.148035 -0.256186 -1.340632
    43 2.325478 -0.000003 6.169296 0.350389 0.382637 1.588888
    44 0.000000 -3.152912 0.122169 2.035948 0.000000 0.000000
    45 1.068383 -10.478592 7.066338 0.292219 -1.282324 -3.141588
    46 0.000000 0.000000 2.279457 0.547137 -0.343566 0.107833
    47 2.479414 -8.323895 6.074242 -0.009236 0.327514 1.561685
    48 0.000005 -5.730469 2.636719 0.000000 0.000000 0.000000
    49 -1.068383 -10.478611 7.065971 0.292219 1.282324 3.141588
    50 -0.000488 0.000015 2.279600 0.547136 0.343566 0.107835
    51 -2.479401 -8.323895 6.074234 0.009296 0.327574 1.581344
    52 -5.790000 4.432083 14.255558 -2.843270 1.277333 0.455601
    53 1.044540 -2.839314 19.743252 -0.408515 0.380891 -0.096073
    54 -2.655510 -1.533379 24.792648 -0.702721 -0.091072 0.450350
    55 -1.120216 -0.154385 9.795983 0.043835 0.015490 -0.405213
    56 -2.240372 -0.308788 19.592047 -0.050025 -0.105042 -0.830489
    57 -0.683205 2.877342 14.167089 -0.954383 0.161935 -1.444281
    58 -0.144958 -0.145317 7.579308 -0.926152 0.233656 -0.032319
    59 -0.038551 -0.936644 4.697678 -0.755323 0.156515 -0.045800
    60 -0.506317 8.500896 13.617329 -0.862984 0.087301 -1.330827
    61 0.385056 -0.460075 7.003435 -0.755171 0.461469 -0.058674
    62 -0.456360 -0.710276 5.057732 -0.544368 0.304298 -0.059867
    63 2.452194 -8.899408 11.597939 -1.300891 0.185797 -1.528651
    64 -0.680515 -0.903999 6.074242 -1.055275 -0.129883 -0.024184
    65 -0.248295 -0.666843 3.386627 -0.909669 -0.125282 0.055312
    66 0.717491 -3.784309 13.044010 -1.167335 0.121719 -1.491131
    67 -1.099228 -1.407673 8.017876 -1.051154 -0.006439 0.003086
    68 -0.064053 -0.807640 3.686100 -0.734867 -0.008762 -0.006760
    69 4.004906 6.172710 4.754800 0.176000 -1.024693 -2.611323
    70 -0.158381 -1.149773 5.804405 -0.476278 0.307423 0.243202
    71 1.078559 -2.386406 5.215008 -0.386948 0.177612 0.094507
    72 6.289963 0.932404 13.569109 -0.126801 -0.612098 -2.869612
    73 -1.327759 -0.766682 12.396324 -0.031685 -0.012838 0.277548
    74 0.000017 -54.999996 0.000000 0.000000 0.000000 -1.570796
  time 30
    0 0.000000 0.000000 -1.500000 0.000000 0.000000 0.000000
    1 -10.521344 -5.760963 66.994621 3.097005 -0.050653 -3.139334
    2 17.168864 7.536549 12.821080 -0.041164 0.346615 0.381464
    3 -0.000034 0.000012 24.761454 -0.990530 -0.114934 -0.185465
    4 0.000017 0.000000 24.344809 1.611278 -0.084987 -0.014635
    5 0.002333 -1.019846 24.031336 0.820009 -0.045910 -0.002490
    6 0.000034 0.000008 13.404741 -0.000001 -0.000009 -0.107009
    7 10.398263 -5.760962 66.994675 3.097005 0.050653 3.139334
    8 20.172324 -0.813117 11.813775 0.819522 -0.617401 0.224089
    9 -0.000004 -0.000006 24.761459 -1.422272 0.164892 -0.646307
    10 -0.000007 0.000004 24.344891 1.422219 0.080285 -0.013128
    11 -0.002360 -1.019903 24.031330 0.389594 -0.042695 -0.017219
    12 0.000000 -0.000002 13.404737 0.000001 0.000005 -0.316546
    13 -0.061540 -5.245835 72.927078 0.000000 0.000000 0.000000
    14 -18.452364 3.183672 -12.194900 -0.007157 0.000021 -0.099692
    15 0.000000 -0.005608 -1.146812 0.137642 0.062423 -0.308404
    16 0.030770 -0.240000 8.906021 -0.004138 0.000000 0.000000
    17 -1.914098 -2.819543 -0.758234 0.514317 -0.158934 -0.330644
    18 0.030770 -0.276858 8.905140 0.056125 0.004134 -0.000049
    19 0.143270 -0.651488 0.084765 0.383224 0.022732 -0.041108
    20 5.669724 4.435303 14.302868 3.090351 -1.304396 0.208733
    21 -1.044571 -2.839317 19.743267 -0.531393 -0.690179 0.189098
    22 2.655533 -1.533369 24.792658 -0.833566 0.137338 -0.577730
    23 1.120163 -0.154394 9.796035 -0.016796 0.001057 -0.145836
    24 2.240311 -0.308786 19.592051 0.024334 0.171031 -0.304495
    25 0.683151 2.877354 14.167051 -0.841630 -0.095041 1.399462
    26 0.144936 -0.145374 7.579252 -0.802884 -0.180641 0.073010
    27 0.091660 -0.906685 4.702850 -0.635046 -0.101507 0.032163
    28 0.506271 8.500866 13.617253 -0.778211 0.122321 1.216543
    29 -0.384987 -0.460049 7.003448 -0.595716 -0.347309 0.147604
    30 0.561516 -0.596954 5.061852 -0.405043 -0.176980 0.042211
    31 -2.452171 -8.899406 11.597897 -1.286276 -0.360908 1.614380
    32 0.680496 -0.903999 6.074253 -0.976262 0.109356 0.014027
    33 0.245514 -0.661150 3.388004 -0.829200 0.111249 -0.046484
    34 -0.717484 -3.784271 13.043911 -1.134340 -0.184769 1.516246
    35 1.099216 -1.407745 8.017889 -1.001644 0.008592 0.002818
    36 0.068439 -0.807653 3.686054 -0.685469 0.007810 0.002856
    37 -4.004929 6.172707 4.754754 0.079404 0.825920 2.501306
    38 0.158352 -1.149811 5.804394 -0.548815 -0.254434 0.179346
    39 -1.083523 -1.463142 5.544399 -0.466786 -0.110790 0.013910
    40 -6.289886 0.932434 13.569063 -0.126803 0.612110 2.869610
    41 1.327774 -0.766687 12.396328 -0.036088 0.013833 -0.314114
    42 -0.096140 1.828087 23.185329 0.148035 -0.256186 -1.340632
    43 2.325478 -0.000003 6.169296 0.353540 0.384851 1.595912
    44 0.000000 -3.152912 0.122169 2.035948 0.000000 0.000000
    45 1.068383 -10.478592 7.066338 0.292219 -1.282324 -3.141588
    46 0.000000 0.000000 2.279457 0.547137 -0.343566 0.107833
    47 2.479414 -8.323895 6.074242 -0.009236 0.327514 1.561685
    48 0.000005 -5.730469 2.636719 0.000000 0.000000 0.000000
    49 -1.068383 -10.478611 7.065971 0.292219 1.282324 3.141588
    50 -0.000488 0.000015 2.279600 0.547136 0.343566 0.107835
    51 -2.479401 -8.323895 6.074234 0.009296 0.327574 1.581344
    52 -5.790000 4.432083 14.255558 -2.842215 1.277790 0.455314
    53 1.044540 -2.839314 19.743252 -0.411576 0.379450 -0.095937
    54 -2.655510 -1.533379 24.792648 -0.691901 -0.095524 0.452016
    55 -1.120216 -0.154385 9.795983 0.043463 0.015262 -0.401405
    56 -2.240372 -0.308788 19.592047 -0.033148 -0.102270 -0.823014
    57 -0.683205 2.877342 14.167089 -0.954432 0.161915 -1.444281
    58 -0.144958 -0.145317 7.579308 -0.926152 0.233644 -0.032319
    59 -0.038551 -0.936644 4.697678 -0.755323 0.156515 -0.045800
    60 -0.506317 8.500896 13.617329 -0.862984 0.087301 -1.330827
    61 0.385056 -0.460075 7.003435 -0.755128 0.461452 -0.058689
    62 -0.456360 -0.710276 5.057732 -0.544368 0.304298 -0.059867
    63 2.452194 -8.899408 11.597939 -1.300891 0.185797 -1.528651
    64 -0.680515 -0.903999 6.074242 -1.055275 -0.129883 -0.024184
    65 -0.248295 -0.666843 3.386627 -0.909669 -0.125282 0.055312
    66 0.717491 -3.784309 13.044010 -1.167384 0.121731 -1.491131
    67 -1.099228 -1.407673 8.017876 -1.051154 -0.006439 0.003086
    68 -0.064053 -0.807640 3.686100 -0.734867 -0.008762 -0.006760
    69 4.004906 6.172710 4.754800 0.176000 -1.024693 -2.611323
    70 -0.158381 -1.149773 5.804405 -0.476278 0.307423 0.243202
    71 1.078559 -2.386406 5.215008 -0.386948 0.177612 0.094507
    72 6.289963 0.932404 13.569109 -0.126801 -0.612098 -2.869612
    73 -1.327759 -0.766682 12.396324 -0.031493 -0.012790 0.275836
    74 0.000017 -54.999996 0.000000 0.000000 0.000000 -1.570796
  time 31
    0 0.000000 0.000000 -1.500000 0.000000 0.000000 0.000000
    1 -10.521344 -5.760963 66.994621 3.097005 -0.050653 -3.139334
    2 16.422747 8.039906 12.753806 -0.016979 0.355661 0.382513
    3 -0.000034 0.000012 24.761454 -1.002522 -0.116336 -0.189984
    4 0.000017 0.000000 24.344809 1.602339 -0.096441 -0.020685
    5 0.002333 -1.019846 24.031336 0.820009 -0.045910 -0.002490
    6 0.000034 0.000008 13.404741 -0.000001 -0.000009 -0.110996
    7 10.398263 -5.760962 66.994675 3.097005 0.050653 3.139334
    8 19.418395 -0.276074 11.858735 0.839741 -0.604159 0.219963
    9 -0.000004 -0.000006 24.761459 -1.422162 0.164892 -0.650218
    10 -0.000007 0.000004 24.344891 1.409569 0.063642 -0.027715
    11 -0.002360 -1.019903 24.031330 0.389594 -0.042695 -0.017219
    12 0.000000 -0.000002 13.404737 0.000001 0.000005 -0.324383
    13 -0.061540 -5.245835 72.927078 0.000000 0.000000 0.000000
    14 -17.690622 3.696082 -12.149838 -0.007157 0.000021 -0.102694
    15 0.000000 -0.005608 -1.146812 0.137674 0.064038 -0.303920
    16 0.030770 -0.240000 8.906021 -0.004138 0.000000 0.000000
    17 -1.894566 -2.807824 -0.750421 0.511750 -0.153363 -0.334797
    18 0.030770 -0.276858 8.905140 0.056125 0.004134 -0.000049
    19 0.139364 -0.647582 0.076952 0.382831 0.022835 -0.041444
    20 5.669724 4.435303 14.302868 3.090829 -1.304572 0.209403
    21 -1.044571 -2.839317 19.743267 -0.527039 -0.699468 0.191044
    22 2.655533 -1.533369 24.792658 -0.849883 0.135801 -0.573039
    23 1.120163 -0.154394 9.796035 -0.016208 0.001057 -0.140869
    24 2.240311 -0.308786 19.592051 0.022637 0.160302 -0.293378
    25 0.683151 2.877354 14.167051 -0.841685 -0.095041 1.399449
    26 0.144936 -0.145374 7.579252 -0.802884 -0.180641 0.073010
    27 0.091660 -0.906685 4.702850 -0.635046 -0.101507 0.032163
    28 0.506271 8.500866 13.617253 -0.778211 0.122321 1.216543
    29 -0.384987 -0.460049 7.003448 -0.595716 -0.347309 0.147604
    30 0.561516 -0.596954 5.061852 -0.405043 -0.176980 0.042211
    31 -2.452171 -8.899406 11.597897 -1.286276 -0.360908 1.614380
    32 0.680496 -0.903999 6.074253 -0.976262 0.109356 0.014027
    33 0.245514 -0.661150 3.388004 -0.829200 0.111249 -0.046484
    34 -0.717484 -3.784271 13.043911 -1.134340 -0.184769 1.516231
    35 1.099216 -1.407745 8.017889 -1.001644 0.008592 0.002818
    36 0.068439 -0.807653 3.686054 -0.685469 0.007822 0.002856
    37 -4.004929 6.172707 4.754754 0.079404 0.825920 2.501306
    38 0.158352 -1.149811 5.804394 -0.548815 -0.254434 0.179346
    39 -1.083523 -1.463142 5.544399 -0.466786 -0.110790 0.013910
    40 -6.289886 0.932434 13.569063 -0.126803 0.612110 2.869610
    41 1.327774 -0.766687 12.396328 -0.036183 0.013857 -0.314917
    42 -0.096140 1.828087 23.185329 0.148035 -0.256186 -1.340632
    43 2.325478 -0.000003 6.169296 0.356787 0.386775 1.604334
    44 0.000000 -3.152912 0.122169 2.035948 0.000000 0.000000
    45 1.068383 -10.478592 7.066338 0.292219 -1.282324 -3.141588
    46 0.000000 0.000000 2.279457 0.547137 -0.343566 0.107833
    47 2.479414 -8.323895 6.074242 -0.009236 0.327514 1.561685
    48 0.000005 -5.730469 2.636719 0.000000 0.000000 0.000000
    49 -1.068383 -10.478611 7.065971 0.292219 1.282324 3.141588
    50 -0.000488 0.000015 2.279600 0.547136 0.343566 0.107835
    51 -2.479401 -8.323895 6.074234 0.009296 0.327527 1.581344
    52 -5.790000 4.432083 14.255558 -2.841065 1.278330 0.454739
    53 1.044540 -2.839314 19.743252 -0.415305 0.379280 -0.096046
    54 -2.655510 -1.533379 24.792648 -0.682188 -0.100093 0.452698
    55 -1.120216 -0.154385 9.795983 0.043056 0.015010 -0.397379
    56 -2.240372 -0.308788 19.592047 -0.015660 -0.099646 -0.814766
    57 -0.683205 2.877342 14.167089 -0.954383 0.161915 -1.444281
    58 -0.144958 -0.145317 7.579308 -0.926152 0.233644 -0.032319
    59 -0.038551 -0.936644 4.697678 -0.755323 0.156515 -0.045800
    60 -0.506317 8.500896 13.617329 -0.862984 0.087301 -1.330827
    61 0.385056 -0.460075 7.003435 -0.755171 0.461452 -0.058674
    62 -0.456360 -0.710276 5.057732 -0.544368 0.304298 -0.059867
    63 2.452194 -8.899408 11.597939 -1.300891 0.185797 -1.528651
    64 -0.680515 -0.903999 6.074242 -1.055275 -0.129883 -0.024184
    65 -0.248295 -0.666843 3.386627 -0.909669 -0.125282 0.055312
    66 0.717491 -3.784309 13.044010 -1.167335 0.121731 -1.491131
    67 -1.099228 -1.407673 8.017876 -1.051154 -0.006439 0.003086
    68 -0.064053 -0.807640 3.686100 -0.734867 -0.008762 -0.006760
    69 4.004906 6.172710 4.754800 0.176000 -1.024693 -2.611323
    70 -0.158381 -1.149773 5.804405 -0.476278 0.307423 0.243202
    71 1.078559 -2.386406 5.215008 -0.386948 0.177582 0.094507
    72 6.289963 0.932404 13.569109 -0.126801 -0.612098 -2.869612
    73 -1.327759 -0.766682 12.396324 -0.031217 -0.012718 0.273708
    74 0.000017 -54.999996 0.000000 0.000000 0.000000 -1.570796
  time 32
    0 0.000000 0.000000 -1.500000 0.000000 0.000000 0.000000
    1 -10.521344 -5.760963 66.994621 3.097005 -0.050653 -3.139334
    2 15.586784 8.530985 12.821080 0.009392 0.366768 0.383824
    3 -0.000034 0.000012 24.761454 -1.019636 -0.118301 -0.195726
    4 0.000017 0.000000 24.344809 1.597099 -0.110021 -0.028075
    5 0.002333 -1.019846 24.031336 0.820009 -0.045910 -0.002490
    6 0.000034 0.000008 13.404741 -0.000001 -0.000009 -0.115890
    7 10.398263 -5.760962 66.994675 3.097005 0.050653 3.139334
    8 18.582432 0.235990 12.038577 0.865078 -0.590990 0.214517
    9 -0.000004 -0.000006 24.761459 -1.429587 0.165731 -0.655027
    10 -0.000007 0.000004 24.344891 1.400275 0.045688 -0.044361
    11 -0.002360 -1.019903 24.031330 0.389594 -0.042695 -0.017219
    12 0.000000 -0.000002 13.404737 0.000001 0.000005 -0.333464
    13 -0.061540 -5.245835 72.927078 0.000000 0.000000 0.000000
    14 -16.846846 4.208493 -12.239962 -0.007157 0.000021 -0.105937
    15 0.000000 -0.005608 -1.146812 0.137674 0.065716 -0.299246
    16 0.030770 -0.240000 8.906021 -0.004138 0.000000 0.000000
    17 -1.871128 -2.792198 -0.730889 0.508698 -0.146931 -0.338711
    18 0.030770 -0.276858 8.905140 0.056125 0.004134 -0.000049
    19 0.135457 -0.647582 0.076952 0.382044 0.023205 -0.041660
    20 5.669724 4.435303 14.302868 3.091212 -1.304784 0.210074
    21 -1.044571 -2.839317 19.743267 -0.524055 -0.709644 0.193582
    22 2.655533 -1.533369 24.792658 -0.866070 0.134226 -0.567297
    23 1.120163 -0.154394 9.796035 -0.015633 0.001057 -0.135764
    24 2.240311 -0.308786 19.592051 0.020896 0.148514 -0.282063
    25 0.683151 2.877354 14.167051 -0.841630 -0.095053 1.399462
    26 0.144936 -0.145374 7.579252 -0.802884 -0.180641 0.073010
    27 0.091660 -0.906685 4.702850 -0.635046 -0.101507 0.032163
    28 0.506271 8.500866 13.617253 -0.778211 0.122343 1.216543
    29 -0.384987 -0.460049 7.003448 -0.595716 -0.347309 0.147604
    30 0.561516 -0.596954 5.061852 -0.405043 -0.176980 0.042211
    31 -2.452171 -8.899406 11.597897 -1.286276 -0.360908 1.614380
    32 0.680496 -0.903999 6.074253 -0.976262 0.109356 0.014027
    33 0.245514 -0.661150 3.388004 -0.829200 0.111249 -0.046484
    34 -0.717484 -3.784271 13.043911 -1.134340 -0.184769 1.516231
    35 1.099216 -1.407745 8.017889 -1.001644 0.008592 0.002818
    36 0.068439 -0.807653 3.686054 -0.685469 0.007810 0.002856
    37 -4.004929 6.172707 4.754754 0.079404 0.825920 2.501306
    38 0.158352 -1.149811 5.804394 -0.548815 -0.254434 0.179346
    39 -1.083523 -1.463142 5.544399 -0.466786 -0.110790 0.013910
    40 -6.289886 0.932434 13.569063 -0.126803 0.612110 2.869610
    41 1.327774 -0.766687 12.396328 -0.036243 0.013869 -0.315419
    42 -0.096140 1.828087 23.185329 0.148035 -0.256186 -1.340632
    43 2.325478 -0.000003 6.169296 0.359939 0.388367 1.614192
    44 0.000000 -3.152912 0.122169 2.035948 0.000000 0.000000
    45 1.068383 -10.478592 7.066338 0.292219 -1.282324 -3.141588
    46 0.000000 0.000000 2.279457 0.547137 -0.343566 0.107833
    47 2.479414 -8.323895 6.074242 -0.009236 0.327514 1.561685
    48 0.000005 -5.730469 2.636719 0.000000 0.000000 0.000000
    49 -1.068383 -10.478611 7.065971 0.292219 1.282324 3.141588
    50 -0.000488 0.000015 2.279600 0.547136 0.343566 0.107835
    51 -2.479401 -8.323895 6.074234 0.009296 0.327574 1.581344
    52 -5.790000 4.432083 14.255558 -2.839723 1.279036 0.454260
    53 1.044540 -2.839314 19.743252 -0.419813 0.380552 -0.096427
    54 -2.655510 -1.533379 24.792648 -0.673985 -0.104675 0.452319
    55 -1.120216 -0.154385 9.795983 0.042612 0.014771 -0.393026
    56 -2.240372 -0.308788 19.592047 0.002363 -0.097369 -0.805658
    57 -0.683205 2.877342 14.167089 -0.954432 0.161915 -1.444281
    58 -0.144958 -0.145317 7.579308 -0.926152 0.233644 -0.032319
    59 -0.038551 -0.936644 4.697678 -0.755323 0.156515 -0.045800
    60 -0.506317 8.500896 13.617329 -0.862984 0.087301 -1.330827
    61 0.385056 -0.460075 7.003435 -0.755128 0.461452 -0.058674
    62 -0.456360 -0.710276 5.057732 -0.544368 0.304298 -0.059867
    63 2.452194 -8.899408 11.597939 -1.300891 0.185797 -1.528651
    64 -0.680515 -0.903999 6.074242 -1.055275 -0.129883 -0.024184
    65 -0.248295 -0.666843 3.386627 -0.909669 -0.125282 0.055312
    66 0.717491 -3.784309 13.044010 -1.167335 0.121731 -1.491131
    67 -1.099228 -1.407673 8.017876 -1.051154 -0.006439 0.003086
    68 -0.064053 -0.807640 3.686100 -0.734867 -0.008762 -0.006760
    69 4.004906 6.172710 4.754800 0.176000 -1.024693 -2.611323
    70 -0.158381 -1.149773 5.804405 -0.476278 0.307423 0.243202
    71 1.078559 -2.386406 5.215008 -0.386948 0.177612 0.094507
    72 6.289963 0.932404 13.569109 -0.126801 -0.612098 -2.869612
    73 -1.327759 -0.766682 12.396324 -0.030918 -0.012646 0.271117
    74 0.000017 -54.999996 0.000000 0.000000 0.000000 -1.570796
  time 33
    0 0.000000 0.000000 -1.500000 0.000000 0.000000 0.000000
    1 -10.521344 -5.760963 66.994621 3.097005 -0.050653 -3.139334
    2 14.680507 9.022065 13.022901 0.038428 0.379906 0.385440
    3 -0.000034 0.000012 24.761454 -1.043621 -0.121082 -0.202892
    4 0.000017 0.000000 24.344809 1.597223 -0.125775 -0.037020
    5 0.002333 -1.019846 24.031336 0.820009 -0.045910 -0.002490
    6 0.000034 0.000008 13.404741 -0.000001 -0.000009 -0.121859
    7 10.398263 -5.760962 66.994675 3.097005 0.050653 3.139334
    8 17.699592 0.760544 12.375779 0.896472 -0.578406 0.207173
    9 -0.000004 -0.000006 24.761459 -1.445866 0.167637 -0.661092
    10 -0.000007 0.000004 24.344891 1.394983 0.026668 -0.063467
    11 -0.002360 -1.019903 24.031330 0.389594 -0.042695 -0.017219
    12 0.000000 -0.000002 13.404737 0.000001 0.000005 -0.344263
    13 -0.061540 -5.245835 72.927078 0.000000 0.000000 0.000000
    14 -15.944475 4.709258 -12.510335 -0.007157 0.000021 -0.109300
    15 0.000000 -0.005608 -1.146812 0.137706 0.067379 -0.294327
    16 0.030770 -0.240000 8.906021 -0.004138 0.000000 0.000000
    17 -1.839877 -2.776573 -0.719170 0.505205 -0.139652 -0.342105
    18 0.030770 -0.276858 8.905140 0.056125 0.004134 -0.000049
    19 0.131551 -0.647582 0.073045 0.381008 0.023781 -0.041755
    20 5.669724 4.435303 14.302868 3.091499 -1.304995 0.210745
    21 -1.044571 -2.839317 19.743267 -0.522539 -0.720498 0.196769
    22 2.655533 -1.533369 24.792658 -0.881649 0.132574 -0.560423
    23 1.120163 -0.154394 9.796035 -0.015046 0.001057 -0.130659
    24 2.240311 -0.308786 19.592051 0.018894 0.135760 -0.270748
    25 0.683151 2.877354 14.167051 -0.841630 -0.095053 1.399462
    26 0.144936 -0.145374 7.579252 -0.802884 -0.180641 0.073010
    27 0.091660 -0.906685 4.702850 -0.635046 -0.101507 0.032163
    28 0.506271 8.500866 13.617253 -0.778211 0.122321 1.216543
    29 -0.384987 -0.460049 7.003448 -0.595716 -0.347309 0.147604
    30 0.561516 -0.596954 5.061852 -0.405043 -0.176980 0.042211
    31 -2.452171 -8.899406 11.597897 -1.286276 -0.360908 1.614380
    32 0.680496 -0.903999 6.074253 -0.976262 0.109356 0.014027
    33 0.245514 -0.661150 3.388004 -0.829200 0.111249 -0.046484
    34 -0.717484 -3.784271 13.043911 -1.134340 -0.184769 1.516246
    35 1.099216 -1.407745 8.017889 -1.001644 0.008592 0.002818
    36 0.068439 -0.807653 3.686054 -0.685469 0.007810 0.002856
    37 -4.004929 6.172707 4.754754 0.079404 0.825920 2.501306
    38 0.158352 -1.149811 5.804394 -0.548815 -0.254434 0.179346
    39 -1.083523 -1.463142 5.544399 -0.466786 -0.110790 0.013910
    40 -6.289886 0.932434 13.569063 -0.126803 0.612110 2.869610
    41 1.327774 -0.766687 12.396328 -0.036243 0.013869 -0.315520
    42 -0.096140 1.828087 23.185329 0.148035 -0.256186 -1.340632
    43 2.325478 -0.000003 6.169296 0.362947 0.389510 1.625168
    44 0.000000 -3.152912 0.122169 2.035948 0.000000 0.000000
    45 1.068383 -10.478592 7.066338 0.292219 -1.282324 -3.141588
    46 0.000000 0.000000 2.279457 0.547137 -0.343566 0.107833
    47 2.479414 -8.323895 6.074242 -0.009236 0.327514 1.561685
    48 0.000005 -5.730469 2.636719 0.000000 0.000000 0.000000
    49 -1.068383 -10.478611 7.065971 0.292219 1.282324 3.141588
    50 -0.000488 0.000015 2.279600 0.547136 0.343566 0.107835
    51 -2.479401 -8.323895 6.074234 0.009296 0.327574 1.581344
    52 -5.790000 4.432083 14.255558 -2.838189 1.279825 0.453685
    53 1.044540 -2.839314 19.743252 -0.424989 0.383435 -0.097053
    54 -2.655510 -1.533379 24.792648 -0.666839 -0.109230 0.451031
    55 -1.120216 -0.154385 9.795983 0.042181 0.014495 -0.388564
    56 -2.240372 -0.308788 19.592047 0.020767 -0.095488 -0.796207
    57 -0.683205 2.877342 14.167089 -0.954432 0.161935 -1.444281
    58 -0.144958 -0.145317 7.579308 -0.926152 0.233644 -0.032319
    59 -0.038551 -0.936644 4.697678 -0.755323 0.156515 -0.045800
    60 -0.506317 8.500896 13.617329 -0.862984 0.087301 -1.330827
    61 0.385056 -0.460075 7.003435 -0.755128 0.461469 -0.058674
    62 -0.456360 -0.710276 5.057732 -0.544368 0.304298 -0.059867
    63 2.452194 -8.899408 11.597939 -1.300891 0.185797 -1.528651
    64 -0.680515 -0.903999 6.074242 -1.055275 -0.129883 -0.024184
    65 -0.248295 -0.666843 3.386627 -0.909669 -0.125282 0.055312
    66 0.717491 -3.784309 13.044010 -1.167335 0.121731 -1.491131
    67 -1.099228 -1.407673 8.017876 -1.051154 -0.006439 0.003086
    68 -0.064053 -0.807640 3.686100 -0.734867 -0.008762 -0.006760
    69 4.004906 6.172710 4.754800 0.176000 -1.024693 -2.611323
    70 -0.158381 -1.149773 5.804405 -0.476278 0.307423 0.243202
    71 1.078559 -2.386406 5.215008 -0.386948 0.177612 0.094507
    72 6.289963 0.932404 13.569109 -0.126801 -0.612098 -2.869612
    73 -1.327759 -0.766682 12.396324 -0.030558 -0.012574 0.268295
    74 0.000017 -54.999996 0.000000 0.000000 0.000000 -1.570796
  time 34
    0 0.000000 0.000000 -1.500000 0.000000 0.000000 0.000000
    1 -10.521344 -5.760963 66.994621 3.097005 -0.050653 -3.139334
    2 13.707821 9.488591 13.381693 0.069240 0.394797 0.387537
    3 -0.000034 0.000012 24.761454 -1.071588 -0.124317 -0.211361
    4 0.000017 0.000000 24.344809 1.600798 -0.143385 -0.047671
    5 0.002333 -1.019846 24.031336 0.820009 -0.045910 -0.002490
    6 0.000034 0.000008 13.404741 -0.000001 -0.000009 -0.128862
    7 10.398263 -5.760962 66.994675 3.097005 0.050653 3.139334
    8 16.754251 1.247629 12.870343 0.932302 -0.566042 0.198921
    9 -0.000004 -0.000006 24.761459 -1.468580 0.170262 -0.668414
    10 -0.000007 0.000004 24.344891 1.392595 0.006692 -0.085032
    11 -0.002360 -1.019903 24.031330 0.389594 -0.042695 -0.017219
    12 0.000000 -0.000002 13.404737 0.000001 0.000005 -0.356887
    13 -0.061540 -5.245835 72.927078 0.000000 0.000000 0.000000
    14 -14.971789 5.210023 -12.893364 -0.007157 0.000021 -0.112843
    15 0.000000 -0.005608 -1.146812 0.137706 0.069026 -0.289245
    16 0.030770 -0.240000 8.906021 -0.004138 0.000000 0.000000
    17 -1.796907 -2.760947 -0.707451 0.501270 -0.131637 -0.345300
    18 0.030770 -0.276858 8.905140 0.056125 0.004134 -0.000049
    19 0.131551 -0.643675 0.073045 0.379721 0.024645 -0.041767
    20 5.669724 4.435303 14.302868 3.091978 -1.305277 0.211799
    21 -1.044571 -2.839317 19.743267 -0.522147 -0.731978 0.200435
    22 2.655533 -1.533369 24.792658 -0.896404 0.130806 -0.552740
    23 1.120163 -0.154394 9.796035 -0.014459 0.001057 -0.125554
    24 2.240311 -0.308786 19.592051 0.016674 0.122084 -0.259354
    25 0.683151 2.877354 14.167051 -0.841630 -0.095053 1.399449
    26 0.144936 -0.145374 7.579252 -0.802884 -0.180641 0.073010
    27 0.091660 -0.906685 4.702850 -0.635046 -0.101507 0.032163
    28 0.506271 8.500866 13.617253 -0.778211 0.122343 1.216543
    29 -0.384987 -0.460049 7.003448 -0.595716 -0.347309 0.147604
    30 0.561516 -0.596954 5.061852 -0.405043 -0.176980 0.042211
    31 -2.452171 -8.899406 11.597897 -1.286276 -0.360908 1.614380
    32 0.680496 -0.903999 6.074253 -0.976262 0.109356 0.014027
    33 0.245514 -0.661150 3.388004 -0.829200 0.111249 -0.046484
    34 -0.717484 -3.784271 13.043911 -1.134340 -0.184769 1.516231
    35 1.099216 -1.407745 8.017889 -1.001644 0.008592 0.002818
    36 0.068439 -0.807653 3.686054 -0.685540 0.007810 0.002856
    37 -4.004929 6.172707 4.754754 0.079404 0.825920 2.501306
    38 0.158352 -1.149811 5.804394 -0.548815 -0.254434 0.179346
    39 -1.083523 -1.463142 5.544399 -0.466786 -0.110790 0.013910
    40 -6.289886 0.932434 13.569063 -0.126803 0.612110 2.869610
    41 1.327774 -0.766687 12.396328 -0.036207 0.013869 -0.315118
    42 -0.096140 1.828087 23.185329 0.148035 -0.256186 -1.340632
    43 2.325478 -0.000003 6.169296 0.365860 0.390465 1.637501
    44 0.000000 -3.152912 0.122169 2.035948 0.000000 0.000000
    45 1.068383 -10.478592 7.066338 0.292219 -1.282324 -3.141588
    46 0.000000 0.000000 2.279457 0.547137 -0.343566 0.107833
    47 2.479414 -8.323895 6.074242 -0.009236 0.327514 1.561685
    48 0.000005 -5.730469 2.636719 0.000000 0.000000 0.000000
    49 -1.068383 -10.478611 7.065971 0.292219 1.282324 3.141588
    50 -0.000488 0.000015 2.279600 0.547136 0.343566 0.107835
    51 -2.479401 -8.323895 6.074234 0.009296 0.327574 1.581344
    52 -5.790000 4.432083 14.255558 -2.836176 1.280656 0.452823
    53 1.044540 -2.839314 19.743252 -0.430833 0.387675 -0.097951
    54 -2.655510 -1.533379 24.792648 -0.660196 -0.113735 0.448760
    55 -1.120216 -0.154385 9.795983 0.041701 0.014231 -0.383967
    56 -2.240372 -0.308788 19.592047 0.039248 -0.093904 -0.785983
    57 -0.683205 2.877342 14.167089 -0.954383 0.161935 -1.444281
    58 -0.144958 -0.145317 7.579308 -0.926152 0.233656 -0.032319
    59 -0.038551 -0.936644 4.697678 -0.755323 0.156515 -0.045800
    60 -0.506317 8.500896 13.617329 -0.862984 0.087301 -1.330827
    61 0.385056 -0.460075 7.003435 -0.755128 0.461452 -0.058689
    62 -0.456360 -0.710276 5.057732 -0.544368 0.304298 -0.059867
    63 2.452194 -8.899408 11.597939 -1.300891 0.185797 -1.528651
    64 -0.680515 -0.903999 6.074242 -1.055275 -0.129883 -0.024184
    65 -0.248295 -0.666843 3.386627 -0.909669 -0.125282 0.055312
    66 0.717491 -3.784309 13.044010 -1.167335 0.121719 -1.491131
    67 -1.099228 -1.407673 8.017876 -1.051154 -0.006439 0.003086
    68 -0.064053 -0.807640 3.686100 -0.734867 -0.008762 -0.006760
    69 4.004906 6.172710 4.754800 0.176000 -1.024693 -2.611323
    70 -0.158381 -1.149773 5.804405 -0.476278 0.307423 0.243202
    71 1.078559 -2.386406 5.215008 -0.386948 0.177612 0.094507
    72 6.289963 0.932404 13.569109 -0.126801 -0.612098 -2.869612
    73 -1.327759 -0.766682 12.396324 -0.030175 -0.012467 0.265010
    74 0.000017 -54.999996 0.000000 0.000000 0.000000 -1.570796
  time 35
    0 0.000000 0.000000 -1.500000 0.000000 0.000000 0.000000
    1 -10.521344 -5.760963 66.994621 3.097005 -0.050653 -3.139334
    2 12.676539 9.930563 13.830184 0.104219 0.410023 0.390639
    3 -0.000034 0.000012 24.761454 -1.108053 -0.128512 -0.218650
    4 0.000017 0.000000 24.344809 1.607271 -0.157985 -0.057157
    5 0.002333 -1.019846 24.031336 0.821689 -0.045910 -0.002562
    6 0.000034 0.000008 13.404741 -0.000001 -0.000009 -0.136013
    7 10.398263 -5.760962 66.994675 3.097005 0.050653 3.139334
    8 15.769846 1.722225 13.454828 0.971033 -0.553203 0.190587
    9 -0.000004 -0.000006 24.761459 -1.495144 0.173330 -0.676811
    10 -0.000007 0.000004 24.344891 1.391821 -0.013973 -0.108973
    11 -0.002360 -1.019903 24.031330 0.389594 -0.042695 -0.017219
    12 0.000000 -0.000002 13.404737 0.000001 0.000005 -0.371250
    13 -0.061540 -5.245835 72.927078 0.000000 0.000000 0.000000
    14 -13.952227 5.699142 -13.389048 -0.007157 0.000021 -0.116627
    15 0.000000 -0.005608 -1.146812 0.137738 0.070673 -0.284082
    16 0.030770 -0.240000 8.906021 -0.004138 0.000000 0.000000
    17 -1.757843 -2.749228 -0.691826 0.496767 -0.123129 -0.348415
    18 0.030770 -0.276858 8.905140 0.056125 0.004134 -0.000049
    19 0.127645 -0.647582 0.069139 0.378220 0.025797 -0.041720
    20 5.669724 4.435303 14.302868 3.092648 -1.305594 0.212853
    21 -1.044571 -2.839317 19.743267 -0.522979 -0.744346 0.204778
    22 2.655533 -1.533369 24.792658 -0.910117 0.128923 -0.544087
    23 1.120163 -0.154394 9.796035 -0.013859 0.001045 -0.120449
    24 2.240311 -0.308786 19.592051 0.014324 0.107672 -0.248039
    25 0.683151 2.877354 14.167051 -0.841630 -0.095041 1.399462
    26 0.144936 -0.145374 7.579252 -0.802884 -0.180641 0.073010
    27 0.091660 -0.906685 4.702850 -0.635046 -0.101507 0.032163
    28 0.506271 8.500866 13.617253 -0.778211 0.122321 1.216543
    29 -0.384987 -0.460049 7.003448 -0.595716 -0.347309 0.147604
    30 0.561516 -0.596954 5.061852 -0.405043 -0.176980 0.042211
    31 -2.452171 -8.899406 11.597897 -1.286276 -0.360908 1.614380
    32 0.680496 -0.903999 6.074253 -0.976262 0.109356 0.014027
    33 0.245514 -0.661150 3.388004 -0.829200 0.111249 -0.046484
    34 -0.717484 -3.784271 13.043911 -1.134340 -0.184769 1.516231
    35 1.099216 -1.407745 8.017889 -1.001644 0.008592 0.002818
    36 0.068439 -0.807653 3.686054 -0.685469 0.007810 0.002856
    37 -4.004929 6.172707 4.754754 0.079404 0.825920 2.501306
    38 0.158352 -1.149811 5.804394 -0.548815 -0.254434 0.179346
    39 -1.083523 -1.463142 5.544399 -0.466786 -0.110790 0.013910
    40 -6.289886 0.932434 13.569063 -0.126803 0.612110 2.869610
    41 1.327774 -0.766687 12.396328 -0.036112 0.013845 -0.314415
    42 -0.096140 1.828087 23.185329 0.148035 -0.256186 -1.340632
    43 2.325478 -0.000003 6.169296 0.368916 0.391492 1.651191
    44 0.000000 -3.152912 0.122169 2.035948 0.000000 0.000000
    45 1.068383 -10.478592 7.066338 0.292219 -1.282324 -3.141588
    46 0.000000 0.000000 2.279457 0.547137 -0.343566 0.107833
    47 2.479414 -8.323895 6.074242 -0.009236 0.327514 1.561685
    48 0.000005 -5.730469 2.636719 0.000000 0.000000 0.000000
    49 -1.068383 -10.478611 7.065971 0.292219 1.282324 3.141588
    50 -0.000488 0.000015 2.279600 0.547136 0.343566 0.107835
    51 -2.479401 -8.323895 6.074234 0.009296 0.327574 1.581344
    52 -5.790000 4.432083 14.255558 -2.834163 1.281653 0.451960
    53 1.044540 -2.839314 19.743252 -0.437290 0.393017 -0.099176
    54 -2.655510 -1.533379 24.792648 -0.654056 -0.118096 0.445352
    55 -1.120216 -0.154385 9.795983 0.041246 0.013968 -0.379288
    56 -2.240372 -0.308788 19.592047 0.057576 -0.092715 -0.775500
    57 -0.683205 2.877342 14.167089 -0.954432 0.161915 -1.444281
    58 -0.144958 -0.145317 7.579308 -0.926152 0.233644 -0.032319
    59 -0.038551 -0.936644 4.697678 -0.755323 0.156515 -0.045800
    60 -0.506317 8.500896 13.617329 -0.862984 0.087301 -1.330827
    61 0.385056 -0.460075 7.003435 -0.755171 0.461469 -0.058689
    62 -0.456360 -0.710276 5.057732 -0.544368 0.304298 -0.059867
    63 2.452194 -8.899408 11.597939 -1.300891 0.185797 -1.528651
    64 -0.680515 -0.903999 6.074242 -1.055275 -0.129883 -0.024184
    65 -0.248295 -0.666843 3.386627 -0.909669 -0.125282 0.055312
    66 0.717491 -3.784309 13.044010 -1.167335 0.121731 -1.491131
    67 -1.099228 -1.407673 8.017876 -1.051154 -0.006439 0.003086
    68 -0.064053 -0.807640 3.686100 -0.734867 -0.008762 -0.006760
    69 4.004906 6.172710 4.754800 0.176000 -1.024693 -2.611323
    70 -0.158381 -1.149773 5.804405 -0.476278 0.307423 0.243202
    71 1.078559 -2.386406 5.215008 -0.386948 0.177612 0.094507
    72 6.289963 0.932404 13.569109 -0.126801 -0.612098 -2.869612
    73 -1.327759 -0.766682 12.396324 -0.029755 -0.012347 0.261309
    74 0.000017 -54.999996 0.000000 0.000000 0.000000 -1.570796
  time 36
    0 0.000000 0.000000 -1.500000 0.000000 0.000000 0.000000
    1 -10.521344 -5.760963 66.994621 3.097005 -0.050653 -3.139334
    2 11.602288 10.372534 14.345949 0.145005 0.424497 0.395096
    3 -0.000034 0.000012 24.761454 -1.155696 -0.134037 -0.222803
    4 0.000017 0.000000 24.344809 1.615470 -0.165703 -0.062882
    5 0.002333 -1.019846 24.031336 0.826319 -0.045898 -0.002777
    6 0.000034 0.000008 13.404741 -0.000001 -0.000009 -0.142615
    7 10.398263 -5.760962 66.994675 3.097005 0.050653 3.139334
    8 14.742471 2.184332 14.106752 1.010958 -0.539302 0.182583
    9 -0.000004 -0.000006 24.761459 -1.523138 0.176553 -0.685998
    10 -0.000007 0.000004 24.344891 1.391885 -0.035193 -0.135057
    11 -0.002360 -1.019903 24.031330 0.389594 -0.042695 -0.017219
    12 0.000000 -0.000002 13.404737 0.000001 0.000005 -0.387159
    13 -0.061540 -5.245835 72.927078 0.000000 0.000000 0.000000
    14 -12.897507 6.164970 -13.952326 -0.007157 0.000021 -0.120530
    15 0.000000 -0.005608 -1.146812 0.137738 0.072273 -0.278783
    16 0.030770 -0.240000 8.906021 -0.004138 0.000000 0.000000
    17 -1.714873 -2.725790 -0.676200 0.491758 -0.114216 -0.351530
    18 0.030770 -0.276858 8.905140 0.056125 0.004134 -0.000049
    19 0.127645 -0.647582 0.065233 0.376540 0.027299 -0.041612
    20 5.669724 4.435303 14.302868 3.093126 -1.305946 0.213908
    21 -1.044571 -2.839317 19.743267 -0.524887 -0.757444 0.209713
    22 2.655533 -1.533369 24.792658 -0.922485 0.126925 -0.534868
    23 1.120163 -0.154394 9.796035 -0.013272 0.001033 -0.115413
    24 2.240311 -0.308786 19.592051 0.011583 0.092707 -0.236883
    25 0.683151 2.877354 14.167051 -0.841630 -0.095041 1.399462
    26 0.144936 -0.145374 7.579252 -0.802884 -0.180641 0.073010
    27 0.091660 -0.906685 4.702850 -0.635046 -0.101507 0.032163
    28 0.506271 8.500866 13.617253 -0.778211 0.122321 1.216543
    29 -0.384987 -0.460049 7.003448 -0.595716 -0.347309 0.147604
    30 0.561516 -0.596954 5.061852 -0.405043 -0.176980 0.042211
    31 -2.452171 -8.899406 11.597897 -1.286276 -0.360908 1.614380
    32 0.680496 -0.903999 6.074253 -0.976262 0.109356 0.014027
    33 0.245514 -0.661150 3.388004 -0.829200 0.111249 -0.046484
    34 -0.717484 -3.784271 13.043911 -1.134340 -0.184769 1.516246
    35 1.099216 -1.407745 8.017889 -1.001644 0.008592 0.002818
    36 0.068439 -0.807653 3.686054 -0.685469 0.007810 0.002856
    37 -4.004929 6.172707 4.754754 0.079404 0.825920 2.501306
    38 0.158352 -1.149811 5.804394 -0.548815 -0.254434 0.179346
    39 -1.083523 -1.463142 5.544399 -0.466786 -0.110790 0.013910
    40 -6.289886 0.932434 13.569063 -0.126803 0.612110 2.869610
    41 1.327774 -0.766687 12.396328 -0.035980 0.013821 -0.313260
    42 -0.096140 1.828087 23.185329 0.148035 -0.256186 -1.340632
    43 2.325478 -0.000003 6.169296 0.371876 0.392693 1.666278
    44 0.000000 -3.152912 0.122169 2.035948 0.000000 0.000000
    45 1.068383 -10.478592 7.066338 0.292219 -1.282324 -3.141588
    46 0.000000 0.000000 2.279457 0.547137 -0.343566 0.107833
    47 2.479414 -8.323895 6.074242 -0.009236 0.327514 1.561685
    48 0.000005 -5.730469 2.636719 0.000000 0.000000 0.000000
    49 -1.068383 -10.478611 7.065971 0.292219 1.282324 3.141588
    50 -0.000488 0.000015 2.279600 0.547136 0.343566 0.107835
    51 -2.479401 -8.323895 6.074234 0.009296 0.327574 1.581344
    52 -5.790000 4.432083 14.255558 -2.831958 1.282816 0.451098
    53 1.044540 -2.839314 19.743252 -0.444247 0.399461 -0.100618
    54 -2.655510 -1.533379 24.792648 -0.648319 -0.122342 0.440959
    55 -1.120216 -0.154385 9.795983 0.040790 0.013704 -0.374582
    56 -2.240372 -0.308788 19.592047 0.075598 -0.091973 -0.764932
    57 -0.683205 2.877342 14.167089 -0.954383 0.161935 -1.444268
    58 -0.144958 -0.145317 7.579308 -0.926152 0.233644 -0.032319
    59 -0.038551 -0.936644 4.697678 -0.755323 0.156515 -0.045800
    60 -0.506317 8.500896 13.617329 -0.862984 0.087301 -1.330827
    61 0.385056 -0.460075 7.003435 -0.755171 0.461452 -0.058674
    62 -0.456360 -0.710276 5.057732 -0.544368 0.304298 -0.059867
    63 2.452194 -8.899408 11.597939 -1.300891 0.185797 -1.528651
    64 -0.680515 -0.903999 6.074242 -1.055275 -0.129883 -0.024184
    65 -0.248295 -0.666843 3.386627 -0.909669 -0.125282 0.055312
    66 0.717491 -3.784309 13.044010 -1.167335 0.121731 -1.491131
    67 -1.099228 -1.407673 8.017876 -1.051154 -0.006439 0.003086
    68 -0.064053 -0.807640 3.686100 -0.734867 -0.008762 -0.006760
    69 4.004906 6.172710 4.754800 0.176000 -1.024693 -2.611323
    70 -0.158381 -1.149773 5.804405 -0.476278 0.307423 0.243202
    71 1.078559 -2.386406 5.215008 -0.386948 0.177582 0.094507
    72 6.289963 0.932404 13.569109 -0.126801 -0.612098 -2.869612
    73 -1.327759 -0.766682 12.396324 -0.029252 -0.012215 0.257284
    74 0.000017 -54.999996 0.000000 0.000000 0.000000 -1.570796
  time 37
    0 0.000000 0.000000 -1.500000 0.000000 0.000000 0.000000
    1 -10.521344 -5.760963 66.994621 3.097005 -0.050653 -3.139334
    2 10.500692 10.789952 14.884138 0.189481 0.438192 0.400732
    3 -0.000034 0.000012 24.761454 -1.209396 -0.140257 -0.224513
    4 0.000017 0.000000 24.344809 1.622991 -0.168080 -0.065237
    5 0.002333 -1.019846 24.031336 0.833263 -0.045874 -0.003113
    6 0.000034 0.000008 13.404741 -0.000001 -0.000009 -0.148943
    7 10.398263 -5.760962 66.994675 3.097005 0.050653 3.139334
    8 13.695564 2.633949 14.781158 1.050883 -0.524011 0.175734
    9 -0.000004 -0.000006 24.761459 -1.550251 0.179693 -0.695473
    10 -0.000007 0.000004 24.344891 1.391821 -0.056946 -0.162864
    11 -0.002360 -1.019903 24.031330 0.389594 -0.042695 -0.017219
    12 0.000000 -0.000002 13.404737 0.000001 0.000005 -0.404249
    13 -0.061540 -5.245835 72.927078 0.000000 0.000000 0.000000
    14 -11.815443 6.619152 -14.538134 -0.007157 0.000021 -0.124674
    15 0.000000 -0.005608 -1.146812 0.137738 0.073826 -0.273402
    16 0.030770 -0.240000 8.906021 -0.004138 0.000000 0.000000
    17 -1.664090 -2.706258 -0.656668 0.486329 -0.105000 -0.354644
    18 0.030770 -0.276858 8.905140 0.056125 0.004134 -0.000049
    19 0.127645 -0.643675 0.065233 0.374752 0.029253 -0.041408
    20 5.669724 4.435303 14.302868 3.093892 -1.306299 0.215153
    21 -1.044571 -2.839317 19.743267 -0.527675 -0.770751 0.215099
    22 2.655533 -1.533369 24.792658 -0.933074 0.124773 -0.525001
    23 1.120163 -0.154394 9.796035 -0.012709 0.001021 -0.110446
    24 2.240311 -0.308786 19.592051 0.008711 0.077190 -0.225963
    25 0.683151 2.877354 14.167051 -0.841630 -0.095053 1.399462
    26 0.144936 -0.145374 7.579252 -0.802884 -0.180641 0.073010
    27 0.091660 -0.906685 4.702850 -0.635046 -0.101507 0.032163
    28 0.506271 8.500866 13.617253 -0.778211 0.122343 1.216543
    29 -0.384987 -0.460049 7.003448 -0.595716 -0.347309 0.147604
    30 0.561516 -0.596954 5.061852 -0.405043 -0.176980 0.042211
    31 -2.452171 -8.899406 11.597897 -1.286276 -0.360908 1.614380
    32 0.680496 -0.903999 6.074253 -0.976262 0.109356 0.014027
    33 0.245514 -0.661150 3.388004 -0.829200 0.111249 -0.046484
    34 -0.717484 -3.784271 13.043911 -1.134340 -0.184769 1.516246
    35 1.099216 -1.407745 8.017889 -1.001644 0.008592 0.002818
    36 0.068439 -0.807653 3.686054 -0.685469 0.007810 0.002856
    37 -4.004929 6.172707 4.754754 0.079404 0.825920 2.501306
    38 0.158352 -1.149811 5.804394 -0.548815 -0.254434 0.179346
    39 -1.083523 -1.463142 5.544399 -0.466786 -0.110790 0.013910
    40 -6.289886 0.932434 13.569063 -0.126803 0.612110 2.869610
    41 1.327774 -0.766687 12.396328 -0.035800 0.013773 -0.311703
    42 -0.096140 1.828087 23.185329 0.148035 -0.256186 -1.340632
    43 2.325478 -0.000003 6.169296 0.374646 0.393923 1.682603
    44 0.000000 -3.152912 0.122169 2.035948 0.000000 0.000000
    45 1.068383 -10.478592 7.066338 0.292219 -1.282324 -3.141588
    46 0.000000 0.000000 2.279457 0.547137 -0.343566 0.107833
    47 2.479414 -8.323895 6.074242 -0.009236 0.327514 1.561685
    48 0.000005 -5.730469 2.636719 0.000000 0.000000 0.000000
    49 -1.068383 -10.478611 7.065971 0.292219 1.282324 3.141588
    50 -0.000488 0.000015 2.279600 0.547136 0.343566 0.107835
    51 -2.479401 -8.323895 6.074234 0.009296 0.327574 1.581344
    52 -5.790000 4.432083 14.255558 -2.829562 1.283979 0.450044
    53 1.044540 -2.839314 19.743252 -0.451760 0.407050 -0.102387
    54 -2.655510 -1.533379 24.792648 -0.643035 -0.126393 0.435583
    55 -1.120216 -0.154385 9.795983 0.040299 0.013428 -0.369930
    56 -2.240372 -0.308788 19.592047 0.093163 -0.091577 -0.754192
    57 -0.683205 2.877342 14.167089 -0.954432 0.161935 -1.444281
    58 -0.144958 -0.145317 7.579308 -0.926152 0.233644 -0.032319
    59 -0.038551 -0.936644 4.697678 -0.755323 0.156515 -0.045800
    60 -0.506317 8.500896 13.617329 -0.862984 0.087301 -1.330827
    61 0.385056 -0.460075 7.003435 -0.755171 0.461452 -0.058674
    62 -0.456360 -0.710276 5.057732 -0.544368 0.304298 -0.059867
    63 2.452194 -8.899408 11.597939 -1.300891 0.185797 -1.528651
    64 -0.680515 -0.903999 6.074242 -1.055275 -0.129883 -0.024184
    65 -0.248295 -0.666843 3.386627 -0.909669 -0.125282 0.055312
    66 0.717491 -3.784309 13.044010 -1.167335 0.121731 -1.491131
    67 -1.099228 -1.407673 8.017876 -1.051154 -0.006439 0.003086
    68 -0.064053 -0.807640 3.686100 -0.734867 -0.008762 -0.006760
    69 4.004906 6.172710 4.754800 0.176000 -1.024693 -2.611323
    70 -0.158381 -1.149773 5.804405 -0.476278 0.307423 0.243202
    71 1.078559 -2.386406 5.215008 -0.386948 0.177612 0.094507
    72 6.289963 0.932404 13.569109 -0.126801 -0.612098 -2.869612
    73 -1.327759 -0.766682 12.396324 -0.028724 -0.012059 0.252796
    74 0.000017 -54.999996 0.000000 0.000000 0.000000 -1.570796
  time 38
    0 0.000000 0.000000 -1.500000 0.000000 0.000000 0.000000
    1 -10.521344 -5.760963 66.994621 3.097005 -0.050653 -3.139334
    2 9.379564 11.195093 15.422327 0.235733 0.451303 0.407110
    3 -0.000034 0.000012 24.761454 -1.264722 -0.146657 -0.224310
    4 0.000017 0.000000 24.344809 1.627861 -0.166608 -0.064567
    5 0.002333 -1.019846 24.031336 0.842074 -0.045850 -0.003508
    6 0.000034 0.000008 13.404741 -0.000001 -0.000009 -0.155039
    7 10.398263 -5.760962 66.994675 3.097005 0.050653 3.139334
    8 12.625219 3.058588 15.478043 1.100704 -0.518927 0.163109
    9 -0.000004 -0.000006 24.761459 -1.588255 0.184104 -0.713417
    10 -0.000007 0.000004 24.344891 1.381236 -0.069390 -0.185690
    11 -0.002360 -1.019903 24.031330 0.399318 -0.042527 -0.017627
    12 0.000000 -0.000002 13.404737 0.000001 0.000005 -0.428531
    13 -0.061540 -5.245835 72.927078 0.000000 0.000000 0.000000
    14 -10.706034 7.061688 -15.146474 -0.007157 0.000021 -0.128697
    15 0.000000 -0.005608 -1.146812 0.137738 0.075316 -0.267994
    16 0.030770 -0.240000 8.906021 -0.004138 0.000000 0.000000
    17 -1.617214 -2.686726 -0.637136 0.480500 -0.095567 -0.357919
    18 0.030770 -0.276858 8.905140 0.056125 0.004134 -0.000049
    19 0.127645 -0.643675 0.061326 0.372894 0.031845 -0.041108
    20 5.669724 4.435303 14.302868 3.094562 -1.306686 0.216495
    21 -1.044571 -2.839317 19.743267 -0.531344 -0.784528 0.220937
    22 2.655533 -1.533369 24.792658 -0.941840 0.122506 -0.514812
    23 1.120163 -0.154394 9.796035 -0.012158 0.000997 -0.105548
    24 2.240311 -0.308786 19.592051 0.005534 0.061443 -0.215281
    25 0.683151 2.877354 14.167051 -0.841630 -0.095053 1.399462
    26 0.144936 -0.145374 7.579252 -0.802884 -0.180641 0.073010
    27 0.091660 -0.906685 4.702850 -0.635046 -0.101507 0.032163
    28 0.506271 8.500866 13.617253 -0.778211 0.122321 1.216543
    29 -0.384987 -0.460049 7.003448 -0.595716 -0.347309 0.147604
    30 0.561516 -0.596954 5.061852 -0.405043 -0.176980 0.042211
    31 -2.452171 -8.899406 11.597897 -1.286276 -0.360908 1.614380
    32 0.680496 -0.903999 6.074253 -0.976262 0.109356 0.014027
    33 0.245514 -0.661150 3.388004 -0.829200 0.111249 -0.046484
    34 -0.717484 -3.784271 13.043911 -1.134340 -0.184769 1.516246
    35 1.099216 -1.407745 8.017889 -1.001644 0.008592 0.002818
    36 0.068439 -0.807653 3.686054 -0.685469 0.007810 0.002856
    37 -4.004929 6.172707 4.754754 0.079404 0.825920 2.501306
    38 0.158352 -1.149811 5.804394 -0.548815 -0.254434 0.179346
    39 -1.083523 -1.463142 5.544399 -0.466786 -0.110790 0.013910
    40 -6.289886 0.932434 13.569063 -0.126803 0.612110 2.869610
    41 1.327774 -0.766687 12.396328 -0.035572 0.013737 -0.309845
    42 -0.096140 1.828087 23.185329 0.148035 -0.256186 -1.340632
    43 2.325478 -0.000003 6.169296 0.377081 0.395182 1.699845
    44 0.000000 -3.152912 0.122169 2.035948 0.000000 0.000000
    45 1.068383 -10.478592 7.066338 0.292219 -1.282324 -3.141588
    46 0.000000 0.000000 2.279457 0.547137 -0.343566 0.107833
    47 2.479414 -8.323895 6.074242 -0.009236 0.327514 1.561685
    48 0.000005 -5.730469 2.636719 0.000000 0.000000 0.000000
    49 -1.068383 -10.478611 7.065971 0.292219 1.282324 3.141588
    50 -0.000488 0.000015 2.279600 0.547136 0.343566 0.107835
    51 -2.479401 -8.323895 6.074234 0.009296 0.327527 1.581344
    52 -5.790000 4.432083 14.255558 -2.826974 1.285225 0.448990
    53 1.044540 -2.839314 19.743252 -0.459997 0.415784 -0.104510
    54 -2.655510 -1.533379 24.792648 -0.638153 -0.130237 0.429297
    55 -1.120216 -0.154385 9.795983 0.039844 0.013189 -0.365305
    56 -2.240372 -0.308788 19.592047 0.110040 -0.091577 -0.743538
    57 -0.683205 2.877342 14.167089 -0.954432 0.161935 -1.444281
    58 -0.144958 -0.145317 7.579308 -0.926152 0.233644 -0.032319
    59 -0.038551 -0.936644 4.697678 -0.755323 0.156515 -0.045800
    60 -0.506317 8.500896 13.617329 -0.862984 0.087301 -1.330827
    61 0.385056 -0.460075 7.003435 -0.755171 0.461452 -0.058674
    62 -0.456360 -0.710276 5.057732 -0.544368 0.304298 -0.059867
    63 2.452194 -8.899408 11.597939 -1.300891 0.185797 -1.528651
    64 -0.680515 -0.903999 6.074242 -1.055275 -0.129883 -0.024184
    65 -0.248295 -0.666843 3.386627 -0.909669 -0.125282 0.055312
    66 0.717491 -3.784309 13.044010 -1.167335 0.121731 -1.491131
    67 -1.099228 -1.407673 8.017876 -1.051154 -0.006439 0.003086
    68 -0.064053 -0.807640 3.686100 -0.734867 -0.008762 -0.006760
    69 4.004906 6.172710 4.754800 0.176000 -1.024693 -2.611323
    70 -0.158381 -1.149773 5.804405 -0.476278 0.307423 0.243202
    71 1.078559 -2.386406 5.215008 -0.386948 0.177612 0.094507
    72 6.289963 0.932404 13.569109 -0.126801 -0.612098 -2.869612
    73 -1.327759 -0.766682 12.396324 -0.028161 -0.011903 0.248077
    74 0.000017 -54.999996 0.000000 0.000000 0.000000 -1.570796
  time 39
    0 0.000000 0.000000 -1.500000 0.000000 0.000000 0.000000
    1 -10.521344 -5.760963 66.994621 3.097005 -0.050653 -3.139334
    2 8.246717 11.587956 15.915666 0.282190 0.463745 0.414101
    3 -0.000034 0.000012 24.761454 -1.318219 -0.152853 -0.222722
    4 0.000017 0.000000 24.344809 1.629033 -0.162489 -0.061348
    5 0.002333 -1.019846 24.031336 0.851967 -0.045790 -0.003988
    6 0.000034 0.000008 13.404741 -0.000001 -0.000009 -0.160987
    7 10.398263 -5.760962 66.994675 3.097005 0.050653 3.139334
    8 11.547061 3.483227 16.129968 1.157861 -0.523024 0.145038
    9 -0.000004 -0.000006 24.761459 -1.632747 0.189233 -0.739938
    10 -0.000007 0.000004 24.344891 1.359680 -0.074100 -0.203682
    11 -0.002360 -1.019903 24.031330 0.417408 -0.042216 -0.018370
    12 0.000000 -0.000002 13.404737 0.000001 0.000005 -0.460456
    13 -0.061540 -5.245835 72.927078 0.000000 0.000000 0.000000
    14 -9.588812 7.492579 -15.709751 -0.007157 0.000021 -0.132781
    15 0.000000 -0.005608 -1.146812 0.137769 0.076712 -0.262586
    16 0.030770 -0.240000 8.906021 -0.004138 0.000000 0.000000
    17 -1.562524 -2.663288 -0.617605 0.474355 -0.086009 -0.361154
    18 0.030770 -0.276858 8.905140 0.056125 0.004134 -0.000049
    19 0.127645 -0.639769 0.057420 0.370892 0.035013 -0.040749
    20 5.669724 4.435303 14.302868 3.095232 -1.307109 0.218028
    21 -1.044571 -2.839317 19.743267 -0.535894 -0.798304 0.227226
    22 2.655533 -1.533369 24.792658 -0.949087 0.120162 -0.504136
    23 1.120163 -0.154394 9.796035 -0.011594 0.000985 -0.100788
    24 2.240311 -0.308786 19.592051 0.002096 0.045419 -0.204956
    25 0.683151 2.877354 14.167051 -0.841630 -0.095053 1.399462
    26 0.144936 -0.145374 7.579252 -0.802884 -0.180641 0.073010
    27 0.091660 -0.906685 4.702850 -0.635046 -0.101507 0.032163
    28 0.506271 8.500866 13.617253 -0.778211 0.122321 1.216543
    29 -0.384987 -0.460049 7.003448 -0.595716 -0.347309 0.147604
    30 0.561516 -0.596954 5.061852 -0.405043 -0.176980 0.042211
    31 -2.452171 -8.899406 11.597897 -1.286276 -0.360908 1.614380
    32 0.680496 -0.903999 6.074253 -0.976262 0.109356 0.014027
    33 0.245514 -0.661150 3.388004 -0.829200 0.111249 -0.046484
    34 -0.717484 -3.784271 13.043911 -1.134340 -0.184769 1.516231
    35 1.099216 -1.407745 8.017889 -1.001644 0.008592 0.002818
    36 0.068439 -0.807653 3.686054 -0.685469 0.007810 0.002856
    37 -4.004929 6.172707 4.754754 0.079404 0.825920 2.501306
    38 0.158352 -1.149811 5.804394 -0.548815 -0.254434 0.179346
    39 -1.083523 -1.463142 5.544399 -0.466786 -0.110790 0.013910
    40 -6.289886 0.932434 13.569063 -0.126803 0.612110 2.869610
    41 1.327774 -0.766687 12.396328 -0.035321 0.013677 -0.307736
    42 -0.096140 1.828087 23.185329 0.148035 -0.256186 -1.340632
    43 2.325478 -0.000003 6.169296 0.379087 0.396585 1.717965
    44 0.000000 -3.152912 0.122169 2.035948 0.000000 0.000000
    45 1.068383 -10.478592 7.066338 0.292219 -1.282324 -3.141588
    46 0.000000 0.000000 2.279457 0.547137 -0.343566 0.107833
    47 2.479414 -8.323895 6.074242 -0.009236 0.327514 1.561685
    48 0.000005 -5.730469 2.636719 0.000000 0.000000 0.000000
    49 -1.068383 -10.478611 7.065971 0.292219 1.282324 3.141588
    50 -0.000488 0.000015 2.279600 0.547136 0.343566 0.107835
    51 -2.479401 -8.323895 6.074234 0.009296 0.327527 1.581344
    52 -5.790000 4.432083 14.255558 -2.824290 1.286596 0.447649
    53 1.044540 -2.839314 19.743252 -0.468680 0.425620 -0.106959
    54 -2.655510 -1.533379 24.792648 -0.633825 -0.133835 0.422178
    55 -1.120216 -0.154385 9.795983 0.039412 0.012949 -0.360925
    56 -2.240372 -0.308788 19.592047 0.126001 -0.091824 -0.732970
    57 -0.683205 2.877342 14.167089 -0.954432 0.161915 -1.444281
    58 -0.144958 -0.145317 7.579308 -0.926152 0.233644 -0.032319
    59 -0.038551 -0.936644 4.697678 -0.755323 0.156515 -0.045800
    60 -0.506317 8.500896 13.617329 -0.862984 0.087301 -1.330827
    61 0.385056 -0.460075 7.003435 -0.755171 0.461452 -0.058674
    62 -0.456360 -0.710276 5.057732 -0.544368 0.304298 -0.059867
    63 2.452194 -8.899408 11.597939 -1.300891 0.185797 -1.528651
    64 -0.680515 -0.903999 6.074242 -1.055275 -0.129883 -0.024184
    65 -0.248295 -0.666843 3.386627 -0.909669 -0.125282 0.055312
    66 0.717491 -3.784309 13.044010 -1.167335 0.121719 -1.491131
    67 -1.099228 -1.407673 8.017876 -1.051154 -0.006439 0.003086
    68 -0.064053 -0.807640 3.686100 -0.734867 -0.008762 -0.006760
    69 4.004906 6.172710 4.754800 0.176000 -1.024693 -2.611323
    70 -0.158381 -1.149773 5.804405 -0.476278 0.307423 0.243202
    71 1.078559 -2.386406 5.215008 -0.386948 0.177582 0.094507
    72 6.289963 0.932404 13.569109 -0.126801 -0.612098 -2.869612
    73 -1.327759 -0.766682 12.396324 -0.027550 -0.011748 0.243127
    74 0.000017 -54.999996 0.000000 0.000000 0.000000 -1.570796
  time 40
    0 0.000000 0.000000 -1.500000 0.000000 0.000000 0.000000
    1 -10.521344 -5.760963 66.994621 3.097005 -0.050653 -3.139334
    2 7.117776 11.956266 16.386582 0.327759 0.475630 0.421310
    3 -0.000034 0.000012 24.761454 -1.367732 -0.158557 -0.220360
    4 0.000017 0.000000 24.344809 1.626074 -0.157079 -0.056400
    5 0.002333 -1.019846 24.031336 0.862533 -0.045754 -0.004455
    6 0.000034 0.000008 13.404741 -0.000001 -0.000009 -0.166893
    7 10.398263 -5.760962 66.994675 3.097005 0.050653 3.139334
    8 10.464997 3.870397 16.736933 1.202479 -0.515378 0.134971
    9 -0.000004 -0.000006 24.761459 -1.660906 0.192481 -0.758456
    10 -0.000007 0.000004 24.344891 1.344901 -0.087366 -0.227307
    11 -0.002360 -1.019903 24.031330 0.427133 -0.042036 -0.018765
    12 0.000000 -0.000002 13.404737 0.000001 0.000005 -0.487164
    13 -0.061540 -5.245835 72.927078 0.000000 0.000000 0.000000
    14 -8.475497 7.888532 -16.227967 -0.007157 0.000021 -0.136865
    15 0.000000 -0.005608 -1.146812 0.137769 0.078013 -0.257233
    16 0.030770 -0.240000 8.906021 -0.004138 0.000000 0.000000
    17 -1.503929 -2.643756 -0.598073 0.467936 -0.076412 -0.364348
    18 0.030770 -0.276858 8.905140 0.056125 0.004134 -0.000049
    19 0.135457 -0.639769 0.057420 0.368711 0.038675 -0.040293
    20 5.669724 4.435303 14.302868 3.095997 -1.307567 0.219562
    21 -1.044571 -2.839317 19.743267 -0.541177 -0.812290 0.233938
    22 2.655533 -1.533369 24.792658 -0.955727 0.117741 -0.493057
    23 1.120163 -0.154394 9.796035 -0.011067 0.000961 -0.096235
    24 2.240311 -0.308786 19.592051 -0.001516 0.029257 -0.195025
    25 0.683151 2.877354 14.167051 -0.841630 -0.095053 1.399462
    26 0.144936 -0.145374 7.579252 -0.802884 -0.180641 0.073010
    27 0.091660 -0.906685 4.702850 -0.635046 -0.101507 0.032163
    28 0.506271 8.500866 13.617253 -0.778211 0.122321 1.216543
    29 -0.384987 -0.460049 7.003448 -0.595716 -0.347309 0.147604
    30 0.561516 -0.596954 5.061852 -0.405043 -0.176980 0.042211
    31 -2.452171 -8.899406 11.597897 -1.286276 -0.360908 1.614380
    32 0.680496 -0.903999 6.074253 -0.976262 0.109356 0.014027
    33 0.245514 -0.661150 3.388004 -0.829200 0.111249 -0.046484
    34 -0.717484 -3.784271 13.043911 -1.134340 -0.184769 1.516246
    35 1.099216 -1.407745 8.017889 -1.001683 0.008592 0.002818
    36 0.068439 -0.807653 3.686054 -0.685469 0.007810 0.002856
    37 -4.004929 6.172707 4.754754 0.079404 0.825920 2.501306
    38 0.158352 -1.149811 5.804394 -0.548815 -0.254434 0.179346
    39 -1.083523 -1.463142 5.544399 -0.466786 -0.110790 0.013910
    40 -6.289886 0.932434 13.569063 -0.126803 0.612110 2.869610
    41 1.327774 -0.766687 12.396328 -0.035033 0.013618 -0.305376
    42 -0.096140 1.828087 23.185329 0.148035 -0.256186 -1.340632
    43 2.325478 -0.000003 6.169296 0.380615 0.398249 1.736924
    44 0.000000 -3.152912 0.122169 2.035948 0.000000 0.000000
    45 1.068383 -10.478592 7.066338 0.292219 -1.282324 -3.141588
    46 0.000000 0.000000 2.279457 0.547137 -0.343566 0.107833
    47 2.479414 -8.323895 6.074242 -0.009236 0.327514 1.561685
    48 0.000005 -5.730469 2.636719 0.000000 0.000000 0.000000
    49 -1.068383 -10.478611 7.065971 0.292219 1.282324 3.141588
    50 -0.000488 0.000015 2.279600 0.547136 0.343566 0.107835
    51 -2.479401 -8.323895 6.074234 0.009296 0.327574 1.581344
    52 -5.790000 4.432083 14.255558 -2.821222 1.288008 0.446403
    53 1.044540 -2.839314 19.743252 -0.477807 0.436389 -0.109844
    54 -2.655510 -1.533379 24.792648 -0.629648 -0.137135 0.414151
    55 -1.120216 -0.154385 9.795983 0.038969 0.012697 -0.356708
    56 -2.240372 -0.308788 19.592047 0.140816 -0.092369 -0.722917
    57 -0.683205 2.877342 14.167089 -0.954383 0.161935 -1.444281
    58 -0.144958 -0.145317 7.579308 -0.926152 0.233644 -0.032319
    59 -0.038551 -0.936644 4.697678 -0.755323 0.156515 -0.045800
    60 -0.506317 8.500896 13.617329 -0.862984 0.087301 -1.330827
    61 0.385056 -0.460075 7.003435 -0.755171 0.461452 -0.058674
    62 -0.456360 -0.710276 5.057732 -0.544368 0.304298 -0.059867
    63 2.452194 -8.899408 11.597939 -1.300891 0.185797 -1.528651
    64 -0.680515 -0.903999 6.074242 -1.055275 -0.129883 -0.024184
    65 -0.248295 -0.666843 3.386627 -0.909669 -0.125282 0.055312
    66 0.717491 -3.784309 13.044010 -1.167335 0.121719 -1.491131
    67 -1.099228 -1.407673 8.017876 -1.051154 -0.006439 0.003086
    68 -0.064053 -0.807640 3.686100 -0.734867 -0.008762 -0.006760
    69 4.004906 6.172710 4.754800 0.176000 -1.024693 -2.611323
    70 -0.158381 -1.149773 5.804405 -0.476278 0.307423 0.243202
    71 1.078559 -2.386406 5.215008 -0.386948 0.177582 0.094507
    72 6.289963 0.932404 13.569109 -0.126801 -0.612098 -2.869612
    73 -1.327759 -0.766682 12.396324 -0.026963 -0.011568 0.237807
    74 0.000017 -54.999996 0.000000 0.000000 0.000000 -1.570796
  time 41
    0 0.000000 0.000000 -1.500000 0.000000 0.000000 0.000000
    1 -10.521344 -5.760963 66.994621 3.097005 -0.050653 -3.139334
    2 6.004461 12.300022 16.812648 0.371278 0.487182 0.428519
    3 -0.000034 0.000012 24.761454 -1.411066 -0.163579 -0.217836
    4 0.000017 0.000000 24.344809 1.619107 -0.151488 -0.050739
    5 0.002333 -1.019846 24.031336 0.872986 -0.045706 -0.004946
    6 0.000034 0.000008 13.404741 -0.000001 -0.000009 -0.172778
    7 10.398263 -5.760962 66.994675 3.097005 0.050653 3.139334
    8 9.390745 4.245078 17.298937 1.202137 -0.547276 0.119293
    9 -0.000004 -0.000006 24.761459 -1.656891 0.192038 -0.738933
    10 -0.000007 0.000004 24.344891 1.349741 -0.074834 -0.211964
    11 -0.002360 -1.019903 24.031330 0.408375 -0.042371 -0.017998
    12 0.000000 -0.000002 13.404737 0.000001 0.000005 -0.460885
    13 -0.061540 -5.245835 72.927078 0.000000 0.000000 0.000000
    14 -7.377807 8.272840 -16.701120 -0.007157 0.000021 -0.140708
    15 0.000000 -0.005608 -1.146812 0.137769 0.079206 -0.251934
    16 0.030770 -0.240000 8.906021 -0.004138 0.000000 0.000000
    17 -1.453146 -2.616411 -0.578541 0.461287 -0.066841 -0.367583
    18 0.030770 -0.276858 8.905140 0.056125 0.004134 -0.000049
    19 0.139364 -0.639769 0.053514 0.366459 0.042789 -0.039802
    20 5.669724 4.435303 14.302868 3.096954 -1.308025 0.221191
    21 -1.044571 -2.839317 19.743267 -0.547293 -0.826118 0.241016
    22 2.655533 -1.533369 24.792658 -0.961672 0.115358 -0.481492
    23 1.120163 -0.154394 9.796035 -0.010576 0.000949 -0.091889
    24 2.240311 -0.308786 19.592051 -0.005389 0.013095 -0.185609
    25 0.683151 2.877354 14.167051 -0.841630 -0.095041 1.399462
    26 0.144936 -0.145374 7.579252 -0.802884 -0.180641 0.073010
    27 0.091660 -0.906685 4.702850 -0.635046 -0.101507 0.032163
    28 0.506271 8.500866 13.617253 -0.778211 0.122321 1.216543
    29 -0.384987 -0.460049 7.003448 -0.595716 -0.347309 0.147604
    30 0.561516 -0.596954 5.061852 -0.405043 -0.176980 0.042211
    31 -2.452171 -8.899406 11.597897 -1.286276 -0.360908 1.614380
    32 0.680496 -0.903999 6.074253 -0.976262 0.109356 0.014027
    33 0.245514 -0.661150 3.388004 -0.829200 0.111249 -0.046484
    34 -0.717484 -3.784271 13.043911 -1.134340 -0.184769 1.516246
    35 1.099216 -1.407745 8.017889 -1.001644 0.008592 0.002818
    36 0.068439 -0.807653 3.686054 -0.685469 0.007810 0.002856
    37 -4.004929 6.172707 4.754754 0.079404 0.825920 2.501306
    38 0.158352 -1.149811 5.804394 -0.548815 -0.254434 0.179346
    39 -1.083523 -1.463142 5.544399 -0.466786 -0.110790 0.013910
    40 -6.289886 0.932434 13.569063 -0.126803 0.612110 2.869610
    41 1.327774 -0.766687 12.396328 -0.034685 0.013546 -0.302614
    42 -0.096140 1.828087 23.185329 0.148035 -0.256186 -1.340632
    43 2.325478 -0.000003 6.169296 0.381522 0.400304 1.756321
    44 0.000000 -3.152912 0.122169 2.035948 0.000000 0.000000
    45 1.068383 -10.478592 7.066338 0.292219 -1.282324 -3.141588
    46 0.000000 0.000000 2.279457 0.547137 -0.343566 0.107833
    47 2.479414 -8.323895 6.074242 -0.009236 0.327514 1.561685
    48 0.000005 -5.730469 2.636719 0.000000 0.000000 0.000000
    49 -1.068383 -10.478611 7.065971 0.292219 1.282324 3.141588
    50 -0.000488 0.000015 2.279600 0.547136 0.343566 0.107835
    51 -2.479401 -8.323895 6.074234 0.009296 0.327574 1.581344
    52 -5.790000 4.432083 14.255558 -2.818251 1.289545 0.444966
    53 1.044540 -2.839314 19.743252 -0.487380 0.448048 -0.113110
    54 -2.655510 -1.533379 24.792648 -0.625924 -0.140138 0.405442
    55 -1.120216 -0.154385 9.795983 0.038561 0.012494 -0.352764
    56 -2.240372 -0.308788 19.592047 0.154409 -0.093013 -0.713380
    57 -0.683205 2.877342 14.167089 -0.954383 0.161915 -1.444281
    58 -0.144958 -0.145317 7.579308 -0.926152 0.233644 -0.032319
    59 -0.038551 -0.936644 4.697678 -0.755323 0.156515 -0.045800
    60 -0.506317 8.500896 13.617329 -0.862984 0.087301 -1.330827
    61 0.385056 -0.460075 7.003435 -0.755171 0.461452 -0.058674
    62 -0.456360 -0.710276 5.057732 -0.544368 0.304298 -0.059867
    63 2.452194 -8.899408 11.597939 -1.300891 0.185797 -1.528651
    64 -0.680515 -0.903999 6.074242 -1.055275 -0.129883 -0.024184
    65 -0.248295 -0.666843 3.386627 -0.909669 -0.125282 0.055312
    66 0.717491 -3.784309 13.044010 -1.167335 0.121731 -1.491131
    67 -1.099228 -1.407673 8.017876 -1.051154 -0.006439 0.003086
    68 -0.064053 -0.807640 3.686100 -0.734867 -0.008762 -0.006760
    69 4.004906 6.172710 4.754800 0.176000 -1.024693 -2.611323
    70 -0.158381 -1.149773 5.804405 -0.476278 0.307423 0.243202
    71 1.078559 -2.386406 5.215008 -0.386948 0.177582 0.094507
    72 6.289963 0.932404 13.569109 -0.126801 -0.612098 -2.869612
    73 -1.327759 -0.766682 12.396324 -0.026280 -0.011364 0.232440
    74 0.000017 -54.999996 0.000000 0.000000 0.000000 -1.570796
  time 42
    0 0.000000 0.000000 -1.500000 0.000000 0.000000 0.000000
    1 -10.521344 -5.760963 66.994621 3.097005 -0.050653 -3.139334
    2 4.910677 12.631501 17.149016 0.411450 0.498511 0.435290
    3 -0.000034 0.000012 24.761454 -1.446595 -0.167690 -0.215637
    4 0.000017 0.000000 24.344809 1.608319 -0.146916 -0.045597
    5 0.002333 -1.019846 24.031336 0.882880 -0.045670 -0.005402
    6 0.000034 0.000008 13.404741 -0.000001 -0.000009 -0.178706
    7 10.398263 -5.760962 66.994675 3.097005 0.050653 3.139334
    8 8.332119 4.594781 17.793501 1.220991 -0.659213 0.060541
    9 -0.000004 -0.000006 24.761459 -1.677900 0.194446 -0.712950
    10 -0.000007 0.000004 24.344891 1.347288 -0.017306 -0.153427
    11 -0.002360 -1.019903 24.031330 0.389594 -0.042695 -0.017219
    12 0.000000 -0.000002 13.404737 0.000001 0.000005 -0.408178
    13 -0.061540 -5.245835 72.927078 0.000000 0.000000 0.000000
    14 -6.295743 8.633857 -17.151742 -0.007157 0.000021 -0.144311
    15 0.000000 -0.005608 -1.146812 0.137801 0.080241 -0.246716
    16 0.030770 -0.240000 8.906021 -0.004138 0.000000 0.000000
    17 -1.398457 -2.596880 -0.562915 0.454489 -0.057396 -0.370738
    18 0.030770 -0.276858 8.905140 0.056125 0.004134 -0.000049
    19 0.143270 -0.635862 0.049607 0.364065 0.047253 -0.039275
    20 5.669724 4.435303 14.302868 3.097816 -1.308519 0.222820
    21 -1.044571 -2.839317 19.743267 -0.554092 -0.839947 0.248489
    22 2.655533 -1.533369 24.792658 -0.967010 0.112976 -0.469847
    23 1.120163 -0.154394 9.796035 -0.010084 0.000925 -0.087715
    24 2.240311 -0.308786 19.592051 -0.009262 -0.002929 -0.176668
    25 0.683151 2.877354 14.167051 -0.841630 -0.095041 1.399462
    26 0.144936 -0.145374 7.579252 -0.802884 -0.180641 0.073010
    27 0.091660 -0.906685 4.702850 -0.635046 -0.101507 0.032163
    28 0.506271 8.500866 13.617253 -0.778211 0.122343 1.216543
    29 -0.384987 -0.460049 7.003448 -0.595716 -0.347309 0.147604
    30 0.561516 -0.596954 5.061852 -0.405043 -0.176980 0.042211
    31 -2.452171 -8.899406 11.597897 -1.286276 -0.360908 1.614380
    32 0.680496 -0.903999 6.074253 -0.976262 0.109356 0.014027
    33 0.245514 -0.661150 3.388004 -0.829200 0.111249 -0.046484
    34 -0.717484 -3.784271 13.043911 -1.134340 -0.184769 1.516231
    35 1.099216 -1.407745 8.017889 -1.001644 0.008592 0.002818
    36 0.068439 -0.807653 3.686054 -0.685540 0.007810 0.002856
    37 -4.004929 6.172707 4.754754 0.079404 0.825920 2.501306
    38 0.158352 -1.149811 5.804394 -0.548815 -0.254434 0.179346
    39 -1.083523 -1.463142 5.544399 -0.466786 -0.110790 0.013910
    40 -6.289886 0.932434 13.569063 -0.126803 0.612110 2.869610
    41 1.327774 -0.766687 12.396328 -0.034350 0.013462 -0.299601
    42 -0.096140 1.828087 23.185329 0.148035 -0.256186 -1.340632
    43 2.325478 -0.000003 6.169296 0.381808 0.402908 1.776198
    44 0.000000 -3.152912 0.122169 2.035948 0.000000 0.000000
    45 1.068383 -10.478592 7.066338 0.292219 -1.282324 -3.141588
    46 0.000000 0.000000 2.279457 0.547137 -0.343566 0.107833
    47 2.479414 -8.323895 6.074242 -0.009236 0.327514 1.561685
    48 0.000005 -5.730469 2.636719 0.000000 0.000000 0.000000
    49 -1.068383 -10.478611 7.065971 0.292219 1.282324 3.141588
    50 -0.000488 0.000015 2.279600 0.547136 0.343566 0.107835
    51 -2.479401 -8.323895 6.074234 0.009296 0.327574 1.581344
    52 -5.790000 4.432083 14.255558 -2.815087 1.291165 0.443433
    53 1.044540 -2.839314 19.743252 -0.497287 0.460513 -0.116757
    54 -2.655510 -1.533379 24.792648 -0.622452 -0.142791 0.395976
    55 -1.120216 -0.154385 9.795983 0.038226 0.012314 -0.349119
    56 -2.240372 -0.308788 19.592047 0.166628 -0.093755 -0.704444
    57 -0.683205 2.877342 14.167089 -0.954383 0.161915 -1.444281
    58 -0.144958 -0.145317 7.579308 -0.926152 0.233644 -0.032319
    59 -0.038551 -0.936644 4.697678 -0.755323 0.156515 -0.045800
    60 -0.506317 8.500896 13.617329 -0.862984 0.087301 -1.330827
    61 0.385056 -0.460075 7.003435 -0.755171 0.461452 -0.058689
    62 -0.456360 -0.710276 5.057732 -0.544368 0.304298 -0.059867
    63 2.452194 -8.899408 11.597939 -1.300891 0.185797 -1.528651
    64 -0.680515 -0.903999 6.074242 -1.055275 -0.129883 -0.024184
    65 -0.248295 -0.666843 3.386627 -0.909669 -0.125282 0.055312
    66 0.717491 -3.784309 13.044010 -1.167335 0.121731 -1.491131
    67 -1.099228 -1.407673 8.017876 -1.051154 -0.006439 0.003086
    68 -0.064053 -0.807640 3.686100 -0.734867 -0.008762 -0.006760
    69 4.004906 6.172710 4.754800 0.176000 -1.024693 -2.611323
    70 -0.158381 -1.149773 5.804405 -0.476278 0.307423 0.243202
    71 1.078559 -2.386406 5.215008 -0.386948 0.177612 0.094507
    72 6.289963 0.932404 13.569109 -0.126801 -0.612098 -2.869612
    73 -1.327759 -0.766682 12.396324 -0.025596 -0.011160 0.226749
    74 0.000017 -54.999996 0.000000 0.000000 0.000000 -1.570796
  time 43
    0 0.000000 0.000000 -1.500000 0.000000 0.000000 0.000000
    1 -10.521344 -5.760963 66.994621 3.097005 -0.050653 -3.139334
    2 3.855958 12.938425 17.440535 0.447112 0.510007 0.441582
    3 -0.000034 0.000012 24.761454 -1.472611 -0.170698 -0.214334
    4 0.000017 0.000000 24.344809 1.594017 -0.144358 -0.042291
    5 0.002333 -1.019846 24.031336 0.891616 -0.045622 -0.005797
    6 0.000034 0.000008 13.404741 -0.000001 -0.000009 -0.184570
    7 10.398263 -5.760962 66.994675 3.097005 0.050653 3.139334
    8 7.300838 4.944483 18.175663 1.236005 -0.757248 0.004760
    9 -0.000004 -0.000006 24.761459 -1.668386 0.193356 -0.697303
    10 -0.000007 0.000004 24.344891 1.314631 0.040600 -0.086146
    11 -0.002360 -1.019903 24.031330 0.409066 -0.042359 -0.018010
    12 0.000000 -0.000002 13.404737 0.000001 0.000005 -0.364938
    13 -0.061540 -5.245835 72.927078 0.000000 0.000000 0.000000
    14 -5.244930 8.971582 -17.489708 -0.007157 0.000021 -0.147734
    15 0.000000 -0.005608 -1.146812 0.137801 0.081103 -0.241607
    16 0.030770 -0.240000 8.906021 -0.004138 0.000000 0.000000
    17 -1.343768 -2.569535 -0.543384 0.447587 -0.048153 -0.373773
    18 0.030770 -0.276858 8.905140 0.056125 0.004134 -0.000049
    19 0.151083 -0.635862 0.045701 0.361598 0.052046 -0.038699
    20 5.669724 4.435303 14.302868 3.098581 -1.309047 0.224641
    21 -1.044571 -2.839317 19.743267 -0.561626 -0.853515 0.256357
    22 2.655533 -1.533369 24.792658 -0.971610 0.110632 -0.457797
    23 1.120163 -0.154394 9.796035 -0.009641 0.000913 -0.083852
    24 2.240311 -0.308786 19.592051 -0.013353 -0.018630 -0.168321
    25 0.683151 2.877354 14.167051 -0.841630 -0.095041 1.399462
    26 0.144936 -0.145374 7.579252 -0.802884 -0.180641 0.073010
    27 0.091660 -0.906685 4.702850 -0.635046 -0.101507 0.032163
    28 0.506271 8.500866 13.617253 -0.778211 0.122343 1.216543
    29 -0.384987 -0.460049 7.003448 -0.595716 -0.347309 0.147604
    30 0.561516 -0.596954 5.061852 -0.405043 -0.176980 0.042211
    31 -2.452171 -8.899406 11.597897 -1.286276 -0.360908 1.614380
    32 0.680496 -0.903999 6.074253 -0.976262 0.109356 0.014027
    33 0.245514 -0.661150 3.388004 -0.829200 0.111249 -0.046484
    34 -0.717484 -3.784271 13.043911 -1.134340 -0.184769 1.516246
    35 1.099216 -1.407745 8.017889 -1.001644 0.008592 0.002818
    36 0.068439 -0.807653 3.686054 -0.685469 0.007810 0.002856
    37 -4.004929 6.172707 4.754754 0.079404 0.825920 2.501306
    38 0.158352 -1.149811 5.804394 -0.548815 -0.254434 0.179346
    39 -1.083523 -1.463142 5.544399 -0.466786 -0.110790 0.013910
    40 -6.289886 0.932434 13.569063 -0.126803 0.612110 2.869610
    41 1.327774 -0.766687 12.396328 -0.033942 0.013378 -0.296438
    42 -0.096140 1.828087 23.185329 0.148035 -0.256186 -1.340632
    43 2.325478 -0.000003 6.169296 0.381808 0.405715 1.796434
    44 0.000000 -3.152912 0.122169 2.035948 0.000000 0.000000
    45 1.068383 -10.478592 7.066338 0.292219 -1.282324 -3.141588
    46 0.000000 0.000000 2.279457 0.547137 -0.343566 0.107833
    47 2.479414 -8.323895 6.074242 -0.009236 0.327514 1.561685
    48 0.000005 -5.730469 2.636719 0.000000 0.000000 0.000000
    49 -1.068383 -10.478611 7.065971 0.292219 1.282324 3.141588
    50 -0.000488 0.000015 2.279600 0.547136 0.343566 0.107835
    51 -2.479401 -8.323895 6.074234 0.009296 0.327574 1.581344
    52 -5.790000 4.432083 14.255558 -2.811732 1.292827 0.441900
    53 1.044540 -2.839314 19.743252 -0.507472 0.473614 -0.120839
    54 -2.655510 -1.533379 24.792648 -0.619281 -0.145069 0.385904
    55 -1.120216 -0.154385 9.795983 0.037878 0.012122 -0.345827
    56 -2.240372 -0.308788 19.592047 0.177243 -0.094399 -0.696453
    57 -0.683205 2.877342 14.167089 -0.954383 0.161935 -1.444281
    58 -0.144958 -0.145317 7.579308 -0.926152 0.233644 -0.032319
    59 -0.038551 -0.936644 4.697678 -0.755323 0.156515 -0.045800
    60 -0.506317 8.500896 13.617329 -0.862984 0.087301 -1.330827
    61 0.385056 -0.460075 7.003435 -0.755171 0.461452 -0.058674
    62 -0.456360 -0.710276 5.057732 -0.544368 0.304298 -0.059867
    63 2.452194 -8.899408 11.597939 -1.300891 0.185797 -1.528651
    64 -0.680515 -0.903999 6.074242 -1.055275 -0.129883 -0.024184
    65 -0.248295 -0.666843 3.386627 -0.909669 -0.125282 0.055312
    66 0.717491 -3.784309 13.044010 -1.167335 0.121731 -1.491131
    67 -1.099228 -1.407673 8.017876 -1.051154 -0.006439 0.003086
    68 -0.064053 -0.807640 3.686100 -0.734867 -0.008762 -0.006760
    69 4.004906 6.172710 4.754800 0.176000 -1.024693 -2.611323
    70 -0.158381 -1.149773 5.804405 -0.476278 0.307423 0.243202
    71 1.078559 -2.386406 5.215008 -0.386948 0.177612 0.094507
    72 6.289963 0.932404 13.569109 -0.126801 -0.612098 -2.869612
    73 -1.327759 -0.766682 12.396324 -0.024925 -0.010957 0.221105
    74 0.000017 -54.999996 0.000000 0.000000 0.000000 -1.570796
  time 44
    0 0.000000 0.000000 -1.500000 0.000000 0.000000 0.000000
    1 -10.521344 -5.760963 66.994621 3.097005 -0.050653 -3.139334
    2 2.844208 13.208519 17.642356 0.477036 0.522031 0.446825
    3 -0.000034 0.000012 24.761454 -1.487612 -0.172424 -0.214130
    4 0.000017 0.000000 24.344809 1.576694 -0.144992 -0.042291
    5 0.002333 -1.019846 24.031336 0.898635 -0.045586 -0.006133
    6 0.000034 0.000008 13.404741 -0.000001 -0.000009 -0.190307
    7 10.398263 -5.760962 66.994675 3.097005 0.050653 3.139334
    8 6.300807 5.256717 18.512866 1.204355 -0.810619 -0.011331
    9 -0.000004 -0.000006 24.761459 -1.621473 0.187927 -0.716970
    10 -0.000007 0.000004 24.344891 1.286492 0.098217 -0.015608
    11 -0.002360 -1.019903 24.031330 0.428562 -0.042012 -0.018825
    12 0.000000 -0.000002 13.404737 0.000001 0.000005 -0.363049
    13 -0.061540 -5.245835 72.927078 0.000000 0.000000 0.000000
    14 -4.233180 9.274370 -17.715019 -0.007157 0.000021 -0.150737
    15 0.000000 -0.005608 -1.146812 0.137801 0.081841 -0.236661
    16 0.030770 -0.240000 8.906021 -0.004138 0.000000 0.000000
    17 -1.285172 -2.546097 -0.527758 0.440685 -0.039190 -0.376768
    18 0.030770 -0.276858 8.905140 0.056125 0.004134 -0.000049
    19 0.154989 -0.631956 0.045701 0.359060 0.057148 -0.038112
    20 5.669724 4.435303 14.302868 3.099538 -1.309576 0.226558
    21 -1.044571 -2.839317 19.743267 -0.569894 -0.866822 0.264592
    22 2.655533 -1.533369 24.792658 -0.975559 0.108365 -0.445585
    23 1.120163 -0.154394 9.796035 -0.009221 0.000889 -0.080230
    24 2.240311 -0.308786 19.592051 -0.017400 -0.034009 -0.160645
    25 0.683151 2.877354 14.167051 -0.841630 -0.095053 1.399462
    26 0.144936 -0.145374 7.579252 -0.802884 -0.180641 0.073010
    27 0.091660 -0.906685 4.702850 -0.635046 -0.101507 0.032163
    28 0.506271 8.500866 13.617253 -0.778211 0.122321 1.216543
    29 -0.384987 -0.460049 7.003448 -0.595716 -0.347309 0.147604
    30 0.561516 -0.596954 5.061852 -0.405043 -0.176980 0.042211
    31 -2.452171 -8.899406 11.597897 -1.286276 -0.360908 1.614380
    32 0.680496 -0.903999 6.074253 -0.976262 0.109356 0.014027
    33 0.245514 -0.661150 3.388004 -0.829200 0.111249 -0.046484
    34 -0.717484 -3.784271 13.043911 -1.134340 -0.184769 1.516246
    35 1.099216 -1.407745 8.017889 -1.001644 0.008592 0.002818
    36 0.068439 -0.807653 3.686054 -0.685469 0.007810 0.002856
    37 -4.004929 6.172707 4.754754 0.079404 0.825920 2.501306
    38 0.158352 -1.149811 5.804394 -0.548815 -0.254434 0.179346
    39 -1.083523 -1.463142 5.544399 -0.466786 -0.110790 0.013910
    40 -6.289886 0.932434 13.569063 -0.126803 0.612110 2.869610
    41 1.327774 -0.766687 12.396328 -0.033547 0.013270 -0.293023
    42 -0.096140 1.828087 23.185329 0.148035 -0.256186 -1.340632
    43 2.325478 -0.000003 6.169296 0.381808 0.408334 1.816909
    44 0.000000 -3.152912 0.122169 2.035948 0.000000 0.000000
    45 1.068383 -10.478592 7.066338 0.292219 -1.282324 -3.141588
    46 0.000000 0.000000 2.279457 0.547137 -0.343566 0.107833
    47 2.479414 -8.323895 6.074242 -0.009236 0.327514 1.561685
    48 0.000005 -5.730469 2.636719 0.000000 0.000000 0.000000
    49 -1.068383 -10.478611 7.065971 0.292219 1.282324 3.141588
    50 -0.000488 0.000015 2.279600 0.547136 0.343566 0.107835
    51 -2.479401 -8.323895 6.074234 0.009296 0.327574 1.581344
    52 -5.790000 4.432083 14.255558 -2.809048 1.294654 0.439696
    53 1.044540 -2.839314 19.743252 -0.517824 0.487223 -0.125275
    54 -2.655510 -1.533379 24.792648 -0.616412 -0.146946 0.375301
    55 -1.120216 -0.154385 9.795983 0.037818 0.012050 -0.343025
    56 -2.240372 -0.308788 19.592047 0.185949 -0.094894 -0.689494
    57 -0.683205 2.877342 14.167089 -0.954383 0.161935 -1.444268
    58 -0.144958 -0.145317 7.579308 -0.926152 0.233644 -0.032319
    59 -0.038551 -0.936644 4.697678 -0.755323 0.156515 -0.045800
    60 -0.506317 8.500896 13.617329 -0.862984 0.087301 -1.330827
    61 0.385056 -0.460075 7.003435 -0.755171 0.461452 -0.058674
    62 -0.456360 -0.710276 5.057732 -0.544368 0.304298 -0.059867
    63 2.452194 -8.899408 11.597939 -1.300891 0.185797 -1.528651
    64 -0.680515 -0.903999 6.074242 -1.055275 -0.129883 -0.024184
    65 -0.248295 -0.666843 3.386627 -0.909669 -0.125282 0.055312
    66 0.717491 -3.784309 13.044010 -1.167335 0.121731 -1.491131
    67 -1.099228 -1.407673 8.017876 -1.051154 -0.006439 0.003086
    68 -0.064053 -0.807640 3.686100 -0.734867 -0.008762 -0.006760
    69 4.004906 6.172710 4.754800 0.176000 -1.024693 -2.611323
    70 -0.158381 -1.149773 5.804405 -0.476278 0.307423 0.243202
    71 1.078559 -2.386406 5.215008 -0.386948 0.177612 0.094507
    72 6.289963 0.932404 13.569109 -0.126801 -0.612098 -2.869612
    73 -1.327759 -0.766682 12.396324 -0.023979 -0.010741 0.215229
    74 0.000017 -54.999996 0.000000 0.000000 0.000000 -1.570796
  time 45
    0 0.000000 0.000000 -1.500000 0.000000 0.000000 0.000000
    1 -10.521344 -5.760963 66.994621 3.097005 -0.050653 -3.139334
    2 1.887148 13.454059 17.776903 0.499718 0.535448 0.450757
    3 -0.000034 0.000012 24.761454 -1.489848 -0.172675 -0.215352
    4 0.000017 0.000000 24.344809 1.556782 -0.149995 -0.047023
    5 0.002333 -1.019846 24.031336 0.903227 -0.045562 -0.006349
    6 0.000034 0.000008 13.404741 -0.000001 -0.000009 -0.195665
    7 10.398263 -5.760962 66.994675 3.097005 0.050653 3.139334
    8 5.347653 5.543973 18.737668 1.181066 -0.821301 -0.008773
    9 -0.000004 -0.000006 24.761459 -1.591334 0.184439 -0.737677
    10 -0.000007 0.000004 24.344891 1.270293 0.125148 0.016067
    11 -0.002360 -1.019903 24.031330 0.409066 -0.042359 -0.018010
    12 0.000000 -0.000002 13.404737 0.000001 0.000005 -0.376789
    13 -0.061540 -5.245835 72.927078 0.000000 0.000000 0.000000
    14 -3.268307 9.553867 -17.872737 -0.007157 0.000021 -0.153379
    15 0.000000 -0.005608 -1.146812 0.137801 0.082343 -0.231960
    16 0.030770 -0.240000 8.906021 -0.004138 0.000000 0.000000
    17 -1.230483 -2.526565 -0.508226 0.433803 -0.030581 -0.379563
    18 0.030770 -0.276858 8.905140 0.056125 0.004134 -0.000049
    19 0.162802 -0.631956 0.041795 0.356487 0.062414 -0.037525
    20 5.669724 4.435303 14.302868 3.100591 -1.310139 0.228474
    21 -1.044571 -2.839317 19.743267 -0.578797 -0.879711 0.273165
    22 2.655533 -1.533369 24.792658 -0.978901 0.106098 -0.433373
    23 1.120163 -0.154394 9.796035 -0.008862 0.000865 -0.076988
    24 2.240311 -0.308786 19.592051 -0.021404 -0.048928 -0.153603
    25 0.683151 2.877354 14.167051 -0.841630 -0.095053 1.399462
    26 0.144936 -0.145374 7.579252 -0.802884 -0.180641 0.073010
    27 0.091660 -0.906685 4.702850 -0.635046 -0.101507 0.032163
    28 0.506271 8.500866 13.617253 -0.778211 0.122321 1.216543
    29 -0.384987 -0.460049 7.003448 -0.595716 -0.347309 0.147604
    30 0.561516 -0.596954 5.061852 -0.405043 -0.176980 0.042211
    31 -2.452171 -8.899406 11.597897 -1.286276 -0.360908 1.614380
    32 0.680496 -0.903999 6.074253 -0.976262 0.109356 0.014027
    33 0.245514 -0.661150 3.388004 -0.829200 0.111249 -0.046484
    34 -0.717484 -3.784271 13.043911 -1.134340 -0.184769 1.516246
    35 1.099216 -1.407745 8.017889 -1.001644 0.008592 0.002818
    36 0.068439 -0.807653 3.686054 -0.685469 0.007810 0.002856
    37 -4.004929 6.172707 4.754754 0.079404 0.825920 2.501306
    38 0.158352 -1.149811 5.804394 -0.548815 -0.254434 0.179346
    39 -1.083523 -1.463142 5.544399 -0.466786 -0.110790 0.013910
    40 -6.289886 0.932434 13.569063 -0.126803 0.612110 2.869610
    41 1.327774 -0.766687 12.396328 -0.033103 0.013162 -0.289357
    42 -0.096140 1.828087 23.185329 0.148035 -0.256186 -1.340632
    43 2.325478 -0.000003 6.169296 0.381808 0.410692 1.837424
    44 0.000000 -3.152912 0.122169 2.035948 0.000000 0.000000
    45 1.068383 -10.478592 7.066338 0.292219 -1.282324 -3.141588
    46 0.000000 0.000000 2.279457 0.547137 -0.343566 0.107833
    47 2.479414 -8.323895 6.074242 -0.009236 0.327514 1.561685
    48 0.000005 -5.730469 2.636719 0.000000 0.000000 0.000000
    49 -1.068383 -10.478611 7.065971 0.292219 1.282324 3.141588
    50 -0.000488 0.000015 2.279600 0.547136 0.343566 0.107835
    51 -2.479401 -8.323895 6.074234 0.009296 0.327574 1.581344
    52 -5.790000 4.432083 14.255558 -2.804064 1.296274 0.439025
    53 1.044540 -2.839314 19.743252 -0.528343 0.501384 -0.130174
    54 -2.655510 -1.533379 24.792648 -0.613796 -0.148357 0.364169
    55 -1.120216 -0.154385 9.795983 0.037147 0.011775 -0.340495
    56 -2.240372 -0.308788 19.592047 0.192592 -0.095191 -0.683565
    57 -0.683205 2.877342 14.167089 -0.954383 0.161915 -1.444281
    58 -0.144958 -0.145317 7.579308 -0.926152 0.233644 -0.032319
    59 -0.038551 -0.936644 4.697678 -0.755323 0.156515 -0.045800
    60 -0.506317 8.500896 13.617329 -0.862984 0.087301 -1.330827
    61 0.385056 -0.460075 7.003435 -0.755171 0.461469 -0.058689
    62 -0.456360 -0.710276 5.057732 -0.544368 0.304298 -0.059867
    63 2.452194 -8.899408 11.597939 -1.300891 0.185797 -1.528651
    64 -0.680515 -0.903999 6.074242 -1.055275 -0.129883 -0.024184
    65 -0.248295 -0.666843 3.386627 -0.909669 -0.125282 0.055312
    66 0.717491 -3.784309 13.044010 -1.167335 0.121719 -1.491131
    67 -1.099228 -1.407673 8.017876 -1.051154 -0.006439 0.003086
    68 -0.064053 -0.807640 3.686100 -0.734867 -0.008762 -0.006760
    69 4.004906 6.172710 4.754800 0.176000 -1.024693 -2.611323
    70 -0.158381 -1.149773 5.804405 -0.476278 0.307423 0.243202
    71 1.078559 -2.386406 5.215008 -0.386948 0.177612 0.094507
    72 6.289963 0.932404 13.569109 -0.126801 -0.612098 -2.869612
    73 -1.327759 -0.766682 12.396324 -0.023775 -0.010525 0.209446
    74 0.000017 -54.999996 0.000000 0.000000 0.000000 -1.570796
  time 46
    0 0.000000 0.000000 -1.500000 0.000000 0.000000 0.000000
    1 -10.521344 -5.760963 66.994621 3.097005 -0.050653 -3.139334
    2 0.976964 13.675045 17.799328 0.513518 0.551063 0.453029
    3 -0.000034 0.000012 24.761454 -1.476799 -0.171165 -0.217998
    4 0.000017 0.000000 24.344809 1.534404 -0.160972 -0.057934
    5 0.002333 -1.019846 24.031336 0.904907 -0.045538 -0.006421
    6 0.000034 0.000008 13.404741 -0.000001 -0.000009 -0.200326
    7 10.398263 -5.760962 66.994675 3.097005 0.050653 3.139334
    8 4.425750 5.806250 18.872549 1.200346 -0.799426 -0.008525
    9 -0.000004 -0.000006 24.761459 -1.602059 0.185686 -0.738933
    10 -0.000007 0.000004 24.344891 1.268227 0.106127 -0.005078
    11 -0.002360 -1.019903 24.031330 0.389594 -0.042695 -0.017219
    12 0.000000 -0.000002 13.404737 0.000001 0.000005 -0.386966
    13 -0.061540 -5.245835 72.927078 0.000000 0.000000 0.000000
    14 -2.358123 9.798426 -17.917799 -0.007157 0.000021 -0.155541
    15 0.000000 -0.005608 -1.146812 0.137833 0.082688 -0.227449
    16 0.030770 -0.240000 8.906021 -0.004138 0.000000 0.000000
    17 -1.175794 -2.499220 -0.492601 0.427048 -0.022377 -0.382159
    18 0.030770 -0.276858 8.905140 0.056125 0.004134 -0.000049
    19 0.174521 -0.631956 0.037888 0.353806 0.067845 -0.036926
    20 5.669724 4.435303 14.302868 3.101452 -1.310703 0.230583
    21 -1.044571 -2.839317 19.743267 -0.588435 -0.892183 0.282020
    22 2.655533 -1.533369 24.792658 -0.981591 0.103946 -0.421162
    23 1.120163 -0.154394 9.796035 -0.008502 0.000841 -0.074056
    24 2.240311 -0.308786 19.592051 -0.025277 -0.063248 -0.147431
    25 0.683151 2.877354 14.167051 -0.841685 -0.095053 1.399462
    26 0.144936 -0.145374 7.579252 -0.802884 -0.180641 0.073010
    27 0.091660 -0.906685 4.702850 -0.635046 -0.101507 0.032163
    28 0.506271 8.500866 13.617253 -0.778211 0.122321 1.216543
    29 -0.384987 -0.460049 7.003448 -0.595716 -0.347309 0.147604
    30 0.561516 -0.596954 5.061852 -0.405043 -0.176980 0.042211
    31 -2.452171 -8.899406 11.597897 -1.286276 -0.360908 1.614380
    32 0.680496 -0.903999 6.074253 -0.976262 0.109356 0.014027
    33 0.245514 -0.661150 3.388004 -0.829200 0.111249 -0.046484
    34 -0.717484 -3.784271 13.043911 -1.134340 -0.184769 1.516246
    35 1.099216 -1.407745 8.017889 -1.001644 0.008592 0.002818
    36 0.068439 -0.807653 3.686054 -0.685469 0.007810 0.002856
    37 -4.004929 6.172707 4.754754 0.079404 0.825920 2.501306
    38 0.158352 -1.149811 5.804394 -0.548815 -0.254434 0.179346
    39 -1.083523 -1.463142 5.544399 -0.466786 -0.110790 0.013910
    40 -6.289886 0.932434 13.569063 -0.126803 0.612110 2.869610
    41 1.327774 -0.766687 12.396328 -0.032660 0.013054 -0.285641
    42 -0.096140 1.828087 23.185329 0.148035 -0.256186 -1.340632
    43 2.325478 -0.000003 6.169296 0.381808 0.412819 1.857660
    44 0.000000 -3.152912 0.122169 2.035948 0.000000 0.000000
    45 1.068383 -10.478592 7.066338 0.292219 -1.282324 -3.141588
    46 0.000000 0.000000 2.279457 0.547137 -0.343566 0.107833
    47 2.479414 -8.323895 6.074242 -0.009236 0.327514 1.561685
    48 0.000005 -5.730469 2.636719 0.000000 0.000000 0.000000
    49 -1.068383 -10.478611 7.065971 0.292219 1.282324 3.141588
    50 -0.000488 0.000015 2.279600 0.547136 0.343566 0.107835
    51 -2.479401 -8.323895 6.074234 0.009296 0.327574 1.581344
    52 -5.790000 4.432083 14.255558 -2.800805 1.298143 0.437109
    53 1.044540 -2.839314 19.743252 -0.539029 0.515841 -0.135399
    54 -2.655510 -1.533379 24.792648 -0.611481 -0.149289 0.352507
    55 -1.120216 -0.154385 9.795983 0.037039 0.011715 -0.338699
    56 -2.240372 -0.308788 19.592047 0.197022 -0.094993 -0.679097
    57 -0.683205 2.877342 14.167089 -0.954432 0.161915 -1.444268
    58 -0.144958 -0.145317 7.579308 -0.926152 0.233644 -0.032319
    59 -0.038551 -0.936644 4.697678 -0.755323 0.156515 -0.045800
    60 -0.506317 8.500896 13.617329 -0.862984 0.087301 -1.330827
    61 0.385056 -0.460075 7.003435 -0.755171 0.461452 -0.058689
    62 -0.456360 -0.710276 5.057732 -0.544368 0.304298 -0.059867
    63 2.452194 -8.899408 11.597939 -1.300891 0.185797 -1.528651
    64 -0.680515 -0.903999 6.074242 -1.055275 -0.129883 -0.024184
    65 -0.248295 -0.666843 3.386627 -0.909669 -0.125282 0.055312
    66 0.717491 -3.784309 13.044010 -1.167335 0.121719 -1.491131
    67 -1.099228 -1.407673 8.017876 -1.051154 -0.006439 0.003086
    68 -0.064053 -0.807640 3.686100 -0.734867 -0.008762 -0.006760
    69 4.004906 6.172710 4.754800 0.176000 -1.024693 -2.611323
    70 -0.158381 -1.149773 5.804405 -0.476278 0.307423 0.243202
    71 1.078559 -2.386406 5.215008 -0.386948 0.177582 0.094507
    72 6.289963 0.932404 13.569109 -0.126801 -0.612098 -2.869612
    73 -1.327759 -0.766682 12.396324 -0.023008 -0.010297 0.203617
    74 0.000017 -54.999996 0.000000 0.000000 0.000000 -1.570796
  time 47
    0 0.000000 0.000000 -1.500000 0.000000 0.000000 0.000000
    1 -10.521344 -5.760963 66.994621 3.097005 -0.050653 -3.139334
    2 0.105843 13.871477 17.732054 0.448820 0.493194 0.431620
    3 -0.000034 0.000012 24.761454 -1.508100 -0.174785 -0.220279
    4 0.000017 0.000000 24.344809 1.655602 -0.163779 -0.060073
    5 0.002333 -1.019846 24.031336 0.862533 -0.045766 -0.004455
    6 0.000034 0.000008 13.404741 -0.000001 -0.000009 -0.186700
    7 10.398263 -5.760962 66.994675 3.097005 0.050653 3.139334
    8 3.535098 6.043548 18.895029 1.213313 -0.775466 -0.004647
    9 -0.000004 -0.000006 24.761459 -1.607064 0.186273 -0.737784
    10 -0.000007 0.000004 24.344891 1.265581 0.087640 -0.025382
    11 -0.002360 -1.019903 24.031330 0.389594 -0.042695 -0.017219
    12 0.000000 -0.000002 13.404737 0.000001 0.000005 -0.395103
    13 -0.061540 -5.245835 72.927078 0.000000 0.000000 0.000000
    14 -1.467471 10.008049 -17.872737 -0.007157 0.000021 -0.157223
    15 0.000000 -0.005608 -1.146812 0.137833 0.082782 -0.223182
    16 0.030770 -0.240000 8.906021 -0.004138 0.000000 0.000000
    17 -1.128917 -2.479689 -0.476975 0.420504 -0.014654 -0.384555
    18 0.030770 -0.276858 8.905140 0.056125 0.004134 -0.000049
    19 0.182334 -0.631956 0.041795 0.351053 0.073358 -0.036326
    20 5.669724 4.435303 14.302868 3.102505 -1.311267 0.232691
    21 -1.044571 -2.839317 19.743267 -0.598659 -0.904133 0.291157
    22 2.655533 -1.533369 24.792658 -0.983718 0.101871 -0.408950
    23 1.120163 -0.154394 9.796035 -0.008227 0.000829 -0.071504
    24 2.240311 -0.308786 19.592051 -0.028976 -0.076970 -0.142011
    25 0.683151 2.877354 14.167051 -0.841630 -0.095053 1.399462
    26 0.144936 -0.145374 7.579252 -0.802884 -0.180641 0.073010
    27 0.091660 -0.906685 4.702850 -0.635046 -0.101507 0.032163
    28 0.506271 8.500866 13.617253 -0.778211 0.122343 1.216543
    29 -0.384987 -0.460049 7.003448 -0.595716 -0.347309 0.147604
    30 0.561516 -0.596954 5.061852 -0.405043 -0.176980 0.042211
    31 -2.452171 -8.899406 11.597897 -1.286276 -0.360908 1.614380
    32 0.680496 -0.903999 6.074253 -0.976262 0.109356 0.014027
    33 0.245514 -0.661150 3.388004 -0.829200 0.111249 -0.046484
    34 -0.717484 -3.784271 13.043911 -1.134340 -0.184769 1.516246
    35 1.099216 -1.407745 8.017889 -1.001644 0.008592 0.002818
    36 0.068439 -0.807653 3.686054 -0.685469 0.007810 0.002856
    37 -4.004929 6.172707 4.754754 0.079404 0.825920 2.501306
    38 0.158352 -1.149811 5.804394 -0.548815 -0.254434 0.179346
    39 -1.083523 -1.463142 5.544399 -0.466786 -0.110790 0.013910
    40 -6.289886 0.932434 13.569063 -0.126803 0.612110 2.869610
    41 1.327774 -0.766687 12.396328 -0.032193 0.012946 -0.281825
    42 -0.096140 1.828087 23.185329 0.148035 -0.256186 -1.340632
    43 2.325478 -0.000003 6.169296 0.381713 0.414715 1.877416
    44 0.000000 -3.152912 0.122169 2.035948 0.000000 0.000000
    45 1.068383 -10.478592 7.066338 0.292219 -1.282324 -3.141588
    46 0.000000 0.000000 2.279457 0.547137 -0.343566 0.107833
    47 2.479414 -8.323895 6.074242 -0.009236 0.327514 1.561685
    48 0.000005 -5.730469 2.636719 0.000000 0.000000 0.000000
    49 -1.068383 -10.478611 7.065971 0.292219 1.282324 3.141588
    50 -0.000488 0.000015 2.279600 0.547136 0.343566 0.107835
    51 -2.479401 -8.323895 6.074234 0.009296 0.327527 1.581344
    52 -5.790000 4.432083 14.255558 -2.796970 1.300095 0.435097
    53 1.044540 -2.839314 19.743252 -0.549604 0.530426 -0.141006
    54 -2.655510 -1.533379 24.792648 -0.609417 -0.149806 0.340768
    55 -1.120216 -0.154385 9.795983 0.036895 0.011631 -0.337121
    56 -2.240372 -0.308788 19.592047 0.200153 -0.094597 -0.675231
    57 -0.683205 2.877342 14.167089 -0.954383 0.161935 -1.444281
    58 -0.144958 -0.145317 7.579308 -0.926152 0.233656 -0.032319
    59 -0.038551 -0.936644 4.697678 -0.755323 0.156515 -0.045800
    60 -0.506317 8.500896 13.617329 -0.862984 0.087301 -1.330827
    61 0.385056 -0.460075 7.003435 -0.755171 0.461469 -0.058674
    62 -0.456360 -0.710276 5.057732 -0.544368 0.304298 -0.059867
    63 2.452194 -8.899408 11.597939 -1.300891 0.185797 -1.528651
    64 -0.680515 -0.903999 6.074242 -1.055275 -0.129883 -0.024184
    65 -0.248295 -0.666843 3.386627 -0.909669 -0.125282 0.055312
    66 0.717491 -3.784309 13.044010 -1.167335 0.121731 -1.491131
    67 -1.099228 -1.407673 8.017876 -1.051154 -0.006439 0.003086
    68 -0.064053 -0.807640 3.686100 -0.734867 -0.008762 -0.006760
    69 4.004906 6.172710 4.754800 0.176000 -1.024693 -2.611323
    70 -0.158381 -1.149773 5.804405 -0.476278 0.307423 0.243202
    71 1.078559 -2.386406 5.215008 -0.386948 0.177582 0.094507
    72 6.289963 0.932404 13.569109 -0.126801 -0.612098 -2.869612
    73 -1.327759 -0.766682 12.396324 -0.022325 -0.010082 0.197880
    74 0.000017 -54.999996 0.000000 0.000000 0.000000 -1.570796
  time 48
    0 0.000000 0.000000 -1.500000 0.000000 0.000000 0.000000
    1 -10.521344 -5.760963 66.994621 3.097005 -0.050653 -3.139334
    2 -0.730120 14.018801 17.597507 0.335137 0.342495 0.399639
    3 -0.000034 0.000012 24.761454 -1.574280 -0.182455 -0.204236
    4 0.000017 0.000000 24.344809 1.838078 -0.133516 -0.026540
    5 0.002333 -1.019846 24.031336 0.820009 -0.045910 -0.002490
    6 0.000034 0.000008 13.404741 -0.000001 -0.000009 -0.153415
    7 10.398263 -5.760962 66.994675 3.097005 0.050653 3.139334
    8 2.667884 6.255867 18.850069 1.221844 -0.750298 0.001542
    9 -0.000004 -0.000006 24.761459 -1.608054 0.186393 -0.734734
    10 -0.000007 0.000004 24.344891 1.262935 0.069753 -0.044551
    11 -0.002360 -1.019903 24.031330 0.389594 -0.042695 -0.017219
    12 0.000000 -0.000002 13.404737 0.000001 0.000005 -0.401265
    13 -0.061540 -5.245835 72.927078 0.000000 0.000000 0.000000
    14 -0.615882 10.182734 -17.805144 -0.007157 0.000021 -0.158244
    15 0.000000 -0.005608 -1.146812 0.137833 0.082688 -0.219242
    16 0.030770 -0.240000 8.906021 -0.004138 0.000000 0.000000
    17 -1.082041 -2.452344 -0.465256 0.414148 -0.007513 -0.386711
    18 0.030770 -0.276858 8.905140 0.056125 0.004134 -0.000049
    19 0.194053 -0.628050 0.033982 0.348337 0.078872 -0.035739
    20 5.669724 4.435303 14.302868 3.103558 -1.311866 0.234799
    21 -1.044571 -2.839317 19.743267 -0.609470 -0.915405 0.300520
    22 2.655533 -1.533369 24.792658 -0.985150 0.099872 -0.396900
    23 1.120163 -0.154394 9.796035 -0.007975 0.000805 -0.069399
    24 2.240311 -0.308786 19.592051 -0.032414 -0.089678 -0.137422
    25 0.683151 2.877354 14.167051 -0.841630 -0.095041 1.399462
    26 0.144936 -0.145374 7.579252 -0.802884 -0.180641 0.073010
    27 0.091660 -0.906685 4.702850 -0.635046 -0.101507 0.032163
    28 0.506271 8.500866 13.617253 -0.778211 0.122321 1.216543
    29 -0.384987 -0.460049 7.003448 -0.595716 -0.347309 0.147604
    30 0.561516 -0.596954 5.061852 -0.405043 -0.176980 0.042211
    31 -2.452171 -8.899406 11.597897 -1.286276 -0.360908 1.614380
    32 0.680496 -0.903999 6.074253 -0.976262 0.109356 0.014027
    33 0.245514 -0.661150 3.388004 -0.829200 0.111249 -0.046484
    34 -0.717484 -3.784271 13.043911 -1.134340 -0.184769 1.516246
    35 1.099216 -1.407745 8.017889 -1.001644 0.008592 0.002818
    36 0.068439 -0.807653 3.686054 -0.685469 0.007810 0.002856
    37 -4.004929 6.172707 4.754754 0.079404 0.825920 2.501306
    38 0.158352 -1.149811 5.804394 -0.548815 -0.254434 0.179346
    39 -1.083523 -1.463142 5.544399 -0.466786 -0.110790 0.013910
    40 -6.289886 0.932434 13.569063 -0.126803 0.612110 2.869610
    41 1.327774 -0.766687 12.396328 -0.031713 0.012839 -0.277858
    42 -0.096140 1.828087 23.185329 0.148035 -0.256186 -1.340632
    43 2.325478 -0.000003 6.169296 0.381665 0.416350 1.896495
    44 0.000000 -3.152912 0.122169 2.035948 0.000000 0.000000
    45 1.068383 -10.478592 7.066338 0.292219 -1.282324 -3.141588
    46 0.000000 0.000000 2.279457 0.547137 -0.343566 0.107833
    47 2.479414 -8.323895 6.074242 -0.009236 0.327514 1.561685
    48 0.000005 -5.730469 2.636719 0.000000 0.000000 0.000000
    49 -1.068383 -10.478611 7.065971 0.292231 1.282324 3.141588
    50 -0.000488 0.000015 2.279600 0.547136 0.343566 0.107835
    51 -2.479401 -8.323895 6.074234 0.009296 0.327574 1.581344
    52 -5.790000 4.432083 14.255558 -2.793232 1.302006 0.433085
    53 1.044540 -2.839314 19.743252 -0.560123 0.544968 -0.146857
    54 -2.655510 -1.533379 24.792648 -0.607857 -0.149987 0.329106
    55 -1.120216 -0.154385 9.795983 0.036740 0.011535 -0.335544
    56 -2.240372 -0.308788 19.592047 0.202444 -0.094201 -0.671536
    57 -0.683205 2.877342 14.167089 -0.954383 0.161935 -1.444281
    58 -0.144958 -0.145317 7.579308 -0.926152 0.233644 -0.032319
    59 -0.038551 -0.936644 4.697678 -0.755323 0.156515 -0.045800
    60 -0.506317 8.500896 13.617329 -0.862984 0.087301 -1.330827
    61 0.385056 -0.460075 7.003435 -0.755171 0.461469 -0.058674
    62 -0.456360 -0.710276 5.057732 -0.544368 0.304298 -0.059867
    63 2.452194 -8.899408 11.597939 -1.300891 0.185797 -1.528651
    64 -0.680515 -0.903999 6.074242 -1.055275 -0.129883 -0.024184
    65 -0.248295 -0.666843 3.386627 -0.909669 -0.125282 0.055312
    66 0.717491 -3.784309 13.044010 -1.167335 0.121731 -1.491131
    67 -1.099228 -1.407673 8.017876 -1.051154 -0.006439 0.003086
    68 -0.064053 -0.807640 3.686100 -0.734867 -0.008762 -0.006760
    69 4.004906 6.172710 4.754800 0.176000 -1.024693 -2.611323
    70 -0.158381 -1.149773 5.804405 -0.476278 0.307423 0.243202
    71 1.078559 -2.386406 5.215008 -0.386901 0.177612 0.094507
    72 6.289963 0.932404 13.569109 -0.126801 -0.612098 -2.869612
    73 -1.327759 -0.766682 12.396324 -0.021630 -0.009854 0.192374
    74 0.000017 -54.999996 0.000000 0.000000 0.000000 -1.570796
  time 49
    0 0.000000 0.000000 -1.500000 0.000000 0.000000 0.000000
    1 -10.521344 -5.760963 66.994621 3.097005 -0.050653 -3.139334
    2 -1.519206 14.129294 17.440535 0.280550 0.232046 0.383911
    3 -0.000034 0.000012 24.761454 -1.613833 -0.187021 -0.168119
    4 0.000017 0.000000 24.344809 1.903547 -0.090374 0.022722
    5 0.002333 -1.019846 24.031336 0.852826 -0.045802 -0.004024
    6 0.000034 0.000008 13.404741 -0.000001 -0.000009 -0.120973
    7 10.398263 -5.760962 66.994675 3.097005 0.050653 3.139334
    8 1.839733 6.430718 18.760148 1.226195 -0.724180 0.009711
    9 -0.000004 -0.000006 24.761459 -1.605579 0.186081 -0.729710
    10 -0.000007 0.000004 24.344891 1.260418 0.052532 -0.062353
    11 -0.002360 -1.019903 24.031330 0.389594 -0.042695 -0.017219
    12 0.000000 -0.000002 13.404737 0.000001 0.000005 -0.405430
    13 -0.061540 -5.245835 72.927078 0.000000 0.000000 0.000000
    14 0.192736 10.334128 -17.715019 -0.007157 0.000021 -0.158544
    15 0.000000 -0.005608 -1.146812 0.137833 0.082390 -0.215573
    16 0.030770 -0.240000 8.906021 -0.004138 0.000000 0.000000
    17 -1.039071 -2.432812 -0.449631 0.408193 -0.000967 -0.388628
    18 0.030770 -0.276858 8.905140 0.056125 0.004134 -0.000049
    19 0.197959 -0.631956 0.033982 0.345549 0.084385 -0.035200
    20 5.669724 4.435303 14.302868 3.104515 -1.312500 0.237004
    21 -1.044571 -2.839317 19.743267 -0.621016 -0.926051 0.310080
    22 2.655533 -1.533369 24.792658 -0.985931 0.098105 -0.385174
    23 1.120163 -0.154394 9.796035 -0.007771 0.000794 -0.067709
    24 2.240311 -0.308786 19.592051 -0.035504 -0.101650 -0.133901
    25 0.683151 2.877354 14.167051 -0.841630 -0.095041 1.399449
    26 0.144936 -0.145374 7.579252 -0.802884 -0.180641 0.073010
    27 0.091660 -0.906685 4.702850 -0.635046 -0.101507 0.032163
    28 0.506271 8.500866 13.617253 -0.778211 0.122343 1.216543
    29 -0.384987 -0.460049 7.003448 -0.595716 -0.347309 0.147604
    30 0.561516 -0.596954 5.061852 -0.405043 -0.176980 0.042211
    31 -2.452171 -8.899406 11.597897 -1.286276 -0.360908 1.614380
    32 0.680496 -0.903999 6.074253 -0.976262 0.109356 0.014027
    33 0.245514 -0.661150 3.388004 -0.829200 0.111249 -0.046484
    34 -0.717484 -3.784271 13.043911 -1.134340 -0.184769 1.516231
    35 1.099216 -1.407745 8.017889 -1.001644 0.008592 0.002818
    36 0.068439 -0.807653 3.686054 -0.685469 0.007810 0.002856
    37 -4.004929 6.172707 4.754754 0.079404 0.825920 2.501306
    38 0.158352 -1.149811 5.804394 -0.548815 -0.254434 0.179346
    39 -1.083523 -1.463142 5.544399 -0.466786 -0.110790 0.013910
    40 -6.289886 0.932434 13.569063 -0.126803 0.612110 2.869610
    41 1.327774 -0.766687 12.396328 -0.031246 0.012719 -0.273891
    42 -0.096140 1.828087 23.185329 0.148035 -0.256186 -1.340632
    43 2.325478 -0.000003 6.169296 0.381570 0.417710 1.914535
    44 0.000000 -3.152912 0.122169 2.035948 0.000000 0.000000
    45 1.068383 -10.478592 7.066338 0.292219 -1.282324 -3.141588
    46 0.000000 0.000000 2.279457 0.547137 -0.343566 0.107833
    47 2.479414 -8.323895 6.074242 -0.009236 0.327514 1.561685
    48 0.000005 -5.730469 2.636719 0.000000 0.000000 0.000000
    49 -1.068383 -10.478611 7.065971 0.292219 1.282324 3.141588
    50 -0.000488 0.000015 2.279600 0.547136 0.343566 0.107835
    51 -2.479401 -8.323895 6.074234 0.009296 0.327574 1.581344
    52 -5.790000 4.432083 14.255558 -2.789493 1.304000 0.431073
    53 1.044540 -2.839314 19.743252 -0.570420 0.559256 -0.152926
    54 -2.655510 -1.533379 24.792648 -0.606800 -0.149858 0.317671
    55 -1.120216 -0.154385 9.795983 0.036572 0.011475 -0.333966
    56 -2.240372 -0.308788 19.592047 0.204124 -0.093706 -0.667928
    57 -0.683205 2.877342 14.167089 -0.954383 0.161915 -1.444281
    58 -0.144958 -0.145317 7.579308 -0.926152 0.233644 -0.032319
    59 -0.038551 -0.936644 4.697678 -0.755323 0.156515 -0.045800
    60 -0.506317 8.500896 13.617329 -0.862984 0.087301 -1.330827
    61 0.385056 -0.460075 7.003435 -0.755214 0.461452 -0.058689
    62 -0.456360 -0.710276 5.057732 -0.544368 0.304298 -0.059867
    63 2.452194 -8.899408 11.597939 -1.300891 0.185797 -1.528651
    64 -0.680515 -0.903999 6.074242 -1.055275 -0.129883 -0.024184
    65 -0.248295 -0.666843 3.386627 -0.909669 -0.125282 0.055312
    66 0.717491 -3.784309 13.044010 -1.167335 0.121731 -1.491131
    67 -1.099228 -1.407673 8.017876 -1.051154 -0.006439 0.003086
    68 -0.064053 -0.807640 3.686100 -0.734867 -0.008762 -0.006760
    69 4.004906 6.172710 4.754800 0.176000 -1.024693 -2.611323
    70 -0.158381 -1.149773 5.804405 -0.476278 0.307423 0.243202
    71 1.078559 -2.386406 5.215008 -0.386901 0.177582 0.094507
    72 6.289963 0.932404 13.569109 -0.126801 -0.612098 -2.869612
    73 -1.327759 -0.766682 12.396324 -0.021018 -0.009638 0.187193
    74 0.000017 -54.999996 0.000000 0.000000 0.000000 -1.570796
  time 50
    0 0.000000 0.000000 -1.500000 0.000000 0.000000 0.000000
    1 -10.521344 -5.760963 66.994621 3.097005 -0.050653 -3.139334
    2 -2.261416 14.202955 17.216290 0.276041 0.208414 0.378231
    3 -0.000034 0.000012 24.761454 -1.614037 -0.187045 -0.116651
    4 0.000017 0.000000 24.344809 1.894423 -0.033606 0.083306
    5 0.002333 -1.019846 24.031336 0.885568 -0.045658 -0.005522
    6 0.000034 0.000008 13.404741 -0.000001 -0.000009 -0.091274
    7 10.398263 -5.760962 66.994675 3.097005 0.050653 3.139334
    8 1.046741 6.580591 18.625267 1.227218 -0.697074 0.018705
    9 -0.000004 -0.000006 24.761459 -1.599859 0.185422 -0.722568
    10 -0.000007 0.000004 24.344891 1.258030 0.036156 -0.078622
    11 -0.002360 -1.019903 24.031330 0.389594 -0.042695 -0.017219
    12 0.000000 -0.000002 13.404737 0.000001 0.000005 -0.407448
    13 -0.061540 -5.245835 72.927078 0.000000 0.000000 0.000000
    14 0.962291 10.427294 -17.512239 -0.007157 0.000021 -0.157943
    15 0.000000 -0.005608 -1.146812 0.137801 0.081888 -0.212285
    16 0.030770 -0.240000 8.906021 -0.004138 0.000000 0.000000
    17 -0.996101 -2.413280 -0.437912 0.402595 0.004882 -0.390145
    18 0.030770 -0.276858 8.905140 0.056125 0.004134 -0.000049
    19 0.201866 -0.628050 0.030075 0.342761 0.089795 -0.034673
    20 5.669724 4.435303 14.302868 3.105568 -1.313099 0.239304
    21 -1.044571 -2.839317 19.743267 -0.633099 -0.935757 0.319753
    22 2.655533 -1.533369 24.792658 -0.986061 0.096452 -0.373690
    23 1.120163 -0.154394 9.796035 -0.007627 0.000782 -0.066433
    24 2.240311 -0.308786 19.592051 -0.038115 -0.112655 -0.131250
    25 0.683151 2.877354 14.167051 -0.841630 -0.095053 1.399449
    26 0.144936 -0.145374 7.579252 -0.802884 -0.180641 0.073010
    27 0.091660 -0.906685 4.702850 -0.635046 -0.101507 0.032163
    28 0.506271 8.500866 13.617253 -0.778211 0.122321 1.216543
    29 -0.384987 -0.460049 7.003448 -0.595716 -0.347309 0.147604
    30 0.561516 -0.596954 5.061852 -0.405043 -0.176980 0.042211
    31 -2.452171 -8.899406 11.597897 -1.286276 -0.360908 1.614380
    32 0.680496 -0.903999 6.074253 -0.976262 0.109356 0.014027
    33 0.245514 -0.661150 3.388004 -0.829200 0.111249 -0.046484
    34 -0.717484 -3.784271 13.043911 -1.134340 -0.184769 1.516231
    35 1.099216 -1.407745 8.017889 -1.001644 0.008592 0.002818
    36 0.068439 -0.807653 3.686054 -0.685469 0.007822 0.002856
    37 -4.004929 6.172707 4.754754 0.079404 0.825920 2.501306
    38 0.158352 -1.149811 5.804394 -0.548815 -0.254434 0.179346
    39 -1.083523 -1.463142 5.544399 -0.466786 -0.110790 0.013910
    40 -6.289886 0.932434 13.569063 -0.126803 0.612110 2.869610
    41 1.327774 -0.766687 12.396328 -0.030766 0.012599 -0.269924
    42 -0.096140 1.828087 23.185329 0.148035 -0.256186 -1.340632
    43 2.325478 -0.000003 6.169296 0.381426 0.418737 1.931218
    44 0.000000 -3.152912 0.122169 2.035948 0.000000 0.000000
    45 1.068383 -10.478592 7.066338 0.292219 -1.282324 -3.141588
    46 0.000000 0.000000 2.279457 0.547137 -0.343566 0.107833
    47 2.479414 -8.323895 6.074242 -0.009236 0.327514 1.561685
    48 0.000005 -5.730469 2.636719 0.000000 0.000000 0.000000
    49 -1.068383 -10.478611 7.065971 0.292219 1.282324 3.141588
    50 -0.000488 0.000015 2.279600 0.547136 0.343566 0.107835
    51 -2.479401 -8.323895 6.074234 0.009296 0.327574 1.581344
    52 -5.790000 4.432083 14.255558 -2.785467 1.306035 0.428965
    53 1.044540 -2.839314 19.743252 -0.580382 0.573289 -0.159131
    54 -2.655510 -1.533379 24.792648 -0.606146 -0.149444 0.306538
    55 -1.120216 -0.154385 9.795983 0.036416 0.011379 -0.332388
    56 -2.240372 -0.308788 19.592047 0.205346 -0.093013 -0.664405
    57 -0.683205 2.877342 14.167089 -0.954432 0.161915 -1.444281
    58 -0.144958 -0.145317 7.579308 -0.926152 0.233644 -0.032319
    59 -0.038551 -0.936644 4.697678 -0.755323 0.156515 -0.045800
    60 -0.506317 8.500896 13.617329 -0.862984 0.087301 -1.330827
    61 0.385056 -0.460075 7.003435 -0.755171 0.461469 -0.058674
    62 -0.456360 -0.710276 5.057732 -0.544368 0.304298 -0.059867
    63 2.452194 -8.899408 11.597939 -1.300891 0.185797 -1.528651
    64 -0.680515 -0.903999 6.074242 -1.055275 -0.129883 -0.024184
    65 -0.248295 -0.666843 3.386627 -0.909669 -0.125282 0.055312
    66 0.717491 -3.784309 13.044010 -1.167335 0.121731 -1.491131
    67 -1.099228 -1.407673 8.017876 -1.051154 -0.006439 0.003086
    68 -0.064053 -0.807640 3.686100 -0.734867 -0.008762 -0.006760
    69 4.004906 6.172710 4.754800 0.176000 -1.024693 -2.611323
    70 -0.158381 -1.149773 5.804405 -0.476278 0.307423 0.243202
    71 1.078559 -2.386406 5.215008 -0.386948 0.177582 0.094507
    72 6.289963 0.932404 13.569109 -0.126801 -0.612098 -2.869612
    73 -1.327759 -0.766682 12.396324 -0.020443 -0.009447 0.182196
    74 0.000017 -54.999996 0.000000 0.000000 0.000000 -1.570796
  time 51
    0 0.000000 0.000000 -1.500000 0.000000 0.000000 0.000000
    1 -10.521344 -5.760963 66.994621 3.097005 -0.050653 -3.139334
    2 -2.952844 14.227509 16.969620 0.277203 0.209027 0.373862
    3 -0.000034 0.000012 24.761454 -1.596435 -0.184995 -0.085665
    4 0.000017 0.000000 24.344809 1.871798 0.000980 0.116233
    5 0.002333 -1.019846 24.031336 0.852826 -0.045802 -0.004024
    6 0.000034 0.000008 13.404741 -0.000001 -0.000009 -0.074694
    7 10.398263 -5.760962 66.994675 3.097005 0.050653 3.139334
    8 0.304530 6.692995 18.445426 1.225086 -0.669346 0.028442
    9 -0.000004 -0.000006 24.761459 -1.591389 0.184451 -0.713417
    10 -0.000007 0.000004 24.344891 1.255900 0.020713 -0.093188
    11 -0.002360 -1.019903 24.031330 0.389594 -0.042695 -0.017219
    12 0.000000 -0.000002 13.404737 0.000001 0.000005 -0.407233
    13 -0.061540 -5.245835 72.927078 0.000000 0.000000 0.000000
    14 1.673250 10.497168 -17.286928 -0.007157 0.000021 -0.156322
    15 0.000000 -0.005608 -1.146812 0.137801 0.081198 -0.209350
    16 0.030770 -0.240000 8.906021 -0.004138 0.000000 0.000000
    17 -0.953131 -2.393748 -0.430099 0.397524 0.009997 -0.391343
    18 0.030770 -0.276858 8.905140 0.056125 0.004134 -0.000049
    19 0.217491 -0.624143 0.030075 0.339972 0.095041 -0.034157
    20 5.669724 4.435303 14.302868 3.106525 -1.313733 0.241699
    21 -1.044571 -2.839317 19.743267 -0.645720 -0.944576 0.329539
    22 2.655533 -1.533369 24.792658 -0.985714 0.094954 -0.362610
    23 1.120163 -0.154394 9.796035 -0.007556 0.000782 -0.065743
    24 2.240311 -0.308786 19.592051 -0.040291 -0.122463 -0.129787
    25 0.683151 2.877354 14.167051 -0.841630 -0.095053 1.399462
    26 0.144936 -0.145374 7.579252 -0.802884 -0.180641 0.073010
    27 0.091660 -0.906685 4.702850 -0.635046 -0.101507 0.032163
    28 0.506271 8.500866 13.617253 -0.778211 0.122321 1.216543
    29 -0.384987 -0.460049 7.003448 -0.595716 -0.347309 0.147604
    30 0.561516 -0.596954 5.061852 -0.405043 -0.176980 0.042211
    31 -2.452171 -8.899406 11.597897 -1.286276 -0.360908 1.614380
    32 0.680496 -0.903999 6.074253 -0.976262 0.109356 0.014027
    33 0.245514 -0.661150 3.388004 -0.829200 0.111249 -0.046484
    34 -0.717484 -3.784271 13.043911 -1.134340 -0.184769 1.516246
    35 1.099216 -1.407745 8.017889 -1.001644 0.008592 0.002818
    36 0.068439 -0.807653 3.686054 -0.685469 0.007822 0.002856
    37 -4.004929 6.172707 4.754754 0.079404 0.825920 2.501306
    38 0.158352 -1.149811 5.804394 -0.548815 -0.254434 0.179346
    39 -1.083523 -1.463142 5.544399 -0.466786 -0.110790 0.013910
    40 -6.289886 0.932434 13.569063 -0.126803 0.612110 2.869610
    41 1.327774 -0.766687 12.396328 -0.030311 0.012467 -0.266007
    42 -0.096140 1.828087 23.185329 0.148035 -0.256186 -1.340632
    43 2.325478 -0.000003 6.169296 0.381283 0.419316 1.946266
    44 0.000000 -3.152912 0.122169 2.035948 0.000000 0.000000
    45 1.068383 -10.478592 7.066338 0.292219 -1.282324 -3.141588
    46 0.000000 0.000000 2.279457 0.547137 -0.343566 0.107833
    47 2.479414 -8.323895 6.074242 -0.009236 0.327514 1.561685
    48 0.000005 -5.730469 2.636719 0.000000 0.000000 0.000000
    49 -1.068383 -10.478611 7.065971 0.292219 1.282324 3.141588
    50 -0.000488 0.000015 2.279600 0.547136 0.343566 0.107835
    51 -2.479401 -8.323895 6.074234 0.009296 0.327527 1.581344
    52 -5.790000 4.432083 14.255558 -2.781537 1.308154 0.426761
    53 1.044540 -2.839314 19.743252 -0.590178 0.586814 -0.165418
    54 -2.655510 -1.533379 24.792648 -0.605894 -0.148732 0.295860
    55 -1.120216 -0.154385 9.795983 0.036272 0.011307 -0.330837
    56 -2.240372 -0.308788 19.592047 0.205957 -0.092369 -0.660710
    57 -0.683205 2.877342 14.167089 -0.954432 0.161915 -1.444281
    58 -0.144958 -0.145317 7.579308 -0.926152 0.233644 -0.032319
    59 -0.038551 -0.936644 4.697678 -0.755323 0.156515 -0.045800
    60 -0.506317 8.500896 13.617329 -0.862984 0.087301 -1.330827
    61 0.385056 -0.460075 7.003435 -0.755171 0.461452 -0.058674
    62 -0.456360 -0.710276 5.057732 -0.544368 0.304298 -0.059867
    63 2.452194 -8.899408 11.597939 -1.300891 0.185797 -1.528651
    64 -0.680515 -0.903999 6.074242 -1.055275 -0.129883 -0.024184
    65 -0.248295 -0.666843 3.386627 -0.909669 -0.125282 0.055312
    66 0.717491 -3.784309 13.044010 -1.167335 0.121719 -1.491131
    67 -1.099228 -1.407673 8.017876 -1.051154 -0.006439 0.003086
    68 -0.064053 -0.807640 3.686100 -0.734867 -0.008762 -0.006760
    69 4.004906 6.172710 4.754800 0.176000 -1.024693 -2.611323
    70 -0.158381 -1.149773 5.804405 -0.476278 0.307423 0.243202
    71 1.078559 -2.386406 5.215008 -0.386901 0.177612 0.094507
    72 6.289963 0.932404 13.569109 -0.126801 -0.612098 -2.869612
    73 -1.327759 -0.766682 12.396324 -0.019916 -0.009255 0.177616
    74 0.000017 -54.999996 0.000000 0.000000 0.000000 -1.570796
  time 52
    0 0.000000 0.000000 -1.500000 0.000000 0.000000 0.000000
    1 -10.521344 -5.760963 66.994621 3.097005 -0.050653 -3.139334
    2 -3.577863 14.215232 16.722950 0.279594 0.222554 0.369974
    3 -0.000034 0.000012 24.761454 -1.579890 -0.183090 -0.090795
    4 0.000017 0.000000 24.344809 1.854291 -0.009568 0.101995
    5 0.002333 -1.019846 24.031336 0.820009 -0.045910 -0.002490
    6 0.000034 0.000008 13.404741 -0.000001 -0.000009 -0.078850
    7 10.398263 -5.760962 66.994675 3.097005 0.050653 3.139334
    8 -0.386897 6.780420 18.198144 1.220479 -0.641362 0.038509
    9 -0.000004 -0.000006 24.761459 -1.580665 0.183217 -0.702507
    10 -0.000007 0.000004 24.344891 1.254093 0.006314 -0.105946
    11 -0.002360 -1.019903 24.031330 0.389594 -0.042695 -0.017219
    12 0.000000 -0.000002 13.404737 0.000001 0.000005 -0.405108
    13 -0.061540 -5.245835 72.927078 0.000000 0.000000 0.000000
    14 2.333426 10.520459 -17.039086 -0.007157 0.000021 -0.153860
    15 0.000000 -0.005608 -1.146812 0.137801 0.080288 -0.206850
    16 0.030770 -0.240000 8.906021 -0.004138 0.000000 0.000000
    17 -0.921880 -2.378123 -0.418380 0.392957 0.014314 -0.392262
    18 0.030770 -0.276858 8.905140 0.056125 0.004134 -0.000049
    19 0.225304 -0.620237 0.026169 0.337256 0.100039 -0.033702
    20 5.669724 4.435303 14.302868 3.107578 -1.314403 0.243999
    21 -1.044571 -2.839317 19.743267 -0.658880 -0.952351 0.339268
    22 2.655533 -1.533369 24.792658 -0.984629 0.093686 -0.352097
    23 1.120163 -0.154394 9.796035 -0.007544 0.000782 -0.065536
    24 2.240311 -0.308786 19.592051 -0.041901 -0.131073 -0.129351
    25 0.683151 2.877354 14.167051 -0.841630 -0.095053 1.399462
    26 0.144936 -0.145374 7.579252 -0.802884 -0.180641 0.073010
    27 0.091660 -0.906685 4.702850 -0.635046 -0.101507 0.032163
    28 0.506271 8.500866 13.617253 -0.778211 0.122321 1.216543
    29 -0.384987 -0.460049 7.003448 -0.595716 -0.347309 0.147604
    30 0.561516 -0.596954 5.061852 -0.405043 -0.176980 0.042211
    31 -2.452171 -8.899406 11.597897 -1.286276 -0.360908 1.614380
    32 0.680496 -0.903999 6.074253 -0.976262 0.109356 0.014027
    33 0.245514 -0.661150 3.388004 -0.829200 0.111249 -0.046484
    34 -0.717484 -3.784271 13.043911 -1.134340 -0.184769 1.516246
    35 1.099216 -1.407745 8.017889 -1.001683 0.008592 0.002818
    36 0.068439 -0.807653 3.686054 -0.685469 0.007822 0.002844
    37 -4.004929 6.172707 4.754754 0.079404 0.825920 2.501306
    38 0.158352 -1.149811 5.804394 -0.548815 -0.254434 0.179346
    39 -1.083523 -1.463142 5.544399 -0.466786 -0.110790 0.013910
    40 -6.289886 0.932434 13.569063 -0.126803 0.612110 2.869610
    41 1.327774 -0.766687 12.396328 -0.029856 0.012347 -0.262140
    42 -0.096140 1.828087 23.185329 0.148035 -0.256186 -1.340632
    43 2.325478 -0.000003 6.169296 0.381188 0.419562 1.959636
    44 0.000000 -3.152912 0.122169 2.035948 0.000000 0.000000
    45 1.068383 -10.478592 7.066338 0.292219 -1.282324 -3.141588
    46 0.000000 0.000000 2.279457 0.547137 -0.343566 0.107833
    47 2.479414 -8.323895 6.074242 -0.009236 0.327514 1.561685
    48 0.000005 -5.730469 2.636719 0.000000 0.000000 0.000000
    49 -1.068383 -10.478611 7.065971 0.292219 1.282324 3.141588
    50 -0.000488 0.000015 2.279600 0.547136 0.343566 0.107835
    51 -2.479401 -8.323895 6.074234 0.009296 0.327527 1.581344
    52 -5.790000 4.432083 14.255558 -2.777511 1.310230 0.424557
    53 1.044540 -2.839314 19.743252 -0.599417 0.599745 -0.171677
    54 -2.655510 -1.533379 24.792648 -0.606146 -0.147787 0.285713
    55 -1.120216 -0.154385 9.795983 0.036128 0.011223 -0.329260
    56 -2.240372 -0.308788 19.592047 0.205957 -0.091577 -0.657274
    57 -0.683205 2.877342 14.167089 -0.954432 0.161935 -1.444281
    58 -0.144958 -0.145317 7.579308 -0.926152 0.233644 -0.032319
    59 -0.038551 -0.936644 4.697678 -0.755323 0.156515 -0.045800
    60 -0.506317 8.500896 13.617329 -0.862984 0.087301 -1.330827
    61 0.385056 -0.460075 7.003435 -0.755171 0.461452 -0.058674
    62 -0.456360 -0.710276 5.057732 -0.544368 0.304298 -0.059867
    63 2.452194 -8.899408 11.597939 -1.300891 0.185797 -1.528651
    64 -0.680515 -0.903999 6.074242 -1.055275 -0.129883 -0.024184
    65 -0.248295 -0.666843 3.386627 -0.909669 -0.125282 0.055312
    66 0.717491 -3.784309 13.044010 -1.167335 0.121731 -1.491131
    67 -1.099228 -1.407673 8.017876 -1.051154 -0.006439 0.003086
    68 -0.064053 -0.807640 3.686100 -0.734867 -0.008762 -0.006760
    69 4.004906 6.172710 4.754800 0.176000 -1.024693 -2.611323
    70 -0.158381 -1.149773 5.804405 -0.476278 0.307423 0.243202
    71 1.078559 -2.386406 5.215008 -0.386948 0.177582 0.094507
    72 6.289963 0.932404 13.569109 -0.126801 -0.612098 -2.869612
    73 -1.327759 -0.766682 12.396324 -0.019412 -0.009063 0.173406
    74 0.000017 -54.999996 0.000000 0.000000 0.000000 -1.570796
  time 53
    0 0.000000 0.000000 -1.500000 0.000000 0.000000 0.000000
    1 -10.521344 -5.760963 66.994621 3.097005 -0.050653 -3.139334
    2 -4.148193 14.153847 16.431431 0.278842 0.235553 0.365430
    3 -0.000034 0.000012 24.761454 -1.560337 -0.180837 -0.094378
    4 0.000017 0.000000 24.344809 1.836475 -0.019029 0.088729
    5 0.002333 -1.019846 24.031336 0.820009 -0.045910 -0.002490
    6 0.000034 0.000008 13.404741 -0.000001 -0.000009 -0.081845
    7 10.398263 -5.760962 66.994675 3.097005 0.050653 3.139334
    8 -1.027542 6.817889 17.995822 1.213313 -0.613816 0.048411
    9 -0.000004 -0.000006 24.761459 -1.567961 0.181755 -0.690449
    10 -0.000007 0.000004 24.344891 1.252673 -0.006907 -0.116812
    11 -0.002360 -1.019903 24.031330 0.389594 -0.042695 -0.017219
    12 0.000000 -0.000002 13.404737 0.000001 0.000005 -0.401329
    13 -0.061540 -5.245835 72.927078 0.000000 0.000000 0.000000
    14 2.935007 10.497168 -16.746182 -0.007157 0.000021 -0.150557
    15 0.000000 -0.005608 -1.146812 0.137769 0.079206 -0.204757
    16 0.030770 -0.240000 8.906021 -0.004138 0.000000 0.000000
    17 -0.890629 -2.366404 -0.410567 0.388896 0.018023 -0.392701
    18 0.030770 -0.276858 8.905140 0.056125 0.004134 -0.000049
    19 0.237023 -0.612424 0.026169 0.334575 0.104730 -0.033270
    20 5.669724 4.435303 14.302868 3.108726 -1.315037 0.246491
    21 -1.044571 -2.839317 19.743267 -0.672089 -0.959135 0.348744
    22 2.655533 -1.533369 24.792658 -0.983327 0.092725 -0.342150
    23 1.120163 -0.154394 9.796035 -0.007580 0.000782 -0.066019
    24 2.240311 -0.308786 19.592051 -0.042902 -0.138348 -0.130340
    25 0.683151 2.877354 14.167051 -0.841630 -0.095053 1.399462
    26 0.144936 -0.145374 7.579252 -0.802884 -0.180641 0.073010
    27 0.091660 -0.906685 4.702850 -0.635046 -0.101507 0.032163
    28 0.506271 8.500866 13.617253 -0.778211 0.122321 1.216543
    29 -0.384987 -0.460049 7.003448 -0.595716 -0.347309 0.147604
    30 0.561516 -0.596954 5.061852 -0.405043 -0.176980 0.042211
    31 -2.452171 -8.899406 11.597897 -1.286276 -0.360908 1.614380
    32 0.680496 -0.903999 6.074253 -0.976262 0.109356 0.014027
    33 0.245514 -0.661150 3.388004 -0.829200 0.111249 -0.046484
    34 -0.717484 -3.784271 13.043911 -1.134340 -0.184769 1.516231
    35 1.099216 -1.407745 8.017889 -1.001644 0.008592 0.002818
    36 0.068439 -0.807653 3.686054 -0.685469 0.007810 0.002856
    37 -4.004929 6.172707 4.754754 0.079404 0.825920 2.501306
    38 0.158352 -1.149811 5.804394 -0.548815 -0.254434 0.179346
    39 -1.083523 -1.463142 5.544399 -0.466786 -0.110790 0.013910
    40 -6.289886 0.932434 13.569063 -0.126803 0.612110 2.869610
    41 1.327774 -0.766687 12.396328 -0.029412 0.012227 -0.258525
    42 -0.096140 1.828087 23.185329 0.148035 -0.256186 -1.340632
    43 2.325478 -0.000003 6.169296 0.381379 0.419301 1.971530
    44 0.000000 -3.152912 0.122169 2.035948 0.000000 0.000000
    45 1.068383 -10.478592 7.066338 0.292219 -1.282324 -3.141588
    46 0.000000 0.000000 2.279457 0.547137 -0.343566 0.107833
    47 2.479414 -8.323895 6.074242 -0.009236 0.327514 1.561685
    48 0.000005 -5.730469 2.636719 0.000000 0.000000 0.000000
    49 -1.068383 -10.478611 7.065971 0.292219 1.282324 3.141588
    50 -0.000488 0.000015 2.279600 0.547136 0.343566 0.107835
    51 -2.479401 -8.323895 6.074234 0.009296 0.327574 1.581344
    52 -5.790000 4.432083 14.255558 -2.773389 1.312390 0.422066
    53 1.044540 -2.839314 19.743252 -0.608266 0.612125 -0.177882
    54 -2.655510 -1.533379 24.792648 -0.606851 -0.146596 0.276019
    55 -1.120216 -0.154385 9.795983 0.035973 0.011139 -0.327709
    56 -2.240372 -0.308788 19.592047 0.205575 -0.090785 -0.654009
    57 -0.683205 2.877342 14.167089 -0.954383 0.161935 -1.444281
    58 -0.144958 -0.145317 7.579308 -0.926152 0.233656 -0.032319
    59 -0.038551 -0.936644 4.697678 -0.755323 0.156515 -0.045800
    60 -0.506317 8.500896 13.617329 -0.862984 0.087301 -1.330827
    61 0.385056 -0.460075 7.003435 -0.755171 0.461469 -0.058674
    62 -0.456360 -0.710276 5.057732 -0.544368 0.304298 -0.059867
    63 2.452194 -8.899408 11.597939 -1.300891 0.185797 -1.528651
    64 -0.680515 -0.903999 6.074242 -1.055275 -0.129883 -0.024184
    65 -0.248295 -0.666843 3.386627 -0.909669 -0.125282 0.055312
    66 0.717491 -3.784309 13.044010 -1.167335 0.121743 -1.491131
    67 -1.099228 -1.407673 8.017876 -1.051154 -0.006439 0.003086
    68 -0.064053 -0.807640 3.686100 -0.734867 -0.008762 -0.006760
    69 4.004906 6.172710 4.754800 0.176000 -1.024693 -2.611323
    70 -0.158381 -1.149773 5.804405 -0.476278 0.307423 0.243202
    71 1.078559 -2.386406 5.215008 -0.386948 0.177612 0.094507
    72 6.289963 0.932404 13.569109 -0.126801 -0.612098 -2.869612
    73 -1.327759 -0.766682 12.396324 -0.018957 -0.008895 0.169473
    74 0.000017 -54.999996 0.000000 0.000000 0.000000 -1.570796
  time 54
    0 0.000000 0.000000 -1.500000 0.000000 0.000000 0.000000
    1 -10.521344 -5.760963 66.994621 3.097005 -0.050653 -3.139334
    2 -4.652114 14.055632 16.095063 0.275358 0.247662 0.360362
    3 -0.000034 0.000012 24.761454 -1.538304 -0.178272 -0.096496
    4 0.000017 0.000000 24.344809 1.818720 -0.027291 0.076781
    5 0.002333 -1.019846 24.031336 0.820009 -0.045910 -0.002490
    6 0.000034 0.000008 13.404741 -0.000001 -0.000009 -0.083743
    7 10.398263 -5.760962 66.994675 3.097005 0.050653 3.139334
    8 -1.605684 6.830378 17.681100 1.204185 -0.587149 0.057983
    9 -0.000004 -0.000006 24.761459 -1.553606 0.180101 -0.677601
    10 -0.000007 0.000004 24.344891 1.251318 -0.018817 -0.125766
    11 -0.002360 -1.019903 24.031330 0.389594 -0.042695 -0.017219
    12 0.000000 -0.000002 13.404737 0.000001 0.000005 -0.396241
    13 -0.061540 -5.245835 72.927078 0.000000 0.000000 0.000000
    14 3.474086 10.450585 -16.453278 -0.007157 0.000021 -0.146533
    15 0.000000 -0.005608 -1.146812 0.137769 0.077951 -0.203154
    16 0.030770 -0.240000 8.906021 -0.004138 0.000000 0.000000
    17 -0.867191 -2.354685 -0.402754 0.385150 0.021404 -0.392861
    18 0.030770 -0.276858 8.905140 0.056125 0.004134 -0.000049
    19 0.244836 -0.612424 0.026169 0.332073 0.108906 -0.032899
    20 5.669724 4.435303 14.302868 3.109779 -1.315706 0.248887
    21 -1.044571 -2.839317 19.743267 -0.684563 -0.964771 0.357542
    22 2.655533 -1.533369 24.792658 -0.982025 0.091957 -0.332688
    23 1.120163 -0.154394 9.796035 -0.007711 0.000794 -0.067157
    24 2.240311 -0.308786 19.592051 -0.043250 -0.144196 -0.132714
    25 0.683151 2.877354 14.167051 -0.841630 -0.095053 1.399449
    26 0.144936 -0.145374 7.579252 -0.802884 -0.180641 0.073010
    27 0.091660 -0.906685 4.702850 -0.635046 -0.101507 0.032163
    28 0.506271 8.500866 13.617253 -0.778211 0.122321 1.216543
    29 -0.384987 -0.460049 7.003448 -0.595716 -0.347309 0.147604
    30 0.561516 -0.596954 5.061852 -0.405043 -0.176980 0.042211
    31 -2.452171 -8.899406 11.597897 -1.286276 -0.360908 1.614380
    32 0.680496 -0.903999 6.074253 -0.976262 0.109356 0.014027
    33 0.245514 -0.661150 3.388004 -0.829200 0.111249 -0.046484
    34 -0.717484 -3.784271 13.043911 -1.134340 -0.184769 1.516231
    35 1.099216 -1.407745 8.017889 -1.001644 0.008592 0.002818
    36 0.068439 -0.807653 3.686054 -0.685505 0.007810 0.002856
    37 -4.004929 6.172707 4.754754 0.079404 0.825920 2.501306
    38 0.158352 -1.149811 5.804394 -0.548815 -0.254434 0.179346
    39 -1.083523 -1.463142 5.544399 -0.466786 -0.110790 0.013910
    40 -6.289886 0.932434 13.569063 -0.126803 0.612110 2.869610
    41 1.327774 -0.766687 12.396328 -0.029005 0.012107 -0.255009
    42 -0.096140 1.828087 23.185329 0.148035 -0.256186 -1.340632
    43 2.325478 -0.000003 6.169296 0.381522 0.418028 1.982027
    44 0.000000 -3.152912 0.122169 2.035948 0.000000 0.000000
    45 1.068383 -10.478592 7.066338 0.292219 -1.282324 -3.141588
    46 0.000000 0.000000 2.279457 0.547137 -0.343566 0.107833
    47 2.479414 -8.323895 6.074242 -0.009236 0.327514 1.561685
    48 0.000005 -5.730469 2.636719 0.000000 0.000000 0.000000
    49 -1.068383 -10.478611 7.065971 0.292219 1.282324 3.141588
    50 -0.000488 0.000015 2.279600 0.547136 0.343566 0.107835
    51 -2.479401 -8.323895 6.074234 0.009296 0.327574 1.581344
    52 -5.790000 4.432083 14.255558 -2.769363 1.314550 0.419671
    53 1.044540 -2.839314 19.743252 -0.616893 0.624081 -0.184142
    54 -2.655510 -1.533379 24.792648 -0.608008 -0.145199 0.266553
    55 -1.120216 -0.154385 9.795983 0.035805 0.011080 -0.326104
    56 -2.240372 -0.308788 19.592047 0.204658 -0.089894 -0.650658
    57 -0.683205 2.877342 14.167089 -0.954383 0.161915 -1.444281
    58 -0.144958 -0.145317 7.579308 -0.926152 0.233644 -0.032319
    59 -0.038551 -0.936644 4.697678 -0.755323 0.156515 -0.045800
    60 -0.506317 8.500896 13.617329 -0.862984 0.087301 -1.330827
    61 0.385056 -0.460075 7.003435 -0.755171 0.461469 -0.058689
    62 -0.456360 -0.710276 5.057732 -0.544368 0.304298 -0.059867
    63 2.452194 -8.899408 11.597939 -1.300891 0.185797 -1.528651
    64 -0.680515 -0.903999 6.074242 -1.055275 -0.129883 -0.024184
    65 -0.248295 -0.666843 3.386627 -0.909669 -0.125282 0.055312
    66 0.717491 -3.784309 13.044010 -1.167335 0.121731 -1.491131
    67 -1.099228 -1.407673 8.017876 -1.051154 -0.006439 0.003086
    68 -0.064053 -0.807640 3.686100 -0.734867 -0.008762 -0.006760
    69 4.004906 6.172710 4.754800 0.176000 -1.024693 -2.611323
    70 -0.158381 -1.149773 5.804405 -0.476278 0.307423 0.243202
    71 1.078559 -2.386406 5.215008 -0.386948 0.177612 0.094507
    72 6.289963 0.932404 13.569109 -0.126801 -0.612098 -2.869612
    73 -1.327759 -0.766682 12.396324 -0.018526 -0.008739 0.165819
    74 0.000017 -54.999996 0.000000 0.000000 0.000000 -1.570796
  time 55
    0 0.000000 0.000000 -1.500000 0.000000 0.000000 0.000000
    1 -10.521344 -5.760963 66.994621 3.097005 -0.050653 -3.139334
    2 -5.085721 13.932862 15.758695 0.269346 0.258684 0.354988
    3 -0.000034 0.000012 24.761454 -1.514401 -0.175528 -0.097351
    4 0.000017 0.000000 24.344809 1.801398 -0.034331 0.066172
    5 0.002333 -1.019846 24.031336 0.820009 -0.045910 -0.002490
    6 0.000034 0.000008 13.404741 -0.000001 -0.000009 -0.084629
    7 10.398263 -5.760962 66.994675 3.097005 0.050653 3.139334
    8 -2.117419 6.817889 17.366377 1.193350 -0.561945 0.067060
    9 -0.000004 -0.000006 24.761459 -1.538042 0.178279 -0.664502
    10 -0.000007 0.000004 24.344891 1.250285 -0.029327 -0.132766
    11 -0.002360 -1.019903 24.031330 0.389594 -0.042695 -0.017219
    12 0.000000 -0.000002 13.404737 0.000001 0.000005 -0.390208
    13 -0.061540 -5.245835 72.927078 0.000000 0.000000 0.000000
    14 3.942850 10.369065 -16.115311 -0.007157 0.000021 -0.142089
    15 0.000000 -0.005608 -1.146812 0.137738 0.076476 -0.202067
    16 0.030770 -0.240000 8.906021 -0.004138 0.000000 0.000000
    17 -0.835940 -2.339059 -0.394942 0.381741 0.024430 -0.392541
    18 0.030770 -0.276858 8.905140 0.056125 0.004134 -0.000049
    19 0.252648 -0.604612 0.022263 0.329714 0.112547 -0.032539
    20 5.669724 4.435303 14.302868 3.110832 -1.316341 0.251570
    21 -1.044571 -2.839317 19.743267 -0.696304 -0.969311 0.365495
    22 2.655533 -1.533369 24.792658 -0.980680 0.091457 -0.323873
    23 1.120163 -0.154394 9.796035 -0.007915 0.000805 -0.068917
    24 2.240311 -0.308786 19.592051 -0.043163 -0.148524 -0.136393
    25 0.683151 2.877354 14.167051 -0.841630 -0.095053 1.399462
    26 0.144936 -0.145374 7.579252 -0.802884 -0.180641 0.073010
    27 0.091660 -0.906685 4.702850 -0.635046 -0.101507 0.032163
    28 0.506271 8.500866 13.617253 -0.778211 0.122343 1.216543
    29 -0.384987 -0.460049 7.003448 -0.595716 -0.347309 0.147604
    30 0.561516 -0.596954 5.061852 -0.405043 -0.176980 0.042211
    31 -2.452171 -8.899406 11.597897 -1.286276 -0.360908 1.614380
    32 0.680496 -0.903999 6.074253 -0.976262 0.109356 0.014027
    33 0.245514 -0.661150 3.388004 -0.829200 0.111249 -0.046484
    34 -0.717484 -3.784271 13.043911 -1.134340 -0.184769 1.516246
    35 1.099216 -1.407745 8.017889 -1.001644 0.008592 0.002818
    36 0.068439 -0.807653 3.686054 -0.685469 0.007810 0.002856
    37 -4.004929 6.172707 4.754754 0.079404 0.825920 2.501306
    38 0.158352 -1.149811 5.804394 -0.548815 -0.254434 0.179346
    39 -1.083523 -1.463142 5.544399 -0.466786 -0.110790 0.013910
    40 -6.289886 0.932434 13.569063 -0.126803 0.612110 2.869610
    41 1.327774 -0.766687 12.396328 -0.028585 0.012012 -0.251645
    42 -0.096140 1.828087 23.185329 0.148035 -0.256186 -1.340632
    43 2.325478 -0.000003 6.169296 0.381283 0.415496 1.990928
    44 0.000000 -3.152912 0.122169 2.035948 0.000000 0.000000
    45 1.068383 -10.478592 7.066338 0.292219 -1.282324 -3.141588
    46 0.000000 0.000000 2.279457 0.547137 -0.343566 0.107833
    47 2.479414 -8.323895 6.074242 -0.009236 0.327514 1.561685
    48 0.000005 -5.730469 2.636719 0.000000 0.000000 0.000000
    49 -1.068383 -10.478611 7.065971 0.292231 1.282324 3.141588
    50 -0.000488 0.000015 2.279600 0.547136 0.343566 0.107835
    51 -2.479401 -8.323895 6.074234 0.009296 0.327574 1.581344
    52 -5.790000 4.432083 14.255558 -2.765241 1.316710 0.417275
    53 1.044540 -2.839314 19.743252 -0.625297 0.635401 -0.190320
    54 -2.655510 -1.533379 24.792648 -0.609568 -0.143581 0.257465
    55 -1.120216 -0.154385 9.795983 0.035637 0.010996 -0.324526
    56 -2.240372 -0.308788 19.592047 0.203284 -0.088805 -0.647307
    57 -0.683205 2.877342 14.167089 -0.954383 0.161915 -1.444281
    58 -0.144958 -0.145317 7.579308 -0.926152 0.233644 -0.032319
    59 -0.038551 -0.936644 4.697678 -0.755323 0.156515 -0.045800
    60 -0.506317 8.500896 13.617329 -0.862984 0.087301 -1.330827
    61 0.385056 -0.460075 7.003435 -0.755171 0.461452 -0.058674
    62 -0.456360 -0.710276 5.057732 -0.544368 0.304298 -0.059867
    63 2.452194 -8.899408 11.597939 -1.300891 0.185797 -1.528651
    64 -0.680515 -0.903999 6.074242 -1.055275 -0.129883 -0.024184
    65 -0.248295 -0.666843 3.386627 -0.909669 -0.125282 0.055312
    66 0.717491 -3.784309 13.044010 -1.167335 0.121731 -1.491131
    67 -1.099228 -1.407673 8.017876 -1.051154 -0.006439 0.003086
    68 -0.064053 -0.807640 3.686100 -0.734867 -0.008762 -0.006760
    69 4.004906 6.172710 4.754800 0.176000 -1.024693 -2.611323
    70 -0.158381 -1.149773 5.804405 -0.476278 0.307423 0.243202
    71 1.078559 -2.386406 5.215008 -0.386948 0.177582 0.094507
    72 6.289963 0.932404 13.569109 -0.126801 -0.612098 -2.869612
    73 -1.327759 -0.766682 12.396324 -0.018130 -0.008608 0.162441
    74 0.000017 -54.999996 0.000000 0.000000 0.000000 -1.570796
  time 56
    0 0.000000 0.000000 -1.500000 0.000000 0.000000 0.000000
    1 -10.521344 -5.760963 66.994621 3.097005 -0.050653 -3.139334
    2 -5.449014 13.785538 15.399902 0.261011 0.268454 0.349352
    3 -0.000034 0.000012 24.761454 -1.489116 -0.172591 -0.097066
    4 0.000017 0.000000 24.344809 1.784445 -0.040057 0.057011
    5 0.002333 -1.019846 24.031336 0.820009 -0.045910 -0.002490
    6 0.000034 0.000008 13.404741 -0.000001 -0.000009 -0.084629
    7 10.398263 -5.760962 66.994675 3.097005 0.050653 3.139334
    8 -2.554932 6.780420 17.029175 1.180810 -0.538643 0.075559
    9 -0.000004 -0.000006 24.761459 -1.521708 0.176398 -0.651510
    10 -0.000007 0.000004 24.344891 1.249576 -0.038282 -0.137831
    11 -0.002360 -1.019903 24.031330 0.389594 -0.042695 -0.017219
    12 0.000000 -0.000002 13.404737 0.000001 0.000005 -0.383488
    13 -0.061540 -5.245835 72.927078 0.000000 0.000000 0.000000
    14 4.337394 10.264254 -15.777345 -0.007157 0.000021 -0.137285
    15 0.000000 -0.005608 -1.146812 0.137738 0.074861 -0.201442
    16 0.030770 -0.240000 8.906021 -0.004138 0.000000 0.000000
    17 -0.816408 -2.327340 -0.391035 0.378710 0.027076 -0.391862
    18 0.030770 -0.276858 8.905140 0.056125 0.004134 -0.000049
    19 0.256555 -0.600705 0.022263 0.327533 0.115715 -0.032228
    20 5.669724 4.435303 14.302868 3.111884 -1.317010 0.253966
    21 -1.044571 -2.839317 19.743267 -0.706920 -0.972494 0.372348
    22 2.655533 -1.533369 24.792658 -0.979248 0.091188 -0.315786
    23 1.120163 -0.154394 9.796035 -0.008203 0.000817 -0.071262
    24 2.240311 -0.308786 19.592051 -0.042554 -0.151241 -0.141299
    25 0.683151 2.877354 14.167051 -0.841630 -0.095041 1.399462
    26 0.144936 -0.145374 7.579252 -0.802884 -0.180641 0.073010
    27 0.091660 -0.906685 4.702850 -0.635046 -0.101507 0.032163
    28 0.506271 8.500866 13.617253 -0.778211 0.122321 1.216543
    29 -0.384987 -0.460049 7.003448 -0.595716 -0.347309 0.147604
    30 0.561516 -0.596954 5.061852 -0.405043 -0.176980 0.042211
    31 -2.452171 -8.899406 11.597897 -1.286276 -0.360908 1.614380
    32 0.680496 -0.903999 6.074253 -0.976262 0.109356 0.014027
    33 0.245514 -0.661150 3.388004 -0.829200 0.111249 -0.046484
    34 -0.717484 -3.784271 13.043911 -1.134340 -0.184769 1.516231
    35 1.099216 -1.407745 8.017889 -1.001644 0.008592 0.002818
    36 0.068439 -0.807653 3.686054 -0.685469 0.007822 0.002856
    37 -4.004929 6.172707 4.754754 0.079404 0.825920 2.501306
    38 0.158352 -1.149811 5.804394 -0.548815 -0.254434 0.179346
    39 -1.083523 -1.463142 5.544399 -0.466786 -0.110790 0.013910
    40 -6.289886 0.932434 13.569063 -0.126803 0.612110 2.869610
    41 1.327774 -0.766687 12.396328 -0.028226 0.011904 -0.248532
    42 -0.096140 1.828087 23.185329 0.148035 -0.256186 -1.340632
    43 2.325478 -0.000003 6.169296 0.380615 0.411908 1.998352
    44 0.000000 -3.152912 0.122169 2.035948 0.000000 0.000000
    45 1.068383 -10.478592 7.066338 0.292219 -1.282324 -3.141588
    46 0.000000 0.000000 2.279457 0.547137 -0.343566 0.107833
    47 2.479414 -8.323895 6.074242 -0.009236 0.327514 1.561685
    48 0.000005 -5.730469 2.636719 0.000000 0.000000 0.000000
    49 -1.068383 -10.478611 7.065971 0.292219 1.282324 3.141588
    50 -0.000488 0.000015 2.279600 0.547136 0.343566 0.107835
    51 -2.479401 -8.323895 6.074234 0.009296 0.327574 1.581344
    52 -5.790000 4.432083 14.255558 -2.761215 1.318953 0.414784
    53 1.044540 -2.839314 19.743252 -0.633367 0.646170 -0.196416
    54 -2.655510 -1.533379 24.792648 -0.611430 -0.141795 0.248756
    55 -1.120216 -0.154385 9.795983 0.035469 0.010912 -0.323003
    56 -2.240372 -0.308788 19.592047 0.201604 -0.087815 -0.644042
    57 -0.683205 2.877342 14.167089 -0.954432 0.161915 -1.444281
    58 -0.144958 -0.145317 7.579308 -0.926152 0.233644 -0.032319
    59 -0.038551 -0.936644 4.697678 -0.755323 0.156515 -0.045800
    60 -0.506317 8.500896 13.617329 -0.862984 0.087301 -1.330827
    61 0.385056 -0.460075 7.003435 -0.755171 0.461452 -0.058674
    62 -0.456360 -0.710276 5.057732 -0.544368 0.304298 -0.059867
    63 2.452194 -8.899408 11.597939 -1.300891 0.185797 -1.528651
    64 -0.680515 -0.903999 6.074242 -1.055275 -0.129883 -0.024184
    65 -0.248295 -0.666843 3.386627 -0.909669 -0.125282 0.055312
    66 0.717491 -3.784309 13.044010 -1.167335 0.121731 -1.491131
    67 -1.099228 -1.407673 8.017876 -1.051154 -0.006439 0.003086
    68 -0.064053 -0.807640 3.686100 -0.734867 -0.008762 -0.006760
    69 4.004906 6.172710 4.754800 0.176000 -1.024693 -2.611323
    70 -0.158381 -1.149773 5.804405 -0.476278 0.307423 0.243202
    71 1.078559 -2.386406 5.215008 -0.386948 0.177612 0.094507
    72 6.289963 0.932404 13.569109 -0.126801 -0.612098 -2.869612
    73 -1.327759 -0.766682 12.396324 -0.017782 -0.008464 0.159295
    74 0.000017 -54.999996 0.000000 0.000000 0.000000 -1.570796
  time 57
    0 0.000000 0.000000 -1.500000 0.000000 0.000000 0.000000
    1 -10.521344 -5.760963 66.994621 3.097005 -0.050653 -3.139334
    2 -5.734179 13.601383 15.041109 0.250627 0.276721 0.343716
    3 -0.000034 0.000012 24.761454 -1.463018 -0.169571 -0.095844
    4 0.000017 0.000000 24.344809 1.768355 -0.044494 0.049405
    5 0.002333 -1.019846 24.031336 0.820009 -0.045910 -0.002490
    6 0.000034 0.000008 13.404741 -0.000001 -0.000009 -0.083828
    7 10.398263 -5.760962 66.994675 3.097005 0.050653 3.139334
    8 -2.914318 6.692995 16.669492 1.167075 -0.517829 0.083563
    9 -0.000004 -0.000006 24.761459 -1.504824 0.174444 -0.639057
    10 -0.000007 0.000004 24.344891 1.249188 -0.045570 -0.141005
    11 -0.002360 -1.019903 24.031330 0.389594 -0.042695 -0.017219
    12 0.000000 -0.000002 13.404737 0.000001 0.000005 -0.376424
    13 -0.061540 -5.245835 72.927078 0.000000 0.000000 0.000000
    14 4.653810 10.124506 -15.416847 -0.007157 0.000021 -0.132361
    15 0.000000 -0.005608 -1.146812 0.137738 0.073026 -0.201442
    16 0.030770 -0.240000 8.906021 -0.004138 0.000000 0.000000
    17 -0.792970 -2.315621 -0.387129 0.376038 0.029304 -0.390744
    18 0.030770 -0.276858 8.905140 0.056125 0.004134 -0.000049
    19 0.268274 -0.600705 0.026169 0.325567 0.118595 -0.031868
    20 5.669724 4.435303 14.302868 3.112841 -1.317680 0.256745
    21 -1.044571 -2.839317 19.743267 -0.715921 -0.974112 0.377678
    22 2.655533 -1.533369 24.792658 -0.977599 0.091150 -0.308345
    23 1.120163 -0.154394 9.796035 -0.008526 0.000841 -0.074228
    24 2.240311 -0.308786 19.592051 -0.041553 -0.152162 -0.147352
    25 0.683151 2.877354 14.167051 -0.841630 -0.095041 1.399462
    26 0.144936 -0.145374 7.579252 -0.802884 -0.180641 0.073010
    27 0.091660 -0.906685 4.702850 -0.635046 -0.101507 0.032163
    28 0.506271 8.500866 13.617253 -0.778211 0.122321 1.216543
    29 -0.384987 -0.460049 7.003448 -0.595716 -0.347309 0.147604
    30 0.561516 -0.596954 5.061852 -0.405043 -0.176980 0.042211
    31 -2.452171 -8.899406 11.597897 -1.286276 -0.360908 1.614380
    32 0.680496 -0.903999 6.074253 -0.976262 0.109356 0.014027
    33 0.245514 -0.661150 3.388004 -0.829200 0.111249 -0.046484
    34 -0.717484 -3.784271 13.043911 -1.134340 -0.184769 1.516246
    35 1.099216 -1.407745 8.017889 -1.001644 0.008592 0.002818
    36 0.068439 -0.807653 3.686054 -0.685469 0.007810 0.002856
    37 -4.004929 6.172707 4.754754 0.079404 0.825920 2.501306
    38 0.158352 -1.149811 5.804394 -0.548815 -0.254434 0.179346
    39 -1.083523 -1.463142 5.544399 -0.466786 -0.110790 0.013910
    40 -6.289886 0.932434 13.569063 -0.126803 0.612110 2.869610
    41 1.327774 -0.766687 12.396328 -0.027866 0.011808 -0.245569
    42 -0.096140 1.828087 23.185329 0.148035 -0.256186 -1.340632
    43 2.325478 -0.000003 6.169296 0.379373 0.407379 2.004338
    44 0.000000 -3.152912 0.122169 2.035948 0.000000 0.000000
    45 1.068383 -10.478592 7.066338 0.292219 -1.282324 -3.141588
    46 0.000000 0.000000 2.279457 0.547137 -0.343566 0.107833
    47 2.479414 -8.323895 6.074242 -0.009236 0.327514 1.561685
    48 0.000005 -5.730469 2.636719 0.000000 0.000000 0.000000
    49 -1.068383 -10.478611 7.065971 0.292219 1.282324 3.141588
    50 -0.000488 0.000015 2.279600 0.547136 0.343566 0.107835
    51 -2.479401 -8.323895 6.074234 0.009296 0.327574 1.581344
    52 -5.790000 4.432083 14.255558 -2.757189 1.321196 0.412197
    53 1.044540 -2.839314 19.743252 -0.641214 0.656515 -0.202458
    54 -2.655510 -1.533379 24.792648 -0.613796 -0.139814 0.240577
    55 -1.120216 -0.154385 9.795983 0.035314 0.010828 -0.321425
    56 -2.240372 -0.308788 19.592047 0.199542 -0.086627 -0.640863
    57 -0.683205 2.877342 14.167089 -0.954432 0.161915 -1.444281
    58 -0.144958 -0.145317 7.579308 -0.926152 0.233644 -0.032319
    59 -0.038551 -0.936644 4.697678 -0.755323 0.156515 -0.045800
    60 -0.506317 8.500896 13.617329 -0.862984 0.087301 -1.330827
    61 0.385056 -0.460075 7.003435 -0.755171 0.461452 -0.058689
    62 -0.456360 -0.710276 5.057732 -0.544368 0.304298 -0.059867
    63 2.452194 -8.899408 11.597939 -1.300891 0.185797 -1.528651
    64 -0.680515 -0.903999 6.074242 -1.055275 -0.129883 -0.024184
    65 -0.248295 -0.666843 3.386627 -0.909669 -0.125282 0.055312
    66 0.717491 -3.784309 13.044010 -1.167335 0.121731 -1.491131
    67 -1.099228 -1.407673 8.017876 -1.051154 -0.006439 0.003086
    68 -0.064053 -0.807640 3.686100 -0.734867 -0.008762 -0.006760
    69 4.004906 6.172710 4.754800 0.176000 -1.024693 -2.611323
    70 -0.158381 -1.149773 5.804405 -0.476278 0.307423 0.243202
    71 1.078559 -2.386406 5.215008 -0.386948 0.177612 0.094507
    72 6.289963 0.932404 13.569109 -0.126801 -0.612098 -2.869612
    73 -1.327759 -0.766682 12.396324 -0.017471 -0.008332 0.156519
    74 0.000017 -54.999996 0.000000 0.000000 0.000000 -1.570796
  time 58
    0 0.000000 0.000000 -1.500000 0.000000 0.000000 0.000000
    1 -10.521344 -5.760963 66.994621 3.097005 -0.050653 -3.139334
    2 -5.941216 13.404951 14.682317 0.238603 0.283290 0.338211
    3 -0.000034 0.000012 24.761454 -1.436473 -0.166503 -0.093890
    4 0.000017 0.000000 24.344809 1.753251 -0.047527 0.043356
    5 0.002333 -1.019846 24.031336 0.820009 -0.045910 -0.002490
    6 0.000034 0.000008 13.404741 -0.000001 -0.000009 -0.082351
    7 10.398263 -5.760962 66.994675 3.097005 0.050653 3.139334
    8 -3.195576 6.593080 16.309809 1.152402 -0.499868 0.090577
    9 -0.000004 -0.000006 24.761459 -1.487939 0.172503 -0.627537
    10 -0.000007 0.000004 24.344891 1.249188 -0.051036 -0.142350
    11 -0.002360 -1.019903 24.031330 0.389594 -0.042695 -0.017219
    12 0.000000 -0.000002 13.404737 0.000001 0.000005 -0.369275
    13 -0.061540 -5.245835 72.927078 0.000000 0.000000 0.000000
    14 4.884285 9.961466 -15.078881 -0.007157 0.000021 -0.127196
    15 0.000000 -0.005608 -1.146812 0.137738 0.071034 -0.202013
    16 0.030770 -0.240000 8.906021 -0.004138 0.000000 0.000000
    17 -0.773438 -2.307808 -0.383222 0.373723 0.031064 -0.389227
    18 0.030770 -0.276858 8.905140 0.056125 0.004134 -0.000049
    19 0.272180 -0.596799 0.022263 0.323887 0.121187 -0.031509
    20 5.669724 4.435303 14.302868 3.113990 -1.318349 0.259333
    21 -1.044571 -2.839317 19.743267 -0.723259 -0.974164 0.381372
    22 2.655533 -1.533369 24.792658 -0.975776 0.091265 -0.301957
    23 1.120163 -0.154394 9.796035 -0.008934 0.000865 -0.077643
    24 2.240311 -0.308786 19.592051 -0.040378 -0.151195 -0.154474
    25 0.683151 2.877354 14.167051 -0.841630 -0.095053 1.399462
    26 0.144936 -0.145374 7.579252 -0.802884 -0.180641 0.073010
    27 0.091660 -0.906685 4.702850 -0.635046 -0.101507 0.032163
    28 0.506271 8.500866 13.617253 -0.778211 0.122343 1.216543
    29 -0.384987 -0.460049 7.003448 -0.595716 -0.347309 0.147604
    30 0.561516 -0.596954 5.061852 -0.405043 -0.176980 0.042211
    31 -2.452171 -8.899406 11.597897 -1.286276 -0.360908 1.614380
    32 0.680496 -0.903999 6.074253 -0.976262 0.109356 0.014027
    33 0.245514 -0.661150 3.388004 -0.829200 0.111249 -0.046484
    34 -0.717484 -3.784271 13.043911 -1.134340 -0.184769 1.516246
    35 1.099216 -1.407745 8.017889 -1.001644 0.008592 0.002818
    36 0.068439 -0.807653 3.686054 -0.685540 0.007810 0.002856
    37 -4.004929 6.172707 4.754754 0.079404 0.825920 2.501306
    38 0.158352 -1.149811 5.804394 -0.548815 -0.254434 0.179346
    39 -1.083523 -1.463142 5.544399 -0.466786 -0.110790 0.013910
    40 -6.289886 0.932434 13.569063 -0.126803 0.612110 2.869610
    41 1.327774 -0.766687 12.396328 -0.027567 0.011700 -0.243008
    42 -0.096140 1.828087 23.185329 0.148035 -0.256186 -1.340632
    43 2.325478 -0.000003 6.169296 0.377654 0.402083 2.009008
    44 0.000000 -3.152912 0.122169 2.035948 0.000000 0.000000
    45 1.068383 -10.478592 7.066338 0.292219 -1.282324 -3.141588
    46 0.000000 0.000000 2.279457 0.547137 -0.343566 0.107833
    47 2.479414 -8.323895 6.074242 -0.009236 0.327514 1.561685
    48 0.000005 -5.730469 2.636719 0.000000 0.000000 0.000000
    49 -1.068383 -10.478611 7.065971 0.292219 1.282324 3.141588
    50 -0.000488 0.000015 2.279600 0.547136 0.343566 0.107835
    51 -2.479401 -8.323895 6.074234 0.009296 0.327574 1.581344
    52 -5.790000 4.432083 14.255558 -2.753068 1.323356 0.409418
    53 1.044540 -2.839314 19.743252 -0.648784 0.666436 -0.208418
    54 -2.655510 -1.533379 24.792648 -0.616664 -0.137718 0.233004
    55 -1.120216 -0.154385 9.795983 0.035158 0.010756 -0.319847
    56 -2.240372 -0.308788 19.592047 0.197251 -0.085389 -0.637684
    57 -0.683205 2.877342 14.167089 -0.954383 0.161935 -1.444281
    58 -0.144958 -0.145317 7.579308 -0.926152 0.233644 -0.032319
    59 -0.038551 -0.936644 4.697678 -0.755323 0.156515 -0.045800
    60 -0.506317 8.500896 13.617329 -0.862984 0.087301 -1.330827
    61 0.385056 -0.460075 7.003435 -0.755171 0.461469 -0.058674
    62 -0.456360 -0.710276 5.057732 -0.544368 0.304298 -0.059867
    63 2.452194 -8.899408 11.597939 -1.300891 0.185797 -1.528651
    64 -0.680515 -0.903999 6.074242 -1.055275 -0.129883 -0.024184
    65 -0.248295 -0.666843 3.386627 -0.909669 -0.125282 0.055312
    66 0.717491 -3.784309 13.044010 -1.167335 0.121743 -1.491131
    67 -1.099228 -1.407673 8.017876 -1.051154 -0.006439 0.003086
    68 -0.064053 -0.807640 3.686100 -0.734867 -0.008762 -0.006760
    69 4.004906 6.172710 4.754800 0.176000 -1.024693 -2.611323
    70 -0.158381 -1.149773 5.804405 -0.476278 0.307423 0.243202
    71 1.078559 -2.386406 5.215008 -0.386948 0.177612 0.094507
    72 6.289963 0.932404 13.569109 -0.126801 -0.612098 -2.869612
    73 -1.327759 -0.766682 12.396324 -0.017171 -0.008224 0.154067
    74 0.000017 -54.999996 0.000000 0.000000 0.000000 -1.570796
  time 59
    0 0.000000 0.000000 -1.500000 0.000000 0.000000 0.000000
    1 -10.521344 -5.760963 66.994621 3.097005 -0.050653 -3.139334
    2 -6.062314 13.183965 14.345949 0.225212 0.288134 0.333056
    3 -0.000034 0.000012 24.761454 -1.410253 -0.163471 -0.091487
    4 0.000017 0.000000 24.344809 1.739566 -0.049156 0.038797
    5 0.002333 -1.019846 24.031336 0.820009 -0.045910 -0.002490
    6 0.000034 0.000008 13.404741 -0.000001 -0.000009 -0.080453
    7 10.398263 -5.760962 66.994675 3.097005 0.050653 3.139334
    8 -3.383082 6.455697 15.927646 1.136449 -0.485199 0.097261
    9 -0.000004 -0.000006 24.761459 -1.471110 0.170549 -0.617309
    10 -0.000007 0.000004 24.344891 1.249576 -0.054636 -0.141909
    11 -0.002360 -1.019903 24.031330 0.389594 -0.042695 -0.017219
    12 0.000000 -0.000002 13.404737 0.000001 0.000005 -0.362340
    13 -0.061540 -5.245835 72.927078 0.000000 0.000000 0.000000
    14 5.024915 9.763489 -14.718383 -0.007157 0.000021 -0.122212
    15 0.000000 -0.005608 -1.146812 0.137706 0.068446 -0.203154
    16 0.030770 -0.240000 8.906021 -0.004138 0.000000 0.000000
    17 -0.750000 -2.303902 -0.379316 0.371829 0.032330 -0.387190
    18 0.030770 -0.276858 8.905140 0.056125 0.004134 -0.000049
    19 0.276087 -0.600705 0.022263 0.322457 0.123553 -0.031101
    20 5.669724 4.435303 14.302868 3.115043 -1.319018 0.261920
    21 -1.044571 -2.839317 19.743267 -0.728592 -0.972442 0.383149
    22 2.655533 -1.533369 24.792658 -0.973650 0.091534 -0.296295
    23 1.120163 -0.154394 9.796035 -0.009377 0.000901 -0.081610
    24 2.240311 -0.308786 19.592051 -0.038942 -0.148478 -0.162465
    25 0.683151 2.877354 14.167051 -0.841630 -0.095053 1.399449
    26 0.144936 -0.145374 7.579252 -0.802884 -0.180641 0.073010
    27 0.091660 -0.906685 4.702850 -0.635046 -0.101507 0.032163
    28 0.506271 8.500866 13.617253 -0.778211 0.122321 1.216543
    29 -0.384987 -0.460049 7.003448 -0.595716 -0.347309 0.147604
    30 0.561516 -0.596954 5.061852 -0.405043 -0.176980 0.042211
    31 -2.452171 -8.899406 11.597897 -1.286276 -0.360908 1.614380
    32 0.680496 -0.903999 6.074253 -0.976262 0.109356 0.014027
    33 0.245514 -0.661150 3.388004 -0.829200 0.111249 -0.046484
    34 -0.717484 -3.784271 13.043911 -1.134340 -0.184769 1.516231
    35 1.099216 -1.407745 8.017889 -1.001644 0.008592 0.002818
    36 0.068439 -0.807653 3.686054 -0.685469 0.007810 0.002856
    37 -4.004929 6.172707 4.754754 0.079404 0.825920 2.501306
    38 0.158352 -1.149811 5.804394 -0.548815 -0.254434 0.179346
    39 -1.083523 -1.463142 5.544399 -0.466786 -0.110790 0.013910
    40 -6.289886 0.932434 13.569063 -0.126803 0.612110 2.869610
    41 1.327774 -0.766687 12.396328 -0.027291 0.011628 -0.240698
    42 -0.096140 1.828087 23.185329 0.148035 -0.256186 -1.340632
    43 2.325478 -0.000003 6.169296 0.375410 0.396238 2.012521
    44 0.000000 -3.152912 0.122169 2.035948 0.000000 0.000000
    45 1.068383 -10.478592 7.066338 0.292219 -1.282324 -3.141588
    46 0.000000 0.000000 2.279457 0.547137 -0.343566 0.107833
    47 2.479414 -8.323895 6.074242 -0.009236 0.327514 1.561685
    48 0.000005 -5.730469 2.636719 0.000000 0.000000 0.000000
    49 -1.068383 -10.478611 7.065971 0.292219 1.282324 3.141588
    50 -0.000488 0.000015 2.279600 0.547136 0.343566 0.107835
    51 -2.479401 -8.323895 6.074234 0.009296 0.327574 1.581344
    52 -5.790000 4.432083 14.255558 -2.749041 1.325599 0.406640
    53 1.044540 -2.839314 19.743252 -0.656075 0.675891 -0.214269
    54 -2.655510 -1.533379 24.792648 -0.619784 -0.135479 0.226037
    55 -1.120216 -0.154385 9.795983 0.035002 0.010684 -0.318323
    56 -2.240372 -0.308788 19.592047 0.194502 -0.084102 -0.634591
    57 -0.683205 2.877342 14.167089 -0.954432 0.161935 -1.444281
    58 -0.144958 -0.145317 7.579308 -0.926152 0.233644 -0.032319
    59 -0.038551 -0.936644 4.697678 -0.755323 0.156515 -0.045800
    60 -0.506317 8.500896 13.617329 -0.862984 0.087301 -1.330827
    61 0.385056 -0.460075 7.003435 -0.755171 0.461452 -0.058674
    62 -0.456360 -0.710276 5.057732 -0.544368 0.304298 -0.059867
    63 2.452194 -8.899408 11.597939 -1.300891 0.185797 -1.528651
    64 -0.680515 -0.903999 6.074242 -1.055275 -0.129883 -0.024184
    65 -0.248295 -0.666843 3.386627 -0.909669 -0.125282 0.055312
    66 0.717491 -3.784309 13.044010 -1.167335 0.121719 -1.491131
    67 -1.099228 -1.407673 8.017876 -1.051154 -0.006439 0.003086
    68 -0.064053 -0.807640 3.686100 -0.734867 -0.008762 -0.006760
    69 4.004906 6.172710 4.754800 0.176000 -1.024693 -2.611323
    70 -0.158381 -1.149773 5.804405 -0.476278 0.307423 0.243202
    71 1.078559 -2.386406 5.215008 -0.386948 0.177582 0.094507
    72 6.289963 0.932404 13.569109 -0.126801 -0.612098 -2.869612
    73 -1.327759 -0.766682 12.396324 -0.016932 -0.008128 0.152078
    74 0.000017 -54.999996 0.000000 0.000000 0.000000 -1.570796
  time 60
    0 0.000000 0.000000 -1.500000 0.000000 0.000000 0.000000
    1 -10.521344 -5.760963 66.994621 3.097005 -0.050653 -3.139334
    2 -6.097471 12.950702 14.032005 0.210797 0.291056 0.328512
    3 -0.000034 0.000012 24.761454 -1.384968 -0.160559 -0.088759
    4 0.000017 0.000000 24.344809 1.727668 -0.049360 0.035793
    5 0.002333 -1.019846 24.031336 0.820009 -0.045910 -0.002490
    6 0.000034 0.000008 13.404741 -0.000001 -0.000009 -0.078259
    7 10.398263 -5.760962 66.994675 3.097005 0.050653 3.139334
    8 -3.476835 6.280846 15.545483 1.119387 -0.474042 0.103532
    9 -0.000004 -0.000006 24.761459 -1.454611 0.168644 -0.608696
    10 -0.000007 0.000004 24.344891 1.250350 -0.056280 -0.139723
    11 -0.002360 -1.019903 24.031330 0.389594 -0.042695 -0.017219
    12 0.000000 -0.000002 13.404737 0.000001 0.000005 -0.355986
    13 -0.061540 -5.245835 72.927078 0.000000 0.000000 0.000000
    14 5.071791 9.553867 -14.380416 -0.007157 0.000021 -0.117347
    15 0.000000 -0.005608 -1.146812 0.137674 0.064979 -0.204948
    16 0.030770 -0.240000 8.906021 -0.004138 0.000000 0.000000
    17 -0.742187 -2.299996 -0.375410 0.370377 0.033089 -0.384634
    18 0.030770 -0.276858 8.905140 0.056125 0.004134 -0.000049
    19 0.283899 -0.596799 0.022263 0.321242 0.125651 -0.030670
    20 5.669724 4.435303 14.302868 3.116000 -1.319688 0.264699
    21 -1.044571 -2.839317 19.743267 -0.731576 -0.968789 0.382839
    22 2.655533 -1.533369 24.792658 -0.971263 0.091995 -0.291686
    23 1.120163 -0.154394 9.796035 -0.009893 0.000913 -0.085956
    24 2.240311 -0.308786 19.592051 -0.037375 -0.144104 -0.171327
    25 0.683151 2.877354 14.167051 -0.841630 -0.095041 1.399462
    26 0.144936 -0.145374 7.579252 -0.802884 -0.180641 0.073010
    27 0.091660 -0.906685 4.702850 -0.635046 -0.101507 0.032163
    28 0.506271 8.500866 13.617253 -0.778211 0.122321 1.216543
    29 -0.384987 -0.460049 7.003448 -0.595716 -0.347309 0.147604
    30 0.561516 -0.596954 5.061852 -0.405043 -0.176980 0.042211
    31 -2.452171 -8.899406 11.597897 -1.286276 -0.360908 1.614380
    32 0.680496 -0.903999 6.074253 -0.976262 0.109356 0.014027
    33 0.245514 -0.661150 3.388004 -0.829200 0.111249 -0.046484
    34 -0.717484 -3.784271 13.043911 -1.134340 -0.184769 1.516231
    35 1.099216 -1.407745 8.017889 -1.001644 0.008592 0.002818
    36 0.068439 -0.807653 3.686054 -0.685469 0.007810 0.002856
    37 -4.004929 6.172707 4.754754 0.079404 0.825920 2.501306
    38 0.158352 -1.149811 5.804394 -0.548815 -0.254434 0.179346
    39 -1.083523 -1.463142 5.544399 -0.466786 -0.110790 0.013910
    40 -6.289886 0.932434 13.569063 -0.126803 0.612110 2.869610
    41 1.327774 -0.766687 12.396328 -0.027039 0.011556 -0.238589
    42 -0.096140 1.828087 23.185329 0.148035 -0.256186 -1.340632
    43 2.325478 -0.000003 6.169296 0.372688 0.390002 2.014915
    44 0.000000 -3.152912 0.122169 2.035948 0.000000 0.000000
    45 1.068383 -10.478592 7.066338 0.292219 -1.282324 -3.141588
    46 0.000000 0.000000 2.279457 0.547137 -0.343566 0.107833
    47 2.479414 -8.323895 6.074242 -0.009236 0.327514 1.561685
    48 0.000005 -5.730469 2.636719 0.000000 0.000000 0.000000
    49 -1.068383 -10.478611 7.065971 0.292219 1.282324 3.141588
    50 -0.000488 0.000015 2.279600 0.547136 0.343566 0.107835
    51 -2.479401 -8.323895 6.074234 0.009296 0.327574 1.581344
    52 -5.790000 4.432083 14.255558 -2.745111 1.327842 0.403861
    53 1.044540 -2.839314 19.743252 -0.663087 0.684836 -0.219957
    54 -2.655510 -1.533379 24.792648 -0.623357 -0.133149 0.219676
    55 -1.120216 -0.154385 9.795983 0.034822 0.010588 -0.316746
    56 -2.240372 -0.308788 19.592047 0.191600 -0.082815 -0.631412
    57 -0.683205 2.877342 14.167089 -0.954383 0.161935 -1.444281
    58 -0.144958 -0.145317 7.579308 -0.926152 0.233644 -0.032319
    59 -0.038551 -0.936644 4.697678 -0.755323 0.156515 -0.045800
    60 -0.506317 8.500896 13.617329 -0.862984 0.087301 -1.330827
    61 0.385056 -0.460075 7.003435 -0.755171 0.461452 -0.058674
    62 -0.456360 -0.710276 5.057732 -0.544368 0.304298 -0.059867
    63 2.452194 -8.899408 11.597939 -1.300891 0.185797 -1.528651
    64 -0.680515 -0.903999 6.074242 -1.055275 -0.129883 -0.024184
    65 -0.248295 -0.666843 3.386627 -0.909669 -0.125282 0.055312
    66 0.717491 -3.784309 13.044010 -1.167335 0.121719 -1.491131
    67 -1.099228 -1.407673 8.017876 -1.051154 -0.006439 0.003086
    68 -0.064053 -0.807640 3.686100 -0.734867 -0.008762 -0.006760
    69 4.004906 6.172710 4.754800 0.176000 -1.024693 -2.611323
    70 -0.158381 -1.149773 5.804405 -0.476278 0.307423 0.243202
    71 1.078559 -2.386406 5.215008 -0.386948 0.177612 0.094507
    72 6.289963 0.932404 13.569109 -0.126801 -0.612098 -2.869612
    73 -1.327759 -0.766682 12.396324 -0.016752 -0.008056 0.150366
    74 0.000017 -54.999996 0.000000 0.000000 0.000000 -1.570796
  time 61
    0 0.000000 0.000000 -1.500000 0.000000 0.000000 0.000000
    1 -10.521344 -5.760963 66.994621 3.097005 -0.050653 -3.139334
    2 -6.081846 12.705163 13.740486 0.195903 0.292838 0.324711
    3 -0.000034 0.000012 24.761454 -1.360618 -0.157730 -0.086357
    4 0.000017 0.000000 24.344809 1.717434 -0.048794 0.033633
    5 0.002333 -1.019846 24.031336 0.820009 -0.045910 -0.002490
    6 0.000034 0.000008 13.404741 -0.000001 -0.000009 -0.076150
    7 10.398263 -5.760962 66.994675 3.097005 0.050653 3.139334
    8 -3.515899 6.081016 15.163321 1.101472 -0.465665 0.109886
    9 -0.000004 -0.000006 24.761459 -1.438662 0.166786 -0.601770
    10 -0.000007 0.000004 24.344891 1.251834 -0.056658 -0.136549
    11 -0.002360 -1.019903 24.031330 0.389594 -0.042695 -0.017219
    12 0.000000 -0.000002 13.404737 0.000001 0.000005 -0.350489
    13 -0.061540 -5.245835 72.927078 0.000000 0.000000 0.000000
    14 5.056166 9.320953 -14.042450 -0.007157 0.000021 -0.112843
    15 0.000000 -0.005608 -1.146812 0.137642 0.060587 -0.207312
    16 0.030770 -0.240000 8.906021 -0.004138 0.000000 0.000000
    17 -0.730468 -2.299996 -0.375410 0.369346 0.033305 -0.381600
    18 0.030770 -0.276858 8.905140 0.056125 0.004134 -0.000049
    19 0.287806 -0.592892 0.018356 0.320349 0.127523 -0.030166
    20 5.669724 4.435303 14.302868 3.117053 -1.320357 0.267287
    21 -1.044571 -2.839317 19.743267 -0.732114 -0.963310 0.380244
    22 2.655533 -1.533369 24.792658 -0.968529 0.092610 -0.287885
    23 1.120163 -0.154394 9.796035 -0.010444 0.000937 -0.090716
    24 2.240311 -0.308786 19.592051 -0.035765 -0.138164 -0.180981
    25 0.683151 2.877354 14.167051 -0.841630 -0.095041 1.399462
    26 0.144936 -0.145374 7.579252 -0.802884 -0.180641 0.073010
    27 0.091660 -0.906685 4.702850 -0.635046 -0.101507 0.032163
    28 0.506271 8.500866 13.617253 -0.778211 0.122321 1.216543
    29 -0.384987 -0.460049 7.003448 -0.595716 -0.347309 0.147604
    30 0.561516 -0.596954 5.061852 -0.405043 -0.176980 0.042211
    31 -2.452171 -8.899406 11.597897 -1.286276 -0.360908 1.614380
    32 0.680496 -0.903999 6.074253 -0.976262 0.109356 0.014027
    33 0.245514 -0.661150 3.388004 -0.829200 0.111249 -0.046484
    34 -0.717484 -3.784271 13.043911 -1.134340 -0.184769 1.516231
    35 1.099216 -1.407745 8.017889 -1.001644 0.008592 0.002818
    36 0.068439 -0.807653 3.686054 -0.685469 0.007810 0.002856
    37 -4.004929 6.172707 4.754754 0.079404 0.825920 2.501306
    38 0.158352 -1.149811 5.804394 -0.548815 -0.254434 0.179346
    39 -1.083523 -1.463142 5.544399 -0.466786 -0.110790 0.013910
    40 -6.289886 0.932434 13.569063 -0.126803 0.612110 2.869610
    41 1.327774 -0.766687 12.396328 -0.026823 0.011496 -0.236731
    42 -0.096140 1.828087 23.185329 0.148035 -0.256186 -1.340632
    43 2.325478 -0.000003 6.169296 0.369537 0.383534 2.016312
    44 0.000000 -3.152912 0.122169 2.035948 0.000000 0.000000
    45 1.068383 -10.478592 7.066338 0.292219 -1.282324 -3.141588
    46 0.000000 0.000000 2.279457 0.547137 -0.343566 0.107833
    47 2.479414 -8.323895 6.074242 -0.009236 0.327514 1.561685
    48 0.000005 -5.730469 2.636719 0.000000 0.000000 0.000000
    49 -1.068383 -10.478611 7.065971 0.292219 1.282324 3.141588
    50 -0.000488 0.000015 2.279600 0.547136 0.343566 0.107835
    51 -2.479401 -8.323895 6.074234 0.009296 0.327574 1.581344
    52 -5.790000 4.432083 14.255558 -2.741277 1.330085 0.400987
    53 1.044540 -2.839314 19.743252 -0.669710 0.693443 -0.225509
    54 -2.655510 -1.533379 24.792648 -0.627534 -0.130729 0.213996
    55 -1.120216 -0.154385 9.795983 0.034666 0.010516 -0.315195
    56 -2.240372 -0.308788 19.592047 0.188469 -0.081330 -0.628318
    57 -0.683205 2.877342 14.167089 -0.954432 0.161935 -1.444281
    58 -0.144958 -0.145317 7.579308 -0.926152 0.233644 -0.032319
    59 -0.038551 -0.936644 4.697678 -0.755323 0.156515 -0.045800
    60 -0.506317 8.500896 13.617329 -0.862984 0.087301 -1.330827
    61 0.385056 -0.460075 7.003435 -0.755128 0.461452 -0.058674
    62 -0.456360 -0.710276 5.057732 -0.544368 0.304298 -0.059867
    63 2.452194 -8.899408 11.597939 -1.300891 0.185797 -1.528651
    64 -0.680515 -0.903999 6.074242 -1.055275 -0.129883 -0.024184
    65 -0.248295 -0.666843 3.386627 -0.909669 -0.125282 0.055312
    66 0.717491 -3.784309 13.044010 -1.167335 0.121731 -1.491131
    67 -1.099228 -1.407673 8.017876 -1.051154 -0.006439 0.003086
    68 -0.064053 -0.807640 3.686100 -0.734867 -0.008762 -0.006760
    69 4.004906 6.172710 4.754800 0.176000 -1.024693 -2.611323
    70 -0.158381 -1.149773 5.804405 -0.476278 0.307423 0.243202
    71 1.078559 -2.386406 5.215008 -0.386948 0.177612 0.094507
    72 6.289963 0.932404 13.569109 -0.126801 -0.612098 -2.869612
    73 -1.327759 -0.766682 12.396324 -0.016584 -0.007996 0.148978
    74 0.000017 -54.999996 0.000000 0.000000 0.000000 -1.570796
  time 62
    0 0.000000 0.000000 -1.500000 0.000000 0.000000 0.000000
    1 -10.521344 -5.760963 66.994621 3.097005 -0.050653 -3.139334
    2 -6.046688 12.447346 13.471392 0.181010 0.294090 0.321740
    3 -0.000034 0.000012 24.761454 -1.337203 -0.155034 -0.084728
    4 0.000017 0.000000 24.344809 1.708002 -0.048160 0.031710
    5 0.002333 -1.019846 24.031336 0.820009 -0.045910 -0.002490
    6 0.000034 0.000008 13.404741 -0.000001 -0.000009 -0.074462
    7 10.398263 -5.760962 66.994675 3.097005 0.050653 3.139334
    8 -3.523711 5.843718 14.781158 1.083301 -0.459227 0.116570
    9 -0.000004 -0.000006 24.761459 -1.423647 0.165060 -0.596531
    10 -0.000007 0.000004 24.344891 1.254351 -0.056391 -0.133144
    11 -0.002360 -1.019903 24.031330 0.389594 -0.042695 -0.017219
    12 0.000000 -0.000002 13.404737 0.000001 0.000005 -0.346088
    13 -0.061540 -5.245835 72.927078 0.000000 0.000000 0.000000
    14 5.024915 9.076393 -13.704483 -0.007157 0.000021 -0.108940
    15 0.000000 -0.005608 -1.146812 0.137546 0.055411 -0.210138
    16 0.030770 -0.240000 8.906021 -0.004138 0.000000 0.000000
    17 -0.714842 -2.292183 -0.367597 0.368778 0.032938 -0.377966
    18 0.030770 -0.276858 8.905140 0.056125 0.004134 -0.000049
    19 0.295619 -0.588986 0.018356 0.319634 0.129210 -0.029615
    20 5.669724 4.435303 14.302868 3.118010 -1.321027 0.269970
    21 -1.044571 -2.839317 19.743267 -0.730500 -0.955848 0.375676
    22 2.655533 -1.533369 24.792658 -0.965231 0.093225 -0.284893
    23 1.120163 -0.154394 9.796035 -0.011031 0.000961 -0.095821
    24 2.240311 -0.308786 19.592051 -0.034242 -0.130935 -0.191227
    25 0.683151 2.877354 14.167051 -0.841685 -0.095041 1.399449
    26 0.144936 -0.145374 7.579252 -0.802884 -0.180641 0.073010
    27 0.091660 -0.906685 4.702850 -0.635046 -0.101507 0.032163
    28 0.506271 8.500866 13.617253 -0.778211 0.122365 1.216543
    29 -0.384987 -0.460049 7.003448 -0.595716 -0.347309 0.147604
    30 0.561516 -0.596954 5.061852 -0.405043 -0.176980 0.042211
    31 -2.452171 -8.899406 11.597897 -1.286276 -0.360908 1.614380
    32 0.680496 -0.903999 6.074253 -0.976262 0.109356 0.014027
    33 0.245514 -0.661150 3.388004 -0.829200 0.111249 -0.046484
    34 -0.717484 -3.784271 13.043911 -1.134340 -0.184769 1.516231
    35 1.099216 -1.407745 8.017889 -1.001644 0.008592 0.002818
    36 0.068439 -0.807653 3.686054 -0.685505 0.007822 0.002856
    37 -4.004929 6.172707 4.754754 0.079404 0.825920 2.501306
    38 0.158352 -1.149811 5.804394 -0.548815 -0.254434 0.179346
    39 -1.083523 -1.463142 5.544399 -0.466786 -0.110790 0.013910
    40 -6.289886 0.932434 13.569063 -0.126803 0.612110 2.869610
    41 1.327774 -0.766687 12.396328 -0.026644 0.011436 -0.235174
    42 -0.096140 1.828087 23.185329 0.148035 -0.256186 -1.340632
    43 2.325478 -0.000003 6.169296 0.365955 0.377052 2.016791
    44 0.000000 -3.152912 0.122169 2.035948 0.000000 0.000000
    45 1.068383 -10.478592 7.066338 0.292219 -1.282324 -3.141588
    46 0.000000 0.000000 2.279457 0.547137 -0.343566 0.107833
    47 2.479414 -8.323895 6.074242 -0.009236 0.327514 1.561685
    48 0.000005 -5.730469 2.636719 0.000000 0.000000 0.000000
    49 -1.068383 -10.478611 7.065971 0.292219 1.282324 3.141588
    50 -0.000488 0.000015 2.279600 0.547136 0.343566 0.107835
    51 -2.479401 -8.323895 6.074234 0.009296 0.327574 1.581344
    52 -5.790000 4.432083 14.255558 -2.737347 1.332328 0.398016
    53 1.044540 -2.839314 19.743252 -0.676000 0.701498 -0.230816
    54 -2.655510 -1.533379 24.792648 -0.632315 -0.128256 0.209074
    55 -1.120216 -0.154385 9.795983 0.034511 0.010432 -0.313644
    56 -2.240372 -0.308788 19.592047 0.185108 -0.079894 -0.625311
    57 -0.683205 2.877342 14.167089 -0.954383 0.161935 -1.444281
    58 -0.144958 -0.145317 7.579308 -0.926152 0.233656 -0.032319
    59 -0.038551 -0.936644 4.697678 -0.755323 0.156515 -0.045800
    60 -0.506317 8.500896 13.617329 -0.862984 0.087301 -1.330827
    61 0.385056 -0.460075 7.003435 -0.755171 0.461469 -0.058674
    62 -0.456360 -0.710276 5.057732 -0.544368 0.304298 -0.059867
    63 2.452194 -8.899408 11.597939 -1.300891 0.185797 -1.528651
    64 -0.680515 -0.903999 6.074242 -1.055275 -0.129883 -0.024184
    65 -0.248295 -0.666843 3.386627 -0.909669 -0.125282 0.055312
    66 0.717491 -3.784309 13.044010 -1.167335 0.121731 -1.491131
    67 -1.099228 -1.407673 8.017876 -1.051154 -0.006439 0.003086
    68 -0.064053 -0.807640 3.686100 -0.734867 -0.008762 -0.006760
    69 4.004906 6.172710 4.754800 0.176000 -1.024693 -2.611323
    70 -0.158381 -1.149773 5.804405 -0.476278 0.307423 0.243202
    71 1.078559 -2.386406 5.215008 -0.386948 0.177612 0.094507
    72 6.289963 0.932404 13.569109 -0.126801 -0.612098 -2.869612
    73 -1.327759 -0.766682 12.396324 -0.016476 -0.007948 0.148099
    74 0.000017 -54.999996 0.000000 0.000000 0.000000 -1.570796
  time 63
    0 0.000000 0.000000 -1.500000 0.000000 0.000000 0.000000
    1 -10.521344 -5.760963 66.994621 3.097005 -0.050653 -3.139334
    2 -5.995905 12.177252 13.224722 0.166253 0.294925 0.319862
    3 -0.000034 0.000012 24.761454 -1.315048 -0.152457 -0.083995
    4 0.000017 0.000000 24.344809 1.700112 -0.047436 0.030068
    5 0.002333 -1.019846 24.031336 0.820009 -0.045910 -0.002490
    6 0.000034 0.000008 13.404741 -0.000001 -0.000009 -0.073281
    7 10.398263 -5.760962 66.994675 3.097005 0.050653 3.139334
    8 -3.511992 5.581441 14.421475 1.064874 -0.454947 0.123666
    9 -0.000004 -0.000006 24.761459 -1.409953 0.163466 -0.593121
    10 -0.000007 0.000004 24.344891 1.257643 -0.055547 -0.129487
    11 -0.002360 -1.019903 24.031330 0.389594 -0.042695 -0.017219
    12 0.000000 -0.000002 13.404737 0.000001 0.000005 -0.342803
    13 -0.061540 -5.245835 72.927078 0.000000 0.000000 0.000000
    14 4.962413 8.796897 -13.411579 -0.007157 0.000021 -0.105577
    15 0.000000 -0.005608 -1.146812 0.137514 0.049498 -0.213481
    16 0.030770 -0.240000 8.906021 -0.004138 0.000000 0.000000
    17 -0.707030 -2.299996 -0.371503 0.368651 0.031963 -0.373733
    18 0.030770 -0.276858 8.905140 0.056125 0.004134 -0.000049
    19 0.299525 -0.588986 0.022263 0.319097 0.130691 -0.029028
    20 5.669724 4.435303 14.302868 3.118967 -1.321696 0.272749
    21 -1.044571 -2.839317 19.743267 -0.727222 -0.946611 0.369387
    22 2.655533 -1.533369 24.792658 -0.961499 0.093955 -0.282628
    23 1.120163 -0.154394 9.796035 -0.011642 0.000997 -0.101271
    24 2.240311 -0.308786 19.592051 -0.032675 -0.122509 -0.202186
    25 0.683151 2.877354 14.167051 -0.841630 -0.095053 1.399449
    26 0.144936 -0.145374 7.579252 -0.802884 -0.180641 0.073010
    27 0.091660 -0.906685 4.702850 -0.635046 -0.101507 0.032163
    28 0.506271 8.500866 13.617253 -0.778211 0.122321 1.216543
    29 -0.384987 -0.460049 7.003448 -0.595716 -0.347309 0.147604
    30 0.561516 -0.596954 5.061852 -0.405043 -0.176980 0.042211
    31 -2.452171 -8.899406 11.597897 -1.286276 -0.360908 1.614380
    32 0.680496 -0.903999 6.074253 -0.976262 0.109356 0.014027
    33 0.245514 -0.661150 3.388004 -0.829200 0.111249 -0.046484
    34 -0.717484 -3.784271 13.043911 -1.134340 -0.184769 1.516231
    35 1.099216 -1.407745 8.017889 -1.001644 0.008592 0.002818
    36 0.068439 -0.807653 3.686054 -0.685469 0.007822 0.002856
    37 -4.004929 6.172707 4.754754 0.079404 0.825920 2.501306
    38 0.158352 -1.149811 5.804394 -0.548815 -0.254434 0.179346
    39 -1.083523 -1.463142 5.544399 -0.466786 -0.110790 0.013910
    40 -6.289886 0.932434 13.569063 -0.126803 0.612110 2.869610
    41 1.327774 -0.766687 12.396328 -0.026476 0.011388 -0.233718
    42 -0.096140 1.828087 23.185329 0.148035 -0.256186 -1.340632
    43 2.325478 -0.000003 6.169296 0.361992 0.370686 2.016472
    44 0.000000 -3.152912 0.122169 2.035948 0.000000 0.000000
    45 1.068383 -10.478592 7.066338 0.292219 -1.282324 -3.141588
    46 0.000000 0.000000 2.279457 0.547137 -0.343566 0.107833
    47 2.479414 -8.323895 6.074242 -0.009236 0.327514 1.561685
    48 0.000005 -5.730469 2.636719 0.000000 0.000000 0.000000
    49 -1.068383 -10.478611 7.065971 0.292219 1.282324 3.141588
    50 -0.000488 0.000015 2.279600 0.547136 0.343566 0.107835
    51 -2.479401 -8.323895 6.074234 0.009296 0.327574 1.581344
    52 -5.790000 4.432083 14.255558 -2.733608 1.334530 0.395142
    53 1.044540 -2.839314 19.743252 -0.681788 0.709257 -0.235960
    54 -2.655510 -1.533379 24.792648 -0.637650 -0.125758 0.204833
    55 -1.120216 -0.154385 9.795983 0.034355 0.010348 -0.312067
    56 -2.240372 -0.308788 19.592047 0.181596 -0.078409 -0.622218
    57 -0.683205 2.877342 14.167089 -0.954383 0.161935 -1.444281
    58 -0.144958 -0.145317 7.579308 -0.926152 0.233644 -0.032319
    59 -0.038551 -0.936644 4.697678 -0.755323 0.156515 -0.045800
    60 -0.506317 8.500896 13.617329 -0.862984 0.087301 -1.330827
    61 0.385056 -0.460075 7.003435 -0.755171 0.461452 -0.058674
    62 -0.456360 -0.710276 5.057732 -0.544368 0.304298 -0.059867
    63 2.452194 -8.899408 11.597939 -1.300891 0.185797 -1.528651
    64 -0.680515 -0.903999 6.074242 -1.055275 -0.129883 -0.024184
    65 -0.248295 -0.666843 3.386627 -0.909669 -0.125282 0.055312
    66 0.717491 -3.784309 13.044010 -1.167335 0.121731 -1.491131
    67 -1.099228 -1.407673 8.017876 -1.051154 -0.006439 0.003086
    68 -0.064053 -0.807640 3.686100 -0.734867 -0.008762 -0.006760
    69 4.004906 6.172710 4.754800 0.176000 -1.024693 -2.611323
    70 -0.158381 -1.149773 5.804405 -0.476278 0.307423 0.243202
    71 1.078559 -2.386406 5.215008 -0.386948 0.177582 0.094507
    72 6.289963 0.932404 13.569109 -0.126801 -0.612098 -2.869612
    73 -1.327759 -0.766682 12.396324 -0.016416 -0.007924 0.147590
    74 0.000017 -54.999996 0.000000 0.000000 0.000000 -1.570796
  time 64
    0 0.000000 0.000000 -1.500000 0.000000 0.000000 0.000000
    1 -10.521344 -5.760963 66.994621 3.097005 -0.050653 -3.139334
    2 -5.929497 11.907158 13.022901 0.151769 0.295287 0.318682
    3 -0.000034 0.000012 24.761454 -1.294356 -0.150072 -0.083914
    4 0.000017 0.000000 24.344809 1.693639 -0.046553 0.028707
    5 0.002333 -1.019846 24.031336 0.820009 -0.045910 -0.002490
    6 0.000034 0.000008 13.404741 -0.000001 -0.000009 -0.072437
    7 10.398263 -5.760962 66.994675 3.097005 0.050653 3.139334
    8 -3.469022 5.294185 14.084272 1.046532 -0.452496 0.130845
    9 -0.000004 -0.000006 24.761459 -1.397744 0.162064 -0.591183
    10 -0.000007 0.000004 24.344891 1.261967 -0.053991 -0.125661
    11 -0.002360 -1.019903 24.031330 0.389594 -0.042695 -0.017219
    12 0.000000 -0.000002 13.404737 0.000001 0.000005 -0.340506
    13 -0.061540 -5.245835 72.927078 0.000000 0.000000 0.000000
    14 4.876473 8.517400 -13.186268 -0.007157 0.000021 -0.102514
    15 0.000000 -0.005608 -1.146812 0.137482 0.042973 -0.217231
    16 0.030770 -0.240000 8.906021 -0.004138 0.000000 0.000000
    17 -0.710936 -2.299996 -0.371503 0.369178 0.030102 -0.368981
    18 0.030770 -0.276858 8.905140 0.056125 0.004134 -0.000049
    19 0.303431 -0.585080 0.022263 0.318704 0.132049 -0.028393
    20 5.669724 4.435303 14.302868 3.119924 -1.322366 0.275529
    21 -1.044571 -2.839317 19.743267 -0.723015 -0.936122 0.362083
    22 2.655533 -1.533369 24.792658 -0.957159 0.094762 -0.281092
    23 1.120163 -0.154394 9.796035 -0.012301 0.001009 -0.106963
    24 2.240311 -0.308786 19.592051 -0.031326 -0.112977 -0.213580
    25 0.683151 2.877354 14.167051 -0.841630 -0.095053 1.399462
    26 0.144936 -0.145374 7.579252 -0.802884 -0.180641 0.073010
    27 0.091660 -0.906685 4.702850 -0.635046 -0.101507 0.032163
    28 0.506271 8.500866 13.617253 -0.778211 0.122321 1.216543
    29 -0.384987 -0.460049 7.003448 -0.595716 -0.347309 0.147604
    30 0.561516 -0.596954 5.061852 -0.405043 -0.176980 0.042211
    31 -2.452171 -8.899406 11.597897 -1.286276 -0.360908 1.614380
    32 0.680496 -0.903999 6.074253 -0.976262 0.109356 0.014027
    33 0.245514 -0.661150 3.388004 -0.829200 0.111249 -0.046484
    34 -0.717484 -3.784271 13.043911 -1.134340 -0.184769 1.516246
    35 1.099216 -1.407745 8.017889 -1.001644 0.008592 0.002818
    36 0.068439 -0.807653 3.686054 -0.685469 0.007822 0.002856
    37 -4.004929 6.172707 4.754754 0.079404 0.825920 2.501306
    38 0.158352 -1.149811 5.804394 -0.548815 -0.254434 0.179346
    39 -1.083523 -1.463142 5.544399 -0.466786 -0.110790 0.013910
    40 -6.289886 0.932434 13.569063 -0.126803 0.612110 2.869610
    41 1.327774 -0.766687 12.396328 -0.026308 0.011340 -0.232463
    42 -0.096140 1.828087 23.185329 0.148035 -0.256186 -1.340632
    43 2.325478 -0.000003 6.169296 0.357647 0.364739 2.015155
    44 0.000000 -3.152912 0.122169 2.035948 0.000000 0.000000
    45 1.068383 -10.478592 7.066338 0.292219 -1.282324 -3.141588
    46 0.000000 0.000000 2.279457 0.547137 -0.343566 0.107833
    47 2.479414 -8.323895 6.074242 -0.009236 0.327514 1.561685
    48 0.000005 -5.730469 2.636719 0.000000 0.000000 0.000000
    49 -1.068383 -10.478611 7.065971 0.292219 1.282324 3.141588
    50 -0.000488 0.000015 2.279600 0.547136 0.343566 0.107835
    51 -2.479401 -8.323895 6.074234 0.009296 0.327574 1.581344
    52 -5.790000 4.432083 14.255558 -2.729774 1.336689 0.392076
    53 1.044540 -2.839314 19.743252 -0.686908 0.716295 -0.240614
    54 -2.655510 -1.533379 24.792648 -0.643588 -0.123248 0.201501
    55 -1.120216 -0.154385 9.795983 0.034175 0.010289 -0.310489
    56 -2.240372 -0.308788 19.592047 0.177854 -0.076825 -0.619297
    57 -0.683205 2.877342 14.167089 -0.954432 0.161915 -1.444281
    58 -0.144958 -0.145317 7.579308 -0.926152 0.233644 -0.032319
    59 -0.038551 -0.936644 4.697678 -0.755323 0.156515 -0.045800
    60 -0.506317 8.500896 13.617329 -0.862984 0.087301 -1.330827
    61 0.385056 -0.460075 7.003435 -0.755128 0.461452 -0.058689
    62 -0.456360 -0.710276 5.057732 -0.544368 0.304298 -0.059867
    63 2.452194 -8.899408 11.597939 -1.300891 0.185797 -1.528651
    64 -0.680515 -0.903999 6.074242 -1.055275 -0.129883 -0.024184
    65 -0.248295 -0.666843 3.386627 -0.909669 -0.125282 0.055312
    66 0.717491 -3.784309 13.044010 -1.167335 0.121731 -1.491143
    67 -1.099228 -1.407673 8.017876 -1.051154 -0.006439 0.003086
    68 -0.064053 -0.807640 3.686100 -0.734867 -0.008762 -0.006760
    69 4.004906 6.172710 4.754800 0.176000 -1.024693 -2.611323
    70 -0.158381 -1.149773 5.804405 -0.476278 0.307423 0.243202
    71 1.078559 -2.386406 5.215008 -0.386948 0.177612 0.094507
    72 6.289963 0.932404 13.569109 -0.126801 -0.612098 -2.869612
    73 -1.327759 -0.766682 12.396324 -0.016404 -0.007924 0.147451
    74 0.000017 -54.999996 0.000000 0.000000 0.000000 -1.570796
  time 65
    0 0.000000 0.000000 -1.500000 0.000000 0.000000 0.000000
    1 -10.521344 -5.760963 66.994621 3.097005 -0.050653 -3.139334
    2 -5.835744 11.612510 12.888354 0.137285 0.295371 0.317939
    3 -0.000034 0.000012 24.761454 -1.275576 -0.147903 -0.084117
    4 0.000017 0.000000 24.344809 1.688953 -0.045557 0.027670
    5 0.002333 -1.019846 24.031336 0.820009 -0.045910 -0.002490
    6 0.000034 0.000008 13.404741 -0.000001 -0.000009 -0.071762
    7 10.398263 -5.760962 66.994675 3.097005 0.050653 3.139334
    8 -3.398708 4.981951 13.769550 1.028787 -0.451619 0.137859
    9 -0.000004 -0.000006 24.761459 -1.387349 0.160878 -0.590358
    10 -0.000007 0.000004 24.344891 1.267259 -0.051814 -0.121710
    11 -0.002360 -1.019903 24.031330 0.389594 -0.042695 -0.017219
    12 0.000000 -0.000002 13.404737 0.000001 0.000005 -0.338874
    13 -0.061540 -5.245835 72.927078 0.000000 0.000000 0.000000
    14 4.759282 8.214612 -12.960957 -0.007157 0.000021 -0.099812
    15 0.000000 -0.005608 -1.146812 0.137450 0.035884 -0.221307
    16 0.030770 -0.240000 8.906021 -0.004138 0.000000 0.000000
    17 -0.714842 -2.303902 -0.375410 0.370356 0.027152 -0.364029
    18 0.030770 -0.276858 8.905140 0.056125 0.004134 -0.000049
    19 0.311244 -0.588986 0.022263 0.318383 0.133345 -0.027722
    20 5.669724 4.435303 14.302868 3.120976 -1.323000 0.278116
    21 -1.044571 -2.839317 19.743267 -0.718367 -0.924485 0.354102
    22 2.655533 -1.533369 24.792658 -0.952125 0.095569 -0.280283
    23 1.120163 -0.154394 9.796035 -0.012997 0.001033 -0.112826
    24 2.240311 -0.308786 19.592051 -0.030151 -0.102663 -0.225449
    25 0.683151 2.877354 14.167051 -0.841630 -0.095053 1.399462
    26 0.144936 -0.145374 7.579252 -0.802884 -0.180641 0.073010
    27 0.091660 -0.906685 4.702850 -0.635046 -0.101507 0.032163
    28 0.506271 8.500866 13.617253 -0.778211 0.122321 1.216543
    29 -0.384987 -0.460049 7.003448 -0.595716 -0.347309 0.147604
    30 0.561516 -0.596954 5.061852 -0.405043 -0.176980 0.042211
    31 -2.452171 -8.899406 11.597897 -1.286276 -0.360908 1.614380
    32 0.680496 -0.903999 6.074253 -0.976262 0.109356 0.014027
    33 0.245514 -0.661150 3.388004 -0.829200 0.111249 -0.046484
    34 -0.717484 -3.784271 13.043911 -1.134340 -0.184769 1.516231
    35 1.099216 -1.407745 8.017889 -1.001683 0.008592 0.002818
    36 0.068439 -0.807653 3.686054 -0.685505 0.007822 0.002844
    37 -4.004929 6.172707 4.754754 0.079404 0.825920 2.501306
    38 0.158352 -1.149811 5.804394 -0.548815 -0.254434 0.179346
    39 -1.083523 -1.463142 5.544399 -0.466786 -0.110790 0.013910
    40 -6.289886 0.932434 13.569063 -0.126803 0.612110 2.869610
    41 1.327774 -0.766687 12.396328 -0.026176 0.011316 -0.231308
    42 -0.096140 1.828087 23.185329 0.148035 -0.256186 -1.340632
    43 2.325478 -0.000003 6.169296 0.352920 0.359429 2.012640
    44 0.000000 -3.152912 0.122169 2.035948 0.000000 0.000000
    45 1.068383 -10.478592 7.066338 0.292219 -1.282324 -3.141588
    46 0.000000 0.000000 2.279457 0.547137 -0.343566 0.107833
    47 2.479414 -8.323895 6.074242 -0.009236 0.327514 1.561685
    48 0.000005 -5.730469 2.636719 0.000000 0.000000 0.000000
    49 -1.068383 -10.478611 7.065971 0.292219 1.282324 3.141588
    50 -0.000488 0.000015 2.279600 0.547136 0.343566 0.107835
    51 -2.479401 -8.323895 6.074234 0.009296 0.327574 1.581344
    52 -5.790000 4.432083 14.255558 -2.726132 1.338932 0.389106
    53 1.044540 -2.839314 19.743252 -0.691583 0.722485 -0.244805
    54 -2.655510 -1.533379 24.792648 -0.650030 -0.120724 0.199001
    55 -1.120216 -0.154385 9.795983 0.034019 0.010205 -0.308938
    56 -2.240372 -0.308788 19.592047 0.174188 -0.075241 -0.616204
    57 -0.683205 2.877342 14.167089 -0.954383 0.161935 -1.444268
    58 -0.144958 -0.145317 7.579308 -0.926152 0.233644 -0.032319
    59 -0.038551 -0.936644 4.697678 -0.755323 0.156515 -0.045800
    60 -0.506317 8.500896 13.617329 -0.862984 0.087301 -1.330827
    61 0.385056 -0.460075 7.003435 -0.755171 0.461452 -0.058674
    62 -0.456360 -0.710276 5.057732 -0.544368 0.304298 -0.059867
    63 2.452194 -8.899408 11.597939 -1.300891 0.185797 -1.528651
    64 -0.680515 -0.903999 6.074242 -1.055275 -0.129883 -0.024184
    65 -0.248295 -0.666843 3.386627 -0.909669 -0.125282 0.055312
    66 0.717491 -3.784309 13.044010 -1.167335 0.121731 -1.491131
    67 -1.099228 -1.407673 8.017876 -1.051154 -0.006439 0.003086
    68 -0.064053 -0.807640 3.686100 -0.734867 -0.008762 -0.006760
    69 4.004906 6.172710 4.754800 0.176000 -1.024693 -2.611323
    70 -0.158381 -1.149773 5.804405 -0.476278 0.307423 0.243202
    71 1.078559 -2.386406 5.215008 -0.386948 0.177612 0.094507
    72 6.289963 0.932404 13.569109 -0.126801 -0.612098 -2.869612
    73 -1.327759 -0.766682 12.396324 -0.016440 -0.007936 0.147729
    74 0.000017 -54.999996 0.000000 0.000000 0.000000 -1.570796
  time 66
    0 0.000000 0.000000 -1.500000 0.000000 0.000000 0.000000
    1 -10.521344 -5.760963 66.994621 3.097005 -0.050653 -3.139334
    2 -5.722460 11.305586 12.776231 0.123075 0.295065 0.317634
    3 -0.000034 0.000012 24.761454 -1.258827 -0.145974 -0.084565
    4 0.000017 0.000000 24.344809 1.686303 -0.044335 0.027043
    5 0.002333 -1.019846 24.031336 0.820009 -0.045910 -0.002490
    6 0.000034 0.000008 13.404741 -0.000001 -0.000009 -0.071235
    7 10.398263 -5.760962 66.994675 3.097005 0.050653 3.139334
    8 -3.297142 4.644738 13.477308 1.011811 -0.452240 0.144708
    9 -0.000004 -0.000006 24.761459 -1.379099 0.159919 -0.590501
    10 -0.000007 0.000004 24.344891 1.273455 -0.048903 -0.117632
    11 -0.002360 -1.019903 24.031330 0.389594 -0.042695 -0.017219
    12 0.000000 -0.000002 13.404737 0.000001 0.000005 -0.337865
    13 -0.061540 -5.245835 72.927078 0.000000 0.000000 0.000000
    14 4.610840 7.900178 -12.780708 -0.007157 0.000021 -0.097049
    15 0.000000 -0.005608 -1.146812 0.137450 0.028292 -0.225737
    16 0.030770 -0.240000 8.906021 -0.004138 0.000000 0.000000
    17 -0.722655 -2.311715 -0.379316 0.372145 0.023265 -0.358758
    18 0.030770 -0.276858 8.905140 0.056125 0.004134 -0.000049
    19 0.315150 -0.585080 0.018356 0.318132 0.134579 -0.027074
    20 5.669724 4.435303 14.302868 3.121933 -1.323634 0.280895
    21 -1.044571 -2.839317 19.743267 -0.713573 -0.912013 0.345698
    22 2.655533 -1.533369 24.792658 -0.946397 0.096452 -0.279959
    23 1.120163 -0.154394 9.796035 -0.013692 0.001045 -0.118966
    24 2.240311 -0.308786 19.592051 -0.029237 -0.091612 -0.237713
    25 0.683151 2.877354 14.167051 -0.841630 -0.095053 1.399449
    26 0.144936 -0.145374 7.579252 -0.802884 -0.180641 0.073010
    27 0.091660 -0.906685 4.702850 -0.635046 -0.101507 0.032163
    28 0.506271 8.500866 13.617253 -0.778211 0.122343 1.216543
    29 -0.384987 -0.460049 7.003448 -0.595716 -0.347309 0.147604
    30 0.561516 -0.596954 5.061852 -0.405043 -0.176980 0.042211
    31 -2.452171 -8.899406 11.597897 -1.286276 -0.360908 1.614380
    32 0.680496 -0.903999 6.074253 -0.976262 0.109356 0.014027
    33 0.245514 -0.661150 3.388004 -0.829200 0.111249 -0.046484
    34 -0.717484 -3.784271 13.043911 -1.134340 -0.184769 1.516231
    35 1.099216 -1.407745 8.017889 -1.001644 0.008592 0.002818
    36 0.068439 -0.807653 3.686054 -0.685469 0.007810 0.002856
    37 -4.004929 6.172707 4.754754 0.079404 0.825920 2.501306
    38 0.158352 -1.149811 5.804394 -0.548815 -0.254434 0.179346
    39 -1.083523 -1.463142 5.544399 -0.466786 -0.110790 0.013910
    40 -6.289886 0.932434 13.569063 -0.126803 0.612110 2.869610
    41 1.327774 -0.766687 12.396328 -0.026056 0.011281 -0.230253
    42 -0.096140 1.828087 23.185329 0.148035 -0.256186 -1.340632
    43 2.325478 -0.000003 6.169296 0.347858 0.354698 2.009208
    44 0.000000 -3.152912 0.122169 2.035948 0.000000 0.000000
    45 1.068383 -10.478592 7.066338 0.292219 -1.282324 -3.141588
    46 0.000000 0.000000 2.279457 0.547137 -0.343566 0.107833
    47 2.479414 -8.323895 6.074242 -0.009236 0.327514 1.561685
    48 0.000005 -5.730469 2.636719 0.000000 0.000000 0.000000
    49 -1.068383 -10.478611 7.065971 0.292219 1.282324 3.141588
    50 -0.000488 0.000015 2.279600 0.547136 0.343566 0.107835
    51 -2.479401 -8.323895 6.074234 0.009296 0.327574 1.581344
    52 -5.790000 4.432083 14.255558 -2.722489 1.341092 0.385944
    53 1.044540 -2.839314 19.743252 -0.695535 0.727869 -0.248506
    54 -2.655510 -1.533379 24.792648 -0.656975 -0.118213 0.197260
    55 -1.120216 -0.154385 9.795983 0.033851 0.010133 -0.307387
    56 -2.240372 -0.308788 19.592047 0.170446 -0.073558 -0.613282
    57 -0.683205 2.877342 14.167089 -0.954383 0.161935 -1.444281
    58 -0.144958 -0.145317 7.579308 -0.926152 0.233644 -0.032319
    59 -0.038551 -0.936644 4.697678 -0.755323 0.156515 -0.045800
    60 -0.506317 8.500896 13.617329 -0.862984 0.087301 -1.330827
    61 0.385056 -0.460075 7.003435 -0.755171 0.461452 -0.058674
    62 -0.456360 -0.710276 5.057732 -0.544368 0.304298 -0.059867
    63 2.452194 -8.899408 11.597939 -1.300891 0.185797 -1.528651
    64 -0.680515 -0.903999 6.074242 -1.055275 -0.129883 -0.024184
    65 -0.248295 -0.666843 3.386627 -0.909669 -0.125282 0.055312
    66 0.717491 -3.784309 13.044010 -1.167335 0.121719 -1.491131
    67 -1.099228 -1.407673 8.017876 -1.051154 -0.006439 0.003086
    68 -0.064053 -0.807640 3.686100 -0.734867 -0.008762 -0.006760
    69 4.004906 6.172710 4.754800 0.176000 -1.024693 -2.611323
    70 -0.158381 -1.149773 5.804405 -0.476278 0.307423 0.243202
    71 1.078559 -2.386406 5.215008 -0.386948 0.177612 0.094507
    72 6.289963 0.932404 13.569109 -0.126801 -0.612098 -2.869612
    73 -1.327759 -0.766682 12.396324 -0.016524 -0.007972 0.148423
    74 0.000017 -54.999996 0.000000 0.000000 0.000000 -1.570796
  time 67
    0 0.000000 0.000000 -1.500000 0.000000 0.000000 0.000000
    1 -10.521344 -5.760963 66.994621 3.097005 -0.050653 -3.139334
    2 -5.581830 10.998661 12.708957 0.109206 0.294424 0.317677
    3 -0.000034 0.000012 24.761454 -1.244600 -0.144332 -0.085257
    4 0.000017 0.000000 24.344809 1.685809 -0.042954 0.026740
    5 0.002333 -1.019846 24.031336 0.820009 -0.045910 -0.002490
    6 0.000034 0.000008 13.404741 -0.000001 -0.000009 -0.070834
    7 10.398263 -5.760962 66.994675 3.097005 0.050653 3.139334
    8 -3.168232 4.307525 13.252506 0.995773 -0.454508 0.151309
    9 -0.000004 -0.000006 24.761459 -1.373270 0.159236 -0.591650
    10 -0.000007 0.000004 24.344891 1.280619 -0.045281 -0.113492
    11 -0.002360 -1.019903 24.031330 0.389594 -0.042695 -0.017219
    12 0.000000 -0.000002 13.404737 0.000001 0.000005 -0.337457
    13 -0.061540 -5.245835 72.927078 0.000000 0.000000 0.000000
    14 4.431147 7.585744 -12.622991 -0.007157 0.000021 -0.094527
    15 0.000000 -0.005608 -1.146812 0.137419 0.020308 -0.230384
    16 0.030770 -0.240000 8.906021 -0.004138 0.000000 0.000000
    17 -0.742187 -2.311715 -0.379316 0.374417 0.018530 -0.353327
    18 0.030770 -0.276858 8.905140 0.056125 0.004134 -0.000049
    19 0.319057 -0.581173 0.022263 0.318025 0.135649 -0.026403
    20 5.669724 4.435303 14.302868 3.122795 -1.324268 0.283674
    21 -1.044571 -2.839317 19.743267 -0.708779 -0.898811 0.336984
    22 2.655533 -1.533369 24.792658 -0.938238 0.097106 -0.280525
    23 1.120163 -0.154394 9.796035 -0.014411 0.001057 -0.125140
    24 2.240311 -0.308786 19.592051 -0.028628 -0.080055 -0.250215
    25 0.683151 2.877354 14.167051 -0.841685 -0.095041 1.399462
    26 0.144936 -0.145374 7.579252 -0.802884 -0.180641 0.073010
    27 0.091660 -0.906685 4.702850 -0.635046 -0.101507 0.032163
    28 0.506271 8.500866 13.617253 -0.778211 0.122321 1.216543
    29 -0.384987 -0.460049 7.003448 -0.595716 -0.347309 0.147604
    30 0.561516 -0.596954 5.061852 -0.405043 -0.176980 0.042211
    31 -2.452171 -8.899406 11.597897 -1.286276 -0.360908 1.614380
    32 0.680496 -0.903999 6.074253 -0.976262 0.109356 0.014027
    33 0.245514 -0.661150 3.388004 -0.829200 0.111249 -0.046484
    34 -0.717484 -3.784271 13.043911 -1.134340 -0.184769 1.516231
    35 1.099216 -1.407745 8.017889 -1.001644 0.008592 0.002818
    36 0.068439 -0.807653 3.686054 -0.685469 0.007822 0.002856
    37 -4.004929 6.172707 4.754754 0.079404 0.825920 2.501306
    38 0.158352 -1.149811 5.804394 -0.548815 -0.254434 0.179346
    39 -1.083523 -1.463142 5.544399 -0.466786 -0.110790 0.013910
    40 -6.289886 0.932434 13.569063 -0.126803 0.612110 2.869610
    41 1.327774 -0.766687 12.396328 -0.025961 0.011245 -0.229450
    42 -0.096140 1.828087 23.185329 0.148035 -0.256186 -1.340632
    43 2.325478 -0.000003 6.169296 0.342414 0.350603 2.004817
    44 0.000000 -3.152912 0.122169 2.035948 0.000000 0.000000
    45 1.068383 -10.478592 7.066338 0.292219 -1.282324 -3.141588
    46 0.000000 0.000000 2.279457 0.547137 -0.343566 0.107833
    47 2.479414 -8.323895 6.074242 -0.009236 0.327561 1.561685
    48 0.000005 -5.730469 2.636719 0.000000 0.000000 0.000000
    49 -1.068383 -10.478611 7.065971 0.292219 1.282324 3.141588
    50 -0.000488 0.000015 2.279600 0.547136 0.343566 0.107835
    51 -2.479401 -8.323895 6.074234 0.009296 0.327574 1.581344
    52 -5.790000 4.432083 14.255558 -2.719038 1.343252 0.382782
    53 1.044540 -2.839314 19.743252 -0.698986 0.732618 -0.251772
    54 -2.655510 -1.533379 24.792648 -0.664373 -0.115728 0.196124
    55 -1.120216 -0.154385 9.795983 0.033696 0.010049 -0.305837
    56 -2.240372 -0.308788 19.592047 0.166475 -0.071924 -0.610275
    57 -0.683205 2.877342 14.167089 -0.954383 0.161935 -1.444281
    58 -0.144958 -0.145317 7.579308 -0.926152 0.233644 -0.032319
    59 -0.038551 -0.936644 4.697678 -0.755323 0.156515 -0.045800
    60 -0.506317 8.500896 13.617329 -0.862984 0.087301 -1.330827
    61 0.385056 -0.460075 7.003435 -0.755171 0.461452 -0.058674
    62 -0.456360 -0.710276 5.057732 -0.544368 0.304298 -0.059867
    63 2.452194 -8.899408 11.597939 -1.300891 0.185797 -1.528651
    64 -0.680515 -0.903999 6.074242 -1.055275 -0.129883 -0.024184
    65 -0.248295 -0.666843 3.386627 -0.909669 -0.125282 0.055312
    66 0.717491 -3.784309 13.044010 -1.167335 0.121719 -1.491131
    67 -1.099228 -1.407673 8.017876 -1.051154 -0.006439 0.003086
    68 -0.064053 -0.807640 3.686100 -0.734867 -0.008762 -0.006760
    69 4.004906 6.172710 4.754800 0.176000 -1.024693 -2.611323
    70 -0.158381 -1.149773 5.804405 -0.476278 0.307423 0.243202
    71 1.078559 -2.386406 5.215008 -0.386901 0.177612 0.094507
    72 6.289963 0.932404 13.569109 -0.126801 -0.612098 -2.869612
    73 -1.327759 -0.766682 12.396324 -0.016632 -0.008008 0.149348
    74 0.000017 -54.999996 0.000000 0.000000 0.000000 -1.570796
  time 68
    0 0.000000 0.000000 -1.500000 0.000000 0.000000 0.000000
    1 -10.521344 -5.760963 66.994621 3.097005 -0.050653 -3.139334
    2 -5.417763 10.679459 12.708957 0.095816 0.293422 0.318027
    3 -0.000034 0.000012 24.761454 -1.233177 -0.142989 -0.086072
    4 0.000017 0.000000 24.344809 1.687721 -0.041302 0.026892
    5 0.002333 -1.019846 24.031336 0.820009 -0.045910 -0.002490
    6 0.000034 0.000008 13.404741 -0.000001 -0.000009 -0.070560
    7 10.398263 -5.760962 66.994675 3.097005 0.050653 3.139334
    8 -2.992445 3.932844 13.050184 0.980929 -0.458459 0.157333
    9 -0.000004 -0.000006 24.761459 -1.370190 0.158864 -0.593660
    10 -0.000007 0.000004 24.344891 1.289138 -0.040903 -0.109246
    11 -0.002360 -1.019903 24.031330 0.389594 -0.042695 -0.017219
    12 0.000000 -0.000002 13.404737 0.000001 0.000005 -0.337586
    13 -0.061540 -5.245835 72.927078 0.000000 0.000000 0.000000
    14 4.220203 7.248019 -12.555397 -0.007157 0.000021 -0.092245
    15 0.000000 -0.005608 -1.146812 0.137387 0.011995 -0.235248
    16 0.030770 -0.240000 8.906021 -0.004138 0.000000 0.000000
    17 -0.761719 -2.323434 -0.387129 0.377069 0.013124 -0.347776
    18 0.030770 -0.276858 8.905140 0.056125 0.004134 -0.000049
    19 0.326869 -0.577267 0.022263 0.317989 0.136657 -0.025744
    20 5.669724 4.435303 14.302868 3.123560 -1.324903 0.286262
    21 -1.044571 -2.839317 19.743267 -0.703985 -0.885034 0.328157
    22 2.655533 -1.533369 24.792658 -0.926261 0.097528 -0.282062
    23 1.120163 -0.154394 9.796035 -0.015142 0.001057 -0.131487
    24 2.240311 -0.308786 19.592051 -0.028324 -0.068175 -0.262875
    25 0.683151 2.877354 14.167051 -0.841630 -0.095041 1.399462
    26 0.144936 -0.145374 7.579252 -0.802884 -0.180641 0.073010
    27 0.091660 -0.906685 4.702850 -0.635046 -0.101507 0.032163
    28 0.506271 8.500866 13.617253 -0.778211 0.122321 1.216543
    29 -0.384987 -0.460049 7.003448 -0.595716 -0.347309 0.147604
    30 0.561516 -0.596954 5.061852 -0.405043 -0.176980 0.042211
    31 -2.452171 -8.899406 11.597897 -1.286276 -0.360908 1.614380
    32 0.680496 -0.903999 6.074253 -0.976262 0.109356 0.014027
    33 0.245514 -0.661150 3.388004 -0.829200 0.111249 -0.046484
    34 -0.717484 -3.784271 13.043911 -1.134340 -0.184769 1.516231
    35 1.099216 -1.407745 8.017889 -1.001644 0.008592 0.002818
    36 0.068439 -0.807653 3.686054 -0.685469 0.007810 0.002856
    37 -4.004929 6.172707 4.754754 0.079404 0.825920 2.501306
    38 0.158352 -1.149811 5.804394 -0.548815 -0.254434 0.179346
    39 -1.083523 -1.463142 5.544399 -0.466786 -0.110790 0.013910
    40 -6.289886 0.932434 13.569063 -0.126803 0.612110 2.869610
    41 1.327774 -0.766687 12.396328 -0.025865 0.011221 -0.228596
    42 -0.096140 1.828087 23.185329 0.148035 -0.256186 -1.340632
    43 2.325478 -0.000003 6.169296 0.336732 0.347116 1.999669
    44 0.000000 -3.152912 0.122169 2.035948 0.000000 0.000000
    45 1.068383 -10.478592 7.066338 0.292219 -1.282324 -3.141588
    46 0.000000 0.000000 2.279457 0.547137 -0.343566 0.107833
    47 2.479414 -8.323895 6.074242 -0.009236 0.327514 1.561685
    48 0.000005 -5.730469 2.636719 0.000000 0.000000 0.000000
    49 -1.068383 -10.478611 7.065971 0.292219 1.282324 3.141588
    50 -0.000488 0.000015 2.279600 0.547136 0.343566 0.107835
    51 -2.479401 -8.323895 6.074234 0.009296 0.327574 1.581344
    52 -5.790000 4.432083 14.255558 -2.715683 1.345329 0.379620
    53 1.044540 -2.839314 19.743252 -0.702102 0.736688 -0.254657
    54 -2.655510 -1.533379 24.792648 -0.671972 -0.113269 0.195518
    55 -1.120216 -0.154385 9.795983 0.033540 0.009977 -0.304259
    56 -2.240372 -0.308788 19.592047 0.162733 -0.070241 -0.607354
    57 -0.683205 2.877342 14.167089 -0.954383 0.161935 -1.444281
    58 -0.144958 -0.145317 7.579308 -0.926152 0.233656 -0.032319
    59 -0.038551 -0.936644 4.697678 -0.755323 0.156515 -0.045800
    60 -0.506317 8.500896 13.617329 -0.862984 0.087301 -1.330827
    61 0.385056 -0.460075 7.003435 -0.755128 0.461469 -0.058689
    62 -0.456360 -0.710276 5.057732 -0.544368 0.304298 -0.059867
    63 2.452194 -8.899408 11.597939 -1.300891 0.185797 -1.528651
    64 -0.680515 -0.903999 6.074242 -1.055275 -0.129883 -0.024184
    65 -0.248295 -0.666843 3.386627 -0.909669 -0.125282 0.055312
    66 0.717491 -3.784309 13.044010 -1.167335 0.121731 -1.491131
    67 -1.099228 -1.407673 8.017876 -1.051154 -0.006439 0.003086
    68 -0.064053 -0.807640 3.686100 -0.734867 -0.008762 -0.006760
    69 4.004906 6.172710 4.754800 0.176000 -1.024693 -2.611323
    70 -0.158381 -1.149773 5.804405 -0.476278 0.307423 0.243202
    71 1.078559 -2.386406 5.215008 -0.386948 0.177612 0.094507
    72 6.289963 0.932404 13.569109 -0.126801 -0.612098 -2.869612
    73 -1.327759 -0.766682 12.396324 -0.016764 -0.008068 0.150551
    74 0.000017 -54.999996 0.000000 0.000000 0.000000 -1.570796
  time 69
    0 0.000000 0.000000 -1.500000 0.000000 0.000000 0.000000
    1 -10.521344 -5.760963 66.994621 3.097005 -0.050653 -3.139334
    2 -5.222444 10.347980 12.753806 0.082903 0.292114 0.318638
    3 -0.000034 0.000012 24.761454 -1.224884 -0.142043 -0.087049
    4 0.000017 0.000000 24.344809 1.692282 -0.039423 0.027497
    5 0.002333 -1.019846 24.031336 0.820009 -0.045910 -0.002490
    6 0.000034 0.000008 13.404741 -0.000001 -0.000009 -0.070349
    7 10.398263 -5.760962 66.994675 3.097005 0.050653 3.139334
    8 -2.785408 3.570652 12.892823 0.967450 -0.464202 0.162944
    9 -0.000004 -0.000006 24.761459 -1.370135 0.158864 -0.596495
    10 -0.000007 0.000004 24.344891 1.298690 -0.035704 -0.104958
    11 -0.002360 -1.019903 24.031330 0.389594 -0.042695 -0.017219
    12 0.000000 -0.000002 13.404737 0.000001 0.000005 -0.338187
    13 -0.061540 -5.245835 72.927078 0.000000 0.000000 0.000000
    14 3.978008 6.910294 -12.510335 -0.007157 0.000021 -0.090023
    15 0.000000 -0.005608 -1.146812 0.137387 0.003431 -0.240303
    16 0.030770 -0.240000 8.906021 -0.004138 0.000000 0.000000
    17 -0.785157 -2.335153 -0.391035 0.380057 0.007123 -0.342105
    18 0.030770 -0.276858 8.905140 0.056125 0.004134 -0.000049
    19 0.330776 -0.577267 0.026169 0.317989 0.137521 -0.025109
    20 5.669724 4.435303 14.302868 3.124422 -1.325537 0.288945
    21 -1.044571 -2.839317 19.743267 -0.699288 -0.870788 0.319274
    22 2.655533 -1.533369 24.792658 -0.911289 0.097759 -0.284246
    23 1.120163 -0.154394 9.796035 -0.015873 0.001057 -0.137868
    24 2.240311 -0.308786 19.592051 -0.028280 -0.055973 -0.275733
    25 0.683151 2.877354 14.167051 -0.841630 -0.095041 1.399462
    26 0.144936 -0.145374 7.579252 -0.802884 -0.180641 0.073010
    27 0.091660 -0.906685 4.702850 -0.635046 -0.101507 0.032163
    28 0.506271 8.500866 13.617253 -0.778149 0.122321 1.216543
    29 -0.384987 -0.460049 7.003448 -0.595716 -0.347309 0.147604
    30 0.561516 -0.596954 5.061852 -0.405043 -0.176980 0.042211
    31 -2.452171 -8.899406 11.597897 -1.286276 -0.360908 1.614380
    32 0.680496 -0.903999 6.074253 -0.976262 0.109356 0.014027
    33 0.245514 -0.661150 3.388004 -0.829200 0.111249 -0.046484
    34 -0.717484 -3.784271 13.043911 -1.134340 -0.184769 1.516246
    35 1.099216 -1.407745 8.017889 -1.001644 0.008592 0.002818
    36 0.068439 -0.807653 3.686054 -0.685469 0.007810 0.002856
    37 -4.004929 6.172707 4.754754 0.079404 0.825920 2.501306
    38 0.158352 -1.149811 5.804394 -0.548815 -0.254434 0.179346
    39 -1.083523 -1.463142 5.544399 -0.466786 -0.110790 0.013910
    40 -6.289886 0.932434 13.569063 -0.126803 0.612110 2.869610
    41 1.327774 -0.766687 12.396328 -0.025769 0.011185 -0.227843
    42 -0.096140 1.828087 23.185329 0.148035 -0.256186 -1.340632
    43 2.325478 -0.000003 6.169296 0.330763 0.344208 1.993762
    44 0.000000 -3.152912 0.122169 2.035948 0.000000 0.000000
    45 1.068383 -10.478592 7.066338 0.292219 -1.282324 -3.141588
    46 0.000000 0.000000 2.279457 0.547137 -0.343566 0.107833
    47 2.479414 -8.323895 6.074242 -0.009236 0.327514 1.561685
    48 0.000005 -5.730469 2.636719 0.000000 0.000000 0.000000
    49 -1.068383 -10.478611 7.065971 0.292219 1.282324 3.141588
    50 -0.000488 0.000015 2.279600 0.547136 0.343566 0.107835
    51 -2.479401 -8.323895 6.074234 0.009296 0.327574 1.581344
    52 -5.790000 4.432083 14.255558 -2.712424 1.347406 0.376458
    53 1.044540 -2.839314 19.743252 -0.704663 0.740292 -0.257188
    54 -2.655510 -1.533379 24.792648 -0.679873 -0.110848 0.195215
    55 -1.120216 -0.154385 9.795983 0.033372 0.009905 -0.302681
    56 -2.240372 -0.308788 19.592047 0.158915 -0.068558 -0.604347
    57 -0.683205 2.877342 14.167089 -0.954432 0.161935 -1.444281
    58 -0.144958 -0.145317 7.579308 -0.926152 0.233644 -0.032319
    59 -0.038551 -0.936644 4.697678 -0.755323 0.156515 -0.045800
    60 -0.506317 8.500896 13.617329 -0.862984 0.087301 -1.330827
    61 0.385056 -0.460075 7.003435 -0.755128 0.461452 -0.058674
    62 -0.456360 -0.710276 5.057732 -0.544368 0.304298 -0.059867
    63 2.452194 -8.899408 11.597939 -1.300891 0.185797 -1.528651
    64 -0.680515 -0.903999 6.074242 -1.055275 -0.129883 -0.024184
    65 -0.248295 -0.666843 3.386627 -0.909669 -0.125282 0.055312
    66 0.717491 -3.784309 13.044010 -1.167335 0.121731 -1.491131
    67 -1.099228 -1.407673 8.017876 -1.051154 -0.006439 0.003086
    68 -0.064053 -0.807640 3.686100 -0.734867 -0.008762 -0.006760
    69 4.004906 6.172710 4.754800 0.176000 -1.024693 -2.611323
    70 -0.158381 -1.149773 5.804405 -0.476278 0.307423 0.243202
    71 1.078559 -2.386406 5.215008 -0.386948 0.177612 0.094507
    72 6.289963 0.932404 13.569109 -0.126801 -0.612098 -2.869612
    73 -1.327759 -0.766682 12.396324 -0.016908 -0.008116 0.151800
    74 0.000017 -54.999996 0.000000 0.000000 0.000000 -1.570796
  time 70
    0 0.000000 0.000000 -1.500000 0.000000 0.000000 0.000000
    1 -10.521344 -5.760963 66.994621 3.097005 -0.050653 -3.139334
    2 -4.999781 10.016501 12.888354 0.070606 0.290444 0.319600
    3 -0.000034 0.000012 24.761454 -1.220006 -0.141467 -0.088026
    4 0.000017 0.000000 24.344809 1.699803 -0.037205 0.028642
    5 0.002333 -1.019846 24.031336 0.820009 -0.045910 -0.002490
    6 0.000034 0.000008 13.404741 -0.000001 -0.000009 -0.070201
    7 10.398263 -5.760962 66.994675 3.097005 0.050653 3.139334
    8 -2.539306 3.183482 12.802903 0.955677 -0.471774 0.167730
    9 -0.000004 -0.000006 24.761459 -1.373545 0.159272 -0.600083
    10 -0.000007 0.000004 24.344891 1.309726 -0.029727 -0.100523
    11 -0.002360 -1.019903 24.031330 0.389594 -0.042695 -0.017219
    12 0.000000 -0.000002 13.404737 0.000001 0.000005 -0.339282
    13 -0.061540 -5.245835 72.927078 0.000000 0.000000 0.000000
    14 3.696749 6.560923 -12.555397 -0.007157 0.000021 -0.087921
    15 0.000000 -0.005608 -1.146812 0.137387 -0.005337 -0.245439
    16 0.030770 -0.240000 8.906021 -0.004138 0.000000 0.000000
    17 -0.808595 -2.346872 -0.398848 0.383298 0.000704 -0.336435
    18 0.030770 -0.276858 8.905140 0.056125 0.004134 -0.000049
    19 0.342495 -0.573361 0.022263 0.318097 0.138241 -0.024474
    20 5.669724 4.435303 14.302868 3.125283 -1.326136 0.291629
    21 -1.044571 -2.839317 19.743267 -0.694934 -0.856281 0.310475
    22 2.655533 -1.533369 24.792658 -0.893800 0.097836 -0.287238
    23 1.120163 -0.154394 9.796035 -0.016616 0.001057 -0.144284
    24 2.240311 -0.308786 19.592051 -0.028541 -0.043771 -0.288631
    25 0.683151 2.877354 14.167051 -0.841630 -0.095053 1.399462
    26 0.144936 -0.145374 7.579252 -0.802884 -0.180641 0.073010
    27 0.091660 -0.906685 4.702850 -0.635046 -0.101507 0.032163
    28 0.506271 8.500866 13.617253 -0.778211 0.122343 1.216543
    29 -0.384987 -0.460049 7.003448 -0.595716 -0.347309 0.147604
    30 0.561516 -0.596954 5.061852 -0.405043 -0.176980 0.042211
    31 -2.452171 -8.899406 11.597897 -1.286276 -0.360908 1.614380
    32 0.680496 -0.903999 6.074253 -0.976262 0.109356 0.014027
    33 0.245514 -0.661150 3.388004 -0.829200 0.111249 -0.046484
    34 -0.717484 -3.784271 13.043911 -1.134340 -0.184769 1.516246
    35 1.099216 -1.407745 8.017889 -1.001644 0.008592 0.002818
    36 0.068439 -0.807653 3.686054 -0.685469 0.007810 0.002856
    37 -4.004929 6.172707 4.754754 0.079404 0.825920 2.501306
    38 0.158352 -1.149811 5.804394 -0.548815 -0.254434 0.179346
    39 -1.083523 -1.463142 5.544399 -0.466786 -0.110790 0.013910
    40 -6.289886 0.932434 13.569063 -0.126803 0.612110 2.869610
    41 1.327774 -0.766687 12.396328 -0.025685 0.011161 -0.227140
    42 -0.096140 1.828087 23.185329 0.148035 -0.256186 -1.340632
    43 2.325478 -0.000003 6.169296 0.324604 0.341951 1.987256
    44 0.000000 -3.152912 0.122169 2.035948 0.000000 0.000000
    45 1.068383 -10.478592 7.066338 0.292219 -1.282324 -3.141588
    46 0.000000 0.000000 2.279457 0.547137 -0.343566 0.107833
    47 2.479414 -8.323895 6.074242 -0.009236 0.327514 1.561685
    48 0.000005 -5.730469 2.636719 0.000000 0.000000 0.000000
    49 -1.068383 -10.478611 7.065971 0.292219 1.282324 3.141588
    50 -0.000488 0.000015 2.279600 0.547136 0.343566 0.107835
    51 -2.479401 -8.323895 6.074234 0.009276 0.327574 1.581344
    52 -5.790000 4.432083 14.255558 -2.709165 1.349441 0.373296
    53 1.044540 -2.839314 19.743252 -0.706945 0.743429 -0.259365
    54 -2.655510 -1.533379 24.792648 -0.687925 -0.108493 0.195215
    55 -1.120216 -0.154385 9.795983 0.033204 0.009821 -0.301158
    56 -2.240372 -0.308788 19.592047 0.155173 -0.066776 -0.601254
    57 -0.683205 2.877342 14.167089 -0.954383 0.161915 -1.444281
    58 -0.144958 -0.145317 7.579308 -0.926152 0.233644 -0.032319
    59 -0.038551 -0.936644 4.697678 -0.755323 0.156515 -0.045800
    60 -0.506317 8.500896 13.617329 -0.862984 0.087301 -1.330827
    61 0.385056 -0.460075 7.003435 -0.755171 0.461452 -0.058689
    62 -0.456360 -0.710276 5.057732 -0.544368 0.304298 -0.059867
    63 2.452194 -8.899408 11.597939 -1.300891 0.185797 -1.528651
    64 -0.680515 -0.903999 6.074242 -1.055275 -0.129883 -0.024184
    65 -0.248295 -0.666843 3.386627 -0.909669 -0.125282 0.055312
    66 0.717491 -3.784309 13.044010 -1.167335 0.121731 -1.491131
    67 -1.099228 -1.407673 8.017876 -1.051154 -0.006439 0.003086
    68 -0.064053 -0.807640 3.686100 -0.734867 -0.008762 -0.006760
    69 4.004906 6.172710 4.754800 0.176000 -1.024693 -2.611323
    70 -0.158381 -1.149773 5.804405 -0.476278 0.307423 0.243202
    71 1.078559 -2.386406 5.215008 -0.386948 0.177612 0.094507
    72 6.289963 0.932404 13.569109 -0.126801 -0.612098 -2.869612
    73 -1.327759 -0.766682 12.396324 -0.017075 -0.008188 0.153234
    74 0.000017 -54.999996 0.000000 0.000000 0.000000 -1.570796
  time 71
    0 0.000000 0.000000 -1.500000 0.000000 0.000000 0.000000
    1 -10.521344 -5.760963 66.994621 3.097005 -0.050653 -3.139334
    2 -4.745867 9.672746 13.067750 0.058787 0.288384 0.320735
    3 -0.000034 0.000012 24.761454 -1.218502 -0.141312 -0.089003
    4 0.000017 0.000000 24.344809 1.710098 -0.034715 0.030284
    5 0.002333 -1.019846 24.031336 0.820009 -0.045910 -0.002490
    6 0.000034 0.000008 13.404741 -0.000001 -0.000009 -0.070117
    7 10.398263 -5.760962 66.994675 3.097005 0.050653 3.139334
    8 -2.254141 2.783822 12.780422 0.945525 -0.481176 0.172021
    9 -0.000004 -0.000006 24.761459 -1.380144 0.160039 -0.604426
    10 -0.000007 0.000004 24.344891 1.322054 -0.022861 -0.096004
    11 -0.002360 -1.019903 24.031330 0.389594 -0.042695 -0.017219
    12 0.000000 -0.000002 13.404737 0.000001 0.000005 -0.340699
    13 -0.061540 -5.245835 72.927078 0.000000 0.000000 0.000000
    14 3.380333 6.211552 -12.622991 -0.007157 0.000021 -0.086059
    15 0.000000 -0.005608 -1.146812 0.137387 -0.014183 -0.250602
    16 0.030770 -0.240000 8.906021 -0.004138 0.000000 0.000000
    17 -0.835940 -2.358591 -0.402754 0.386644 -0.006044 -0.330724
    18 0.030770 -0.276858 8.905140 0.056125 0.004134 -0.000049
    19 0.346401 -0.577267 0.022263 0.318275 0.138817 -0.023838
    20 5.669724 4.435303 14.302868 3.126145 -1.326735 0.294120
    21 -1.044571 -2.839317 19.743267 -0.690972 -0.841669 0.301902
    22 2.655533 -1.533369 24.792658 -0.874662 0.097759 -0.290634
    23 1.120163 -0.154394 9.796035 -0.017347 0.001045 -0.150665
    24 2.240311 -0.308786 19.592051 -0.029107 -0.031707 -0.301488
    25 0.683151 2.877354 14.167051 -0.841630 -0.095053 1.399462
    26 0.144936 -0.145374 7.579252 -0.802884 -0.180641 0.073010
    27 0.091660 -0.906685 4.702850 -0.635046 -0.101507 0.032163
    28 0.506271 8.500866 13.617253 -0.778211 0.122321 1.216543
    29 -0.384987 -0.460049 7.003448 -0.595716 -0.347309 0.147604
    30 0.561516 -0.596954 5.061852 -0.405043 -0.176980 0.042211
    31 -2.452171 -8.899406 11.597897 -1.286276 -0.360908 1.614380
    32 0.680496 -0.903999 6.074253 -0.976262 0.109356 0.014027
    33 0.245514 -0.661150 3.388004 -0.829200 0.111249 -0.046484
    34 -0.717484 -3.784271 13.043911 -1.134340 -0.184769 1.516246
    35 1.099216 -1.407745 8.017889 -1.001683 0.008592 0.002818
    36 0.068439 -0.807653 3.686054 -0.685469 0.007810 0.002856
    37 -4.004929 6.172707 4.754754 0.079404 0.825920 2.501306
    38 0.158352 -1.149811 5.804394 -0.548815 -0.254434 0.179346
    39 -1.083523 -1.463142 5.544399 -0.466786 -0.110790 0.013910
    40 -6.289886 0.932434 13.569063 -0.126803 0.612110 2.869610
    41 1.327774 -0.766687 12.396328 -0.025601 0.011137 -0.226487
    42 -0.096140 1.828087 23.185329 0.148035 -0.256186 -1.340632
    43 2.325478 -0.000003 6.169296 0.318253 0.340345 1.980231
    44 0.000000 -3.152912 0.122169 2.035948 0.000000 0.000000
    45 1.068383 -10.478592 7.066338 0.292219 -1.282324 -3.141588
    46 0.000000 0.000000 2.279457 0.547137 -0.343566 0.107833
    47 2.479414 -8.323895 6.074242 -0.009236 0.327514 1.561685
    48 0.000005 -5.730469 2.636719 0.000000 0.000000 0.000000
    49 -1.068383 -10.478611 7.065971 0.292219 1.282324 3.141588
    50 -0.000488 0.000015 2.279600 0.547136 0.343566 0.107835
    51 -2.479401 -8.323895 6.074234 0.009296 0.327527 1.581344
    52 -5.790000 4.432083 14.255558 -2.706001 1.351435 0.370134
    53 1.044540 -2.839314 19.743252 -0.709060 0.746100 -0.261270
    54 -2.655510 -1.533379 24.792648 -0.696128 -0.106202 0.195442
    55 -1.120216 -0.154385 9.795983 0.033036 0.009737 -0.299580
    56 -2.240372 -0.308788 19.592047 0.151507 -0.065043 -0.598246
    57 -0.683205 2.877342 14.167089 -0.954383 0.161935 -1.444281
    58 -0.144958 -0.145317 7.579308 -0.926152 0.233656 -0.032319
    59 -0.038551 -0.936644 4.697678 -0.755323 0.156515 -0.045800
    60 -0.506317 8.500896 13.617329 -0.862984 0.087301 -1.330827
    61 0.385056 -0.460075 7.003435 -0.755171 0.461469 -0.058674
    62 -0.456360 -0.710276 5.057732 -0.544368 0.304298 -0.059867
    63 2.452194 -8.899408 11.597939 -1.300891 0.185797 -1.528651
    64 -0.680515 -0.903999 6.074242 -1.055275 -0.129883 -0.024184
    65 -0.248295 -0.666843 3.386627 -0.909669 -0.125282 0.055312
    66 0.717491 -3.784309 13.044010 -1.167335 0.121719 -1.491131
    67 -1.099228 -1.407673 8.017876 -1.051154 -0.006439 0.003086
    68 -0.064053 -0.807640 3.686100 -0.734867 -0.008762 -0.006760
    69 4.004906 6.172710 4.754800 0.176000 -1.024693 -2.611323
    70 -0.158381 -1.149773 5.804405 -0.476278 0.307423 0.243202
    71 1.078559 -2.386406 5.215008 -0.386948 0.177612 0.094507
    72 6.289963 0.932404 13.569109 -0.126801 -0.612098 -2.869612
    73 -1.327759 -0.766682 12.396324 -0.017243 -0.008260 0.154761
    74 0.000017 -54.999996 0.000000 0.000000 0.000000 -1.570796
  time 72
    0 0.000000 0.000000 -1.500000 0.000000 0.000000 0.000000
    1 -10.521344 -5.760963 66.994621 3.097005 -0.050653 -3.139334
    2 -4.456796 9.328990 13.314420 0.047377 0.285935 0.322177
    3 -0.000034 0.000012 24.761454 -1.220006 -0.141467 -0.089859
    4 0.000017 0.000000 24.344809 1.722921 -0.031750 0.032488
    5 0.002333 -1.019846 24.031336 0.820009 -0.045910 -0.002490
    6 0.000034 0.000008 13.404741 -0.000001 -0.000009 -0.069927
    7 10.398263 -5.760962 66.994675 3.097005 0.050653 3.139334
    8 -1.926006 2.384162 12.802903 0.936738 -0.492259 0.175404
    9 -0.000004 -0.000006 24.761459 -1.389879 0.161141 -0.609199
    10 -0.000007 0.000004 24.344891 1.335542 -0.015106 -0.091128
    11 -0.002360 -1.019903 24.031330 0.389594 -0.042695 -0.017219
    12 0.000000 -0.000002 13.404737 0.000001 0.000005 -0.342267
    13 -0.061540 -5.245835 72.927078 0.000000 0.000000 0.000000
    14 3.024854 5.862182 -12.780708 -0.007157 0.000021 -0.084378
    15 0.000000 -0.005608 -1.146812 0.137419 -0.023061 -0.255820
    16 0.030770 -0.240000 8.906021 -0.004138 0.000000 0.000000
    17 -0.867191 -2.366404 -0.410567 0.390011 -0.012944 -0.325094
    18 0.030770 -0.276858 8.905140 0.056125 0.004134 -0.000049
    19 0.354214 -0.577267 0.022263 0.318668 0.139146 -0.023227
    20 5.669724 4.435303 14.302868 3.127006 -1.327299 0.296804
    21 -1.044571 -2.839317 19.743267 -0.687401 -0.827162 0.293639
    22 2.655533 -1.533369 24.792658 -0.854483 0.097644 -0.294840
    23 1.120163 -0.154394 9.796035 -0.018078 0.001033 -0.156943
    24 2.240311 -0.308786 19.592051 -0.030064 -0.019920 -0.314267
    25 0.683151 2.877354 14.167051 -0.841630 -0.095053 1.399462
    26 0.144936 -0.145374 7.579252 -0.802884 -0.180641 0.073010
    27 0.091660 -0.906685 4.702850 -0.635046 -0.101507 0.032163
    28 0.506271 8.500866 13.617253 -0.778211 0.122321 1.216543
    29 -0.384987 -0.460049 7.003448 -0.595716 -0.347309 0.147604
    30 0.561516 -0.596954 5.061852 -0.405043 -0.176980 0.042211
    31 -2.452171 -8.899406 11.597897 -1.286276 -0.360908 1.614380
    32 0.680496 -0.903999 6.074253 -0.976262 0.109356 0.014027
    33 0.245514 -0.661150 3.388004 -0.829200 0.111249 -0.046484
    34 -0.717484 -3.784271 13.043911 -1.134340 -0.184769 1.516231
    35 1.099216 -1.407745 8.017889 -1.001644 0.008592 0.002818
    36 0.068439 -0.807653 3.686054 -0.685540 0.007810 0.002856
    37 -4.004929 6.172707 4.754754 0.079404 0.825920 2.501306
    38 0.158352 -1.149811 5.804394 -0.548815 -0.254434 0.179346
    39 -1.083523 -1.463142 5.544399 -0.466786 -0.110790 0.013910
    40 -6.289886 0.932434 13.569063 -0.126803 0.612110 2.869610
    41 1.327774 -0.766687 12.396328 -0.025529 0.011113 -0.225834
    42 -0.096140 1.828087 23.185329 0.148035 -0.256186 -1.340632
    43 2.325478 -0.000003 6.169296 0.311663 0.339419 1.972768
    44 0.000000 -3.152912 0.122169 2.035948 0.000000 0.000000
    45 1.068383 -10.478592 7.066338 0.292219 -1.282324 -3.141588
    46 0.000000 0.000000 2.279457 0.547137 -0.343566 0.107833
    47 2.479414 -8.323895 6.074242 -0.009236 0.327514 1.561685
    48 0.000005 -5.730469 2.636719 0.000000 0.000000 0.000000
    49 -1.068383 -10.478611 7.065971 0.292219 1.282324 3.141588
    50 -0.000488 0.000015 2.279600 0.547136 0.343566 0.107835
    51 -2.479401 -8.323895 6.074234 0.009296 0.327574 1.581344
    52 -5.790000 4.432083 14.255558 -2.703126 1.353470 0.366876
    53 1.044540 -2.839314 19.743252 -0.710841 0.748432 -0.263012
    54 -2.655510 -1.533379 24.792648 -0.704432 -0.103976 0.195745
    55 -1.120216 -0.154385 9.795983 0.032881 0.009653 -0.298002
    56 -2.240372 -0.308788 19.592047 0.147918 -0.063360 -0.595239
    57 -0.683205 2.877342 14.167089 -0.954383 0.161915 -1.444281
    58 -0.144958 -0.145317 7.579308 -0.926152 0.233644 -0.032319
    59 -0.038551 -0.936644 4.697678 -0.755323 0.156515 -0.045800
    60 -0.506317 8.500896 13.617329 -0.862984 0.087301 -1.330827
    61 0.385056 -0.460075 7.003435 -0.755171 0.461469 -0.058674
    62 -0.456360 -0.710276 5.057732 -0.544368 0.304298 -0.059867
    63 2.452194 -8.899408 11.597939 -1.300891 0.185797 -1.528651
    64 -0.680515 -0.903999 6.074242 -1.055275 -0.129883 -0.024184
    65 -0.248295 -0.666843 3.386627 -0.909669 -0.125282 0.055312
    66 0.717491 -3.784309 13.044010 -1.167335 0.121719 -1.491131
    67 -1.099228 -1.407673 8.017876 -1.051154 -0.006439 0.003086
    68 -0.064053 -0.807640 3.686100 -0.734867 -0.008762 -0.006760
    69 4.004906 6.172710 4.754800 0.176000 -1.024693 -2.611323
    70 -0.158381 -1.149773 5.804405 -0.476278 0.307423 0.243202
    71 1.078559 -2.386406 5.215008 -0.386948 0.177612 0.094507
    72 6.289963 0.932404 13.569109 -0.126801 -0.612098 -2.869612
    73 -1.327759 -0.766682 12.396324 -0.017423 -0.008320 0.156195
    74 0.000017 -54.999996 0.000000 0.000000 0.000000 -1.570796
  time 73
    0 0.000000 0.000000 -1.500000 0.000000 0.000000 0.000000
    1 -10.521344 -5.760963 66.994621 3.097005 -0.050653 -3.139334
    2 -4.132567 8.985234 13.605939 0.036241 0.282956 0.323706
    3 -0.000034 0.000012 24.761454 -1.224111 -0.141959 -0.090429
    4 0.000017 0.000000 24.344809 1.738148 -0.028332 0.035297
    5 0.002333 -1.019846 24.031336 0.820009 -0.045910 -0.002490
    6 0.000034 0.000008 13.404741 -0.000001 -0.000009 -0.069653
    7 10.398263 -5.760962 66.994675 3.097005 0.050653 3.139334
    8 -1.550995 1.984502 12.870343 0.929231 -0.505063 0.178292
    9 -0.000004 -0.000006 24.761459 -1.402033 0.162555 -0.614331
    10 -0.000007 0.000004 24.344891 1.349806 -0.006440 -0.085768
    11 -0.002360 -1.019903 24.031330 0.389594 -0.042695 -0.017219
    12 0.000000 -0.000002 13.404737 0.000001 0.000005 -0.343941
    13 -0.061540 -5.245835 72.927078 0.000000 0.000000 0.000000
    14 2.630310 5.512811 -13.006019 -0.007157 0.000021 -0.082817
    15 0.000000 -0.005608 -1.146812 0.137450 -0.031876 -0.260956
    16 0.030770 -0.240000 8.906021 -0.004138 0.000000 0.000000
    17 -0.890629 -2.374217 -0.418380 0.393357 -0.019882 -0.319583
    18 0.030770 -0.276858 8.905140 0.056125 0.004134 -0.000049
    19 0.358120 -0.573361 0.030075 0.319133 0.139249 -0.022640
    20 5.669724 4.435303 14.302868 3.127772 -1.327862 0.299295
    21 -1.044571 -2.839317 19.743267 -0.684368 -0.812968 0.285743
    22 2.655533 -1.533369 24.792658 -0.834043 0.097375 -0.299288
    23 1.120163 -0.154394 9.796035 -0.018797 0.001021 -0.163117
    24 2.240311 -0.308786 19.592051 -0.031152 -0.008592 -0.326848
    25 0.683151 2.877354 14.167051 -0.841630 -0.095041 1.399449
    26 0.144936 -0.145374 7.579252 -0.802884 -0.180641 0.073010
    27 0.091660 -0.906685 4.702850 -0.635046 -0.101507 0.032163
    28 0.506271 8.500866 13.617253 -0.778211 0.122343 1.216543
    29 -0.384987 -0.460049 7.003448 -0.595716 -0.347309 0.147604
    30 0.561516 -0.596954 5.061852 -0.405043 -0.176980 0.042211
    31 -2.452171 -8.899406 11.597897 -1.286276 -0.360908 1.614380
    32 0.680496 -0.903999 6.074253 -0.976262 0.109356 0.014027
    33 0.245514 -0.661150 3.388004 -0.829200 0.111249 -0.046484
    34 -0.717484 -3.784271 13.043911 -1.134340 -0.184769 1.516231
    35 1.099216 -1.407745 8.017889 -1.001644 0.008592 0.002818
    36 0.068439 -0.807653 3.686054 -0.685469 0.007810 0.002856
    37 -4.004929 6.172707 4.754754 0.079404 0.825920 2.501306
    38 0.158352 -1.149811 5.804394 -0.548815 -0.254434 0.179346
    39 -1.083523 -1.463142 5.544399 -0.466786 -0.110790 0.013910
    40 -6.289886 0.932434 13.569063 -0.126803 0.612110 2.869610
    41 1.327774 -0.766687 12.396328 -0.025457 0.011101 -0.225332
    42 -0.096140 1.828087 23.185329 0.148035 -0.256186 -1.340632
    43 2.325478 -0.000003 6.169296 0.304930 0.339216 1.964985
    44 0.000000 -3.152912 0.122169 2.035948 0.000000 0.000000
    45 1.068383 -10.478592 7.066338 0.292219 -1.282324 -3.141588
    46 0.000000 0.000000 2.279457 0.547137 -0.343566 0.107833
    47 2.479414 -8.323895 6.074242 -0.009236 0.327514 1.561685
    48 0.000005 -5.730469 2.636719 0.000000 0.000000 0.000000
    49 -1.068383 -10.478611 7.065971 0.292219 1.282324 3.141588
    50 -0.000488 0.000015 2.279600 0.547136 0.343566 0.107835
    51 -2.479401 -8.323895 6.074234 0.009296 0.327574 1.581344
    52 -5.790000 4.432083 14.255558 -2.700154 1.355339 0.363715
    53 1.044540 -2.839314 19.743252 -0.712622 0.750382 -0.264509
    54 -2.655510 -1.533379 24.792648 -0.712786 -0.101827 0.196048
    55 -1.120216 -0.154385 9.795983 0.032713 0.009581 -0.296451
    56 -2.240372 -0.308788 19.592047 0.144710 -0.061677 -0.592146
    57 -0.683205 2.877342 14.167089 -0.954383 0.161915 -1.444281
    58 -0.144958 -0.145317 7.579308 -0.926152 0.233656 -0.032319
    59 -0.038551 -0.936644 4.697678 -0.755323 0.156515 -0.045800
    60 -0.506317 8.500896 13.617329 -0.862984 0.087301 -1.330827
    61 0.385056 -0.460075 7.003435 -0.755128 0.461469 -0.058689
    62 -0.456360 -0.710276 5.057732 -0.544368 0.304298 -0.059867
    63 2.452194 -8.899408 11.597939 -1.300891 0.185797 -1.528651
    64 -0.680515 -0.903999 6.074242 -1.055275 -0.129883 -0.024184
    65 -0.248295 -0.666843 3.386627 -0.909669 -0.125282 0.055312
    66 0.717491 -3.784309 13.044010 -1.167335 0.121731 -1.491143
    67 -1.099228 -1.407673 8.017876 -1.051154 -0.006439 0.003086
    68 -0.064053 -0.807640 3.686100 -0.734867 -0.008762 -0.006760
    69 4.004906 6.172710 4.754800 0.176000 -1.024693 -2.611323
    70 -0.158381 -1.149773 5.804405 -0.476278 0.307423 0.243202
    71 1.078559 -2.386406 5.215008 -0.386948 0.177612 0.094507
    72 6.289963 0.932404 13.569109 -0.126801 -0.612098 -2.869612
    73 -1.327759 -0.766682 12.396324 -0.017591 -0.008392 0.157676
    74 0.000017 -54.999996 0.000000 0.000000 0.000000 -1.570796
  time 74
    0 0.000000 0.000000 -1.500000 0.000000 0.000000 0.000000
    1 -10.521344 -5.760963 66.994621 3.097005 -0.050653 -3.139334
    2 -3.769275 8.641478 13.942307 0.025105 0.279393 0.325279
    3 -0.000034 0.000012 24.761454 -1.230616 -0.142714 -0.090673
    4 0.000017 0.000000 24.344809 1.755656 -0.024371 0.038754
    5 0.002333 -1.019846 24.031336 0.820009 -0.045910 -0.002490
    6 0.000034 0.000008 13.404741 -0.000001 -0.000009 -0.069168
    7 10.398263 -5.760962 66.994675 3.097005 0.050653 3.139334
    8 -1.133013 1.572353 12.982744 0.922832 -0.519402 0.180520
    9 -0.000004 -0.000006 24.761459 -1.416498 0.164221 -0.619535
    10 -0.000007 0.000004 24.344891 1.364972 0.003137 -0.079799
    11 -0.002360 -1.019903 24.031330 0.389594 -0.042695 -0.017219
    12 0.000000 -0.000002 13.404737 0.000001 0.000005 -0.345466
    13 -0.061540 -5.245835 72.927078 0.000000 0.000000 0.000000
    14 2.196703 5.151794 -13.253862 -0.007157 0.000021 -0.081375
    15 0.000000 -0.005608 -1.146812 0.137450 -0.040581 -0.265983
    16 0.030770 -0.240000 8.906021 -0.004138 0.000000 0.000000
    17 -0.921880 -2.385936 -0.426193 0.396619 -0.026732 -0.314192
    18 0.030770 -0.276858 8.905140 0.056125 0.004134 -0.000049
    19 0.358120 -0.577267 0.026169 0.319920 0.139105 -0.022077
    20 5.669724 4.435303 14.302868 3.128441 -1.328426 0.301691
    21 -1.044571 -2.839317 19.743267 -0.681922 -0.799087 0.278326
    22 2.655533 -1.533369 24.792658 -0.813820 0.097106 -0.304140
    23 1.120163 -0.154394 9.796035 -0.019480 0.000997 -0.169188
    24 2.240311 -0.308786 19.592051 -0.032414 0.002044 -0.339112
    25 0.683151 2.877354 14.167051 -0.841630 -0.095041 1.399462
    26 0.144936 -0.145374 7.579252 -0.802884 -0.180641 0.073010
    27 0.091660 -0.906685 4.702850 -0.635046 -0.101507 0.032163
    28 0.506271 8.500866 13.617253 -0.778211 0.122321 1.216543
    29 -0.384987 -0.460049 7.003448 -0.595716 -0.347309 0.147604
    30 0.561516 -0.596954 5.061852 -0.405043 -0.176980 0.042211
    31 -2.452171 -8.899406 11.597897 -1.286276 -0.360908 1.614380
    32 0.680496 -0.903999 6.074253 -0.976262 0.109356 0.014027
    33 0.245514 -0.661150 3.388004 -0.829200 0.111249 -0.046484
    34 -0.717484 -3.784271 13.043911 -1.134340 -0.184769 1.516246
    35 1.099216 -1.407745 8.017889 -1.001644 0.008592 0.002818
    36 0.068439 -0.807653 3.686054 -0.685469 0.007822 0.002856
    37 -4.004929 6.172707 4.754754 0.079404 0.825920 2.501306
    38 0.158352 -1.149811 5.804394 -0.548815 -0.254434 0.179346
    39 -1.083523 -1.463142 5.544399 -0.466786 -0.110790 0.013910
    40 -6.289886 0.932434 13.569063 -0.126803 0.612110 2.869610
    41 1.327774 -0.766687 12.396328 -0.025409 0.011077 -0.224830
    42 -0.096140 1.828087 23.185329 0.148035 -0.256186 -1.340632
    43 2.325478 -0.000003 6.169296 0.298007 0.339737 1.956882
    44 0.000000 -3.152912 0.122169 2.035948 0.000000 0.000000
    45 1.068383 -10.478592 7.066338 0.292219 -1.282324 -3.141588
    46 0.000000 0.000000 2.279457 0.547137 -0.343566 0.107833
    47 2.479414 -8.323895 6.074242 -0.009236 0.327514 1.561685
    48 0.000005 -5.730469 2.636719 0.000000 0.000000 0.000000
    49 -1.068383 -10.478611 7.065971 0.292219 1.282324 3.141588
    50 -0.000488 0.000015 2.279600 0.547136 0.343566 0.107835
    51 -2.479401 -8.323895 6.074234 0.009296 0.327574 1.581344
    52 -5.790000 4.432083 14.255558 -2.697470 1.357250 0.360553
    53 1.044540 -2.839314 19.743252 -0.714403 0.752163 -0.265924
    54 -2.655510 -1.533379 24.792648 -0.720989 -0.099782 0.196199
    55 -1.120216 -0.154385 9.795983 0.032545 0.009522 -0.294901
    56 -2.240372 -0.308788 19.592047 0.141427 -0.059994 -0.589225
    57 -0.683205 2.877342 14.167089 -0.954383 0.161935 -1.444281
    58 -0.144958 -0.145317 7.579308 -0.926152 0.233656 -0.032319
    59 -0.038551 -0.936644 4.697678 -0.755323 0.156515 -0.045800
    60 -0.506317 8.500896 13.617329 -0.862984 0.087301 -1.330827
    61 0.385056 -0.460075 7.003435 -0.755171 0.461469 -0.058674
    62 -0.456360 -0.710276 5.057732 -0.544368 0.304298 -0.059867
    63 2.452194 -8.899408 11.597939 -1.300891 0.185797 -1.528651
    64 -0.680515 -0.903999 6.074242 -1.055275 -0.129883 -0.024184
    65 -0.248295 -0.666843 3.386627 -0.909669 -0.125282 0.055312
    66 0.717491 -3.784309 13.044010 -1.167335 0.121731 -1.491131
    67 -1.099228 -1.407673 8.017876 -1.051154 -0.006439 0.003086
    68 -0.064053 -0.807640 3.686100 -0.734867 -0.008762 -0.006760
    69 4.004906 6.172710 4.754800 0.176000 -1.024693 -2.611323
    70 -0.158381 -1.149773 5.804405 -0.476278 0.307423 0.243202
    71 1.078559 -2.386406 5.215008 -0.386948 0.177612 0.094507
    72 6.289963 0.932404 13.569109 -0.126801 -0.612098 -2.869612
    73 -1.327759 -0.766682 12.396324 -0.017735 -0.008452 0.158971
    74 0.000017 -54.999996 0.000000 0.000000 0.000000 -1.570796
  time 75
    0 0.000000 0.000000 -1.500000 0.000000 0.000000 0.000000
    1 -10.521344 -5.760963 66.994621 3.097005 -0.050653 -3.139334
    2 -3.374732 8.285446 14.345949 0.013901 0.275302 0.326939
    3 -0.000034 0.000012 24.761454 -1.238949 -0.143661 -0.090347
    4 0.000017 0.000000 24.344809 1.775136 -0.019822 0.042924
    5 0.002333 -1.019846 24.031336 0.820009 -0.045910 -0.002490
    6 0.000034 0.000008 13.404741 -0.000001 -0.000009 -0.068408
    7 10.398263 -5.760962 66.994675 3.097005 0.050653 3.139334
    8 -0.672062 1.160204 13.162585 0.917202 -0.535242 0.182088
    9 -0.000004 -0.000006 24.761459 -1.432612 0.166103 -0.624738
    10 -0.000007 0.000004 24.344891 1.380655 0.013669 -0.073052
    11 -0.002360 -1.019903 24.031330 0.389594 -0.042695 -0.017219
    12 0.000000 -0.000002 13.404737 0.000001 0.000005 -0.346775
    13 -0.061540 -5.245835 72.927078 0.000000 0.000000 0.000000
    14 1.720126 4.802423 -13.524235 -0.007157 0.000021 -0.080174
    15 0.000000 -0.005608 -1.146812 0.137514 -0.049098 -0.270902
    16 0.030770 -0.240000 8.906021 -0.004138 0.000000 0.000000
    17 -0.953131 -2.397655 -0.434005 0.399649 -0.033366 -0.308920
    18 0.030770 -0.276858 8.905140 0.056125 0.004134 -0.000049
    19 0.362027 -0.573361 0.026169 0.320885 0.138652 -0.021513
    20 5.669724 4.435303 14.302868 3.129207 -1.328955 0.304279
    21 -1.044571 -2.839317 19.743267 -0.680063 -0.785780 0.271445
    22 2.655533 -1.533369 24.792658 -0.794639 0.096837 -0.309235
    23 1.120163 -0.154394 9.796035 -0.020151 0.000973 -0.175018
    24 2.240311 -0.308786 19.592051 -0.033850 0.012036 -0.351060
    25 0.683151 2.877354 14.167051 -0.841630 -0.095053 1.399462
    26 0.144936 -0.145374 7.579252 -0.802884 -0.180641 0.073010
    27 0.091660 -0.906685 4.702850 -0.635046 -0.101507 0.032163
    28 0.506271 8.500866 13.617253 -0.778149 0.122321 1.216543
    29 -0.384987 -0.460049 7.003448 -0.595716 -0.347309 0.147604
    30 0.561516 -0.596954 5.061852 -0.405043 -0.176980 0.042211
    31 -2.452171 -8.899406 11.597897 -1.286276 -0.360908 1.614380
    32 0.680496 -0.903999 6.074253 -0.976262 0.109356 0.014027
    33 0.245514 -0.661150 3.388004 -0.829200 0.111249 -0.046484
    34 -0.717484 -3.784271 13.043911 -1.134340 -0.184769 1.516246
    35 1.099216 -1.407745 8.017889 -1.001683 0.008592 0.002818
    36 0.068439 -0.807653 3.686054 -0.685469 0.007810 0.002856
    37 -4.004929 6.172707 4.754754 0.079404 0.825920 2.501306
    38 0.158352 -1.149811 5.804394 -0.548815 -0.254434 0.179346
    39 -1.083523 -1.463142 5.544399 -0.466786 -0.110790 0.013910
    40 -6.289886 0.932434 13.569063 -0.126803 0.612110 2.869610
    41 1.327774 -0.766687 12.396328 -0.025361 0.011065 -0.224428
    42 -0.096140 1.828087 23.185329 0.148035 -0.256186 -1.340632
    43 2.325478 -0.000003 6.169296 0.290940 0.340996 1.948660
    44 0.000000 -3.152912 0.122169 2.035948 0.000000 0.000000
    45 1.068383 -10.478592 7.066338 0.292219 -1.282324 -3.141588
    46 0.000000 0.000000 2.279457 0.547137 -0.343566 0.107833
    47 2.479414 -8.323895 6.074242 -0.009236 0.327514 1.561685
    48 0.000005 -5.730469 2.636719 0.000000 0.000000 0.000000
    49 -1.068383 -10.478611 7.065971 0.292219 1.282324 3.141588
    50 -0.000488 0.000015 2.279600 0.547136 0.343566 0.107835
    51 -2.479401 -8.323895 6.074234 0.009296 0.327574 1.581344
    52 -5.790000 4.432083 14.255558 -2.694786 1.359036 0.357391
    53 1.044540 -2.839314 19.743252 -0.716184 0.753689 -0.267203
    54 -2.655510 -1.533379 24.792648 -0.729142 -0.097854 0.196275
    55 -1.120216 -0.154385 9.795983 0.032389 0.009438 -0.293323
    56 -2.240372 -0.308788 19.592047 0.138525 -0.058360 -0.586046
    57 -0.683205 2.877342 14.167089 -0.954383 0.161935 -1.444281
    58 -0.144958 -0.145317 7.579308 -0.926152 0.233656 -0.032319
    59 -0.038551 -0.936644 4.697678 -0.755323 0.156515 -0.045800
    60 -0.506317 8.500896 13.617329 -0.862984 0.087301 -1.330827
    61 0.385056 -0.460075 7.003435 -0.755171 0.461469 -0.058674
    62 -0.456360 -0.710276 5.057732 -0.544368 0.304298 -0.059867
    63 2.452194 -8.899408 11.597939 -1.300891 0.185797 -1.528651
    64 -0.680515 -0.903999 6.074242 -1.055275 -0.129883 -0.024184
    65 -0.248295 -0.666843 3.386627 -0.909669 -0.125282 0.055312
    66 0.717491 -3.784309 13.044010 -1.167335 0.121731 -1.491131
    67 -1.099228 -1.407673 8.017876 -1.051154 -0.006439 0.003086
    68 -0.064053 -0.807640 3.686100 -0.734867 -0.008762 -0.006760
    69 4.004906 6.172710 4.754800 0.176000 -1.024693 -2.611323
    70 -0.158381 -1.149773 5.804405 -0.476278 0.307423 0.243202
    71 1.078559 -2.386406 5.215008 -0.386901 0.177612 0.094507
    72 6.289963 0.932404 13.569109 -0.126801 -0.612098 -2.869612
    73 -1.327759 -0.766682 12.396324 -0.017878 -0.008512 0.160220
    74 0.000017 -54.999996 0.000000 0.000000 0.000000 -1.570796
  time 76
    0 0.000000 0.000000 -1.500000 0.000000 0.000000 0.000000
    1 -10.521344 -5.760963 66.994621 3.097005 -0.050653 -3.139334
    2 -2.929406 7.941690 14.772015 0.002424 0.270458 0.328512
    3 -0.000034 0.000012 24.761454 -1.248787 -0.144799 -0.089411
    4 0.000017 0.000000 24.344809 1.796158 -0.014570 0.047850
    5 0.002333 -1.019846 24.031336 0.820009 -0.045910 -0.002490
    6 0.000034 0.000008 13.404741 -0.000001 -0.000009 -0.067312
    7 10.398263 -5.760962 66.994675 3.097005 0.050653 3.139334
    8 -0.160328 0.760544 13.364907 0.912425 -0.552508 0.182913
    9 -0.000004 -0.000006 24.761459 -1.450046 0.168116 -0.629762
    10 -0.000007 0.000004 24.344891 1.396661 0.025179 -0.065380
    11 -0.002360 -1.019903 24.031330 0.389594 -0.042695 -0.017219
    12 0.000000 -0.000002 13.404737 0.000001 0.000005 -0.347655
    13 -0.061540 -5.245835 72.927078 0.000000 0.000000 0.000000
    14 1.204486 4.464698 -13.884732 -0.007157 0.000021 -0.079153
    15 0.000000 -0.005608 -1.146812 0.137578 -0.057285 -0.275576
    16 0.030770 -0.240000 8.906021 -0.004138 0.000000 0.000000
    17 -0.976569 -2.409374 -0.437912 0.402469 -0.039608 -0.303929
    18 0.030770 -0.276858 8.905140 0.056125 0.004134 -0.000049
    19 0.369840 -0.573361 0.030075 0.322064 0.137891 -0.020998
    20 5.669724 4.435303 14.302868 3.129781 -1.329448 0.306579
    21 -1.044571 -2.839317 19.743267 -0.678937 -0.773256 0.265184
    22 2.655533 -1.533369 24.792658 -0.777237 0.096568 -0.314492
    23 1.120163 -0.154394 9.796035 -0.020799 0.000949 -0.180640
    24 2.240311 -0.308786 19.592051 -0.035417 0.020969 -0.362494
    25 0.683151 2.877354 14.167051 -0.841630 -0.095053 1.399449
    26 0.144936 -0.145374 7.579252 -0.802884 -0.180641 0.073010
    27 0.091660 -0.906685 4.702850 -0.635046 -0.101507 0.032163
    28 0.506271 8.500866 13.617253 -0.778211 0.122343 1.216543
    29 -0.384987 -0.460049 7.003448 -0.595716 -0.347309 0.147604
    30 0.561516 -0.596954 5.061852 -0.405043 -0.176980 0.042211
    31 -2.452171 -8.899406 11.597897 -1.286276 -0.360908 1.614380
    32 0.680496 -0.903999 6.074253 -0.976262 0.109356 0.014027
    33 0.245514 -0.661150 3.388004 -0.829200 0.111249 -0.046484
    34 -0.717484 -3.784271 13.043911 -1.134340 -0.184769 1.516231
    35 1.099216 -1.407745 8.017889 -1.001644 0.008592 0.002818
    36 0.068439 -0.807653 3.686054 -0.685469 0.007822 0.002856
    37 -4.004929 6.172707 4.754754 0.079404 0.825920 2.501306
    38 0.158352 -1.149811 5.804394 -0.548815 -0.254434 0.179346
    39 -1.083523 -1.463142 5.544399 -0.466786 -0.110790 0.013910
    40 -6.289886 0.932434 13.569063 -0.126803 0.612110 2.869610
    41 1.327774 -0.766687 12.396328 -0.025313 0.011053 -0.224077
    42 -0.096140 1.828087 23.185329 0.148035 -0.256186 -1.340632
    43 2.325478 -0.000003 6.169296 0.283729 0.343065 1.940319
    44 0.000000 -3.152912 0.122169 2.035948 0.000000 0.000000
    45 1.068383 -10.478592 7.066338 0.292219 -1.282324 -3.141588
    46 0.000000 0.000000 2.279457 0.547137 -0.343566 0.107833
    47 2.479414 -8.323895 6.074242 -0.009236 0.327514 1.561685
    48 0.000005 -5.730469 2.636719 0.000000 0.000000 0.000000
    49 -1.068383 -10.478611 7.065971 0.292219 1.282324 3.141588
    50 -0.000488 0.000015 2.279600 0.547136 0.343566 0.107835
    51 -2.479401 -8.323895 6.074234 0.009296 0.327574 1.581344
    52 -5.790000 4.432083 14.255558 -2.692485 1.360822 0.354325
    53 1.044540 -2.839314 19.743252 -0.718243 0.755046 -0.268509
    54 -2.655510 -1.533379 24.792648 -0.737043 -0.096029 0.196048
    55 -1.120216 -0.154385 9.795983 0.032233 0.009366 -0.291745
    56 -2.240372 -0.308788 19.592047 0.135852 -0.056776 -0.582867
    57 -0.683205 2.877342 14.167089 -0.954383 0.161895 -1.444281
    58 -0.144958 -0.145317 7.579308 -0.926152 0.233644 -0.032319
    59 -0.038551 -0.936644 4.697678 -0.755323 0.156515 -0.045800
    60 -0.506317 8.500896 13.617329 -0.862984 0.087301 -1.330827
    61 0.385056 -0.460075 7.003435 -0.755171 0.461469 -0.058674
    62 -0.456360 -0.710276 5.057732 -0.544368 0.304298 -0.059867
    63 2.452194 -8.899408 11.597939 -1.300891 0.185797 -1.528651
    64 -0.680515 -0.903999 6.074242 -1.055275 -0.129883 -0.024184
    65 -0.248295 -0.666843 3.386627 -0.909669 -0.125282 0.055312
    66 0.717491 -3.784309 13.044010 -1.167335 0.121731 -1.491131
    67 -1.099228 -1.407673 8.017876 -1.051154 -0.006439 0.003086
    68 -0.064053 -0.807640 3.686100 -0.734867 -0.008762 -0.006760
    69 4.004906 6.172710 4.754800 0.176000 -1.024693 -2.611323
    70 -0.158381 -1.149773 5.804405 -0.476278 0.307423 0.243202
    71 1.078559 -2.386406 5.215008 -0.386948 0.177612 0.094507
    72 6.289963 0.932404 13.569109 -0.126801 -0.612098 -2.869612
    73 -1.327759 -0.766682 12.396324 -0.017998 -0.008548 0.161331
    74 0.000017 -54.999996 0.000000 0.000000 0.000000 -1.570796
  time 77
    0 0.000000 0.000000 -1.500000 0.000000 0.000000 0.000000
    1 -10.521344 -5.760963 66.994621 3.097005 -0.050653 -3.139334
    2 -2.441109 7.610211 15.220506 -0.009532 0.264947 0.330085
    3 -0.000034 0.000012 24.761454 -1.259803 -0.146069 -0.087619
    4 0.000017 0.000000 24.344809 1.818659 -0.008549 0.053511
    5 0.002333 -1.019846 24.031336 0.820009 -0.045910 -0.002490
    6 0.000034 0.000008 13.404741 -0.000001 -0.000009 -0.065772
    7 10.398263 -5.760962 66.994675 3.097005 0.050653 3.139334
    8 0.402190 0.360884 13.589709 0.908074 -0.571090 0.183078
    9 -0.000004 -0.000006 24.761459 -1.468470 0.170250 -0.634428
    10 -0.000007 0.000004 24.344891 1.412925 0.037689 -0.056615
    11 -0.002360 -1.019903 24.031330 0.389594 -0.042695 -0.017219
    12 0.000000 -0.000002 13.404737 0.000001 0.000005 -0.348020
    13 -0.061540 -5.245835 72.927078 0.000000 0.000000 0.000000
    14 0.638062 4.126973 -14.222699 -0.007157 0.000021 -0.078373
    15 0.000000 -0.005608 -1.146812 0.137674 -0.065175 -0.280060
    16 0.030770 -0.240000 8.906021 -0.004138 0.000000 0.000000
    17 -0.996101 -2.417187 -0.445724 0.404910 -0.045318 -0.299137
    18 0.030770 -0.276858 8.905140 0.056125 0.004134 -0.000049
    19 0.369840 -0.577267 0.026169 0.323601 0.136780 -0.020519
    20 5.669724 4.435303 14.302868 3.130356 -1.329976 0.308879
    21 -1.044571 -2.839317 19.743267 -0.678448 -0.761775 0.259657
    22 2.655533 -1.533369 24.792658 -0.762135 0.096222 -0.319748
    23 1.120163 -0.154394 9.796035 -0.021422 0.000925 -0.185917
    24 2.240311 -0.308786 19.592051 -0.036853 0.028842 -0.373413
    25 0.683151 2.877354 14.167051 -0.841630 -0.095053 1.399449
    26 0.144936 -0.145374 7.579252 -0.802884 -0.180641 0.073010
    27 0.091660 -0.906685 4.702850 -0.635046 -0.101507 0.032163
    28 0.506271 8.500866 13.617253 -0.778211 0.122343 1.216543
    29 -0.384987 -0.460049 7.003448 -0.595716 -0.347309 0.147604
    30 0.561516 -0.596954 5.061852 -0.405043 -0.176980 0.042211
    31 -2.452171 -8.899406 11.597897 -1.286276 -0.360908 1.614380
    32 0.680496 -0.903999 6.074253 -0.976262 0.109356 0.014027
    33 0.245514 -0.661150 3.388004 -0.829200 0.111249 -0.046484
    34 -0.717484 -3.784271 13.043911 -1.134340 -0.184769 1.516231
    35 1.099216 -1.407745 8.017889 -1.001644 0.008592 0.002818
    36 0.068439 -0.807653 3.686054 -0.685469 0.007822 0.002856
    37 -4.004929 6.172707 4.754754 0.079404 0.825920 2.501306
    38 0.158352 -1.149811 5.804394 -0.548815 -0.254434 0.179346
    39 -1.083523 -1.463142 5.544399 -0.466786 -0.110790 0.013910
    40 -6.289886 0.932434 13.569063 -0.126803 0.612110 2.869610
    41 1.327774 -0.766687 12.396328 -0.025289 0.011041 -0.223775
    42 -0.096140 1.828087 23.185329 0.148035 -0.256186 -1.340632
    43 2.325478 -0.000003 6.169296 0.276424 0.345944 1.931977
    44 0.000000 -3.152912 0.122169 2.035948 0.000000 0.000000
    45 1.068383 -10.478592 7.066338 0.292219 -1.282324 -3.141588
    46 0.000000 0.000000 2.279457 0.547137 -0.343566 0.107833
    47 2.479414 -8.323895 6.074242 -0.009236 0.327514 1.561685
    48 0.000005 -5.730469 2.636719 0.000000 0.000000 0.000000
    49 -1.068383 -10.478611 7.065971 0.292219 1.282324 3.141588
    50 -0.000488 0.000015 2.279600 0.547136 0.343566 0.107835
    51 -2.479401 -8.323895 6.074234 0.009296 0.327574 1.581344
    52 -5.790000 4.432083 14.255558 -2.689993 1.362525 0.351259
    53 1.044540 -2.839314 19.743252 -0.720413 0.756318 -0.269843
    54 -2.655510 -1.533379 24.792648 -0.744743 -0.094320 0.195442
    55 -1.120216 -0.154385 9.795983 0.032066 0.009294 -0.290222
    56 -2.240372 -0.308788 19.592047 0.133561 -0.055192 -0.579773
    57 -0.683205 2.877342 14.167089 -0.954383 0.161935 -1.444281
    58 -0.144958 -0.145317 7.579308 -0.926152 0.233644 -0.032319
    59 -0.038551 -0.936644 4.697678 -0.755323 0.156515 -0.045800
    60 -0.506317 8.500896 13.617329 -0.862984 0.087301 -1.330827
    61 0.385056 -0.460075 7.003435 -0.755214 0.461452 -0.058674
    62 -0.456360 -0.710276 5.057732 -0.544368 0.304298 -0.059867
    63 2.452194 -8.899408 11.597939 -1.300891 0.185797 -1.528651
    64 -0.680515 -0.903999 6.074242 -1.055275 -0.129883 -0.024184
    65 -0.248295 -0.666843 3.386627 -0.909669 -0.125282 0.055312
    66 0.717491 -3.784309 13.044010 -1.167335 0.121719 -1.491131
    67 -1.099228 -1.407673 8.017876 -1.051154 -0.006439 0.003086
    68 -0.064053 -0.807640 3.686100 -0.734867 -0.008762 -0.006760
    69 4.004906 6.172710 4.754800 0.176000 -1.024693 -2.611323
    70 -0.158381 -1.149773 5.804405 -0.476278 0.307423 0.243202
    71 1.078559 -2.386406 5.215008 -0.386948 0.177612 0.094507
    72 6.289963 0.932404 13.569109 -0.126801 -0.612098 -2.869612
    73 -1.327759 -0.766682 12.396324 -0.018094 -0.008596 0.162117
    74 0.000017 -54.999996 0.000000 0.000000 0.000000 -1.570796
  time 78
    0 0.000000 0.000000 -1.500000 0.000000 0.000000 0.000000
    1 -10.521344 -5.760963 66.994621 3.097005 -0.050653 -3.139334
    2 -1.905937 7.266455 15.713846 -0.022035 0.258656 0.331614
    3 -0.000034 0.000012 24.761454 -1.271470 -0.147436 -0.084932
    4 0.000017 0.000000 24.344809 1.842455 -0.001736 0.060036
    5 0.002333 -1.019846 24.031336 0.820009 -0.045910 -0.002490
    6 0.000034 0.000008 13.404741 -0.000001 -0.000009 -0.063726
    7 10.398263 -5.760962 66.994675 3.097005 0.050653 3.139334
    8 1.003770 -0.026287 13.859471 0.904150 -0.590954 0.182583
    9 -0.000004 -0.000006 24.761459 -1.487389 0.172443 -0.638519
    10 -0.000007 0.000004 24.344891 1.428996 0.051221 -0.046610
    11 -0.002360 -1.019903 24.031330 0.389594 -0.042695 -0.017219
    12 0.000000 -0.000002 13.404737 0.000001 0.000005 -0.347741
    13 -0.061540 -5.245835 72.927078 0.000000 0.000000 0.000000
    14 0.028669 3.789248 -14.628259 -0.007157 0.000021 -0.077712
    15 0.000000 -0.005608 -1.146812 0.137738 -0.072594 -0.284191
    16 0.030770 -0.240000 8.906021 -0.004138 0.000000 0.000000
    17 -1.015633 -2.428906 -0.445724 0.407014 -0.050382 -0.294584
    18 0.030770 -0.276858 8.905140 0.056125 0.004134 -0.000049
    19 0.369840 -0.581173 0.033982 0.325389 0.135258 -0.020039
    20 5.669724 4.435303 14.302868 3.131026 -1.330434 0.311179
    21 -1.044571 -2.839317 19.743267 -0.678742 -0.751339 0.254778
    22 2.655533 -1.533369 24.792658 -0.750114 0.095953 -0.325005
    23 1.120163 -0.154394 9.796035 -0.021997 0.000901 -0.190953
    24 2.240311 -0.308786 19.592051 -0.038289 0.035427 -0.383739
    25 0.683151 2.877354 14.167051 -0.841630 -0.095041 1.399462
    26 0.144936 -0.145374 7.579252 -0.802884 -0.180641 0.073010
    27 0.091660 -0.906685 4.702850 -0.635046 -0.101507 0.032163
    28 0.506271 8.500866 13.617253 -0.778211 0.122321 1.216543
    29 -0.384987 -0.460049 7.003448 -0.595716 -0.347309 0.147604
    30 0.561516 -0.596954 5.061852 -0.405043 -0.176980 0.042211
    31 -2.452171 -8.899406 11.597897 -1.286276 -0.360908 1.614380
    32 0.680496 -0.903999 6.074253 -0.976262 0.109356 0.014027
    33 0.245514 -0.661150 3.388004 -0.829200 0.111249 -0.046484
    34 -0.717484 -3.784271 13.043911 -1.134340 -0.184769 1.516231
    35 1.099216 -1.407745 8.017889 -1.001644 0.008592 0.002818
    36 0.068439 -0.807653 3.686054 -0.685469 0.007810 0.002856
    37 -4.004929 6.172707 4.754754 0.079404 0.825920 2.501306
    38 0.158352 -1.149811 5.804394 -0.548815 -0.254434 0.179346
    39 -1.083523 -1.463142 5.544399 -0.466786 -0.110790 0.013910
    40 -6.289886 0.932434 13.569063 -0.126803 0.612110 2.869610
    41 1.327774 -0.766687 12.396328 -0.025265 0.011041 -0.223675
    42 -0.096140 1.828087 23.185329 0.148035 -0.256186 -1.340632
    43 2.325478 -0.000003 6.169296 0.268974 0.349677 1.923635
    44 0.000000 -3.152912 0.122169 2.035948 0.000000 0.000000
    45 1.068383 -10.478592 7.066338 0.292219 -1.282324 -3.141588
    46 0.000000 0.000000 2.279457 0.547137 -0.343566 0.107833
    47 2.479414 -8.323895 6.074242 -0.009236 0.327514 1.561685
    48 0.000005 -5.730469 2.636719 0.000000 0.000000 0.000000
    49 -1.068383 -10.478611 7.065971 0.292219 1.282324 3.141588
    50 -0.000488 0.000015 2.279600 0.547136 0.343566 0.107835
    51 -2.479401 -8.323895 6.074234 0.009296 0.327574 1.581344
    52 -5.790000 4.432083 14.255558 -2.687788 1.364145 0.348288
    53 1.044540 -2.839314 19.743252 -0.723029 0.757505 -0.271231
    54 -2.655510 -1.533379 24.792648 -0.752191 -0.092754 0.194382
    55 -1.120216 -0.154385 9.795983 0.031910 0.009222 -0.288644
    56 -2.240372 -0.308788 19.592047 0.131499 -0.053707 -0.576594
    57 -0.683205 2.877342 14.167089 -0.954383 0.161935 -1.444281
    58 -0.144958 -0.145317 7.579308 -0.926152 0.233656 -0.032319
    59 -0.038551 -0.936644 4.697678 -0.755323 0.156515 -0.045800
    60 -0.506317 8.500896 13.617329 -0.862984 0.087301 -1.330827
    61 0.385056 -0.460075 7.003435 -0.755171 0.461469 -0.058674
    62 -0.456360 -0.710276 5.057732 -0.544368 0.304298 -0.059867
    63 2.452194 -8.899408 11.597939 -1.300891 0.185797 -1.528651
    64 -0.680515 -0.903999 6.074242 -1.055275 -0.129883 -0.024184
    65 -0.248295 -0.666843 3.386627 -0.909669 -0.125282 0.055312
    66 0.717491 -3.784309 13.044010 -1.167335 0.121731 -1.491131
    67 -1.099228 -1.407673 8.017876 -1.051154 -0.006439 0.003086
    68 -0.064053 -0.807640 3.686100 -0.734867 -0.008762 -0.006760
    69 4.004906 6.172710 4.754800 0.176000 -1.024693 -2.611323
    70 -0.158381 -1.149773 5.804405 -0.476278 0.307423 0.243202
    71 1.078559 -2.386406 5.215008 -0.386901 0.177612 0.094507
    72 6.289963 0.932404 13.569109 -0.126801 -0.612098 -2.869612
    73 -1.327759 -0.766682 12.396324 -0.018166 -0.008620 0.162673
    74 0.000017 -54.999996 0.000000 0.000000 0.000000 -1.570796
end
