// Created by Crowbar 0.74
version 1
nodes
  0 "root" -1
  1 "g_r_hip_offset" 0
  2 "g_r_hip" 1
  3 "g_r_knee" 2
  4 "g_r_ankle" 3
  5 "g_r_ball" 4
  6 "g_r_thightwist" 2
  7 "g_l_hip_offset" 0
  8 "g_l_hip" 7
  9 "g_l_knee" 8
  10 "g_l_ankle" 9
  11 "g_l_ball" 10
  12 "g_l_thightwist" 8
  13 "g_spine01_offset" 0
  14 "g_spine01" 13
  15 "g_pelvis" 14
  16 "g_spine02_offset" 14
  17 "g_spine02" 16
  18 "g_spine03_offset" 17
  19 "g_spine03" 18
  20 "g_l_clavical" 19
  21 "g_l_shoulder" 20
  22 "g_l_elbow" 21
  23 "g_l_forarm" 22
  24 "g_l_wrist" 22
  25 "g_l_birdy1" 24
  26 "g_l_birdy2" 25
  27 "g_l_birdy3" 26
  28 "g_l_index1" 24
  29 "g_l_index2" 28
  30 "g_l_index3" 29
  31 "g_l_pinky1" 24
  32 "g_l_pinky2" 31
  33 "g_l_pinky3" 32
  34 "g_l_ring1" 24
  35 "g_l_ring2" 34
  36 "g_l_ring3" 35
  37 "g_l_thumb1" 24
  38 "g_l_thumb2" 37
  39 "g_l_thumb3" 38
  40 "g_l_palm" 24
  41 "g_l_biceptwist" 21
  42 "g_neck" 19
  43 "g_head" 42
  44 "g_jaw" 43
  45 "g_l_brow" 43
  46 "g_l_brow2" 45
  47 "g_l_eye" 43
  48 "g_topeyelid" 43
  49 "g_r_brow" 43
  50 "g_r_brow2" 49
  51 "g_r_eye" 43
  52 "g_r_clavical" 19
  53 "g_r_shoulder" 52
  54 "g_r_elbow" 53
  55 "g_r_forarm" 54
  56 "g_r_wrist" 54
  57 "g_r_birdy1" 56
  58 "g_r_birdy2" 57
  59 "g_r_birdy3" 58
  60 "g_r_index1" 56
  61 "g_r_index2" 60
  62 "g_r_index3" 61
  63 "g_r_pinky1" 56
  64 "g_r_pinky2" 63
  65 "g_r_pinky3" 64
  66 "g_r_ring1" 56
  67 "g_r_ring2" 66
  68 "g_r_ring3" 67
  69 "g_r_thumb1" 56
  70 "g_r_thumb2" 69
  71 "g_r_thumb3" 70
  72 "g_r_palm" 56
  73 "g_r_biceptwist" 53
  74 "g_throwable_attach_offset" 0
end
skeleton
  time 0
    0 0.000000 0.000000 -1.500000 0.000000 0.000000 0.000000
    1 -10.521344 -5.760963 66.994621 3.097005 -0.050653 -3.139334
    2 -7.706895 15.811241 16.678101 0.400860 0.580401 0.807354
    3 -0.000034 0.000012 24.761454 -1.057605 -0.122688 -0.047227
    4 0.000017 0.000000 24.344809 1.681556 -0.491192 -0.286852
    5 0.002333 -1.019846 24.031336 0.389660 -0.042698 0.017201
    6 0.000034 0.000008 13.404741 -0.000001 -0.000009 -0.126795
    7 10.398263 -5.760962 66.994675 3.097005 0.050653 3.139334
    8 0.304530 0.835480 16.040047 0.516842 -0.741519 0.722654
    9 -0.000004 -0.000006 24.761459 -1.466765 0.170058 -0.737497
    10 -0.000007 0.000004 24.344891 1.628229 0.197208 0.051693
    11 -0.002360 -1.019903 24.031330 0.389594 -0.042695 -0.017219
    12 0.000000 -0.000002 13.404737 0.000001 0.000005 -0.352465
    13 -0.061540 -5.245835 72.927078 0.000000 0.000000 0.000000
    14 3.009228 8.144738 -16.182904 0.267088 -0.089667 -0.829281
    15 0.000000 -0.005608 -1.146812 -0.063535 0.078061 0.008976
    16 0.030770 -0.240000 8.906021 -0.004138 0.000000 0.000000
    17 0.355503 -2.249213 -0.637136 0.377890 0.054929 -0.000753
    18 0.030770 -0.276858 8.905140 0.056125 0.004134 -0.000049
    19 0.307338 -0.174911 -0.192588 0.159782 0.133859 -0.001547
    20 5.669724 4.435303 14.302868 1.703384 -1.252002 0.993609
    21 -1.044571 -2.839317 19.743267 0.012358 -0.344982 0.067777
    22 2.655533 -1.533369 24.792658 -0.858302 -0.110322 -0.454805
    23 1.120163 -0.154394 9.796035 0.002248 -0.000345 0.019662
    24 2.240311 -0.308786 19.592051 -0.806389 -0.560308 0.119181
    25 0.683151 2.877354 14.167051 -1.565689 -0.039385 1.476204
    26 0.144936 -0.145374 7.579252 -1.768042 -0.243277 0.235266
    27 0.091660 -0.906685 4.702850 -1.587439 -0.182555 0.191106
    28 0.506271 8.500866 13.617253 -1.493844 -0.259563 1.406747
    29 -0.384987 -0.460049 7.003448 -1.747476 -0.440889 0.551348
    30 0.561516 -0.596954 5.061852 -1.494372 -0.380557 0.386314
    31 -2.452171 -8.899406 11.597897 -1.703260 -0.228403 1.269243
    32 0.680496 -0.903999 6.074253 -1.628017 0.173820 -0.014245
    33 0.245514 -0.661150 3.388004 -1.484476 0.109547 -0.099061
    34 -0.717484 -3.784271 13.043911 -1.593590 -0.028658 1.464722
    35 1.099216 -1.407745 8.017889 -1.782123 0.031970 -0.017456
    36 0.068439 -0.807653 3.686054 -1.465861 0.033996 -0.009728
    37 -4.004929 6.172707 4.754754 0.109464 1.126798 2.530885
    38 0.158352 -1.149811 5.804394 -1.155128 -0.401825 0.137936
    39 -1.083523 -1.463142 5.544399 -1.824672 -0.082077 0.007923
    40 -6.289886 0.932434 13.569063 -0.126803 0.612110 2.869610
    41 1.327774 -0.766687 12.396328 -0.031294 0.012731 -0.274242
    42 -0.096140 1.828087 23.185329 -0.152700 -0.052376 -1.403668
    43 2.325478 -0.000003 6.169296 -0.252077 -0.021522 1.782783
    44 0.000000 -3.152912 0.122169 1.961017 0.000000 0.000000
    45 1.927784 -10.244210 6.968678 0.292219 -1.282324 -3.141588
    46 0.335948 0.000000 1.443494 0.547137 -0.343566 0.107833
    47 2.479414 -8.323895 6.074242 -0.010024 -0.505977 1.568371
    48 -0.000006 -5.074219 5.929688 0.000000 0.000000 0.000000
    49 -1.068383 -10.478611 7.065971 0.292219 1.282324 3.141588
    50 -0.000488 0.000015 2.279600 0.547136 0.343566 0.107835
    51 -2.479401 -8.323895 6.074234 0.010039 -0.505981 1.573297
    52 -5.790000 4.432083 14.255558 -3.076300 1.417188 -0.352792
    53 1.044540 -2.839314 19.743252 -0.558954 0.737790 -0.213398
    54 -2.655510 -1.533379 24.792648 -0.730400 -0.094385 0.343040
    55 -1.120216 -0.154385 9.795983 0.004801 0.000761 -0.042175
    56 -2.240372 -0.308788 19.592047 -0.180689 0.290839 -0.100079
    57 -0.683205 2.877342 14.167089 -1.654172 0.293460 -1.629876
    58 -0.144958 -0.145317 7.579308 -1.541365 0.304893 -0.166486
    59 -0.038551 -0.936644 4.697678 -2.189714 0.238609 -0.365128
    60 -0.506317 8.500896 13.617329 -1.647336 0.212855 -1.655049
    61 0.385056 -0.460075 7.003435 -1.471905 0.596196 -0.385484
    62 -0.456360 -0.710276 5.057732 -1.989928 0.545818 -0.699362
    63 2.452194 -8.899408 11.597939 -1.584823 0.130200 -1.204926
    64 -0.680515 -0.903999 6.074242 -1.453600 -0.173890 -0.003171
    65 -0.248295 -0.666843 3.386627 -1.668562 -0.122147 0.124610
    66 0.717491 -3.784309 13.044010 -1.737952 0.022187 -1.478072
    67 -1.099228 -1.407673 8.017876 -1.769453 -0.025241 0.018261
    68 -0.064053 -0.807640 3.686100 -1.839860 -0.037732 0.018150
    69 4.004906 6.172710 4.754800 -0.720387 -0.940337 -1.497089
    70 -0.158381 -1.149773 5.804405 -0.709853 0.935861 0.421637
    71 1.078559 -2.386406 5.215008 -1.588879 1.137191 -0.560413
    72 6.289963 0.932404 13.569109 -0.126801 -0.612098 -2.869612
    73 -1.327759 -0.766682 12.396324 -0.024769 -0.010897 0.219254
    74 0.000017 -54.999996 0.000000 0.000000 0.000000 -1.570796
  time 1
    0 0.000000 0.000000 -1.500000 0.000000 0.000000 0.000000
    1 -10.521344 -5.760963 66.994621 3.097005 -0.050653 -3.139334
    2 -7.706895 15.811241 16.678101 0.400860 0.580401 0.807354
    3 -0.000034 0.000012 24.761454 -1.057605 -0.122688 -0.047227
    4 0.000017 0.000000 24.344809 1.681556 -0.491192 -0.286852
    5 0.002333 -1.019846 24.031336 0.389660 -0.042698 0.017201
    6 0.000034 0.000008 13.404741 -0.000001 -0.000009 -0.126795
    7 10.398263 -5.760962 66.994675 3.097005 0.050653 3.139334
    8 0.304530 0.835480 16.040047 0.516842 -0.741519 0.722654
    9 -0.000004 -0.000006 24.761459 -1.466765 0.170058 -0.737497
    10 -0.000007 0.000004 24.344891 1.628229 0.197208 0.051693
    11 -0.002360 -1.019903 24.031330 0.389594 -0.042695 -0.017219
    12 0.000000 -0.000002 13.404737 0.000001 0.000005 -0.352465
    13 -0.061540 -5.245835 72.927078 0.000000 0.000000 0.000000
    14 3.009228 8.144738 -16.182904 0.267088 -0.089667 -0.829281
    15 0.000000 -0.005608 -1.146812 -0.063535 0.078061 0.008976
    16 0.030770 -0.240000 8.906021 -0.004138 0.000000 0.000000
    17 0.355503 -2.249213 -0.637136 0.377890 0.054929 -0.000753
    18 0.030770 -0.276858 8.905140 0.056125 0.004134 -0.000049
    19 0.307338 -0.174911 -0.192588 0.159782 0.133859 -0.001547
    20 5.669724 4.435303 14.302868 1.703384 -1.252002 0.993609
    21 -1.044571 -2.839317 19.743267 0.012358 -0.344982 0.067777
    22 2.655533 -1.533369 24.792658 -0.858302 -0.110322 -0.454805
    23 1.120163 -0.154394 9.796035 0.002248 -0.000345 0.019662
    24 2.240311 -0.308786 19.592051 -0.806389 -0.560308 0.119181
    25 0.683151 2.877354 14.167051 -1.565689 -0.039385 1.476204
    26 0.144936 -0.145374 7.579252 -1.768042 -0.243277 0.235266
    27 0.091660 -0.906685 4.702850 -1.587439 -0.182555 0.191106
    28 0.506271 8.500866 13.617253 -1.493844 -0.259563 1.406747
    29 -0.384987 -0.460049 7.003448 -1.747476 -0.440889 0.551348
    30 0.561516 -0.596954 5.061852 -1.494372 -0.380557 0.386314
    31 -2.452171 -8.899406 11.597897 -1.703260 -0.228403 1.269243
    32 0.680496 -0.903999 6.074253 -1.628017 0.173820 -0.014245
    33 0.245514 -0.661150 3.388004 -1.484476 0.109547 -0.099061
    34 -0.717484 -3.784271 13.043911 -1.593590 -0.028658 1.464722
    35 1.099216 -1.407745 8.017889 -1.782123 0.031970 -0.017456
    36 0.068439 -0.807653 3.686054 -1.465861 0.033996 -0.009728
    37 -4.004929 6.172707 4.754754 0.109464 1.126798 2.530885
    38 0.158352 -1.149811 5.804394 -1.155128 -0.401825 0.137936
    39 -1.083523 -1.463142 5.544399 -1.824672 -0.082077 0.007923
    40 -6.289886 0.932434 13.569063 -0.126803 0.612110 2.869610
    41 1.327774 -0.766687 12.396328 -0.031294 0.012731 -0.274242
    42 -0.096140 1.828087 23.185329 -0.152700 -0.052376 -1.403668
    43 2.325478 -0.000003 6.169296 -0.252077 -0.021522 1.782783
    44 0.000000 -3.152912 0.122169 1.961017 0.000000 0.000000
    45 1.927784 -10.244210 6.968678 0.292219 -1.282324 -3.141588
    46 0.335948 0.000000 1.443494 0.547137 -0.343566 0.107833
    47 2.479414 -8.323895 6.074242 -0.010024 -0.505977 1.568371
    48 -0.000006 -5.074219 5.929688 0.000000 0.000000 0.000000
    49 -1.068383 -10.478611 7.065971 0.292219 1.282324 3.141588
    50 -0.000488 0.000015 2.279600 0.547136 0.343566 0.107835
    51 -2.479401 -8.323895 6.074234 0.010039 -0.505981 1.573297
    52 -5.790000 4.432083 14.255558 -3.076300 1.417188 -0.352792
    53 1.044540 -2.839314 19.743252 -0.558954 0.737790 -0.213398
    54 -2.655510 -1.533379 24.792648 -0.730400 -0.094385 0.343040
    55 -1.120216 -0.154385 9.795983 0.004801 0.000761 -0.042175
    56 -2.240372 -0.308788 19.592047 -0.180689 0.290839 -0.100079
    57 -0.683205 2.877342 14.167089 -1.654172 0.293460 -1.629876
    58 -0.144958 -0.145317 7.579308 -1.541365 0.304893 -0.166486
    59 -0.038551 -0.936644 4.697678 -2.189714 0.238609 -0.365128
    60 -0.506317 8.500896 13.617329 -1.647336 0.212855 -1.655049
    61 0.385056 -0.460075 7.003435 -1.471905 0.596196 -0.385484
    62 -0.456360 -0.710276 5.057732 -1.989928 0.545818 -0.699362
    63 2.452194 -8.899408 11.597939 -1.584823 0.130200 -1.204926
    64 -0.680515 -0.903999 6.074242 -1.453600 -0.173890 -0.003171
    65 -0.248295 -0.666843 3.386627 -1.668562 -0.122147 0.124610
    66 0.717491 -3.784309 13.044010 -1.737952 0.022187 -1.478072
    67 -1.099228 -1.407673 8.017876 -1.769453 -0.025241 0.018261
    68 -0.064053 -0.807640 3.686100 -1.839860 -0.037732 0.018150
    69 4.004906 6.172710 4.754800 -0.720387 -0.940337 -1.497089
    70 -0.158381 -1.149773 5.804405 -0.709853 0.935861 0.421637
    71 1.078559 -2.386406 5.215008 -1.588879 1.137191 -0.560413
    72 6.289963 0.932404 13.569109 -0.126801 -0.612098 -2.869612
    73 -1.327759 -0.766682 12.396324 -0.024769 -0.010897 0.219254
    74 0.000017 -54.999996 0.000000 0.000000 0.000000 -1.570796
  time 2
    0 0.000000 0.000000 -1.500000 0.000000 0.000000 0.000000
    1 -10.521344 -5.760963 66.994621 3.097005 -0.050653 -3.139334
    2 -6.574048 18.254363 24.975180 0.816992 0.334061 1.133674
    3 -0.000034 0.000012 24.761454 -1.614118 -0.187045 -0.436695
    4 0.000017 0.000000 24.344809 2.006744 -0.428290 -0.390195
    5 0.002333 -1.019846 24.031336 0.389660 -0.042710 0.017213
    6 0.000034 0.000008 13.404741 -0.000001 -0.000009 -0.427312
    7 10.398263 -5.760962 66.994675 3.097005 0.050653 3.139334
    8 6.269556 0.410841 21.884892 0.223973 -0.999338 1.048594
    9 -0.000004 -0.000006 24.761459 -1.675040 0.194135 -0.892353
    10 -0.000007 0.000004 24.344891 1.795387 0.325063 0.211246
    11 -0.002360 -1.019903 24.031330 0.389594 -0.042695 -0.017219
    12 0.000000 -0.000002 13.404737 0.000001 0.000005 -0.394158
    13 -0.061540 -5.245835 72.927078 0.000000 0.000000 0.000000
    14 -0.908860 10.147797 -23.347794 0.255054 -0.187665 -1.072918
    15 0.000000 -0.005608 -1.146812 -0.054699 0.081574 0.009275
    16 0.030770 -0.240000 8.906021 -0.004138 0.000000 0.000000
    17 0.066432 -2.124209 -1.172309 0.384624 0.154504 -0.277013
    18 0.030770 -0.276858 8.905140 0.056125 0.004134 -0.000049
    19 -0.501281 0.211820 -0.739479 0.006293 -0.162472 -0.012609
    20 5.669724 4.435303 14.302868 1.297114 -1.219551 1.192752
    21 -1.044571 -2.839317 19.743267 0.058636 -0.602301 0.028099
    22 2.655533 -1.533369 24.792658 -0.804186 -0.583700 -0.273085
    23 1.120163 -0.154394 9.796035 0.000210 -0.000033 0.001932
    24 2.240311 -0.308786 19.592051 -0.509811 -0.453115 0.055920
    25 0.683151 2.877354 14.167051 -1.565689 -0.039385 1.476204
    26 0.144936 -0.145374 7.579252 -1.768042 -0.243277 0.235266
    27 0.091660 -0.906685 4.702850 -1.587439 -0.182555 0.191106
    28 0.506271 8.500866 13.617253 -1.493844 -0.259563 1.406747
    29 -0.384987 -0.460049 7.003448 -1.747476 -0.440889 0.551348
    30 0.561516 -0.596954 5.061852 -1.494372 -0.380557 0.386326
    31 -2.452171 -8.899406 11.597897 -1.703260 -0.228403 1.269243
    32 0.680496 -0.903999 6.074253 -1.628017 0.173820 -0.014245
    33 0.245514 -0.661150 3.388004 -1.484476 0.109547 -0.099061
    34 -0.717484 -3.784271 13.043911 -1.593590 -0.028658 1.464722
    35 1.099216 -1.407745 8.017889 -1.782123 0.031970 -0.017456
    36 0.068439 -0.807653 3.686054 -1.465861 0.033996 -0.009740
    37 -4.004929 6.172707 4.754754 0.109464 1.126798 2.530885
    38 0.158352 -1.149811 5.804394 -1.155128 -0.401825 0.137936
    39 -1.083523 -1.463142 5.544399 -1.824672 -0.082077 0.007923
    40 -6.289886 0.932434 13.569063 -0.126803 0.612110 2.869610
    41 1.327774 -0.766687 12.396328 -0.019884 0.009231 -0.177777
    42 -0.096140 1.828087 23.185329 -0.159549 -0.041956 -1.342586
    43 2.325478 -0.000003 6.169296 -0.159107 0.022362 1.786695
    44 0.000000 -3.152912 0.122169 1.961017 0.000000 0.000000
    45 1.931691 -10.240303 6.968678 0.292219 -1.282324 -3.141588
    46 0.339854 0.000000 1.447400 0.547137 -0.343566 0.107833
    47 2.479414 -8.323895 6.074242 -0.009861 -0.477848 1.567989
    48 -0.000006 -5.074219 5.929688 0.000000 0.000000 0.000000
    49 -1.068383 -10.478611 7.065971 0.292219 1.282324 3.141588
    50 -0.000488 0.000015 2.279600 0.547136 0.343566 0.107835
    51 -2.479401 -8.323895 6.074234 0.009878 -0.477820 1.573776
    52 -5.790000 4.432083 14.255558 -2.585988 1.513886 0.398591
    53 1.044540 -2.839314 19.743252 -0.561069 0.555101 -0.150259
    54 -2.655510 -1.533379 24.792648 -0.887969 -0.100080 0.241032
    55 -1.120216 -0.154385 9.795983 -0.010923 -0.001001 0.094934
    56 -2.240372 -0.308788 19.592047 -0.222920 0.280691 0.166961
    57 -0.683205 2.877342 14.167089 -1.654172 0.293460 -1.629876
    58 -0.144958 -0.145317 7.579308 -1.541365 0.304893 -0.166486
    59 -0.038551 -0.936644 4.697678 -2.189714 0.238609 -0.365128
    60 -0.506317 8.500896 13.617329 -1.647336 0.212855 -1.655049
    61 0.385056 -0.460075 7.003435 -1.471905 0.596196 -0.385484
    62 -0.456360 -0.710276 5.057732 -1.989928 0.545818 -0.699362
    63 2.452194 -8.899408 11.597939 -1.584823 0.130200 -1.204926
    64 -0.680515 -0.903999 6.074242 -1.453600 -0.173890 -0.003171
    65 -0.248295 -0.666843 3.386627 -1.668562 -0.122147 0.124610
    66 0.717491 -3.784309 13.044010 -1.737952 0.022187 -1.478072
    67 -1.099228 -1.407673 8.017876 -1.769453 -0.025241 0.018249
    68 -0.064053 -0.807640 3.686100 -1.839860 -0.037732 0.018150
    69 4.004906 6.172710 4.754800 -0.720387 -0.940337 -1.497089
    70 -0.158381 -1.149773 5.804405 -0.709818 0.935861 0.421637
    71 1.078559 -2.386406 5.215008 -1.588879 1.137191 -0.560413
    72 6.289963 0.932404 13.569109 -0.126801 -0.612098 -2.869612
    73 -1.327759 -0.766682 12.396324 -0.019472 -0.009087 0.173961
    74 0.000017 -54.999996 0.000000 0.000000 0.000000 -1.570796
  time 3
    0 0.000000 0.000000 -1.500000 0.000000 0.000000 0.000000
    1 -10.521344 -5.760963 66.994621 3.097005 -0.050653 -3.139334
    2 -5.027126 20.280066 32.128608 0.961418 -0.026486 1.302055
    3 -0.000034 0.000012 24.761454 -1.995791 -0.231112 -0.831905
    4 0.000017 0.000000 24.344809 2.264552 -0.378901 -0.449742
    5 0.002333 -1.019846 24.031336 0.389660 -0.042710 0.017213
    6 0.000034 0.000008 13.404741 -0.000001 -0.000009 -0.693932
    7 10.398263 -5.760962 66.994675 3.097005 0.050653 3.139334
    8 12.390837 1.035310 26.740609 -0.216909 -1.131247 1.427097
    9 -0.000004 -0.000006 24.761459 -1.708644 0.198006 -0.908933
    10 -0.000007 0.000004 24.344891 1.878643 0.456895 0.423491
    11 -0.002360 -1.019903 24.031330 0.389594 -0.042695 -0.017219
    12 0.000000 -0.000002 13.404737 0.000001 0.000005 -0.341558
    13 -0.061540 -5.245835 72.927078 0.000000 0.000000 0.000000
    14 -4.811323 12.465290 -29.476253 0.237004 -0.280037 -1.278061
    15 0.000000 -0.005608 -1.146812 -0.044939 0.084978 0.009737
    16 0.030770 -0.240000 8.906021 -0.004138 0.000000 0.000000
    17 -0.195295 -2.073426 -1.660605 0.377364 0.274451 -0.591131
    18 0.030770 -0.276858 8.905140 0.056125 0.004134 -0.000049
    19 -1.266929 0.329011 -1.419188 -0.065018 -0.462259 0.020409
    20 5.669724 4.435303 14.302868 0.928455 -1.157680 1.394194
    21 -1.044571 -2.839317 19.743267 -0.146732 -0.940714 0.089464
    22 2.655533 -1.533369 24.792658 -0.966576 -1.024262 -0.229172
    23 1.120163 -0.154394 9.796035 -0.002294 0.000278 -0.020005
    24 2.240311 -0.308786 19.592051 -0.220719 -0.302684 -0.020000
    25 0.683151 2.877354 14.167051 -1.565689 -0.039385 1.476204
    26 0.144936 -0.145374 7.579252 -1.768042 -0.243277 0.235266
    27 0.091660 -0.906685 4.702850 -1.587439 -0.182555 0.191106
    28 0.506271 8.500866 13.617253 -1.493844 -0.259563 1.406747
    29 -0.384987 -0.460049 7.003448 -1.747476 -0.440889 0.551348
    30 0.561516 -0.596954 5.061852 -1.494372 -0.380557 0.386326
    31 -2.452171 -8.899406 11.597897 -1.703311 -0.228403 1.269243
    32 0.680496 -0.903999 6.074253 -1.628017 0.173820 -0.014245
    33 0.245514 -0.661150 3.388004 -1.484476 0.109547 -0.099061
    34 -0.717484 -3.784271 13.043911 -1.593590 -0.028658 1.464722
    35 1.099216 -1.407745 8.017889 -1.782123 0.031970 -0.017456
    36 0.068439 -0.807653 3.686054 -1.465861 0.033996 -0.009728
    37 -4.004929 6.172707 4.754754 0.109464 1.126798 2.530885
    38 0.158352 -1.149811 5.804394 -1.155128 -0.401825 0.137936
    39 -1.083523 -1.463142 5.544399 -1.824672 -0.082077 0.007923
    40 -6.289886 0.932434 13.569063 -0.126803 0.612110 2.869610
    41 1.327774 -0.766687 12.396328 -0.027590 0.011736 -0.243259
    42 -0.096140 1.828087 23.185329 -0.165524 -0.030803 -1.282023
    43 2.325478 -0.000003 6.169296 -0.049759 0.070963 1.797312
    44 0.000000 -3.152912 0.122169 1.961017 0.000000 0.000000
    45 1.927784 -10.244210 6.968678 0.292219 -1.282324 -3.141588
    46 0.335948 0.000000 1.447400 0.547137 -0.343566 0.107833
    47 2.479414 -8.323895 6.074242 -0.009671 -0.428399 1.567129
    48 -0.000006 -5.074219 5.929688 0.000000 0.000000 0.000000
    49 -1.068383 -10.478611 7.065971 0.292219 1.282324 3.141588
    50 -0.000488 0.000015 2.279600 0.547136 0.343566 0.107835
    51 -2.479401 -8.323895 6.074234 0.009637 -0.428348 1.574446
    52 -5.790000 4.432083 14.255558 -1.255195 1.454322 2.005031
    53 1.044540 -2.839314 19.743252 -0.576486 0.420829 -0.110416
    54 -2.655510 -1.533379 24.792648 -1.055352 -0.107367 0.118728
    55 -1.120216 -0.154385 9.795983 -0.027498 -0.000486 0.239143
    56 -2.240372 -0.308788 19.592047 -0.278591 0.307027 0.434775
    57 -0.683205 2.877342 14.167089 -1.654172 0.293460 -1.629876
    58 -0.144958 -0.145317 7.579308 -1.541365 0.304893 -0.166486
    59 -0.038551 -0.936644 4.697678 -2.189714 0.238609 -0.365128
    60 -0.506317 8.500896 13.617329 -1.647336 0.212855 -1.655049
    61 0.385056 -0.460075 7.003435 -1.471905 0.596196 -0.385484
    62 -0.456360 -0.710276 5.057732 -1.989928 0.545818 -0.699362
    63 2.452194 -8.899408 11.597939 -1.584823 0.130200 -1.204926
    64 -0.680515 -0.903999 6.074242 -1.453600 -0.173890 -0.003171
    65 -0.248295 -0.666843 3.386627 -1.668562 -0.122135 0.124610
    66 0.717491 -3.784309 13.044010 -1.737902 0.022187 -1.478072
    67 -1.099228 -1.407673 8.017876 -1.769509 -0.025241 0.018249
    68 -0.064053 -0.807640 3.686100 -1.839804 -0.037732 0.018150
    69 4.004906 6.172710 4.754800 -0.720387 -0.940337 -1.497089
    70 -0.158381 -1.149773 5.804405 -0.709818 0.935861 0.421637
    71 1.078559 -2.386406 5.215008 -1.588879 1.137191 -0.560413
    72 6.289963 0.932404 13.569109 -0.126801 -0.612098 -2.869612
    73 -1.327759 -0.766682 12.396324 -0.012389 -0.006271 0.112475
    74 0.000017 -54.999996 0.000000 0.000000 0.000000 -1.570796
  time 4
    0 0.000000 0.000000 -1.500000 0.000000 0.000000 0.000000
    1 -10.521344 -5.760963 66.994621 3.097005 -0.050653 -3.139334
    2 -3.980219 21.630535 33.384383 0.960120 -0.193524 1.358633
    3 -0.000034 0.000012 24.761454 -2.099980 -0.243157 -0.956421
    4 0.000017 0.000000 24.344809 2.310787 -0.345786 -0.415885
    5 0.002333 -1.019846 24.031336 0.389660 -0.042710 0.017201
    6 0.000034 0.000008 13.404741 -0.000001 -0.000009 -0.743628
    7 10.398263 -5.760962 66.994675 3.097005 0.050653 3.139334
    8 15.355771 2.109396 26.875490 -0.423103 -1.130772 1.571171
    9 -0.000004 -0.000006 24.761459 -1.593204 0.184655 -0.916469
    10 -0.000007 0.000004 24.344891 1.820815 0.523000 0.484235
    11 -0.002360 -1.019903 24.031330 0.389594 -0.042695 -0.017219
    12 0.000000 -0.000002 13.404737 0.000001 0.000005 -0.327710
    13 -0.061540 -5.245835 72.927078 0.000000 0.000000 0.000000
    14 -6.678567 14.072396 -30.219780 0.210920 -0.326885 -1.368141
    15 0.000000 -0.005608 -1.146812 -0.038145 0.087660 0.010036
    16 0.030770 -0.240000 8.906021 -0.004138 0.000000 0.000000
    17 -0.308580 -2.018737 -1.848111 0.351606 0.332728 -0.759930
    18 0.030770 -0.276858 8.905140 0.056125 0.004134 -0.000049
    19 -1.575532 0.286041 -1.762948 -0.064196 -0.600560 0.030044
    20 5.669724 4.435303 14.302868 0.690722 -1.077521 1.572636
    21 -1.044571 -2.839317 19.743267 -0.552233 -0.915092 0.274575
    22 2.655533 -1.533369 24.792658 -1.317524 -1.176201 -0.151616
    23 1.120163 -0.154394 9.796035 -0.004571 0.000530 -0.039942
    24 2.240311 -0.308786 19.592051 -0.086464 -0.179513 -0.073568
    25 0.683151 2.877354 14.167051 -1.565689 -0.039385 1.476204
    26 0.144936 -0.145374 7.579252 -1.768042 -0.243277 0.235266
    27 0.091660 -0.906685 4.702850 -1.587439 -0.182555 0.191106
    28 0.506271 8.500866 13.617253 -1.493844 -0.259563 1.406747
    29 -0.384987 -0.460049 7.003448 -1.747476 -0.440889 0.551348
    30 0.561516 -0.596954 5.061852 -1.494372 -0.380557 0.386314
    31 -2.452171 -8.899406 11.597897 -1.703311 -0.228403 1.269243
    32 0.680496 -0.903999 6.074253 -1.628017 0.173820 -0.014245
    33 0.245514 -0.661150 3.388004 -1.484476 0.109547 -0.099061
    34 -0.717484 -3.784271 13.043911 -1.593590 -0.028658 1.464722
    35 1.099216 -1.407745 8.017889 -1.782123 0.031970 -0.017456
    36 0.068439 -0.807653 3.686054 -1.465861 0.033996 -0.009728
    37 -4.004929 6.172707 4.754754 0.109464 1.126798 2.530885
    38 0.158352 -1.149811 5.804394 -1.155128 -0.401825 0.137936
    39 -1.083523 -1.463142 5.544399 -1.824672 -0.082077 0.007923
    40 -6.289886 0.932434 13.569063 -0.126803 0.612110 2.869610
    41 1.327774 -0.766687 12.396328 -0.049570 0.015943 -0.424689
    42 -0.096140 1.828087 23.185329 -0.170044 -0.021243 -1.234758
    43 2.325478 -0.000003 6.169296 0.037433 0.106933 1.814913
    44 0.000000 -3.152912 0.122169 1.961017 0.000000 0.000000
    45 1.927784 -10.244210 6.972585 0.292219 -1.282324 -3.141588
    46 0.335948 0.000000 1.447400 0.547137 -0.343566 0.107833
    47 2.479414 -8.323895 6.074242 -0.009426 -0.368431 1.566365
    48 -0.000006 -5.074219 5.929688 0.000000 0.000000 0.000000
    49 -1.068383 -10.478611 7.065971 0.292219 1.282324 3.141588
    50 -0.000488 0.000015 2.279600 0.547136 0.343566 0.107835
    51 -2.479401 -8.323895 6.074234 0.009416 -0.368481 1.575309
    52 -5.790000 4.432083 14.255558 -1.209280 1.361528 2.198003
    53 1.044540 -2.839314 19.743252 -0.580159 0.371055 -0.096454
    54 -2.655510 -1.533379 24.792648 -1.168383 -0.115068 0.076394
    55 -1.120216 -0.154385 9.795983 -0.036942 0.000881 0.321626
    56 -2.240372 -0.308788 19.592047 -0.306847 0.332175 0.582644
    57 -0.683205 2.877342 14.167089 -1.654172 0.293460 -1.629876
    58 -0.144958 -0.145317 7.579308 -1.541365 0.304893 -0.166486
    59 -0.038551 -0.936644 4.697678 -2.189714 0.238609 -0.365128
    60 -0.506317 8.500896 13.617329 -1.647336 0.212855 -1.655049
    61 0.385056 -0.460075 7.003435 -1.471905 0.596196 -0.385484
    62 -0.456360 -0.710276 5.057732 -1.989928 0.545818 -0.699362
    63 2.452194 -8.899408 11.597939 -1.584823 0.130200 -1.204926
    64 -0.680515 -0.903999 6.074242 -1.453600 -0.173890 -0.003171
    65 -0.248295 -0.666843 3.386627 -1.668562 -0.122135 0.124610
    66 0.717491 -3.784309 13.044010 -1.737952 0.022187 -1.478060
    67 -1.099228 -1.407673 8.017876 -1.769453 -0.025253 0.018249
    68 -0.064053 -0.807640 3.686100 -1.839860 -0.037732 0.018150
    69 4.004906 6.172710 4.754800 -0.720387 -0.940337 -1.497007
    70 -0.158381 -1.149773 5.804405 -0.709853 0.935861 0.421637
    71 1.078559 -2.386406 5.215008 -1.588879 1.137191 -0.560413
    72 6.289963 0.932404 13.569109 -0.126801 -0.612098 -2.869612
    73 -1.327759 -0.766682 12.396324 -0.010112 -0.005252 0.092165
    74 0.000017 -54.999996 0.000000 0.000000 0.000000 -1.570796
  time 5
    0 0.000000 0.000000 -1.500000 0.000000 0.000000 0.000000
    1 -10.521344 -5.760963 66.994621 3.097005 -0.050653 -3.139334
    2 -3.816151 22.931896 23.181217 0.851561 -0.088391 1.352298
    3 -0.000034 0.000012 24.761454 -1.693469 -0.196213 -0.744158
    4 0.000017 0.000000 24.344809 1.943186 -0.315614 -0.251332
    5 0.002333 -1.019846 24.031336 0.389660 -0.042710 0.017201
    6 0.000034 0.000008 13.404741 -0.000001 -0.000009 -0.554969
    7 10.398263 -5.760962 66.994675 3.097005 0.050653 3.139334
    8 13.629156 3.633099 16.871814 -0.254360 -0.894645 1.354895
    9 -0.000004 -0.000006 24.761459 -1.134306 0.131587 -0.979165
    10 -0.000007 0.000004 24.344891 1.490695 0.484848 0.265368
    11 -0.002360 -1.019903 24.031330 0.389594 -0.042695 -0.017219
    12 0.000000 -0.000002 13.404737 0.000001 0.000005 -0.418054
    13 -0.061540 -5.245835 72.927078 0.000000 0.000000 0.000000
    14 -5.580878 15.097217 -19.990660 0.141119 -0.329001 -1.318837
    15 0.000000 -0.005608 -1.146812 -0.034477 0.090060 0.010172
    16 0.030770 -0.240000 8.906021 -0.004138 0.000000 0.000000
    17 -0.320299 -1.936703 -1.039492 0.294682 0.278629 -0.759970
    18 0.030770 -0.276858 8.905140 0.056125 0.004134 -0.000049
    19 -1.485686 0.293853 -0.981674 -0.056189 -0.546437 0.013290
    20 5.669724 4.435303 14.302868 0.557692 -0.907515 1.779924
    21 -1.044571 -2.839317 19.743267 -0.541129 -0.520790 0.137095
    22 2.655533 -1.533369 24.792658 -1.015137 -0.993828 -0.675504
    23 1.120163 -0.154394 9.796035 -0.006968 0.000734 -0.060707
    24 2.240311 -0.308786 19.592051 -0.091599 -0.108511 -0.113052
    25 0.683151 2.877354 14.167051 -1.565689 -0.039385 1.476204
    26 0.144936 -0.145374 7.579252 -1.768042 -0.243277 0.235278
    27 0.091660 -0.906685 4.702850 -1.587439 -0.182555 0.191106
    28 0.506271 8.500866 13.617253 -1.493844 -0.259563 1.406747
    29 -0.384987 -0.460049 7.003448 -1.747476 -0.440889 0.551348
    30 0.561516 -0.596954 5.061852 -1.494372 -0.380557 0.386326
    31 -2.452171 -8.899406 11.597897 -1.703260 -0.228403 1.269243
    32 0.680496 -0.903999 6.074253 -1.628017 0.173820 -0.014245
    33 0.245514 -0.661150 3.388004 -1.484476 0.109547 -0.099061
    34 -0.717484 -3.784271 13.043911 -1.593546 -0.028646 1.464722
    35 1.099216 -1.407745 8.017889 -1.782123 0.031970 -0.017456
    36 0.068439 -0.807653 3.686054 -1.465861 0.033996 -0.009740
    37 -4.004929 6.172707 4.754754 0.109464 1.126798 2.530885
    38 0.158352 -1.149811 5.804394 -1.155128 -0.401825 0.137936
    39 -1.083523 -1.463142 5.544399 -1.824672 -0.082077 0.007923
    40 -6.289886 0.932434 13.569063 -0.126803 0.612110 2.869610
    41 1.327774 -0.766687 12.396328 -0.066325 0.016470 -0.560523
    42 -0.096140 1.828087 23.185329 -0.173691 -0.009452 -1.194495
    43 2.325478 -0.000003 6.169296 0.114932 0.135147 1.838182
    44 0.000000 -3.152912 0.122169 1.961017 0.000000 0.000000
    45 1.931691 -10.244210 6.972585 0.292219 -1.282324 -3.141588
    46 0.335948 0.000000 1.443494 0.547137 -0.343566 0.107833
    47 2.479414 -8.323895 6.074242 -0.009181 -0.301889 1.565410
    48 -0.000006 -5.074219 5.929688 0.000000 0.000000 0.000000
    49 -1.068383 -10.478611 7.065971 0.292219 1.282324 3.141588
    50 -0.000488 0.000015 2.279600 0.547136 0.343566 0.107835
    51 -2.479401 -8.323895 6.074234 0.009195 -0.301904 1.576075
    52 -5.790000 4.432083 14.255558 -1.149944 1.284685 2.240928
    53 1.044540 -2.839314 19.743252 -0.534020 0.382672 -0.099339
    54 -2.655510 -1.533379 24.792648 -1.237430 -0.126315 0.174692
    55 -1.120216 -0.154385 9.795983 -0.039075 0.001396 0.343090
    56 -2.240372 -0.308788 19.592047 -0.286915 0.308710 0.629385
    57 -0.683205 2.877342 14.167089 -1.654172 0.293460 -1.629876
    58 -0.144958 -0.145317 7.579308 -1.541365 0.304893 -0.166486
    59 -0.038551 -0.936644 4.697678 -2.189714 0.238609 -0.365128
    60 -0.506317 8.500896 13.617329 -1.647336 0.212855 -1.655049
    61 0.385056 -0.460075 7.003435 -1.471905 0.596196 -0.385484
    62 -0.456360 -0.710276 5.057732 -1.989928 0.545818 -0.699362
    63 2.452194 -8.899408 11.597939 -1.584823 0.130200 -1.204926
    64 -0.680515 -0.903999 6.074242 -1.453600 -0.173890 -0.003171
    65 -0.248295 -0.666843 3.386627 -1.668562 -0.122147 0.124610
    66 0.717491 -3.784309 13.044010 -1.737952 0.022187 -1.478072
    67 -1.099228 -1.407673 8.017876 -1.769453 -0.025253 0.018261
    68 -0.064053 -0.807640 3.686100 -1.839860 -0.037732 0.018150
    69 4.004906 6.172710 4.754800 -0.720387 -0.940337 -1.497089
    70 -0.158381 -1.149773 5.804405 -0.709853 0.935861 0.421666
    71 1.078559 -2.386406 5.215008 -1.588879 1.137191 -0.560413
    72 6.289963 0.932404 13.569109 -0.126801 -0.612098 -2.869612
    73 -1.327759 -0.766682 12.396324 -0.016069 -0.007817 0.146757
    74 0.000017 -54.999996 0.000000 0.000000 0.000000 -1.570796
  time 6
    0 0.000000 0.000000 -1.500000 0.000000 0.000000 0.000000
    1 -10.521344 -5.760963 66.994621 3.097005 -0.050653 -3.139334
    2 -4.015376 24.282365 5.824624 0.248645 0.233215 1.239622
    3 -0.000034 0.000012 24.761454 -0.349503 -0.040677 -0.415563
    4 0.000017 0.000000 24.344809 1.150590 -0.335193 -0.062104
    5 0.002333 -1.019846 24.031336 0.389660 -0.042710 0.017213
    6 0.000034 0.000008 13.404741 -0.000001 -0.000009 -0.223276
    7 10.398263 -5.760962 66.994675 3.097005 0.050653 3.139334
    8 9.754037 5.531483 0.011685 -0.235933 -0.299663 1.178805
    9 -0.000004 -0.000006 24.761459 -0.000260 0.000128 -1.017313
    10 -0.000007 0.000004 24.344891 0.660587 0.338795 -0.097076
    11 -0.002360 -1.019903 24.031330 0.416809 0.024155 -0.018489
    12 0.000000 -0.000002 13.404737 0.000001 0.000005 -0.519797
    13 -0.061540 -5.245835 72.927078 0.000000 0.000000 0.000000
    14 -3.108146 16.017227 -2.776900 0.039217 -0.317577 -1.210501
    15 0.000000 -0.005608 -1.146812 -0.031382 0.092350 0.010253
    16 0.030770 -0.240000 8.906021 -0.004138 0.000000 0.000000
    17 -0.289048 -1.811699 0.593370 0.221302 0.191866 -0.691245
    18 0.030770 -0.276858 8.905140 0.056125 0.004134 -0.000049
    19 -1.263023 0.313385 0.647282 -0.049040 -0.439260 -0.005167
    20 5.669724 4.435303 14.302868 0.548599 -0.661719 1.941787
    21 -1.044571 -2.839317 19.743267 -0.291977 -0.072843 0.073869
    22 2.655533 -1.533369 24.792658 -0.804403 -0.529480 -1.018159
    23 1.120163 -0.154394 9.796035 -0.009821 0.000913 -0.085335
    24 2.240311 -0.308786 19.592051 -0.126109 -0.048652 -0.157243
    25 0.683151 2.877354 14.167051 -1.565689 -0.039385 1.476204
    26 0.144936 -0.145374 7.579252 -1.768042 -0.243277 0.235266
    27 0.091660 -0.906685 4.702850 -1.587439 -0.182555 0.191106
    28 0.506271 8.500866 13.617253 -1.493844 -0.259563 1.406747
    29 -0.384987 -0.460049 7.003448 -1.747476 -0.440889 0.551348
    30 0.561516 -0.596954 5.061852 -1.494372 -0.380557 0.386314
    31 -2.452171 -8.899406 11.597897 -1.703260 -0.228403 1.269243
    32 0.680496 -0.903999 6.074253 -1.628017 0.173820 -0.014245
    33 0.245514 -0.661150 3.388004 -1.484476 0.109547 -0.099061
    34 -0.717484 -3.784271 13.043911 -1.593590 -0.028658 1.464722
    35 1.099216 -1.407745 8.017889 -1.782123 0.031970 -0.017456
    36 0.068439 -0.807653 3.686054 -1.465861 0.033996 -0.009740
    37 -4.004929 6.172707 4.754754 0.109464 1.126798 2.530885
    38 0.158352 -1.149811 5.804394 -1.155128 -0.401825 0.137936
    39 -1.083523 -1.463142 5.544399 -1.824672 -0.082077 0.007923
    40 -6.289886 0.932434 13.569063 -0.126803 0.612110 2.869610
    41 1.327774 -0.766687 12.396328 -0.069561 0.016302 -0.586836
    42 -0.096140 1.828087 23.185329 -0.176122 0.004538 -1.155424
    43 2.325478 -0.000003 6.169296 0.194818 0.160453 1.866800
    44 0.000000 -3.152912 0.122169 1.961017 0.000000 0.000000
    45 1.927784 -10.240303 6.968678 0.292219 -1.282324 -3.141588
    46 0.335948 0.000000 1.443494 0.547137 -0.343566 0.107833
    47 2.479414 -8.323895 6.074242 -0.008964 -0.201958 1.564264
    48 -0.000006 -5.074219 5.929688 0.000000 0.000000 0.000000
    49 -1.068383 -10.478611 7.065971 0.292219 1.282324 3.141588
    50 -0.000488 0.000015 2.279600 0.547136 0.343566 0.107835
    51 -2.479401 -8.323895 6.074234 0.008995 -0.201968 1.577416
    52 -5.790000 4.432083 14.255558 -1.053319 1.208465 2.263061
    53 1.044540 -2.839314 19.743252 -0.448365 0.438975 -0.108538
    54 -2.655510 -1.533379 24.792648 -1.301545 -0.137899 0.326607
    55 -1.120216 -0.154385 9.795983 -0.040669 0.001636 0.354516
    56 -2.240372 -0.308788 19.592047 -0.244226 0.261335 0.664956
    57 -0.683205 2.877342 14.167089 -1.654172 0.293460 -1.629876
    58 -0.144958 -0.145317 7.579308 -1.541365 0.304893 -0.166486
    59 -0.038551 -0.936644 4.697678 -2.189714 0.238609 -0.365128
    60 -0.506317 8.500896 13.617329 -1.647336 0.212855 -1.655049
    61 0.385056 -0.460075 7.003435 -1.471905 0.596196 -0.385484
    62 -0.456360 -0.710276 5.057732 -1.989928 0.545818 -0.699362
    63 2.452194 -8.899408 11.597939 -1.584823 0.130200 -1.204926
    64 -0.680515 -0.903999 6.074242 -1.453600 -0.173890 -0.003171
    65 -0.248295 -0.666843 3.386627 -1.668562 -0.122147 0.124610
    66 0.717491 -3.784309 13.044010 -1.737952 0.022187 -1.478072
    67 -1.099228 -1.407673 8.017876 -1.769453 -0.025253 0.018249
    68 -0.064053 -0.807640 3.686100 -1.839860 -0.037732 0.018150
    69 4.004906 6.172710 4.754800 -0.720387 -0.940337 -1.497089
    70 -0.158381 -1.149773 5.804405 -0.709818 0.935861 0.421637
    71 1.078559 -2.386406 5.215008 -1.588879 1.137191 -0.560413
    72 6.289963 0.932404 13.569109 -0.126801 -0.612098 -2.869612
    73 -1.327759 -0.766682 12.396324 -0.025836 -0.011220 0.228322
    74 0.000017 -54.999996 0.000000 0.000000 0.000000 -1.570796
  time 7
    0 0.000000 0.000000 -1.500000 0.000000 0.000000 0.000000
    1 -10.521344 -5.760963 66.994621 3.097005 -0.050653 -3.139334
    2 -4.323979 24.994431 -8.549506 0.052228 0.217099 1.145120
    3 -0.000034 0.000012 24.761454 -0.000229 -0.000133 -0.319549
    4 0.000017 0.000000 24.344809 0.597493 -0.210588 0.087152
    5 0.002333 -1.019846 24.031336 0.425799 -0.118500 0.021120
    6 0.000034 0.000008 13.404741 -0.000001 -0.000009 -0.154912
    7 10.398263 -5.760962 66.994675 3.097005 0.050653 3.139334
    8 6.476594 6.817889 -13.813620 -0.119144 -0.248012 1.096701
    9 -0.000004 -0.000006 24.761459 -0.000260 0.000128 -0.946543
    10 -0.000007 0.000004 24.344891 0.452576 0.176543 -0.123833
    11 -0.002360 -1.019903 24.031330 0.358345 0.030639 -0.029587
    12 0.000000 -0.000002 13.404737 0.000001 0.000005 -0.482913
    13 -0.061540 -5.245835 72.927078 0.000000 0.000000 0.000000
    14 -1.045583 16.436472 11.417693 -0.026199 -0.303108 -1.123843
    15 0.000000 -0.005608 -1.146812 -0.028544 0.093777 0.010389
    16 0.030770 -0.240000 8.906021 -0.004138 0.000000 0.000000
    17 -0.183576 -1.690602 2.003569 0.174080 0.136818 -0.580589
    18 0.030770 -0.276858 8.905140 0.056125 0.004134 -0.000049
    19 -1.071611 0.321198 2.045762 -0.049183 -0.358579 -0.008666
    20 5.669724 4.435303 14.302868 0.606214 -0.498724 2.026599
    21 -1.044571 -2.839317 19.743267 -0.172855 0.066749 0.091495
    22 2.655533 -1.533369 24.792658 -0.764652 -0.155089 -0.991309
    23 1.120163 -0.154394 9.796035 -0.012397 0.001009 -0.107859
    24 2.240311 -0.308786 19.592051 -0.163492 0.000110 -0.197478
    25 0.683151 2.877354 14.167051 -1.565689 -0.039373 1.476204
    26 0.144936 -0.145374 7.579252 -1.768042 -0.243277 0.235266
    27 0.091660 -0.906685 4.702850 -1.587439 -0.182555 0.191106
    28 0.506271 8.500866 13.617253 -1.493782 -0.259563 1.406747
    29 -0.384987 -0.460049 7.003448 -1.747476 -0.440889 0.551348
    30 0.561516 -0.596954 5.061852 -1.494372 -0.380557 0.386326
    31 -2.452171 -8.899406 11.597897 -1.703260 -0.228403 1.269243
    32 0.680496 -0.903999 6.074253 -1.628017 0.173820 -0.014245
    33 0.245514 -0.661150 3.388004 -1.484476 0.109547 -0.099061
    34 -0.717484 -3.784271 13.043911 -1.593546 -0.028646 1.464722
    35 1.099216 -1.407745 8.017889 -1.782123 0.031970 -0.017456
    36 0.068439 -0.807653 3.686054 -1.465825 0.033996 -0.009740
    37 -4.004929 6.172707 4.754754 0.109464 1.126798 2.530885
    38 0.158352 -1.149811 5.804394 -1.155128 -0.401825 0.137936
    39 -1.083523 -1.463142 5.544399 -1.824724 -0.082077 0.007923
    40 -6.289886 0.932434 13.569063 -0.126803 0.612110 2.869610
    41 1.327774 -0.766687 12.396328 -0.060081 0.016542 -0.510006
    42 -0.096140 1.828087 23.185329 -0.176961 0.012345 -1.131211
    43 2.325478 -0.000003 6.169296 0.234976 0.171435 1.883722
    44 0.000000 -3.152912 0.122169 1.961017 0.000000 0.000000
    45 1.927784 -10.240303 6.968678 0.292219 -1.282324 -3.141588
    46 0.335948 0.000000 1.443494 0.547137 -0.343566 0.107833
    47 2.479414 -8.323895 6.074242 -0.008855 -0.100995 1.563118
    48 -0.000006 -5.074219 5.929688 0.000000 0.000000 0.000000
    49 -1.068383 -10.478611 7.065971 0.292219 1.282324 3.141588
    50 -0.000488 0.000015 2.279600 0.547136 0.343566 0.107835
    51 -2.479401 -8.323895 6.074234 0.008854 -0.100993 1.578470
    52 -5.790000 4.432083 14.255558 -0.969923 1.169628 2.272643
    53 1.044540 -2.839314 19.743252 -0.360873 0.517622 -0.113491
    54 -2.655510 -1.533379 24.792648 -1.339037 -0.143723 0.425738
    55 -1.120216 -0.154385 9.795983 -0.041616 0.001839 0.362922
    56 -2.240372 -0.308788 19.592047 -0.216276 0.224257 0.689959
    57 -0.683205 2.877342 14.167089 -1.654172 0.293460 -1.629876
    58 -0.144958 -0.145317 7.579308 -1.541365 0.304893 -0.166486
    59 -0.038551 -0.936644 4.697678 -2.189714 0.238609 -0.365128
    60 -0.506317 8.500896 13.617329 -1.647336 0.212855 -1.655049
    61 0.385056 -0.460075 7.003435 -1.471905 0.596196 -0.385484
    62 -0.456360 -0.710276 5.057732 -1.989928 0.545818 -0.699362
    63 2.452194 -8.899408 11.597939 -1.584823 0.130200 -1.204926
    64 -0.680515 -0.903999 6.074242 -1.453600 -0.173890 -0.003171
    65 -0.248295 -0.666843 3.386627 -1.668562 -0.122147 0.124610
    66 0.717491 -3.784309 13.044010 -1.737902 0.022187 -1.478072
    67 -1.099228 -1.407673 8.017876 -1.769509 -0.025241 0.018249
    68 -0.064053 -0.807640 3.686100 -1.839860 -0.037732 0.018150
    69 4.004906 6.172710 4.754800 -0.720387 -0.940337 -1.497089
    70 -0.158381 -1.149773 5.804405 -0.709853 0.935861 0.421637
    71 1.078559 -2.386406 5.215008 -1.588879 1.137191 -0.560413
    72 6.289963 0.932404 13.569109 -0.126801 -0.612098 -2.869612
    73 -1.327759 -0.766682 12.396324 -0.031661 -0.012826 0.277178
    74 0.000017 -54.999996 0.000000 0.000000 0.000000 -1.570796
  time 8
    0 0.000000 0.000000 -1.500000 0.000000 0.000000 0.000000
    1 -10.521344 -5.760963 66.994621 3.097005 -0.050653 -3.139334
    2 -4.562268 25.178586 -16.801737 0.044986 0.191964 1.116372
    3 -0.000034 0.000012 24.761454 -0.000229 -0.000133 -0.290802
    4 0.000017 0.000000 24.344809 0.471733 -0.159071 0.100202
    5 0.002333 -1.019846 24.031336 0.372038 -0.116307 0.033153
    6 0.000034 0.000008 13.404741 -0.000001 -0.000009 -0.141750
    7 10.398263 -5.760962 66.994675 3.097005 0.050653 3.139334
    8 4.832012 7.205059 -21.569279 -0.079219 -0.219479 1.067903
    9 -0.000004 -0.000006 24.761459 -0.000260 0.000128 -0.919663
    10 -0.000007 0.000004 24.344891 0.380485 0.127103 -0.120722
    11 -0.002360 -1.019903 24.031330 0.314583 0.018271 -0.033147
    12 0.000000 -0.000002 13.404737 0.000001 0.000005 -0.468550
    13 -0.061540 -5.245835 72.927078 0.000000 0.000000 0.000000
    14 0.001324 16.320015 19.461295 -0.045562 -0.284286 -1.091655
    15 0.000000 -0.005608 -1.146812 -0.026406 0.094279 0.010525
    16 0.030770 -0.240000 8.906021 -0.004138 0.000000 0.000000
    17 -0.117168 -1.546066 2.921566 0.145607 0.100001 -0.479157
    18 0.030770 -0.276858 8.905140 0.056125 0.004134 -0.000049
    19 -0.876292 0.317292 2.979384 -0.048468 -0.289130 -0.009805
    20 5.669724 4.435303 14.302868 0.646028 -0.436676 2.064454
    21 -1.044571 -2.839317 19.743267 -0.189537 0.048641 0.088195
    22 2.655533 -1.533369 24.792658 -0.753716 0.008609 -0.963813
    23 1.120163 -0.154394 9.796035 -0.014327 0.001057 -0.124485
    24 2.240311 -0.308786 19.592051 -0.189690 0.037729 -0.227981
    25 0.683151 2.877354 14.167051 -1.565689 -0.039385 1.476204
    26 0.144936 -0.145374 7.579252 -1.768042 -0.243277 0.235266
    27 0.091660 -0.906685 4.702850 -1.587439 -0.182555 0.191118
    28 0.506271 8.500866 13.617253 -1.493844 -0.259563 1.406747
    29 -0.384987 -0.460049 7.003448 -1.747476 -0.440889 0.551348
    30 0.561516 -0.596954 5.061852 -1.494372 -0.380557 0.386326
    31 -2.452171 -8.899406 11.597897 -1.703260 -0.228403 1.269243
    32 0.680496 -0.903999 6.074253 -1.628017 0.173820 -0.014245
    33 0.245514 -0.661150 3.388004 -1.484476 0.109547 -0.099049
    34 -0.717484 -3.784271 13.043911 -1.593590 -0.028658 1.464722
    35 1.099216 -1.407745 8.017889 -1.782123 0.031970 -0.017456
    36 0.068439 -0.807653 3.686054 -1.465861 0.033996 -0.009728
    37 -4.004929 6.172707 4.754754 0.109464 1.126798 2.530885
    38 0.158352 -1.149811 5.804394 -1.155128 -0.401825 0.137936
    39 -1.083523 -1.463142 5.544399 -1.824672 -0.082077 0.007937
    40 -6.289886 0.932434 13.569063 -0.126803 0.612110 2.869610
    41 1.327774 -0.766687 12.396328 -0.057732 0.016482 -0.490974
    42 -0.096140 1.828087 23.185329 -0.177834 0.008266 -1.121153
    43 2.325478 -0.000003 6.169296 0.231729 0.171001 1.884760
    44 0.000000 -3.152912 0.122169 1.961017 0.000000 0.000000
    45 1.927784 -10.240303 6.968678 0.292219 -1.282324 -3.141588
    46 0.335948 0.000000 1.443494 0.547137 -0.343566 0.107833
    47 2.479414 -8.323895 6.074242 -0.008855 -0.029475 1.562163
    48 -0.000006 -5.074219 5.929688 0.000000 0.000000 0.000000
    49 -1.068383 -10.478611 7.065971 0.292219 1.282324 3.141588
    50 -0.000488 0.000015 2.279600 0.547136 0.343566 0.107835
    51 -2.479401 -8.323895 6.074234 0.008854 -0.029455 1.579428
    52 -5.790000 4.432083 14.255558 -0.900810 1.169254 2.285578
    53 1.044540 -2.839314 19.743252 -0.295310 0.583295 -0.111423
    54 -2.655510 -1.533379 24.792648 -1.350763 -0.145522 0.447851
    55 -1.120216 -0.154385 9.795983 -0.042371 0.002007 0.369614
    56 -2.240372 -0.308788 19.592047 -0.208334 0.205198 0.705683
    57 -0.683205 2.877342 14.167089 -1.654172 0.293460 -1.629876
    58 -0.144958 -0.145317 7.579308 -1.541365 0.304893 -0.166486
    59 -0.038551 -0.936644 4.697678 -2.189714 0.238609 -0.365140
    60 -0.506317 8.500896 13.617329 -1.647336 0.212855 -1.655049
    61 0.385056 -0.460075 7.003435 -1.471905 0.596196 -0.385484
    62 -0.456360 -0.710276 5.057732 -1.989928 0.545818 -0.699362
    63 2.452194 -8.899408 11.597939 -1.584823 0.130200 -1.204926
    64 -0.680515 -0.903999 6.074242 -1.453600 -0.173890 -0.003171
    65 -0.248295 -0.666843 3.386627 -1.668562 -0.122147 0.124610
    66 0.717491 -3.784309 13.044010 -1.737952 0.022187 -1.478060
    67 -1.099228 -1.407673 8.017876 -1.769453 -0.025253 0.018249
    68 -0.064053 -0.807640 3.686100 -1.839860 -0.037732 0.018150
    69 4.004906 6.172710 4.754800 -0.720387 -0.940337 -1.497007
    70 -0.158381 -1.149773 5.804405 -0.709853 0.935861 0.421666
    71 1.078559 -2.386406 5.215008 -1.588831 1.137221 -0.560413
    72 6.289963 0.932404 13.569109 -0.126801 -0.612098 -2.869612
    73 -1.327759 -0.766682 12.396324 -0.032512 -0.013054 0.284395
    74 0.000017 -54.999996 0.000000 0.000000 0.000000 -1.570796
  time 9
    0 0.000000 0.000000 -1.500000 0.000000 0.000000 0.000000
    1 -10.521344 -5.760963 66.994621 3.097005 -0.050653 -3.139334
    2 -5.796681 24.540182 -13.617452 0.058513 0.217461 1.113096
    3 -0.000034 0.000012 24.761454 -0.000229 -0.000133 -0.284410
    4 0.000017 0.000000 24.344809 0.503728 -0.187184 0.103486
    5 0.002333 -1.019846 24.031336 0.388428 -0.123366 0.030096
    6 0.000034 0.000008 13.404741 -0.000001 -0.000009 -0.139113
    7 10.398263 -5.760962 66.994675 3.097005 0.050653 3.139334
    8 3.796824 6.568101 -17.994932 -0.073588 -0.216406 1.061714
    9 -0.000004 -0.000006 24.761459 -0.000260 0.000128 -0.913849
    10 -0.000007 0.000004 24.344891 0.418757 0.134347 -0.113849
    11 -0.002360 -1.019903 24.031330 0.338642 0.017959 -0.030007
    12 0.000000 -0.000002 13.404737 0.000001 0.000005 -0.465265
    13 -0.061540 -5.245835 72.927078 0.000000 0.000000 0.000000
    14 1.188860 15.784313 16.081630 -0.052283 -0.270935 -1.084929
    15 0.000000 -0.005608 -1.146812 -0.022260 0.094483 0.010933
    16 0.030770 -0.240000 8.906021 -0.004138 0.000000 0.000000
    17 -0.058572 -1.471845 3.382517 0.134412 0.078098 -0.386032
    18 0.030770 -0.276858 8.905140 0.056125 0.004134 -0.000049
    19 -0.723944 0.332917 3.444242 -0.056761 -0.235994 -0.006353
    20 5.669724 4.435303 14.302868 0.706418 -0.417121 2.078829
    21 -1.044571 -2.839317 19.743267 -0.271870 0.029281 0.074320
    22 2.655533 -1.533369 24.792658 -0.752718 0.082311 -0.975701
    23 1.120163 -0.154394 9.796035 -0.017611 0.001045 -0.152907
    24 2.240311 -0.308786 19.592051 -0.243827 0.086491 -0.279333
    25 0.683151 2.877354 14.167051 -1.565689 -0.039373 1.476204
    26 0.144936 -0.145374 7.579252 -1.768042 -0.243277 0.235266
    27 0.091660 -0.906685 4.702850 -1.587439 -0.182555 0.191106
    28 0.506271 8.500866 13.617253 -1.493782 -0.259563 1.406747
    29 -0.384987 -0.460049 7.003448 -1.747476 -0.440889 0.551348
    30 0.561516 -0.596954 5.061852 -1.494372 -0.380557 0.386326
    31 -2.452171 -8.899406 11.597897 -1.703260 -0.228403 1.269243
    32 0.680496 -0.903999 6.074253 -1.628017 0.173820 -0.014245
    33 0.245514 -0.661150 3.388004 -1.484476 0.109547 -0.099061
    34 -0.717484 -3.784271 13.043911 -1.593546 -0.028646 1.464722
    35 1.099216 -1.407745 8.017889 -1.782123 0.031970 -0.017456
    36 0.068439 -0.807653 3.686054 -1.465861 0.033996 -0.009740
    37 -4.004929 6.172707 4.754754 0.109464 1.126798 2.530885
    38 0.158352 -1.149811 5.804394 -1.155128 -0.401825 0.137936
    39 -1.083523 -1.463142 5.544399 -1.824672 -0.082077 0.007923
    40 -6.289886 0.932434 13.569063 -0.126803 0.612110 2.869610
    41 1.327774 -0.766687 12.396328 -0.059769 0.016530 -0.507545
    42 -0.096140 1.828087 23.185329 -0.178742 0.003167 -1.117240
    43 2.325478 -0.000003 6.169296 0.225522 0.169945 1.883722
    44 0.000000 -3.152912 0.122169 1.961017 0.000000 0.000000
    45 1.927784 -10.240303 6.972585 0.292219 -1.282324 -3.141588
    46 0.335948 0.000000 1.443494 0.547137 -0.343566 0.107833
    47 2.479414 -8.323895 6.074242 -0.008855 0.007342 1.561876
    48 -0.000006 -5.074219 5.929688 0.000000 0.000000 0.000000
    49 -1.068383 -10.478611 7.065971 0.292219 1.282324 3.141588
    50 -0.000488 0.000015 2.279600 0.547136 0.343566 0.107835
    51 -2.479401 -8.323895 6.074234 0.008854 0.007354 1.579716
    52 -5.790000 4.432083 14.255558 -0.808690 1.175028 2.307136
    53 1.044540 -2.839314 19.743252 -0.254792 0.630271 -0.107585
    54 -2.655510 -1.533379 24.792648 -1.353380 -0.146092 0.446109
    55 -1.120216 -0.154385 9.795983 -0.043437 0.002283 0.379244
    56 -2.240372 -0.308788 19.592047 -0.210625 0.193119 0.724499
    57 -0.683205 2.877342 14.167089 -1.654172 0.293460 -1.629876
    58 -0.144958 -0.145317 7.579308 -1.541365 0.304893 -0.166486
    59 -0.038551 -0.936644 4.697678 -2.189714 0.238609 -0.365128
    60 -0.506317 8.500896 13.617329 -1.647336 0.212855 -1.655049
    61 0.385056 -0.460075 7.003435 -1.471905 0.596196 -0.385484
    62 -0.456360 -0.710276 5.057732 -1.989928 0.545818 -0.699362
    63 2.452194 -8.899408 11.597939 -1.584823 0.130200 -1.204926
    64 -0.680515 -0.903999 6.074242 -1.453600 -0.173890 -0.003171
    65 -0.248295 -0.666843 3.386627 -1.668562 -0.122147 0.124610
    66 0.717491 -3.784309 13.044010 -1.737952 0.022187 -1.478072
    67 -1.099228 -1.407673 8.017876 -1.769509 -0.025253 0.018261
    68 -0.064053 -0.807640 3.686100 -1.839804 -0.037732 0.018150
    69 4.004906 6.172710 4.754800 -0.720387 -0.940337 -1.497007
    70 -0.158381 -1.149773 5.804405 -0.709818 0.935861 0.421637
    71 1.078559 -2.386406 5.215008 -1.588879 1.137191 -0.560413
    72 6.289963 0.932404 13.569109 -0.126801 -0.612098 -2.869612
    73 -1.327759 -0.766682 12.396324 -0.031996 -0.012910 0.280046
    74 0.000017 -54.999996 0.000000 0.000000 0.000000 -1.570796
  time 10
    0 0.000000 0.000000 -1.500000 0.000000 0.000000 0.000000
    1 -10.521344 -5.760963 66.994621 3.097005 -0.050653 -3.139334
    2 -11.117155 0.244016 25.177001 -0.257326 0.825544 0.491039
    3 -0.000034 0.000012 24.761454 -0.566580 -0.065845 -0.163029
    4 0.000017 0.000000 24.344809 1.860764 -0.862041 -0.345232
    5 0.002333 -1.019846 24.031336 0.389660 -0.042698 0.017201
    6 0.000034 0.000008 13.404741 -0.000001 -0.000009 -0.137552
    7 10.398263 -5.760962 66.994675 3.097005 0.050653 3.139334
    8 -1.254111 -14.401553 31.236643 0.126634 -0.626107 1.035309
    9 -0.000004 -0.000006 24.761459 -2.169357 0.251193 -1.064864
    10 -0.000007 0.000004 24.344891 2.551275 -0.031282 0.033807
    11 -0.002360 -1.019903 24.031330 0.389594 -0.042695 -0.017219
    12 0.000000 -0.000002 13.404737 0.000001 0.000005 -0.544616
    13 -0.061540 -5.245835 72.927078 0.000000 0.000000 0.000000
    14 5.942912 -9.149118 -29.431191 0.389568 0.504358 -0.934735
    15 0.000000 -0.005608 -1.146812 0.020642 -0.141310 0.198931
    16 0.030770 -0.240000 8.906021 -0.004138 0.000000 0.000000
    17 1.179747 -1.479658 -0.266031 0.259455 0.150580 0.139773
    18 0.030770 -0.276858 8.905140 0.056125 0.004134 -0.000049
    19 0.217491 -0.163192 0.026169 0.127683 0.124211 0.012715
    20 5.669724 4.435303 14.302868 1.337693 -0.897649 1.520311
    21 -1.044571 -2.839317 19.743267 -0.025849 -0.335224 0.072346
    22 2.655533 -1.533369 24.792658 -0.279305 0.083157 -0.707368
    23 1.120163 -0.154394 9.796035 -0.040753 -0.001639 -0.355348
    24 2.240311 -0.308786 19.592051 -0.739066 0.157171 -0.570712
    25 0.683151 2.877354 14.167051 -1.565689 -0.039385 1.476204
    26 0.144936 -0.145374 7.579252 -1.768042 -0.243277 0.235266
    27 0.091660 -0.906685 4.702850 -1.587439 -0.182555 0.191106
    28 0.506271 8.500866 13.617253 -1.493844 -0.259563 1.406747
    29 -0.384987 -0.460049 7.003448 -1.747476 -0.440889 0.551348
    30 0.561516 -0.596954 5.061852 -1.494407 -0.380557 0.386314
    31 -2.452171 -8.899406 11.597897 -1.703311 -0.228403 1.269243
    32 0.680496 -0.903999 6.074253 -1.628017 0.173820 -0.014245
    33 0.245514 -0.661150 3.388004 -1.484476 0.109547 -0.099061
    34 -0.717484 -3.784271 13.043911 -1.593590 -0.028658 1.464722
    35 1.099216 -1.407745 8.017889 -1.782123 0.031970 -0.017456
    36 0.068439 -0.807653 3.686054 -1.465861 0.033996 -0.009728
    37 -4.004929 6.172707 4.754754 0.109464 1.126798 2.530885
    38 0.158352 -1.149811 5.804394 -1.155128 -0.401825 0.137936
    39 -1.083523 -1.463142 5.544399 -1.824672 -0.082077 0.007923
    40 -6.289886 0.932434 13.569063 -0.126803 0.612110 2.869610
    41 1.327774 -0.766687 12.396328 -0.040905 0.014768 -0.353935
    42 -0.096140 1.828087 23.185329 -0.211169 -0.342840 -1.101770
    43 2.325478 -0.000003 6.169296 -0.679299 -0.086936 1.922358
    44 0.000000 -3.152912 0.122169 1.961017 0.000000 0.000000
    45 1.927784 -10.240303 6.972585 0.292219 -1.282324 -3.141588
    46 0.335948 0.000000 1.443494 0.547137 -0.343566 0.107833
    47 2.479414 -8.323895 6.074242 -0.008855 0.007342 1.561876
    48 -0.000006 -5.074219 5.929688 0.000000 0.000000 0.000000
    49 -1.068383 -10.478611 7.065971 0.292219 1.282324 3.141588
    50 -0.000488 0.000015 2.279600 0.547136 0.343566 0.107835
    51 -2.479401 -8.323895 6.074234 0.008854 0.007354 1.579716
    52 -5.790000 4.432083 14.255558 -4.364243 1.015070 -1.761756
    53 1.044540 -2.839314 19.743252 -0.055543 0.494982 -0.063932
    54 -2.655510 -1.533379 24.792648 -1.181669 -0.071269 -0.585639
    55 -1.120216 -0.154385 9.795983 -0.050784 0.004344 0.445404
    56 -2.240372 -0.308788 19.592047 -0.276071 0.226435 0.833360
    57 -0.683205 2.877342 14.167089 -1.654172 0.293460 -1.629876
    58 -0.144958 -0.145317 7.579308 -1.541365 0.304893 -0.166486
    59 -0.038551 -0.936644 4.697678 -2.189714 0.238609 -0.365128
    60 -0.506317 8.500896 13.617329 -1.647336 0.212855 -1.655049
    61 0.385056 -0.460075 7.003435 -1.471905 0.596196 -0.385484
    62 -0.456360 -0.710276 5.057732 -1.989928 0.545818 -0.699362
    63 2.452194 -8.899408 11.597939 -1.584823 0.130200 -1.204926
    64 -0.680515 -0.903999 6.074242 -1.453600 -0.173890 -0.003171
    65 -0.248295 -0.666843 3.386627 -1.668562 -0.122147 0.124610
    66 0.717491 -3.784309 13.044010 -1.737952 0.022187 -1.478072
    67 -1.099228 -1.407673 8.017876 -1.769509 -0.025241 0.018249
    68 -0.064053 -0.807640 3.686100 -1.839804 -0.037732 0.018150
    69 4.004906 6.172710 4.754800 -0.720387 -0.940337 -1.497089
    70 -0.158381 -1.149773 5.804405 -0.709853 0.935861 0.421637
    71 1.078559 -2.386406 5.215008 -1.588879 1.137191 -0.560413
    72 6.289963 0.932404 13.569109 -0.126801 -0.612098 -2.869612
    73 -1.327759 -0.766682 12.396324 0.022845 0.016956 -0.230347
    74 0.000017 -54.999996 0.000000 0.000000 0.000000 -1.570796
  time 11
    0 0.000000 0.000000 -1.500000 0.000000 0.000000 0.000000
    1 -10.521344 -5.760963 66.994621 3.097005 -0.050653 -3.139334
    2 -11.242159 0.047585 26.791568 -0.223371 0.841550 0.492044
    3 -0.000034 0.000012 24.761454 -0.659996 -0.076667 -0.197517
    4 0.000017 0.000000 24.344809 1.969879 -0.862901 -0.407761
    5 0.002333 -1.019846 24.031336 0.389660 -0.042710 0.017213
    6 0.000034 0.000008 13.404741 -0.000001 -0.000009 -0.159764
    7 10.398263 -5.760962 66.994675 3.097005 0.050653 3.139334
    8 -1.179890 -14.576404 32.945136 0.123222 -0.611548 1.036299
    9 -0.000004 -0.000006 24.761459 -2.234364 0.258684 -1.062065
    10 -0.000007 0.000004 24.344891 2.630594 -0.027838 0.020628
    11 -0.002360 -1.019903 24.031330 0.389594 -0.042695 -0.017219
    12 0.000000 -0.000002 13.404737 0.000001 0.000005 -0.541911
    13 -0.061540 -5.245835 72.927078 0.000000 0.000000 0.000000
    14 5.970256 -9.288867 -31.075961 0.393217 0.508332 -0.935816
    15 0.000000 -0.005608 -1.146812 0.019590 -0.139443 0.199230
    16 0.030770 -0.240000 8.906021 -0.004138 0.000000 0.000000
    17 1.257874 -1.456220 -0.266031 0.255646 0.160202 0.152273
    18 0.030770 -0.276858 8.905140 0.056125 0.004134 -0.000049
    19 0.213585 -0.272570 0.030075 0.171828 0.124519 0.019761
    20 5.669724 4.435303 14.302868 1.505848 -0.939754 1.431665
    21 -1.044571 -2.839317 19.743267 -0.120853 -0.244528 0.083119
    22 2.655533 -1.533369 24.792658 -0.258431 0.082811 -0.720226
    23 1.120163 -0.154394 9.796035 -0.041400 -0.001783 -0.361074
    24 2.240311 -0.308786 19.592051 -0.748510 0.155928 -0.578862
    25 0.683151 2.877354 14.167051 -1.565689 -0.039385 1.476204
    26 0.144936 -0.145374 7.579252 -1.768042 -0.243277 0.235266
    27 0.091660 -0.906685 4.702850 -1.587439 -0.182555 0.191106
    28 0.506271 8.500866 13.617253 -1.493844 -0.259563 1.406747
    29 -0.384987 -0.460049 7.003448 -1.747476 -0.440889 0.551348
    30 0.561516 -0.596954 5.061852 -1.494372 -0.380557 0.386326
    31 -2.452171 -8.899406 11.597897 -1.703260 -0.228403 1.269243
    32 0.680496 -0.903999 6.074253 -1.628017 0.173820 -0.014245
    33 0.245514 -0.661150 3.388004 -1.484476 0.109547 -0.099061
    34 -0.717484 -3.784271 13.043911 -1.593590 -0.028658 1.464722
    35 1.099216 -1.407745 8.017889 -1.782123 0.031970 -0.017456
    36 0.068439 -0.807653 3.686054 -1.465861 0.033996 -0.009740
    37 -4.004929 6.172707 4.754754 0.109464 1.126798 2.530885
    38 0.158352 -1.149811 5.804394 -1.155128 -0.401825 0.137936
    39 -1.083523 -1.463142 5.544399 -1.824672 -0.082077 0.007923
    40 -6.289886 0.932434 13.569063 -0.126803 0.612110 2.869610
    41 1.327774 -0.766687 12.396328 -0.041469 0.014876 -0.358404
    42 -0.096140 1.828087 23.185329 -0.231270 -0.373782 -1.088349
    43 2.325478 -0.000003 6.169296 -0.718741 -0.067678 1.937525
    44 0.000000 -3.152912 0.122169 1.961017 0.000000 0.000000
    45 1.927784 -10.240303 6.972585 0.292219 -1.282324 -3.141588
    46 0.335948 0.000000 1.443494 0.547137 -0.343566 0.107833
    47 2.479414 -8.323895 6.074242 -0.008855 0.007342 1.561876
    48 -0.000006 -5.074219 5.929688 0.000000 0.000000 0.000000
    49 -1.068383 -10.478611 7.065971 0.292219 1.282324 3.141588
    50 -0.000488 0.000015 2.279600 0.547136 0.343566 0.107835
    51 -2.479401 -8.323895 6.074234 0.008854 0.007354 1.579716
    52 -5.790000 4.432083 14.255558 -4.336349 1.007842 -1.731191
    53 1.044540 -2.839314 19.743252 -0.058993 0.492735 -0.064694
    54 -2.655510 -1.533379 24.792648 -1.149461 -0.069755 -0.569584
    55 -1.120216 -0.154385 9.795983 -0.051563 0.004608 0.452396
    56 -2.240372 -0.308788 19.592047 -0.276911 0.230098 0.846506
    57 -0.683205 2.877342 14.167089 -1.654172 0.293460 -1.629876
    58 -0.144958 -0.145317 7.579308 -1.541365 0.304893 -0.166486
    59 -0.038551 -0.936644 4.697678 -2.189714 0.238609 -0.365128
    60 -0.506317 8.500896 13.617329 -1.647336 0.212829 -1.655049
    61 0.385056 -0.460075 7.003435 -1.471905 0.596196 -0.385484
    62 -0.456360 -0.710276 5.057732 -1.989928 0.545818 -0.699362
    63 2.452194 -8.899408 11.597939 -1.584823 0.130200 -1.204926
    64 -0.680515 -0.903999 6.074242 -1.453600 -0.173890 -0.003171
    65 -0.248295 -0.666843 3.386627 -1.668562 -0.122135 0.124610
    66 0.717491 -3.784309 13.044010 -1.737952 0.022187 -1.478072
    67 -1.099228 -1.407673 8.017876 -1.769509 -0.025241 0.018249
    68 -0.064053 -0.807640 3.686100 -1.839804 -0.037732 0.018150
    69 4.004906 6.172710 4.754800 -0.720387 -0.940337 -1.497089
    70 -0.158381 -1.149773 5.804405 -0.709818 0.935861 0.421637
    71 1.078559 -2.386406 5.215008 -1.588879 1.137191 -0.560413
    72 6.289963 0.932404 13.569109 -0.126801 -0.612098 -2.869612
    73 -1.327759 -0.766682 12.396324 0.022162 0.016308 -0.222852
    74 0.000017 -54.999996 0.000000 0.000000 0.000000 -1.570796
  time 12
    0 0.000000 0.000000 -1.500000 0.000000 0.000000 0.000000
    1 -10.521344 -5.760963 66.994621 3.097005 -0.050653 -3.139334
    2 -11.269504 -0.075185 27.778248 -0.204925 0.849176 0.493573
    3 -0.000034 0.000012 24.761454 -0.713371 -0.082851 -0.221174
    4 0.000017 0.000000 24.344809 2.036643 -0.862448 -0.444189
    5 0.002333 -1.019846 24.031336 0.389660 -0.042710 0.017201
    6 0.000034 0.000008 13.404741 -0.000001 -0.000009 -0.172884
    7 10.398263 -5.760962 66.994675 3.097005 0.050653 3.139334
    8 -1.109575 -14.651340 34.046664 0.122966 -0.601086 1.032421
    9 -0.000004 -0.000006 24.761459 -2.276327 0.263526 -1.055857
    10 -0.000007 0.000004 24.344891 2.682613 -0.024594 0.012851
    11 -0.002360 -1.019903 24.031330 0.389594 -0.042695 -0.017219
    12 0.000000 -0.000002 13.404737 0.000001 0.000005 -0.536393
    13 -0.061540 -5.245835 72.927078 0.000000 0.000000 0.000000
    14 5.978069 -9.335449 -32.157454 0.394369 0.509554 -0.936657
    15 0.000000 -0.005608 -1.146812 0.016527 -0.134283 0.200045
    16 0.030770 -0.240000 8.906021 -0.004138 0.000000 0.000000
    17 1.336002 -1.421062 -0.266031 0.247102 0.176990 0.143966
    18 0.030770 -0.276858 8.905140 0.056125 0.004134 -0.000049
    19 0.182334 -0.366323 0.022263 0.204428 0.113143 0.022530
    20 5.669724 4.435303 14.302868 1.669504 -0.971289 1.345798
    21 -1.044571 -2.839317 19.743267 -0.175057 -0.188587 0.084162
    22 2.655533 -1.533369 24.792658 -0.239944 0.082311 -0.729122
    23 1.120163 -0.154394 9.796035 -0.041364 -0.001783 -0.360798
    24 2.240311 -0.308786 19.592051 -0.733061 0.156757 -0.586339
    25 0.683151 2.877354 14.167051 -1.565689 -0.039385 1.476204
    26 0.144936 -0.145374 7.579252 -1.768042 -0.243277 0.235266
    27 0.091660 -0.906685 4.702850 -1.587439 -0.182555 0.191106
    28 0.506271 8.500866 13.617253 -1.493844 -0.259563 1.406747
    29 -0.384987 -0.460049 7.003448 -1.747476 -0.440889 0.551348
    30 0.561516 -0.596954 5.061852 -1.494372 -0.380557 0.386326
    31 -2.452171 -8.899406 11.597897 -1.703260 -0.228403 1.269243
    32 0.680496 -0.903999 6.074253 -1.628017 0.173820 -0.014245
    33 0.245514 -0.661150 3.388004 -1.484476 0.109547 -0.099061
    34 -0.717484 -3.784271 13.043911 -1.593546 -0.028658 1.464722
    35 1.099216 -1.407745 8.017889 -1.782123 0.031970 -0.017456
    36 0.068439 -0.807653 3.686054 -1.465861 0.033996 -0.009728
    37 -4.004929 6.172707 4.754754 0.109464 1.126798 2.530885
    38 0.158352 -1.149811 5.804394 -1.155128 -0.401825 0.137936
    39 -1.083523 -1.463142 5.544399 -1.824672 -0.082077 0.007923
    40 -6.289886 0.932434 13.569063 -0.126803 0.612110 2.869610
    41 1.327774 -0.766687 12.396328 -0.041648 0.014900 -0.360011
    42 -0.096140 1.828087 23.185329 -0.257500 -0.393125 -1.069150
    43 2.325478 -0.000003 6.169296 -0.744144 -0.042777 1.960355
    44 0.000000 -3.152912 0.122169 1.961017 0.000000 0.000000
    45 1.927784 -10.240303 6.972585 0.292219 -1.282324 -3.141588
    46 0.335948 0.000000 1.447400 0.547137 -0.343566 0.107833
    47 2.479414 -8.323895 6.074242 -0.008855 0.007342 1.561876
    48 -0.000006 -5.074219 5.929688 0.000000 0.000000 0.000000
    49 -1.068383 -10.478611 7.065971 0.292219 1.282324 3.141588
    50 -0.000488 0.000015 2.279600 0.547136 0.343566 0.107835
    51 -2.479401 -8.323895 6.074234 0.008854 0.007354 1.579716
    52 -5.790000 4.432083 14.255558 -4.342196 1.016066 -1.714998
    53 1.044540 -2.839314 19.743252 -0.069679 0.502020 -0.066082
    54 -2.655510 -1.533379 24.792648 -1.124147 -0.070363 -0.539746
    55 -1.120216 -0.154385 9.795983 -0.052126 0.004800 0.457592
    56 -2.240372 -0.308788 19.592047 -0.275384 0.232821 0.856988
    57 -0.683205 2.877342 14.167089 -1.654172 0.293460 -1.629876
    58 -0.144958 -0.145317 7.579308 -1.541365 0.304893 -0.166486
    59 -0.038551 -0.936644 4.697678 -2.189714 0.238609 -0.365128
    60 -0.506317 8.500896 13.617329 -1.647336 0.212829 -1.655049
    61 0.385056 -0.460075 7.003435 -1.471905 0.596196 -0.385484
    62 -0.456360 -0.710276 5.057732 -1.989928 0.545818 -0.699362
    63 2.452194 -8.899408 11.597939 -1.584823 0.130200 -1.204949
    64 -0.680515 -0.903999 6.074242 -1.453600 -0.173890 -0.003171
    65 -0.248295 -0.666843 3.386627 -1.668562 -0.122135 0.124610
    66 0.717491 -3.784309 13.044010 -1.737902 0.022187 -1.478072
    67 -1.099228 -1.407673 8.017876 -1.769509 -0.025241 0.018249
    68 -0.064053 -0.807640 3.686100 -1.839804 -0.037732 0.018150
    69 4.004906 6.172710 4.754800 -0.720387 -0.940337 -1.497089
    70 -0.158381 -1.149773 5.804405 -0.709818 0.935861 0.421637
    71 1.078559 -2.386406 5.215008 -1.588879 1.137191 -0.560413
    72 6.289963 0.932404 13.569109 -0.126801 -0.612098 -2.869612
    73 -1.327759 -0.766682 12.396324 0.020904 0.015182 -0.209065
    74 0.000017 -54.999996 0.000000 0.000000 0.000000 -1.570796
  time 13
    0 0.000000 0.000000 -1.500000 0.000000 0.000000 0.000000
    1 -10.521344 -5.760963 66.994621 3.097005 -0.050653 -3.139334
    2 -11.230440 -0.075185 28.316437 -0.192422 0.851709 0.497112
    3 -0.000034 0.000012 24.761454 -0.744550 -0.086458 -0.235752
    4 0.000017 0.000000 24.344809 2.074432 -0.860208 -0.463937
    5 0.002333 -1.019846 24.031336 0.389660 -0.042710 0.017213
    6 0.000034 0.000008 13.404741 -0.000001 -0.000009 -0.179781
    7 10.398263 -5.760962 66.994675 3.097005 0.050653 3.139334
    8 -1.031448 -14.601383 34.698589 0.125696 -0.597172 1.026232
    9 -0.000004 -0.000006 24.761459 -2.301626 0.266450 -1.048249
    10 -0.000007 0.000004 24.344891 2.711591 -0.021483 0.010035
    11 -0.002360 -1.019903 24.031330 0.389594 -0.042695 -0.017219
    12 0.000000 -0.000002 13.404737 0.000001 0.000005 -0.529480
    13 -0.061540 -5.245835 72.927078 0.000000 0.000000 0.000000
    14 5.958537 -9.312158 -32.743263 0.393697 0.508728 -0.938038
    15 0.000000 -0.005608 -1.146812 0.011870 -0.126331 0.201214
    16 0.030770 -0.240000 8.906021 -0.004138 0.000000 0.000000
    17 1.406316 -1.374186 -0.266031 0.233697 0.199412 0.118209
    18 0.030770 -0.276858 8.905140 0.056125 0.004134 -0.000049
    19 0.112019 -0.440544 0.022263 0.227912 0.091729 0.021128
    20 5.669724 4.435303 14.302868 1.825026 -0.993910 1.264818
    21 -1.044571 -2.839317 19.743267 -0.198000 -0.165887 0.083457
    22 2.655533 -1.533369 24.792658 -0.223714 0.081812 -0.733085
    23 1.120163 -0.154394 9.796035 -0.040765 -0.001651 -0.355451
    24 2.240311 -0.308786 19.592051 -0.696157 0.159473 -0.592511
    25 0.683151 2.877354 14.167051 -1.565689 -0.039385 1.476204
    26 0.144936 -0.145374 7.579252 -1.768042 -0.243277 0.235266
    27 0.091660 -0.906685 4.702850 -1.587439 -0.182555 0.191106
    28 0.506271 8.500866 13.617253 -1.493844 -0.259563 1.406747
    29 -0.384987 -0.460049 7.003448 -1.747476 -0.440889 0.551348
    30 0.561516 -0.596954 5.061852 -1.494372 -0.380557 0.386326
    31 -2.452171 -8.899406 11.597897 -1.703260 -0.228403 1.269243
    32 0.680496 -0.903999 6.074253 -1.628017 0.173820 -0.014245
    33 0.245514 -0.661150 3.388004 -1.484476 0.109547 -0.099061
    34 -0.717484 -3.784271 13.043911 -1.593590 -0.028658 1.464722
    35 1.099216 -1.407745 8.017889 -1.782123 0.031970 -0.017456
    36 0.068439 -0.807653 3.686054 -1.465861 0.033996 -0.009740
    37 -4.004929 6.172707 4.754754 0.109464 1.126798 2.530885
    38 0.158352 -1.149811 5.804394 -1.155128 -0.401825 0.137936
    39 -1.083523 -1.463142 5.544399 -1.824672 -0.082065 0.007937
    40 -6.289886 0.932434 13.569063 -0.126803 0.612110 2.869610
    41 1.327774 -0.766687 12.396328 -0.041588 0.014888 -0.359559
    42 -0.096140 1.828087 23.185329 -0.288455 -0.401698 -1.045793
    43 2.325478 -0.000003 6.169296 -0.756654 -0.013492 1.989371
    44 0.000000 -3.152912 0.122169 1.961017 0.000000 0.000000
    45 1.927784 -10.244210 6.968678 0.292219 -1.282324 -3.141588
    46 0.335948 0.000000 1.443494 0.547137 -0.343566 0.107833
    47 2.479414 -8.323895 6.074242 -0.008855 0.007342 1.561876
    48 -0.000006 -5.074219 5.929688 0.000000 0.000000 0.000000
    49 -1.068383 -10.478611 7.065971 0.292219 1.282324 3.141588
    50 -0.000488 0.000015 2.279600 0.547136 0.343566 0.107835
    51 -2.479401 -8.323895 6.074234 0.008854 0.007354 1.579716
    52 -5.790000 4.432083 14.255558 -4.375746 1.037790 -1.710591
    53 1.044540 -2.839314 19.743252 -0.087489 0.517749 -0.068695
    54 -2.655510 -1.533379 24.792648 -1.104671 -0.072809 -0.496656
    55 -1.120216 -0.154385 9.795983 -0.052534 0.004919 0.461319
    56 -2.240372 -0.308788 19.592047 -0.271718 0.234504 0.865409
    57 -0.683205 2.877342 14.167089 -1.654172 0.293460 -1.629876
    58 -0.144958 -0.145317 7.579308 -1.541365 0.304893 -0.166486
    59 -0.038551 -0.936644 4.697678 -2.189714 0.238609 -0.365128
    60 -0.506317 8.500896 13.617329 -1.647336 0.212855 -1.655049
    61 0.385056 -0.460075 7.003435 -1.471905 0.596196 -0.385484
    62 -0.456360 -0.710276 5.057732 -1.989928 0.545818 -0.699362
    63 2.452194 -8.899408 11.597939 -1.584823 0.130200 -1.204949
    64 -0.680515 -0.903999 6.074242 -1.453600 -0.173890 -0.003171
    65 -0.248295 -0.666843 3.386627 -1.668562 -0.122147 0.124610
    66 0.717491 -3.784309 13.044010 -1.737952 0.022187 -1.478072
    67 -1.099228 -1.407673 8.017876 -1.769453 -0.025241 0.018261
    68 -0.064053 -0.807640 3.686100 -1.839804 -0.037732 0.018150
    69 4.004906 6.172710 4.754800 -0.720387 -0.940337 -1.497089
    70 -0.158381 -1.149773 5.804405 -0.709853 0.935861 0.421637
    71 1.078559 -2.386406 5.215008 -1.588879 1.137191 -0.560413
    72 6.289963 0.932404 13.569109 -0.126801 -0.612098 -2.869612
    73 -1.327759 -0.766682 12.396324 0.019022 0.013516 -0.188940
    74 0.000017 -54.999996 0.000000 0.000000 0.000000 -1.570796
  time 14
    0 0.000000 0.000000 -1.500000 0.000000 0.000000 0.000000
    1 -10.521344 -5.760963 66.994621 3.097005 -0.050653 -3.139334
    2 -11.140594 -0.038354 28.518258 -0.181218 0.851292 0.503621
    3 -0.000034 0.000012 24.761454 -0.762965 -0.088591 -0.244139
    4 0.000017 0.000000 24.344809 2.092556 -0.856360 -0.472904
    5 0.002333 -1.019846 24.031336 0.389660 -0.042698 0.017213
    6 0.000034 0.000008 13.404741 -0.000001 -0.000009 -0.182988
    7 10.398263 -5.760962 66.994675 3.097005 0.050653 3.139334
    8 -0.937695 -14.476489 35.013312 0.130047 -0.599440 1.020126
    9 -0.000004 -0.000006 24.761459 -2.315375 0.268032 -1.040533
    10 -0.000007 0.000004 24.344891 2.723337 -0.018261 0.011548
    11 -0.002360 -1.019903 24.031330 0.389594 -0.042695 -0.017219
    12 0.000000 -0.000002 13.404737 0.000001 0.000005 -0.521966
    13 -0.061540 -5.245835 72.927078 0.000000 0.000000 0.000000
    14 5.919473 -9.218992 -33.013636 0.391904 0.506492 -0.940921
    15 0.000000 -0.005608 -1.146812 0.005937 -0.116167 0.202627
    16 0.030770 -0.240000 8.906021 -0.004138 0.000000 0.000000
    17 1.476631 -1.323403 -0.262125 0.215178 0.225771 0.077796
    18 0.030770 -0.276858 8.905140 0.056125 0.004134 -0.000049
    19 0.018266 -0.503046 0.022263 0.245713 0.061941 0.016070
    20 5.669724 4.435303 14.302868 1.969829 -1.009448 1.190931
    21 -1.044571 -2.839317 19.743267 -0.197218 -0.173245 0.083457
    22 2.655533 -1.533369 24.792658 -0.209306 0.081312 -0.731548
    23 1.120163 -0.154394 9.796035 -0.039674 -0.001412 -0.345828
    24 2.240311 -0.308786 19.592051 -0.641019 0.163571 -0.595676
    25 0.683151 2.877354 14.167051 -1.565689 -0.039385 1.476204
    26 0.144936 -0.145374 7.579252 -1.768042 -0.243277 0.235266
    27 0.091660 -0.906685 4.702850 -1.587439 -0.182555 0.191106
    28 0.506271 8.500866 13.617253 -1.493782 -0.259563 1.406747
    29 -0.384987 -0.460049 7.003448 -1.747476 -0.440889 0.551348
    30 0.561516 -0.596954 5.061852 -1.494372 -0.380557 0.386314
    31 -2.452171 -8.899406 11.597897 -1.703260 -0.228403 1.269243
    32 0.680496 -0.903999 6.074253 -1.628017 0.173820 -0.014245
    33 0.245514 -0.661150 3.388004 -1.484476 0.109547 -0.099061
    34 -0.717484 -3.784271 13.043911 -1.593546 -0.028658 1.464722
    35 1.099216 -1.407745 8.017889 -1.782123 0.031970 -0.017456
    36 0.068439 -0.807653 3.686054 -1.465861 0.033996 -0.009740
    37 -4.004929 6.172707 4.754754 0.109464 1.126798 2.530885
    38 0.158352 -1.149811 5.804394 -1.155128 -0.401825 0.137936
    39 -1.083523 -1.463142 5.544399 -1.824672 -0.082077 0.007923
    40 -6.289886 0.932434 13.569063 -0.126803 0.612110 2.869610
    41 1.327774 -0.766687 12.396328 -0.041313 0.014852 -0.357199
    42 -0.096140 1.828087 23.185329 -0.322441 -0.400614 -1.019807
    43 2.325478 -0.000003 6.169296 -0.757705 0.018542 2.023936
    44 0.000000 -3.152912 0.122169 1.961017 0.000000 0.000000
    45 1.927784 -10.240303 6.972585 0.292219 -1.282324 -3.141588
    46 0.335948 0.000000 1.443494 0.547137 -0.343566 0.107833
    47 2.479414 -8.323895 6.074242 -0.008855 0.007342 1.561876
    48 -0.000006 -5.074219 5.929688 0.000000 0.000000 0.000000
    49 -1.068383 -10.478611 7.065971 0.292219 1.282324 3.141588
    50 -0.000488 0.000015 2.279600 0.547136 0.343566 0.107835
    51 -2.479401 -8.323895 6.074234 0.008854 0.007354 1.579716
    52 -5.790000 4.432083 14.255558 -4.432973 1.070895 -1.716627
    53 1.044540 -2.839314 19.743252 -0.111700 0.534920 -0.072859
    54 -2.655510 -1.533379 24.792648 -1.089976 -0.076860 -0.440464
    55 -1.120216 -0.154385 9.795983 -0.052797 0.005015 0.463794
    56 -2.240372 -0.308788 19.592047 -0.266067 0.235197 0.871939
    57 -0.683205 2.877342 14.167089 -1.654172 0.293460 -1.629876
    58 -0.144958 -0.145317 7.579308 -1.541365 0.304893 -0.166486
    59 -0.038551 -0.936644 4.697678 -2.189714 0.238609 -0.365128
    60 -0.506317 8.500896 13.617329 -1.647336 0.212829 -1.655049
    61 0.385056 -0.460075 7.003435 -1.471905 0.596196 -0.385484
    62 -0.456360 -0.710276 5.057732 -1.989928 0.545818 -0.699362
    63 2.452194 -8.899408 11.597939 -1.584823 0.130200 -1.204926
    64 -0.680515 -0.903999 6.074242 -1.453600 -0.173890 -0.003171
    65 -0.248295 -0.666843 3.386627 -1.668562 -0.122135 0.124610
    66 0.717491 -3.784309 13.044010 -1.737952 0.022187 -1.478072
    67 -1.099228 -1.407673 8.017876 -1.769453 -0.025241 0.018249
    68 -0.064053 -0.807640 3.686100 -1.839804 -0.037732 0.018150
    69 4.004906 6.172710 4.754800 -0.720387 -0.940337 -1.497089
    70 -0.158381 -1.149773 5.804405 -0.709818 0.935861 0.421637
    71 1.078559 -2.386406 5.215008 -1.588879 1.137191 -0.560413
    72 6.289963 0.932404 13.569109 -0.126801 -0.612098 -2.869612
    73 -1.327759 -0.766682 12.396324 0.016469 0.011371 -0.161875
    74 0.000017 -54.999996 0.000000 0.000000 0.000000 -1.570796
  time 15
    0 0.000000 0.000000 -1.500000 0.000000 0.000000 0.000000
    1 -10.521344 -5.760963 66.994621 3.097005 -0.050653 -3.139334
    2 -11.027309 0.059862 28.518258 -0.168374 0.849315 0.513758
    3 -0.000034 0.000012 24.761454 -0.775079 -0.089994 -0.249433
    4 0.000017 0.000000 24.344809 2.099338 -0.851267 -0.476080
    5 0.002333 -1.019846 24.031336 0.389660 -0.042710 0.017213
    6 0.000034 0.000008 13.404741 -0.000001 -0.000009 -0.184717
    7 10.398263 -5.760962 66.994675 3.097005 0.050653 3.139334
    8 -0.812691 -14.326617 35.148193 0.133971 -0.605915 1.016000
    9 -0.000004 -0.000006 24.761459 -2.322140 0.268811 -1.033570
    10 -0.000007 0.000004 24.344891 2.724757 -0.014684 0.016634
    11 -0.002360 -1.019903 24.031330 0.389594 -0.042695 -0.017219
    12 0.000000 -0.000002 13.404737 0.000001 0.000005 -0.514194
    13 -0.061540 -5.245835 72.927078 0.000000 0.000000 0.000000
    14 5.853065 -9.090890 -33.036167 0.389664 0.503532 -0.946025
    15 0.000000 -0.005608 -1.146812 -0.000920 -0.104325 0.204122
    16 0.030770 -0.240000 8.906021 -0.004138 0.000000 0.000000
    17 1.550852 -1.260901 -0.269938 0.191546 0.254093 0.025284
    18 0.030770 -0.276858 8.905140 0.056125 0.004134 -0.000049
    19 -0.098925 -0.561641 0.018356 0.261048 0.025612 0.008041
    20 5.669724 4.435303 14.302868 2.101902 -1.019666 1.124997
    21 -1.044571 -2.839317 19.743267 -0.178970 -0.206643 0.083767
    22 2.655533 -1.533369 24.792658 -0.196591 0.080774 -0.724027
    23 1.120163 -0.154394 9.796035 -0.038212 -0.001124 -0.332858
    24 2.240311 -0.308786 19.592051 -0.570694 0.168038 -0.594173
    25 0.683151 2.877354 14.167051 -1.565744 -0.039385 1.476204
    26 0.144936 -0.145374 7.579252 -1.768042 -0.243277 0.235278
    27 0.091660 -0.906685 4.702850 -1.587439 -0.182555 0.191106
    28 0.506271 8.500866 13.617253 -1.493844 -0.259563 1.406747
    29 -0.384987 -0.460049 7.003448 -1.747476 -0.440889 0.551348
    30 0.561516 -0.596954 5.061852 -1.494407 -0.380557 0.386314
    31 -2.452171 -8.899406 11.597897 -1.703311 -0.228403 1.269243
    32 0.680496 -0.903999 6.074253 -1.628017 0.173820 -0.014245
    33 0.245514 -0.661150 3.388004 -1.484476 0.109547 -0.099061
    34 -0.717484 -3.784271 13.043911 -1.593590 -0.028658 1.464722
    35 1.099216 -1.407745 8.017889 -1.782123 0.031970 -0.017456
    36 0.068439 -0.807653 3.686054 -1.465861 0.033996 -0.009728
    37 -4.004929 6.172707 4.754754 0.109464 1.126798 2.530885
    38 0.158352 -1.149811 5.804394 -1.155128 -0.401825 0.137936
    39 -1.083523 -1.463142 5.544399 -1.824672 -0.082077 0.007923
    40 -6.289886 0.932434 13.569063 -0.126803 0.612110 2.869610
    41 1.327774 -0.766687 12.396328 -0.040762 0.014744 -0.352730
    42 -0.096140 1.828087 23.185329 -0.357762 -0.390895 -0.992751
    43 2.325478 -0.000003 6.169296 -0.748776 0.051329 2.063170
    44 0.000000 -3.152912 0.122169 1.961017 0.000000 0.000000
    45 1.931691 -10.240303 6.972585 0.292219 -1.282324 -3.141588
    46 0.335948 0.000000 1.443494 0.547137 -0.343566 0.107833
    47 2.479414 -8.323895 6.074242 -0.008855 0.007342 1.561876
    48 -0.000006 -5.074219 5.929688 0.000000 0.000000 0.000000
    49 -1.068383 -10.478611 7.065971 0.292219 1.282324 3.141588
    50 -0.000488 0.000015 2.279600 0.547136 0.343566 0.107835
    51 -2.479401 -8.323895 6.074234 0.008854 0.007354 1.579716
    52 -5.790000 4.432083 14.255558 -4.511385 1.113013 -1.733299
    53 1.044540 -2.839314 19.743252 -0.141142 0.548826 -0.078574
    54 -2.655510 -1.533379 24.792648 -1.079156 -0.082206 -0.371398
    55 -1.120216 -0.154385 9.795983 -0.052977 0.005063 0.465291
    56 -2.240372 -0.308788 19.592047 -0.258965 0.234999 0.877266
    57 -0.683205 2.877342 14.167089 -1.654172 0.293460 -1.629876
    58 -0.144958 -0.145317 7.579308 -1.541365 0.304893 -0.166486
    59 -0.038551 -0.936644 4.697678 -2.189714 0.238609 -0.365128
    60 -0.506317 8.500896 13.617329 -1.647336 0.212855 -1.655049
    61 0.385056 -0.460075 7.003435 -1.471905 0.596196 -0.385484
    62 -0.456360 -0.710276 5.057732 -1.989928 0.545818 -0.699362
    63 2.452194 -8.899408 11.597939 -1.584823 0.130200 -1.204926
    64 -0.680515 -0.903999 6.074242 -1.453600 -0.173890 -0.003171
    65 -0.248295 -0.666843 3.386627 -1.668562 -0.122147 0.124610
    66 0.717491 -3.784309 13.044010 -1.737952 0.022187 -1.478072
    67 -1.099228 -1.407673 8.017876 -1.769453 -0.025253 0.018249
    68 -0.064053 -0.807640 3.686100 -1.839860 -0.037732 0.018150
    69 4.004906 6.172710 4.754800 -0.720387 -0.940337 -1.497089
    70 -0.158381 -1.149773 5.804405 -0.709818 0.935916 0.421637
    71 1.078559 -2.386406 5.215008 -1.588879 1.137191 -0.560413
    72 6.289963 0.932404 13.569109 -0.126801 -0.612098 -2.869612
    73 -1.327759 -0.766682 12.396324 0.013162 0.008758 -0.127824
    74 0.000017 -54.999996 0.000000 0.000000 0.000000 -1.570796
  time 16
    0 0.000000 0.000000 -1.500000 0.000000 0.000000 0.000000
    1 -10.521344 -5.760963 66.994621 3.097005 -0.050653 -3.139334
    2 -10.910118 0.194908 28.428559 -0.151704 0.847061 0.528088
    3 -0.000034 0.000012 24.761454 -0.786421 -0.091312 -0.255174
    4 0.000017 0.000000 24.344809 2.102297 -0.845382 -0.477765
    5 0.002333 -1.019846 24.031336 0.389660 -0.042710 0.017201
    6 0.000034 0.000008 13.404741 -0.000001 -0.000009 -0.187227
    7 10.398263 -5.760962 66.994675 3.097005 0.050653 3.139334
    8 -0.648624 -14.164255 35.215633 0.135165 -0.614109 1.016000
    9 -0.000004 -0.000006 24.761459 -2.325880 0.269242 -1.027900
    10 -0.000007 0.000004 24.344891 2.723208 -0.010351 0.024474
    11 -0.002360 -1.019903 24.031330 0.389594 -0.042695 -0.017219
    12 0.000000 -0.000002 13.404737 0.000001 0.000005 -0.506465
    13 -0.061540 -5.245835 72.927078 0.000000 0.000000 0.000000
    14 5.759312 -8.939496 -33.036167 0.387712 0.500522 -0.954553
    15 0.000000 -0.005608 -1.146812 -0.008448 -0.091337 0.205535
    16 0.030770 -0.240000 8.906021 -0.004138 0.000000 0.000000
    17 1.621166 -1.198399 -0.273844 0.163158 0.282440 -0.036893
    18 0.030770 -0.276858 8.905140 0.056125 0.004134 -0.000049
    19 -0.227835 -0.620237 0.018356 0.276775 -0.014790 -0.002494
    20 5.669724 4.435303 14.302868 2.220290 -1.026149 1.067593
    21 -1.044571 -2.839317 19.743267 -0.148933 -0.260966 0.082865
    22 2.655533 -1.533369 24.792658 -0.185525 0.080313 -0.711088
    23 1.120163 -0.154394 9.796035 -0.036486 -0.000800 -0.317509
    24 2.240311 -0.308786 19.592051 -0.488836 0.171445 -0.586616
    25 0.683151 2.877354 14.167051 -1.565689 -0.039361 1.476204
    26 0.144936 -0.145374 7.579252 -1.768042 -0.243277 0.235278
    27 0.091660 -0.906685 4.702850 -1.587439 -0.182555 0.191106
    28 0.506271 8.500866 13.617253 -1.493844 -0.259563 1.406747
    29 -0.384987 -0.460049 7.003448 -1.747476 -0.440889 0.551348
    30 0.561516 -0.596954 5.061852 -1.494372 -0.380557 0.386326
    31 -2.452171 -8.899406 11.597897 -1.703260 -0.228403 1.269243
    32 0.680496 -0.903999 6.074253 -1.628017 0.173820 -0.014245
    33 0.245514 -0.661150 3.388004 -1.484476 0.109547 -0.099061
    34 -0.717484 -3.784271 13.043911 -1.593590 -0.028634 1.464722
    35 1.099216 -1.407745 8.017889 -1.782123 0.031970 -0.017456
    36 0.068439 -0.807653 3.686054 -1.465861 0.033996 -0.009740
    37 -4.004929 6.172707 4.754754 0.109464 1.126798 2.530885
    38 0.158352 -1.149811 5.804394 -1.155128 -0.401825 0.137936
    39 -1.083523 -1.463142 5.544399 -1.824672 -0.082077 0.007923
    40 -6.289886 0.932434 13.569063 -0.126803 0.612110 2.869610
    41 1.327774 -0.766687 12.396328 -0.039923 0.014588 -0.345750
    42 -0.096140 1.828087 23.185329 -0.392724 -0.373974 -0.965939
    43 2.325478 -0.000003 6.169296 -0.731538 0.083030 2.106395
    44 0.000000 -3.152912 0.122169 1.961017 0.000000 0.000000
    45 1.927784 -10.240303 6.972585 0.292219 -1.282324 -3.141588
    46 0.335948 0.000000 1.443494 0.547137 -0.343566 0.107833
    47 2.479414 -8.323895 6.074242 -0.008855 0.007342 1.561876
    48 -0.000006 -5.074219 5.929688 0.000000 0.000000 0.000000
    49 -1.068383 -10.478611 7.065971 0.292219 1.282324 3.141588
    50 -0.000488 0.000015 2.279600 0.547136 0.343566 0.107835
    51 -2.479401 -8.323895 6.074234 0.008854 0.007354 1.579716
    52 -5.790000 4.432083 14.255558 -4.609735 1.161653 -1.761948
    53 1.044540 -2.839314 19.743252 -0.173478 0.555440 -0.085078
    54 -2.655510 -1.533379 24.792648 -1.071104 -0.088341 -0.290821
    55 -1.120216 -0.154385 9.795983 -0.053061 0.005099 0.466080
    56 -2.240372 -0.308788 19.592047 -0.250641 0.233712 0.881562
    57 -0.683205 2.877342 14.167089 -1.654172 0.293460 -1.629876
    58 -0.144958 -0.145317 7.579308 -1.541365 0.304893 -0.166486
    59 -0.038551 -0.936644 4.697678 -2.189714 0.238609 -0.365128
    60 -0.506317 8.500896 13.617329 -1.647336 0.212829 -1.655049
    61 0.385056 -0.460075 7.003435 -1.471905 0.596196 -0.385484
    62 -0.456360 -0.710276 5.057732 -1.989928 0.545818 -0.699362
    63 2.452194 -8.899408 11.597939 -1.584823 0.130200 -1.204926
    64 -0.680515 -0.903999 6.074242 -1.453600 -0.173890 -0.003171
    65 -0.248295 -0.666843 3.386627 -1.668562 -0.122135 0.124610
    66 0.717491 -3.784309 13.044010 -1.737952 0.022187 -1.478072
    67 -1.099228 -1.407673 8.017876 -1.769509 -0.025253 0.018249
    68 -0.064053 -0.807640 3.686100 -1.839860 -0.037732 0.018150
    69 4.004906 6.172710 4.754800 -0.720387 -0.940337 -1.497089
    70 -0.158381 -1.149773 5.804405 -0.709818 0.935861 0.421637
    71 1.078559 -2.386406 5.215008 -1.588879 1.137191 -0.560413
    72 6.289963 0.932404 13.569109 -0.126801 -0.612098 -2.869612
    73 -1.327759 -0.766682 12.396324 0.009123 0.005810 -0.087481
    74 0.000017 -54.999996 0.000000 0.000000 0.000000 -1.570796
  time 17
    0 0.000000 0.000000 -1.500000 0.000000 0.000000 0.000000
    1 -10.521344 -5.760963 66.994621 3.097005 -0.050653 -3.139334
    2 -10.652297 0.845589 28.473409 -0.081677 0.840826 0.576715
    3 -0.000034 0.000012 24.761454 -0.848251 -0.098479 -0.275411
    4 0.000017 0.000000 24.344809 2.128497 -0.823562 -0.496649
    5 0.002333 -1.019846 24.031336 0.389660 -0.042710 0.017201
    6 0.000034 0.000008 13.404741 -0.000001 -0.000009 -0.202752
    7 10.398263 -5.760962 66.994675 3.097005 0.050653 3.139334
    8 -0.148608 -13.764595 35.170673 0.127658 -0.640191 1.031678
    9 -0.000004 -0.000006 24.761459 -2.324175 0.269051 -1.022589
    10 -0.000007 0.000004 24.344891 2.706815 0.001737 0.050853
    11 -0.002360 -1.019903 24.031330 0.389594 -0.042695 -0.017219
    12 0.000000 -0.000002 13.404737 0.000001 0.000005 -0.494807
    13 -0.061540 -5.245835 72.927078 0.000000 0.000000 0.000000
    14 5.380394 -8.357211 -32.991105 0.378527 0.486052 -0.980256
    15 0.000000 -0.005608 -1.146812 -0.016295 -0.077833 0.206812
    16 0.030770 -0.240000 8.906021 -0.004138 0.000000 0.000000
    17 1.683668 -1.139804 -0.273844 0.130666 0.308926 -0.105818
    18 0.030770 -0.276858 8.905140 0.056125 0.004134 -0.000049
    19 -0.360651 -0.678833 0.010544 0.295005 -0.056591 -0.015054
    20 5.669724 4.435303 14.302868 2.325088 -1.030307 1.017855
    21 -1.044571 -2.839317 19.743267 -0.111949 -0.330736 0.079086
    22 2.655533 -1.533369 24.792658 -0.175891 0.079852 -0.693215
    23 1.120163 -0.154394 9.796035 -0.034557 -0.000477 -0.300469
    24 2.240311 -0.308786 19.592051 -0.399188 0.172366 -0.572532
    25 0.683151 2.877354 14.167051 -1.565689 -0.039385 1.476204
    26 0.144936 -0.145374 7.579252 -1.768042 -0.243277 0.235266
    27 0.091660 -0.906685 4.702850 -1.587439 -0.182555 0.191106
    28 0.506271 8.500866 13.617253 -1.493844 -0.259563 1.406747
    29 -0.384987 -0.460049 7.003448 -1.747476 -0.440889 0.551348
    30 0.561516 -0.596954 5.061852 -1.494372 -0.380557 0.386314
    31 -2.452171 -8.899406 11.597897 -1.703260 -0.228403 1.269243
    32 0.680496 -0.903999 6.074253 -1.628017 0.173820 -0.014245
    33 0.245514 -0.661150 3.388004 -1.484476 0.109547 -0.099061
    34 -0.717484 -3.784271 13.043911 -1.593590 -0.028658 1.464722
    35 1.099216 -1.407745 8.017889 -1.782123 0.031970 -0.017456
    36 0.068439 -0.807653 3.686054 -1.465861 0.033996 -0.009740
    37 -4.004929 6.172707 4.754754 0.109464 1.126798 2.530885
    38 0.158352 -1.149811 5.804394 -1.155128 -0.401825 0.137936
    39 -1.083523 -1.463142 5.544399 -1.824672 -0.082077 0.007923
    40 -6.289886 0.932434 13.569063 -0.126803 0.612110 2.869610
    41 1.327774 -0.766687 12.396328 -0.038700 0.014385 -0.335807
    42 -0.096140 1.828087 23.185329 -0.426008 -0.351285 -0.940503
    43 2.325478 -0.000003 6.169296 -0.707901 0.111924 2.152694
    44 0.000000 -3.152912 0.122169 1.961017 0.000000 0.000000
    45 1.927784 -10.240303 6.968678 0.292219 -1.282324 -3.141588
    46 0.335948 0.000000 1.443494 0.547137 -0.343566 0.107833
    47 2.479414 -8.323895 6.074242 -0.008855 0.007342 1.561876
    48 -0.000006 -5.074219 5.929688 0.000000 0.000000 0.000000
    49 -1.068383 -10.478611 7.065971 0.292219 1.282324 3.141588
    50 -0.000488 0.000015 2.279600 0.547136 0.343566 0.107835
    51 -2.479401 -8.323895 6.074234 0.008854 0.007354 1.579716
    52 -5.790000 4.432083 14.255558 -4.728023 1.214197 -1.805448
    53 1.044540 -2.839314 19.743252 -0.205258 0.552218 -0.091202
    54 -2.655510 -1.533379 24.792648 -1.064662 -0.094644 -0.201535
    55 -1.120216 -0.154385 9.795983 -0.053097 0.005111 0.466406
    56 -2.240372 -0.308788 19.592047 -0.241095 0.231633 0.885342
    57 -0.683205 2.877342 14.167089 -1.654172 0.293460 -1.629889
    58 -0.144958 -0.145317 7.579308 -1.541365 0.304893 -0.166486
    59 -0.038551 -0.936644 4.697678 -2.189714 0.238609 -0.365128
    60 -0.506317 8.500896 13.617329 -1.647336 0.212855 -1.655094
    61 0.385056 -0.460075 7.003435 -1.471905 0.596196 -0.385484
    62 -0.456360 -0.710276 5.057732 -1.989928 0.545818 -0.699362
    63 2.452194 -8.899408 11.597939 -1.584823 0.130200 -1.204949
    64 -0.680515 -0.903999 6.074242 -1.453600 -0.173890 -0.003171
    65 -0.248295 -0.666843 3.386627 -1.668562 -0.122147 0.124610
    66 0.717491 -3.784309 13.044010 -1.737952 0.022187 -1.478072
    67 -1.099228 -1.407673 8.017876 -1.769453 -0.025241 0.018261
    68 -0.064053 -0.807640 3.686100 -1.839860 -0.037732 0.018150
    69 4.004906 6.172710 4.754800 -0.720387 -0.940337 -1.497089
    70 -0.158381 -1.149773 5.804405 -0.709853 0.935861 0.421637
    71 1.078559 -2.386406 5.215008 -1.588879 1.137191 -0.560413
    72 6.289963 0.932404 13.569109 -0.126801 -0.612098 -2.869612
    73 -1.327759 -0.766682 12.396324 0.004485 0.002718 -0.042466
    74 0.000017 -54.999996 0.000000 0.000000 0.000000 -1.570796
  time 18
    0 0.000000 0.000000 -1.500000 0.000000 0.000000 0.000000
    1 -10.521344 -5.760963 66.994621 3.097005 -0.050653 -3.139334
    2 -10.164001 2.343382 28.630380 0.065550 0.819588 0.678032
    3 -0.000034 0.000012 24.761454 -0.978294 -0.113519 -0.317717
    4 0.000017 0.000000 24.344809 2.177383 -0.777817 -0.531024
    5 0.002333 -1.019846 24.031336 0.389660 -0.042710 0.017201
    6 0.000034 0.000008 13.404741 -0.000001 -0.000009 -0.238358
    7 10.398263 -5.760962 66.994675 3.097005 0.050653 3.139334
    8 0.859235 -12.902828 34.855950 0.106672 -0.697769 1.069966
    9 -0.000004 -0.000006 24.761459 -2.310095 0.267433 -1.016308
    10 -0.000007 0.000004 24.344891 2.660346 0.026246 0.106867
    11 -0.002360 -1.019903 24.031330 0.389594 -0.042695 -0.017219
    12 0.000000 -0.000002 13.404737 0.000001 0.000005 -0.475635
    13 -0.061540 -5.245835 72.927078 0.000000 0.000000 0.000000
    14 4.560057 -6.983019 -32.743263 0.357372 0.451867 -1.031001
    15 0.000000 -0.005608 -1.146812 -0.024110 -0.064328 0.207872
    16 0.030770 -0.240000 8.906021 -0.004138 0.000000 0.000000
    17 1.742264 -1.077302 -0.269938 0.095502 0.332082 -0.178457
    18 0.030770 -0.276858 8.905140 0.056125 0.004134 -0.000049
    19 -0.485655 -0.753054 -0.005082 0.316560 -0.096973 -0.029327
    20 5.669724 4.435303 14.302868 2.417061 -1.033302 0.975114
    21 -1.044571 -2.839317 19.743267 -0.071981 -0.409690 0.071528
    22 2.655533 -1.533369 24.792658 -0.167602 0.079314 -0.671299
    23 1.120163 -0.154394 9.796035 -0.032519 -0.000141 -0.282705
    24 2.240311 -0.308786 19.592051 -0.306276 0.169281 -0.552513
    25 0.683151 2.877354 14.167051 -1.565689 -0.039385 1.476204
    26 0.144936 -0.145374 7.579252 -1.768042 -0.243277 0.235266
    27 0.091660 -0.906685 4.702850 -1.587439 -0.182555 0.191106
    28 0.506271 8.500866 13.617253 -1.493844 -0.259563 1.406747
    29 -0.384987 -0.460049 7.003448 -1.747476 -0.440889 0.551348
    30 0.561516 -0.596954 5.061852 -1.494372 -0.380557 0.386314
    31 -2.452171 -8.899406 11.597897 -1.703311 -0.228403 1.269243
    32 0.680496 -0.903999 6.074253 -1.628017 0.173820 -0.014245
    33 0.245514 -0.661150 3.388004 -1.484476 0.109547 -0.099061
    34 -0.717484 -3.784271 13.043911 -1.593590 -0.028658 1.464722
    35 1.099216 -1.407745 8.017889 -1.782123 0.031970 -0.017456
    36 0.068439 -0.807653 3.686054 -1.465861 0.033996 -0.009740
    37 -4.004929 6.172707 4.754754 0.109464 1.126798 2.530885
    38 0.158352 -1.149811 5.804394 -1.155128 -0.401825 0.137936
    39 -1.083523 -1.463142 5.544399 -1.824672 -0.082077 0.007923
    40 -6.289886 0.932434 13.569063 -0.126803 0.612110 2.869610
    41 1.327774 -0.766687 12.396328 -0.037082 0.014049 -0.322399
    42 -0.096140 1.828087 23.185329 -0.456501 -0.324772 -0.917085
    43 2.325478 -0.000003 6.169296 -0.679776 0.136681 2.200429
    44 0.000000 -3.152912 0.122169 1.961017 0.000000 0.000000
    45 1.931691 -10.244210 6.968678 0.292219 -1.282324 -3.141588
    46 0.339854 0.000000 1.443494 0.547137 -0.343566 0.107833
    47 2.479414 -8.323895 6.074242 -0.008855 0.007342 1.561876
    48 -0.000006 -5.074219 5.929688 0.000000 0.000000 0.000000
    49 -1.068383 -10.478611 7.065971 0.292219 1.282324 3.141588
    50 -0.000488 0.000015 2.279600 0.547136 0.343566 0.107835
    51 -2.479401 -8.323895 6.074234 0.008854 0.007354 1.579716
    52 -5.790000 4.432083 14.255558 -4.868646 1.267987 -1.868878
    53 1.044540 -2.839314 19.743252 -0.232752 0.538354 -0.095447
    54 -2.655510 -1.533379 24.792648 -1.058472 -0.100546 -0.107024
    55 -1.120216 -0.154385 9.795983 -0.053109 0.005111 0.466542
    56 -2.240372 -0.308788 19.592047 -0.230862 0.228613 0.889037
    57 -0.683205 2.877342 14.167089 -1.654172 0.293460 -1.629876
    58 -0.144958 -0.145317 7.579308 -1.541365 0.304893 -0.166486
    59 -0.038551 -0.936644 4.697678 -2.189714 0.238609 -0.365128
    60 -0.506317 8.500896 13.617329 -1.647336 0.212855 -1.655049
    61 0.385056 -0.460075 7.003435 -1.471905 0.596196 -0.385484
    62 -0.456360 -0.710276 5.057732 -1.989928 0.545818 -0.699362
    63 2.452194 -8.899408 11.597939 -1.584823 0.130200 -1.204926
    64 -0.680515 -0.903999 6.074242 -1.453600 -0.173890 -0.003171
    65 -0.248295 -0.666843 3.386627 -1.668562 -0.122147 0.124610
    66 0.717491 -3.784309 13.044010 -1.737902 0.022187 -1.478072
    67 -1.099228 -1.407673 8.017876 -1.769509 -0.025241 0.018261
    68 -0.064053 -0.807640 3.686100 -1.839804 -0.037732 0.018150
    69 4.004906 6.172710 4.754800 -0.720387 -0.940337 -1.497089
    70 -0.158381 -1.149773 5.804405 -0.709818 0.935916 0.421637
    71 1.078559 -2.386406 5.215008 -1.588879 1.137191 -0.560413
    72 6.289963 0.932404 13.569109 -0.126801 -0.612098 -2.869612
    73 -1.327759 -0.766682 12.396324 -0.000561 -0.000326 0.005233
    74 0.000017 -54.999996 0.000000 0.000000 0.000000 -1.570796
  time 19
    0 0.000000 0.000000 -1.500000 0.000000 0.000000 0.000000
    1 -10.521344 -5.760963 66.994621 3.097005 -0.050653 -3.139334
    2 -9.535076 4.455024 28.832201 0.251037 0.771990 0.810587
    3 -0.000034 0.000012 24.761454 -1.136549 -0.131820 -0.376555
    4 0.000017 0.000000 24.344809 2.221337 -0.719260 -0.559285
    5 0.002333 -1.019846 24.031336 0.389660 -0.042710 0.017201
    6 0.000034 0.000008 13.404741 -0.000001 -0.000009 -0.288855
    7 10.398263 -5.760962 66.994675 3.097005 0.050653 3.139334
    8 2.257715 -11.641402 34.271466 0.069050 -0.779453 1.125747
    9 -0.000004 -0.000006 24.761459 -2.280452 0.263993 -1.009992
    10 -0.000007 0.000004 24.344891 2.585481 0.060287 0.183354
    11 -0.002360 -1.019903 24.031330 0.389594 -0.042695 -0.017219
    12 0.000000 -0.000002 13.404737 0.000001 0.000005 -0.449678
    13 -0.061540 -5.245835 72.927078 0.000000 0.000000 0.000000
    14 3.454554 -5.003251 -32.405296 0.328856 0.403178 -1.097600
    15 0.000000 -0.005608 -1.146812 -0.031574 -0.051341 0.208687
    16 0.030770 -0.240000 8.906021 -0.004138 0.000000 0.000000
    17 1.800859 -1.026519 -0.273844 0.059285 0.350883 -0.251616
    18 0.030770 -0.276858 8.905140 0.056125 0.004134 -0.000049
    19 -0.598940 -0.831181 -0.024614 0.341188 -0.133487 -0.044776
    20 5.669724 4.435303 14.302868 2.497263 -1.036050 0.937547
    21 -1.044571 -2.839317 19.743267 -0.032405 -0.491671 0.059994
    22 2.655533 -1.533369 24.792658 -0.160789 0.078699 -0.646148
    23 1.120163 -0.154394 9.796035 -0.030506 0.000134 -0.265148
    24 2.240311 -0.308786 19.592051 -0.214844 0.161591 -0.528261
    25 0.683151 2.877354 14.167051 -1.565689 -0.039385 1.476204
    26 0.144936 -0.145374 7.579252 -1.768042 -0.243277 0.235266
    27 0.091660 -0.906685 4.702850 -1.587439 -0.182555 0.191106
    28 0.506271 8.500866 13.617253 -1.493844 -0.259563 1.406747
    29 -0.384987 -0.460049 7.003448 -1.747476 -0.440889 0.551348
    30 0.561516 -0.596954 5.061852 -1.494372 -0.380557 0.386314
    31 -2.452171 -8.899406 11.597897 -1.703260 -0.228403 1.269243
    32 0.680496 -0.903999 6.074253 -1.628017 0.173820 -0.014245
    33 0.245514 -0.661150 3.388004 -1.484476 0.109547 -0.099061
    34 -0.717484 -3.784271 13.043911 -1.593590 -0.028646 1.464722
    35 1.099216 -1.407745 8.017889 -1.782123 0.031970 -0.017456
    36 0.068439 -0.807653 3.686054 -1.465861 0.033996 -0.009728
    37 -4.004929 6.172707 4.754754 0.109464 1.126798 2.530885
    38 0.158352 -1.149811 5.804394 -1.155128 -0.401825 0.137936
    39 -1.083523 -1.463142 5.544399 -1.824672 -0.082077 0.007923
    40 -6.289886 0.932434 13.569063 -0.126803 0.612110 2.869610
    41 1.327774 -0.766687 12.396328 -0.035057 0.013629 -0.305577
    42 -0.096140 1.828087 23.185329 -0.483536 -0.296124 -0.896296
    43 2.325478 -0.000003 6.169296 -0.649360 0.156373 2.247885
    44 0.000000 -3.152912 0.122169 1.961017 0.000000 0.000000
    45 1.931691 -10.240303 6.972585 0.292219 -1.282324 -3.141588
    46 0.335948 0.000000 1.443494 0.547137 -0.343566 0.107833
    47 2.479414 -8.323895 6.074242 -0.008855 0.007342 1.561876
    48 -0.000006 -5.074219 5.929688 0.000000 0.000000 0.000000
    49 -1.068383 -10.478611 7.065971 0.292219 1.282324 3.141588
    50 -0.000488 0.000015 2.279600 0.547136 0.343566 0.107835
    51 -2.479401 -8.323895 6.074234 0.008854 0.007354 1.579716
    52 -5.790000 4.432083 14.255558 -5.035726 1.320033 -1.959998
    53 1.044540 -2.839314 19.743252 -0.252900 0.515078 -0.097162
    54 -2.655510 -1.533379 24.792648 -1.050823 -0.105412 -0.011907
    55 -1.120216 -0.154385 9.795983 -0.053133 0.005123 0.466760
    56 -2.240372 -0.308788 19.592047 -0.220094 0.224752 0.892903
    57 -0.683205 2.877342 14.167089 -1.654172 0.293460 -1.629876
    58 -0.144958 -0.145317 7.579308 -1.541365 0.304893 -0.166486
    59 -0.038551 -0.936644 4.697678 -2.189714 0.238609 -0.365140
    60 -0.506317 8.500896 13.617329 -1.647336 0.212855 -1.655049
    61 0.385056 -0.460075 7.003435 -1.471905 0.596196 -0.385484
    62 -0.456360 -0.710276 5.057732 -1.989928 0.545818 -0.699362
    63 2.452194 -8.899408 11.597939 -1.584823 0.130200 -1.204926
    64 -0.680515 -0.903999 6.074242 -1.453600 -0.173890 -0.003171
    65 -0.248295 -0.666843 3.386627 -1.668562 -0.122147 0.124610
    66 0.717491 -3.784309 13.044010 -1.737952 0.022187 -1.478060
    67 -1.099228 -1.407673 8.017876 -1.769509 -0.025253 0.018249
    68 -0.064053 -0.807640 3.686100 -1.839804 -0.037732 0.018150
    69 4.004906 6.172710 4.754800 -0.720387 -0.940337 -1.497007
    70 -0.158381 -1.149773 5.804405 -0.709818 0.935861 0.421637
    71 1.078559 -2.386406 5.215008 -1.588831 1.137221 -0.560413
    72 6.289963 0.932404 13.569109 -0.126801 -0.612098 -2.869612
    73 -1.327759 -0.766682 12.396324 -0.005762 -0.003143 0.052886
    74 0.000017 -54.999996 0.000000 0.000000 0.000000 -1.570796
  time 20
    0 0.000000 0.000000 -1.500000 0.000000 0.000000 0.000000
    1 -10.521344 -5.760963 66.994621 3.097005 -0.050653 -3.139334
    2 -7.699082 12.606947 29.078871 0.735555 0.453752 1.156655
    3 -0.000034 0.000012 24.761454 -1.571150 -0.182071 -0.579209
    4 0.000017 0.000000 24.344809 2.222077 -0.537322 -0.543578
    5 0.002333 -1.019846 24.031336 0.389660 -0.042698 0.017201
    6 0.000034 0.000008 13.404741 -0.000001 -0.000009 -0.468803
    7 10.398263 -5.760962 66.994675 3.097005 0.050653 3.139334
    8 7.168021 -6.058653 31.483925 -0.161031 -1.068183 1.356133
    9 -0.000004 -0.000006 24.761459 -2.090986 0.242133 -1.023127
    10 -0.000007 0.000004 24.344891 2.225285 0.184676 0.413108
    11 -0.002360 -1.019903 24.031330 0.389594 -0.042695 -0.017219
    12 0.000000 -0.000002 13.404737 0.000001 0.000005 -0.361460
    13 -0.061540 -5.245835 72.927078 0.000000 0.000000 0.000000
    14 -0.053365 2.904175 -30.557746 0.234987 0.227071 -1.314213
    15 0.000000 -0.005608 -1.146812 -0.048830 -0.021367 0.209883
    16 0.030770 -0.240000 8.906021 -0.004138 0.000000 0.000000
    17 1.921957 -0.909328 -0.262125 -0.034697 0.380724 -0.436189
    18 0.030770 -0.276858 8.905140 0.056125 0.004134 -0.000049
    19 -0.821603 -1.046031 -0.091022 0.417003 -0.204376 -0.087872
    20 5.669724 4.435303 14.302868 2.680922 -1.050250 0.838647
    21 -1.044571 -2.839317 19.743267 0.053157 -0.694093 0.018426
    22 2.655533 -1.533369 24.792658 -0.147249 0.076547 -0.558321
    23 1.120163 -0.154394 9.796035 -0.025580 0.000650 -0.222066
    24 2.240311 -0.308786 19.592051 0.002183 0.118861 -0.455704
    25 0.683151 2.877354 14.167051 -1.565689 -0.039385 1.476204
    26 0.144936 -0.145374 7.579252 -1.768042 -0.243277 0.235266
    27 0.091660 -0.906685 4.702850 -1.587439 -0.182567 0.191118
    28 0.506271 8.500866 13.617253 -1.493844 -0.259563 1.406747
    29 -0.384987 -0.460049 7.003448 -1.747476 -0.440889 0.551348
    30 0.561516 -0.596954 5.061852 -1.494443 -0.380569 0.386350
    31 -2.452171 -8.899406 11.597897 -1.703362 -0.228463 1.269081
    32 0.680496 -0.903999 6.074253 -1.628334 0.173844 -0.014233
    33 0.245514 -0.661150 3.388004 -1.484157 0.109559 -0.099193
    34 -0.717484 -3.784271 13.043911 -1.593546 -0.028658 1.464722
    35 1.099216 -1.407745 8.017889 -1.782123 0.031970 -0.017456
    36 0.068439 -0.807653 3.686054 -1.465861 0.033996 -0.009728
    37 -4.004929 6.172707 4.754754 0.109464 1.126798 2.530885
    38 0.158352 -1.149811 5.804394 -1.155128 -0.401825 0.137936
    39 -1.083523 -1.463142 5.544399 -1.824672 -0.082041 0.007965
    40 -6.289886 0.932434 13.569063 -0.126803 0.612110 2.869610
    41 1.327774 -0.766687 12.396328 -0.027447 0.011664 -0.241853
    42 -0.096140 1.828087 23.185329 -0.540224 -0.218528 -0.852120
    43 2.325478 -0.000003 6.169296 -0.565605 0.184081 2.364630
    44 0.000000 -3.152912 0.122169 1.961017 0.000000 0.000000
    45 1.068383 -10.478592 7.066338 0.292219 -1.282324 -3.141588
    46 0.000000 0.000000 2.279457 0.547137 -0.343566 0.107833
    47 2.479414 -8.323895 6.074242 -0.008855 0.007342 1.561876
    48 -0.000006 -5.074219 5.929688 0.000000 0.000000 0.000000
    49 -1.068383 -10.478611 7.065971 0.292219 1.282324 3.141588
    50 -0.000488 0.000015 2.279600 0.547136 0.343566 0.107835
    51 -2.479401 -8.323895 6.074234 0.008854 0.007354 1.579716
    52 -5.790000 4.432083 14.255558 -5.760410 1.435132 -2.500205
    53 1.044540 -2.839314 19.743252 -0.259634 0.425832 -0.091610
    54 -2.655510 -1.533379 24.792648 -1.001504 -0.110952 0.231263
    55 -1.120216 -0.154385 9.795983 -0.053528 0.005279 0.470459
    56 -2.240372 -0.308788 19.592047 -0.187409 0.208069 0.910603
    57 -0.683205 2.877342 14.167089 -1.654271 0.293421 -1.629953
    58 -0.144958 -0.145317 7.579308 -1.541365 0.304893 -0.166486
    59 -0.038551 -0.936644 4.697678 -2.189566 0.238573 -0.365176
    60 -0.506317 8.500896 13.617329 -1.647336 0.212855 -1.655049
    61 0.385056 -0.460075 7.003435 -1.471905 0.596196 -0.385484
    62 -0.456360 -0.710276 5.057732 -1.989928 0.545818 -0.699362
    63 2.452194 -8.899408 11.597939 -1.584863 0.130130 -1.205021
    64 -0.680515 -0.903999 6.074242 -1.453600 -0.173890 -0.003171
    65 -0.248295 -0.666843 3.386627 -1.668478 -0.122195 0.124526
    66 0.717491 -3.784309 13.044010 -1.737952 0.022187 -1.478072
    67 -1.099228 -1.407673 8.017876 -1.769453 -0.025241 0.018249
    68 -0.064053 -0.807640 3.686100 -1.839860 -0.037744 0.018150
    69 4.004906 6.172710 4.754800 -0.720236 -0.940295 -1.497252
    70 -0.158381 -1.149773 5.804405 -0.709818 0.935861 0.421637
    71 1.078559 -2.386406 5.215008 -1.588926 1.137129 -0.560559
    72 6.289963 0.932404 13.569109 -0.126801 -0.612098 -2.869612
    73 -1.327759 -0.766682 12.396324 -0.019149 -0.008967 0.171139
    74 0.000017 -54.999996 0.000000 0.000000 0.000000 -1.570796
  time 21
    0 0.000000 0.000000 -1.500000 0.000000 0.000000 0.000000
    1 -10.521344 -5.760963 66.994621 3.097005 -0.050653 -3.139334
    2 -7.699082 12.606947 29.078871 0.735555 0.453752 1.156655
    3 -0.000034 0.000012 24.761454 -1.571150 -0.182071 -0.579209
    4 0.000017 0.000000 24.344809 2.222077 -0.537322 -0.543578
    5 0.002333 -1.019846 24.031336 0.389660 -0.042698 0.017201
    6 0.000034 0.000008 13.404741 -0.000001 -0.000009 -0.468803
    7 10.398263 -5.760962 66.994675 3.097005 0.050653 3.139334
    8 7.168021 -6.058653 31.483925 -0.161031 -1.068183 1.356133
    9 -0.000004 -0.000006 24.761459 -2.090986 0.242133 -1.023127
    10 -0.000007 0.000004 24.344891 2.225285 0.184676 0.413108
    11 -0.002360 -1.019903 24.031330 0.389594 -0.042695 -0.017219
    12 0.000000 -0.000002 13.404737 0.000001 0.000005 -0.361460
    13 -0.061540 -5.245835 72.927078 0.000000 0.000000 0.000000
    14 -0.053365 2.904175 -30.557746 0.234987 0.227071 -1.314213
    15 0.000000 -0.005608 -1.146812 -0.048830 -0.021367 0.209883
    16 0.030770 -0.240000 8.906021 -0.004138 0.000000 0.000000
    17 1.921957 -0.909328 -0.262125 -0.034697 0.380724 -0.436189
    18 0.030770 -0.276858 8.905140 0.056125 0.004134 -0.000049
    19 -0.821603 -1.046031 -0.091022 0.417003 -0.204376 -0.087872
    20 5.669724 4.435303 14.302868 2.680922 -1.050250 0.838647
    21 -1.044571 -2.839317 19.743267 0.053157 -0.694093 0.018426
    22 2.655533 -1.533369 24.792658 -0.147249 0.076547 -0.558321
    23 1.120163 -0.154394 9.796035 -0.025580 0.000650 -0.222066
    24 2.240311 -0.308786 19.592051 0.002183 0.118861 -0.455704
    25 0.683151 2.877354 14.167051 -1.565689 -0.039385 1.476204
    26 0.144936 -0.145374 7.579252 -1.768042 -0.243277 0.235266
    27 0.091660 -0.906685 4.702850 -1.587439 -0.182567 0.191118
    28 0.506271 8.500866 13.617253 -1.493844 -0.259563 1.406747
    29 -0.384987 -0.460049 7.003448 -1.747476 -0.440889 0.551348
    30 0.561516 -0.596954 5.061852 -1.494443 -0.380569 0.386350
    31 -2.452171 -8.899406 11.597897 -1.703362 -0.228463 1.269081
    32 0.680496 -0.903999 6.074253 -1.628334 0.173844 -0.014233
    33 0.245514 -0.661150 3.388004 -1.484157 0.109559 -0.099193
    34 -0.717484 -3.784271 13.043911 -1.593546 -0.028658 1.464722
    35 1.099216 -1.407745 8.017889 -1.782123 0.031970 -0.017456
    36 0.068439 -0.807653 3.686054 -1.465861 0.033996 -0.009728
    37 -4.004929 6.172707 4.754754 0.109464 1.126798 2.530885
    38 0.158352 -1.149811 5.804394 -1.155128 -0.401825 0.137936
    39 -1.083523 -1.463142 5.544399 -1.824672 -0.082041 0.007965
    40 -6.289886 0.932434 13.569063 -0.126803 0.612110 2.869610
    41 1.327774 -0.766687 12.396328 -0.027447 0.011664 -0.241853
    42 -0.096140 1.828087 23.185329 -0.540224 -0.218528 -0.852120
    43 2.325478 -0.000003 6.169296 -0.565605 0.184081 2.364630
    44 0.000000 -3.152912 0.122169 1.961017 0.000000 0.000000
    45 1.068383 -10.478592 7.066338 0.292219 -1.282324 -3.141588
    46 0.000000 0.000000 2.279457 0.547137 -0.343566 0.107833
    47 2.479414 -8.323895 6.074242 -0.008855 0.007342 1.561876
    48 -0.000006 -5.074219 5.929688 0.000000 0.000000 0.000000
    49 -1.068383 -10.478611 7.065971 0.292219 1.282324 3.141588
    50 -0.000488 0.000015 2.279600 0.547136 0.343566 0.107835
    51 -2.479401 -8.323895 6.074234 0.008854 0.007354 1.579716
    52 -5.790000 4.432083 14.255558 -5.760410 1.435132 -2.500205
    53 1.044540 -2.839314 19.743252 -0.259634 0.425832 -0.091610
    54 -2.655510 -1.533379 24.792648 -1.001504 -0.110952 0.231263
    55 -1.120216 -0.154385 9.795983 -0.053528 0.005279 0.470459
    56 -2.240372 -0.308788 19.592047 -0.187409 0.208069 0.910603
    57 -0.683205 2.877342 14.167089 -1.654271 0.293421 -1.629953
    58 -0.144958 -0.145317 7.579308 -1.541365 0.304893 -0.166486
    59 -0.038551 -0.936644 4.697678 -2.189566 0.238573 -0.365176
    60 -0.506317 8.500896 13.617329 -1.647336 0.212855 -1.655049
    61 0.385056 -0.460075 7.003435 -1.471905 0.596196 -0.385484
    62 -0.456360 -0.710276 5.057732 -1.989928 0.545818 -0.699362
    63 2.452194 -8.899408 11.597939 -1.584863 0.130130 -1.205021
    64 -0.680515 -0.903999 6.074242 -1.453600 -0.173890 -0.003171
    65 -0.248295 -0.666843 3.386627 -1.668478 -0.122195 0.124526
    66 0.717491 -3.784309 13.044010 -1.737952 0.022187 -1.478072
    67 -1.099228 -1.407673 8.017876 -1.769453 -0.025241 0.018249
    68 -0.064053 -0.807640 3.686100 -1.839860 -0.037744 0.018150
    69 4.004906 6.172710 4.754800 -0.720236 -0.940295 -1.497252
    70 -0.158381 -1.149773 5.804405 -0.709818 0.935861 0.421637
    71 1.078559 -2.386406 5.215008 -1.588926 1.137129 -0.560559
    72 6.289963 0.932404 13.569109 -0.126801 -0.612098 -2.869612
    73 -1.327759 -0.766682 12.396324 -0.019149 -0.008967 0.171139
    74 0.000017 -54.999996 0.000000 0.000000 0.000000 -1.570796
  time 22
    0 0.000000 0.000000 -1.500000 0.000000 0.000000 0.000000
    1 -10.521344 -5.760963 66.994621 3.097005 -0.050653 -3.139334
    2 -7.417824 15.356993 28.787352 0.838307 0.327659 1.215549
    3 -0.000034 0.000012 24.761454 -1.666761 -0.193133 -0.622696
    4 0.000017 0.000000 24.344809 2.171773 -0.487933 -0.508511
    5 0.002333 -1.019846 24.031336 0.389660 -0.042710 0.017201
    6 0.000034 0.000008 13.404741 -0.000001 -0.000009 -0.511306
    7 10.398263 -5.760962 66.994675 3.097005 0.050653 3.139334
    8 8.402434 -3.873013 30.337436 -0.260843 -1.146026 1.438402
    9 -0.000004 -0.000006 24.761459 -2.010689 0.232869 -1.049505
    10 -0.000007 0.000004 24.344891 2.084718 0.218028 0.454389
    11 -0.002360 -1.019903 24.031330 0.389594 -0.042695 -0.017219
    12 0.000000 -0.000002 13.404737 0.000001 0.000005 -0.345036
    13 -0.061540 -5.245835 72.927078 0.000000 0.000000 0.000000
    14 -0.779950 5.652559 -29.701564 0.208040 0.179620 -1.372825
    15 0.000000 -0.005608 -1.146812 -0.051861 -0.016191 0.209937
    16 0.030770 -0.240000 8.906021 -0.004138 0.000000 0.000000
    17 1.953208 -0.889796 -0.262125 -0.054309 0.384231 -0.473247
    18 0.030770 -0.276858 8.905140 0.056125 0.004134 -0.000049
    19 -0.856760 -1.092908 -0.102741 0.434661 -0.214065 -0.096944
    20 5.669724 4.435303 14.302868 2.729445 -1.058600 0.803092
    21 -1.044571 -2.839317 19.743267 0.060349 -0.727647 0.011911
    22 2.655533 -1.533369 24.792658 -0.144689 0.075702 -0.525567
    23 1.120163 -0.154394 9.796035 -0.024646 0.000734 -0.213891
    24 2.240311 -0.308786 19.592051 0.040523 0.105232 -0.440472
    25 0.683151 2.877354 14.167051 -1.565689 -0.039373 1.476204
    26 0.144936 -0.145374 7.579252 -1.768042 -0.243277 0.235266
    27 0.091660 -0.906685 4.702850 -1.587485 -0.182567 0.191118
    28 0.506271 8.500866 13.617253 -1.493844 -0.259563 1.406747
    29 -0.384987 -0.460049 7.003448 -1.747476 -0.440889 0.551348
    30 0.561516 -0.596954 5.061852 -1.494443 -0.380569 0.386350
    31 -2.452171 -8.899406 11.597897 -1.703362 -0.228463 1.269081
    32 0.680496 -0.903999 6.074253 -1.628334 0.173844 -0.014233
    33 0.245514 -0.661150 3.388004 -1.484157 0.109559 -0.099193
    34 -0.717484 -3.784271 13.043911 -1.593590 -0.028646 1.464722
    35 1.099216 -1.407745 8.017889 -1.782123 0.031970 -0.017456
    36 0.068439 -0.807653 3.686054 -1.465861 0.033996 -0.009728
    37 -4.004929 6.172707 4.754754 0.109464 1.126798 2.530885
    38 0.158352 -1.149811 5.804394 -1.155128 -0.401825 0.137936
    39 -1.083523 -1.463142 5.544399 -1.824672 -0.082041 0.007965
    40 -6.289886 0.932434 13.569063 -0.126803 0.612110 2.869610
    41 1.327774 -0.766687 12.396328 -0.024978 0.010933 -0.221064
    42 -0.096140 1.828087 23.185329 -0.550720 -0.202404 -0.844018
    43 2.325478 -0.000003 6.169296 -0.546649 0.184631 2.386183
    44 0.000000 -3.152912 0.122169 1.961017 0.000000 0.000000
    45 1.068383 -10.478592 7.066338 0.292219 -1.282324 -3.141588
    46 0.000000 0.000000 2.279457 0.547137 -0.343566 0.107833
    47 2.479414 -8.323895 6.074242 -0.008855 0.007342 1.561876
    48 -0.000006 -5.074219 5.929688 0.000000 0.000000 0.000000
    49 -1.068383 -10.478611 7.065971 0.292219 1.282324 3.141588
    50 -0.000488 0.000015 2.279600 0.547136 0.343566 0.107835
    51 -2.479401 -8.323895 6.074234 0.008854 0.007354 1.579716
    52 -5.790000 4.432083 14.255558 0.240664 1.452702 -2.748462
    53 1.044540 -2.839314 19.743252 -0.247167 0.405312 -0.089297
    54 -2.655510 -1.533379 24.792648 -0.970151 -0.109683 0.284046
    55 -1.120216 -0.154385 9.795983 -0.053888 0.005399 0.473588
    56 -2.240372 -0.308788 19.592047 -0.177405 0.200594 0.919882
    57 -0.683205 2.877342 14.167089 -1.654271 0.293421 -1.629953
    58 -0.144958 -0.145317 7.579308 -1.541365 0.304893 -0.166486
    59 -0.038551 -0.936644 4.697678 -2.189566 0.238573 -0.365176
    60 -0.506317 8.500896 13.617329 -1.647336 0.212855 -1.655049
    61 0.385056 -0.460075 7.003435 -1.471905 0.596196 -0.385484
    62 -0.456360 -0.710276 5.057732 -1.989928 0.545818 -0.699362
    63 2.452194 -8.899408 11.597939 -1.584863 0.130130 -1.205021
    64 -0.680515 -0.903999 6.074242 -1.453600 -0.173890 -0.003171
    65 -0.248295 -0.666843 3.386627 -1.668520 -0.122195 0.124526
    66 0.717491 -3.784309 13.044010 -1.737952 0.022187 -1.478072
    67 -1.099228 -1.407673 8.017876 -1.769453 -0.025241 0.018249
    68 -0.064053 -0.807640 3.686100 -1.839860 -0.037744 0.018150
    69 4.004906 6.172710 4.754800 -0.720236 -0.940295 -1.497252
    70 -0.158381 -1.149773 5.804405 -0.709818 0.935861 0.421637
    71 1.078559 -2.386406 5.215008 -1.588974 1.137129 -0.560559
    72 6.289963 0.932404 13.569109 -0.126801 -0.612098 -2.869612
    73 -1.327759 -0.766682 12.396324 -0.021941 -0.009974 0.195243
    74 0.000017 -54.999996 0.000000 0.000000 0.000000 -1.570796
  time 23
    0 0.000000 0.000000 -1.500000 0.000000 0.000000 0.000000
    1 -10.521344 -5.760963 66.994621 3.097005 -0.050653 -3.139334
    2 -7.480326 17.886053 28.204314 0.918787 0.221858 1.247398
    3 -0.000034 0.000012 24.761454 -1.724811 -0.199832 -0.639186
    4 0.000017 0.000000 24.344809 2.096872 -0.448571 -0.466530
    5 0.002333 -1.019846 24.031336 0.389585 -0.042710 0.017213
    6 0.000034 0.000008 13.404741 -0.000001 -0.000009 -0.532821
    7 10.398263 -5.760962 66.994675 3.097005 0.050653 3.139334
    8 9.078236 -1.687373 29.190947 -0.351528 -1.205762 1.514317
    9 -0.000004 -0.000006 24.761459 -1.938478 0.224540 -1.089555
    10 -0.000007 0.000004 24.344891 1.951056 0.238293 0.470216
    11 -0.002360 -1.019903 24.031330 0.389594 -0.042695 -0.017219
    12 0.000000 -0.000002 13.404737 0.000001 0.000005 -0.344371
    13 -0.061540 -5.245835 72.927078 0.000000 0.000000 0.000000
    14 -1.026051 8.168029 -28.732727 0.185381 0.149168 -1.417865
    15 0.000000 -0.005608 -1.146812 -0.052913 -0.014340 0.209964
    16 0.030770 -0.240000 8.906021 -0.004138 0.000000 0.000000
    17 1.972740 -0.870264 -0.262125 -0.064979 0.386244 -0.491816
    18 0.030770 -0.276858 8.905140 0.056125 0.004134 -0.000049
    19 -0.868479 -1.120252 -0.106647 0.444383 -0.217439 -0.101367
    20 5.669724 4.435303 14.302868 2.775192 -1.069206 0.762171
    21 -1.044571 -2.839317 19.743267 0.052570 -0.734744 0.013857
    22 2.655533 -1.533369 24.792658 -0.142779 0.074818 -0.491278
    23 1.120163 -0.154394 9.796035 -0.024226 0.000758 -0.210304
    24 2.240311 -0.308786 19.592051 0.055232 0.096391 -0.433469
    25 0.683151 2.877354 14.167051 -1.565689 -0.039373 1.476204
    26 0.144936 -0.145374 7.579252 -1.768042 -0.243277 0.235266
    27 0.091660 -0.906685 4.702850 -1.587439 -0.182567 0.191118
    28 0.506271 8.500866 13.617253 -1.493844 -0.259563 1.406747
    29 -0.384987 -0.460049 7.003448 -1.747476 -0.440889 0.551348
    30 0.561516 -0.596954 5.061852 -1.494443 -0.380569 0.386350
    31 -2.452171 -8.899406 11.597897 -1.703362 -0.228463 1.269081
    32 0.680496 -0.903999 6.074253 -1.628334 0.173844 -0.014233
    33 0.245514 -0.661150 3.388004 -1.484157 0.109559 -0.099193
    34 -0.717484 -3.784271 13.043911 -1.593590 -0.028646 1.464722
    35 1.099216 -1.407745 8.017889 -1.782123 0.031970 -0.017456
    36 0.068439 -0.807653 3.686054 -1.465861 0.033996 -0.009740
    37 -4.004929 6.172707 4.754754 0.109464 1.126798 2.530885
    38 0.158352 -1.149811 5.804394 -1.155128 -0.401825 0.137936
    39 -1.083523 -1.463142 5.544399 -1.824672 -0.082041 0.007965
    40 -6.289886 0.932434 13.569063 -0.126803 0.612110 2.869610
    41 1.327774 -0.766687 12.396328 -0.022857 0.010262 -0.203036
    42 -0.096140 1.828087 23.185329 -0.557020 -0.194533 -0.839402
    43 2.325478 -0.000003 6.169296 -0.534854 0.182258 2.394764
    44 0.000000 -3.152912 0.122169 1.961017 0.000000 0.000000
    45 1.068383 -10.478592 7.066338 0.292219 -1.282324 -3.141588
    46 0.000000 0.000000 2.279457 0.547137 -0.343566 0.107833
    47 2.479414 -8.323895 6.074242 -0.008855 0.007342 1.561876
    48 -0.000006 -5.074219 5.929688 0.000000 0.000000 0.000000
    49 -1.068383 -10.478611 7.065971 0.292219 1.282324 3.141588
    50 -0.000488 0.000015 2.279600 0.547136 0.343566 0.107835
    51 -2.479401 -8.323895 6.074234 0.008854 0.007354 1.579716
    52 -5.790000 4.432083 14.255558 0.020574 1.463045 -2.955615
    53 1.044540 -2.839314 19.743252 -0.230192 0.396578 -0.087473
    54 -2.655510 -1.533379 24.792648 -0.928431 -0.107173 0.316383
    55 -1.120216 -0.154385 9.795983 -0.054367 0.005567 0.478131
    56 -2.240372 -0.308788 19.592047 -0.168623 0.192228 0.931653
    57 -0.683205 2.877342 14.167089 -1.654271 0.293421 -1.629966
    58 -0.144958 -0.145317 7.579308 -1.541365 0.304893 -0.166486
    59 -0.038551 -0.936644 4.697678 -2.189566 0.238573 -0.365176
    60 -0.506317 8.500896 13.617329 -1.647336 0.212855 -1.655094
    61 0.385056 -0.460075 7.003435 -1.471905 0.596213 -0.385484
    62 -0.456360 -0.710276 5.057732 -1.989928 0.545818 -0.699362
    63 2.452194 -8.899408 11.597939 -1.584863 0.130130 -1.205021
    64 -0.680515 -0.903999 6.074242 -1.453600 -0.173890 -0.003171
    65 -0.248295 -0.666843 3.386627 -1.668478 -0.122195 0.124526
    66 0.717491 -3.784309 13.044010 -1.737952 0.022187 -1.478072
    67 -1.099228 -1.407673 8.017876 -1.769509 -0.025241 0.018249
    68 -0.064053 -0.807640 3.686100 -1.839804 -0.037744 0.018150
    69 4.004906 6.172710 4.754800 -0.720161 -0.940295 -1.497252
    70 -0.158381 -1.149773 5.804405 -0.709818 0.935861 0.421637
    71 1.078559 -2.386406 5.215008 -1.589022 1.137129 -0.560559
    72 6.289963 0.932404 13.569109 -0.126801 -0.612098 -2.869612
    73 -1.327759 -0.766682 12.396324 -0.023523 -0.010489 0.208752
    74 0.000017 -54.999996 0.000000 0.000000 0.000000 -1.570796
  time 24
    0 0.000000 0.000000 -1.500000 0.000000 0.000000 0.000000
    1 -10.521344 -5.760963 66.994621 3.097005 -0.050653 -3.139334
    2 -9.160064 21.348164 26.791568 1.041010 0.086413 1.292443
    3 -0.000034 0.000012 24.761454 -1.725868 -0.199952 -0.659627
    4 0.000017 0.000000 24.344809 1.916986 -0.418602 -0.415107
    5 0.002333 -1.019846 24.031336 0.389585 -0.042710 0.017213
    6 0.000034 0.000008 13.404741 -0.000001 -0.000009 -0.557964
    7 10.398263 -5.760962 66.994675 3.097005 0.050653 3.139334
    8 9.066517 1.185182 27.842137 -0.535883 -1.252219 1.695358
    9 -0.000004 -0.000006 24.761459 -1.863077 0.215839 -1.191656
    10 -0.000007 0.000004 24.344891 1.787384 0.243715 0.460673
    11 -0.002360 -1.019903 24.031330 0.389594 -0.042695 -0.017219
    12 0.000000 -0.000002 13.404737 0.000001 0.000005 -0.373805
    13 -0.061540 -5.245835 72.927078 0.000000 0.000000 0.000000
    14 -0.061178 11.347304 -27.245674 0.161794 0.132669 -1.453777
    15 0.000000 -0.005608 -1.146812 -0.052211 -0.013665 0.153141
    16 0.030770 -0.240000 8.906021 -0.004138 0.000000 0.000000
    17 1.992272 -0.831201 -0.262125 -0.075501 0.386244 -0.499444
    18 0.030770 -0.276858 8.905140 0.056125 0.004134 -0.000049
    19 -0.868479 -1.135878 -0.110554 0.449531 -0.217233 -0.103105
    20 5.669724 4.435303 14.302868 2.781508 -1.091227 0.732080
    21 -1.044571 -2.839317 19.743267 0.056631 -0.702755 0.016226
    22 2.655533 -1.533369 24.792658 -0.157187 0.072820 -0.428440
    23 1.120163 -0.154394 9.796035 -0.022848 0.000853 -0.198369
    24 2.240311 -0.308786 19.592051 -0.024668 0.063146 -0.401463
    25 0.683151 2.877354 14.167051 -1.565689 -0.039373 1.476204
    26 0.144936 -0.145374 7.579252 -1.768042 -0.243277 0.235266
    27 0.091660 -0.906685 4.702850 -1.587439 -0.182567 0.191118
    28 0.506271 8.500866 13.617253 -1.493844 -0.259563 1.406747
    29 -0.384987 -0.460049 7.003448 -1.747476 -0.440889 0.551348
    30 0.561516 -0.596954 5.061852 -1.494443 -0.380569 0.386350
    31 -2.452171 -8.899406 11.597897 -1.703362 -0.228463 1.269081
    32 0.680496 -0.903999 6.074253 -1.628334 0.173844 -0.014233
    33 0.245514 -0.661150 3.388004 -1.484157 0.109559 -0.099193
    34 -0.717484 -3.784271 13.043911 -1.593590 -0.028646 1.464722
    35 1.099216 -1.407745 8.017889 -1.782123 0.031970 -0.017456
    36 0.068439 -0.807653 3.686054 -1.465861 0.033996 -0.009728
    37 -4.004929 6.172707 4.754754 0.109464 1.126798 2.530885
    38 0.158352 -1.149811 5.804394 -1.155128 -0.401825 0.137936
    39 -1.083523 -1.463142 5.544399 -1.824672 -0.082041 0.007965
    40 -6.289886 0.932434 13.569063 -0.126803 0.612110 2.869610
    41 1.327774 -0.766687 12.396328 -0.019848 0.009207 -0.177426
    42 -0.096140 1.828087 23.185329 -0.559349 -0.192780 -0.837904
    43 2.325478 -0.000003 6.169296 -0.530986 0.150600 2.342837
    44 0.000000 -3.152912 0.122169 1.961017 0.000000 0.000000
    45 1.068383 -10.478592 7.066338 0.292219 -1.282324 -3.141588
    46 0.000000 0.000000 2.279457 0.547137 -0.343566 0.107833
    47 2.479414 -8.323895 6.074242 -0.008855 0.007342 1.561876
    48 -0.000006 -5.074219 5.929688 0.000000 0.000000 0.000000
    49 -1.068383 -10.478611 7.065971 0.292219 1.282324 3.141588
    50 -0.000488 0.000015 2.279600 0.547136 0.343566 0.107835
    51 -2.479401 -8.323895 6.074234 0.008854 0.007354 1.579716
    52 -5.790000 4.432083 14.255558 -0.070299 1.486638 -3.151270
    53 1.044540 -2.839314 19.743252 -0.197633 0.410103 -0.085051
    54 -2.655510 -1.533379 24.792648 -0.844488 -0.100649 0.277837
    55 -1.120216 -0.154385 9.795983 -0.055685 0.006046 0.490264
    56 -2.240372 -0.308788 19.592047 -0.158390 0.172773 0.959578
    57 -0.683205 2.877342 14.167089 -1.654271 0.293421 -1.629953
    58 -0.144958 -0.145317 7.579308 -1.541365 0.304893 -0.166486
    59 -0.038551 -0.936644 4.697678 -2.189566 0.238573 -0.365188
    60 -0.506317 8.500896 13.617329 -1.647336 0.212855 -1.655049
    61 0.385056 -0.460075 7.003435 -1.471905 0.596196 -0.385484
    62 -0.456360 -0.710276 5.057732 -1.989928 0.545818 -0.699362
    63 2.452194 -8.899408 11.597939 -1.584863 0.130130 -1.205021
    64 -0.680515 -0.903999 6.074242 -1.453600 -0.173890 -0.003171
    65 -0.248295 -0.666843 3.386627 -1.668478 -0.122195 0.124526
    66 0.717491 -3.784309 13.044010 -1.737952 0.022187 -1.478060
    67 -1.099228 -1.407673 8.017876 -1.769453 -0.025253 0.018261
    68 -0.064053 -0.807640 3.686100 -1.839860 -0.037744 0.018150
    69 4.004906 6.172710 4.754800 -0.720161 -0.940295 -1.497252
    70 -0.158381 -1.149773 5.804405 -0.709853 0.935916 0.421666
    71 1.078559 -2.386406 5.215008 -1.589022 1.137160 -0.560559
    72 6.289963 0.932404 13.569109 -0.126801 -0.612098 -2.869612
    73 -1.327759 -0.766682 12.396324 -0.020898 -0.009602 0.186360
    74 0.000017 -54.999996 0.000000 0.000000 0.000000 -1.570796
  time 25
    0 0.000000 0.000000 -1.500000 0.000000 0.000000 0.000000
    1 -10.521344 -5.760963 66.994621 3.097005 -0.050653 -3.139334
    2 -12.574231 25.681942 24.593963 1.157631 -0.086554 1.344346
    3 -0.000034 0.000012 24.761454 -1.630256 -0.188902 -0.705068
    4 0.000017 0.000000 24.344809 1.638526 -0.398118 -0.351477
    5 0.002333 -1.019846 24.031336 0.389585 -0.042710 0.017201
    6 0.000034 0.000008 13.404741 -0.000001 -0.000009 -0.571970
    7 10.398263 -5.760962 66.994675 3.097005 0.050653 3.139334
    8 8.656348 4.919504 26.021243 -0.817576 -1.242635 1.977647
    9 -0.000004 -0.000006 24.761459 -1.750332 0.202824 -1.355519
    10 -0.000007 0.000004 24.344891 1.589247 0.241937 0.434190
    11 -0.002360 -1.019903 24.031330 0.389594 -0.042695 -0.017219
    12 0.000000 -0.000002 13.404737 0.000001 0.000005 -0.436174
    13 -0.061540 -5.245835 72.927078 0.000000 0.000000 0.000000
    14 1.989666 15.295194 -25.105220 0.135998 0.120574 -1.485365
    15 0.000000 -0.005608 -1.146812 -0.050298 -0.014105 0.026178
    16 0.030770 -0.240000 8.906021 -0.004138 0.000000 0.000000
    17 2.023522 -0.753073 -0.258219 -0.091284 0.384130 -0.505553
    18 0.030770 -0.276858 8.905140 0.056125 0.004134 -0.000049
    19 -0.872386 -1.159316 -0.110554 0.453892 -0.216513 -0.104627
    20 5.669724 4.435303 14.302868 2.726191 -1.127836 0.721730
    21 -1.044571 -2.839317 19.743267 0.085543 -0.647910 0.014139
    22 2.655533 -1.533369 24.792658 -0.201104 0.069131 -0.339077
    23 1.120163 -0.154394 9.796035 -0.020715 0.000949 -0.179743
    24 2.240311 -0.308786 19.592051 -0.208490 0.014891 -0.336066
    25 0.683151 2.877354 14.167051 -1.565689 -0.039385 1.476204
    26 0.144936 -0.145374 7.579252 -1.768042 -0.243277 0.235266
    27 0.091660 -0.906685 4.702850 -1.587439 -0.182567 0.191118
    28 0.506271 8.500866 13.617253 -1.493844 -0.259563 1.406747
    29 -0.384987 -0.460049 7.003448 -1.747476 -0.440889 0.551348
    30 0.561516 -0.596954 5.061852 -1.494443 -0.380569 0.386350
    31 -2.452171 -8.899406 11.597897 -1.703362 -0.228463 1.269081
    32 0.680496 -0.903999 6.074253 -1.628334 0.173844 -0.014233
    33 0.245514 -0.661150 3.388004 -1.484157 0.109559 -0.099193
    34 -0.717484 -3.784271 13.043911 -1.593590 -0.028634 1.464722
    35 1.099216 -1.407745 8.017889 -1.782123 0.031970 -0.017456
    36 0.068439 -0.807653 3.686054 -1.465861 0.033996 -0.009728
    37 -4.004929 6.172707 4.754754 0.109464 1.126798 2.530885
    38 0.158352 -1.149811 5.804394 -1.155128 -0.401825 0.137936
    39 -1.083523 -1.463142 5.544399 -1.824672 -0.082041 0.007965
    40 -6.289886 0.932434 13.569063 -0.126803 0.612110 2.869610
    41 1.327774 -0.766687 12.396328 -0.015965 0.007733 -0.143731
    42 -0.096140 1.828087 23.185329 -0.559058 -0.192971 -0.838057
    43 2.325478 -0.000003 6.169296 -0.526880 0.087921 2.226772
    44 0.000000 -3.152912 0.122169 1.961017 0.000000 0.000000
    45 1.068383 -10.478592 7.066338 0.292219 -1.282324 -3.141588
    46 0.000000 0.000000 2.279457 0.547137 -0.343566 0.107833
    47 2.479414 -8.323895 6.074242 -0.008855 0.007342 1.561876
    48 -0.000006 -5.074219 5.929688 0.000000 0.000000 0.000000
    49 -1.068383 -10.478611 7.065971 0.292219 1.282324 3.141588
    50 -0.000488 0.000015 2.279600 0.547136 0.343566 0.107835
    51 -2.479401 -8.323895 6.074234 0.008854 0.007354 1.579716
    52 -5.790000 4.432083 14.255558 -0.318953 1.524187 2.650730
    53 1.044540 -2.839314 19.743252 -0.142422 0.406499 -0.079554
    54 -2.655510 -1.533379 24.792648 -0.710622 -0.090217 0.185067
    55 -1.120216 -0.154385 9.795983 -0.057843 0.006861 0.510123
    56 -2.240372 -0.308788 19.592047 -0.148691 0.141090 1.003741
    57 -0.683205 2.877342 14.167089 -1.654271 0.293421 -1.629953
    58 -0.144958 -0.145317 7.579308 -1.541365 0.304893 -0.166486
    59 -0.038551 -0.936644 4.697678 -2.189566 0.238585 -0.365176
    60 -0.506317 8.500896 13.617329 -1.647336 0.212855 -1.655049
    61 0.385056 -0.460075 7.003435 -1.471905 0.596196 -0.385484
    62 -0.456360 -0.710276 5.057732 -1.989928 0.545818 -0.699362
    63 2.452194 -8.899408 11.597939 -1.584863 0.130130 -1.205021
    64 -0.680515 -0.903999 6.074242 -1.453600 -0.173890 -0.003171
    65 -0.248295 -0.666843 3.386627 -1.668520 -0.122195 0.124526
    66 0.717491 -3.784309 13.044010 -1.737952 0.022187 -1.478072
    67 -1.099228 -1.407673 8.017876 -1.769453 -0.025241 0.018261
    68 -0.064053 -0.807640 3.686100 -1.839860 -0.037744 0.018150
    69 4.004906 6.172710 4.754800 -0.720161 -0.940295 -1.497252
    70 -0.158381 -1.149773 5.804405 -0.709818 0.935916 0.421637
    71 1.078559 -2.386406 5.215008 -1.589022 1.137129 -0.560559
    72 6.289963 0.932404 13.569109 -0.126801 -0.612098 -2.869612
    73 -1.327759 -0.766682 12.396324 -0.015242 -0.007457 0.137227
    74 0.000017 -54.999996 0.000000 0.000000 0.000000 -1.570796
  time 26
    0 0.000000 0.000000 -1.500000 0.000000 0.000000 0.000000
    1 -10.521344 -5.760963 66.994621 3.097005 -0.050653 -3.139334
    2 -16.035274 29.193162 22.239387 1.185642 -0.216265 1.393366
    3 -0.000034 0.000012 24.761454 -1.458871 -0.169116 -0.754948
    4 0.000017 0.000000 24.344809 1.388054 -0.390490 -0.296338
    5 0.002333 -1.019846 24.031336 0.389660 -0.042698 0.017201
    6 0.000034 0.000008 13.404741 -0.000001 -0.000009 -0.560137
    7 10.398263 -5.760962 66.994675 3.097005 0.050653 3.139334
    8 8.226647 8.316613 23.840667 -0.970452 -1.160219 2.136904
    9 -0.000004 -0.000006 24.761459 -1.603324 0.185830 -1.522935
    10 -0.000007 0.000004 24.344891 1.416281 0.241026 0.405731
    11 -0.002360 -1.019903 24.031330 0.389594 -0.042695 -0.017219
    12 0.000000 -0.000002 13.404737 0.000001 0.000005 -0.520270
    13 -0.061540 -5.245835 72.927078 0.000000 0.000000 0.000000
    14 4.040510 18.649154 -22.761986 0.115228 0.110337 -1.510468
    15 0.000000 -0.005608 -1.146812 -0.047331 -0.019390 -0.105323
    16 0.030770 -0.240000 8.906021 -0.004138 0.000000 0.000000
    17 2.046961 -0.678852 -0.254312 -0.105635 0.381597 -0.509627
    18 0.030770 -0.276858 8.905140 0.056125 0.004134 -0.000049
    19 -0.868479 -1.171035 -0.114460 0.456966 -0.215752 -0.105705
    20 5.669724 4.435303 14.302868 2.632208 -1.169025 0.718471
    21 -1.044571 -2.839317 19.743267 0.122575 -0.602458 0.010332
    22 2.655533 -1.533369 24.792658 -0.270886 0.065557 -0.267667
    23 1.120163 -0.154394 9.796035 -0.020403 0.000973 -0.177225
    24 2.240311 -0.308786 19.592051 -0.399275 -0.015637 -0.289778
    25 0.683151 2.877354 14.167051 -1.565689 -0.039385 1.476204
    26 0.144936 -0.145374 7.579252 -1.768042 -0.243277 0.235266
    27 0.091660 -0.906685 4.702850 -1.587439 -0.182567 0.191118
    28 0.506271 8.500866 13.617253 -1.493844 -0.259563 1.406747
    29 -0.384987 -0.460049 7.003448 -1.747476 -0.440889 0.551348
    30 0.561516 -0.596954 5.061852 -1.494443 -0.380569 0.386350
    31 -2.452171 -8.899406 11.597897 -1.703362 -0.228463 1.269081
    32 0.680496 -0.903999 6.074253 -1.628334 0.173844 -0.014233
    33 0.245514 -0.661150 3.388004 -1.484157 0.109559 -0.099193
    34 -0.717484 -3.784271 13.043911 -1.593590 -0.028634 1.464722
    35 1.099216 -1.407745 8.017889 -1.782123 0.031970 -0.017456
    36 0.068439 -0.807653 3.686054 -1.465861 0.033996 -0.009728
    37 -4.004929 6.172707 4.754754 0.109464 1.126798 2.530885
    38 0.158352 -1.149811 5.804394 -1.155128 -0.401825 0.137936
    39 -1.083523 -1.463142 5.544399 -1.824672 -0.082041 0.007965
    40 -6.289886 0.932434 13.569063 -0.126803 0.612110 2.869610
    41 1.327774 -0.766687 12.396328 -0.013257 0.006654 -0.119979
    42 -0.096140 1.828087 23.185329 -0.557774 -0.193927 -0.838913
    43 2.325478 -0.000003 6.169296 -0.517378 0.030190 2.108870
    44 0.000000 -3.152912 0.122169 1.961017 0.000000 0.000000
    45 1.068383 -10.478592 7.066338 0.292219 -1.282324 -3.141588
    46 0.000000 0.000000 2.279457 0.547137 -0.343566 0.107833
    47 2.479414 -8.323895 6.074242 -0.008855 0.007342 1.561876
    48 -0.000006 -5.074219 5.929688 0.000000 0.000000 0.000000
    49 -1.068383 -10.478611 7.065971 0.292219 1.282324 3.141588
    50 -0.000488 0.000015 2.279600 0.547136 0.343566 0.107835
    51 -2.479401 -8.323895 6.074234 0.008854 0.007354 1.579716
    52 -5.790000 4.432083 14.255558 -1.260755 1.532245 1.476034
    53 1.044540 -2.839314 19.743252 -0.090550 0.362745 -0.076016
    54 -2.655510 -1.533379 24.792648 -0.560249 -0.081183 0.124104
    55 -1.120216 -0.154385 9.795983 -0.059820 0.007664 0.528622
    56 -2.240372 -0.308788 19.592047 -0.143651 0.111190 1.044725
    57 -0.683205 2.877342 14.167089 -1.654271 0.293421 -1.629953
    58 -0.144958 -0.145317 7.579308 -1.541365 0.304893 -0.166486
    59 -0.038551 -0.936644 4.697678 -2.189566 0.238573 -0.365176
    60 -0.506317 8.500896 13.617329 -1.647336 0.212855 -1.655049
    61 0.385056 -0.460075 7.003435 -1.471905 0.596196 -0.385484
    62 -0.456360 -0.710276 5.057732 -1.989928 0.545818 -0.699362
    63 2.452194 -8.899408 11.597939 -1.584863 0.130130 -1.205021
    64 -0.680515 -0.903999 6.074242 -1.453600 -0.173890 -0.003171
    65 -0.248295 -0.666843 3.386627 -1.668520 -0.122195 0.124526
    66 0.717491 -3.784309 13.044010 -1.737952 0.022187 -1.478060
    67 -1.099228 -1.407673 8.017876 -1.769453 -0.025253 0.018249
    68 -0.064053 -0.807640 3.686100 -1.839860 -0.037744 0.018150
    69 4.004906 6.172710 4.754800 -0.720236 -0.940295 -1.497252
    70 -0.158381 -1.149773 5.804405 -0.709818 0.935889 0.421637
    71 1.078559 -2.386406 5.215008 -1.588926 1.137129 -0.560559
    72 6.289963 0.932404 13.569109 -0.126801 -0.612098 -2.869612
    73 -1.327759 -0.766682 12.396324 -0.011670 -0.005947 0.105952
    74 0.000017 -54.999996 0.000000 0.000000 0.000000 -1.570796
  time 27
    0 0.000000 0.000000 -1.500000 0.000000 0.000000 0.000000
    1 -10.521344 -5.760963 66.994621 3.097005 -0.050653 -3.139334
    2 -17.754077 30.543631 20.310876 1.141849 -0.272436 1.445489
    3 -0.000034 0.000012 24.761454 -1.309804 -0.151858 -0.800023
    4 0.000017 0.000000 24.344809 1.259952 -0.393953 -0.265808
    5 0.002333 -1.019846 24.031336 0.389660 -0.042710 0.017201
    6 0.000034 0.000008 13.404741 -0.000001 -0.000009 -0.557774
    7 10.398263 -5.760962 66.994675 3.097005 0.050653 3.139334
    8 8.132894 9.827827 21.615130 -0.955352 -1.056513 2.135171
    9 -0.000004 -0.000006 24.761459 -1.465665 0.169914 -1.626183
    10 -0.000007 0.000004 24.344891 1.326959 0.246159 0.387865
    11 -0.002360 -1.019903 24.031330 0.389594 -0.042695 -0.017219
    12 0.000000 -0.000002 13.404737 0.000001 0.000005 -0.591355
    13 -0.061540 -5.245835 72.927078 0.000000 0.000000 0.000000
    14 4.970226 20.058283 -20.689124 0.106586 0.099395 -1.526862
    15 0.000000 -0.005608 -1.146812 -0.043599 -0.033225 -0.176033
    16 0.030770 -0.240000 8.906021 -0.004138 0.000000 0.000000
    17 2.054773 -0.647601 -0.254312 -0.111886 0.380382 -0.511064
    18 0.030770 -0.276858 8.905140 0.056125 0.004134 -0.000049
    19 -0.868479 -1.178848 -0.114460 0.458110 -0.215361 -0.106125
    20 5.669724 4.435303 14.302868 2.525017 -1.204506 0.707355
    21 -1.044571 -2.839317 19.743267 0.156918 -0.580384 0.004833
    22 2.655533 -1.533369 24.792658 -0.363711 0.065519 -0.267667
    23 1.120163 -0.154394 9.796035 -0.024610 0.000734 -0.213650
    24 2.240311 -0.308786 19.592051 -0.493144 -0.041515 -0.332822
    25 0.683151 2.877354 14.167051 -1.565689 -0.039385 1.476204
    26 0.144936 -0.145374 7.579252 -1.768042 -0.243277 0.235266
    27 0.091660 -0.906685 4.702850 -1.587439 -0.182567 0.191118
    28 0.506271 8.500866 13.617253 -1.493844 -0.259563 1.406747
    29 -0.384987 -0.460049 7.003448 -1.747476 -0.440889 0.551348
    30 0.561516 -0.596954 5.061852 -1.494443 -0.380569 0.386350
    31 -2.452171 -8.899406 11.597897 -1.703362 -0.228463 1.269081
    32 0.680496 -0.903999 6.074253 -1.628334 0.173844 -0.014233
    33 0.245514 -0.661150 3.388004 -1.484157 0.109559 -0.099193
    34 -0.717484 -3.784271 13.043911 -1.593546 -0.028646 1.464722
    35 1.099216 -1.407745 8.017889 -1.782123 0.031970 -0.017456
    36 0.068439 -0.807653 3.686054 -1.465861 0.033996 -0.009728
    37 -4.004929 6.172707 4.754754 0.109464 1.126798 2.530885
    38 0.158352 -1.149811 5.804394 -1.155128 -0.401825 0.137936
    39 -1.083523 -1.463142 5.544399 -1.824672 -0.082041 0.007965
    40 -6.289886 0.932434 13.569063 -0.126803 0.612110 2.869610
    41 1.327774 -0.766687 12.396328 -0.014300 0.007086 -0.129068
    42 -0.096140 1.828087 23.185329 -0.557020 -0.194533 -0.839402
    43 2.325478 -0.000003 6.169296 -0.509356 0.009384 2.052393
    44 0.000000 -3.152912 0.122169 1.961017 0.000000 0.000000
    45 1.068383 -10.478592 7.066338 0.292219 -1.282324 -3.141588
    46 0.000000 0.000000 2.279457 0.547137 -0.343566 0.107833
    47 2.479414 -8.323895 6.074242 -0.008855 0.007342 1.561876
    48 -0.000006 -5.074219 5.929688 0.000000 0.000000 0.000000
    49 -1.068383 -10.478611 7.065971 0.292219 1.282324 3.141588
    50 -0.000488 0.000015 2.279600 0.547136 0.343566 0.107835
    51 -2.479401 -8.323895 6.074234 0.008854 0.007354 1.579716
    52 -5.790000 4.432083 14.255558 -1.564049 1.519618 1.066903
    53 1.044540 -2.839314 19.743252 -0.069178 0.333576 -0.075961
    54 -2.655510 -1.533379 24.792648 -0.418834 -0.076925 0.117819
    55 -1.120216 -0.154385 9.795983 -0.060695 0.008011 0.536783
    56 -2.240372 -0.308788 19.592047 -0.142429 0.097923 1.062768
    57 -0.683205 2.877342 14.167089 -1.654271 0.293421 -1.629953
    58 -0.144958 -0.145317 7.579308 -1.541365 0.304893 -0.166486
    59 -0.038551 -0.936644 4.697678 -2.189566 0.238573 -0.365176
    60 -0.506317 8.500896 13.617329 -1.647336 0.212855 -1.655049
    61 0.385056 -0.460075 7.003435 -1.471905 0.596196 -0.385484
    62 -0.456360 -0.710276 5.057732 -1.989928 0.545818 -0.699362
    63 2.452194 -8.899408 11.597939 -1.584863 0.130130 -1.205021
    64 -0.680515 -0.903999 6.074242 -1.453600 -0.173890 -0.003171
    65 -0.248295 -0.666843 3.386627 -1.668520 -0.122195 0.124526
    66 0.717491 -3.784309 13.044010 -1.737952 0.022187 -1.478072
    67 -1.099228 -1.407673 8.017876 -1.769453 -0.025253 0.018249
    68 -0.064053 -0.807640 3.686100 -1.839860 -0.037744 0.018150
    69 4.004906 6.172710 4.754800 -0.720236 -0.940295 -1.497252
    70 -0.158381 -1.149773 5.804405 -0.709818 0.935861 0.421637
    71 1.078559 -2.386406 5.215008 -1.588926 1.137129 -0.560559
    72 6.289963 0.932404 13.569109 -0.126801 -0.612098 -2.869612
    73 -1.327759 -0.766682 12.396324 -0.010915 -0.005599 0.099197
    74 0.000017 -54.999996 0.000000 0.000000 0.000000 -1.570796
  time 28
    0 0.000000 0.000000 -1.500000 0.000000 0.000000 0.000000
    1 -10.521344 -5.760963 66.994621 3.097005 -0.050653 -3.139334
    2 -9.499919 22.097061 19.839961 0.856822 0.321536 1.148179
    3 -0.000034 0.000012 24.761454 -1.397326 -0.161985 -0.330584
    4 0.000017 0.000000 24.344809 1.688460 -0.417765 -0.311786
    5 0.002333 -1.019846 24.031336 0.389660 -0.042698 0.017201
    6 0.000034 0.000008 13.404741 -0.000001 -0.000009 -0.328806
    7 10.398263 -5.760962 66.994675 3.097005 0.050653 3.139334
    8 2.609288 4.257568 18.243104 0.231395 -1.055379 0.947594
    9 -0.000004 -0.000006 24.761459 -1.519618 0.176146 -1.134522
    10 -0.000007 0.000004 24.344891 1.510445 0.106861 0.263876
    11 -0.002360 -1.019903 24.031330 0.389594 -0.042695 -0.017219
    12 0.000000 -0.000002 13.404737 0.000001 0.000005 -0.514065
    13 -0.061540 -5.245835 72.927078 0.000000 0.000000 0.000000
    14 3.255329 13.653151 -18.706388 0.134846 0.033329 -0.838830
    15 0.000000 -0.005608 -1.146812 -0.039484 -0.112246 -0.178506
    16 0.030770 -0.240000 8.906021 -0.004138 0.000000 0.000000
    17 1.906331 0.364148 -0.191810 -0.049238 0.332829 0.119407
    18 0.030770 -0.276858 8.905140 0.056125 0.004134 -0.000049
    19 -0.790352 -0.913215 -0.067584 0.341617 -0.221121 -0.015341
    20 5.669724 4.435303 14.302868 2.222587 -1.228924 0.704288
    21 -1.044571 -2.839317 19.743267 -0.233125 -0.501847 0.093215
    22 2.655533 -1.533369 24.792658 -0.766388 0.061830 0.114130
    23 1.120163 -0.154394 9.796035 -0.034125 -0.000405 -0.296813
    24 2.240311 -0.308786 19.592051 -0.381476 0.011345 -0.535778
    25 0.683151 2.877354 14.167051 -1.565689 -0.039385 1.476204
    26 0.144936 -0.145374 7.579252 -1.768042 -0.243277 0.235266
    27 0.091660 -0.906685 4.702850 -1.587439 -0.182567 0.191118
    28 0.506271 8.500866 13.617253 -1.493844 -0.259563 1.406747
    29 -0.384987 -0.460049 7.003448 -1.747476 -0.440889 0.551348
    30 0.561516 -0.596954 5.061852 -1.494443 -0.380569 0.386350
    31 -2.452171 -8.899406 11.597897 -1.703362 -0.228463 1.269081
    32 0.680496 -0.903999 6.074253 -1.628334 0.173844 -0.014233
    33 0.245514 -0.661150 3.388004 -1.484157 0.109559 -0.099193
    34 -0.717484 -3.784271 13.043911 -1.593590 -0.028658 1.464722
    35 1.099216 -1.407745 8.017889 -1.782123 0.031970 -0.017456
    36 0.068439 -0.807653 3.686054 -1.465861 0.033996 -0.009728
    37 -4.004929 6.172707 4.754754 0.109464 1.126798 2.530885
    38 0.158352 -1.149811 5.804394 -1.155128 -0.401825 0.137936
    39 -1.083523 -1.463142 5.544399 -1.824672 -0.082041 0.007965
    40 -6.289886 0.932434 13.569063 -0.126803 0.612110 2.869610
    41 1.327774 -0.766687 12.396328 0.001580 -0.000932 0.014951
    42 -0.096140 1.828087 23.185329 -0.172047 -0.347652 -1.510639
    43 2.325478 -0.000003 6.169296 -0.401249 -0.073480 1.721797
    44 0.000000 -3.152912 0.122169 1.961017 0.000000 0.000000
    45 1.068383 -10.478592 7.066338 0.292219 -1.282324 -3.141588
    46 0.000000 0.000000 2.279457 0.547137 -0.343566 0.107833
    47 2.479414 -8.323895 6.074242 -0.008855 0.007342 1.561876
    48 -0.000006 -5.074219 5.929688 0.000000 0.000000 0.000000
    49 -1.068383 -10.478611 7.065971 0.292219 1.282324 3.141588
    50 -0.000488 0.000015 2.279600 0.547136 0.343566 0.107835
    51 -2.479401 -8.323895 6.074234 0.008854 0.007354 1.579716
    52 -5.790000 4.432083 14.255558 0.166278 1.329711 -3.101446
    53 1.044540 -2.839314 19.743252 -0.142033 0.614584 -0.079227
    54 -2.655510 -1.533379 24.792648 -0.224729 -0.085053 0.446260
    55 -1.120216 -0.154385 9.795983 -0.034449 0.000425 0.299536
    56 -2.240372 -0.308788 19.592047 -0.268358 0.045548 0.562024
    57 -0.683205 2.877342 14.167089 -1.654271 0.293421 -1.629953
    58 -0.144958 -0.145317 7.579308 -1.541365 0.304893 -0.166486
    59 -0.038551 -0.936644 4.697678 -2.189566 0.238573 -0.365188
    60 -0.506317 8.500896 13.617329 -1.647336 0.212855 -1.655049
    61 0.385056 -0.460075 7.003435 -1.471905 0.596196 -0.385484
    62 -0.456360 -0.710276 5.057732 -1.989928 0.545818 -0.699362
    63 2.452194 -8.899408 11.597939 -1.584863 0.130130 -1.205021
    64 -0.680515 -0.903999 6.074242 -1.453600 -0.173890 -0.003171
    65 -0.248295 -0.666843 3.386627 -1.668478 -0.122195 0.124526
    66 0.717491 -3.784309 13.044010 -1.737952 0.022187 -1.478072
    67 -1.099228 -1.407673 8.017876 -1.769453 -0.025253 0.018249
    68 -0.064053 -0.807640 3.686100 -1.839860 -0.037744 0.018150
    69 4.004906 6.172710 4.754800 -0.720161 -0.940295 -1.497252
    70 -0.158381 -1.149773 5.804405 -0.709818 0.935861 0.421637
    71 1.078559 -2.386406 5.215008 -1.588926 1.137129 -0.560559
    72 6.289963 0.932404 13.569109 -0.126801 -0.612098 -2.869612
    73 -1.327759 -0.766682 12.396324 -0.024889 -0.010933 0.220318
    74 0.000017 -54.999996 0.000000 0.000000 0.000000 -1.570796
  time 29
    0 0.000000 0.000000 -1.500000 0.000000 0.000000 0.000000
    1 -10.521344 -5.760963 66.994621 3.097005 -0.050653 -3.139334
    2 -4.554455 7.340117 19.839961 -0.273859 0.577367 0.083106
    3 -0.000034 0.000012 24.761454 -0.929432 -0.107863 0.359099
    4 0.000017 0.000000 24.344809 1.900588 -0.587458 -0.320104
    5 0.002333 -1.019846 24.031336 0.389585 -0.042710 0.017201
    6 0.000034 0.000008 13.404741 -0.000001 -0.000009 0.092428
    7 10.398263 -5.760962 66.994675 3.097005 0.050653 3.139334
    8 -1.730688 2.783822 15.590444 0.833854 -0.503490 0.133733
    9 -0.000004 -0.000006 24.761459 -1.446141 0.167673 -0.440635
    10 -0.000007 0.000004 24.344891 1.511735 0.014091 0.182471
    11 -0.002360 -1.019903 24.031330 0.389594 -0.042695 -0.017219
    12 0.000000 -0.000002 13.404737 0.000001 0.000005 -0.239170
    13 -0.061540 -5.245835 72.927078 0.000000 0.000000 0.000000
    14 1.950602 5.070274 -17.624895 0.188293 -0.024496 -0.014476
    15 0.000000 -0.005608 -1.146812 -0.027842 -0.225319 -0.180463
    16 0.030770 -0.240000 8.906021 -0.004138 0.000000 0.000000
    17 1.043024 0.887602 -0.074619 -0.005256 0.217466 0.797240
    18 0.030770 -0.276858 8.905140 0.056125 0.004134 -0.000049
    19 -0.641910 -0.631956 -0.032426 0.222121 -0.199809 0.081159
    20 5.669724 4.435303 14.302868 2.014906 -1.242701 0.664517
    21 -1.044571 -2.839317 19.743267 -0.726977 -0.682978 0.234220
    22 2.655533 -1.533369 24.792658 -1.147713 0.060485 0.497544
    23 1.120163 -0.154394 9.796035 -0.040261 -0.001531 -0.351002
    24 2.240311 -0.308786 19.592051 -0.287302 0.108823 -0.689637
    25 0.683151 2.877354 14.167051 -1.565689 -0.039385 1.476204
    26 0.144936 -0.145374 7.579252 -1.768042 -0.243277 0.235266
    27 0.091660 -0.906685 4.702850 -1.587439 -0.182567 0.191118
    28 0.506271 8.500866 13.617253 -1.493844 -0.259563 1.406747
    29 -0.384987 -0.460049 7.003448 -1.747476 -0.440889 0.551348
    30 0.561516 -0.596954 5.061852 -1.494443 -0.380569 0.386350
    31 -2.452171 -8.899406 11.597897 -1.703362 -0.228463 1.269081
    32 0.680496 -0.903999 6.074253 -1.628334 0.173844 -0.014233
    33 0.245514 -0.661150 3.388004 -1.484157 0.109559 -0.099193
    34 -0.717484 -3.784271 13.043911 -1.593590 -0.028658 1.464722
    35 1.099216 -1.407745 8.017889 -1.782123 0.031970 -0.017456
    36 0.068439 -0.807653 3.686054 -1.465861 0.033996 -0.009728
    37 -4.004929 6.172707 4.754754 0.109464 1.126798 2.530885
    38 0.158352 -1.149811 5.804394 -1.155128 -0.401825 0.137936
    39 -1.083523 -1.463142 5.544399 -1.824672 -0.082041 0.007965
    40 -6.289886 0.932434 13.569063 -0.126803 0.612110 2.869610
    41 1.327774 -0.766687 12.396328 0.018850 -0.013384 0.187091
    42 -0.096140 1.828087 23.185329 0.101723 -0.152087 -2.230853
    43 2.325478 -0.000003 6.169296 -0.291710 -0.117089 1.311335
    44 0.000000 -3.152912 0.122169 1.961017 0.000000 0.000000
    45 1.068383 -10.478592 7.066338 0.292219 -1.282324 -3.141588
    46 0.000000 0.000000 2.279457 0.547137 -0.343566 0.107833
    47 2.479414 -8.323895 6.074242 -0.008855 0.007342 1.561876
    48 -0.000006 -5.074219 5.929688 0.000000 0.000000 0.000000
    49 -1.068383 -10.478611 7.065971 0.292219 1.282324 3.141588
    50 -0.000488 0.000015 2.279600 0.547136 0.343566 0.107835
    51 -2.479401 -8.323895 6.074234 0.008854 0.007354 1.579716
    52 -5.790000 4.432083 14.255558 -0.167307 1.039576 -2.942296
    53 1.044540 -2.839314 19.743252 -0.067564 0.134691 -0.090630
    54 -2.655510 -1.533379 24.792648 -0.081100 -0.087486 0.642553
    55 -1.120216 -0.154385 9.795983 -0.006920 -0.000749 0.060303
    56 -2.240372 -0.308788 19.592047 -0.344343 -0.131378 0.075800
    57 -0.683205 2.877342 14.167089 -1.654271 0.293421 -1.629953
    58 -0.144958 -0.145317 7.579308 -1.541365 0.304893 -0.166486
    59 -0.038551 -0.936644 4.697678 -2.189566 0.238573 -0.365176
    60 -0.506317 8.500896 13.617329 -1.647336 0.212855 -1.655049
    61 0.385056 -0.460075 7.003435 -1.471905 0.596196 -0.385484
    62 -0.456360 -0.710276 5.057732 -1.989928 0.545818 -0.699362
    63 2.452194 -8.899408 11.597939 -1.584863 0.130130 -1.205021
    64 -0.680515 -0.903999 6.074242 -1.453600 -0.173890 -0.003171
    65 -0.248295 -0.666843 3.386627 -1.668520 -0.122195 0.124526
    66 0.717491 -3.784309 13.044010 -1.737952 0.022187 -1.478060
    67 -1.099228 -1.407673 8.017876 -1.769453 -0.025253 0.018261
    68 -0.064053 -0.807640 3.686100 -1.839860 -0.037744 0.018150
    69 4.004906 6.172710 4.754800 -0.720236 -0.940295 -1.497252
    70 -0.158381 -1.149773 5.804405 -0.709818 0.935861 0.421637
    71 1.078559 -2.386406 5.215008 -1.588974 1.137160 -0.560559
    72 6.289963 0.932404 13.569109 -0.126801 -0.612098 -2.869612
    73 -1.327759 -0.766682 12.396324 -0.036011 -0.013833 0.313403
    74 0.000017 -54.999996 0.000000 0.000000 0.000000 -1.570796
  time 30
    0 0.000000 0.000000 -1.500000 0.000000 0.000000 0.000000
    1 -10.521344 -5.760963 66.994621 3.097005 -0.050653 -3.139334
    2 -7.054531 4.823334 19.526017 -0.367866 0.544745 0.017571
    3 -0.000034 0.000012 24.761454 -0.807397 -0.093745 0.309830
    4 0.000017 0.000000 24.344809 1.827783 -0.631664 -0.197575
    5 0.002333 -1.019846 24.031336 0.404183 -0.042962 0.016578
    6 0.000034 0.000008 13.404741 -0.000001 -0.000009 0.084497
    7 10.398263 -5.760962 66.994675 3.097005 0.050653 3.139334
    8 -4.297173 0.273458 15.815246 0.796744 -0.445766 0.168060
    9 -0.000004 -0.000006 24.761459 -1.505263 0.174492 -0.460445
    10 -0.000007 0.000004 24.344891 1.600284 -0.047370 0.124460
    11 -0.002360 -1.019903 24.031330 0.389594 -0.042695 -0.017219
    12 0.000000 -0.000002 13.404737 0.000001 0.000005 -0.269807
    13 -0.061540 -5.245835 72.927078 0.000000 0.000000 0.000000
    14 4.567870 2.100622 -17.715019 0.252302 0.010636 0.191988
    15 0.000000 -0.005608 -1.146812 0.011966 -0.305579 -0.364412
    16 0.030770 -0.240000 8.906021 -0.004138 0.000000 0.000000
    17 0.980522 0.864164 -0.062900 0.005076 0.203248 0.872675
    18 0.030770 -0.276858 8.905140 0.056125 0.004134 -0.000049
    19 -0.630191 -0.604612 -0.028520 0.213400 -0.197958 0.089416
    20 5.669724 4.435303 14.302868 2.127264 -1.246647 0.549708
    21 -1.044571 -2.839317 19.743267 -0.645769 -0.598857 0.179030
    22 2.655533 -1.533369 24.792658 -1.167849 0.068593 0.433655
    23 1.120163 -0.154394 9.796035 -0.040561 -0.001603 -0.353520
    24 2.240311 -0.308786 19.592051 -0.284865 0.112737 -0.696323
    25 0.683151 2.877354 14.167051 -1.565689 -0.039385 1.476204
    26 0.144936 -0.145374 7.579252 -1.768042 -0.243277 0.235266
    27 0.091660 -0.906685 4.702850 -1.587439 -0.182567 0.191118
    28 0.506271 8.500866 13.617253 -1.493844 -0.259563 1.406747
    29 -0.384987 -0.460049 7.003448 -1.747476 -0.440889 0.551348
    30 0.561516 -0.596954 5.061852 -1.494443 -0.380569 0.386350
    31 -2.452171 -8.899406 11.597897 -1.703362 -0.228463 1.269081
    32 0.680496 -0.903999 6.074253 -1.628334 0.173844 -0.014233
    33 0.245514 -0.661150 3.388004 -1.484157 0.109547 -0.099193
    34 -0.717484 -3.784271 13.043911 -1.593590 -0.028646 1.464722
    35 1.099216 -1.407745 8.017889 -1.782123 0.031970 -0.017456
    36 0.068439 -0.807653 3.686054 -1.465861 0.033996 -0.009740
    37 -4.004929 6.172707 4.754754 0.109464 1.126798 2.530885
    38 0.158352 -1.149811 5.804394 -1.155128 -0.401825 0.137936
    39 -1.083523 -1.463142 5.544399 -1.824672 -0.082041 0.007965
    40 -6.289886 0.932434 13.569063 -0.126803 0.612110 2.869610
    41 1.327774 -0.766687 12.396328 0.015866 -0.010891 0.155706
    42 -0.096140 1.828087 23.185329 0.057310 -0.160977 -2.115108
    43 2.325478 -0.000003 6.169296 -0.275618 -0.164171 1.207283
    44 0.000000 -3.152912 0.122169 1.961017 0.000000 0.000000
    45 1.068383 -10.478592 7.066338 0.292219 -1.282324 -3.141588
    46 0.000000 0.000000 2.279457 0.547137 -0.343566 0.107833
    47 2.479414 -8.323895 6.074242 -0.008855 0.007342 1.561876
    48 -0.000006 -5.074219 5.929688 0.000000 0.000000 0.000000
    49 -1.068383 -10.478611 7.065971 0.292219 1.282324 3.141588
    50 -0.000488 0.000015 2.279600 0.547136 0.343566 0.107835
    51 -2.479401 -8.323895 6.074234 0.008854 0.007354 1.579716
    52 -5.790000 4.432083 14.255558 -0.101165 0.961279 -2.694422
    53 1.044540 -2.839314 19.743252 -0.286405 0.020643 -0.073022
    54 -2.655510 -1.533379 24.792648 -0.086182 -0.087655 0.487533
    55 -1.120216 -0.154385 9.795983 -0.014231 -0.001073 0.123607
    56 -2.240372 -0.308788 19.592047 -0.377181 -0.090785 0.194800
    57 -0.683205 2.877342 14.167089 -1.654271 0.293421 -1.629953
    58 -0.144958 -0.145317 7.579308 -1.541365 0.304893 -0.166486
    59 -0.038551 -0.936644 4.697678 -2.189566 0.238585 -0.365164
    60 -0.506317 8.500896 13.617329 -1.647336 0.212855 -1.655049
    61 0.385056 -0.460075 7.003435 -1.471905 0.596196 -0.385484
    62 -0.456360 -0.710276 5.057732 -1.989928 0.545818 -0.699362
    63 2.452194 -8.899408 11.597939 -1.584863 0.130153 -1.205021
    64 -0.680515 -0.903999 6.074242 -1.453600 -0.173890 -0.003171
    65 -0.248295 -0.666843 3.386627 -1.668478 -0.122195 0.124526
    66 0.717491 -3.784309 13.044010 -1.737952 0.022187 -1.478072
    67 -1.099228 -1.407673 8.017876 -1.769509 -0.025241 0.018261
    68 -0.064053 -0.807640 3.686100 -1.839860 -0.037744 0.018150
    69 4.004906 6.172710 4.754800 -0.720161 -0.940295 -1.497252
    70 -0.158381 -1.149773 5.804405 -0.709853 0.935861 0.421637
    71 1.078559 -2.386406 5.215008 -1.589022 1.137129 -0.560559
    72 6.289963 0.932404 13.569109 -0.126801 -0.612098 -2.869612
    73 -1.327759 -0.766682 12.396324 -0.026735 -0.011496 0.235956
    74 0.000017 -54.999996 0.000000 0.000000 0.000000 -1.570796
  time 31
    0 0.000000 0.000000 -1.500000 0.000000 0.000000 0.000000
    1 -10.521344 -5.760963 66.994621 3.097005 -0.050653 -3.139334
    2 -11.117155 6.247465 18.875706 -0.099714 0.599942 0.265511
    3 -0.000034 0.000012 24.761454 -0.912236 -0.105861 -0.056714
    4 0.000017 0.000000 24.344809 1.767430 -0.631596 -0.014700
    5 0.002333 -1.019846 24.031336 0.436178 -0.043453 0.015176
    6 0.000034 0.000008 13.404741 -0.000001 -0.000009 -0.072922
    7 10.398263 -5.760962 66.994675 3.097005 0.050653 3.139334
    8 -7.332421 -2.224416 17.456298 0.718856 -0.533412 0.347039
    9 -0.000004 -0.000006 24.761459 -1.625708 0.188406 -0.708392
    10 -0.000007 0.000004 24.344891 1.721876 -0.116208 0.040554
    11 -0.002360 -1.019903 24.031330 0.389594 -0.042695 -0.017219
    12 0.000000 -0.000002 13.404737 0.000001 0.000005 -0.410153
    13 -0.061540 -5.245835 72.927078 0.000000 0.000000 0.000000
    14 8.626587 1.471755 -18.210703 0.320919 0.071024 0.325787
    15 0.000000 -0.005608 -1.146812 0.068871 -0.362202 -0.692010
    16 0.030770 -0.240000 8.906021 -0.004138 0.000000 0.000000
    17 0.960990 0.860257 -0.058994 0.004929 0.199665 0.887091
    18 0.030770 -0.276858 8.905140 0.056125 0.004134 -0.000049
    19 -0.630191 -0.604612 -0.036333 0.213757 -0.198966 0.090542
    20 5.669724 4.435303 14.302868 2.257424 -1.240340 0.425412
    21 -1.044571 -2.839317 19.743267 -0.380033 -0.483844 0.110530
    22 2.655533 -1.533369 24.792658 -1.168934 0.079122 0.316391
    23 1.120163 -0.154394 9.796035 -0.040405 -0.001567 -0.352244
    24 2.240311 -0.308786 19.592051 -0.286040 0.110803 -0.692961
    25 0.683151 2.877354 14.167051 -1.565689 -0.039373 1.476204
    26 0.144936 -0.145374 7.579252 -1.768042 -0.243277 0.235266
    27 0.091660 -0.906685 4.702850 -1.587439 -0.182567 0.191118
    28 0.506271 8.500866 13.617253 -1.493844 -0.259563 1.406747
    29 -0.384987 -0.460049 7.003448 -1.747476 -0.440889 0.551348
    30 0.561516 -0.596954 5.061852 -1.494443 -0.380569 0.386350
    31 -2.452171 -8.899406 11.597897 -1.703362 -0.228463 1.269081
    32 0.680496 -0.903999 6.074253 -1.628334 0.173844 -0.014233
    33 0.245514 -0.661150 3.388004 -1.484157 0.109547 -0.099193
    34 -0.717484 -3.784271 13.043911 -1.593590 -0.028646 1.464722
    35 1.099216 -1.407745 8.017889 -1.782123 0.031970 -0.017456
    36 0.068439 -0.807653 3.686054 -1.465861 0.033996 -0.009728
    37 -4.004929 6.172707 4.754754 0.109464 1.126798 2.530885
    38 0.158352 -1.149811 5.804394 -1.155128 -0.401825 0.137936
    39 -1.083523 -1.463142 5.544399 -1.824672 -0.082041 0.007965
    40 -6.289886 0.932434 13.569063 -0.126803 0.612110 2.869610
    41 1.327774 -0.766687 12.396328 0.009598 -0.006133 0.092133
    42 -0.096140 1.828087 23.185329 -0.029341 -0.182264 -1.865702
    43 2.325478 -0.000003 6.169296 -0.264492 -0.214291 1.160546
    44 0.000000 -3.152912 0.122169 1.961017 0.000000 0.000000
    45 1.068383 -10.478592 7.066338 0.292219 -1.282324 -3.141588
    46 0.000000 0.000000 2.279457 0.547137 -0.343566 0.107833
    47 2.479414 -8.323895 6.074242 -0.008855 0.007342 1.561876
    48 -0.000006 -5.074219 5.929688 0.000000 0.000000 0.000000
    49 -1.068383 -10.478611 7.065971 0.292219 1.282324 3.141588
    50 -0.000488 0.000015 2.279600 0.547136 0.343566 0.107835
    51 -2.479401 -8.323895 6.074234 0.008854 0.007354 1.579716
    52 -5.790000 4.432083 14.255558 0.003416 0.858392 -2.472227
    53 1.044540 -2.839314 19.743252 -0.472019 0.079066 -0.048773
    54 -2.655510 -1.533379 24.792648 -0.153216 -0.084807 0.376059
    55 -1.120216 -0.154385 9.795983 -0.028325 -0.000414 0.246053
    56 -2.240372 -0.308788 19.592047 -0.412997 0.001044 0.422918
    57 -0.683205 2.877342 14.167089 -1.654271 0.293421 -1.629953
    58 -0.144958 -0.145317 7.579308 -1.541365 0.304893 -0.166486
    59 -0.038551 -0.936644 4.697678 -2.189566 0.238573 -0.365176
    60 -0.506317 8.500896 13.617329 -1.647336 0.212855 -1.655049
    61 0.385056 -0.460075 7.003435 -1.471905 0.596196 -0.385484
    62 -0.456360 -0.710276 5.057732 -1.989928 0.545818 -0.699362
    63 2.452194 -8.899408 11.597939 -1.584863 0.130130 -1.205021
    64 -0.680515 -0.903999 6.074242 -1.453600 -0.173890 -0.003171
    65 -0.248295 -0.666843 3.386627 -1.668520 -0.122195 0.124526
    66 0.717491 -3.784309 13.044010 -1.737952 0.022187 -1.478060
    67 -1.099228 -1.407673 8.017876 -1.769453 -0.025253 0.018261
    68 -0.064053 -0.807640 3.686100 -1.839860 -0.037744 0.018150
    69 4.004906 6.172710 4.754800 -0.720236 -0.940295 -1.497252
    70 -0.158381 -1.149773 5.804405 -0.709853 0.935861 0.421637
    71 1.078559 -2.386406 5.215008 -1.589022 1.137129 -0.560559
    72 6.289963 0.932404 13.569109 -0.126801 -0.612098 -2.869612
    73 -1.327759 -0.766682 12.396324 -0.020431 -0.009447 0.182335
    74 0.000017 -54.999996 0.000000 0.000000 0.000000 -1.570796
  time 32
    0 0.000000 0.000000 -1.500000 0.000000 0.000000 0.000000
    1 -10.521344 -5.760963 66.994621 3.097005 -0.050653 -3.139334
    2 -13.226595 7.892582 19.167225 0.089735 0.557604 0.389897
    3 -0.000034 0.000012 24.761454 -1.056466 -0.122580 -0.291087
    4 0.000017 0.000000 24.344809 1.773780 -0.634697 0.089226
    5 0.002333 -1.019846 24.031336 0.468248 -0.043920 0.013750
    6 0.000034 0.000008 13.404741 -0.000001 -0.000009 -0.181891
    7 10.398263 -5.760962 66.994675 3.097005 0.050653 3.139334
    8 -8.965284 -1.599947 19.007430 0.752639 -0.596221 0.371381
    9 -0.000004 -0.000006 24.761459 -1.712714 0.198461 -0.833784
    10 -0.000007 0.000004 24.344891 1.742916 -0.145560 -0.010353
    11 -0.002360 -1.019903 24.031330 0.389594 -0.042695 -0.017219
    12 0.000000 -0.000002 13.404737 0.000001 0.000005 -0.488602
    13 -0.061540 -5.245835 72.927078 0.000000 0.000000 0.000000
    14 10.861030 2.647970 -19.089416 0.355804 0.103404 0.446074
    15 0.000000 -0.005608 -1.146812 0.104724 -0.383047 -0.870443
    16 0.030770 -0.240000 8.906021 -0.004138 0.000000 0.000000
    17 0.964896 0.848538 -0.055087 0.006213 0.199298 0.884295
    18 0.030770 -0.276858 8.905140 0.056125 0.004134 -0.000049
    19 -0.638004 -0.624143 -0.032426 0.221871 -0.203080 0.088901
    20 5.669724 4.435303 14.302868 2.325471 -1.236006 0.369254
    21 -1.044571 -2.839317 19.743267 -0.122125 -0.412508 0.077253
    22 2.655533 -1.533369 24.792658 -1.167372 0.084771 0.242959
    23 1.120163 -0.154394 9.796035 -0.040261 -0.001531 -0.351002
    24 2.240311 -0.308786 19.592051 -0.287302 0.108823 -0.689637
    25 0.683151 2.877354 14.167051 -1.565689 -0.039373 1.476204
    26 0.144936 -0.145374 7.579252 -1.768042 -0.243277 0.235266
    27 0.091660 -0.906685 4.702850 -1.587439 -0.182567 0.191118
    28 0.506271 8.500866 13.617253 -1.493782 -0.259563 1.406747
    29 -0.384987 -0.460049 7.003448 -1.747476 -0.440889 0.551348
    30 0.561516 -0.596954 5.061852 -1.494407 -0.380569 0.386350
    31 -2.452171 -8.899406 11.597897 -1.703362 -0.228463 1.269081
    32 0.680496 -0.903999 6.074253 -1.628334 0.173844 -0.014233
    33 0.245514 -0.661150 3.388004 -1.484157 0.109559 -0.099193
    34 -0.717484 -3.784271 13.043911 -1.593546 -0.028634 1.464722
    35 1.099216 -1.407745 8.017889 -1.782123 0.031970 -0.017456
    36 0.068439 -0.807653 3.686054 -1.465861 0.033996 -0.009740
    37 -4.004929 6.172707 4.754754 0.109464 1.126798 2.530885
    38 0.158352 -1.149811 5.804394 -1.155128 -0.401825 0.137936
    39 -1.083523 -1.463142 5.544399 -1.824672 -0.082041 0.007951
    40 -6.289886 0.932434 13.569063 -0.126803 0.612110 2.869610
    41 1.327774 -0.766687 12.396328 0.005319 -0.003257 0.050554
    42 -0.096140 1.828087 23.185329 -0.085961 -0.180990 -1.709816
    43 2.325478 -0.000003 6.169296 -0.258619 -0.241854 1.144062
    44 0.000000 -3.152912 0.122169 1.961017 0.000000 0.000000
    45 1.068383 -10.478592 7.066338 0.292219 -1.282324 -3.141588
    46 0.000000 0.000000 2.279457 0.547137 -0.343566 0.107833
    47 2.479414 -8.323895 6.074242 -0.008855 0.007342 1.561876
    48 -0.000006 -5.074219 5.929688 0.000000 0.000000 0.000000
    49 -1.068383 -10.478611 7.065971 0.292219 1.282324 3.141588
    50 -0.000488 0.000015 2.279600 0.547136 0.343566 0.107835
    51 -2.479401 -8.323895 6.074234 0.008854 0.007354 1.579716
    52 -5.790000 4.432083 14.255558 -0.064643 0.794176 -2.371333
    53 1.044540 -2.839314 19.743252 -0.506081 0.153515 -0.054733
    54 -2.655510 -1.533379 24.792648 -0.298858 -0.083681 0.365911
    55 -1.120216 -0.154385 9.795983 -0.036199 0.000737 0.315070
    56 -2.240372 -0.308788 19.592047 -0.422543 0.055350 0.550682
    57 -0.683205 2.877342 14.167089 -1.654271 0.293421 -1.629953
    58 -0.144958 -0.145317 7.579308 -1.541365 0.304893 -0.166486
    59 -0.038551 -0.936644 4.697678 -2.189615 0.238573 -0.365164
    60 -0.506317 8.500896 13.617329 -1.647336 0.212855 -1.655049
    61 0.385056 -0.460075 7.003435 -1.471905 0.596196 -0.385484
    62 -0.456360 -0.710276 5.057732 -1.989928 0.545818 -0.699362
    63 2.452194 -8.899408 11.597939 -1.584863 0.130153 -1.205021
    64 -0.680515 -0.903999 6.074242 -1.453600 -0.173890 -0.003171
    65 -0.248295 -0.666843 3.386627 -1.668520 -0.122195 0.124526
    66 0.717491 -3.784309 13.044010 -1.737952 0.022187 -1.478072
    67 -1.099228 -1.407673 8.017876 -1.769453 -0.025253 0.018261
    68 -0.064053 -0.807640 3.686100 -1.839860 -0.037744 0.018150
    69 4.004906 6.172710 4.754800 -0.720236 -0.940295 -1.497252
    70 -0.158381 -1.149773 5.804405 -0.709818 0.935861 0.421637
    71 1.078559 -2.386406 5.215008 -1.588974 1.137129 -0.560559
    72 6.289963 0.932404 13.569109 -0.126801 -0.612098 -2.869612
    73 -1.327759 -0.766682 12.396324 -0.021258 -0.009722 0.189182
    74 0.000017 -54.999996 0.000000 0.000000 0.000000 -1.570796
  time 33
    0 0.000000 0.000000 -1.500000 0.000000 0.000000 0.000000
    1 -10.521344 -5.760963 66.994621 3.097005 -0.050653 -3.139334
    2 -12.781269 9.304436 20.467848 0.130522 0.527014 0.273157
    3 -0.000034 0.000012 24.761454 -1.233136 -0.142989 -0.258717
    4 0.000017 0.000000 24.344809 1.875929 -0.617902 0.057119
    5 0.002333 -1.019846 24.031336 0.498787 -0.044328 0.012359
    6 0.000034 0.000008 13.404741 -0.000001 -0.000009 -0.177651
    7 10.398263 -5.760962 66.994675 3.097005 0.050653 3.139334
    8 -9.469205 2.321715 20.333760 0.917629 -0.623144 0.198756
    9 -0.000004 -0.000006 24.761459 -1.755282 0.203387 -0.831092
    10 -0.000007 0.000004 24.344891 1.649850 -0.130317 -0.039969
    11 -0.002360 -1.019903 24.031330 0.389594 -0.042695 -0.017219
    12 0.000000 -0.000002 13.404737 0.000001 0.000005 -0.519561
    13 -0.061540 -5.245835 72.927078 0.000000 0.000000 0.000000
    14 10.958690 5.326480 -20.283565 0.352379 0.098139 0.558615
    15 0.000000 -0.005608 -1.146812 0.102044 -0.378749 -0.850877
    16 0.030770 -0.240000 8.906021 -0.004138 0.000000 0.000000
    17 1.035211 0.750879 -0.055087 0.021975 0.194664 0.878305
    18 0.030770 -0.276858 8.905140 0.056125 0.004134 -0.000049
    19 -0.645816 -0.659301 -0.040239 0.242996 -0.209848 0.084838
    20 5.669724 4.435303 14.302868 2.337530 -1.267611 0.410941
    21 -1.044571 -2.839317 19.743267 0.009422 -0.367943 0.065521
    22 2.655533 -1.533369 24.792658 -1.168153 0.085578 0.233659
    23 1.120163 -0.154394 9.796035 -0.040261 -0.001531 -0.351002
    24 2.240311 -0.308786 19.592051 -0.287302 0.108823 -0.689637
    25 0.683151 2.877354 14.167051 -1.565689 -0.039385 1.476204
    26 0.144936 -0.145374 7.579252 -1.768042 -0.243277 0.235266
    27 0.091660 -0.906685 4.702850 -1.587439 -0.182567 0.191118
    28 0.506271 8.500866 13.617253 -1.493844 -0.259563 1.406747
    29 -0.384987 -0.460049 7.003448 -1.747476 -0.440889 0.551348
    30 0.561516 -0.596954 5.061852 -1.494443 -0.380569 0.386350
    31 -2.452171 -8.899406 11.597897 -1.703362 -0.228463 1.269081
    32 0.680496 -0.903999 6.074253 -1.628334 0.173844 -0.014233
    33 0.245514 -0.661150 3.388004 -1.484157 0.109547 -0.099193
    34 -0.717484 -3.784271 13.043911 -1.593590 -0.028634 1.464722
    35 1.099216 -1.407745 8.017889 -1.782123 0.031970 -0.017456
    36 0.068439 -0.807653 3.686054 -1.465861 0.033996 -0.009728
    37 -4.004929 6.172707 4.754754 0.109464 1.126798 2.530885
    38 0.158352 -1.149811 5.804394 -1.155128 -0.401825 0.137936
    39 -1.083523 -1.463142 5.544399 -1.824672 -0.082041 0.007965
    40 -6.289886 0.932434 13.569063 -0.126803 0.612110 2.869610
    41 1.327774 -0.766687 12.396328 0.004372 -0.002646 0.041415
    42 -0.096140 1.828087 23.185329 -0.094796 -0.178791 -1.685878
    43 2.325478 -0.000003 6.169296 -0.256231 -0.247396 1.136159
    44 0.000000 -3.152912 0.122169 1.961017 0.000000 0.000000
    45 1.068383 -10.478592 7.066338 0.292219 -1.282324 -3.141588
    46 0.000000 0.000000 2.279457 0.547137 -0.343566 0.107833
    47 2.479414 -8.323895 6.074242 -0.008855 0.007342 1.561876
    48 -0.000006 -5.074219 5.929688 0.000000 0.000000 0.000000
    49 -1.068383 -10.478611 7.065971 0.292219 1.282324 3.141588
    50 -0.000488 0.000015 2.279600 0.547136 0.343566 0.107835
    51 -2.479401 -8.323895 6.074234 0.008854 0.007354 1.579716
    52 -5.790000 4.432083 14.255558 -0.254345 0.796378 -2.363093
    53 1.044540 -2.839314 19.743252 -0.472631 0.171195 -0.061428
    54 -2.655510 -1.533379 24.792648 -0.485415 -0.086723 0.403473
    55 -1.120216 -0.154385 9.795983 -0.036582 0.000809 0.318443
    56 -2.240372 -0.308788 19.592047 -0.422848 0.058023 0.556954
    57 -0.683205 2.877342 14.167089 -1.654271 0.293421 -1.629953
    58 -0.144958 -0.145317 7.579308 -1.541365 0.304893 -0.166486
    59 -0.038551 -0.936644 4.697678 -2.189566 0.238573 -0.365164
    60 -0.506317 8.500896 13.617329 -1.647336 0.212855 -1.655049
    61 0.385056 -0.460075 7.003435 -1.471905 0.596196 -0.385484
    62 -0.456360 -0.710276 5.057732 -1.989928 0.545818 -0.699362
    63 2.452194 -8.899408 11.597939 -1.584863 0.130130 -1.205021
    64 -0.680515 -0.903999 6.074242 -1.453600 -0.173890 -0.003171
    65 -0.248295 -0.666843 3.386627 -1.668478 -0.122195 0.124526
    66 0.717491 -3.784309 13.044010 -1.737902 0.022187 -1.478072
    67 -1.099228 -1.407673 8.017876 -1.769509 -0.025241 0.018261
    68 -0.064053 -0.807640 3.686100 -1.839860 -0.037744 0.018150
    69 4.004906 6.172710 4.754800 -0.720161 -0.940295 -1.497252
    70 -0.158381 -1.149773 5.804405 -0.709853 0.935861 0.421637
    71 1.078559 -2.386406 5.215008 -1.589022 1.137129 -0.560559
    72 6.289963 0.932404 13.569109 -0.126801 -0.612098 -2.869612
    73 -1.327759 -0.766682 12.396324 -0.024949 -0.010957 0.220781
    74 0.000017 -54.999996 0.000000 0.000000 0.000000 -1.570796
  time 34
    0 0.000000 0.000000 -1.500000 0.000000 0.000000 0.000000
    1 -10.521344 -5.760963 66.994621 3.097005 -0.050653 -3.139334
    2 -12.359381 11.698449 22.172113 0.209772 0.529547 0.155500
    3 -0.000034 0.000012 24.761454 -1.427367 -0.165449 -0.201223
    4 0.000017 0.000000 24.344809 1.974687 -0.587911 -0.022435
    5 0.002333 -1.019846 24.031336 0.533657 -0.044723 0.010789
    6 0.000034 0.000008 13.404741 -0.000001 -0.000009 -0.168159
    7 10.398263 -5.760962 66.994675 3.097005 0.050653 3.139334
    8 -9.656711 7.529783 21.705050 1.078182 -0.672309 0.007648
    9 -0.000004 -0.000006 24.761459 -1.761111 0.204058 -0.880402
    10 -0.000007 0.000004 24.344891 1.517738 -0.103675 -0.097980
    11 -0.002360 -1.019903 24.031330 0.389594 -0.042695 -0.017219
    12 0.000000 -0.000002 13.404737 0.000001 0.000005 -0.592278
    13 -0.061540 -5.245835 72.927078 0.000000 0.000000 0.000000
    14 10.825873 9.204496 -21.612899 0.336857 0.080900 0.642029
    15 0.000000 -0.005608 -1.146812 0.076431 -0.368225 -0.793754
    16 0.030770 -0.240000 8.906021 -0.004138 0.000000 0.000000
    17 1.160215 0.532122 -0.051181 0.054593 0.183181 0.857700
    18 0.030770 -0.276858 8.905140 0.056125 0.004134 -0.000049
    19 -0.653629 -0.721803 -0.051958 0.278491 -0.217953 0.076856
    20 5.669724 4.435303 14.302868 2.299248 -1.341886 0.568396
    21 -1.044571 -2.839317 19.743267 0.038775 -0.334702 0.066367
    22 2.655533 -1.533369 24.792658 -1.167589 0.084963 0.240209
    23 1.120163 -0.154394 9.796035 -0.040261 -0.001531 -0.351002
    24 2.240311 -0.308786 19.592051 -0.287302 0.108823 -0.689637
    25 0.683151 2.877354 14.167051 -1.565744 -0.039385 1.476204
    26 0.144936 -0.145374 7.579252 -1.768042 -0.243277 0.235266
    27 0.091660 -0.906685 4.702850 -1.587485 -0.182567 0.191118
    28 0.506271 8.500866 13.617253 -1.493844 -0.259563 1.406747
    29 -0.384987 -0.460049 7.003448 -1.747476 -0.440889 0.551348
    30 0.561516 -0.596954 5.061852 -1.494443 -0.380569 0.386350
    31 -2.452171 -8.899406 11.597897 -1.703362 -0.228463 1.269081
    32 0.680496 -0.903999 6.074253 -1.628334 0.173844 -0.014233
    33 0.245514 -0.661150 3.388004 -1.484157 0.109547 -0.099193
    34 -0.717484 -3.784271 13.043911 -1.593590 -0.028646 1.464722
    35 1.099216 -1.407745 8.017889 -1.782123 0.031970 -0.017456
    36 0.068439 -0.807653 3.686054 -1.465861 0.033996 -0.009740
    37 -4.004929 6.172707 4.754754 0.109464 1.126798 2.530885
    38 0.158352 -1.149811 5.804394 -1.155128 -0.401825 0.137936
    39 -1.083523 -1.463142 5.544399 -1.824672 -0.082041 0.007965
    40 -6.289886 0.932434 13.569063 -0.126803 0.612110 2.869610
    41 1.327774 -0.766687 12.396328 0.004145 -0.002502 0.039155
    42 -0.096140 1.828087 23.185329 -0.098203 -0.177835 -1.676615
    43 2.325478 -0.000003 6.169296 -0.255276 -0.249537 1.133126
    44 0.000000 -3.152912 0.122169 1.961017 0.000000 0.000000
    45 1.068383 -10.478592 7.066338 0.292219 -1.282324 -3.141588
    46 0.000000 0.000000 2.279457 0.547137 -0.343566 0.107833
    47 2.479414 -8.323895 6.074242 -0.008855 0.007342 1.561876
    48 -0.000006 -5.074219 5.929688 0.000000 0.000000 0.000000
    49 -1.068383 -10.478611 7.065971 0.292219 1.282324 3.141588
    50 -0.000488 0.000015 2.279600 0.547136 0.343566 0.107835
    51 -2.479401 -8.323895 6.074234 0.008854 0.007354 1.579716
    52 -5.790000 4.432083 14.255558 -0.420083 0.819389 -2.384460
    53 1.044540 -2.839314 19.743252 -0.477807 0.164708 -0.059877
    54 -2.655510 -1.533379 24.792648 -0.661454 -0.092754 0.416650
    55 -1.120216 -0.154385 9.795983 -0.036738 0.000833 0.319776
    56 -2.240372 -0.308788 19.592047 -0.423001 0.059112 0.559360
    57 -0.683205 2.877342 14.167089 -1.654271 0.293421 -1.629953
    58 -0.144958 -0.145317 7.579308 -1.541365 0.304893 -0.166486
    59 -0.038551 -0.936644 4.697678 -2.189615 0.238573 -0.365188
    60 -0.506317 8.500896 13.617329 -1.647336 0.212855 -1.655049
    61 0.385056 -0.460075 7.003435 -1.471905 0.596196 -0.385484
    62 -0.456360 -0.710276 5.057732 -1.989928 0.545818 -0.699362
    63 2.452194 -8.899408 11.597939 -1.584863 0.130130 -1.205021
    64 -0.680515 -0.903999 6.074242 -1.453600 -0.173890 -0.003171
    65 -0.248295 -0.666843 3.386627 -1.668520 -0.122195 0.124526
    66 0.717491 -3.784309 13.044010 -1.737952 0.022187 -1.478060
    67 -1.099228 -1.407673 8.017876 -1.769453 -0.025253 0.018261
    68 -0.064053 -0.807640 3.686100 -1.839860 -0.037744 0.018150
    69 4.004906 6.172710 4.754800 -0.720236 -0.940295 -1.497252
    70 -0.158381 -1.149773 5.804405 -0.709818 0.935861 0.421666
    71 1.078559 -2.386406 5.215008 -1.588926 1.137129 -0.560559
    72 6.289963 0.932404 13.569109 -0.126801 -0.612098 -2.869612
    73 -1.327759 -0.766682 12.396324 -0.026879 -0.011532 0.237020
    74 0.000017 -54.999996 0.000000 0.000000 0.000000 -1.570796
  time 35
    0 0.000000 0.000000 -1.500000 0.000000 0.000000 0.000000
    1 -10.521344 -5.760963 66.994621 3.097005 -0.050653 -3.139334
    2 -12.078122 14.632650 24.100623 0.304530 0.572830 0.044703
    3 -0.000034 0.000012 24.761454 -1.605988 -0.186098 -0.129152
    4 0.000017 0.000000 24.344809 2.045396 -0.550971 -0.119123
    5 0.002333 -1.019846 24.031336 0.566511 -0.045047 0.009291
    6 0.000034 0.000008 13.404741 -0.000001 -0.000009 -0.157802
    7 10.398263 -5.760962 66.994675 3.097005 0.050653 3.139334
    8 -9.531707 13.374808 23.053861 1.227816 -0.693672 -0.177519
    9 -0.000004 -0.000006 24.761459 -1.721788 0.199528 -0.930106
    10 -0.000007 0.000004 24.344891 1.364004 -0.100254 -0.187288
    11 -0.002360 -1.019903 24.031330 0.389594 -0.042695 -0.017219
    12 0.000000 -0.000002 13.404737 0.000001 0.000005 -0.673948
    13 -0.061540 -5.245835 72.927078 0.000000 0.000000 0.000000
    14 10.521176 13.711380 -23.054890 0.313718 0.055815 0.703824
    15 0.000000 -0.005608 -1.146812 0.036655 -0.353434 -0.714919
    16 0.030770 -0.240000 8.906021 -0.004138 0.000000 0.000000
    17 1.304751 0.207893 -0.051181 0.099332 0.164089 0.827829
    18 0.030770 -0.276858 8.905140 0.056125 0.004134 -0.000049
    19 -0.653629 -0.796024 -0.059771 0.321492 -0.225832 0.066142
    20 5.669724 4.435303 14.302868 2.015385 -1.422995 1.015555
    21 -1.044571 -2.839317 19.743267 0.002965 -0.312576 0.072261
    22 2.655533 -1.533369 24.792658 -1.166200 0.083618 0.255979
    23 1.120163 -0.154394 9.796035 -0.040261 -0.001531 -0.351002
    24 2.240311 -0.308786 19.592051 -0.287302 0.108823 -0.689637
    25 0.683151 2.877354 14.167051 -1.565744 -0.039385 1.476204
    26 0.144936 -0.145374 7.579252 -1.768042 -0.243277 0.235266
    27 0.091660 -0.906685 4.702850 -1.587485 -0.182567 0.191118
    28 0.506271 8.500866 13.617253 -1.493844 -0.259563 1.406747
    29 -0.384987 -0.460049 7.003448 -1.747476 -0.440889 0.551348
    30 0.561516 -0.596954 5.061852 -1.494443 -0.380569 0.386350
    31 -2.452171 -8.899406 11.597897 -1.703362 -0.228463 1.269081
    32 0.680496 -0.903999 6.074253 -1.628334 0.173844 -0.014233
    33 0.245514 -0.661150 3.388004 -1.484157 0.109547 -0.099193
    34 -0.717484 -3.784271 13.043911 -1.593590 -0.028646 1.464722
    35 1.099216 -1.407745 8.017889 -1.782123 0.031970 -0.017456
    36 0.068439 -0.807653 3.686054 -1.465861 0.033996 -0.009740
    37 -4.004929 6.172707 4.754754 0.109464 1.126798 2.530885
    38 0.158352 -1.149811 5.804394 -1.155128 -0.401825 0.137936
    39 -1.083523 -1.463142 5.544399 -1.824672 -0.082041 0.007965
    40 -6.289886 0.932434 13.569063 -0.126803 0.612110 2.869610
    41 1.327774 -0.766687 12.396328 0.004432 -0.002682 0.042017
    42 -0.096140 1.828087 23.185329 -0.097741 -0.177930 -1.677960
    43 2.325478 -0.000003 6.169296 -0.255372 -0.249233 1.133565
    44 0.000000 -3.152912 0.122169 1.961017 0.000000 0.000000
    45 1.068383 -10.478592 7.066338 0.292219 -1.282324 -3.141588
    46 0.000000 0.000000 2.279457 0.547137 -0.343566 0.107833
    47 2.479414 -8.323895 6.074242 -0.008855 0.007342 1.561876
    48 -0.000006 -5.074219 5.929688 0.000000 0.000000 0.000000
    49 -1.068383 -10.478611 7.065971 0.292219 1.282324 3.141588
    50 -0.000488 0.000015 2.279600 0.547136 0.343566 0.107835
    51 -2.479401 -8.323895 6.074234 0.008854 0.007354 1.579716
    52 -5.790000 4.432083 14.255558 -0.566075 0.854488 -2.429205
    53 1.044540 -2.839314 19.743252 -0.500460 0.159578 -0.056421
    54 -2.655510 -1.533379 24.792648 -0.818520 -0.100792 0.393931
    55 -1.120216 -0.154385 9.795983 -0.036726 0.000833 0.319613
    56 -2.240372 -0.308788 19.592047 -0.423001 0.058914 0.559016
    57 -0.683205 2.877342 14.167089 -1.654271 0.293421 -1.629953
    58 -0.144958 -0.145317 7.579308 -1.541365 0.304893 -0.166486
    59 -0.038551 -0.936644 4.697678 -2.189566 0.238585 -0.365176
    60 -0.506317 8.500896 13.617329 -1.647336 0.212855 -1.655049
    61 0.385056 -0.460075 7.003435 -1.471905 0.596196 -0.385484
    62 -0.456360 -0.710276 5.057732 -1.989928 0.545818 -0.699362
    63 2.452194 -8.899408 11.597939 -1.584863 0.130130 -1.205021
    64 -0.680515 -0.903999 6.074242 -1.453600 -0.173890 -0.003171
    65 -0.248295 -0.666843 3.386627 -1.668520 -0.122195 0.124526
    66 0.717491 -3.784309 13.044010 -1.737952 0.022187 -1.478072
    67 -1.099228 -1.407673 8.017876 -1.769453 -0.025241 0.018261
    68 -0.064053 -0.807640 3.686100 -1.839860 -0.037744 0.018150
    69 4.004906 6.172710 4.754800 -0.720161 -0.940295 -1.497252
    70 -0.158381 -1.149773 5.804405 -0.709853 0.935916 0.421637
    71 1.078559 -2.386406 5.215008 -1.588926 1.137129 -0.560559
    72 6.289963 0.932404 13.569109 -0.126801 -0.612098 -2.869612
    73 -1.327759 -0.766682 12.396324 -0.026471 -0.011412 0.233689
    74 0.000017 -54.999996 0.000000 0.000000 0.000000 -1.570796
  time 36
    0 0.000000 0.000000 -1.500000 0.000000 0.000000 0.000000
    1 -10.521344 -5.760963 66.994621 3.097005 -0.050653 -3.139334
    2 -11.968744 17.677344 26.096407 0.400450 0.650768 -0.046522
    3 -0.000034 0.000012 24.761454 -1.752454 -0.203020 -0.051461
    4 0.000017 0.000000 24.344809 2.078193 -0.520278 -0.211987
    5 0.002333 -1.019846 24.031336 0.590778 -0.045275 0.008189
    6 0.000034 0.000008 13.404741 -0.000001 -0.000009 -0.152381
    7 10.398263 -5.760962 66.994675 3.097005 0.050653 3.139334
    8 -9.156696 19.182366 24.335230 1.351430 -0.645971 -0.316394
    9 -0.000004 -0.000006 24.761459 -1.638137 0.189844 -0.920094
    10 -0.000007 0.000004 24.344891 1.207560 -0.131984 -0.280085
    11 -0.002360 -1.019903 24.031330 0.389594 -0.042695 -0.017219
    12 0.000000 -0.000002 13.404737 0.000001 0.000005 -0.715212
    13 -0.061540 -5.245835 72.927078 0.000000 0.000000 0.000000
    14 10.118820 18.276492 -24.474349 0.287218 0.027153 0.751146
    15 0.000000 -0.005608 -1.146812 -0.008544 -0.336745 -0.629670
    16 0.030770 -0.240000 8.906021 -0.004138 0.000000 0.000000
    17 1.425848 -0.182743 -0.066807 0.150595 0.138198 0.793566
    18 0.030770 -0.276858 8.905140 0.056125 0.004134 -0.000049
    19 -0.641910 -0.866338 -0.071490 0.365280 -0.232312 0.054013
    20 5.669724 4.435303 14.302868 1.290414 -1.436420 1.925112
    21 -1.044571 -2.839317 19.743267 -0.065671 -0.302035 0.077930
    22 2.655533 -1.533369 24.792658 -1.164030 0.081543 0.281130
    23 1.120163 -0.154394 9.796035 -0.040250 -0.001543 -0.351002
    24 2.240311 -0.308786 19.592051 -0.287302 0.108823 -0.689637
    25 0.683151 2.877354 14.167051 -1.565689 -0.039385 1.476204
    26 0.144936 -0.145374 7.579252 -1.768042 -0.243277 0.235266
    27 0.091660 -0.906685 4.702850 -1.587439 -0.182567 0.191118
    28 0.506271 8.500866 13.617253 -1.493782 -0.259563 1.406747
    29 -0.384987 -0.460049 7.003448 -1.747476 -0.440889 0.551348
    30 0.561516 -0.596954 5.061852 -1.494443 -0.380569 0.386350
    31 -2.452171 -8.899406 11.597897 -1.703362 -0.228463 1.269081
    32 0.680496 -0.903999 6.074253 -1.628334 0.173844 -0.014233
    33 0.245514 -0.661150 3.388004 -1.484157 0.109547 -0.099193
    34 -0.717484 -3.784271 13.043911 -1.593546 -0.028646 1.464722
    35 1.099216 -1.407745 8.017889 -1.782123 0.031970 -0.017456
    36 0.068439 -0.807653 3.686054 -1.465861 0.033996 -0.009740
    37 -4.004929 6.172707 4.754754 0.109464 1.126798 2.530885
    38 0.158352 -1.149811 5.804394 -1.155128 -0.401825 0.137936
    39 -1.083523 -1.463142 5.544399 -1.824672 -0.082041 0.007965
    40 -6.289886 0.932434 13.569063 -0.126803 0.612110 2.869610
    41 1.327774 -0.766687 12.396328 0.005475 -0.003353 0.051910
    42 -0.096140 1.828087 23.185329 -0.094796 -0.178791 -1.685878
    43 2.325478 -0.000003 6.169296 -0.256231 -0.247396 1.136119
    44 0.000000 -3.152912 0.122169 1.961017 0.000000 0.000000
    45 1.068383 -10.478592 7.066338 0.292219 -1.282324 -3.141588
    46 0.000000 0.000000 2.279457 0.547137 -0.343566 0.107833
    47 2.479414 -8.323895 6.074242 -0.008855 0.007342 1.561876
    48 -0.000006 -5.074219 5.929688 0.000000 0.000000 0.000000
    49 -1.068383 -10.478611 7.065971 0.292219 1.282324 3.141588
    50 -0.000488 0.000015 2.279600 0.547136 0.343566 0.107835
    51 -2.479401 -8.323895 6.074234 0.008854 0.007354 1.579716
    52 -5.790000 4.432083 14.255558 -0.696633 0.893657 -2.491006
    53 1.044540 -2.839314 19.743252 -0.518770 0.173230 -0.056557
    54 -2.655510 -1.533379 24.792648 -0.950071 -0.109127 0.342132
    55 -1.120216 -0.154385 9.795983 -0.036582 0.000809 0.318443
    56 -2.240372 -0.308788 19.592047 -0.422848 0.058023 0.556954
    57 -0.683205 2.877342 14.167089 -1.654271 0.293421 -1.629953
    58 -0.144958 -0.145317 7.579308 -1.541365 0.304893 -0.166486
    59 -0.038551 -0.936644 4.697678 -2.189566 0.238573 -0.365176
    60 -0.506317 8.500896 13.617329 -1.647336 0.212855 -1.655049
    61 0.385056 -0.460075 7.003435 -1.471905 0.596196 -0.385484
    62 -0.456360 -0.710276 5.057732 -1.989928 0.545818 -0.699362
    63 2.452194 -8.899408 11.597939 -1.584863 0.130130 -1.205021
    64 -0.680515 -0.903999 6.074242 -1.453600 -0.173890 -0.003171
    65 -0.248295 -0.666843 3.386627 -1.668478 -0.122195 0.124526
    66 0.717491 -3.784309 13.044010 -1.737952 0.022187 -1.478072
    67 -1.099228 -1.407673 8.017876 -1.769509 -0.025241 0.018261
    68 -0.064053 -0.807640 3.686100 -1.839804 -0.037744 0.018150
    69 4.004906 6.172710 4.754800 -0.720161 -0.940295 -1.497252
    70 -0.158381 -1.149773 5.804405 -0.709818 0.935861 0.421637
    71 1.078559 -2.386406 5.215008 -1.589022 1.137129 -0.560522
    72 6.289963 0.932404 13.569109 -0.126801 -0.612098 -2.869612
    73 -1.327759 -0.766682 12.396324 -0.024254 -0.010729 0.214905
    74 0.000017 -54.999996 0.000000 0.000000 0.000000 -1.570796
  time 37
    0 0.000000 0.000000 -1.500000 0.000000 0.000000 0.000000
    1 -10.521344 -5.760963 66.994621 3.097005 -0.050653 -3.139334
    2 -12.007808 20.415113 28.002493 0.486123 0.743236 -0.108824
    3 -0.000034 0.000012 24.761454 -1.866602 -0.216203 0.030301
    4 0.000017 0.000000 24.344809 2.078871 -0.508010 -0.279204
    5 0.002333 -1.019846 24.031336 0.600336 -0.045335 0.007733
    6 0.000034 0.000008 13.404741 -0.000001 -0.000009 -0.153014
    7 10.398263 -5.760962 66.994675 3.097005 0.050653 3.139334
    8 -8.617617 24.303008 25.526679 1.438531 -0.519402 -0.377374
    9 -0.000004 -0.000006 24.761459 -1.515713 0.175715 -0.812467
    10 -0.000007 0.000004 24.344891 1.046469 -0.185246 -0.323825
    11 -0.002360 -1.019903 24.031330 0.389594 -0.042695 -0.017219
    12 0.000000 -0.000002 13.404737 0.000001 0.000005 -0.679315
    13 -0.061540 -5.245835 72.927078 0.000000 0.000000 0.000000
    14 9.673494 22.329193 -25.871277 0.261647 -0.000461 0.790301
    15 0.000000 -0.005608 -1.146812 -0.050649 -0.320825 -0.552492
    16 0.030770 -0.240000 8.906021 -0.004138 0.000000 0.000000
    17 1.503975 -0.596819 -0.098058 0.201058 0.109294 0.758984
    18 0.030770 -0.276858 8.905140 0.056125 0.004134 -0.000049
    19 -0.634097 -0.917121 -0.079303 0.403563 -0.236858 0.042185
    20 5.669724 4.435303 14.302868 0.906634 -1.368452 2.487271
    21 -1.044571 -2.839317 19.743267 -0.137388 -0.301409 0.081455
    22 2.655533 -1.533369 24.792658 -1.161166 0.078507 0.314369
    23 1.120163 -0.154394 9.796035 -0.040261 -0.001531 -0.351002
    24 2.240311 -0.308786 19.592051 -0.287302 0.108823 -0.689637
    25 0.683151 2.877354 14.167051 -1.565689 -0.039373 1.476204
    26 0.144936 -0.145374 7.579252 -1.768042 -0.243277 0.235266
    27 0.091660 -0.906685 4.702850 -1.587485 -0.182567 0.191118
    28 0.506271 8.500866 13.617253 -1.493844 -0.259563 1.406747
    29 -0.384987 -0.460049 7.003448 -1.747476 -0.440889 0.551348
    30 0.561516 -0.596954 5.061852 -1.494443 -0.380569 0.386350
    31 -2.452171 -8.899406 11.597897 -1.703362 -0.228483 1.269081
    32 0.680496 -0.903999 6.074253 -1.628334 0.173844 -0.014233
    33 0.245514 -0.661150 3.388004 -1.484157 0.109559 -0.099193
    34 -0.717484 -3.784271 13.043911 -1.593590 -0.028646 1.464722
    35 1.099216 -1.407745 8.017889 -1.782123 0.031970 -0.017456
    36 0.068439 -0.807653 3.686054 -1.465861 0.033996 -0.009728
    37 -4.004929 6.172707 4.754754 0.109464 1.126798 2.530885
    38 0.158352 -1.149811 5.804394 -1.155128 -0.401825 0.137936
    39 -1.083523 -1.463142 5.544399 -1.824672 -0.082041 0.007965
    40 -6.289886 0.932434 13.569063 -0.126803 0.612110 2.869610
    41 1.327774 -0.766687 12.396328 0.007141 -0.004443 0.068029
    42 -0.096140 1.828087 23.185329 -0.090875 -0.179811 -1.696517
    43 2.325478 -0.000003 6.169296 -0.257282 -0.244936 1.139631
    44 0.000000 -3.152912 0.122169 1.961017 0.000000 0.000000
    45 1.068383 -10.478592 7.066338 0.292219 -1.282324 -3.141588
    46 0.000000 0.000000 2.279457 0.547137 -0.343566 0.107833
    47 2.479414 -8.323895 6.074242 -0.008855 0.007342 1.561876
    48 -0.000006 -5.074219 5.929688 0.000000 0.000000 0.000000
    49 -1.068383 -10.478611 7.065971 0.292219 1.282324 3.141588
    50 -0.000488 0.000015 2.279600 0.547136 0.343566 0.107835
    51 -2.479401 -8.323895 6.074234 0.008854 0.007354 1.579716
    52 -5.790000 4.432083 14.255558 -0.813100 0.930044 -2.561335
    53 1.044540 -2.839314 19.743252 -0.517323 0.209098 -0.063116
    54 -2.655510 -1.533379 24.792648 -1.051477 -0.116194 0.282077
    55 -1.120216 -0.154385 9.795983 -0.036402 0.000785 0.316974
    56 -2.240372 -0.308788 19.592047 -0.422772 0.056835 0.554205
    57 -0.683205 2.877342 14.167089 -1.654271 0.293421 -1.629953
    58 -0.144958 -0.145317 7.579308 -1.541365 0.304893 -0.166486
    59 -0.038551 -0.936644 4.697678 -2.189566 0.238573 -0.365176
    60 -0.506317 8.500896 13.617329 -1.647336 0.212855 -1.655049
    61 0.385056 -0.460075 7.003435 -1.471905 0.596196 -0.385484
    62 -0.456360 -0.710276 5.057732 -1.989928 0.545818 -0.699362
    63 2.452194 -8.899408 11.597939 -1.584863 0.130130 -1.205021
    64 -0.680515 -0.903999 6.074242 -1.453600 -0.173890 -0.003171
    65 -0.248295 -0.666843 3.386627 -1.668478 -0.122195 0.124526
    66 0.717491 -3.784309 13.044010 -1.737952 0.022187 -1.478060
    67 -1.099228 -1.407673 8.017876 -1.769509 -0.025253 0.018249
    68 -0.064053 -0.807640 3.686100 -1.839804 -0.037744 0.018150
    69 4.004906 6.172710 4.754800 -0.720161 -0.940295 -1.497252
    70 -0.158381 -1.149773 5.804405 -0.709853 0.935861 0.421666
    71 1.078559 -2.386406 5.215008 -1.588974 1.137160 -0.560559
    72 6.289963 0.932404 13.569109 -0.126801 -0.612098 -2.869612
    73 -1.327759 -0.766682 12.396324 -0.021546 -0.009818 0.191773
    74 0.000017 -54.999996 0.000000 0.000000 0.000000 -1.570796
  time 38
    0 0.000000 0.000000 -1.500000 0.000000 0.000000 0.000000
    1 -10.521344 -5.760963 66.994621 3.097005 -0.050653 -3.139334
    2 -12.097654 22.367155 29.594636 0.547951 0.827103 -0.145873
    3 -0.000034 0.000012 24.761454 -1.949693 -0.225803 0.101842
    4 0.000017 0.000000 24.344809 2.069316 -0.508123 -0.320796
    5 0.002333 -1.019846 24.031336 0.600336 -0.045335 0.007733
    6 0.000034 0.000008 13.404741 -0.000001 -0.000009 -0.159511
    7 10.398263 -5.760962 66.994675 3.097005 0.050653 3.139334
    8 -8.027755 28.099777 26.583247 1.484940 -0.375604 -0.383480
    9 -0.000004 -0.000006 24.761459 -1.390704 0.161237 -0.665722
    10 -0.000007 0.000004 24.344891 0.899835 -0.227864 -0.316972
    11 -0.002360 -1.019903 24.031330 0.389594 -0.042695 -0.017219
    12 0.000000 -0.000002 13.404737 0.000001 0.000005 -0.600737
    13 -0.061540 -5.245835 72.927078 0.000000 0.000000 0.000000
    14 9.255513 25.298845 -27.110488 0.240972 -0.022156 0.826693
    15 0.000000 -0.005608 -1.146812 -0.081748 -0.308904 -0.496810
    16 0.030770 -0.240000 8.906021 -0.004138 0.000000 0.000000
    17 1.535226 -0.944485 -0.133215 0.241694 0.084112 0.727356
    18 0.030770 -0.276858 8.905140 0.056125 0.004134 -0.000049
    19 -0.622378 -0.952278 -0.079303 0.430622 -0.239553 0.032549
    20 5.669724 4.435303 14.302868 0.842607 -1.298829 2.693409
    21 -1.044571 -2.839317 19.743267 -0.181759 -0.306001 0.083006
    22 2.655533 -1.533369 24.792658 -1.158432 0.075356 0.348497
    23 1.120163 -0.154394 9.796035 -0.040261 -0.001531 -0.351002
    24 2.240311 -0.308786 19.592051 -0.287302 0.108823 -0.689637
    25 0.683151 2.877354 14.167051 -1.565689 -0.039373 1.476204
    26 0.144936 -0.145374 7.579252 -1.768042 -0.243277 0.235278
    27 0.091660 -0.906685 4.702850 -1.587439 -0.182567 0.191118
    28 0.506271 8.500866 13.617253 -1.493844 -0.259563 1.406747
    29 -0.384987 -0.460049 7.003448 -1.747476 -0.440889 0.551348
    30 0.561516 -0.596954 5.061852 -1.494443 -0.380569 0.386350
    31 -2.452171 -8.899406 11.597897 -1.703362 -0.228463 1.269081
    32 0.680496 -0.903999 6.074253 -1.628334 0.173844 -0.014233
    33 0.245514 -0.661150 3.388004 -1.484157 0.109559 -0.099193
    34 -0.717484 -3.784271 13.043911 -1.593590 -0.028646 1.464722
    35 1.099216 -1.407745 8.017889 -1.782123 0.031970 -0.017456
    36 0.068439 -0.807653 3.686054 -1.465861 0.033996 -0.009728
    37 -4.004929 6.172707 4.754754 0.109464 1.126798 2.530885
    38 0.158352 -1.149811 5.804394 -1.155128 -0.401825 0.137936
    39 -1.083523 -1.463142 5.544399 -1.824672 -0.082041 0.007965
    40 -6.289886 0.932434 13.569063 -0.126803 0.612110 2.869610
    41 1.327774 -0.766687 12.396328 0.008915 -0.005678 0.085454
    42 -0.096140 1.828087 23.185329 -0.087451 -0.180639 -1.705872
    43 2.325478 -0.000003 6.169296 -0.258237 -0.242780 1.142744
    44 0.000000 -3.152912 0.122169 1.961017 0.000000 0.000000
    45 1.068383 -10.478592 7.066338 0.292219 -1.282324 -3.141588
    46 0.000000 0.000000 2.279457 0.547137 -0.343566 0.107833
    47 2.479414 -8.323895 6.074242 -0.008855 0.007342 1.561876
    48 -0.000006 -5.074219 5.929688 0.000000 0.000000 0.000000
    49 -1.068383 -10.478611 7.065971 0.292219 1.282324 3.141588
    50 -0.000488 0.000015 2.279600 0.547136 0.343566 0.107835
    51 -2.479401 -8.323895 6.074234 0.008854 0.007354 1.579716
    52 -5.790000 4.432083 14.255558 -0.912121 0.959950 -2.627543
    53 1.044540 -2.839314 19.743252 -0.496898 0.261204 -0.074274
    54 -2.655510 -1.533379 24.792648 -1.118460 -0.121021 0.236185
    55 -1.120216 -0.154385 9.795983 -0.036258 0.000749 0.315641
    56 -2.240372 -0.308788 19.592047 -0.422619 0.055746 0.551799
    57 -0.683205 2.877342 14.167089 -1.654271 0.293421 -1.629953
    58 -0.144958 -0.145317 7.579308 -1.541365 0.304893 -0.166486
    59 -0.038551 -0.936644 4.697678 -2.189566 0.238573 -0.365164
    60 -0.506317 8.500896 13.617329 -1.647336 0.212855 -1.655049
    61 0.385056 -0.460075 7.003435 -1.471905 0.596196 -0.385484
    62 -0.456360 -0.710276 5.057732 -1.989928 0.545818 -0.699362
    63 2.452194 -8.899408 11.597939 -1.584863 0.130130 -1.205021
    64 -0.680515 -0.903999 6.074242 -1.453600 -0.173890 -0.003171
    65 -0.248295 -0.666843 3.386627 -1.668478 -0.122195 0.124526
    66 0.717491 -3.784309 13.044010 -1.737902 0.022187 -1.478072
    67 -1.099228 -1.407673 8.017876 -1.769509 -0.025253 0.018261
    68 -0.064053 -0.807640 3.686100 -1.839860 -0.037744 0.018150
    69 4.004906 6.172710 4.754800 -0.720161 -0.940295 -1.497252
    70 -0.158381 -1.149773 5.804405 -0.709818 0.935861 0.421637
    71 1.078559 -2.386406 5.215008 -1.589022 1.137129 -0.560559
    72 6.289963 0.932404 13.569109 -0.126801 -0.612098 -2.869612
    73 -1.327759 -0.766682 12.396324 -0.019580 -0.009135 0.174979
    74 0.000017 -54.999996 0.000000 0.000000 0.000000 -1.570796
  time 39
    0 0.000000 0.000000 -1.500000 0.000000 0.000000 0.000000
    1 -10.521344 -5.760963 66.994621 3.097005 -0.050653 -3.139334
    2 -12.128905 23.054666 30.805561 0.554168 0.879294 -0.182791
    3 -0.000034 0.000012 24.761454 -1.996401 -0.231196 0.142642
    4 0.000017 0.000000 24.344809 2.084111 -0.509617 -0.354264
    5 0.002333 -1.019846 24.031336 0.600336 -0.045347 0.007733
    6 0.000034 0.000008 13.404741 -0.000001 -0.000009 -0.163603
    7 10.398263 -5.760962 66.994675 3.097005 0.050653 3.139334
    8 -7.519927 29.948204 27.482454 1.513519 -0.293957 -0.387771
    9 -0.000004 -0.000006 24.761459 -1.333122 0.154598 -0.577905
    10 -0.000007 0.000004 24.344891 0.821936 -0.245196 -0.310982
    11 -0.002360 -1.019903 24.031330 0.389594 -0.042695 -0.017219
    12 0.000000 -0.000002 13.404737 0.000001 0.000005 -0.553955
    13 -0.061540 -5.245835 72.927078 0.000000 0.000000 0.000000
    14 8.935190 26.614809 -28.146918 0.229099 -0.032978 0.865127
    15 0.000000 -0.005608 -1.146812 -0.093869 -0.304199 -0.475369
    16 0.030770 -0.240000 8.906021 -0.004138 0.000000 0.000000
    17 1.531320 -1.131991 -0.156653 0.262106 0.071350 0.701998
    18 0.030770 -0.276858 8.905140 0.056125 0.004134 -0.000049
    19 -0.618472 -0.963997 -0.075397 0.441131 -0.240849 0.027288
    20 5.669724 4.435303 14.302868 0.847871 -1.266590 2.761451
    21 -1.044571 -2.839317 19.743267 -0.164783 -0.309184 0.082357
    22 2.655533 -1.533369 24.792658 -1.156653 0.073204 0.371545
    23 1.120163 -0.154394 9.796035 -0.040261 -0.001531 -0.351002
    24 2.240311 -0.308786 19.592051 -0.287302 0.108823 -0.689637
    25 0.683151 2.877354 14.167051 -1.565689 -0.039385 1.476204
    26 0.144936 -0.145374 7.579252 -1.768042 -0.243277 0.235290
    27 0.091660 -0.906685 4.702850 -1.587439 -0.182567 0.191118
    28 0.506271 8.500866 13.617253 -1.493844 -0.259563 1.406747
    29 -0.384987 -0.460049 7.003448 -1.747476 -0.440889 0.551348
    30 0.561516 -0.596954 5.061852 -1.494443 -0.380569 0.386350
    31 -2.452171 -8.899406 11.597897 -1.703362 -0.228463 1.269081
    32 0.680496 -0.903999 6.074253 -1.628334 0.173844 -0.014233
    33 0.245514 -0.661150 3.388004 -1.484157 0.109559 -0.099193
    34 -0.717484 -3.784271 13.043911 -1.593590 -0.028634 1.464722
    35 1.099216 -1.407745 8.017889 -1.782123 0.031970 -0.017456
    36 0.068439 -0.807653 3.686054 -1.465861 0.033996 -0.009728
    37 -4.004929 6.172707 4.754754 0.109464 1.126798 2.530885
    38 0.158352 -1.149811 5.804394 -1.155128 -0.401825 0.137936
    39 -1.083523 -1.463142 5.544399 -1.824672 -0.082029 0.007965
    40 -6.289886 0.932434 13.569063 -0.126803 0.612110 2.869610
    41 1.327774 -0.766687 12.396328 0.010053 -0.006481 0.096803
    42 -0.096140 1.828087 23.185329 -0.085961 -0.180990 -1.709816
    43 2.325478 -0.000003 6.169296 -0.258619 -0.241854 1.144062
    44 0.000000 -3.152912 0.122169 1.961017 0.000000 0.000000
    45 1.068383 -10.478592 7.066338 0.292219 -1.282324 -3.141588
    46 0.000000 0.000000 2.279457 0.547137 -0.343566 0.107833
    47 2.479414 -8.323895 6.074242 -0.008855 0.007342 1.561876
    48 -0.000006 -5.074219 5.929688 0.000000 0.000000 0.000000
    49 -1.068383 -10.478611 7.065971 0.292219 1.282324 3.141588
    50 -0.000488 0.000015 2.279600 0.547136 0.343566 0.107835
    51 -2.479401 -8.323895 6.074234 0.008854 0.007354 1.579716
    52 -5.790000 4.432083 14.255558 -0.985548 0.982172 -2.673439
    53 1.044540 -2.839314 19.743252 -0.475247 0.325266 -0.087065
    54 -2.655510 -1.533379 24.792648 -1.145334 -0.123028 0.218616
    55 -1.120216 -0.154385 9.795983 -0.036187 0.000737 0.315070
    56 -2.240372 -0.308788 19.592047 -0.422543 0.055350 0.550768
    57 -0.683205 2.877342 14.167089 -1.654271 0.293421 -1.629953
    58 -0.144958 -0.145317 7.579308 -1.541365 0.304893 -0.166486
    59 -0.038551 -0.936644 4.697678 -2.189566 0.238573 -0.365176
    60 -0.506317 8.500896 13.617329 -1.647336 0.212855 -1.655049
    61 0.385056 -0.460075 7.003435 -1.471905 0.596196 -0.385484
    62 -0.456360 -0.710276 5.057732 -1.989928 0.545818 -0.699362
    63 2.452194 -8.899408 11.597939 -1.584863 0.130130 -1.205021
    64 -0.680515 -0.903999 6.074242 -1.453600 -0.173890 -0.003171
    65 -0.248295 -0.666843 3.386627 -1.668520 -0.122195 0.124526
    66 0.717491 -3.784309 13.044010 -1.737952 0.022187 -1.478072
    67 -1.099228 -1.407673 8.017876 -1.769509 -0.025241 0.018261
    68 -0.064053 -0.807640 3.686100 -1.839804 -0.037744 0.018150
    69 4.004906 6.172710 4.754800 -0.720161 -0.940295 -1.497252
    70 -0.158381 -1.149773 5.804405 -0.709818 0.935861 0.421637
    71 1.078559 -2.386406 5.215008 -1.589022 1.137129 -0.560559
    72 6.289963 0.932404 13.569109 -0.126801 -0.612098 -2.869612
    73 -1.327759 -0.766682 12.396324 -0.019041 -0.008919 0.170167
    74 0.000017 -54.999996 0.000000 0.000000 0.000000 -1.570796
  time 40
    0 0.000000 0.000000 -1.500000 0.000000 0.000000 0.000000
    1 -10.521344 -5.760963 66.994621 3.097005 -0.050653 -3.139334
    2 -12.070310 21.777859 32.509826 0.375719 0.902258 -0.351041
    3 -0.000034 0.000012 24.761454 -2.029857 -0.235067 0.191422
    4 0.000017 0.000000 24.344809 2.207282 -0.518286 -0.412774
    5 0.002333 -1.019846 24.031336 0.600336 -0.045335 0.007733
    6 0.000034 0.000008 13.404741 -0.000001 -0.000009 -0.125635
    7 10.398263 -5.760962 66.994675 3.097005 0.050653 3.139334
    8 -6.480833 30.547693 29.033586 1.575710 -0.199213 -0.418302
    9 -0.000004 -0.000006 24.761459 -1.355286 0.157150 -0.469632
    10 -0.000007 0.000004 24.344891 0.780437 -0.237152 -0.312222
    11 -0.002360 -1.019903 24.031330 0.389594 -0.042695 -0.017219
    12 0.000000 -0.000002 13.404737 0.000001 0.000005 -0.499788
    13 -0.061540 -5.245835 72.927078 0.000000 0.000000 0.000000
    14 8.396111 26.265438 -29.814220 0.227050 -0.040617 0.985895
    15 0.000000 -0.005608 -1.146812 -0.098814 -0.311774 -0.495370
    16 0.030770 -0.240000 8.906021 -0.004138 0.000000 0.000000
    17 1.433661 -1.296059 -0.191810 0.272376 0.061804 0.642457
    18 0.030770 -0.276858 8.905140 0.056125 0.004134 -0.000049
    19 -0.618472 -0.956185 -0.098835 0.441345 -0.241281 0.020996
    20 5.669724 4.435303 14.302868 0.850072 -1.253835 2.808793
    21 -1.044571 -2.839317 19.743267 -0.026338 -0.310228 0.074715
    22 2.655533 -1.533369 24.792658 -0.974431 0.051839 0.424274
    23 1.120163 -0.154394 9.796035 -0.040273 -0.001543 -0.351071
    24 2.240311 -0.308786 19.592051 -0.295788 0.108915 -0.688332
    25 0.683151 2.877354 14.167051 -1.565689 -0.039373 1.476204
    26 0.144936 -0.145374 7.579252 -1.768042 -0.243277 0.235266
    27 0.091660 -0.906685 4.702850 -1.587439 -0.182567 0.191106
    28 0.506271 8.500866 13.617253 -1.493844 -0.259563 1.406747
    29 -0.384987 -0.460049 7.003448 -1.747476 -0.440889 0.551348
    30 0.561516 -0.596954 5.061852 -1.494372 -0.380569 0.386314
    31 -2.452171 -8.899406 11.597897 -1.703362 -0.228463 1.269081
    32 0.680496 -0.903999 6.074253 -1.628017 0.173820 -0.014245
    33 0.245514 -0.661150 3.388004 -1.484370 0.109499 -0.099205
    34 -0.717484 -3.784271 13.043911 -1.593546 -0.028634 1.464722
    35 1.099216 -1.407745 8.017889 -1.782123 0.031970 -0.017456
    36 0.068439 -0.807653 3.686054 -1.465861 0.033996 -0.009740
    37 -4.004929 6.172707 4.754754 0.109464 1.126798 2.530885
    38 0.158352 -1.149811 5.804394 -1.155128 -0.401825 0.137936
    39 -1.083523 -1.463142 5.544399 -1.824672 -0.082077 0.007923
    40 -6.289886 0.932434 13.569063 -0.118103 0.612110 2.869610
    41 1.327774 -0.766687 12.396328 0.013672 -0.009165 0.133310
    42 -0.096140 1.828087 23.185329 -0.085961 -0.180990 -1.709816
    43 2.325478 -0.000003 6.169296 -0.258619 -0.241854 1.144062
    44 0.000000 -3.152912 0.122169 1.961017 0.000000 0.000000
    45 1.068383 -10.478592 7.066338 0.292219 -1.282324 -3.141588
    46 0.000000 0.000000 2.279457 0.547137 -0.343566 0.107833
    47 2.479414 -8.323895 6.074242 -0.008855 0.007342 1.561876
    48 -0.000006 -5.074219 5.929688 0.000000 0.000000 0.000000
    49 -1.068383 -10.478611 7.065971 0.292219 1.282324 3.141588
    50 -0.000488 0.000015 2.279600 0.547136 0.343566 0.107835
    51 -2.479401 -8.323895 6.074234 0.008854 0.007354 1.579716
    52 -5.790000 4.432083 14.255558 -0.941166 1.054737 -2.698446
    53 1.044540 -2.839314 19.743252 -0.491610 0.559680 -0.141441
    54 -2.655510 -1.533379 24.792648 -1.140553 -0.119818 0.129027
    55 -1.120216 -0.154385 9.795983 -0.036187 0.000737 0.315070
    56 -2.240372 -0.308788 19.592047 -0.422543 0.055350 0.550682
    57 -0.683205 2.877342 14.167089 -1.654271 0.293421 -1.629953
    58 -0.144958 -0.145317 7.579308 -1.541365 0.304893 -0.166486
    59 -0.038551 -0.936644 4.697678 -2.189566 0.238585 -0.365188
    60 -0.506317 8.500896 13.617329 -1.647336 0.212855 -1.655049
    61 0.385056 -0.460075 7.003435 -1.471905 0.596196 -0.385484
    62 -0.456360 -0.710276 5.057732 -1.989928 0.545818 -0.699362
    63 2.452194 -8.899408 11.597939 -1.584823 0.130200 -1.204926
    64 -0.680515 -0.903999 6.074242 -1.453600 -0.173890 -0.003171
    65 -0.248295 -0.666843 3.386627 -1.668562 -0.122147 0.124610
    66 0.717491 -3.784309 13.044010 -1.737952 0.022187 -1.478060
    67 -1.099228 -1.407673 8.017876 -1.769453 -0.025253 0.018261
    68 -0.064053 -0.807640 3.686100 -1.839860 -0.037732 0.018150
    69 4.004906 6.172710 4.754800 -0.720161 -0.940295 -1.497252
    70 -0.158381 -1.149773 5.804405 -0.709853 0.935861 0.421666
    71 1.078559 -2.386406 5.215008 -1.588926 1.137160 -0.560559
    72 6.289963 0.932404 13.569109 -0.126801 -0.612098 -2.869612
    73 -1.327759 -0.766682 12.396324 -0.014451 -0.007145 0.130287
    74 0.000017 -54.999996 0.000000 0.000000 0.000000 -1.570796
  time 41
    0 0.000000 0.000000 -1.500000 0.000000 0.000000 0.000000
    1 -10.521344 -5.760963 66.994621 3.097005 -0.050653 -3.139334
    2 -12.070310 21.777859 32.509826 0.375719 0.902258 -0.351041
    3 -0.000034 0.000012 24.761454 -2.029857 -0.235067 0.191422
    4 0.000017 0.000000 24.344809 2.207282 -0.518286 -0.412774
    5 0.002333 -1.019846 24.031336 0.600336 -0.045335 0.007733
    6 0.000034 0.000008 13.404741 -0.000001 -0.000009 -0.125635
    7 10.398263 -5.760962 66.994675 3.097005 0.050653 3.139334
    8 -6.480833 30.547693 29.033586 1.575710 -0.199213 -0.418302
    9 -0.000004 -0.000006 24.761459 -1.355286 0.157150 -0.469632
    10 -0.000007 0.000004 24.344891 0.780437 -0.237152 -0.312222
    11 -0.002360 -1.019903 24.031330 0.389594 -0.042695 -0.017219
    12 0.000000 -0.000002 13.404737 0.000001 0.000005 -0.499788
    13 -0.061540 -5.245835 72.927078 0.000000 0.000000 0.000000
    14 8.396111 26.265438 -29.814220 0.227050 -0.040617 0.985895
    15 0.000000 -0.005608 -1.146812 -0.098814 -0.311774 -0.495370
    16 0.030770 -0.240000 8.906021 -0.004138 0.000000 0.000000
    17 1.433661 -1.296059 -0.191810 0.272376 0.061804 0.642457
    18 0.030770 -0.276858 8.905140 0.056125 0.004134 -0.000049
    19 -0.618472 -0.956185 -0.098835 0.441345 -0.241281 0.020996
    20 5.669724 4.435303 14.302868 0.850072 -1.253835 2.808793
    21 -1.044571 -2.839317 19.743267 -0.026338 -0.310228 0.074715
    22 2.655533 -1.533369 24.792658 -0.974431 0.051839 0.424274
    23 1.120163 -0.154394 9.796035 -0.040273 -0.001543 -0.351071
    24 2.240311 -0.308786 19.592051 -0.295788 0.108915 -0.688332
    25 0.683151 2.877354 14.167051 -1.565689 -0.039373 1.476204
    26 0.144936 -0.145374 7.579252 -1.768042 -0.243277 0.235266
    27 0.091660 -0.906685 4.702850 -1.587439 -0.182567 0.191106
    28 0.506271 8.500866 13.617253 -1.493844 -0.259563 1.406747
    29 -0.384987 -0.460049 7.003448 -1.747476 -0.440889 0.551348
    30 0.561516 -0.596954 5.061852 -1.494372 -0.380569 0.386314
    31 -2.452171 -8.899406 11.597897 -1.703362 -0.228463 1.269081
    32 0.680496 -0.903999 6.074253 -1.628017 0.173820 -0.014245
    33 0.245514 -0.661150 3.388004 -1.484370 0.109499 -0.099205
    34 -0.717484 -3.784271 13.043911 -1.593546 -0.028634 1.464722
    35 1.099216 -1.407745 8.017889 -1.782123 0.031970 -0.017456
    36 0.068439 -0.807653 3.686054 -1.465861 0.033996 -0.009740
    37 -4.004929 6.172707 4.754754 0.109464 1.126798 2.530885
    38 0.158352 -1.149811 5.804394 -1.155128 -0.401825 0.137936
    39 -1.083523 -1.463142 5.544399 -1.824672 -0.082077 0.007923
    40 -6.289886 0.932434 13.569063 -0.118103 0.612110 2.869610
    41 1.327774 -0.766687 12.396328 0.013672 -0.009165 0.133310
    42 -0.096140 1.828087 23.185329 -0.085961 -0.180990 -1.709816
    43 2.325478 -0.000003 6.169296 -0.258619 -0.241854 1.144062
    44 0.000000 -3.152912 0.122169 1.961017 0.000000 0.000000
    45 1.068383 -10.478592 7.066338 0.292219 -1.282324 -3.141588
    46 0.000000 0.000000 2.279457 0.547137 -0.343566 0.107833
    47 2.479414 -8.323895 6.074242 -0.008855 0.007342 1.561876
    48 -0.000006 -5.074219 5.929688 0.000000 0.000000 0.000000
    49 -1.068383 -10.478611 7.065971 0.292219 1.282324 3.141588
    50 -0.000488 0.000015 2.279600 0.547136 0.343566 0.107835
    51 -2.479401 -8.323895 6.074234 0.008854 0.007354 1.579716
    52 -5.790000 4.432083 14.255558 -0.941166 1.054737 -2.698446
    53 1.044540 -2.839314 19.743252 -0.491610 0.559680 -0.141441
    54 -2.655510 -1.533379 24.792648 -1.140553 -0.119818 0.129027
    55 -1.120216 -0.154385 9.795983 -0.036187 0.000737 0.315070
    56 -2.240372 -0.308788 19.592047 -0.422543 0.055350 0.550682
    57 -0.683205 2.877342 14.167089 -1.654271 0.293421 -1.629953
    58 -0.144958 -0.145317 7.579308 -1.541365 0.304893 -0.166486
    59 -0.038551 -0.936644 4.697678 -2.189566 0.238585 -0.365188
    60 -0.506317 8.500896 13.617329 -1.647336 0.212855 -1.655049
    61 0.385056 -0.460075 7.003435 -1.471905 0.596196 -0.385484
    62 -0.456360 -0.710276 5.057732 -1.989928 0.545818 -0.699362
    63 2.452194 -8.899408 11.597939 -1.584823 0.130200 -1.204926
    64 -0.680515 -0.903999 6.074242 -1.453600 -0.173890 -0.003171
    65 -0.248295 -0.666843 3.386627 -1.668562 -0.122147 0.124610
    66 0.717491 -3.784309 13.044010 -1.737952 0.022187 -1.478060
    67 -1.099228 -1.407673 8.017876 -1.769453 -0.025253 0.018261
    68 -0.064053 -0.807640 3.686100 -1.839860 -0.037732 0.018150
    69 4.004906 6.172710 4.754800 -0.720161 -0.940295 -1.497252
    70 -0.158381 -1.149773 5.804405 -0.709853 0.935861 0.421666
    71 1.078559 -2.386406 5.215008 -1.588926 1.137160 -0.560559
    72 6.289963 0.932404 13.569109 -0.126801 -0.612098 -2.869612
    73 -1.327759 -0.766682 12.396324 -0.014451 -0.007145 0.130287
    74 0.000017 -54.999996 0.000000 0.000000 0.000000 -1.570796
  time 42
    0 0.000000 0.000000 -1.500000 0.000000 0.000000 0.000000
    1 -10.521344 -5.760963 66.994621 3.097005 -0.050653 -3.139334
    2 -12.074216 21.065794 32.846194 0.300158 0.889648 -0.410066
    3 -0.000034 0.000012 24.761454 -2.025304 -0.234540 0.201235
    4 0.000017 0.000000 24.344809 2.250866 -0.522088 -0.424290
    5 0.002333 -1.019846 24.031336 0.600336 -0.045335 0.007733
    6 0.000034 0.000008 13.404741 -0.000001 -0.000009 -0.105807
    7 10.398263 -5.760962 66.994675 3.097005 0.050653 3.139334
    8 -6.230825 30.297906 29.348309 1.591321 -0.177375 -0.428369
    9 -0.000004 -0.000006 24.761459 -1.377615 0.159739 -0.444762
    10 -0.000007 0.000004 24.344891 0.784632 -0.229753 -0.313904
    11 -0.002360 -1.019903 24.031330 0.389594 -0.042695 -0.017219
    12 0.000000 -0.000002 13.404737 0.000001 0.000005 -0.486391
    13 -0.061540 -5.245835 72.927078 0.000000 0.000000 0.000000
    14 8.298452 25.764673 -30.129655 0.231403 -0.042062 1.020906
    15 0.000000 -0.005608 -1.146812 -0.100887 -0.314990 -0.503767
    16 0.030770 -0.240000 8.906021 -0.004138 0.000000 0.000000
    17 1.390691 -1.327310 -0.203529 0.272691 0.058904 0.625645
    18 0.030770 -0.276858 8.905140 0.056125 0.004134 -0.000049
    19 -0.618472 -0.948372 -0.110554 0.441095 -0.240746 0.019402
    20 5.669724 4.435303 14.302868 0.847680 -1.251580 2.819239
    21 -1.044571 -2.839317 19.743267 0.004335 -0.307775 0.072684
    22 2.655533 -1.533369 24.792658 -0.858562 0.041041 0.441985
    23 1.120163 -0.154394 9.796035 -0.040273 -0.001543 -0.351071
    24 2.240311 -0.308786 19.592051 -0.299313 0.108915 -0.687778
    25 0.683151 2.877354 14.167051 -1.565689 -0.039385 1.476204
    26 0.144936 -0.145374 7.579252 -1.768042 -0.243277 0.235266
    27 0.091660 -0.906685 4.702850 -1.587439 -0.182567 0.191106
    28 0.506271 8.500866 13.617253 -1.493844 -0.259563 1.406747
    29 -0.384987 -0.460049 7.003448 -1.747476 -0.440889 0.551348
    30 0.561516 -0.596954 5.061852 -1.494372 -0.380569 0.386314
    31 -2.452171 -8.899406 11.597897 -1.703362 -0.228463 1.269081
    32 0.680496 -0.903999 6.074253 -1.628017 0.173820 -0.014245
    33 0.245514 -0.661150 3.388004 -1.484370 0.109499 -0.099205
    34 -0.717484 -3.784271 13.043911 -1.593590 -0.028646 1.464722
    35 1.099216 -1.407745 8.017889 -1.782123 0.031970 -0.017456
    36 0.068439 -0.807653 3.686054 -1.465861 0.033996 -0.009740
    37 -4.004929 6.172707 4.754754 0.109464 1.126798 2.530885
    38 0.158352 -1.149811 5.804394 -1.155128 -0.401825 0.137936
    39 -1.083523 -1.463142 5.544399 -1.824672 -0.082077 0.007923
    40 -6.289886 0.932434 13.569063 -0.114430 0.612110 2.869610
    41 1.327774 -0.766687 12.396328 0.015230 -0.010388 0.149228
    42 -0.096140 1.828087 23.185329 -0.085961 -0.180990 -1.709816
    43 2.325478 -0.000003 6.169296 -0.258619 -0.241854 1.144062
    44 0.000000 -3.152912 0.122169 1.961017 0.000000 0.000000
    45 1.068383 -10.478592 7.066338 0.292219 -1.282324 -3.141588
    46 0.000000 0.000000 2.279457 0.547137 -0.343566 0.107833
    47 2.479414 -8.323895 6.074242 -0.008855 0.007342 1.561876
    48 -0.000006 -5.074219 5.929688 0.000000 0.000000 0.000000
    49 -1.068383 -10.478611 7.065971 0.292219 1.282324 3.141588
    50 -0.000488 0.000015 2.279600 0.547136 0.343566 0.107835
    51 -2.479401 -8.323895 6.074234 0.008854 0.007354 1.579716
    52 -5.790000 4.432083 14.255558 -0.854990 1.083148 -2.683499
    53 1.044540 -2.839314 19.743252 -0.508084 0.632815 -0.165309
    54 -2.655510 -1.533379 24.792648 -1.132501 -0.116453 0.064126
    55 -1.120216 -0.154385 9.795983 -0.036187 0.000737 0.315070
    56 -2.240372 -0.308788 19.592047 -0.422543 0.055350 0.550768
    57 -0.683205 2.877342 14.167089 -1.654271 0.293421 -1.629966
    58 -0.144958 -0.145317 7.579308 -1.541365 0.304893 -0.166486
    59 -0.038551 -0.936644 4.697678 -2.189566 0.238585 -0.365176
    60 -0.506317 8.500896 13.617329 -1.647336 0.212855 -1.655094
    61 0.385056 -0.460075 7.003435 -1.471905 0.596196 -0.385484
    62 -0.456360 -0.710276 5.057732 -1.989928 0.545818 -0.699362
    63 2.452194 -8.899408 11.597939 -1.584823 0.130200 -1.204949
    64 -0.680515 -0.903999 6.074242 -1.453600 -0.173890 -0.003171
    65 -0.248295 -0.666843 3.386627 -1.668562 -0.122147 0.124610
    66 0.717491 -3.784309 13.044010 -1.737952 0.022187 -1.478072
    67 -1.099228 -1.407673 8.017876 -1.769509 -0.025241 0.018261
    68 -0.064053 -0.807640 3.686100 -1.839860 -0.037732 0.018150
    69 4.004906 6.172710 4.754800 -0.720161 -0.940295 -1.497252
    70 -0.158381 -1.149773 5.804405 -0.709818 0.935861 0.421637
    71 1.078559 -2.386406 5.215008 -1.589022 1.137129 -0.560559
    72 6.289963 0.932404 13.569109 -0.126801 -0.612098 -2.869612
    73 -1.327759 -0.766682 12.396324 -0.010843 -0.005587 0.098642
    74 0.000017 -54.999996 0.000000 0.000000 0.000000 -1.570796
  time 43
    0 0.000000 0.000000 -1.500000 0.000000 0.000000 0.000000
    1 -10.521344 -5.760963 66.994621 3.097005 -0.050653 -3.139334
    2 -12.097654 20.280066 33.137713 0.222957 0.871055 -0.468261
    3 -0.000034 0.000012 24.761454 -2.017255 -0.233605 0.209949
    4 0.000017 0.000000 24.344809 2.295622 -0.526525 -0.434877
    5 0.002333 -1.019846 24.031336 0.600336 -0.045335 0.007733
    6 0.000034 0.000008 13.404741 -0.000001 -0.000009 -0.084650
    7 10.398263 -5.760962 66.994675 3.097005 0.050653 3.139334
    8 -6.012069 29.948204 29.663031 1.608213 -0.156780 -0.438601
    9 -0.000004 -0.000006 24.761459 -1.405333 0.162939 -0.421758
    10 -0.000007 0.000004 24.344891 0.792764 -0.221398 -0.316678
    11 -0.002360 -1.019903 24.031330 0.389594 -0.042695 -0.017219
    12 0.000000 -0.000002 13.404737 0.000001 0.000005 -0.474046
    13 -0.061540 -5.245835 72.927078 0.000000 0.000000 0.000000
    14 8.235950 25.182388 -30.467622 0.236844 -0.043232 1.050993
    15 0.000000 -0.005608 -1.146812 -0.102099 -0.316841 -0.508631
    16 0.030770 -0.240000 8.906021 -0.004138 0.000000 0.000000
    17 1.351627 -1.354654 -0.226968 0.272355 0.056094 0.611070
    18 0.030770 -0.276858 8.905140 0.056125 0.004134 -0.000049
    19 -0.610659 -0.948372 -0.133992 0.440702 -0.239903 0.018120
    20 5.669724 4.435303 14.302868 0.846818 -1.250205 2.827672
    21 -1.044571 -2.839317 19.743267 0.028942 -0.302348 0.071387
    22 2.655533 -1.533369 24.792658 -0.730195 0.030858 0.457674
    23 1.120163 -0.154394 9.796035 -0.040273 -0.001543 -0.351140
    24 2.240311 -0.308786 19.592051 -0.301402 0.108915 -0.687461
    25 0.683151 2.877354 14.167051 -1.565689 -0.039385 1.476204
    26 0.144936 -0.145374 7.579252 -1.768042 -0.243277 0.235278
    27 0.091660 -0.906685 4.702850 -1.587439 -0.182567 0.191106
    28 0.506271 8.500866 13.617253 -1.493844 -0.259563 1.406747
    29 -0.384987 -0.460049 7.003448 -1.747476 -0.440889 0.551348
    30 0.561516 -0.596954 5.061852 -1.494407 -0.380569 0.386326
    31 -2.452171 -8.899406 11.597897 -1.703362 -0.228463 1.269081
    32 0.680496 -0.903999 6.074253 -1.628017 0.173820 -0.014245
    33 0.245514 -0.661150 3.388004 -1.484423 0.109499 -0.099205
    34 -0.717484 -3.784271 13.043911 -1.593590 -0.028646 1.464722
    35 1.099216 -1.407745 8.017889 -1.782123 0.031970 -0.017456
    36 0.068439 -0.807653 3.686054 -1.465861 0.033996 -0.009728
    37 -4.004929 6.172707 4.754754 0.109464 1.126798 2.530885
    38 0.158352 -1.149811 5.804394 -1.155128 -0.401825 0.137936
    39 -1.083523 -1.463142 5.544399 -1.824672 -0.082077 0.007937
    40 -6.289886 0.932434 13.569063 -0.112287 0.612110 2.869610
    41 1.327774 -0.766687 12.396328 0.016753 -0.011622 0.164996
    42 -0.096140 1.828087 23.185329 -0.085961 -0.180990 -1.709816
    43 2.325478 -0.000003 6.169296 -0.258619 -0.241854 1.144062
    44 0.000000 -3.152912 0.122169 1.961017 0.000000 0.000000
    45 1.068383 -10.478592 7.066338 0.292219 -1.282324 -3.141588
    46 0.000000 0.000000 2.279457 0.547137 -0.343566 0.107833
    47 2.479414 -8.323895 6.074242 -0.008855 0.007342 1.561876
    48 -0.000006 -5.074219 5.929688 0.000000 0.000000 0.000000
    49 -1.068383 -10.478611 7.065971 0.292219 1.282324 3.141588
    50 -0.000488 0.000015 2.279600 0.547136 0.343566 0.107835
    51 -2.479401 -8.323895 6.074234 0.008854 0.007354 1.579716
    52 -5.790000 4.432083 14.255558 -0.748971 1.111061 -2.659737
    53 1.044540 -2.839314 19.743252 -0.523000 0.694291 -0.188306
    54 -2.655510 -1.533379 24.792648 -1.122838 -0.111871 -0.012134
    55 -1.120216 -0.154385 9.795983 -0.036187 0.000737 0.315070
    56 -2.240372 -0.308788 19.592047 -0.422543 0.055350 0.550682
    57 -0.683205 2.877342 14.167089 -1.654271 0.293421 -1.629953
    58 -0.144958 -0.145317 7.579308 -1.541365 0.304893 -0.166486
    59 -0.038551 -0.936644 4.697678 -2.189566 0.238585 -0.365188
    60 -0.506317 8.500896 13.617329 -1.647336 0.212855 -1.655049
    61 0.385056 -0.460075 7.003435 -1.471905 0.596196 -0.385484
    62 -0.456360 -0.710276 5.057732 -1.989928 0.545818 -0.699362
    63 2.452194 -8.899408 11.597939 -1.584823 0.130200 -1.204926
    64 -0.680515 -0.903999 6.074242 -1.453600 -0.173890 -0.003171
    65 -0.248295 -0.666843 3.386627 -1.668562 -0.122147 0.124610
    66 0.717491 -3.784309 13.044010 -1.737952 0.022187 -1.478060
    67 -1.099228 -1.407673 8.017876 -1.769509 -0.025253 0.018261
    68 -0.064053 -0.807640 3.686100 -1.839860 -0.037732 0.018150
    69 4.004906 6.172710 4.754800 -0.720161 -0.940295 -1.497252
    70 -0.158381 -1.149773 5.804405 -0.709853 0.935861 0.421666
    71 1.078559 -2.386406 5.215008 -1.588974 1.137160 -0.560559
    72 6.289963 0.932404 13.569109 -0.126801 -0.612098 -2.869612
    73 -1.327759 -0.766682 12.396324 -0.006661 -0.003574 0.061075
    74 0.000017 -54.999996 0.000000 0.000000 0.000000 -1.570796
  time 44
    0 0.000000 0.000000 -1.500000 0.000000 0.000000 0.000000
    1 -10.521344 -5.760963 66.994621 3.097005 -0.050653 -3.139334
    2 -12.144531 19.469785 33.474081 0.146030 0.848842 -0.525451
    3 -0.000034 0.000012 24.761454 -2.008271 -0.232562 0.218296
    4 0.000017 0.000000 24.344809 2.342412 -0.531505 -0.446847
    5 0.002333 -1.019846 24.031336 0.600336 -0.045335 0.007733
    6 0.000034 0.000008 13.404741 -0.000001 -0.000009 -0.063536
    7 10.398263 -5.760962 66.994675 3.097005 0.050653 3.139334
    8 -5.793312 29.573523 30.067674 1.628602 -0.134905 -0.448338
    9 -0.000004 -0.000006 24.761459 -1.436902 0.166582 -0.398144
    10 -0.000007 0.000004 24.344891 0.801284 -0.212843 -0.320672
    11 -0.002360 -1.019903 24.031330 0.389594 -0.042695 -0.017219
    12 0.000000 -0.000002 13.404737 0.000001 0.000005 -0.461594
    13 -0.061540 -5.245835 72.927078 0.000000 0.000000 0.000000
    14 8.200793 24.565167 -30.918244 0.242476 -0.044298 1.074414
    15 0.000000 -0.005608 -1.146812 -0.101748 -0.316339 -0.507327
    16 0.030770 -0.240000 8.906021 -0.004138 0.000000 0.000000
    17 1.308657 -1.366373 -0.254312 0.271808 0.053258 0.599169
    18 0.030770 -0.276858 8.905140 0.056125 0.004134 -0.000049
    19 -0.606753 -0.948372 -0.161337 0.440273 -0.238792 0.017185
    20 5.669724 4.435303 14.302868 0.850072 -1.249571 2.834284
    21 -1.044571 -2.839317 19.743267 0.048510 -0.292746 0.071077
    22 2.655533 -1.533369 24.792658 -0.598617 0.022481 0.470613
    23 1.120163 -0.154394 9.796035 -0.040273 -0.001543 -0.351140
    24 2.240311 -0.308786 19.592051 -0.300836 0.108915 -0.687541
    25 0.683151 2.877354 14.167051 -1.565689 -0.039361 1.476204
    26 0.144936 -0.145374 7.579252 -1.768042 -0.243277 0.235266
    27 0.091660 -0.906685 4.702850 -1.587439 -0.182567 0.191106
    28 0.506271 8.500866 13.617253 -1.493844 -0.259563 1.406747
    29 -0.384987 -0.460049 7.003448 -1.747476 -0.440889 0.551348
    30 0.561516 -0.596954 5.061852 -1.494372 -0.380569 0.386314
    31 -2.452171 -8.899406 11.597897 -1.703362 -0.228463 1.269081
    32 0.680496 -0.903999 6.074253 -1.628017 0.173820 -0.014245
    33 0.245514 -0.661150 3.388004 -1.484370 0.109499 -0.099205
    34 -0.717484 -3.784271 13.043911 -1.593590 -0.028634 1.464722
    35 1.099216 -1.407745 8.017889 -1.782123 0.031970 -0.017456
    36 0.068439 -0.807653 3.686054 -1.465861 0.033996 -0.009728
    37 -4.004929 6.172707 4.754754 0.109464 1.126798 2.530885
    38 0.158352 -1.149811 5.804394 -1.155128 -0.401825 0.137936
    39 -1.083523 -1.463142 5.544399 -1.824672 -0.082077 0.007923
    40 -6.289886 0.932434 13.569063 -0.112873 0.612110 2.869610
    41 1.327774 -0.766687 12.396328 0.018107 -0.012737 0.179157
    42 -0.096140 1.828087 23.185329 -0.085961 -0.180990 -1.709816
    43 2.325478 -0.000003 6.169296 -0.258619 -0.241854 1.144062
    44 0.000000 -3.152912 0.122169 1.961017 0.000000 0.000000
    45 1.068383 -10.478592 7.066338 0.292219 -1.282324 -3.141588
    46 0.000000 0.000000 2.279457 0.547137 -0.343566 0.107833
    47 2.479414 -8.323895 6.074242 -0.008855 0.007342 1.561876
    48 -0.000006 -5.074219 5.929688 0.000000 0.000000 0.000000
    49 -1.068383 -10.478611 7.065971 0.292219 1.282324 3.141588
    50 -0.000488 0.000015 2.279600 0.547136 0.343566 0.107835
    51 -2.479401 -8.323895 6.074234 0.008854 0.007354 1.579716
    52 -5.790000 4.432083 14.255558 -0.633271 1.136357 -2.629076
    53 1.044540 -2.839314 19.743252 -0.534688 0.740885 -0.207193
    54 -2.655510 -1.533379 24.792648 -1.112874 -0.106331 -0.093090
    55 -1.120216 -0.154385 9.795983 -0.036199 0.000737 0.315070
    56 -2.240372 -0.308788 19.592047 -0.422543 0.055350 0.550768
    57 -0.683205 2.877342 14.167089 -1.654271 0.293421 -1.629953
    58 -0.144958 -0.145317 7.579308 -1.541365 0.304893 -0.166486
    59 -0.038551 -0.936644 4.697678 -2.189566 0.238585 -0.365176
    60 -0.506317 8.500896 13.617329 -1.647336 0.212855 -1.655094
    61 0.385056 -0.460075 7.003435 -1.471905 0.596196 -0.385484
    62 -0.456360 -0.710276 5.057732 -1.989928 0.545818 -0.699362
    63 2.452194 -8.899408 11.597939 -1.584823 0.130200 -1.204949
    64 -0.680515 -0.903999 6.074242 -1.453600 -0.173890 -0.003171
    65 -0.248295 -0.666843 3.386627 -1.668562 -0.122147 0.124622
    66 0.717491 -3.784309 13.044010 -1.737952 0.022187 -1.478072
    67 -1.099228 -1.407673 8.017876 -1.769509 -0.025241 0.018261
    68 -0.064053 -0.807640 3.686100 -1.839804 -0.037732 0.018150
    69 4.004906 6.172710 4.754800 -0.720161 -0.940295 -1.497252
    70 -0.158381 -1.149773 5.804405 -0.709818 0.935916 0.421637
    71 1.078559 -2.386406 5.215008 -1.589022 1.137129 -0.560522
    72 6.289963 0.932404 13.569109 -0.126801 -0.612098 -2.869612
    73 -1.327759 -0.766682 12.396324 -0.002250 -0.001273 0.020917
    74 0.000017 -54.999996 0.000000 0.000000 0.000000 -1.570796
  time 45
    0 0.000000 0.000000 -1.500000 0.000000 0.000000 0.000000
    1 -10.521344 -5.760963 66.994621 3.097005 -0.050653 -3.139334
    2 -12.218752 18.696334 33.967421 0.069991 0.825016 -0.582947
    3 -0.000034 0.000012 24.761454 -2.000872 -0.231711 0.226562
    4 0.000017 0.000000 24.344809 2.392901 -0.537118 -0.462900
    5 0.002333 -1.019846 24.031336 0.600336 -0.045335 0.007733
    6 0.000034 0.000008 13.404741 -0.000001 -0.000009 -0.043307
    7 10.398263 -5.760962 66.994675 3.097005 0.050653 3.139334
    8 -5.574555 29.248799 30.629678 1.654451 -0.108933 -0.457085
    9 -0.000004 -0.000006 24.761459 -1.470615 0.170489 -0.371012
    10 -0.000007 0.000004 24.344891 0.806640 -0.204955 -0.326095
    11 -0.002360 -1.019903 24.031330 0.389594 -0.042695 -0.017219
    12 0.000000 -0.000002 13.404737 0.000001 0.000005 -0.447553
    13 -0.061540 -5.245835 72.927078 0.000000 0.000000 0.000000
    14 8.185167 23.994528 -31.458990 0.247469 -0.045417 1.089787
    15 0.000000 -0.005608 -1.146812 -0.099228 -0.312465 -0.497109
    16 0.030770 -0.240000 8.906021 -0.004138 0.000000 0.000000
    17 1.277406 -1.374186 -0.281657 0.271576 0.050359 0.590464
    18 0.030770 -0.276858 8.905140 0.056125 0.004134 -0.000049
    19 -0.598940 -0.944466 -0.196494 0.439737 -0.237496 0.016621
    20 5.669724 4.435303 14.302868 0.859547 -1.249642 2.839555
    21 -1.044571 -2.839317 19.743267 0.063822 -0.277613 0.071979
    22 2.655533 -1.533369 24.792658 -0.472810 0.016448 0.480722
    23 1.120163 -0.154394 9.796035 -0.040273 -0.001543 -0.351071
    24 2.240311 -0.308786 19.592051 -0.296528 0.108915 -0.688174
    25 0.683151 2.877354 14.167051 -1.565689 -0.039373 1.476204
    26 0.144936 -0.145374 7.579252 -1.768042 -0.243277 0.235266
    27 0.091660 -0.906685 4.702850 -1.587439 -0.182567 0.191106
    28 0.506271 8.500866 13.617253 -1.493844 -0.259563 1.406747
    29 -0.384987 -0.460049 7.003448 -1.747476 -0.440889 0.551348
    30 0.561516 -0.596954 5.061852 -1.494372 -0.380569 0.386314
    31 -2.452171 -8.899406 11.597897 -1.703362 -0.228463 1.269081
    32 0.680496 -0.903999 6.074253 -1.628017 0.173820 -0.014245
    33 0.245514 -0.661150 3.388004 -1.484370 0.109499 -0.099205
    34 -0.717484 -3.784271 13.043911 -1.593590 -0.028646 1.464722
    35 1.099216 -1.407745 8.017889 -1.782123 0.031970 -0.017456
    36 0.068439 -0.807653 3.686054 -1.465861 0.033996 -0.009728
    37 -4.004929 6.172707 4.754754 0.109464 1.126798 2.530885
    38 0.158352 -1.149811 5.804394 -1.155128 -0.401825 0.137936
    39 -1.083523 -1.463142 5.544399 -1.824672 -0.082077 0.007937
    40 -6.289886 0.932434 13.569063 -0.117313 0.612110 2.869610
    41 1.327774 -0.766687 12.396328 0.019149 -0.013635 0.190355
    42 -0.096140 1.828087 23.185329 -0.085961 -0.180990 -1.709816
    43 2.325478 -0.000003 6.169296 -0.258619 -0.241854 1.144062
    44 0.000000 -3.152912 0.122169 1.961017 0.000000 0.000000
    45 1.068383 -10.478592 7.066338 0.292219 -1.282324 -3.141588
    46 0.000000 0.000000 2.279457 0.547137 -0.343566 0.107833
    47 2.479414 -8.323895 6.074242 -0.008855 0.007342 1.561876
    48 -0.000006 -5.074219 5.929688 0.000000 0.000000 0.000000
    49 -1.068383 -10.478611 7.065971 0.292219 1.282324 3.141588
    50 -0.000488 0.000015 2.279600 0.547136 0.343566 0.107835
    51 -2.479401 -8.323895 6.074234 0.008854 0.007354 1.579716
    52 -5.790000 4.432083 14.255558 -0.518050 1.157250 -2.593912
    53 1.044540 -2.839314 19.743252 -0.544651 0.771454 -0.220910
    54 -2.655510 -1.533379 24.792648 -1.104168 -0.100468 -0.169956
    55 -1.120216 -0.154385 9.795983 -0.036199 0.000737 0.315070
    56 -2.240372 -0.308788 19.592047 -0.422543 0.055350 0.550682
    57 -0.683205 2.877342 14.167089 -1.654271 0.293421 -1.629953
    58 -0.144958 -0.145317 7.579308 -1.541365 0.304893 -0.166486
    59 -0.038551 -0.936644 4.697678 -2.189566 0.238585 -0.365176
    60 -0.506317 8.500896 13.617329 -1.647336 0.212855 -1.655049
    61 0.385056 -0.460075 7.003435 -1.471905 0.596196 -0.385484
    62 -0.456360 -0.710276 5.057732 -1.989928 0.545818 -0.699362
    63 2.452194 -8.899408 11.597939 -1.584823 0.130200 -1.204926
    64 -0.680515 -0.903999 6.074242 -1.453600 -0.173890 -0.003171
    65 -0.248295 -0.666843 3.386627 -1.668562 -0.122147 0.124610
    66 0.717491 -3.784309 13.044010 -1.737952 0.022187 -1.478060
    67 -1.099228 -1.407673 8.017876 -1.769453 -0.025253 0.018261
    68 -0.064053 -0.807640 3.686100 -1.839860 -0.037732 0.018150
    69 4.004906 6.172710 4.754800 -0.720161 -0.940295 -1.497252
    70 -0.158381 -1.149773 5.804405 -0.709853 0.935916 0.421666
    71 1.078559 -2.386406 5.215008 -1.588974 1.137160 -0.560559
    72 6.289963 0.932404 13.569109 -0.126801 -0.612098 -2.869612
    73 -1.327759 -0.766682 12.396324 0.001836 0.001076 -0.017390
    74 0.000017 -54.999996 0.000000 0.000000 0.000000 -1.570796
  time 46
    0 0.000000 0.000000 -1.500000 0.000000 0.000000 0.000000
    1 -10.521344 -5.760963 66.994621 3.097005 -0.050653 -3.139334
    2 -12.328130 18.008823 34.662581 -0.005775 0.800576 -0.642409
    3 -0.000034 0.000012 24.761454 -1.997661 -0.231340 0.234502
    4 0.000017 0.000000 24.344809 2.449862 -0.543207 -0.485954
    5 0.002333 -1.019846 24.031336 0.600336 -0.045347 0.007733
    6 0.000034 0.000008 13.404741 -0.000001 -0.000009 -0.024492
    7 10.398263 -5.760962 66.994675 3.097005 0.050653 3.139334
    8 -5.328454 29.061458 31.416484 1.687978 -0.075242 -0.462861
    9 -0.000004 -0.000006 24.761459 -1.504714 0.174432 -0.336740
    10 -0.000007 0.000004 24.344891 0.805156 -0.198467 -0.333094
    11 -0.002360 -1.019903 24.031330 0.389594 -0.042695 -0.017219
    12 0.000000 -0.000002 13.404737 0.000001 0.000005 -0.429454
    13 -0.061540 -5.245835 72.927078 0.000000 0.000000 0.000000
    14 8.185167 23.528700 -32.225047 0.251054 -0.046776 1.095733
    15 0.000000 -0.005608 -1.146812 -0.093869 -0.304199 -0.475369
    16 0.030770 -0.240000 8.906021 -0.004138 0.000000 0.000000
    17 1.246155 -1.389812 -0.324627 0.272186 0.047295 0.585273
    18 0.030770 -0.276858 8.905140 0.056125 0.004134 -0.000049
    19 -0.595034 -0.944466 -0.235558 0.439165 -0.236015 0.016526
    20 5.669724 4.435303 14.302868 0.877348 -1.250276 2.843772
    21 -1.044571 -2.839317 19.743267 0.075856 -0.255435 0.074433
    22 2.655533 -1.533369 24.792658 -0.361932 0.012874 0.487516
    23 1.120163 -0.154394 9.796035 -0.040261 -0.001531 -0.350967
    24 2.240311 -0.308786 19.592051 -0.287302 0.108823 -0.689637
    25 0.683151 2.877354 14.167051 -1.565689 -0.039385 1.476204
    26 0.144936 -0.145374 7.579252 -1.768042 -0.243277 0.235266
    27 0.091660 -0.906685 4.702850 -1.587439 -0.182567 0.191118
    28 0.506271 8.500866 13.617253 -1.493844 -0.259563 1.406747
    29 -0.384987 -0.460049 7.003448 -1.747476 -0.440889 0.551348
    30 0.561516 -0.596954 5.061852 -1.494372 -0.380569 0.386326
    31 -2.452171 -8.899406 11.597897 -1.703362 -0.228463 1.269081
    32 0.680496 -0.903999 6.074253 -1.628017 0.173820 -0.014245
    33 0.245514 -0.661150 3.388004 -1.484370 0.109499 -0.099205
    34 -0.717484 -3.784271 13.043911 -1.593590 -0.028646 1.464722
    35 1.099216 -1.407745 8.017889 -1.782123 0.031970 -0.017456
    36 0.068439 -0.807653 3.686054 -1.465861 0.033996 -0.009728
    37 -4.004929 6.172707 4.754754 0.109464 1.126798 2.530885
    38 0.158352 -1.149811 5.804394 -1.155128 -0.401825 0.137936
    39 -1.083523 -1.463142 5.544399 -1.824672 -0.082077 0.007937
    40 -6.289886 0.932434 13.569063 -0.126803 0.612110 2.869610
    41 1.327774 -0.766687 12.396328 0.019821 -0.014223 0.197385
    42 -0.096140 1.828087 23.185329 -0.085961 -0.180990 -1.709816
    43 2.325478 -0.000003 6.169296 -0.258619 -0.241854 1.144062
    44 0.000000 -3.152912 0.122169 1.961017 0.000000 0.000000
    45 1.068383 -10.478592 7.066338 0.292219 -1.282324 -3.141588
    46 0.000000 0.000000 2.279457 0.547137 -0.343566 0.107833
    47 2.479414 -8.323895 6.074242 -0.008855 0.007342 1.561876
    48 -0.000006 -5.074219 5.929688 0.000000 0.000000 0.000000
    49 -1.068383 -10.478611 7.065971 0.292219 1.282324 3.141588
    50 -0.000488 0.000015 2.279600 0.547136 0.343566 0.107835
    51 -2.479401 -8.323895 6.074234 0.008854 0.007354 1.579716
    52 -5.790000 4.432083 14.255558 -0.415866 1.171497 -2.557981
    53 1.044540 -2.839314 19.743252 -0.555893 0.787268 -0.230299
    54 -2.655510 -1.533379 24.792648 -1.097726 -0.095265 -0.233569
    55 -1.120216 -0.154385 9.795983 -0.036199 0.000737 0.315070
    56 -2.240372 -0.308788 19.592047 -0.422543 0.055350 0.550682
    57 -0.683205 2.877342 14.167089 -1.654271 0.293421 -1.629953
    58 -0.144958 -0.145317 7.579308 -1.541365 0.304893 -0.166486
    59 -0.038551 -0.936644 4.697678 -2.189566 0.238585 -0.365188
    60 -0.506317 8.500896 13.617329 -1.647336 0.212855 -1.655049
    61 0.385056 -0.460075 7.003435 -1.471905 0.596196 -0.385484
    62 -0.456360 -0.710276 5.057732 -1.989928 0.545818 -0.699362
    63 2.452194 -8.899408 11.597939 -1.584823 0.130200 -1.204926
    64 -0.680515 -0.903999 6.074242 -1.453600 -0.173890 -0.003171
    65 -0.248295 -0.666843 3.386627 -1.668562 -0.122147 0.124610
    66 0.717491 -3.784309 13.044010 -1.737902 0.022187 -1.478060
    67 -1.099228 -1.407673 8.017876 -1.769509 -0.025253 0.018261
    68 -0.064053 -0.807640 3.686100 -1.839860 -0.037732 0.018150
    69 4.004906 6.172710 4.754800 -0.720161 -0.940295 -1.497252
    70 -0.158381 -1.149773 5.804405 -0.709853 0.935916 0.421666
    71 1.078559 -2.386406 5.215008 -1.588926 1.137160 -0.560559
    72 6.289963 0.932404 13.569109 -0.126801 -0.612098 -2.869612
    73 -1.327759 -0.766682 12.396324 0.005132 0.003125 -0.048758
    74 0.000017 -54.999996 0.000000 0.000000 0.000000 -1.570796
  time 47
    0 0.000000 0.000000 -1.500000 0.000000 0.000000 0.000000
    1 -10.521344 -5.760963 66.994621 3.097005 -0.050653 -3.139334
    2 -13.511760 15.332439 38.183234 -0.410087 0.603170 -1.037977
    3 -0.000034 0.000012 24.761454 -1.951888 -0.226067 0.399899
    4 0.000017 0.000000 24.344809 2.704773 -0.580781 -0.606603
    5 0.002333 -1.019846 24.031336 0.600336 -0.045347 0.007733
    6 0.000034 0.000008 13.404741 -0.000001 -0.000009 0.118690
    7 10.398263 -5.760962 66.994675 3.097005 0.050653 3.139334
    8 -2.578370 30.735034 35.687717 1.857574 0.372942 -0.375641
    9 -0.000004 -0.000006 24.761459 -1.512138 0.175283 0.160340
    10 -0.000007 0.000004 24.344891 0.653423 -0.180624 -0.318213
    11 -0.002360 -1.019903 24.031330 0.389594 -0.042695 -0.017219
    12 0.000000 -0.000002 13.404737 0.000001 0.000005 -0.066728
    13 -0.061540 -5.245835 72.927078 0.000000 0.000000 0.000000
    14 8.013287 22.911478 -36.235583 0.251054 -0.046776 1.095733
    15 0.000000 -0.005608 -1.146812 -0.033137 -0.206042 -0.212638
    16 0.030770 -0.240000 8.906021 -0.004138 0.000000 0.000000
    17 0.812548 -1.264808 -1.844205 0.313643 -0.004550 0.556480
    18 0.030770 -0.276858 8.905140 0.056125 0.004134 -0.000049
    19 -0.387996 -0.827275 -1.739510 0.397701 -0.176440 0.034167
    20 5.669724 4.435303 14.302868 0.975734 -1.254539 2.857572
    21 -1.044571 -2.839317 19.743267 0.061963 -0.194484 0.084162
    22 2.655533 -1.533369 24.792658 -0.250967 0.012144 0.480075
    23 1.120163 -0.154394 9.796035 -0.040142 -0.001508 -0.349829
    24 2.240311 -0.308786 19.592051 -0.177940 0.109652 -0.702812
    25 0.683151 2.877354 14.167051 -1.565689 -0.039385 1.476204
    26 0.144936 -0.145374 7.579252 -1.768042 -0.243277 0.235266
    27 0.091660 -0.906685 4.702850 -1.587439 -0.182567 0.191106
    28 0.506271 8.500866 13.617253 -1.493782 -0.259563 1.406747
    29 -0.384987 -0.460049 7.003448 -1.747476 -0.440889 0.551348
    30 0.561516 -0.596954 5.061852 -1.494372 -0.380569 0.386326
    31 -2.452171 -8.899406 11.597897 -1.703514 -0.228423 1.269162
    32 0.680496 -0.903999 6.074253 -1.628017 0.173820 -0.014245
    33 0.245514 -0.661150 3.388004 -1.484370 0.109499 -0.099205
    34 -0.717484 -3.784271 13.043911 -1.593546 -0.028646 1.464722
    35 1.099216 -1.407745 8.017889 -1.782123 0.031970 -0.017456
    36 0.068439 -0.807653 3.686054 -1.465861 0.033996 -0.009740
    37 -4.004929 6.172707 4.754754 0.109464 1.126798 2.530885
    38 0.158352 -1.149811 5.804394 -1.155128 -0.401825 0.137936
    39 -1.083523 -1.463142 5.544399 -1.824672 -0.082077 0.007923
    40 -6.289886 0.932434 13.569063 -0.238345 0.612110 2.869610
    41 1.327774 -0.766687 12.396328 0.018634 -0.013192 0.184932
    42 -0.096140 1.828087 23.185329 -0.085961 -0.180990 -1.709816
    43 2.325478 -0.000003 6.169296 -0.258619 -0.241854 1.144062
    44 0.000000 -3.152912 0.122169 1.961017 0.000000 0.000000
    45 1.068383 -10.478592 7.066338 0.292219 -1.282324 -3.141588
    46 0.000000 0.000000 2.279457 0.547137 -0.343566 0.107833
    47 2.479414 -8.323895 6.074242 -0.008855 0.007342 1.561876
    48 -0.000006 -5.074219 5.929688 0.000000 0.000000 0.000000
    49 -1.068383 -10.478611 7.065971 0.292219 1.282324 3.141588
    50 -0.000488 0.000015 2.279600 0.547136 0.343566 0.107835
    51 -2.479401 -8.323895 6.074234 0.008854 0.007354 1.579716
    52 -5.790000 4.432083 14.255558 -0.415866 1.171497 -2.557981
    53 1.044540 -2.839314 19.743252 -0.555893 0.787268 -0.230299
    54 -2.655510 -1.533379 24.792648 -1.097726 -0.095252 -0.233569
    55 -1.120216 -0.154385 9.795983 -0.036199 0.000737 0.315070
    56 -2.240372 -0.308788 19.592047 -0.422543 0.055350 0.550768
    57 -0.683205 2.877342 14.167089 -1.654271 0.293421 -1.629953
    58 -0.144958 -0.145317 7.579308 -1.541365 0.304893 -0.166486
    59 -0.038551 -0.936644 4.697678 -2.189566 0.238585 -0.365188
    60 -0.506317 8.500896 13.617329 -1.647336 0.212855 -1.655049
    61 0.385056 -0.460075 7.003435 -1.471905 0.596196 -0.385484
    62 -0.456360 -0.710276 5.057732 -1.989928 0.545818 -0.699362
    63 2.452194 -8.899408 11.597939 -1.584823 0.130200 -1.204926
    64 -0.680515 -0.903999 6.074242 -1.453600 -0.173890 -0.003171
    65 -0.248295 -0.666843 3.386627 -1.668562 -0.122147 0.124610
    66 0.717491 -3.784309 13.044010 -1.737902 0.022187 -1.478060
    67 -1.099228 -1.407673 8.017876 -1.769509 -0.025253 0.018249
    68 -0.064053 -0.807640 3.686100 -1.839860 -0.037732 0.018150
    69 4.004906 6.172710 4.754800 -0.720161 -0.940295 -1.497252
    70 -0.158381 -1.149773 5.804405 -0.709818 0.935861 0.421637
    71 1.078559 -2.386406 5.215008 -1.588974 1.137160 -0.560559
    72 6.289963 0.932404 13.569109 -0.126801 -0.612098 -2.869612
    73 -1.327759 -0.766682 12.396324 0.005132 0.003125 -0.048758
    74 0.000017 -54.999996 0.000000 0.000000 0.000000 -1.570796
  time 48
    0 0.000000 0.000000 -1.500000 0.000000 0.000000 0.000000
    1 -10.521344 -5.760963 66.994621 3.097005 -0.050653 -3.139334
    2 -12.687516 11.096877 34.886827 0.088437 0.774578 -0.134776
    3 -0.000034 0.000012 24.761454 -1.809731 -0.209648 -0.103540
    4 0.000017 0.000000 24.344809 2.517428 -0.505633 -0.548612
    5 0.002333 -1.019846 24.031336 0.574799 -0.045131 0.008920
    6 0.000034 0.000008 13.404741 -0.000001 -0.000009 -0.097433
    7 10.398263 -5.760962 66.994675 3.097005 0.050653 3.139334
    8 -8.980909 13.212447 35.912519 1.911916 -0.718693 -0.672040
    9 -0.000004 -0.000006 24.761459 -2.291781 0.265311 -1.135635
    10 -0.000007 0.000004 24.344891 1.423574 -0.010951 -0.501915
    11 -0.002360 -1.019903 24.031330 0.389594 -0.042695 -0.017219
    12 0.000000 -0.000002 13.404737 0.000001 0.000005 -1.001485
    13 -0.061540 -5.245835 72.927078 0.000000 0.000000 0.000000
    14 11.021191 12.814661 -34.883717 0.215625 0.112849 0.315878
    15 0.000000 -0.005608 -1.146812 -0.040154 -0.162281 -0.186468
    16 0.030770 -0.240000 8.906021 -0.004138 0.000000 0.000000
    17 0.312533 -0.952298 -1.129339 0.185822 0.008693 0.288566
    18 0.030770 -0.276858 8.905140 0.056125 0.004134 -0.000049
    19 -0.380183 -0.522578 -1.079333 0.238242 -0.154943 0.028582
    20 5.669724 4.435303 14.302868 0.969800 -1.316763 2.270112
    21 -1.044571 -2.839317 19.743267 0.436058 -0.982253 -0.227966
    22 2.655533 -1.533369 24.792658 -0.662887 0.045998 0.288894
    23 1.120163 -0.154394 9.796035 -0.048914 -0.003773 -0.428508
    24 2.240311 -0.308786 19.592051 -0.248179 -0.154326 -0.815130
    25 0.683151 2.877354 14.167051 -1.552030 -0.075147 1.492327
    26 0.144936 -0.145374 7.579252 -1.768042 -0.243277 0.235266
    27 0.091660 -0.906685 4.702850 -1.587439 -0.182567 0.191106
    28 0.506271 8.500866 13.617253 -1.488039 -0.268219 1.440893
    29 -0.384987 -0.460049 7.003448 -1.747476 -0.440889 0.551348
    30 0.561516 -0.596954 5.061852 -1.494372 -0.380569 0.386314
    31 -2.452171 -8.899406 11.597897 -1.680325 -0.197294 1.313105
    32 0.680496 -0.903999 6.074253 -1.628017 0.173820 -0.014245
    33 0.245514 -0.661150 3.388004 -1.484370 0.109499 -0.099205
    34 -0.717484 -3.784271 13.043911 -1.593546 -0.028646 1.464722
    35 1.099216 -1.407745 8.017889 -1.782123 0.031970 -0.017456
    36 0.068439 -0.807653 3.686054 -1.465861 0.034008 -0.009728
    37 -4.004929 6.172707 4.754754 0.109464 1.126798 2.530885
    38 0.158352 -1.149811 5.804394 -1.095036 -0.386796 0.137732
    39 -1.083523 -1.463142 5.544399 -1.608390 -0.097237 -0.011772
    40 -6.289886 0.932434 13.569063 -0.182574 0.612110 2.869610
    41 1.327774 -0.766687 12.396328 0.023104 -0.017219 0.233390
    42 -0.096140 1.828087 23.185329 -0.102997 -0.157886 -1.655336
    43 2.325478 -0.000003 6.169296 -0.308852 -0.049129 1.775879
    44 0.000000 -3.152912 0.122169 1.961017 0.000000 0.000000
    45 1.068383 -10.478592 7.066338 0.292219 -1.282324 -3.141588
    46 0.000000 0.000000 2.279457 0.547137 -0.343566 0.107833
    47 2.479414 -8.323895 6.074242 -0.008855 0.007342 1.561876
    48 -0.000006 -5.074219 5.929688 0.000000 0.000000 0.000000
    49 -1.068383 -10.478611 7.065971 0.292219 1.282324 3.141588
    50 -0.000488 0.000015 2.279600 0.547136 0.343566 0.107835
    51 -2.479401 -8.323895 6.074234 0.008854 0.007354 1.579716
    52 -5.790000 4.432083 14.255558 -5.845532 1.249296 -2.058209
    53 1.044540 -2.839314 19.743252 -0.622570 0.660458 -0.199981
    54 -2.655510 -1.533379 24.792648 -1.171604 -0.098113 -0.303014
    55 -1.120216 -0.154385 9.795983 -0.026251 -0.000605 0.228071
    56 -2.240372 -0.308788 19.592047 -0.335561 0.069013 0.401610
    57 -0.683205 2.877342 14.167089 -1.646302 0.275691 -1.663759
    58 -0.144958 -0.145317 7.579308 -1.541365 0.304893 -0.166486
    59 -0.038551 -0.936644 4.697678 -2.189566 0.238585 -0.365176
    60 -0.506317 8.500896 13.617329 -1.656462 0.225619 -1.724465
    61 0.385056 -0.460075 7.003435 -1.471905 0.596196 -0.385484
    62 -0.456360 -0.710276 5.057732 -1.989928 0.545818 -0.699362
    63 2.452194 -8.899408 11.597939 -1.551824 0.126343 -1.236076
    64 -0.680515 -0.903999 6.074242 -1.453600 -0.173890 -0.003171
    65 -0.248295 -0.666843 3.386627 -1.668562 -0.122147 0.124610
    66 0.717491 -3.784309 13.044010 -1.735312 0.019646 -1.473124
    67 -1.099228 -1.407673 8.017876 -1.682314 -0.023611 0.015732
    68 -0.064053 -0.807640 3.686100 -1.839860 -0.037732 0.018150
    69 4.004906 6.172710 4.754800 -0.720236 -0.940295 -1.497252
    70 -0.158381 -1.149773 5.804405 -0.625094 0.883782 0.471188
    71 1.078559 -2.386406 5.215008 -1.468150 1.132718 -0.465892
    72 6.289963 0.932404 13.569109 -0.126801 -0.612098 -2.869612
    73 -1.327759 -0.766682 12.396324 0.009818 0.006289 -0.094375
    74 0.000017 -54.999996 0.000000 0.000000 0.000000 -1.570796
  time 49
    0 0.000000 0.000000 -1.500000 0.000000 0.000000 0.000000
    1 -10.521344 -5.760963 66.994621 3.097005 -0.050653 -3.139334
    2 -17.230623 9.734131 30.020702 0.847872 0.756514 0.899234
    3 -0.000034 0.000012 24.761454 -1.462205 -0.169487 -0.439423
    4 0.000017 0.000000 24.344809 2.034362 -0.546444 -0.657983
    5 0.002333 -1.019846 24.031336 0.522943 -0.044603 0.011281
    6 0.000034 0.000008 13.404741 -0.000001 -0.000009 -0.370086
    7 10.398263 -5.760962 66.994675 3.097005 0.050653 3.139334
    8 -8.609804 -3.785587 34.766030 0.637641 -1.019531 0.435084
    9 -0.000004 -0.000006 24.761459 -2.482237 0.287255 -1.319846
    10 -0.000007 0.000004 24.344891 2.325063 0.164966 -0.205196
    11 -0.002360 -1.019903 24.031330 0.389594 -0.042695 -0.017219
    12 0.000000 -0.000002 13.404737 0.000001 0.000005 -0.699496
    13 -0.061540 -5.245835 72.927078 0.000000 0.000000 0.000000
    14 13.970500 3.102152 -32.517952 0.160290 0.265041 -0.574835
    15 0.000000 -0.005608 -1.146812 -0.047076 -0.088844 -0.118041
    16 0.030770 -0.240000 8.906021 -0.004138 0.000000 0.000000
    17 -0.152325 -0.163212 0.097261 0.023974 -0.009665 -0.089166
    18 0.030770 -0.276858 8.905140 0.056125 0.004134 -0.000049
    19 -0.305962 -0.088971 0.092577 0.039894 -0.119910 0.001689
    20 5.669724 4.435303 14.302868 0.930465 -1.235935 1.617773
    21 -1.044571 -2.839317 19.743267 0.217188 -0.678803 -0.034846
    22 2.655533 -1.533369 24.792658 -1.135866 0.108634 -0.770852
    23 1.120163 -0.154394 9.796035 -0.056920 -0.006493 -0.501599
    24 2.240311 -0.308786 19.592051 -0.261365 -0.430276 -0.935836
    25 0.683151 2.877354 14.167051 -1.539577 -0.111005 1.508462
    26 0.144936 -0.145374 7.579252 -1.768042 -0.243277 0.235266
    27 0.091660 -0.906685 4.702850 -1.587439 -0.182567 0.191106
    28 0.506271 8.500866 13.617253 -1.482728 -0.277117 1.475100
    29 -0.384987 -0.460049 7.003448 -1.747476 -0.440889 0.551348
    30 0.561516 -0.596954 5.061852 -1.494372 -0.380569 0.386314
    31 -2.452171 -8.899406 11.597897 -1.654201 -0.165627 1.356458
    32 0.680496 -0.903999 6.074253 -1.628017 0.173820 -0.014245
    33 0.245514 -0.661150 3.388004 -1.484370 0.109499 -0.099205
    34 -0.717484 -3.784271 13.043911 -1.593546 -0.028646 1.464722
    35 1.099216 -1.407745 8.017889 -1.782123 0.031970 -0.017456
    36 0.068439 -0.807653 3.686054 -1.465861 0.033996 -0.009740
    37 -4.004929 6.172707 4.754754 0.109464 1.126798 2.530885
    38 0.158352 -1.149811 5.804394 -1.035325 -0.371782 0.138499
    39 -1.083523 -1.463142 5.544399 -1.392737 -0.110648 -0.024686
    40 -6.289886 0.932434 13.569063 -0.126803 0.612110 2.869610
    41 1.327774 -0.766687 12.396328 -0.047425 0.015715 -0.407164
    42 -0.096140 1.828087 23.185329 -0.117687 -0.133508 -1.601346
    43 2.325478 -0.000003 6.169296 -0.227724 0.094779 2.400431
    44 0.000000 -3.152912 0.122169 1.961017 0.000000 0.000000
    45 1.068383 -10.478592 7.066338 0.292219 -1.282324 -3.141588
    46 0.000000 0.000000 2.279457 0.547137 -0.343566 0.107833
    47 2.479414 -8.323895 6.074242 -0.008855 0.007342 1.561876
    48 -0.000006 -5.074219 5.929688 0.000000 0.000000 0.000000
    49 -1.068383 -10.478611 7.065971 0.292219 1.282324 3.141588
    50 -0.000488 0.000015 2.279600 0.547136 0.343566 0.107835
    51 -2.479401 -8.323895 6.074234 0.008854 0.007354 1.579716
    52 -5.790000 4.432083 14.255558 -4.858581 1.244145 -1.514361
    53 1.044540 -2.839314 19.743252 -0.015080 1.032366 -0.018156
    54 -2.655510 -1.533379 24.792648 -1.204215 -0.069975 -0.642891
    55 -1.120216 -0.154385 9.795983 -0.016220 -0.001073 0.140936
    56 -2.240372 -0.308788 19.592047 -0.250641 0.104804 0.248070
    57 -0.683205 2.877342 14.167089 -1.636947 0.258022 -1.697243
    58 -0.144958 -0.145317 7.579308 -1.541365 0.304893 -0.166486
    59 -0.038551 -0.936644 4.697678 -2.189566 0.238585 -0.365176
    60 -0.506317 8.500896 13.617329 -1.667474 0.239084 -1.794421
    61 0.385056 -0.460075 7.003435 -1.471905 0.596196 -0.385484
    62 -0.456360 -0.710276 5.057732 -1.989928 0.545818 -0.699362
    63 2.452194 -8.899408 11.597939 -1.518189 0.122300 -1.267083
    64 -0.680515 -0.903999 6.074242 -1.453600 -0.173890 -0.003171
    65 -0.248295 -0.666843 3.386627 -1.668562 -0.122147 0.124610
    66 0.717491 -3.784309 13.044010 -1.732821 0.017070 -1.468188
    67 -1.099228 -1.407673 8.017876 -1.595175 -0.021765 0.013371
    68 -0.064053 -0.807640 3.686100 -1.839804 -0.037732 0.018150
    69 4.004906 6.172710 4.754800 -0.720161 -0.940295 -1.497252
    70 -0.158381 -1.149773 5.804405 -0.546194 0.831346 0.513032
    71 1.078559 -2.386406 5.215008 -1.351340 1.124846 -0.375902
    72 6.289963 0.932404 13.569109 -0.126801 -0.612098 -2.869612
    73 -1.327759 -0.766682 12.396324 0.031234 0.025632 -0.327827
    74 0.000017 -54.999996 0.000000 0.000000 0.000000 -1.570796
  time 50
    0 0.000000 0.000000 -1.500000 0.000000 0.000000 0.000000
    1 -10.521344 -5.760963 66.994621 3.097005 -0.050653 -3.139334
    2 -12.191407 16.154997 30.155249 0.995578 0.670977 0.977570
    3 -0.000034 0.000012 24.761454 -1.727738 -0.200180 -0.230336
    4 0.000017 0.000000 24.344809 1.994045 -0.459594 -0.600143
    5 0.002333 -1.019846 24.031336 0.443085 -0.043573 0.014852
    6 0.000034 0.000008 13.404741 -0.000001 -0.000009 -0.322098
    7 10.398263 -5.760962 66.994675 3.097005 0.050653 3.139334
    8 -3.676060 2.184332 31.753687 1.211521 -1.169657 0.019778
    9 -0.000004 -0.000006 24.761459 -2.258838 0.261500 -1.101972
    10 -0.000007 0.000004 24.344891 1.822816 0.230427 -0.071286
    11 -0.002360 -1.019903 24.031330 0.389594 -0.042695 -0.017219
    12 0.000000 -0.000002 13.404737 0.000001 0.000005 -0.550520
    13 -0.061540 -5.245835 72.927078 0.000000 0.000000 0.000000
    14 8.364860 9.926529 -30.670402 0.080087 0.044409 -0.759619
    15 0.000000 -0.005608 -1.146812 -0.031606 0.025484 0.027727
    16 0.030770 -0.240000 8.906021 -0.004138 0.000000 0.000000
    17 -0.187482 0.559467 1.273078 -0.074975 -0.030087 -0.326691
    18 0.030770 -0.276858 8.905140 0.056125 0.004134 -0.000049
    19 -0.372371 -0.038188 1.252769 0.000288 -0.151590 -0.020123
    20 5.669724 4.435303 14.302868 0.220042 -0.944652 2.278162
    21 -1.044571 -2.839317 19.743267 -0.163463 -0.334441 0.082019
    22 2.655533 -1.533369 24.792658 -0.936893 0.082657 -0.984758
    23 1.120163 -0.154394 9.796035 -0.043665 -0.002334 -0.381218
    24 2.240311 -0.308786 19.592051 -0.432175 -0.209903 -0.655772
    25 0.683151 2.877354 14.167051 -1.539577 -0.111005 1.508462
    26 0.144936 -0.145374 7.579252 -1.768042 -0.243277 0.235266
    27 0.091660 -0.906685 4.702850 -1.587439 -0.182567 0.191106
    28 0.506271 8.500866 13.617253 -1.482728 -0.277117 1.475100
    29 -0.384987 -0.460049 7.003448 -1.747476 -0.440889 0.551348
    30 0.561516 -0.596954 5.061852 -1.494407 -0.380569 0.386314
    31 -2.452171 -8.899406 11.597897 -1.654201 -0.165627 1.356458
    32 0.680496 -0.903999 6.074253 -1.628017 0.173820 -0.014245
    33 0.245514 -0.661150 3.388004 -1.484423 0.109499 -0.099205
    34 -0.717484 -3.784271 13.043911 -1.593590 -0.028646 1.464722
    35 1.099216 -1.407745 8.017889 -1.782123 0.031970 -0.017456
    36 0.068439 -0.807653 3.686054 -1.465861 0.033996 -0.009740
    37 -4.004929 6.172707 4.754754 0.109464 1.126798 2.530885
    38 0.158352 -1.149811 5.804394 -1.035325 -0.371782 0.138499
    39 -1.083523 -1.463142 5.544399 -1.392737 -0.110648 -0.024686
    40 -6.289886 0.932434 13.569063 -0.126803 0.612110 2.869610
    41 1.327774 -0.766687 12.396328 -0.061495 0.016554 -0.521405
    42 -0.096140 1.828087 23.185329 -0.117961 -0.132999 -1.600246
    43 2.325478 -0.000003 6.169296 -0.089153 0.057565 2.242577
    44 0.000000 -3.152912 0.122169 1.961017 0.000000 0.000000
    45 1.068383 -10.478592 7.066338 0.292219 -1.282324 -3.141588
    46 0.000000 0.000000 2.279457 0.547137 -0.343566 0.107833
    47 2.479414 -8.323895 6.074242 -0.008855 0.007342 1.561876
    48 -0.000006 -5.074219 5.929688 0.000000 0.000000 0.000000
    49 -1.068383 -10.478611 7.065971 0.292219 1.282324 3.141588
    50 -0.000488 0.000015 2.279600 0.547136 0.343566 0.107835
    51 -2.479401 -8.323895 6.074234 0.008854 0.007354 1.579716
    52 -5.790000 4.432083 14.255558 -4.962108 1.293408 -1.968526
    53 1.044540 -2.839314 19.743252 -0.015414 0.581769 -0.049345
    54 -2.655510 -1.533379 24.792648 -0.828233 -0.072809 -0.272949
    55 -1.120216 -0.154385 9.795983 -0.021949 -0.000917 0.190665
    56 -2.240372 -0.308788 19.592047 -0.212076 0.099804 0.353495
    57 -0.683205 2.877342 14.167089 -1.636947 0.257982 -1.697243
    58 -0.144958 -0.145317 7.579308 -1.541365 0.304893 -0.166486
    59 -0.038551 -0.936644 4.697678 -2.189566 0.238585 -0.365176
    60 -0.506317 8.500896 13.617329 -1.667474 0.239084 -1.794421
    61 0.385056 -0.460075 7.003435 -1.471905 0.596196 -0.385484
    62 -0.456360 -0.710276 5.057732 -1.989928 0.545818 -0.699362
    63 2.452194 -8.899408 11.597939 -1.518069 0.122347 -1.266987
    64 -0.680515 -0.903999 6.074242 -1.453600 -0.173890 -0.003171
    65 -0.248295 -0.666843 3.386627 -1.668562 -0.122135 0.124610
    66 0.717491 -3.784309 13.044010 -1.732821 0.017070 -1.468188
    67 -1.099228 -1.407673 8.017876 -1.595175 -0.021765 0.013371
    68 -0.064053 -0.807640 3.686100 -1.839804 -0.037732 0.018150
    69 4.004906 6.172710 4.754800 -0.720161 -0.940295 -1.497252
    70 -0.158381 -1.149773 5.804405 -0.546194 0.831346 0.513032
    71 1.078559 -2.386406 5.215008 -1.351340 1.124846 -0.375902
    72 6.289963 0.932404 13.569109 -0.126801 -0.612098 -2.869612
    73 -1.327759 -0.766682 12.396324 0.013437 0.008974 -0.130646
    74 0.000017 -54.999996 0.000000 0.000000 0.000000 -1.570796
  time 51
    0 0.000000 0.000000 -1.500000 0.000000 0.000000 0.000000
    1 -10.521344 -5.760963 66.994621 3.097005 -0.050653 -3.139334
    2 -6.093565 22.551310 30.334645 0.980889 0.448102 0.962060
    3 -0.000034 0.000012 24.761454 -1.968433 -0.227960 -0.160830
    4 0.000017 0.000000 24.344809 2.101619 -0.359480 -0.394754
    5 0.002333 -1.019846 24.031336 0.389585 -0.042710 0.017201
    6 0.000034 0.000008 13.404741 -0.000001 -0.000009 -0.263944
    7 10.398263 -5.760962 66.994675 3.097005 0.050653 3.139334
    8 2.183494 8.878635 27.819657 1.333771 -1.163694 -0.090629
    9 -0.000004 -0.000006 24.761459 -1.850317 0.214365 -0.861633
    10 -0.000007 0.000004 24.344891 1.403761 0.354882 0.045892
    11 -0.002360 -1.019903 24.031330 0.389594 -0.042695 -0.017219
    12 0.000000 -0.000002 13.404737 0.000001 0.000005 -0.361374
    13 -0.061540 -5.245835 72.927078 0.000000 0.000000 0.000000
    14 1.724033 17.391419 -28.552478 0.032016 -0.208379 -0.860089
    15 0.000000 -0.005608 -1.146812 -0.016391 0.110215 0.133140
    16 0.030770 -0.240000 8.906021 -0.004138 0.000000 0.000000
    17 -0.046853 1.067295 1.909816 -0.131056 -0.045318 -0.493414
    18 0.030770 -0.276858 8.905140 0.056125 0.004134 -0.000049
    19 -0.450498 -0.053813 1.912945 -0.001570 -0.186191 -0.034900
    20 5.669724 4.435303 14.302868 0.018486 -0.640050 2.597767
    21 -1.044571 -2.839317 19.743267 -0.361933 0.062522 0.055933
    22 2.655533 -1.533369 24.792658 -0.774850 0.053453 -1.255033
    23 1.120163 -0.154394 9.796035 -0.027546 0.000470 -0.239209
    24 2.240311 -0.308786 19.592051 -0.488183 0.084143 -0.398852
    25 0.683151 2.877354 14.167051 -1.539577 -0.111005 1.508449
    26 0.144936 -0.145374 7.579252 -1.768042 -0.243277 0.235266
    27 0.091660 -0.906685 4.702850 -1.587439 -0.182567 0.191106
    28 0.506271 8.500866 13.617253 -1.482728 -0.277117 1.475100
    29 -0.384987 -0.460049 7.003448 -1.747476 -0.440889 0.551348
    30 0.561516 -0.596954 5.061852 -1.494372 -0.380569 0.386326
    31 -2.452171 -8.899406 11.597897 -1.654201 -0.165627 1.356458
    32 0.680496 -0.903999 6.074253 -1.628017 0.173820 -0.014245
    33 0.245514 -0.661150 3.388004 -1.484370 0.109499 -0.099205
    34 -0.717484 -3.784271 13.043911 -1.593546 -0.028646 1.464722
    35 1.099216 -1.407745 8.017889 -1.782123 0.031970 -0.017456
    36 0.068439 -0.807653 3.686054 -1.465861 0.033996 -0.009728
    37 -4.004929 6.172707 4.754754 0.109464 1.126798 2.530885
    38 0.158352 -1.149811 5.804394 -1.035325 -0.371782 0.138499
    39 -1.083523 -1.463142 5.544399 -1.392737 -0.110648 -0.024686
    40 -6.289886 0.932434 13.569063 -0.126803 0.612110 2.869610
    41 1.327774 -0.766687 12.396328 -0.081701 0.014936 -0.685761
    42 -0.096140 1.828087 23.185329 -0.117687 -0.133508 -1.601377
    43 2.325478 -0.000003 6.169296 0.033661 0.085765 2.064726
    44 0.000000 -3.152912 0.122169 1.961017 0.000000 0.000000
    45 1.068383 -10.478592 7.066338 0.292219 -1.282324 -3.141588
    46 0.000000 0.000000 2.279457 0.547137 -0.343566 0.107833
    47 2.479414 -8.323895 6.074242 -0.008855 0.007342 1.561876
    48 -0.000006 -5.074219 5.929688 0.000000 0.000000 0.000000
    49 -1.068383 -10.478611 7.065971 0.292219 1.282324 3.141588
    50 -0.000488 0.000015 2.279600 0.547136 0.343566 0.107835
    51 -2.479401 -8.323895 6.074234 0.008854 0.007354 1.579716
    52 -5.790000 4.432083 14.255558 -5.244313 1.273470 -2.475580
    53 1.044540 -2.839314 19.743252 -0.312285 0.681105 -0.128759
    54 -2.655510 -1.533379 24.792648 -0.507055 -0.087978 0.302525
    55 -1.120216 -0.154385 9.795983 -0.028109 -0.000438 0.244094
    56 -2.240372 -0.308788 19.592047 -0.191151 0.090745 0.464074
    57 -0.683205 2.877342 14.167089 -1.636947 0.257982 -1.697243
    58 -0.144958 -0.145317 7.579308 -1.541365 0.304893 -0.166486
    59 -0.038551 -0.936644 4.697678 -2.189566 0.238585 -0.365176
    60 -0.506317 8.500896 13.617329 -1.667474 0.239058 -1.794421
    61 0.385056 -0.460075 7.003435 -1.471905 0.596213 -0.385484
    62 -0.456360 -0.710276 5.057732 -1.989928 0.545818 -0.699362
    63 2.452194 -8.899408 11.597939 -1.518069 0.122347 -1.266987
    64 -0.680515 -0.903999 6.074242 -1.453600 -0.173890 -0.003171
    65 -0.248295 -0.666843 3.386627 -1.668562 -0.122147 0.124610
    66 0.717491 -3.784309 13.044010 -1.732821 0.017070 -1.468188
    67 -1.099228 -1.407673 8.017876 -1.595175 -0.021765 0.013371
    68 -0.064053 -0.807640 3.686100 -1.839804 -0.037732 0.018150
    69 4.004906 6.172710 4.754800 -0.720161 -0.940295 -1.497252
    70 -0.158381 -1.149773 5.804405 -0.546194 0.831346 0.513032
    71 1.078559 -2.386406 5.215008 -1.351340 1.124846 -0.375902
    72 6.289963 0.932404 13.569109 -0.126801 -0.612098 -2.869612
    73 -1.327759 -0.766682 12.396324 -0.016105 -0.007817 0.144814
    74 0.000017 -54.999996 0.000000 0.000000 0.000000 -1.570796
  time 52
    0 0.000000 0.000000 -1.500000 0.000000 0.000000 0.000000
    1 -10.521344 -5.760963 66.994621 3.097005 -0.050653 -3.139334
    2 -4.898216 24.110487 27.935220 0.973238 0.307535 1.005313
    3 -0.000034 0.000012 24.761454 -1.924042 -0.222843 -0.217836
    4 0.000017 0.000000 24.344809 2.031218 -0.318217 -0.300054
    5 0.002333 -1.019846 24.031336 0.389585 -0.042698 0.017201
    6 0.000034 0.000008 13.404741 -0.000001 -0.000009 -0.291429
    7 10.398263 -5.760962 66.994675 3.097005 0.050653 3.139334
    8 4.238244 9.578040 23.615865 0.924539 -1.135418 0.278797
    9 -0.000004 -0.000006 24.761459 -1.606129 0.186141 -0.806796
    10 -0.000007 0.000004 24.344891 1.340705 0.407855 0.038704
    11 -0.002360 -1.019903 24.031330 0.389594 -0.042695 -0.017219
    12 0.000000 -0.000002 13.404737 0.000001 0.000005 -0.328848
    13 -0.061540 -5.245835 72.927078 0.000000 0.000000 0.000000
    14 -0.197901 18.695737 -25.308000 0.045426 -0.284045 -0.935516
    15 0.000000 -0.005608 -1.146812 -0.016391 0.110215 0.133140
    16 0.030770 -0.240000 8.906021 -0.004138 0.000000 0.000000
    17 -0.199202 0.926665 1.835595 -0.102226 -0.060270 -0.578472
    18 0.030770 -0.276858 8.905140 0.056125 0.004134 -0.000049
    19 -0.446592 -0.085064 1.827005 0.018625 -0.187960 -0.047053
    20 5.669724 4.435303 14.302868 -0.001325 -0.659252 2.558284
    21 -1.044571 -2.839317 19.743267 -0.418338 0.081778 0.042227
    22 2.655533 -1.533369 24.792658 -0.801322 0.065826 -1.116175
    23 1.120163 -0.154394 9.796035 -0.019217 0.001009 -0.166808
    24 2.240311 -0.308786 19.592051 -0.460244 0.016917 -0.256466
    25 0.683151 2.877354 14.167051 -1.539577 -0.110993 1.508462
    26 0.144936 -0.145374 7.579252 -1.768042 -0.243277 0.235290
    27 0.091660 -0.906685 4.702850 -1.587439 -0.182567 0.191106
    28 0.506271 8.500866 13.617253 -1.482728 -0.277117 1.475100
    29 -0.384987 -0.460049 7.003448 -1.747476 -0.440889 0.551348
    30 0.561516 -0.596954 5.061852 -1.494372 -0.380569 0.386314
    31 -2.452171 -8.899406 11.597897 -1.654201 -0.165627 1.356458
    32 0.680496 -0.903999 6.074253 -1.628017 0.173820 -0.014245
    33 0.245514 -0.661150 3.388004 -1.484370 0.109487 -0.099205
    34 -0.717484 -3.784271 13.043911 -1.593546 -0.028634 1.464722
    35 1.099216 -1.407745 8.017889 -1.782123 0.031970 -0.017456
    36 0.068439 -0.807653 3.686054 -1.465861 0.033996 -0.009740
    37 -4.004929 6.172707 4.754754 0.109464 1.126798 2.530885
    38 0.158352 -1.149811 5.804394 -1.035325 -0.371782 0.138487
    39 -1.083523 -1.463142 5.544399 -1.392737 -0.110648 -0.024686
    40 -6.289886 0.932434 13.569063 -0.126803 0.612110 2.869610
    41 1.327774 -0.766687 12.396328 -0.072605 0.016062 -0.611492
    42 -0.096140 1.828087 23.185329 -0.117687 -0.133508 -1.601377
    43 2.325478 -0.000003 6.169296 0.053143 0.107555 2.080292
    44 0.000000 -3.152912 0.122169 1.961017 0.000000 0.000000
    45 1.068383 -10.478592 7.066338 0.292219 -1.282324 -3.141588
    46 0.000000 0.000000 2.279457 0.547137 -0.343566 0.107833
    47 2.479414 -8.323895 6.074242 -0.008855 0.007342 1.561876
    48 -0.000006 -5.074219 5.929688 0.000000 0.000000 0.000000
    49 -1.068383 -10.478611 7.065971 0.292219 1.282324 3.141588
    50 -0.000488 0.000015 2.279600 0.547136 0.343566 0.107835
    51 -2.479401 -8.323895 6.074234 0.008854 0.007354 1.579716
    52 -5.790000 4.432083 14.255558 -5.232906 1.281819 -2.482479
    53 1.044540 -2.839314 19.743252 -0.354250 0.727445 -0.148844
    54 -2.655510 -1.533379 24.792648 -0.495933 -0.085454 0.223387
    55 -1.120216 -0.154385 9.795983 -0.028504 -0.000390 0.247767
    56 -2.240372 -0.308788 19.592047 -0.189242 0.089854 0.471721
    57 -0.683205 2.877342 14.167089 -1.636947 0.257982 -1.697243
    58 -0.144958 -0.145317 7.579308 -1.541365 0.304893 -0.166486
    59 -0.038551 -0.936644 4.697678 -2.189615 0.238585 -0.365176
    60 -0.506317 8.500896 13.617329 -1.667549 0.239058 -1.794421
    61 0.385056 -0.460075 7.003435 -1.471905 0.596213 -0.385484
    62 -0.456360 -0.710276 5.057732 -1.989928 0.545818 -0.699362
    63 2.452194 -8.899408 11.597939 -1.518109 0.122347 -1.266987
    64 -0.680515 -0.903999 6.074242 -1.453600 -0.173890 -0.003171
    65 -0.248295 -0.666843 3.386627 -1.668562 -0.122147 0.124610
    66 0.717491 -3.784309 13.044010 -1.732821 0.017070 -1.468188
    67 -1.099228 -1.407673 8.017876 -1.595175 -0.021765 0.013371
    68 -0.064053 -0.807640 3.686100 -1.839860 -0.037732 0.018150
    69 4.004906 6.172710 4.754800 -0.720236 -0.940295 -1.497252
    70 -0.158381 -1.149773 5.804405 -0.546194 0.831346 0.513032
    71 1.078559 -2.386406 5.215008 -1.351292 1.124815 -0.375902
    72 6.289963 0.932404 13.569109 -0.126801 -0.612098 -2.869612
    73 -1.327759 -0.766682 12.396324 -0.011682 -0.005947 0.105998
    74 0.000017 -54.999996 0.000000 0.000000 0.000000 -1.570796
  time 53
    0 0.000000 0.000000 -1.500000 0.000000 0.000000 0.000000
    1 -10.521344 -5.760963 66.994621 3.097005 -0.050653 -3.139334
    2 -4.101316 26.025698 24.840633 0.953562 0.179215 1.051274
    3 -0.000034 0.000012 24.761454 -1.830138 -0.212009 -0.270362
    4 0.000017 0.000000 24.344809 1.922041 -0.275799 -0.213045
    5 0.002333 -1.019846 24.031336 0.389585 -0.042710 0.017201
    6 0.000034 0.000008 13.404741 -0.000001 -0.000009 -0.318238
    7 10.398263 -5.760962 66.994675 3.097005 0.050653 3.139334
    8 6.039080 10.727062 18.872549 0.559241 -1.045393 0.608946
    9 -0.000004 -0.000006 24.761459 -1.302433 0.151038 -0.775825
    10 -0.000007 0.000004 24.344891 1.233053 0.438963 0.006693
    11 -0.002360 -1.019903 24.031330 0.389594 -0.042695 -0.017219
    12 0.000000 -0.000002 13.404737 0.000001 0.000005 -0.329256
    13 -0.061540 -5.245835 72.927078 0.000000 0.000000 0.000000
    14 -1.815138 20.302843 -21.432651 0.080855 -0.352658 -1.019711
    15 0.000000 -0.005608 -1.146812 -0.016391 0.110215 0.133140
    16 0.030770 -0.240000 8.906021 -0.004138 0.000000 0.000000
    17 -0.578119 0.625875 1.620745 -0.039979 -0.082806 -0.646639
    18 0.030770 -0.276858 8.905140 0.056125 0.004134 -0.000049
    19 -0.438779 -0.135847 1.604342 0.059696 -0.191087 -0.060068
    20 5.669724 4.435303 14.302868 0.012839 -0.710730 2.471267
    21 -1.044571 -2.839317 19.743267 -0.576156 0.037474 0.011263
    22 2.655533 -1.533369 24.792658 -0.865766 0.087115 -0.810479
    23 1.120163 -0.154394 9.796035 -0.010096 0.000925 -0.087922
    24 2.240311 -0.308786 19.592051 -0.481786 -0.172376 -0.103477
    25 0.683151 2.877354 14.167051 -1.539577 -0.111005 1.508449
    26 0.144936 -0.145374 7.579252 -1.768042 -0.243277 0.235278
    27 0.091660 -0.906685 4.702850 -1.587485 -0.182567 0.191106
    28 0.506271 8.500866 13.617253 -1.482728 -0.277117 1.475100
    29 -0.384987 -0.460049 7.003448 -1.747476 -0.440889 0.551348
    30 0.561516 -0.596954 5.061852 -1.494372 -0.380569 0.386314
    31 -2.452171 -8.899406 11.597897 -1.654201 -0.165627 1.356458
    32 0.680496 -0.903999 6.074253 -1.628017 0.173820 -0.014245
    33 0.245514 -0.661150 3.388004 -1.484370 0.109499 -0.099205
    34 -0.717484 -3.784271 13.043911 -1.593590 -0.028634 1.464722
    35 1.099216 -1.407745 8.017889 -1.782123 0.031970 -0.017456
    36 0.068439 -0.807653 3.686054 -1.465861 0.033996 -0.009728
    37 -4.004929 6.172707 4.754754 0.109464 1.126798 2.530885
    38 0.158352 -1.149811 5.804394 -1.035325 -0.371782 0.138487
    39 -1.083523 -1.463142 5.544399 -1.392737 -0.110648 -0.024686
    40 -6.289886 0.932434 13.569063 -0.126803 0.612110 2.869610
    41 1.327774 -0.766687 12.396328 -0.053046 0.016230 -0.452910
    42 -0.096140 1.828087 23.185329 -0.117687 -0.133508 -1.601377
    43 2.325478 -0.000003 6.169296 0.067420 0.128694 2.136130
    44 0.000000 -3.152912 0.122169 1.961017 0.000000 0.000000
    45 1.068383 -10.478592 7.066338 0.292219 -1.282324 -3.141588
    46 0.000000 0.000000 2.279457 0.547137 -0.343566 0.107833
    47 2.479414 -8.323895 6.074242 -0.008855 0.007342 1.561876
    48 -0.000006 -5.074219 5.929688 0.000000 0.000000 0.000000
    49 -1.068383 -10.478611 7.065971 0.292219 1.282324 3.141588
    50 -0.000488 0.000015 2.279600 0.547136 0.343566 0.107835
    51 -2.479401 -8.323895 6.074234 0.008854 0.007354 1.579716
    52 -5.790000 4.432083 14.255558 -5.155644 1.301425 -2.412534
    53 1.044540 -2.839314 19.743252 -0.316515 0.779806 -0.145632
    54 -2.655510 -1.533379 24.792648 -0.481389 -0.079824 0.094645
    55 -1.120216 -0.154385 9.795983 -0.028456 -0.000390 0.247359
    56 -2.240372 -0.308788 19.592047 -0.189471 0.089953 0.470948
    57 -0.683205 2.877342 14.167089 -1.636947 0.258002 -1.697243
    58 -0.144958 -0.145317 7.579308 -1.541365 0.304893 -0.166486
    59 -0.038551 -0.936644 4.697678 -2.189566 0.238585 -0.365164
    60 -0.506317 8.500896 13.617329 -1.667549 0.239058 -1.794421
    61 0.385056 -0.460075 7.003435 -1.471905 0.596196 -0.385484
    62 -0.456360 -0.710276 5.057732 -1.989928 0.545818 -0.699362
    63 2.452194 -8.899408 11.597939 -1.518069 0.122347 -1.266987
    64 -0.680515 -0.903999 6.074242 -1.453600 -0.173890 -0.003171
    65 -0.248295 -0.666843 3.386627 -1.668562 -0.122147 0.124610
    66 0.717491 -3.784309 13.044010 -1.732821 0.017070 -1.468176
    67 -1.099228 -1.407673 8.017876 -1.595175 -0.021765 0.013371
    68 -0.064053 -0.807640 3.686100 -1.839860 -0.037732 0.018150
    69 4.004906 6.172710 4.754800 -0.720236 -0.940295 -1.497252
    70 -0.158381 -1.149773 5.804405 -0.546194 0.831346 0.513032
    71 1.078559 -2.386406 5.215008 -1.351340 1.124846 -0.375902
    72 6.289963 0.932404 13.569109 -0.126801 -0.612098 -2.869612
    73 -1.327759 -0.766682 12.396324 -0.003964 -0.002196 0.036601
    74 0.000017 -54.999996 0.000000 0.000000 0.000000 -1.570796
  time 54
    0 0.000000 0.000000 -1.500000 0.000000 0.000000 0.000000
    1 -10.521344 -5.760963 66.994621 3.097005 -0.050653 -3.139334
    2 -3.652084 27.769031 22.418783 0.933954 0.073804 1.096057
    3 -0.000034 0.000012 24.761454 -1.744608 -0.202109 -0.327449
    4 0.000017 0.000000 24.344809 1.830557 -0.240919 -0.155746
    5 0.002333 -1.019846 24.031336 0.389585 -0.042710 0.017201
    6 0.000034 0.000008 13.404741 -0.000001 -0.000009 -0.349815
    7 10.398263 -5.760962 66.994675 3.097005 0.050653 3.139334
    8 7.543033 11.863594 15.275721 0.318070 -0.942126 0.819198
    9 -0.000004 -0.000006 24.761459 -1.016722 0.117985 -0.762834
    10 -0.000007 0.000004 24.344891 1.116043 0.460739 -0.030594
    11 -0.002360 -1.019903 24.031330 0.389594 -0.042695 -0.017219
    12 0.000000 -0.000002 13.404737 0.000001 0.000005 -0.339733
    13 -0.061540 -5.245835 72.927078 0.000000 0.000000 0.000000
    14 -3.049550 21.816783 -18.481077 0.122044 -0.402654 -1.099582
    15 0.000000 -0.005608 -1.146812 -0.016391 0.110215 0.133167
    16 0.030770 -0.240000 8.906021 -0.004138 0.000000 0.000000
    17 -0.972663 0.332897 1.292610 0.028414 -0.101303 -0.703784
    18 0.030770 -0.276858 8.905140 0.056125 0.004134 -0.000049
    19 -0.442685 -0.194443 1.291833 0.101232 -0.196168 -0.072017
    20 5.669724 4.435303 14.302868 0.016667 -0.769536 2.394408
    21 -1.044571 -2.839317 19.743267 -0.706235 -0.054996 0.001533
    22 2.655533 -1.533369 24.792658 -0.885815 0.095684 -0.504541
    23 1.120163 -0.154394 9.796035 -0.005638 0.000626 -0.049014
    24 2.240311 -0.308786 19.592051 -0.521910 -0.279063 -0.030128
    25 0.683151 2.877354 14.167051 -1.539577 -0.111005 1.508462
    26 0.144936 -0.145374 7.579252 -1.768042 -0.243277 0.235266
    27 0.091660 -0.906685 4.702850 -1.587439 -0.182567 0.191106
    28 0.506271 8.500866 13.617253 -1.482728 -0.277117 1.475100
    29 -0.384987 -0.460049 7.003448 -1.747476 -0.440889 0.551348
    30 0.561516 -0.596954 5.061852 -1.494372 -0.380569 0.386314
    31 -2.452171 -8.899406 11.597897 -1.654201 -0.165627 1.356458
    32 0.680496 -0.903999 6.074253 -1.628017 0.173820 -0.014245
    33 0.245514 -0.661150 3.388004 -1.484370 0.109499 -0.099205
    34 -0.717484 -3.784271 13.043911 -1.593546 -0.028646 1.464722
    35 1.099216 -1.407745 8.017889 -1.782123 0.031970 -0.017456
    36 0.068439 -0.807653 3.686054 -1.465861 0.033996 -0.009728
    37 -4.004929 6.172707 4.754754 0.109464 1.126798 2.530885
    38 0.158352 -1.149811 5.804394 -1.035325 -0.371782 0.138499
    39 -1.083523 -1.463142 5.544399 -1.392737 -0.110648 -0.024686
    40 -6.289886 0.932434 13.569063 -0.126803 0.612110 2.869610
    41 1.327774 -0.766687 12.396328 -0.033031 0.013150 -0.288855
    42 -0.096140 1.828087 23.185329 -0.117670 -0.133508 -1.601377
    43 2.325478 -0.000003 6.169296 0.078212 0.144436 2.196598
    44 0.000000 -3.152912 0.122169 1.961017 0.000000 0.000000
    45 1.068383 -10.478592 7.066338 0.292219 -1.282324 -3.141588
    46 0.000000 0.000000 2.279457 0.547137 -0.343566 0.107833
    47 2.479414 -8.323895 6.074242 -0.008855 0.007342 1.561876
    48 -0.000006 -5.074219 5.929688 0.000000 0.000000 0.000000
    49 -1.068383 -10.478611 7.065971 0.292219 1.282324 3.141588
    50 -0.000488 0.000015 2.279600 0.547136 0.343566 0.107835
    51 -2.479401 -8.323895 6.074234 0.008854 0.007354 1.579716
    52 -5.790000 4.432083 14.255558 -5.056048 1.319286 -2.314131
    53 1.044540 -2.839314 19.743252 -0.253011 0.807661 -0.126173
    54 -2.655510 -1.533379 24.792648 -0.467801 -0.072007 -0.040003
    55 -1.120216 -0.154385 9.795983 -0.028241 -0.000426 0.245345
    56 -2.240372 -0.308788 19.592047 -0.190464 0.090448 0.466652
    57 -0.683205 2.877342 14.167089 -1.636947 0.257982 -1.697243
    58 -0.144958 -0.145317 7.579308 -1.541365 0.304893 -0.166486
    59 -0.038551 -0.936644 4.697678 -2.189566 0.238585 -0.365176
    60 -0.506317 8.500896 13.617329 -1.667474 0.239084 -1.794421
    61 0.385056 -0.460075 7.003435 -1.471905 0.596196 -0.385484
    62 -0.456360 -0.710276 5.057732 -1.989928 0.545818 -0.699362
    63 2.452194 -8.899408 11.597939 -1.518069 0.122347 -1.267011
    64 -0.680515 -0.903999 6.074242 -1.453600 -0.173890 -0.003171
    65 -0.248295 -0.666843 3.386627 -1.668562 -0.122147 0.124610
    66 0.717491 -3.784309 13.044010 -1.732821 0.017070 -1.468188
    67 -1.099228 -1.407673 8.017876 -1.595175 -0.021765 0.013371
    68 -0.064053 -0.807640 3.686100 -1.839804 -0.037732 0.018150
    69 4.004906 6.172710 4.754800 -0.720161 -0.940295 -1.497252
    70 -0.158381 -1.149773 5.804405 -0.546194 0.831346 0.513032
    71 1.078559 -2.386406 5.215008 -1.351340 1.124815 -0.375902
    72 6.289963 0.932404 13.569109 -0.126801 -0.612098 -2.869612
    73 -1.327759 -0.766682 12.396324 0.003922 0.002358 -0.037099
    74 0.000017 -54.999996 0.000000 0.000000 0.000000 -1.570796
  time 55
    0 0.000000 0.000000 -1.500000 0.000000 0.000000 0.000000
    1 -10.521344 -5.760963 66.994621 3.097005 -0.050653 -3.139334
    2 -3.456765 28.898514 22.172113 0.947959 -0.006055 1.127776
    3 -0.000034 0.000012 24.761454 -1.748958 -0.202637 -0.380097
    4 0.000017 0.000000 24.344809 1.805959 -0.221272 -0.129753
    5 0.002333 -1.019846 24.031336 0.389585 -0.042710 0.017213
    6 0.000034 0.000008 13.404741 -0.000001 -0.000009 -0.385336
    7 10.398263 -5.760962 66.994675 3.097005 0.050653 3.139334
    8 8.640722 12.562999 14.443955 0.237196 -0.906387 0.912029
    9 -0.000004 -0.000006 24.761459 -0.917561 0.106516 -0.739076
    10 -0.000007 0.000004 24.344891 1.088356 0.487981 -0.038056
    11 -0.002360 -1.019903 24.031330 0.389594 -0.042695 -0.017219
    12 0.000000 -0.000002 13.404737 0.000001 0.000005 -0.333743
    13 -0.061540 -5.245835 72.927078 0.000000 0.000000 0.000000
    14 -3.819105 22.783375 -17.962861 0.150528 -0.423610 -1.155672
    15 0.000000 -0.005608 -1.146812 -0.016391 0.110215 0.133140
    16 0.030770 -0.240000 8.906021 -0.004138 0.000000 0.000000
    17 -1.167981 0.184455 0.905879 0.071070 -0.108582 -0.756975
    18 0.030770 -0.276858 8.905140 0.056125 0.004134 -0.000049
    19 -0.450498 -0.221787 0.936353 0.124002 -0.201784 -0.080610
    20 5.669724 4.435303 14.302868 -0.028506 -0.856460 2.353104
    21 -1.044571 -2.839317 19.743267 -0.786514 -0.147675 0.012109
    22 2.655533 -1.533369 24.792658 -0.862728 0.092610 -0.292818
    23 1.120163 -0.154394 9.796035 -0.005326 0.000602 -0.046427
    24 2.240311 -0.308786 19.592051 -0.524608 -0.283575 -0.025341
    25 0.683151 2.877354 14.167051 -1.539577 -0.111005 1.508462
    26 0.144936 -0.145374 7.579252 -1.768042 -0.243277 0.235266
    27 0.091660 -0.906685 4.702850 -1.587439 -0.182567 0.191106
    28 0.506271 8.500866 13.617253 -1.482728 -0.277117 1.475100
    29 -0.384987 -0.460049 7.003448 -1.747476 -0.440889 0.551348
    30 0.561516 -0.596954 5.061852 -1.494407 -0.380569 0.386326
    31 -2.452171 -8.899406 11.597897 -1.654201 -0.165627 1.356458
    32 0.680496 -0.903999 6.074253 -1.628017 0.173820 -0.014245
    33 0.245514 -0.661150 3.388004 -1.484423 0.109499 -0.099205
    34 -0.717484 -3.784271 13.043911 -1.593590 -0.028646 1.464722
    35 1.099216 -1.407745 8.017889 -1.782123 0.031970 -0.017456
    36 0.068439 -0.807653 3.686054 -1.465861 0.033996 -0.009728
    37 -4.004929 6.172707 4.754754 0.109464 1.126798 2.530885
    38 0.158352 -1.149811 5.804394 -1.035325 -0.371782 0.138499
    39 -1.083523 -1.463142 5.544399 -1.392737 -0.110660 -0.024686
    40 -6.289886 0.932434 13.569063 -0.126803 0.612110 2.869610
    41 1.327774 -0.766687 12.396328 -0.019549 0.009099 -0.174765
    42 -0.096140 1.828087 23.185329 -0.117687 -0.133508 -1.601377
    43 2.325478 -0.000003 6.169296 0.083321 0.151193 2.226492
    44 0.000000 -3.152912 0.122169 1.961017 0.000000 0.000000
    45 1.068383 -10.478592 7.066338 0.292219 -1.282324 -3.141588
    46 0.000000 0.000000 2.279457 0.547137 -0.343566 0.107833
    47 2.479414 -8.323895 6.074242 -0.008855 0.007342 1.561876
    48 -0.000006 -5.074219 5.929688 0.000000 0.000000 0.000000
    49 -1.068383 -10.478611 7.065971 0.292219 1.282324 3.141588
    50 -0.000488 0.000015 2.279600 0.547136 0.343566 0.107835
    51 -2.479401 -8.323895 6.074234 0.008854 0.007354 1.579716
    52 -5.790000 4.432083 14.255558 -5.002464 1.326554 -2.259996
    53 1.044540 -2.839314 19.743252 -0.214831 0.806686 -0.111586
    54 -2.655510 -1.533379 24.792648 -0.460101 -0.066299 -0.121716
    55 -1.120216 -0.154385 9.795983 -0.028097 -0.000438 0.244094
    56 -2.240372 -0.308788 19.592047 -0.191075 0.090795 0.464074
    57 -0.683205 2.877342 14.167089 -1.636947 0.258002 -1.697243
    58 -0.144958 -0.145317 7.579308 -1.541365 0.304893 -0.166486
    59 -0.038551 -0.936644 4.697678 -2.189615 0.238585 -0.365176
    60 -0.506317 8.500896 13.617329 -1.667549 0.239084 -1.794421
    61 0.385056 -0.460075 7.003435 -1.471905 0.596213 -0.385484
    62 -0.456360 -0.710276 5.057732 -1.989928 0.545818 -0.699362
    63 2.452194 -8.899408 11.597939 -1.518109 0.122347 -1.266987
    64 -0.680515 -0.903999 6.074242 -1.453600 -0.173890 -0.003171
    65 -0.248295 -0.666843 3.386627 -1.668562 -0.122147 0.124610
    66 0.717491 -3.784309 13.044010 -1.732821 0.017070 -1.468176
    67 -1.099228 -1.407673 8.017876 -1.595175 -0.021765 0.013371
    68 -0.064053 -0.807640 3.686100 -1.839860 -0.037732 0.018150
    69 4.004906 6.172710 4.754800 -0.720236 -0.940295 -1.497252
    70 -0.158381 -1.149773 5.804405 -0.546194 0.831346 0.513032
    71 1.078559 -2.386406 5.215008 -1.351292 1.124815 -0.375902
    72 6.289963 0.932404 13.569109 -0.126801 -0.612098 -2.869612
    73 -1.327759 -0.766682 12.396324 0.008440 0.005330 -0.080819
    74 0.000017 -54.999996 0.000000 0.000000 0.000000 -1.570796
  time 56
    0 0.000000 0.000000 -1.500000 0.000000 0.000000 0.000000
    1 -10.521344 -5.760963 66.994621 3.097005 -0.050653 -3.139334
    2 -2.335637 29.377317 23.136368 0.953562 0.000013 1.087319
    3 -0.000034 0.000012 24.761454 -1.817455 -0.210535 -0.324924
    4 0.000017 0.000000 24.344809 1.852935 -0.200448 -0.101838
    5 0.002333 -1.019846 24.031336 0.389585 -0.042710 0.017213
    6 0.000034 0.000008 13.404741 -0.000001 -0.000009 -0.340407
    7 10.398263 -5.760962 66.994675 3.097005 0.050653 3.139334
    8 9.250116 13.125021 16.129968 0.348611 -0.944285 0.843623
    9 -0.000004 -0.000006 24.761459 -1.017492 0.118069 -0.663461
    10 -0.000007 0.000004 24.344891 1.150249 0.518089 -0.005141
    11 -0.002360 -1.019903 24.031330 0.389594 -0.042695 -0.017219
    12 0.000000 -0.000002 13.404737 0.000001 0.000005 -0.284342
    13 -0.061540 -5.245835 72.927078 0.000000 0.000000 0.000000
    14 -4.604285 23.202620 -19.202072 0.185061 -0.425657 -1.206057
    15 0.000000 -0.005608 -1.146812 -0.018719 0.165442 0.201785
    16 0.030770 -0.240000 8.906021 -0.004138 0.000000 0.000000
    17 -1.175794 0.172736 0.566025 0.085632 -0.107152 -0.810766
    18 0.030770 -0.276858 8.905140 0.056125 0.004134 -0.000049
    19 -0.470030 -0.225694 0.592593 0.130900 -0.208017 -0.086506
    20 5.669724 4.435303 14.302868 -0.112535 -0.994650 2.331637
    21 -1.044571 -2.839317 19.743267 -0.809702 -0.256739 0.045386
    22 2.655533 -1.533369 24.792658 -0.844675 0.086500 -0.128567
    23 1.120163 -0.154394 9.796035 -0.005219 0.000590 -0.045323
    24 2.240311 -0.308786 19.592051 -0.525783 -0.285509 -0.023244
    25 0.683151 2.877354 14.167051 -1.539577 -0.111005 1.508449
    26 0.144936 -0.145374 7.579252 -1.768042 -0.243277 0.235266
    27 0.091660 -0.906685 4.702850 -1.587439 -0.182567 0.191106
    28 0.506271 8.500866 13.617253 -1.482728 -0.277117 1.475100
    29 -0.384987 -0.460049 7.003448 -1.747476 -0.440889 0.551348
    30 0.561516 -0.596954 5.061852 -1.494372 -0.380569 0.386326
    31 -2.452171 -8.899406 11.597897 -1.654150 -0.165627 1.356458
    32 0.680496 -0.903999 6.074253 -1.628017 0.173820 -0.014245
    33 0.245514 -0.661150 3.388004 -1.484370 0.109499 -0.099205
    34 -0.717484 -3.784271 13.043911 -1.593546 -0.028646 1.464722
    35 1.099216 -1.407745 8.017889 -1.782123 0.031970 -0.017456
    36 0.068439 -0.807653 3.686054 -1.465825 0.033996 -0.009728
    37 -4.004929 6.172707 4.754754 0.109464 1.126798 2.530885
    38 0.158352 -1.149811 5.804394 -1.035325 -0.371782 0.138499
    39 -1.083523 -1.463142 5.544399 -1.392737 -0.110660 -0.024686
    40 -6.289886 0.932434 13.569063 -0.126803 0.612110 2.869610
    41 1.327774 -0.766687 12.396328 -0.010081 0.005216 -0.091758
    42 -0.096140 1.828087 23.185329 -0.117841 -0.131947 -1.601897
    43 2.325478 -0.000003 6.169296 0.085375 0.152394 2.231122
    44 0.000000 -3.152912 0.122169 1.961017 0.000000 0.000000
    45 1.068383 -10.478592 7.066338 0.292219 -1.282324 -3.141588
    46 0.000000 0.000000 2.279457 0.547137 -0.343566 0.107833
    47 2.479414 -8.323895 6.074242 -0.008855 0.007342 1.561876
    48 -0.000006 -5.074219 5.929688 0.000000 0.000000 0.000000
    49 -1.068383 -10.478611 7.065971 0.292219 1.282324 3.141588
    50 -0.000488 0.000015 2.279600 0.547136 0.343566 0.107835
    51 -2.479401 -8.323895 6.074234 0.008854 0.007354 1.579716
    52 -5.790000 4.432083 14.255558 -5.024415 1.318953 -2.283183
    53 1.044540 -2.839314 19.743252 -0.183552 0.800496 -0.099203
    54 -2.655510 -1.533379 24.792648 -0.455119 -0.063154 -0.163064
    55 -1.120216 -0.154385 9.795983 -0.027905 -0.000450 0.242489
    56 -2.240372 -0.308788 19.592047 -0.190235 0.088765 0.461153
    57 -0.683205 2.877342 14.167089 -1.636947 0.257982 -1.697256
    58 -0.144958 -0.145317 7.579308 -1.541365 0.304893 -0.166486
    59 -0.038551 -0.936644 4.697678 -2.189566 0.238585 -0.365176
    60 -0.506317 8.500896 13.617329 -1.667474 0.239058 -1.794421
    61 0.385056 -0.460075 7.003435 -1.471905 0.596196 -0.385484
    62 -0.456360 -0.710276 5.057732 -1.989928 0.545818 -0.699362
    63 2.452194 -8.899408 11.597939 -1.518069 0.122347 -1.267011
    64 -0.680515 -0.903999 6.074242 -1.453600 -0.173890 -0.003171
    65 -0.248295 -0.666843 3.386627 -1.668562 -0.122147 0.124610
    66 0.717491 -3.784309 13.044010 -1.732821 0.017070 -1.468188
    67 -1.099228 -1.407673 8.017876 -1.595175 -0.021765 0.013371
    68 -0.064053 -0.807640 3.686100 -1.839804 -0.037732 0.018150
    69 4.004906 6.172710 4.754800 -0.720161 -0.940295 -1.497252
    70 -0.158381 -1.149773 5.804405 -0.546194 0.831346 0.513032
    71 1.078559 -2.386406 5.215008 -1.351340 1.124815 -0.375902
    72 6.289963 0.932404 13.569109 -0.126801 -0.612098 -2.869612
    73 -1.327759 -0.766682 12.396324 0.010765 0.006972 -0.103813
    74 0.000017 -54.999996 0.000000 0.000000 0.000000 -1.570796
  time 57
    0 0.000000 0.000000 -1.500000 0.000000 0.000000 0.000000
    1 -10.521344 -5.760963 66.994621 3.097005 -0.050653 -3.139334
    2 -0.323857 29.500087 23.764255 0.915235 0.070826 0.994041
    3 -0.000034 0.000012 24.761454 -1.870017 -0.216611 -0.181352
    4 0.000017 0.000000 24.344809 1.923089 -0.172743 -0.060138
    5 0.002333 -1.019846 24.031336 0.389585 -0.042710 0.017201
    6 0.000034 0.000008 13.404741 -0.000001 -0.000009 -0.224120
    7 10.398263 -5.760962 66.994675 3.097005 0.050653 3.139334
    8 9.687629 13.949319 18.243104 0.552587 -0.967952 0.661344
    9 -0.000004 -0.000006 24.761459 -1.120172 0.129945 -0.558561
    10 -0.000007 0.000004 24.344891 1.188457 0.545442 0.026555
    11 -0.002360 -1.019903 24.031330 0.389594 -0.042695 -0.017219
    12 0.000000 -0.000002 13.404737 0.000001 0.000005 -0.208340
    13 -0.061540 -5.245835 72.927078 0.000000 0.000000 0.000000
    14 -5.596503 23.458826 -20.463813 0.232779 -0.425330 -1.263948
    15 0.000000 -0.005608 -1.146812 -0.024078 0.267927 0.332416
    16 0.030770 -0.240000 8.906021 -0.004138 0.000000 0.000000
    17 -1.164075 0.180549 0.304299 0.093671 -0.103974 -0.856729
    18 0.030770 -0.276858 8.905140 0.056125 0.004134 -0.000049
    19 -0.485655 -0.229600 0.330866 0.136620 -0.214456 -0.091360
    20 5.669724 4.435303 14.302868 -0.236953 -1.163670 2.349271
    21 -1.044571 -2.839317 19.743267 -0.777170 -0.327240 0.074715
    22 2.655533 -1.533369 24.792658 -0.834477 0.081735 -0.036130
    23 1.120163 -0.154394 9.796035 -0.005207 0.000590 -0.045254
    24 2.240311 -0.308786 19.592051 -0.525913 -0.285601 -0.023165
    25 0.683151 2.877354 14.167051 -1.539577 -0.111005 1.508462
    26 0.144936 -0.145374 7.579252 -1.768042 -0.243277 0.235278
    27 0.091660 -0.906685 4.702850 -1.587439 -0.182567 0.191106
    28 0.506271 8.500866 13.617253 -1.482728 -0.277117 1.475100
    29 -0.384987 -0.460049 7.003448 -1.747476 -0.440889 0.551348
    30 0.561516 -0.596954 5.061852 -1.494407 -0.380569 0.386314
    31 -2.452171 -8.899406 11.597897 -1.654201 -0.165627 1.356485
    32 0.680496 -0.903999 6.074253 -1.628017 0.173820 -0.014245
    33 0.245514 -0.661150 3.388004 -1.484423 0.109499 -0.099205
    34 -0.717484 -3.784271 13.043911 -1.593590 -0.028634 1.464722
    35 1.099216 -1.407745 8.017889 -1.782123 0.031970 -0.017456
    36 0.068439 -0.807653 3.686054 -1.465861 0.033996 -0.009740
    37 -4.004929 6.172707 4.754754 0.109464 1.126798 2.530885
    38 0.158352 -1.149811 5.804394 -1.035325 -0.371782 0.138487
    39 -1.083523 -1.463142 5.544399 -1.392737 -0.110648 -0.024686
    40 -6.289886 0.932434 13.569063 -0.126803 0.612110 2.869610
    41 1.327774 -0.766687 12.396328 -0.005359 0.002927 -0.049325
    42 -0.096140 1.828087 23.185329 -0.118149 -0.128952 -1.602936
    43 2.325478 -0.000003 6.169296 0.088049 0.153566 2.236590
    44 0.000000 -3.152912 0.122169 1.961017 0.000000 0.000000
    45 1.068383 -10.478592 7.066338 0.292219 -1.282324 -3.141588
    46 0.000000 0.000000 2.279457 0.547137 -0.343566 0.107833
    47 2.479414 -8.323895 6.074242 -0.008855 0.007342 1.561876
    48 -0.000006 -5.074219 5.929688 0.000000 0.000000 0.000000
    49 -1.068383 -10.478611 7.065971 0.292219 1.282324 3.141588
    50 -0.000488 0.000015 2.279600 0.547136 0.343566 0.107835
    51 -2.479401 -8.323895 6.074234 0.008854 0.007354 1.579716
    52 -5.790000 4.432083 14.255558 -5.067551 1.304083 -2.327354
    53 1.044540 -2.839314 19.743252 -0.131736 0.797104 -0.079309
    54 -2.655510 -1.533379 24.792648 -0.449281 -0.059633 -0.206306
    55 -1.120216 -0.154385 9.795983 -0.027570 -0.000498 0.239442
    56 -2.240372 -0.308788 19.592047 -0.188402 0.085151 0.455568
    57 -0.683205 2.877342 14.167089 -1.636947 0.257982 -1.697243
    58 -0.144958 -0.145317 7.579308 -1.541365 0.304893 -0.166486
    59 -0.038551 -0.936644 4.697678 -2.189566 0.238585 -0.365176
    60 -0.506317 8.500896 13.617329 -1.667474 0.239058 -1.794421
    61 0.385056 -0.460075 7.003435 -1.471905 0.596196 -0.385484
    62 -0.456360 -0.710276 5.057732 -1.989928 0.545818 -0.699362
    63 2.452194 -8.899408 11.597939 -1.518069 0.122347 -1.267011
    64 -0.680515 -0.903999 6.074242 -1.453600 -0.173890 -0.003171
    65 -0.248295 -0.666843 3.386627 -1.668562 -0.122147 0.124610
    66 0.717491 -3.784309 13.044010 -1.732821 0.017070 -1.468188
    67 -1.099228 -1.407673 8.017876 -1.595175 -0.021765 0.013371
    68 -0.064053 -0.807640 3.686100 -1.839804 -0.037732 0.018150
    69 4.004906 6.172710 4.754800 -0.720161 -0.940295 -1.497252
    70 -0.158381 -1.149773 5.804405 -0.546194 0.831346 0.513032
    71 1.078559 -2.386406 5.215008 -1.351340 1.124846 -0.375902
    72 6.289963 0.932404 13.569109 -0.126801 -0.612098 -2.869612
    73 -1.327759 -0.766682 12.396324 0.013377 0.008938 -0.130184
    74 0.000017 -54.999996 0.000000 0.000000 0.000000 -1.570796
  time 58
    0 0.000000 0.000000 -1.500000 0.000000 0.000000 0.000000
    1 -10.521344 -5.760963 66.994621 3.097005 -0.050653 -3.139334
    2 0.933994 29.586026 24.683661 0.899453 0.098911 0.940783
    3 -0.000034 0.000012 24.761454 -1.926522 -0.223118 -0.102196
    4 0.000017 0.000000 24.344809 1.981900 -0.156468 -0.030927
    5 0.002333 -1.019846 24.031336 0.389585 -0.042710 0.017213
    6 0.000034 0.000008 13.404741 -0.000001 -0.000009 -0.160692
    7 10.398263 -5.760962 66.994675 3.097005 0.050653 3.139334
    8 10.168113 14.573788 19.974077 0.694884 -0.979475 0.531133
    9 -0.000004 -0.000006 24.761459 -1.184464 0.137400 -0.491344
    10 -0.000007 0.000004 24.344891 1.202203 0.573306 0.043538
    11 -0.002360 -1.019903 24.031330 0.389594 -0.042695 -0.017219
    12 0.000000 -0.000002 13.404737 0.000001 0.000005 -0.154559
    13 -0.061540 -5.245835 72.927078 0.000000 0.000000 0.000000
    14 -6.291837 23.784905 -21.725555 0.256910 -0.424504 -1.300581
    15 0.000000 -0.005608 -1.146812 -0.028926 0.322982 0.414159
    16 0.030770 -0.240000 8.906021 -0.004138 0.000000 0.000000
    17 -1.140637 0.188362 0.144137 0.096680 -0.101796 -0.884044
    18 0.030770 -0.276858 8.905140 0.056125 0.004134 -0.000049
    19 -0.493468 -0.241319 0.170705 0.140087 -0.217480 -0.094188
    20 5.669724 4.435303 14.302868 -0.459086 -1.338609 2.475100
    21 -1.044571 -2.839317 19.743267 -0.727124 -0.355106 0.087913
    22 2.655533 -1.533369 24.792658 -0.829313 0.079199 0.006408
    23 1.120163 -0.154394 9.796035 -0.005266 0.000590 -0.045910
    24 2.240311 -0.308786 19.592051 -0.525217 -0.284542 -0.024313
    25 0.683151 2.877354 14.167051 -1.539577 -0.111005 1.508462
    26 0.144936 -0.145374 7.579252 -1.768042 -0.243277 0.235266
    27 0.091660 -0.906685 4.702850 -1.587439 -0.182567 0.191106
    28 0.506271 8.500866 13.617253 -1.482728 -0.277117 1.475100
    29 -0.384987 -0.460049 7.003448 -1.747476 -0.440889 0.551348
    30 0.561516 -0.596954 5.061852 -1.494372 -0.380569 0.386314
    31 -2.452171 -8.899406 11.597897 -1.654201 -0.165627 1.356485
    32 0.680496 -0.903999 6.074253 -1.628017 0.173820 -0.014245
    33 0.245514 -0.661150 3.388004 -1.484423 0.109499 -0.099205
    34 -0.717484 -3.784271 13.043911 -1.593590 -0.028646 1.464722
    35 1.099216 -1.407745 8.017889 -1.782123 0.031970 -0.017456
    36 0.068439 -0.807653 3.686054 -1.465861 0.033996 -0.009740
    37 -4.004929 6.172707 4.754754 0.109464 1.126798 2.530885
    38 0.158352 -1.149811 5.804394 -1.035325 -0.371782 0.138487
    39 -1.083523 -1.463142 5.544399 -1.392737 -0.110648 -0.024686
    40 -6.289886 0.932434 13.569063 -0.126803 0.612110 2.869610
    41 1.327774 -0.766687 12.396328 -0.003430 0.001921 -0.031599
    42 -0.096140 1.828087 23.185329 -0.118320 -0.127326 -1.603456
    43 2.325478 -0.000003 6.169296 0.089338 0.154087 2.239224
    44 0.000000 -3.152912 0.122169 1.961017 0.000000 0.000000
    45 1.068383 -10.478592 7.066338 0.292219 -1.282324 -3.141588
    46 0.000000 0.000000 2.279457 0.547137 -0.343566 0.107833
    47 2.479414 -8.323895 6.074242 -0.008855 0.007342 1.561876
    48 -0.000006 -5.074219 5.929688 0.000000 0.000000 0.000000
    49 -1.068383 -10.478611 7.065971 0.292219 1.282324 3.141588
    50 -0.000488 0.000015 2.279600 0.547136 0.343566 0.107835
    51 -2.479401 -8.323895 6.074234 0.008854 0.007354 1.579716
    52 -5.790000 4.432083 14.255558 -5.096884 1.294986 -2.355236
    53 1.044540 -2.839314 19.743252 -0.087155 0.792949 -0.062163
    54 -2.655510 -1.533379 24.792648 -0.445759 -0.057226 -0.234857
    55 -1.120216 -0.154385 9.795983 -0.027378 -0.000510 0.237810
    56 -2.240372 -0.308788 19.592047 -0.187409 0.083221 0.452475
    57 -0.683205 2.877342 14.167089 -1.636947 0.257982 -1.697243
    58 -0.144958 -0.145317 7.579308 -1.541365 0.304893 -0.166486
    59 -0.038551 -0.936644 4.697678 -2.189566 0.238585 -0.365164
    60 -0.506317 8.500896 13.617329 -1.667474 0.239058 -1.794421
    61 0.385056 -0.460075 7.003435 -1.471905 0.596196 -0.385484
    62 -0.456360 -0.710276 5.057732 -1.989928 0.545818 -0.699362
    63 2.452194 -8.899408 11.597939 -1.518069 0.122347 -1.267011
    64 -0.680515 -0.903999 6.074242 -1.453600 -0.173890 -0.003171
    65 -0.248295 -0.666843 3.386627 -1.668562 -0.122147 0.124610
    66 0.717491 -3.784309 13.044010 -1.732821 0.017070 -1.468188
    67 -1.099228 -1.407673 8.017876 -1.595175 -0.021765 0.013371
    68 -0.064053 -0.807640 3.686100 -1.839860 -0.037732 0.018150
    69 4.004906 6.172710 4.754800 -0.720161 -0.940295 -1.497252
    70 -0.158381 -1.149773 5.804405 -0.546194 0.831346 0.513032
    71 1.078559 -2.386406 5.215008 -1.351340 1.124815 -0.375902
    72 6.289963 0.932404 13.569109 -0.126801 -0.612098 -2.869612
    73 -1.327759 -0.766682 12.396324 0.015187 0.010352 -0.148782
    74 0.000017 -54.999996 0.000000 0.000000 0.000000 -1.570796
  time 59
    0 0.000000 0.000000 -1.500000 0.000000 0.000000 0.000000
    1 -10.521344 -5.760963 66.994621 3.097005 -0.050653 -3.139334
    2 1.082436 29.905227 26.298228 0.937575 0.063950 0.950351
    3 -0.000034 0.000012 24.761454 -2.010873 -0.232874 -0.116285
    4 0.000017 0.000000 24.344809 2.024621 -0.153435 -0.015802
    5 0.002333 -1.019846 24.031336 0.389585 -0.042710 0.017201
    6 0.000034 0.000008 13.404741 -0.000001 -0.000009 -0.171386
    7 10.398263 -5.760962 66.994675 3.097005 0.050653 3.139334
    8 10.629064 14.836065 21.232967 0.743596 -1.003362 0.502500
    9 -0.000004 -0.000006 24.761459 -1.228407 0.142469 -0.470457
    10 -0.000007 0.000004 24.344891 1.219306 0.603215 0.050495
    11 -0.002360 -1.019903 24.031330 0.389594 -0.042695 -0.017219
    12 0.000000 -0.000002 13.404737 0.000001 0.000005 -0.137942
    13 -0.061540 -5.245835 72.927078 0.000000 0.000000 0.000000
    14 -6.592627 24.239087 -23.167545 0.256398 -0.424040 -1.314333
    15 0.000000 -0.005608 -1.146812 -0.038017 0.306842 0.420464
    16 0.030770 -0.240000 8.906021 -0.004138 0.000000 0.000000
    17 -1.128917 0.203987 0.058197 0.097375 -0.101163 -0.897502
    18 0.030770 -0.276858 8.905140 0.056125 0.004134 -0.000049
    19 -0.493468 -0.241319 0.080858 0.142267 -0.217665 -0.095686
    20 5.669724 4.435303 14.302868 5.087058 -1.474050 3.134052
    21 -1.044571 -2.839317 19.743267 -0.681139 -0.350879 0.088223
    22 2.655533 -1.533369 24.792658 -0.826709 0.078123 0.022178
    23 1.120163 -0.154394 9.796035 -0.005374 0.000602 -0.046806
    24 2.240311 -0.308786 19.592051 -0.524260 -0.282977 -0.025974
    25 0.683151 2.877354 14.167051 -1.539577 -0.111005 1.508462
    26 0.144936 -0.145374 7.579252 -1.768042 -0.243277 0.235266
    27 0.091660 -0.906685 4.702850 -1.587439 -0.182567 0.191106
    28 0.506271 8.500866 13.617253 -1.482728 -0.277117 1.475100
    29 -0.384987 -0.460049 7.003448 -1.747476 -0.440889 0.551348
    30 0.561516 -0.596954 5.061852 -1.494372 -0.380569 0.386314
    31 -2.452171 -8.899406 11.597897 -1.654201 -0.165627 1.356458
    32 0.680496 -0.903999 6.074253 -1.628017 0.173820 -0.014245
    33 0.245514 -0.661150 3.388004 -1.484370 0.109499 -0.099205
    34 -0.717484 -3.784271 13.043911 -1.593590 -0.028646 1.464722
    35 1.099216 -1.407745 8.017889 -1.782123 0.031970 -0.017456
    36 0.068439 -0.807653 3.686054 -1.465861 0.033996 -0.009728
    37 -4.004929 6.172707 4.754754 0.109464 1.126798 2.530885
    38 0.158352 -1.149811 5.804394 -1.035325 -0.371782 0.138499
    39 -1.083523 -1.463142 5.544399 -1.392737 -0.110660 -0.024686
    40 -6.289886 0.932434 13.569063 -0.126803 0.612110 2.869610
    41 1.327774 -0.766687 12.396328 -0.002758 0.001549 -0.025573
    42 -0.096140 1.828087 23.185329 -0.118269 -0.127772 -1.603334
    43 2.325478 -0.000003 6.169296 0.088956 0.153899 2.238346
    44 0.000000 -3.152912 0.122169 1.961017 0.000000 0.000000
    45 1.068383 -10.478592 7.066338 0.292219 -1.282324 -3.141588
    46 0.000000 0.000000 2.279457 0.547137 -0.343566 0.107833
    47 2.479414 -8.323895 6.074242 -0.008855 0.007342 1.561876
    48 -0.000006 -5.074219 5.929688 0.000000 0.000000 0.000000
    49 -1.068383 -10.478611 7.065971 0.292219 1.282324 3.141588
    50 -0.000488 0.000015 2.279600 0.547136 0.343566 0.107835
    51 -2.479401 -8.323895 6.074234 0.008854 0.007354 1.579716
    52 -5.790000 4.432083 14.255558 -5.113946 1.293906 -2.365009
    53 1.044540 -2.839314 19.743252 -0.055153 0.788116 -0.049971
    54 -2.655510 -1.533379 24.792648 -0.444752 -0.056022 -0.249018
    55 -1.120216 -0.154385 9.795983 -0.027426 -0.000510 0.238245
    56 -2.240372 -0.308788 19.592047 -0.187638 0.083765 0.453248
    57 -0.683205 2.877342 14.167089 -1.636947 0.257982 -1.697243
    58 -0.144958 -0.145317 7.579308 -1.541365 0.304893 -0.166486
    59 -0.038551 -0.936644 4.697678 -2.189615 0.238585 -0.365176
    60 -0.506317 8.500896 13.617329 -1.667474 0.239084 -1.794421
    61 0.385056 -0.460075 7.003435 -1.471905 0.596213 -0.385484
    62 -0.456360 -0.710276 5.057732 -1.989928 0.545818 -0.699362
    63 2.452194 -8.899408 11.597939 -1.518069 0.122347 -1.266987
    64 -0.680515 -0.903999 6.074242 -1.453600 -0.173890 -0.003171
    65 -0.248295 -0.666843 3.386627 -1.668562 -0.122147 0.124610
    66 0.717491 -3.784309 13.044010 -1.732821 0.017070 -1.468188
    67 -1.099228 -1.407673 8.017876 -1.595175 -0.021765 0.013371
    68 -0.064053 -0.807640 3.686100 -1.839860 -0.037732 0.018150
    69 4.004906 6.172710 4.754800 -0.720236 -0.940295 -1.497252
    70 -0.158381 -1.149773 5.804405 -0.546194 0.831346 0.513032
    71 1.078559 -2.386406 5.215008 -1.351292 1.124846 -0.375902
    72 6.289963 0.932404 13.569109 -0.126801 -0.612098 -2.869612
    73 -1.327759 -0.766682 12.396324 0.016170 0.011143 -0.158914
    74 0.000017 -54.999996 0.000000 0.000000 0.000000 -1.570796
  time 60
    0 0.000000 0.000000 -1.500000 0.000000 0.000000 0.000000
    1 -10.521344 -5.760963 66.994621 3.097005 -0.050653 -3.139334
    2 0.035529 30.936495 32.218307 1.110012 -0.163657 1.034629
    3 -0.000034 0.000012 24.761454 -2.297585 -0.265939 -0.299842
    4 0.000017 0.000000 24.344809 2.123442 -0.168714 0.008246
    5 0.002333 -1.019846 24.031336 0.389585 -0.042710 0.017213
    6 0.000034 0.000008 13.404741 -0.000001 -0.000009 -0.315116
    7 10.398263 -5.760962 66.994675 3.097005 0.050653 3.139334
    8 12.035357 15.235725 24.380191 0.762279 -1.099935 0.540375
    9 -0.000004 -0.000006 24.761459 -1.322287 0.153339 -0.466438
    10 -0.000007 0.000004 24.344891 1.270357 0.695406 0.070694
    11 -0.002360 -1.019903 24.031330 0.389594 -0.042695 -0.017219
    12 0.000000 -0.000002 13.404737 0.000001 0.000005 -0.140604
    13 -0.061540 -5.245835 72.927078 0.000000 0.000000 0.000000
    14 -7.002796 25.753027 -27.899076 0.252014 -0.419962 -1.333010
    15 0.000000 -0.005608 -1.146812 -0.097984 0.163105 0.350216
    16 0.030770 -0.240000 8.906021 -0.004138 0.000000 0.000000
    17 -1.101573 0.231332 -0.035556 0.096365 -0.099961 -0.925974
    18 0.030770 -0.276858 8.905140 0.056125 0.004134 -0.000049
    19 -0.497374 -0.256945 -0.012895 0.149488 -0.218920 -0.099317
    20 5.669724 4.435303 14.302868 3.383210 -1.362921 -1.535534
    21 -1.044571 -2.839317 19.743267 -0.671159 -0.306418 0.074461
    22 2.655533 -1.533369 24.792658 -0.824062 0.077162 0.036169
    23 1.120163 -0.154394 9.796035 -0.005518 0.000614 -0.048048
    24 2.240311 -0.308786 19.592051 -0.523041 -0.280813 -0.028308
    25 0.683151 2.877354 14.167051 -1.539577 -0.111005 1.508462
    26 0.144936 -0.145374 7.579252 -1.768042 -0.243277 0.235266
    27 0.091660 -0.906685 4.702850 -1.587439 -0.182555 0.191106
    28 0.506271 8.500866 13.617253 -1.482728 -0.277117 1.475100
    29 -0.384987 -0.460049 7.003448 -1.747476 -0.440889 0.551348
    30 0.561516 -0.596954 5.061852 -1.494372 -0.380557 0.386314
    31 -2.452171 -8.899406 11.597897 -1.654201 -0.165627 1.356458
    32 0.680496 -0.903999 6.074253 -1.628017 0.173820 -0.014245
    33 0.245514 -0.661150 3.388004 -1.484370 0.109499 -0.099205
    34 -0.717484 -3.784271 13.043911 -1.593546 -0.028658 1.464722
    35 1.099216 -1.407745 8.017889 -1.782123 0.031970 -0.017456
    36 0.068439 -0.807653 3.686054 -1.465861 0.033996 -0.009740
    37 -4.004929 6.172707 4.754754 0.109464 1.126798 2.530885
    38 0.158352 -1.149811 5.804394 -1.035325 -0.371782 0.138499
    39 -1.083523 -1.463142 5.544399 -1.392737 -0.110660 -0.024686
    40 -6.289886 0.932434 13.569063 -0.126803 0.612110 2.869610
    41 1.327774 -0.766687 12.396328 -0.001752 0.000998 -0.016133
    42 -0.096140 1.828087 23.185329 -0.117875 -0.131565 -1.602050
    43 2.325478 -0.000003 6.169296 0.085279 0.152119 2.230563
    44 0.000000 -3.152912 0.122169 1.961017 0.000000 0.000000
    45 1.068383 -10.478592 7.066338 0.292219 -1.282324 -3.141588
    46 0.000000 0.000000 2.279457 0.547137 -0.343566 0.107833
    47 2.479414 -8.323895 6.074242 -0.008855 0.007342 1.561876
    48 -0.000006 -5.074219 5.929688 0.000000 0.000000 0.000000
    49 -1.068383 -10.478611 7.065971 0.292219 1.282324 3.141588
    50 -0.000488 0.000015 2.279600 0.547136 0.343566 0.107835
    51 -2.479401 -8.323895 6.074234 0.008854 0.007354 1.579716
    52 -5.790000 4.432083 14.255558 -5.177308 1.293657 -2.387909
    53 1.044540 -2.839314 19.743252 0.024157 0.773065 -0.020415
    54 -2.655510 -1.533379 24.792648 -0.444651 -0.053719 -0.276281
    55 -1.120216 -0.154385 9.795983 -0.027857 -0.000462 0.242081
    56 -2.240372 -0.308788 19.592047 -0.189929 0.088319 0.460380
    57 -0.683205 2.877342 14.167089 -1.636947 0.257982 -1.697243
    58 -0.144958 -0.145317 7.579308 -1.541365 0.304916 -0.166594
    59 -0.038551 -0.936644 4.697678 -2.189566 0.238490 -0.365188
    60 -0.506317 8.500896 13.617329 -1.667474 0.239084 -1.794421
    61 0.385056 -0.460075 7.003435 -1.471905 0.596196 -0.385484
    62 -0.456360 -0.710276 5.057732 -1.989928 0.545818 -0.699362
    63 2.452194 -8.899408 11.597939 -1.518069 0.122347 -1.266987
    64 -0.680515 -0.903999 6.074242 -1.453600 -0.173890 -0.003171
    65 -0.248295 -0.666843 3.386627 -1.668562 -0.122147 0.124610
    66 0.717491 -3.784309 13.044010 -1.732821 0.017070 -1.468188
    67 -1.099228 -1.407673 8.017876 -1.595175 -0.021765 0.013371
    68 -0.064053 -0.807640 3.686100 -1.839804 -0.037732 0.018150
    69 4.004906 6.172710 4.754800 -0.720161 -0.940295 -1.497252
    70 -0.158381 -1.149773 5.804405 -0.546194 0.831346 0.513032
    71 1.078559 -2.386406 5.215008 -1.351340 1.124846 -0.375902
    72 6.289963 0.932404 13.569109 -0.126801 -0.612098 -2.869612
    73 -1.327759 -0.766682 12.396324 0.018195 0.012833 -0.180335
    74 0.000017 -54.999996 0.000000 0.000000 0.000000 -1.570796
  time 61
    0 0.000000 0.000000 -1.500000 0.000000 0.000000 0.000000
    1 -10.521344 -5.760963 66.994621 3.097005 -0.050653 -3.139334
    2 0.035529 30.936495 32.218307 1.110012 -0.163657 1.034629
    3 -0.000034 0.000012 24.761454 -2.297585 -0.265939 -0.299842
    4 0.000017 0.000000 24.344809 2.123442 -0.168714 0.008246
    5 0.002333 -1.019846 24.031336 0.389585 -0.042710 0.017213
    6 0.000034 0.000008 13.404741 -0.000001 -0.000009 -0.315116
    7 10.398263 -5.760962 66.994675 3.097005 0.050653 3.139334
    8 12.035357 15.235725 24.380191 0.762279 -1.099935 0.540375
    9 -0.000004 -0.000006 24.761459 -1.322287 0.153339 -0.466438
    10 -0.000007 0.000004 24.344891 1.270357 0.695406 0.070694
    11 -0.002360 -1.019903 24.031330 0.389594 -0.042695 -0.017219
    12 0.000000 -0.000002 13.404737 0.000001 0.000005 -0.140604
    13 -0.061540 -5.245835 72.927078 0.000000 0.000000 0.000000
    14 -7.002796 25.753027 -27.899076 0.252014 -0.419962 -1.333010
    15 0.000000 -0.005608 -1.146812 -0.097984 0.163105 0.350216
    16 0.030770 -0.240000 8.906021 -0.004138 0.000000 0.000000
    17 -1.101573 0.231332 -0.035556 0.096365 -0.099961 -0.925974
    18 0.030770 -0.276858 8.905140 0.056125 0.004134 -0.000049
    19 -0.497374 -0.256945 -0.012895 0.149488 -0.218920 -0.099317
    20 5.669724 4.435303 14.302868 3.383210 -1.362921 -1.535534
    21 -1.044571 -2.839317 19.743267 -0.671159 -0.306418 0.074461
    22 2.655533 -1.533369 24.792658 -0.824062 0.077162 0.036169
    23 1.120163 -0.154394 9.796035 -0.005518 0.000614 -0.048048
    24 2.240311 -0.308786 19.592051 -0.523041 -0.280813 -0.028308
    25 0.683151 2.877354 14.167051 -1.539577 -0.111005 1.508462
    26 0.144936 -0.145374 7.579252 -1.768042 -0.243277 0.235266
    27 0.091660 -0.906685 4.702850 -1.587439 -0.182555 0.191106
    28 0.506271 8.500866 13.617253 -1.482728 -0.277117 1.475100
    29 -0.384987 -0.460049 7.003448 -1.747476 -0.440889 0.551348
    30 0.561516 -0.596954 5.061852 -1.494372 -0.380557 0.386314
    31 -2.452171 -8.899406 11.597897 -1.654201 -0.165627 1.356458
    32 0.680496 -0.903999 6.074253 -1.628017 0.173820 -0.014245
    33 0.245514 -0.661150 3.388004 -1.484370 0.109499 -0.099205
    34 -0.717484 -3.784271 13.043911 -1.593546 -0.028658 1.464722
    35 1.099216 -1.407745 8.017889 -1.782123 0.031970 -0.017456
    36 0.068439 -0.807653 3.686054 -1.465861 0.033996 -0.009740
    37 -4.004929 6.172707 4.754754 0.109464 1.126798 2.530885
    38 0.158352 -1.149811 5.804394 -1.035325 -0.371782 0.138499
    39 -1.083523 -1.463142 5.544399 -1.392737 -0.110660 -0.024686
    40 -6.289886 0.932434 13.569063 -0.126803 0.612110 2.869610
    41 1.327774 -0.766687 12.396328 -0.001752 0.000998 -0.016133
    42 -0.096140 1.828087 23.185329 -0.117875 -0.131565 -1.602050
    43 2.325478 -0.000003 6.169296 0.085279 0.152119 2.230563
    44 0.000000 -3.152912 0.122169 1.961017 0.000000 0.000000
    45 1.068383 -10.478592 7.066338 0.292219 -1.282324 -3.141588
    46 0.000000 0.000000 2.279457 0.547137 -0.343566 0.107833
    47 2.479414 -8.323895 6.074242 -0.008855 0.007342 1.561876
    48 -0.000006 -5.074219 5.929688 0.000000 0.000000 0.000000
    49 -1.068383 -10.478611 7.065971 0.292219 1.282324 3.141588
    50 -0.000488 0.000015 2.279600 0.547136 0.343566 0.107835
    51 -2.479401 -8.323895 6.074234 0.008854 0.007354 1.579716
    52 -5.790000 4.432083 14.255558 -5.177308 1.293657 -2.387909
    53 1.044540 -2.839314 19.743252 0.024157 0.773065 -0.020415
    54 -2.655510 -1.533379 24.792648 -0.444651 -0.053719 -0.276281
    55 -1.120216 -0.154385 9.795983 -0.027857 -0.000462 0.242081
    56 -2.240372 -0.308788 19.592047 -0.189929 0.088319 0.460380
    57 -0.683205 2.877342 14.167089 -1.636947 0.257982 -1.697243
    58 -0.144958 -0.145317 7.579308 -1.541365 0.304916 -0.166594
    59 -0.038551 -0.936644 4.697678 -2.189566 0.238490 -0.365188
    60 -0.506317 8.500896 13.617329 -1.667474 0.239084 -1.794421
    61 0.385056 -0.460075 7.003435 -1.471905 0.596196 -0.385484
    62 -0.456360 -0.710276 5.057732 -1.989928 0.545818 -0.699362
    63 2.452194 -8.899408 11.597939 -1.518069 0.122347 -1.266987
    64 -0.680515 -0.903999 6.074242 -1.453600 -0.173890 -0.003171
    65 -0.248295 -0.666843 3.386627 -1.668562 -0.122147 0.124610
    66 0.717491 -3.784309 13.044010 -1.732821 0.017070 -1.468188
    67 -1.099228 -1.407673 8.017876 -1.595175 -0.021765 0.013371
    68 -0.064053 -0.807640 3.686100 -1.839804 -0.037732 0.018150
    69 4.004906 6.172710 4.754800 -0.720161 -0.940295 -1.497252
    70 -0.158381 -1.149773 5.804405 -0.546194 0.831346 0.513032
    71 1.078559 -2.386406 5.215008 -1.351340 1.124846 -0.375902
    72 6.289963 0.932404 13.569109 -0.126801 -0.612098 -2.869612
    73 -1.327759 -0.766682 12.396324 0.018195 0.012833 -0.180335
    74 0.000017 -54.999996 0.000000 0.000000 0.000000 -1.570796
  time 62
    0 0.000000 0.000000 -1.500000 0.000000 0.000000 0.000000
    1 -10.521344 -5.760963 66.994621 3.097005 -0.050653 -3.139334
    2 -0.292606 31.218865 33.608628 1.153600 -0.235805 1.048872
    3 -0.000034 0.000012 24.761454 -2.362708 -0.273466 -0.354608
    4 0.000017 0.000000 24.344809 2.136449 -0.173603 0.014879
    5 0.002333 -1.019846 24.031336 0.389585 -0.042710 0.017201
    6 0.000034 0.000008 13.404741 -0.000001 -0.000009 -0.357472
    7 10.398263 -5.760962 66.994675 3.097005 0.050653 3.139334
    8 12.406462 15.448044 25.054596 0.755113 -1.125504 0.555888
    9 -0.000004 -0.000006 24.761459 -1.333342 0.154622 -0.471390
    10 -0.000007 0.000004 24.344891 1.274294 0.715893 0.076453
    11 -0.002360 -1.019903 24.031330 0.389594 -0.042695 -0.017219
    12 0.000000 -0.000002 13.404737 0.000001 0.000005 -0.145349
    13 -0.061540 -5.245835 72.927078 0.000000 0.000000 0.000000
    14 -7.065298 26.207209 -28.958038 0.250766 -0.418809 -1.334391
    15 0.000000 -0.005608 -1.146812 -0.114252 0.123359 0.328584
    16 0.030770 -0.240000 8.906021 -0.004138 0.000000 0.000000
    17 -1.097667 0.235238 -0.039462 0.095818 -0.099809 -0.930527
    18 0.030770 -0.276858 8.905140 0.056125 0.004134 -0.000049
    19 -0.501281 -0.260851 -0.012895 0.151060 -0.219249 -0.099989
    20 5.669724 4.435303 14.302868 3.330380 -1.335755 -1.492217
    21 -1.044571 -2.839317 19.743267 -0.701734 -0.299687 0.070259
    22 2.655533 -1.533369 24.792658 -0.822630 0.076355 0.047896
    23 1.120163 -0.154394 9.796035 -0.005530 0.000614 -0.048186
    24 2.240311 -0.308786 19.592051 -0.522867 -0.280490 -0.028585
    25 0.683151 2.877354 14.167051 -1.539577 -0.111005 1.508462
    26 0.144936 -0.145374 7.579252 -1.768042 -0.243277 0.235266
    27 0.091660 -0.906685 4.702850 -1.587439 -0.182555 0.191106
    28 0.506271 8.500866 13.617253 -1.482728 -0.277117 1.475100
    29 -0.384987 -0.460049 7.003448 -1.747476 -0.440889 0.551348
    30 0.561516 -0.596954 5.061852 -1.494407 -0.380557 0.386314
    31 -2.452171 -8.899406 11.597897 -1.654201 -0.165627 1.356458
    32 0.680496 -0.903999 6.074253 -1.628017 0.173820 -0.014245
    33 0.245514 -0.661150 3.388004 -1.484370 0.109499 -0.099205
    34 -0.717484 -3.784271 13.043911 -1.593590 -0.028658 1.464722
    35 1.099216 -1.407745 8.017889 -1.782123 0.031970 -0.017456
    36 0.068439 -0.807653 3.686054 -1.465861 0.033996 -0.009728
    37 -4.004929 6.172707 4.754754 0.109464 1.126798 2.530885
    38 0.158352 -1.149811 5.804394 -1.035325 -0.371782 0.138499
    39 -1.083523 -1.463142 5.544399 -1.392737 -0.110660 -0.024686
    40 -6.289886 0.932434 13.569063 -0.126803 0.612110 2.869610
    41 1.327774 -0.766687 12.396328 -0.000781 0.000446 -0.007194
    42 -0.096140 1.828087 23.185329 -0.117790 -0.132584 -1.601683
    43 2.325478 -0.000003 6.169296 0.084229 0.151613 2.228448
    44 0.000000 -3.152912 0.122169 1.961017 0.000000 0.000000
    45 1.068383 -10.478592 7.066338 0.292219 -1.282324 -3.141588
    46 0.000000 0.000000 2.279457 0.547137 -0.343566 0.107833
    47 2.479414 -8.323895 6.074242 -0.008855 0.007342 1.561876
    48 -0.000006 -5.074219 5.929688 0.000000 0.000000 0.000000
    49 -1.068383 -10.478611 7.065971 0.292219 1.282324 3.141588
    50 -0.000488 0.000015 2.279600 0.547136 0.343566 0.107835
    51 -2.479401 -8.323895 6.074234 0.008854 0.007354 1.579716
    52 -5.790000 4.432083 14.255558 -5.191591 1.293948 -2.391933
    53 1.044540 -2.839314 19.743252 0.038628 0.769970 -0.015162
    54 -2.655510 -1.533379 24.792648 -0.444903 -0.053382 -0.280219
    55 -1.120216 -0.154385 9.795983 -0.027989 -0.000450 0.243142
    56 -2.240372 -0.308788 19.592047 -0.190540 0.089656 0.462356
    57 -0.683205 2.877342 14.167089 -1.636947 0.258002 -1.697243
    58 -0.144958 -0.145317 7.579308 -1.541365 0.304916 -0.166594
    59 -0.038551 -0.936644 4.697678 -2.189566 0.238490 -0.365188
    60 -0.506317 8.500896 13.617329 -1.667474 0.239084 -1.794421
    61 0.385056 -0.460075 7.003435 -1.471905 0.596196 -0.385484
    62 -0.456360 -0.710276 5.057732 -1.989928 0.545818 -0.699362
    63 2.452194 -8.899408 11.597939 -1.518069 0.122347 -1.267011
    64 -0.680515 -0.903999 6.074242 -1.453600 -0.173890 -0.003171
    65 -0.248295 -0.666843 3.386627 -1.668562 -0.122147 0.124610
    66 0.717491 -3.784309 13.044010 -1.732821 0.017070 -1.468188
    67 -1.099228 -1.407673 8.017876 -1.595175 -0.021765 0.013371
    68 -0.064053 -0.807640 3.686100 -1.839860 -0.037732 0.018150
    69 4.004906 6.172710 4.754800 -0.720161 -0.940295 -1.497252
    70 -0.158381 -1.149773 5.804405 -0.546194 0.831346 0.513032
    71 1.078559 -2.386406 5.215008 -1.351340 1.124815 -0.375866
    72 6.289963 0.932404 13.569109 -0.126801 -0.612098 -2.869612
    73 -1.327759 -0.766682 12.396324 0.018531 0.013097 -0.183712
    74 0.000017 -54.999996 0.000000 0.000000 0.000000 -1.570796
  time 63
    0 0.000000 0.000000 -1.500000 0.000000 0.000000 0.000000
    1 -10.521344 -5.760963 66.994621 3.097005 -0.050653 -3.139334
    2 -0.374640 31.501236 34.303789 1.177512 -0.273327 1.049265
    3 -0.000034 0.000012 24.761454 -2.396814 -0.277385 -0.371465
    4 0.000017 0.000000 24.344809 2.139162 -0.173422 0.027497
    5 0.002333 -1.019846 24.031336 0.389585 -0.042710 0.017213
    6 0.000034 0.000008 13.404741 -0.000001 -0.000009 -0.369390
    7 10.398263 -5.760962 66.994675 3.097005 0.050653 3.139334
    8 12.617406 15.710321 25.436759 0.759037 -1.141380 0.553825
    9 -0.000004 -0.000006 24.761459 -1.334277 0.154742 -0.476056
    10 -0.000007 0.000004 24.344891 1.267969 0.725092 0.080090
    11 -0.002360 -1.019903 24.031330 0.389594 -0.042695 -0.017219
    12 0.000000 -0.000002 13.404737 0.000001 0.000005 -0.147324
    13 -0.061540 -5.245835 72.927078 0.000000 0.000000 0.000000
    14 -7.143425 26.556580 -29.543847 0.250286 -0.418362 -1.334691
    15 0.000000 -0.005608 -1.146812 -0.121620 0.107486 0.319834
    16 0.030770 -0.240000 8.906021 -0.004138 0.000000 0.000000
    17 -1.101573 0.235238 -0.039462 0.095565 -0.099745 -0.932084
    18 0.030770 -0.276858 8.905140 0.056125 0.004134 -0.000049
    19 -0.501281 -0.264757 -0.016801 0.151632 -0.219393 -0.100216
    20 5.669724 4.435303 14.302868 3.292960 -1.312112 -1.463084
    21 -1.044571 -2.839317 19.743267 -0.735930 -0.294781 0.066001
    22 2.655533 -1.533369 24.792658 -0.821024 0.075472 0.061644
    23 1.120163 -0.154394 9.796035 -0.005554 0.000626 -0.048393
    24 2.240311 -0.308786 19.592051 -0.522606 -0.280168 -0.028941
    25 0.683151 2.877354 14.167051 -1.539577 -0.111005 1.508449
    26 0.144936 -0.145374 7.579252 -1.768042 -0.243277 0.235266
    27 0.091660 -0.906685 4.702850 -1.587439 -0.182555 0.191106
    28 0.506271 8.500866 13.617253 -1.482728 -0.277117 1.475100
    29 -0.384987 -0.460049 7.003448 -1.747476 -0.440889 0.551348
    30 0.561516 -0.596954 5.061852 -1.494372 -0.380557 0.386314
    31 -2.452171 -8.899406 11.597897 -1.654201 -0.165627 1.356458
    32 0.680496 -0.903999 6.074253 -1.628017 0.173820 -0.014245
    33 0.245514 -0.661150 3.388004 -1.484370 0.109499 -0.099205
    34 -0.717484 -3.784271 13.043911 -1.593590 -0.028646 1.464722
    35 1.099216 -1.407745 8.017889 -1.782123 0.031970 -0.017456
    36 0.068439 -0.807653 3.686054 -1.465861 0.033996 -0.009728
    37 -4.004929 6.172707 4.754754 0.109464 1.126798 2.530885
    38 0.158352 -1.149811 5.804394 -1.035325 -0.371782 0.138499
    39 -1.083523 -1.463142 5.544399 -1.392737 -0.110648 -0.024686
    40 -6.289886 0.932434 13.569063 -0.126803 0.612110 2.869610
    41 1.327774 -0.766687 12.396328 0.000346 -0.000201 0.003251
    42 -0.096140 1.828087 23.185329 -0.117721 -0.132999 -1.601530
    43 2.325478 -0.000003 6.169296 0.083847 0.151439 2.227610
    44 0.000000 -3.152912 0.122169 1.961017 0.000000 0.000000
    45 1.068383 -10.478592 7.066338 0.292219 -1.282324 -3.141588
    46 0.000000 0.000000 2.279457 0.547137 -0.343566 0.107833
    47 2.479414 -8.323895 6.074242 -0.008855 0.007342 1.561876
    48 -0.000006 -5.074219 5.929688 0.000000 0.000000 0.000000
    49 -1.068383 -10.478611 7.065971 0.292219 1.282324 3.141588
    50 -0.000488 0.000015 2.279600 0.547136 0.343566 0.107835
    51 -2.479401 -8.323895 6.074234 0.008854 0.007354 1.579716
    52 -5.790000 4.432083 14.255558 -5.196959 1.294114 -2.393371
    53 1.044540 -2.839314 19.743252 0.043860 0.768867 -0.013257
    54 -2.655510 -1.533379 24.792648 -0.445004 -0.053279 -0.281506
    55 -1.120216 -0.154385 9.795983 -0.028049 -0.000438 0.243577
    56 -2.240372 -0.308788 19.592047 -0.190846 0.090151 0.463129
    57 -0.683205 2.877342 14.167089 -1.636947 0.257982 -1.697243
    58 -0.144958 -0.145317 7.579308 -1.541365 0.304916 -0.166594
    59 -0.038551 -0.936644 4.697678 -2.189566 0.238490 -0.365200
    60 -0.506317 8.500896 13.617329 -1.667474 0.239084 -1.794421
    61 0.385056 -0.460075 7.003435 -1.471905 0.596213 -0.385484
    62 -0.456360 -0.710276 5.057732 -1.989928 0.545818 -0.699362
    63 2.452194 -8.899408 11.597939 -1.518069 0.122347 -1.266987
    64 -0.680515 -0.903999 6.074242 -1.453600 -0.173890 -0.003171
    65 -0.248295 -0.666843 3.386627 -1.668562 -0.122135 0.124610
    66 0.717491 -3.784309 13.044010 -1.732821 0.017070 -1.468176
    67 -1.099228 -1.407673 8.017876 -1.595175 -0.021765 0.013371
    68 -0.064053 -0.807640 3.686100 -1.839804 -0.037732 0.018150
    69 4.004906 6.172710 4.754800 -0.720161 -0.940295 -1.497171
    70 -0.158381 -1.149773 5.804405 -0.546194 0.831346 0.513032
    71 1.078559 -2.386406 5.215008 -1.351340 1.124846 -0.375902
    72 6.289963 0.932404 13.569109 -0.126801 -0.612098 -2.869612
    73 -1.327759 -0.766682 12.396324 0.018651 0.013192 -0.184915
    74 0.000017 -54.999996 0.000000 0.000000 0.000000 -1.570796
  time 64
    0 0.000000 0.000000 -1.500000 0.000000 0.000000 0.000000
    1 -10.521344 -5.760963 66.994621 3.097005 -0.050653 -3.139334
    2 -0.276981 31.722222 33.900147 1.173891 -0.274857 1.047823
    3 -0.000034 0.000012 24.761454 -2.382180 -0.275695 -0.364095
    4 0.000017 0.000000 24.344809 2.125168 -0.168080 0.037328
    5 0.002333 -1.019846 24.031336 0.389585 -0.042698 0.017213
    6 0.000034 0.000008 13.404741 -0.000001 -0.000009 -0.361564
    7 10.398263 -5.760962 66.994675 3.097005 0.050653 3.139334
    8 12.664283 15.935129 25.054596 0.739160 -1.134466 0.565295
    9 -0.000004 -0.000006 24.761459 -1.307273 0.151602 -0.476773
    10 -0.000007 0.000004 24.344891 1.247381 0.722559 0.067457
    11 -0.002360 -1.019903 24.031330 0.389594 -0.042695 -0.017219
    12 0.000000 -0.000002 13.404737 0.000001 0.000005 -0.149557
    13 -0.061540 -5.245835 72.927078 0.000000 0.000000 0.000000
    14 -7.205927 26.766203 -29.138287 0.250190 -0.418276 -1.335172
    15 0.000000 -0.005608 -1.146812 -0.123151 0.107470 0.321030
    16 0.030770 -0.240000 8.906021 -0.004138 0.000000 0.000000
    17 -1.101573 0.235238 -0.039462 0.095544 -0.099733 -0.932803
    18 0.030770 -0.276858 8.905140 0.056125 0.004134 -0.000049
    19 -0.501281 -0.268664 -0.012895 0.151811 -0.219393 -0.100300
    20 5.669724 4.435303 14.302868 3.268172 -1.293227 -1.444588
    21 -1.044571 -2.839317 19.743267 -0.767679 -0.291807 0.062250
    22 2.655533 -1.533369 24.792658 -0.819462 0.074549 0.074341
    23 1.120163 -0.154394 9.796035 -0.005578 0.000626 -0.048600
    24 2.240311 -0.308786 19.592051 -0.522345 -0.279846 -0.029377
    25 0.683151 2.877354 14.167051 -1.539577 -0.111005 1.508462
    26 0.144936 -0.145374 7.579252 -1.768042 -0.243277 0.235266
    27 0.091660 -0.906685 4.702850 -1.587439 -0.182555 0.191106
    28 0.506271 8.500866 13.617253 -1.482728 -0.277117 1.475100
    29 -0.384987 -0.460049 7.003448 -1.747476 -0.440889 0.551348
    30 0.561516 -0.596954 5.061852 -1.494372 -0.380557 0.386314
    31 -2.452171 -8.899406 11.597897 -1.654201 -0.165627 1.356458
    32 0.680496 -0.903999 6.074253 -1.628017 0.173820 -0.014245
    33 0.245514 -0.661150 3.388004 -1.484370 0.109511 -0.099205
    34 -0.717484 -3.784271 13.043911 -1.593590 -0.028646 1.464722
    35 1.099216 -1.407745 8.017889 -1.782123 0.031970 -0.017456
    36 0.068439 -0.807653 3.686054 -1.465861 0.033996 -0.009728
    37 -4.004929 6.172707 4.754754 0.109464 1.126798 2.530885
    38 0.158352 -1.149811 5.804394 -1.035325 -0.371782 0.138499
    39 -1.083523 -1.463142 5.544399 -1.392737 -0.110660 -0.024686
    40 -6.289886 0.932434 13.569063 -0.126803 0.612110 2.869610
    41 1.327774 -0.766687 12.396328 0.001376 -0.000812 0.013093
    42 -0.096140 1.828087 23.185329 -0.117721 -0.133062 -1.601530
    43 2.325478 -0.000003 6.169296 0.083751 0.151381 2.227410
    44 0.000000 -3.152912 0.122169 1.961017 0.000000 0.000000
    45 1.068383 -10.478592 7.066338 0.292219 -1.282324 -3.141588
    46 0.000000 0.000000 2.279457 0.547137 -0.343566 0.107833
    47 2.479414 -8.323895 6.074242 -0.008855 0.007342 1.561876
    48 -0.000006 -5.074219 5.929688 0.000000 0.000000 0.000000
    49 -1.068383 -10.478611 7.065971 0.292219 1.282324 3.141588
    50 -0.000488 0.000015 2.279600 0.547136 0.343566 0.107835
    51 -2.479401 -8.323895 6.074234 0.008854 0.007354 1.579716
    52 -5.790000 4.432083 14.255558 -5.198493 1.294114 -2.393850
    53 1.044540 -2.839314 19.743252 0.045641 0.768486 -0.012604
    54 -2.655510 -1.533379 24.792648 -0.445004 -0.053227 -0.282188
    55 -1.120216 -0.154385 9.795983 -0.028061 -0.000438 0.243686
    56 -2.240372 -0.308788 19.592047 -0.190922 0.090250 0.463301
    57 -0.683205 2.877342 14.167089 -1.636947 0.257982 -1.697243
    58 -0.144958 -0.145317 7.579308 -1.541365 0.304916 -0.166594
    59 -0.038551 -0.936644 4.697678 -2.189566 0.238490 -0.365188
    60 -0.506317 8.500896 13.617329 -1.667474 0.239084 -1.794421
    61 0.385056 -0.460075 7.003435 -1.471905 0.596196 -0.385484
    62 -0.456360 -0.710276 5.057732 -1.989928 0.545818 -0.699362
    63 2.452194 -8.899408 11.597939 -1.518069 0.122347 -1.267011
    64 -0.680515 -0.903999 6.074242 -1.453600 -0.173890 -0.003171
    65 -0.248295 -0.666843 3.386627 -1.668562 -0.122147 0.124610
    66 0.717491 -3.784309 13.044010 -1.732821 0.017070 -1.468188
    67 -1.099228 -1.407673 8.017876 -1.595175 -0.021765 0.013371
    68 -0.064053 -0.807640 3.686100 -1.839804 -0.037732 0.018150
    69 4.004906 6.172710 4.754800 -0.720161 -0.940295 -1.497252
    70 -0.158381 -1.149773 5.804405 -0.546194 0.831346 0.513032
    71 1.078559 -2.386406 5.215008 -1.351340 1.124815 -0.375902
    72 6.289963 0.932404 13.569109 -0.126801 -0.612098 -2.869612
    73 -1.327759 -0.766682 12.396324 0.018687 0.013240 -0.185424
    74 0.000017 -54.999996 0.000000 0.000000 0.000000 -1.570796
  time 65
    0 0.000000 0.000000 -1.500000 0.000000 0.000000 0.000000
    1 -10.521344 -5.760963 66.994621 3.097005 -0.050653 -3.139334
    2 -0.163696 31.832715 32.554675 1.146973 -0.259131 1.054071
    3 -0.000034 0.000012 24.761454 -2.321000 -0.268648 -0.359982
    4 0.000017 0.000000 24.344809 2.092803 -0.160588 0.036010
    5 0.002333 -1.019846 24.031336 0.389585 -0.042698 0.017201
    6 0.000034 0.000008 13.404741 -0.000001 -0.000009 -0.355595
    7 10.398263 -5.760962 66.994675 3.097005 0.050653 3.139334
    8 12.613500 16.047534 23.683305 0.670997 -1.101837 0.612577
    9 -0.000004 -0.000006 24.761459 -1.241441 0.143979 -0.473866
    10 -0.000007 0.000004 24.344891 1.211755 0.711604 0.032546
    11 -0.002360 -1.019903 24.031330 0.389594 -0.042695 -0.017219
    12 0.000000 -0.000002 13.404737 0.000001 0.000005 -0.155912
    13 -0.061540 -5.245835 72.927078 0.000000 0.000000 0.000000
    14 -7.229365 26.836077 -27.786421 0.249965 -0.418087 -1.336132
    15 0.000000 -0.005608 -1.146812 -0.124650 0.107391 0.323829
    16 0.030770 -0.240000 8.906021 -0.004138 0.000000 0.000000
    17 -1.097667 0.243051 -0.035556 0.095481 -0.099669 -0.934241
    18 0.030770 -0.276858 8.905140 0.056125 0.004134 -0.000049
    19 -0.501281 -0.268664 -0.012895 0.152204 -0.219455 -0.100516
    20 5.669724 4.435303 14.302868 3.254773 -1.280331 -1.434813
    21 -1.044571 -2.839317 19.743267 -0.791259 -0.289876 0.059458
    22 2.655533 -1.533369 24.792658 -0.818377 0.073934 0.082913
    23 1.120163 -0.154394 9.796035 -0.005614 0.000626 -0.048807
    24 2.240311 -0.308786 19.592051 -0.522171 -0.279431 -0.029772
    25 0.683151 2.877354 14.167051 -1.539577 -0.111005 1.508462
    26 0.144936 -0.145374 7.579252 -1.768042 -0.243277 0.235266
    27 0.091660 -0.906685 4.702850 -1.587439 -0.182555 0.191106
    28 0.506271 8.500866 13.617253 -1.482728 -0.277117 1.475100
    29 -0.384987 -0.460049 7.003448 -1.747476 -0.440889 0.551348
    30 0.561516 -0.596954 5.061852 -1.494372 -0.380557 0.386314
    31 -2.452171 -8.899406 11.597897 -1.654201 -0.165627 1.356458
    32 0.680496 -0.903999 6.074253 -1.628017 0.173820 -0.014245
    33 0.245514 -0.661150 3.388004 -1.484370 0.109511 -0.099205
    34 -0.717484 -3.784271 13.043911 -1.593590 -0.028646 1.464722
    35 1.099216 -1.407745 8.017889 -1.782123 0.031970 -0.017456
    36 0.068439 -0.807653 3.686054 -1.465861 0.033996 -0.009740
    37 -4.004929 6.172707 4.754754 0.109464 1.126798 2.530885
    38 0.158352 -1.149811 5.804394 -1.035325 -0.371782 0.138499
    39 -1.083523 -1.463142 5.544399 -1.392737 -0.110648 -0.024686
    40 -6.289886 0.932434 13.569063 -0.126803 0.612110 2.869610
    41 1.327774 -0.766687 12.396328 0.002131 -0.001255 0.020123
    42 -0.096140 1.828087 23.185329 -0.117704 -0.133254 -1.601469
    43 2.325478 -0.000003 6.169296 0.083608 0.151309 2.227051
    44 0.000000 -3.152912 0.122169 1.961017 0.000000 0.000000
    45 1.068383 -10.478592 7.066338 0.292219 -1.282324 -3.141588
    46 0.000000 0.000000 2.279457 0.547137 -0.343566 0.107833
    47 2.479414 -8.323895 6.074242 -0.008855 0.007342 1.561876
    48 -0.000006 -5.074219 5.929688 0.000000 0.000000 0.000000
    49 -1.068383 -10.478611 7.065971 0.292219 1.282324 3.141588
    50 -0.000488 0.000015 2.279600 0.547136 0.343566 0.107835
    51 -2.479401 -8.323895 6.074234 0.008854 0.007354 1.579716
    52 -5.790000 4.432083 14.255558 -5.201560 1.294114 -2.395095
    53 1.044540 -2.839314 19.743252 0.049537 0.767511 -0.011189
    54 -2.655510 -1.533379 24.792648 -0.445004 -0.053084 -0.283627
    55 -1.120216 -0.154385 9.795983 -0.028073 -0.000438 0.243876
    56 -2.240372 -0.308788 19.592047 -0.190922 0.090448 0.463645
    57 -0.683205 2.877342 14.167089 -1.636947 0.257982 -1.697243
    58 -0.144958 -0.145317 7.579308 -1.541365 0.304916 -0.166594
    59 -0.038551 -0.936644 4.697678 -2.189566 0.238490 -0.365188
    60 -0.506317 8.500896 13.617329 -1.667474 0.239084 -1.794421
    61 0.385056 -0.460075 7.003435 -1.471905 0.596196 -0.385484
    62 -0.456360 -0.710276 5.057732 -1.989928 0.545818 -0.699362
    63 2.452194 -8.899408 11.597939 -1.518069 0.122347 -1.267011
    64 -0.680515 -0.903999 6.074242 -1.453600 -0.173890 -0.003171
    65 -0.248295 -0.666843 3.386627 -1.668562 -0.122135 0.124622
    66 0.717491 -3.784309 13.044010 -1.732821 0.017070 -1.468188
    67 -1.099228 -1.407673 8.017876 -1.595175 -0.021765 0.013371
    68 -0.064053 -0.807640 3.686100 -1.839804 -0.037732 0.018150
    69 4.004906 6.172710 4.754800 -0.720161 -0.940295 -1.497252
    70 -0.158381 -1.149773 5.804405 -0.546194 0.831346 0.513032
    71 1.078559 -2.386406 5.215008 -1.351340 1.124815 -0.375902
    72 6.289963 0.932404 13.569109 -0.126801 -0.612098 -2.869612
    73 -1.327759 -0.766682 12.396324 0.018794 0.013324 -0.186534
    74 0.000017 -54.999996 0.000000 0.000000 0.000000 -1.570796
  time 66
    0 0.000000 0.000000 -1.500000 0.000000 0.000000 0.000000
    1 -10.521344 -5.760963 66.994621 3.097005 -0.050653 -3.139334
    2 -0.050411 31.894100 30.693438 1.107075 -0.234886 1.063508
    3 -0.000034 0.000012 24.761454 -2.233722 -0.258581 -0.356603
    4 0.000017 0.000000 24.344809 2.049342 -0.152349 0.029809
    5 0.002333 -1.019846 24.031336 0.389585 -0.042710 0.017201
    6 0.000034 0.000008 13.404741 -0.000001 -0.000009 -0.349140
    7 10.398263 -5.760962 66.994675 3.097005 0.050653 3.139334
    8 12.508028 16.147449 21.817451 0.581678 -1.054977 0.670916
    9 -0.000004 -0.000006 24.761459 -1.147120 0.133073 -0.471893
    10 -0.000007 0.000004 24.344891 1.163092 0.694206 -0.013401
    11 -0.002360 -1.019903 24.031330 0.389594 -0.042695 -0.017219
    12 0.000000 -0.000002 13.404737 0.000001 0.000005 -0.165337
    13 -0.061540 -5.245835 72.927078 0.000000 0.000000 0.000000
    14 -7.225459 26.836077 -25.916339 0.249741 -0.417898 -1.337213
    15 0.000000 -0.005608 -1.146812 -0.125767 0.107376 0.326655
    16 0.030770 -0.240000 8.906021 -0.004138 0.000000 0.000000
    17 -1.097667 0.243051 -0.035556 0.095418 -0.099619 -0.935798
    18 0.030770 -0.276858 8.905140 0.056125 0.004134 -0.000049
    19 -0.501281 -0.268664 -0.012895 0.152633 -0.219496 -0.100708
    20 5.669724 4.435303 14.302868 3.252955 -1.274447 -1.432896
    21 -1.044571 -2.839317 19.743267 -0.802657 -0.288989 0.058076
    22 2.655533 -1.533369 24.792658 -0.817813 0.073627 0.086957
    23 1.120163 -0.154394 9.796035 -0.005614 0.000626 -0.048979
    24 2.240311 -0.308786 19.592051 -0.521997 -0.279201 -0.030049
    25 0.683151 2.877354 14.167051 -1.539577 -0.111005 1.508462
    26 0.144936 -0.145374 7.579252 -1.768042 -0.243277 0.235266
    27 0.091660 -0.906685 4.702850 -1.587439 -0.182555 0.191106
    28 0.506271 8.500866 13.617253 -1.482728 -0.277117 1.475100
    29 -0.384987 -0.460049 7.003448 -1.747476 -0.440889 0.551348
    30 0.561516 -0.596954 5.061852 -1.494372 -0.380557 0.386326
    31 -2.452171 -8.899406 11.597897 -1.654201 -0.165627 1.356458
    32 0.680496 -0.903999 6.074253 -1.628017 0.173820 -0.014245
    33 0.245514 -0.661150 3.388004 -1.484370 0.109499 -0.099205
    34 -0.717484 -3.784271 13.043911 -1.593546 -0.028646 1.464722
    35 1.099216 -1.407745 8.017889 -1.782123 0.031970 -0.017456
    36 0.068439 -0.807653 3.686054 -1.465861 0.033996 -0.009728
    37 -4.004929 6.172707 4.754754 0.109464 1.126798 2.530885
    38 0.158352 -1.149811 5.804394 -1.035325 -0.371782 0.138499
    39 -1.083523 -1.463142 5.544399 -1.392737 -0.110648 -0.024686
    40 -6.289886 0.932434 13.569063 -0.126803 0.612110 2.869610
    41 1.327774 -0.766687 12.396328 0.002503 -0.001471 0.023488
    42 -0.096140 1.828087 23.185329 -0.117687 -0.133445 -1.601408
    43 2.325478 -0.000003 6.169296 0.083417 0.151207 2.226692
    44 0.000000 -3.152912 0.122169 1.961017 0.000000 0.000000
    45 1.068383 -10.478592 7.066338 0.292219 -1.282324 -3.141588
    46 0.000000 0.000000 2.279457 0.547137 -0.343566 0.107833
    47 2.479414 -8.323895 6.074242 -0.008855 0.007342 1.561876
    48 -0.000006 -5.074219 5.929688 0.000000 0.000000 0.000000
    49 -1.068383 -10.478611 7.065971 0.292219 1.282324 3.141588
    50 -0.000488 0.000015 2.279600 0.547136 0.343566 0.107835
    51 -2.479401 -8.323895 6.074234 0.008854 0.007354 1.579716
    52 -5.790000 4.432083 14.255558 -5.204723 1.294031 -2.396245
    53 1.044540 -2.839314 19.743252 0.053544 0.766578 -0.009801
    54 -2.655510 -1.533379 24.792648 -0.444953 -0.052968 -0.285066
    55 -1.120216 -0.154385 9.795983 -0.028097 -0.000438 0.244040
    56 -2.240372 -0.308788 19.592047 -0.191075 0.090646 0.463902
    57 -0.683205 2.877342 14.167089 -1.636947 0.257982 -1.697243
    58 -0.144958 -0.145317 7.579308 -1.541365 0.304916 -0.166594
    59 -0.038551 -0.936644 4.697678 -2.189566 0.238490 -0.365188
    60 -0.506317 8.500896 13.617329 -1.667474 0.239084 -1.794421
    61 0.385056 -0.460075 7.003435 -1.471905 0.596196 -0.385484
    62 -0.456360 -0.710276 5.057732 -1.989928 0.545818 -0.699362
    63 2.452194 -8.899408 11.597939 -1.518069 0.122347 -1.267011
    64 -0.680515 -0.903999 6.074242 -1.453600 -0.173890 -0.003171
    65 -0.248295 -0.666843 3.386627 -1.668562 -0.122147 0.124610
    66 0.717491 -3.784309 13.044010 -1.732821 0.017070 -1.468188
    67 -1.099228 -1.407673 8.017876 -1.595175 -0.021765 0.013371
    68 -0.064053 -0.807640 3.686100 -1.839860 -0.037732 0.018150
    69 4.004906 6.172710 4.754800 -0.720161 -0.940295 -1.497252
    70 -0.158381 -1.149773 5.804405 -0.546194 0.831346 0.513032
    71 1.078559 -2.386406 5.215008 -1.351340 1.124815 -0.375902
    72 6.289963 0.932404 13.569109 -0.126801 -0.612098 -2.869612
    73 -1.327759 -0.766682 12.396324 0.018890 0.013420 -0.187691
    74 0.000017 -54.999996 0.000000 0.000000 0.000000 -1.570796
  time 67
    0 0.000000 0.000000 -1.500000 0.000000 0.000000 0.000000
    1 -10.521344 -5.760963 66.994621 3.097005 -0.050653 -3.139334
    2 0.055061 31.955485 28.697654 1.064580 -0.210392 1.072246
    3 -0.000034 0.000012 24.761454 -2.140631 -0.247855 -0.352572
    4 0.000017 0.000000 24.344809 2.002552 -0.144426 0.023759
    5 0.002333 -1.019846 24.031336 0.389585 -0.042698 0.017201
    6 0.000034 0.000008 13.404741 -0.000001 -0.000009 -0.341483
    7 10.398263 -5.760962 66.994675 3.097005 0.050653 3.139334
    8 12.398649 16.209896 19.839196 0.490311 -1.004752 0.725047
    9 -0.000004 -0.000006 24.761459 -1.036906 0.120322 -0.474118
    10 -0.000007 0.000004 24.344891 1.105781 0.673497 -0.059978
    11 -0.002360 -1.019903 24.031330 0.389594 -0.042695 -0.017219
    12 0.000000 -0.000002 13.404737 0.000001 0.000005 -0.176823
    13 -0.061540 -5.245835 72.927078 0.000000 0.000000 0.000000
    14 -7.225459 26.812786 -23.911072 0.249645 -0.417794 -1.337754
    15 0.000000 -0.005608 -1.146812 -0.126182 0.107329 0.327932
    16 0.030770 -0.240000 8.906021 -0.004138 0.000000 0.000000
    17 -1.109386 0.243051 0.046478 0.094871 -0.099910 -0.936517
    18 0.030770 -0.276858 8.905140 0.056125 0.004134 -0.000049
    19 -0.501281 -0.272570 0.061326 0.153312 -0.219125 -0.100911
    20 5.669724 4.435303 14.302868 3.263865 -1.276702 -1.439413
    21 -1.044571 -2.839317 19.743267 -0.798157 -0.289302 0.058612
    22 2.655533 -1.533369 24.792658 -0.817813 0.073742 0.085744
    23 1.120163 -0.154394 9.796035 -0.005638 0.000626 -0.049014
    24 2.240311 -0.308786 19.592051 -0.521910 -0.279109 -0.030128
    25 0.683151 2.877354 14.167051 -1.539577 -0.111005 1.508462
    26 0.144936 -0.145374 7.579252 -1.768042 -0.243277 0.235266
    27 0.091660 -0.906685 4.702850 -1.587439 -0.182555 0.191106
    28 0.506271 8.500866 13.617253 -1.482728 -0.277117 1.475100
    29 -0.384987 -0.460049 7.003448 -1.747476 -0.440889 0.551348
    30 0.561516 -0.596954 5.061852 -1.494372 -0.380557 0.386326
    31 -2.452171 -8.899406 11.597897 -1.654201 -0.165627 1.356458
    32 0.680496 -0.903999 6.074253 -1.628017 0.173820 -0.014245
    33 0.245514 -0.661150 3.388004 -1.484423 0.109499 -0.099205
    34 -0.717484 -3.784271 13.043911 -1.593590 -0.028646 1.464722
    35 1.099216 -1.407745 8.017889 -1.782123 0.031970 -0.017456
    36 0.068439 -0.807653 3.686054 -1.465861 0.033996 -0.009740
    37 -4.004929 6.172707 4.754754 0.109464 1.126798 2.530885
    38 0.158352 -1.149811 5.804394 -1.035325 -0.371782 0.138499
    39 -1.083523 -1.463142 5.544399 -1.392737 -0.110648 -0.024686
    40 -6.289886 0.932434 13.569063 -0.126803 0.612110 2.869610
    41 1.327774 -0.766687 12.396328 0.002383 -0.001399 0.022383
    42 -0.096140 1.828087 23.185329 -0.117687 -0.133508 -1.601377
    43 2.325478 -0.000003 6.169296 0.083321 0.151193 2.226492
    44 0.000000 -3.152912 0.122169 1.961017 0.000000 0.000000
    45 1.068383 -10.478592 7.066338 0.292219 -1.282324 -3.141588
    46 0.000000 0.000000 2.279457 0.547137 -0.343566 0.107833
    47 2.479414 -8.323895 6.074242 -0.008855 0.007342 1.561876
    48 -0.000006 -5.074219 5.929688 0.000000 0.000000 0.000000
    49 -1.068383 -10.478611 7.065971 0.292219 1.282324 3.141588
    50 -0.000488 0.000015 2.279600 0.547136 0.343566 0.107835
    51 -2.479401 -8.323895 6.074234 0.008854 0.007354 1.579716
    52 -5.790000 4.432083 14.255558 -5.206066 1.294031 -2.396724
    53 1.044540 -2.839314 19.743252 0.055325 0.766154 -0.009175
    54 -2.655510 -1.533379 24.792648 -0.444953 -0.052903 -0.285747
    55 -1.120216 -0.154385 9.795983 -0.028109 -0.000438 0.244094
    56 -2.240372 -0.308788 19.592047 -0.191075 0.090745 0.464074
    57 -0.683205 2.877342 14.167089 -1.636947 0.257982 -1.697243
    58 -0.144958 -0.145317 7.579308 -1.541365 0.304916 -0.166594
    59 -0.038551 -0.936644 4.697678 -2.189566 0.238490 -0.365188
    60 -0.506317 8.500896 13.617329 -1.667474 0.239084 -1.794421
    61 0.385056 -0.460075 7.003435 -1.471905 0.596196 -0.385484
    62 -0.456360 -0.710276 5.057732 -1.989928 0.545818 -0.699362
    63 2.452194 -8.899408 11.597939 -1.518069 0.122347 -1.266987
    64 -0.680515 -0.903999 6.074242 -1.453600 -0.173890 -0.003171
    65 -0.248295 -0.666843 3.386627 -1.668562 -0.122147 0.124610
    66 0.717491 -3.784309 13.044010 -1.732821 0.017070 -1.468188
    67 -1.099228 -1.407673 8.017876 -1.595175 -0.021765 0.013371
    68 -0.064053 -0.807640 3.686100 -1.839804 -0.037732 0.018150
    69 4.004906 6.172710 4.754800 -0.720161 -0.940295 -1.497252
    70 -0.158381 -1.149773 5.804405 -0.546194 0.831346 0.513032
    71 1.078559 -2.386406 5.215008 -1.351340 1.124846 -0.375902
    72 6.289963 0.932404 13.569109 -0.126801 -0.612098 -2.869612
    73 -1.327759 -0.766682 12.396324 0.018938 0.013468 -0.188246
    74 0.000017 -54.999996 0.000000 0.000000 0.000000 -1.570796
  time 68
    0 0.000000 0.000000 -1.500000 0.000000 0.000000 0.000000
    1 -10.521344 -5.760963 66.994621 3.097005 -0.050653 -3.139334
    2 -1.487955 23.594854 24.504265 0.801825 0.228956 0.996881
    3 -0.000034 0.000012 24.761454 -1.799040 -0.208401 -0.239090
    4 0.000017 0.000000 24.344809 2.036828 -0.274486 -0.207644
    5 0.002333 -1.019846 24.031336 0.389585 -0.042710 0.017213
    6 0.000034 0.000008 13.404741 -0.000001 -0.000009 -0.259599
    7 10.398263 -5.760962 66.994675 3.097005 0.050653 3.139334
    8 8.093831 8.503954 19.074870 0.648817 -0.847749 0.620251
    9 -0.000004 -0.000006 24.761459 -1.364195 0.158181 -0.417989
    10 -0.000007 0.000004 24.344891 1.463395 0.547042 0.025820
    11 -0.002360 -1.019903 24.031330 0.389594 -0.042695 -0.017219
    12 0.000000 -0.000002 13.404737 0.000001 0.000005 -0.144125
    13 -0.061540 -5.245835 72.927078 0.000000 0.000000 0.000000
    14 -4.002705 17.740790 -21.387588 0.101498 -0.251683 -1.009802
    15 0.000000 -0.005608 -1.146812 -0.050361 0.052682 0.156103
    16 0.030770 -0.240000 8.906021 -0.004138 0.000000 0.000000
    17 -0.761719 -0.073365 0.230078 0.065051 -0.046875 -0.739245
    18 0.030770 -0.276858 8.905140 0.056125 0.004134 -0.000049
    19 -0.485655 -0.366323 0.209768 0.177655 -0.196847 -0.089071
    20 5.669724 4.435303 14.302868 4.710743 -1.444489 3.647145
    21 -1.044571 -2.839317 19.743267 -0.455616 -0.333763 0.088815
    22 2.655533 -1.533369 24.792658 -0.432885 0.058410 0.119548
    23 1.120163 -0.154394 9.796035 -0.025425 0.000674 -0.220721
    24 2.240311 -0.308786 19.592051 -0.159793 -0.193050 -0.423064
    25 0.683151 2.877354 14.167051 -1.539577 -0.111005 1.508462
    26 0.144936 -0.145374 7.579252 -1.768042 -0.243277 0.235266
    27 0.091660 -0.906685 4.702850 -1.587485 -0.182543 0.191106
    28 0.506271 8.500866 13.617253 -1.482728 -0.277117 1.475100
    29 -0.384987 -0.460049 7.003448 -1.747476 -0.440889 0.551348
    30 0.561516 -0.596954 5.061852 -1.494407 -0.380569 0.386314
    31 -2.452171 -8.899406 11.597897 -1.654201 -0.165627 1.356458
    32 0.680496 -0.903999 6.074253 -1.628017 0.173820 -0.014245
    33 0.245514 -0.661150 3.388004 -1.484370 0.109511 -0.099205
    34 -0.717484 -3.784271 13.043911 -1.593590 -0.028658 1.464722
    35 1.099216 -1.407745 8.017889 -1.782123 0.031970 -0.017456
    36 0.068439 -0.807653 3.686054 -1.465861 0.033996 -0.009728
    37 -4.004929 6.172707 4.754754 0.109464 1.126798 2.530885
    38 0.158352 -1.149811 5.804394 -1.035325 -0.371782 0.138499
    39 -1.083523 -1.463142 5.544399 -1.392737 -0.110660 -0.024686
    40 -6.289886 0.932434 13.569063 -0.126803 0.612110 2.869610
    41 1.327774 -0.766687 12.396328 0.002790 -0.001663 0.026350
    42 -0.096140 1.828087 23.185329 -0.115016 -0.183380 -1.579763
    43 2.325478 -0.000003 6.169296 0.049084 0.138996 2.183067
    44 0.000000 -3.152912 0.122169 1.961017 0.000000 0.000000
    45 1.068383 -10.478592 7.066338 0.292219 -1.282324 -3.141588
    46 0.000000 0.000000 2.279457 0.547137 -0.343566 0.107833
    47 2.479414 -8.323895 6.074242 -0.008855 0.007342 1.561876
    48 -0.000006 -5.074219 5.929688 0.000000 0.000000 0.000000
    49 -1.068383 -10.478611 7.065971 0.292219 1.282324 3.141588
    50 -0.000488 0.000015 2.279600 0.547136 0.343566 0.107835
    51 -2.479401 -8.323895 6.074234 0.008854 0.007354 1.579716
    52 -5.790000 4.432083 14.255558 -4.980800 1.433180 -2.040004
    53 1.044540 -2.839314 19.743252 -0.026267 0.796256 -0.038295
    54 -2.655510 -1.533379 24.792648 -0.780172 -0.082516 -0.097936
    55 -1.120216 -0.154385 9.795983 -0.033754 0.000317 0.293388
    56 -2.240372 -0.308788 19.592047 -0.214367 0.152773 0.555322
    57 -0.683205 2.877342 14.167089 -1.636947 0.257982 -1.697243
    58 -0.144958 -0.145317 7.579308 -1.541365 0.304916 -0.166594
    59 -0.038551 -0.936644 4.697678 -2.189566 0.238490 -0.365188
    60 -0.506317 8.500896 13.617329 -1.667474 0.239084 -1.794421
    61 0.385056 -0.460075 7.003435 -1.471905 0.596213 -0.385484
    62 -0.456360 -0.710276 5.057732 -1.989928 0.545818 -0.699362
    63 2.452194 -8.899408 11.597939 -1.518069 0.122347 -1.266987
    64 -0.680515 -0.903999 6.074242 -1.453600 -0.173890 -0.003171
    65 -0.248295 -0.666843 3.386627 -1.668562 -0.122147 0.124610
    66 0.717491 -3.784309 13.044010 -1.732821 0.017070 -1.468176
    67 -1.099228 -1.407673 8.017876 -1.595175 -0.021765 0.013371
    68 -0.064053 -0.807640 3.686100 -1.839860 -0.037732 0.018150
    69 4.004906 6.172710 4.754800 -0.720161 -0.940295 -1.497252
    70 -0.158381 -1.149773 5.804405 -0.546194 0.831346 0.513032
    71 1.078559 -2.386406 5.215008 -1.351292 1.124846 -0.375939
    72 6.289963 0.932404 13.569109 -0.126801 -0.612098 -2.869612
    73 -1.327759 -0.766682 12.396324 0.007205 0.004504 -0.068790
    74 0.000017 -54.999996 0.000000 0.000000 0.000000 -1.570796
  time 69
    0 0.000000 0.000000 -1.500000 0.000000 0.000000 0.000000
    1 -10.521344 -5.760963 66.994621 3.097005 -0.050653 -3.139334
    2 -3.042690 12.901594 19.638140 0.243522 0.569852 0.640065
    3 -0.000034 0.000012 24.761454 -1.210818 -0.140425 -0.004554
    4 0.000017 0.000000 24.344809 1.940535 -0.461948 -0.305758
    5 0.002333 -1.019846 24.031336 0.389585 -0.042710 0.017213
    6 0.000034 0.000008 13.404741 -0.000001 -0.000009 -0.053221
    7 10.398263 -5.760962 66.994675 3.097005 0.050653 3.139334
    8 2.074116 1.984502 17.343897 0.781303 -0.503343 0.383511
    9 -0.000004 -0.000006 24.761459 -1.503834 0.174324 -0.236972
    10 -0.000007 0.000004 24.344891 1.647269 0.336084 -0.007894
    11 -0.002360 -1.019903 24.031330 0.389594 -0.042695 -0.017219
    12 0.000000 -0.000002 13.404737 0.000001 0.000005 -0.065075
    13 -0.061540 -5.245835 72.927078 0.000000 0.000000 0.000000
    14 0.384148 8.622211 -18.255766 -0.059484 -0.062122 -0.533758
    15 0.000000 -0.005608 -1.146812 0.027468 -0.027060 -0.024830
    16 0.030770 -0.240000 8.906021 -0.004138 0.000000 0.000000
    17 -0.320299 -0.421032 0.316018 0.059875 0.005933 -0.409753
    18 0.030770 -0.276858 8.905140 0.056125 0.004134 -0.000049
    19 -0.470030 -0.413199 0.287896 0.182695 -0.175617 -0.054136
    20 5.669724 4.435303 14.302868 -0.173883 -1.192456 2.624121
    21 -1.044571 -2.839317 19.743267 -0.102116 -0.139012 0.088956
    22 2.655533 -1.533369 24.792658 -0.043575 0.069131 0.028001
    23 1.120163 -0.154394 9.796035 -0.045679 -0.002862 -0.399189
    24 2.240311 -0.308786 19.592051 0.039609 0.149988 -0.816159
    25 0.683151 2.877354 14.167051 -1.539577 -0.111005 1.508449
    26 0.144936 -0.145374 7.579252 -1.768042 -0.243277 0.235266
    27 0.091660 -0.906685 4.702850 -1.587439 -0.182555 0.191106
    28 0.506271 8.500866 13.617253 -1.482728 -0.277117 1.475100
    29 -0.384987 -0.460049 7.003448 -1.747476 -0.440889 0.551348
    30 0.561516 -0.596954 5.061852 -1.494372 -0.380557 0.386314
    31 -2.452171 -8.899406 11.597897 -1.654201 -0.165627 1.356458
    32 0.680496 -0.903999 6.074253 -1.628017 0.173820 -0.014245
    33 0.245514 -0.661150 3.388004 -1.484370 0.109499 -0.099205
    34 -0.717484 -3.784271 13.043911 -1.593590 -0.028646 1.464722
    35 1.099216 -1.407745 8.017889 -1.782123 0.031970 -0.017456
    36 0.068439 -0.807653 3.686054 -1.465861 0.033996 -0.009728
    37 -4.004929 6.172707 4.754754 0.109464 1.126798 2.530885
    38 0.158352 -1.149811 5.804394 -1.035325 -0.371782 0.138499
    39 -1.083523 -1.463142 5.544399 -1.392737 -0.110660 -0.024686
    40 -6.289886 0.932434 13.569063 -0.126803 0.612110 2.869610
    41 1.327774 -0.766687 12.396328 -0.004628 0.002544 -0.042546
    42 -0.096140 1.828087 23.185329 -0.111284 -0.232550 -1.567564
    43 2.325478 -0.000003 6.169296 0.018142 0.121344 2.094820
    44 0.000000 -3.152912 0.122169 1.961017 0.000000 0.000000
    45 1.068383 -10.478592 7.066338 0.292219 -1.282324 -3.141588
    46 0.000000 0.000000 2.279457 0.547137 -0.343566 0.107833
    47 2.479414 -8.323895 6.074242 -0.008855 0.007342 1.561876
    48 -0.000006 -5.074219 5.929688 0.000000 0.000000 0.000000
    49 -1.068383 -10.478611 7.065971 0.292219 1.282324 3.141588
    50 -0.000488 0.000015 2.279600 0.547136 0.343566 0.107835
    51 -2.479401 -8.323895 6.074234 0.008854 0.007354 1.579716
    52 -5.790000 4.432083 14.255558 -3.602271 1.479285 -0.546531
    53 1.044540 -2.839314 19.743252 -0.057435 0.814699 -0.049889
    54 -2.655510 -1.533379 24.792648 -1.125103 -0.123015 0.193625
    55 -1.120216 -0.154385 9.795983 -0.039566 0.001408 0.344776
    56 -2.240372 -0.308788 19.592047 -0.227960 0.221336 0.651381
    57 -0.683205 2.877342 14.167089 -1.636947 0.257982 -1.697243
    58 -0.144958 -0.145317 7.579308 -1.541365 0.304916 -0.166594
    59 -0.038551 -0.936644 4.697678 -2.189615 0.238490 -0.365188
    60 -0.506317 8.500896 13.617329 -1.667549 0.239058 -1.794421
    61 0.385056 -0.460075 7.003435 -1.471905 0.596196 -0.385484
    62 -0.456360 -0.710276 5.057732 -1.989928 0.545818 -0.699362
    63 2.452194 -8.899408 11.597939 -1.518109 0.122347 -1.267011
    64 -0.680515 -0.903999 6.074242 -1.453600 -0.173890 -0.003171
    65 -0.248295 -0.666843 3.386627 -1.668562 -0.122135 0.124610
    66 0.717491 -3.784309 13.044010 -1.732821 0.017070 -1.468188
    67 -1.099228 -1.407673 8.017876 -1.595175 -0.021765 0.013371
    68 -0.064053 -0.807640 3.686100 -1.839860 -0.037732 0.018150
    69 4.004906 6.172710 4.754800 -0.720236 -0.940295 -1.497252
    70 -0.158381 -1.149773 5.804405 -0.546194 0.831346 0.513032
    71 1.078559 -2.386406 5.215008 -1.351292 1.124785 -0.375939
    72 6.289963 0.932404 13.569109 -0.126801 -0.612098 -2.869612
    73 -1.327759 -0.766682 12.396324 -0.010304 -0.005336 0.093738
    74 0.000017 -54.999996 0.000000 0.000000 0.000000 -1.570796
  time 70
    0 0.000000 0.000000 -1.500000 0.000000 0.000000 0.000000
    1 -10.521344 -5.760963 66.994621 3.097005 -0.050653 -3.139334
    2 -4.113035 10.986384 17.059318 -0.118365 0.581376 0.211991
    3 -0.000034 0.000012 24.761454 -0.945286 -0.109696 0.342038
    4 0.000017 0.000000 24.344809 1.793199 -0.517992 -0.273716
    5 0.002333 -1.019846 24.031336 0.389585 -0.042710 0.017201
    6 0.000034 0.000008 13.404741 -0.000001 -0.000009 0.123520
    7 10.398263 -5.760962 66.994675 3.097005 0.050653 3.139334
    8 -2.043198 7.379910 15.163321 0.956530 -0.211541 0.106833
    9 -0.000004 -0.000006 24.761459 -1.351821 0.156755 0.017830
    10 -0.000007 0.000004 24.344891 1.391304 0.213073 -0.039758
    11 -0.002360 -1.019903 24.031330 0.389594 -0.042695 -0.017219
    12 0.000000 -0.000002 13.404737 0.000001 0.000005 0.049894
    13 -0.061540 -5.245835 72.927078 0.000000 0.000000 0.000000
    14 2.716251 10.427294 -15.822407 -0.102882 -0.016169 -0.160105
    15 0.000000 -0.005608 -1.146812 0.029765 -0.080876 -0.027466
    16 0.030770 -0.240000 8.906021 -0.004138 0.000000 0.000000
    17 -0.269516 -0.319466 0.292579 0.042492 -0.012615 -0.149585
    18 0.030770 -0.276858 8.905140 0.056125 0.004134 -0.000049
    19 -0.567689 -0.327259 0.248832 0.136763 -0.220072 -0.013700
    20 5.669724 4.435303 14.302868 -0.008120 -1.051553 2.649901
    21 -1.044571 -2.839317 19.743267 -0.085728 0.153844 0.111799
    22 2.655533 -1.533369 24.792658 -0.047090 0.083157 -0.237421
    23 1.120163 -0.154394 9.796035 -0.046625 -0.003113 -0.407778
    24 2.240311 -0.308786 19.592051 0.041219 0.239454 -0.842824
    25 0.683151 2.877354 14.167051 -1.539577 -0.111005 1.508462
    26 0.144936 -0.145374 7.579252 -1.768042 -0.243277 0.235266
    27 0.091660 -0.906685 4.702850 -1.587439 -0.182555 0.191106
    28 0.506271 8.500866 13.617253 -1.482728 -0.277117 1.475100
    29 -0.384987 -0.460049 7.003448 -1.747476 -0.440889 0.551348
    30 0.561516 -0.596954 5.061852 -1.494372 -0.380557 0.386314
    31 -2.452171 -8.899406 11.597897 -1.654201 -0.165627 1.356458
    32 0.680496 -0.903999 6.074253 -1.628017 0.173820 -0.014245
    33 0.245514 -0.661150 3.388004 -1.484370 0.109511 -0.099205
    34 -0.717484 -3.784271 13.043911 -1.593590 -0.028646 1.464722
    35 1.099216 -1.407745 8.017889 -1.782123 0.031970 -0.017456
    36 0.068439 -0.807653 3.686054 -1.465861 0.033996 -0.009740
    37 -4.004929 6.172707 4.754754 0.109464 1.126798 2.530885
    38 0.158352 -1.149811 5.804394 -1.035325 -0.371782 0.138499
    39 -1.083523 -1.463142 5.544399 -1.392737 -0.110648 -0.024686
    40 -6.289886 0.932434 13.569063 -0.126803 0.612110 2.869610
    41 1.327774 -0.766687 12.396328 -0.020627 0.009495 -0.184105
    42 -0.096140 1.828087 23.185329 -0.096525 -0.218114 -1.628189
    43 2.325478 -0.000003 6.169296 0.054671 0.112402 1.971211
    44 0.000000 -3.152912 0.122169 1.961017 0.000000 0.000000
    45 1.068383 -10.478592 7.066338 0.292219 -1.282324 -3.141588
    46 0.000000 0.000000 2.279457 0.547137 -0.343566 0.107833
    47 2.479414 -8.323895 6.074242 -0.008855 0.007342 1.561876
    48 -0.000006 -5.074219 5.929688 0.000000 0.000000 0.000000
    49 -1.068383 -10.478611 7.065971 0.292219 1.282324 3.141588
    50 -0.000488 0.000015 2.279600 0.547136 0.343566 0.107835
    51 -2.479401 -8.323895 6.074234 0.008854 0.007354 1.579716
    52 -5.790000 4.432083 14.255558 -3.733692 1.504291 -0.709800
    53 1.044540 -2.839314 19.743252 0.200421 0.856460 0.067599
    54 -2.655510 -1.533379 24.792648 -1.053490 -0.119662 0.331302
    55 -1.120216 -0.154385 9.795983 -0.039974 0.001480 0.348313
    56 -2.240372 -0.308788 19.592047 -0.228800 0.224752 0.657997
    57 -0.683205 2.877342 14.167089 -1.636947 0.257982 -1.697243
    58 -0.144958 -0.145317 7.579308 -1.541365 0.304916 -0.166594
    59 -0.038551 -0.936644 4.697678 -2.189566 0.238490 -0.365188
    60 -0.506317 8.500896 13.617329 -1.667474 0.239084 -1.794421
    61 0.385056 -0.460075 7.003435 -1.471905 0.596213 -0.385484
    62 -0.456360 -0.710276 5.057732 -1.989928 0.545818 -0.699362
    63 2.452194 -8.899408 11.597939 -1.518109 0.122347 -1.266987
    64 -0.680515 -0.903999 6.074242 -1.453600 -0.173890 -0.003171
    65 -0.248295 -0.666843 3.386627 -1.668562 -0.122147 0.124610
    66 0.717491 -3.784309 13.044010 -1.732821 0.017070 -1.468188
    67 -1.099228 -1.407673 8.017876 -1.595175 -0.021765 0.013371
    68 -0.064053 -0.807640 3.686100 -1.839804 -0.037732 0.018150
    69 4.004906 6.172710 4.754800 -0.720236 -0.940295 -1.497252
    70 -0.158381 -1.149773 5.804405 -0.546194 0.831346 0.513032
    71 1.078559 -2.386406 5.215008 -1.351292 1.124846 -0.375939
    72 6.289963 0.932404 13.569109 -0.126801 -0.612098 -2.869612
    73 -1.327759 -0.766682 12.396324 -0.015110 -0.007397 0.136024
    74 0.000017 -54.999996 0.000000 0.000000 0.000000 -1.570796
  time 71
    0 0.000000 0.000000 -1.500000 0.000000 0.000000 0.000000
    1 -10.521344 -5.760963 66.994621 3.097005 -0.050653 -3.139334
    2 -6.284977 11.919435 15.377477 -0.317515 0.528712 -0.136305
    3 -0.000034 0.000012 24.761454 -0.818454 -0.095015 0.678696
    4 0.000017 0.000000 24.344809 1.651349 -0.542890 -0.250900
    5 0.002333 -1.019846 24.031336 0.389585 -0.042710 0.017213
    6 0.000034 0.000008 13.404741 -0.000001 -0.000009 0.282564
    7 10.398263 -5.760962 66.994675 3.097005 0.050653 3.139334
    8 -4.512023 14.823575 14.219153 1.025631 0.028464 -0.060428
    9 -0.000004 -0.000006 24.761459 -1.110822 0.128879 0.226589
    10 -0.000007 0.000004 24.344891 1.084741 0.145546 -0.028829
    11 -0.002360 -1.019903 24.031330 0.389594 -0.042695 -0.017219
    12 0.000000 -0.000002 13.404737 0.000001 0.000005 0.131907
    13 -0.061540 -5.245835 72.927078 0.000000 0.000000 0.000000
    14 4.853034 14.561515 -14.335354 -0.123364 0.049794 0.149650
    15 0.000000 -0.005608 -1.146812 0.026224 -0.134942 -0.030727
    16 0.030770 -0.240000 8.906021 -0.004138 0.000000 0.000000
    17 -0.230453 -0.116335 0.237890 0.008065 -0.014806 0.060266
    18 0.030770 -0.276858 8.905140 0.056125 0.004134 -0.000049
    19 -0.790352 -0.210068 0.147267 0.070777 -0.306986 0.032885
    20 5.669724 4.435303 14.302868 0.103855 -0.928937 2.700501
    21 -1.044571 -2.839317 19.743267 -0.055593 -0.121635 0.092171
    22 2.655533 -1.533369 24.792658 -0.026867 0.081005 -0.171348
    23 1.120163 -0.154394 9.796035 -0.046553 -0.003089 -0.407157
    24 2.240311 -0.308786 19.592051 0.036171 0.282967 -0.848561
    25 0.683151 2.877354 14.167051 -1.539577 -0.110993 1.508449
    26 0.144936 -0.145374 7.579252 -1.768042 -0.243277 0.235278
    27 0.091660 -0.906685 4.702850 -1.587439 -0.182555 0.191106
    28 0.506271 8.500866 13.617253 -1.482728 -0.277117 1.475100
    29 -0.384987 -0.460049 7.003448 -1.747476 -0.440889 0.551348
    30 0.561516 -0.596954 5.061852 -1.494372 -0.380557 0.386326
    31 -2.452171 -8.899406 11.597897 -1.654201 -0.165627 1.356458
    32 0.680496 -0.903999 6.074253 -1.628017 0.173820 -0.014245
    33 0.245514 -0.661150 3.388004 -1.484370 0.109487 -0.099205
    34 -0.717484 -3.784271 13.043911 -1.593590 -0.028634 1.464722
    35 1.099216 -1.407745 8.017889 -1.782123 0.031970 -0.017456
    36 0.068439 -0.807653 3.686054 -1.465861 0.033996 -0.009728
    37 -4.004929 6.172707 4.754754 0.109464 1.126798 2.530885
    38 0.158352 -1.149811 5.804394 -1.035325 -0.371782 0.138499
    39 -1.083523 -1.463142 5.544399 -1.392737 -0.110648 -0.024686
    40 -6.289886 0.932434 13.569063 -0.126803 0.612110 2.869610
    41 1.327774 -0.766687 12.396328 -0.014431 0.007134 -0.130223
    42 -0.096140 1.828087 23.185329 -0.078325 -0.186311 -1.736597
    43 2.325478 -0.000003 6.169296 0.131597 0.118537 1.817068
    44 0.000000 -3.152912 0.122169 1.961017 0.000000 0.000000
    45 1.068383 -10.478592 7.066338 0.292219 -1.282324 -3.141588
    46 0.000000 0.000000 2.279457 0.547137 -0.343566 0.107833
    47 2.479414 -8.323895 6.074242 -0.008855 0.007342 1.561876
    48 -0.000006 -5.074219 5.929688 0.000000 0.000000 0.000000
    49 -1.068383 -10.478611 7.065971 0.292219 1.282324 3.141588
    50 -0.000488 0.000015 2.279600 0.547136 0.343566 0.107835
    51 -2.479401 -8.323895 6.074234 0.008854 0.007354 1.579716
    52 -5.790000 4.432083 14.255558 -4.786113 1.527136 -1.830552
    53 1.044540 -2.839314 19.743252 0.440300 0.858877 0.183999
    54 -2.655510 -1.533379 24.792648 -0.878508 -0.107237 0.408926
    55 -1.120216 -0.154385 9.795983 -0.040153 0.001528 0.350000
    56 -2.240372 -0.308788 19.592047 -0.229411 0.224653 0.661090
    57 -0.683205 2.877342 14.167089 -1.636947 0.257982 -1.697243
    58 -0.144958 -0.145317 7.579308 -1.541365 0.304916 -0.166594
    59 -0.038551 -0.936644 4.697678 -2.189566 0.238490 -0.365188
    60 -0.506317 8.500896 13.617329 -1.667474 0.239084 -1.794421
    61 0.385056 -0.460075 7.003435 -1.471905 0.596213 -0.385484
    62 -0.456360 -0.710276 5.057732 -1.989928 0.545818 -0.699362
    63 2.452194 -8.899408 11.597939 -1.518069 0.122347 -1.266987
    64 -0.680515 -0.903999 6.074242 -1.453600 -0.173890 -0.003171
    65 -0.248295 -0.666843 3.386627 -1.668562 -0.122147 0.124610
    66 0.717491 -3.784309 13.044010 -1.732821 0.017070 -1.468188
    67 -1.099228 -1.407673 8.017876 -1.595175 -0.021765 0.013371
    68 -0.064053 -0.807640 3.686100 -1.839860 -0.037732 0.018150
    69 4.004906 6.172710 4.754800 -0.720161 -0.940295 -1.497252
    70 -0.158381 -1.149773 5.804405 -0.546194 0.831346 0.513032
    71 1.078559 -2.386406 5.215008 -1.351340 1.124846 -0.375902
    72 6.289963 0.932404 13.569109 -0.126801 -0.612098 -2.869612
    73 -1.327759 -0.766682 12.396324 -0.017051 -0.008176 0.153049
    74 0.000017 -54.999996 0.000000 0.000000 0.000000 -1.570796
  time 72
    0 0.000000 0.000000 -1.500000 0.000000 0.000000 0.000000
    1 -10.521344 -5.760963 66.994621 3.097005 -0.050653 -3.139334
    2 -8.406135 13.994247 14.144128 -0.412547 0.488240 -0.373847
    3 -0.000034 0.000012 24.761454 -0.764144 -0.088723 0.939292
    4 0.000017 0.000000 24.344809 1.531754 -0.544384 -0.234695
    5 0.002333 -1.019846 24.031336 0.389585 -0.042710 0.017201
    6 0.000034 0.000008 13.404741 -0.000001 -0.000009 0.401657
    7 10.398263 -5.760962 66.994675 3.097005 0.050653 3.139334
    8 -5.609713 21.380495 13.836990 0.984341 0.180822 -0.173971
    9 -0.000004 -0.000006 24.761459 -0.791232 0.091870 0.372113
    10 -0.000007 0.000004 24.344891 0.789989 0.126148 -0.007453
    11 -0.002360 -1.019903 24.031330 0.389594 -0.042695 -0.017219
    12 0.000000 -0.000002 13.404737 0.000001 0.000005 0.177079
    13 -0.061540 -5.245835 72.927078 0.000000 0.000000 0.000000
    14 6.415582 18.823839 -13.343986 -0.125253 0.113159 0.368605
    15 0.000000 -0.005608 -1.146812 0.017006 -0.174280 -0.032276
    16 0.030770 -0.240000 8.906021 -0.004138 0.000000 0.000000
    17 -0.207014 0.082890 0.171482 -0.023922 -0.004778 0.202230
    18 0.030770 -0.276858 8.905140 0.056125 0.004134 -0.000049
    19 -1.009109 -0.081158 0.018356 -0.009506 -0.388634 0.083951
    20 5.669724 4.435303 14.302868 0.215065 -0.843176 2.747843
    21 -1.044571 -2.839317 19.743267 -0.211551 -0.495324 0.089605
    22 2.655533 -1.533369 24.792658 -0.031120 0.082734 -0.218011
    23 1.120163 -0.154394 9.796035 -0.045679 -0.002862 -0.399327
    24 2.240311 -0.308786 19.592051 0.032994 0.294202 -0.835426
    25 0.683151 2.877354 14.167051 -1.539577 -0.111005 1.508462
    26 0.144936 -0.145374 7.579252 -1.768042 -0.243277 0.235278
    27 0.091660 -0.906685 4.702850 -1.587439 -0.182555 0.191106
    28 0.506271 8.500866 13.617253 -1.482728 -0.277117 1.475100
    29 -0.384987 -0.460049 7.003448 -1.747476 -0.440889 0.551348
    30 0.561516 -0.596954 5.061852 -1.494372 -0.380557 0.386326
    31 -2.452171 -8.899406 11.597897 -1.654201 -0.165627 1.356458
    32 0.680496 -0.903999 6.074253 -1.628017 0.173820 -0.014245
    33 0.245514 -0.661150 3.388004 -1.484423 0.109511 -0.099205
    34 -0.717484 -3.784271 13.043911 -1.593590 -0.028634 1.464722
    35 1.099216 -1.407745 8.017889 -1.782123 0.031970 -0.017456
    36 0.068439 -0.807653 3.686054 -1.465861 0.033996 -0.009740
    37 -4.004929 6.172707 4.754754 0.109464 1.126798 2.530885
    38 0.158352 -1.149811 5.804394 -1.035325 -0.371782 0.138499
    39 -1.083523 -1.463142 5.544399 -1.392737 -0.110648 -0.024686
    40 -6.289886 0.932434 13.569063 -0.126803 0.612110 2.869610
    41 1.327774 -0.766687 12.396328 -0.012011 0.006091 -0.108982
    42 -0.096140 1.828087 23.185329 -0.069473 -0.151704 -1.842590
    43 2.325478 -0.000003 6.169296 0.206660 0.148097 1.683281
    44 0.000000 -3.152912 0.122169 1.961017 0.000000 0.000000
    45 1.068383 -10.478592 7.066338 0.292219 -1.282324 -3.141588
    46 0.000000 0.000000 2.279457 0.547137 -0.343566 0.107833
    47 2.479414 -8.323895 6.074242 -0.008855 0.007342 1.561876
    48 -0.000006 -5.074219 5.929688 0.000000 0.000000 0.000000
    49 -1.068383 -10.478611 7.065971 0.292219 1.282324 3.141588
    50 -0.000488 0.000015 2.279600 0.547136 0.343566 0.107835
    51 -2.479401 -8.323895 6.074234 0.008854 0.007354 1.579716
    52 -5.790000 4.432083 14.255558 -5.504375 1.485433 -2.629268
    53 1.044540 -2.839314 19.743252 0.602761 0.826782 0.251057
    54 -2.655510 -1.533379 24.792648 -0.697336 -0.097025 0.434219
    55 -1.120216 -0.154385 9.795983 -0.040058 0.001504 0.349075
    56 -2.240372 -0.308788 19.592047 -0.229411 0.222821 0.659200
    57 -0.683205 2.877342 14.167089 -1.636947 0.257982 -1.697243
    58 -0.144958 -0.145317 7.579308 -1.541365 0.304916 -0.166594
    59 -0.038551 -0.936644 4.697678 -2.189566 0.238490 -0.365200
    60 -0.506317 8.500896 13.617329 -1.667474 0.239058 -1.794421
    61 0.385056 -0.460075 7.003435 -1.471905 0.596196 -0.385484
    62 -0.456360 -0.710276 5.057732 -1.989928 0.545818 -0.699362
    63 2.452194 -8.899408 11.597939 -1.518069 0.122347 -1.266987
    64 -0.680515 -0.903999 6.074242 -1.453600 -0.173890 -0.003171
    65 -0.248295 -0.666843 3.386627 -1.668562 -0.122147 0.124610
    66 0.717491 -3.784309 13.044010 -1.732821 0.017070 -1.468176
    67 -1.099228 -1.407673 8.017876 -1.595175 -0.021765 0.013371
    68 -0.064053 -0.807640 3.686100 -1.839860 -0.037732 0.018150
    69 4.004906 6.172710 4.754800 -0.720161 -0.940295 -1.497252
    70 -0.158381 -1.149773 5.804405 -0.546194 0.831346 0.513032
    71 1.078559 -2.386406 5.215008 -1.351292 1.124846 -0.375902
    72 6.289963 0.932404 13.569109 -0.126801 -0.612098 -2.869612
    73 -1.327759 -0.766682 12.396324 -0.017087 -0.008188 0.153466
    74 0.000017 -54.999996 0.000000 0.000000 0.000000 -1.570796
  time 73
    0 0.000000 0.000000 -1.500000 0.000000 0.000000 0.000000
    1 -10.521344 -5.760963 66.994621 3.097005 -0.050653 -3.139334
    2 -9.292881 15.234223 12.955627 -0.453948 0.435437 -0.480232
    3 -0.000034 0.000012 24.761454 -0.687476 -0.079855 1.077529
    4 0.000017 0.000000 24.344809 1.440269 -0.541487 -0.209416
    5 0.002333 -1.019846 24.031336 0.389585 -0.042710 0.017201
    6 0.000034 0.000008 13.404741 -0.000001 -0.000009 0.479829
    7 10.398263 -5.760962 66.994675 3.097005 0.050653 3.139334
    8 -5.773780 24.540306 13.409867 0.884102 0.242313 -0.258550
    9 -0.000004 -0.000006 24.761459 -0.514926 0.059871 0.459464
    10 -0.000007 0.000004 24.344891 0.598371 0.135125 -0.002156
    11 -0.002360 -1.019903 24.031330 0.389594 -0.042695 -0.017219
    12 0.000000 -0.000002 13.404737 0.000001 0.000005 0.211022
    13 -0.061540 -5.245835 72.927078 0.000000 0.000000 0.000000
    14 7.013257 21.001584 -12.442742 -0.111811 0.151267 0.469255
    15 0.000000 -0.005608 -1.146812 0.002078 -0.183801 -0.030727
    16 0.030770 -0.240000 8.906021 -0.004138 0.000000 0.000000
    17 -0.195295 0.180549 0.108980 -0.037432 0.003730 0.269518
    18 0.030770 -0.276858 8.905140 0.056125 0.004134 -0.000049
    19 -1.126300 0.004782 -0.091022 -0.060657 -0.427781 0.116621
    20 5.669724 4.435303 14.302868 0.363409 -0.812064 2.774580
    21 -1.044571 -2.839317 19.743267 -0.414718 -0.754626 0.173672
    22 2.655533 -1.533369 24.792658 -0.019099 0.074357 -0.044298
    23 1.120163 -0.154394 9.796035 -0.044216 -0.002466 -0.386254
    24 2.240311 -0.308786 19.592051 0.036911 0.286973 -0.808009
    25 0.683151 2.877354 14.167051 -1.539577 -0.111005 1.508449
    26 0.144936 -0.145374 7.579252 -1.768042 -0.243277 0.235266
    27 0.091660 -0.906685 4.702850 -1.587439 -0.182555 0.191106
    28 0.506271 8.500866 13.617253 -1.482728 -0.277117 1.475100
    29 -0.384987 -0.460049 7.003448 -1.747476 -0.440889 0.551348
    30 0.561516 -0.596954 5.061852 -1.494372 -0.380557 0.386326
    31 -2.452171 -8.899406 11.597897 -1.654201 -0.165627 1.356458
    32 0.680496 -0.903999 6.074253 -1.628017 0.173820 -0.014245
    33 0.245514 -0.661150 3.388004 -1.484370 0.109499 -0.099205
    34 -0.717484 -3.784271 13.043911 -1.593546 -0.028646 1.464722
    35 1.099216 -1.407745 8.017889 -1.782123 0.031970 -0.017456
    36 0.068439 -0.807653 3.686054 -1.465861 0.033996 -0.009728
    37 -4.004929 6.172707 4.754754 0.109464 1.126798 2.530885
    38 0.158352 -1.149811 5.804394 -1.035325 -0.371782 0.138499
    39 -1.083523 -1.463142 5.544399 -1.392737 -0.110660 -0.024686
    40 -6.289886 0.932434 13.569063 -0.126803 0.612110 2.869610
    41 1.327774 -0.766687 12.396328 -0.002207 0.001249 -0.020552
    42 -0.096140 1.828087 23.185329 -0.069662 -0.129939 -1.897802
    43 2.325478 -0.000003 6.169296 0.242091 0.172057 1.611997
    44 0.000000 -3.152912 0.122169 1.961017 0.000000 0.000000
    45 1.068383 -10.478592 7.066338 0.292219 -1.282324 -3.141588
    46 0.000000 0.000000 2.279457 0.547137 -0.343566 0.107833
    47 2.479414 -8.323895 6.074242 -0.008855 0.007342 1.561876
    48 -0.000006 -5.074219 5.929688 0.000000 0.000000 0.000000
    49 -1.068383 -10.478611 7.065971 0.292219 1.282324 3.141588
    50 -0.000488 0.000015 2.279600 0.547136 0.343566 0.107835
    51 -2.479401 -8.323895 6.074234 0.008854 0.007354 1.579716
    52 -5.790000 4.432083 14.255558 -5.587100 1.456025 -2.777398
    53 1.044540 -2.839314 19.743252 0.646340 0.799139 0.258759
    54 -2.655510 -1.533379 24.792648 -0.610021 -0.093285 0.431342
    55 -1.120216 -0.154385 9.795983 -0.039554 0.001396 0.344776
    56 -2.240372 -0.308788 19.592047 -0.227960 0.221336 0.651381
    57 -0.683205 2.877342 14.167089 -1.636947 0.257982 -1.697243
    58 -0.144958 -0.145317 7.579308 -1.541365 0.304916 -0.166594
    59 -0.038551 -0.936644 4.697678 -2.189566 0.238490 -0.365200
    60 -0.506317 8.500896 13.617329 -1.667474 0.239058 -1.794421
    61 0.385056 -0.460075 7.003435 -1.471905 0.596196 -0.385484
    62 -0.456360 -0.710276 5.057732 -1.989928 0.545818 -0.699362
    63 2.452194 -8.899408 11.597939 -1.518069 0.122347 -1.266987
    64 -0.680515 -0.903999 6.074242 -1.453600 -0.173890 -0.003171
    65 -0.248295 -0.666843 3.386627 -1.668562 -0.122147 0.124610
    66 0.717491 -3.784309 13.044010 -1.732821 0.017070 -1.468188
    67 -1.099228 -1.407673 8.017876 -1.595175 -0.021765 0.013371
    68 -0.064053 -0.807640 3.686100 -1.839860 -0.037732 0.018150
    69 4.004906 6.172710 4.754800 -0.720161 -0.940295 -1.497252
    70 -0.158381 -1.149773 5.804405 -0.546194 0.831346 0.513032
    71 1.078559 -2.386406 5.215008 -1.351340 1.124846 -0.375902
    72 6.289963 0.932404 13.569109 -0.126801 -0.612098 -2.869612
    73 -1.327759 -0.766682 12.396324 -0.016668 -0.008020 0.149672
    74 0.000017 -54.999996 0.000000 0.000000 0.000000 -1.570796
  time 74
    0 0.000000 0.000000 -1.500000 0.000000 0.000000 0.000000
    1 -10.521344 -5.760963 66.994621 3.097005 -0.050653 -3.139334
    2 -8.249880 15.369270 11.834400 -0.432564 0.389119 -0.438377
    3 -0.000034 0.000012 24.761454 -0.612312 -0.071154 1.061975
    4 0.000017 0.000000 24.344809 1.405685 -0.526615 -0.180053
    5 0.002333 -1.019846 24.031336 0.389585 -0.042710 0.017201
    6 0.000034 0.000008 13.404741 -0.000001 -0.000009 0.494130
    7 10.398263 -5.760962 66.994675 3.097005 0.050653 3.139334
    8 -5.215169 23.828412 12.735462 0.856376 0.221719 -0.268287
    9 -0.000004 -0.000006 24.761459 -0.493367 0.057367 0.456557
    10 -0.000007 0.000004 24.344891 0.609149 0.145968 -0.000201
    11 -0.002360 -1.019903 24.031330 0.389594 -0.042695 -0.017219
    12 0.000000 -0.000002 13.404737 0.000001 0.000005 0.230645
    13 -0.061540 -5.245835 72.927078 0.000000 0.000000 0.000000
    14 6.478084 20.570693 -11.518967 -0.064476 0.155809 0.430400
    15 0.000000 -0.005608 -1.146812 -0.014700 -0.162124 -0.025482
    16 0.030770 -0.240000 8.906021 -0.004138 0.000000 0.000000
    17 -0.019509 -0.253058 0.030853 0.035295 0.004515 0.283574
    18 0.030770 -0.276858 8.905140 0.056125 0.004134 -0.000049
    19 -0.907543 -0.038188 -0.079303 -0.006861 -0.345516 0.087954
    20 5.669724 4.435303 14.302868 0.773699 -0.873091 2.688713
    21 -1.044571 -2.839317 19.743267 -0.143258 -0.783954 0.083316
    22 2.655533 -1.533369 24.792658 -0.051603 0.058794 0.166858
    23 1.120163 -0.154394 9.796035 -0.040405 -0.001567 -0.352244
    24 2.240311 -0.308786 19.592051 0.044222 0.198612 -0.727618
    25 0.683151 2.877354 14.167051 -1.540894 -0.107038 1.506664
    26 0.144936 -0.145374 7.579252 -1.768042 -0.243277 0.235266
    27 0.091660 -0.906685 4.702850 -1.587439 -0.182555 0.191106
    28 0.506271 8.500866 13.617253 -1.483222 -0.276150 1.471309
    29 -0.384987 -0.460049 7.003448 -1.747476 -0.440889 0.551348
    30 0.561516 -0.596954 5.061852 -1.494372 -0.380569 0.386314
    31 -2.452171 -8.899406 11.597897 -1.657239 -0.169152 1.351707
    32 0.680496 -0.903999 6.074253 -1.628017 0.173820 -0.014245
    33 0.245514 -0.661150 3.388004 -1.484370 0.109499 -0.099205
    34 -0.717484 -3.784271 13.043911 -1.593546 -0.028658 1.464722
    35 1.099216 -1.407745 8.017889 -1.782123 0.031970 -0.017456
    36 0.068439 -0.807653 3.686054 -1.465861 0.033996 -0.009728
    37 -4.004929 6.172707 4.754754 0.109464 1.126798 2.530885
    38 0.158352 -1.149811 5.804394 -1.041893 -0.373441 0.138355
    39 -1.083523 -1.463142 5.544399 -1.416593 -0.109210 -0.023581
    40 -6.289886 0.932434 13.569063 -0.126803 0.612110 2.869610
    41 1.327774 -0.766687 12.396328 0.010904 -0.007080 0.105139
    42 -0.096140 1.828087 23.185329 -0.046154 -0.122801 -1.840358
    43 2.325478 -0.000003 6.169296 0.206995 0.128173 1.591801
    44 0.000000 -3.152912 0.122169 1.961017 0.000000 0.000000
    45 1.068383 -10.478592 7.066338 0.292219 -1.282324 -3.141588
    46 0.000000 0.000000 2.279457 0.547137 -0.343566 0.107833
    47 2.479414 -8.323895 6.074242 -0.008855 -0.101605 1.563118
    48 -0.000006 -5.074219 5.929688 0.000000 0.000000 0.000000
    49 -1.068383 -10.478611 7.065971 0.292219 1.282324 3.141588
    50 -0.000488 0.000015 2.279600 0.547136 0.343566 0.107835
    51 -2.479401 -8.323895 6.074234 0.008854 -0.101607 1.578470
    52 -5.790000 4.432083 14.255558 -5.484053 1.464997 -2.720963
    53 1.044540 -2.839314 19.743252 0.546047 0.895974 0.253697
    54 -2.655510 -1.533379 24.792648 -0.606448 -0.092974 0.430509
    55 -1.120216 -0.154385 9.795983 -0.036234 0.000749 0.315396
    56 -2.240372 -0.308788 19.592047 -0.216887 0.218762 0.596735
    57 -0.683205 2.877342 14.167089 -1.638036 0.259972 -1.693550
    58 -0.144958 -0.145317 7.579308 -1.541365 0.304916 -0.166594
    59 -0.038551 -0.936644 4.697678 -2.189566 0.238490 -0.365188
    60 -0.506317 8.500896 13.617329 -1.666192 0.237553 -1.786693
    61 0.385056 -0.460075 7.003435 -1.471905 0.596196 -0.385484
    62 -0.456360 -0.710276 5.057732 -1.989928 0.545818 -0.699362
    63 2.452194 -8.899408 11.597939 -1.521851 0.122788 -1.263603
    64 -0.680515 -0.903999 6.074242 -1.453600 -0.173890 -0.003171
    65 -0.248295 -0.666843 3.386627 -1.668562 -0.122147 0.124610
    66 0.717491 -3.784309 13.044010 -1.733070 0.017345 -1.468734
    67 -1.099228 -1.407673 8.017876 -1.604757 -0.021981 0.013635
    68 -0.064053 -0.807640 3.686100 -1.839860 -0.037732 0.018150
    69 4.004906 6.172710 4.754800 -0.720161 -0.940295 -1.497252
    70 -0.158381 -1.149773 5.804405 -0.554705 0.837206 0.508754
    71 1.078559 -2.386406 5.215008 -1.364048 1.125857 -0.385585
    72 6.289963 0.932404 13.569109 -0.126801 -0.612098 -2.869612
    73 -1.327759 -0.766682 12.396324 -0.015302 -0.007481 0.137782
    74 0.000017 -54.999996 0.000000 0.000000 0.000000 -1.570796
  time 75
    0 0.000000 0.000000 -1.500000 0.000000 0.000000 0.000000
    1 -10.521344 -5.760963 66.994621 3.097005 -0.050653 -3.139334
    2 -6.316228 15.356993 11.071966 -0.371418 0.380741 -0.303550
    3 -0.000034 0.000012 24.761454 -0.583206 -0.067762 0.941612
    4 0.000017 0.000000 24.344809 1.415796 -0.498254 -0.160089
    5 0.002333 -1.019846 24.031336 0.389585 -0.042698 0.017213
    6 0.000034 0.000008 13.404741 -0.000001 -0.000009 0.445447
    7 10.398263 -5.760962 66.994675 3.097005 0.050653 3.139334
    8 -4.340143 21.030793 12.218418 0.893230 0.138973 -0.208710
    9 -0.000004 -0.000006 24.761459 -0.649229 0.075427 0.367663
    10 -0.000007 0.000004 24.344891 0.746619 0.152501 0.008668
    11 -0.002360 -1.019903 24.031330 0.389594 -0.042695 -0.017219
    12 0.000000 -0.000002 13.404737 0.000001 0.000005 0.220769
    13 -0.061540 -5.245835 72.927078 0.000000 0.000000 0.000000
    14 5.423364 18.823839 -10.888096 0.012462 0.140153 0.295160
    15 0.000000 -0.005608 -1.146812 -0.029564 -0.122802 -0.017900
    16 0.030770 -0.240000 8.906021 -0.004138 0.000000 0.000000
    17 0.312533 -1.112459 -0.109777 0.182792 0.009402 0.255701
    18 0.030770 -0.276858 8.905140 0.056125 0.004134 -0.000049
    19 -0.419247 -0.155379 -0.001176 0.097979 -0.158070 0.043143
    20 5.669724 4.435303 14.302868 1.413396 -0.992958 2.437821
    21 -1.044571 -2.839317 19.743267 -0.035829 -0.599118 0.053141
    22 2.655533 -1.533369 24.792658 -0.148464 0.030320 0.461960
    23 1.120163 -0.154394 9.796035 -0.033251 -0.000261 -0.288983
    24 2.240311 -0.308786 19.592051 0.009407 -0.003988 -0.585192
    25 0.683151 2.877354 14.167051 -1.544350 -0.096779 1.502068
    26 0.144936 -0.145374 7.579252 -1.768042 -0.243277 0.235266
    27 0.091660 -0.906685 4.702850 -1.587439 -0.182555 0.191106
    28 0.506271 8.500866 13.617253 -1.484766 -0.273557 1.461540
    29 -0.384987 -0.460049 7.003448 -1.747476 -0.440889 0.551348
    30 0.561516 -0.596954 5.061852 -1.494372 -0.380569 0.386314
    31 -2.452171 -8.899406 11.597897 -1.664884 -0.178214 1.339359
    32 0.680496 -0.903999 6.074253 -1.628017 0.173820 -0.014245
    33 0.245514 -0.661150 3.388004 -1.484370 0.109499 -0.099205
    34 -0.717484 -3.784271 13.043911 -1.593590 -0.028658 1.464722
    35 1.099216 -1.407745 8.017889 -1.782123 0.031970 -0.017456
    36 0.068439 -0.807653 3.686054 -1.465861 0.033996 -0.009728
    37 -4.004929 6.172707 4.754754 0.109464 1.126798 2.530885
    38 0.158352 -1.149811 5.804394 -1.058929 -0.377726 0.138067
    39 -1.083523 -1.463142 5.544399 -1.478119 -0.105447 -0.020377
    40 -6.289886 0.932434 13.569063 -0.126803 0.612110 2.869610
    41 1.327774 -0.766687 12.396328 0.023620 -0.017686 0.239014
    42 -0.096140 1.828087 23.185329 -0.003659 -0.130162 -1.705597
    43 2.325478 -0.000003 6.169296 0.121140 0.031695 1.596950
    44 0.000000 -3.152912 0.122169 1.961017 0.000000 0.000000
    45 1.068383 -10.478592 7.066338 0.292219 -1.282324 -3.141588
    46 0.000000 0.000000 2.279457 0.547137 -0.343566 0.107833
    47 2.479414 -8.323895 6.074242 -0.009127 -0.271647 1.565028
    48 -0.000006 -5.074219 5.929688 0.000000 0.000000 0.000000
    49 -1.068383 -10.478611 7.065971 0.292219 1.282324 3.141588
    50 -0.000488 0.000015 2.279600 0.547136 0.343566 0.107835
    51 -2.479401 -8.323895 6.074234 0.009135 -0.271569 1.576458
    52 -5.790000 4.432083 14.255558 -5.133597 1.493616 -2.412917
    53 1.044540 -2.839314 19.743252 0.295204 1.080105 0.175753
    54 -2.655510 -1.533379 24.792648 -0.608008 -0.092690 0.431720
    55 -1.120216 -0.154385 9.795983 -0.028720 -0.000366 0.249617
    56 -2.240372 -0.308788 19.592047 -0.194053 0.218267 0.473440
    57 -0.683205 2.877342 14.167089 -1.640808 0.265026 -1.683996
    58 -0.144958 -0.145317 7.579308 -1.541365 0.304916 -0.166594
    59 -0.038551 -0.936644 4.697678 -2.189566 0.238490 -0.365200
    60 -0.506317 8.500896 13.617329 -1.662948 0.233687 -1.766609
    61 0.385056 -0.460075 7.003435 -1.471905 0.596196 -0.385484
    62 -0.456360 -0.710276 5.057732 -1.989928 0.545818 -0.699362
    63 2.452194 -8.899408 11.597939 -1.531523 0.123950 -1.254737
    64 -0.680515 -0.903999 6.074242 -1.453600 -0.173890 -0.003171
    65 -0.248295 -0.666843 3.386627 -1.668562 -0.122147 0.124610
    66 0.717491 -3.784309 13.044010 -1.733817 0.018088 -1.470135
    67 -1.099228 -1.407673 8.017876 -1.629694 -0.022520 0.014294
    68 -0.064053 -0.807640 3.686100 -1.839860 -0.037732 0.018150
    69 4.004906 6.172710 4.754800 -0.720236 -0.940295 -1.497252
    70 -0.158381 -1.149773 5.804405 -0.576889 0.852156 0.497267
    71 1.078559 -2.386406 5.215008 -1.397061 1.128369 -0.410941
    72 6.289963 0.932404 13.569109 -0.126801 -0.612098 -2.869612
    73 -1.327759 -0.766682 12.396324 -0.014439 -0.007133 0.130287
    74 0.000017 -54.999996 0.000000 0.000000 0.000000 -1.570796
  time 76
    0 0.000000 0.000000 -1.500000 0.000000 0.000000 0.000000
    1 -10.521344 -5.760963 66.994621 3.097005 -0.050653 -3.139334
    2 -5.003688 14.804528 10.578626 -0.332818 0.373392 -0.151203
    3 -0.000034 0.000012 24.761454 -0.526457 -0.061195 0.798285
    4 0.000017 0.000000 24.344809 1.411850 -0.490038 -0.142004
    5 0.002333 -1.019846 24.031336 0.389585 -0.042698 0.017213
    6 0.000034 0.000008 13.404741 -0.000001 -0.000009 0.381386
    7 10.398263 -5.760962 66.994675 3.097005 0.050653 3.139334
    8 -3.699498 17.184066 12.016097 0.921979 0.025098 -0.123388
    9 -0.000004 -0.000006 24.761459 -0.841445 0.097695 0.240441
    10 -0.000007 0.000004 24.344891 0.922553 0.152145 0.014491
    11 -0.002360 -1.019903 24.031330 0.389594 -0.042695 -0.017219
    12 0.000000 -0.000002 13.404737 0.000001 0.000005 0.182360
    13 -0.061540 -5.245835 72.927078 0.000000 0.000000 0.000000
    14 4.688967 16.238495 -10.595192 0.082551 0.115017 0.131454
    15 0.000000 -0.005608 -1.146812 -0.042260 -0.073394 -0.009775
    16 0.030770 -0.240000 8.906021 -0.004138 0.000000 0.000000
    17 0.562540 -1.784355 -0.269938 0.295503 0.022379 0.214968
    18 0.030770 -0.276858 8.905140 0.056125 0.004134 -0.000049
    19 0.002641 -0.229600 0.033982 0.163786 0.003231 0.027959
    20 5.669724 4.435303 14.302868 1.879387 -1.087845 2.131058
    21 -1.044571 -2.839317 19.743267 -0.067872 -0.649580 0.059148
    22 2.655533 -1.533369 24.792658 -0.305039 0.024287 0.525364
    23 1.120163 -0.154394 9.796035 -0.024058 0.000782 -0.208924
    24 2.240311 -0.308786 19.592051 -0.118537 -0.247522 -0.409415
    25 0.683151 2.877354 14.167051 -1.549287 -0.082757 1.495761
    26 0.144936 -0.145374 7.579252 -1.768042 -0.243277 0.235278
    27 0.091660 -0.906685 4.702850 -1.587439 -0.182555 0.191106
    28 0.506271 8.500866 13.617253 -1.486804 -0.270086 1.448166
    29 -0.384987 -0.460049 7.003448 -1.747476 -0.440889 0.551348
    30 0.561516 -0.596954 5.061852 -1.494372 -0.380557 0.386314
    31 -2.452171 -8.899406 11.597897 -1.675060 -0.190562 1.322393
    32 0.680496 -0.903999 6.074253 -1.628017 0.173820 -0.014245
    33 0.245514 -0.661150 3.388004 -1.484423 0.109487 -0.099205
    34 -0.717484 -3.784271 13.043911 -1.593590 -0.028634 1.464722
    35 1.099216 -1.407745 8.017889 -1.782123 0.031970 -0.017456
    36 0.068439 -0.807653 3.686054 -1.465861 0.033996 -0.009740
    37 -4.004929 6.172707 4.754754 0.109464 1.126798 2.530885
    38 0.158352 -1.149811 5.804394 -1.082280 -0.383611 0.137816
    39 -1.083523 -1.463142 5.544399 -1.562351 -0.100186 -0.015087
    40 -6.289886 0.932434 13.569063 -0.126803 0.612110 2.869610
    41 1.327774 -0.766687 12.396328 0.025813 -0.019843 0.263871
    42 -0.096140 1.828087 23.185329 0.010038 -0.139691 -1.594835
    43 2.325478 -0.000003 6.169296 0.029363 -0.040462 1.624610
    44 0.000000 -3.152912 0.122169 1.961017 0.000000 0.000000
    45 1.068383 -10.478592 7.066338 0.292219 -1.282324 -3.141588
    46 0.000000 0.000000 2.279457 0.547137 -0.343566 0.107833
    47 2.479414 -8.323895 6.074242 -0.009480 -0.386792 1.566556
    48 -0.000006 -5.074219 5.929688 0.000000 0.000000 0.000000
    49 -1.068383 -10.478611 7.065971 0.292219 1.282324 3.141588
    50 -0.000488 0.000015 2.279600 0.547136 0.343566 0.107835
    51 -2.479401 -8.323895 6.074234 0.009497 -0.386767 1.575021
    52 -5.790000 4.432083 14.255558 -4.269919 1.508071 -1.586606
    53 1.044540 -2.839314 19.743252 -0.037120 1.149170 -0.024307
    54 -2.655510 -1.533379 24.792648 -0.612487 -0.092314 0.423769
    55 -1.120216 -0.154385 9.795983 -0.018689 -0.001049 0.162346
    56 -2.240372 -0.308788 19.592047 -0.170074 0.228217 0.306840
    57 -0.683205 2.877342 14.167089 -1.644372 0.271951 -1.670902
    58 -0.144958 -0.145317 7.579308 -1.541365 0.304916 -0.166594
    59 -0.038551 -0.936644 4.697678 -2.189566 0.238490 -0.365188
    60 -0.506317 8.500896 13.617329 -1.658574 0.228447 -1.739337
    61 0.385056 -0.460075 7.003435 -1.471905 0.596196 -0.385484
    62 -0.456360 -0.710276 5.057732 -1.989928 0.545818 -0.699362
    63 2.452194 -8.899408 11.597939 -1.544699 0.125483 -1.242654
    64 -0.680515 -0.903999 6.074242 -1.453600 -0.173890 -0.003171
    65 -0.248295 -0.666843 3.386627 -1.668562 -0.122135 0.124610
    66 0.717491 -3.784309 13.044010 -1.734764 0.019083 -1.472070
    67 -1.099228 -1.407673 8.017876 -1.663709 -0.023252 0.015229
    68 -0.064053 -0.807640 3.686100 -1.839860 -0.037732 0.018150
    69 4.004906 6.172710 4.754800 -0.720236 -0.940295 -1.497252
    70 -0.158381 -1.149773 5.804405 -0.607863 0.872665 0.480682
    71 1.078559 -2.386406 5.215008 -1.442877 1.131340 -0.446309
    72 6.289963 0.932404 13.569109 -0.126801 -0.612098 -2.869612
    73 -1.327759 -0.766682 12.396324 -0.016165 -0.007841 0.145369
    74 0.000017 -54.999996 0.000000 0.000000 0.000000 -1.570796
  time 77
    0 0.000000 0.000000 -1.500000 0.000000 0.000000 0.000000
    1 -10.521344 -5.760963 66.994621 3.097005 -0.050653 -3.139334
    2 -4.777118 13.994247 10.331956 -0.319018 0.379182 0.002367
    3 -0.000034 0.000012 24.761454 -0.435805 -0.050684 0.649786
    4 0.000017 0.000000 24.344809 1.377944 -0.505452 -0.122645
    5 0.002333 -1.019846 24.031336 0.389585 -0.042710 0.017213
    6 0.000034 0.000008 13.404741 -0.000001 -0.000009 0.310998
    7 10.398263 -5.760962 66.994675 3.097005 0.050653 3.139334
    8 -3.578401 12.912702 12.061057 0.914387 -0.104543 -0.015374
    9 -0.000004 -0.000006 24.761459 -1.012762 0.117517 0.083756
    10 -0.000007 0.000004 24.344891 1.098811 0.142613 0.011485
    11 -0.002360 -1.019903 24.031330 0.389594 -0.042695 -0.017219
    12 0.000000 -0.000002 13.404737 0.000001 0.000005 0.111726
    13 -0.061540 -5.245835 72.927078 0.000000 0.000000 0.000000
    14 4.618652 13.327072 -10.595192 0.142879 0.085063 -0.043722
    15 0.000000 -0.005608 -1.146812 -0.052626 -0.021429 -0.002302
    16 0.030770 -0.240000 8.906021 -0.004138 0.000000 0.000000
    17 0.621136 -2.069520 -0.336346 0.341820 0.022011 0.194802
    18 0.030770 -0.276858 8.905140 0.056125 0.004134 -0.000049
    19 0.252648 -0.288196 0.037888 0.199995 0.100986 0.027587
    20 5.669724 4.435303 14.302868 1.996722 -1.173042 1.829470
    21 -1.044571 -2.839317 19.743267 -0.068801 -0.684126 0.058274
    22 2.655533 -1.533369 24.792658 -0.497937 0.054567 0.256060
    23 1.120163 -0.154394 9.796035 -0.014339 0.001057 -0.124623
    24 2.240311 -0.308786 19.592051 -0.351100 -0.450076 -0.209624
    25 0.683151 2.877354 14.167051 -1.554828 -0.067525 1.488905
    26 0.144936 -0.145374 7.579252 -1.768042 -0.243277 0.235266
    27 0.091660 -0.906685 4.702850 -1.587439 -0.182555 0.191106
    28 0.506271 8.500866 13.617253 -1.489212 -0.266351 1.433589
    29 -0.384987 -0.460049 7.003448 -1.747476 -0.440889 0.551348
    30 0.561516 -0.596954 5.061852 -1.494407 -0.380557 0.386326
    31 -2.452171 -8.899406 11.597897 -1.685490 -0.203966 1.303817
    32 0.680496 -0.903999 6.074253 -1.628017 0.173820 -0.014245
    33 0.245514 -0.661150 3.388004 -1.484370 0.109499 -0.099205
    34 -0.717484 -3.784271 13.043911 -1.593590 -0.028646 1.464722
    35 1.099216 -1.407745 8.017889 -1.782123 0.031970 -0.017456
    36 0.068439 -0.807653 3.686054 -1.465861 0.033996 -0.009728
    37 -4.004929 6.172707 4.754754 0.109464 1.126798 2.530885
    38 0.158352 -1.149811 5.804394 -1.107749 -0.389996 0.137696
    39 -1.083523 -1.463142 5.544399 -1.654273 -0.094205 -0.008112
    40 -6.289886 0.932434 13.569063 -0.126803 0.612110 2.869610
    41 1.327774 -0.766687 12.396328 0.012438 -0.008206 0.120605
    42 -0.096140 1.828087 23.185329 -0.021123 -0.127677 -1.543290
    43 2.325478 -0.000003 6.169296 -0.064132 -0.064972 1.660172
    44 0.000000 -3.152912 0.122169 1.961017 0.000000 0.000000
    45 1.068383 -10.478592 7.066338 0.292219 -1.282324 -3.141588
    46 0.000000 0.000000 2.279457 0.547137 -0.343566 0.107833
    47 2.479414 -8.323895 6.074242 -0.009752 -0.452865 1.567607
    48 -0.000006 -5.074219 5.929688 0.000000 0.000000 0.000000
    49 -1.068383 -10.478611 7.065971 0.292219 1.282324 3.141588
    50 -0.000488 0.000015 2.279600 0.547136 0.343566 0.107835
    51 -2.479401 -8.323895 6.074234 0.009778 -0.452871 1.573967
    52 -5.790000 4.432083 14.255558 -3.526064 1.473636 -0.874027
    53 1.044540 -2.839314 19.743252 -0.237650 1.082649 -0.147728
    54 -2.655510 -1.533379 24.792648 -0.619281 -0.091952 0.409001
    55 -1.120216 -0.154385 9.795983 -0.007891 -0.000821 0.068573
    56 -2.240372 -0.308788 19.592047 -0.155488 0.249751 0.123915
    57 -0.683205 2.877342 14.167089 -1.648084 0.279492 -1.656590
    58 -0.144958 -0.145317 7.579308 -1.541365 0.304916 -0.166594
    59 -0.038551 -0.936644 4.697678 -2.189566 0.238490 -0.365188
    60 -0.506317 8.500896 13.617329 -1.654275 0.222843 -1.709684
    61 0.385056 -0.460075 7.003435 -1.471905 0.596213 -0.385484
    62 -0.456360 -0.710276 5.057732 -1.989928 0.545818 -0.699362
    63 2.452194 -8.899408 11.597939 -1.558910 0.127156 -1.229450
    64 -0.680515 -0.903999 6.074242 -1.453600 -0.173890 -0.003171
    65 -0.248295 -0.666843 3.386627 -1.668562 -0.122147 0.124610
    66 0.717491 -3.784309 13.044010 -1.735860 0.020186 -1.474166
    67 -1.099228 -1.407673 8.017876 -1.700862 -0.023983 0.016272
    68 -0.064053 -0.807640 3.686100 -1.839860 -0.037732 0.018150
    69 4.004906 6.172710 4.754800 -0.720236 -0.940295 -1.497252
    70 -0.158381 -1.149773 5.804405 -0.642569 0.894926 0.461313
    71 1.078559 -2.386406 5.215008 -1.493615 1.133944 -0.485659
    72 6.289963 0.932404 13.569109 -0.126801 -0.612098 -2.869612
    73 -1.327759 -0.766682 12.396324 -0.019149 -0.008967 0.171139
    74 0.000017 -54.999996 0.000000 0.000000 0.000000 -1.570796
  time 78
    0 0.000000 0.000000 -1.500000 0.000000 0.000000 0.000000
    1 -10.521344 -5.760963 66.994621 3.097005 -0.050653 -3.139334
    2 -5.366980 13.564552 10.354381 -0.280486 0.422354 0.172365
    3 -0.000034 0.000012 24.761454 -0.377715 -0.043961 0.485325
    4 0.000017 0.000000 24.344809 1.343854 -0.525438 -0.111777
    5 0.002333 -1.019846 24.031336 0.389585 -0.042710 0.017201
    6 0.000034 0.000008 13.404741 -0.000001 -0.000009 0.224768
    7 10.398263 -5.760962 66.994675 3.097005 0.050653 3.139334
    8 -3.586213 8.591379 12.150978 0.854670 -0.263412 0.138354
    9 -0.000004 -0.000006 24.761459 -1.139971 0.132234 -0.124680
    10 -0.000007 0.000004 24.344891 1.260096 0.132192 0.003708
    11 -0.002360 -1.019903 24.031330 0.389594 -0.042695 -0.017219
    12 0.000000 -0.000002 13.404737 0.000001 0.000005 -0.003436
    13 -0.061540 -5.245835 72.927078 0.000000 0.000000 0.000000
    14 4.813971 10.555396 -10.775441 0.204391 0.049433 -0.246222
    15 0.000000 -0.005608 -1.146812 -0.060537 0.025626 0.003677
    16 0.030770 -0.240000 8.906021 -0.004138 0.000000 0.000000
    17 0.613323 -2.237494 -0.367597 0.366505 0.017416 0.172279
    18 0.030770 -0.276858 8.905140 0.056125 0.004134 -0.000049
    19 0.467499 -0.346791 0.026169 0.231558 0.184012 0.031458
    20 5.669724 4.435303 14.302868 2.080082 -1.237556 1.401381
    21 -1.044571 -2.839317 19.743267 -0.059751 -0.673480 0.055905
    22 2.655533 -1.533369 24.792658 -0.691312 0.085924 -0.101960
    23 1.120163 -0.154394 9.796035 -0.005626 0.000626 -0.048842
    24 2.240311 -0.308786 19.592051 -0.632055 -0.561091 -0.020435
    25 0.683151 2.877354 14.167051 -1.560094 -0.053551 1.482611
    26 0.144936 -0.145374 7.579252 -1.768042 -0.243277 0.235266
    27 0.091660 -0.906685 4.702850 -1.587439 -0.182555 0.191106
    28 0.506271 8.500866 13.617253 -1.491436 -0.262968 1.420276
    29 -0.384987 -0.460049 7.003448 -1.747476 -0.440889 0.551348
    30 0.561516 -0.596954 5.061852 -1.494372 -0.380557 0.386326
    31 -2.452171 -8.899406 11.597897 -1.694603 -0.216175 1.286637
    32 0.680496 -0.903999 6.074253 -1.628017 0.173820 -0.014245
    33 0.245514 -0.661150 3.388004 -1.484370 0.109511 -0.099205
    34 -0.717484 -3.784271 13.043911 -1.593590 -0.028646 1.464722
    35 1.099216 -1.407745 8.017889 -1.782123 0.031970 -0.017456
    36 0.068439 -0.807653 3.686054 -1.465861 0.033996 -0.009728
    37 -4.004929 6.172707 4.754754 0.109464 1.126798 2.530885
    38 0.158352 -1.149811 5.804394 -1.131226 -0.395881 0.137744
    39 -1.083523 -1.463142 5.544399 -1.738766 -0.088405 -0.000654
    40 -6.289886 0.932434 13.569063 -0.126803 0.612110 2.869610
    41 1.327774 -0.766687 12.396328 -0.007612 0.004042 -0.069512
    42 -0.096140 1.828087 23.185329 -0.072247 -0.102630 -1.509875
    43 2.325478 -0.000003 6.169296 -0.169660 -0.067562 1.703637
    44 0.000000 -3.152912 0.122169 1.961017 0.000000 0.000000
    45 1.068383 -10.478592 7.066338 0.292219 -1.282324 -3.141588
    46 0.000000 0.000000 2.279457 0.547137 -0.343566 0.107833
    47 2.479414 -8.323895 6.074242 -0.009915 -0.489822 1.568180
    48 -0.000006 -5.074219 5.929688 0.000000 0.000000 0.000000
    49 -1.068383 -10.478611 7.065971 0.292219 1.282324 3.141588
    50 -0.000488 0.000015 2.279600 0.547136 0.343566 0.107835
    51 -2.479401 -8.323895 6.074234 0.009959 -0.489869 1.573488
    52 -5.790000 4.432083 14.255558 -3.234656 1.422920 -0.606415
    53 1.044540 -2.839314 19.743252 -0.362710 0.995862 -0.204662
    54 -2.655510 -1.533379 24.792648 -0.628138 -0.091667 0.391962
    55 -1.120216 -0.154385 9.795983 0.001924 0.000269 -0.016902
    56 -2.240372 -0.308788 19.592047 -0.155259 0.275988 -0.046637
    57 -0.683205 2.877342 14.167089 -1.651252 0.286416 -1.643393
    58 -0.144958 -0.145317 7.579308 -1.541365 0.304916 -0.166594
    59 -0.038551 -0.936644 4.697678 -2.189566 0.238490 -0.365200
    60 -0.506317 8.500896 13.617329 -1.650730 0.217810 -1.682501
    61 0.385056 -0.460075 7.003435 -1.471905 0.596196 -0.385484
    62 -0.456360 -0.710276 5.057732 -1.989928 0.545818 -0.699362
    63 2.452194 -8.899408 11.597939 -1.571767 0.128690 -1.217271
    64 -0.680515 -0.903999 6.074242 -1.453600 -0.173890 -0.003171
    65 -0.248295 -0.666843 3.386627 -1.668562 -0.122147 0.124610
    66 0.717491 -3.784309 13.044010 -1.736906 0.021180 -1.476113
    67 -1.099228 -1.407673 8.017876 -1.734877 -0.024630 0.017230
    68 -0.064053 -0.807640 3.686100 -1.839860 -0.037732 0.018150
    69 4.004906 6.172710 4.754800 -0.720161 -0.940295 -1.497252
    70 -0.158381 -1.149773 5.804405 -0.675391 0.915298 0.442295
    71 1.078559 -2.386406 5.215008 -1.540673 1.135843 -0.522561
    72 6.289963 0.932404 13.569109 -0.126801 -0.612098 -2.869612
    73 -1.327759 -0.766682 12.396324 -0.021606 -0.009866 0.192374
    74 0.000017 -54.999996 0.000000 0.000000 0.000000 -1.570796
  time 79
    0 0.000000 0.000000 -1.500000 0.000000 0.000000 0.000000
    1 -10.521344 -5.760963 66.994621 3.097005 -0.050653 -3.139334
    2 -6.507640 13.539998 10.802871 -0.187299 0.492972 0.343716
    3 -0.000034 0.000012 24.761454 -0.405968 -0.047221 0.325629
    4 0.000017 0.000000 24.344809 1.345148 -0.542166 -0.124654
    5 0.002333 -1.019846 24.031336 0.389585 -0.042698 0.017201
    6 0.000034 0.000008 13.404741 -0.000001 -0.000009 0.134489
    7 10.398263 -5.760962 66.994675 3.097005 0.050653 3.139334
    8 -3.398708 4.832079 12.353299 0.751530 -0.414197 0.325832
    9 -0.000004 -0.000006 24.761459 -1.226867 0.142301 -0.345281
    10 -0.000007 0.000004 24.344891 1.393757 0.127459 -0.002009
    11 -0.002360 -1.019903 24.031330 0.389594 -0.042695 -0.017219
    12 0.000000 -0.000002 13.404737 0.000001 0.000005 -0.135108
    13 -0.061540 -5.245835 72.927078 0.000000 0.000000 0.000000
    14 5.013196 8.424234 -11.271125 0.252302 0.011789 -0.450164
    15 0.000000 -0.005608 -1.146812 -0.065577 0.060289 0.007617
    16 0.030770 -0.240000 8.906021 -0.004138 0.000000 0.000000
    17 0.566447 -2.327340 -0.379316 0.376143 0.013466 0.148120
    18 0.030770 -0.276858 8.905140 0.056125 0.004134 -0.000049
    19 0.615941 -0.385855 0.018356 0.253148 0.241180 0.035617
    20 5.669724 4.435303 14.302868 2.123341 -1.247563 0.998593
    21 -1.044571 -2.839317 19.743267 -0.040672 -0.544064 0.057879
    22 2.655533 -1.533369 24.792658 -0.841724 0.102332 -0.407494
    23 1.120163 -0.154394 9.796035 0.000666 -0.000105 0.005934
    24 2.240311 -0.308786 19.592051 -0.855348 -0.595487 0.102565
    25 0.683151 2.877354 14.167051 -1.564099 -0.043340 1.477990
    26 0.144936 -0.145374 7.579252 -1.768042 -0.243277 0.235266
    27 0.091660 -0.906685 4.702850 -1.587439 -0.182555 0.191106
    28 0.506271 8.500866 13.617253 -1.493103 -0.260507 1.410507
    29 -0.384987 -0.460049 7.003448 -1.747476 -0.440889 0.551348
    30 0.561516 -0.596954 5.061852 -1.494372 -0.380557 0.386326
    31 -2.452171 -8.899406 11.597897 -1.700931 -0.225058 1.274021
    32 0.680496 -0.903999 6.074253 -1.628017 0.173820 -0.014245
    33 0.245514 -0.661150 3.388004 -1.484370 0.109499 -0.099205
    34 -0.717484 -3.784271 13.043911 -1.593590 -0.028646 1.464722
    35 1.099216 -1.407745 8.017889 -1.782123 0.031970 -0.017456
    36 0.068439 -0.807653 3.686054 -1.465861 0.033996 -0.009740
    37 -4.004929 6.172707 4.754754 0.109464 1.126798 2.530885
    38 0.158352 -1.149811 5.804394 -1.148432 -0.400152 0.137876
    39 -1.083523 -1.463142 5.544399 -1.800658 -0.083886 0.005423
    40 -6.289886 0.932434 13.569063 -0.126803 0.612110 2.869610
    41 1.327774 -0.766687 12.396328 -0.026943 0.011532 -0.237836
    42 -0.096140 1.828087 23.185329 -0.121145 -0.075957 -1.483369
    43 2.325478 -0.000003 6.169296 -0.255276 -0.055799 1.743509
    44 0.000000 -3.152912 0.122169 1.961017 0.000000 0.000000
    45 1.068383 -10.478592 7.066338 0.292219 -1.282324 -3.141588
    46 0.000000 0.000000 2.279457 0.547137 -0.343566 0.107833
    47 2.479414 -8.323895 6.074242 -0.010024 -0.509123 1.568371
    48 -0.000006 -5.074219 5.929688 0.000000 0.000000 0.000000
    49 -1.068383 -10.478611 7.065971 0.292219 1.282324 3.141588
    50 -0.000488 0.000015 2.279600 0.547136 0.343566 0.107835
    51 -2.479401 -8.323895 6.074234 0.010039 -0.509100 1.573297
    52 -5.790000 4.432083 14.255558 -3.109658 1.382463 -0.496515
    53 1.044540 -2.839314 19.743252 -0.449144 0.914629 -0.227877
    54 -2.655510 -1.533379 24.792648 -0.638858 -0.091563 0.377270
    55 -1.120216 -0.154385 9.795983 0.008971 0.001600 -0.079118
    56 -2.240372 -0.308788 19.592047 -0.163888 0.296928 -0.173370
    57 -0.683205 2.877342 14.167089 -1.653430 0.291471 -1.633724
    58 -0.144958 -0.145317 7.579308 -1.541365 0.304916 -0.166594
    59 -0.038551 -0.936644 4.697678 -2.189566 0.238490 -0.365188
    60 -0.506317 8.500896 13.617329 -1.648241 0.214230 -1.662732
    61 0.385056 -0.460075 7.003435 -1.471905 0.596196 -0.385484
    62 -0.456360 -0.710276 5.057732 -1.989928 0.545818 -0.699362
    63 2.452194 -8.899408 11.597939 -1.581161 0.129782 -1.208405
    64 -0.680515 -0.903999 6.074242 -1.453600 -0.173890 -0.003171
    65 -0.248295 -0.666843 3.386627 -1.668562 -0.122147 0.124610
    66 0.717491 -3.784309 13.044010 -1.737603 0.021912 -1.477514
    67 -1.099228 -1.407673 8.017876 -1.759814 -0.025073 0.017961
    68 -0.064053 -0.807640 3.686100 -1.839860 -0.037732 0.018150
    69 4.004906 6.172710 4.754800 -0.720161 -0.940295 -1.497252
    70 -0.158381 -1.149773 5.804405 -0.700086 0.930166 0.427556
    71 1.078559 -2.386406 5.215008 -1.575454 1.136854 -0.549853
    72 6.289963 0.932404 13.569109 -0.126801 -0.612098 -2.869612
    73 -1.327759 -0.766682 12.396324 -0.023391 -0.010453 0.207688
    74 0.000017 -54.999996 0.000000 0.000000 0.000000 -1.570796
  time 80
    0 0.000000 0.000000 -1.500000 0.000000 0.000000 0.000000
    1 -10.521344 -5.760963 66.994621 3.097005 -0.050653 -3.139334
    2 -7.667831 14.043355 11.856825 -0.017047 0.561752 0.517559
    3 -0.000034 0.000012 24.761454 -0.551783 -0.064131 0.180958
    4 0.000017 0.000000 24.344809 1.407288 -0.543433 -0.169077
    5 0.002333 -1.019846 24.031336 0.389585 -0.042710 0.017213
    6 0.000034 0.000008 13.404741 -0.000001 -0.000009 0.043977
    7 10.398263 -5.760962 66.994675 3.097005 0.050653 3.139334
    8 -2.769782 2.246779 12.825383 0.636532 -0.533339 0.510339
    9 -0.000004 -0.000006 24.761459 -1.287199 0.149289 -0.532866
    10 -0.000007 0.000004 24.344891 1.489986 0.134747 0.001291
    11 -0.002360 -1.019903 24.031330 0.389594 -0.042695 -0.017219
    12 0.000000 -0.000002 13.404737 0.000001 0.000005 -0.246556
    13 -0.061540 -5.245835 72.927078 0.000000 0.000000 0.000000
    14 4.950694 7.434350 -12.104775 0.271728 -0.024892 -0.626481
    15 0.000000 -0.005608 -1.146812 -0.067363 0.075112 0.008976
    16 0.030770 -0.240000 8.906021 -0.004138 0.000000 0.000000
    17 0.527383 -2.342966 -0.375410 0.376753 0.015289 0.122522
    18 0.030770 -0.276858 8.905140 0.056125 0.004134 -0.000049
    19 0.666724 -0.401480 0.010544 0.258867 0.261587 0.035066
    20 5.669724 4.435303 14.302868 2.009259 -1.249712 0.868067
    21 -1.044571 -2.839317 19.743267 -0.037590 -0.375927 0.069977
    22 2.655533 -1.533369 24.792658 -0.903738 0.105944 -0.552740
    23 1.120163 -0.154394 9.796035 0.003075 -0.000489 0.026975
    24 2.240311 -0.308786 19.592051 -0.941079 -0.599677 0.142365
    25 0.683151 2.877354 14.167051 -1.565689 -0.039373 1.476204
    26 0.144936 -0.145374 7.579252 -1.768042 -0.243277 0.235278
    27 0.091660 -0.906685 4.702850 -1.587439 -0.182555 0.191106
    28 0.506271 8.500866 13.617253 -1.493844 -0.259563 1.406747
    29 -0.384987 -0.460049 7.003448 -1.747476 -0.440889 0.551348
    30 0.561516 -0.596954 5.061852 -1.494372 -0.380569 0.386314
    31 -2.452171 -8.899406 11.597897 -1.703362 -0.228463 1.269081
    32 0.680496 -0.903999 6.074253 -1.628017 0.173820 -0.014245
    33 0.245514 -0.661150 3.388004 -1.484423 0.109499 -0.099205
    34 -0.717484 -3.784271 13.043911 -1.593590 -0.028634 1.464722
    35 1.099216 -1.407745 8.017889 -1.782123 0.031970 -0.017456
    36 0.068439 -0.807653 3.686054 -1.465861 0.033996 -0.009740
    37 -4.004929 6.172707 4.754754 0.109464 1.126798 2.530885
    38 0.158352 -1.149811 5.804394 -1.155128 -0.401751 0.137828
    39 -1.083523 -1.463142 5.544399 -1.824672 -0.082197 0.007896
    40 -6.289886 0.932434 13.569063 -0.126803 0.612110 2.869610
    41 1.327774 -0.766687 12.396328 -0.036339 0.013893 -0.316323
    42 -0.096140 1.828087 23.185329 -0.146091 -0.060215 -1.452247
    43 2.325478 -0.000003 6.169296 -0.290802 -0.044007 1.771768
    44 0.000000 -3.152912 0.122169 1.961017 0.000000 0.000000
    45 1.068383 -10.478592 7.066338 0.292219 -1.282324 -3.141588
    46 0.000000 0.000000 2.279457 0.547137 -0.343566 0.107833
    47 2.479414 -8.323895 6.074242 -0.010051 -0.515416 1.568562
    48 -0.000006 -5.074219 5.929688 0.000000 0.000000 0.000000
    49 -1.068383 -10.478611 7.065971 0.292219 1.282324 3.141588
    50 -0.000488 0.000015 2.279600 0.547136 0.343566 0.107835
    51 -2.479401 -8.323895 6.074234 0.010059 -0.515384 1.573105
    52 -5.790000 4.432083 14.255558 -3.057320 1.366845 -0.449278
    53 1.044540 -2.839314 19.743252 -0.526395 0.858580 -0.243961
    54 -2.655510 -1.533379 24.792648 -0.651540 -0.091887 0.372045
    55 -1.120216 -0.154385 9.795983 0.011692 0.002223 -0.103139
    56 -2.240372 -0.308788 19.592047 -0.169463 0.304997 -0.223118
    57 -0.683205 2.877342 14.167089 -1.654271 0.293421 -1.629953
    58 -0.144958 -0.145317 7.579308 -1.541365 0.304916 -0.166594
    59 -0.038551 -0.936644 4.697678 -2.189615 0.238490 -0.365188
    60 -0.506317 8.500896 13.617329 -1.647336 0.212855 -1.655049
    61 0.385056 -0.460075 7.003435 -1.471905 0.596196 -0.385484
    62 -0.456360 -0.710276 5.057732 -1.989928 0.545818 -0.699362
    63 2.452194 -8.899408 11.597939 -1.584823 0.130200 -1.204926
    64 -0.680515 -0.903999 6.074242 -1.453600 -0.173890 -0.003171
    65 -0.248295 -0.666843 3.386627 -1.668562 -0.122147 0.124610
    66 0.717491 -3.784309 13.044010 -1.737952 0.022187 -1.478072
    67 -1.099228 -1.407673 8.017876 -1.769453 -0.025241 0.018261
    68 -0.064053 -0.807640 3.686100 -1.839860 -0.037732 0.018150
    69 4.004906 6.172710 4.754800 -0.720236 -0.940295 -1.497252
    70 -0.158381 -1.149773 5.804405 -0.709818 0.935861 0.421637
    71 1.078559 -2.386406 5.215008 -1.588926 1.137129 -0.560559
    72 6.289963 0.932404 13.569109 -0.126801 -0.612098 -2.869612
    73 -1.327759 -0.766682 12.396324 -0.024853 -0.010933 0.220087
    74 0.000017 -54.999996 0.000000 0.000000 0.000000 -1.570796
end
