// Created by Crowbar 0.74
version 1
nodes
  0 "root" -1
  1 "g_r_hip_offset" 0
  2 "g_r_hip" 1
  3 "g_r_knee" 2
  4 "g_r_ankle" 3
  5 "g_r_ball" 4
  6 "g_r_thightwist" 2
  7 "g_l_hip_offset" 0
  8 "g_l_hip" 7
  9 "g_l_knee" 8
  10 "g_l_ankle" 9
  11 "g_l_ball" 10
  12 "g_l_thightwist" 8
  13 "g_spine01_offset" 0
  14 "g_spine01" 13
  15 "g_pelvis" 14
  16 "g_spine02_offset" 14
  17 "g_spine02" 16
  18 "g_spine03_offset" 17
  19 "g_spine03" 18
  20 "g_l_clavical" 19
  21 "g_l_shoulder" 20
  22 "g_l_elbow" 21
  23 "g_l_forarm" 22
  24 "g_l_wrist" 22
  25 "g_l_birdy1" 24
  26 "g_l_birdy2" 25
  27 "g_l_birdy3" 26
  28 "g_l_index1" 24
  29 "g_l_index2" 28
  30 "g_l_index3" 29
  31 "g_l_pinky1" 24
  32 "g_l_pinky2" 31
  33 "g_l_pinky3" 32
  34 "g_l_ring1" 24
  35 "g_l_ring2" 34
  36 "g_l_ring3" 35
  37 "g_l_thumb1" 24
  38 "g_l_thumb2" 37
  39 "g_l_thumb3" 38
  40 "g_l_palm" 24
  41 "g_l_biceptwist" 21
  42 "g_neck" 19
  43 "g_head" 42
  44 "g_jaw" 43
  45 "g_l_brow" 43
  46 "g_l_brow2" 45
  47 "g_l_eye" 43
  48 "g_topeyelid" 43
  49 "g_r_brow" 43
  50 "g_r_brow2" 49
  51 "g_r_eye" 43
  52 "g_r_clavical" 19
  53 "g_r_shoulder" 52
  54 "g_r_elbow" 53
  55 "g_r_forarm" 54
  56 "g_r_wrist" 54
  57 "g_r_birdy1" 56
  58 "g_r_birdy2" 57
  59 "g_r_birdy3" 58
  60 "g_r_index1" 56
  61 "g_r_index2" 60
  62 "g_r_index3" 61
  63 "g_r_pinky1" 56
  64 "g_r_pinky2" 63
  65 "g_r_pinky3" 64
  66 "g_r_ring1" 56
  67 "g_r_ring2" 66
  68 "g_r_ring3" 67
  69 "g_r_thumb1" 56
  70 "g_r_thumb2" 69
  71 "g_r_thumb3" 70
  72 "g_r_palm" 56
  73 "g_r_biceptwist" 53
  74 "g_throwable_attach_offset" 0
end
skeleton
  time 0
    0 0.000000 0.000000 -1.500000 0.000000 0.000000 0.000000
    1 -10.521344 -5.760963 66.994621 3.097005 -0.050653 -3.139334
    2 -6.163879 6.480728 4.389453 0.061861 0.245017 0.575142
    3 -0.000034 0.000012 24.761454 -0.626418 -0.072784 0.195820
    4 0.000017 0.000000 24.344809 1.446373 -0.221883 -0.062493
    5 0.002333 -1.019846 24.031336 0.389660 -0.042710 0.017201
    6 0.000034 0.000008 13.404741 -0.000001 -0.000009 0.088252
    7 10.398263 -5.760962 66.994675 3.097005 0.050653 3.139334
    8 -2.832284 -4.110311 3.990675 0.303141 -0.273472 0.462892
    9 -0.000004 -0.000006 24.761459 -0.790242 0.091762 -0.354719
    10 -0.000007 0.000004 24.344891 1.398727 0.116571 0.018211
    11 -0.002360 -1.019903 24.031330 0.389594 -0.042695 -0.017219
    12 0.000000 -0.000002 13.404737 0.000001 0.000005 -0.161494
    13 -0.061540 -5.245835 72.927078 0.000000 0.000000 0.000000
    14 5.048353 2.030748 -4.309015 -0.126725 -0.017993 -0.529254
    15 0.000000 -0.005608 -1.146812 -0.007236 0.000059 -0.003389
    16 0.030770 -0.240000 8.906021 -0.004138 0.000000 0.000000
    17 -0.121074 -2.448438 -0.461350 0.410508 -0.071158 0.077757
    18 0.030770 -0.276858 8.905140 0.056125 0.004134 -0.000049
    19 0.436248 0.368074 0.026169 -0.039138 0.148403 -0.016013
    20 5.669724 4.435303 14.302868 2.854819 -1.439661 0.419183
    21 -1.044571 -2.839317 19.743267 -0.492551 -0.867657 0.233120
    22 2.655533 -1.533369 24.792658 -0.143734 0.070783 -0.024808
    23 1.120163 -0.154394 9.796035 -0.013188 0.001033 -0.114620
    24 2.240311 -0.308786 19.592051 -0.304840 -0.092441 -0.186717
    25 0.683151 2.877354 14.167051 -0.729173 -0.162251 1.423440
    26 0.144936 -0.145374 7.579252 -0.652458 -0.158102 0.056061
    27 0.091660 -0.906685 4.702850 -0.486337 -0.076611 0.016994
    28 0.506271 8.500866 13.617253 -0.587507 -0.067259 1.307115
    29 -0.384987 -0.460049 7.003448 -0.403347 -0.290032 0.101194
    30 0.561516 -0.596954 5.061852 -0.223527 -0.109413 0.014264
    31 -2.452171 -8.899406 11.597897 -1.072373 -0.148279 1.507026
    32 0.680496 -0.903999 6.074253 -0.891383 0.100007 0.014422
    33 0.245514 -0.661150 3.388004 -0.743297 0.108936 -0.039845
    34 -0.717484 -3.784271 13.043911 -0.965676 -0.128262 1.477215
    35 1.099216 -1.407745 8.017889 -0.859767 0.003007 0.004244
    36 0.068439 -0.807653 3.686054 -0.543570 0.002381 0.002796
    37 -4.004929 6.172707 4.754754 0.482193 0.881212 3.140729
    38 0.158352 -1.149811 5.804394 -0.526322 -0.249530 0.182626
    39 -1.083523 -1.463142 5.544399 -0.443588 -0.108335 0.017080
    40 -6.289886 0.932434 13.569063 -0.126803 0.612110 2.869610
    41 1.327774 -0.766687 12.396328 -0.002183 0.001225 -0.020200
    42 -0.096140 1.828087 23.185329 0.004131 -0.051984 -1.570724
    43 2.325478 -0.000003 6.169296 0.004199 -0.052891 1.870352
    44 0.000000 -3.152912 0.122169 1.961017 0.000000 0.000000
    45 1.068383 -10.478592 7.066338 0.292219 -1.282324 -3.141588
    46 0.000000 0.000000 2.279457 0.547137 -0.343566 0.107833
    47 2.479414 -8.323895 6.074242 -0.010024 -0.032245 1.532364
    48 0.000003 -5.075260 5.898355 0.000000 0.000000 0.000000
    49 -1.068383 -10.478611 7.065971 0.292219 1.282324 3.141588
    50 -0.000488 0.000015 2.279600 0.547136 0.343566 0.107835
    51 -2.479401 -8.323895 6.074234 0.007207 -0.030636 1.538902
    52 -5.790000 4.432083 14.255558 -3.398477 1.425288 -0.392939
    53 1.044540 -2.839314 19.743252 -0.211714 0.979878 -0.124268
    54 -2.655510 -1.533379 24.792648 -0.584254 -0.076757 0.015886
    55 -1.120216 -0.154385 9.795983 0.000390 0.000054 -0.003654
    56 -2.240372 -0.308788 19.592047 -0.004892 0.016935 -0.007543
    57 -0.683205 2.877342 14.167089 -0.738031 0.163387 -1.424634
    58 -0.144958 -0.145317 7.579308 -0.659984 0.179629 0.007669
    59 -0.038551 -0.936644 4.697678 -0.493436 0.097479 -0.015610
    60 -0.506317 8.500896 13.617329 -0.591307 0.068789 -1.307733
    61 0.385056 -0.460075 7.003435 -0.399361 0.311098 0.050345
    62 -0.456360 -0.710276 5.057732 -0.218512 0.130322 -0.003734
    63 2.452194 -8.899408 11.597939 -1.090884 0.145349 -1.506498
    64 -0.680515 -0.903999 6.074242 -0.917050 -0.113060 -0.027141
    65 -0.248295 -0.666843 3.386627 -0.769891 -0.120173 0.043278
    66 0.717491 -3.784309 13.044010 -0.979347 0.126082 -1.477618
    67 -1.099228 -1.407673 8.017876 -0.878597 -0.000731 0.001758
    68 -0.064053 -0.807640 3.686100 -0.562187 -0.002416 -0.007192
    69 4.004906 6.172710 4.754800 -0.014982 -0.989457 -2.569679
    70 -0.158381 -1.149773 5.804405 -0.513825 0.334454 0.249102
    71 1.078559 -2.386406 5.215008 -0.424135 0.202686 0.106274
    72 6.289963 0.932404 13.569109 -0.126801 -0.612098 -2.869612
    73 -1.327759 -0.766682 12.396324 -0.000429 -0.000242 0.003799
    74 0.000017 -54.999996 0.000000 0.000000 0.000000 -1.570796
  time 1
    0 0.000000 0.000000 -1.500000 0.000000 0.000000 0.000000
    1 -10.521344 -5.760963 66.994621 3.097005 -0.050653 -3.139334
    2 -6.163879 6.480728 4.389453 0.061861 0.245017 0.575142
    3 -0.000034 0.000012 24.761454 -0.626418 -0.072784 0.195820
    4 0.000017 0.000000 24.344809 1.446373 -0.221883 -0.062493
    5 0.002333 -1.019846 24.031336 0.389660 -0.042710 0.017201
    6 0.000034 0.000008 13.404741 -0.000001 -0.000009 0.088252
    7 10.398263 -5.760962 66.994675 3.097005 0.050653 3.139334
    8 -2.832284 -4.110311 3.990675 0.303141 -0.273472 0.462892
    9 -0.000004 -0.000006 24.761459 -0.790242 0.091762 -0.354719
    10 -0.000007 0.000004 24.344891 1.398727 0.116571 0.018211
    11 -0.002360 -1.019903 24.031330 0.389594 -0.042695 -0.017219
    12 0.000000 -0.000002 13.404737 0.000001 0.000005 -0.161494
    13 -0.061540 -5.245835 72.927078 0.000000 0.000000 0.000000
    14 5.048353 2.030748 -4.309015 -0.126725 -0.017993 -0.529254
    15 0.000000 -0.005608 -1.146812 -0.007236 0.000059 -0.003389
    16 0.030770 -0.240000 8.906021 -0.004138 0.000000 0.000000
    17 -0.121074 -2.448438 -0.461350 0.410508 -0.071158 0.077757
    18 0.030770 -0.276858 8.905140 0.056125 0.004134 -0.000049
    19 0.436248 0.368074 0.026169 -0.039138 0.148403 -0.016013
    20 5.669724 4.435303 14.302868 2.854819 -1.439661 0.419183
    21 -1.044571 -2.839317 19.743267 -0.492551 -0.867657 0.233120
    22 2.655533 -1.533369 24.792658 -0.143734 0.070783 -0.024808
    23 1.120163 -0.154394 9.796035 -0.013188 0.001033 -0.114620
    24 2.240311 -0.308786 19.592051 -0.304840 -0.092441 -0.186717
    25 0.683151 2.877354 14.167051 -0.729173 -0.162251 1.423440
    26 0.144936 -0.145374 7.579252 -0.652458 -0.158102 0.056061
    27 0.091660 -0.906685 4.702850 -0.486337 -0.076611 0.016994
    28 0.506271 8.500866 13.617253 -0.587507 -0.067259 1.307115
    29 -0.384987 -0.460049 7.003448 -0.403347 -0.290032 0.101194
    30 0.561516 -0.596954 5.061852 -0.223527 -0.109413 0.014264
    31 -2.452171 -8.899406 11.597897 -1.072373 -0.148279 1.507026
    32 0.680496 -0.903999 6.074253 -0.891383 0.100007 0.014422
    33 0.245514 -0.661150 3.388004 -0.743297 0.108936 -0.039845
    34 -0.717484 -3.784271 13.043911 -0.965676 -0.128262 1.477215
    35 1.099216 -1.407745 8.017889 -0.859767 0.003007 0.004244
    36 0.068439 -0.807653 3.686054 -0.543570 0.002381 0.002796
    37 -4.004929 6.172707 4.754754 0.482193 0.881212 3.140729
    38 0.158352 -1.149811 5.804394 -0.526322 -0.249530 0.182626
    39 -1.083523 -1.463142 5.544399 -0.443588 -0.108335 0.017080
    40 -6.289886 0.932434 13.569063 -0.126803 0.612110 2.869610
    41 1.327774 -0.766687 12.396328 -0.002183 0.001225 -0.020200
    42 -0.096140 1.828087 23.185329 0.004131 -0.051984 -1.570724
    43 2.325478 -0.000003 6.169296 0.004199 -0.052891 1.870352
    44 0.000000 -3.152912 0.122169 1.961017 0.000000 0.000000
    45 1.068383 -10.478592 7.066338 0.292219 -1.282324 -3.141588
    46 0.000000 0.000000 2.279457 0.547137 -0.343566 0.107833
    47 2.479414 -8.323895 6.074242 -0.010024 -0.032245 1.532364
    48 0.000003 -5.075260 5.898355 0.000000 0.000000 0.000000
    49 -1.068383 -10.478611 7.065971 0.292219 1.282324 3.141588
    50 -0.000488 0.000015 2.279600 0.547136 0.343566 0.107835
    51 -2.479401 -8.323895 6.074234 0.007207 -0.030636 1.538902
    52 -5.790000 4.432083 14.255558 -3.398477 1.425288 -0.392939
    53 1.044540 -2.839314 19.743252 -0.211714 0.979878 -0.124268
    54 -2.655510 -1.533379 24.792648 -0.584254 -0.076757 0.015886
    55 -1.120216 -0.154385 9.795983 0.000390 0.000054 -0.003654
    56 -2.240372 -0.308788 19.592047 -0.004892 0.016935 -0.007543
    57 -0.683205 2.877342 14.167089 -0.738031 0.163387 -1.424634
    58 -0.144958 -0.145317 7.579308 -0.659984 0.179629 0.007669
    59 -0.038551 -0.936644 4.697678 -0.493436 0.097479 -0.015610
    60 -0.506317 8.500896 13.617329 -0.591307 0.068789 -1.307733
    61 0.385056 -0.460075 7.003435 -0.399361 0.311098 0.050345
    62 -0.456360 -0.710276 5.057732 -0.218512 0.130322 -0.003734
    63 2.452194 -8.899408 11.597939 -1.090884 0.145349 -1.506498
    64 -0.680515 -0.903999 6.074242 -0.917050 -0.113060 -0.027141
    65 -0.248295 -0.666843 3.386627 -0.769891 -0.120173 0.043278
    66 0.717491 -3.784309 13.044010 -0.979347 0.126082 -1.477618
    67 -1.099228 -1.407673 8.017876 -0.878597 -0.000731 0.001758
    68 -0.064053 -0.807640 3.686100 -0.562187 -0.002416 -0.007192
    69 4.004906 6.172710 4.754800 -0.014982 -0.989457 -2.569679
    70 -0.158381 -1.149773 5.804405 -0.513825 0.334454 0.249102
    71 1.078559 -2.386406 5.215008 -0.424135 0.202686 0.106274
    72 6.289963 0.932404 13.569109 -0.126801 -0.612098 -2.869612
    73 -1.327759 -0.766682 12.396324 -0.000429 -0.000242 0.003799
    74 0.000017 -54.999996 0.000000 0.000000 0.000000 -1.570796
  time 2
    0 0.000000 0.000000 -1.500000 0.000000 0.000000 0.000000
    1 -10.521344 -5.760963 66.994621 3.097005 -0.050653 -3.139334
    2 -6.152160 6.357958 4.411878 0.058923 0.245991 0.575011
    3 -0.000034 0.000012 24.761454 -0.625280 -0.072652 0.194802
    4 0.000017 0.000000 24.344809 1.448099 -0.223694 -0.063033
    5 0.002333 -1.019846 24.031336 0.389660 -0.042710 0.017201
    6 0.000034 0.000008 13.404741 -0.000001 -0.000009 0.088041
    7 10.398263 -5.760962 66.994675 3.097005 0.050653 3.139334
    8 -2.832284 -4.235205 3.990675 0.301861 -0.272301 0.461902
    9 -0.000004 -0.000006 24.761459 -0.791782 0.091930 -0.353105
    10 -0.000007 0.000004 24.344891 1.402018 0.116349 0.018127
    11 -0.002360 -1.019903 24.031330 0.389594 -0.042695 -0.017219
    12 0.000000 -0.000002 13.404737 0.000001 0.000005 -0.160850
    13 -0.061540 -5.245835 72.927078 0.000000 0.000000 0.000000
    14 5.048353 1.925937 -4.331546 -0.126693 -0.013915 -0.529614
    15 0.000000 -0.005608 -1.146812 -0.010777 -0.004678 -0.002791
    16 0.030770 -0.240000 8.906021 -0.004138 0.000000 0.000000
    17 -0.109355 -2.464063 -0.469163 0.412759 -0.070525 0.081231
    18 0.030770 -0.276858 8.905140 0.056125 0.004134 -0.000049
    19 0.420622 0.371981 0.026169 -0.039889 0.142849 -0.014586
    20 5.669724 4.435303 14.302868 2.809742 -1.438569 0.431162
    21 -1.044571 -2.839317 19.743267 -0.553897 -0.883573 0.264056
    22 2.655533 -1.533369 24.792658 -0.179406 0.074357 -0.094763
    23 1.120163 -0.154394 9.796035 -0.018761 0.001021 -0.162738
    24 2.240311 -0.308786 19.592051 -0.274159 -0.107314 -0.286217
    25 0.683151 2.877354 14.167051 -0.705310 -0.159219 1.420268
    26 0.144936 -0.145374 7.579252 -0.622720 -0.153332 0.053112
    27 0.091660 -0.906685 4.702850 -0.456850 -0.071422 0.014441
    28 0.506271 8.500866 13.617253 -0.577379 -0.063194 1.305451
    29 -0.384987 -0.460049 7.003448 -0.390969 -0.285981 0.098569
    30 0.561516 -0.596954 5.061852 -0.211710 -0.104811 0.012886
    31 -2.452171 -8.899406 11.597897 -1.023061 -0.156186 1.508126
    32 0.680496 -0.903999 6.074253 -0.821154 0.092253 0.014134
    33 0.245514 -0.661150 3.388004 -0.672305 0.106587 -0.034500
    34 -0.717484 -3.784271 13.043911 -0.929121 -0.134038 1.475970
    35 1.099216 -1.407745 8.017889 -0.810327 0.001030 0.004580
    36 0.068439 -0.807653 3.686054 -0.494138 0.000499 0.002616
    37 -4.004929 6.172707 4.754754 0.463727 0.899943 3.099873
    38 0.158352 -1.149811 5.804394 -0.507125 -0.245406 0.185514
    39 -1.083523 -1.463142 5.544399 -0.423655 -0.106310 0.019815
    40 -6.289886 0.932434 13.569063 -0.126803 0.612110 2.869610
    41 1.327774 -0.766687 12.396328 -0.006677 0.003586 -0.061176
    42 -0.096140 1.828087 23.185329 0.004131 -0.051984 -1.570724
    43 2.325478 -0.000003 6.169296 0.012603 -0.047841 1.869673
    44 0.000000 -3.152912 0.122169 1.961017 0.000000 0.000000
    45 1.068383 -10.478592 7.066338 0.292219 -1.282324 -3.141588
    46 0.000000 0.000000 2.279457 0.547137 -0.343566 0.107833
    47 2.479414 -8.323895 6.074242 -0.010024 -0.023417 1.532937
    48 0.000003 -5.075260 5.835853 0.000000 0.000000 0.000000
    49 -1.068383 -10.478611 7.065971 0.292219 1.282324 3.141588
    50 -0.000488 0.000015 2.279600 0.547136 0.343566 0.107835
    51 -2.479401 -8.323895 6.074234 0.007227 -0.021942 1.539573
    52 -5.790000 4.432083 14.255558 -3.400203 1.431186 -0.380004
    53 1.044540 -2.839314 19.743252 -0.244774 0.993445 -0.142693
    54 -2.655510 -1.533379 24.792648 -0.582493 -0.077766 0.036030
    55 -1.120216 -0.154385 9.795983 -0.000053 -0.000006 0.000237
    56 -2.240372 -0.308788 19.592047 -0.004281 0.017925 0.000362
    57 -0.683205 2.877342 14.167089 -0.738031 0.163387 -1.424634
    58 -0.144958 -0.145317 7.579308 -0.659984 0.179629 0.007669
    59 -0.038551 -0.936644 4.697678 -0.493436 0.097479 -0.015610
    60 -0.506317 8.500896 13.617329 -0.591307 0.068789 -1.307733
    61 0.385056 -0.460075 7.003435 -0.399361 0.311098 0.050345
    62 -0.456360 -0.710276 5.057732 -0.218512 0.130322 -0.003734
    63 2.452194 -8.899408 11.597939 -1.090884 0.145349 -1.506498
    64 -0.680515 -0.903999 6.074242 -0.917050 -0.113060 -0.027141
    65 -0.248295 -0.666843 3.386627 -0.769891 -0.120173 0.043278
    66 0.717491 -3.784309 13.044010 -0.979347 0.126082 -1.477618
    67 -1.099228 -1.407673 8.017876 -0.878597 -0.000731 0.001758
    68 -0.064053 -0.807640 3.686100 -0.562187 -0.002416 -0.007192
    69 4.004906 6.172710 4.754800 -0.014982 -0.989457 -2.569679
    70 -0.158381 -1.149773 5.804405 -0.513825 0.334454 0.249102
    71 1.078559 -2.386406 5.215008 -0.424135 0.202686 0.106274
    72 6.289963 0.932404 13.569109 -0.126801 -0.612098 -2.869612
    73 -1.327759 -0.766682 12.396324 -0.001663 -0.000949 0.015458
    74 0.000017 -54.999996 0.000000 0.000000 0.000000 -1.570796
  time 3
    0 0.000000 0.000000 -1.500000 0.000000 0.000000 0.000000
    1 -10.521344 -5.760963 66.994621 3.097005 -0.050653 -3.139334
    2 -6.136535 6.235188 4.456727 0.057147 0.247133 0.575710
    3 -0.000034 0.000012 24.761454 -0.626093 -0.072748 0.193051
    4 0.000017 0.000000 24.344809 1.450934 -0.225301 -0.063638
    5 0.002333 -1.019846 24.031336 0.389660 -0.042710 0.017201
    6 0.000034 0.000008 13.404741 -0.000001 -0.000009 0.087514
    7 10.398263 -5.760962 66.994675 3.097005 0.050653 3.139334
    8 -2.816659 -4.347609 4.035636 0.301008 -0.271460 0.460829
    9 -0.000004 -0.000006 24.761459 -0.794257 0.092230 -0.351490
    10 -0.000007 0.000004 24.344891 1.405890 0.116215 0.018085
    11 -0.002360 -1.019903 24.031330 0.389594 -0.042695 -0.017219
    12 0.000000 -0.000002 13.404737 0.000001 0.000005 -0.160184
    13 -0.061540 -5.245835 72.927078 0.000000 0.000000 0.000000
    14 5.048353 1.832771 -4.399139 -0.126597 -0.008014 -0.530875
    15 0.000000 -0.005608 -1.146812 -0.015848 -0.011501 -0.001840
    16 0.030770 -0.240000 8.906021 -0.004138 0.000000 0.000000
    17 -0.093730 -2.479689 -0.476975 0.415979 -0.069550 0.086183
    18 0.030770 -0.276858 8.905140 0.056125 0.004134 -0.000049
    19 0.401091 0.379794 0.033982 -0.040926 0.134682 -0.012525
    20 5.669724 4.435303 14.302868 2.742078 -1.437583 0.449658
    21 -1.044571 -2.839317 19.743267 -0.646161 -0.890461 0.306104
    22 2.655533 -1.533369 24.792658 -0.230093 0.079199 -0.207822
    23 1.120163 -0.154394 9.796035 -0.026683 0.000590 -0.232483
    24 2.240311 -0.308786 19.592051 -0.229901 -0.117582 -0.432282
    25 0.683151 2.877354 14.167051 -0.670805 -0.154701 1.415822
    26 0.144936 -0.145374 7.579252 -0.580530 -0.146441 0.049193
    27 0.091660 -0.906685 4.702850 -0.415138 -0.063919 0.010990
    28 0.506271 8.500866 13.617253 -0.562496 -0.057240 1.303078
    29 -0.384987 -0.460049 7.003448 -0.373113 -0.280108 0.094938
    30 0.561516 -0.596954 5.061852 -0.194717 -0.098207 0.010872
    31 -2.452171 -8.899406 11.597897 -0.951624 -0.167658 1.509066
    32 0.680496 -0.903999 6.074253 -0.722135 0.081395 0.012816
    33 0.245514 -0.661150 3.388004 -0.572235 0.102716 -0.027417
    34 -0.717484 -3.784271 13.043911 -0.876251 -0.142308 1.473834
    35 1.099216 -1.407745 8.017889 -0.740591 -0.001799 0.004856
    36 0.068439 -0.807653 3.686054 -0.424344 -0.002101 0.002089
    37 -4.004929 6.172707 4.754754 0.432921 0.925557 3.037105
    38 0.158352 -1.149811 5.804394 -0.479918 -0.239653 0.189745
    39 -1.083523 -1.463142 5.544399 -0.395403 -0.103553 0.023738
    40 -6.289886 0.932434 13.569063 -0.126803 0.612110 2.869610
    41 1.327774 -0.766687 12.396328 -0.014024 0.007002 -0.127461
    42 -0.096140 1.828087 23.185329 0.004131 -0.051984 -1.570724
    43 2.325478 -0.000003 6.169296 0.024397 -0.040462 1.868795
    44 0.000000 -3.152912 0.122169 1.961017 0.000000 0.000000
    45 1.068383 -10.478592 7.066338 0.292219 -1.282324 -3.141588
    46 0.000000 0.000000 2.279457 0.547137 -0.343566 0.107833
    47 2.479414 -8.323895 6.074242 -0.009997 -0.010879 1.533701
    48 0.000003 -5.075260 5.753819 0.000000 0.000000 0.000000
    49 -1.068383 -10.478611 7.065971 0.292219 1.282324 3.141588
    50 -0.000488 0.000015 2.279600 0.547136 0.343566 0.107835
    51 -2.479401 -8.323895 6.074234 0.007267 -0.009704 1.540339
    52 -5.790000 4.432083 14.255558 -3.398286 1.439867 -0.359116
    53 1.044540 -2.839314 19.743252 -0.299206 1.011252 -0.173773
    54 -2.655510 -1.533379 24.792648 -0.579725 -0.079216 0.066247
    55 -1.120216 -0.154385 9.795983 -0.000712 -0.000102 0.006085
    56 -2.240372 -0.308788 19.592047 -0.003594 0.019212 0.012304
    57 -0.683205 2.877342 14.167089 -0.738031 0.163387 -1.424634
    58 -0.144958 -0.145317 7.579308 -0.659984 0.179629 0.007669
    59 -0.038551 -0.936644 4.697678 -0.493436 0.097467 -0.015610
    60 -0.506317 8.500896 13.617329 -0.591307 0.068789 -1.307733
    61 0.385056 -0.460075 7.003435 -0.399361 0.311098 0.050345
    62 -0.456360 -0.710276 5.057732 -0.218512 0.130322 -0.003734
    63 2.452194 -8.899408 11.597939 -1.090884 0.145349 -1.506498
    64 -0.680515 -0.903999 6.074242 -0.917050 -0.113060 -0.027141
    65 -0.248295 -0.666843 3.386627 -0.769891 -0.120173 0.043278
    66 0.717491 -3.784309 13.044010 -0.979347 0.126082 -1.477618
    67 -1.099228 -1.407673 8.017876 -0.878597 -0.000731 0.001758
    68 -0.064053 -0.807640 3.686100 -0.562187 -0.002416 -0.007192
    69 4.004906 6.172710 4.754800 -0.014982 -0.989457 -2.569679
    70 -0.158381 -1.149773 5.804405 -0.513825 0.334454 0.249102
    71 1.078559 -2.386406 5.215008 -0.424135 0.202686 0.106274
    72 6.289963 0.932404 13.569109 -0.126801 -0.612098 -2.869612
    73 -1.327759 -0.766682 12.396324 -0.003629 -0.002004 0.033362
    74 0.000017 -54.999996 0.000000 0.000000 0.000000 -1.570796
  time 4
    0 0.000000 0.000000 -1.500000 0.000000 0.000000 0.000000
    1 -10.521344 -5.760963 66.994621 3.097005 -0.050653 -3.139334
    2 -6.120909 6.124695 4.501576 0.056601 0.248330 0.577676
    3 -0.000034 0.000012 24.761454 -0.628654 -0.073023 0.190160
    4 0.000017 0.000000 24.344809 1.454448 -0.226591 -0.064308
    5 0.002333 -1.019846 24.031336 0.389660 -0.042710 0.017201
    6 0.000034 0.000008 13.404741 -0.000001 -0.000009 0.086375
    7 10.398263 -5.760962 66.994675 3.097005 0.050653 3.139334
    8 -2.793220 -4.460013 4.058116 0.299899 -0.271021 0.460334
    9 -0.000004 -0.000006 24.761459 -0.797227 0.092565 -0.350485
    10 -0.000007 0.000004 24.344891 1.409956 0.116282 0.018148
    11 -0.002360 -1.019903 24.031330 0.389594 -0.042695 -0.017219
    12 0.000000 -0.000002 13.404737 0.000001 0.000005 -0.159841
    13 -0.061540 -5.245835 72.927078 0.000000 0.000000 0.000000
    14 5.048353 1.739606 -4.444202 -0.126533 -0.001029 -0.533518
    15 0.000000 -0.005608 -1.146812 -0.021941 -0.019626 -0.000617
    16 0.030770 -0.240000 8.906021 -0.004138 0.000000 0.000000
    17 -0.078104 -2.499220 -0.488694 0.419851 -0.068322 0.092093
    18 0.030770 -0.276858 8.905140 0.056125 0.004134 -0.000049
    19 0.373746 0.391513 0.033982 -0.042212 0.124890 -0.010080
    20 5.669724 4.435303 14.302868 2.659484 -1.437583 0.472275
    21 -1.044571 -2.839317 19.743267 -0.746350 -0.871362 0.338817
    22 2.655533 -1.533369 24.792658 -0.291152 0.083503 -0.358567
    23 1.120163 -0.154394 9.796035 -0.036211 -0.000741 -0.315094
    24 2.240311 -0.308786 19.592051 -0.181465 -0.113346 -0.607070
    25 0.683151 2.877354 14.167051 -0.629937 -0.149140 1.410752
    26 0.144936 -0.145374 7.579252 -0.532113 -0.138303 0.045071
    27 0.091660 -0.906685 4.702850 -0.367152 -0.055135 0.007586
    28 0.506271 8.500866 13.617253 -0.544710 -0.050034 1.300335
    29 -0.384987 -0.460049 7.003448 -0.352305 -0.273133 0.090779
    30 0.561516 -0.596954 5.061852 -0.174903 -0.090345 0.008871
    31 -2.452171 -8.899406 11.597897 -0.867276 -0.181241 1.509093
    32 0.680496 -0.903999 6.074253 -0.609554 0.069242 0.009999
    33 0.245514 -0.661150 3.388004 -0.458424 0.097382 -0.019699
    34 -0.717484 -3.784271 13.043911 -0.813636 -0.151907 1.470715
    35 1.099216 -1.407745 8.017889 -0.660960 -0.005034 0.004928
    36 0.068439 -0.807653 3.686054 -0.344705 -0.005073 0.001430
    37 -4.004929 6.172707 4.754754 0.390315 0.953336 2.957305
    38 0.158352 -1.149811 5.804394 -0.448558 -0.233136 0.194802
    39 -1.083523 -1.463142 5.544399 -0.362757 -0.100401 0.028448
    40 -6.289886 0.932434 13.569063 -0.126803 0.612110 2.869610
    41 1.327774 -0.766687 12.396328 -0.024271 0.010717 -0.215239
    42 -0.096140 1.828087 23.185329 0.004131 -0.051984 -1.570724
    43 2.325478 -0.000003 6.169296 0.037815 -0.031578 1.867598
    44 0.000000 -3.152912 0.122169 1.961017 0.000000 0.000000
    45 1.068383 -10.478592 7.066338 0.292219 -1.282324 -3.141588
    46 0.000000 0.000000 2.279457 0.547137 -0.343566 0.107833
    47 2.479414 -8.323895 6.074242 -0.009915 0.003397 1.534847
    48 0.000003 -5.075260 5.667879 0.000000 0.000000 0.000000
    49 -1.068383 -10.478611 7.065971 0.292219 1.282324 3.141588
    50 -0.000488 0.000015 2.279600 0.547136 0.343566 0.107835
    51 -2.479401 -8.323895 6.074234 0.007328 0.004235 1.541489
    52 -5.790000 4.432083 14.255558 -3.392918 1.450459 -0.331234
    53 1.044540 -2.839314 19.743252 -0.370780 1.029313 -0.215684
    54 -2.655510 -1.533379 24.792648 -0.576454 -0.080950 0.105248
    55 -1.120216 -0.154385 9.795983 -0.001551 -0.000198 0.013349
    56 -2.240372 -0.308788 19.592047 -0.002830 0.020796 0.027083
    57 -0.683205 2.877342 14.167089 -0.738031 0.163387 -1.424634
    58 -0.144958 -0.145317 7.579308 -0.659984 0.179629 0.007669
    59 -0.038551 -0.936644 4.697678 -0.493436 0.097479 -0.015610
    60 -0.506317 8.500896 13.617329 -0.591307 0.068789 -1.307733
    61 0.385056 -0.460075 7.003435 -0.399361 0.311098 0.050345
    62 -0.456360 -0.710276 5.057732 -0.218512 0.130322 -0.003734
    63 2.452194 -8.899408 11.597939 -1.090884 0.145349 -1.506498
    64 -0.680515 -0.903999 6.074242 -0.917050 -0.113060 -0.027141
    65 -0.248295 -0.666843 3.386627 -0.769891 -0.120173 0.043278
    66 0.717491 -3.784309 13.044010 -0.979347 0.126082 -1.477618
    67 -1.099228 -1.407673 8.017876 -0.878597 -0.000731 0.001758
    68 -0.064053 -0.807640 3.686100 -0.562187 -0.002416 -0.007192
    69 4.004906 6.172710 4.754800 -0.014982 -0.989457 -2.569679
    70 -0.158381 -1.149773 5.804405 -0.513825 0.334454 0.249102
    71 1.078559 -2.386406 5.215008 -0.424135 0.202686 0.106274
    72 6.289963 0.932404 13.569109 -0.126801 -0.612098 -2.869612
    73 -1.327759 -0.766682 12.396324 -0.006193 -0.003346 0.056865
    74 0.000017 -54.999996 0.000000 0.000000 0.000000 -1.570796
  time 5
    0 0.000000 0.000000 -1.500000 0.000000 0.000000 0.000000
    1 -10.521344 -5.760963 66.994621 3.097005 -0.050653 -3.139334
    2 -6.113096 6.038756 4.568849 0.057625 0.249471 0.581477
    3 -0.000034 0.000012 24.761454 -0.632638 -0.073503 0.185681
    4 0.000017 0.000000 24.344809 1.458270 -0.227587 -0.065021
    5 0.002333 -1.019846 24.031336 0.389660 -0.042710 0.017201
    6 0.000034 0.000008 13.404741 -0.000001 -0.000009 0.084434
    7 10.398263 -5.760962 66.994675 3.097005 0.050653 3.139334
    8 -2.758063 -4.584907 4.103076 0.298363 -0.271240 0.461489
    9 -0.000004 -0.000006 24.761459 -0.800307 0.092913 -0.350844
    10 -0.000007 0.000004 24.344891 1.414345 0.116571 0.018316
    11 -0.002360 -1.019903 24.031330 0.389594 -0.042695 -0.017219
    12 0.000000 -0.000002 13.404737 0.000001 0.000005 -0.160163
    13 -0.061540 -5.245835 72.927078 0.000000 0.000000 0.000000
    14 5.048353 1.658086 -4.511795 -0.126469 0.006318 -0.538022
    15 0.000000 -0.005608 -1.146812 -0.028288 -0.028143 0.000878
    16 0.030770 -0.240000 8.906021 -0.004138 0.000000 0.000000
    17 -0.050760 -2.522659 -0.492601 0.423955 -0.066980 0.098123
    18 0.030770 -0.276858 8.905140 0.056125 0.004134 -0.000049
    19 0.342495 0.395419 0.033982 -0.043714 0.114337 -0.007444
    20 5.669724 4.435303 14.302868 2.565979 -1.439239 0.499779
    21 -1.044571 -2.839317 19.743267 -0.821687 -0.817143 0.336984
    22 2.655533 -1.533369 24.792658 -0.356681 0.085309 -0.537537
    23 1.120163 -0.154394 9.796035 -0.045966 -0.002946 -0.401914
    24 2.240311 -0.308786 19.592051 -0.140471 -0.091382 -0.790997
    25 0.683151 2.877354 14.167051 -0.586709 -0.143052 1.405644
    26 0.144936 -0.145374 7.579252 -0.482860 -0.129818 0.041272
    27 0.091660 -0.906685 4.702850 -0.318388 -0.046002 0.004494
    28 0.506271 8.500866 13.617253 -0.525689 -0.042257 1.297531
    29 -0.384987 -0.460049 7.003448 -0.330465 -0.265739 0.086620
    30 0.561516 -0.596954 5.061852 -0.154053 -0.082064 0.006857
    31 -2.452171 -8.899406 11.597897 -0.778625 -0.195422 1.507885
    32 0.680496 -0.903999 6.074253 -0.497410 0.057533 0.005901
    33 0.245514 -0.661150 3.388004 -0.345093 0.091258 -0.012712
    34 -0.717484 -3.784271 13.043911 -0.747758 -0.161795 1.466781
    35 1.099216 -1.407745 8.017889 -0.581018 -0.008270 0.004748
    36 0.068439 -0.807653 3.686054 -0.264818 -0.007986 0.000459
    37 -4.004929 6.172707 4.754754 0.338251 0.979091 2.866884
    38 0.158352 -1.149811 5.804394 -0.416605 -0.226679 0.200160
    39 -1.083523 -1.463142 5.544399 -0.329483 -0.097417 0.033295
    40 -6.289886 0.932434 13.569063 -0.126803 0.612110 2.869610
    41 1.327774 -0.766687 12.396328 -0.036483 0.013941 -0.317428
    42 -0.096140 1.828087 23.185329 0.004131 -0.051984 -1.570724
    43 2.325478 -0.000003 6.169296 0.051138 -0.022043 1.866001
    44 0.000000 -3.152912 0.122169 1.961017 0.000000 0.000000
    45 1.068383 -10.478592 7.066338 0.292219 -1.282324 -3.141588
    46 0.000000 0.000000 2.279457 0.547137 -0.343566 0.107833
    47 2.479414 -8.323895 6.074242 -0.009861 0.017485 1.536375
    48 0.000003 -5.075260 5.566314 0.000000 0.000000 0.000000
    49 -1.068383 -10.478611 7.065971 0.292219 1.282324 3.141588
    50 -0.000488 0.000015 2.279600 0.547136 0.343566 0.107835
    51 -2.479401 -8.323895 6.074234 0.007388 0.017938 1.542926
    52 -5.790000 4.432083 14.255558 -3.383811 1.462214 -0.297698
    53 1.044540 -2.839314 19.743252 -0.453152 1.044152 -0.264699
    54 -2.655510 -1.533379 24.792648 -0.572931 -0.082775 0.150913
    55 -1.120216 -0.154385 9.795983 -0.002498 -0.000318 0.021401
    56 -2.240372 -0.308788 19.592047 -0.001990 0.022430 0.043494
    57 -0.683205 2.877342 14.167089 -0.738031 0.163387 -1.424634
    58 -0.144958 -0.145317 7.579308 -0.659984 0.179629 0.007669
    59 -0.038551 -0.936644 4.697678 -0.493436 0.097479 -0.015610
    60 -0.506317 8.500896 13.617329 -0.591307 0.068789 -1.307733
    61 0.385056 -0.460075 7.003435 -0.399361 0.311098 0.050345
    62 -0.456360 -0.710276 5.057732 -0.218512 0.130322 -0.003734
    63 2.452194 -8.899408 11.597939 -1.090884 0.145349 -1.506498
    64 -0.680515 -0.903999 6.074242 -0.917050 -0.113060 -0.027141
    65 -0.248295 -0.666843 3.386627 -0.769891 -0.120173 0.043278
    66 0.717491 -3.784309 13.044010 -0.979347 0.126082 -1.477618
    67 -1.099228 -1.407673 8.017876 -0.878597 -0.000731 0.001758
    68 -0.064053 -0.807640 3.686100 -0.562187 -0.002416 -0.007192
    69 4.004906 6.172710 4.754800 -0.014982 -0.989457 -2.569679
    70 -0.158381 -1.149773 5.804405 -0.513825 0.334454 0.249131
    71 1.078559 -2.386406 5.215008 -0.424135 0.202686 0.106274
    72 6.289963 0.932404 13.569109 -0.126801 -0.612098 -2.869612
    73 -1.327759 -0.766682 12.396324 -0.009285 -0.004832 0.084485
    74 0.000017 -54.999996 0.000000 0.000000 0.000000 -1.570796
  time 6
    0 0.000000 0.000000 -1.500000 0.000000 0.000000 0.000000
    1 -10.521344 -5.760963 66.994621 3.097005 -0.050653 -3.139334
    2 -6.109190 5.977371 4.636123 0.060426 0.250445 0.587681
    3 -0.000034 0.000012 24.761454 -0.637841 -0.074102 0.179247
    4 0.000017 0.000000 24.344809 1.462154 -0.228130 -0.065669
    5 0.002333 -1.019846 24.031336 0.389585 -0.042710 0.017213
    6 0.000034 0.000008 13.404741 -0.000001 -0.000009 0.081397
    7 10.398263 -5.760962 66.994675 3.097005 0.050653 3.139334
    8 -2.707280 -4.697311 4.125556 0.295719 -0.272264 0.464790
    9 -0.000004 -0.000006 24.761459 -0.803002 0.093237 -0.353356
    10 -0.000007 0.000004 24.344891 1.418927 0.117215 0.018610
    11 -0.002360 -1.019903 24.031330 0.389594 -0.042695 -0.017219
    12 0.000000 -0.000002 13.404737 0.000001 0.000005 -0.161537
    13 -0.061540 -5.245835 72.927078 0.000000 0.000000 0.000000
    14 5.044447 1.588212 -4.556857 -0.126405 0.013320 -0.544808
    15 0.000000 -0.005608 -1.146812 -0.034413 -0.036267 0.002427
    16 0.030770 -0.240000 8.906021 -0.004138 0.000000 0.000000
    17 -0.035134 -2.546097 -0.500414 0.427869 -0.065562 0.103673
    18 0.030770 -0.276858 8.905140 0.056125 0.004134 -0.000049
    19 0.315150 0.403232 0.041795 -0.045251 0.104010 -0.004867
    20 5.669724 4.435303 14.302868 2.465775 -1.443431 0.532458
    21 -1.044571 -2.839317 19.743267 -0.849963 -0.729317 0.291439
    22 2.655533 -1.533369 24.792658 -0.420083 0.083080 -0.730335
    23 1.120163 -0.154394 9.796035 -0.055062 -0.005798 -0.484525
    24 2.240311 -0.308786 19.592051 -0.115186 -0.056756 -0.964796
    25 0.683151 2.877354 14.167051 -0.545347 -0.136987 1.400998
    26 0.144936 -0.145374 7.579252 -0.437649 -0.121861 0.038156
    27 0.091660 -0.906685 4.702850 -0.273471 -0.037481 0.002025
    28 0.506271 8.500866 13.617253 -0.506977 -0.034523 1.294942
    29 -0.384987 -0.460049 7.003448 -0.309728 -0.258584 0.082785
    30 0.561516 -0.596954 5.061852 -0.134168 -0.074118 0.005084
    31 -2.452171 -8.899406 11.597897 -0.694530 -0.208646 1.505549
    32 0.680496 -0.903999 6.074253 -0.397518 0.047574 0.001143
    33 0.245514 -0.661150 3.388004 -0.244171 0.085182 -0.007103
    34 -0.717484 -3.784271 13.043911 -0.684923 -0.170915 1.462432
    35 1.099216 -1.407745 8.017889 -0.508837 -0.011195 0.004340
    36 0.068439 -0.807653 3.686054 -0.192607 -0.010514 -0.000620
    37 -4.004929 6.172707 4.754754 0.281773 0.999811 2.774741
    38 0.158352 -1.149811 5.804394 -0.387322 -0.220896 0.205265
    39 -1.083523 -1.463142 5.544399 -0.299034 -0.094816 0.037840
    40 -6.289886 0.932434 13.569063 -0.126803 0.612110 2.869610
    41 1.327774 -0.766687 12.396328 -0.049582 0.015955 -0.424940
    42 -0.096140 1.828087 23.185329 0.004131 -0.051984 -1.570724
    43 2.325478 -0.000003 6.169296 0.062598 -0.012682 1.864006
    44 0.000000 -3.152912 0.122169 1.961017 0.000000 0.000000
    45 1.068383 -10.478592 7.066338 0.292219 -1.282324 -3.141588
    46 0.000000 0.000000 2.279457 0.547137 -0.343566 0.107833
    47 2.479414 -8.323895 6.074242 -0.009807 0.029695 1.538381
    48 0.000003 -5.075260 5.433497 0.000000 0.000000 0.000000
    49 -1.068383 -10.478611 7.065971 0.292219 1.282324 3.141588
    50 -0.000488 0.000015 2.279600 0.547136 0.343566 0.107835
    51 -2.479401 -8.323895 6.074234 0.007448 0.029798 1.545034
    52 -5.790000 4.432083 14.255558 -3.372500 1.474218 -0.261193
    53 1.044540 -2.839314 19.743252 -0.537081 1.053819 -0.314966
    54 -2.655510 -1.533379 24.792648 -0.569358 -0.084523 0.200819
    55 -1.120216 -0.154385 9.795983 -0.003517 -0.000414 0.029807
    56 -2.240372 -0.308788 19.592047 -0.001532 0.023915 0.060592
    57 -0.683205 2.877342 14.167089 -0.738031 0.163387 -1.424634
    58 -0.144958 -0.145317 7.579308 -0.659984 0.179629 0.007669
    59 -0.038551 -0.936644 4.697678 -0.493436 0.097479 -0.015610
    60 -0.506317 8.500896 13.617329 -0.591307 0.068789 -1.307733
    61 0.385056 -0.460075 7.003435 -0.399361 0.311098 0.050345
    62 -0.456360 -0.710276 5.057732 -0.218512 0.130322 -0.003734
    63 2.452194 -8.899408 11.597939 -1.090884 0.145349 -1.506498
    64 -0.680515 -0.903999 6.074242 -0.917050 -0.113060 -0.027141
    65 -0.248295 -0.666843 3.386627 -0.769891 -0.120173 0.043278
    66 0.717491 -3.784309 13.044010 -0.979347 0.126082 -1.477618
    67 -1.099228 -1.407673 8.017876 -0.878597 -0.000731 0.001758
    68 -0.064053 -0.807640 3.686100 -0.562187 -0.002416 -0.007192
    69 4.004906 6.172710 4.754800 -0.014982 -0.989457 -2.569679
    70 -0.158381 -1.149773 5.804405 -0.513825 0.334454 0.249102
    71 1.078559 -2.386406 5.215008 -0.424135 0.202686 0.106274
    72 6.289963 0.932404 13.569109 -0.126801 -0.612098 -2.869612
    73 -1.327759 -0.766682 12.396324 -0.012713 -0.006366 0.114233
    74 0.000017 -54.999996 0.000000 0.000000 0.000000 -1.570796
  time 7
    0 0.000000 0.000000 -1.500000 0.000000 0.000000 0.000000
    1 -10.521344 -5.760963 66.994621 3.097005 -0.050653 -3.139334
    2 -6.120909 5.965094 4.680972 0.065345 0.251169 0.596856
    3 -0.000034 0.000012 24.761454 -0.643939 -0.074797 0.170249
    4 0.000017 0.000000 24.344809 1.465606 -0.228153 -0.066210
    5 0.002333 -1.019846 24.031336 0.389585 -0.042710 0.017201
    6 0.000034 0.000008 13.404741 -0.000001 -0.000009 0.076967
    7 10.398263 -5.760962 66.994675 3.097005 0.050653 3.139334
    8 -2.629153 -4.859673 4.148037 0.291453 -0.274203 0.471226
    9 -0.000004 -0.000006 24.761459 -0.804872 0.093440 -0.358775
    10 -0.000007 0.000004 24.344891 1.423252 0.118282 0.019094
    11 -0.002360 -1.019903 24.031330 0.389594 -0.042695 -0.017219
    12 0.000000 -0.000002 13.404737 0.000001 0.000005 -0.164328
    13 -0.061540 -5.245835 72.927078 0.000000 0.000000 0.000000
    14 5.036634 1.518338 -4.624450 -0.126373 0.019204 -0.554416
    15 0.000000 -0.005608 -1.146812 -0.039516 -0.043122 0.003867
    16 0.030770 -0.240000 8.906021 -0.004138 0.000000 0.000000
    17 -0.011696 -2.557816 -0.512133 0.431236 -0.064194 0.108066
    18 0.030770 -0.276858 8.905140 0.056125 0.004134 -0.000049
    19 0.287806 0.407138 0.037888 -0.046788 0.094794 -0.002626
    20 5.669724 4.435303 14.302868 2.361361 -1.451042 0.573188
    21 -1.044571 -2.839317 19.743267 -0.830591 -0.614617 0.216453
    22 2.655533 -1.533369 24.792658 -0.473895 0.076547 -0.922568
    23 1.120163 -0.154394 9.796035 -0.062529 -0.008806 -0.554167
    24 2.240311 -0.308786 19.592051 -0.107527 -0.018676 -1.110663
    25 0.683151 2.877354 14.167051 -0.509525 -0.131594 1.397189
    26 0.144936 -0.145374 7.579252 -0.400105 -0.115125 0.035842
    27 0.091660 -0.906685 4.702850 -0.236154 -0.030338 0.000300
    28 0.506271 8.500866 13.617253 -0.490241 -0.027603 1.292723
    29 -0.384987 -0.460049 7.003448 -0.291587 -0.252244 0.079573
    30 0.561516 -0.596954 5.061852 -0.116782 -0.067143 0.003670
    31 -2.452171 -8.899406 11.597897 -0.623093 -0.219720 1.502650
    32 0.680496 -0.903999 6.074253 -0.318446 0.040036 -0.003339
    33 0.245514 -0.661150 3.388004 -0.164338 0.079993 -0.003136
    34 -0.717484 -3.784271 13.043911 -0.631259 -0.178477 1.458268
    35 1.099216 -1.407745 8.017889 -0.450589 -0.013520 0.003897
    36 0.068439 -0.807653 3.686054 -0.134326 -0.012516 -0.001603
    37 -4.004929 6.172707 4.754754 0.229439 1.014123 2.692549
    38 0.158352 -1.149811 5.804394 -0.363421 -0.216303 0.209543
    39 -1.083523 -1.463142 5.544399 -0.274079 -0.092779 0.041583
    40 -6.289886 0.932434 13.569063 -0.126803 0.612110 2.869610
    41 1.327774 -0.766687 12.396328 -0.062442 0.016554 -0.529088
    42 -0.096140 1.828087 23.185329 0.004131 -0.051984 -1.570724
    43 2.325478 -0.000003 6.169296 0.070381 -0.004362 1.861172
    44 0.000000 -3.152912 0.122169 1.961017 0.000000 0.000000
    45 1.068383 -10.478592 7.066338 0.292219 -1.282324 -3.141588
    46 0.000000 0.000000 2.279457 0.547137 -0.343566 0.107833
    47 2.479414 -8.323895 6.074242 -0.009671 0.038007 1.541246
    48 0.000003 -5.075260 5.288961 0.000000 0.000000 0.000000
    49 -1.068383 -10.478611 7.065971 0.292231 1.282324 3.141588
    50 -0.000488 0.000015 2.279600 0.547136 0.343566 0.107835
    51 -2.479401 -8.323895 6.074234 0.007569 0.037831 1.547812
    52 -5.790000 4.432083 14.255558 -3.364640 1.485641 -0.228232
    53 1.044540 -2.839314 19.743252 -0.612217 1.058313 -0.359544
    54 -2.655510 -1.533379 24.792648 -0.565835 -0.085998 0.251483
    55 -1.120216 -0.154385 9.795983 -0.004332 -0.000546 0.037996
    56 -2.240372 -0.308788 19.592047 -0.001532 0.025202 0.077088
    57 -0.683205 2.877342 14.167089 -0.738031 0.163387 -1.424634
    58 -0.144958 -0.145317 7.579308 -0.659984 0.179629 0.007669
    59 -0.038551 -0.936644 4.697678 -0.493436 0.097479 -0.015610
    60 -0.506317 8.500896 13.617329 -0.591307 0.068789 -1.307733
    61 0.385056 -0.460075 7.003435 -0.399361 0.311098 0.050345
    62 -0.456360 -0.710276 5.057732 -0.218512 0.130322 -0.003734
    63 2.452194 -8.899408 11.597939 -1.090884 0.145349 -1.506498
    64 -0.680515 -0.903999 6.074242 -0.917050 -0.113060 -0.027141
    65 -0.248295 -0.666843 3.386627 -0.769891 -0.120173 0.043278
    66 0.717491 -3.784309 13.044010 -0.979347 0.126082 -1.477618
    67 -1.099228 -1.407673 8.017876 -0.878597 -0.000731 0.001758
    68 -0.064053 -0.807640 3.686100 -0.562187 -0.002416 -0.007192
    69 4.004906 6.172710 4.754800 -0.014982 -0.989457 -2.569679
    70 -0.158381 -1.149773 5.804405 -0.513825 0.334454 0.249102
    71 1.078559 -2.386406 5.215008 -0.424135 0.202686 0.106274
    72 6.289963 0.932404 13.569109 -0.126801 -0.612098 -2.869612
    73 -1.327759 -0.766682 12.396324 -0.015973 -0.007781 0.143935
    74 0.000017 -54.999996 0.000000 0.000000 0.000000 -1.570796
  time 8
    0 0.000000 0.000000 -1.500000 0.000000 0.000000 0.000000
    1 -10.521344 -5.760963 66.994621 3.097005 -0.050653 -3.139334
    2 -6.148254 6.014202 4.725821 0.072587 0.251364 0.609701
    3 -0.000034 0.000012 24.761454 -0.650890 -0.075600 0.158278
    4 0.000017 0.000000 24.344809 1.468380 -0.227587 -0.066620
    5 0.002333 -1.019846 24.031336 0.389585 -0.042698 0.017213
    6 0.000034 0.000008 13.404741 -0.000001 -0.000009 0.070892
    7 10.398263 -5.760962 66.994675 3.097005 0.050653 3.139334
    8 -2.535400 -5.022035 4.170517 0.284799 -0.277276 0.481706
    9 -0.000004 -0.000006 24.761459 -0.805587 0.093524 -0.367890
    10 -0.000007 0.000004 24.344891 1.427511 0.119837 0.019766
    11 -0.002360 -1.019903 24.031330 0.389594 -0.042695 -0.017219
    12 0.000000 -0.000002 13.404737 0.000001 0.000005 -0.168901
    13 -0.061540 -5.245835 72.927078 0.000000 0.000000 0.000000
    14 5.024915 1.471755 -4.646981 -0.126341 0.023299 -0.567448
    15 0.000000 -0.005608 -1.146812 -0.043121 -0.047859 0.005090
    16 0.030770 -0.240000 8.906021 -0.004138 0.000000 0.000000
    17 -0.003883 -2.577348 -0.519945 0.433677 -0.062992 0.110702
    18 0.030770 -0.276858 8.905140 0.056125 0.004134 -0.000049
    19 0.264368 0.418857 0.041795 -0.048110 0.087594 -0.000984
    20 5.669724 4.435303 14.302868 2.250820 -1.462881 0.628771
    21 -1.044571 -2.839317 19.743267 -0.777952 -0.479408 0.139605
    22 2.655533 -1.533369 24.792658 -0.512041 0.066249 -1.105743
    23 1.120163 -0.154394 9.796035 -0.067550 -0.011179 -0.602250
    24 2.240311 -0.308786 19.592051 -0.112314 0.013233 -1.211508
    25 0.683151 2.877354 14.167051 -0.483249 -0.127544 1.394504
    26 0.144936 -0.145374 7.579252 -0.373248 -0.110295 0.034344
    27 0.091660 -0.906685 4.702850 -0.209505 -0.025197 -0.000791
    28 0.506271 8.500866 13.617253 -0.477087 -0.022066 1.291059
    29 -0.384987 -0.460049 7.003448 -0.277502 -0.247307 0.077153
    30 0.561516 -0.596954 5.061852 -0.103322 -0.061702 0.002651
    31 -2.452171 -8.899406 11.597897 -0.572464 -0.227408 1.500154
    32 0.680496 -0.903999 6.074253 -0.265625 0.035194 -0.006635
    33 0.245514 -0.661150 3.388004 -0.111028 0.076361 -0.000715
    34 -0.717484 -3.784271 13.043911 -0.592544 -0.183786 1.455010
    35 1.099216 -1.407745 8.017889 -0.410618 -0.015102 0.003477
    36 0.068439 -0.807653 3.686054 -0.094312 -0.013846 -0.002370
    37 -4.004929 6.172707 4.754754 0.190886 1.022133 2.633704
    38 0.158352 -1.149811 5.804394 -0.347402 -0.213250 0.212492
    39 -1.083523 -1.463142 5.544399 -0.257389 -0.091485 0.044138
    40 -6.289886 0.932434 13.569063 -0.126803 0.612110 2.869610
    41 1.327774 -0.766687 12.396328 -0.074678 0.015871 -0.628465
    42 -0.096140 1.828087 23.185329 0.004131 -0.051984 -1.570724
    43 2.325478 -0.000003 6.169296 0.072721 0.002033 1.857220
    44 0.000000 -3.152912 0.122169 1.961017 0.000000 0.000000
    45 1.068383 -10.478592 7.066338 0.292219 -1.282324 -3.141588
    46 0.000000 0.000000 2.279457 0.547137 -0.343566 0.107833
    47 2.479414 -8.323895 6.074242 -0.009480 0.040495 1.545353
    48 0.000003 -5.075260 5.156145 0.000000 0.000000 0.000000
    49 -1.068383 -10.478611 7.065971 0.292219 1.282324 3.141588
    50 -0.000488 0.000015 2.279600 0.547136 0.343566 0.107835
    51 -2.479401 -8.323895 6.074234 0.007729 0.040099 1.552028
    52 -5.790000 4.432083 14.255558 -3.366269 1.495942 -0.206770
    53 1.044540 -2.839314 19.743252 -0.669043 1.059712 -0.392856
    54 -2.655510 -1.533379 24.792648 -0.562413 -0.087124 0.299193
    55 -1.120216 -0.154385 9.795983 -0.005194 -0.000605 0.045368
    56 -2.240372 -0.308788 19.592047 -0.001990 0.026093 0.091953
    57 -0.683205 2.877342 14.167089 -0.738031 0.163387 -1.424634
    58 -0.144958 -0.145317 7.579308 -0.659984 0.179629 0.007669
    59 -0.038551 -0.936644 4.697678 -0.493436 0.097479 -0.015610
    60 -0.506317 8.500896 13.617329 -0.591307 0.068789 -1.307733
    61 0.385056 -0.460075 7.003435 -0.399361 0.311098 0.050345
    62 -0.456360 -0.710276 5.057732 -0.218512 0.130322 -0.003734
    63 2.452194 -8.899408 11.597939 -1.090884 0.145349 -1.506498
    64 -0.680515 -0.903999 6.074242 -0.917050 -0.113060 -0.027141
    65 -0.248295 -0.666843 3.386627 -0.769891 -0.120173 0.043278
    66 0.717491 -3.784309 13.044010 -0.979347 0.126082 -1.477618
    67 -1.099228 -1.407673 8.017876 -0.878597 -0.000731 0.001758
    68 -0.064053 -0.807640 3.686100 -0.562187 -0.002416 -0.007192
    69 4.004906 6.172710 4.754800 -0.014982 -0.989457 -2.569679
    70 -0.158381 -1.149773 5.804405 -0.513825 0.334454 0.249102
    71 1.078559 -2.386406 5.215008 -0.424135 0.202686 0.106274
    72 6.289963 0.932404 13.569109 -0.126801 -0.612098 -2.869612
    73 -1.327759 -0.766682 12.396324 -0.019041 -0.008931 0.170352
    74 0.000017 -54.999996 0.000000 0.000000 0.000000 -1.570796
  time 9
    0 0.000000 0.000000 -1.500000 0.000000 0.000000 0.000000
    1 -10.521344 -5.760963 66.994621 3.097005 -0.050653 -3.139334
    2 -6.199037 6.112418 4.748246 0.082630 0.250863 0.626740
    3 -0.000034 0.000012 24.761454 -0.658330 -0.076475 0.142764
    4 0.000017 0.000000 24.344809 1.469922 -0.226364 -0.066836
    5 0.002333 -1.019846 24.031336 0.389660 -0.042710 0.017201
    6 0.000034 0.000008 13.404741 -0.000001 -0.000009 0.062877
    7 10.398263 -5.760962 66.994675 3.097005 0.050653 3.139334
    8 -2.402583 -5.184397 4.192997 0.275500 -0.281519 0.497054
    9 -0.000004 -0.000006 24.761459 -0.804597 0.093404 -0.381635
    10 -0.000007 0.000004 24.344891 1.431448 0.122037 0.020733
    11 -0.002360 -1.019903 24.031330 0.389594 -0.042695 -0.017219
    12 0.000000 -0.000002 13.404737 0.000001 0.000005 -0.175728
    13 -0.061540 -5.245835 72.927078 0.000000 0.000000 0.000000
    14 5.009289 1.425172 -4.714575 -0.126309 0.024813 -0.584263
    15 0.000000 -0.005608 -1.146812 -0.044492 -0.049647 0.005851
    16 0.030770 -0.240000 8.906021 -0.004138 0.000000 0.000000
    17 0.003930 -2.577348 -0.516039 0.434834 -0.061992 0.110782
    18 0.030770 -0.276858 8.905140 0.056125 0.004134 -0.000049
    19 0.252648 0.422764 0.045701 -0.049183 0.083377 -0.000229
    20 5.669724 4.435303 14.302868 2.122479 -1.479653 0.715596
    21 -1.044571 -2.839317 19.743267 -0.707801 -0.333763 0.081229
    22 2.655533 -1.533369 24.792658 -0.529009 0.053568 -1.273229
    23 1.120163 -0.154394 9.796035 -0.069408 -0.012138 -0.620187
    24 2.240311 -0.308786 19.592051 -0.120800 0.032848 -1.250003
    25 0.683151 2.877354 14.167051 -0.469919 -0.125470 1.393193
    26 0.144936 -0.145374 7.579252 -0.360052 -0.107887 0.033649
    27 0.091660 -0.906685 4.702850 -0.196410 -0.022632 -0.001270
    28 0.506271 8.500866 13.617253 -0.468997 -0.018683 1.290073
    29 -0.384987 -0.460049 7.003448 -0.268965 -0.244274 0.075726
    30 0.561516 -0.596954 5.061852 -0.095075 -0.058370 0.002064
    31 -2.452171 -8.899406 11.597897 -0.550136 -0.230734 1.498919
    32 0.680496 -0.903999 6.074253 -0.243299 0.033216 -0.008097
    33 0.245514 -0.661150 3.388004 -0.088500 0.074780 0.000244
    34 -0.717484 -3.784271 13.043911 -0.574685 -0.186183 1.453427
    35 1.099216 -1.407745 8.017889 -0.392689 -0.015797 0.003298
    36 0.068439 -0.807653 3.686054 -0.076401 -0.014433 -0.002705
    37 -4.004929 6.172707 4.754754 0.176114 1.024703 2.611410
    38 0.158352 -1.149811 5.804394 -0.341469 -0.212149 0.213570
    39 -1.083523 -1.463142 5.544399 -0.251268 -0.091005 0.045063
    40 -6.289886 0.932434 13.569063 -0.126803 0.612110 2.869610
    41 1.327774 -0.766687 12.396328 -0.086039 0.014133 -0.721716
    42 -0.096140 1.828087 23.185329 0.004131 -0.051984 -1.570724
    43 2.325478 -0.000003 6.169296 0.067946 0.005549 1.851872
    44 0.000000 -3.152912 0.122169 1.961017 0.000000 0.000000
    45 1.068383 -10.478592 7.066338 0.292219 -1.282324 -3.141588
    46 0.000000 0.000000 2.279457 0.547137 -0.343566 0.107833
    47 2.479414 -8.323895 6.074242 -0.009290 0.035424 1.550988
    48 0.000003 -5.075260 5.105362 0.000000 0.000000 0.000000
    49 -1.068383 -10.478611 7.065971 0.292219 1.282324 3.141588
    50 -0.000488 0.000015 2.279600 0.547136 0.343566 0.107835
    51 -2.479401 -8.323895 6.074234 0.007950 0.034807 1.557584
    52 -5.790000 4.432083 14.255558 -3.393397 1.504374 -0.213668
    53 1.044540 -2.839314 19.743252 -0.699821 1.061111 -0.411308
    54 -2.655510 -1.533379 24.792648 -0.559041 -0.087862 0.339708
    55 -1.120216 -0.154385 9.795983 -0.005890 -0.000665 0.051462
    56 -2.240372 -0.308788 19.592047 -0.003289 0.026588 0.104068
    57 -0.683205 2.877342 14.167089 -0.738031 0.163387 -1.424634
    58 -0.144958 -0.145317 7.579308 -0.659984 0.179629 0.007669
    59 -0.038551 -0.936644 4.697678 -0.493436 0.097479 -0.015610
    60 -0.506317 8.500896 13.617329 -0.591307 0.068789 -1.307733
    61 0.385056 -0.460075 7.003435 -0.399361 0.311098 0.050345
    62 -0.456360 -0.710276 5.057732 -0.218512 0.130322 -0.003734
    63 2.452194 -8.899408 11.597939 -1.090884 0.145349 -1.506498
    64 -0.680515 -0.903999 6.074242 -0.917050 -0.113060 -0.027141
    65 -0.248295 -0.666843 3.386627 -0.769891 -0.120173 0.043278
    66 0.717491 -3.784309 13.044010 -0.979347 0.126082 -1.477618
    67 -1.099228 -1.407673 8.017876 -0.878597 -0.000731 0.001758
    68 -0.064053 -0.807640 3.686100 -0.562187 -0.002416 -0.007192
    69 4.004906 6.172710 4.754800 -0.014982 -0.989457 -2.569679
    70 -0.158381 -1.149773 5.804405 -0.513825 0.334454 0.249102
    71 1.078559 -2.386406 5.215008 -0.424135 0.202686 0.106274
    72 6.289963 0.932404 13.569109 -0.126801 -0.612098 -2.869612
    73 -1.327759 -0.766682 12.396324 -0.021426 -0.009782 0.190801
    74 0.000017 -54.999996 0.000000 0.000000 0.000000 -1.570796
  time 10
    0 0.000000 0.000000 -1.500000 0.000000 0.000000 0.000000
    1 -10.521344 -5.760963 66.994621 3.097005 -0.050653 -3.139334
    2 -6.284977 6.296573 4.770670 0.097182 0.249332 0.651075
    3 -0.000034 0.000012 24.761454 -0.667801 -0.077566 0.120980
    4 0.000017 0.000000 24.344809 1.470661 -0.224305 -0.066923
    5 0.002333 -1.019846 24.031336 0.389660 -0.042710 0.017201
    6 0.000034 0.000008 13.404741 -0.000001 -0.000009 0.051465
    7 10.398263 -5.760962 66.994675 3.097005 0.050653 3.139334
    8 -2.218984 -5.396716 4.192997 0.261595 -0.287445 0.520571
    9 -0.000004 -0.000006 24.761459 -0.801132 0.093021 -0.402522
    10 -0.000007 0.000004 24.344891 1.435256 0.125348 0.022120
    11 -0.002360 -1.019903 24.031330 0.389594 -0.042695 -0.017219
    12 0.000000 -0.000002 13.404737 0.000001 0.000005 -0.186098
    13 -0.061540 -5.245835 72.927078 0.000000 0.000000 0.000000
    14 4.985851 1.390235 -4.714575 -0.126373 0.023626 -0.607624
    15 0.000000 -0.005608 -1.146812 -0.043791 -0.048706 0.006041
    16 0.030770 -0.240000 8.906021 -0.004138 0.000000 0.000000
    17 -0.003883 -2.577348 -0.519945 0.435024 -0.060675 0.106429
    18 0.030770 -0.276858 8.905140 0.056125 0.004134 -0.000049
    19 0.252648 0.430576 0.045701 -0.053508 0.080929 -0.000600
    20 5.669724 4.435303 14.302868 1.814211 -1.506783 0.994280
    21 -1.044571 -2.839317 19.743267 -0.621652 -0.185091 0.046429
    22 2.655533 -1.533369 24.792658 -0.525320 0.039235 -1.428260
    23 1.120163 -0.154394 9.796035 -0.069300 -0.012090 -0.619290
    24 2.240311 -0.308786 19.592051 -0.123498 0.089208 -1.256174
    25 0.683151 2.877354 14.167051 -0.443203 -0.121335 1.390695
    26 0.144936 -0.145374 7.579252 -0.334775 -0.103261 0.032427
    27 0.091660 -0.906685 4.702850 -0.171227 -0.017743 -0.002109
    28 0.506271 8.500866 13.617253 -0.444047 -0.008423 1.287330
    29 -0.384987 -0.460049 7.003448 -0.243675 -0.235178 0.071628
    30 0.561516 -0.596954 5.061852 -0.070727 -0.048495 0.000494
    31 -2.452171 -8.899406 11.597897 -0.523252 -0.234478 1.497228
    32 0.680496 -0.903999 6.074253 -0.217881 0.030987 -0.009835
    33 0.245514 -0.661150 3.388004 -0.062937 0.072970 0.001286
    34 -0.717484 -3.784271 13.043911 -0.547787 -0.189659 1.450938
    35 1.099216 -1.407745 8.017889 -0.367076 -0.016779 0.002974
    36 0.068439 -0.807653 3.686054 -0.050779 -0.015260 -0.003232
    37 -4.004929 6.172707 4.754754 0.175213 1.023471 2.610453
    38 0.158352 -1.149811 5.804394 -0.341511 -0.212149 0.213570
    39 -1.083523 -1.463142 5.544399 -0.251268 -0.091005 0.045091
    40 -6.289886 0.932434 13.569063 -0.126803 0.612110 2.869610
    41 1.327774 -0.766687 12.396328 -0.096574 0.011532 -0.809443
    42 -0.096140 1.828087 23.185329 0.004131 -0.051984 -1.570724
    43 2.325478 -0.000003 6.169296 0.052188 0.006721 1.842213
    44 0.000000 -3.152912 0.122169 1.961017 0.000000 0.000000
    45 1.068383 -10.478592 7.066338 0.292219 -1.282324 -3.141588
    46 0.000000 0.000000 2.279457 0.547137 -0.343566 0.107833
    47 2.479414 -8.323895 6.074242 -0.008855 0.018424 1.561494
    48 0.000003 -5.075260 5.105362 0.000000 0.000000 0.000000
    49 -1.068383 -10.478611 7.065971 0.292219 1.282324 3.141588
    50 -0.000488 0.000015 2.279600 0.547136 0.343566 0.107835
    51 -2.479401 -8.323895 6.074234 0.008392 0.017844 1.568027
    52 -5.790000 4.432083 14.255558 -3.465290 1.511020 -0.267133
    53 1.044540 -2.839314 19.743252 -0.704050 1.065351 -0.415798
    54 -2.655510 -1.533379 24.792648 -0.555971 -0.088289 0.371742
    55 -1.120216 -0.154385 9.795983 -0.006513 -0.000713 0.056712
    56 -2.240372 -0.308788 19.592047 -0.006801 0.026935 0.114292
    57 -0.683205 2.877342 14.167089 -0.738031 0.163387 -1.424634
    58 -0.144958 -0.145317 7.579308 -0.659984 0.179629 0.007669
    59 -0.038551 -0.936644 4.697678 -0.493436 0.097479 -0.015610
    60 -0.506317 8.500896 13.617329 -0.591307 0.068789 -1.307733
    61 0.385056 -0.460075 7.003435 -0.399361 0.311098 0.050345
    62 -0.456360 -0.710276 5.057732 -0.218512 0.130322 -0.003734
    63 2.452194 -8.899408 11.597939 -1.090884 0.145349 -1.506498
    64 -0.680515 -0.903999 6.074242 -0.917050 -0.113060 -0.027141
    65 -0.248295 -0.666843 3.386627 -0.769891 -0.120173 0.043278
    66 0.717491 -3.784309 13.044010 -0.979347 0.126082 -1.477618
    67 -1.099228 -1.407673 8.017876 -0.878597 -0.000731 0.001758
    68 -0.064053 -0.807640 3.686100 -0.562187 -0.002416 -0.007192
    69 4.004906 6.172710 4.754800 -0.014982 -0.989457 -2.569679
    70 -0.158381 -1.149773 5.804405 -0.513825 0.334454 0.249102
    71 1.078559 -2.386406 5.215008 -0.424135 0.202686 0.106274
    72 6.289963 0.932404 13.569109 -0.126801 -0.612098 -2.869612
    73 -1.327759 -0.766682 12.396324 -0.022996 -0.010321 0.204218
    74 0.000017 -54.999996 0.000000 0.000000 0.000000 -1.570796
  time 11
    0 0.000000 0.000000 -1.500000 0.000000 0.000000 0.000000
    1 -10.521344 -5.760963 66.994621 3.097005 -0.050653 -3.139334
    2 -6.409981 6.566667 4.815519 0.116995 0.246270 0.683624
    3 -0.000034 0.000012 24.761454 -0.680159 -0.079016 0.091948
    4 0.000017 0.000000 24.344809 1.470846 -0.221385 -0.066836
    5 0.002333 -1.019846 24.031336 0.389660 -0.042698 0.017213
    6 0.000034 0.000008 13.404741 -0.000001 -0.000009 0.036236
    7 10.398263 -5.760962 66.994675 3.097005 0.050653 3.139334
    8 -1.961164 -5.671482 4.170517 0.241888 -0.294908 0.553000
    9 -0.000004 -0.000006 24.761459 -0.794752 0.092290 -0.431053
    10 -0.000007 0.000004 24.344891 1.438999 0.130103 0.024096
    11 -0.002360 -1.019903 24.031330 0.389594 -0.042695 -0.017219
    12 0.000000 -0.000002 13.404737 0.000001 0.000005 -0.200289
    13 -0.061540 -5.245835 72.927078 0.000000 0.000000 0.000000
    14 4.946787 1.366944 -4.737106 -0.126469 0.020374 -0.638551
    15 0.000000 -0.005608 -1.146812 -0.041653 -0.045961 0.005742
    16 0.030770 -0.240000 8.906021 -0.004138 0.000000 0.000000
    17 -0.019509 -2.569535 -0.519945 0.434898 -0.058447 0.096765
    18 0.030770 -0.276858 8.905140 0.056125 0.004134 -0.000049
    19 0.244836 0.454015 0.037888 -0.063910 0.078481 -0.002062
    20 5.669724 4.435303 14.302868 0.791692 -1.520947 1.994303
    21 -1.044571 -2.839317 19.743267 -0.511972 -0.041063 0.036700
    22 2.655533 -1.533369 24.792658 -0.509437 0.024133 -1.572859
    23 1.120163 -0.154394 9.796035 -0.069060 -0.011958 -0.616979
    24 2.240311 -0.308786 19.592051 -0.121714 0.202710 -1.270180
    25 0.683151 2.877354 14.167051 -0.384835 -0.112119 1.385637
    26 0.144936 -0.145374 7.579252 -0.282920 -0.093661 0.030282
    27 0.091660 -0.906685 4.702850 -0.119716 -0.007628 -0.003440
    28 0.506271 8.500866 13.617253 -0.389084 0.014228 1.282307
    29 -0.384987 -0.460049 7.003448 -0.191530 -0.216087 0.063934
    30 0.561516 -0.596954 5.061852 -0.020246 -0.027905 -0.001987
    31 -2.452171 -8.899406 11.597897 -0.464270 -0.242405 1.493094
    32 0.680496 -0.903999 6.074253 -0.165734 0.026589 -0.013550
    33 0.245514 -0.661150 3.388004 -0.010372 0.069159 0.003300
    34 -0.717484 -3.784271 13.043911 -0.488611 -0.196970 1.445129
    35 1.099216 -1.407745 8.017889 -0.314571 -0.018817 0.002267
    36 0.068439 -0.807653 3.686054 0.001709 -0.016914 -0.004383
    37 -4.004929 6.172707 4.754754 0.172871 1.019897 2.607965
    38 0.158352 -1.149811 5.804394 -0.341469 -0.212149 0.213570
    39 -1.083523 -1.463142 5.544399 -0.251268 -0.091005 0.045063
    40 -6.289886 0.932434 13.569063 -0.126803 0.612110 2.869610
    41 1.327774 -0.766687 12.396328 -0.105982 0.008356 -0.889788
    42 -0.096140 1.828087 23.185329 0.004131 -0.051984 -1.570724
    43 2.325478 -0.000003 6.169296 0.025018 0.006171 1.825171
    44 0.000000 -3.152912 0.122169 1.961017 0.000000 0.000000
    45 1.068383 -10.478592 7.066338 0.292219 -1.282324 -3.141588
    46 0.000000 0.000000 2.279457 0.547137 -0.343566 0.107833
    47 2.479414 -8.323895 6.074242 -0.008148 -0.010644 1.579641
    48 0.000003 -5.075260 5.105362 0.000000 0.000000 0.000000
    49 -1.068383 -10.478611 7.065971 0.292219 1.282324 3.141588
    50 -0.000488 0.000015 2.279600 0.547136 0.343566 0.107835
    51 -2.479401 -8.323895 6.074234 0.009095 -0.011216 1.586326
    52 -5.790000 4.432083 14.255558 -3.590480 1.516129 -0.373105
    53 1.044540 -2.839314 19.743252 -0.688912 1.072855 -0.410464
    54 -2.655510 -1.533379 24.792648 -0.553455 -0.088535 0.396884
    55 -1.120216 -0.154385 9.795983 -0.007124 -0.000761 0.062071
    56 -2.240372 -0.308788 19.592047 -0.013369 0.027628 0.124431
    57 -0.683205 2.877342 14.167089 -0.738031 0.163387 -1.424634
    58 -0.144958 -0.145317 7.579308 -0.659984 0.179629 0.007669
    59 -0.038551 -0.936644 4.697678 -0.493436 0.097479 -0.015610
    60 -0.506317 8.500896 13.617329 -0.591307 0.068789 -1.307733
    61 0.385056 -0.460075 7.003435 -0.399361 0.311098 0.050345
    62 -0.456360 -0.710276 5.057732 -0.218512 0.130322 -0.003734
    63 2.452194 -8.899408 11.597939 -1.090884 0.145349 -1.506498
    64 -0.680515 -0.903999 6.074242 -0.917050 -0.113060 -0.027141
    65 -0.248295 -0.666843 3.386627 -0.769891 -0.120173 0.043278
    66 0.717491 -3.784309 13.044010 -0.979347 0.126082 -1.477618
    67 -1.099228 -1.407673 8.017876 -0.878597 -0.000731 0.001758
    68 -0.064053 -0.807640 3.686100 -0.562187 -0.002416 -0.007192
    69 4.004906 6.172710 4.754800 -0.014982 -0.989457 -2.569679
    70 -0.158381 -1.149773 5.804405 -0.513825 0.334454 0.249131
    71 1.078559 -2.386406 5.215008 -0.424135 0.202686 0.106274
    72 6.289963 0.932404 13.569109 -0.126801 -0.612098 -2.869612
    73 -1.327759 -0.766682 12.396324 -0.023907 -0.010633 0.212083
    74 0.000017 -54.999996 0.000000 0.000000 0.000000 -1.570796
  time 12
    0 0.000000 0.000000 -1.500000 0.000000 0.000000 0.000000
    1 -10.521344 -5.760963 66.994621 3.097005 -0.050653 -3.139334
    2 -6.566235 6.898146 4.837944 0.140018 0.241399 0.721853
    3 -0.000034 0.000012 24.761454 -0.693859 -0.080586 0.057745
    4 0.000017 0.000000 24.344809 1.470292 -0.217990 -0.066663
    5 0.002333 -1.019846 24.031336 0.389660 -0.042698 0.017213
    6 0.000034 0.000008 13.404741 -0.000001 -0.000009 0.018285
    7 10.398263 -5.760962 66.994675 3.097005 0.050653 3.139334
    8 -1.644748 -5.983717 4.148037 0.217916 -0.302773 0.592113
    9 -0.000004 -0.000006 24.761459 -0.785898 0.091247 -0.465218
    10 -0.000007 0.000004 24.344891 1.442226 0.136080 0.026513
    11 -0.002360 -1.019903 24.031330 0.389594 -0.042695 -0.017219
    12 0.000000 -0.000002 13.404737 0.000001 0.000005 -0.217336
    13 -0.061540 -5.245835 72.927078 0.000000 0.000000 0.000000
    14 4.896005 1.343652 -4.737106 -0.126693 0.015471 -0.674944
    15 0.000000 -0.005608 -1.146812 -0.038496 -0.041789 0.005090
    16 0.030770 -0.240000 8.906021 -0.004138 0.000000 0.000000
    17 -0.046853 -2.557816 -0.516039 0.434540 -0.055345 0.082589
    18 0.030770 -0.276858 8.905140 0.056125 0.004134 -0.000049
    19 0.237023 0.493078 0.033982 -0.078851 0.075992 -0.004376
    20 5.669724 4.435303 14.302868 -0.003144 -1.472253 2.773238
    21 -1.044571 -2.839317 19.743267 -0.383458 0.085692 0.049870
    22 2.655533 -1.533369 24.792658 -0.488563 0.010261 -1.695623
    23 1.120163 -0.154394 9.796035 -0.068761 -0.011790 -0.613909
    24 2.240311 -0.308786 19.592051 -0.123498 0.326019 -1.289170
    25 0.683151 2.877354 14.167051 -0.310888 -0.100075 1.380067
    26 0.144936 -0.145374 7.579252 -0.223537 -0.082527 0.028448
    27 0.091660 -0.906685 4.702850 -0.060512 0.004045 -0.004314
    28 0.506271 8.500866 13.617253 -0.319176 0.043273 1.277838
    29 -0.384987 -0.460049 7.003448 -0.131382 -0.193412 0.056299
    30 0.561516 -0.596954 5.061852 0.038267 -0.003851 -0.003569
    31 -2.452171 -8.899406 11.597897 -0.389035 -0.251925 1.486973
    32 0.680496 -0.903999 6.074253 -0.105934 0.021759 -0.018104
    33 0.245514 -0.661150 3.388004 0.049862 0.064665 0.005349
    34 -0.717484 -3.784271 13.043911 -0.413385 -0.205706 1.437077
    35 1.099216 -1.407745 8.017889 -0.254304 -0.021082 0.001332
    36 0.068439 -0.807653 3.686054 0.061980 -0.018748 -0.005785
    37 -4.004929 6.172707 4.754754 0.169178 1.014264 2.603755
    38 0.158352 -1.149811 5.804394 -0.341469 -0.212149 0.213570
    39 -1.083523 -1.463142 5.544399 -0.251268 -0.091005 0.045063
    40 -6.289886 0.932434 13.569063 -0.126803 0.612110 2.869610
    41 1.327774 -0.766687 12.396328 -0.113316 0.005288 -0.954265
    42 -0.096140 1.828087 23.185329 0.004131 -0.051984 -1.570724
    43 2.325478 -0.000003 6.169296 -0.009887 0.002988 1.800026
    44 0.000000 -3.152912 0.122169 1.961017 0.000000 0.000000
    45 1.068383 -10.478592 7.066338 0.292219 -1.282324 -3.141588
    46 0.000000 0.000000 2.279457 0.547137 -0.343566 0.107833
    47 2.479414 -8.323895 6.074242 -0.007088 -0.048165 1.606765
    48 0.000003 -5.075260 5.105362 0.000000 0.000000 0.000000
    49 -1.068383 -10.478611 7.065971 0.292219 1.282324 3.141588
    50 -0.000488 0.000015 2.279600 0.547136 0.343566 0.107835
    51 -2.479401 -8.323895 6.074234 0.010240 -0.048639 1.613536
    52 -5.790000 4.432083 14.255558 -3.762161 1.518995 -0.526122
    53 1.044540 -2.839314 19.743252 -0.658635 1.083115 -0.397183
    54 -2.655510 -1.533379 24.792648 -0.551040 -0.088638 0.415287
    55 -1.120216 -0.154385 9.795983 -0.007735 -0.000809 0.067458
    56 -2.240372 -0.308788 19.592047 -0.022228 0.028668 0.134226
    57 -0.683205 2.877342 14.167089 -0.738031 0.163387 -1.424634
    58 -0.144958 -0.145317 7.579308 -0.659984 0.179629 0.007669
    59 -0.038551 -0.936644 4.697678 -0.493436 0.097479 -0.015610
    60 -0.506317 8.500896 13.617329 -0.591307 0.068789 -1.307733
    61 0.385056 -0.460075 7.003435 -0.399361 0.311098 0.050345
    62 -0.456360 -0.710276 5.057732 -0.218512 0.130322 -0.003734
    63 2.452194 -8.899408 11.597939 -1.090884 0.145349 -1.506498
    64 -0.680515 -0.903999 6.074242 -0.917050 -0.113060 -0.027141
    65 -0.248295 -0.666843 3.386627 -0.769891 -0.120173 0.043278
    66 0.717491 -3.784309 13.044010 -0.979347 0.126082 -1.477618
    67 -1.099228 -1.407673 8.017876 -0.878597 -0.000731 0.001758
    68 -0.064053 -0.807640 3.686100 -0.562187 -0.002416 -0.007192
    69 4.004906 6.172710 4.754800 -0.014982 -0.989457 -2.569679
    70 -0.158381 -1.149773 5.804405 -0.513825 0.334454 0.249102
    71 1.078559 -2.386406 5.215008 -0.424135 0.202686 0.106274
    72 6.289963 0.932404 13.569109 -0.126801 -0.612098 -2.869612
    73 -1.327759 -0.766682 12.396324 -0.024278 -0.010741 0.215183
    74 0.000017 -54.999996 0.000000 0.000000 0.000000 -1.570796
  time 13
    0 0.000000 0.000000 -1.500000 0.000000 0.000000 0.000000
    1 -10.521344 -5.760963 66.994621 3.097005 -0.050653 -3.139334
    2 -6.745928 7.266455 4.860368 0.164613 0.234551 0.763445
    3 -0.000034 0.000012 24.761454 -0.707395 -0.082168 0.020325
    4 0.000017 0.000000 24.344809 1.468565 -0.214459 -0.066339
    5 0.002333 -1.019846 24.031336 0.389585 -0.042710 0.017201
    6 0.000034 0.000008 13.404741 -0.000001 -0.000009 -0.001247
    7 10.398263 -5.760962 66.994675 3.097005 0.050653 3.139334
    8 -1.281456 -6.270972 4.103076 0.190702 -0.310015 0.635599
    9 -0.000004 -0.000006 24.761459 -0.774513 0.089953 -0.502900
    10 -0.000007 0.000004 24.344891 1.444550 0.143124 0.029225
    11 -0.002360 -1.019903 24.031330 0.389594 -0.042695 -0.017219
    12 0.000000 -0.000002 13.404737 0.000001 0.000005 -0.236229
    13 -0.061540 -5.245835 72.927078 0.000000 0.000000 0.000000
    14 4.833503 1.343652 -4.737106 -0.127077 0.009363 -0.714519
    15 0.000000 -0.005608 -1.146812 -0.034445 -0.036440 0.004030
    16 0.030770 -0.240000 8.906021 -0.004138 0.000000 0.000000
    17 -0.074198 -2.546097 -0.512133 0.434014 -0.051496 0.064858
    18 0.030770 -0.276858 8.905140 0.056125 0.004134 -0.000049
    19 0.225304 0.543861 0.030075 -0.096759 0.073544 -0.007312
    20 5.669724 4.435303 14.302868 -0.243269 -1.395160 3.004293
    21 -1.044571 -2.839317 19.743267 -0.246627 0.188129 0.078663
    22 2.655533 -1.533369 24.792658 -0.470380 -0.000652 -1.788221
    23 1.120163 -0.154394 9.796035 -0.068437 -0.011635 -0.610873
    24 2.240311 -0.308786 19.592051 -0.135335 0.412539 -1.307171
    25 0.683151 2.877354 14.167051 -0.236776 -0.087683 1.375471
    26 0.144936 -0.145374 7.579252 -0.170985 -0.072604 0.027357
    27 0.091660 -0.906685 4.702850 -0.008131 0.014400 -0.004506
    28 0.506271 8.500866 13.617253 -0.248403 0.072581 1.275650
    29 -0.384987 -0.460049 7.003448 -0.077209 -0.172523 0.050643
    30 0.561516 -0.596954 5.061852 0.091319 0.017997 -0.003797
    31 -2.452171 -8.899406 11.597897 -0.313142 -0.260748 1.479913
    32 0.680496 -0.903999 6.074253 -0.052955 0.017732 -0.022359
    33 0.245514 -0.661150 3.388004 0.103119 0.060590 0.006943
    34 -0.717484 -3.784271 13.043911 -0.337586 -0.213772 1.428226
    35 1.099216 -1.407745 8.017889 -0.200906 -0.023023 0.000385
    36 0.068439 -0.807653 3.686054 0.115392 -0.020282 -0.007127
    37 -4.004929 6.172707 4.754754 0.164404 1.006800 2.598397
    38 0.158352 -1.149811 5.804394 -0.341469 -0.212149 0.213570
    39 -1.083523 -1.463142 5.544399 -0.251268 -0.091005 0.045091
    40 -6.289886 0.932434 13.569063 -0.126803 0.612110 2.869610
    41 1.327774 -0.766687 12.396328 -0.118074 0.002975 -0.997049
    42 -0.096140 1.828087 23.185329 0.004131 -0.051984 -1.570724
    43 2.325478 -0.000003 6.169296 -0.048756 -0.003957 1.766300
    44 0.000000 -3.152912 0.122169 1.961017 0.000000 0.000000
    45 1.068383 -10.478592 7.066338 0.292219 -1.282324 -3.141588
    46 0.000000 0.000000 2.279457 0.547137 -0.343566 0.107833
    47 2.479414 -8.323895 6.074242 -0.005565 -0.090335 1.643249
    48 0.000003 -5.075260 5.105362 0.000000 0.000000 0.000000
    49 -1.068383 -10.478611 7.065971 0.292219 1.282324 3.141588
    50 -0.000488 0.000015 2.279600 0.547136 0.343566 0.107835
    51 -2.479401 -8.323895 6.074234 0.011746 -0.090456 1.649751
    52 -5.790000 4.432083 14.255558 -3.957903 1.519161 -0.704051
    53 1.044540 -2.839314 19.743252 -0.617449 1.095029 -0.377479
    54 -2.655510 -1.533379 24.792648 -0.548523 -0.088664 0.427404
    55 -1.120216 -0.154385 9.795983 -0.008346 -0.000845 0.072708
    56 -2.240372 -0.308788 19.592047 -0.032766 0.029707 0.143677
    57 -0.683205 2.877342 14.167089 -0.738031 0.163387 -1.424634
    58 -0.144958 -0.145317 7.579308 -0.659984 0.179629 0.007669
    59 -0.038551 -0.936644 4.697678 -0.493436 0.097479 -0.015610
    60 -0.506317 8.500896 13.617329 -0.591307 0.068789 -1.307733
    61 0.385056 -0.460075 7.003435 -0.399361 0.311098 0.050345
    62 -0.456360 -0.710276 5.057732 -0.218512 0.130322 -0.003734
    63 2.452194 -8.899408 11.597939 -1.090884 0.145349 -1.506498
    64 -0.680515 -0.903999 6.074242 -0.917050 -0.113060 -0.027141
    65 -0.248295 -0.666843 3.386627 -0.769891 -0.120173 0.043278
    66 0.717491 -3.784309 13.044010 -0.979347 0.126082 -1.477618
    67 -1.099228 -1.407673 8.017876 -0.878597 -0.000731 0.001758
    68 -0.064053 -0.807640 3.686100 -0.562187 -0.002416 -0.007192
    69 4.004906 6.172710 4.754800 -0.014982 -0.989457 -2.569679
    70 -0.158381 -1.149773 5.804405 -0.513825 0.334454 0.249102
    71 1.078559 -2.386406 5.215008 -0.424135 0.202686 0.106274
    72 6.289963 0.932404 13.569109 -0.126801 -0.612098 -2.869612
    73 -1.327759 -0.766682 12.396324 -0.024170 -0.010717 0.214304
    74 0.000017 -54.999996 0.000000 0.000000 0.000000 -1.570796
  time 14
    0 0.000000 0.000000 -1.500000 0.000000 0.000000 0.000000
    1 -10.521344 -5.760963 66.994621 3.097005 -0.050653 -3.139334
    2 -6.949059 7.634765 4.860368 0.189003 0.225950 0.806087
    3 -0.000034 0.000012 24.761454 -0.719753 -0.083594 -0.018358
    4 0.000017 0.000000 24.344809 1.465791 -0.210995 -0.065950
    5 0.002333 -1.019846 24.031336 0.389585 -0.042710 0.017201
    6 0.000034 0.000008 13.404741 -0.000001 -0.000009 -0.021455
    7 10.398263 -5.760962 66.994675 3.097005 0.050653 3.139334
    8 -0.890819 -6.570717 4.058116 0.161697 -0.316015 0.681313
    9 -0.000004 -0.000006 24.761459 -0.761259 0.088407 -0.542053
    10 -0.000007 0.000004 24.344891 1.445711 0.150834 0.032062
    11 -0.002360 -1.019903 24.031330 0.389594 -0.042695 -0.017219
    12 0.000000 -0.000002 13.404737 0.000001 0.000005 -0.255938
    13 -0.061540 -5.245835 72.927078 0.000000 0.000000 0.000000
    14 4.763188 1.343652 -4.737106 -0.127589 0.002498 -0.755235
    15 0.000000 -0.005608 -1.146812 -0.029820 -0.030244 0.002753
    16 0.030770 -0.240000 8.906021 -0.004138 0.000000 0.000000
    17 -0.109355 -2.530471 -0.504320 0.433382 -0.046951 0.044332
    18 0.030770 -0.276858 8.905140 0.056125 0.004134 -0.000049
    19 0.221398 0.594644 0.026169 -0.116276 0.071096 -0.010655
    20 5.669724 4.435303 14.302868 -0.340123 -1.309364 3.098018
    21 -1.044571 -2.839317 19.743267 -0.114885 0.267083 0.113858
    22 2.655533 -1.533369 24.792658 -0.463393 -0.007761 -1.847581
    23 1.120163 -0.154394 9.796035 -0.068198 -0.011515 -0.608459
    24 2.240311 -0.308786 19.592051 -0.160707 0.416821 -1.312076
    25 0.683151 2.877354 14.167051 -0.176927 -0.077604 1.372574
    26 0.144936 -0.145374 7.579252 -0.134417 -0.065665 0.026926
    27 0.091660 -0.906685 4.702850 0.028362 0.021639 -0.004326
    28 0.506271 8.500866 13.617253 -0.190043 0.096177 1.275743
    29 -0.384987 -0.460049 7.003448 -0.037763 -0.157051 0.047227
    30 0.561516 -0.596954 5.061852 0.130161 0.033973 -0.003222
    31 -2.452171 -8.899406 11.597897 -0.251426 -0.267002 1.473390
    32 0.680496 -0.903999 6.074253 -0.016036 0.015072 -0.025463
    33 0.245514 -0.661150 3.388004 0.140239 0.057701 0.007914
    34 -0.717484 -3.784271 13.043911 -0.276029 -0.219596 1.420512
    35 1.099216 -1.407745 8.017889 -0.163729 -0.024366 -0.000334
    36 0.068439 -0.807653 3.686054 0.152563 -0.021313 -0.008110
    37 -4.004929 6.172707 4.754754 0.158729 0.997752 2.592273
    38 0.158352 -1.149811 5.804394 -0.341469 -0.212149 0.213570
    39 -1.083523 -1.463142 5.544399 -0.251268 -0.091005 0.045063
    40 -6.289886 0.932434 13.569063 -0.126803 0.612110 2.869610
    41 1.327774 -0.766687 12.396328 -0.120255 0.001837 -1.016985
    42 -0.096140 1.828087 23.185329 0.004131 -0.051984 -1.570724
    43 2.325478 -0.000003 6.169296 -0.087720 -0.015677 1.723553
    44 0.000000 -3.152912 0.122169 1.961017 0.000000 0.000000
    45 1.068383 -10.478592 7.066338 0.292219 -1.282324 -3.141588
    46 0.000000 0.000000 2.279457 0.547137 -0.343566 0.107833
    47 2.479414 -8.323895 6.074242 -0.003662 -0.133350 1.689857
    48 0.000003 -5.075260 5.105362 0.000000 0.000000 0.000000
    49 -1.068383 -10.478611 7.065971 0.292219 1.282324 3.141588
    50 -0.000488 0.000015 2.279600 0.547136 0.343566 0.107835
    51 -2.479401 -8.323895 6.074234 0.013694 -0.132840 1.696313
    52 -5.790000 4.432083 14.255558 -4.145880 1.516669 -0.875273
    53 1.044540 -2.839314 19.743252 -0.569752 1.107451 -0.353149
    54 -2.655510 -1.533379 24.792648 -0.545604 -0.088625 0.433689
    55 -1.120216 -0.154385 9.795983 -0.008958 -0.000881 0.077877
    56 -2.240372 -0.308788 19.592047 -0.044068 0.030895 0.152784
    57 -0.683205 2.877342 14.167089 -0.738031 0.163387 -1.424634
    58 -0.144958 -0.145317 7.579308 -0.659984 0.179629 0.007669
    59 -0.038551 -0.936644 4.697678 -0.493436 0.097479 -0.015598
    60 -0.506317 8.500896 13.617329 -0.591307 0.068789 -1.307733
    61 0.385056 -0.460075 7.003435 -0.399361 0.311098 0.050345
    62 -0.456360 -0.710276 5.057732 -0.218512 0.130322 -0.003734
    63 2.452194 -8.899408 11.597939 -1.090884 0.145349 -1.506498
    64 -0.680515 -0.903999 6.074242 -0.917050 -0.113060 -0.027141
    65 -0.248295 -0.666843 3.386627 -0.769891 -0.120173 0.043278
    66 0.717491 -3.784309 13.044010 -0.979347 0.126082 -1.477618
    67 -1.099228 -1.407673 8.017876 -0.878597 -0.000731 0.001758
    68 -0.064053 -0.807640 3.686100 -0.562187 -0.002416 -0.007192
    69 4.004906 6.172710 4.754800 -0.014982 -0.989457 -2.569679
    70 -0.158381 -1.149773 5.804405 -0.513825 0.334454 0.249102
    71 1.078559 -2.386406 5.215008 -0.424135 0.202686 0.106274
    72 6.289963 0.932404 13.569109 -0.126801 -0.612098 -2.869612
    73 -1.327759 -0.766682 12.396324 -0.023727 -0.010549 0.210371
    74 0.000017 -54.999996 0.000000 0.000000 0.000000 -1.570796
  time 15
    0 0.000000 0.000000 -1.500000 0.000000 0.000000 0.000000
    1 -10.521344 -5.760963 66.994621 3.097005 -0.050653 -3.139334
    2 -7.152191 8.015352 4.860368 0.211753 0.216069 0.847505
    3 -0.000034 0.000012 24.761454 -0.730119 -0.084780 -0.056225
    4 0.000017 0.000000 24.344809 1.461784 -0.207827 -0.065388
    5 0.002333 -1.019846 24.031336 0.389585 -0.042710 0.017201
    6 0.000034 0.000008 13.404741 -0.000001 -0.000009 -0.041219
    7 10.398263 -5.760962 66.994675 3.097005 0.050653 3.139334
    8 -0.488463 -6.820505 4.013156 0.132350 -0.320221 0.726945
    9 -0.000004 -0.000006 24.761459 -0.746355 0.086669 -0.580776
    10 -0.000007 0.000004 24.344891 1.445260 0.158967 0.034879
    11 -0.002360 -1.019903 24.031330 0.389594 -0.042695 -0.017219
    12 0.000000 -0.000002 13.404737 0.000001 0.000005 -0.275518
    13 -0.061540 -5.245835 72.927078 0.000000 0.000000 0.000000
    14 4.685061 1.355298 -4.714575 -0.128325 -0.004642 -0.794991
    15 0.000000 -0.005608 -1.146812 -0.024875 -0.023563 0.001204
    16 0.030770 -0.240000 8.906021 -0.004138 0.000000 0.000000
    17 -0.136700 -2.518752 -0.496507 0.432730 -0.041773 0.022009
    18 0.030770 -0.276858 8.905140 0.056125 0.004134 -0.000049
    19 0.213585 0.645427 0.018356 -0.135793 0.068606 -0.014275
    20 5.669724 4.435303 14.302868 -0.387498 -1.222617 3.147852
    21 -1.044571 -2.839317 19.743267 -0.000557 0.327408 0.147981
    22 2.655533 -1.533369 24.792658 -0.512909 -0.010297 -1.871843
    23 1.120163 -0.154394 9.796035 -0.068066 -0.011443 -0.607045
    24 2.240311 -0.308786 19.592051 -0.209752 0.294893 -1.286994
    25 0.683151 2.877354 14.167051 -0.145110 -0.072522 1.371450
    26 0.144936 -0.145374 7.579252 -0.119827 -0.062884 0.026818
    27 0.091660 -0.906685 4.702850 0.042876 0.024503 -0.004195
    28 0.506271 8.500866 13.617253 -0.157374 0.108238 1.276945
    29 -0.384987 -0.460049 7.003448 -0.018733 -0.149500 0.045801
    30 0.561516 -0.596954 5.061852 0.148976 0.041703 -0.002706
    31 -2.452171 -8.899406 11.597897 -0.218567 -0.269212 1.469283
    32 0.680496 -0.903999 6.074253 -0.001284 0.014029 -0.026709
    33 0.245514 -0.661150 3.388004 0.155098 0.056527 0.008261
    34 -0.717484 -3.784271 13.043911 -0.243311 -0.222161 1.416102
    35 1.099216 -1.407745 8.017889 -0.148905 -0.024893 -0.000621
    36 0.068439 -0.807653 3.686054 0.167418 -0.021696 -0.008518
    37 -4.004929 6.172707 4.754754 0.152424 0.987312 2.585289
    38 0.158352 -1.149811 5.804394 -0.341511 -0.212149 0.213570
    39 -1.083523 -1.463142 5.544399 -0.251268 -0.091005 0.045063
    40 -6.289886 0.932434 13.569063 -0.126803 0.612110 2.869610
    41 1.327774 -0.766687 12.396328 -0.120351 0.001789 -1.017889
    42 -0.096140 1.828087 23.185329 0.004131 -0.051984 -1.570724
    43 2.325478 -0.000003 6.169296 -0.122483 -0.032721 1.671068
    44 0.000000 -3.152912 0.122169 1.961017 0.000000 0.000000
    45 1.068383 -10.478592 7.066338 0.292219 -1.282324 -3.141588
    46 0.000000 0.000000 2.279457 0.547137 -0.343566 0.107833
    47 2.479414 -8.323895 6.074242 -0.001270 -0.173454 1.747639
    48 0.000003 -5.075260 5.105362 0.000000 0.000000 0.000000
    49 -1.068383 -10.478611 7.065971 0.292219 1.282324 3.141588
    50 -0.000488 0.000015 2.279600 0.547136 0.343566 0.107835
    51 -2.479401 -8.323895 6.074234 0.016084 -0.172153 1.753797
    52 -5.790000 4.432083 14.255558 -4.301552 1.512017 -1.016313
    53 1.044540 -2.839314 19.743252 -0.519661 1.119492 -0.326369
    54 -2.655510 -1.533379 24.792648 -0.542031 -0.088535 0.434825
    55 -1.120216 -0.154385 9.795983 -0.009533 -0.000917 0.082828
    56 -2.240372 -0.308788 19.592047 -0.055905 0.032083 0.161376
    57 -0.683205 2.877342 14.167089 -0.738031 0.163387 -1.424634
    58 -0.144958 -0.145317 7.579308 -0.659984 0.179629 0.007669
    59 -0.038551 -0.936644 4.697678 -0.493436 0.097479 -0.015610
    60 -0.506317 8.500896 13.617329 -0.591307 0.068789 -1.307733
    61 0.385056 -0.460075 7.003435 -0.399361 0.311098 0.050345
    62 -0.456360 -0.710276 5.057732 -0.218512 0.130322 -0.003734
    63 2.452194 -8.899408 11.597939 -1.090884 0.145349 -1.506498
    64 -0.680515 -0.903999 6.074242 -0.917050 -0.113060 -0.027141
    65 -0.248295 -0.666843 3.386627 -0.769891 -0.120173 0.043278
    66 0.717491 -3.784309 13.044010 -0.979347 0.126082 -1.477618
    67 -1.099228 -1.407673 8.017876 -0.878597 -0.000731 0.001758
    68 -0.064053 -0.807640 3.686100 -0.562187 -0.002416 -0.007192
    69 4.004906 6.172710 4.754800 -0.014982 -0.989457 -2.569679
    70 -0.158381 -1.149773 5.804405 -0.513825 0.334454 0.249102
    71 1.078559 -2.386406 5.215008 -0.424135 0.202686 0.106274
    72 6.289963 0.932404 13.569109 -0.126801 -0.612098 -2.869612
    73 -1.327759 -0.766682 12.396324 -0.023008 -0.010321 0.204172
    74 0.000017 -54.999996 0.000000 0.000000 0.000000 -1.570796
  time 16
    0 0.000000 0.000000 -1.500000 0.000000 0.000000 0.000000
    1 -10.521344 -5.760963 66.994621 3.097005 -0.050653 -3.139334
    2 -7.347509 8.359108 4.837944 0.231497 0.205519 0.885428
    3 -0.000034 0.000012 24.761454 -0.737721 -0.085667 -0.091284
    4 0.000017 0.000000 24.344809 1.456852 -0.204907 -0.064740
    5 0.002333 -1.019846 24.031336 0.389585 -0.042698 0.017213
    6 0.000034 0.000008 13.404741 -0.000001 -0.000009 -0.059465
    7 10.398263 -5.760962 66.994675 3.097005 0.050653 3.139334
    8 -0.090013 -7.007845 3.945715 0.104539 -0.322599 0.769606
    9 -0.000004 -0.000006 24.761459 -0.730680 0.084859 -0.616843
    10 -0.000007 0.000004 24.344891 1.443452 0.167055 0.037506
    11 -0.002360 -1.019903 24.031330 0.389594 -0.042695 -0.017219
    12 0.000000 -0.000002 13.404737 0.000001 0.000005 -0.293896
    13 -0.061540 -5.245835 72.927078 0.000000 0.000000 0.000000
    14 4.603027 1.390235 -4.646981 -0.129189 -0.011713 -0.831443
    15 0.000000 -0.005608 -1.146812 -0.019899 -0.016645 -0.000481
    16 0.030770 -0.240000 8.906021 -0.004138 0.000000 0.000000
    17 -0.171857 -2.503127 -0.492601 0.432183 -0.036063 -0.001232
    18 0.030770 -0.276858 8.905140 0.056125 0.004134 -0.000049
    19 0.205772 0.688397 0.014450 -0.153880 0.066117 -0.017906
    20 5.669724 4.435303 14.302868 -0.411711 -1.141049 3.178806
    21 -1.044571 -2.839317 19.743267 0.088380 0.373434 0.176774
    22 2.655533 -1.533369 24.792658 -0.643315 -0.007031 -1.865535
    23 1.120163 -0.154394 9.796035 -0.067982 -0.011407 -0.606355
    24 2.240311 -0.308786 19.592051 -0.285126 0.080874 -1.226779
    25 0.683151 2.877354 14.167051 -0.157343 -0.075458 1.372324
    26 0.144936 -0.145374 7.579252 -0.134835 -0.065737 0.026938
    27 0.091660 -0.906685 4.702850 0.027950 0.021555 -0.004326
    28 0.506271 8.500866 13.617253 -0.165217 0.102372 1.277869
    29 -0.384987 -0.460049 7.003448 -0.027305 -0.152916 0.046436
    30 0.561516 -0.596954 5.061852 0.140443 0.038215 -0.002946
    31 -2.452171 -8.899406 11.597897 -0.230820 -0.265747 1.469740
    32 0.680496 -0.903999 6.074253 -0.016393 0.015096 -0.025415
    33 0.245514 -0.661150 3.388004 0.139920 0.057725 0.007902
    34 -0.717484 -3.784271 13.043911 -0.255922 -0.220196 1.417377
    35 1.099216 -1.407745 8.017889 -0.164117 -0.024354 -0.000322
    36 0.068439 -0.807653 3.686054 0.152208 -0.021301 -0.008098
    37 -4.004929 6.172707 4.754754 0.145848 0.975799 2.577825
    38 0.158352 -1.149811 5.804394 -0.341511 -0.212149 0.213570
    39 -1.083523 -1.463142 5.544399 -0.251268 -0.091005 0.045063
    40 -6.289886 0.932434 13.569063 -0.126803 0.612110 2.869610
    41 1.327774 -0.766687 12.396328 -0.119117 0.002448 -1.006490
    42 -0.096140 1.828087 23.185329 0.004131 -0.051984 -1.570724
    43 2.325478 -0.000003 6.169296 -0.148745 -0.054873 1.607447
    44 0.000000 -3.152912 0.122169 1.961017 0.000000 0.000000
    45 1.068383 -10.478592 7.066338 0.292219 -1.282324 -3.141588
    46 0.000000 0.000000 2.279457 0.547137 -0.343566 0.107833
    47 2.479414 -8.323895 6.074242 0.001775 -0.206795 1.818028
    48 0.000003 -5.075260 5.105362 0.000000 0.000000 0.000000
    49 -1.068383 -10.478611 7.065971 0.292219 1.282324 3.141588
    50 -0.000488 0.000015 2.279600 0.547136 0.343566 0.107835
    51 -2.479401 -8.323895 6.074234 0.018936 -0.204378 1.823448
    52 -5.790000 4.432083 14.255558 -4.416294 1.506368 -1.118644
    53 1.044540 -2.839314 19.743252 -0.472464 1.130091 -0.300052
    54 -2.655510 -1.533379 24.792648 -0.537502 -0.088380 0.431342
    55 -1.120216 -0.154385 9.795983 -0.010060 -0.000953 0.087535
    56 -2.240372 -0.308788 19.592047 -0.067131 0.032875 0.169539
    57 -0.683205 2.877342 14.167089 -0.738031 0.163387 -1.424634
    58 -0.144958 -0.145317 7.579308 -0.659984 0.179629 0.007669
    59 -0.038551 -0.936644 4.697678 -0.493436 0.097479 -0.015610
    60 -0.506317 8.500896 13.617329 -0.591307 0.068789 -1.307733
    61 0.385056 -0.460075 7.003435 -0.399361 0.311098 0.050345
    62 -0.456360 -0.710276 5.057732 -0.218512 0.130322 -0.003734
    63 2.452194 -8.899408 11.597939 -1.090884 0.145349 -1.506498
    64 -0.680515 -0.903999 6.074242 -0.917050 -0.113060 -0.027141
    65 -0.248295 -0.666843 3.386627 -0.769891 -0.120173 0.043278
    66 0.717491 -3.784309 13.044010 -0.979347 0.126082 -1.477618
    67 -1.099228 -1.407673 8.017876 -0.878597 -0.000731 0.001758
    68 -0.064053 -0.807640 3.686100 -0.562187 -0.002416 -0.007192
    69 4.004906 6.172710 4.754800 -0.014982 -0.989457 -2.569679
    70 -0.158381 -1.149773 5.804405 -0.513825 0.334454 0.249102
    71 1.078559 -2.386406 5.215008 -0.424135 0.202686 0.106274
    72 6.289963 0.932404 13.569109 -0.126801 -0.612098 -2.869612
    73 -1.327759 -0.766682 12.396324 -0.022109 -0.010022 0.196538
    74 0.000017 -54.999996 0.000000 0.000000 0.000000 -1.570796
  time 17
    0 0.000000 0.000000 -1.500000 0.000000 0.000000 0.000000
    1 -10.521344 -5.760963 66.994621 3.097005 -0.050653 -3.139334
    2 -7.511577 8.678309 4.815519 0.247279 0.195220 0.917802
    3 -0.000034 0.000012 24.761454 -0.742274 -0.086194 -0.121456
    4 0.000017 0.000000 24.344809 1.451428 -0.202281 -0.063962
    5 0.002333 -1.019846 24.031336 0.389660 -0.042698 0.017213
    6 0.000034 0.000008 13.404741 -0.000001 -0.000009 -0.075074
    7 10.398263 -5.760962 66.994675 3.097005 0.050653 3.139334
    8 0.273279 -7.157718 3.878275 0.079970 -0.323440 0.806738
    9 -0.000004 -0.000006 24.761459 -0.715006 0.083050 -0.648316
    10 -0.000007 0.000004 24.344891 1.440032 0.174654 0.039755
    11 -0.002360 -1.019903 24.031330 0.389594 -0.042695 -0.017219
    12 0.000000 -0.000002 13.404737 0.000001 0.000005 -0.310020
    13 -0.061540 -5.245835 72.927078 0.000000 0.000000 0.000000
    14 4.524899 1.436818 -4.624450 -0.130341 -0.018199 -0.862551
    15 0.000000 -0.005608 -1.146812 -0.015211 -0.009870 -0.002247
    16 0.030770 -0.240000 8.906021 -0.004138 0.000000 0.000000
    17 -0.199202 -2.491408 -0.488694 0.431762 -0.029821 -0.024633
    18 0.030770 -0.276858 8.905140 0.056125 0.004134 -0.000049
    19 0.197959 0.731367 0.014450 -0.169143 0.063669 -0.021406
    20 5.669724 4.435303 14.302868 -0.423004 -1.070228 3.199794
    21 -1.044571 -2.839317 19.743267 0.148895 0.406727 0.198179
    22 2.655533 -1.533369 24.792658 -0.831049 0.002960 -1.840707
    23 1.120163 -0.154394 9.796035 -0.067910 -0.011371 -0.605561
    24 2.240311 -0.308786 19.592051 -0.381563 -0.152945 -1.136656
    25 0.683151 2.877354 14.167051 -0.206220 -0.085022 1.375109
    26 0.144936 -0.145374 7.579252 -0.175678 -0.073491 0.027429
    27 0.091660 -0.906685 4.702850 -0.012801 0.013489 -0.004518
    28 0.506271 8.500866 13.617253 -0.207088 0.081523 1.278855
    29 -0.384987 -0.460049 7.003448 -0.060207 -0.165859 0.049097
    30 0.561516 -0.596954 5.061852 0.108063 0.024876 -0.003617
    31 -2.452171 -8.899406 11.597897 -0.280841 -0.257462 1.473793
    32 0.680496 -0.903999 6.074253 -0.057515 0.018356 -0.021952
    33 0.245514 -0.661150 3.388004 0.098326 0.060698 0.006751
    34 -0.717484 -3.784271 13.043911 -0.306322 -0.214275 1.423293
    35 1.099216 -1.407745 8.017889 -0.205640 -0.022856 0.000469
    36 0.068439 -0.807653 3.686054 0.110701 -0.020138 -0.007020
    37 -4.004929 6.172707 4.754754 0.138912 0.963424 2.570266
    38 0.158352 -1.149811 5.804394 -0.341469 -0.212149 0.213570
    39 -1.083523 -1.463142 5.544399 -0.251268 -0.091005 0.045063
    40 -6.289886 0.932434 13.569063 -0.126803 0.612110 2.869610
    41 1.327774 -0.766687 12.396328 -0.117307 0.003371 -0.990220
    42 -0.096140 1.828087 23.185329 0.004131 -0.051984 -1.570724
    43 2.325478 -0.000003 6.169296 -0.167320 -0.088166 1.515409
    44 0.000000 -3.152912 0.122169 1.961017 0.000000 0.000000
    45 1.068383 -10.478592 7.066338 0.292219 -1.282324 -3.141588
    46 0.000000 0.000000 2.279457 0.547137 -0.343566 0.107833
    47 2.479414 -8.323895 6.074242 0.006179 -0.238071 1.919935
    48 0.000003 -5.075260 5.105362 0.000000 0.000000 0.000000
    49 -1.068383 -10.478611 7.065971 0.292219 1.282324 3.141588
    50 -0.000488 0.000015 2.279600 0.547136 0.343566 0.107835
    51 -2.479401 -8.323895 6.074234 0.022832 -0.234099 1.924141
    52 -5.790000 4.432083 14.255558 -4.491830 1.500511 -1.184948
    53 1.044540 -2.839314 19.743252 -0.433616 1.138698 -0.277735
    54 -2.655510 -1.533379 24.792648 -0.531815 -0.088160 0.423996
    55 -1.120216 -0.154385 9.795983 -0.010563 -0.000977 0.091914
    56 -2.240372 -0.308788 19.592047 -0.077288 0.033271 0.177014
    57 -0.683205 2.877342 14.167089 -0.738031 0.163387 -1.424634
    58 -0.144958 -0.145317 7.579308 -0.659984 0.179629 0.007669
    59 -0.038551 -0.936644 4.697678 -0.493436 0.097467 -0.015610
    60 -0.506317 8.500896 13.617329 -0.591307 0.068789 -1.307733
    61 0.385056 -0.460075 7.003435 -0.399361 0.311098 0.050345
    62 -0.456360 -0.710276 5.057732 -0.218512 0.130322 -0.003734
    63 2.452194 -8.899408 11.597939 -1.090884 0.145349 -1.506498
    64 -0.680515 -0.903999 6.074242 -0.917050 -0.113060 -0.027141
    65 -0.248295 -0.666843 3.386627 -0.769891 -0.120173 0.043278
    66 0.717491 -3.784309 13.044010 -0.979347 0.126082 -1.477618
    67 -1.099228 -1.407673 8.017876 -0.878597 -0.000731 0.001758
    68 -0.064053 -0.807640 3.686100 -0.562187 -0.002416 -0.007192
    69 4.004906 6.172710 4.754800 -0.014982 -0.989457 -2.569679
    70 -0.158381 -1.149773 5.804405 -0.513825 0.334454 0.249102
    71 1.078559 -2.386406 5.215008 -0.424135 0.202686 0.106274
    72 6.289963 0.932404 13.569109 -0.126801 -0.612098 -2.869612
    73 -1.327759 -0.766682 12.396324 -0.021102 -0.009674 0.188118
    74 0.000017 -54.999996 0.000000 0.000000 0.000000 -1.570796
  time 18
    0 0.000000 0.000000 -1.500000 0.000000 0.000000 0.000000
    1 -10.521344 -5.760963 66.994621 3.097005 -0.050653 -3.139334
    2 -7.624861 8.948403 4.770670 0.258142 0.186146 0.942574
    3 -0.000034 0.000012 24.761454 -0.743494 -0.086326 -0.144584
    4 0.000017 0.000000 24.344809 1.445571 -0.199769 -0.062990
    5 0.002333 -1.019846 24.031336 0.389660 -0.042698 0.017201
    6 0.000034 0.000008 13.404741 -0.000001 -0.000009 -0.086992
    7 10.398263 -5.760962 66.994675 3.097005 0.050653 3.139334
    8 0.566257 -7.232654 3.810834 0.060007 -0.323258 0.835949
    9 -0.000004 -0.000006 24.761459 -0.700322 0.081348 -0.672899
    10 -0.000007 0.000004 24.344891 1.435385 0.181254 0.041521
    11 -0.002360 -1.019903 24.031330 0.389594 -0.042695 -0.017219
    12 0.000000 -0.000002 13.404737 0.000001 0.000005 -0.322708
    13 -0.061540 -5.245835 72.927078 0.000000 0.000000 0.000000
    14 4.442866 1.506692 -4.556857 -0.131749 -0.023739 -0.886152
    15 0.000000 -0.005608 -1.146812 -0.010968 -0.003501 -0.004177
    16 0.030770 -0.240000 8.906021 -0.004138 0.000000 0.000000
    17 -0.226546 -2.483595 -0.480882 0.431594 -0.023048 -0.047196
    18 0.030770 -0.276858 8.905140 0.056125 0.004134 -0.000049
    19 0.194053 0.754805 0.006637 -0.179938 0.061180 -0.024546
    20 5.669724 4.435303 14.302868 -0.426163 -1.015649 3.214360
    21 -1.044571 -2.839317 19.743267 0.181280 0.425722 0.210503
    22 2.655533 -1.533369 24.792658 -1.052241 0.019945 -1.809733
    23 1.120163 -0.154394 9.796035 -0.067742 -0.011275 -0.604113
    24 2.240311 -0.308786 19.592051 -0.483483 -0.338554 -1.035969
    25 0.683151 2.877354 14.167051 -0.271775 -0.097354 1.379355
    26 0.144936 -0.145374 7.579252 -0.231715 -0.084073 0.028664
    27 0.091660 -0.906685 4.702850 -0.068708 0.002427 -0.004243
    28 0.506271 8.500866 13.617253 -0.263904 0.053972 1.281074
    29 -0.384987 -0.460049 7.003448 -0.107479 -0.184268 0.053675
    30 0.561516 -0.596954 5.061852 0.061616 0.005748 -0.003821
    31 -2.452171 -8.899406 11.597897 -0.347519 -0.246587 1.478920
    32 0.680496 -0.903999 6.074253 -0.113944 0.022478 -0.017469
    33 0.245514 -0.661150 3.388004 0.041181 0.065228 0.005061
    34 -0.717484 -3.784271 13.043911 -0.373435 -0.206174 1.430869
    35 1.099216 -1.407745 8.017889 -0.262609 -0.020758 0.001476
    36 0.068439 -0.807653 3.686054 0.053664 -0.018484 -0.005581
    37 -4.004929 6.172707 4.754754 0.132066 0.950414 2.562420
    38 0.158352 -1.149811 5.804394 -0.341469 -0.212149 0.213570
    39 -1.083523 -1.463142 5.544399 -0.251268 -0.091005 0.045063
    40 -6.289886 0.932434 13.569063 -0.126803 0.612110 2.869610
    41 1.327774 -0.766687 12.396328 -0.115653 0.004186 -0.975205
    42 -0.096140 1.828087 23.185329 0.004131 -0.051984 -1.570724
    43 2.325478 -0.000003 6.169296 -0.177157 -0.135609 1.392438
    44 0.000000 -3.152912 0.122169 1.961017 0.000000 0.000000
    45 1.068383 -10.478592 7.066338 0.292219 -1.282324 -3.141588
    46 0.000000 0.000000 2.279457 0.547137 -0.343566 0.107833
    47 2.479414 -8.323895 6.074242 0.012024 -0.271600 2.056129
    48 0.000003 -5.075260 5.105362 0.000000 0.000000 0.000000
    49 -1.068383 -10.478611 7.065971 0.292219 1.282324 3.141588
    50 -0.000488 0.000015 2.279600 0.547136 0.343566 0.107835
    51 -2.479401 -8.323895 6.074234 0.027753 -0.265143 2.057888
    52 -5.790000 4.432083 14.255558 -4.532474 1.495402 -1.219825
    53 1.044540 -2.839314 19.743252 -0.408627 1.145015 -0.263311
    54 -2.655510 -1.533379 24.792648 -0.524719 -0.087836 0.413318
    55 -1.120216 -0.154385 9.795983 -0.011043 -0.000989 0.095913
    56 -2.240372 -0.308788 19.592047 -0.085841 0.032875 0.184059
    57 -0.683205 2.877342 14.167089 -0.738031 0.163387 -1.424634
    58 -0.144958 -0.145317 7.579308 -0.659984 0.179629 0.007669
    59 -0.038551 -0.936644 4.697678 -0.493436 0.097479 -0.015610
    60 -0.506317 8.500896 13.617329 -0.591307 0.068789 -1.307733
    61 0.385056 -0.460075 7.003435 -0.399361 0.311098 0.050345
    62 -0.456360 -0.710276 5.057732 -0.218512 0.130322 -0.003734
    63 2.452194 -8.899408 11.597939 -1.090884 0.145349 -1.506498
    64 -0.680515 -0.903999 6.074242 -0.917050 -0.113060 -0.027141
    65 -0.248295 -0.666843 3.386627 -0.769891 -0.120173 0.043278
    66 0.717491 -3.784309 13.044010 -0.979347 0.126082 -1.477618
    67 -1.099228 -1.407673 8.017876 -0.878597 -0.000731 0.001758
    68 -0.064053 -0.807640 3.686100 -0.562187 -0.002416 -0.007192
    69 4.004906 6.172710 4.754800 -0.014982 -0.989457 -2.569679
    70 -0.158381 -1.149773 5.804405 -0.513825 0.334454 0.249102
    71 1.078559 -2.386406 5.215008 -0.424135 0.202686 0.106274
    72 6.289963 0.932404 13.569109 -0.126801 -0.612098 -2.869612
    73 -1.327759 -0.766682 12.396324 -0.020119 -0.009339 0.179605
    74 0.000017 -54.999996 0.000000 0.000000 0.000000 -1.570796
  time 19
    0 0.000000 0.000000 -1.500000 0.000000 0.000000 0.000000
    1 -10.521344 -5.760963 66.994621 3.097005 -0.050653 -3.139334
    2 -7.667831 9.169389 4.680972 0.263266 0.179299 0.957647
    3 -0.000034 0.000012 24.761454 -0.740973 -0.086051 -0.158550
    4 0.000017 0.000000 24.344809 1.439900 -0.197233 -0.061823
    5 0.002333 -1.019846 24.031336 0.389660 -0.042710 0.017201
    6 0.000034 0.000008 13.404741 -0.000001 -0.000009 -0.094016
    7 10.398263 -5.760962 66.994675 3.097005 0.050653 3.139334
    8 0.788920 -7.232654 3.743394 0.046443 -0.322709 0.854598
    9 -0.000004 -0.000006 24.761459 -0.687507 0.079874 -0.688546
    10 -0.000007 0.000004 24.344891 1.429770 0.186320 0.042698
    11 -0.002360 -1.019903 24.031330 0.389594 -0.042695 -0.017219
    12 0.000000 -0.000002 13.404737 0.000001 0.000005 -0.330780
    13 -0.061540 -5.245835 72.927078 0.000000 0.000000 0.000000
    14 4.364738 1.588212 -4.511795 -0.133478 -0.027799 -0.900024
    15 0.000000 -0.005608 -1.146812 -0.007523 0.002082 -0.006133
    16 0.030770 -0.240000 8.906021 -0.004138 0.000000 0.000000
    17 -0.238265 -2.475782 -0.484788 0.431783 -0.015768 -0.067961
    18 0.030770 -0.276858 8.905140 0.056125 0.004134 -0.000049
    19 0.186240 0.766524 0.006637 -0.184978 0.058732 -0.027110
    20 5.669724 4.435303 14.302868 -0.424249 -0.982670 3.223369
    21 -1.044571 -2.839317 19.743267 0.187835 0.427288 0.212505
    22 2.655533 -1.533369 24.792658 -1.283284 0.042194 -1.782399
    23 1.120163 -0.154394 9.796035 -0.067455 -0.011131 -0.601250
    24 2.240311 -0.308786 19.592051 -0.546454 -0.418627 -0.972115
    25 0.683151 2.877354 14.167051 -0.332831 -0.108656 1.384014
    26 0.144936 -0.145374 7.579252 -0.288821 -0.094763 0.030497
    27 0.091660 -0.906685 4.702850 -0.125576 -0.008778 -0.003332
    28 0.506271 8.500866 13.617253 -0.316397 0.028377 1.284464
    29 -0.384987 -0.460049 7.003448 -0.155747 -0.202688 0.059236
    30 0.561516 -0.596954 5.061852 0.014491 -0.013655 -0.003114
    31 -2.452171 -8.899406 11.597897 -0.409337 -0.236012 1.483054
    32 0.680496 -0.903999 6.074253 -0.171484 0.026925 -0.013143
    33 0.245514 -0.661150 3.388004 -0.016603 0.069746 0.003108
    34 -0.717484 -3.784271 13.043911 -0.435697 -0.198108 1.437400
    35 1.099216 -1.407745 8.017889 -0.320547 -0.018577 0.002375
    36 0.068439 -0.807653 3.686054 -0.004261 -0.016722 -0.004251
    37 -4.004929 6.172707 4.754754 0.125401 0.937053 2.554861
    38 0.158352 -1.149811 5.804394 -0.341469 -0.212149 0.213570
    39 -1.083523 -1.463142 5.544399 -0.251268 -0.091005 0.045063
    40 -6.289886 0.932434 13.569063 -0.126803 0.612110 2.869610
    41 1.327774 -0.766687 12.396328 -0.114575 0.004713 -0.965413
    42 -0.096140 1.828087 23.185329 0.004131 -0.051984 -1.570724
    43 2.325478 -0.000003 6.169296 -0.173623 -0.188898 1.258810
    44 0.000000 -3.152912 0.122169 1.961017 0.000000 0.000000
    45 1.068383 -10.478592 7.066338 0.292219 -1.282324 -3.141588
    46 0.000000 0.000000 2.279457 0.547137 -0.343566 0.107833
    47 2.479414 -8.323895 6.074242 0.018195 -0.303016 2.202447
    48 0.000003 -5.075260 5.105362 0.000000 0.000000 0.000000
    49 -1.068383 -10.478611 7.065971 0.292219 1.282324 3.141588
    50 -0.000488 0.000015 2.279600 0.547136 0.343566 0.107835
    51 -2.479401 -8.323895 6.074234 0.032472 -0.293966 2.200928
    52 -5.790000 4.432083 14.255558 -4.541388 1.491747 -1.227011
    53 1.044540 -2.839314 19.743252 -0.403005 1.148576 -0.260535
    54 -2.655510 -1.533379 24.792648 -0.515912 -0.087461 0.399762
    55 -1.120216 -0.154385 9.795983 -0.011438 -0.001013 0.099477
    56 -2.240372 -0.308788 19.592047 -0.092180 0.031687 0.190332
    57 -0.683205 2.877342 14.167089 -0.738031 0.163387 -1.424634
    58 -0.144958 -0.145317 7.579308 -0.659984 0.179629 0.007669
    59 -0.038551 -0.936644 4.697678 -0.493436 0.097479 -0.015610
    60 -0.506317 8.500896 13.617329 -0.591307 0.068789 -1.307733
    61 0.385056 -0.460075 7.003435 -0.399361 0.311098 0.050345
    62 -0.456360 -0.710276 5.057732 -0.218512 0.130322 -0.003734
    63 2.452194 -8.899408 11.597939 -1.090884 0.145349 -1.506498
    64 -0.680515 -0.903999 6.074242 -0.917050 -0.113060 -0.027141
    65 -0.248295 -0.666843 3.386627 -0.769891 -0.120173 0.043278
    66 0.717491 -3.784309 13.044010 -0.979347 0.126082 -1.477618
    67 -1.099228 -1.407673 8.017876 -0.878597 -0.000731 0.001758
    68 -0.064053 -0.807640 3.686100 -0.562187 -0.002416 -0.007192
    69 4.004906 6.172710 4.754800 -0.014982 -0.989457 -2.569679
    70 -0.158381 -1.149773 5.804405 -0.513825 0.334454 0.249102
    71 1.078559 -2.386406 5.215008 -0.424135 0.202686 0.106274
    72 6.289963 0.932404 13.569109 -0.126801 -0.612098 -2.869612
    73 -1.327759 -0.766682 12.396324 -0.019221 -0.008991 0.171740
    74 0.000017 -54.999996 0.000000 0.000000 0.000000 -1.570796
  time 20
    0 0.000000 0.000000 -1.500000 0.000000 0.000000 0.000000
    1 -10.521344 -5.760963 66.994621 3.097005 -0.050653 -3.139334
    2 -7.652206 9.365821 4.613698 0.264564 0.173787 0.965686
    3 -0.000034 0.000012 24.761454 -0.736176 -0.085487 -0.165676
    4 0.000017 0.000000 24.344809 1.434228 -0.194314 -0.060333
    5 0.002333 -1.019846 24.031336 0.389585 -0.042710 0.017201
    6 0.000034 0.000008 13.404741 -0.000001 -0.000009 -0.097391
    7 10.398263 -5.760962 66.994675 3.097005 0.050653 3.139334
    8 0.956894 -7.170207 3.698433 0.037912 -0.322745 0.865325
    9 -0.000004 -0.000006 24.761459 -0.676948 0.078615 -0.697518
    10 -0.000007 0.000004 24.344891 1.423445 0.190386 0.043580
    11 -0.002360 -1.019903 24.031330 0.389594 -0.042695 -0.017219
    12 0.000000 -0.000002 13.404737 0.000001 0.000005 -0.335310
    13 -0.061540 -5.245835 72.927078 0.000000 0.000000 0.000000
    14 4.278798 1.693023 -4.421670 -0.135494 -0.030862 -0.905969
    15 0.000000 -0.005608 -1.146812 -0.004493 0.007666 -0.009177
    16 0.030770 -0.240000 8.906021 -0.004138 0.000000 0.000000
    17 -0.249984 -2.487501 -0.488694 0.433530 -0.005272 -0.091602
    18 0.030770 -0.276858 8.905140 0.056125 0.004134 -0.000049
    19 0.170615 0.766524 0.002731 -0.185121 0.055214 -0.029591
    20 5.669724 4.435303 14.302868 -0.415539 -0.972839 3.228065
    21 -1.044571 -2.839317 19.743267 0.158874 0.399422 0.198912
    22 2.655533 -1.533369 24.792658 -1.500614 0.066518 -1.759269
    23 1.120163 -0.154394 9.796035 -0.066999 -0.010903 -0.596938
    24 2.240311 -0.308786 19.592051 -0.559727 -0.415496 -0.957002
    25 0.683151 2.877354 14.167051 -0.379240 -0.117297 1.388110
    26 0.144936 -0.145374 7.579252 -0.337703 -0.103800 0.032571
    27 0.091660 -0.906685 4.702850 -0.174157 -0.018306 -0.002025
    28 0.506271 8.500866 13.617253 -0.355118 0.008670 1.288131
    29 -0.384987 -0.460049 7.003448 -0.195905 -0.217717 0.064545
    30 0.561516 -0.596954 5.061852 -0.024530 -0.029655 -0.001819
    31 -2.452171 -8.899406 11.597897 -0.455410 -0.227189 1.485524
    32 0.680496 -0.903999 6.074253 -0.220260 0.031203 -0.009667
    33 0.245514 -0.661150 3.388004 -0.065333 0.073138 0.001178
    34 -0.717484 -3.784271 13.043911 -0.482482 -0.191493 1.441887
    35 1.099216 -1.407745 8.017889 -0.369677 -0.016695 0.003022
    36 0.068439 -0.807653 3.686054 -0.053444 -0.015176 -0.003184
    37 -4.004929 6.172707 4.754754 0.118375 0.922406 2.546728
    38 0.158352 -1.149811 5.804394 -0.341469 -0.212149 0.213570
    39 -1.083523 -1.463142 5.544399 -0.251268 -0.091005 0.045063
    40 -6.289886 0.932434 13.569063 -0.126803 0.612110 2.869610
    41 1.327774 -0.766687 12.396328 -0.114059 0.004953 -0.960894
    42 -0.096140 1.828087 23.185329 0.004131 -0.051984 -1.570724
    43 2.325478 -0.000003 6.169296 -0.158057 -0.237499 1.134323
    44 0.000000 -3.152912 0.122169 1.961017 0.000000 0.000000
    45 1.068383 -10.478592 7.066338 0.292219 -1.282324 -3.141588
    46 0.000000 0.000000 2.279457 0.547137 -0.343566 0.107833
    47 2.479414 -8.323895 6.074242 0.023578 -0.328891 2.336349
    48 0.000003 -5.075260 5.105362 0.000000 0.000000 0.000000
    49 -1.068383 -10.478611 7.065971 0.292219 1.282324 3.141588
    50 -0.000488 0.000015 2.279600 0.547136 0.343566 0.107835
    51 -2.479401 -8.323895 6.074234 0.036248 -0.317308 2.330937
    52 -5.790000 4.432083 14.255558 -4.530556 1.488964 -1.218962
    53 1.044540 -2.839314 19.743252 -0.421205 1.150442 -0.272728
    54 -2.655510 -1.533379 24.792648 -0.505092 -0.086904 0.380602
    55 -1.120216 -0.154385 9.795983 -0.011810 -0.001025 0.102633
    56 -2.240372 -0.308788 19.592047 -0.097602 0.027380 0.196002
    57 -0.683205 2.877342 14.167089 -0.738031 0.163387 -1.424621
    58 -0.144958 -0.145317 7.579308 -0.659984 0.179629 0.007669
    59 -0.038551 -0.936644 4.697678 -0.493436 0.097467 -0.015598
    60 -0.506317 8.500896 13.617329 -0.591307 0.068789 -1.307733
    61 0.385056 -0.460075 7.003435 -0.399361 0.311098 0.050345
    62 -0.456360 -0.710276 5.057732 -0.218512 0.130322 -0.003734
    63 2.452194 -8.899408 11.597939 -1.090884 0.145349 -1.506498
    64 -0.680515 -0.903999 6.074242 -0.917050 -0.113060 -0.027141
    65 -0.248295 -0.666843 3.386627 -0.769891 -0.120173 0.043278
    66 0.717491 -3.784309 13.044010 -0.979347 0.126082 -1.477618
    67 -1.099228 -1.407673 8.017876 -0.878597 -0.000731 0.001758
    68 -0.064053 -0.807640 3.686100 -0.562187 -0.002416 -0.007192
    69 4.004906 6.172710 4.754800 -0.014982 -0.989457 -2.569679
    70 -0.158381 -1.149773 5.804405 -0.513825 0.334426 0.249102
    71 1.078559 -2.386406 5.215008 -0.424135 0.202686 0.106274
    72 6.289963 0.932404 13.569109 -0.126801 -0.612098 -2.869612
    73 -1.327759 -0.766682 12.396324 -0.018262 -0.008656 0.163459
    74 0.000017 -54.999996 0.000000 0.000000 0.000000 -1.570796
  time 21
    0 0.000000 0.000000 -1.500000 0.000000 0.000000 0.000000
    1 -10.521344 -5.760963 66.994621 3.097005 -0.050653 -3.139334
    2 -7.597517 9.562253 4.501576 0.264427 0.168387 0.970754
    3 -0.000034 0.000012 24.761454 -0.730688 -0.084852 -0.169829
    4 0.000017 0.000000 24.344809 1.428557 -0.190782 -0.058539
    5 0.002333 -1.019846 24.031336 0.389585 -0.042710 0.017201
    6 0.000034 0.000008 13.404741 -0.000001 -0.000009 -0.099205
    7 10.398263 -5.760962 66.994675 3.097005 0.050653 3.139334
    8 1.113149 -7.057803 3.630993 0.031599 -0.323770 0.872669
    9 -0.000004 -0.000006 24.761459 -0.667598 0.077561 -0.703799
    10 -0.000007 0.000004 24.344891 1.416798 0.194364 0.044442
    11 -0.002360 -1.019903 24.031330 0.389594 -0.042695 -0.017219
    12 0.000000 -0.000002 13.404737 0.000001 0.000005 -0.338273
    13 -0.061540 -5.245835 72.927078 0.000000 0.000000 0.000000
    14 4.185045 1.832771 -4.331546 -0.137862 -0.033511 -0.907351
    15 0.000000 -0.005608 -1.146812 -0.001271 0.013893 -0.013933
    16 0.030770 -0.240000 8.906021 -0.004138 0.000000 0.000000
    17 -0.246078 -2.514846 -0.496507 0.437086 0.009465 -0.120035
    18 0.030770 -0.276858 8.905140 0.056125 0.004134 -0.000049
    19 0.151083 0.762618 0.010544 -0.182511 0.050421 -0.032300
    20 5.669724 4.435303 14.302868 -0.398695 -0.981437 3.229981
    21 -1.044571 -2.839317 19.743267 0.091756 0.337166 0.171021
    22 2.655533 -1.533369 24.792658 -1.680666 0.088921 -1.738162
    23 1.120163 -0.154394 9.796035 -0.066460 -0.010652 -0.591557
    24 2.240311 -0.308786 19.592051 -0.556463 -0.387546 -0.957279
    25 0.683151 2.877354 14.167051 -0.415884 -0.124260 1.391744
    26 0.144936 -0.145374 7.579252 -0.381101 -0.111722 0.034776
    27 0.091660 -0.906685 4.702850 -0.217289 -0.026695 -0.000491
    28 0.506271 8.500866 13.617253 -0.384576 -0.007324 1.291799
    29 -0.384987 -0.460049 7.003448 -0.230265 -0.230324 0.069542
    30 0.561516 -0.596954 5.061852 -0.057732 -0.043233 -0.000249
    31 -2.452171 -8.899406 11.597897 -0.490495 -0.219501 1.486785
    32 0.680496 -0.903999 6.074253 -0.262056 0.035074 -0.006875
    33 0.245514 -0.661150 3.388004 -0.108099 0.075978 -0.000607
    34 -0.717484 -3.784271 13.043911 -0.518596 -0.185920 1.445037
    35 1.099216 -1.407745 8.017889 -0.412713 -0.015018 0.003501
    36 0.068439 -0.807653 3.686054 -0.096480 -0.013774 -0.002334
    37 -4.004929 6.172707 4.754754 0.110808 0.905735 2.538021
    38 0.158352 -1.149811 5.804394 -0.341469 -0.212149 0.213570
    39 -1.083523 -1.463142 5.544399 -0.251216 -0.091005 0.045063
    40 -6.289886 0.932434 13.569063 -0.126803 0.612110 2.869610
    41 1.327774 -0.766687 12.396328 -0.113975 0.004989 -0.960191
    42 -0.096140 1.828087 23.185329 0.004131 -0.051984 -1.570724
    43 2.325478 -0.000003 6.169296 -0.138527 -0.271776 1.039930
    44 0.000000 -3.152912 0.122169 1.961017 0.000000 0.000000
    45 1.068383 -10.478592 7.066338 0.292219 -1.282324 -3.141588
    46 0.000000 0.000000 2.279457 0.547137 -0.343566 0.107833
    47 2.479414 -8.323895 6.074242 0.027357 -0.345750 2.435391
    48 0.000003 -5.075260 5.105362 0.000000 0.000000 0.000000
    49 -1.068383 -10.478611 7.065971 0.292219 1.282324 3.141588
    50 -0.000488 0.000015 2.279600 0.547136 0.343566 0.107835
    51 -2.479401 -8.323895 6.074234 0.038638 -0.332523 2.426744
    52 -5.790000 4.432083 14.255558 -4.511864 1.486098 -1.207944
    53 1.044540 -2.839314 19.743252 -0.458216 1.152053 -0.297031
    54 -2.655510 -1.533379 24.792648 -0.492561 -0.086179 0.355536
    55 -1.120216 -0.154385 9.795983 -0.012133 -0.001037 0.105598
    56 -2.240372 -0.308788 19.592047 -0.103864 0.019014 0.201244
    57 -0.683205 2.877342 14.167089 -0.738031 0.163387 -1.424634
    58 -0.144958 -0.145317 7.579308 -0.659984 0.179629 0.007669
    59 -0.038551 -0.936644 4.697678 -0.493436 0.097467 -0.015598
    60 -0.506317 8.500896 13.617329 -0.591307 0.068789 -1.307733
    61 0.385056 -0.460075 7.003435 -0.399361 0.311098 0.050345
    62 -0.456360 -0.710276 5.057732 -0.218512 0.130322 -0.003734
    63 2.452194 -8.899408 11.597939 -1.090884 0.145349 -1.506498
    64 -0.680515 -0.903999 6.074242 -0.917050 -0.113060 -0.027141
    65 -0.248295 -0.666843 3.386627 -0.769891 -0.120173 0.043278
    66 0.717491 -3.784309 13.044010 -0.979347 0.126082 -1.477618
    67 -1.099228 -1.407673 8.017876 -0.878597 -0.000731 0.001758
    68 -0.064053 -0.807640 3.686100 -0.562187 -0.002416 -0.007192
    69 4.004906 6.172710 4.754800 -0.014982 -0.989457 -2.569679
    70 -0.158381 -1.149773 5.804405 -0.513825 0.334454 0.249102
    71 1.078559 -2.386406 5.215008 -0.424135 0.202686 0.106274
    72 6.289963 0.932404 13.569109 -0.126801 -0.612098 -2.869612
    73 -1.327759 -0.766682 12.396324 -0.017171 -0.008224 0.154206
    74 0.000017 -54.999996 0.000000 0.000000 0.000000 -1.570796
  time 22
    0 0.000000 0.000000 -1.500000 0.000000 0.000000 0.000000
    1 -10.521344 -5.760963 66.994621 3.097005 -0.050653 -3.139334
    2 -7.519389 9.783239 4.411878 0.263129 0.163321 0.973070
    3 -0.000034 0.000012 24.761454 -0.724631 -0.084145 -0.171254
    4 0.000017 0.000000 24.344809 1.422885 -0.186753 -0.056552
    5 0.002333 -1.019846 24.031336 0.389585 -0.042710 0.017201
    6 0.000034 0.000008 13.404741 -0.000001 -0.000009 -0.099500
    7 10.398263 -5.760962 66.994675 3.097005 0.050653 3.139334
    8 1.261591 -6.932909 3.586032 0.027504 -0.325562 0.877042
    9 -0.000004 -0.000006 24.761459 -0.659679 0.076638 -0.707423
    10 -0.000007 0.000004 24.344891 1.409956 0.198030 0.045241
    11 -0.002360 -1.019903 24.031330 0.389594 -0.042695 -0.017219
    12 0.000000 -0.000002 13.404737 0.000001 0.000005 -0.339733
    13 -0.061540 -5.245835 72.927078 0.000000 0.000000 0.000000
    14 4.087386 1.995811 -4.286484 -0.140583 -0.035817 -0.904708
    15 0.000000 -0.005608 -1.146812 0.001918 0.020544 -0.019884
    16 0.030770 -0.240000 8.906021 -0.004138 0.000000 0.000000
    17 -0.242172 -2.546097 -0.512133 0.441758 0.025873 -0.148507
    18 0.030770 -0.276858 8.905140 0.056125 0.004134 -0.000049
    19 0.131551 0.754805 0.014450 -0.177400 0.045340 -0.034852
    20 5.669724 4.435303 14.302868 -0.375726 -1.004515 3.229694
    21 -1.044571 -2.839317 19.743267 -0.001634 0.248558 0.137800
    22 2.655533 -1.533369 24.792658 -1.799746 0.105291 -1.716892
    23 1.120163 -0.154394 9.796035 -0.065825 -0.010328 -0.585555
    24 2.240311 -0.308786 19.592051 -0.539970 -0.339889 -0.969662
    25 0.683151 2.877354 14.167051 -0.443697 -0.129809 1.394804
    26 0.144936 -0.145374 7.579252 -0.418552 -0.118445 0.036933
    27 0.091660 -0.906685 4.702850 -0.254469 -0.033862 0.001115
    28 0.506271 8.500866 13.617253 -0.405635 -0.019913 1.295158
    29 -0.384987 -0.460049 7.003448 -0.258294 -0.240439 0.073965
    30 0.561516 -0.596954 5.061852 -0.084794 -0.054211 0.001369
    31 -2.452171 -8.899406 11.597897 -0.516012 -0.212928 1.487269
    32 0.680496 -0.903999 6.074253 -0.297587 0.038178 -0.004622
    33 0.245514 -0.661150 3.388004 -0.143834 0.078543 -0.002177
    34 -0.717484 -3.784271 13.043911 -0.545450 -0.181342 1.447127
    35 1.099216 -1.407745 8.017889 -0.449269 -0.013568 0.003885
    36 0.068439 -0.807653 3.686054 -0.132976 -0.012564 -0.001638
    37 -4.004929 6.172707 4.754754 0.102972 0.887479 2.528931
    38 0.158352 -1.149811 5.804394 -0.341469 -0.212149 0.213570
    39 -1.083523 -1.463142 5.544399 -0.251268 -0.091005 0.045063
    40 -6.289886 0.932434 13.569063 -0.126803 0.612110 2.869610
    41 1.327774 -0.766687 12.396328 -0.114059 0.004953 -0.960944
    42 -0.096140 1.828087 23.185329 0.004131 -0.051984 -1.570724
    43 2.325478 -0.000003 6.169296 -0.126780 -0.284870 0.998181
    44 0.000000 -3.152912 0.122169 1.961017 0.000000 0.000000
    45 1.068383 -10.478592 7.066338 0.292219 -1.282324 -3.141588
    46 0.000000 0.000000 2.279457 0.547137 -0.343566 0.107833
    47 2.479414 -8.323895 6.074242 0.028879 -0.350962 2.478083
    48 0.000003 -5.075260 5.105362 0.000000 0.000000 0.000000
    49 -1.068383 -10.478611 7.065971 0.292219 1.282324 3.141588
    50 -0.000488 0.000015 2.279600 0.547136 0.343566 0.107835
    51 -2.479401 -8.323895 6.074234 0.039562 -0.337059 2.467941
    52 -5.790000 4.432083 14.255558 -4.487229 1.483231 -1.194625
    53 1.044540 -2.839314 19.743252 -0.505190 1.153240 -0.327866
    54 -2.655510 -1.533379 24.792648 -0.478923 -0.085325 0.328121
    55 -1.120216 -0.154385 9.795983 -0.012457 -0.001037 0.108291
    56 -2.240372 -0.308788 19.592047 -0.110737 0.007628 0.205797
    57 -0.683205 2.877342 14.167089 -0.738031 0.163387 -1.424634
    58 -0.144958 -0.145317 7.579308 -0.659984 0.179629 0.007669
    59 -0.038551 -0.936644 4.697678 -0.493436 0.097479 -0.015610
    60 -0.506317 8.500896 13.617329 -0.591307 0.068789 -1.307733
    61 0.385056 -0.460075 7.003435 -0.399361 0.311098 0.050345
    62 -0.456360 -0.710276 5.057732 -0.218512 0.130322 -0.003734
    63 2.452194 -8.899408 11.597939 -1.090884 0.145349 -1.506498
    64 -0.680515 -0.903999 6.074242 -0.917050 -0.113060 -0.027141
    65 -0.248295 -0.666843 3.386627 -0.769891 -0.120173 0.043278
    66 0.717491 -3.784309 13.044010 -0.979347 0.126082 -1.477618
    67 -1.099228 -1.407673 8.017876 -0.878597 -0.000731 0.001758
    68 -0.064053 -0.807640 3.686100 -0.562187 -0.002416 -0.007192
    69 4.004906 6.172710 4.754800 -0.014982 -0.989457 -2.569679
    70 -0.158381 -1.149773 5.804405 -0.513825 0.334454 0.249102
    71 1.078559 -2.386406 5.215008 -0.424135 0.202686 0.106274
    72 6.289963 0.932404 13.569109 -0.126801 -0.612098 -2.869612
    73 -1.327759 -0.766682 12.396324 -0.016117 -0.007829 0.144953
    74 0.000017 -54.999996 0.000000 0.000000 0.000000 -1.570796
  time 23
    0 0.000000 0.000000 -1.500000 0.000000 0.000000 0.000000
    1 -10.521344 -5.760963 66.994621 3.097005 -0.050653 -3.139334
    2 -7.410011 9.991947 4.299755 0.260670 0.158617 0.972764
    3 -0.000034 0.000012 24.761454 -0.718127 -0.083390 -0.170073
    4 0.000017 0.000000 24.344809 1.417460 -0.182408 -0.054477
    5 0.002333 -1.019846 24.031336 0.389585 -0.042710 0.017201
    6 0.000034 0.000008 13.404741 -0.000001 -0.000009 -0.098445
    7 10.398263 -5.760962 66.994675 3.097005 0.050653 3.139334
    8 1.390501 -6.733079 3.563552 0.025457 -0.328013 0.878280
    9 -0.000004 -0.000006 24.761459 -0.652914 0.075847 -0.708536
    10 -0.000007 0.000004 24.344891 1.402857 0.201430 0.045976
    11 -0.002360 -1.019903 24.031330 0.389594 -0.042695 -0.017219
    12 0.000000 -0.000002 13.404737 0.000001 0.000005 -0.339776
    13 -0.061540 -5.245835 72.927078 0.000000 0.000000 0.000000
    14 3.981914 2.182142 -4.173828 -0.143495 -0.037692 -0.898763
    15 0.000000 -0.005608 -1.146812 0.005076 0.027272 -0.026596
    16 0.030770 -0.240000 8.906021 -0.004138 0.000000 0.000000
    17 -0.230453 -2.592973 -0.527758 0.447019 0.041218 -0.172467
    18 0.030770 -0.276858 8.905140 0.056125 0.004134 -0.000049
    19 0.112019 0.743086 0.014450 -0.170001 0.041164 -0.036962
    20 5.669724 4.435303 14.302868 -0.348545 -1.038094 3.227969
    21 -1.044571 -2.839317 19.743267 -0.113564 0.142311 0.105792
    22 2.655533 -1.533369 24.792658 -1.811029 0.109787 -1.690932
    23 1.120163 -0.154394 9.796035 -0.065153 -0.010017 -0.579140
    24 2.240311 -0.308786 19.592051 -0.514207 -0.277083 -0.990393
    25 0.683151 2.877354 14.167051 -0.463665 -0.134087 1.397264
    26 0.144936 -0.145374 7.579252 -0.449730 -0.123994 0.038947
    27 0.091660 -0.906685 4.702850 -0.285467 -0.039782 0.002661
    28 0.506271 8.500866 13.617253 -0.419283 -0.029448 1.298024
    29 -0.384987 -0.460049 7.003448 -0.279885 -0.248134 0.077560
    30 0.561516 -0.596954 5.061852 -0.105571 -0.062613 0.002807
    31 -2.452171 -8.899406 11.597897 -0.533479 -0.207411 1.487081
    32 0.680496 -0.903999 6.074253 -0.327011 0.040827 -0.002812
    33 0.245514 -0.661150 3.388004 -0.172966 0.080568 -0.003556
    34 -0.717484 -3.784271 13.043911 -0.564190 -0.177686 1.448356
    35 1.099216 -1.407745 8.017889 -0.479500 -0.012357 0.004137
    36 0.068439 -0.807653 3.686054 -0.163254 -0.011521 -0.001099
    37 -4.004929 6.172707 4.754754 0.095045 0.868097 2.519841
    38 0.158352 -1.149811 5.804394 -0.341511 -0.212149 0.213570
    39 -1.083523 -1.463142 5.544399 -0.251268 -0.091005 0.045063
    40 -6.289886 0.932434 13.569063 -0.126803 0.612110 2.869610
    41 1.327774 -0.766687 12.396328 -0.113844 0.005061 -0.958885
    42 -0.096140 1.828087 23.185329 0.004131 -0.051984 -1.570724
    43 2.325478 -0.000003 6.169296 -0.118854 -0.273628 1.002811
    44 0.000000 -3.152912 0.122169 1.961017 0.000000 0.000000
    45 1.068383 -10.478592 7.066338 0.292219 -1.282324 -3.141588
    46 0.000000 0.000000 2.279457 0.547137 -0.343566 0.107833
    47 2.479414 -8.323895 6.074242 0.028526 -0.336405 2.471779
    48 0.000003 -5.075260 5.105362 0.000000 0.000000 0.000000
    49 -1.068383 -10.478611 7.065971 0.292219 1.282324 3.141588
    50 -0.000488 0.000015 2.279600 0.547136 0.343566 0.107835
    51 -2.479401 -8.323895 6.074234 0.039241 -0.322931 2.461905
    52 -5.790000 4.432083 14.255558 -4.457705 1.480449 -1.179774
    53 1.044540 -2.839314 19.743252 -0.553444 1.154003 -0.359490
    54 -2.655510 -1.533379 24.792648 -0.464882 -0.084406 0.302222
    55 -1.120216 -0.154385 9.795983 -0.012757 -0.001049 0.110821
    56 -2.240372 -0.308788 19.592047 -0.117839 -0.005639 0.210093
    57 -0.683205 2.877342 14.167089 -0.738031 0.163387 -1.424634
    58 -0.144958 -0.145317 7.579308 -0.659984 0.179629 0.007669
    59 -0.038551 -0.936644 4.697678 -0.493436 0.097479 -0.015610
    60 -0.506317 8.500896 13.617329 -0.591307 0.068789 -1.307733
    61 0.385056 -0.460075 7.003435 -0.399361 0.311098 0.050345
    62 -0.456360 -0.710276 5.057732 -0.218512 0.130322 -0.003734
    63 2.452194 -8.899408 11.597939 -1.090884 0.145349 -1.506498
    64 -0.680515 -0.903999 6.074242 -0.917050 -0.113060 -0.027141
    65 -0.248295 -0.666843 3.386627 -0.769891 -0.120173 0.043278
    66 0.717491 -3.784309 13.044010 -0.979347 0.126082 -1.477618
    67 -1.099228 -1.407673 8.017876 -0.878597 -0.000731 0.001758
    68 -0.064053 -0.807640 3.686100 -0.562187 -0.002416 -0.007192
    69 4.004906 6.172710 4.754800 -0.014982 -0.989457 -2.569679
    70 -0.158381 -1.149773 5.804405 -0.513825 0.334454 0.249102
    71 1.078559 -2.386406 5.215008 -0.424135 0.202686 0.106274
    72 6.289963 0.932404 13.569109 -0.126801 -0.612098 -2.869612
    73 -1.327759 -0.766682 12.396324 -0.015206 -0.007445 0.136949
    74 0.000017 -54.999996 0.000000 0.000000 0.000000 -1.570796
  time 24
    0 0.000000 0.000000 -1.500000 0.000000 0.000000 0.000000
    1 -10.521344 -5.760963 66.994621 3.097005 -0.050653 -3.139334
    2 -7.285007 10.188379 4.187632 0.257185 0.154386 0.969968
    3 -0.000034 0.000012 24.761454 -0.711257 -0.082599 -0.166490
    4 0.000017 0.000000 24.344809 1.412343 -0.177881 -0.052338
    5 0.002333 -1.019846 24.031336 0.389660 -0.042710 0.017201
    6 0.000034 0.000008 13.404741 -0.000001 -0.000009 -0.096146
    7 10.398263 -5.760962 66.994675 3.097005 0.050653 3.139334
    8 1.492067 -6.533249 3.518592 0.025286 -0.330903 0.876712
    9 -0.000004 -0.000006 24.761459 -0.647139 0.075188 -0.707208
    10 -0.000007 0.000004 24.344891 1.395822 0.204385 0.046628
    11 -0.002360 -1.019903 24.031330 0.389594 -0.042695 -0.017219
    12 0.000000 -0.000002 13.404737 0.000001 0.000005 -0.338509
    13 -0.061540 -5.245835 72.927078 0.000000 0.000000 0.000000
    14 3.876442 2.368473 -4.083704 -0.146599 -0.039171 -0.889935
    15 0.000000 -0.005608 -1.146812 0.008106 0.033766 -0.033635
    16 0.030770 -0.240000 8.906021 -0.004138 0.000000 0.000000
    17 -0.218733 -2.635943 -0.539477 0.452743 0.052587 -0.187363
    18 0.030770 -0.276858 8.905140 0.056125 0.004134 -0.000049
    19 0.096394 0.723554 0.018356 -0.160921 0.039107 -0.038256
    20 5.669724 4.435303 14.302868 -0.318972 -1.078155 3.225477
    21 -1.044571 -2.839317 19.743267 -0.239730 0.027976 0.079791
    22 2.655533 -1.533369 24.792658 -1.718638 0.103062 -1.656158
    23 1.120163 -0.154394 9.796035 -0.064482 -0.009717 -0.572793
    24 2.240311 -0.308786 19.592051 -0.482786 -0.203779 -1.015792
    25 0.683151 2.877354 14.167051 -0.477050 -0.137335 1.399125
    26 0.144936 -0.145374 7.579252 -0.475100 -0.128464 0.040696
    27 0.091660 -0.906685 4.702850 -0.310650 -0.044552 0.004051
    28 0.506271 8.500866 13.617253 -0.426570 -0.036325 1.300304
    29 -0.384987 -0.460049 7.003448 -0.295358 -0.253587 0.080233
    30 0.561516 -0.596954 5.061852 -0.120423 -0.068593 0.003933
    31 -2.452171 -8.899406 11.597897 -0.544516 -0.202831 1.486463
    32 0.680496 -0.903999 6.074253 -0.350249 0.043152 -0.001494
    33 0.245514 -0.661150 3.388004 -0.197038 0.082006 -0.004742
    34 -0.717484 -3.784271 13.043911 -0.576493 -0.174882 1.448971
    35 1.099216 -1.407745 8.017889 -0.503948 -0.011386 0.004316
    36 0.068439 -0.807653 3.686054 -0.187739 -0.010682 -0.000704
    37 -4.004929 6.172707 4.754754 0.087479 0.848046 2.510751
    38 0.158352 -1.149811 5.804394 -0.341511 -0.212149 0.213570
    39 -1.083523 -1.463142 5.544399 -0.251268 -0.091005 0.045063
    40 -6.289886 0.932434 13.569063 -0.126803 0.612110 2.869610
    41 1.327774 -0.766687 12.396328 -0.112849 0.005516 -0.950047
    42 -0.096140 1.828087 23.185329 0.004131 -0.051984 -1.570724
    43 2.325478 -0.000003 6.169296 -0.104290 -0.244010 1.029672
    44 0.000000 -3.152912 0.122169 1.961017 0.000000 0.000000
    45 1.068383 -10.478592 7.066338 0.292219 -1.282324 -3.141588
    46 0.000000 0.000000 2.279457 0.547137 -0.343566 0.107833
    47 2.479414 -8.323895 6.074242 0.027085 -0.301185 2.440739
    48 0.000003 -5.075260 5.105362 0.000000 0.000000 0.000000
    49 -1.068383 -10.478611 7.065971 0.292219 1.282324 3.141588
    50 -0.000488 0.000015 2.279600 0.547136 0.343566 0.107835
    51 -2.479401 -8.323895 6.074234 0.038176 -0.289052 2.432014
    52 -5.790000 4.432083 14.255558 -4.424346 1.477624 -1.163964
    53 1.044540 -2.839314 19.743252 -0.594741 1.154639 -0.386651
    54 -2.655510 -1.533379 24.792648 -0.450942 -0.083604 0.282077
    55 -1.120216 -0.154385 9.795983 -0.013020 -0.001073 0.113215
    56 -2.240372 -0.308788 19.592047 -0.124941 -0.019797 0.214303
    57 -0.683205 2.877342 14.167089 -0.738031 0.163387 -1.424634
    58 -0.144958 -0.145317 7.579308 -0.659984 0.179629 0.007669
    59 -0.038551 -0.936644 4.697678 -0.493436 0.097479 -0.015610
    60 -0.506317 8.500896 13.617329 -0.591307 0.068789 -1.307733
    61 0.385056 -0.460075 7.003435 -0.399361 0.311098 0.050345
    62 -0.456360 -0.710276 5.057732 -0.218512 0.130322 -0.003734
    63 2.452194 -8.899408 11.597939 -1.090884 0.145349 -1.506498
    64 -0.680515 -0.903999 6.074242 -0.917050 -0.113060 -0.027141
    65 -0.248295 -0.666843 3.386627 -0.769891 -0.120173 0.043278
    66 0.717491 -3.784309 13.044010 -0.979347 0.126082 -1.477618
    67 -1.099228 -1.407673 8.017876 -0.878597 -0.000731 0.001758
    68 -0.064053 -0.807640 3.686100 -0.562187 -0.002416 -0.007192
    69 4.004906 6.172710 4.754800 -0.014982 -0.989457 -2.569679
    70 -0.158381 -1.149773 5.804405 -0.513825 0.334454 0.249102
    71 1.078559 -2.386406 5.215008 -0.424135 0.202686 0.106274
    72 6.289963 0.932404 13.569109 -0.126801 -0.612098 -2.869612
    73 -1.327759 -0.766682 12.396324 -0.014535 -0.007169 0.131166
    74 0.000017 -54.999996 0.000000 0.000000 0.000000 -1.570796
  time 25
    0 0.000000 0.000000 -1.500000 0.000000 0.000000 0.000000
    1 -10.521344 -5.760963 66.994621 3.097005 -0.050653 -3.139334
    2 -7.140472 10.384811 4.097934 0.252881 0.150823 0.964987
    3 -0.000034 0.000012 24.761454 -0.704347 -0.081796 -0.160708
    4 0.000017 0.000000 24.344809 1.407597 -0.173354 -0.050199
    5 0.002333 -1.019846 24.031336 0.389660 -0.042710 0.017201
    6 0.000034 0.000008 13.404741 -0.000001 -0.000009 -0.092687
    7 10.398263 -5.760962 66.994675 3.097005 0.050653 3.139334
    8 1.574100 -6.295951 3.473632 0.026907 -0.334049 0.872174
    9 -0.000004 -0.000006 24.761459 -0.642354 0.074636 -0.703583
    10 -0.000007 0.000004 24.344891 1.388658 0.206829 0.047132
    11 -0.002360 -1.019903 24.031330 0.389594 -0.042695 -0.017219
    12 0.000000 -0.000002 13.404737 0.000001 0.000005 -0.336040
    13 -0.061540 -5.245835 72.927078 0.000000 0.000000 0.000000
    14 3.774877 2.578096 -4.038642 -0.149832 -0.040187 -0.878885
    15 0.000000 -0.005608 -1.146812 0.010818 0.039773 -0.040456
    16 0.030770 -0.240000 8.906021 -0.004138 0.000000 0.000000
    17 -0.214827 -2.675007 -0.559009 0.457225 0.057651 -0.192195
    18 0.030770 -0.276858 8.905140 0.056125 0.004134 -0.000049
    19 0.108113 0.680584 0.026169 -0.143943 0.044291 -0.039718
    20 5.669724 4.435303 14.302868 -0.288729 -1.120719 3.222698
    21 -1.044571 -2.839317 19.743267 -0.371228 -0.080879 0.063886
    22 2.655533 -1.533369 24.792658 -1.574952 0.091534 -1.615155
    23 1.120163 -0.154394 9.796035 -0.063847 -0.009405 -0.566757
    24 2.240311 -0.308786 19.592051 -0.448886 -0.124351 -1.042932
    25 0.683151 2.877354 14.167051 -0.484840 -0.139684 1.400448
    26 0.144936 -0.145374 7.579252 -0.495266 -0.131976 0.042170
    27 0.091660 -0.906685 4.702850 -0.330659 -0.048315 0.005225
    28 0.506271 8.500866 13.617253 -0.428361 -0.040873 1.302061
    29 -0.384987 -0.460049 7.003448 -0.305353 -0.257086 0.081994
    30 0.561516 -0.596954 5.061852 -0.129991 -0.072452 0.004724
    31 -2.452171 -8.899406 11.597897 -0.550592 -0.199007 1.485631
    32 0.680496 -0.903999 6.074253 -0.369125 0.045009 -0.000427
    33 0.245514 -0.661150 3.388004 -0.216051 0.083205 -0.005701
    34 -0.717484 -3.784271 13.043911 -0.583504 -0.172761 1.449109
    35 1.099216 -1.407745 8.017889 -0.523468 -0.010595 0.004448
    36 0.068439 -0.807653 3.686054 -0.207248 -0.010023 -0.000380
    37 -4.004929 6.172707 4.754754 0.080092 0.827766 2.502236
    38 0.158352 -1.149811 5.804394 -0.341469 -0.212149 0.213570
    39 -1.083523 -1.463142 5.544399 -0.251268 -0.091005 0.045063
    40 -6.289886 0.932434 13.569063 -0.126803 0.612110 2.869610
    41 1.327774 -0.766687 12.396328 -0.111039 0.006307 -0.934179
    42 -0.096140 1.828087 23.185329 0.004131 -0.051984 -1.570724
    43 2.325478 -0.000003 6.169296 -0.084139 -0.204481 1.075292
    44 0.000000 -3.152912 0.122169 1.961017 0.000000 0.000000
    45 1.068383 -10.478592 7.066338 0.292219 -1.282324 -3.141588
    46 0.000000 0.000000 2.279457 0.547137 -0.343566 0.107833
    47 2.479414 -8.323895 6.074242 0.024910 -0.253145 2.389547
    48 0.000003 -5.075260 5.105362 0.000000 0.000000 0.000000
    49 -1.068383 -10.478611 7.065971 0.292219 1.282324 3.141588
    50 -0.000488 0.000015 2.279600 0.547136 0.343566 0.107835
    51 -2.479401 -8.323895 6.074234 0.036630 -0.242746 2.382577
    52 -5.790000 4.432083 14.255558 -4.388687 1.474883 -1.147484
    53 1.044540 -2.839314 19.743252 -0.638766 1.155360 -0.415880
    54 -2.655510 -1.533379 24.792648 -0.438260 -0.083138 0.274732
    55 -1.120216 -0.154385 9.795983 -0.013272 -0.001073 0.115446
    56 -2.240372 -0.308788 19.592047 -0.131432 -0.033658 0.218256
    57 -0.683205 2.877342 14.167089 -0.738031 0.163387 -1.424634
    58 -0.144958 -0.145317 7.579308 -0.659984 0.179629 0.007669
    59 -0.038551 -0.936644 4.697678 -0.493436 0.097479 -0.015610
    60 -0.506317 8.500896 13.617329 -0.591307 0.068789 -1.307733
    61 0.385056 -0.460075 7.003435 -0.399361 0.311098 0.050345
    62 -0.456360 -0.710276 5.057732 -0.218512 0.130322 -0.003734
    63 2.452194 -8.899408 11.597939 -1.090884 0.145349 -1.506498
    64 -0.680515 -0.903999 6.074242 -0.917050 -0.113060 -0.027141
    65 -0.248295 -0.666843 3.386627 -0.769891 -0.120173 0.043278
    66 0.717491 -3.784309 13.044010 -0.979347 0.126082 -1.477618
    67 -1.099228 -1.407673 8.017876 -0.878597 -0.000731 0.001758
    68 -0.064053 -0.807640 3.686100 -0.562187 -0.002416 -0.007192
    69 4.004906 6.172710 4.754800 -0.014982 -0.989457 -2.569679
    70 -0.158381 -1.149773 5.804405 -0.513825 0.334454 0.249102
    71 1.078559 -2.386406 5.215008 -0.424135 0.202686 0.106274
    72 6.289963 0.932404 13.569109 -0.126801 -0.612098 -2.869612
    73 -1.327759 -0.766682 12.396324 -0.014547 -0.007169 0.131212
    74 0.000017 -54.999996 0.000000 0.000000 0.000000 -1.570796
  time 26
    0 0.000000 0.000000 -1.500000 0.000000 0.000000 0.000000
    1 -10.521344 -5.760963 66.994621 3.097005 -0.050653 -3.139334
    2 -6.988123 10.544412 3.985811 0.247894 0.147929 0.957822
    3 -0.000034 0.000012 24.761454 -0.697395 -0.080981 -0.152890
    4 0.000017 0.000000 24.344809 1.403405 -0.169053 -0.048190
    5 0.002333 -1.019846 24.031336 0.389660 -0.042698 0.017213
    6 0.000034 0.000008 13.404741 -0.000001 -0.000009 -0.088236
    7 10.398263 -5.760962 66.994675 3.097005 0.050653 3.139334
    8 1.628790 -6.071142 3.451151 0.030234 -0.337195 0.865160
    9 -0.000004 -0.000006 24.761459 -0.638560 0.074181 -0.697734
    10 -0.000007 0.000004 24.344891 1.381753 0.208718 0.047511
    11 -0.002360 -1.019903 24.031330 0.389594 -0.042695 -0.017219
    12 0.000000 -0.000002 13.404737 0.000001 0.000005 -0.332455
    13 -0.061540 -5.245835 72.927078 0.000000 0.000000 0.000000
    14 3.681124 2.764427 -3.948517 -0.153064 -0.040771 -0.866274
    15 0.000000 -0.005608 -1.146812 0.013114 0.044965 -0.046652
    16 0.030770 -0.240000 8.906021 -0.004138 0.000000 0.000000
    17 -0.207014 -2.698445 -0.570728 0.459351 0.057486 -0.190797
    18 0.030770 -0.276858 8.905140 0.056125 0.004134 -0.000049
    19 0.139364 0.610269 0.033982 -0.117277 0.057724 -0.041672
    20 5.669724 4.435303 14.302868 -0.259539 -1.161661 3.219823
    21 -1.044571 -2.839317 19.743267 -0.497785 -0.173871 0.059035
    22 2.655533 -1.533369 24.792658 -1.432308 0.081658 -1.569058
    23 1.120163 -0.154394 9.796035 -0.063296 -0.009166 -0.561376
    24 2.240311 -0.308786 19.592051 -0.415159 -0.043863 -1.069637
    25 0.683151 2.877354 14.167051 -0.488296 -0.141326 1.401323
    26 0.144936 -0.145374 7.579252 -0.510832 -0.134660 0.043369
    27 0.091660 -0.906685 4.702850 -0.346044 -0.051216 0.006208
    28 0.506271 8.500866 13.617253 -0.426076 -0.043531 1.303294
    29 -0.384987 -0.460049 7.003448 -0.310724 -0.258944 0.082965
    30 0.561516 -0.596954 5.061852 -0.135168 -0.074526 0.005168
    31 -2.452171 -8.899406 11.597897 -0.553528 -0.195760 1.484638
    32 0.680496 -0.903999 6.074253 -0.384551 0.046555 0.000400
    33 0.245514 -0.661150 3.388004 -0.231549 0.084127 -0.006504
    34 -0.717484 -3.784271 13.043911 -0.586855 -0.171191 1.448925
    35 1.099216 -1.407745 8.017889 -0.539029 -0.009972 0.004544
    36 0.068439 -0.807653 3.686054 -0.222778 -0.009472 -0.000140
    37 -4.004929 6.172707 4.754754 0.073427 0.807768 2.494102
    38 0.158352 -1.149811 5.804394 -0.341511 -0.212149 0.213570
    39 -1.083523 -1.463142 5.544399 -0.251268 -0.091005 0.045063
    40 -6.289886 0.932434 13.569063 -0.126803 0.612110 2.869610
    41 1.327774 -0.766687 12.396328 -0.108546 0.007338 -0.912285
    42 -0.096140 1.828087 23.185329 0.004131 -0.051984 -1.570724
    43 2.325478 -0.000003 6.169296 -0.059930 -0.163462 1.135880
    44 0.000000 -3.152912 0.122169 1.961017 0.000000 0.000000
    45 1.068383 -10.478592 7.066338 0.292219 -1.282324 -3.141588
    46 0.000000 0.000000 2.279457 0.547137 -0.343566 0.107833
    47 2.479414 -8.323895 6.074242 0.022192 -0.199986 2.322978
    48 0.000003 -5.075260 5.105362 0.000000 0.000000 0.000000
    49 -1.068383 -10.478611 7.065971 0.292219 1.282324 3.141588
    50 -0.000488 0.000015 2.279600 0.547136 0.343566 0.107835
    51 -2.479401 -8.323895 6.074234 0.034682 -0.191620 2.318099
    52 -5.790000 4.432083 14.255558 -4.351398 1.472266 -1.130812
    53 1.044540 -2.839314 19.743252 -0.693977 1.156335 -0.452702
    54 -2.655510 -1.533379 24.792648 -0.426735 -0.083034 0.279427
    55 -1.120216 -0.154385 9.795983 -0.013536 -0.001061 0.117568
    56 -2.240372 -0.308788 19.592047 -0.137160 -0.046083 0.221950
    57 -0.683205 2.877342 14.167089 -0.738031 0.163387 -1.424634
    58 -0.144958 -0.145317 7.579308 -0.659984 0.179629 0.007669
    59 -0.038551 -0.936644 4.697678 -0.493436 0.097479 -0.015610
    60 -0.506317 8.500896 13.617329 -0.591307 0.068789 -1.307733
    61 0.385056 -0.460075 7.003435 -0.399361 0.311098 0.050345
    62 -0.456360 -0.710276 5.057732 -0.218512 0.130322 -0.003734
    63 2.452194 -8.899408 11.597939 -1.090884 0.145349 -1.506498
    64 -0.680515 -0.903999 6.074242 -0.917050 -0.113060 -0.027141
    65 -0.248295 -0.666843 3.386627 -0.769891 -0.120173 0.043278
    66 0.717491 -3.784309 13.044010 -0.979347 0.126082 -1.477618
    67 -1.099228 -1.407673 8.017876 -0.878597 -0.000731 0.001758
    68 -0.064053 -0.807640 3.686100 -0.562187 -0.002416 -0.007192
    69 4.004906 6.172710 4.754800 -0.014982 -0.989457 -2.569679
    70 -0.158381 -1.149773 5.804405 -0.513825 0.334454 0.249102
    71 1.078559 -2.386406 5.215008 -0.424135 0.202686 0.106274
    72 6.289963 0.932404 13.569109 -0.126801 -0.612098 -2.869612
    73 -1.327759 -0.766682 12.396324 -0.015266 -0.007469 0.137458
    74 0.000017 -54.999996 0.000000 0.000000 0.000000 -1.570796
  time 27
    0 0.000000 0.000000 -1.500000 0.000000 0.000000 0.000000
    1 -10.521344 -5.760963 66.994621 3.097005 -0.050653 -3.139334
    2 -6.827962 10.691736 3.896113 0.242223 0.145813 0.948778
    3 -0.000034 0.000012 24.761454 -0.690606 -0.080202 -0.143281
    4 0.000017 0.000000 24.344809 1.399952 -0.165069 -0.046353
    5 0.002333 -1.019846 24.031336 0.389660 -0.042710 0.017201
    6 0.000034 0.000008 13.404741 -0.000001 -0.000009 -0.082857
    7 10.398263 -5.760962 66.994675 3.097005 0.050653 3.139334
    8 1.648321 -5.821355 3.428671 0.035267 -0.340121 0.855423
    9 -0.000004 -0.000006 24.761459 -0.635535 0.073834 -0.689695
    10 -0.000007 0.000004 24.344891 1.375041 0.209940 0.047700
    11 -0.002360 -1.019903 24.031330 0.389594 -0.042695 -0.017219
    12 0.000000 -0.000002 13.404737 0.000001 0.000005 -0.327861
    13 -0.061540 -5.245835 72.927078 0.000000 0.000000 0.000000
    14 3.599090 2.962404 -3.880924 -0.156329 -0.040857 -0.852642
    15 0.000000 -0.005608 -1.146812 0.014964 0.049075 -0.051706
    16 0.030770 -0.240000 8.906021 -0.004138 0.000000 0.000000
    17 -0.203108 -2.714071 -0.570728 0.459835 0.054195 -0.185765
    18 0.030770 -0.276858 8.905140 0.056125 0.004134 -0.000049
    19 0.182334 0.528236 0.041795 -0.088037 0.074058 -0.042918
    20 5.669724 4.435303 14.302868 -0.233124 -1.197001 3.217044
    21 -1.044571 -2.839317 19.743267 -0.611770 -0.247294 0.062560
    22 2.655533 -1.533369 24.792658 -1.282633 0.072628 -1.519241
    23 1.120163 -0.154394 9.796035 -0.062816 -0.008950 -0.556961
    24 2.240311 -0.308786 19.592051 -0.383739 0.033033 -1.094521
    25 0.683151 2.877354 14.167051 -0.488735 -0.142404 1.401872
    26 0.144936 -0.145374 7.579252 -0.522820 -0.136722 0.044316
    27 0.091660 -0.906685 4.702850 -0.357995 -0.053433 0.006987
    28 0.506271 8.500866 13.617253 -0.420580 -0.044585 1.304126
    29 -0.384987 -0.460049 7.003448 -0.312431 -0.259531 0.083289
    30 0.561516 -0.596954 5.061852 -0.136774 -0.075173 0.005299
    31 -2.452171 -8.899406 11.597897 -0.554743 -0.192992 1.483618
    32 0.680496 -0.903999 6.074253 -0.398034 0.047610 0.001167
    33 0.245514 -0.661150 3.388004 -0.244650 0.085206 -0.007151
    34 -0.717484 -3.784271 13.043911 -0.588046 -0.169956 1.448587
    35 1.099216 -1.407745 8.017889 -0.551874 -0.009469 0.004616
    36 0.068439 -0.807653 3.686054 -0.235642 -0.009004 0.000039
    37 -4.004929 6.172707 4.754754 0.067301 0.788544 2.486639
    38 0.158352 -1.149811 5.804394 -0.341511 -0.212149 0.213570
    39 -1.083523 -1.463142 5.544399 -0.251268 -0.091005 0.045063
    40 -6.289886 0.932434 13.569063 -0.126803 0.612110 2.869610
    41 1.327774 -0.766687 12.396328 -0.105574 0.008512 -0.886424
    42 -0.096140 1.828087 23.185329 0.004131 -0.051984 -1.570724
    43 2.325478 -0.000003 6.169296 -0.035004 -0.128317 1.206525
    44 0.000000 -3.152912 0.122169 1.961017 0.000000 0.000000
    45 1.068383 -10.478592 7.066338 0.292219 -1.282324 -3.141588
    46 0.000000 0.000000 2.279457 0.547137 -0.343566 0.107833
    47 2.479414 -8.323895 6.074242 0.019147 -0.150209 2.246381
    48 0.000003 -5.075260 5.105362 0.000000 0.000000 0.000000
    49 -1.068383 -10.478611 7.065971 0.292219 1.282324 3.141588
    50 -0.000488 0.000015 2.279600 0.547136 0.343566 0.107835
    51 -2.479401 -8.323895 6.074234 0.032432 -0.143566 2.243657
    52 -5.790000 4.432083 14.255558 -4.313631 1.469774 -1.114332
    53 1.044540 -2.839314 19.743252 -0.749689 1.157819 -0.490368
    54 -2.655510 -1.533379 24.792648 -0.415865 -0.083112 0.289120
    55 -1.120216 -0.154385 9.795983 -0.013751 -0.001073 0.119581
    56 -2.240372 -0.308788 19.592047 -0.141360 -0.056182 0.225903
    57 -0.683205 2.877342 14.167089 -0.738031 0.163387 -1.424634
    58 -0.144958 -0.145317 7.579308 -0.659984 0.179629 0.007669
    59 -0.038551 -0.936644 4.697678 -0.493436 0.097479 -0.015610
    60 -0.506317 8.500896 13.617329 -0.591307 0.068789 -1.307733
    61 0.385056 -0.460075 7.003435 -0.399361 0.311098 0.050345
    62 -0.456360 -0.710276 5.057732 -0.218512 0.130322 -0.003734
    63 2.452194 -8.899408 11.597939 -1.090884 0.145349 -1.506498
    64 -0.680515 -0.903999 6.074242 -0.917050 -0.113060 -0.027141
    65 -0.248295 -0.666843 3.386627 -0.769891 -0.120173 0.043278
    66 0.717491 -3.784309 13.044010 -0.979347 0.126082 -1.477618
    67 -1.099228 -1.407673 8.017876 -0.878597 -0.000731 0.001758
    68 -0.064053 -0.807640 3.686100 -0.562187 -0.002416 -0.007192
    69 4.004906 6.172710 4.754800 -0.014982 -0.989457 -2.569679
    70 -0.158381 -1.149773 5.804405 -0.513825 0.334454 0.249131
    71 1.078559 -2.386406 5.215008 -0.424135 0.202686 0.106274
    72 6.289963 0.932404 13.569109 -0.126801 -0.612098 -2.869612
    73 -1.327759 -0.766682 12.396324 -0.016201 -0.007853 0.145786
    74 0.000017 -54.999996 0.000000 0.000000 0.000000 -1.570796
  time 28
    0 0.000000 0.000000 -1.500000 0.000000 0.000000 0.000000
    1 -10.521344 -5.760963 66.994621 3.097005 -0.050653 -3.139334
    2 -6.667801 10.789952 3.828840 0.236143 0.144644 0.937855
    3 -0.000034 0.000012 24.761454 -0.684224 -0.079471 -0.132042
    4 0.000017 0.000000 24.344809 1.397301 -0.161584 -0.044755
    5 0.002333 -1.019846 24.031336 0.389660 -0.042710 0.017201
    6 0.000034 0.000008 13.404741 -0.000001 -0.000009 -0.076719
    7 10.398263 -5.760962 66.994675 3.097005 0.050653 3.139334
    8 1.640509 -5.596546 3.406191 0.041836 -0.342609 0.843458
    9 -0.000004 -0.000006 24.761459 -0.633225 0.073570 -0.679682
    10 -0.000007 0.000004 24.344891 1.368780 0.210451 0.047700
    11 -0.002360 -1.019903 24.031330 0.389594 -0.042695 -0.017219
    12 0.000000 -0.000002 13.404737 0.000001 0.000005 -0.322364
    13 -0.061540 -5.245835 72.927078 0.000000 0.000000 0.000000
    14 3.532682 3.137089 -3.835862 -0.159465 -0.040462 -0.838409
    15 0.000000 -0.005608 -1.146812 0.016272 0.051772 -0.055266
    16 0.030770 -0.240000 8.906021 -0.004138 0.000000 0.000000
    17 -0.207014 -2.721883 -0.578541 0.459540 0.049650 -0.179136
    18 0.030770 -0.276858 8.905140 0.056125 0.004134 -0.000049
    19 0.213585 0.465734 0.045701 -0.063767 0.088088 -0.043074
    20 5.669724 4.435303 14.302868 -0.211304 -1.222617 3.214744
    21 -1.044571 -2.839317 19.743267 -0.703936 -0.297547 0.069413
    22 2.655533 -1.533369 24.792658 -1.098024 0.061753 -1.474681
    23 1.120163 -0.154394 9.796035 -0.062505 -0.008794 -0.553891
    24 2.240311 -0.308786 19.592051 -0.356627 0.101318 -1.116677
    25 0.683151 2.877354 14.167051 -0.487253 -0.143111 1.402172
    26 0.144936 -0.145374 7.579252 -0.532206 -0.138315 0.045071
    27 0.091660 -0.906685 4.702850 -0.367290 -0.055147 0.007598
    28 0.506271 8.500866 13.617253 -0.413169 -0.044520 1.304680
    29 -0.384987 -0.460049 7.003448 -0.311471 -0.259183 0.083109
    30 0.561516 -0.596954 5.061852 -0.135882 -0.074801 0.005228
    31 -2.452171 -8.899406 11.597897 -0.555959 -0.190463 1.482705
    32 0.680496 -0.903999 6.074253 -0.410367 0.048820 0.001790
    33 0.245514 -0.661150 3.388004 -0.257112 0.085997 -0.007786
    34 -0.717484 -3.784271 13.043911 -0.588310 -0.168950 1.448218
    35 1.099216 -1.407745 8.017889 -0.563128 -0.009001 0.004664
    36 0.068439 -0.807653 3.686054 -0.246872 -0.008633 0.000207
    37 -4.004929 6.172707 4.754754 0.061807 0.770500 2.479941
    38 0.158352 -1.149811 5.804394 -0.341469 -0.212149 0.213570
    39 -1.083523 -1.463142 5.544399 -0.251268 -0.091005 0.045063
    40 -6.289886 0.932434 13.569063 -0.126803 0.612110 2.869610
    41 1.327774 -0.766687 12.396328 -0.102650 0.009579 -0.861165
    42 -0.096140 1.828087 23.185329 0.004131 -0.051984 -1.570724
    43 2.325478 -0.000003 6.169296 -0.015283 -0.104342 1.281840
    44 0.000000 -3.152912 0.122169 1.961017 0.000000 0.000000
    45 1.068383 -10.478592 7.066338 0.292219 -1.282324 -3.141588
    46 0.000000 0.000000 2.279457 0.547137 -0.343566 0.107833
    47 2.479414 -8.323895 6.074242 0.015939 -0.112030 2.165390
    48 0.000003 -5.075260 5.105362 0.000000 0.000000 0.000000
    49 -1.068383 -10.478611 7.065971 0.292219 1.282324 3.141588
    50 -0.000488 0.000015 2.279600 0.547136 0.343566 0.107835
    51 -2.479401 -8.323895 6.074234 0.030062 -0.106805 2.164713
    52 -5.790000 4.432083 14.255558 -4.276438 1.467447 -1.098427
    53 1.044540 -2.839314 19.743252 -0.794548 1.160617 -0.521992
    54 -2.655510 -1.533379 24.792648 -0.404894 -0.083112 0.296845
    55 -1.120216 -0.154385 9.795983 -0.013979 -0.001073 0.121512
    56 -2.240372 -0.308788 19.592047 -0.144033 -0.062667 0.229683
    57 -0.683205 2.877342 14.167089 -0.738031 0.163387 -1.424634
    58 -0.144958 -0.145317 7.579308 -0.659984 0.179629 0.007669
    59 -0.038551 -0.936644 4.697678 -0.493436 0.097479 -0.015610
    60 -0.506317 8.500896 13.617329 -0.591307 0.068789 -1.307733
    61 0.385056 -0.460075 7.003435 -0.399361 0.311098 0.050345
    62 -0.456360 -0.710276 5.057732 -0.218512 0.130322 -0.003734
    63 2.452194 -8.899408 11.597939 -1.090884 0.145349 -1.506498
    64 -0.680515 -0.903999 6.074242 -0.917050 -0.113060 -0.027141
    65 -0.248295 -0.666843 3.386627 -0.769891 -0.120173 0.043278
    66 0.717491 -3.784309 13.044010 -0.979347 0.126082 -1.477618
    67 -1.099228 -1.407673 8.017876 -0.878597 -0.000731 0.001758
    68 -0.064053 -0.807640 3.686100 -0.562187 -0.002416 -0.007192
    69 4.004906 6.172710 4.754800 -0.014982 -0.989457 -2.569679
    70 -0.158381 -1.149773 5.804405 -0.513825 0.334454 0.249102
    71 1.078559 -2.386406 5.215008 -0.424135 0.202686 0.106274
    72 6.289963 0.932404 13.569109 -0.126801 -0.612098 -2.869612
    73 -1.327759 -0.766682 12.396324 -0.016896 -0.008116 0.151754
    74 0.000017 -54.999996 0.000000 0.000000 0.000000 -1.570796
  time 29
    0 0.000000 0.000000 -1.500000 0.000000 0.000000 0.000000
    1 -10.521344 -5.760963 66.994621 3.097005 -0.050653 -3.139334
    2 -6.511546 10.851337 3.761566 0.229653 0.144533 0.925360
    3 -0.000034 0.000012 24.761454 -0.678492 -0.078812 -0.119338
    4 0.000017 0.000000 24.344809 1.395575 -0.158754 -0.043437
    5 0.002333 -1.019846 24.031336 0.389660 -0.042710 0.017201
    6 0.000034 0.000008 13.404741 -0.000001 -0.000009 -0.069885
    7 10.398263 -5.760962 66.994675 3.097005 0.050653 3.139334
    8 1.589726 -5.384227 3.361231 0.049855 -0.344438 0.829100
    9 -0.000004 -0.000006 24.761459 -0.631685 0.073378 -0.667768
    10 -0.000007 0.000004 24.344891 1.362972 0.210118 0.047448
    11 -0.002360 -1.019903 24.031330 0.389594 -0.042695 -0.017219
    12 0.000000 -0.000002 13.404737 0.000001 0.000005 -0.316052
    13 -0.061540 -5.245835 72.927078 0.000000 0.000000 0.000000
    14 3.485805 3.288483 -3.790800 -0.162474 -0.039550 -0.824417
    15 0.000000 -0.005608 -1.146812 0.016878 0.052761 -0.056842
    16 0.030770 -0.240000 8.906021 -0.004138 0.000000 0.000000
    17 -0.207014 -2.725790 -0.578541 0.459393 0.045611 -0.172348
    18 0.030770 -0.276858 8.905140 0.056125 0.004134 -0.000049
    19 0.233117 0.434483 0.049607 -0.052400 0.094465 -0.042391
    20 5.669724 4.435303 14.302868 -0.196086 -1.234456 3.213019
    21 -1.044571 -2.839317 19.743267 -0.765722 -0.320717 0.073023
    22 2.655533 -1.533369 24.792658 -0.901438 0.051647 -1.444192
    23 1.120163 -0.154394 9.796035 -0.062361 -0.008722 -0.552476
    24 2.240311 -0.308786 19.592051 -0.335607 0.155928 -1.135587
    25 0.683151 2.877354 14.167051 -0.485169 -0.143603 1.402372
    26 0.144936 -0.145374 7.579252 -0.539826 -0.139610 0.045694
    27 0.091660 -0.906685 4.702850 -0.374844 -0.056537 0.008138
    28 0.506271 8.500866 13.617253 -0.404770 -0.043707 1.304988
    29 -0.384987 -0.460049 7.003448 -0.308803 -0.258284 0.082630
    30 0.561516 -0.596954 5.061852 -0.133311 -0.073794 0.005024
    31 -2.452171 -8.899406 11.597897 -0.558743 -0.187973 1.482007
    32 0.680496 -0.903999 6.074253 -0.423255 0.050091 0.002449
    33 0.245514 -0.661150 3.388004 -0.270107 0.086800 -0.008481
    34 -0.717484 -3.784271 13.043911 -0.589369 -0.167955 1.447926
    35 1.099216 -1.407745 8.017889 -0.574033 -0.008558 0.004712
    36 0.068439 -0.807653 3.686054 -0.257817 -0.008225 0.000363
    37 -4.004929 6.172707 4.754754 0.057123 0.754146 2.473913
    38 0.158352 -1.149811 5.804394 -0.341469 -0.212149 0.213570
    39 -1.083523 -1.463142 5.544399 -0.251268 -0.091005 0.045063
    40 -6.289886 0.932434 13.569063 -0.126803 0.612110 2.869610
    41 1.327774 -0.766687 12.396328 -0.100421 0.010346 -0.842083
    42 -0.096140 1.828087 23.185329 0.004131 -0.051984 -1.570724
    43 2.325478 -0.000003 6.169296 -0.008789 -0.094185 1.355439
    44 0.000000 -3.152912 0.122169 1.961017 0.000000 0.000000
    45 1.068383 -10.478592 7.066338 0.292219 -1.282324 -3.141588
    46 0.000000 0.000000 2.279457 0.547137 -0.343566 0.107833
    47 2.479414 -8.323895 6.074242 0.012758 -0.094420 2.086405
    48 0.000003 -5.075260 5.105362 0.000000 0.000000 0.000000
    49 -1.068383 -10.478611 7.065971 0.292219 1.282324 3.141588
    50 -0.000488 0.000015 2.279600 0.547136 0.343566 0.107835
    51 -2.479401 -8.323895 6.074234 0.027652 -0.089889 2.087492
    52 -5.790000 4.432083 14.255558 -4.240683 1.465371 -1.083288
    53 1.044540 -2.839314 19.743252 -0.816254 1.166044 -0.539682
    54 -2.655510 -1.533379 24.792648 -0.393068 -0.082918 0.295709
    55 -1.120216 -0.154385 9.795983 -0.014207 -0.001073 0.123471
    56 -2.240372 -0.308788 19.592047 -0.144491 -0.064548 0.233636
    57 -0.683205 2.877342 14.167089 -0.738031 0.163387 -1.424634
    58 -0.144958 -0.145317 7.579308 -0.659984 0.179629 0.007669
    59 -0.038551 -0.936644 4.697678 -0.493436 0.097479 -0.015610
    60 -0.506317 8.500896 13.617329 -0.591307 0.068789 -1.307733
    61 0.385056 -0.460075 7.003435 -0.399361 0.311098 0.050345
    62 -0.456360 -0.710276 5.057732 -0.218512 0.130322 -0.003734
    63 2.452194 -8.899408 11.597939 -1.090884 0.145349 -1.506498
    64 -0.680515 -0.903999 6.074242 -0.917050 -0.113060 -0.027141
    65 -0.248295 -0.666843 3.386627 -0.769891 -0.120173 0.043278
    66 0.717491 -3.784309 13.044010 -0.979347 0.126082 -1.477618
    67 -1.099228 -1.407673 8.017876 -0.878597 -0.000731 0.001758
    68 -0.064053 -0.807640 3.686100 -0.562187 -0.002416 -0.007192
    69 4.004906 6.172710 4.754800 -0.014982 -0.989457 -2.569679
    70 -0.158381 -1.149773 5.804405 -0.513825 0.334454 0.249102
    71 1.078559 -2.386406 5.215008 -0.424135 0.202686 0.106274
    72 6.289963 0.932404 13.569109 -0.126801 -0.612098 -2.869612
    73 -1.327759 -0.766682 12.396324 -0.016836 -0.008092 0.151245
    74 0.000017 -54.999996 0.000000 0.000000 0.000000 -1.570796
  time 30
    0 0.000000 0.000000 -1.500000 0.000000 0.000000 0.000000
    1 -10.521344 -5.760963 66.994621 3.097005 -0.050653 -3.139334
    2 -6.359198 10.888168 3.716717 0.223094 0.145145 0.911074
    3 -0.000034 0.000012 24.761454 -0.673655 -0.078261 -0.105006
    4 0.000017 0.000000 24.344809 1.394774 -0.156400 -0.042399
    5 0.002333 -1.019846 24.031336 0.389585 -0.042710 0.017213
    6 0.000034 0.000008 13.404741 -0.000001 -0.000009 -0.062291
    7 10.398263 -5.760962 66.994675 3.097005 0.050653 3.139334
    8 1.507692 -5.171908 3.338751 0.059666 -0.345755 0.812267
    9 -0.000004 -0.000006 24.761459 -0.630915 0.073294 -0.653735
    10 -0.000007 0.000004 24.344891 1.357421 0.208962 0.047006
    11 -0.002360 -1.019903 24.031330 0.389594 -0.042695 -0.017219
    12 0.000000 -0.000002 13.404737 0.000001 0.000005 -0.308860
    13 -0.061540 -5.245835 72.927078 0.000000 0.000000 0.000000
    14 3.454554 3.428232 -3.723206 -0.165610 -0.037606 -0.810184
    15 0.000000 -0.005608 -1.146812 0.017006 0.051537 -0.056734
    16 0.030770 -0.240000 8.906021 -0.004138 0.000000 0.000000
    17 -0.199202 -2.721883 -0.570728 0.459140 0.042370 -0.164001
    18 0.030770 -0.276858 8.905140 0.056125 0.004134 -0.000049
    19 0.225304 0.434483 0.053514 -0.053115 0.091112 -0.040617
    20 5.669724 4.435303 14.302868 -0.188334 -1.225964 3.210335
    21 -1.044571 -2.839317 19.743267 -0.784019 -0.281005 0.056892
    22 2.655533 -1.533369 24.792658 -0.716482 0.042770 -1.444273
    23 1.120163 -0.154394 9.796035 -0.062613 -0.008830 -0.554857
    24 2.240311 -0.308786 19.592051 -0.320376 0.203769 -1.159206
    25 0.683151 2.877354 14.167051 -0.465146 -0.141230 1.400761
    26 0.144936 -0.145374 7.579252 -0.529743 -0.137884 0.044867
    27 0.091660 -0.906685 4.702850 -0.364817 -0.054691 0.007430
    28 0.506271 8.500866 13.617253 -0.377906 -0.034677 1.303663
    29 -0.384987 -0.460049 7.003448 -0.286572 -0.250494 0.078699
    30 0.561516 -0.596954 5.061852 -0.111998 -0.065213 0.003286
    31 -2.452171 -8.899406 11.597897 -0.549326 -0.187575 1.480746
    32 0.680496 -0.903999 6.074253 -0.423889 0.050151 0.002473
    33 0.245514 -0.661150 3.388004 -0.270799 0.086836 -0.008517
    34 -0.717484 -3.784271 13.043911 -0.575920 -0.169009 1.446420
    35 1.099216 -1.407745 8.017889 -0.570463 -0.008714 0.004700
    36 0.068439 -0.807653 3.686054 -0.254228 -0.008357 0.000327
    37 -4.004929 6.172707 4.754754 0.052529 0.737510 2.468172
    38 0.158352 -1.149811 5.804394 -0.341469 -0.212149 0.213570
    39 -1.083523 -1.463142 5.544399 -0.251268 -0.091005 0.045063
    40 -6.289886 0.932434 13.569063 -0.126803 0.612110 2.869610
    41 1.327774 -0.766687 12.396328 -0.100601 0.010286 -0.843690
    42 -0.096140 1.828087 23.185329 0.004131 -0.051984 -1.570724
    43 2.325478 -0.000003 6.169296 -0.012705 -0.091913 1.424647
    44 0.000000 -3.152912 0.122169 1.961017 0.000000 0.000000
    45 1.068383 -10.478592 7.066338 0.292219 -1.282324 -3.141588
    46 0.000000 0.000000 2.279457 0.547137 -0.343566 0.107833
    47 2.479414 -8.323895 6.074242 0.009740 -0.091462 2.012100
    48 0.000003 -5.075260 5.105362 0.000000 0.000000 0.000000
    49 -1.068383 -10.478611 7.065971 0.292219 1.282324 3.141588
    50 -0.000488 0.000015 2.279600 0.547136 0.343566 0.107835
    51 -2.479401 -8.323895 6.074234 0.025323 -0.087148 2.014775
    52 -5.790000 4.432083 14.255558 -4.202148 1.463917 -1.067191
    53 1.044540 -2.839314 19.743252 -0.816365 1.174142 -0.544363
    54 -2.655510 -1.533379 24.792648 -0.381090 -0.082503 0.286318
    55 -1.120216 -0.154385 9.795983 -0.014387 -0.001073 0.125022
    56 -2.240372 -0.308788 19.592047 -0.138840 -0.060489 0.237502
    57 -0.683205 2.877342 14.167089 -0.738031 0.163387 -1.424634
    58 -0.144958 -0.145317 7.579308 -0.659984 0.179629 0.007669
    59 -0.038551 -0.936644 4.697678 -0.493436 0.097479 -0.015610
    60 -0.506317 8.500896 13.617329 -0.591307 0.068789 -1.307733
    61 0.385056 -0.460075 7.003435 -0.399361 0.311098 0.050345
    62 -0.456360 -0.710276 5.057732 -0.218512 0.130322 -0.003734
    63 2.452194 -8.899408 11.597939 -1.090884 0.145349 -1.506498
    64 -0.680515 -0.903999 6.074242 -0.917050 -0.113060 -0.027141
    65 -0.248295 -0.666843 3.386627 -0.769891 -0.120173 0.043278
    66 0.717491 -3.784309 13.044010 -0.979347 0.126082 -1.477618
    67 -1.099228 -1.407673 8.017876 -0.878597 -0.000731 0.001758
    68 -0.064053 -0.807640 3.686100 -0.562187 -0.002416 -0.007192
    69 4.004906 6.172710 4.754800 -0.014982 -0.989457 -2.569679
    70 -0.158381 -1.149773 5.804405 -0.513825 0.334454 0.249102
    71 1.078559 -2.386406 5.215008 -0.424135 0.202686 0.106274
    72 6.289963 0.932404 13.569109 -0.126801 -0.612098 -2.869612
    73 -1.327759 -0.766682 12.396324 -0.016093 -0.007817 0.144676
    74 0.000017 -54.999996 0.000000 0.000000 0.000000 -1.570796
  time 31
    0 0.000000 0.000000 -1.500000 0.000000 0.000000 0.000000
    1 -10.521344 -5.760963 66.994621 3.097005 -0.050653 -3.139334
    2 -6.206849 10.900445 3.694292 0.216604 0.146314 0.895302
    3 -0.000034 0.000012 24.761454 -0.669915 -0.077805 -0.089207
    4 0.000017 0.000000 24.344809 1.394774 -0.154273 -0.041427
    5 0.002333 -1.019846 24.031336 0.389585 -0.042710 0.017201
    6 0.000034 0.000008 13.404741 -0.000001 -0.000009 -0.054023
    7 10.398263 -5.760962 66.994675 3.097005 0.050653 3.139334
    8 1.390501 -4.934610 3.316270 0.071183 -0.346815 0.793288
    9 -0.000004 -0.000006 24.761459 -0.631025 0.073306 -0.637945
    10 -0.000007 0.000004 24.344891 1.351806 0.207229 0.046418
    11 -0.002360 -1.019903 24.031330 0.389594 -0.042695 -0.017219
    12 0.000000 -0.000002 13.404737 0.000001 0.000005 -0.300852
    13 -0.061540 -5.245835 72.927078 0.000000 0.000000 0.000000
    14 3.442835 3.591271 -3.700675 -0.169066 -0.034337 -0.795411
    15 0.000000 -0.005608 -1.146812 0.016814 0.048102 -0.055647
    16 0.030770 -0.240000 8.906021 -0.004138 0.000000 0.000000
    17 -0.187482 -2.706258 -0.566822 0.458109 0.039167 -0.152540
    18 0.030770 -0.276858 8.905140 0.056125 0.004134 -0.000049
    19 0.197959 0.454015 0.049607 -0.058834 0.081032 -0.037429
    20 5.669724 4.435303 14.302868 -0.187473 -1.198446 3.206598
    21 -1.044571 -2.839317 19.743267 -0.766896 -0.163904 0.020174
    22 2.655533 -1.533369 24.792658 -0.565679 0.035085 -1.477107
    23 1.120163 -0.154394 9.796035 -0.063320 -0.009166 -0.561583
    24 2.240311 -0.308786 19.592051 -0.309714 0.252577 -1.192479
    25 0.683151 2.877354 14.167051 -0.416872 -0.134255 1.396602
    26 0.144936 -0.145374 7.579252 -0.493686 -0.131712 0.042063
    27 0.091660 -0.906685 4.702850 -0.329057 -0.048040 0.005141
    28 0.506271 8.500866 13.617253 -0.322016 -0.012949 1.300736
    29 -0.384987 -0.460049 7.003448 -0.235672 -0.232314 0.070381
    30 0.561516 -0.596954 5.061852 -0.062980 -0.045367 0.000038
    31 -2.452171 -8.899406 11.597897 -0.518088 -0.190463 1.478195
    32 0.680496 -0.903999 6.074253 -0.405251 0.048305 0.001526
    33 0.245514 -0.661150 3.388004 -0.251893 0.085674 -0.007510
    34 -0.717484 -3.784271 13.043911 -0.538086 -0.173300 1.442686
    35 1.099216 -1.407745 8.017889 -0.544928 -0.009744 0.004568
    36 0.068439 -0.807653 3.686054 -0.228677 -0.009268 -0.000045
    37 -4.004929 6.172707 4.754754 0.047575 0.719008 2.462144
    38 0.158352 -1.149811 5.804394 -0.341511 -0.212149 0.213570
    39 -1.083523 -1.463142 5.544399 -0.251268 -0.091005 0.045077
    40 -6.289886 0.932434 13.569063 -0.126803 0.612110 2.869610
    41 1.327774 -0.766687 12.396328 -0.103872 0.009135 -0.871761
    42 -0.096140 1.828087 23.185329 0.004131 -0.051984 -1.570724
    43 2.325478 -0.000003 6.169296 -0.018148 -0.090669 1.488947
    44 0.000000 -3.152912 0.122169 1.961017 0.000000 0.000000
    45 1.068383 -10.478592 7.066338 0.292219 -1.282324 -3.141588
    46 0.000000 0.000000 2.279457 0.547137 -0.343566 0.107833
    47 2.479414 -8.323895 6.074242 0.006913 -0.090945 1.942857
    48 0.000003 -5.075260 5.105362 0.000000 0.000000 0.000000
    49 -1.068383 -10.478611 7.065971 0.292219 1.282324 3.141588
    50 -0.000488 0.000015 2.279600 0.547136 0.343566 0.107835
    51 -2.479401 -8.323895 6.074234 0.022993 -0.086959 1.946848
    52 -5.790000 4.432083 14.255558 -4.157191 1.463294 -1.048315
    53 1.044540 -2.839314 19.743252 -0.806514 1.183427 -0.542839
    54 -2.655510 -1.533379 24.792648 -0.369666 -0.082025 0.274504
    55 -1.120216 -0.154385 9.795983 -0.014482 -0.001073 0.125919
    56 -2.240372 -0.308788 19.592047 -0.125323 -0.050786 0.240939
    57 -0.683205 2.877342 14.167089 -0.738031 0.163387 -1.424634
    58 -0.144958 -0.145317 7.579308 -0.659984 0.179629 0.007669
    59 -0.038551 -0.936644 4.697678 -0.493436 0.097479 -0.015610
    60 -0.506317 8.500896 13.617329 -0.591307 0.068789 -1.307733
    61 0.385056 -0.460075 7.003435 -0.399361 0.311098 0.050345
    62 -0.456360 -0.710276 5.057732 -0.218512 0.130322 -0.003734
    63 2.452194 -8.899408 11.597939 -1.090884 0.145349 -1.506498
    64 -0.680515 -0.903999 6.074242 -0.917050 -0.113060 -0.027141
    65 -0.248295 -0.666843 3.386627 -0.769891 -0.120173 0.043278
    66 0.717491 -3.784309 13.044010 -0.979347 0.126082 -1.477618
    67 -1.099228 -1.407673 8.017876 -0.878597 -0.000731 0.001758
    68 -0.064053 -0.807640 3.686100 -0.562187 -0.002416 -0.007192
    69 4.004906 6.172710 4.754800 -0.014982 -0.989457 -2.569679
    70 -0.158381 -1.149773 5.804405 -0.513825 0.334454 0.249102
    71 1.078559 -2.386406 5.215008 -0.424135 0.202686 0.106274
    72 6.289963 0.932404 13.569109 -0.126801 -0.612098 -2.869612
    73 -1.327759 -0.766682 12.396324 -0.015086 -0.007397 0.136024
    74 0.000017 -54.999996 0.000000 0.000000 0.000000 -1.570796
  time 32
    0 0.000000 0.000000 -1.500000 0.000000 0.000000 0.000000
    1 -10.521344 -5.760963 66.994621 3.097005 -0.050653 -3.139334
    2 -6.066220 10.900445 3.671868 0.210318 0.147873 0.878481
    3 -0.000034 0.000012 24.761454 -0.666988 -0.077482 -0.072472
    4 0.000017 0.000000 24.344809 1.395390 -0.152439 -0.040649
    5 0.002333 -1.019846 24.031336 0.389585 -0.042710 0.017201
    6 0.000034 0.000008 13.404741 -0.000001 -0.000009 -0.045311
    7 10.398263 -5.760962 66.994675 3.097005 0.050653 3.139334
    8 1.257684 -4.684822 3.271310 0.083809 -0.347401 0.772824
    9 -0.000004 -0.000006 24.761459 -0.631740 0.073390 -0.621042
    10 -0.000007 0.000004 24.344891 1.346320 0.205007 0.045703
    11 -0.002360 -1.019903 24.031330 0.389594 -0.042695 -0.017219
    12 0.000000 -0.000002 13.404737 0.000001 0.000005 -0.292350
    13 -0.061540 -5.245835 72.927078 0.000000 0.000000 0.000000
    14 3.442835 3.742665 -3.655613 -0.172747 -0.030122 -0.780217
    15 0.000000 -0.005608 -1.146812 0.016336 0.043067 -0.053853
    16 0.030770 -0.240000 8.906021 -0.004138 0.000000 0.000000
    17 -0.167951 -2.694539 -0.566822 0.456446 0.036027 -0.138763
    18 0.030770 -0.276858 8.905140 0.056125 0.004134 -0.000049
    19 0.170615 0.481359 0.045701 -0.068628 0.066076 -0.033091
    20 5.669724 4.435303 14.302868 -0.192928 -1.159477 3.203723
    21 -1.044571 -2.839317 19.743267 -0.735343 0.001780 -0.018433
    22 2.655533 -1.533369 24.792658 -0.469989 0.028706 -1.526115
    23 1.120163 -0.154394 9.796035 -0.064279 -0.009597 -0.570758
    24 2.240311 -0.308786 19.592051 -0.303012 0.298853 -1.230023
    25 0.683151 2.877354 14.167051 -0.351811 -0.124212 1.391457
    26 0.144936 -0.145374 7.579252 -0.445130 -0.123191 0.038647
    27 0.091660 -0.906685 4.702850 -0.280842 -0.038919 0.002433
    28 0.506271 8.500866 13.617253 -0.249144 0.016557 1.298640
    29 -0.384987 -0.460049 7.003448 -0.171220 -0.208500 0.061201
    30 0.561516 -0.596954 5.061852 -0.000539 -0.019803 -0.002670
    31 -2.452171 -8.899406 11.597897 -0.473332 -0.195342 1.474625
    32 0.680496 -0.903999 6.074253 -0.377334 0.045609 0.000040
    33 0.245514 -0.661150 3.388004 -0.223773 0.083888 -0.006048
    34 -0.717484 -3.784271 13.043911 -0.485304 -0.179328 1.437246
    35 1.099216 -1.407745 8.017889 -0.508915 -0.011195 0.004340
    36 0.068439 -0.807653 3.686054 -0.192678 -0.010514 -0.000620
    37 -4.004929 6.172707 4.754754 0.042891 0.700013 2.456021
    38 0.158352 -1.149811 5.804394 -0.341511 -0.212149 0.213570
    39 -1.083523 -1.463142 5.544399 -0.251268 -0.091005 0.045063
    40 -6.289886 0.932434 13.569063 -0.126803 0.612110 2.869610
    41 1.327774 -0.766687 12.396328 -0.109014 0.007170 -0.916252
    42 -0.096140 1.828087 23.185329 0.004131 -0.051984 -1.570724
    43 2.325478 -0.000003 6.169296 -0.024642 -0.089844 1.545223
    44 0.000000 -3.152912 0.122169 1.961017 0.000000 0.000000
    45 1.068383 -10.478592 7.066338 0.292219 -1.282324 -3.141588
    46 0.000000 0.000000 2.279457 0.547137 -0.343566 0.107833
    47 2.479414 -8.323895 6.074242 0.004412 -0.092589 1.882305
    48 0.000003 -5.075260 5.105362 0.000000 0.000000 0.000000
    49 -1.068383 -10.478611 7.065971 0.292219 1.282324 3.141588
    50 -0.000488 0.000015 2.279600 0.547136 0.343566 0.107835
    51 -2.479401 -8.323895 6.074234 0.020864 -0.088755 1.887256
    52 -5.790000 4.432083 14.255558 -4.107345 1.463377 -1.026853
    53 1.044540 -2.839314 19.743252 -0.787424 1.192839 -0.534838
    54 -2.655510 -1.533379 24.792648 -0.359199 -0.081520 0.261479
    55 -1.120216 -0.154385 9.795983 -0.014518 -0.001073 0.126382
    56 -2.240372 -0.308788 19.592047 -0.105697 -0.037123 0.244032
    57 -0.683205 2.877342 14.167089 -0.738031 0.163387 -1.424634
    58 -0.144958 -0.145317 7.579308 -0.659984 0.179629 0.007669
    59 -0.038551 -0.936644 4.697678 -0.493436 0.097479 -0.015610
    60 -0.506317 8.500896 13.617329 -0.591307 0.068789 -1.307733
    61 0.385056 -0.460075 7.003435 -0.399361 0.311098 0.050345
    62 -0.456360 -0.710276 5.057732 -0.218512 0.130322 -0.003734
    63 2.452194 -8.899408 11.597939 -1.090884 0.145349 -1.506498
    64 -0.680515 -0.903999 6.074242 -0.917050 -0.113060 -0.027141
    65 -0.248295 -0.666843 3.386627 -0.769891 -0.120173 0.043278
    66 0.717491 -3.784309 13.044010 -0.979347 0.126082 -1.477618
    67 -1.099228 -1.407673 8.017876 -0.878597 -0.000731 0.001758
    68 -0.064053 -0.807640 3.686100 -0.562187 -0.002416 -0.007192
    69 4.004906 6.172710 4.754800 -0.014982 -0.989457 -2.569679
    70 -0.158381 -1.149773 5.804405 -0.513825 0.334454 0.249102
    71 1.078559 -2.386406 5.215008 -0.424135 0.202686 0.106274
    72 6.289963 0.932404 13.569109 -0.126801 -0.612098 -2.869612
    73 -1.327759 -0.766682 12.396324 -0.013923 -0.006942 0.126031
    74 0.000017 -54.999996 0.000000 0.000000 0.000000 -1.570796
  time 33
    0 0.000000 0.000000 -1.500000 0.000000 0.000000 0.000000
    1 -10.521344 -5.760963 66.994621 3.097005 -0.050653 -3.139334
    2 -5.933403 10.875891 3.649443 0.204238 0.149821 0.861223
    3 -0.000034 0.000012 24.761454 -0.664630 -0.077194 -0.055411
    4 0.000017 0.000000 24.344809 1.396438 -0.150990 -0.040044
    5 0.002333 -1.019846 24.031336 0.389660 -0.042710 0.017201
    6 0.000034 0.000008 13.404741 -0.000001 -0.000009 -0.036494
    7 10.398263 -5.760962 66.994675 3.097005 0.050653 3.139334
    8 1.101430 -4.447524 3.248830 0.097117 -0.347510 0.751782
    9 -0.000004 -0.000006 24.761459 -0.633060 0.073546 -0.603600
    10 -0.000007 0.000004 24.344891 1.341157 0.202452 0.044883
    11 -0.002360 -1.019903 24.031330 0.389594 -0.042695 -0.017219
    12 0.000000 -0.000002 13.404737 0.000001 0.000005 -0.283677
    13 -0.061540 -5.245835 72.927078 0.000000 0.000000 0.000000
    14 3.454554 3.882414 -3.610551 -0.176363 -0.025339 -0.765144
    15 0.000000 -0.005608 -1.146812 0.015794 0.036982 -0.051625
    16 0.030770 -0.240000 8.906021 -0.004138 0.000000 0.000000
    17 -0.152325 -2.671101 -0.559009 0.454384 0.033052 -0.123748
    18 0.030770 -0.276858 8.905140 0.056125 0.004134 -0.000049
    19 0.123738 0.512610 0.045701 -0.081246 0.048158 -0.027745
    20 5.669724 4.435303 14.302868 -0.203264 -1.116772 3.202669
    21 -1.044571 -2.839317 19.743267 -0.703153 0.182128 -0.050300
    22 2.655533 -1.533369 24.792658 -0.450244 0.023749 -1.571565
    23 1.120163 -0.154394 9.796035 -0.065285 -0.010077 -0.580485
    24 2.240311 -0.308786 19.592051 -0.298312 0.338544 -1.266025
    25 0.683151 2.877354 14.167051 -0.281100 -0.112826 1.386649
    26 0.144936 -0.145374 7.579252 -0.395319 -0.114274 0.035567
    27 0.091660 -0.906685 4.702850 -0.231437 -0.029428 0.000096
    28 0.506271 8.500866 13.617253 -0.170775 0.048765 1.298825
    29 -0.384987 -0.460049 7.003448 -0.105950 -0.183644 0.053507
    30 0.561516 -0.596954 5.061852 0.063151 0.006384 -0.003821
    31 -2.452171 -8.899406 11.597897 -0.423007 -0.200959 1.470384
    32 0.680496 -0.903999 6.074253 -0.348505 0.042852 -0.001578
    33 0.245514 -0.661150 3.388004 -0.194642 0.081994 -0.004586
    34 -0.717484 -3.784271 13.043911 -0.426967 -0.185800 1.430915
    35 1.099216 -1.407745 8.017889 -0.471932 -0.012669 0.004077
    36 0.068439 -0.807653 3.686054 -0.155684 -0.011797 -0.001231
    37 -4.004929 6.172707 4.754754 0.038567 0.681740 2.450184
    38 0.158352 -1.149811 5.804394 -0.341511 -0.212149 0.213570
    39 -1.083523 -1.463142 5.544399 -0.251268 -0.091005 0.045063
    40 -6.289886 0.932434 13.569063 -0.126803 0.612110 2.869610
    41 1.327774 -0.766687 12.396328 -0.114371 0.004809 -0.963555
    42 -0.096140 1.828087 23.185329 0.004131 -0.051984 -1.570724
    43 2.325478 -0.000003 6.169296 -0.031566 -0.089005 1.590484
    44 0.000000 -3.152912 0.122169 1.961017 0.000000 0.000000
    45 1.068383 -10.478592 7.066338 0.292219 -1.282324 -3.141588
    46 0.000000 0.000000 2.279457 0.547137 -0.343566 0.107833
    47 2.479414 -8.323895 6.074242 0.002373 -0.095641 1.833596
    48 0.000003 -5.075260 5.105362 0.000000 0.000000 0.000000
    49 -1.068383 -10.478611 7.065971 0.292219 1.282324 3.141588
    50 -0.000488 0.000015 2.279600 0.547136 0.343566 0.107835
    51 -2.479401 -8.323895 6.074234 0.019117 -0.091968 1.839065
    52 -5.790000 4.432083 14.255558 -4.053760 1.464000 -1.002516
    53 1.044540 -2.839314 19.743252 -0.760542 1.201403 -0.520495
    54 -2.655510 -1.533379 24.792648 -0.349687 -0.081002 0.248453
    55 -1.120216 -0.154385 9.795983 -0.014614 -0.001049 0.126355
    56 -2.240372 -0.308788 19.592047 -0.082634 -0.021084 0.246695
    57 -0.683205 2.877342 14.167089 -0.738031 0.163387 -1.424634
    58 -0.144958 -0.145317 7.579308 -0.659984 0.179629 0.007669
    59 -0.038551 -0.936644 4.697678 -0.493436 0.097479 -0.015610
    60 -0.506317 8.500896 13.617329 -0.591307 0.068789 -1.307733
    61 0.385056 -0.460075 7.003435 -0.399361 0.311098 0.050345
    62 -0.456360 -0.710276 5.057732 -0.218512 0.130322 -0.003734
    63 2.452194 -8.899408 11.597939 -1.090884 0.145349 -1.506498
    64 -0.680515 -0.903999 6.074242 -0.917050 -0.113060 -0.027141
    65 -0.248295 -0.666843 3.386627 -0.769891 -0.120173 0.043278
    66 0.717491 -3.784309 13.044010 -0.979347 0.126082 -1.477618
    67 -1.099228 -1.407673 8.017876 -0.878597 -0.000731 0.001758
    68 -0.064053 -0.807640 3.686100 -0.562187 -0.002416 -0.007192
    69 4.004906 6.172710 4.754800 -0.014982 -0.989457 -2.569679
    70 -0.158381 -1.149773 5.804405 -0.513825 0.334454 0.249102
    71 1.078559 -2.386406 5.215008 -0.424135 0.202686 0.106274
    72 6.289963 0.932404 13.569109 -0.126801 -0.612098 -2.869612
    73 -1.327759 -0.766682 12.396324 -0.012857 -0.006402 0.115575
    74 0.000017 -54.999996 0.000000 0.000000 0.000000 -1.570796
  time 34
    0 0.000000 0.000000 -1.500000 0.000000 0.000000 0.000000
    1 -10.521344 -5.760963 66.994621 3.097005 -0.050653 -3.139334
    2 -5.820119 10.851337 3.649443 0.198363 0.152020 0.844228
    3 -0.000034 0.000012 24.761454 -0.662639 -0.076966 -0.038635
    4 0.000017 0.000000 24.344809 1.397671 -0.149995 -0.039612
    5 0.002333 -1.019846 24.031336 0.389660 -0.042698 0.017201
    6 0.000034 0.000008 13.404741 -0.000001 -0.000009 -0.027867
    7 10.398263 -5.760962 66.994675 3.097005 0.050653 3.139334
    8 0.941269 -4.210226 3.226350 0.110340 -0.347071 0.730823
    9 -0.000004 -0.000006 24.761459 -0.634710 0.073738 -0.586410
    10 -0.000007 0.000004 24.344891 1.336381 0.199630 0.044043
    11 -0.002360 -1.019903 24.031330 0.389594 -0.042695 -0.017219
    12 0.000000 -0.000002 13.404737 0.000001 0.000005 -0.275196
    13 -0.061540 -5.245835 72.927078 0.000000 0.000000 0.000000
    14 3.477993 4.010516 -3.588020 -0.179884 -0.020367 -0.750491
    15 0.000000 -0.005608 -1.146812 0.015060 0.030409 -0.049179
    16 0.030770 -0.240000 8.906021 -0.004138 0.000000 0.000000
    17 -0.132793 -2.647662 -0.547290 0.452238 0.030279 -0.108454
    18 0.030770 -0.276858 8.905140 0.056125 0.004134 -0.000049
    19 0.069049 0.551674 0.037888 -0.095437 0.029171 -0.021753
    20 5.669724 4.435303 14.302868 -0.215897 -1.077909 3.203339
    21 -1.044571 -2.839317 19.743267 -0.681726 0.340349 -0.075878
    22 2.655533 -1.533369 24.792658 -0.541420 0.022212 -1.594695
    23 1.120163 -0.154394 9.796035 -0.066148 -0.010496 -0.588729
    24 2.240311 -0.308786 19.592051 -0.292263 0.367921 -1.294075
    25 0.683151 2.877354 14.167051 -0.215382 -0.101908 1.382940
    26 0.144936 -0.145374 7.579252 -0.352571 -0.106508 0.033290
    27 0.091660 -0.906685 4.702850 -0.188947 -0.021182 -0.001534
    28 0.506271 8.500866 13.617253 -0.097841 0.078557 1.301445
    29 -0.384987 -0.460049 7.003448 -0.049572 -0.161689 0.048186
    30 0.561516 -0.596954 5.061852 0.118487 0.029191 -0.003437
    31 -2.452171 -8.899406 11.597897 -0.374910 -0.206197 1.465981
    32 0.680496 -0.903999 6.074253 -0.324117 0.040563 -0.003004
    33 0.245514 -0.661150 3.388004 -0.170037 0.080364 -0.003412
    34 -0.717484 -3.784271 13.043911 -0.371980 -0.191517 1.424538
    35 1.099216 -1.407745 8.017889 -0.440538 -0.013903 0.003789
    36 0.068439 -0.807653 3.686054 -0.124305 -0.012851 -0.001782
    37 -4.004929 6.172707 4.754754 0.034874 0.665527 2.445400
    38 0.158352 -1.149811 5.804394 -0.341469 -0.212149 0.213570
    39 -1.083523 -1.463142 5.544399 -0.251268 -0.091005 0.045063
    40 -6.289886 0.932434 13.569063 -0.126803 0.612110 2.869610
    41 1.327774 -0.766687 12.396328 -0.118554 0.002736 -1.001468
    42 -0.096140 1.828087 23.185329 0.004131 -0.051984 -1.570724
    43 2.325478 -0.000003 6.169296 -0.038299 -0.087949 1.621816
    44 0.000000 -3.152912 0.122169 1.961017 0.000000 0.000000
    45 1.068383 -10.478592 7.066338 0.292219 -1.282324 -3.141588
    46 0.000000 0.000000 2.279457 0.547137 -0.343566 0.107833
    47 2.479414 -8.323895 6.074242 0.000959 -0.099821 1.800073
    48 0.000003 -5.075260 5.105362 0.000000 0.000000 0.000000
    49 -1.068383 -10.478611 7.065971 0.292219 1.282324 3.141588
    50 -0.000488 0.000015 2.279600 0.547136 0.343566 0.107835
    51 -2.479401 -8.323895 6.074234 0.017872 -0.096268 1.805820
    52 -5.790000 4.432083 14.255558 -4.000655 1.464748 -0.977412
    53 1.044540 -2.839314 19.743252 -0.727816 1.208144 -0.500900
    54 -2.655510 -1.533379 24.792648 -0.341383 -0.080523 0.236336
    55 -1.120216 -0.154385 9.795983 -0.014518 -0.001073 0.126028
    56 -2.240372 -0.308788 19.592047 -0.058349 -0.004104 0.248758
    57 -0.683205 2.877342 14.167089 -0.738031 0.163387 -1.424634
    58 -0.144958 -0.145317 7.579308 -0.659984 0.179629 0.007669
    59 -0.038551 -0.936644 4.697678 -0.493436 0.097479 -0.015610
    60 -0.506317 8.500896 13.617329 -0.591307 0.068789 -1.307733
    61 0.385056 -0.460075 7.003435 -0.399361 0.311098 0.050345
    62 -0.456360 -0.710276 5.057732 -0.218512 0.130322 -0.003734
    63 2.452194 -8.899408 11.597939 -1.090884 0.145349 -1.506498
    64 -0.680515 -0.903999 6.074242 -0.917050 -0.113060 -0.027141
    65 -0.248295 -0.666843 3.386627 -0.769891 -0.120173 0.043278
    66 0.717491 -3.784309 13.044010 -0.979347 0.126082 -1.477618
    67 -1.099228 -1.407673 8.017876 -0.878597 -0.000731 0.001758
    68 -0.064053 -0.807640 3.686100 -0.562187 -0.002416 -0.007192
    69 4.004906 6.172710 4.754800 -0.014982 -0.989457 -2.569679
    70 -0.158381 -1.149773 5.804405 -0.513825 0.334454 0.249102
    71 1.078559 -2.386406 5.215008 -0.424135 0.202686 0.106274
    72 6.289963 0.932404 13.569109 -0.126801 -0.612098 -2.869612
    73 -1.327759 -0.766682 12.396324 -0.011658 -0.005923 0.105674
    74 0.000017 -54.999996 0.000000 0.000000 0.000000 -1.570796
  time 35
    0 0.000000 0.000000 -1.500000 0.000000 0.000000 0.000000
    1 -10.521344 -5.760963 66.994621 3.097005 -0.050653 -3.139334
    2 -5.722460 10.802229 3.649443 0.192760 0.154386 0.827932
    3 -0.000034 0.000012 24.761454 -0.660809 -0.076763 -0.022714
    4 0.000017 0.000000 24.344809 1.399028 -0.149451 -0.039331
    5 0.002333 -1.019846 24.031336 0.389660 -0.042710 0.017201
    6 0.000034 0.000008 13.404741 -0.000001 -0.000009 -0.019725
    7 10.398263 -5.760962 66.994675 3.097005 0.050653 3.139334
    8 0.773295 -4.010396 3.226350 0.123222 -0.346120 0.711184
    9 -0.000004 -0.000006 24.761459 -0.636690 0.073965 -0.570045
    10 -0.000007 0.000004 24.344891 1.332186 0.196697 0.043160
    11 -0.002360 -1.019903 24.031330 0.389594 -0.042695 -0.017219
    12 0.000000 -0.000002 13.404737 0.000001 0.000005 -0.267145
    13 -0.061540 -5.245835 72.927078 0.000000 0.000000 0.000000
    14 3.509243 4.126973 -3.588020 -0.182988 -0.015567 -0.736679
    15 0.000000 -0.005608 -1.146812 0.014326 0.023932 -0.046815
    16 0.030770 -0.240000 8.906021 -0.004138 0.000000 0.000000
    17 -0.109355 -2.632037 -0.543384 0.450218 0.027569 -0.093598
    18 0.030770 -0.276858 8.905140 0.056125 0.004134 -0.000049
    19 0.026079 0.586831 0.033982 -0.110021 0.011109 -0.015569
    20 5.669724 4.435303 14.302868 -0.228243 -1.050426 3.204969
    21 -1.044571 -2.839317 19.743267 -0.679916 0.441482 -0.096296
    22 2.655533 -1.533369 24.792658 -0.735620 0.028168 -1.589034
    23 1.120163 -0.154394 9.796035 -0.066676 -0.010748 -0.593696
    24 2.240311 -0.308786 19.592051 -0.280426 0.383070 -1.307448
    25 0.683151 2.877354 14.167051 -0.165023 -0.093459 1.380667
    26 0.144936 -0.145374 7.579252 -0.322462 -0.100995 0.031876
    27 0.091660 -0.906685 4.702850 -0.159047 -0.015358 -0.002481
    28 0.506271 8.500866 13.617253 -0.041766 0.100900 1.305173
    29 -0.384987 -0.460049 7.003448 -0.009200 -0.145713 0.045154
    30 0.561516 -0.596954 5.061852 0.158437 0.045574 -0.002407
    31 -2.452171 -8.899406 11.597897 -0.336735 -0.209961 1.462196
    32 0.680496 -0.903999 6.074253 -0.307065 0.038969 -0.004023
    33 0.245514 -0.661150 3.388004 -0.152835 0.079214 -0.002609
    34 -0.717484 -3.784271 13.043911 -0.328855 -0.195663 1.419267
    35 1.099216 -1.407745 8.017889 -0.418573 -0.014778 0.003561
    36 0.068439 -0.807653 3.686054 -0.102272 -0.013582 -0.002214
    37 -4.004929 6.172707 4.754754 0.032082 0.652658 2.441572
    38 0.158352 -1.149811 5.804394 -0.341469 -0.212149 0.213570
    39 -1.083523 -1.463142 5.544399 -0.251268 -0.091005 0.045063
    40 -6.289886 0.932434 13.569063 -0.126803 0.612110 2.869610
    41 1.327774 -0.766687 12.396328 -0.120974 0.001429 -1.023664
    42 -0.096140 1.828087 23.185329 0.004131 -0.051984 -1.570724
    43 2.325478 -0.000003 6.169296 -0.044172 -0.086661 1.636105
    44 0.000000 -3.152912 0.122169 1.961017 0.000000 0.000000
    45 1.068383 -10.478592 7.066338 0.292219 -1.282324 -3.141576
    46 0.000000 0.000000 2.279457 0.547137 -0.343566 0.107833
    47 2.479414 -8.323895 6.074242 0.000334 -0.104470 1.784696
    48 0.000003 -5.075260 5.105362 0.000000 0.000000 0.000000
    49 -1.068383 -10.478611 7.065971 0.292219 1.282324 3.141588
    50 -0.000488 0.000015 2.279600 0.547136 0.343566 0.107835
    51 -2.479401 -8.323895 6.074234 0.017289 -0.100993 1.790587
    52 -5.790000 4.432083 14.255558 -3.948317 1.465620 -0.950871
    53 1.044540 -2.839314 19.743252 -0.692363 1.212681 -0.477985
    54 -2.655510 -1.533379 24.792648 -0.334237 -0.080109 0.226264
    55 -1.120216 -0.154385 9.795983 -0.014447 -0.001073 0.125511
    56 -2.240372 -0.308788 19.592047 -0.034828 0.012133 0.250218
    57 -0.683205 2.877342 14.167089 -0.738031 0.163387 -1.424634
    58 -0.144958 -0.145317 7.579308 -0.659984 0.179629 0.007669
    59 -0.038551 -0.936644 4.697678 -0.493436 0.097479 -0.015610
    60 -0.506317 8.500896 13.617329 -0.591307 0.068789 -1.307733
    61 0.385056 -0.460075 7.003435 -0.399361 0.311098 0.050345
    62 -0.456360 -0.710276 5.057732 -0.218512 0.130322 -0.003734
    63 2.452194 -8.899408 11.597939 -1.090884 0.145349 -1.506498
    64 -0.680515 -0.903999 6.074242 -0.917050 -0.113060 -0.027141
    65 -0.248295 -0.666843 3.386627 -0.769891 -0.120173 0.043278
    66 0.717491 -3.784309 13.044010 -0.979347 0.126082 -1.477618
    67 -1.099228 -1.407673 8.017876 -0.878597 -0.000731 0.001758
    68 -0.064053 -0.807640 3.686100 -0.562187 -0.002416 -0.007192
    69 4.004906 6.172710 4.754800 -0.014982 -0.989457 -2.569679
    70 -0.158381 -1.149773 5.804405 -0.513825 0.334454 0.249102
    71 1.078559 -2.386406 5.215008 -0.424135 0.202686 0.106274
    72 6.289963 0.932404 13.569109 -0.126801 -0.612098 -2.869612
    73 -1.327759 -0.766682 12.396324 -0.010664 -0.005492 0.096884
    74 0.000017 -54.999996 0.000000 0.000000 0.000000 -1.570796
  time 36
    0 0.000000 0.000000 -1.500000 0.000000 0.000000 0.000000
    1 -10.521344 -5.760963 66.994621 3.097005 -0.050653 -3.139334
    2 -5.648239 10.728567 3.627019 0.187500 0.156919 0.813121
    3 -0.000034 0.000012 24.761454 -0.659021 -0.076559 -0.008259
    4 0.000017 0.000000 24.344809 1.400261 -0.149451 -0.039267
    5 0.002333 -1.019846 24.031336 0.389660 -0.042710 0.017201
    6 0.000034 0.000008 13.404741 -0.000001 -0.000009 -0.012342
    7 10.398263 -5.760962 66.994675 3.097005 0.050653 3.139334
    8 0.617040 -3.835545 3.203869 0.134995 -0.344730 0.693113
    9 -0.000004 -0.000006 24.761459 -0.639000 0.074229 -0.555152
    10 -0.000007 0.000004 24.344891 1.328959 0.193764 0.042298
    11 -0.002360 -1.019903 24.031330 0.389594 -0.042695 -0.017219
    12 0.000000 -0.000002 13.404737 0.000001 0.000005 -0.259824
    13 -0.061540 -5.245835 72.927078 0.000000 0.000000 0.000000
    14 3.548307 4.208493 -3.588020 -0.185613 -0.011317 -0.723767
    15 0.000000 -0.005608 -1.146812 0.013529 0.018112 -0.044722
    16 0.030770 -0.240000 8.906021 -0.004138 0.000000 0.000000
    17 -0.089823 -2.612505 -0.539477 0.448660 0.024847 -0.079981
    18 0.030770 -0.276858 8.905140 0.056125 0.004134 -0.000049
    19 -0.016891 0.625895 0.026169 -0.123639 -0.004093 -0.009829
    20 5.669724 4.435303 14.302868 -0.237910 -1.041864 3.206789
    21 -1.044571 -2.839317 19.743267 -0.703153 0.450144 -0.108394
    22 2.655533 -1.533369 24.792658 -0.988882 0.045191 -1.555148
    23 1.120163 -0.154394 9.796035 -0.066640 -0.010736 -0.593420
    24 2.240311 -0.308786 19.592051 -0.258841 0.379570 -1.299772
    25 0.683151 2.877354 14.167051 -0.139734 -0.089433 1.379867
    26 0.144936 -0.145374 7.579252 -0.309498 -0.098587 0.031312
    27 0.091660 -0.906685 4.702850 -0.146089 -0.012817 -0.002816
    28 0.506271 8.500866 13.617253 -0.013481 0.111182 1.307916
    29 -0.384987 -0.460049 7.003448 0.009261 -0.138367 0.043967
    30 0.561516 -0.596954 5.061852 0.176715 0.053064 -0.001700
    31 -2.452171 -8.899406 11.597897 -0.315826 -0.211435 1.459780
    32 0.680496 -0.903999 6.074253 -0.298975 0.038226 -0.004526
    33 0.245514 -0.661150 3.388004 -0.144633 0.078663 -0.002225
    34 -0.717484 -3.784271 13.043911 -0.306234 -0.197521 1.416317
    35 1.099216 -1.407745 8.017889 -0.408600 -0.015173 0.003465
    36 0.068439 -0.807653 3.686054 -0.092357 -0.013906 -0.002393
    37 -4.004929 6.172707 4.754754 0.030280 0.644402 2.439180
    38 0.158352 -1.149811 5.804394 -0.341469 -0.212149 0.213570
    39 -1.083523 -1.463142 5.544399 -0.251268 -0.091005 0.045063
    40 -6.289886 0.932434 13.569063 -0.126803 0.612110 2.869610
    41 1.327774 -0.766687 12.396328 -0.121082 0.001369 -1.024618
    42 -0.096140 1.828087 23.185329 0.004131 -0.051984 -1.570724
    43 2.325478 -0.000003 6.169296 -0.054056 -0.084158 1.633710
    44 0.000000 -3.152912 0.122169 1.961017 0.000000 0.000000
    45 1.068383 -10.478592 7.066338 0.292219 -1.282324 -3.141588
    46 0.000000 0.000000 2.279457 0.547137 -0.343566 0.107833
    47 2.479414 -8.323895 6.074242 0.000443 -0.114331 1.787466
    48 0.000003 -5.075260 5.105362 0.000000 0.000000 0.000000
    49 -1.068383 -10.478611 7.065971 0.292219 1.282324 3.141588
    50 -0.000488 0.000015 2.279600 0.547136 0.343566 0.107835
    51 -2.479401 -8.323895 6.074234 0.017430 -0.111010 1.793173
    52 -5.790000 4.432083 14.255558 -3.899813 1.466451 -0.924235
    53 1.044540 -2.839314 19.743252 -0.657577 1.214758 -0.454308
    54 -2.655510 -1.533379 24.792648 -0.328349 -0.079811 0.218994
    55 -1.120216 -0.154385 9.795983 -0.014387 -0.001073 0.124886
    56 -2.240372 -0.308788 19.592047 -0.014514 0.025994 0.251163
    57 -0.683205 2.877342 14.167089 -0.738031 0.163387 -1.424634
    58 -0.144958 -0.145317 7.579308 -0.659984 0.179629 0.007669
    59 -0.038551 -0.936644 4.697678 -0.493436 0.097479 -0.015610
    60 -0.506317 8.500896 13.617329 -0.591307 0.068789 -1.307733
    61 0.385056 -0.460075 7.003435 -0.399361 0.311098 0.050345
    62 -0.456360 -0.710276 5.057732 -0.218512 0.130322 -0.003734
    63 2.452194 -8.899408 11.597939 -1.090884 0.145349 -1.506498
    64 -0.680515 -0.903999 6.074242 -0.917050 -0.113060 -0.027141
    65 -0.248295 -0.666843 3.386627 -0.769891 -0.120173 0.043278
    66 0.717491 -3.784309 13.044010 -0.979347 0.126082 -1.477618
    67 -1.099228 -1.407673 8.017876 -0.878597 -0.000731 0.001758
    68 -0.064053 -0.807640 3.686100 -0.562187 -0.002416 -0.007192
    69 4.004906 6.172710 4.754800 -0.014982 -0.989457 -2.569679
    70 -0.158381 -1.149773 5.804405 -0.513825 0.334454 0.249102
    71 1.078559 -2.386406 5.215008 -0.424135 0.202686 0.106274
    72 6.289963 0.932404 13.569109 -0.126801 -0.612098 -2.869612
    73 -1.327759 -0.766682 12.396324 -0.009885 -0.005132 0.090083
    74 0.000017 -54.999996 0.000000 0.000000 0.000000 -1.570796
  time 37
    0 0.000000 0.000000 -1.500000 0.000000 0.000000 0.000000
    1 -10.521344 -5.760963 66.994621 3.097005 -0.050653 -3.139334
    2 -5.597456 10.654905 3.627019 0.182581 0.159508 0.800189
    3 -0.000034 0.000012 24.761454 -0.657069 -0.076319 0.004119
    4 0.000017 0.000000 24.344809 1.401185 -0.149995 -0.039396
    5 0.002333 -1.019846 24.031336 0.389660 -0.042710 0.017201
    6 0.000034 0.000008 13.404741 -0.000001 -0.000009 -0.006014
    7 10.398263 -5.760962 66.994675 3.097005 0.050653 3.139334
    8 0.476411 -3.710651 3.203869 0.145061 -0.343084 0.677930
    9 -0.000004 -0.000006 24.761459 -0.641530 0.074541 -0.542412
    10 -0.000007 0.000004 24.344891 1.326829 0.190942 0.041478
    11 -0.002360 -1.019903 24.031330 0.389594 -0.042695 -0.017219
    12 0.000000 -0.000002 13.404737 0.000001 0.000005 -0.253576
    13 -0.061540 -5.245835 72.927078 0.000000 0.000000 0.000000
    14 3.591277 4.266722 -3.588020 -0.187533 -0.008031 -0.712297
    15 0.000000 -0.005608 -1.146812 0.012795 0.013501 -0.043228
    16 0.030770 -0.240000 8.906021 -0.004138 0.000000 0.000000
    17 -0.078104 -2.608599 -0.535571 0.448029 0.021898 -0.068161
    18 0.030770 -0.276858 8.905140 0.056125 0.004134 -0.000049
    19 -0.048142 0.657146 0.026169 -0.134935 -0.014605 -0.005214
    20 5.669724 4.435303 14.302868 -0.248246 -1.051906 3.209952
    21 -1.044571 -2.839317 19.743267 -0.737936 0.402553 -0.112427
    22 2.655533 -1.533369 24.792658 -1.258201 0.071936 -1.505170
    23 1.120163 -0.154394 9.796035 -0.066028 -0.010436 -0.587591
    24 2.240311 -0.308786 19.592051 -0.223765 0.345543 -1.267015
    25 0.683151 2.877354 14.167051 -0.154326 -0.092596 1.380717
    26 0.144936 -0.145374 7.579252 -0.321997 -0.100912 0.031864
    27 0.091660 -0.906685 4.702850 -0.158589 -0.015262 -0.002493
    28 0.506271 8.500866 13.617253 -0.030773 0.102109 1.307331
    29 -0.384987 -0.460049 7.003448 -0.006248 -0.144551 0.044950
    30 0.561516 -0.596954 5.061852 0.161293 0.046772 -0.002299
    31 -2.452171 -8.899406 11.597897 -0.319673 -0.209722 1.459619
    32 0.680496 -0.903999 6.074253 -0.300760 0.038394 -0.004406
    33 0.245514 -0.661150 3.388004 -0.146497 0.078782 -0.002309
    34 -0.717484 -3.784271 13.043911 -0.314171 -0.196155 1.417070
    35 1.099216 -1.407745 8.017889 -0.414343 -0.014958 0.003525
    36 0.068439 -0.807653 3.686054 -0.098043 -0.013726 -0.002298
    37 -4.004929 6.172707 4.754754 0.029740 0.642078 2.438606
    38 0.158352 -1.149811 5.804394 -0.341469 -0.212149 0.213570
    39 -1.083523 -1.463142 5.544399 -0.251268 -0.091005 0.045063
    40 -6.289886 0.932434 13.569063 -0.126803 0.612110 2.869610
    41 1.327774 -0.766687 12.396328 -0.119344 0.002316 -1.008699
    42 -0.096140 1.828087 23.185329 0.004131 -0.051984 -1.570724
    43 2.325478 -0.000003 6.169296 -0.071533 -0.080092 1.619381
    44 0.000000 -3.152912 0.122169 1.961017 0.000000 0.000000
    45 1.068383 -10.478592 7.066338 0.292219 -1.282324 -3.141588
    46 0.000000 0.000000 2.279457 0.547137 -0.343566 0.107833
    47 2.479414 -8.323895 6.074242 0.001095 -0.132646 1.803129
    48 0.000003 -5.075260 5.105362 0.000000 0.000000 0.000000
    49 -1.068383 -10.478611 7.065971 0.292219 1.282324 3.141588
    50 -0.000488 0.000015 2.279600 0.547136 0.343566 0.107835
    51 -2.479401 -8.323895 6.074234 0.018052 -0.129391 1.808694
    52 -5.790000 4.432083 14.255558 -3.858019 1.466991 -0.898748
    53 1.044540 -2.839314 19.743252 -0.626911 1.214546 -0.432536
    54 -2.655510 -1.533379 24.792648 -0.323971 -0.079630 0.214981
    55 -1.120216 -0.154385 9.795983 -0.014303 -0.001073 0.124260
    56 -2.240372 -0.308788 19.592047 -0.000081 0.036093 0.251507
    57 -0.683205 2.877342 14.167089 -0.738031 0.163387 -1.424634
    58 -0.144958 -0.145317 7.579308 -0.659984 0.179629 0.007669
    59 -0.038551 -0.936644 4.697678 -0.493436 0.097479 -0.015610
    60 -0.506317 8.500896 13.617329 -0.591307 0.068789 -1.307733
    61 0.385056 -0.460075 7.003435 -0.399361 0.311098 0.050345
    62 -0.456360 -0.710276 5.057732 -0.218512 0.130322 -0.003734
    63 2.452194 -8.899408 11.597939 -1.090884 0.145349 -1.506498
    64 -0.680515 -0.903999 6.074242 -0.917050 -0.113060 -0.027141
    65 -0.248295 -0.666843 3.386627 -0.769891 -0.120173 0.043278
    66 0.717491 -3.784309 13.044010 -0.979347 0.126082 -1.477618
    67 -1.099228 -1.407673 8.017876 -0.878597 -0.000731 0.001758
    68 -0.064053 -0.807640 3.686100 -0.562187 -0.002416 -0.007192
    69 4.004906 6.172710 4.754800 -0.014982 -0.989457 -2.569679
    70 -0.158381 -1.149773 5.804405 -0.513825 0.334454 0.249102
    71 1.078559 -2.386406 5.215008 -0.424135 0.202686 0.106274
    72 6.289963 0.932404 13.569109 -0.126801 -0.612098 -2.869612
    73 -1.327759 -0.766682 12.396324 -0.009369 -0.004892 0.085549
    74 0.000017 -54.999996 0.000000 0.000000 0.000000 -1.570796
  time 38
    0 0.000000 0.000000 -1.500000 0.000000 0.000000 0.000000
    1 -10.521344 -5.760963 66.994621 3.097005 -0.050653 -3.139334
    2 -5.570111 10.568966 3.627019 0.178140 0.162125 0.789921
    3 -0.000034 0.000012 24.761454 -0.654874 -0.076067 0.013810
    4 0.000017 0.000000 24.344809 1.401863 -0.151058 -0.039655
    5 0.002333 -1.019846 24.031336 0.389585 -0.042710 0.017201
    6 0.000034 0.000008 13.404741 -0.000001 -0.000009 -0.001057
    7 10.398263 -5.760962 66.994675 3.097005 0.050653 3.139334
    8 0.343594 -3.623226 3.203869 0.153166 -0.341292 0.665965
    9 -0.000004 -0.000006 24.761459 -0.644389 0.074852 -0.532363
    10 -0.000007 0.000004 24.344891 1.325990 0.188320 0.040743
    11 -0.002360 -1.019903 24.031330 0.389594 -0.042695 -0.017219
    12 0.000000 -0.000002 13.404737 0.000001 0.000005 -0.248681
    13 -0.061540 -5.245835 72.927078 0.000000 0.000000 0.000000
    14 3.634247 4.278367 -3.588020 -0.188557 -0.006035 -0.702508
    15 0.000000 -0.005608 -1.146812 0.012157 0.010693 -0.042548
    16 0.030770 -0.240000 8.906021 -0.004138 0.000000 0.000000
    17 -0.070291 -2.604692 -0.527758 0.448639 0.018492 -0.058617
    18 0.030770 -0.276858 8.905140 0.056125 0.004134 -0.000049
    19 -0.052048 0.676678 0.018356 -0.142477 -0.018452 -0.002674
    20 5.669724 4.435303 14.302868 -0.263272 -1.073363 3.215894
    21 -1.044571 -2.839317 19.743267 -0.767435 0.358927 -0.113837
    22 2.655533 -1.533369 24.792658 -1.501395 0.101256 -1.455595
    23 1.120163 -0.154394 9.796035 -0.065010 -0.009957 -0.577794
    24 2.240311 -0.308786 19.592051 -0.180682 0.278362 -1.218155
    25 0.683151 2.877354 14.167051 -0.203807 -0.101980 1.383352
    26 0.144936 -0.145374 7.579252 -0.356753 -0.107275 0.033494
    27 0.091660 -0.906685 4.702850 -0.193113 -0.021997 -0.001390
    28 0.506271 8.500866 13.617253 -0.088392 0.075591 1.304680
    29 -0.384987 -0.460049 7.003448 -0.052631 -0.162887 0.048449
    30 0.561516 -0.596954 5.061852 0.115488 0.027944 -0.003497
    31 -2.452171 -8.899406 11.597897 -0.343570 -0.205380 1.461284
    32 0.680496 -0.903999 6.074253 -0.309643 0.039221 -0.003867
    33 0.245514 -0.661150 3.388004 -0.155391 0.079394 -0.002729
    34 -0.717484 -3.784271 13.043911 -0.348036 -0.192008 1.420881
    35 1.099216 -1.407745 8.017889 -0.432854 -0.014227 0.003705
    36 0.068439 -0.807653 3.686054 -0.116594 -0.013103 -0.001950
    37 -4.004929 6.172707 4.754754 0.030821 0.646937 2.440041
    38 0.158352 -1.149811 5.804394 -0.341469 -0.212149 0.213570
    39 -1.083523 -1.463142 5.544399 -0.251268 -0.091005 0.045077
    40 -6.289886 0.932434 13.569063 -0.126803 0.612110 2.869610
    41 1.327774 -0.766687 12.396328 -0.116876 0.003574 -0.986152
    42 -0.096140 1.828087 23.185329 0.004131 -0.051984 -1.570724
    43 2.325478 -0.000003 6.169296 -0.094119 -0.075766 1.596870
    44 0.000000 -3.152912 0.122169 1.961017 0.000000 0.000000
    45 1.068383 -10.478592 7.066338 0.292219 -1.282324 -3.141588
    46 0.000000 0.000000 2.279457 0.547137 -0.343566 0.107833
    47 2.479414 -8.323895 6.074242 0.002183 -0.156313 1.827961
    48 0.000003 -5.075260 5.105362 0.000000 0.000000 0.000000
    49 -1.068383 -10.478611 7.065971 0.292219 1.282324 3.141588
    50 -0.000488 0.000015 2.279600 0.547136 0.343566 0.107835
    51 -2.479401 -8.323895 6.074234 0.019097 -0.153158 1.833317
    52 -5.790000 4.432083 14.255558 -3.826003 1.467157 -0.875848
    53 1.044540 -2.839314 19.743252 -0.603479 1.212511 -0.415172
    54 -2.655510 -1.533379 24.792648 -0.321102 -0.079604 0.214905
    55 -1.120216 -0.154385 9.795983 -0.014243 -0.001073 0.123689
    56 -2.240372 -0.308788 19.592047 0.006563 0.040845 0.251077
    57 -0.683205 2.877342 14.167089 -0.738031 0.163387 -1.424634
    58 -0.144958 -0.145317 7.579308 -0.659984 0.179629 0.007669
    59 -0.038551 -0.936644 4.697678 -0.493436 0.097479 -0.015610
    60 -0.506317 8.500896 13.617329 -0.591307 0.068789 -1.307733
    61 0.385056 -0.460075 7.003435 -0.399361 0.311098 0.050345
    62 -0.456360 -0.710276 5.057732 -0.218512 0.130322 -0.003734
    63 2.452194 -8.899408 11.597939 -1.090884 0.145349 -1.506498
    64 -0.680515 -0.903999 6.074242 -0.917050 -0.113060 -0.027141
    65 -0.248295 -0.666843 3.386627 -0.769891 -0.120173 0.043278
    66 0.717491 -3.784309 13.044010 -0.979347 0.126082 -1.477618
    67 -1.099228 -1.407673 8.017876 -0.878597 -0.000731 0.001758
    68 -0.064053 -0.807640 3.686100 -0.562187 -0.002416 -0.007192
    69 4.004906 6.172710 4.754800 -0.014982 -0.989457 -2.569679
    70 -0.158381 -1.149773 5.804405 -0.513825 0.334454 0.249102
    71 1.078559 -2.386406 5.215008 -0.424135 0.202686 0.106274
    72 6.289963 0.932404 13.569109 -0.126801 -0.612098 -2.869612
    73 -1.327759 -0.766682 12.396324 -0.009178 -0.004808 0.083745
    74 0.000017 -54.999996 0.000000 0.000000 0.000000 -1.570796
  time 39
    0 0.000000 0.000000 -1.500000 0.000000 0.000000 0.000000
    1 -10.521344 -5.760963 66.994621 3.097005 -0.050653 -3.139334
    2 -5.566205 10.470750 3.649443 0.174314 0.164741 0.781315
    3 -0.000034 0.000012 24.761454 -0.653126 -0.075876 0.021791
    4 0.000017 0.000000 24.344809 1.402603 -0.152552 -0.040109
    5 0.002333 -1.019846 24.031336 0.389585 -0.042710 0.017201
    6 0.000034 0.000008 13.404741 -0.000001 -0.000009 0.002993
    7 10.398263 -5.760962 66.994675 3.097005 0.050653 3.139334
    8 0.222497 -3.573268 3.203869 0.160161 -0.339572 0.656063
    9 -0.000004 -0.000006 24.761459 -0.647964 0.075284 -0.524037
    10 -0.000007 0.000004 24.344891 1.326442 0.185742 0.040070
    11 -0.002360 -1.019903 24.031330 0.389594 -0.042695 -0.017219
    12 0.000000 -0.000002 13.404737 0.000001 0.000005 -0.244602
    13 -0.061540 -5.245835 72.927078 0.000000 0.000000 0.000000
    14 3.681124 4.266722 -3.588020 -0.189101 -0.004917 -0.693740
    15 0.000000 -0.005608 -1.146812 0.011583 0.009047 -0.042412
    16 0.030770 -0.240000 8.906021 -0.004138 0.000000 0.000000
    17 -0.070291 -2.612505 -0.535571 0.450554 0.014554 -0.050310
    18 0.030770 -0.276858 8.905140 0.056125 0.004134 -0.000049
    19 -0.048142 0.684490 0.018356 -0.147267 -0.017526 -0.001607
    20 5.669724 4.435303 14.302868 -0.281360 -1.103454 3.224423
    21 -1.044571 -2.839317 19.743267 -0.793607 0.316032 -0.113019
    22 2.655533 -1.533369 24.792658 -1.675589 0.125657 -1.407800
    23 1.120163 -0.154394 9.796035 -0.063667 -0.009321 -0.564997
    24 2.240311 -0.308786 19.592051 -0.140035 0.188574 -1.165220
    25 0.683151 2.877354 14.167051 -0.269032 -0.113917 1.387385
    26 0.144936 -0.145374 7.579252 -0.402382 -0.115557 0.035962
    27 0.091660 -0.906685 4.702850 -0.238397 -0.030782 0.000384
    28 0.506271 8.500866 13.617253 -0.163179 0.041427 1.303139
    29 -0.384987 -0.460049 7.003448 -0.113988 -0.186760 0.054358
    30 0.561516 -0.596954 5.061852 0.055261 0.003136 -0.003785
    31 -2.452171 -8.899406 11.597897 -0.377694 -0.199684 1.463700
    32 0.680496 -0.903999 6.074253 -0.323879 0.040539 -0.003016
    33 0.245514 -0.661150 3.388004 -0.169824 0.080352 -0.003412
    34 -0.717484 -3.784271 13.043911 -0.394424 -0.186315 1.425967
    35 1.099216 -1.407745 8.017889 -0.459087 -0.013172 0.003969
    36 0.068439 -0.807653 3.686054 -0.142784 -0.012228 -0.001471
    37 -4.004929 6.172707 4.754754 0.033072 0.657429 2.443008
    38 0.158352 -1.149811 5.804394 -0.341469 -0.212149 0.213570
    39 -1.083523 -1.463142 5.544399 -0.251268 -0.091005 0.045077
    40 -6.289886 0.932434 13.569063 -0.126803 0.612110 2.869610
    41 1.327774 -0.766687 12.396328 -0.113796 0.005073 -0.958433
    42 -0.096140 1.828087 23.185329 0.004131 -0.051984 -1.570724
    43 2.325478 -0.000003 6.169296 -0.119236 -0.072178 1.569889
    44 0.000000 -3.152912 0.122169 1.961017 0.000000 0.000000
    45 1.068383 -10.478592 7.066338 0.292219 -1.282324 -3.141588
    46 0.000000 0.000000 2.279457 0.547137 -0.343566 0.107833
    47 2.479414 -8.323895 6.074242 0.003433 -0.182329 1.858046
    48 0.000003 -5.075260 5.105362 0.000000 0.000000 0.000000
    49 -1.068383 -10.478611 7.065971 0.292219 1.282324 3.141588
    50 -0.000488 0.000015 2.279600 0.547136 0.343566 0.107835
    51 -2.479401 -8.323895 6.074234 0.020302 -0.179146 1.863017
    52 -5.790000 4.432083 14.255558 -3.798395 1.466908 -0.852948
    53 1.044540 -2.839314 19.743252 -0.586003 1.208950 -0.401483
    54 -2.655510 -1.533379 24.792648 -0.319441 -0.079643 0.216344
    55 -1.120216 -0.154385 9.795983 -0.014147 -0.001073 0.122791
    56 -2.240372 -0.308788 19.592047 0.008166 0.042182 0.249531
    57 -0.683205 2.877342 14.167089 -0.738031 0.163387 -1.424634
    58 -0.144958 -0.145317 7.579308 -0.659984 0.179629 0.007669
    59 -0.038551 -0.936644 4.697678 -0.493436 0.097479 -0.015610
    60 -0.506317 8.500896 13.617329 -0.591307 0.068789 -1.307733
    61 0.385056 -0.460075 7.003435 -0.399361 0.311098 0.050345
    62 -0.456360 -0.710276 5.057732 -0.218512 0.130322 -0.003734
    63 2.452194 -8.899408 11.597939 -1.090884 0.145349 -1.506498
    64 -0.680515 -0.903999 6.074242 -0.917050 -0.113060 -0.027141
    65 -0.248295 -0.666843 3.386627 -0.769891 -0.120173 0.043278
    66 0.717491 -3.784309 13.044010 -0.979347 0.126082 -1.477618
    67 -1.099228 -1.407673 8.017876 -0.878597 -0.000731 0.001758
    68 -0.064053 -0.807640 3.686100 -0.562187 -0.002416 -0.007192
    69 4.004906 6.172710 4.754800 -0.014982 -0.989457 -2.569679
    70 -0.158381 -1.149773 5.804405 -0.513825 0.334426 0.249102
    71 1.078559 -2.386406 5.215008 -0.424135 0.202686 0.106274
    72 6.289963 0.932404 13.569109 -0.126801 -0.612098 -2.869612
    73 -1.327759 -0.766682 12.396324 -0.009154 -0.004796 0.083467
    74 0.000017 -54.999996 0.000000 0.000000 0.000000 -1.570796
  time 40
    0 0.000000 0.000000 -1.500000 0.000000 0.000000 0.000000
    1 -10.521344 -5.760963 66.994621 3.097005 -0.050653 -3.139334
    2 -5.566205 10.360257 3.649443 0.171172 0.167608 0.773101
    3 -0.000034 0.000012 24.761454 -0.652638 -0.075816 0.029405
    4 0.000017 0.000000 24.344809 1.404021 -0.154114 -0.040649
    5 0.002333 -1.019846 24.031336 0.389585 -0.042710 0.017201
    6 0.000034 0.000008 13.404741 -0.000001 -0.000009 0.006789
    7 10.398263 -5.760962 66.994675 3.097005 0.050653 3.139334
    8 0.093586 -3.560779 3.226350 0.167327 -0.338000 0.646326
    9 -0.000004 -0.000006 24.761459 -0.652804 0.075835 -0.515963
    10 -0.000007 0.000004 24.344891 1.327539 0.183098 0.039419
    11 -0.002360 -1.019903 24.031330 0.389594 -0.042695 -0.017219
    12 0.000000 -0.000002 13.404737 0.000001 0.000005 -0.240587
    13 -0.061540 -5.245835 72.927078 0.000000 0.000000 0.000000
    14 3.739719 4.243430 -3.588020 -0.189613 -0.003988 -0.685273
    15 0.000000 -0.005608 -1.146812 0.011009 0.007462 -0.042358
    16 0.030770 -0.240000 8.906021 -0.004138 0.000000 0.000000
    17 -0.070291 -2.628131 -0.539477 0.453395 0.010212 -0.042044
    18 0.030770 -0.276858 8.905140 0.056125 0.004134 -0.000049
    19 -0.040329 0.696209 0.018356 -0.151306 -0.015222 -0.000972
    20 5.669724 4.435303 14.302868 -0.301171 -1.139322 3.236019
    21 -1.044571 -2.839317 19.743267 -0.819388 0.269066 -0.110030
    22 2.655533 -1.533369 24.792658 -1.737472 0.137800 -1.358953
    23 1.120163 -0.154394 9.796035 -0.062097 -0.008626 -0.550131
    24 2.240311 -0.308786 19.592051 -0.108223 0.088886 -1.115925
    25 0.683151 2.877354 14.167051 -0.330088 -0.124835 1.391869
    26 0.144936 -0.145374 7.579252 -0.445734 -0.123311 0.038683
    27 0.091660 -0.906685 4.702850 -0.281529 -0.039027 0.002457
    28 0.506271 8.500866 13.617253 -0.232223 0.009768 1.303941
    29 -0.384987 -0.460049 7.003448 -0.172571 -0.209004 0.061381
    30 0.561516 -0.596954 5.061852 -0.001860 -0.020354 -0.002646
    31 -2.452171 -8.899406 11.597897 -0.412324 -0.193848 1.466008
    32 0.680496 -0.903999 6.074253 -0.340574 0.042097 -0.002021
    33 0.245514 -0.661150 3.388004 -0.186653 0.081479 -0.004215
    34 -0.717484 -3.784271 13.043911 -0.439754 -0.180539 1.430731
    35 1.099216 -1.407745 8.017889 -0.486252 -0.012093 0.004184
    36 0.068439 -0.807653 3.686054 -0.169970 -0.011305 -0.000991
    37 -4.004929 6.172707 4.754754 0.036045 0.670808 2.447026
    38 0.158352 -1.149811 5.804394 -0.341469 -0.212149 0.213570
    39 -1.083523 -1.463142 5.544399 -0.251268 -0.091005 0.045063
    40 -6.289886 0.932434 13.569063 -0.126803 0.612110 2.869610
    41 1.327774 -0.766687 12.396328 -0.110212 0.006654 -0.926948
    42 -0.096140 1.828087 23.185329 0.004131 -0.051984 -1.570724
    43 2.325478 -0.000003 6.169296 -0.144066 -0.069776 1.542270
    44 0.000000 -3.152912 0.122169 1.961017 0.000000 0.000000
    45 1.068383 -10.478592 7.066338 0.292219 -1.282324 -3.141588
    46 0.000000 0.000000 2.279457 0.547137 -0.343566 0.107833
    47 2.479414 -8.323895 6.074242 0.004820 -0.207688 1.889086
    48 0.000003 -5.075260 5.105362 0.000000 0.000000 0.000000
    49 -1.068383 -10.478611 7.065971 0.292219 1.282324 3.141588
    50 -0.000488 0.000015 2.279600 0.547136 0.343566 0.107835
    51 -2.479401 -8.323895 6.074234 0.021547 -0.204520 1.893675
    52 -5.790000 4.432083 14.255558 -3.768775 1.466451 -0.827174
    53 1.044540 -2.839314 19.743252 -0.571254 1.203947 -0.389291
    54 -2.655510 -1.533379 24.792648 -0.318787 -0.079656 0.216798
    55 -1.120216 -0.154385 9.795983 -0.013943 -0.001073 0.121186
    56 -2.240372 -0.308788 19.592047 0.009083 0.043370 0.246266
    57 -0.683205 2.877342 14.167089 -0.738031 0.163387 -1.424634
    58 -0.144958 -0.145317 7.579308 -0.659984 0.179629 0.007669
    59 -0.038551 -0.936644 4.697678 -0.493436 0.097479 -0.015610
    60 -0.506317 8.500896 13.617329 -0.591307 0.068789 -1.307733
    61 0.385056 -0.460075 7.003435 -0.399361 0.311098 0.050345
    62 -0.456360 -0.710276 5.057732 -0.218512 0.130322 -0.003734
    63 2.452194 -8.899408 11.597939 -1.090884 0.145349 -1.506498
    64 -0.680515 -0.903999 6.074242 -0.917050 -0.113060 -0.027141
    65 -0.248295 -0.666843 3.386627 -0.769891 -0.120173 0.043278
    66 0.717491 -3.784309 13.044010 -0.979347 0.126082 -1.477618
    67 -1.099228 -1.407673 8.017876 -0.878597 -0.000731 0.001758
    68 -0.064053 -0.807640 3.686100 -0.562187 -0.002416 -0.007192
    69 4.004906 6.172710 4.754800 -0.014982 -0.989457 -2.569679
    70 -0.158381 -1.149773 5.804405 -0.513825 0.334454 0.249102
    71 1.078559 -2.386406 5.215008 -0.424135 0.202686 0.106274
    72 6.289963 0.932404 13.569109 -0.126801 -0.612098 -2.869612
    73 -1.327759 -0.766682 12.396324 -0.009142 -0.004796 0.083467
    74 0.000017 -54.999996 0.000000 0.000000 0.000000 -1.570796
  time 41
    0 0.000000 0.000000 -1.500000 0.000000 0.000000 0.000000
    1 -10.521344 -5.760963 66.994621 3.097005 -0.050653 -3.139334
    2 -5.574018 10.249764 3.694292 0.168507 0.170642 0.765193
    3 -0.000034 0.000012 24.761454 -0.653126 -0.075876 0.036693
    4 0.000017 0.000000 24.344809 1.406055 -0.155880 -0.041298
    5 0.002333 -1.019846 24.031336 0.389660 -0.042710 0.017213
    6 0.000034 0.000008 13.404741 -0.000001 -0.000009 0.010417
    7 10.398263 -5.760962 66.994675 3.097005 0.050653 3.139334
    8 -0.031417 -3.510821 3.248830 0.174749 -0.336500 0.636919
    9 -0.000004 -0.000006 24.761459 -0.658634 0.076506 -0.508067
    10 -0.000007 0.000004 24.344891 1.329411 0.180276 0.038767
    11 -0.002360 -1.019903 24.031330 0.389594 -0.042695 -0.017219
    12 0.000000 -0.000002 13.404737 0.000001 0.000005 -0.236680
    13 -0.061540 -5.245835 72.927078 0.000000 0.000000 0.000000
    14 3.802221 4.220139 -3.610551 -0.190061 -0.003231 -0.676745
    15 0.000000 -0.005608 -1.146812 0.010403 0.005972 -0.042358
    16 0.030770 -0.240000 8.906021 -0.004138 0.000000 0.000000
    17 -0.078104 -2.643756 -0.547290 0.457015 0.005451 -0.033818
    18 0.030770 -0.276858 8.905140 0.056125 0.004134 -0.000049
    19 -0.024704 0.711835 0.018356 -0.154559 -0.011622 -0.000720
    20 5.669724 4.435303 14.302868 -0.320791 -1.178151 3.249819
    21 -1.044571 -2.839317 19.743267 -0.845071 0.216465 -0.104220
    22 2.655533 -1.533369 24.792658 -1.721806 0.141143 -1.306791
    23 1.120163 -0.154394 9.796035 -0.060420 -0.007895 -0.534161
    24 2.240311 -0.308786 19.592051 -0.087900 -0.006428 -1.072881
    25 0.683151 2.877354 14.167051 -0.367007 -0.131439 1.394954
    26 0.144936 -0.145374 7.579252 -0.468688 -0.127338 0.040253
    27 0.091660 -0.906685 4.702850 -0.304286 -0.043354 0.003679
    28 0.506271 8.500866 13.617253 -0.273476 -0.009631 1.305605
    29 -0.384987 -0.460049 7.003448 -0.206647 -0.221684 0.066067
    30 0.561516 -0.596954 5.061852 -0.034919 -0.033909 -0.001388
    31 -2.452171 -8.899406 11.597897 -0.437943 -0.189268 1.467538
    32 0.680496 -0.903999 6.074253 -0.351955 0.043331 -0.001398
    33 0.245514 -0.661150 3.388004 -0.198529 0.082102 -0.004814
    34 -0.717484 -3.784271 13.043911 -0.470180 -0.176404 1.433712
    35 1.099216 -1.407745 8.017889 -0.502357 -0.011446 0.004304
    36 0.068439 -0.807653 3.686054 -0.186139 -0.010742 -0.000728
    37 -4.004929 6.172707 4.754754 0.039648 0.686775 2.451811
    38 0.158352 -1.149811 5.804394 -0.341511 -0.212149 0.213570
    39 -1.083523 -1.463142 5.544399 -0.251268 -0.091005 0.045077
    40 -6.289886 0.932434 13.569063 -0.126803 0.612110 2.869610
    41 1.327774 -0.766687 12.396328 -0.106233 0.008248 -0.892148
    42 -0.096140 1.828087 23.185329 0.004131 -0.051984 -1.570724
    43 2.325478 -0.000003 6.169296 -0.165792 -0.068242 1.517883
    44 0.000000 -3.152912 0.122169 1.961017 0.000000 0.000000
    45 1.068383 -10.478592 7.066338 0.292219 -1.282324 -3.141588
    46 0.000000 0.000000 2.279457 0.547137 -0.343566 0.107833
    47 2.479414 -8.323895 6.074242 0.006016 -0.229524 1.916879
    48 0.000003 -5.075260 5.105362 0.000000 0.000000 0.000000
    49 -1.068383 -10.478611 7.065971 0.292219 1.282324 3.141588
    50 -0.000488 0.000015 2.279600 0.547136 0.343566 0.107835
    51 -2.479401 -8.323895 6.074234 0.022692 -0.226255 1.921171
    52 -5.790000 4.432083 14.255558 -3.737526 1.465703 -0.798908
    53 1.044540 -2.839314 19.743252 -0.558843 1.197630 -0.378513
    54 -2.655510 -1.533379 24.792648 -0.319240 -0.079643 0.216268
    55 -1.120216 -0.154385 9.795983 -0.013668 -0.001073 0.118819
    56 -2.240372 -0.308788 19.592047 0.009236 0.044459 0.241540
    57 -0.683205 2.877342 14.167089 -0.738031 0.163387 -1.424634
    58 -0.144958 -0.145317 7.579308 -0.659984 0.179629 0.007669
    59 -0.038551 -0.936644 4.697678 -0.493436 0.097479 -0.015610
    60 -0.506317 8.500896 13.617329 -0.591307 0.068789 -1.307733
    61 0.385056 -0.460075 7.003435 -0.399361 0.311098 0.050345
    62 -0.456360 -0.710276 5.057732 -0.218512 0.130322 -0.003734
    63 2.452194 -8.899408 11.597939 -1.090884 0.145349 -1.506498
    64 -0.680515 -0.903999 6.074242 -0.917050 -0.113060 -0.027141
    65 -0.248295 -0.666843 3.386627 -0.769891 -0.120173 0.043278
    66 0.717491 -3.784309 13.044010 -0.979347 0.126082 -1.477618
    67 -1.099228 -1.407673 8.017876 -0.878597 -0.000731 0.001758
    68 -0.064053 -0.807640 3.686100 -0.562187 -0.002416 -0.007192
    69 4.004906 6.172710 4.754800 -0.014982 -0.989457 -2.569679
    70 -0.158381 -1.149773 5.804405 -0.513825 0.334426 0.249102
    71 1.078559 -2.386406 5.215008 -0.424135 0.202686 0.106274
    72 6.289963 0.932404 13.569109 -0.126801 -0.612098 -2.869612
    73 -1.327759 -0.766682 12.396324 -0.009154 -0.004808 0.083606
    74 0.000017 -54.999996 0.000000 0.000000 0.000000 -1.570796
  time 42
    0 0.000000 0.000000 -1.500000 0.000000 0.000000 0.000000
    1 -10.521344 -5.760963 66.994621 3.097005 -0.050653 -3.139334
    2 -5.593549 10.139271 3.716717 0.166389 0.173843 0.757504
    3 -0.000034 0.000012 24.761454 -0.654630 -0.076044 0.043656
    4 0.000017 0.000000 24.344809 1.408460 -0.157713 -0.042011
    5 0.002333 -1.019846 24.031336 0.389660 -0.042710 0.017201
    6 0.000034 0.000008 13.404741 -0.000001 -0.000009 0.013856
    7 10.398263 -5.760962 66.994675 3.097005 0.050653 3.139334
    8 -0.160328 -3.498332 3.271310 0.182427 -0.335073 0.627595
    9 -0.000004 -0.000006 24.761459 -0.665288 0.077285 -0.500387
    10 -0.000007 0.000004 24.344891 1.331993 0.177432 0.038115
    11 -0.002360 -1.019903 24.031330 0.389594 -0.042695 -0.017219
    12 0.000000 -0.000002 13.404737 0.000001 0.000005 -0.232858
    13 -0.061540 -5.245835 72.927078 0.000000 0.000000 0.000000
    14 3.864723 4.185202 -3.655613 -0.190445 -0.002629 -0.668578
    15 0.000000 -0.005608 -1.146812 0.009797 0.004576 -0.042385
    16 0.030770 -0.240000 8.906021 -0.004138 0.000000 0.000000
    17 -0.074198 -2.667194 -0.559009 0.461308 0.000400 -0.025632
    18 0.030770 -0.276858 8.905140 0.056125 0.004134 -0.000049
    19 -0.009078 0.719648 0.022263 -0.157132 -0.006829 -0.000840
    20 5.669724 4.435303 14.302868 -0.337731 -1.217156 3.264098
    21 -1.044571 -2.839317 19.743267 -0.870901 0.156297 -0.095055
    22 2.655533 -1.533369 24.792658 -1.692904 0.143102 -1.250504
    23 1.120163 -0.154394 9.796035 -0.058694 -0.007188 -0.518018
    24 2.240311 -0.308786 19.592051 -0.078935 -0.082357 -1.035692
    25 0.683151 2.877354 14.167051 -0.391473 -0.136388 1.397414
    26 0.144936 -0.145374 7.579252 -0.479886 -0.129303 0.041044
    27 0.091660 -0.906685 4.702850 -0.315366 -0.045451 0.004314
    28 0.506271 8.500866 13.617253 -0.298858 -0.023802 1.307855
    29 -0.384987 -0.460049 7.003448 -0.226353 -0.228886 0.068943
    30 0.561516 -0.596954 5.061852 -0.053948 -0.041687 -0.000453
    31 -2.452171 -8.899406 11.597897 -0.462244 -0.183691 1.468397
    32 0.680496 -0.903999 6.074253 -0.363256 0.044326 -0.000751
    33 0.245514 -0.661150 3.388004 -0.209660 0.082905 -0.005353
    34 -0.717484 -3.784271 13.043911 -0.494829 -0.172353 1.435817
    35 1.099216 -1.407745 8.017889 -0.513649 -0.011003 0.004376
    36 0.068439 -0.807653 3.686054 -0.197440 -0.010359 -0.000548
    37 -4.004929 6.172707 4.754754 0.044332 0.705928 2.457839
    38 0.158352 -1.149811 5.804394 -0.345622 -0.212913 0.212803
    39 -1.083523 -1.463142 5.544399 -0.255610 -0.091341 0.044400
    40 -6.289886 0.932434 13.569063 -0.126803 0.612110 2.869610
    41 1.327774 -0.766687 12.396328 -0.101907 0.009830 -0.854687
    42 -0.096140 1.828087 23.185329 0.004131 -0.051984 -1.570724
    43 2.325478 -0.000003 6.169296 -0.181502 -0.066694 1.500641
    44 0.000000 -3.152912 0.122169 1.961017 0.000000 0.000000
    45 1.068383 -10.478592 7.066338 0.292219 -1.282324 -3.141588
    46 0.000000 0.000000 2.279457 0.547137 -0.343566 0.107833
    47 2.479414 -8.323895 6.074242 0.006913 -0.244692 1.936840
    48 0.000003 -5.075260 5.105362 0.000000 0.000000 0.000000
    49 -1.068383 -10.478611 7.065971 0.292219 1.282324 3.141588
    50 -0.000488 0.000015 2.279600 0.547136 0.343566 0.107835
    51 -2.479401 -8.323895 6.074234 0.023495 -0.241470 1.940620
    52 -5.790000 4.432083 14.255558 -3.705222 1.464748 -0.768726
    53 1.044540 -2.839314 19.743252 -0.548769 1.190295 -0.369015
    54 -2.655510 -1.533379 24.792648 -0.320700 -0.079591 0.214753
    55 -1.120216 -0.154385 9.795983 -0.013344 -0.001073 0.115827
    56 -2.240372 -0.308788 19.592047 0.009006 0.045350 0.235526
    57 -0.683205 2.877342 14.167089 -0.738031 0.163387 -1.424634
    58 -0.144958 -0.145317 7.579308 -0.659984 0.179629 0.007669
    59 -0.038551 -0.936644 4.697678 -0.493436 0.097479 -0.015610
    60 -0.506317 8.500896 13.617329 -0.591307 0.068789 -1.307733
    61 0.385056 -0.460075 7.003435 -0.399361 0.311098 0.050345
    62 -0.456360 -0.710276 5.057732 -0.218512 0.130322 -0.003734
    63 2.452194 -8.899408 11.597939 -1.090884 0.145349 -1.506498
    64 -0.680515 -0.903999 6.074242 -0.917050 -0.113060 -0.027141
    65 -0.248295 -0.666843 3.386627 -0.769891 -0.120173 0.043278
    66 0.717491 -3.784309 13.044010 -0.979347 0.126082 -1.477618
    67 -1.099228 -1.407673 8.017876 -0.878597 -0.000731 0.001758
    68 -0.064053 -0.807640 3.686100 -0.562187 -0.002416 -0.007192
    69 4.004906 6.172710 4.754800 -0.014982 -0.989457 -2.569679
    70 -0.158381 -1.149773 5.804405 -0.513825 0.334454 0.249102
    71 1.078559 -2.386406 5.215008 -0.424135 0.202686 0.106274
    72 6.289963 0.932404 13.569109 -0.126801 -0.612098 -2.869612
    73 -1.327759 -0.766682 12.396324 -0.009178 -0.004808 0.083745
    74 0.000017 -54.999996 0.000000 0.000000 0.000000 -1.570796
  time 43
    0 0.000000 0.000000 -1.500000 0.000000 0.000000 0.000000
    1 -10.521344 -5.760963 66.994621 3.097005 -0.050653 -3.139334
    2 -5.613081 10.016501 3.761566 0.164681 0.177211 0.750164
    3 -0.000034 0.000012 24.761454 -0.656988 -0.076307 0.050293
    4 0.000017 0.000000 24.344809 1.411295 -0.159728 -0.042810
    5 0.002333 -1.019846 24.031336 0.389660 -0.042698 0.017201
    6 0.000034 0.000008 13.404741 -0.000001 -0.000009 0.017083
    7 10.398263 -5.760962 66.994675 3.097005 0.050653 3.139334
    8 -0.293144 -3.498332 3.316270 0.190105 -0.333720 0.618683
    9 -0.000004 -0.000006 24.761459 -0.672768 0.078160 -0.492995
    10 -0.000007 0.000004 24.344891 1.334961 0.174477 0.037443
    11 -0.002360 -1.019903 24.031330 0.389594 -0.042695 -0.017219
    12 0.000000 -0.000002 13.404737 0.000001 0.000005 -0.229144
    13 -0.061540 -5.245835 72.927078 0.000000 0.000000 0.000000
    14 3.931131 4.150265 -3.723206 -0.190765 -0.002147 -0.660471
    15 0.000000 -0.005608 -1.146812 0.009223 0.003274 -0.042494
    16 0.030770 -0.240000 8.906021 -0.004138 0.000000 0.000000
    17 -0.082011 -2.698445 -0.570728 0.466169 -0.004968 -0.017485
    18 0.030770 -0.276858 8.905140 0.056125 0.004134 -0.000049
    19 0.006547 0.727460 0.018356 -0.159063 -0.000987 -0.001307
    20 5.669724 4.435303 14.302868 -0.347588 -1.253588 3.276077
    21 -1.044571 -2.839317 19.743267 -0.897172 0.086892 -0.081716
    22 2.655533 -1.533369 24.792658 -1.651981 0.143679 -1.190739
    23 1.120163 -0.154394 9.796035 -0.057040 -0.006541 -0.502703
    24 2.240311 -0.308786 19.592051 -0.079023 -0.124258 -1.003013
    25 0.683151 2.877354 14.167051 -0.427953 -0.144154 1.401535
    26 0.144936 -0.145374 7.579252 -0.502190 -0.133150 0.042698
    27 0.091660 -0.906685 4.702850 -0.337482 -0.049598 0.005657
    28 0.506271 8.500866 13.617253 -0.334862 -0.045508 1.312261
    29 -0.384987 -0.460049 7.003448 -0.257725 -0.240248 0.073881
    30 0.561516 -0.596954 5.061852 -0.084222 -0.053996 0.001333
    31 -2.452171 -8.899406 11.597897 -0.498292 -0.174250 1.469122
    32 0.680496 -0.903999 6.074253 -0.385582 0.046495 0.000484
    33 0.245514 -0.661150 3.388004 -0.232135 0.084307 -0.006516
    34 -0.717484 -3.784271 13.043911 -0.531560 -0.165774 1.438583
    35 1.099216 -1.407745 8.017889 -0.536080 -0.010104 0.004532
    36 0.068439 -0.807653 3.686054 -0.219864 -0.009580 -0.000188
    37 -4.004929 6.172707 4.754754 0.050187 0.728743 2.465206
    38 0.158352 -1.149811 5.804394 -0.357530 -0.215173 0.210610
    39 -1.083523 -1.463142 5.544399 -0.267957 -0.092300 0.042508
    40 -6.289886 0.932434 13.569063 -0.126803 0.612110 2.869610
    41 1.327774 -0.766687 12.396328 -0.097221 0.011328 -0.815017
    42 -0.096140 1.828087 23.185329 0.004131 -0.051984 -1.570724
    43 2.325478 -0.000003 6.169296 -0.188235 -0.063945 1.494375
    44 0.000000 -3.152912 0.122169 1.961017 0.000000 0.000000
    45 1.068383 -10.478592 7.066338 0.292219 -1.282324 -3.141588
    46 0.000000 0.000000 2.279457 0.547137 -0.343566 0.107833
    47 2.479414 -8.323895 6.074242 0.007212 -0.250327 1.944194
    48 0.000003 -5.075260 5.105362 0.000000 0.000000 0.000000
    49 -1.068383 -10.478611 7.065971 0.292219 1.282324 3.141588
    50 -0.000488 0.000015 2.279600 0.547136 0.343566 0.107835
    51 -2.479401 -8.323895 6.074234 0.023776 -0.247140 1.947997
    52 -5.790000 4.432083 14.255558 -3.672439 1.463501 -0.737299
    53 1.044540 -2.839314 19.743252 -0.540588 1.181985 -0.360606
    54 -2.655510 -1.533379 24.792648 -0.323115 -0.079540 0.212330
    55 -1.120216 -0.154385 9.795983 -0.012912 -0.001061 0.112263
    56 -2.240372 -0.308788 19.592047 0.008166 0.046043 0.228223
    57 -0.683205 2.877342 14.167089 -0.738031 0.163387 -1.424634
    58 -0.144958 -0.145317 7.579308 -0.659984 0.179629 0.007669
    59 -0.038551 -0.936644 4.697678 -0.493436 0.097479 -0.015610
    60 -0.506317 8.500896 13.617329 -0.591307 0.068789 -1.307733
    61 0.385056 -0.460075 7.003435 -0.399361 0.311098 0.050345
    62 -0.456360 -0.710276 5.057732 -0.218512 0.130322 -0.003734
    63 2.452194 -8.899408 11.597939 -1.090884 0.145349 -1.506498
    64 -0.680515 -0.903999 6.074242 -0.917050 -0.113060 -0.027141
    65 -0.248295 -0.666843 3.386627 -0.769891 -0.120173 0.043278
    66 0.717491 -3.784309 13.044010 -0.979347 0.126082 -1.477618
    67 -1.099228 -1.407673 8.017876 -0.878597 -0.000731 0.001758
    68 -0.064053 -0.807640 3.686100 -0.562187 -0.002416 -0.007192
    69 4.004906 6.172710 4.754800 -0.014982 -0.989457 -2.569679
    70 -0.158381 -1.149773 5.804405 -0.513825 0.334454 0.249102
    71 1.078559 -2.386406 5.215008 -0.424135 0.202686 0.106274
    72 6.289963 0.932404 13.569109 -0.126801 -0.612098 -2.869612
    73 -1.327759 -0.766682 12.396324 -0.009190 -0.004808 0.083791
    74 0.000017 -54.999996 0.000000 0.000000 0.000000 -1.570796
  time 44
    0 0.000000 0.000000 -1.500000 0.000000 0.000000 0.000000
    1 -10.521344 -5.760963 66.994621 3.097005 -0.050653 -3.139334
    2 -5.640426 9.893732 3.806415 0.163315 0.180718 0.743130
    3 -0.000034 0.000012 24.761454 -0.660078 -0.076679 0.056645
    4 0.000017 0.000000 24.344809 1.414501 -0.161787 -0.043674
    5 0.002333 -1.019846 24.031336 0.389660 -0.042710 0.017201
    6 0.000034 0.000008 13.404741 -0.000001 -0.000009 0.020120
    7 10.398263 -5.760962 66.994675 3.097005 0.050653 3.139334
    8 -0.422054 -3.485843 3.361231 0.198039 -0.332330 0.610019
    9 -0.000004 -0.000006 24.761459 -0.680963 0.079107 -0.485781
    10 -0.000007 0.000004 24.344891 1.338447 0.171477 0.036770
    11 -0.002360 -1.019903 24.031330 0.389594 -0.042695 -0.017219
    12 0.000000 -0.000002 13.404737 0.000001 0.000005 -0.225537
    13 -0.061540 -5.245835 72.927078 0.000000 0.000000 0.000000
    14 4.001446 4.103682 -3.745737 -0.191021 -0.001803 -0.652544
    15 0.000000 -0.005608 -1.146812 0.008553 0.002035 -0.042630
    16 0.030770 -0.240000 8.906021 -0.004138 0.000000 0.000000
    17 -0.082011 -2.725790 -0.582447 0.471472 -0.010564 -0.009538
    18 0.030770 -0.276858 8.905140 0.056125 0.004134 -0.000049
    19 0.029985 0.731367 0.022263 -0.160206 0.005781 -0.002086
    20 5.669724 4.435303 14.302868 -0.343952 -1.284771 3.279335
    21 -1.044571 -2.839317 19.743267 -0.924274 0.006790 -0.063103
    22 2.655533 -1.533369 24.792658 -1.600296 0.143102 -1.128064
    23 1.120163 -0.154394 9.796035 -0.055386 -0.005942 -0.487526
    24 2.240311 -0.308786 19.592051 -0.083418 -0.143275 -0.971126
    25 0.683151 2.877354 14.167051 -0.475295 -0.154245 1.407280
    26 0.144936 -0.145374 7.579252 -0.536016 -0.138975 0.045370
    27 0.091660 -0.906685 4.702850 -0.371044 -0.055854 0.007850
    28 0.506271 8.500866 13.617253 -0.380438 -0.073718 1.318918
    29 -0.384987 -0.460049 7.003448 -0.301369 -0.255684 0.081275
    30 0.561516 -0.596954 5.061852 -0.126207 -0.070906 0.004401
    31 -2.452171 -8.899406 11.597897 -0.545023 -0.161603 1.469605
    32 0.680496 -0.903999 6.074253 -0.419567 0.049551 0.002305
    33 0.245514 -0.661150 3.388004 -0.266166 0.086728 -0.008253
    34 -0.717484 -3.784271 13.043911 -0.579006 -0.156833 1.441841
    35 1.099216 -1.407745 8.017889 -0.570191 -0.008726 0.004688
    36 0.068439 -0.807653 3.686054 -0.253979 -0.008357 0.000291
    37 -4.004929 6.172707 4.754754 0.057213 0.754692 2.474200
    38 0.158352 -1.149811 5.804394 -0.376727 -0.218827 0.207147
    39 -1.083523 -1.463142 5.544399 -0.287995 -0.093906 0.039497
    40 -6.289886 0.932434 13.569063 -0.126803 0.612110 2.869610
    41 1.327774 -0.766687 12.396328 -0.092259 0.012719 -0.773338
    42 -0.096140 1.828087 23.185329 0.004131 -0.051984 -1.570724
    43 2.325478 -0.000003 6.169296 -0.187614 -0.059445 1.498087
    44 0.000000 -3.152912 0.122169 1.961017 0.000000 0.000000
    45 1.068383 -10.478592 7.066338 0.292219 -1.282324 -3.141588
    46 0.000000 0.000000 2.279457 0.547137 -0.343566 0.107833
    47 2.479414 -8.323895 6.074242 0.007049 -0.248026 1.939896
    48 0.000003 -5.075260 5.105362 0.000000 0.000000 0.000000
    49 -1.068383 -10.478611 7.065971 0.292219 1.282324 3.141588
    50 -0.000488 0.000015 2.279600 0.547136 0.343566 0.107835
    51 -2.479401 -8.323895 6.074234 0.023636 -0.245156 1.943782
    52 -5.790000 4.432083 14.255558 -3.639559 1.461965 -0.705105
    53 1.044540 -2.839314 19.743252 -0.533853 1.172912 -0.353040
    54 -2.655510 -1.533379 24.792648 -0.326537 -0.079449 0.209074
    55 -1.120216 -0.154385 9.795983 -0.012445 -0.001049 0.108128
    56 -2.240372 -0.308788 19.592047 0.006945 0.046538 0.219716
    57 -0.683205 2.877342 14.167089 -0.738031 0.163387 -1.424634
    58 -0.144958 -0.145317 7.579308 -0.659984 0.179629 0.007669
    59 -0.038551 -0.936644 4.697678 -0.493436 0.097479 -0.015610
    60 -0.506317 8.500896 13.617329 -0.591307 0.068789 -1.307733
    61 0.385056 -0.460075 7.003435 -0.399361 0.311098 0.050345
    62 -0.456360 -0.710276 5.057732 -0.218512 0.130322 -0.003734
    63 2.452194 -8.899408 11.597939 -1.090884 0.145349 -1.506498
    64 -0.680515 -0.903999 6.074242 -0.917050 -0.113060 -0.027141
    65 -0.248295 -0.666843 3.386627 -0.769891 -0.120173 0.043278
    66 0.717491 -3.784309 13.044010 -0.979347 0.126082 -1.477618
    67 -1.099228 -1.407673 8.017876 -0.878597 -0.000731 0.001758
    68 -0.064053 -0.807640 3.686100 -0.562187 -0.002416 -0.007192
    69 4.004906 6.172710 4.754800 -0.014982 -0.989457 -2.569679
    70 -0.158381 -1.149773 5.804405 -0.513825 0.334454 0.249102
    71 1.078559 -2.386406 5.215008 -0.424135 0.202686 0.106274
    72 6.289963 0.932404 13.569109 -0.126801 -0.612098 -2.869612
    73 -1.327759 -0.766682 12.396324 -0.009190 -0.004808 0.083930
    74 0.000017 -54.999996 0.000000 0.000000 0.000000 -1.570796
  time 45
    0 0.000000 0.000000 -1.500000 0.000000 0.000000 0.000000
    1 -10.521344 -5.760963 66.994621 3.097005 -0.050653 -3.139334
    2 -5.675583 9.770962 3.873689 0.162222 0.184365 0.736358
    3 -0.000034 0.000012 24.761454 -0.663614 -0.077086 0.062712
    4 0.000017 0.000000 24.344809 1.418138 -0.163960 -0.044647
    5 0.002333 -1.019846 24.031336 0.389585 -0.042698 0.017201
    6 0.000034 0.000008 13.404741 -0.000001 -0.000009 0.023010
    7 10.398263 -5.760962 66.994675 3.097005 0.050653 3.139334
    8 -0.550964 -3.485843 3.406191 0.205802 -0.330976 0.601437
    9 -0.000004 -0.000006 24.761459 -0.689542 0.080101 -0.478819
    10 -0.000007 0.000004 24.344891 1.342319 0.168433 0.036077
    11 -0.002360 -1.019903 24.031330 0.389594 -0.042695 -0.017219
    12 0.000000 -0.000002 13.404737 0.000001 0.000005 -0.222016
    13 -0.061540 -5.245835 72.927078 0.000000 0.000000 0.000000
    14 4.071761 4.057099 -3.813331 -0.191213 -0.001579 -0.644797
    15 0.000000 -0.005608 -1.146812 0.007915 0.000906 -0.042793
    16 0.030770 -0.240000 8.906021 -0.004138 0.000000 0.000000
    17 -0.089823 -2.760947 -0.590260 0.477154 -0.016299 -0.001751
    18 0.030770 -0.276858 8.905140 0.056125 0.004134 -0.000049
    19 0.053424 0.743086 0.018356 -0.160778 0.013331 -0.003129
    20 5.669724 4.435303 14.302868 -0.329404 -1.312112 3.275406
    21 -1.044571 -2.839317 19.743267 -0.950740 -0.080827 -0.039020
    22 2.655533 -1.533369 24.792658 -1.538846 0.141258 -1.062800
    23 1.120163 -0.154394 9.796035 -0.053624 -0.005295 -0.471349
    24 2.240311 -0.308786 19.592051 -0.089989 -0.160174 -0.937023
    25 0.683151 2.877354 14.167051 -0.532401 -0.166122 1.414673
    26 0.144936 -0.145374 7.579252 -0.582249 -0.146729 0.049349
    27 0.091660 -0.906685 4.702850 -0.417015 -0.064255 0.011218
    28 0.506271 8.500866 13.617253 -0.434845 -0.107200 1.328071
    29 -0.384987 -0.460049 7.003448 -0.357996 -0.275075 0.091918
    30 0.561516 -0.596954 5.061852 -0.180329 -0.092503 0.009422
    31 -2.452171 -8.899406 11.597897 -0.600866 -0.146387 1.469793
    32 0.680496 -0.903999 6.074253 -0.465686 0.054417 0.004463
    33 0.245514 -0.661150 3.388004 -0.312819 0.089293 -0.010878
    34 -0.717484 -3.784271 13.043911 -0.636021 -0.145759 1.445283
    35 1.099216 -1.407745 8.017889 -0.616720 -0.006832 0.004856
    36 0.068439 -0.807653 3.686054 -0.300497 -0.006691 0.000914
    37 -4.004929 6.172707 4.754754 0.065590 0.783175 2.484534
    38 0.158352 -1.149811 5.804394 -0.402790 -0.223920 0.202556
    39 -1.083523 -1.463142 5.544399 -0.314991 -0.096171 0.035423
    40 -6.289886 0.932434 13.569063 -0.126803 0.612110 2.869610
    41 1.327774 -0.766687 12.396328 -0.087046 0.013917 -0.729851
    42 -0.096140 1.828087 23.185329 0.004131 -0.051984 -1.570724
    43 2.325478 -0.000003 6.169296 -0.183269 -0.053513 1.507745
    44 0.000000 -3.152912 0.122169 1.961017 0.000000 0.000000
    45 1.068383 -10.478592 7.066338 0.292219 -1.282324 -3.141588
    46 0.000000 0.000000 2.279457 0.547137 -0.343566 0.107833
    47 2.479414 -8.323895 6.074242 0.006560 -0.241686 1.928913
    48 0.000003 -5.075260 5.105362 0.000000 0.000000 0.000000
    49 -1.068383 -10.478611 7.065971 0.292219 1.282324 3.141588
    50 -0.000488 0.000015 2.279600 0.547136 0.343566 0.107835
    51 -2.479401 -8.323895 6.074234 0.023214 -0.239013 1.932956
    52 -5.790000 4.432083 14.255558 -3.607064 1.460262 -0.672624
    53 1.044540 -2.839314 19.743252 -0.528510 1.163076 -0.346263
    54 -2.655510 -1.533379 24.792648 -0.330916 -0.079332 0.204984
    55 -1.120216 -0.154385 9.795983 -0.011918 -0.001037 0.103585
    56 -2.240372 -0.308788 19.592047 0.005265 0.046934 0.210265
    57 -0.683205 2.877342 14.167089 -0.738031 0.163387 -1.424634
    58 -0.144958 -0.145317 7.579308 -0.659984 0.179629 0.007669
    59 -0.038551 -0.936644 4.697678 -0.493436 0.097479 -0.015610
    60 -0.506317 8.500896 13.617329 -0.591307 0.068789 -1.307733
    61 0.385056 -0.460075 7.003435 -0.399361 0.311098 0.050345
    62 -0.456360 -0.710276 5.057732 -0.218512 0.130322 -0.003734
    63 2.452194 -8.899408 11.597939 -1.090884 0.145349 -1.506498
    64 -0.680515 -0.903999 6.074242 -0.917050 -0.113060 -0.027141
    65 -0.248295 -0.666843 3.386627 -0.769891 -0.120173 0.043278
    66 0.717491 -3.784309 13.044010 -0.979347 0.126082 -1.477618
    67 -1.099228 -1.407673 8.017876 -0.878597 -0.000731 0.001758
    68 -0.064053 -0.807640 3.686100 -0.562187 -0.002416 -0.007192
    69 4.004906 6.172710 4.754800 -0.014982 -0.989457 -2.569679
    70 -0.158381 -1.149773 5.804405 -0.513825 0.334454 0.249102
    71 1.078559 -2.386406 5.215008 -0.424135 0.202686 0.106274
    72 6.289963 0.932404 13.569109 -0.126801 -0.612098 -2.869612
    73 -1.327759 -0.766682 12.396324 -0.009190 -0.004808 0.083837
    74 0.000017 -54.999996 0.000000 0.000000 0.000000 -1.570796
  time 46
    0 0.000000 0.000000 -1.500000 0.000000 0.000000 0.000000
    1 -10.521344 -5.760963 66.994621 3.097005 -0.050653 -3.139334
    2 -5.710740 9.635915 3.940962 0.161402 0.188067 0.729848
    3 -0.000034 0.000012 24.761454 -0.667679 -0.077554 0.068494
    4 0.000017 0.000000 24.344809 1.421837 -0.166178 -0.045640
    5 0.002333 -1.019846 24.031336 0.389585 -0.042710 0.017201
    6 0.000034 0.000008 13.404741 -0.000001 -0.000009 0.025752
    7 10.398263 -5.760962 66.994675 3.097005 0.050653 3.139334
    8 -0.683781 -3.498332 3.473632 0.213480 -0.329623 0.593268
    9 -0.000004 -0.000006 24.761459 -0.698617 0.081132 -0.472072
    10 -0.000007 0.000004 24.344891 1.346579 0.165366 0.035341
    11 -0.002360 -1.019903 24.031330 0.389594 -0.042695 -0.017219
    12 0.000000 -0.000002 13.404737 0.000001 0.000005 -0.218624
    13 -0.061540 -5.245835 72.927078 0.000000 0.000000 0.000000
    14 4.145982 4.010516 -3.858393 -0.191309 -0.001459 -0.637170
    15 0.000000 -0.005608 -1.146812 0.007277 -0.000145 -0.042983
    16 0.030770 -0.240000 8.906021 -0.004138 0.000000 0.000000
    17 -0.093730 -2.792198 -0.609792 0.483067 -0.022187 0.005716
    18 0.030770 -0.276858 8.905140 0.056125 0.004134 -0.000049
    19 0.076862 0.743086 0.022263 -0.160743 0.021539 -0.004399
    20 5.669724 4.435303 14.302868 -0.311890 -1.338785 3.270040
    21 -1.044571 -2.839317 19.743267 -0.974613 -0.170427 -0.009719
    22 2.655533 -1.533369 24.792658 -1.468978 0.138453 -0.995919
    23 1.120163 -0.154394 9.796035 -0.051755 -0.004659 -0.454171
    24 2.240311 -0.308786 19.592051 -0.098475 -0.174816 -0.900665
    25 0.683151 2.877354 14.167051 -0.598065 -0.179245 1.423777
    26 0.144936 -0.145374 7.579252 -0.641306 -0.156316 0.054946
    27 0.091660 -0.906685 4.702850 -0.475303 -0.074681 0.016011
    28 0.506271 8.500866 13.617253 -0.497219 -0.144857 1.339874
    29 -0.384987 -0.460049 7.003448 -0.428139 -0.297977 0.106539
    30 0.561516 -0.596954 5.061852 -0.247054 -0.118522 0.017188
    31 -2.452171 -8.899406 11.597897 -0.664963 -0.129179 1.469659
    32 0.680496 -0.903999 6.074253 -0.524256 0.060314 0.007003
    33 0.245514 -0.661150 3.388004 -0.372201 0.092792 -0.014306
    34 -0.717484 -3.784271 13.043911 -0.701150 -0.132828 1.448740
    35 1.099216 -1.407745 8.017889 -0.675823 -0.004423 0.004940
    36 0.068439 -0.807653 3.686054 -0.359595 -0.004522 0.001573
    37 -4.004929 6.172707 4.754754 0.075408 0.813630 2.496399
    38 0.158352 -1.149811 5.804394 -0.435124 -0.230407 0.197032
    39 -1.083523 -1.463142 5.544399 -0.348736 -0.099119 0.030464
    40 -6.289886 0.932434 13.569063 -0.126803 0.612110 2.869610
    41 1.327774 -0.766687 12.396328 -0.081569 0.014948 -0.684857
    42 -0.096140 1.828087 23.185329 0.004131 -0.051984 -1.570724
    43 2.325478 -0.000003 6.169296 -0.175533 -0.046510 1.522673
    44 0.000000 -3.152912 0.122169 1.961017 0.000000 0.000000
    45 1.068383 -10.478592 7.066338 0.292219 -1.282324 -3.141588
    46 0.000000 0.000000 2.279457 0.547137 -0.343566 0.107833
    47 2.479414 -8.323895 6.074242 0.005798 -0.231731 1.911817
    48 0.000003 -5.075260 5.105362 0.000000 0.000000 0.000000
    49 -1.068383 -10.478611 7.065971 0.292219 1.282324 3.141588
    50 -0.000488 0.000015 2.279600 0.547136 0.343566 0.107835
    51 -2.479401 -8.323895 6.074234 0.022511 -0.229374 1.916189
    52 -5.790000 4.432083 14.255558 -3.575143 1.458351 -0.640334
    53 1.044540 -2.839314 19.743252 -0.524058 1.152816 -0.340004
    54 -2.655510 -1.533379 24.792648 -0.336250 -0.079177 0.200213
    55 -1.120216 -0.154385 9.795983 -0.011342 -0.001001 0.098579
    56 -2.240372 -0.308788 19.592047 0.003203 0.047132 0.200127
    57 -0.683205 2.877342 14.167089 -0.738031 0.163387 -1.424634
    58 -0.144958 -0.145317 7.579308 -0.659984 0.179629 0.007669
    59 -0.038551 -0.936644 4.697678 -0.493436 0.097479 -0.015610
    60 -0.506317 8.500896 13.617329 -0.591307 0.068789 -1.307733
    61 0.385056 -0.460075 7.003435 -0.399361 0.311098 0.050345
    62 -0.456360 -0.710276 5.057732 -0.218512 0.130322 -0.003734
    63 2.452194 -8.899408 11.597939 -1.090884 0.145349 -1.506498
    64 -0.680515 -0.903999 6.074242 -0.917050 -0.113060 -0.027141
    65 -0.248295 -0.666843 3.386627 -0.769891 -0.120173 0.043278
    66 0.717491 -3.784309 13.044010 -0.979347 0.126082 -1.477618
    67 -1.099228 -1.407673 8.017876 -0.878597 -0.000731 0.001758
    68 -0.064053 -0.807640 3.686100 -0.562187 -0.002416 -0.007192
    69 4.004906 6.172710 4.754800 -0.014982 -0.989457 -2.569679
    70 -0.158381 -1.149773 5.804405 -0.513825 0.334454 0.249102
    71 1.078559 -2.386406 5.215008 -0.424135 0.202686 0.106274
    72 6.289963 0.932404 13.569109 -0.126801 -0.612098 -2.869612
    73 -1.327759 -0.766682 12.396324 -0.009166 -0.004808 0.083652
    74 0.000017 -54.999996 0.000000 0.000000 0.000000 -1.570796
  time 47
    0 0.000000 0.000000 -1.500000 0.000000 0.000000 0.000000
    1 -10.521344 -5.760963 66.994621 3.097005 -0.050653 -3.139334
    2 -5.749804 9.513145 3.985811 0.160650 0.191852 0.723513
    3 -0.000034 0.000012 24.761454 -0.671988 -0.078069 0.074073
    4 0.000017 0.000000 24.344809 1.425782 -0.168465 -0.046699
    5 0.002333 -1.019846 24.031336 0.389585 -0.042710 0.017201
    6 0.000034 0.000008 13.404741 -0.000001 -0.000009 0.028389
    7 10.398263 -5.760962 66.994675 3.097005 0.050653 3.139334
    8 -0.816598 -3.498332 3.518592 0.221243 -0.328196 0.585264
    9 -0.000004 -0.000006 24.761459 -0.707801 0.082223 -0.465576
    10 -0.000007 0.000004 24.344891 1.351096 0.162300 0.034584
    11 -0.002360 -1.019903 24.031330 0.389594 -0.042695 -0.017219
    12 0.000000 -0.000002 13.404737 0.000001 0.000005 -0.215339
    13 -0.061540 -5.245835 72.927078 0.000000 0.000000 0.000000
    14 4.216296 3.952288 -3.948517 -0.191341 -0.001390 -0.629844
    15 0.000000 -0.005608 -1.146812 0.006639 -0.001102 -0.043228
    16 0.030770 -0.240000 8.906021 -0.004138 0.000000 0.000000
    17 -0.101542 -2.827355 -0.625417 0.489107 -0.028124 0.012944
    18 0.030770 -0.276858 8.905140 0.056125 0.004134 -0.000049
    19 0.108113 0.746992 0.026169 -0.160171 0.030303 -0.005874
    20 5.669724 4.435303 14.302868 -0.291122 -1.364753 3.262756
    21 -1.044571 -2.839317 19.743267 -0.995942 -0.259766 0.025194
    22 2.655533 -1.533369 24.792658 -1.391949 0.134572 -0.928714
    23 1.120163 -0.154394 9.796035 -0.049777 -0.004036 -0.436234
    24 2.240311 -0.308786 19.592051 -0.108615 -0.187295 -0.862487
    25 0.683151 2.877354 14.167051 -0.671025 -0.193063 1.434530
    26 0.144936 -0.145374 7.579252 -0.712724 -0.167450 0.062436
    27 0.091660 -0.906685 4.702850 -0.545907 -0.086882 0.022639
    28 0.506271 8.500866 13.617253 -0.566757 -0.185414 1.354789
    29 -0.384987 -0.460049 7.003448 -0.511728 -0.323589 0.126002
    30 0.561516 -0.596954 5.061852 -0.326060 -0.148388 0.028574
    31 -2.452171 -8.899406 11.597897 -0.735843 -0.110537 1.468988
    32 0.680496 -0.903999 6.074253 -0.595437 0.067756 0.009544
    33 0.245514 -0.661150 3.388004 -0.443459 0.096627 -0.018752
    34 -0.717484 -3.784271 13.043911 -0.773025 -0.118303 1.451829
    35 1.099216 -1.407745 8.017889 -0.747227 -0.001535 0.004832
    36 0.068439 -0.807653 3.686054 -0.431060 -0.001874 0.002209
    37 -4.004929 6.172707 4.754754 0.086488 0.845511 2.509795
    38 0.158352 -1.149811 5.804394 -0.473434 -0.238288 0.190776
    39 -1.083523 -1.463142 5.544399 -0.388654 -0.102846 0.024718
    40 -6.289886 0.932434 13.569063 -0.126803 0.612110 2.869610
    41 1.327774 -0.766687 12.396328 -0.076056 0.015715 -0.639713
    42 -0.096140 1.828087 23.185329 0.004131 -0.051984 -1.570724
    43 2.325478 -0.000003 6.169296 -0.164694 -0.038914 1.542070
    44 0.000000 -3.152912 0.122169 1.961017 0.000000 0.000000
    45 1.068383 -10.478592 7.066338 0.292219 -1.282324 -3.141588
    46 0.000000 0.000000 2.279457 0.547137 -0.343566 0.107833
    47 2.479414 -8.323895 6.074242 0.004847 -0.218488 1.889850
    48 0.000003 -5.075260 5.105362 0.000000 0.000000 0.000000
    49 -1.068383 -10.478611 7.065971 0.292219 1.282324 3.141588
    50 -0.000488 0.000015 2.279600 0.547136 0.343566 0.107835
    51 -2.479401 -8.323895 6.074234 0.021647 -0.216569 1.894346
    52 -5.790000 4.432083 14.255558 -3.544469 1.456316 -0.608715
    53 1.044540 -2.839314 19.743252 -0.520440 1.142047 -0.334098
    54 -2.655510 -1.533379 24.792648 -0.342491 -0.079048 0.194761
    55 -1.120216 -0.154385 9.795983 -0.010719 -0.000989 0.093247
    56 -2.240372 -0.308788 19.592047 0.000759 0.047033 0.189129
    57 -0.683205 2.877342 14.167089 -0.738031 0.163387 -1.424634
    58 -0.144958 -0.145317 7.579308 -0.659984 0.179629 0.007669
    59 -0.038551 -0.936644 4.697678 -0.493436 0.097479 -0.015610
    60 -0.506317 8.500896 13.617329 -0.591307 0.068789 -1.307733
    61 0.385056 -0.460075 7.003435 -0.399361 0.311098 0.050345
    62 -0.456360 -0.710276 5.057732 -0.218512 0.130322 -0.003734
    63 2.452194 -8.899408 11.597939 -1.090884 0.145349 -1.506498
    64 -0.680515 -0.903999 6.074242 -0.917050 -0.113060 -0.027141
    65 -0.248295 -0.666843 3.386627 -0.769891 -0.120173 0.043278
    66 0.717491 -3.784309 13.044010 -0.979347 0.126082 -1.477618
    67 -1.099228 -1.407673 8.017876 -0.878597 -0.000731 0.001758
    68 -0.064053 -0.807640 3.686100 -0.562187 -0.002416 -0.007192
    69 4.004906 6.172710 4.754800 -0.014982 -0.989457 -2.569679
    70 -0.158381 -1.149773 5.804405 -0.513825 0.334426 0.249102
    71 1.078559 -2.386406 5.215008 -0.424135 0.202686 0.106274
    72 6.289963 0.932404 13.569109 -0.126801 -0.612098 -2.869612
    73 -1.327759 -0.766682 12.396324 -0.009130 -0.004785 0.083282
    74 0.000017 -54.999996 0.000000 0.000000 0.000000 -1.570796
  time 48
    0 0.000000 0.000000 -1.500000 0.000000 0.000000 0.000000
    1 -10.521344 -5.760963 66.994621 3.097005 -0.050653 -3.139334
    2 -5.792774 9.378098 4.053085 0.160036 0.195694 0.717353
    3 -0.000034 0.000012 24.761454 -0.676541 -0.078572 0.079407
    4 0.000017 0.000000 24.344809 1.429789 -0.170819 -0.047801
    5 0.002333 -1.019846 24.031336 0.389585 -0.042698 0.017213
    6 0.000034 0.000008 13.404741 -0.000001 -0.000009 0.030857
    7 10.398263 -5.760962 66.994675 3.097005 0.050653 3.139334
    8 -0.945508 -3.523311 3.586032 0.228836 -0.326769 0.577590
    9 -0.000004 -0.000006 24.761459 -0.717316 0.083301 -0.459296
    10 -0.000007 0.000004 24.344891 1.355614 0.159278 0.033828
    11 -0.002360 -1.019903 24.031330 0.389594 -0.042695 -0.017219
    12 0.000000 -0.000002 13.404737 0.000001 0.000005 -0.212162
    13 -0.061540 -5.245835 72.927078 0.000000 0.000000 0.000000
    14 4.290517 3.894059 -3.971048 -0.191245 -0.001407 -0.622517
    15 0.000000 -0.005608 -1.146812 0.006001 -0.001996 -0.043445
    16 0.030770 -0.240000 8.906021 -0.004138 0.000000 0.000000
    17 -0.109355 -2.866419 -0.641043 0.495146 -0.034088 0.019893
    18 0.030770 -0.276858 8.905140 0.056125 0.004134 -0.000049
    19 0.131551 0.743086 0.026169 -0.159027 0.039436 -0.007480
    20 5.669724 4.435303 14.302868 -0.266526 -1.389981 3.252790
    21 -1.044571 -2.839317 19.743267 -1.015070 -0.346600 0.065916
    22 2.655533 -1.533369 24.792658 -1.309018 0.129884 -0.862884
    23 1.120163 -0.154394 9.796035 -0.047716 -0.003425 -0.417643
    24 2.240311 -0.308786 19.592051 -0.120278 -0.197517 -0.822687
    25 0.683151 2.877354 14.167051 -0.749745 -0.207049 1.446843
    26 0.144936 -0.145374 7.579252 -0.795803 -0.179638 0.072132
    27 0.091660 -0.906685 4.702850 -0.628050 -0.100376 0.031376
    28 0.506271 8.500866 13.617253 -0.642347 -0.227662 1.372817
    29 -0.384987 -0.460049 7.003448 -0.608228 -0.350674 0.151002
    30 0.561516 -0.596954 5.061852 -0.416776 -0.181118 0.044429
    31 -2.452171 -8.899406 11.597897 -0.811989 -0.090999 1.467646
    32 0.680496 -0.903999 6.074253 -0.677285 0.076517 0.011845
    33 0.245514 -0.661150 3.388004 -0.526913 0.100678 -0.024229
    34 -0.717484 -3.784271 13.043911 -0.850147 -0.102483 1.454380
    35 1.099216 -1.407745 8.017889 -0.829963 0.001833 0.004448
    36 0.068439 -0.807653 3.686054 -0.513790 0.001242 0.002688
    37 -4.004929 6.172707 4.754754 0.099008 0.878237 2.524625
    38 0.158352 -1.149811 5.804394 -0.517041 -0.247534 0.184004
    39 -1.083523 -1.463142 5.544399 -0.433962 -0.107352 0.018393
    40 -6.289886 0.932434 13.569063 -0.126803 0.612110 2.869610
    41 1.327774 -0.766687 12.396328 -0.070651 0.016218 -0.595774
    42 -0.096140 1.828087 23.185329 0.004131 -0.051984 -1.570724
    43 2.325478 -0.000003 6.169296 -0.151085 -0.031231 1.565379
    44 0.000000 -3.152912 0.122169 1.961017 0.000000 0.000000
    45 1.068383 -10.478592 7.066338 0.292219 -1.282324 -3.141588
    46 0.000000 0.000000 2.279457 0.547137 -0.343566 0.107833
    47 2.479414 -8.323895 6.074242 0.003705 -0.202616 1.863490
    48 0.000003 -5.075260 5.105362 0.000000 0.000000 0.000000
    49 -1.068383 -10.478611 7.065971 0.292219 1.282324 3.141588
    50 -0.000488 0.000015 2.279600 0.547136 0.343566 0.107835
    51 -2.479401 -8.323895 6.074234 0.020603 -0.201023 1.868573
    52 -5.790000 4.432083 14.255558 -3.515232 1.454073 -0.577958
    53 1.044540 -2.839314 19.743252 -0.517156 1.131066 -0.328519
    54 -2.655510 -1.533379 24.792648 -0.349687 -0.078892 0.188702
    55 -1.120216 -0.154385 9.795983 -0.010072 -0.000953 0.087698
    56 -2.240372 -0.308788 19.592047 -0.001761 0.046835 0.177530
    57 -0.683205 2.877342 14.167089 -0.738031 0.163387 -1.424634
    58 -0.144958 -0.145317 7.579308 -0.659984 0.179629 0.007669
    59 -0.038551 -0.936644 4.697678 -0.493436 0.097479 -0.015610
    60 -0.506317 8.500896 13.617329 -0.591307 0.068789 -1.307733
    61 0.385056 -0.460075 7.003435 -0.399361 0.311098 0.050345
    62 -0.456360 -0.710276 5.057732 -0.218512 0.130322 -0.003734
    63 2.452194 -8.899408 11.597939 -1.090884 0.145349 -1.506498
    64 -0.680515 -0.903999 6.074242 -0.917050 -0.113060 -0.027141
    65 -0.248295 -0.666843 3.386627 -0.769891 -0.120173 0.043278
    66 0.717491 -3.784309 13.044010 -0.979347 0.126082 -1.477618
    67 -1.099228 -1.407673 8.017876 -0.878597 -0.000731 0.001758
    68 -0.064053 -0.807640 3.686100 -0.562187 -0.002416 -0.007192
    69 4.004906 6.172710 4.754800 -0.014982 -0.989457 -2.569679
    70 -0.158381 -1.149773 5.804405 -0.513825 0.334426 0.249102
    71 1.078559 -2.386406 5.215008 -0.424135 0.202686 0.106274
    72 6.289963 0.932404 13.569109 -0.126801 -0.612098 -2.869612
    73 -1.327759 -0.766682 12.396324 -0.009070 -0.004761 0.082727
    74 0.000017 -54.999996 0.000000 0.000000 0.000000 -1.570796
  time 49
    0 0.000000 0.000000 -1.500000 0.000000 0.000000 0.000000
    1 -10.521344 -5.760963 66.994621 3.097005 -0.050653 -3.139334
    2 -5.835744 9.243051 4.120359 0.159421 0.199535 0.711411
    3 -0.000034 0.000012 24.761454 -0.681175 -0.079112 0.084537
    4 0.000017 0.000000 24.344809 1.433981 -0.173218 -0.048925
    5 0.002333 -1.019846 24.031336 0.389660 -0.042710 0.017213
    6 0.000034 0.000008 13.404741 -0.000001 -0.000009 0.033198
    7 10.398263 -5.760962 66.994675 3.097005 0.050653 3.139334
    8 -1.070512 -3.523311 3.653473 0.236172 -0.325306 0.570246
    9 -0.000004 -0.000006 24.761459 -0.726720 0.084404 -0.453231
    10 -0.000007 0.000004 24.344891 1.360390 0.156323 0.033029
    11 -0.002360 -1.019903 24.031330 0.389594 -0.042695 -0.017219
    12 0.000000 -0.000002 13.404737 0.000001 0.000005 -0.209113
    13 -0.061540 -5.245835 72.927078 0.000000 0.000000 0.000000
    14 4.364738 3.824185 -4.061173 -0.191021 -0.001493 -0.615551
    15 0.000000 -0.005608 -1.146812 0.005363 -0.002811 -0.043717
    16 0.030770 -0.240000 8.906021 -0.004138 0.000000 0.000000
    17 -0.109355 -2.901576 -0.656668 0.501165 -0.039949 0.026442
    18 0.030770 -0.276858 8.905140 0.056125 0.004134 -0.000049
    19 0.162802 0.743086 0.030075 -0.157347 0.048878 -0.009181
    20 5.669724 4.435303 14.302868 -0.237240 -1.414469 3.239085
    21 -1.044571 -2.839317 19.743267 -1.031996 -0.429259 0.112307
    22 2.655533 -1.533369 24.792658 -1.221574 0.124581 -0.799238
    23 1.120163 -0.154394 9.796035 -0.045595 -0.002838 -0.398464
    24 2.240311 -0.308786 19.592051 -0.133159 -0.205252 -0.781621
    25 0.683151 2.877354 14.167051 -0.832908 -0.220700 1.460606
    26 0.144936 -0.145374 7.579252 -0.888873 -0.192282 0.084164
    27 0.091660 -0.906685 4.702850 -0.719855 -0.114554 0.042390
    28 0.506271 8.500866 13.617253 -0.723001 -0.270372 1.394143
    29 -0.384987 -0.460049 7.003448 -0.716431 -0.377699 0.181922
    30 0.561516 -0.596954 5.061852 -0.517952 -0.215359 0.065450
    31 -2.452171 -8.899406 11.597897 -0.891983 -0.070963 1.465471
    32 0.680496 -0.903999 6.074253 -0.769127 0.086524 0.013571
    33 0.245514 -0.661150 3.388004 -0.619740 0.104633 -0.030725
    34 -0.717484 -3.784271 13.043911 -0.930973 -0.085693 1.456101
    35 1.099216 -1.407745 8.017889 -0.922440 0.005500 0.003705
    36 0.068439 -0.807653 3.686054 -0.606257 0.004790 0.002916
    37 -4.004929 6.172707 4.754754 0.113150 0.911227 2.540987
    38 0.158352 -1.149811 5.804394 -0.565225 -0.258057 0.177029
    39 -1.083523 -1.463142 5.544399 -0.483925 -0.112661 0.011639
    40 -6.289886 0.932434 13.569063 -0.126803 0.612110 2.869610
    41 1.327774 -0.766687 12.396328 -0.065510 0.016494 -0.553995
    42 -0.096140 1.828087 23.185329 0.004131 -0.051984 -1.570724
    43 2.325478 -0.000003 6.169296 -0.135041 -0.023924 1.591801
    44 0.000000 -3.152912 0.122169 1.961017 0.000000 0.000000
    45 1.068383 -10.478592 7.066338 0.292219 -1.282324 -3.141588
    46 0.000000 0.000000 2.279457 0.547137 -0.343566 0.107833
    47 2.479414 -8.323895 6.074242 0.002427 -0.184348 1.833978
    48 0.000003 -5.075260 5.105362 0.000000 0.000000 0.000000
    49 -1.068383 -10.478611 7.065971 0.292219 1.282324 3.141588
    50 -0.000488 0.000015 2.279600 0.547136 0.343566 0.107835
    51 -2.479401 -8.323895 6.074234 0.019418 -0.183162 1.839352
    52 -5.790000 4.432083 14.255558 -3.487529 1.451663 -0.548447
    53 1.044540 -2.839314 19.743252 -0.514262 1.119916 -0.323103
    54 -2.655510 -1.533379 24.792648 -0.357739 -0.078698 0.182038
    55 -1.120216 -0.154385 9.795983 -0.009425 -0.000905 0.081876
    56 -2.240372 -0.308788 19.592047 -0.004434 0.046439 0.165501
    57 -0.683205 2.877342 14.167089 -0.738031 0.163387 -1.424634
    58 -0.144958 -0.145317 7.579308 -0.659984 0.179629 0.007669
    59 -0.038551 -0.936644 4.697678 -0.493436 0.097479 -0.015610
    60 -0.506317 8.500896 13.617329 -0.591307 0.068789 -1.307733
    61 0.385056 -0.460075 7.003435 -0.399361 0.311098 0.050345
    62 -0.456360 -0.710276 5.057732 -0.218512 0.130322 -0.003734
    63 2.452194 -8.899408 11.597939 -1.090884 0.145349 -1.506498
    64 -0.680515 -0.903999 6.074242 -0.917050 -0.113060 -0.027141
    65 -0.248295 -0.666843 3.386627 -0.769891 -0.120173 0.043278
    66 0.717491 -3.784309 13.044010 -0.979347 0.126082 -1.477618
    67 -1.099228 -1.407673 8.017876 -0.878597 -0.000731 0.001758
    68 -0.064053 -0.807640 3.686100 -0.562187 -0.002416 -0.007192
    69 4.004906 6.172710 4.754800 -0.014982 -0.989457 -2.569679
    70 -0.158381 -1.149773 5.804405 -0.513825 0.334426 0.249102
    71 1.078559 -2.386406 5.215008 -0.424135 0.202686 0.106274
    72 6.289963 0.932404 13.569109 -0.126801 -0.612098 -2.869612
    73 -1.327759 -0.766682 12.396324 -0.008974 -0.004713 0.081894
    74 0.000017 -54.999996 0.000000 0.000000 0.000000 -1.570796
  time 50
    0 0.000000 0.000000 -1.500000 0.000000 0.000000 0.000000
    1 -10.521344 -5.760963 66.994621 3.097005 -0.050653 -3.139334
    2 -5.878714 9.108004 4.210057 0.158738 0.203320 0.705644
    3 -0.000034 0.000012 24.761454 -0.685728 -0.079651 0.089464
    4 0.000017 0.000000 24.344809 1.438050 -0.175640 -0.050091
    5 0.002333 -1.019846 24.031336 0.389660 -0.042710 0.017201
    6 0.000034 0.000008 13.404741 -0.000001 -0.000009 0.035455
    7 10.398263 -5.760962 66.994675 3.097005 0.050653 3.139334
    8 -1.191609 -3.548289 3.720913 0.243424 -0.323806 0.563067
    9 -0.000004 -0.000006 24.761459 -0.736070 0.085495 -0.447381
    10 -0.000007 0.000004 24.344891 1.365166 0.153390 0.032209
    11 -0.002360 -1.019903 24.031330 0.389594 -0.042695 -0.017219
    12 0.000000 -0.000002 13.404737 0.000001 0.000005 -0.206150
    13 -0.061540 -5.245835 72.927078 0.000000 0.000000 0.000000
    14 4.435053 3.765957 -4.151297 -0.190701 -0.001614 -0.608645
    15 0.000000 -0.005608 -1.146812 0.004725 -0.003549 -0.043934
    16 0.030770 -0.240000 8.906021 -0.004138 0.000000 0.000000
    17 -0.121074 -2.936734 -0.672294 0.506994 -0.045685 0.032632
    18 0.030770 -0.276858 8.905140 0.056125 0.004134 -0.000049
    19 0.190147 0.743086 0.030075 -0.155274 0.058444 -0.010919
    20 5.669724 4.435303 14.302868 -0.201637 -1.438111 3.220014
    21 -1.044571 -2.839317 19.743267 -1.046819 -0.506648 0.163520
    22 2.655533 -1.533369 24.792658 -1.130832 0.118894 -0.738422
    23 1.120163 -0.154394 9.796035 -0.043389 -0.002263 -0.378907
    24 2.240311 -0.308786 19.592051 -0.146955 -0.210732 -0.739447
    25 0.683151 2.877354 14.167051 -0.918650 -0.233559 1.475555
    26 0.144936 -0.145374 7.579252 -0.990028 -0.204614 0.098498
    27 0.091660 -0.906685 4.702850 -0.819672 -0.128696 0.055788
    28 0.506271 8.500866 13.617253 -0.807607 -0.312401 1.418643
    29 -0.384987 -0.460049 7.003448 -0.834380 -0.402926 0.218643
    30 0.561516 -0.596954 5.061852 -0.627804 -0.249431 0.091936
    31 -2.452171 -8.899406 11.597897 -0.974255 -0.050828 1.462384
    32 0.680496 -0.903999 6.074253 -0.868463 0.097478 0.014386
    33 0.245514 -0.661150 3.388004 -0.720183 0.108217 -0.038095
    34 -0.717484 -3.784271 13.043911 -1.013916 -0.068303 1.456823
    35 1.099216 -1.407745 8.017889 -1.022406 0.009407 0.002543
    36 0.068439 -0.807653 3.686054 -0.706258 0.008613 0.002808
    37 -4.004929 6.172707 4.754754 0.128824 0.943918 2.558784
    38 0.158352 -1.149811 5.804394 -0.616884 -0.269665 0.170114
    39 -1.083523 -1.463142 5.544399 -0.537498 -0.118702 0.004705
    40 -6.289886 0.932434 13.569063 -0.126803 0.612110 2.869610
    41 1.327774 -0.766687 12.396328 -0.060632 0.016542 -0.514525
    42 -0.096140 1.828087 23.185329 0.004131 -0.051984 -1.570724
    43 2.325478 -0.000003 6.169296 -0.117039 -0.017413 1.620578
    44 0.000000 -3.152912 0.122169 1.961017 0.000000 0.000000
    45 1.068383 -10.478592 7.066338 0.292219 -1.282324 -3.141588
    46 0.000000 0.000000 2.279457 0.547137 -0.343566 0.107833
    47 2.479414 -8.323895 6.074242 0.001068 -0.164297 1.802174
    48 0.000003 -5.075260 5.105362 0.000000 0.000000 0.000000
    49 -1.068383 -10.478611 7.065971 0.292219 1.282324 3.141588
    50 -0.000488 0.000015 2.279600 0.547136 0.343566 0.107835
    51 -2.479401 -8.323895 6.074234 0.018153 -0.163506 1.807736
    52 -5.790000 4.432083 14.255558 -3.461360 1.449213 -0.520373
    53 1.044540 -2.839314 19.743252 -0.511368 1.108596 -0.317742
    54 -2.655510 -1.533379 24.792648 -0.366596 -0.078530 0.174995
    55 -1.120216 -0.154385 9.795983 -0.008730 -0.000869 0.075891
    56 -2.240372 -0.308788 19.592047 -0.007183 0.045746 0.153128
    57 -0.683205 2.877342 14.167089 -0.738031 0.163387 -1.424634
    58 -0.144958 -0.145317 7.579308 -0.659984 0.179629 0.007669
    59 -0.038551 -0.936644 4.697678 -0.493436 0.097479 -0.015610
    60 -0.506317 8.500896 13.617329 -0.591307 0.068789 -1.307733
    61 0.385056 -0.460075 7.003435 -0.399361 0.311098 0.050345
    62 -0.456360 -0.710276 5.057732 -0.218512 0.130322 -0.003734
    63 2.452194 -8.899408 11.597939 -1.090884 0.145349 -1.506498
    64 -0.680515 -0.903999 6.074242 -0.917050 -0.113060 -0.027141
    65 -0.248295 -0.666843 3.386627 -0.769891 -0.120173 0.043278
    66 0.717491 -3.784309 13.044010 -0.979347 0.126082 -1.477618
    67 -1.099228 -1.407673 8.017876 -0.878597 -0.000731 0.001758
    68 -0.064053 -0.807640 3.686100 -0.562187 -0.002416 -0.007192
    69 4.004906 6.172710 4.754800 -0.014982 -0.989457 -2.569679
    70 -0.158381 -1.149773 5.804405 -0.513825 0.334454 0.249102
    71 1.078559 -2.386406 5.215008 -0.424135 0.202686 0.106274
    72 6.289963 0.932404 13.569109 -0.126801 -0.612098 -2.869612
    73 -1.327759 -0.766682 12.396324 -0.008866 -0.004653 0.080830
    74 0.000017 -54.999996 0.000000 0.000000 0.000000 -1.570796
  time 51
    0 0.000000 0.000000 -1.500000 0.000000 0.000000 0.000000
    1 -10.521344 -5.760963 66.994621 3.097005 -0.050653 -3.139334
    2 -5.921684 8.972957 4.277330 0.158054 0.207162 0.700008
    3 -0.000034 0.000012 24.761454 -0.690159 -0.080154 0.094228
    4 0.000017 0.000000 24.344809 1.442057 -0.178062 -0.051236
    5 0.002333 -1.019846 24.031336 0.389660 -0.042710 0.017201
    6 0.000034 0.000008 13.404741 -0.000001 -0.000009 0.037670
    7 10.398263 -5.760962 66.994675 3.097005 0.050653 3.139334
    8 -1.308800 -3.573268 3.765874 0.250419 -0.322233 0.556218
    9 -0.000004 -0.000006 24.761459 -0.745365 0.086549 -0.441747
    10 -0.000007 0.000004 24.344891 1.370006 0.150501 0.031390
    11 -0.002360 -1.019903 24.031330 0.389594 -0.042695 -0.017219
    12 0.000000 -0.000002 13.404737 0.000001 0.000005 -0.203295
    13 -0.061540 -5.245835 72.927078 0.000000 0.000000 0.000000
    14 4.505368 3.696082 -4.196359 -0.190285 -0.001769 -0.601979
    15 0.000000 -0.005608 -1.146812 0.004087 -0.004223 -0.044206
    16 0.030770 -0.240000 8.906021 -0.004138 0.000000 0.000000
    17 -0.124981 -2.975797 -0.684013 0.512549 -0.051243 0.038302
    18 0.030770 -0.276858 8.905140 0.056125 0.004134 -0.000049
    19 0.217491 0.739179 0.030075 -0.152736 0.068030 -0.012705
    20 5.669724 4.435303 14.302868 -0.156943 -1.460873 3.192510
    21 -1.044571 -2.839317 19.743267 -1.059343 -0.578192 0.218258
    22 2.655533 -1.533369 24.792658 -1.037790 0.113130 -0.679790
    23 1.120163 -0.154394 9.796035 -0.041160 -0.001735 -0.359039
    24 2.240311 -0.308786 19.592051 -0.161490 -0.213863 -0.696680
    25 0.683151 2.877354 14.167051 -1.005379 -0.245328 1.491353
    26 0.144936 -0.145374 7.579252 -1.096433 -0.215976 0.114833
    27 0.091660 -0.906685 4.702850 -0.924617 -0.142023 0.071308
    28 0.506271 8.500866 13.617253 -0.894436 -0.352738 1.446101
    29 -0.384987 -0.460049 7.003448 -0.959158 -0.424679 0.260349
    30 0.561516 -0.596954 5.061852 -0.744010 -0.281610 0.123647
    31 -2.452171 -8.899406 11.597897 -1.056932 -0.030871 1.458277
    32 0.680496 -0.903999 6.074253 -0.972716 0.108983 0.014038
    33 0.245514 -0.661150 3.388004 -0.825579 0.111165 -0.046209
    34 -0.717484 -3.784271 13.043911 -1.097212 -0.050722 1.456485
    35 1.099216 -1.407745 8.017889 -1.127184 0.013338 0.000889
    36 0.068439 -0.807653 3.686054 -0.810950 0.012556 0.002292
    37 -4.004929 6.172707 4.754754 0.145758 0.975746 2.577825
    38 0.158352 -1.149811 5.804394 -0.671043 -0.282199 0.163559
    39 -1.083523 -1.463142 5.544399 -0.593583 -0.125413 -0.002201
    40 -6.289886 0.932434 13.569063 -0.126803 0.612110 2.869610
    41 1.327774 -0.766687 12.396328 -0.056018 0.016422 -0.477064
    42 -0.096140 1.828087 23.185329 0.004131 -0.051984 -1.570724
    43 2.325478 -0.000003 6.169296 -0.097461 -0.012074 1.650872
    44 0.000000 -3.152912 0.122169 1.961017 0.000000 0.000000
    45 1.068383 -10.478592 7.066338 0.292219 -1.282324 -3.141588
    46 0.000000 0.000000 2.279457 0.547137 -0.343566 0.107833
    47 2.479414 -8.323895 6.074242 -0.000373 -0.142930 1.768746
    48 0.000003 -5.075260 5.105362 0.000000 0.000000 0.000000
    49 -1.068383 -10.478611 7.065971 0.292219 1.282324 3.141588
    50 -0.000488 0.000015 2.279600 0.547136 0.343566 0.107835
    51 -2.479401 -8.323895 6.074234 0.016787 -0.142432 1.774587
    52 -5.790000 4.432083 14.255558 -3.437395 1.446721 -0.493928
    53 1.044540 -2.839314 19.743252 -0.508474 1.097403 -0.312462
    54 -2.655510 -1.533379 24.792648 -0.376360 -0.078375 0.167498
    55 -1.120216 -0.154385 9.795983 -0.008035 -0.000821 0.069852
    56 -2.240372 -0.308788 19.592047 -0.010085 0.044954 0.140498
    57 -0.683205 2.877342 14.167089 -0.738031 0.163387 -1.424621
    58 -0.144958 -0.145317 7.579308 -0.659984 0.179629 0.007669
    59 -0.038551 -0.936644 4.697678 -0.493436 0.097467 -0.015610
    60 -0.506317 8.500896 13.617329 -0.591307 0.068789 -1.307733
    61 0.385056 -0.460075 7.003435 -0.399361 0.311098 0.050345
    62 -0.456360 -0.710276 5.057732 -0.218512 0.130322 -0.003734
    63 2.452194 -8.899408 11.597939 -1.090884 0.145349 -1.506498
    64 -0.680515 -0.903999 6.074242 -0.917050 -0.113060 -0.027141
    65 -0.248295 -0.666843 3.386627 -0.769891 -0.120173 0.043278
    66 0.717491 -3.784309 13.044010 -0.979347 0.126082 -1.477618
    67 -1.099228 -1.407673 8.017876 -0.878597 -0.000731 0.001758
    68 -0.064053 -0.807640 3.686100 -0.562187 -0.002416 -0.007192
    69 4.004906 6.172710 4.754800 -0.014982 -0.989457 -2.569679
    70 -0.158381 -1.149773 5.804405 -0.513825 0.334454 0.249102
    71 1.078559 -2.386406 5.215008 -0.424135 0.202686 0.106274
    72 6.289963 0.932404 13.569109 -0.126801 -0.612098 -2.869612
    73 -1.327759 -0.766682 12.396324 -0.008698 -0.004593 0.079488
    74 0.000017 -54.999996 0.000000 0.000000 0.000000 -1.570796
  time 52
    0 0.000000 0.000000 -1.500000 0.000000 0.000000 0.000000
    1 -10.521344 -5.760963 66.994621 3.097005 -0.050653 -3.139334
    2 -5.964654 8.825633 4.344604 0.157166 0.210864 0.694503
    3 -0.000034 0.000012 24.761454 -0.694346 -0.080646 0.098870
    4 0.000017 0.000000 24.344809 1.446003 -0.180484 -0.052382
    5 0.002333 -1.019846 24.031336 0.389660 -0.042698 0.017201
    6 0.000034 0.000008 13.404741 -0.000001 -0.000009 0.039758
    7 10.398263 -5.760962 66.994675 3.097005 0.050653 3.139334
    8 -1.429898 -3.610736 3.833314 0.256988 -0.320624 0.549617
    9 -0.000004 -0.000006 24.761459 -0.754329 0.087604 -0.436292
    10 -0.000007 0.000004 24.344891 1.374718 0.147768 0.030549
    11 -0.002360 -1.019903 24.031330 0.389594 -0.042695 -0.017219
    12 0.000000 -0.000002 13.404737 0.000001 0.000005 -0.200525
    13 -0.061540 -5.245835 72.927078 0.000000 0.000000 0.000000
    14 4.571776 3.626208 -4.286484 -0.189709 -0.001889 -0.595433
    15 0.000000 -0.005608 -1.146812 0.003449 -0.004788 -0.044423
    16 0.030770 -0.240000 8.906021 -0.004138 0.000000 0.000000
    17 -0.124981 -3.003142 -0.699638 0.517726 -0.056535 0.043573
    18 0.030770 -0.276858 8.905140 0.056125 0.004134 -0.000049
    19 0.244836 0.731367 0.037888 -0.149840 0.077432 -0.014467
    20 5.669724 4.435303 14.302868 -0.097988 -1.482647 3.151302
    21 -1.044571 -2.839317 19.743267 -1.068638 -0.644257 0.274462
    22 2.655533 -1.533369 24.792658 -0.943576 0.107558 -0.622776
    23 1.120163 -0.154394 9.796035 -0.038907 -0.001256 -0.339033
    24 2.240311 -0.308786 19.592051 -0.176417 -0.214646 -0.653517
    25 0.683151 2.877354 14.167051 -1.091066 -0.255731 1.507588
    26 0.144936 -0.145374 7.579252 -1.205069 -0.225695 0.132678
    27 0.091660 -0.906685 4.702850 -1.031714 -0.153840 0.088470
    28 0.506271 8.500866 13.617253 -0.982007 -0.390460 1.475901
    29 -0.384987 -0.460049 7.003448 -1.087280 -0.441601 0.305579
    30 0.561516 -0.596954 5.061852 -0.863394 -0.310242 0.159745
    31 -2.452171 -8.899406 11.597897 -1.138495 -0.011473 1.453231
    32 0.680496 -0.903999 6.074253 -1.078833 0.120572 0.012480
    33 0.245514 -0.661150 3.388004 -0.932786 0.113262 -0.054730
    34 -0.717484 -3.784271 13.043911 -1.179184 -0.033344 1.455056
    35 1.099216 -1.407745 8.017889 -1.233708 0.017125 -0.001209
    36 0.068439 -0.807653 3.686054 -0.917490 0.016523 0.001346
    37 -4.004929 6.172707 4.754754 0.163863 1.006202 2.598014
    38 0.158352 -1.149811 5.804394 -0.726431 -0.295275 0.157554
    39 -1.083523 -1.463142 5.544399 -0.650609 -0.132628 -0.008830
    40 -6.289886 0.932434 13.569063 -0.126803 0.612110 2.869610
    41 1.327774 -0.766687 12.396328 -0.051536 0.016110 -0.440708
    42 -0.096140 1.828087 23.185329 0.004131 -0.051984 -1.570724
    43 2.325478 -0.000003 6.169296 -0.076833 -0.008182 1.682004
    44 0.000000 -3.152912 0.122169 1.961017 0.000000 0.000000
    45 1.068383 -10.478592 7.066338 0.292219 -1.282324 -3.141588
    46 0.000000 0.000000 2.279457 0.547137 -0.343566 0.107833
    47 2.479414 -8.323895 6.074242 -0.001759 -0.120624 1.734650
    48 0.000003 -5.075260 5.105362 0.000000 0.000000 0.000000
    49 -1.068383 -10.478611 7.065971 0.292219 1.282324 3.141588
    50 -0.000488 0.000015 2.279600 0.547136 0.343566 0.107835
    51 -2.479401 -8.323895 6.074234 0.015421 -0.120366 1.740767
    52 -5.790000 4.432083 14.255558 -3.415157 1.444270 -0.469208
    53 1.044540 -2.839314 19.743252 -0.505357 1.086380 -0.307128
    54 -2.655510 -1.533379 24.792648 -0.386978 -0.078206 0.159622
    55 -1.120216 -0.154385 9.795983 -0.007328 -0.000773 0.063758
    56 -2.240372 -0.308788 19.592047 -0.012987 0.043865 0.127953
    57 -0.683205 2.877342 14.167089 -0.738031 0.163387 -1.424634
    58 -0.144958 -0.145317 7.579308 -0.659984 0.179629 0.007669
    59 -0.038551 -0.936644 4.697678 -0.493485 0.097479 -0.015610
    60 -0.506317 8.500896 13.617329 -0.591307 0.068789 -1.307733
    61 0.385056 -0.460075 7.003435 -0.399361 0.311098 0.050345
    62 -0.456360 -0.710276 5.057732 -0.218512 0.130322 -0.003734
    63 2.452194 -8.899408 11.597939 -1.090884 0.145349 -1.506498
    64 -0.680515 -0.903999 6.074242 -0.917050 -0.113060 -0.027141
    65 -0.248295 -0.666843 3.386627 -0.769891 -0.120173 0.043278
    66 0.717491 -3.784309 13.044010 -0.979347 0.126082 -1.477618
    67 -1.099228 -1.407673 8.017876 -0.878597 -0.000731 0.001758
    68 -0.064053 -0.807640 3.686100 -0.562187 -0.002416 -0.007192
    69 4.004906 6.172710 4.754800 -0.014982 -0.989457 -2.569679
    70 -0.158381 -1.149773 5.804405 -0.513825 0.334454 0.249131
    71 1.078559 -2.386406 5.215008 -0.424135 0.202686 0.106274
    72 6.289963 0.932404 13.569109 -0.126801 -0.612098 -2.869612
    73 -1.327759 -0.766682 12.396324 -0.008530 -0.004509 0.078008
    74 0.000017 -54.999996 0.000000 0.000000 0.000000 -1.570796
  time 53
    0 0.000000 0.000000 -1.500000 0.000000 0.000000 0.000000
    1 -10.521344 -5.760963 66.994621 3.097005 -0.050653 -3.139334
    2 -6.007625 8.690586 4.389453 0.156073 0.214482 0.689129
    3 -0.000034 0.000012 24.761454 -0.698086 -0.081077 0.103390
    4 0.000017 0.000000 24.344809 1.449701 -0.182906 -0.053548
    5 0.002333 -1.019846 24.031336 0.389660 -0.042710 0.017201
    6 0.000034 0.000008 13.404741 -0.000001 -0.000009 0.041825
    7 10.398263 -5.760962 66.994675 3.097005 0.050653 3.139334
    8 -1.539276 -3.648204 3.900755 0.263386 -0.318978 0.543263
    9 -0.000004 -0.000006 24.761459 -0.763074 0.088611 -0.431053
    10 -0.000007 0.000004 24.344891 1.379429 0.145079 0.029708
    11 -0.002360 -1.019903 24.031330 0.389594 -0.042695 -0.017219
    12 0.000000 -0.000002 13.404737 0.000001 0.000005 -0.197863
    13 -0.061540 -5.245835 72.927078 0.000000 0.000000 0.000000
    14 4.638184 3.544688 -4.309015 -0.189005 -0.002061 -0.589067
    15 0.000000 -0.005608 -1.146812 0.002843 -0.005321 -0.044668
    16 0.030770 -0.240000 8.906021 -0.004138 0.000000 0.000000
    17 -0.132793 -3.034393 -0.715264 0.522440 -0.061498 0.048365
    18 0.030770 -0.276858 8.905140 0.056125 0.004134 -0.000049
    19 0.272180 0.723554 0.033982 -0.146695 0.086648 -0.016144
    20 5.669724 4.435303 14.302868 -0.013384 -1.503330 3.084602
    21 -1.044571 -2.839317 19.743267 -1.073139 -0.706408 0.328749
    22 2.655533 -1.533369 24.792658 -0.849058 0.102255 -0.564790
    23 1.120163 -0.154394 9.796035 -0.036654 -0.000824 -0.318992
    24 2.240311 -0.308786 19.592051 -0.191344 -0.213310 -0.610433
    25 0.683151 2.877354 14.167051 -1.174010 -0.264623 1.523773
    26 0.144936 -0.145374 7.579252 -1.312543 -0.233377 0.151242
    27 0.091660 -0.906685 4.702850 -1.137713 -0.163631 0.106579
    28 0.506271 8.500866 13.617253 -1.068466 -0.424821 1.507273
    29 -0.384987 -0.460049 7.003448 -1.214406 -0.452914 0.352211
    30 0.561516 -0.596954 5.061852 -0.982564 -0.334092 0.198695
    31 -2.452171 -8.899406 11.597897 -1.216970 0.007149 1.447325
    32 0.680496 -0.903999 6.074253 -1.183681 0.131790 0.009736
    33 0.245514 -0.661150 3.388004 -1.038554 0.114460 -0.063311
    34 -0.717484 -3.784271 13.043911 -1.258159 -0.016589 1.452628
    35 1.099216 -1.407745 8.017889 -1.338797 0.020625 -0.003641
    36 0.068439 -0.807653 3.686054 -1.022573 0.020298 -0.000021
    37 -4.004929 6.172707 4.754754 0.183140 1.034685 2.619160
    38 0.158352 -1.149811 5.804394 -0.781438 -0.308557 0.152353
    39 -1.083523 -1.463142 5.544399 -0.707374 -0.140130 -0.015004
    40 -6.289886 0.932434 13.569063 -0.126803 0.612110 2.869610
    41 1.327774 -0.766687 12.396328 -0.046898 0.015655 -0.403046
    42 -0.096140 1.828087 23.185329 0.004131 -0.051984 -1.570724
    43 2.325478 -0.000003 6.169296 -0.055632 -0.005838 1.712856
    44 0.000000 -3.152912 0.122169 1.961017 0.000000 0.000000
    45 1.068383 -10.478592 7.066338 0.292219 -1.282324 -3.141588
    46 0.000000 0.000000 2.279457 0.547137 -0.343566 0.107833
    47 2.479414 -8.323895 6.074242 -0.003173 -0.097848 1.701031
    48 0.000003 -5.075260 5.105362 0.000000 0.000000 0.000000
    49 -1.068383 -10.478611 7.065971 0.292219 1.282324 3.141588
    50 -0.000488 0.000015 2.279600 0.547136 0.343566 0.107835
    51 -2.479401 -8.323895 6.074234 0.014076 -0.097827 1.707330
    52 -5.790000 4.432083 14.255558 -3.394835 1.441861 -0.446212
    53 1.044540 -2.839314 19.743252 -0.501962 1.075653 -0.301821
    54 -2.655510 -1.533379 24.792648 -0.398453 -0.078038 0.151594
    55 -1.120216 -0.154385 9.795983 -0.006633 -0.000725 0.057637
    56 -2.240372 -0.308788 19.592047 -0.015660 0.042677 0.115323
    57 -0.683205 2.877342 14.167089 -0.738031 0.163387 -1.424634
    58 -0.144958 -0.145317 7.579308 -0.659984 0.179629 0.007669
    59 -0.038551 -0.936644 4.697678 -0.493436 0.097479 -0.015610
    60 -0.506317 8.500896 13.617329 -0.591307 0.068789 -1.307733
    61 0.385056 -0.460075 7.003435 -0.399361 0.311098 0.050345
    62 -0.456360 -0.710276 5.057732 -0.218512 0.130322 -0.003734
    63 2.452194 -8.899408 11.597939 -1.090884 0.145349 -1.506498
    64 -0.680515 -0.903999 6.074242 -0.917050 -0.113060 -0.027141
    65 -0.248295 -0.666843 3.386627 -0.769891 -0.120173 0.043278
    66 0.717491 -3.784309 13.044010 -0.979347 0.126082 -1.477618
    67 -1.099228 -1.407673 8.017876 -0.878597 -0.000731 0.001758
    68 -0.064053 -0.807640 3.686100 -0.562187 -0.002416 -0.007192
    69 4.004906 6.172710 4.754800 -0.014982 -0.989457 -2.569679
    70 -0.158381 -1.149773 5.804405 -0.513825 0.334454 0.249102
    71 1.078559 -2.386406 5.215008 -0.424135 0.202686 0.106274
    72 6.289963 0.932404 13.569109 -0.126801 -0.612098 -2.869612
    73 -1.327759 -0.766682 12.396324 -0.008339 -0.004413 0.076250
    74 0.000017 -54.999996 0.000000 0.000000 0.000000 -1.570796
  time 54
    0 0.000000 0.000000 -1.500000 0.000000 0.000000 0.000000
    1 -10.521344 -5.760963 66.994621 3.097005 -0.050653 -3.139334
    2 -6.046688 8.567816 4.456727 0.154775 0.217989 0.683755
    3 -0.000034 0.000012 24.761454 -0.701460 -0.081461 0.107787
    4 0.000017 0.000000 24.344809 1.453215 -0.185260 -0.054650
    5 0.002333 -1.019846 24.031336 0.389585 -0.042710 0.017201
    6 0.000034 0.000008 13.404741 -0.000001 -0.000009 0.043850
    7 10.398263 -5.760962 66.994675 3.097005 0.050653 3.139334
    8 -1.644748 -3.673183 3.968195 0.269358 -0.317258 0.537157
    9 -0.000004 -0.000006 24.761459 -0.771213 0.089557 -0.425956
    10 -0.000007 0.000004 24.344891 1.383882 0.142524 0.028867
    11 -0.002360 -1.019903 24.031330 0.389594 -0.042695 -0.017219
    12 0.000000 -0.000002 13.404737 0.000001 0.000005 -0.195308
    13 -0.061540 -5.245835 72.927078 0.000000 0.000000 0.000000
    14 4.696780 3.474814 -4.399139 -0.188173 -0.002199 -0.582942
    15 0.000000 -0.005608 -1.146812 0.002205 -0.005744 -0.044858
    16 0.030770 -0.240000 8.906021 -0.004138 0.000000 0.000000
    17 -0.132793 -3.061738 -0.723077 0.526607 -0.066081 0.052678
    18 0.030770 -0.276858 8.905140 0.056125 0.004134 -0.000049
    19 0.299525 0.719648 0.037888 -0.143228 0.095514 -0.017738
    20 5.669724 4.435303 14.302868 0.123858 -1.522533 2.965768
    21 -1.044571 -2.839317 19.743267 -1.071426 -0.764489 0.378806
    22 2.655533 -1.533369 24.792658 -0.755452 0.097452 -0.506158
    23 1.120163 -0.154394 9.796035 -0.034389 -0.000429 -0.299090
    24 2.240311 -0.308786 19.592051 -0.206053 -0.209995 -0.567626
    25 0.683151 2.877354 14.167051 -1.252181 -0.272018 1.539446
    26 0.144936 -0.145374 7.579252 -1.415510 -0.238866 0.169710
    27 0.091660 -0.906685 4.702850 -1.239224 -0.171169 0.124808
    28 0.506271 8.500866 13.617253 -1.151467 -0.455294 1.539169
    29 -0.384987 -0.460049 7.003448 -1.336339 -0.458655 0.397908
    30 0.561516 -0.596954 5.061852 -1.097628 -0.352524 0.238604
    31 -2.452171 -8.899406 11.597897 -1.290837 0.024676 1.440802
    32 0.680496 -0.903999 6.074253 -1.283969 0.142132 0.006021
    33 0.245514 -0.661150 3.388004 -1.139530 0.114724 -0.071580
    34 -0.717484 -3.784271 13.043911 -1.332238 -0.000890 1.449432
    35 1.099216 -1.407745 8.017889 -1.439151 0.023693 -0.006278
    36 0.068439 -0.807653 3.686054 -1.122894 0.023750 -0.001650
    37 -4.004929 6.172707 4.754754 0.202596 1.060757 2.640306
    38 0.158352 -1.149811 5.804394 -0.834580 -0.321590 0.148039
    39 -1.083523 -1.463142 5.544399 -0.761941 -0.147704 -0.020543
    40 -6.289886 0.932434 13.569063 -0.126803 0.612110 2.869610
    41 1.327774 -0.766687 12.396328 -0.042128 0.014984 -0.363978
    42 -0.096140 1.828087 23.185329 0.004131 -0.051984 -1.570724
    43 2.325478 -0.000003 6.169296 -0.034479 -0.005071 1.742911
    44 0.000000 -3.152912 0.122169 1.961017 0.000000 0.000000
    45 1.068383 -10.478592 7.066338 0.292219 -1.282324 -3.141588
    46 0.000000 0.000000 2.279457 0.547137 -0.343566 0.107833
    47 2.479414 -8.323895 6.074242 -0.004505 -0.075214 1.668463
    48 0.000003 -5.075260 5.105362 0.000000 0.000000 0.000000
    49 -1.068383 -10.478611 7.065971 0.292219 1.282324 3.141588
    50 -0.000488 0.000015 2.279600 0.547136 0.343566 0.107835
    51 -2.479401 -8.323895 6.074234 0.012730 -0.075194 1.675044
    52 -5.790000 4.432083 14.255558 -3.376430 1.439535 -0.425133
    53 1.044540 -2.839314 19.743252 -0.498233 1.065266 -0.296432
    54 -2.655510 -1.533379 24.792648 -0.410782 -0.077922 0.143416
    55 -1.120216 -0.154385 9.795983 -0.005937 -0.000665 0.051652
    56 -2.240372 -0.308788 19.592047 -0.018409 0.041340 0.102951
    57 -0.683205 2.877342 14.167089 -0.738031 0.163387 -1.424634
    58 -0.144958 -0.145317 7.579308 -0.659984 0.179629 0.007669
    59 -0.038551 -0.936644 4.697678 -0.493436 0.097467 -0.015610
    60 -0.506317 8.500896 13.617329 -0.591307 0.068789 -1.307733
    61 0.385056 -0.460075 7.003435 -0.399361 0.311098 0.050345
    62 -0.456360 -0.710276 5.057732 -0.218512 0.130322 -0.003734
    63 2.452194 -8.899408 11.597939 -1.090884 0.145349 -1.506498
    64 -0.680515 -0.903999 6.074242 -0.917050 -0.113060 -0.027141
    65 -0.248295 -0.666843 3.386627 -0.769891 -0.120173 0.043278
    66 0.717491 -3.784309 13.044010 -0.979347 0.126082 -1.477618
    67 -1.099228 -1.407673 8.017876 -0.878597 -0.000731 0.001758
    68 -0.064053 -0.807640 3.686100 -0.562187 -0.002416 -0.007192
    69 4.004906 6.172710 4.754800 -0.014982 -0.989457 -2.569679
    70 -0.158381 -1.149773 5.804405 -0.513825 0.334454 0.249102
    71 1.078559 -2.386406 5.215008 -0.424135 0.202686 0.106274
    72 6.289963 0.932404 13.569109 -0.126801 -0.612098 -2.869612
    73 -1.327759 -0.766682 12.396324 -0.008135 -0.004293 0.074214
    74 0.000017 -54.999996 0.000000 0.000000 0.000000 -1.570796
  time 55
    0 0.000000 0.000000 -1.500000 0.000000 0.000000 0.000000
    1 -10.521344 -5.760963 66.994621 3.097005 -0.050653 -3.139334
    2 -6.081846 8.432770 4.524000 0.153135 0.221330 0.678425
    3 -0.000034 0.000012 24.761454 -0.704225 -0.081784 0.112103
    4 0.000017 0.000000 24.344809 1.456544 -0.187614 -0.055687
    5 0.002333 -1.019846 24.031336 0.389585 -0.042698 0.017201
    6 0.000034 0.000008 13.404741 -0.000001 -0.000009 0.045875
    7 10.398263 -5.760962 66.994675 3.097005 0.050653 3.139334
    8 -1.742407 -3.710651 4.013156 0.274903 -0.315539 0.531298
    9 -0.000004 -0.000006 24.761459 -0.778968 0.090444 -0.421004
    10 -0.000007 0.000004 24.344891 1.388142 0.140124 0.028048
    11 -0.002360 -1.019903 24.031330 0.389594 -0.042695 -0.017219
    12 0.000000 -0.000002 13.404737 0.000001 0.000005 -0.192818
    13 -0.061540 -5.245835 72.927078 0.000000 0.000000 0.000000
    14 4.755375 3.393294 -4.444202 -0.187181 -0.002302 -0.576997
    15 0.000000 -0.005608 -1.146812 0.001599 -0.006137 -0.045048
    16 0.030770 -0.240000 8.906021 -0.004138 0.000000 0.000000
    17 -0.136700 -3.089082 -0.734796 0.530079 -0.070196 0.056512
    18 0.030770 -0.276858 8.905140 0.056125 0.004134 -0.000049
    19 0.326869 0.707929 0.041795 -0.139510 0.103866 -0.019200
    20 5.669724 4.435303 14.302868 0.391451 -1.539410 2.716313
    21 -1.044571 -2.839317 19.743267 -1.062034 -0.818343 0.422235
    22 2.655533 -1.533369 24.792658 -0.663972 0.093033 -0.447122
    23 1.120163 -0.154394 9.796035 -0.032148 -0.000093 -0.279359
    24 2.240311 -0.308786 19.592051 -0.220414 -0.204884 -0.525452
    25 0.683151 2.877354 14.167051 -1.323605 -0.277902 1.554033
    26 0.144936 -0.145374 7.579252 -1.510578 -0.242282 0.187196
    27 0.091660 -0.906685 4.702850 -1.333089 -0.176479 0.142233
    28 0.506271 8.500866 13.617253 -1.228786 -0.481416 1.570233
    29 -0.384987 -0.460049 7.003448 -1.448739 -0.459482 0.440382
    30 0.561516 -0.596954 5.061852 -1.204659 -0.365540 0.277266
    31 -2.452171 -8.899406 11.597897 -1.358174 0.040729 1.433984
    32 0.680496 -0.903999 6.074253 -1.376604 0.151349 0.001658
    33 0.245514 -0.661150 3.388004 -1.232677 0.114269 -0.079178
    34 -0.717484 -3.784271 13.043911 -1.399836 0.013408 1.445667
    35 1.099216 -1.407745 8.017889 -1.531705 0.026293 -0.009023
    36 0.068439 -0.807653 3.686054 -1.215503 0.026794 -0.003484
    37 -4.004929 6.172707 4.754754 0.221962 1.083871 2.661165
    38 0.158352 -1.149811 5.804394 -0.884332 -0.333903 0.144695
    39 -1.083523 -1.463142 5.544399 -0.812899 -0.155015 -0.025322
    40 -6.289886 0.932434 13.569063 -0.126803 0.612110 2.869610
    41 1.327774 -0.766687 12.396328 -0.037262 0.014097 -0.323906
    42 -0.096140 1.828087 23.185329 0.004131 -0.051984 -1.570724
    43 2.325478 -0.000003 6.169296 -0.013803 -0.005751 1.771009
    44 0.000000 -3.152912 0.122169 1.961017 0.000000 0.000000
    45 1.068383 -10.478592 7.066338 0.292219 -1.282324 -3.141588
    46 0.000000 0.000000 2.279457 0.547137 -0.343566 0.107833
    47 2.479414 -8.323895 6.074242 -0.005783 -0.053049 1.638187
    48 0.000003 -5.075260 5.105362 0.000000 0.000000 0.000000
    49 -1.068383 -10.478611 7.065971 0.292219 1.282324 3.141588
    50 -0.000488 0.000015 2.279600 0.547136 0.343566 0.107835
    51 -2.479401 -8.323895 6.074234 0.011485 -0.053080 1.644769
    52 -5.790000 4.432083 14.255558 -3.359847 1.437292 -0.405970
    53 1.044540 -2.839314 19.743252 -0.493892 1.055430 -0.290962
    54 -2.655510 -1.533379 24.792648 -0.423817 -0.077805 0.135085
    55 -1.120216 -0.154385 9.795983 -0.005266 -0.000605 0.045858
    56 -2.240372 -0.308788 19.592047 -0.020777 0.039855 0.090922
    57 -0.683205 2.877342 14.167089 -0.738031 0.163387 -1.424634
    58 -0.144958 -0.145317 7.579308 -0.659984 0.179629 0.007669
    59 -0.038551 -0.936644 4.697678 -0.493436 0.097467 -0.015610
    60 -0.506317 8.500896 13.617329 -0.591307 0.068789 -1.307733
    61 0.385056 -0.460075 7.003435 -0.399361 0.311098 0.050345
    62 -0.456360 -0.710276 5.057732 -0.218512 0.130322 -0.003734
    63 2.452194 -8.899408 11.597939 -1.090884 0.145349 -1.506498
    64 -0.680515 -0.903999 6.074242 -0.917050 -0.113060 -0.027141
    65 -0.248295 -0.666843 3.386627 -0.769891 -0.120173 0.043278
    66 0.717491 -3.784309 13.044010 -0.979347 0.126082 -1.477618
    67 -1.099228 -1.407673 8.017876 -0.878597 -0.000731 0.001758
    68 -0.064053 -0.807640 3.686100 -0.562187 -0.002416 -0.007192
    69 4.004906 6.172710 4.754800 -0.014982 -0.989457 -2.569679
    70 -0.158381 -1.149773 5.804405 -0.513825 0.334426 0.249102
    71 1.078559 -2.386406 5.215008 -0.424135 0.202686 0.106274
    72 6.289963 0.932404 13.569109 -0.126801 -0.612098 -2.869612
    73 -1.327759 -0.766682 12.396324 -0.007883 -0.004173 0.072086
    74 0.000017 -54.999996 0.000000 0.000000 0.000000 -1.570796
  time 56
    0 0.000000 0.000000 -1.500000 0.000000 0.000000 0.000000
    1 -10.521344 -5.760963 66.994621 3.097005 -0.050653 -3.139334
    2 -6.113096 8.297723 4.568849 0.151222 0.224419 0.673226
    3 -0.000034 0.000012 24.761454 -0.706338 -0.082036 0.116379
    4 0.000017 0.000000 24.344809 1.459380 -0.189900 -0.056724
    5 0.002333 -1.019846 24.031336 0.389585 -0.042710 0.017201
    6 0.000034 0.000008 13.404741 -0.000001 -0.000009 0.047879
    7 10.398263 -5.760962 66.994675 3.097005 0.050653 3.139334
    8 -1.840066 -3.735630 4.080596 0.280107 -0.313747 0.525687
    9 -0.000004 -0.000006 24.761459 -0.786228 0.091283 -0.416267
    10 -0.000007 0.000004 24.344891 1.392144 0.137880 0.027270
    11 -0.002360 -1.019903 24.031330 0.389594 -0.042695 -0.017219
    12 0.000000 -0.000002 13.404737 0.000001 0.000005 -0.190413
    13 -0.061540 -5.245835 72.927078 0.000000 0.000000 0.000000
    14 4.806158 3.323420 -4.511795 -0.185997 -0.002336 -0.571171
    15 0.000000 -0.005608 -1.146812 0.000993 -0.006435 -0.045184
    16 0.030770 -0.240000 8.906021 -0.004138 0.000000 0.000000
    17 -0.144512 -3.104708 -0.746515 0.532836 -0.073804 0.059786
    18 0.030770 -0.276858 8.905140 0.056125 0.004134 -0.000049
    19 0.346401 0.700116 0.045701 -0.135757 0.111601 -0.020519
    20 5.669724 4.435303 14.302868 1.004828 -1.550474 2.121283
    21 -1.044571 -2.839317 19.743267 -1.043640 -0.867605 0.456866
    22 2.655533 -1.533369 24.792658 -0.575747 0.089075 -0.388085
    23 1.120163 -0.154394 9.796035 -0.029919 0.000194 -0.259974
    24 2.240311 -0.308786 19.592051 -0.233992 -0.198023 -0.484228
    25 0.683151 2.877354 14.167051 -1.386362 -0.282444 1.567021
    26 0.144936 -0.145374 7.579252 -1.594634 -0.243900 0.202836
    27 0.091660 -0.906685 4.702850 -1.416102 -0.179786 0.158005
    28 0.506271 8.500866 13.617253 -1.297891 -0.503079 1.599016
    29 -0.384987 -0.460049 7.003448 -1.547587 -0.456653 0.477642
    30 0.561516 -0.596954 5.061852 -1.299588 -0.373713 0.312512
    31 -2.452171 -8.899406 11.597897 -1.417359 0.054909 1.427326
    32 0.680496 -0.903999 6.074253 -1.458610 0.159115 -0.002884
    33 0.245514 -0.661150 3.388004 -1.314959 0.113262 -0.085854
    34 -0.717484 -3.784271 13.043911 -1.459144 0.025896 1.441764
    35 1.099216 -1.407745 8.017889 -1.613510 0.028367 -0.011599
    36 0.068439 -0.807653 3.686054 -1.297238 0.029310 -0.005330
    37 -4.004929 6.172707 4.754754 0.240068 1.103587 2.680589
    38 0.158352 -1.149811 5.804394 -0.928829 -0.345013 0.142238
    39 -1.083523 -1.463142 5.544399 -0.858258 -0.161726 -0.029272
    40 -6.289886 0.932434 13.569063 -0.126803 0.612110 2.869610
    41 1.327774 -0.766687 12.396328 -0.032336 0.012994 -0.283181
    42 -0.096140 1.828087 23.185329 0.004131 -0.051984 -1.570724
    43 2.325478 -0.000003 6.169296 0.005918 -0.007603 1.796473
    44 0.000000 -3.152912 0.122169 1.961017 0.000000 0.000000
    45 1.068383 -10.478592 7.066338 0.292219 -1.282324 -3.141588
    46 0.000000 0.000000 2.279457 0.547137 -0.343566 0.107833
    47 2.479414 -8.323895 6.074242 -0.006870 -0.031870 1.610776
    48 0.000003 -5.075260 5.105362 0.000000 0.000000 0.000000
    49 -1.068383 -10.478611 7.065971 0.292219 1.282324 3.141588
    50 -0.000488 0.000015 2.279600 0.547136 0.343566 0.107835
    51 -2.479401 -8.323895 6.074234 0.010380 -0.031912 1.617464
    52 -5.790000 4.432083 14.255558 -3.345180 1.435298 -0.388723
    53 1.044540 -2.839314 19.743252 -0.489161 1.046060 -0.285410
    54 -2.655510 -1.533379 24.792648 -0.437706 -0.077741 0.126831
    55 -1.120216 -0.154385 9.795983 -0.004631 -0.000558 0.040199
    56 -2.240372 -0.308788 19.592047 -0.022991 0.038271 0.079322
    57 -0.683205 2.877342 14.167089 -0.738031 0.163387 -1.424634
    58 -0.144958 -0.145317 7.579308 -0.659984 0.179629 0.007669
    59 -0.038551 -0.936644 4.697678 -0.493436 0.097479 -0.015610
    60 -0.506317 8.500896 13.617329 -0.591307 0.068789 -1.307733
    61 0.385056 -0.460075 7.003435 -0.399361 0.311098 0.050345
    62 -0.456360 -0.710276 5.057732 -0.218512 0.130322 -0.003734
    63 2.452194 -8.899408 11.597939 -1.090884 0.145349 -1.506498
    64 -0.680515 -0.903999 6.074242 -0.917050 -0.113060 -0.027141
    65 -0.248295 -0.666843 3.386627 -0.769891 -0.120173 0.043278
    66 0.717491 -3.784309 13.044010 -0.979347 0.126082 -1.477618
    67 -1.099228 -1.407673 8.017876 -0.878597 -0.000731 0.001758
    68 -0.064053 -0.807640 3.686100 -0.562187 -0.002416 -0.007192
    69 4.004906 6.172710 4.754800 -0.014982 -0.989457 -2.569679
    70 -0.158381 -1.149773 5.804405 -0.513825 0.334454 0.249102
    71 1.078559 -2.386406 5.215008 -0.424135 0.202686 0.106274
    72 6.289963 0.932404 13.569109 -0.126801 -0.612098 -2.869612
    73 -1.327759 -0.766682 12.396324 -0.007620 -0.004053 0.069819
    74 0.000017 -54.999996 0.000000 0.000000 0.000000 -1.570796
  time 57
    0 0.000000 0.000000 -1.500000 0.000000 0.000000 0.000000
    1 -10.521344 -5.760963 66.994621 3.097005 -0.050653 -3.139334
    2 -6.136535 8.174953 4.613698 0.148900 0.227342 0.667983
    3 -0.000034 0.000012 24.761454 -0.707721 -0.082192 0.120613
    4 0.000017 0.000000 24.344809 1.461969 -0.192073 -0.057653
    5 0.002333 -1.019846 24.031336 0.389660 -0.042710 0.017201
    6 0.000034 0.000008 13.404741 -0.000001 -0.000009 0.049883
    7 10.398263 -5.760962 66.994675 3.097005 0.050653 3.139334
    8 -1.926006 -3.773098 4.125556 0.284884 -0.311954 0.520406
    9 -0.000004 -0.000006 24.761459 -0.792662 0.092038 -0.411601
    10 -0.000007 0.000004 24.344891 1.395822 0.135791 0.026513
    11 -0.002360 -1.019903 24.031330 0.389594 -0.042695 -0.017219
    12 0.000000 -0.000002 13.404737 0.000001 0.000005 -0.188116
    13 -0.061540 -5.245835 72.927078 0.000000 0.000000 0.000000
    14 4.853034 3.241900 -4.534326 -0.184653 -0.002319 -0.565526
    15 0.000000 -0.005608 -1.146812 0.000387 -0.006670 -0.045320
    16 0.030770 -0.240000 8.906021 -0.004138 0.000000 0.000000
    17 -0.140606 -3.120333 -0.750421 0.534709 -0.076868 0.062582
    18 0.030770 -0.276858 8.905140 0.056125 0.004134 -0.000049
    19 0.365933 0.692303 0.041795 -0.131753 0.118554 -0.021621
    20 5.669724 4.435303 14.302868 1.858906 -1.548325 1.284943
    21 -1.044571 -2.839317 19.743267 -1.015217 -0.911700 0.480611
    22 2.655533 -1.533369 24.792658 -0.492208 0.085655 -0.329857
    23 1.120163 -0.154394 9.796035 -0.027738 0.000470 -0.241072
    24 2.240311 -0.308786 19.592051 -0.246743 -0.189873 -0.444349
    25 0.683151 2.877354 14.167051 -1.438640 -0.285776 1.577961
    26 0.144936 -0.145374 7.579252 -1.664936 -0.244283 0.215983
    27 0.091660 -0.906685 4.702850 -1.485516 -0.181560 0.171368
    28 0.506271 8.500866 13.617253 -1.356189 -0.520128 1.624009
    29 -0.384987 -0.460049 7.003448 -1.629575 -0.451824 0.508226
    30 0.561516 -0.596954 5.061852 -1.379093 -0.378112 0.342462
    31 -2.452171 -8.899406 11.597897 -1.466520 0.066899 1.421286
    32 0.680496 -0.903999 6.074253 -1.527174 0.165299 -0.007186
    33 0.245514 -0.661150 3.388004 -1.383607 0.112028 -0.091331
    34 -0.717484 -3.784271 13.043911 -1.508486 0.036227 1.438076
    35 1.099216 -1.407745 8.017889 -1.681810 0.029937 -0.013888
    36 0.068439 -0.807653 3.686054 -1.365540 0.031336 -0.007020
    37 -4.004929 6.172707 4.754754 0.255831 1.119449 2.697525
    38 0.158352 -1.149811 5.804394 -0.966376 -0.354435 0.140560
    39 -1.083523 -1.463142 5.544399 -0.896607 -0.167515 -0.032366
    40 -6.289886 0.932434 13.569063 -0.126803 0.612110 2.869610
    41 1.327774 -0.766687 12.396328 -0.027459 0.011688 -0.242305
    42 -0.096140 1.828087 23.185329 0.004131 -0.051984 -1.570724
    43 2.325478 -0.000003 6.169296 0.024159 -0.010352 1.818385
    44 0.000000 -3.152912 0.122169 1.961017 0.000000 0.000000
    45 1.068383 -10.478592 7.066338 0.292219 -1.282324 -3.141588
    46 0.000000 0.000000 2.279457 0.547137 -0.343566 0.107833
    47 2.479414 -8.323895 6.074242 -0.007849 -0.012147 1.587186
    48 0.000003 -5.075260 5.105362 0.000000 0.000000 0.000000
    49 -1.068383 -10.478611 7.065971 0.292219 1.282324 3.141588
    50 -0.000488 0.000015 2.279600 0.547136 0.343566 0.107835
    51 -2.479401 -8.323895 6.074234 0.009416 -0.012114 1.593991
    52 -5.790000 4.432083 14.255558 -3.332431 1.433512 -0.373297
    53 1.044540 -2.839314 19.743252 -0.483651 1.037496 -0.279858
    54 -2.655510 -1.533379 24.792648 -0.452351 -0.077715 0.118728
    55 -1.120216 -0.154385 9.795983 -0.004008 -0.000498 0.034867
    56 -2.240372 -0.308788 19.592047 -0.024900 0.036687 0.068239
    57 -0.683205 2.877342 14.167089 -0.738031 0.163387 -1.424634
    58 -0.144958 -0.145317 7.579308 -0.659984 0.179629 0.007669
    59 -0.038551 -0.936644 4.697678 -0.493436 0.097479 -0.015610
    60 -0.506317 8.500896 13.617329 -0.591307 0.068789 -1.307733
    61 0.385056 -0.460075 7.003435 -0.399361 0.311098 0.050345
    62 -0.456360 -0.710276 5.057732 -0.218512 0.130322 -0.003734
    63 2.452194 -8.899408 11.597939 -1.090884 0.145349 -1.506498
    64 -0.680515 -0.903999 6.074242 -0.917050 -0.113060 -0.027141
    65 -0.248295 -0.666843 3.386627 -0.769891 -0.120173 0.043278
    66 0.717491 -3.784309 13.044010 -0.979347 0.126082 -1.477618
    67 -1.099228 -1.407673 8.017876 -0.878597 -0.000731 0.001758
    68 -0.064053 -0.807640 3.686100 -0.562187 -0.002416 -0.007192
    69 4.004906 6.172710 4.754800 -0.014982 -0.989457 -2.569679
    70 -0.158381 -1.149773 5.804405 -0.513825 0.334454 0.249102
    71 1.078559 -2.386406 5.215008 -0.424135 0.202686 0.106274
    72 6.289963 0.932404 13.569109 -0.126801 -0.612098 -2.869612
    73 -1.327759 -0.766682 12.396324 -0.007368 -0.003934 0.067367
    74 0.000017 -54.999996 0.000000 0.000000 0.000000 -1.570796
  time 58
    0 0.000000 0.000000 -1.500000 0.000000 0.000000 0.000000
    1 -10.521344 -5.760963 66.994621 3.097005 -0.050653 -3.139334
    2 -6.156067 8.052183 4.658548 0.146099 0.229986 0.662740
    3 -0.000034 0.000012 24.761454 -0.708208 -0.082240 0.124848
    4 0.000017 0.000000 24.344809 1.464065 -0.194178 -0.058496
    5 0.002333 -1.019846 24.031336 0.389660 -0.042698 0.017213
    6 0.000034 0.000008 13.404741 -0.000001 -0.000009 0.051929
    7 10.398263 -5.760962 66.994675 3.097005 0.050653 3.139334
    8 -2.004134 -3.810566 4.170517 0.289235 -0.310089 0.515290
    9 -0.000004 -0.000006 24.761459 -0.798437 0.092709 -0.407080
    10 -0.000007 0.000004 24.344891 1.399178 0.133880 0.025799
    11 -0.002360 -1.019903 24.031330 0.389594 -0.042695 -0.017219
    12 0.000000 -0.000002 13.404737 0.000001 0.000005 -0.185840
    13 -0.061540 -5.245835 72.927078 0.000000 0.000000 0.000000
    14 4.892098 3.172026 -4.601919 -0.183116 -0.002250 -0.560242
    15 0.000000 -0.005608 -1.146812 -0.000187 -0.006827 -0.045347
    16 0.030770 -0.240000 8.906021 -0.004138 0.000000 0.000000
    17 -0.144512 -3.124239 -0.758234 0.535635 -0.079299 0.064738
    18 0.030770 -0.276858 8.905140 0.056125 0.004134 -0.000049
    19 0.385465 0.676678 0.045701 -0.127786 0.124643 -0.022532
    20 5.669724 4.435303 14.302868 2.304607 -1.536838 0.856951
    21 -1.044571 -2.839317 19.743267 -0.976178 -0.950264 0.491948
    22 2.655533 -1.533369 24.792658 -0.414355 0.082657 -0.273085
    23 1.120163 -0.154394 9.796035 -0.025532 0.000710 -0.222756
    24 2.240311 -0.308786 19.592051 -0.258405 -0.180572 -0.406052
    25 0.683151 2.877354 14.167051 -1.478576 -0.288053 1.586353
    26 0.144936 -0.145374 7.579252 -1.718789 -0.243996 0.226074
    27 0.091660 -0.906685 4.702850 -1.538676 -0.182231 0.181674
    28 0.506271 8.500866 13.617253 -1.401209 -0.532541 1.643732
    29 -0.384987 -0.460049 7.003448 -1.691857 -0.446634 0.531177
    30 0.561516 -0.596954 5.061852 -1.439821 -0.379885 0.365532
    31 -2.452171 -8.899406 11.597897 -1.504137 0.076100 1.416347
    32 0.680496 -0.903999 6.074253 -1.579836 0.169841 -0.010770
    33 0.245514 -0.661150 3.388004 -1.436119 0.110877 -0.095441
    34 -0.717484 -3.784271 13.043911 -1.546232 0.044077 1.434972
    35 1.099216 -1.407745 8.017889 -1.734199 0.031039 -0.015734
    36 0.068439 -0.807653 3.686054 -1.417815 0.032834 -0.008374
    37 -4.004929 6.172707 4.754754 0.268262 1.130997 2.710729
    38 0.158352 -1.149811 5.804394 -0.995193 -0.361685 0.139529
    39 -1.083523 -1.463142 5.544399 -0.925905 -0.172069 -0.034659
    40 -6.289886 0.932434 13.569063 -0.126803 0.612110 2.869610
    41 1.327774 -0.766687 12.396328 -0.022605 0.010238 -0.202132
    42 -0.096140 1.828087 23.185329 0.004131 -0.051984 -1.570724
    43 2.325478 -0.000003 6.169296 0.040489 -0.013579 1.835867
    44 0.000000 -3.152912 0.122169 1.961017 0.000000 0.000000
    45 1.068383 -10.478592 7.066338 0.292219 -1.282324 -3.141588
    46 0.000000 0.000000 2.279457 0.547137 -0.343566 0.107833
    47 2.479414 -8.323895 6.074242 -0.008583 0.005557 1.568562
    48 0.000003 -5.075260 5.105362 0.000000 0.000000 0.000000
    49 -1.068383 -10.478611 7.065971 0.292219 1.282324 3.141588
    50 -0.000488 0.000015 2.279600 0.547136 0.343566 0.107835
    51 -2.479401 -8.323895 6.074234 0.008673 0.005747 1.575404
    52 -5.790000 4.432083 14.255558 -3.321408 1.432017 -0.359883
    53 1.044540 -2.839314 19.743252 -0.477529 1.029610 -0.274170
    54 -2.655510 -1.533379 24.792648 -0.467801 -0.077728 0.110776
    55 -1.120216 -0.154385 9.795983 -0.003433 -0.000438 0.029862
    56 -2.240372 -0.308788 19.592047 -0.026504 0.035053 0.057842
    57 -0.683205 2.877342 14.167089 -0.738031 0.163387 -1.424634
    58 -0.144958 -0.145317 7.579308 -0.659984 0.179629 0.007669
    59 -0.038551 -0.936644 4.697678 -0.493436 0.097479 -0.015610
    60 -0.506317 8.500896 13.617329 -0.591307 0.068789 -1.307733
    61 0.385056 -0.460075 7.003435 -0.399361 0.311098 0.050345
    62 -0.456360 -0.710276 5.057732 -0.218512 0.130322 -0.003734
    63 2.452194 -8.899408 11.597939 -1.090884 0.145349 -1.506498
    64 -0.680515 -0.903999 6.074242 -0.917050 -0.113060 -0.027141
    65 -0.248295 -0.666843 3.386627 -0.769891 -0.120173 0.043278
    66 0.717491 -3.784309 13.044010 -0.979347 0.126082 -1.477618
    67 -1.099228 -1.407673 8.017876 -0.878597 -0.000731 0.001758
    68 -0.064053 -0.807640 3.686100 -0.562187 -0.002416 -0.007192
    69 4.004906 6.172710 4.754800 -0.014982 -0.989457 -2.569679
    70 -0.158381 -1.149773 5.804405 -0.513825 0.334454 0.249102
    71 1.078559 -2.386406 5.215008 -0.424135 0.202686 0.106274
    72 6.289963 0.932404 13.569109 -0.126801 -0.612098 -2.869612
    73 -1.327759 -0.766682 12.396324 -0.007080 -0.003802 0.064915
    74 0.000017 -54.999996 0.000000 0.000000 0.000000 -1.570796
  time 59
    0 0.000000 0.000000 -1.500000 0.000000 0.000000 0.000000
    1 -10.521344 -5.760963 66.994621 3.097005 -0.050653 -3.139334
    2 -6.171692 7.929413 4.680972 0.142819 0.232352 0.657454
    3 -0.000034 0.000012 24.761454 -0.707843 -0.082204 0.129083
    4 0.000017 0.000000 24.344809 1.465791 -0.196215 -0.059252
    5 0.002333 -1.019846 24.031336 0.389660 -0.042698 0.017213
    6 0.000034 0.000008 13.404741 -0.000001 -0.000009 0.054017
    7 10.398263 -5.760962 66.994675 3.097005 0.050653 3.139334
    8 -2.082261 -3.835545 4.215477 0.293074 -0.308260 0.510339
    9 -0.000004 -0.000006 24.761459 -0.803497 0.093297 -0.402701
    10 -0.000007 0.000004 24.344891 1.402147 0.132192 0.025147
    11 -0.002360 -1.019903 24.031330 0.389594 -0.042695 -0.017219
    12 0.000000 -0.000002 13.404737 0.000001 0.000005 -0.183629
    13 -0.061540 -5.245835 72.927078 0.000000 0.000000 0.000000
    14 4.923349 3.090506 -4.624450 -0.181420 -0.002078 -0.555017
    15 0.000000 -0.005608 -1.146812 -0.000761 -0.006936 -0.045347
    16 0.030770 -0.240000 8.906021 -0.004138 0.000000 0.000000
    17 -0.144512 -3.132052 -0.758234 0.535487 -0.081084 0.066415
    18 0.030770 -0.276858 8.905140 0.056125 0.004134 -0.000049
    19 0.401091 0.668865 0.041795 -0.123782 0.129683 -0.023215
    20 5.669724 4.435303 14.302868 2.508077 -1.523484 0.670459
    21 -1.044571 -2.839317 19.743267 -0.926866 -0.982409 0.490284
    22 2.655533 -1.533369 24.792658 -0.343662 0.079967 -0.218820
    23 1.120163 -0.154394 9.796035 -0.023675 0.000794 -0.205130
    24 2.240311 -0.308786 19.592051 -0.269024 -0.170534 -0.369457
    25 0.683151 2.877354 14.167051 -1.504414 -0.289371 1.591798
    26 0.144936 -0.145374 7.579252 -1.753917 -0.243516 0.232653
    27 0.091660 -0.906685 4.702850 -1.573520 -0.182579 0.188398
    28 0.506271 8.500866 13.617253 -1.430420 -0.540252 1.656675
    29 -0.384987 -0.460049 7.003448 -1.731944 -0.442607 0.545762
    30 0.561516 -0.596954 5.061852 -1.479234 -0.380557 0.380501
    31 -2.452171 -8.899406 11.597897 -1.528439 0.082115 1.413018
    32 0.680496 -0.903999 6.074253 -1.614217 0.172681 -0.013239
    33 0.245514 -0.661150 3.388004 -1.470683 0.109858 -0.098150
    34 -0.717484 -3.784271 13.043911 -1.570528 0.049122 1.432836
    35 1.099216 -1.407745 8.017889 -1.768349 0.031698 -0.016944
    36 0.068439 -0.807653 3.686054 -1.452144 0.033625 -0.009369
    37 -4.004929 6.172707 4.754754 0.275918 1.137810 2.718862
    38 0.158352 -1.149811 5.804394 -1.013712 -0.366367 0.139002
    39 -1.083523 -1.463142 5.544399 -0.944635 -0.174909 -0.035846
    40 -6.289886 0.932434 13.569063 -0.126803 0.612110 2.869610
    41 1.327774 -0.766687 12.396328 -0.018242 0.008596 -0.163165
    42 -0.096140 1.828087 23.185329 0.004131 -0.051984 -1.570724
    43 2.325478 -0.000003 6.169296 0.054576 -0.016762 1.848120
    44 0.000000 -3.152912 0.122169 1.961017 0.000000 0.000000
    45 1.068383 -10.478592 7.066338 0.292219 -1.282324 -3.141588
    46 0.000000 0.000000 2.279457 0.547137 -0.343566 0.107833
    47 2.479414 -8.323895 6.074242 -0.009100 0.020819 1.555573
    48 0.000003 -5.075260 5.105362 0.000000 0.000000 0.000000
    49 -1.068383 -10.478611 7.065971 0.292219 1.282324 3.141588
    50 -0.000488 0.000015 2.279600 0.547136 0.343566 0.107835
    51 -2.479401 -8.323895 6.074234 0.008151 0.021104 1.562183
    52 -5.790000 4.432083 14.255558 -3.312014 1.430812 -0.348385
    53 1.044540 -2.839314 19.743252 -0.470683 1.022699 -0.268428
    54 -2.655510 -1.533379 24.792648 -0.483956 -0.077792 0.103127
    55 -1.120216 -0.154385 9.795983 -0.002893 -0.000378 0.025237
    56 -2.240372 -0.308788 19.592047 -0.027802 0.033370 0.048305
    57 -0.683205 2.877342 14.167089 -0.738031 0.163387 -1.424634
    58 -0.144958 -0.145317 7.579308 -0.659984 0.179629 0.007669
    59 -0.038551 -0.936644 4.697678 -0.493436 0.097479 -0.015610
    60 -0.506317 8.500896 13.617329 -0.591307 0.068789 -1.307733
    61 0.385056 -0.460075 7.003435 -0.399361 0.311098 0.050345
    62 -0.456360 -0.710276 5.057732 -0.218512 0.130322 -0.003734
    63 2.452194 -8.899408 11.597939 -1.090884 0.145349 -1.506498
    64 -0.680515 -0.903999 6.074242 -0.917050 -0.113060 -0.027141
    65 -0.248295 -0.666843 3.386627 -0.769891 -0.120173 0.043278
    66 0.717491 -3.784309 13.044010 -0.979347 0.126082 -1.477618
    67 -1.099228 -1.407673 8.017876 -0.878597 -0.000731 0.001758
    68 -0.064053 -0.807640 3.686100 -0.562187 -0.002416 -0.007192
    69 4.004906 6.172710 4.754800 -0.014982 -0.989457 -2.569679
    70 -0.158381 -1.149773 5.804405 -0.513825 0.334454 0.249102
    71 1.078559 -2.386406 5.215008 -0.424135 0.202686 0.106274
    72 6.289963 0.932404 13.569109 -0.126801 -0.612098 -2.869612
    73 -1.327759 -0.766682 12.396324 -0.006793 -0.003646 0.062324
    74 0.000017 -54.999996 0.000000 0.000000 0.000000 -1.570796
  time 60
    0 0.000000 0.000000 -1.500000 0.000000 0.000000 0.000000
    1 -10.521344 -5.760963 66.994621 3.097005 -0.050653 -3.139334
    2 -6.175598 7.818920 4.703397 0.139062 0.234356 0.652080
    3 -0.000034 0.000012 24.761454 -0.706338 -0.082036 0.133358
    4 0.000017 0.000000 24.344809 1.466839 -0.198094 -0.059901
    5 0.002333 -1.019846 24.031336 0.389660 -0.042710 0.017213
    6 0.000034 0.000008 13.404741 -0.000001 -0.000009 0.056190
    7 10.398263 -5.760962 66.994675 3.097005 0.050653 3.139334
    8 -2.140857 -3.873013 4.237957 0.296316 -0.306394 0.505718
    9 -0.000004 -0.000006 24.761459 -0.807567 0.093764 -0.398467
    10 -0.000007 0.000004 24.344891 1.404664 0.130703 0.024559
    11 -0.002360 -1.019903 24.031330 0.389594 -0.042695 -0.017219
    12 0.000000 -0.000002 13.404737 0.000001 0.000005 -0.181482
    13 -0.061540 -5.245835 72.927078 0.000000 0.000000 0.000000
    14 4.950694 3.020632 -4.646981 -0.179564 -0.001803 -0.549912
    15 0.000000 -0.005608 -1.146812 -0.001303 -0.006984 -0.045320
    16 0.030770 -0.240000 8.906021 -0.004138 0.000000 0.000000
    17 -0.144512 -3.128146 -0.754328 0.534225 -0.082122 0.067573
    18 0.030770 -0.276858 8.905140 0.056125 0.004134 -0.000049
    19 0.412810 0.653239 0.041795 -0.119815 0.133633 -0.023659
    20 5.669724 4.435303 14.302868 2.618139 -1.510201 0.576925
    21 -1.044571 -2.839317 19.743267 -0.868651 -1.007875 0.476297
    22 2.655533 -1.533369 24.792658 -0.281301 0.077585 -0.167547
    23 1.120163 -0.154394 9.796035 -0.021733 0.000913 -0.188435
    24 2.240311 -0.308786 19.592051 -0.278511 -0.159852 -0.334958
    25 0.683151 2.877354 14.167051 -1.514398 -0.289863 1.593896
    26 0.144936 -0.145374 7.579252 -1.768042 -0.243277 0.235278
    27 0.091660 -0.906685 4.702850 -1.587439 -0.182591 0.191094
    28 0.506271 8.500866 13.617253 -1.441413 -0.543086 1.661575
    29 -0.384987 -0.460049 7.003448 -1.747417 -0.440906 0.551347
    30 0.561516 -0.596954 5.061852 -1.494443 -0.380593 0.386314
    31 -2.452171 -8.899406 11.597897 -1.537856 0.084386 1.411757
    32 0.680496 -0.903999 6.074253 -1.628017 0.173820 -0.014245
    33 0.245514 -0.661150 3.388004 -1.484476 0.109487 -0.099205
    34 -0.717484 -3.784271 13.043911 -1.579921 0.051052 1.432006
    35 1.099216 -1.407745 8.017889 -1.782086 0.031962 -0.017448
    36 0.068439 -0.807653 3.686054 -1.465861 0.033972 -0.009752
    37 -4.004929 6.172707 4.754754 0.277810 1.139412 2.720776
    38 0.158352 -1.149811 5.804394 -1.020281 -0.367996 0.138834
    39 -1.083523 -1.463142 5.544399 -0.951227 -0.175928 -0.036316
    40 -6.289886 0.932434 13.569063 -0.126803 0.612110 2.869610
    41 1.327774 -0.766687 12.396328 -0.014036 0.006942 -0.126407
    42 -0.096140 1.828087 23.185329 0.004131 -0.051984 -1.570724
    43 2.325478 -0.000003 6.169296 0.066083 -0.019511 1.854387
    44 0.000000 -3.152912 0.122169 1.961017 0.000000 0.000000
    45 1.068383 -10.478592 7.066338 0.292219 -1.282324 -3.141588
    46 0.000000 0.000000 2.279457 0.547137 -0.343566 0.107833
    47 2.479414 -8.323895 6.074242 -0.009372 0.033358 1.548791
    48 0.000003 -5.075260 5.105362 0.000000 0.000000 0.000000
    49 -1.068383 -10.478611 7.065971 0.292219 1.282324 3.141588
    50 -0.000488 0.000015 2.279600 0.547136 0.343566 0.107835
    51 -2.479401 -8.323895 6.074234 0.007890 0.033720 1.555477
    52 -5.790000 4.432083 14.255558 -3.304249 1.429940 -0.338899
    53 1.044540 -2.839314 19.743252 -0.462947 1.016679 -0.262576
    54 -2.655510 -1.533379 24.792648 -0.500865 -0.077948 0.095933
    55 -1.120216 -0.154385 9.795983 -0.002426 -0.000318 0.021075
    56 -2.240372 -0.308788 19.592047 -0.028642 0.031786 0.039885
    57 -0.683205 2.877342 14.167089 -0.738031 0.163387 -1.424634
    58 -0.144958 -0.145317 7.579308 -0.659984 0.179629 0.007669
    59 -0.038551 -0.936644 4.697678 -0.493436 0.097479 -0.015610
    60 -0.506317 8.500896 13.617329 -0.591307 0.068789 -1.307733
    61 0.385056 -0.460075 7.003435 -0.399361 0.311098 0.050345
    62 -0.456360 -0.710276 5.057732 -0.218512 0.130322 -0.003734
    63 2.452194 -8.899408 11.597939 -1.090884 0.145349 -1.506498
    64 -0.680515 -0.903999 6.074242 -0.917050 -0.113060 -0.027141
    65 -0.248295 -0.666843 3.386627 -0.769891 -0.120173 0.043278
    66 0.717491 -3.784309 13.044010 -0.979347 0.126082 -1.477618
    67 -1.099228 -1.407673 8.017876 -0.878597 -0.000731 0.001758
    68 -0.064053 -0.807640 3.686100 -0.562187 -0.002416 -0.007192
    69 4.004906 6.172710 4.754800 -0.014982 -0.989457 -2.569679
    70 -0.158381 -1.149773 5.804405 -0.513825 0.334454 0.249102
    71 1.078559 -2.386406 5.215008 -0.424135 0.202686 0.106274
    72 6.289963 0.932404 13.569109 -0.126801 -0.612098 -2.869612
    73 -1.327759 -0.766682 12.396324 -0.006517 -0.003502 0.059733
    74 0.000017 -54.999996 0.000000 0.000000 0.000000 -1.570796
  time 61
    0 0.000000 0.000000 -1.500000 0.000000 0.000000 0.000000
    1 -10.521344 -5.760963 66.994621 3.097005 -0.050653 -3.139334
    2 -6.179505 7.696150 4.703397 0.134143 0.236194 0.645614
    3 -0.000034 0.000012 24.761454 -0.703005 -0.081640 0.138692
    4 0.000017 0.000000 24.344809 1.467024 -0.200018 -0.060419
    5 0.002333 -1.019846 24.031336 0.389660 -0.042710 0.017201
    6 0.000034 0.000008 13.404741 -0.000001 -0.000009 0.058890
    7 10.398263 -5.760962 66.994675 3.097005 0.050653 3.139334
    8 -2.207265 -3.885502 4.260438 0.299387 -0.304126 0.500602
    9 -0.000004 -0.000006 24.761459 -0.810097 0.094064 -0.393909
    10 -0.000007 0.000004 24.344891 1.406084 0.129192 0.023928
    11 -0.002360 -1.019903 24.031330 0.389594 -0.042695 -0.017219
    12 0.000000 -0.000002 13.404737 0.000001 0.000005 -0.179206
    13 -0.061540 -5.245835 72.927078 0.000000 0.000000 0.000000
    14 4.970226 2.939112 -4.646981 -0.176459 -0.002044 -0.545348
    15 0.000000 -0.005608 -1.146812 -0.001877 -0.006764 -0.044070
    16 0.030770 -0.240000 8.906021 -0.004138 0.000000 0.000000
    17 -0.144512 -3.096895 -0.742608 0.529216 -0.082388 0.068572
    18 0.030770 -0.276858 8.905140 0.056125 0.004134 -0.000049
    19 0.420622 0.637614 0.041795 -0.114417 0.136801 -0.023731
    20 5.669724 4.435303 14.302868 2.687908 -1.497657 0.522300
    21 -1.044571 -2.839317 19.743267 -0.801826 -1.021391 0.448011
    22 2.655533 -1.533369 24.792658 -0.228748 0.075510 -0.122259
    23 1.120163 -0.154394 9.796035 -0.019912 0.000985 -0.172741
    24 2.240311 -0.308786 19.592051 -0.286736 -0.148985 -0.302754
    25 0.683151 2.877354 14.167051 -1.492455 -0.287789 1.588776
    26 0.144936 -0.145374 7.579252 -1.732868 -0.243828 0.228711
    27 0.091660 -0.906685 4.702850 -1.552641 -0.182459 0.184359
    28 0.506271 8.500866 13.617253 -1.413499 -0.533244 1.648108
    29 -0.384987 -0.460049 7.003448 -1.705303 -0.445352 0.536079
    30 0.561516 -0.596954 5.061852 -1.453030 -0.380245 0.370554
    31 -2.452171 -8.899406 11.597897 -1.524743 0.078291 1.414683
    32 0.680496 -0.903999 6.074253 -1.600814 0.171603 -0.012304
    33 0.245514 -0.661150 3.388004 -1.457795 0.110182 -0.097131
    34 -0.717484 -3.784271 13.043911 -1.563076 0.046330 1.434004
    35 1.099216 -1.407745 8.017889 -1.751274 0.031387 -0.016453
    36 0.068439 -0.807653 3.686054 -1.435619 0.033098 -0.008901
    37 -4.004929 6.172707 4.754754 0.288259 1.132423 2.737616
    38 0.158352 -1.149811 5.804394 -1.005152 -0.364180 0.139254
    39 -1.083523 -1.463142 5.544399 -0.935898 -0.173555 -0.035252
    40 -6.289886 0.932434 13.569063 -0.126803 0.612110 2.869610
    41 1.327774 -0.766687 12.396328 -0.010297 0.005312 -0.093515
    42 -0.096140 1.828087 23.185329 0.004131 -0.051984 -1.570724
    43 2.325478 -0.000003 6.169296 0.072386 -0.022477 1.857141
    44 0.000000 -3.152912 0.122169 1.961017 0.000000 0.000000
    45 1.068383 -10.478592 7.066338 0.292219 -1.282324 -3.141588
    46 0.000000 0.000000 2.279457 0.547137 -0.343566 0.107833
    47 2.479414 -8.323895 6.074242 -0.009453 0.040214 1.545926
    48 0.000003 -5.075260 5.144426 0.000000 0.000000 0.000000
    49 -1.068383 -10.478611 7.065971 0.292219 1.282324 3.141588
    50 -0.000488 0.000015 2.279600 0.547136 0.343566 0.107835
    51 -2.479401 -8.323895 6.074234 0.007749 0.040666 1.552602
    52 -5.790000 4.432083 14.255558 -3.300702 1.429234 -0.333533
    53 1.044540 -2.839314 19.743252 -0.449478 1.011379 -0.253895
    54 -2.655510 -1.533379 24.792648 -0.517170 -0.078038 0.087527
    55 -1.120216 -0.154385 9.795983 -0.001971 -0.000270 0.017157
    56 -2.240372 -0.308788 19.592047 -0.028413 0.030004 0.031894
    57 -0.683205 2.877342 14.167089 -0.738031 0.163387 -1.424634
    58 -0.144958 -0.145317 7.579308 -0.659984 0.179629 0.007669
    59 -0.038551 -0.936644 4.697678 -0.493436 0.097479 -0.015610
    60 -0.506317 8.500896 13.617329 -0.591307 0.068789 -1.307733
    61 0.385056 -0.460075 7.003435 -0.399361 0.311098 0.050345
    62 -0.456360 -0.710276 5.057732 -0.218512 0.130322 -0.003734
    63 2.452194 -8.899408 11.597939 -1.090884 0.145349 -1.506498
    64 -0.680515 -0.903999 6.074242 -0.917050 -0.113060 -0.027141
    65 -0.248295 -0.666843 3.386627 -0.769891 -0.120173 0.043278
    66 0.717491 -3.784309 13.044010 -0.979347 0.126082 -1.477618
    67 -1.099228 -1.407673 8.017876 -0.878597 -0.000731 0.001758
    68 -0.064053 -0.807640 3.686100 -0.562187 -0.002416 -0.007192
    69 4.004906 6.172710 4.754800 -0.014982 -0.989457 -2.569679
    70 -0.158381 -1.149773 5.804405 -0.513825 0.334454 0.249102
    71 1.078559 -2.386406 5.215008 -0.424135 0.202686 0.106274
    72 6.289963 0.932404 13.569109 -0.126801 -0.612098 -2.869612
    73 -1.327759 -0.766682 12.396324 -0.006086 -0.003286 0.055893
    74 0.000017 -54.999996 0.000000 0.000000 0.000000 -1.570796
  time 62
    0 0.000000 0.000000 -1.500000 0.000000 0.000000 0.000000
    1 -10.521344 -5.760963 66.994621 3.097005 -0.050653 -3.139334
    2 -6.179505 7.573380 4.680972 0.127652 0.237864 0.637313
    3 -0.000034 0.000012 24.761454 -0.697395 -0.080993 0.145696
    4 0.000017 0.000000 24.344809 1.465976 -0.202055 -0.060808
    5 0.002333 -1.019846 24.031336 0.389585 -0.042698 0.017201
    6 0.000034 0.000008 13.404741 -0.000001 -0.000009 0.062349
    7 10.398263 -5.760962 66.994675 3.097005 0.050653 3.139334
    8 -2.289299 -3.885502 4.260438 0.302117 -0.301200 0.495156
    9 -0.000004 -0.000006 24.761459 -0.810866 0.094135 -0.388705
    10 -0.000007 0.000004 24.344891 1.406084 0.127548 0.023213
    11 -0.002360 -1.019903 24.031330 0.389594 -0.042695 -0.017219
    12 0.000000 -0.000002 13.404737 0.000001 0.000005 -0.176737
    13 -0.061540 -5.245835 72.927078 0.000000 0.000000 0.000000
    14 4.985851 2.869238 -4.624450 -0.171531 -0.003231 -0.541445
    15 0.000000 -0.005608 -1.146812 -0.002483 -0.006074 -0.040863
    16 0.030770 -0.240000 8.906021 -0.004138 0.000000 0.000000
    17 -0.144512 -3.046112 -0.715264 0.518947 -0.081907 0.069650
    18 0.030770 -0.276858 8.905140 0.056125 0.004134 -0.000049
    19 0.428435 0.614176 0.041795 -0.106482 0.139660 -0.023371
    20 5.669724 4.435303 14.302868 2.737388 -1.486171 0.487033
    21 -1.044571 -2.839317 19.743267 -0.731282 -1.019982 0.408671
    22 2.655533 -1.533369 24.792658 -0.187391 0.073819 -0.085786
    23 1.120163 -0.154394 9.796035 -0.018222 0.001033 -0.158081
    24 2.240311 -0.308786 19.592051 -0.293786 -0.138072 -0.273003
    25 0.683151 2.877354 14.167051 -1.430412 -0.281953 1.574564
    26 0.144936 -0.145374 7.579252 -1.632410 -0.244211 0.209907
    27 0.091660 -0.906685 4.702850 -1.453373 -0.180901 0.165172
    28 0.506271 8.500866 13.617253 -1.336736 -0.505583 1.612021
    29 -0.384987 -0.460049 7.003448 -1.585824 -0.454676 0.491951
    30 0.561516 -0.596954 5.061852 -1.336645 -0.376062 0.326427
    31 -2.452171 -8.899406 11.597897 -1.487126 0.062358 1.422387
    32 0.680496 -0.903999 6.074253 -1.524319 0.165035 -0.007007
    33 0.245514 -0.661150 3.388004 -1.380785 0.112064 -0.091115
    34 -0.717484 -3.784271 13.043911 -1.514968 0.033266 1.439290
    35 1.099216 -1.407745 8.017889 -1.664463 0.029553 -0.013313
    36 0.068439 -0.807653 3.686054 -1.348233 0.030796 -0.006564
    37 -4.004929 6.172707 4.754754 0.316543 1.114801 2.783735
    38 0.158352 -1.149811 5.804394 -0.964469 -0.353966 0.140632
    39 -1.083523 -1.463142 5.544399 -0.894619 -0.167203 -0.032172
    40 -6.289886 0.932434 13.569063 -0.126803 0.612110 2.869610
    41 1.327774 -0.766687 12.396328 -0.007301 0.003898 -0.066700
    42 -0.096140 1.828087 23.185329 0.004131 -0.051984 -1.570724
    43 2.325478 -0.000003 6.169296 0.072148 -0.026355 1.859495
    44 0.000000 -3.152912 0.122169 1.961017 0.000000 0.000000
    45 1.068383 -10.478592 7.066338 0.292219 -1.282324 -3.141588
    46 0.000000 0.000000 2.279457 0.547137 -0.343566 0.107833
    47 2.479414 -8.323895 6.074242 -0.009562 0.040073 1.543252
    48 0.000003 -5.075260 5.257710 0.000000 0.000000 0.000000
    49 -1.068383 -10.478611 7.065971 0.292219 1.282324 3.141588
    50 -0.000488 0.000015 2.279600 0.547136 0.343566 0.107835
    51 -2.479401 -8.323895 6.074234 0.007669 0.040713 1.550016
    52 -5.790000 4.432083 14.255558 -3.302715 1.428486 -0.333629
    53 1.044540 -2.839314 19.743252 -0.426826 1.006419 -0.240614
    54 -2.655510 -1.533379 24.792648 -0.531664 -0.077999 0.076924
    55 -1.120216 -0.154385 9.795983 -0.001527 -0.000198 0.013349
    56 -2.240372 -0.308788 19.592047 -0.026810 0.028073 0.024333
    57 -0.683205 2.877342 14.167089 -0.738031 0.163387 -1.424634
    58 -0.144958 -0.145317 7.579308 -0.659984 0.179629 0.007669
    59 -0.038551 -0.936644 4.697678 -0.493436 0.097479 -0.015610
    60 -0.506317 8.500896 13.617329 -0.591307 0.068789 -1.307733
    61 0.385056 -0.460075 7.003435 -0.399361 0.311098 0.050345
    62 -0.456360 -0.710276 5.057732 -0.218512 0.130322 -0.003734
    63 2.452194 -8.899408 11.597939 -1.090884 0.145349 -1.506498
    64 -0.680515 -0.903999 6.074242 -0.917050 -0.113060 -0.027141
    65 -0.248295 -0.666843 3.386627 -0.769891 -0.120173 0.043278
    66 0.717491 -3.784309 13.044010 -0.979347 0.126082 -1.477618
    67 -1.099228 -1.407673 8.017876 -0.878597 -0.000731 0.001758
    68 -0.064053 -0.807640 3.686100 -0.562187 -0.002416 -0.007192
    69 4.004906 6.172710 4.754800 -0.014982 -0.989457 -2.569679
    70 -0.158381 -1.149773 5.804405 -0.513825 0.334454 0.249102
    71 1.078559 -2.386406 5.215008 -0.424135 0.202686 0.106274
    72 6.289963 0.932404 13.569109 -0.126801 -0.612098 -2.869612
    73 -1.327759 -0.766682 12.396324 -0.005426 -0.002963 0.049925
    74 0.000017 -54.999996 0.000000 0.000000 0.000000 -1.570796
  time 63
    0 0.000000 0.000000 -1.500000 0.000000 0.000000 0.000000
    1 -10.521344 -5.760963 66.994621 3.097005 -0.050653 -3.139334
    2 -6.175598 7.462887 4.636123 0.120001 0.239367 0.627876
    3 -0.000034 0.000012 24.761454 -0.689956 -0.080130 0.153799
    4 0.000017 0.000000 24.344809 1.464065 -0.204228 -0.061110
    5 0.002333 -1.019846 24.031336 0.389585 -0.042710 0.017201
    6 0.000034 0.000008 13.404741 -0.000001 -0.000009 0.066399
    7 10.398263 -5.760962 66.994675 3.097005 0.050653 3.139334
    8 -2.383052 -3.860524 4.237957 0.304676 -0.297761 0.489297
    9 -0.000004 -0.000006 24.761459 -0.809987 0.094052 -0.383214
    10 -0.000007 0.000004 24.344891 1.405051 0.125770 0.022436
    11 -0.002360 -1.019903 24.031330 0.389594 -0.042695 -0.017219
    12 0.000000 -0.000002 13.404737 0.000001 0.000005 -0.174075
    13 -0.061540 -5.245835 72.927078 0.000000 0.000000 0.000000
    14 5.001477 2.787718 -4.624450 -0.165258 -0.005141 -0.538142
    15 0.000000 -0.005608 -1.146812 -0.003121 -0.005101 -0.036162
    16 0.030770 -0.240000 8.906021 -0.004138 0.000000 0.000000
    17 -0.140606 -2.964078 -0.680107 0.504679 -0.080856 0.070808
    18 0.030770 -0.276858 8.905140 0.056125 0.004134 -0.000049
    19 0.432341 0.575112 0.037888 -0.096795 0.142170 -0.022688
    20 5.669724 4.435303 14.302868 2.774331 -1.475777 0.463362
    21 -1.044571 -2.839317 19.743267 -0.664799 -1.006675 0.366595
    22 2.655533 -1.533369 24.792658 -0.158315 0.072590 -0.057400
    23 1.120163 -0.154394 9.796035 -0.016688 0.001057 -0.144767
    24 2.240311 -0.308786 19.592051 -0.299661 -0.127620 -0.245982
    25 0.683151 2.877354 14.167051 -1.338855 -0.272581 1.553958
    26 0.144936 -0.145374 7.579252 -1.484325 -0.241503 0.182318
    27 0.091660 -0.906685 4.702850 -1.307082 -0.175184 0.137367
    28 0.506271 8.500866 13.617253 -1.226686 -0.462939 1.562344
    29 -0.384987 -0.460049 7.003448 -1.407905 -0.459674 0.424945
    30 0.561516 -0.596954 5.061852 -1.165674 -0.361273 0.263040
    31 -2.452171 -8.899406 11.597897 -1.431434 0.040768 1.432534
    32 0.680496 -0.903999 6.074253 -1.414157 0.154956 -0.000331
    33 0.245514 -0.661150 3.388004 -1.270383 0.113849 -0.082234
    34 -0.717484 -3.784271 13.043911 -1.443843 0.014283 1.446251
    35 1.099216 -1.407745 8.017889 -1.537138 0.026437 -0.009166
    36 0.068439 -0.807653 3.686054 -1.220905 0.026937 -0.003604
    37 -4.004929 6.172707 4.754754 0.353654 1.088061 2.846408
    38 0.158352 -1.149811 5.804394 -0.905521 -0.339187 0.143448
    39 -1.083523 -1.463142 5.544399 -0.834506 -0.158191 -0.027228
    40 -6.289886 0.932434 13.569063 -0.126803 0.612110 2.869610
    41 1.327774 -0.766687 12.396328 -0.004988 0.002736 -0.045810
    42 -0.096140 1.828087 23.185329 0.004131 -0.051984 -1.570724
    43 2.325478 -0.000003 6.169296 0.066800 -0.030811 1.861651
    44 0.000000 -3.152912 0.122169 1.961017 0.000000 0.000000
    45 1.068383 -10.478592 7.066338 0.292219 -1.282324 -3.141588
    46 0.000000 0.000000 2.279457 0.547137 -0.343566 0.107833
    47 2.479414 -8.323895 6.074242 -0.009671 0.034344 1.541246
    48 0.000003 -5.075260 5.386621 0.000000 0.000000 0.000000
    49 -1.068383 -10.478611 7.065971 0.292219 1.282324 3.141588
    50 -0.000488 0.000015 2.279600 0.547136 0.343566 0.107835
    51 -2.479401 -8.323895 6.074234 0.007569 0.035185 1.547908
    52 -5.790000 4.432083 14.255558 -3.309330 1.427697 -0.338132
    53 1.044540 -2.839314 19.743252 -0.397551 1.001543 -0.224094
    54 -2.655510 -1.533379 24.792648 -0.544195 -0.077831 0.064883
    55 -1.120216 -0.154385 9.795983 -0.001132 -0.000150 0.009649
    56 -2.240372 -0.308788 19.592047 -0.024289 0.026044 0.017202
    57 -0.683205 2.877342 14.167089 -0.738031 0.163387 -1.424634
    58 -0.144958 -0.145317 7.579308 -0.659984 0.179629 0.007669
    59 -0.038551 -0.936644 4.697678 -0.493436 0.097479 -0.015610
    60 -0.506317 8.500896 13.617329 -0.591307 0.068789 -1.307733
    61 0.385056 -0.460075 7.003435 -0.399361 0.311098 0.050345
    62 -0.456360 -0.710276 5.057732 -0.218512 0.130322 -0.003734
    63 2.452194 -8.899408 11.597939 -1.090884 0.145349 -1.506498
    64 -0.680515 -0.903999 6.074242 -0.917050 -0.113060 -0.027141
    65 -0.248295 -0.666843 3.386627 -0.769891 -0.120173 0.043278
    66 0.717491 -3.784309 13.044010 -0.979347 0.126082 -1.477618
    67 -1.099228 -1.407673 8.017876 -0.878597 -0.000731 0.001758
    68 -0.064053 -0.807640 3.686100 -0.562187 -0.002416 -0.007192
    69 4.004906 6.172710 4.754800 -0.014982 -0.989457 -2.569679
    70 -0.158381 -1.149773 5.804405 -0.513825 0.334454 0.249102
    71 1.078559 -2.386406 5.215008 -0.424135 0.202686 0.106274
    72 6.289963 0.932404 13.569109 -0.126801 -0.612098 -2.869612
    73 -1.327759 -0.766682 12.396324 -0.004599 -0.002531 0.042384
    74 0.000017 -54.999996 0.000000 0.000000 0.000000 -1.570796
  time 64
    0 0.000000 0.000000 -1.500000 0.000000 0.000000 0.000000
    1 -10.521344 -5.760963 66.994621 3.097005 -0.050653 -3.139334
    2 -6.175598 7.340117 4.591274 0.111529 0.240619 0.617740
    3 -0.000034 0.000012 24.761454 -0.681297 -0.079124 0.162512
    4 0.000017 0.000000 24.344809 1.461414 -0.206468 -0.061327
    5 0.002333 -1.019846 24.031336 0.389585 -0.042698 0.017213
    6 0.000034 0.000008 13.404741 -0.000001 -0.000009 0.070744
    7 10.398263 -5.760962 66.994675 3.097005 0.050653 3.139334
    8 -2.468992 -3.848034 4.192997 0.306809 -0.293993 0.483356
    9 -0.000004 -0.000006 24.761459 -0.807897 0.093812 -0.377616
    10 -0.000007 0.000004 24.344891 1.403115 0.124015 0.021616
    11 -0.002360 -1.019903 24.031330 0.389594 -0.042695 -0.017219
    12 0.000000 -0.000002 13.404737 0.000001 0.000005 -0.171477
    13 -0.061540 -5.245835 72.927078 0.000000 0.000000 0.000000
    14 5.013196 2.706198 -4.534326 -0.158121 -0.007532 -0.535319
    15 0.000000 -0.005608 -1.146812 -0.003727 -0.003894 -0.030537
    16 0.030770 -0.240000 8.906021 -0.004138 0.000000 0.000000
    17 -0.140606 -2.878138 -0.641043 0.487844 -0.079400 0.072006
    18 0.030770 -0.276858 8.905140 0.056125 0.004134 -0.000049
    19 0.436248 0.536048 0.037888 -0.085928 0.144412 -0.021717
    20 5.669724 4.435303 14.302868 2.802564 -1.466616 0.447071
    21 -1.044571 -2.839317 19.743267 -0.607416 -0.984862 0.327452
    22 2.655533 -1.533369 24.792658 -0.142432 0.071475 -0.035969
    23 1.120163 -0.154394 9.796035 -0.015298 0.001057 -0.132729
    24 2.240311 -0.308786 19.592051 -0.304535 -0.117674 -0.221809
    25 0.683151 2.877354 14.167051 -1.228538 -0.259710 1.529617
    26 0.144936 -0.145374 7.579252 -1.308826 -0.233162 0.150583
    27 0.091660 -0.906685 4.702850 -1.134050 -0.163343 0.105956
    28 0.506271 8.500866 13.617253 -1.098665 -0.407641 1.507581
    29 -0.384987 -0.460049 7.003448 -1.195341 -0.451560 0.345128
    30 0.561516 -0.596954 5.061852 -0.964713 -0.330844 0.192703
    31 -2.452171 -8.899406 11.597897 -1.364705 0.016191 1.443567
    32 0.680496 -0.903999 6.074253 -1.288728 0.142636 0.005829
    33 0.245514 -0.661150 3.388004 -1.144376 0.114712 -0.071964
    34 -0.717484 -3.784271 13.043911 -1.358078 -0.008572 1.453427
    35 1.099216 -1.407745 8.017889 -1.388237 0.022159 -0.004900
    36 0.068439 -0.807653 3.686054 -1.072005 0.022024 -0.000788
    37 -4.004929 6.172707 4.754754 0.391216 1.053997 2.914821
    38 0.158352 -1.149811 5.804394 -0.835767 -0.321869 0.147967
    39 -1.083523 -1.463142 5.544399 -0.763092 -0.147860 -0.020640
    40 -6.289886 0.932434 13.569063 -0.126803 0.612110 2.869610
    41 1.327774 -0.766687 12.396328 -0.003298 0.001849 -0.030394
    42 -0.096140 1.828087 23.185329 0.004131 -0.051984 -1.570724
    43 2.325478 -0.000003 6.169296 0.057679 -0.035586 1.863527
    44 0.000000 -3.152912 0.122169 1.961017 0.000000 0.000000
    45 1.068383 -10.478592 7.066338 0.292219 -1.282324 -3.141588
    46 0.000000 0.000000 2.279457 0.547137 -0.343566 0.107833
    47 2.479414 -8.323895 6.074242 -0.009725 0.024576 1.539145
    48 0.000003 -5.075260 5.515531 0.000000 0.000000 0.000000
    49 -1.068383 -10.478611 7.065971 0.292219 1.282324 3.141588
    50 -0.000488 0.000015 2.279600 0.547136 0.343566 0.107835
    51 -2.479401 -8.323895 6.074234 0.007468 0.025640 1.545800
    52 -5.790000 4.432083 14.255558 -3.319299 1.426866 -0.345702
    53 1.044540 -2.839314 19.743252 -0.364157 0.996540 -0.205533
    54 -2.655510 -1.533379 24.792648 -0.555015 -0.077559 0.052161
    55 -1.120216 -0.154385 9.795983 -0.000724 -0.000114 0.006221
    56 -2.240372 -0.308788 19.592047 -0.021158 0.023915 0.010586
    57 -0.683205 2.877342 14.167089 -0.738031 0.163387 -1.424634
    58 -0.144958 -0.145317 7.579308 -0.659984 0.179629 0.007669
    59 -0.038551 -0.936644 4.697678 -0.493436 0.097479 -0.015610
    60 -0.506317 8.500896 13.617329 -0.591307 0.068789 -1.307733
    61 0.385056 -0.460075 7.003435 -0.399361 0.311098 0.050345
    62 -0.456360 -0.710276 5.057732 -0.218512 0.130322 -0.003734
    63 2.452194 -8.899408 11.597939 -1.090884 0.145349 -1.506498
    64 -0.680515 -0.903999 6.074242 -0.917050 -0.113060 -0.027141
    65 -0.248295 -0.666843 3.386627 -0.769891 -0.120173 0.043278
    66 0.717491 -3.784309 13.044010 -0.979347 0.126082 -1.477618
    67 -1.099228 -1.407673 8.017876 -0.878597 -0.000731 0.001758
    68 -0.064053 -0.807640 3.686100 -0.562187 -0.002416 -0.007192
    69 4.004906 6.172710 4.754800 -0.014982 -0.989457 -2.569679
    70 -0.158381 -1.149773 5.804405 -0.513825 0.334454 0.249131
    71 1.078559 -2.386406 5.215008 -0.424135 0.202686 0.106274
    72 6.289963 0.932404 13.569109 -0.126801 -0.612098 -2.869612
    73 -1.327759 -0.766682 12.396324 -0.003677 -0.002052 0.034010
    74 0.000017 -54.999996 0.000000 0.000000 0.000000 -1.570796
  time 65
    0 0.000000 0.000000 -1.500000 0.000000 0.000000 0.000000
    1 -10.521344 -5.760963 66.994621 3.097005 -0.050653 -3.139334
    2 -6.171692 7.217347 4.546425 0.102648 0.241649 0.607560
    3 -0.000034 0.000012 24.761454 -0.671744 -0.078033 0.171226
    4 0.000017 0.000000 24.344809 1.458455 -0.208755 -0.061499
    5 0.002333 -1.019846 24.031336 0.389585 -0.042710 0.017213
    6 0.000034 0.000008 13.404741 -0.000001 -0.000009 0.075132
    7 10.398263 -5.760962 66.994675 3.097005 0.050653 3.139334
    8 -2.566651 -3.835545 4.170517 0.308259 -0.290043 0.477745
    9 -0.000004 -0.000006 24.761459 -0.804872 0.093440 -0.372089
    10 -0.000007 0.000004 24.344891 1.400856 0.122304 0.020838
    11 -0.002360 -1.019903 24.031330 0.389594 -0.042695 -0.017219
    12 0.000000 -0.000002 13.404737 0.000001 0.000005 -0.168923
    13 -0.061540 -5.245835 72.927078 0.000000 0.000000 0.000000
    14 5.024915 2.624679 -4.511795 -0.150664 -0.010216 -0.533278
    15 0.000000 -0.005608 -1.146812 -0.004333 -0.002592 -0.024368
    16 0.030770 -0.240000 8.906021 -0.004138 0.000000 0.000000
    17 -0.140606 -2.776573 -0.598073 0.469788 -0.077691 0.073164
    18 0.030770 -0.276858 8.905140 0.056125 0.004134 -0.000049
    19 0.440154 0.500891 0.033982 -0.074705 0.146243 -0.020615
    20 5.669724 4.435303 14.302868 2.824863 -1.458759 0.435283
    21 -1.044571 -2.839317 19.743267 -0.561039 -0.958144 0.294175
    22 2.655533 -1.533369 24.792658 -0.134447 0.070668 -0.020846
    23 1.120163 -0.154394 9.796035 -0.014063 0.001045 -0.122243
    24 2.240311 -0.308786 19.592051 -0.308365 -0.108695 -0.200801
    25 0.683151 2.877354 14.167051 -1.110375 -0.243303 1.504091
    26 0.144936 -0.145374 7.579252 -1.128262 -0.219032 0.119962
    27 0.091660 -0.906685 4.702850 -0.956027 -0.145678 0.076234
    28 0.506271 8.500866 13.617253 -0.966938 -0.342148 1.454360
    29 -0.384987 -0.460049 7.003448 -0.976267 -0.427243 0.266269
    30 0.561516 -0.596954 5.061852 -0.759897 -0.285697 0.128273
    31 -2.452171 -8.899406 11.597897 -1.294432 -0.011094 1.454922
    32 0.680496 -0.903999 6.074253 -1.166630 0.129968 0.010251
    33 0.245514 -0.661150 3.388004 -1.021299 0.114317 -0.061885
    34 -0.717484 -3.784271 13.043911 -1.266405 -0.033584 1.459989
    35 1.099216 -1.407745 8.017889 -1.237744 0.017269 -0.001280
    36 0.068439 -0.807653 3.686054 -0.921506 0.016655 0.001310
    37 -4.004929 6.172707 4.754754 0.424184 1.015197 2.981130
    38 0.158352 -1.149811 5.804394 -0.762156 -0.303876 0.154091
    39 -1.083523 -1.463142 5.544399 -0.687493 -0.137470 -0.012877
    40 -6.289886 0.932434 13.569063 -0.126803 0.612110 2.869610
    41 1.327774 -0.766687 12.396328 -0.002123 0.001213 -0.019748
    42 -0.096140 1.828087 23.185329 0.004131 -0.051984 -1.570724
    43 2.325478 -0.000003 6.169296 0.046124 -0.040375 1.865283
    44 0.000000 -3.152912 0.122169 1.961017 0.000000 0.000000
    45 1.068383 -10.478592 7.066338 0.292219 -1.282324 -3.141588
    46 0.000000 0.000000 2.279457 0.547137 -0.343566 0.107833
    47 2.479414 -8.323895 6.074242 -0.009834 0.012320 1.537426
    48 0.000003 -5.075260 5.613190 0.000000 0.000000 0.000000
    49 -1.068383 -10.478611 7.065971 0.292219 1.282324 3.141588
    50 -0.000488 0.000015 2.279600 0.547136 0.343566 0.107835
    51 -2.479401 -8.323895 6.074234 0.007428 0.013449 1.544171
    52 -5.790000 4.432083 14.255558 -3.331664 1.425994 -0.355379
    53 1.044540 -2.839314 19.743252 -0.328982 0.991495 -0.186319
    54 -2.655510 -1.533379 24.792648 -0.564024 -0.077262 0.039590
    55 -1.120216 -0.154385 9.795983 -0.000377 -0.000054 0.003120
    56 -2.240372 -0.308788 19.592047 -0.017646 0.022034 0.004658
    57 -0.683205 2.877342 14.167089 -0.738031 0.163387 -1.424634
    58 -0.144958 -0.145317 7.579308 -0.659984 0.179629 0.007669
    59 -0.038551 -0.936644 4.697678 -0.493436 0.097479 -0.015610
    60 -0.506317 8.500896 13.617329 -0.591307 0.068789 -1.307733
    61 0.385056 -0.460075 7.003435 -0.399361 0.311098 0.050345
    62 -0.456360 -0.710276 5.057732 -0.218512 0.130322 -0.003734
    63 2.452194 -8.899408 11.597939 -1.090884 0.145349 -1.506498
    64 -0.680515 -0.903999 6.074242 -0.917050 -0.113060 -0.027141
    65 -0.248295 -0.666843 3.386627 -0.769891 -0.120173 0.043278
    66 0.717491 -3.784309 13.044010 -0.979347 0.126082 -1.477618
    67 -1.099228 -1.407673 8.017876 -0.878597 -0.000731 0.001758
    68 -0.064053 -0.807640 3.686100 -0.562187 -0.002416 -0.007192
    69 4.004906 6.172710 4.754800 -0.014982 -0.989457 -2.569679
    70 -0.158381 -1.149773 5.804405 -0.513825 0.334454 0.249102
    71 1.078559 -2.386406 5.215008 -0.424135 0.202686 0.106274
    72 6.289963 0.932404 13.569109 -0.126801 -0.612098 -2.869612
    73 -1.327759 -0.766682 12.396324 -0.002754 -0.001549 0.025405
    74 0.000017 -54.999996 0.000000 0.000000 0.000000 -1.570796
  time 66
    0 0.000000 0.000000 -1.500000 0.000000 0.000000 0.000000
    1 -10.521344 -5.760963 66.994621 3.097005 -0.050653 -3.139334
    2 -6.171692 7.082301 4.501576 0.093834 0.242456 0.597861
    3 -0.000034 0.000012 24.761454 -0.661947 -0.076882 0.179451
    4 0.000017 0.000000 24.344809 1.455188 -0.211109 -0.061564
    5 0.002333 -1.019846 24.031336 0.389660 -0.042698 0.017213
    6 0.000034 0.000008 13.404741 -0.000001 -0.000009 0.079266
    7 10.398263 -5.760962 66.994675 3.097005 0.050653 3.139334
    8 -2.648685 -3.810566 4.103076 0.309198 -0.286128 0.472629
    9 -0.000004 -0.000006 24.761459 -0.801187 0.093033 -0.366993
    10 -0.000007 0.000004 24.344891 1.398339 0.120704 0.020103
    11 -0.002360 -1.019903 24.031330 0.389594 -0.042695 -0.017219
    12 0.000000 -0.000002 13.404737 0.000001 0.000005 -0.166625
    13 -0.061540 -5.245835 72.927078 0.000000 0.000000 0.000000
    14 5.032727 2.543159 -4.444202 -0.143431 -0.012917 -0.531536
    15 0.000000 -0.005608 -1.146812 -0.004844 -0.001306 -0.018199
    16 0.030770 -0.240000 8.906021 -0.004138 0.000000 0.000000
    17 -0.132793 -2.675007 -0.555103 0.451880 -0.075893 0.074242
    18 0.030770 -0.276858 8.905140 0.056125 0.004134 -0.000049
    19 0.444061 0.461827 0.030075 -0.063874 0.147786 -0.019428
    20 5.669724 4.435303 14.302868 2.841994 -1.452205 0.426946
    21 -1.044571 -2.839317 19.743267 -0.525767 -0.929808 0.267525
    22 2.655533 -1.533369 24.792658 -0.128545 0.070130 -0.011141
    23 1.120163 -0.154394 9.796035 -0.013044 0.001033 -0.113378
    24 2.240311 -0.308786 19.592051 -0.311324 -0.100821 -0.183077
    25 0.683151 2.877354 14.167051 -0.995285 -0.223900 1.479576
    26 0.144936 -0.145374 7.579252 -0.963775 -0.201558 0.094663
    27 0.091660 -0.906685 4.702850 -0.793756 -0.125172 0.052193
    28 0.506271 8.500866 13.617253 -0.844043 -0.270262 1.406870
    29 -0.384987 -0.460049 7.003448 -0.776686 -0.391110 0.200270
    30 0.561516 -0.596954 5.061852 -0.574395 -0.233336 0.078609
    31 -2.452171 -8.899406 11.597897 -1.227602 -0.041786 1.466921
    32 0.680496 -0.903999 6.074253 -1.063407 0.118894 0.012792
    33 0.245514 -0.661150 3.388004 -0.917235 0.113010 -0.053459
    34 -0.717484 -3.784271 13.043911 -1.177156 -0.059243 1.465536
    35 1.099216 -1.407745 8.017889 -1.103706 0.012475 0.001284
    36 0.068439 -0.807653 3.686054 -0.787496 0.011657 0.002448
    37 -4.004929 6.172707 4.754754 0.449856 0.974813 3.039784
    38 0.158352 -1.149811 5.804394 -0.691173 -0.286910 0.161282
    39 -1.083523 -1.463142 5.544399 -0.614248 -0.127978 -0.004646
    40 -6.289886 0.932434 13.569063 -0.126803 0.612110 2.869610
    41 1.327774 -0.766687 12.396328 -0.001392 0.000794 -0.012818
    42 -0.096140 1.828087 23.185329 0.004131 -0.051984 -1.570724
    43 2.325478 -0.000003 6.169296 0.033613 -0.044846 1.866839
    44 0.000000 -3.152912 0.122169 1.961017 0.000000 0.000000
    45 1.068383 -10.478592 7.066338 0.292219 -1.282324 -3.141588
    46 0.000000 0.000000 2.279457 0.547137 -0.343566 0.107833
    47 2.479414 -8.323895 6.074242 -0.009861 -0.000970 1.535802
    48 0.000003 -5.075260 5.699130 0.000000 0.000000 0.000000
    49 -1.068383 -10.478611 7.065971 0.292219 1.282324 3.141588
    50 -0.000488 0.000015 2.279600 0.547136 0.343566 0.107835
    51 -2.479401 -8.323895 6.074234 0.007368 0.000408 1.542543
    52 -5.790000 4.432083 14.255558 -3.345468 1.425205 -0.365823
    53 1.044540 -2.839314 19.743252 -0.294364 0.986492 -0.167622
    54 -2.655510 -1.533379 24.792648 -0.571371 -0.076899 0.028003
    55 -1.120216 -0.154385 9.795983 -0.000065 -0.000006 0.000400
    56 -2.240372 -0.308788 19.592047 -0.013904 0.020202 -0.000498
    57 -0.683205 2.877342 14.167089 -0.738031 0.163387 -1.424634
    58 -0.144958 -0.145317 7.579308 -0.659984 0.179629 0.007669
    59 -0.038551 -0.936644 4.697678 -0.493436 0.097479 -0.015610
    60 -0.506317 8.500896 13.617329 -0.591307 0.068789 -1.307733
    61 0.385056 -0.460075 7.003435 -0.399361 0.311098 0.050345
    62 -0.456360 -0.710276 5.057732 -0.218512 0.130322 -0.003734
    63 2.452194 -8.899408 11.597939 -1.090884 0.145349 -1.506498
    64 -0.680515 -0.903999 6.074242 -0.917050 -0.113060 -0.027141
    65 -0.248295 -0.666843 3.386627 -0.769891 -0.120173 0.043278
    66 0.717491 -3.784309 13.044010 -0.979347 0.126082 -1.477618
    67 -1.099228 -1.407673 8.017876 -0.878597 -0.000731 0.001758
    68 -0.064053 -0.807640 3.686100 -0.562187 -0.002416 -0.007192
    69 4.004906 6.172710 4.754800 -0.014982 -0.989457 -2.569679
    70 -0.158381 -1.149773 5.804405 -0.513825 0.334454 0.249102
    71 1.078559 -2.386406 5.215008 -0.424135 0.202686 0.106274
    72 6.289963 0.932404 13.569109 -0.126801 -0.612098 -2.869612
    73 -1.327759 -0.766682 12.396324 -0.001855 -0.001045 0.017077
    74 0.000017 -54.999996 0.000000 0.000000 0.000000 -1.570796
  time 67
    0 0.000000 0.000000 -1.500000 0.000000 0.000000 0.000000
    1 -10.521344 -5.760963 66.994621 3.097005 -0.050653 -3.139334
    2 -6.167786 6.959531 4.456727 0.085295 0.243069 0.589254
    3 -0.000034 0.000012 24.761454 -0.652313 -0.075780 0.186617
    4 0.000017 0.000000 24.344809 1.452044 -0.213463 -0.061672
    5 0.002333 -1.019846 24.031336 0.389660 -0.042710 0.017201
    6 0.000034 0.000008 13.404741 -0.000001 -0.000009 0.082873
    7 10.398263 -5.760962 66.994675 3.097005 0.050653 3.139334
    8 -2.722906 -3.810566 4.058116 0.309283 -0.282470 0.468338
    9 -0.000004 -0.000006 24.761459 -0.797392 0.092577 -0.362507
    10 -0.000007 0.000004 24.344891 1.396274 0.119304 0.019451
    11 -0.002360 -1.019903 24.031330 0.389594 -0.042695 -0.017219
    12 0.000000 -0.000002 13.404737 0.000001 0.000005 -0.164650
    13 -0.061540 -5.245835 72.927078 0.000000 0.000000 0.000000
    14 5.040540 2.449993 -4.399139 -0.136870 -0.015446 -0.530395
    15 0.000000 -0.005608 -1.146812 -0.005259 -0.000098 -0.012574
    16 0.030770 -0.240000 8.906021 -0.004138 0.000000 0.000000
    17 -0.132793 -2.585160 -0.516039 0.435529 -0.074184 0.075161
    18 0.030770 -0.276858 8.905140 0.056125 0.004134 -0.000049
    19 0.444061 0.426670 0.033982 -0.054080 0.148979 -0.018338
    20 5.669724 4.435303 14.302868 2.855106 -1.447025 0.421291
    21 -1.044571 -2.839317 19.743267 -0.500427 -0.902933 0.247418
    22 2.655533 -1.533369 24.792658 -0.124726 0.069900 -0.005561
    23 1.120163 -0.154394 9.796035 -0.012242 0.001021 -0.106238
    24 2.240311 -0.308786 19.592051 -0.313500 -0.094329 -0.168914
    25 0.683151 2.877354 14.167051 -0.892702 -0.203058 1.457871
    26 0.144936 -0.145374 7.579252 -0.830652 -0.184504 0.076494
    27 0.091660 -0.906685 4.702850 -0.662483 -0.105829 0.035367
    28 0.506271 8.500866 13.617253 -0.739243 -0.197849 1.367085
    29 -0.384987 -0.460049 7.003448 -0.615307 -0.352531 0.152907
    30 0.561516 -0.596954 5.061852 -0.423381 -0.183419 0.045712
    31 -2.452171 -8.899406 11.597897 -1.170340 -0.075445 1.479672
    32 0.680496 -0.903999 6.074253 -0.988776 0.110745 0.013882
    33 0.245514 -0.661150 3.388004 -0.841822 0.111524 -0.047467
    34 -0.717484 -3.784271 13.043911 -1.097961 -0.083835 1.470177
    35 1.099216 -1.407745 8.017889 -0.999122 0.008508 0.002842
    36 0.068439 -0.807653 3.686054 -0.682946 0.007702 0.002868
    37 -4.004929 6.172707 4.754754 0.468141 0.936595 3.088104
    38 0.158352 -1.149811 5.804394 -0.628284 -0.272278 0.168676
    39 -1.083523 -1.463142 5.544399 -0.549218 -0.120056 0.003227
    40 -6.289886 0.932434 13.569063 -0.126803 0.612110 2.869610
    41 1.327774 -0.766687 12.396328 -0.000973 0.000542 -0.008851
    42 -0.096140 1.828087 23.185329 0.004131 -0.051984 -1.570724
    43 2.325478 -0.000003 6.169296 0.021437 -0.048796 1.868276
    44 0.000000 -3.152912 0.122169 1.961017 0.000000 0.000000
    45 1.068383 -10.478592 7.066338 0.292219 -1.282324 -3.141588
    46 0.000000 0.000000 2.279457 0.547137 -0.343566 0.107833
    47 2.479414 -8.323895 6.074242 -0.009970 -0.013978 1.534465
    48 0.000003 -5.075260 5.777257 0.000000 0.000000 0.000000
    49 -1.068383 -10.478611 7.065971 0.292219 1.282324 3.141588
    50 -0.000488 0.000015 2.279600 0.547136 0.343566 0.107835
    51 -2.479401 -8.323895 6.074234 0.007287 -0.012492 1.541106
    52 -5.790000 4.432083 14.255558 -3.359271 1.424540 -0.376363
    53 1.044540 -2.839314 19.743252 -0.262584 0.981786 -0.150613
    54 -2.655510 -1.533379 24.792648 -0.577108 -0.076602 0.018082
    55 -1.120216 -0.154385 9.795983 0.000211 0.000030 -0.001913
    56 -2.240372 -0.308788 19.592047 -0.010543 0.018717 -0.004708
    57 -0.683205 2.877342 14.167089 -0.738031 0.163387 -1.424634
    58 -0.144958 -0.145317 7.579308 -0.659984 0.179629 0.007669
    59 -0.038551 -0.936644 4.697678 -0.493436 0.097479 -0.015610
    60 -0.506317 8.500896 13.617329 -0.591307 0.068789 -1.307733
    61 0.385056 -0.460075 7.003435 -0.399361 0.311098 0.050345
    62 -0.456360 -0.710276 5.057732 -0.218512 0.130322 -0.003734
    63 2.452194 -8.899408 11.597939 -1.090884 0.145349 -1.506498
    64 -0.680515 -0.903999 6.074242 -0.917050 -0.113060 -0.027141
    65 -0.248295 -0.666843 3.386627 -0.769891 -0.120173 0.043278
    66 0.717491 -3.784309 13.044010 -0.979347 0.126082 -1.477618
    67 -1.099228 -1.407673 8.017876 -0.878597 -0.000731 0.001758
    68 -0.064053 -0.807640 3.686100 -0.562187 -0.002416 -0.007192
    69 4.004906 6.172710 4.754800 -0.014982 -0.989457 -2.569679
    70 -0.158381 -1.149773 5.804405 -0.513825 0.334454 0.249102
    71 1.078559 -2.386406 5.215008 -0.424135 0.202686 0.106274
    72 6.289963 0.932404 13.569109 -0.126801 -0.612098 -2.869612
    73 -1.327759 -0.766682 12.396324 -0.001052 -0.000614 0.009767
    74 0.000017 -54.999996 0.000000 0.000000 0.000000 -1.570796
  time 68
    0 0.000000 0.000000 -1.500000 0.000000 0.000000 0.000000
    1 -10.521344 -5.760963 66.994621 3.097005 -0.050653 -3.139334
    2 -6.167786 6.836761 4.411878 0.077506 0.243514 0.582220
    3 -0.000034 0.000012 24.761454 -0.643451 -0.074737 0.192236
    4 0.000017 0.000000 24.344809 1.449393 -0.215703 -0.061780
    5 0.002333 -1.019846 24.031336 0.389660 -0.042710 0.017201
    6 0.000034 0.000008 13.404741 -0.000001 -0.000009 0.085784
    7 10.398263 -5.760962 66.994675 3.097005 0.050653 3.139334
    8 -2.781501 -3.860524 4.035636 0.308686 -0.279178 0.465120
    9 -0.000004 -0.000006 24.761459 -0.793927 0.092194 -0.358918
    10 -0.000007 0.000004 24.344891 1.394983 0.118171 0.018926
    11 -0.002360 -1.019903 24.031330 0.389594 -0.042695 -0.017219
    12 0.000000 -0.000002 13.404737 0.000001 0.000005 -0.163104
    13 -0.061540 -5.245835 72.927078 0.000000 0.000000 0.000000
    14 5.044447 2.356828 -4.331546 -0.131557 -0.017545 -0.529674
    15 0.000000 -0.005608 -1.146812 -0.005609 0.000890 -0.007927
    16 0.030770 -0.240000 8.906021 -0.004138 0.000000 0.000000
    17 -0.132793 -2.514846 -0.484788 0.422103 -0.072766 0.075840
    18 0.030770 -0.276858 8.905140 0.056125 0.004134 -0.000049
    19 0.444061 0.395419 0.030075 -0.046144 0.149802 -0.017415
    20 5.669724 4.435303 14.302868 2.864007 -1.443255 0.417554
    21 -1.044571 -2.839317 19.743267 -0.483598 -0.880546 0.233289
    22 2.655533 -1.533369 24.792658 -0.123164 0.069746 -0.002649
    23 1.120163 -0.154394 9.796035 -0.011618 0.000985 -0.100995
    24 2.240311 -0.308786 19.592051 -0.314979 -0.089448 -0.158588
    25 0.683151 2.877354 14.167051 -0.811130 -0.183536 1.440487
    26 0.144936 -0.145374 7.579252 -0.736560 -0.171033 0.065133
    27 0.091660 -0.906685 4.702850 -0.569579 -0.090849 0.025048
    28 0.506271 8.500866 13.617253 -0.659577 -0.133191 1.336083
    29 -0.384987 -0.460049 7.003448 -0.499848 -0.320065 0.123101
    30 0.561516 -0.596954 5.061852 -0.314886 -0.144217 0.026812
    31 -2.452171 -8.899406 11.597897 -1.127103 -0.108785 1.492288
    32 0.680496 -0.903999 6.074253 -0.944125 0.105819 0.014254
    33 0.245514 -0.661150 3.388004 -0.796714 0.110434 -0.043944
    34 -0.717484 -3.784271 13.043911 -1.035214 -0.105180 1.473942
    35 1.099216 -1.407745 8.017889 -0.928920 0.005776 0.003645
    36 0.068439 -0.807653 3.686054 -0.612725 0.005030 0.002928
    37 -4.004929 6.172707 4.754754 0.479851 0.904415 3.124463
    38 0.158352 -1.149811 5.804394 -0.578362 -0.260962 0.175232
    39 -1.083523 -1.463142 5.544399 -0.497580 -0.114160 0.009857
    40 -6.289886 0.932434 13.569063 -0.126803 0.612110 2.869610
    41 1.327774 -0.766687 12.396328 -0.000745 0.000434 -0.006893
    42 -0.096140 1.828087 23.185329 0.004131 -0.051984 -1.570724
    43 2.325478 -0.000003 6.169296 0.011027 -0.051936 1.869474
    44 0.000000 -3.152912 0.122169 1.961017 0.000000 0.000000
    45 1.068383 -10.478592 7.066338 0.292219 -1.282324 -3.141588
    46 0.000000 0.000000 2.279457 0.547137 -0.343566 0.107833
    47 2.479414 -8.323895 6.074242 -0.009997 -0.025014 1.533319
    48 0.000003 -5.075260 5.851478 0.000000 0.000000 0.000000
    49 -1.068383 -10.478611 7.065971 0.292219 1.282324 3.141588
    50 -0.000488 0.000015 2.279600 0.547136 0.343566 0.107835
    51 -2.479401 -8.323895 6.074234 0.007247 -0.023454 1.539860
    52 -5.790000 4.432083 14.255558 -3.372692 1.423917 -0.385561
    53 1.044540 -2.839314 19.743252 -0.235535 0.977928 -0.136270
    54 -2.655510 -1.533379 24.792648 -0.581185 -0.076356 0.010812
    55 -1.120216 -0.154385 9.795983 0.000390 0.000054 -0.003572
    56 -2.240372 -0.308788 19.592047 -0.007794 0.017628 -0.007887
    57 -0.683205 2.877342 14.167089 -0.738031 0.163387 -1.424634
    58 -0.144958 -0.145317 7.579308 -0.659984 0.179629 0.007669
    59 -0.038551 -0.936644 4.697678 -0.493436 0.097479 -0.015610
    60 -0.506317 8.500896 13.617329 -0.591307 0.068789 -1.307733
    61 0.385056 -0.460075 7.003435 -0.399361 0.311098 0.050345
    62 -0.456360 -0.710276 5.057732 -0.218512 0.130322 -0.003734
    63 2.452194 -8.899408 11.597939 -1.090884 0.145349 -1.506498
    64 -0.680515 -0.903999 6.074242 -0.917050 -0.113060 -0.027141
    65 -0.248295 -0.666843 3.386627 -0.769891 -0.120173 0.043278
    66 0.717491 -3.784309 13.044010 -0.979347 0.126082 -1.477618
    67 -1.099228 -1.407673 8.017876 -0.878597 -0.000731 0.001758
    68 -0.064053 -0.807640 3.686100 -0.562187 -0.002416 -0.007192
    69 4.004906 6.172710 4.754800 -0.014982 -0.989457 -2.569679
    70 -0.158381 -1.149773 5.804405 -0.513825 0.334454 0.249102
    71 1.078559 -2.386406 5.215008 -0.424135 0.202686 0.106274
    72 6.289963 0.932404 13.569109 -0.126801 -0.612098 -2.869612
    73 -1.327759 -0.766682 12.396324 -0.000453 -0.000254 0.003984
    74 0.000017 -54.999996 0.000000 0.000000 0.000000 -1.570796
  time 69
    0 0.000000 0.000000 -1.500000 0.000000 0.000000 0.000000
    1 -10.521344 -5.760963 66.994621 3.097005 -0.050653 -3.139334
    2 -6.167786 6.726268 4.389453 0.070811 0.243959 0.577457
    3 -0.000034 0.000012 24.761454 -0.635768 -0.073850 0.195698
    4 0.000017 0.000000 24.344809 1.447297 -0.217922 -0.061888
    5 0.002333 -1.019846 24.031336 0.389660 -0.042710 0.017201
    6 0.000034 0.000008 13.404741 -0.000001 -0.000009 0.087661
    7 10.398263 -5.760962 66.994675 3.097005 0.050653 3.139334
    8 -2.824471 -3.910481 3.990675 0.307321 -0.276581 0.463222
    9 -0.000004 -0.000006 24.761459 -0.791287 0.091870 -0.356550
    10 -0.000007 0.000004 24.344891 1.394725 0.117304 0.018547
    11 -0.002360 -1.019903 24.031330 0.389594 -0.042695 -0.017219
    12 0.000000 -0.000002 13.404737 0.000001 0.000005 -0.162095
    13 -0.061540 -5.245835 72.927078 0.000000 0.000000 0.000000
    14 5.048353 2.252016 -4.309015 -0.128037 -0.018973 -0.529314
    15 0.000000 -0.005608 -1.146812 -0.005865 0.001580 -0.004775
    16 0.030770 -0.240000 8.906021 -0.004138 0.000000 0.000000
    17 -0.124981 -2.460157 -0.469163 0.413012 -0.071765 0.076279
    18 0.030770 -0.276858 8.905140 0.056125 0.004134 -0.000049
    19 0.444061 0.379794 0.026169 -0.040818 0.150316 -0.016768
    20 5.669724 4.435303 14.302868 2.869558 -1.441000 0.415446
    21 -1.044571 -2.839317 19.743267 -0.474156 -0.865256 0.224857
    22 2.655533 -1.533369 24.792658 -0.124119 0.069592 -0.001436
    23 1.120163 -0.154394 9.796035 -0.011259 0.000973 -0.097718
    24 2.240311 -0.308786 19.592051 -0.315850 -0.086363 -0.152139
    25 0.683151 2.877354 14.167051 -0.757425 -0.168986 1.428885
    26 0.144936 -0.145374 7.579252 -0.681824 -0.162704 0.059105
    27 0.091660 -0.906685 4.702850 -0.515458 -0.081668 0.019679
    28 0.506271 8.500866 13.617253 -0.609122 -0.086526 1.315405
    29 -0.384987 -0.460049 7.003448 -0.431234 -0.298948 0.107210
    30 0.561516 -0.596954 5.061852 -0.249982 -0.119636 0.017584
    31 -2.452171 -8.899406 11.597897 -1.100169 -0.134915 1.502409
    32 0.680496 -0.903999 6.074253 -0.923345 0.103638 0.014254
    33 0.245514 -0.661150 3.388004 -0.775943 0.109739 -0.042362
    34 -0.717484 -3.784271 13.043911 -0.994117 -0.120352 1.476600
    35 1.099216 -1.407745 8.017889 -0.890463 0.004421 0.003861
    36 0.068439 -0.807653 3.686054 -0.574416 0.003340 0.002832
    37 -4.004929 6.172707 4.754754 0.486517 0.882251 3.147523
    38 0.158352 -1.149811 5.804394 -0.545477 -0.253712 0.179846
    39 -1.083523 -1.463142 5.544399 -0.463364 -0.110444 0.014373
    40 -6.289886 0.932434 13.569063 -0.126803 0.612110 2.869610
    41 1.327774 -0.766687 12.396328 -0.000673 0.000399 -0.006190
    42 -0.096140 1.828087 23.185329 0.004131 -0.051984 -1.570724
    43 2.325478 -0.000003 6.169296 0.003769 -0.054034 1.870272
    44 0.000000 -3.152912 0.122169 1.961017 0.000000 0.000000
    45 1.068383 -10.478592 7.066338 0.292219 -1.282324 -3.141588
    46 0.000000 0.000000 2.279457 0.547137 -0.343566 0.107833
    47 2.479414 -8.323895 6.074242 -0.010024 -0.032762 1.532364
    48 0.000003 -5.075260 5.906168 0.000000 0.000000 0.000000
    49 -1.068383 -10.478611 7.065971 0.292219 1.282324 3.141588
    50 -0.000488 0.000015 2.279600 0.547136 0.343566 0.107835
    51 -2.479401 -8.323895 6.074234 0.007227 -0.031061 1.539189
    52 -5.790000 4.432083 14.255558 -3.384194 1.423460 -0.392556
    53 1.044540 -2.839314 19.743252 -0.215276 0.975299 -0.125738
    54 -2.655510 -1.533379 24.792648 -0.583751 -0.076213 0.006798
    55 -1.120216 -0.154385 9.795983 0.000510 0.000066 -0.004660
    56 -2.240372 -0.308788 19.592047 -0.005732 0.016886 -0.009863
    57 -0.683205 2.877342 14.167089 -0.738031 0.163387 -1.424634
    58 -0.144958 -0.145317 7.579308 -0.659984 0.179629 0.007669
    59 -0.038551 -0.936644 4.697678 -0.493436 0.097479 -0.015610
    60 -0.506317 8.500896 13.617329 -0.591307 0.068789 -1.307733
    61 0.385056 -0.460075 7.003435 -0.399361 0.311098 0.050345
    62 -0.456360 -0.710276 5.057732 -0.218512 0.130322 -0.003734
    63 2.452194 -8.899408 11.597939 -1.090884 0.145349 -1.506498
    64 -0.680515 -0.903999 6.074242 -0.917050 -0.113060 -0.027141
    65 -0.248295 -0.666843 3.386627 -0.769891 -0.120173 0.043278
    66 0.717491 -3.784309 13.044010 -0.979347 0.126082 -1.477618
    67 -1.099228 -1.407673 8.017876 -0.878597 -0.000731 0.001758
    68 -0.064053 -0.807640 3.686100 -0.562187 -0.002416 -0.007192
    69 4.004906 6.172710 4.754800 -0.014982 -0.989457 -2.569679
    70 -0.158381 -1.149773 5.804405 -0.513825 0.334454 0.249102
    71 1.078559 -2.386406 5.215008 -0.424135 0.202686 0.106274
    72 6.289963 0.932404 13.569109 -0.126801 -0.612098 -2.869612
    73 -1.327759 -0.766682 12.396324 -0.000045 -0.000039 0.000329
    74 0.000017 -54.999996 0.000000 0.000000 0.000000 -1.570796
end
