// Created by Crowbar 0.74
version 1
nodes
  0 "root" -1
  1 "g_r_hip_offset" 0
  2 "g_r_hip" 1
  3 "g_r_knee" 2
  4 "g_r_ankle" 3
  5 "g_r_ball" 4
  6 "g_r_thightwist" 2
  7 "g_l_hip_offset" 0
  8 "g_l_hip" 7
  9 "g_l_knee" 8
  10 "g_l_ankle" 9
  11 "g_l_ball" 10
  12 "g_l_thightwist" 8
  13 "g_spine01_offset" 0
  14 "g_spine01" 13
  15 "g_pelvis" 14
  16 "g_spine02_offset" 14
  17 "g_spine02" 16
  18 "g_spine03_offset" 17
  19 "g_spine03" 18
  20 "g_l_clavical" 19
  21 "g_l_shoulder" 20
  22 "g_l_elbow" 21
  23 "g_l_forarm" 22
  24 "g_l_wrist" 22
  25 "g_l_birdy1" 24
  26 "g_l_birdy2" 25
  27 "g_l_birdy3" 26
  28 "g_l_index1" 24
  29 "g_l_index2" 28
  30 "g_l_index3" 29
  31 "g_l_pinky1" 24
  32 "g_l_pinky2" 31
  33 "g_l_pinky3" 32
  34 "g_l_ring1" 24
  35 "g_l_ring2" 34
  36 "g_l_ring3" 35
  37 "g_l_thumb1" 24
  38 "g_l_thumb2" 37
  39 "g_l_thumb3" 38
  40 "g_l_palm" 24
  41 "g_l_biceptwist" 21
  42 "g_neck" 19
  43 "g_head" 42
  44 "g_jaw" 43
  45 "g_l_brow" 43
  46 "g_l_brow2" 45
  47 "g_l_eye" 43
  48 "g_topeyelid" 43
  49 "g_r_brow" 43
  50 "g_r_brow2" 49
  51 "g_r_eye" 43
  52 "g_r_clavical" 19
  53 "g_r_shoulder" 52
  54 "g_r_elbow" 53
  55 "g_r_forarm" 54
  56 "g_r_wrist" 54
  57 "g_r_birdy1" 56
  58 "g_r_birdy2" 57
  59 "g_r_birdy3" 58
  60 "g_r_index1" 56
  61 "g_r_index2" 60
  62 "g_r_index3" 61
  63 "g_r_pinky1" 56
  64 "g_r_pinky2" 63
  65 "g_r_pinky3" 64
  66 "g_r_ring1" 56
  67 "g_r_ring2" 66
  68 "g_r_ring3" 67
  69 "g_r_thumb1" 56
  70 "g_r_thumb2" 69
  71 "g_r_thumb3" 70
  72 "g_r_palm" 56
  73 "g_r_biceptwist" 53
  74 "g_throwable_attach_offset" 0
end
skeleton
  time 0
    0 0.000000 0.000000 -1.500000 0.000000 0.000000 0.000000
    1 -10.521344 -5.760963 66.994621 3.097005 -0.050653 -3.139334
    2 43.181377 48.750409 -717.837692 -0.389523 0.092286 -0.013143
    3 -0.000034 0.000012 24.761454 -0.000229 -0.000133 0.116989
    4 0.000017 0.000000 24.344809 0.909550 -0.161968 0.000511
    5 0.002333 -1.019846 24.031336 0.410828 -0.043261 0.016266
    6 0.000034 0.000008 13.404741 -0.000001 -0.000009 0.073149
    7 10.398263 -5.760962 66.994675 3.097005 0.050653 3.139334
    8 -29.700292 48.757196 -718.522026 0.697614 -0.242890 -0.088979
    9 -0.000004 -0.000006 24.761459 -0.807842 0.093812 -0.093170
    10 -0.000007 0.000004 24.344891 1.276940 0.165744 0.015499
    11 -0.002360 -1.019903 24.031330 0.389594 -0.042695 -0.017219
    12 0.000000 -0.000002 13.404737 0.000001 0.000005 -0.008288
    13 -0.061540 -5.245835 72.927078 0.000000 0.000000 0.000000
    14 -6.748882 16.692677 720.561522 -0.000052 0.000021 -0.000063
    15 0.000000 -0.005608 -1.146812 0.000036 0.000028 -0.000046
    16 0.030770 -0.240000 8.906021 -0.004138 0.000000 0.000000
    17 -0.003883 0.797755 -0.008211 -0.122891 -0.000081 -0.000393
    18 0.030770 -0.276858 8.905140 0.056125 0.004134 -0.000049
    19 0.006547 0.207913 -0.005082 -0.113559 -0.000020 -0.000145
    20 5.669724 4.435303 14.302868 0.113617 -0.947224 3.230940
    21 -1.044571 -2.839317 19.743267 -0.845120 -0.045342 -0.029770
    22 2.655533 -1.533369 24.792658 -0.615715 0.055643 -1.271692
    23 1.120163 -0.154394 9.796035 -0.036606 -0.000824 -0.318578
    24 2.240311 -0.308786 19.592051 -0.141428 -0.071629 -0.623726
    25 0.683151 2.877354 14.167051 -0.207043 -0.125147 1.381491
    26 0.144936 -0.145374 7.579252 -1.606250 -0.244032 0.205017
    27 0.091660 -0.906685 4.702850 -0.707400 -0.112709 0.040820
    28 0.506271 8.500866 13.617253 0.058094 0.168722 1.336699
    29 -0.384987 -0.460049 7.003448 -1.173928 -0.449906 0.337218
    30 0.561516 -0.596954 5.061852 -1.007162 -0.338418 0.207060
    31 -2.452171 -8.899406 11.597897 -0.605372 -0.347962 1.078892
    32 0.680496 -0.903999 6.074253 -1.260533 0.139759 0.006979
    33 0.245514 -0.661150 3.388004 -0.649298 0.105760 -0.032846
    34 -0.717484 -3.784271 13.043911 -0.703354 -0.182732 1.369310
    35 1.099216 -1.407745 8.017889 -1.379816 0.021895 -0.004672
    36 0.068439 -0.807653 3.686054 -0.755015 0.010447 0.002628
    37 -4.004929 6.172707 4.754754 0.562451 0.993808 2.969935
    38 0.158352 -1.149811 5.804394 -0.235439 -0.193379 0.234256
    39 -1.083523 -1.463142 5.544399 -1.646739 -0.377054 0.249630
    40 -6.289886 0.932434 13.569063 -0.126803 0.612110 2.869610
    41 1.327774 -0.766687 12.396328 -0.094273 0.012179 -0.790110
    42 -0.096140 1.828087 23.185329 0.004097 -0.052026 -1.570683
    43 2.325478 -0.000003 6.169296 0.226238 0.033402 1.693978
    44 0.000000 -3.152912 0.122169 2.003089 0.000000 0.000000
    45 1.068383 -10.478592 7.066338 0.292219 -1.282324 -3.141588
    46 0.000000 0.000000 2.279457 0.547137 -0.343566 0.107833
    47 2.479414 -8.323895 6.074242 -0.008855 0.007342 1.561876
    48 0.000003 -5.075260 5.105362 0.000000 0.000000 0.000000
    49 -1.068383 -10.478611 7.065971 0.292219 1.282324 3.141588
    50 -0.000488 0.000015 2.279600 0.547136 0.343566 0.107835
    51 -2.479401 -8.323895 6.074234 0.008854 0.007354 1.579716
    52 -5.790000 4.432083 14.255558 -0.105766 0.973574 2.785925
    53 1.044540 -2.839314 19.743252 -0.396215 -0.293944 -0.032471
    54 -2.655510 -1.533379 24.792648 -0.723807 -0.041229 1.461953
    55 -1.120216 -0.154385 9.795983 -0.017059 -0.001073 0.148363
    56 -2.240372 -0.308788 19.592047 -0.058807 0.161733 0.294381
    57 -0.683205 2.877342 14.167089 -0.360319 0.204138 -1.418542
    58 -0.144958 -0.145317 7.579308 -1.531829 0.304425 -0.164149
    59 -0.038551 -0.936644 4.697678 -1.069431 0.213298 -0.100293
    60 -0.506317 8.500896 13.617329 -0.014349 -0.111594 -1.332770
    61 0.385056 -0.460075 7.003435 -1.277311 0.581544 -0.289028
    62 -0.456360 -0.710276 5.057732 -1.312846 0.547040 -0.361642
    63 2.452194 -8.899408 11.597939 -0.924652 0.433265 -1.159905
    64 -0.680515 -0.903999 6.074242 -1.414541 -0.169992 -0.006009
    65 -0.248295 -0.666843 3.386627 -0.805547 -0.121632 0.046267
    66 0.717491 -3.784309 13.044010 -0.880780 0.200015 -1.407656
    67 -1.099228 -1.407673 8.017876 -1.523670 -0.020112 0.011574
    68 -0.064053 -0.807640 3.686100 -0.580775 -0.003169 -0.007222
    69 4.004906 6.172710 4.754800 0.451826 -1.049921 -2.826224
    70 -0.158381 -1.149773 5.804405 -0.449994 0.117620 0.245087
    71 1.078559 -2.386406 5.215008 -1.262144 0.858164 -0.043419
    72 6.289963 0.932404 13.569109 -0.126801 -0.612098 -2.869612
    73 -1.327759 -0.766682 12.396324 -0.099985 -0.010501 0.838370
    74 0.000017 -54.999996 0.000000 0.000000 0.000000 -1.570796
  time 1
    0 0.000000 0.000000 -1.500000 0.000000 0.000000 0.000000
    1 -10.521344 -5.760963 66.994621 3.097005 -0.050653 -3.139334
    2 43.181377 48.750409 -717.837692 -0.389523 0.092286 -0.013143
    3 -0.000034 0.000012 24.761454 -0.000229 -0.000133 0.116989
    4 0.000017 0.000000 24.344809 0.909550 -0.161968 0.000511
    5 0.002333 -1.019846 24.031336 0.410828 -0.043261 0.016266
    6 0.000034 0.000008 13.404741 -0.000001 -0.000009 0.073149
    7 10.398263 -5.760962 66.994675 3.097005 0.050653 3.139334
    8 -29.700292 48.757196 -718.522026 0.697614 -0.242890 -0.088979
    9 -0.000004 -0.000006 24.761459 -0.807842 0.093812 -0.093170
    10 -0.000007 0.000004 24.344891 1.276940 0.165744 0.015499
    11 -0.002360 -1.019903 24.031330 0.389594 -0.042695 -0.017219
    12 0.000000 -0.000002 13.404737 0.000001 0.000005 -0.008288
    13 -0.061540 -5.245835 72.927078 0.000000 0.000000 0.000000
    14 -6.748882 16.692677 720.561522 -0.000052 0.000021 -0.000063
    15 0.000000 -0.005608 -1.146812 0.000036 0.000028 -0.000046
    16 0.030770 -0.240000 8.906021 -0.004138 0.000000 0.000000
    17 -0.003883 0.797755 -0.008211 -0.122891 -0.000081 -0.000393
    18 0.030770 -0.276858 8.905140 0.056125 0.004134 -0.000049
    19 0.006547 0.207913 -0.005082 -0.113559 -0.000020 -0.000145
    20 5.669724 4.435303 14.302868 0.113617 -0.947224 3.230940
    21 -1.044571 -2.839317 19.743267 -0.845120 -0.045342 -0.029770
    22 2.655533 -1.533369 24.792658 -0.615715 0.055643 -1.271692
    23 1.120163 -0.154394 9.796035 -0.036606 -0.000824 -0.318578
    24 2.240311 -0.308786 19.592051 -0.141428 -0.071629 -0.623726
    25 0.683151 2.877354 14.167051 -0.207043 -0.125147 1.381491
    26 0.144936 -0.145374 7.579252 -1.606250 -0.244032 0.205017
    27 0.091660 -0.906685 4.702850 -0.707400 -0.112709 0.040820
    28 0.506271 8.500866 13.617253 0.058094 0.168722 1.336699
    29 -0.384987 -0.460049 7.003448 -1.173928 -0.449906 0.337218
    30 0.561516 -0.596954 5.061852 -1.007162 -0.338418 0.207060
    31 -2.452171 -8.899406 11.597897 -0.605372 -0.347962 1.078892
    32 0.680496 -0.903999 6.074253 -1.260533 0.139759 0.006979
    33 0.245514 -0.661150 3.388004 -0.649298 0.105760 -0.032846
    34 -0.717484 -3.784271 13.043911 -0.703354 -0.182732 1.369310
    35 1.099216 -1.407745 8.017889 -1.379816 0.021895 -0.004672
    36 0.068439 -0.807653 3.686054 -0.755015 0.010447 0.002628
    37 -4.004929 6.172707 4.754754 0.562451 0.993808 2.969935
    38 0.158352 -1.149811 5.804394 -0.235439 -0.193379 0.234256
    39 -1.083523 -1.463142 5.544399 -1.646739 -0.377054 0.249630
    40 -6.289886 0.932434 13.569063 -0.126803 0.612110 2.869610
    41 1.327774 -0.766687 12.396328 -0.094273 0.012179 -0.790110
    42 -0.096140 1.828087 23.185329 0.004097 -0.052026 -1.570683
    43 2.325478 -0.000003 6.169296 0.226238 0.033402 1.693978
    44 0.000000 -3.152912 0.122169 2.003089 0.000000 0.000000
    45 1.068383 -10.478592 7.066338 0.292219 -1.282324 -3.141588
    46 0.000000 0.000000 2.279457 0.547137 -0.343566 0.107833
    47 2.479414 -8.323895 6.074242 -0.008855 0.007342 1.561876
    48 0.000003 -5.075260 5.105362 0.000000 0.000000 0.000000
    49 -1.068383 -10.478611 7.065971 0.292219 1.282324 3.141588
    50 -0.000488 0.000015 2.279600 0.547136 0.343566 0.107835
    51 -2.479401 -8.323895 6.074234 0.008854 0.007354 1.579716
    52 -5.790000 4.432083 14.255558 -0.105766 0.973574 2.785925
    53 1.044540 -2.839314 19.743252 -0.396215 -0.293944 -0.032471
    54 -2.655510 -1.533379 24.792648 -0.723807 -0.041229 1.461953
    55 -1.120216 -0.154385 9.795983 -0.017059 -0.001073 0.148363
    56 -2.240372 -0.308788 19.592047 -0.058807 0.161733 0.294381
    57 -0.683205 2.877342 14.167089 -0.360319 0.204138 -1.418542
    58 -0.144958 -0.145317 7.579308 -1.531829 0.304425 -0.164149
    59 -0.038551 -0.936644 4.697678 -1.069431 0.213298 -0.100293
    60 -0.506317 8.500896 13.617329 -0.014349 -0.111594 -1.332770
    61 0.385056 -0.460075 7.003435 -1.277311 0.581544 -0.289028
    62 -0.456360 -0.710276 5.057732 -1.312846 0.547040 -0.361642
    63 2.452194 -8.899408 11.597939 -0.924652 0.433265 -1.159905
    64 -0.680515 -0.903999 6.074242 -1.414541 -0.169992 -0.006009
    65 -0.248295 -0.666843 3.386627 -0.805547 -0.121632 0.046267
    66 0.717491 -3.784309 13.044010 -0.880780 0.200015 -1.407656
    67 -1.099228 -1.407673 8.017876 -1.523670 -0.020112 0.011574
    68 -0.064053 -0.807640 3.686100 -0.580775 -0.003169 -0.007222
    69 4.004906 6.172710 4.754800 0.451826 -1.049921 -2.826224
    70 -0.158381 -1.149773 5.804405 -0.449994 0.117620 0.245087
    71 1.078559 -2.386406 5.215008 -1.262144 0.858164 -0.043419
    72 6.289963 0.932404 13.569109 -0.126801 -0.612098 -2.869612
    73 -1.327759 -0.766682 12.396324 -0.099985 -0.010501 0.838370
    74 0.000017 -54.999996 0.000000 0.000000 0.000000 -1.570796
  time 2
    0 0.000000 0.000000 -1.500000 0.000000 0.000000 0.000000
    1 -10.521344 -5.760963 66.994621 3.097005 -0.050653 -3.139334
    2 40.165660 45.361959 -658.345389 -0.376406 0.085383 -0.011657
    3 -0.000034 0.000012 24.761454 -0.000229 -0.000133 0.139954
    4 0.000017 0.000000 24.344809 0.818066 -0.150379 0.002758
    5 0.002333 -1.019846 24.031336 0.485720 -0.057343 0.012599
    6 0.000034 0.000008 13.404741 -0.000001 -0.000009 0.084286
    7 10.398263 -5.760962 66.994675 3.097005 0.050653 3.139334
    8 -26.684574 45.360087 -659.017013 0.521278 -0.213845 -0.060098
    9 -0.000004 -0.000006 24.761459 -0.451899 0.052561 -0.095288
    10 -0.000007 0.000004 24.344891 1.067122 0.176410 0.001039
    11 -0.002360 -1.019903 24.031330 0.389594 -0.042695 -0.017219
    12 0.000000 -0.000002 13.404737 0.000001 0.000005 -0.023145
    13 -0.061540 -5.245835 72.927078 0.000000 0.000000 0.000000
    14 -6.744976 15.958999 660.921701 -0.000052 0.000021 -0.000063
    15 0.000000 -0.005608 -1.146812 0.000036 0.000028 -0.000046
    16 0.030770 -0.240000 8.906021 -0.004138 0.000000 0.000000
    17 -0.003883 0.797755 -0.008211 -0.122891 -0.000081 -0.000393
    18 0.030770 -0.276858 8.905140 0.056125 0.004134 -0.000049
    19 0.006547 0.207913 -0.001176 -0.113559 -0.000020 -0.000145
    20 5.669724 4.435303 14.302868 0.113617 -0.947224 3.230940
    21 -1.044571 -2.839317 19.743267 -0.845120 -0.045342 -0.029770
    22 2.655533 -1.533369 24.792658 -0.615715 0.055643 -1.271692
    23 1.120163 -0.154394 9.796035 -0.036606 -0.000824 -0.318578
    24 2.240311 -0.308786 19.592051 -0.141428 -0.071629 -0.623726
    25 0.683151 2.877354 14.167051 -0.207043 -0.125147 1.381491
    26 0.144936 -0.145374 7.579252 -1.606250 -0.244032 0.205017
    27 0.091660 -0.906685 4.702850 -0.707400 -0.112709 0.040820
    28 0.506271 8.500866 13.617253 0.058094 0.168722 1.336699
    29 -0.384987 -0.460049 7.003448 -1.173928 -0.449906 0.337218
    30 0.561516 -0.596954 5.061852 -1.007162 -0.338418 0.207060
    31 -2.452171 -8.899406 11.597897 -0.605372 -0.347962 1.078892
    32 0.680496 -0.903999 6.074253 -1.260533 0.139759 0.006979
    33 0.245514 -0.661150 3.388004 -0.649298 0.105760 -0.032846
    34 -0.717484 -3.784271 13.043911 -0.703354 -0.182732 1.369310
    35 1.099216 -1.407745 8.017889 -1.379816 0.021895 -0.004672
    36 0.068439 -0.807653 3.686054 -0.755015 0.010447 0.002628
    37 -4.004929 6.172707 4.754754 0.562451 0.993808 2.969935
    38 0.158352 -1.149811 5.804394 -0.235439 -0.193379 0.234256
    39 -1.083523 -1.463142 5.544399 -1.646739 -0.377054 0.249630
    40 -6.289886 0.932434 13.569063 -0.126803 0.612110 2.869610
    41 1.327774 -0.766687 12.396328 -0.094273 0.012179 -0.790110
    42 -0.096140 1.828087 23.185329 0.004097 -0.052026 -1.570683
    43 2.325478 -0.000003 6.169296 0.226238 0.033402 1.693978
    44 0.000000 -3.152912 0.122169 2.003089 0.000000 0.000000
    45 1.068383 -10.478592 7.066338 0.292219 -1.282324 -3.141588
    46 0.000000 0.000000 2.279457 0.547137 -0.343566 0.107833
    47 2.479414 -8.323895 6.074242 -0.008855 0.007342 1.561876
    48 0.000003 -5.075260 5.105362 0.000000 0.000000 0.000000
    49 -1.068383 -10.478611 7.065971 0.292219 1.282324 3.141588
    50 -0.000488 0.000015 2.279600 0.547136 0.343566 0.107835
    51 -2.479401 -8.323895 6.074234 0.008854 0.007354 1.579716
    52 -5.790000 4.432083 14.255558 -0.105766 0.973574 2.785925
    53 1.044540 -2.839314 19.743252 -0.396215 -0.293944 -0.032471
    54 -2.655510 -1.533379 24.792648 -0.723807 -0.041229 1.461953
    55 -1.120216 -0.154385 9.795983 -0.017059 -0.001073 0.148363
    56 -2.240372 -0.308788 19.592047 -0.058807 0.161733 0.294381
    57 -0.683205 2.877342 14.167089 -0.360319 0.204138 -1.418542
    58 -0.144958 -0.145317 7.579308 -1.531829 0.304425 -0.164149
    59 -0.038551 -0.936644 4.697678 -1.069431 0.213298 -0.100293
    60 -0.506317 8.500896 13.617329 -0.014349 -0.111594 -1.332770
    61 0.385056 -0.460075 7.003435 -1.277311 0.581544 -0.289028
    62 -0.456360 -0.710276 5.057732 -1.312846 0.547040 -0.361642
    63 2.452194 -8.899408 11.597939 -0.924652 0.433265 -1.159905
    64 -0.680515 -0.903999 6.074242 -1.414541 -0.169992 -0.006009
    65 -0.248295 -0.666843 3.386627 -0.805547 -0.121632 0.046267
    66 0.717491 -3.784309 13.044010 -0.880780 0.200015 -1.407656
    67 -1.099228 -1.407673 8.017876 -1.523670 -0.020112 0.011574
    68 -0.064053 -0.807640 3.686100 -0.580775 -0.003169 -0.007222
    69 4.004906 6.172710 4.754800 0.451826 -1.049921 -2.826224
    70 -0.158381 -1.149773 5.804405 -0.449994 0.117620 0.245087
    71 1.078559 -2.386406 5.215008 -1.262144 0.858164 -0.043419
    72 6.289963 0.932404 13.569109 -0.126801 -0.612098 -2.869612
    73 -1.327759 -0.766682 12.396324 -0.099985 -0.010501 0.838370
    74 0.000017 -54.999996 0.000000 0.000000 0.000000 -1.570796
  time 3
    0 0.000000 0.000000 -1.500000 0.000000 0.000000 0.000000
    1 -10.521344 -5.760963 66.994621 3.097005 -0.050653 -3.139334
    2 35.669429 40.328393 -569.768458 -0.365201 0.078619 -0.010347
    3 -0.000034 0.000012 24.761454 -0.000229 -0.000133 0.170493
    4 0.000017 0.000000 24.344809 0.723007 -0.141144 0.001051
    5 0.002333 -1.019846 24.031336 0.553444 -0.069759 0.010346
    6 0.000034 0.000008 13.404741 -0.000001 -0.000009 0.099495
    7 10.398263 -5.760962 66.994675 3.097005 0.050653 3.139334
    8 -22.188344 40.326871 -570.445139 0.302629 -0.165230 -0.029567
    9 -0.000004 -0.000006 24.761459 -0.000260 0.000128 -0.097548
    10 -0.000007 0.000004 24.344891 0.731194 0.177121 -0.050226
    11 -0.002360 -1.019903 24.031330 0.406140 -0.027702 -0.017495
    12 0.000000 -0.000002 13.404737 0.000001 0.000005 -0.039891
    13 -0.061540 -5.245835 72.927078 0.000000 0.000000 0.000000
    14 -6.744976 14.875949 572.104107 -0.000052 0.000021 -0.000063
    15 0.000000 -0.005608 -1.146812 0.000036 0.000028 -0.000046
    16 0.030770 -0.240000 8.906021 -0.004138 0.000000 0.000000
    17 -0.003883 0.797755 -0.008211 -0.122891 -0.000081 -0.000393
    18 0.030770 -0.276858 8.905140 0.056125 0.004134 -0.000049
    19 0.002641 0.211820 -0.001176 -0.113559 -0.000020 -0.000145
    20 5.669724 4.435303 14.302868 0.113617 -0.947224 3.230940
    21 -1.044571 -2.839317 19.743267 -0.845120 -0.045342 -0.029770
    22 2.655533 -1.533369 24.792658 -0.615715 0.055643 -1.271692
    23 1.120163 -0.154394 9.796035 -0.036606 -0.000824 -0.318578
    24 2.240311 -0.308786 19.592051 -0.141428 -0.071629 -0.623726
    25 0.683151 2.877354 14.167051 -0.207043 -0.125147 1.381491
    26 0.144936 -0.145374 7.579252 -1.606250 -0.244032 0.205005
    27 0.091660 -0.906685 4.702850 -0.707400 -0.112709 0.040820
    28 0.506271 8.500866 13.617253 0.058094 0.168722 1.336699
    29 -0.384987 -0.460049 7.003448 -1.173928 -0.449906 0.337218
    30 0.561516 -0.596954 5.061852 -1.007162 -0.338418 0.207060
    31 -2.452171 -8.899406 11.597897 -0.605372 -0.347962 1.078892
    32 0.680496 -0.903999 6.074253 -1.260533 0.139759 0.006979
    33 0.245514 -0.661150 3.388004 -0.649298 0.105760 -0.032846
    34 -0.717484 -3.784271 13.043911 -0.703354 -0.182732 1.369310
    35 1.099216 -1.407745 8.017889 -1.379816 0.021895 -0.004672
    36 0.068439 -0.807653 3.686054 -0.755015 0.010447 0.002628
    37 -4.004929 6.172707 4.754754 0.562451 0.993808 2.969935
    38 0.158352 -1.149811 5.804394 -0.235439 -0.193379 0.234256
    39 -1.083523 -1.463142 5.544399 -1.646739 -0.377054 0.249630
    40 -6.289886 0.932434 13.569063 -0.126803 0.612110 2.869610
    41 1.327774 -0.766687 12.396328 -0.094273 0.012179 -0.790110
    42 -0.096140 1.828087 23.185329 0.004097 -0.052026 -1.570683
    43 2.325478 -0.000003 6.169296 0.226238 0.033402 1.693978
    44 0.000000 -3.152912 0.122169 2.003089 0.000000 0.000000
    45 1.068383 -10.478592 7.066338 0.292219 -1.282324 -3.141588
    46 0.000000 0.000000 2.279457 0.547137 -0.343566 0.107833
    47 2.479414 -8.323895 6.074242 -0.008855 0.007342 1.561876
    48 0.000003 -5.075260 5.105362 0.000000 0.000000 0.000000
    49 -1.068383 -10.478611 7.065971 0.292219 1.282324 3.141588
    50 -0.000488 0.000015 2.279600 0.547136 0.343566 0.107835
    51 -2.479401 -8.323895 6.074234 0.008854 0.007354 1.579716
    52 -5.790000 4.432083 14.255558 -0.105766 0.973574 2.785925
    53 1.044540 -2.839314 19.743252 -0.396215 -0.293944 -0.032471
    54 -2.655510 -1.533379 24.792648 -0.723807 -0.041229 1.461953
    55 -1.120216 -0.154385 9.795983 -0.017059 -0.001073 0.148363
    56 -2.240372 -0.308788 19.592047 -0.058807 0.161733 0.294381
    57 -0.683205 2.877342 14.167089 -0.360319 0.204138 -1.418542
    58 -0.144958 -0.145317 7.579308 -1.531829 0.304425 -0.164149
    59 -0.038551 -0.936644 4.697678 -1.069431 0.213298 -0.100293
    60 -0.506317 8.500896 13.617329 -0.014349 -0.111594 -1.332770
    61 0.385056 -0.460075 7.003435 -1.277311 0.581544 -0.289028
    62 -0.456360 -0.710276 5.057732 -1.312846 0.547040 -0.361642
    63 2.452194 -8.899408 11.597939 -0.924652 0.433265 -1.159905
    64 -0.680515 -0.903999 6.074242 -1.414541 -0.169992 -0.006009
    65 -0.248295 -0.666843 3.386627 -0.805547 -0.121632 0.046267
    66 0.717491 -3.784309 13.044010 -0.880780 0.200015 -1.407656
    67 -1.099228 -1.407673 8.017876 -1.523670 -0.020112 0.011574
    68 -0.064053 -0.807640 3.686100 -0.580775 -0.003169 -0.007222
    69 4.004906 6.172710 4.754800 0.451826 -1.049921 -2.826224
    70 -0.158381 -1.149773 5.804405 -0.449994 0.117620 0.245087
    71 1.078559 -2.386406 5.215008 -1.262144 0.858164 -0.043419
    72 6.289963 0.932404 13.569109 -0.126801 -0.612098 -2.869612
    73 -1.327759 -0.766682 12.396324 -0.099985 -0.010501 0.838370
    74 0.000017 -54.999996 0.000000 0.000000 0.000000 -1.570796
  time 4
    0 0.000000 0.000000 -1.500000 0.000000 0.000000 0.000000
    1 -10.521344 -5.760963 66.994621 3.097005 -0.050653 -3.139334
    2 30.138010 34.165343 -460.717922 -0.362195 0.074862 -0.009779
    3 -0.000034 0.000012 24.761454 -0.000229 -0.000133 0.202905
    4 0.000017 0.000000 24.344809 0.652852 -0.140329 -0.004372
    5 0.002333 -1.019846 24.031336 0.607093 -0.079335 0.010286
    6 0.000034 0.000008 13.404741 -0.000001 -0.000009 0.116116
    7 10.398263 -5.760962 66.994675 3.097005 0.050653 3.139334
    8 -16.656925 34.169611 -461.393828 0.312866 -0.157767 -0.029072
    9 -0.000004 -0.000006 24.761459 -0.000260 0.000128 -0.097333
    10 -0.000007 0.000004 24.344891 0.609730 0.153945 -0.061450
    11 -0.002360 -1.019903 24.031330 0.402268 -0.014651 -0.018010
    12 0.000000 -0.000002 13.404737 0.000001 0.000005 -0.040170
    13 -0.061540 -5.245835 72.927078 0.000000 0.000000 0.000000
    14 -6.744976 13.583277 462.738149 -0.000052 0.000021 -0.000063
    15 0.000000 -0.005608 -1.146812 0.000036 0.000028 -0.000046
    16 0.030770 -0.240000 8.906021 -0.004138 0.000000 0.000000
    17 -0.003883 0.793849 -0.008211 -0.122891 -0.000081 -0.000393
    18 0.030770 -0.276858 8.905140 0.056125 0.004134 -0.000049
    19 0.002641 0.207913 0.002731 -0.113559 -0.000020 -0.000145
    20 5.669724 4.435303 14.302868 0.113617 -0.947224 3.230940
    21 -1.044571 -2.839317 19.743267 -0.845120 -0.045342 -0.029770
    22 2.655533 -1.533369 24.792658 -0.615715 0.055643 -1.271692
    23 1.120163 -0.154394 9.796035 -0.036606 -0.000824 -0.318578
    24 2.240311 -0.308786 19.592051 -0.141428 -0.071629 -0.623726
    25 0.683151 2.877354 14.167051 -0.207043 -0.125147 1.381491
    26 0.144936 -0.145374 7.579252 -1.606250 -0.244032 0.205017
    27 0.091660 -0.906685 4.702850 -0.707400 -0.112709 0.040820
    28 0.506271 8.500866 13.617253 0.058094 0.168722 1.336699
    29 -0.384987 -0.460049 7.003448 -1.173928 -0.449906 0.337218
    30 0.561516 -0.596954 5.061852 -1.007162 -0.338418 0.207060
    31 -2.452171 -8.899406 11.597897 -0.605372 -0.347962 1.078892
    32 0.680496 -0.903999 6.074253 -1.260533 0.139759 0.006979
    33 0.245514 -0.661150 3.388004 -0.649298 0.105760 -0.032846
    34 -0.717484 -3.784271 13.043911 -0.703354 -0.182732 1.369310
    35 1.099216 -1.407745 8.017889 -1.379816 0.021895 -0.004672
    36 0.068439 -0.807653 3.686054 -0.755015 0.010447 0.002628
    37 -4.004929 6.172707 4.754754 0.562451 0.993808 2.969935
    38 0.158352 -1.149811 5.804394 -0.235439 -0.193379 0.234256
    39 -1.083523 -1.463142 5.544399 -1.646739 -0.377054 0.249630
    40 -6.289886 0.932434 13.569063 -0.126803 0.612110 2.869610
    41 1.327774 -0.766687 12.396328 -0.094273 0.012179 -0.790110
    42 -0.096140 1.828087 23.185329 0.004097 -0.052026 -1.570683
    43 2.325478 -0.000003 6.169296 0.226238 0.033402 1.693978
    44 0.000000 -3.152912 0.122169 2.003073 0.000000 0.000000
    45 1.068383 -10.478592 7.066338 0.292219 -1.282324 -3.141588
    46 0.000000 0.000000 2.279457 0.547137 -0.343566 0.107833
    47 2.479414 -8.323895 6.074242 -0.008855 0.007342 1.561876
    48 0.000003 -5.075260 5.105362 0.000000 0.000000 0.000000
    49 -1.068383 -10.478611 7.065971 0.292219 1.282324 3.141588
    50 -0.000488 0.000015 2.279600 0.547136 0.343566 0.107835
    51 -2.479401 -8.323895 6.074234 0.008854 0.007354 1.579716
    52 -5.790000 4.432083 14.255558 -0.105766 0.973574 2.785925
    53 1.044540 -2.839314 19.743252 -0.396215 -0.293944 -0.032471
    54 -2.655510 -1.533379 24.792648 -0.723807 -0.041229 1.461953
    55 -1.120216 -0.154385 9.795983 -0.017059 -0.001073 0.148363
    56 -2.240372 -0.308788 19.592047 -0.058807 0.161733 0.294381
    57 -0.683205 2.877342 14.167089 -0.360319 0.204138 -1.418542
    58 -0.144958 -0.145317 7.579308 -1.531829 0.304425 -0.164149
    59 -0.038551 -0.936644 4.697678 -1.069431 0.213298 -0.100293
    60 -0.506317 8.500896 13.617329 -0.014349 -0.111594 -1.332770
    61 0.385056 -0.460075 7.003435 -1.277311 0.581544 -0.289028
    62 -0.456360 -0.710276 5.057732 -1.312846 0.547040 -0.361642
    63 2.452194 -8.899408 11.597939 -0.924652 0.433265 -1.159905
    64 -0.680515 -0.903999 6.074242 -1.414541 -0.169992 -0.006009
    65 -0.248295 -0.666843 3.386627 -0.805547 -0.121632 0.046267
    66 0.717491 -3.784309 13.044010 -0.880780 0.200015 -1.407656
    67 -1.099228 -1.407673 8.017876 -1.523670 -0.020112 0.011574
    68 -0.064053 -0.807640 3.686100 -0.580775 -0.003169 -0.007222
    69 4.004906 6.172710 4.754800 0.451751 -1.049921 -2.826224
    70 -0.158381 -1.149773 5.804405 -0.449994 0.117620 0.245087
    71 1.078559 -2.386406 5.215008 -1.262144 0.858164 -0.043419
    72 6.289963 0.932404 13.569109 -0.126801 -0.612098 -2.869612
    73 -1.327759 -0.766682 12.396324 -0.099985 -0.010501 0.838370
    74 0.000017 -54.999996 0.000000 0.000000 0.000000 -1.570796
  time 5
    0 0.000000 0.000000 -1.500000 0.000000 0.000000 0.000000
    1 -10.521344 -5.760963 66.994621 3.097005 -0.050653 -3.139334
    2 24.001104 27.400721 -339.804805 -0.371555 0.075697 -0.010303
    3 -0.000034 0.000012 24.761454 -0.000229 -0.000133 0.231529
    4 0.000017 0.000000 24.344809 0.622090 -0.151443 -0.011891
    5 0.002333 -1.019846 24.031336 0.662833 -0.087053 0.010502
    6 0.000034 0.000008 13.404741 -0.000001 -0.000009 0.131683
    7 10.398263 -5.760962 66.994675 3.097005 0.050653 3.139334
    8 -10.516112 27.400372 -340.472987 0.326601 -0.155463 -0.029732
    9 -0.000004 -0.000006 24.761459 -0.000260 0.000128 -0.098446
    10 -0.000007 0.000004 24.344891 0.526990 0.141502 -0.065191
    11 -0.002360 -1.019903 24.031330 0.384155 -0.010457 -0.018430
    12 0.000000 -0.000002 13.404737 0.000001 0.000005 -0.040664
    13 -0.061540 -5.245835 72.927078 0.000000 0.000000 0.000000
    14 -6.744976 12.209085 341.475771 -0.000052 0.000021 -0.000063
    15 0.000000 -0.005608 -1.146812 0.000036 0.000028 -0.000046
    16 0.030770 -0.240000 8.906021 -0.004138 0.000000 0.000000
    17 -0.003883 0.797755 -0.008211 -0.122891 -0.000081 -0.000393
    18 0.030770 -0.276858 8.905140 0.056125 0.004134 -0.000049
    19 0.002641 0.207913 -0.001176 -0.113559 -0.000020 -0.000145
    20 5.669724 4.435303 14.302868 0.113617 -0.947224 3.230940
    21 -1.044571 -2.839317 19.743267 -0.845120 -0.045342 -0.029770
    22 2.655533 -1.533369 24.792658 -0.615715 0.055643 -1.271692
    23 1.120163 -0.154394 9.796035 -0.036606 -0.000824 -0.318578
    24 2.240311 -0.308786 19.592051 -0.141428 -0.071629 -0.623726
    25 0.683151 2.877354 14.167051 -0.207043 -0.125147 1.381491
    26 0.144936 -0.145374 7.579252 -1.606250 -0.244032 0.205017
    27 0.091660 -0.906685 4.702850 -0.707400 -0.112709 0.040820
    28 0.506271 8.500866 13.617253 0.058094 0.168722 1.336699
    29 -0.384987 -0.460049 7.003448 -1.173928 -0.449906 0.337218
    30 0.561516 -0.596954 5.061852 -1.007162 -0.338418 0.207048
    31 -2.452171 -8.899406 11.597897 -0.605372 -0.347962 1.078892
    32 0.680496 -0.903999 6.074253 -1.260533 0.139759 0.006979
    33 0.245514 -0.661150 3.388004 -0.649298 0.105760 -0.032846
    34 -0.717484 -3.784271 13.043911 -0.703354 -0.182732 1.369310
    35 1.099216 -1.407745 8.017889 -1.379816 0.021895 -0.004672
    36 0.068439 -0.807653 3.686054 -0.755015 0.010447 0.002628
    37 -4.004929 6.172707 4.754754 0.562451 0.993808 2.969935
    38 0.158352 -1.149811 5.804394 -0.235439 -0.193379 0.234256
    39 -1.083523 -1.463142 5.544399 -1.646739 -0.377054 0.249630
    40 -6.289886 0.932434 13.569063 -0.126803 0.612110 2.869610
    41 1.327774 -0.766687 12.396328 -0.094273 0.012179 -0.790110
    42 -0.096140 1.828087 23.185329 0.004097 -0.052026 -1.570683
    43 2.325478 -0.000003 6.169296 0.226238 0.033402 1.693978
    44 0.000000 -3.152912 0.122169 2.003073 0.000000 0.000000
    45 1.068383 -10.478592 7.066338 0.292219 -1.282324 -3.141588
    46 0.000000 0.000000 2.279457 0.547137 -0.343566 0.107833
    47 2.479414 -8.323895 6.074242 -0.008855 0.007342 1.561876
    48 0.000003 -5.075260 5.105362 0.000000 0.000000 0.000000
    49 -1.068383 -10.478611 7.065971 0.292219 1.282324 3.141588
    50 -0.000488 0.000015 2.279600 0.547136 0.343566 0.107835
    51 -2.479401 -8.323895 6.074234 0.008854 0.007354 1.579716
    52 -5.790000 4.432083 14.255558 -0.105766 0.973574 2.785925
    53 1.044540 -2.839314 19.743252 -0.396215 -0.293944 -0.032471
    54 -2.655510 -1.533379 24.792648 -0.723807 -0.041229 1.461953
    55 -1.120216 -0.154385 9.795983 -0.017059 -0.001073 0.148363
    56 -2.240372 -0.308788 19.592047 -0.058807 0.161733 0.294381
    57 -0.683205 2.877342 14.167089 -0.360319 0.204138 -1.418542
    58 -0.144958 -0.145317 7.579308 -1.531829 0.304425 -0.164149
    59 -0.038551 -0.936644 4.697678 -1.069431 0.213298 -0.100293
    60 -0.506317 8.500896 13.617329 -0.014349 -0.111594 -1.332770
    61 0.385056 -0.460075 7.003435 -1.277311 0.581544 -0.289028
    62 -0.456360 -0.710276 5.057732 -1.312846 0.547040 -0.361642
    63 2.452194 -8.899408 11.597939 -0.924652 0.433265 -1.159905
    64 -0.680515 -0.903999 6.074242 -1.414541 -0.169992 -0.006009
    65 -0.248295 -0.666843 3.386627 -0.805547 -0.121632 0.046267
    66 0.717491 -3.784309 13.044010 -0.880780 0.200015 -1.407656
    67 -1.099228 -1.407673 8.017876 -1.523670 -0.020112 0.011574
    68 -0.064053 -0.807640 3.686100 -0.580775 -0.003169 -0.007222
    69 4.004906 6.172710 4.754800 0.451826 -1.049921 -2.826224
    70 -0.158381 -1.149773 5.804405 -0.449994 0.117620 0.245087
    71 1.078559 -2.386406 5.215008 -1.262144 0.858164 -0.043419
    72 6.289963 0.932404 13.569109 -0.126801 -0.612098 -2.869612
    73 -1.327759 -0.766682 12.396324 -0.099985 -0.010501 0.838370
    74 0.000017 -54.999996 0.000000 0.000000 0.000000 -1.570796
  time 6
    0 0.000000 0.000000 -1.500000 0.000000 0.000000 0.000000
    1 -10.521344 -5.760963 66.994621 3.097005 -0.050653 -3.139334
    2 17.700130 20.537883 -215.662554 -0.397653 0.082489 -0.012269
    3 -0.000034 0.000012 24.761454 -0.000229 -0.000133 0.250789
    4 0.000017 0.000000 24.344809 0.644838 -0.178628 -0.021722
    5 0.002333 -1.019846 24.031336 0.741757 -0.091092 0.007110
    6 0.000034 0.000008 13.404741 -0.000001 -0.000009 0.143791
    7 10.398263 -5.760962 66.994675 3.097005 0.050653 3.139334
    8 -4.215139 20.543707 -216.337482 0.345796 -0.160438 -0.032125
    9 -0.000004 -0.000006 24.761459 -0.000205 0.000128 -0.101496
    10 -0.000007 0.000004 24.344891 0.486588 0.143257 -0.063467
    11 -0.002360 -1.019903 24.031330 0.372817 -0.010948 -0.018154
    12 0.000000 -0.000002 13.404737 0.000001 0.000005 -0.041394
    13 -0.061540 -5.245835 72.927078 0.000000 0.000000 0.000000
    14 -6.744976 10.893122 216.968914 -0.000052 0.000021 -0.000063
    15 0.000000 -0.005608 -1.146812 0.000036 0.000028 -0.000046
    16 0.030770 -0.240000 8.906021 -0.004138 0.000000 0.000000
    17 -0.003883 0.797755 -0.008211 -0.122891 -0.000081 -0.000393
    18 0.030770 -0.276858 8.905140 0.056125 0.004134 -0.000049
    19 0.006547 0.211820 -0.001176 -0.113559 -0.000020 -0.000145
    20 5.669724 4.435303 14.302868 0.113617 -0.947224 3.230940
    21 -1.044571 -2.839317 19.743267 -0.845120 -0.045342 -0.029770
    22 2.655533 -1.533369 24.792658 -0.615715 0.055643 -1.271692
    23 1.120163 -0.154394 9.796035 -0.036606 -0.000824 -0.318578
    24 2.240311 -0.308786 19.592051 -0.141428 -0.071629 -0.623726
    25 0.683151 2.877354 14.167051 -0.207043 -0.125147 1.381491
    26 0.144936 -0.145374 7.579252 -1.606250 -0.244032 0.205017
    27 0.091660 -0.906685 4.702850 -0.707400 -0.112709 0.040820
    28 0.506271 8.500866 13.617253 0.058094 0.168722 1.336699
    29 -0.384987 -0.460049 7.003448 -1.173928 -0.449906 0.337218
    30 0.561516 -0.596954 5.061852 -1.007162 -0.338418 0.207048
    31 -2.452171 -8.899406 11.597897 -0.605372 -0.347962 1.078892
    32 0.680496 -0.903999 6.074253 -1.260533 0.139759 0.006979
    33 0.245514 -0.661150 3.388004 -0.649298 0.105760 -0.032846
    34 -0.717484 -3.784271 13.043911 -0.703354 -0.182732 1.369310
    35 1.099216 -1.407745 8.017889 -1.379816 0.021895 -0.004672
    36 0.068439 -0.807653 3.686054 -0.755015 0.010447 0.002628
    37 -4.004929 6.172707 4.754754 0.562451 0.993808 2.969935
    38 0.158352 -1.149811 5.804394 -0.235439 -0.193379 0.234256
    39 -1.083523 -1.463142 5.544399 -1.646739 -0.377054 0.249630
    40 -6.289886 0.932434 13.569063 -0.126803 0.612110 2.869610
    41 1.327774 -0.766687 12.396328 -0.094273 0.012179 -0.790110
    42 -0.096140 1.828087 23.185329 0.004097 -0.052026 -1.570683
    43 2.325478 -0.000003 6.169296 0.226238 0.033402 1.693978
    44 0.000000 -3.152912 0.122169 2.003089 0.000000 0.000000
    45 1.068383 -10.478592 7.066338 0.292219 -1.282324 -3.141588
    46 0.000000 0.000000 2.279457 0.547137 -0.343566 0.107833
    47 2.479414 -8.323895 6.074242 -0.008855 0.007342 1.561876
    48 0.000003 -5.075260 5.105362 0.000000 0.000000 0.000000
    49 -1.068383 -10.478611 7.065971 0.292219 1.282324 3.141588
    50 -0.000488 0.000015 2.279600 0.547136 0.343566 0.107835
    51 -2.479401 -8.323895 6.074234 0.008854 0.007354 1.579716
    52 -5.790000 4.432083 14.255558 -0.105766 0.973574 2.785925
    53 1.044540 -2.839314 19.743252 -0.396215 -0.293944 -0.032471
    54 -2.655510 -1.533379 24.792648 -0.723807 -0.041229 1.461953
    55 -1.120216 -0.154385 9.795983 -0.017059 -0.001073 0.148363
    56 -2.240372 -0.308788 19.592047 -0.058807 0.161733 0.294381
    57 -0.683205 2.877342 14.167089 -0.360319 0.204138 -1.418542
    58 -0.144958 -0.145317 7.579308 -1.531829 0.304425 -0.164149
    59 -0.038551 -0.936644 4.697678 -1.069431 0.213298 -0.100293
    60 -0.506317 8.500896 13.617329 -0.014349 -0.111594 -1.332770
    61 0.385056 -0.460075 7.003435 -1.277311 0.581544 -0.289028
    62 -0.456360 -0.710276 5.057732 -1.312846 0.547040 -0.361642
    63 2.452194 -8.899408 11.597939 -0.924652 0.433265 -1.159905
    64 -0.680515 -0.903999 6.074242 -1.414541 -0.169992 -0.006009
    65 -0.248295 -0.666843 3.386627 -0.805547 -0.121632 0.046267
    66 0.717491 -3.784309 13.044010 -0.880780 0.200015 -1.407656
    67 -1.099228 -1.407673 8.017876 -1.523670 -0.020112 0.011574
    68 -0.064053 -0.807640 3.686100 -0.580775 -0.003169 -0.007222
    69 4.004906 6.172710 4.754800 0.451826 -1.049921 -2.826224
    70 -0.158381 -1.149773 5.804405 -0.449994 0.117620 0.245087
    71 1.078559 -2.386406 5.215008 -1.262144 0.858164 -0.043419
    72 6.289963 0.932404 13.569109 -0.126801 -0.612098 -2.869612
    73 -1.327759 -0.766682 12.396324 -0.099985 -0.010501 0.838370
    74 0.000017 -54.999996 0.000000 0.000000 0.000000 -1.570796
  time 7
    0 0.000000 0.000000 -1.500000 0.000000 0.000000 0.000000
    1 -10.521344 -5.760963 66.994621 3.097005 -0.050653 -3.139334
    2 11.668696 14.092463 -96.857343 -0.448551 0.097213 -0.016813
    3 -0.000034 0.000012 24.761454 -0.000229 -0.000133 0.254087
    4 0.000017 0.000000 24.344809 0.756789 -0.231254 -0.041794
    5 0.002333 -1.019846 24.031336 0.852378 -0.078951 -0.002681
    6 0.000034 0.000008 13.404741 -0.000001 -0.000009 0.149992
    7 10.398263 -5.760962 66.994675 3.097005 0.050653 3.139334
    8 1.804576 14.086702 -97.552258 0.374545 -0.176606 -0.037571
    9 -0.000004 -0.000006 24.761459 -0.000260 0.000128 -0.108028
    10 -0.000007 0.000004 24.344891 0.497238 0.167655 -0.054619
    11 -0.002360 -1.019903 24.031330 0.379016 -0.019025 -0.017051
    12 0.000000 -0.000002 13.404737 0.000001 0.000005 -0.042639
    13 -0.061540 -5.245835 72.927078 0.000000 0.000000 0.000000
    14 -6.748882 9.740198 97.869522 -0.000052 0.000021 -0.000063
    15 0.000000 -0.005608 -1.146812 0.000036 0.000028 -0.000046
    16 0.030770 -0.240000 8.906021 -0.004138 0.000000 0.000000
    17 -0.003883 0.793849 -0.012117 -0.122891 -0.000081 -0.000393
    18 0.030770 -0.276858 8.905140 0.056125 0.004134 -0.000049
    19 0.002641 0.211820 0.002731 -0.113559 -0.000020 -0.000145
    20 5.669724 4.435303 14.302868 0.113617 -0.947224 3.230940
    21 -1.044571 -2.839317 19.743267 -0.845120 -0.045342 -0.029770
    22 2.655533 -1.533369 24.792658 -0.615715 0.055643 -1.271692
    23 1.120163 -0.154394 9.796035 -0.036606 -0.000824 -0.318578
    24 2.240311 -0.308786 19.592051 -0.141428 -0.071629 -0.623726
    25 0.683151 2.877354 14.167051 -0.207043 -0.125147 1.381491
    26 0.144936 -0.145374 7.579252 -1.606250 -0.244032 0.205017
    27 0.091660 -0.906685 4.702850 -0.707400 -0.112709 0.040820
    28 0.506271 8.500866 13.617253 0.058094 0.168722 1.336699
    29 -0.384987 -0.460049 7.003448 -1.173928 -0.449906 0.337218
    30 0.561516 -0.596954 5.061852 -1.007162 -0.338418 0.207048
    31 -2.452171 -8.899406 11.597897 -0.605372 -0.347962 1.078892
    32 0.680496 -0.903999 6.074253 -1.260533 0.139759 0.006979
    33 0.245514 -0.661150 3.388004 -0.649298 0.105760 -0.032846
    34 -0.717484 -3.784271 13.043911 -0.703354 -0.182732 1.369310
    35 1.099216 -1.407745 8.017889 -1.379816 0.021895 -0.004672
    36 0.068439 -0.807653 3.686054 -0.755015 0.010447 0.002628
    37 -4.004929 6.172707 4.754754 0.562451 0.993808 2.969935
    38 0.158352 -1.149811 5.804394 -0.235439 -0.193379 0.234256
    39 -1.083523 -1.463142 5.544399 -1.646739 -0.377054 0.249630
    40 -6.289886 0.932434 13.569063 -0.126803 0.612110 2.869610
    41 1.327774 -0.766687 12.396328 -0.094273 0.012179 -0.790110
    42 -0.096140 1.828087 23.185329 0.004097 -0.052026 -1.570683
    43 2.325478 -0.000003 6.169296 0.226238 0.033402 1.693978
    44 0.000000 -3.152912 0.122169 2.003089 0.000000 0.000000
    45 1.068383 -10.478592 7.066338 0.292219 -1.282324 -3.141588
    46 0.000000 0.000000 2.279457 0.547137 -0.343566 0.107833
    47 2.479414 -8.323895 6.074242 -0.008855 0.007342 1.561876
    48 0.000003 -5.075260 5.105362 0.000000 0.000000 0.000000
    49 -1.068383 -10.478611 7.065971 0.292219 1.282324 3.141588
    50 -0.000488 0.000015 2.279600 0.547136 0.343566 0.107835
    51 -2.479401 -8.323895 6.074234 0.008854 0.007354 1.579716
    52 -5.790000 4.432083 14.255558 -0.105766 0.973574 2.785925
    53 1.044540 -2.839314 19.743252 -0.396215 -0.293944 -0.032471
    54 -2.655510 -1.533379 24.792648 -0.723807 -0.041229 1.461953
    55 -1.120216 -0.154385 9.795983 -0.017059 -0.001073 0.148363
    56 -2.240372 -0.308788 19.592047 -0.058807 0.161733 0.294381
    57 -0.683205 2.877342 14.167089 -0.360319 0.204138 -1.418542
    58 -0.144958 -0.145317 7.579308 -1.531829 0.304425 -0.164149
    59 -0.038551 -0.936644 4.697678 -1.069431 0.213298 -0.100293
    60 -0.506317 8.500896 13.617329 -0.014349 -0.111594 -1.332770
    61 0.385056 -0.460075 7.003435 -1.277311 0.581544 -0.289028
    62 -0.456360 -0.710276 5.057732 -1.312846 0.547040 -0.361642
    63 2.452194 -8.899408 11.597939 -0.924652 0.433265 -1.159905
    64 -0.680515 -0.903999 6.074242 -1.414541 -0.169992 -0.006009
    65 -0.248295 -0.666843 3.386627 -0.805547 -0.121632 0.046267
    66 0.717491 -3.784309 13.044010 -0.880780 0.200015 -1.407656
    67 -1.099228 -1.407673 8.017876 -1.523670 -0.020112 0.011574
    68 -0.064053 -0.807640 3.686100 -0.580775 -0.003169 -0.007222
    69 4.004906 6.172710 4.754800 0.451826 -1.049921 -2.826224
    70 -0.158381 -1.149773 5.804405 -0.449994 0.117620 0.245087
    71 1.078559 -2.386406 5.215008 -1.262144 0.858164 -0.043419
    72 6.289963 0.932404 13.569109 -0.126801 -0.612098 -2.869612
    73 -1.327759 -0.766682 12.396324 -0.099985 -0.010501 0.838370
    74 0.000017 -54.999996 0.000000 0.000000 0.000000 -1.570796
  time 8
    0 0.000000 0.000000 -1.500000 0.000000 0.000000 0.000000
    1 -10.521344 -5.760963 66.994621 3.097005 -0.050653 -3.139334
    2 6.352128 8.567816 7.910106 -0.211279 0.244739 -0.010216
    3 -0.000034 0.000012 24.761454 -0.694102 -0.080622 0.182749
    4 0.000017 0.000000 24.344809 1.302365 -0.224554 -0.151165
    5 0.002333 -1.019846 24.031336 0.913681 -0.045490 -0.006816
    6 0.000034 0.000008 13.404741 -0.000001 -0.000009 0.092618
    7 10.398263 -5.760962 66.994675 3.097005 0.050653 3.139334
    8 7.121145 8.566401 7.227820 0.770810 -0.267619 -0.106555
    9 -0.000004 -0.000006 24.761459 -0.685527 0.079622 -0.119907
    10 -0.000007 0.000004 24.344891 0.876149 0.184809 0.017748
    11 -0.002360 -1.019903 24.031330 0.389594 -0.042695 -0.017219
    12 0.000000 -0.000002 13.404737 0.000001 0.000005 -0.020032
    13 -0.061540 -5.245835 72.927078 0.000000 0.000000 0.000000
    14 -6.748882 8.901708 -7.170465 -0.000052 0.000021 -0.000063
    15 0.000000 -0.005608 -1.146812 0.000036 0.000028 -0.000046
    16 0.030770 -0.240000 8.906021 -0.004138 0.000000 0.000000
    17 -0.003883 0.797755 -0.012117 -0.122891 -0.000081 -0.000393
    18 0.030770 -0.276858 8.905140 0.056125 0.004134 -0.000049
    19 0.002641 0.211820 -0.001176 -0.113559 -0.000020 -0.000145
    20 5.669724 4.435303 14.302868 0.113617 -0.947224 3.230940
    21 -1.044571 -2.839317 19.743267 -0.845120 -0.045342 -0.029770
    22 2.655533 -1.533369 24.792658 -0.615715 0.055643 -1.271692
    23 1.120163 -0.154394 9.796035 -0.036606 -0.000824 -0.318578
    24 2.240311 -0.308786 19.592051 -0.141428 -0.071629 -0.623726
    25 0.683151 2.877354 14.167051 -0.207043 -0.125147 1.381491
    26 0.144936 -0.145374 7.579252 -1.606250 -0.244032 0.205017
    27 0.091660 -0.906685 4.702850 -0.707400 -0.112709 0.040820
    28 0.506271 8.500866 13.617253 0.058094 0.168722 1.336699
    29 -0.384987 -0.460049 7.003448 -1.173928 -0.449906 0.337218
    30 0.561516 -0.596954 5.061852 -1.007162 -0.338418 0.207048
    31 -2.452171 -8.899406 11.597897 -0.605372 -0.347962 1.078892
    32 0.680496 -0.903999 6.074253 -1.260533 0.139759 0.006979
    33 0.245514 -0.661150 3.388004 -0.649298 0.105760 -0.032846
    34 -0.717484 -3.784271 13.043911 -0.703354 -0.182732 1.369310
    35 1.099216 -1.407745 8.017889 -1.379816 0.021895 -0.004672
    36 0.068439 -0.807653 3.686054 -0.755015 0.010447 0.002628
    37 -4.004929 6.172707 4.754754 0.562451 0.993808 2.969935
    38 0.158352 -1.149811 5.804394 -0.235439 -0.193379 0.234256
    39 -1.083523 -1.463142 5.544399 -1.646739 -0.377054 0.249630
    40 -6.289886 0.932434 13.569063 -0.126803 0.612110 2.869610
    41 1.327774 -0.766687 12.396328 -0.094273 0.012179 -0.790110
    42 -0.096140 1.828087 23.185329 0.004097 -0.052026 -1.570683
    43 2.325478 -0.000003 6.169296 0.226238 0.033402 1.693978
    44 0.000000 -3.152912 0.122169 2.003089 0.000000 0.000000
    45 1.068383 -10.478592 7.066338 0.292219 -1.282324 -3.141588
    46 0.000000 0.000000 2.279457 0.547137 -0.343566 0.107833
    47 2.479414 -8.323895 6.074242 -0.008855 0.007342 1.561876
    48 0.000003 -5.075260 5.105362 0.000000 0.000000 0.000000
    49 -1.068383 -10.478611 7.065971 0.292219 1.282324 3.141588
    50 -0.000488 0.000015 2.279600 0.547136 0.343566 0.107835
    51 -2.479401 -8.323895 6.074234 0.008854 0.007354 1.579716
    52 -5.790000 4.432083 14.255558 -0.105766 0.973574 2.785925
    53 1.044540 -2.839314 19.743252 -0.396215 -0.293944 -0.032471
    54 -2.655510 -1.533379 24.792648 -0.723807 -0.041229 1.461953
    55 -1.120216 -0.154385 9.795983 -0.017071 -0.001073 0.148363
    56 -2.240372 -0.308788 19.592047 -0.058807 0.161733 0.294381
    57 -0.683205 2.877342 14.167089 -0.360319 0.204138 -1.418542
    58 -0.144958 -0.145317 7.579308 -1.531829 0.304425 -0.164149
    59 -0.038551 -0.936644 4.697678 -1.069431 0.213298 -0.100293
    60 -0.506317 8.500896 13.617329 -0.014349 -0.111594 -1.332770
    61 0.385056 -0.460075 7.003435 -1.277311 0.581544 -0.289028
    62 -0.456360 -0.710276 5.057732 -1.312846 0.547040 -0.361642
    63 2.452194 -8.899408 11.597939 -0.924652 0.433265 -1.159905
    64 -0.680515 -0.903999 6.074242 -1.414541 -0.169992 -0.006009
    65 -0.248295 -0.666843 3.386627 -0.805547 -0.121632 0.046267
    66 0.717491 -3.784309 13.044010 -0.880780 0.200015 -1.407656
    67 -1.099228 -1.407673 8.017876 -1.523670 -0.020112 0.011574
    68 -0.064053 -0.807640 3.686100 -0.580775 -0.003169 -0.007222
    69 4.004906 6.172710 4.754800 0.451826 -1.049921 -2.826224
    70 -0.158381 -1.149773 5.804405 -0.449994 0.117620 0.245087
    71 1.078559 -2.386406 5.215008 -1.262144 0.858164 -0.043419
    72 6.289963 0.932404 13.569109 -0.126801 -0.612098 -2.869612
    73 -1.327759 -0.766682 12.396324 -0.099985 -0.010501 0.838370
    74 0.000017 -54.999996 0.000000 0.000000 0.000000 -1.570796
  time 9
    0 0.000000 0.000000 -1.500000 0.000000 0.000000 0.000000
    1 -10.521344 -5.760963 66.994621 3.097005 -0.050653 -3.139334
    2 5.938053 7.769812 15.242930 -0.052437 0.313825 0.007260
    3 -0.000034 0.000012 24.761454 -1.210046 -0.140329 0.116867
    4 0.000017 0.000000 24.344809 1.656281 -0.201059 -0.180658
    5 0.002333 -1.019846 24.031336 0.928278 -0.045382 -0.007487
    6 0.000034 0.000008 13.404741 -0.000001 -0.000009 0.043850
    7 10.398263 -5.760962 66.994675 3.097005 0.050653 3.139334
    8 7.449280 7.692145 14.556356 1.132013 -0.333720 -0.179747
    9 -0.000004 -0.000006 24.761459 -1.268885 0.147155 -0.153067
    10 -0.000007 0.000004 24.344891 1.114301 0.185031 0.035404
    11 -0.002360 -1.019903 24.031330 0.389594 -0.042695 -0.017219
    12 0.000000 -0.000002 13.404737 0.000001 0.000005 -0.014278
    13 -0.061540 -5.245835 72.927078 0.000000 0.000000 0.000000
    14 -6.698099 8.237903 -14.538134 0.068213 0.000021 -0.000063
    15 0.000000 -0.005608 -1.146812 -0.051924 0.000592 -0.003633
    16 0.030770 -0.240000 8.906021 -0.004138 0.000000 0.000000
    17 -0.003883 0.266489 0.007414 -0.034802 0.000552 -0.001072
    18 0.030770 -0.276858 8.905140 0.056125 0.004134 -0.000049
    19 0.006547 0.297760 -0.008988 -0.124140 0.000268 -0.000241
    20 5.669724 4.435303 14.302868 0.309144 -1.127202 2.827097
    21 -1.044571 -2.839317 19.743267 -1.028279 -0.153676 -0.024242
    22 2.655533 -1.533369 24.792658 -0.781316 0.076240 -1.090458
    23 1.120163 -0.154394 9.796035 -0.036606 -0.000824 -0.318578
    24 2.240311 -0.308786 19.592051 -0.141471 -0.071629 -0.623726
    25 0.683151 2.877354 14.167051 -0.207043 -0.125147 1.381491
    26 0.144936 -0.145374 7.579252 -1.606204 -0.244032 0.205017
    27 0.091660 -0.906685 4.702850 -0.707446 -0.112709 0.040820
    28 0.506271 8.500866 13.617253 0.058094 0.168744 1.336699
    29 -0.384987 -0.460049 7.003448 -1.173892 -0.449894 0.337206
    30 0.561516 -0.596954 5.061852 -1.007162 -0.338418 0.207048
    31 -2.452171 -8.899406 11.597897 -0.605372 -0.347962 1.078892
    32 0.680496 -0.903999 6.074253 -1.260533 0.139759 0.006979
    33 0.245514 -0.661150 3.388004 -0.649298 0.105760 -0.032846
    34 -0.717484 -3.784271 13.043911 -0.703354 -0.182732 1.369310
    35 1.099216 -1.407745 8.017889 -1.379816 0.021907 -0.004672
    36 0.068439 -0.807653 3.686054 -0.755015 0.010447 0.002628
    37 -4.004929 6.172707 4.754754 0.562451 0.993808 2.969839
    38 0.158352 -1.149811 5.804394 -0.235439 -0.193393 0.234256
    39 -1.083523 -1.463142 5.544399 -1.646687 -0.377054 0.249630
    40 -6.289886 0.932434 13.569063 -0.126803 0.612110 2.869610
    41 1.327774 -0.766687 12.396328 -0.086710 0.014001 -0.727139
    42 -0.096140 1.828087 23.185329 0.004097 -0.052185 -1.570683
    43 2.325478 -0.000003 6.169296 0.196585 0.032968 1.692381
    44 0.000000 -3.152912 0.122169 2.003089 0.000000 0.000000
    45 1.068383 -10.478592 7.066338 0.292219 -1.282324 -3.141588
    46 0.000000 0.000000 2.279457 0.547137 -0.343566 0.107833
    47 2.479414 -8.323895 6.074242 -0.008855 0.007342 1.561876
    48 0.000003 -5.075260 5.105362 0.000000 0.000000 0.000000
    49 -1.068383 -10.478611 7.065971 0.292219 1.282324 3.141588
    50 -0.000488 0.000015 2.279600 0.547136 0.343566 0.107835
    51 -2.479401 -8.323895 6.074234 0.008854 0.007354 1.579716
    52 -5.790000 4.432083 14.255558 0.024984 1.198953 -3.179823
    53 1.044540 -2.839314 19.743252 -0.768278 -0.117190 0.054781
    54 -2.655510 -1.533379 24.792648 -0.862756 -0.087344 0.987277
    55 -1.120216 -0.154385 9.795983 -0.017059 -0.001073 0.148363
    56 -2.240372 -0.308788 19.592047 -0.058807 0.161733 0.294381
    57 -0.683205 2.877342 14.167089 -0.360269 0.204138 -1.418542
    58 -0.144958 -0.145317 7.579308 -1.531829 0.304425 -0.164149
    59 -0.038551 -0.936644 4.697678 -1.069431 0.213298 -0.100293
    60 -0.506317 8.500896 13.617329 -0.014349 -0.111594 -1.332770
    61 0.385056 -0.460075 7.003435 -1.277311 0.581544 -0.289028
    62 -0.456360 -0.710276 5.057732 -1.312846 0.547040 -0.361642
    63 2.452194 -8.899408 11.597939 -0.924612 0.433242 -1.159905
    64 -0.680515 -0.903999 6.074242 -1.414487 -0.169992 -0.006009
    65 -0.248295 -0.666843 3.386627 -0.805588 -0.121632 0.046267
    66 0.717491 -3.784309 13.044010 -0.880780 0.200015 -1.407656
    67 -1.099228 -1.407673 8.017876 -1.523670 -0.020112 0.011574
    68 -0.064053 -0.807640 3.686100 -0.580831 -0.003169 -0.007222
    69 4.004906 6.172710 4.754800 0.451751 -1.049921 -2.826224
    70 -0.158381 -1.149773 5.804405 -0.449994 0.117620 0.245087
    71 1.078559 -2.386406 5.215008 -1.262144 0.858164 -0.043419
    72 6.289963 0.932404 13.569109 -0.126801 -0.612098 -2.869612
    73 -1.327759 -0.766682 12.396324 -0.071198 -0.016194 0.600060
    74 0.000017 -54.999996 0.000000 0.000000 0.000000 -1.570796
  time 10
    0 0.000000 0.000000 -1.500000 0.000000 0.000000 0.000000
    1 -10.521344 -5.760963 66.994621 3.097005 -0.050653 -3.139334
    2 5.535697 7.278732 20.759367 -0.008644 0.331055 0.012372
    3 -0.000034 0.000012 24.761454 -1.480864 -0.171645 0.069227
    4 0.000017 0.000000 24.344809 1.886902 -0.199022 -0.196452
    5 0.002333 -1.019846 24.031336 0.939777 -0.045299 -0.008015
    6 0.000034 0.000008 13.404741 -0.000001 -0.000009 0.013645
    7 10.398263 -5.760962 66.994675 3.097005 0.050653 3.139334
    8 7.617254 7.017719 20.198879 1.360387 -0.396528 -0.232145
    9 -0.000004 -0.000006 24.761459 -1.585065 0.183708 -0.217342
    10 -0.000007 0.000004 24.344891 1.214272 0.195830 0.042634
    11 -0.002360 -1.019903 24.031330 0.389594 -0.042695 -0.017219
    12 0.000000 -0.000002 13.404737 0.000001 0.000005 -0.046611
    13 -0.061540 -5.245835 72.927078 0.000000 0.000000 0.000000
    14 -6.549657 7.550807 -20.170909 0.218345 0.000021 -0.000063
    15 0.000000 -0.005608 -1.146812 -0.166245 0.002035 -0.013226
    16 0.030770 -0.240000 8.906021 -0.004138 0.000000 0.000000
    17 -0.003883 -0.952298 -0.094151 0.164168 0.001046 -0.002909
    18 0.030770 -0.276858 8.905140 0.056125 0.004134 -0.000049
    19 0.006547 0.352449 -0.001176 -0.091254 0.001461 -0.000516
    20 5.669724 4.435303 14.302868 0.858590 -1.210743 2.026312
    21 -1.044571 -2.839317 19.743267 -1.207670 -0.317690 0.035910
    22 2.655533 -1.533369 24.792658 -0.992050 0.092802 -1.031098
    23 1.120163 -0.154394 9.796035 -0.036606 -0.000824 -0.318578
    24 2.240311 -0.308786 19.592051 -0.141471 -0.071629 -0.623726
    25 0.683151 2.877354 14.167051 -0.207043 -0.125147 1.381491
    26 0.144936 -0.145374 7.579252 -1.606204 -0.244032 0.205017
    27 0.091660 -0.906685 4.702850 -0.707400 -0.112709 0.040820
    28 0.506271 8.500866 13.617253 0.058094 0.168744 1.336699
    29 -0.384987 -0.460049 7.003448 -1.173928 -0.449906 0.337206
    30 0.561516 -0.596954 5.061852 -1.007162 -0.338418 0.207048
    31 -2.452171 -8.899406 11.597897 -0.605372 -0.347962 1.078892
    32 0.680496 -0.903999 6.074253 -1.260533 0.139759 0.006979
    33 0.245514 -0.661150 3.388004 -0.649298 0.105760 -0.032846
    34 -0.717484 -3.784271 13.043911 -0.703354 -0.182732 1.369295
    35 1.099216 -1.407745 8.017889 -1.379816 0.021907 -0.004672
    36 0.068439 -0.807653 3.686054 -0.755015 0.010447 0.002640
    37 -4.004929 6.172707 4.754754 0.562451 0.993808 2.969935
    38 0.158352 -1.149811 5.804394 -0.235439 -0.193379 0.234256
    39 -1.083523 -1.463142 5.544399 -1.646687 -0.377066 0.249630
    40 -6.289886 0.932434 13.569063 -0.126803 0.612110 2.869610
    41 1.327774 -0.766687 12.396328 -0.088604 0.013594 -0.742806
    42 -0.096140 1.828087 23.185329 0.004097 -0.052663 -1.570683
    43 2.325478 -0.000003 6.169296 0.123097 0.031637 1.689108
    44 0.000000 -3.152912 0.122169 2.003073 0.000000 0.000000
    45 1.068383 -10.478592 7.066338 0.292219 -1.282324 -3.141588
    46 0.000000 0.000000 2.279457 0.547137 -0.343566 0.107833
    47 2.479414 -8.323895 6.074242 -0.008855 0.007342 1.561876
    48 0.000003 -5.075260 5.105362 0.000000 0.000000 0.000000
    49 -1.068383 -10.478611 7.065971 0.292219 1.282324 3.141588
    50 -0.000488 0.000015 2.279600 0.547136 0.343566 0.107835
    51 -2.479401 -8.323895 6.074234 0.008854 0.007354 1.579716
    52 -5.790000 4.432083 14.255558 -5.469195 1.341259 -2.159485
    53 1.044540 -2.839314 19.743252 -1.088692 0.050999 0.074294
    54 -2.655510 -1.533379 24.792648 -1.105527 -0.085027 1.240973
    55 -1.120216 -0.154385 9.795983 -0.017071 -0.001073 0.148363
    56 -2.240372 -0.308788 19.592047 -0.058807 0.161733 0.294381
    57 -0.683205 2.877342 14.167089 -0.360269 0.204138 -1.418542
    58 -0.144958 -0.145317 7.579308 -1.531829 0.304425 -0.164149
    59 -0.038551 -0.936644 4.697678 -1.069431 0.213298 -0.100293
    60 -0.506317 8.500896 13.617329 -0.014349 -0.111594 -1.332770
    61 0.385056 -0.460075 7.003435 -1.277268 0.581544 -0.289043
    62 -0.456360 -0.710276 5.057732 -1.312846 0.547040 -0.361642
    63 2.452194 -8.899408 11.597939 -0.924612 0.433242 -1.159905
    64 -0.680515 -0.903999 6.074242 -1.414541 -0.169980 -0.006009
    65 -0.248295 -0.666843 3.386627 -0.805547 -0.121632 0.046267
    66 0.717491 -3.784309 13.044010 -0.880780 0.200015 -1.407656
    67 -1.099228 -1.407673 8.017876 -1.523670 -0.020112 0.011574
    68 -0.064053 -0.807640 3.686100 -0.580775 -0.003169 -0.007222
    69 4.004906 6.172710 4.754800 0.451826 -1.049921 -2.826224
    70 -0.158381 -1.149773 5.804405 -0.449994 0.117620 0.245087
    71 1.078559 -2.386406 5.215008 -1.262144 0.858164 -0.043419
    72 6.289963 0.932404 13.569109 -0.126801 -0.612098 -2.869612
    73 -1.327759 -0.766682 12.396324 -0.104922 -0.008763 0.880748
    74 0.000017 -54.999996 0.000000 0.000000 0.000000 -1.570796
  time 11
    0 0.000000 0.000000 -1.500000 0.000000 0.000000 0.000000
    1 -10.521344 -5.760963 66.994621 3.097005 -0.050653 -3.139334
    2 5.137247 6.861315 24.728510 -0.012402 0.333226 0.014163
    3 -0.000034 0.000012 24.761454 -1.634972 -0.189454 0.030016
    4 0.000017 0.000000 24.344809 2.049342 -0.201195 -0.208422
    5 0.002333 -1.019846 24.031336 0.948364 -0.045239 -0.008422
    6 0.000034 0.000008 13.404741 -0.000001 -0.000009 -0.008208
    7 10.398263 -5.760962 66.994675 3.097005 0.050653 3.139334
    8 7.640692 6.355782 24.335230 1.526401 -0.465483 -0.284378
    9 -0.000004 -0.000006 24.761459 -1.787950 0.207162 -0.299129
    10 -0.000007 0.000004 24.344891 1.264355 0.205207 0.047700
    11 -0.002360 -1.019903 24.031330 0.389594 -0.042695 -0.017219
    12 0.000000 -0.000002 13.404737 0.000001 0.000005 -0.103419
    13 -0.061540 -5.245835 72.927078 0.000000 0.000000 0.000000
    14 -6.326994 6.863711 -24.271569 0.368477 0.000021 -0.000063
    15 0.000000 -0.005608 -1.146812 -0.280565 0.003918 -0.026868
    16 0.030770 -0.240000 8.906021 -0.004138 0.000000 0.000000
    17 -0.023415 -2.299996 -0.414473 0.380920 -0.001081 -0.006663
    18 0.030770 -0.276858 8.905140 0.056125 0.004134 -0.000049
    19 0.014360 0.121973 0.053514 0.050010 0.004053 -0.000852
    20 5.669724 4.435303 14.302868 0.155345 -1.449421 2.689097
    21 -1.044571 -2.839317 19.743267 -1.254340 -0.404994 0.086841
    22 2.655533 -1.533369 24.792658 -1.039439 0.102140 -0.937448
    23 1.120163 -0.154394 9.796035 -0.036594 -0.000824 -0.318578
    24 2.240311 -0.308786 19.592051 -0.141471 -0.071629 -0.623726
    25 0.683151 2.877354 14.167051 -0.207043 -0.125147 1.381491
    26 0.144936 -0.145374 7.579252 -1.606204 -0.244032 0.205005
    27 0.091660 -0.906685 4.702850 -0.707400 -0.112709 0.040820
    28 0.506271 8.500866 13.617253 0.058094 0.168744 1.336699
    29 -0.384987 -0.460049 7.003448 -1.173892 -0.449894 0.337206
    30 0.561516 -0.596954 5.061852 -1.007162 -0.338418 0.207060
    31 -2.452171 -8.899406 11.597897 -0.605372 -0.347962 1.078892
    32 0.680496 -0.903999 6.074253 -1.260533 0.139759 0.006979
    33 0.245514 -0.661150 3.388004 -0.649298 0.105760 -0.032846
    34 -0.717484 -3.784271 13.043911 -0.703354 -0.182732 1.369310
    35 1.099216 -1.407745 8.017889 -1.379816 0.021907 -0.004672
    36 0.068439 -0.807653 3.686054 -0.755015 0.010447 0.002628
    37 -4.004929 6.172707 4.754754 0.562451 0.993808 2.969839
    38 0.158352 -1.149811 5.804394 -0.235439 -0.193379 0.234256
    39 -1.083523 -1.463142 5.544399 -1.646739 -0.377066 0.249630
    40 -6.289886 0.932434 13.569063 -0.126803 0.612110 2.869610
    41 1.327774 -0.766687 12.396328 -0.082288 0.014816 -0.690783
    42 -0.096140 1.828087 23.185329 0.004097 -0.053492 -1.570683
    43 2.325478 -0.000003 6.169296 0.028981 0.029423 1.686035
    44 0.000000 -3.152912 0.122169 2.003073 0.000000 0.000000
    45 1.068383 -10.478592 7.066338 0.292219 -1.282324 -3.141588
    46 0.000000 0.000000 2.279457 0.547137 -0.343566 0.107833
    47 2.479414 -8.323895 6.074242 -0.008855 0.007342 1.561876
    48 0.000003 -5.075260 5.105362 0.000000 0.000000 0.000000
    49 -1.068383 -10.478611 7.065971 0.292219 1.282324 3.141588
    50 -0.000488 0.000015 2.279600 0.547136 0.343566 0.107835
    51 -2.479401 -8.323895 6.074234 0.008854 0.007354 1.579716
    52 -5.790000 4.432083 14.255558 -1.123583 1.480532 2.233167
    53 1.044540 -2.839314 19.743252 -1.137391 -0.008060 0.106000
    54 -2.655510 -1.533379 24.792648 -1.179304 -0.072667 1.432646
    55 -1.120216 -0.154385 9.795983 -0.017071 -0.001073 0.148363
    56 -2.240372 -0.308788 19.592047 -0.058807 0.161733 0.294381
    57 -0.683205 2.877342 14.167089 -0.360319 0.204138 -1.418542
    58 -0.144958 -0.145317 7.579308 -1.531829 0.304425 -0.164149
    59 -0.038551 -0.936644 4.697678 -1.069431 0.213298 -0.100293
    60 -0.506317 8.500896 13.617329 -0.014349 -0.111594 -1.332770
    61 0.385056 -0.460075 7.003435 -1.277311 0.581544 -0.289028
    62 -0.456360 -0.710276 5.057732 -1.312846 0.547040 -0.361642
    63 2.452194 -8.899408 11.597939 -0.924652 0.433242 -1.159905
    64 -0.680515 -0.903999 6.074242 -1.414541 -0.169992 -0.006009
    65 -0.248295 -0.666843 3.386627 -0.805547 -0.121632 0.046267
    66 0.717491 -3.784309 13.044010 -0.880780 0.200015 -1.407656
    67 -1.099228 -1.407673 8.017876 -1.523670 -0.020112 0.011574
    68 -0.064053 -0.807640 3.686100 -0.580775 -0.003169 -0.007222
    69 4.004906 6.172710 4.754800 0.451826 -1.049921 -2.826224
    70 -0.158381 -1.149773 5.804405 -0.449994 0.117620 0.245087
    71 1.078559 -2.386406 5.215008 -1.262144 0.858164 -0.043419
    72 6.289963 0.932404 13.569109 -0.126801 -0.612098 -2.869612
    73 -1.327759 -0.766682 12.396324 -0.123343 -0.000123 1.045451
    74 0.000017 -54.999996 0.000000 0.000000 0.000000 -1.570796
  time 12
    0 0.000000 0.000000 -1.500000 0.000000 0.000000 0.000000
    1 -10.521344 -5.760963 66.994621 3.097005 -0.050653 -3.139334
    2 4.746610 6.321127 27.284908 -0.038431 0.333199 0.019494
    3 -0.000034 0.000012 24.761454 -1.711111 -0.198250 -0.005450
    4 0.000017 0.000000 24.344809 2.156114 -0.204228 -0.217043
    5 0.002333 -1.019846 24.031336 0.954300 -0.045179 -0.008698
    6 0.000034 0.000008 13.404741 -0.000001 -0.000009 -0.024935
    7 10.398263 -5.760962 66.994675 3.097005 0.050653 3.139334
    8 7.527407 5.556462 27.100291 1.640801 -0.517646 -0.331412
    9 -0.000004 -0.000006 24.761459 -1.924784 0.222970 -0.367747
    10 -0.000007 0.000004 24.344891 1.300885 0.211251 0.049823
    11 -0.002360 -1.019903 24.031330 0.389594 -0.042695 -0.017219
    12 0.000000 -0.000002 13.404737 0.000001 0.000005 -0.156148
    13 -0.061540 -5.245835 72.927078 0.000000 0.000000 0.000000
    14 -6.018391 6.153324 -26.997832 0.436742 0.000021 -0.000063
    15 0.000000 -0.005608 -1.146812 -0.332526 0.005910 -0.042059
    16 0.030770 -0.240000 8.906021 -0.004138 0.000000 0.000000
    17 -0.078104 -3.382060 -0.820736 0.548324 -0.006019 -0.013811
    18 0.030770 -0.276858 8.905140 0.056125 0.004134 -0.000049
    19 0.026079 -0.311634 0.116016 0.255221 0.007859 -0.000792
    20 5.669724 4.435303 14.302868 4.961014 -1.337552 -2.164298
    21 -1.044571 -2.839317 19.743267 -1.077590 -0.608250 0.244908
    22 2.655533 -1.533369 24.792658 -1.059141 0.111977 -0.766242
    23 1.120163 -0.154394 9.796035 -0.036606 -0.000824 -0.318578
    24 2.240311 -0.308786 19.592051 -0.141428 -0.071629 -0.623726
    25 0.683151 2.877354 14.167051 -0.207043 -0.125147 1.381491
    26 0.144936 -0.145374 7.579252 -1.606250 -0.244032 0.205005
    27 0.091660 -0.906685 4.702850 -0.707400 -0.112709 0.040820
    28 0.506271 8.500866 13.617253 0.058094 0.168744 1.336699
    29 -0.384987 -0.460049 7.003448 -1.173928 -0.449894 0.337206
    30 0.561516 -0.596954 5.061852 -1.007162 -0.338418 0.207048
    31 -2.452171 -8.899406 11.597897 -0.605372 -0.347962 1.078892
    32 0.680496 -0.903999 6.074253 -1.260533 0.139759 0.006979
    33 0.245514 -0.661150 3.388004 -0.649298 0.105760 -0.032846
    34 -0.717484 -3.784271 13.043911 -0.703354 -0.182732 1.369295
    35 1.099216 -1.407745 8.017889 -1.379816 0.021907 -0.004672
    36 0.068439 -0.807653 3.686054 -0.754979 0.010447 0.002628
    37 -4.004929 6.172707 4.754754 0.562451 0.993808 2.969935
    38 0.158352 -1.149811 5.804394 -0.235439 -0.193379 0.234256
    39 -1.083523 -1.463142 5.544399 -1.646687 -0.377066 0.249630
    40 -6.289886 0.932434 13.569063 -0.126803 0.612110 2.869610
    41 1.327774 -0.766687 12.396328 -0.061878 0.016554 -0.524719
    42 -0.096140 1.828087 23.185329 0.004097 -0.054479 -1.570683
    43 2.325478 -0.000003 6.169296 -0.062556 0.026934 1.684558
    44 0.000000 -3.152912 0.122169 2.003089 0.000000 0.000000
    45 1.068383 -10.478592 7.066338 0.292219 -1.282324 -3.141588
    46 0.000000 0.000000 2.279457 0.547137 -0.343566 0.107833
    47 2.479414 -8.323895 6.074242 -0.008855 0.007342 1.561876
    48 0.000003 -5.075260 5.105362 0.000000 0.000000 0.000000
    49 -1.068383 -10.478611 7.065971 0.292219 1.282324 3.141588
    50 -0.000488 0.000015 2.279600 0.547136 0.343566 0.107835
    51 -2.479401 -8.323895 6.074234 0.008854 0.007354 1.579716
    52 -5.790000 4.432083 14.255558 -1.665275 1.247094 1.744126
    53 1.044540 -2.839314 19.743252 -1.016561 0.226735 -0.008032
    54 -2.655510 -1.533379 24.792648 -1.207083 -0.089208 1.288607
    55 -1.120216 -0.154385 9.795983 -0.017071 -0.001073 0.148363
    56 -2.240372 -0.308788 19.592047 -0.058807 0.161733 0.294381
    57 -0.683205 2.877342 14.167089 -0.360269 0.204138 -1.418542
    58 -0.144958 -0.145317 7.579308 -1.531829 0.304425 -0.164149
    59 -0.038551 -0.936644 4.697678 -1.069431 0.213298 -0.100293
    60 -0.506317 8.500896 13.617329 -0.014349 -0.111594 -1.332770
    61 0.385056 -0.460075 7.003435 -1.277311 0.581544 -0.289028
    62 -0.456360 -0.710276 5.057732 -1.312846 0.547040 -0.361642
    63 2.452194 -8.899408 11.597939 -0.924652 0.433242 -1.159905
    64 -0.680515 -0.903999 6.074242 -1.414541 -0.169992 -0.006009
    65 -0.248295 -0.666843 3.386627 -0.805547 -0.121632 0.046267
    66 0.717491 -3.784309 13.044010 -0.880780 0.200015 -1.407656
    67 -1.099228 -1.407673 8.017876 -1.523670 -0.020112 0.011574
    68 -0.064053 -0.807640 3.686100 -0.580831 -0.003169 -0.007222
    69 4.004906 6.172710 4.754800 0.451826 -1.049921 -2.826224
    70 -0.158381 -1.149773 5.804405 -0.450134 0.117647 0.245146
    71 1.078559 -2.386406 5.215008 -1.261952 0.858164 -0.043346
    72 6.289963 0.932404 13.569109 -0.126801 -0.612098 -2.869612
    73 -1.327759 -0.766682 12.396324 -0.101950 -0.009842 0.855164
    74 0.000017 -54.999996 0.000000 0.000000 0.000000 -1.570796
  time 13
    0 0.000000 0.000000 -1.500000 0.000000 0.000000 0.000000
    1 -10.521344 -5.760963 66.994621 3.097005 -0.050653 -3.139334
    2 4.328628 5.695001 28.944324 -0.069448 0.336400 0.030940
    3 -0.000034 0.000012 24.761454 -1.744161 -0.202061 -0.040264
    4 0.000017 0.000000 24.344809 2.226145 -0.207193 -0.223136
    5 0.002333 -1.019846 24.031336 0.957735 -0.045155 -0.008841
    6 0.000034 0.000008 13.404741 -0.000001 -0.000009 -0.039869
    7 10.398263 -5.760962 66.994675 3.097005 0.050653 3.139334
    8 7.308650 4.607270 28.988626 1.716045 -0.549215 -0.364914
    9 -0.000004 -0.000006 24.761459 -2.027299 0.234787 -0.415836
    10 -0.000007 0.000004 24.344891 1.339608 0.214651 0.048646
    11 -0.002360 -1.019903 24.031330 0.389594 -0.042695 -0.017219
    12 0.000000 -0.000002 13.404737 0.000001 0.000005 -0.193698
    13 -0.061540 -5.245835 72.927078 0.000000 0.000000 0.000000
    14 -5.651192 5.442937 -28.822851 0.432870 0.000021 -0.000063
    15 0.000000 -0.005608 -1.146812 -0.327614 0.008247 -0.059424
    16 0.030770 -0.240000 8.906021 -0.004138 0.000000 0.000000
    17 -0.144512 -3.858637 -0.996522 0.611329 -0.011159 -0.023475
    18 0.030770 -0.276858 8.905140 0.056125 0.004134 -0.000049
    19 0.045611 -0.756960 0.100390 0.452926 0.012159 0.000095
    20 5.669724 4.435303 14.302868 4.908376 -1.341886 -2.105456
    21 -1.044571 -2.839317 19.743267 -0.635251 -0.958822 0.330667
    22 2.655533 -1.533369 24.792658 -1.053152 0.117549 -0.511415
    23 1.120163 -0.154394 9.796035 -0.036606 -0.000812 -0.318578
    24 2.240311 -0.308786 19.592051 -0.141471 -0.071629 -0.623726
    25 0.683151 2.877354 14.167051 -0.207098 -0.125147 1.381491
    26 0.144936 -0.145374 7.579252 -1.606204 -0.244032 0.205017
    27 0.091660 -0.906685 4.702850 -0.707400 -0.112709 0.040820
    28 0.506271 8.500866 13.617253 0.058094 0.168744 1.336699
    29 -0.384987 -0.460049 7.003448 -1.173928 -0.449894 0.337206
    30 0.561516 -0.596954 5.061852 -1.007162 -0.338418 0.207060
    31 -2.452171 -8.899406 11.597897 -0.605423 -0.347962 1.078892
    32 0.680496 -0.903999 6.074253 -1.260533 0.139759 0.006979
    33 0.245514 -0.661150 3.388004 -0.649298 0.105760 -0.032846
    34 -0.717484 -3.784271 13.043911 -0.703354 -0.182732 1.369295
    35 1.099216 -1.407745 8.017889 -1.379816 0.021907 -0.004672
    36 0.068439 -0.807653 3.686054 -0.754979 0.010447 0.002628
    37 -4.004929 6.172707 4.754754 0.562541 0.993808 2.969839
    38 0.158352 -1.149811 5.804394 -0.235439 -0.193379 0.234256
    39 -1.083523 -1.463142 5.544399 -1.646687 -0.377066 0.249630
    40 -6.289886 0.932434 13.569063 -0.126803 0.612110 2.869610
    41 1.327774 -0.766687 12.396328 -0.034673 0.013546 -0.302564
    42 -0.096140 1.828087 23.185329 0.004097 -0.055754 -1.570744
    43 2.325478 -0.000003 6.169296 -0.128356 0.024749 1.684439
    44 0.000000 -3.152912 0.122169 2.003089 0.000000 0.000000
    45 1.068383 -10.478592 7.066338 0.292219 -1.282324 -3.141588
    46 0.000000 0.000000 2.279457 0.547137 -0.343566 0.107833
    47 2.479414 -8.323895 6.074242 -0.008855 0.007342 1.561876
    48 0.000003 -5.075260 5.105362 0.000000 0.000000 0.000000
    49 -1.068383 -10.478611 7.065971 0.292219 1.282324 3.141588
    50 -0.000488 0.000015 2.279600 0.547136 0.343566 0.107835
    51 -2.479401 -8.323895 6.074234 0.008854 0.007354 1.579716
    52 -5.790000 4.432083 14.255558 -1.702276 1.246762 1.699476
    53 1.044540 -2.839314 19.743252 -0.798611 0.709172 -0.265924
    54 -2.655510 -1.533379 24.792648 -1.219061 -0.102177 1.151535
    55 -1.120216 -0.154385 9.795983 -0.017083 -0.001073 0.148363
    56 -2.240372 -0.308788 19.592047 -0.058807 0.161733 0.294381
    57 -0.683205 2.877342 14.167089 -0.360269 0.204138 -1.418542
    58 -0.144958 -0.145317 7.579308 -1.531829 0.304425 -0.164149
    59 -0.038551 -0.936644 4.697678 -1.069431 0.213298 -0.100293
    60 -0.506317 8.500896 13.617329 -0.014349 -0.111594 -1.332770
    61 0.385056 -0.460075 7.003435 -1.277311 0.581544 -0.289028
    62 -0.456360 -0.710276 5.057732 -1.312846 0.547040 -0.361642
    63 2.452194 -8.899408 11.597939 -0.924652 0.433242 -1.159905
    64 -0.680515 -0.903999 6.074242 -1.414541 -0.169992 -0.006009
    65 -0.248295 -0.666843 3.386627 -0.805547 -0.121632 0.046267
    66 0.717491 -3.784309 13.044010 -0.880780 0.200015 -1.407656
    67 -1.099228 -1.407673 8.017876 -1.523670 -0.020112 0.011574
    68 -0.064053 -0.807640 3.686100 -0.580831 -0.003169 -0.007222
    69 4.004906 6.172710 4.754800 0.451826 -1.049921 -2.826224
    70 -0.158381 -1.149773 5.804405 -0.449994 0.117620 0.245087
    71 1.078559 -2.386406 5.215008 -1.262144 0.858164 -0.043419
    72 6.289963 0.932404 13.569109 -0.126801 -0.612098 -2.869612
    73 -1.327759 -0.766682 12.396324 -0.077741 -0.015511 0.653403
    74 0.000017 -54.999996 0.000000 0.000000 0.000000 -1.570796
  time 14
    0 0.000000 0.000000 -1.500000 0.000000 0.000000 0.000000
    1 -10.521344 -5.760963 66.994621 3.097005 -0.050653 -3.139334
    2 3.879396 5.142536 30.043126 -0.095273 0.343971 0.046756
    3 -0.000034 0.000012 24.761454 -1.757698 -0.203619 -0.072513
    4 0.000017 0.000000 24.344809 2.272257 -0.209298 -0.226873
    5 0.002333 -1.019846 24.031336 0.959004 -0.045143 -0.008901
    6 0.000034 0.000008 13.404741 -0.000001 -0.000009 -0.054044
    7 10.398263 -5.760962 66.994675 3.097005 0.050653 3.139334
    8 7.019579 3.633099 30.337436 1.766975 -0.576834 -0.387606
    9 -0.000004 -0.000006 24.761459 -2.109795 0.244302 -0.459834
    10 -0.000007 0.000004 24.344891 1.379946 0.216095 0.044148
    11 -0.002360 -1.019903 24.031330 0.389594 -0.042695 -0.017219
    12 0.000000 -0.000002 13.404737 0.000001 0.000005 -0.228049
    13 -0.061540 -5.245835 72.927078 0.000000 0.000000 0.000000
    14 -5.225398 4.744195 -30.084593 0.421764 0.000021 -0.000063
    15 0.000000 -0.005608 -1.146812 -0.313643 0.011148 -0.081300
    16 0.030770 -0.240000 8.906021 -0.004138 0.000000 0.000000
    17 -0.207014 -3.928952 -0.976991 0.611519 -0.015211 -0.033938
    18 0.030770 -0.276858 8.905140 0.056125 0.004134 -0.000049
    19 0.057330 -0.999155 0.057420 0.555229 0.016725 0.001185
    20 5.669724 4.435303 14.302868 4.876793 -1.352139 -2.053131
    21 -1.044571 -2.839317 19.743267 -0.113955 -1.105146 0.074179
    22 2.655533 -1.533369 24.792658 -1.047771 0.116934 -0.355170
    23 1.120163 -0.154394 9.796035 -0.036594 -0.000812 -0.318578
    24 2.240311 -0.308786 19.592051 -0.141471 -0.071629 -0.623726
    25 0.683151 2.877354 14.167051 -0.207043 -0.125147 1.381491
    26 0.144936 -0.145374 7.579252 -1.606250 -0.244032 0.205017
    27 0.091660 -0.906685 4.702850 -0.707400 -0.112709 0.040820
    28 0.506271 8.500866 13.617253 0.058094 0.168744 1.336699
    29 -0.384987 -0.460049 7.003448 -1.173892 -0.449894 0.337206
    30 0.561516 -0.596954 5.061852 -1.007197 -0.338418 0.207048
    31 -2.452171 -8.899406 11.597897 -0.605372 -0.347962 1.078892
    32 0.680496 -0.903999 6.074253 -1.260533 0.139759 0.006979
    33 0.245514 -0.661150 3.388004 -0.649298 0.105760 -0.032846
    34 -0.717484 -3.784271 13.043911 -0.703354 -0.182732 1.369310
    35 1.099216 -1.407745 8.017889 -1.379816 0.021907 -0.004672
    36 0.068439 -0.807653 3.686054 -0.754979 0.010447 0.002616
    37 -4.004929 6.172707 4.754754 0.562451 0.993808 2.969839
    38 0.158352 -1.149811 5.804394 -0.235439 -0.193379 0.234256
    39 -1.083523 -1.463142 5.544399 -1.646687 -0.377066 0.249630
    40 -6.289886 0.932434 13.569063 -0.126803 0.612110 2.869610
    41 1.327774 -0.766687 12.396328 -0.018207 0.008620 -0.163366
    42 -0.096140 1.828087 23.185329 0.004097 -0.057252 -1.570744
    43 2.325478 -0.000003 6.169296 -0.145164 0.023360 1.684678
    44 0.000000 -3.152912 0.122169 2.003089 0.000000 0.000000
    45 1.068383 -10.478592 7.066338 0.292219 -1.282324 -3.141588
    46 0.000000 0.000000 2.279457 0.547137 -0.343566 0.107833
    47 2.479414 -8.323895 6.074242 -0.008855 0.007342 1.561876
    48 0.000003 -5.075260 5.105362 0.000000 0.000000 0.000000
    49 -1.068383 -10.478611 7.065971 0.292219 1.282324 3.141588
    50 -0.000488 0.000015 2.279600 0.547136 0.343566 0.107835
    51 -2.479401 -8.323895 6.074234 0.008854 0.007354 1.579716
    52 -5.790000 4.432083 14.255558 -1.725569 1.252785 1.654251
    53 1.044540 -2.839314 19.743252 -0.720859 1.019604 -0.402898
    54 -2.655510 -1.533379 24.792648 -1.230133 -0.105270 1.125181
    55 -1.120216 -0.154385 9.795983 -0.017071 -0.001073 0.148363
    56 -2.240372 -0.308788 19.592047 -0.058807 0.161733 0.294381
    57 -0.683205 2.877342 14.167089 -0.360319 0.204138 -1.418542
    58 -0.144958 -0.145317 7.579308 -1.531829 0.304425 -0.164149
    59 -0.038551 -0.936644 4.697678 -1.069431 0.213298 -0.100293
    60 -0.506317 8.500896 13.617329 -0.014349 -0.111594 -1.332770
    61 0.385056 -0.460075 7.003435 -1.277311 0.581544 -0.289028
    62 -0.456360 -0.710276 5.057732 -1.312846 0.547040 -0.361642
    63 2.452194 -8.899408 11.597939 -0.924652 0.433265 -1.159905
    64 -0.680515 -0.903999 6.074242 -1.414541 -0.169992 -0.006009
    65 -0.248295 -0.666843 3.386627 -0.805547 -0.121632 0.046267
    66 0.717491 -3.784309 13.044010 -0.880780 0.200015 -1.407656
    67 -1.099228 -1.407673 8.017876 -1.523670 -0.020112 0.011574
    68 -0.064053 -0.807640 3.686100 -0.580831 -0.003169 -0.007222
    69 4.004906 6.172710 4.754800 0.451826 -1.049921 -2.826224
    70 -0.158381 -1.149773 5.804405 -0.449994 0.117620 0.245087
    71 1.078559 -2.386406 5.215008 -1.262144 0.858164 -0.043419
    72 6.289963 0.932404 13.569109 -0.126801 -0.612098 -2.869612
    73 -1.327759 -0.766682 12.396324 -0.069568 -0.016302 0.586921
    74 0.000017 -54.999996 0.000000 0.000000 0.000000 -1.570796
  time 15
    0 0.000000 0.000000 -1.500000 0.000000 0.000000 0.000000
    1 -10.521344 -5.760963 66.994621 3.097005 -0.050653 -3.139334
    2 3.410632 4.663733 30.626164 -0.112284 0.355995 0.066766
    3 -0.000034 0.000012 24.761454 -1.756072 -0.203452 -0.101585
    4 0.000017 0.000000 24.344809 2.295128 -0.210565 -0.228408
    5 0.002333 -1.019846 24.031336 0.958332 -0.045143 -0.008877
    6 0.000034 0.000008 13.404741 -0.000001 -0.000009 -0.067227
    7 10.398263 -5.760962 66.994675 3.097005 0.050653 3.139334
    8 6.671912 2.683907 31.191683 1.789838 -0.598123 -0.393877
    9 -0.000004 -0.000006 24.761459 -2.174087 0.251733 -0.494968
    10 -0.000007 0.000004 24.344891 1.424930 0.215762 0.036056
    11 -0.002360 -1.019903 24.031330 0.389594 -0.042695 -0.017219
    12 0.000000 -0.000002 13.404737 0.000001 0.000005 -0.254543
    13 -0.061540 -5.245835 72.927078 0.000000 0.000000 0.000000
    14 -4.756634 4.033808 -30.805588 0.404386 0.000021 -0.000063
    15 0.000000 -0.005608 -1.146812 -0.291665 0.014599 -0.106872
    16 0.030770 -0.240000 8.906021 -0.004138 0.000000 0.000000
    17 -0.281235 -3.968015 -0.992616 0.616927 -0.019794 -0.045239
    18 0.030770 -0.276858 8.905140 0.056125 0.004134 -0.000049
    19 0.072955 -1.030406 0.049607 0.572458 0.021909 0.001665
    20 5.669724 4.435303 14.302868 4.860044 -1.367818 -2.003202
    21 -1.044571 -2.839317 19.743267 0.018473 -1.119079 -0.009070
    22 2.655533 -1.533369 24.792658 -1.047684 0.116281 -0.307051
    23 1.120163 -0.154394 9.796035 -0.036594 -0.000812 -0.318578
    24 2.240311 -0.308786 19.592051 -0.141471 -0.071629 -0.623726
    25 0.683151 2.877354 14.167051 -0.207098 -0.125147 1.381478
    26 0.144936 -0.145374 7.579252 -1.606250 -0.244032 0.205005
    27 0.091660 -0.906685 4.702850 -0.707400 -0.112709 0.040808
    28 0.506271 8.500866 13.617253 0.058094 0.168744 1.336699
    29 -0.384987 -0.460049 7.003448 -1.173928 -0.449894 0.337206
    30 0.561516 -0.596954 5.061852 -1.007162 -0.338418 0.207048
    31 -2.452171 -8.899406 11.597897 -0.605423 -0.347962 1.078892
    32 0.680496 -0.903999 6.074253 -1.260533 0.139759 0.006979
    33 0.245514 -0.661150 3.388004 -0.649298 0.105760 -0.032846
    34 -0.717484 -3.784271 13.043911 -0.703354 -0.182732 1.369295
    35 1.099216 -1.407745 8.017889 -1.379816 0.021907 -0.004672
    36 0.068439 -0.807653 3.686054 -0.754979 0.010447 0.002628
    37 -4.004929 6.172707 4.754754 0.562451 0.993808 2.969935
    38 0.158352 -1.149811 5.804394 -0.235439 -0.193379 0.234256
    39 -1.083523 -1.463142 5.544399 -1.646687 -0.377066 0.249630
    40 -6.289886 0.932434 13.569063 -0.126803 0.612110 2.869610
    41 1.327774 -0.766687 12.396328 -0.014036 0.006966 -0.126758
    42 -0.096140 1.828087 23.185329 0.004114 -0.058845 -1.570744
    43 2.325478 -0.000003 6.169296 -0.054391 0.023664 1.681804
    44 0.000000 -3.152912 0.122169 2.003089 0.000000 0.000000
    45 1.068383 -10.478592 7.066338 0.292219 -1.282324 -3.141588
    46 0.000000 0.000000 2.279457 0.547137 -0.343566 0.107833
    47 2.479414 -8.323895 6.074242 -0.008855 0.007342 1.561876
    48 0.000003 -5.075260 5.105362 0.000000 0.000000 0.000000
    49 -1.068383 -10.478611 7.065971 0.292219 1.282324 3.141588
    50 -0.000488 0.000015 2.279600 0.547136 0.343566 0.107835
    51 -2.479401 -8.323895 6.074234 0.008854 0.007354 1.579716
    52 -5.790000 4.432083 14.255558 -1.738989 1.264498 1.606152
    53 1.044540 -2.839314 19.743252 -0.703883 1.091552 -0.428290
    54 -2.655510 -1.533379 24.792648 -1.232951 -0.107729 1.096555
    55 -1.120216 -0.154385 9.795983 -0.017083 -0.001073 0.148363
    56 -2.240372 -0.308788 19.592047 -0.058807 0.161733 0.294381
    57 -0.683205 2.877342 14.167089 -0.360269 0.204138 -1.418555
    58 -0.144958 -0.145317 7.579308 -1.531829 0.304425 -0.164149
    59 -0.038551 -0.936644 4.697678 -1.069431 0.213298 -0.100293
    60 -0.506317 8.500896 13.617329 -0.014349 -0.111594 -1.332770
    61 0.385056 -0.460075 7.003435 -1.277268 0.581544 -0.289043
    62 -0.456360 -0.710276 5.057732 -1.312846 0.547040 -0.361642
    63 2.452194 -8.899408 11.597939 -0.924612 0.433242 -1.159905
    64 -0.680515 -0.903999 6.074242 -1.414541 -0.169980 -0.006009
    65 -0.248295 -0.666843 3.386627 -0.805547 -0.121620 0.046267
    66 0.717491 -3.784309 13.044010 -0.880780 0.200015 -1.407656
    67 -1.099228 -1.407673 8.017876 -1.523670 -0.020112 0.011574
    68 -0.064053 -0.807640 3.686100 -0.580775 -0.003157 -0.007222
    69 4.004906 6.172710 4.754800 0.451902 -1.049921 -2.826224
    70 -0.158381 -1.149773 5.804405 -0.449994 0.117620 0.245117
    71 1.078559 -2.386406 5.215008 -1.262144 0.858164 -0.043419
    72 6.289963 0.932404 13.569109 -0.126801 -0.612098 -2.869612
    73 -1.327759 -0.766682 12.396324 -0.066368 -0.016469 0.560966
    74 0.000017 -54.999996 0.000000 0.000000 0.000000 -1.570796
  time 16
    0 0.000000 0.000000 -1.500000 0.000000 0.000000 0.000000
    1 -10.521344 -5.760963 66.994621 3.097005 -0.050653 -3.139334
    2 2.910616 4.258593 30.715862 -0.118979 0.371694 0.090577
    3 -0.000034 0.000012 24.761454 -1.742169 -0.201846 -0.127034
    4 0.000017 0.000000 24.344809 2.296361 -0.210905 -0.227738
    5 0.002333 -1.019846 24.031336 0.955980 -0.045167 -0.008770
    6 0.000034 0.000008 13.404741 -0.000001 -0.000009 -0.079250
    7 10.398263 -5.760962 66.994675 3.097005 0.050653 3.139334
    8 6.273463 1.722225 31.551365 1.781819 -0.612426 -0.379767
    9 -0.000004 -0.000006 24.761459 -2.220450 0.257090 -0.518834
    10 -0.000007 0.000004 24.344891 1.476110 0.213584 0.024390
    11 -0.002360 -1.019903 24.031330 0.389594 -0.042695 -0.017219
    12 0.000000 -0.000002 13.404737 0.000001 0.000005 -0.270773
    13 -0.061540 -5.245835 72.927078 0.000000 0.000000 0.000000
    14 -4.244899 3.346712 -31.053430 0.381631 0.000021 -0.000063
    15 0.000000 -0.005608 -1.146812 -0.262989 0.018505 -0.135379
    16 0.030770 -0.240000 8.906021 -0.004138 0.000000 0.000000
    17 -0.347644 -3.956296 -0.980897 0.614486 -0.024415 -0.057059
    18 0.030770 -0.276858 8.905140 0.056125 0.004134 -0.000049
    19 0.088581 -1.053844 0.045701 0.580715 0.027484 0.002120
    20 5.669724 4.435303 14.302868 4.852196 -1.388149 -1.951835
    21 -1.044571 -2.839317 19.743267 0.113378 -1.127481 -0.070830
    22 2.655533 -1.533369 24.792658 -1.043518 0.115128 -0.262087
    23 1.120163 -0.154394 9.796035 -0.036594 -0.000812 -0.318578
    24 2.240311 -0.308786 19.592051 -0.141471 -0.071629 -0.623726
    25 0.683151 2.877354 14.167051 -0.207043 -0.125147 1.381491
    26 0.144936 -0.145374 7.579252 -1.606204 -0.244032 0.205005
    27 0.091660 -0.906685 4.702850 -0.707400 -0.112709 0.040820
    28 0.506271 8.500866 13.617253 0.058094 0.168744 1.336699
    29 -0.384987 -0.460049 7.003448 -1.173892 -0.449894 0.337206
    30 0.561516 -0.596954 5.061852 -1.007197 -0.338418 0.207048
    31 -2.452171 -8.899406 11.597897 -0.605372 -0.347962 1.078892
    32 0.680496 -0.903999 6.074253 -1.260533 0.139759 0.006979
    33 0.245514 -0.661150 3.388004 -0.649298 0.105760 -0.032846
    34 -0.717484 -3.784271 13.043911 -0.703354 -0.182732 1.369310
    35 1.099216 -1.407745 8.017889 -1.379816 0.021907 -0.004672
    36 0.068439 -0.807653 3.686054 -0.754979 0.010447 0.002616
    37 -4.004929 6.172707 4.754754 0.562451 0.993808 2.969935
    38 0.158352 -1.149811 5.804394 -0.235439 -0.193379 0.234256
    39 -1.083523 -1.463142 5.544399 -1.646687 -0.377066 0.249630
    40 -6.289886 0.932434 13.569063 -0.126803 0.612110 2.869610
    41 1.327774 -0.766687 12.396328 -0.010381 0.005360 -0.094469
    42 -0.096140 1.828087 23.185329 0.004114 -0.060630 -1.570744
    43 2.325478 -0.000003 6.169296 0.125198 0.026934 1.678212
    44 0.000000 -3.152912 0.122169 2.003089 0.000000 0.000000
    45 1.068383 -10.478592 7.066338 0.292219 -1.282324 -3.141588
    46 0.000000 0.000000 2.279457 0.547137 -0.343566 0.107833
    47 2.479414 -8.323895 6.074242 -0.008855 0.007342 1.561876
    48 0.000003 -5.075260 5.105362 0.000000 0.000000 0.000000
    49 -1.068383 -10.478611 7.065971 0.292219 1.282324 3.141588
    50 -0.000488 0.000015 2.279600 0.547136 0.343566 0.107835
    51 -2.479401 -8.323895 6.074234 0.008854 0.007354 1.579716
    52 -5.790000 4.432083 14.255558 -1.747425 1.280905 1.552782
    53 1.044540 -2.839314 19.743252 -0.678782 1.146117 -0.437979
    54 -2.655510 -1.533379 24.792648 -1.230183 -0.110266 1.058615
    55 -1.120216 -0.154385 9.795983 -0.017071 -0.001073 0.148363
    56 -2.240372 -0.308788 19.592047 -0.058807 0.161733 0.294381
    57 -0.683205 2.877342 14.167089 -0.360319 0.204138 -1.418542
    58 -0.144958 -0.145317 7.579308 -1.531829 0.304437 -0.164149
    59 -0.038551 -0.936644 4.697678 -1.069431 0.213298 -0.100293
    60 -0.506317 8.500896 13.617329 -0.014349 -0.111594 -1.332770
    61 0.385056 -0.460075 7.003435 -1.277311 0.581544 -0.289028
    62 -0.456360 -0.710276 5.057732 -1.312846 0.547040 -0.361642
    63 2.452194 -8.899408 11.597939 -0.924652 0.433265 -1.159905
    64 -0.680515 -0.903999 6.074242 -1.414541 -0.169992 -0.006009
    65 -0.248295 -0.666843 3.386627 -0.805547 -0.121632 0.046267
    66 0.717491 -3.784309 13.044010 -0.880780 0.200015 -1.407656
    67 -1.099228 -1.407673 8.017876 -1.523670 -0.020112 0.011574
    68 -0.064053 -0.807640 3.686100 -0.580831 -0.003169 -0.007222
    69 4.004906 6.172710 4.754800 0.451826 -1.049921 -2.826306
    70 -0.158381 -1.149773 5.804405 -0.449994 0.117620 0.245087
    71 1.078559 -2.386406 5.215008 -1.262144 0.858164 -0.043419
    72 6.289963 0.932404 13.569109 -0.126801 -0.612098 -2.869612
    73 -1.327759 -0.766682 12.396324 -0.062869 -0.016529 0.532652
    74 0.000017 -54.999996 0.000000 0.000000 0.000000 -1.570796
  time 17
    0 0.000000 0.000000 -1.500000 0.000000 0.000000 0.000000
    1 -10.521344 -5.760963 66.994621 3.097005 -0.050653 -3.139334
    2 2.391069 3.902560 30.357070 -0.116178 0.389592 0.117708
    3 -0.000034 0.000012 24.761454 -1.718510 -0.199089 -0.148900
    4 0.000017 0.000000 24.344809 2.279532 -0.210181 -0.225037
    5 0.002333 -1.019846 24.031336 0.952135 -0.045203 -0.008602
    6 0.000034 0.000008 13.404741 -0.000001 -0.000009 -0.090050
    7 10.398263 -5.760962 66.994675 3.097005 0.050653 3.139334
    8 5.824230 0.760544 31.461445 1.744794 -0.621389 -0.346595
    9 -0.000004 -0.000006 24.761459 -2.249818 0.260470 -0.533907
    10 -0.000007 0.000004 24.344891 1.532388 0.209629 0.009761
    11 -0.002360 -1.019903 24.031330 0.389594 -0.042695 -0.017219
    12 0.000000 -0.000002 13.404737 0.000001 0.000005 -0.278760
    13 -0.061540 -5.245835 72.927078 0.000000 0.000000 0.000000
    14 -3.709727 2.671261 -30.850650 0.354363 0.000021 -0.000063
    15 0.000000 -0.005608 -1.146812 -0.228540 0.022787 -0.166060
    16 0.030770 -0.240000 8.906021 -0.004138 0.000000 0.000000
    17 -0.417958 -3.901607 -0.949646 0.605121 -0.028833 -0.069039
    18 0.030770 -0.276858 8.905140 0.056125 0.004134 -0.000049
    19 0.108113 -1.061657 0.041795 0.581144 0.033203 0.002528
    20 5.669724 4.435303 14.302868 4.845880 -1.412566 -1.893280
    21 -1.044571 -2.839317 19.743267 0.172768 -1.132699 -0.110396
    22 2.655533 -1.533369 24.792658 -0.976427 0.108826 -0.226179
    23 1.120163 -0.154394 9.796035 -0.036594 -0.000812 -0.318578
    24 2.240311 -0.308786 19.592051 -0.141471 -0.071629 -0.623726
    25 0.683151 2.877354 14.167051 -0.207098 -0.125147 1.381491
    26 0.144936 -0.145374 7.579252 -1.606250 -0.244032 0.205005
    27 0.091660 -0.906685 4.702850 -0.707400 -0.112709 0.040808
    28 0.506271 8.500866 13.617253 0.058094 0.168744 1.336699
    29 -0.384987 -0.460049 7.003448 -1.173928 -0.449894 0.337206
    30 0.561516 -0.596954 5.061852 -1.007162 -0.338418 0.207048
    31 -2.452171 -8.899406 11.597897 -0.605423 -0.347962 1.078892
    32 0.680496 -0.903999 6.074253 -1.260533 0.139759 0.006979
    33 0.245514 -0.661150 3.388004 -0.649298 0.105760 -0.032846
    34 -0.717484 -3.784271 13.043911 -0.703354 -0.182732 1.369295
    35 1.099216 -1.407745 8.017889 -1.379816 0.021907 -0.004672
    36 0.068439 -0.807653 3.686054 -0.755015 0.010447 0.002616
    37 -4.004929 6.172707 4.754754 0.562451 0.993808 2.969935
    38 0.158352 -1.149811 5.804394 -0.235439 -0.193379 0.234256
    39 -1.083523 -1.463142 5.544399 -1.646687 -0.377066 0.249630
    40 -6.289886 0.932434 13.569063 -0.126803 0.612110 2.869610
    41 1.327774 -0.766687 12.396328 -0.007289 0.003886 -0.066851
    42 -0.096140 1.828087 23.185329 0.004114 -0.062478 -1.570744
    43 2.325478 -0.000003 6.169296 0.300728 0.030711 1.679130
    44 0.000000 -3.152912 0.122169 2.003089 0.000000 0.000000
    45 1.068383 -10.478592 7.066338 0.292219 -1.282324 -3.141588
    46 0.000000 0.000000 2.279457 0.547137 -0.343566 0.107833
    47 2.479414 -8.323895 6.074242 -0.008855 0.007342 1.561876
    48 0.000003 -5.075260 5.105362 0.000000 0.000000 0.000000
    49 -1.068383 -10.478611 7.065971 0.292219 1.282324 3.141588
    50 -0.000488 0.000015 2.279600 0.547136 0.343566 0.107835
    51 -2.479401 -8.323895 6.074234 0.008854 0.007354 1.579716
    52 -5.790000 4.432083 14.255558 -1.755477 1.301175 1.491365
    53 1.044540 -2.839314 19.743252 -0.638933 1.182155 -0.427256
    54 -2.655510 -1.533379 24.792648 -1.162948 -0.107185 1.017190
    55 -1.120216 -0.154385 9.795983 -0.017071 -0.001073 0.148363
    56 -2.240372 -0.308788 19.592047 -0.058807 0.161733 0.294381
    57 -0.683205 2.877342 14.167089 -0.360319 0.204138 -1.418542
    58 -0.144958 -0.145317 7.579308 -1.531829 0.304425 -0.164149
    59 -0.038551 -0.936644 4.697678 -1.069431 0.213298 -0.100293
    60 -0.506317 8.500896 13.617329 -0.014349 -0.111594 -1.332770
    61 0.385056 -0.460075 7.003435 -1.277311 0.581544 -0.289028
    62 -0.456360 -0.710276 5.057732 -1.312846 0.547040 -0.361642
    63 2.452194 -8.899408 11.597939 -0.924652 0.433265 -1.159905
    64 -0.680515 -0.903999 6.074242 -1.414541 -0.169992 -0.006009
    65 -0.248295 -0.666843 3.386627 -0.805547 -0.121632 0.046267
    66 0.717491 -3.784309 13.044010 -0.880780 0.200015 -1.407656
    67 -1.099228 -1.407673 8.017876 -1.523670 -0.020112 0.011574
    68 -0.064053 -0.807640 3.686100 -0.580775 -0.003169 -0.007222
    69 4.004906 6.172710 4.754800 0.451751 -1.049921 -2.826224
    70 -0.158381 -1.149773 5.804405 -0.449994 0.117620 0.245087
    71 1.078559 -2.386406 5.215008 -1.262144 0.858164 -0.043419
    72 6.289963 0.932404 13.569109 -0.126801 -0.612098 -2.869612
    73 -1.327759 -0.766682 12.396324 -0.059189 -0.016517 0.502765
    74 0.000017 -54.999996 0.000000 0.000000 0.000000 -1.570796
  time 18
    0 0.000000 0.000000 -1.500000 0.000000 0.000000 0.000000
    1 -10.521344 -5.760963 66.994621 3.097005 -0.050653 -3.139334
    2 1.840271 3.620189 29.684334 -0.106272 0.408297 0.147418
    3 -0.000034 0.000012 24.761454 -1.686843 -0.195446 -0.167752
    4 0.000017 0.000000 24.344809 2.248832 -0.208573 -0.220672
    5 0.002333 -1.019846 24.031336 0.947095 -0.045239 -0.008350
    6 0.000034 0.000008 13.404741 -0.000001 -0.000009 -0.099795
    7 10.398263 -5.760962 66.994675 3.097005 0.050653 3.139334
    8 5.343747 -0.176159 31.011841 1.684736 -0.628119 -0.298983
    9 -0.000004 -0.000006 24.761459 -2.263292 0.262028 -0.545426
    10 -0.000007 0.000004 24.344891 1.590667 0.203985 -0.006822
    11 -0.002360 -1.019903 24.031330 0.389594 -0.042695 -0.017219
    12 0.000000 -0.000002 13.404737 0.000001 0.000005 -0.283290
    13 -0.061540 -5.245835 72.927078 0.000000 0.000000 0.000000
    14 -3.155022 2.019103 -30.332435 0.323511 0.000021 -0.000063
    15 0.000000 -0.005608 -1.146812 -0.189625 0.027367 -0.198181
    16 0.030770 -0.240000 8.906021 -0.004138 0.000000 0.000000
    17 -0.464835 -3.803948 -0.902770 0.589802 -0.032822 -0.080660
    18 0.030770 -0.276858 8.905140 0.056125 0.004134 -0.000049
    19 0.123738 -1.049938 0.033982 0.574960 0.039004 0.002767
    20 5.669724 4.435303 14.302868 4.830471 -1.440225 -1.819393
    21 -1.044571 -2.839317 19.743267 0.199772 -1.135569 -0.128727
    22 2.655533 -1.533369 24.792658 -0.821588 0.097183 -0.204101
    23 1.120163 -0.154394 9.796035 -0.036414 -0.000705 -0.318578
    24 2.240311 -0.308786 19.592051 -0.141471 -0.071629 -0.623726
    25 0.683151 2.877354 14.167051 -0.207098 -0.125147 1.381491
    26 0.144936 -0.145374 7.579252 -1.606250 -0.244032 0.205005
    27 0.091660 -0.906685 4.702850 -0.707309 -0.112625 0.040676
    28 0.506271 8.500866 13.617253 0.058094 0.168744 1.336699
    29 -0.384987 -0.460049 7.003448 -1.173928 -0.449894 0.337206
    30 0.561516 -0.596954 5.061852 -1.007054 -0.338478 0.206844
    31 -2.452171 -8.899406 11.597897 -0.605423 -0.347962 1.078892
    32 0.680496 -0.903999 6.074253 -1.260533 0.139759 0.006979
    33 0.245514 -0.661150 3.388004 -0.649085 0.105820 -0.032822
    34 -0.717484 -3.784271 13.043911 -0.703354 -0.182732 1.369310
    35 1.099216 -1.407745 8.017889 -1.379816 0.021907 -0.004672
    36 0.068439 -0.807653 3.686054 -0.754802 0.010519 0.002556
    37 -4.004929 6.172707 4.754754 0.562451 0.993808 2.969935
    38 0.158352 -1.149811 5.804394 -0.235439 -0.193379 0.234256
    39 -1.083523 -1.463142 5.544399 -1.646896 -0.377221 0.249699
    40 -6.289886 0.932434 13.569063 -0.126803 0.612110 2.869610
    41 1.327774 -0.766687 12.396328 -0.004640 0.002664 -0.044655
    42 -0.096140 1.828087 23.185329 0.004114 -0.064390 -1.570744
    43 2.325478 -0.000003 6.169296 0.379564 0.030291 1.680168
    44 0.000000 -3.152912 0.122169 2.003089 0.000000 0.000000
    45 1.068383 -10.478592 7.066338 0.292219 -1.282324 -3.141588
    46 0.000000 0.000000 2.279457 0.547137 -0.343566 0.107833
    47 2.479414 -8.323895 6.074242 -0.008855 0.007342 1.561876
    48 0.000003 -5.075260 5.105362 0.000000 0.000000 0.000000
    49 -1.068383 -10.478611 7.065971 0.292219 1.282324 3.141588
    50 -0.000488 0.000015 2.279600 0.547136 0.343566 0.107835
    51 -2.479401 -8.323895 6.074234 0.008854 0.007354 1.579716
    52 -5.790000 4.432083 14.255558 -1.768513 1.324145 1.418162
    53 1.044540 -2.839314 19.743252 -0.585057 1.198520 -0.396911
    54 -2.655510 -1.533379 24.792648 -1.006486 -0.097310 0.977508
    55 -1.120216 -0.154385 9.795983 -0.017071 -0.001073 0.148390
    56 -2.240372 -0.308788 19.592047 -0.058807 0.161733 0.294381
    57 -0.683205 2.877342 14.167089 -0.360269 0.204138 -1.418542
    58 -0.144958 -0.145317 7.579308 -1.531829 0.304425 -0.164149
    59 -0.038551 -0.936644 4.697678 -1.069431 0.213298 -0.100293
    60 -0.506317 8.500896 13.617329 -0.014349 -0.111594 -1.332770
    61 0.385056 -0.460075 7.003435 -1.277311 0.581544 -0.289043
    62 -0.456360 -0.710276 5.057732 -1.312846 0.547040 -0.361642
    63 2.452194 -8.899408 11.597939 -0.924652 0.433242 -1.159905
    64 -0.680515 -0.903999 6.074242 -1.414487 -0.169980 -0.006009
    65 -0.248295 -0.666843 3.386627 -0.805588 -0.121632 0.046267
    66 0.717491 -3.784309 13.044010 -0.880780 0.200015 -1.407656
    67 -1.099228 -1.407673 8.017876 -1.523670 -0.020112 0.011574
    68 -0.064053 -0.807640 3.686100 -0.580831 -0.003169 -0.007222
    69 4.004906 6.172710 4.754800 0.451826 -1.049921 -2.826224
    70 -0.158381 -1.149773 5.804405 -0.449994 0.117620 0.245087
    71 1.078559 -2.386406 5.215008 -1.262144 0.858164 -0.043419
    72 6.289963 0.932404 13.569109 -0.126801 -0.612098 -2.869612
    73 -1.327759 -0.766682 12.396324 -0.055474 -0.016398 0.472693
    74 0.000017 -54.999996 0.000000 0.000000 0.000000 -1.570796
  time 19
    0 0.000000 0.000000 -1.500000 0.000000 0.000000 0.000000
    1 -10.521344 -5.760963 66.994621 3.097005 -0.050653 -3.139334
    2 1.269941 3.386926 28.742503 -0.091720 0.426529 0.178743
    3 -0.000034 0.000012 24.761454 -1.648143 -0.190976 -0.183795
    4 0.000017 0.000000 24.344809 2.207651 -0.206016 -0.214882
    5 0.002333 -1.019846 24.031336 0.941009 -0.045299 -0.008074
    6 0.000034 0.000008 13.404741 -0.000001 -0.000009 -0.108528
    7 10.398263 -5.760962 66.994675 3.097005 0.050653 3.139334
    8 4.835919 -1.112862 30.247515 1.607018 -0.634850 -0.241469
    9 -0.000004 -0.000006 24.761459 -2.261093 0.261776 -0.557449
    10 -0.000007 0.000004 24.344891 1.647010 0.196697 -0.024142
    11 -0.002360 -1.019903 24.031330 0.389594 -0.042695 -0.017219
    12 0.000000 -0.000002 13.404737 0.000001 0.000005 -0.287970
    13 -0.061540 -5.245835 72.927078 0.000000 0.000000 0.000000
    14 -2.592505 1.378589 -29.476253 0.289971 0.000021 -0.000063
    15 0.000000 -0.005608 -1.146812 -0.147298 0.032103 -0.231009
    16 0.030770 -0.240000 8.906021 -0.004138 0.000000 0.000000
    17 -0.519524 -3.667225 -0.840268 0.569473 -0.036164 -0.091602
    18 0.030770 -0.276858 8.905140 0.056125 0.004134 -0.000049
    19 0.143270 -1.038218 0.026169 0.563200 0.044702 0.002827
    20 5.669724 4.435303 14.302868 4.784819 -1.469575 -1.710238
    21 -1.044571 -2.839317 19.743267 0.197179 -1.135152 -0.126950
    22 2.655533 -1.533369 24.792658 -0.632987 0.086769 -0.193992
    23 1.120163 -0.154394 9.796035 -0.036618 -0.000836 -0.318578
    24 2.240311 -0.308786 19.592051 -0.141471 -0.071629 -0.623726
    25 0.683151 2.877354 14.167051 -0.207043 -0.125147 1.381491
    26 0.144936 -0.145374 7.579252 -1.606204 -0.244032 0.205017
    27 0.091660 -0.906685 4.702850 -0.707492 -0.112720 0.040832
    28 0.506271 8.500866 13.617253 0.058094 0.168744 1.336699
    29 -0.384987 -0.460049 7.003448 -1.173928 -0.449894 0.337206
    30 0.561516 -0.596954 5.061852 -1.007233 -0.338418 0.207084
    31 -2.452171 -8.899406 11.597897 -0.605372 -0.347962 1.078892
    32 0.680496 -0.903999 6.074253 -1.260533 0.139759 0.006979
    33 0.245514 -0.661150 3.388004 -0.649404 0.105760 -0.032846
    34 -0.717484 -3.784271 13.043911 -0.703354 -0.182732 1.369310
    35 1.099216 -1.407745 8.017889 -1.379816 0.021907 -0.004672
    36 0.068439 -0.807653 3.686054 -0.755051 0.010435 0.002628
    37 -4.004929 6.172707 4.754754 0.562451 0.993808 2.969839
    38 0.158352 -1.149811 5.804394 -0.235439 -0.193379 0.234256
    39 -1.083523 -1.463142 5.544399 -1.646687 -0.377042 0.249630
    40 -6.289886 0.932434 13.569063 -0.126803 0.612110 2.869610
    41 1.327774 -0.766687 12.396328 -0.003178 0.001777 -0.029239
    42 -0.096140 1.828087 23.185329 0.004114 -0.066270 -1.570744
    43 2.325478 -0.000003 6.169296 0.357265 0.027050 1.677853
    44 0.000000 -3.152912 0.122169 2.003073 0.000000 0.000000
    45 1.068383 -10.478592 7.066338 0.292219 -1.282324 -3.141588
    46 0.000000 0.000000 2.279457 0.547137 -0.343566 0.107833
    47 2.479414 -8.323895 6.074242 -0.008855 0.007342 1.561876
    48 0.000003 -5.075260 5.105362 0.000000 0.000000 0.000000
    49 -1.068383 -10.478611 7.065971 0.292219 1.282324 3.141588
    50 -0.000488 0.000015 2.279600 0.547136 0.343566 0.107835
    51 -2.479401 -8.323895 6.074234 0.008854 0.007354 1.579716
    52 -5.790000 4.432083 14.255558 -1.793532 1.348611 1.328575
    53 1.044540 -2.839314 19.743252 -0.526228 1.195171 -0.355299
    54 -2.655510 -1.533379 24.792648 -0.814846 -0.087486 0.939340
    55 -1.120216 -0.154385 9.795983 -0.017059 -0.001073 0.148363
    56 -2.240372 -0.308788 19.592047 -0.058807 0.161733 0.294381
    57 -0.683205 2.877342 14.167089 -0.360319 0.204138 -1.418542
    58 -0.144958 -0.145317 7.579308 -1.531829 0.304425 -0.164149
    59 -0.038551 -0.936644 4.697678 -1.069382 0.213286 -0.100293
    60 -0.506317 8.500896 13.617329 -0.014349 -0.111594 -1.332770
    61 0.385056 -0.460075 7.003435 -1.277311 0.581544 -0.289028
    62 -0.456360 -0.710276 5.057732 -1.312846 0.547040 -0.361642
    63 2.452194 -8.899408 11.597939 -0.924652 0.433242 -1.159905
    64 -0.680515 -0.903999 6.074242 -1.414541 -0.169980 -0.006009
    65 -0.248295 -0.666843 3.386627 -0.805547 -0.121632 0.046279
    66 0.717491 -3.784309 13.044010 -0.880830 0.200015 -1.407656
    67 -1.099228 -1.407673 8.017876 -1.523670 -0.020112 0.011574
    68 -0.064053 -0.807640 3.686100 -0.580775 -0.003169 -0.007222
    69 4.004906 6.172710 4.754800 0.451826 -1.049921 -2.826306
    70 -0.158381 -1.149773 5.804405 -0.449994 0.117620 0.245087
    71 1.078559 -2.386406 5.215008 -1.262144 0.858164 -0.043419
    72 6.289963 0.932404 13.569109 -0.126801 -0.612098 -2.869612
    73 -1.327759 -0.766682 12.396324 -0.051903 -0.016158 0.443731
    74 0.000017 -54.999996 0.000000 0.000000 0.000000 -1.570796
  time 20
    0 0.000000 0.000000 -1.500000 0.000000 0.000000 0.000000
    1 -10.521344 -5.760963 66.994621 3.097005 -0.050653 -3.139334
    2 0.683986 3.190494 27.576427 -0.074982 0.443425 0.210812
    3 -0.000034 0.000012 24.761454 -1.602736 -0.185726 -0.197273
    4 0.000017 0.000000 24.344809 2.158704 -0.202598 -0.207925
    5 0.002333 -1.019846 24.031336 0.934252 -0.045335 -0.007775
    6 0.000034 0.000008 13.404741 -0.000001 -0.000009 -0.116206
    7 10.398263 -5.760962 66.994675 3.097005 0.050653 3.139334
    8 4.312465 -1.987118 29.213428 1.517528 -0.642386 -0.177354
    9 -0.000004 -0.000006 24.761459 -2.243713 0.259762 -0.572270
    10 -0.000007 0.000004 24.344891 1.697609 0.187764 -0.040914
    11 -0.002360 -1.019903 24.031330 0.389594 -0.042695 -0.017219
    12 0.000000 -0.000002 13.404737 0.000001 0.000005 -0.294862
    13 -0.061540 -5.245835 72.927078 0.000000 0.000000 0.000000
    14 -2.022175 0.784659 -28.439823 0.254606 0.000021 -0.000063
    15 0.000000 -0.005608 -1.146812 -0.102641 0.036903 -0.263891
    16 0.030770 -0.240000 8.906021 -0.004138 0.000000 0.000000
    17 -0.550775 -3.514876 -0.769953 0.545273 -0.038595 -0.101465
    18 0.030770 -0.276858 8.905140 0.056125 0.004134 -0.000049
    19 0.154989 -1.014780 0.022263 0.547043 0.050174 0.002659
    20 5.669724 4.435303 14.302868 4.659158 -1.499243 -1.518380
    21 -1.044571 -2.839317 19.743267 0.167484 -1.129516 -0.106307
    22 2.655533 -1.533369 24.792658 -0.464608 0.081043 -0.191405
    23 1.120163 -0.154394 9.796035 -0.036618 -0.000836 -0.318578
    24 2.240311 -0.308786 19.592051 -0.141471 -0.071629 -0.623726
    25 0.683151 2.877354 14.167051 -0.207043 -0.125147 1.381491
    26 0.144936 -0.145374 7.579252 -1.606204 -0.244032 0.205017
    27 0.091660 -0.906685 4.702850 -0.707492 -0.112720 0.040832
    28 0.506271 8.500866 13.617253 0.058094 0.168744 1.336699
    29 -0.384987 -0.460049 7.003448 -1.173892 -0.449894 0.337206
    30 0.561516 -0.596954 5.061852 -1.007233 -0.338418 0.207084
    31 -2.452171 -8.899406 11.597897 -0.605372 -0.347962 1.078892
    32 0.680496 -0.903999 6.074253 -1.260533 0.139759 0.006991
    33 0.245514 -0.661150 3.388004 -0.649404 0.105760 -0.032846
    34 -0.717484 -3.784271 13.043911 -0.703354 -0.182732 1.369310
    35 1.099216 -1.407745 8.017889 -1.379816 0.021907 -0.004672
    36 0.068439 -0.807653 3.686054 -0.755051 0.010435 0.002628
    37 -4.004929 6.172707 4.754754 0.562451 0.993808 2.969839
    38 0.158352 -1.149811 5.804394 -0.235439 -0.193379 0.234256
    39 -1.083523 -1.463142 5.544399 -1.646687 -0.377042 0.249630
    40 -6.289886 0.932434 13.569063 -0.126803 0.612110 2.869610
    41 1.327774 -0.766687 12.396328 -0.002375 0.001321 -0.021807
    42 -0.096140 1.828087 23.185329 0.004114 -0.068214 -1.570744
    43 2.325478 -0.000003 6.169296 0.296240 0.024431 1.674580
    44 0.000000 -3.152912 0.122169 2.003073 0.000000 0.000000
    45 1.068383 -10.478592 7.066338 0.292219 -1.282324 -3.141588
    46 0.000000 0.000000 2.279457 0.547137 -0.343566 0.107833
    47 2.479414 -8.323895 6.074242 -0.008855 0.007342 1.561876
    48 0.000003 -5.075260 5.105362 0.000000 0.000000 0.000000
    49 -1.068383 -10.478611 7.065971 0.292219 1.282324 3.141588
    50 -0.000488 0.000015 2.279600 0.547136 0.343566 0.107835
    51 -2.479401 -8.323895 6.074234 0.008854 0.007354 1.579716
    52 -5.790000 4.432083 14.255558 -1.838489 1.373200 1.216279
    53 1.044540 -2.839314 19.743252 -0.476193 1.173209 -0.314748
    54 -2.655510 -1.533379 24.792648 -0.642280 -0.081895 0.899505
    55 -1.120216 -0.154385 9.795983 -0.017059 -0.001073 0.148390
    56 -2.240372 -0.308788 19.592047 -0.058807 0.161733 0.294381
    57 -0.683205 2.877342 14.167089 -0.360269 0.204138 -1.418542
    58 -0.144958 -0.145317 7.579308 -1.531829 0.304437 -0.164149
    59 -0.038551 -0.936644 4.697678 -1.069431 0.213298 -0.100293
    60 -0.506317 8.500896 13.617329 -0.014349 -0.111594 -1.332770
    61 0.385056 -0.460075 7.003435 -1.277268 0.581544 -0.289043
    62 -0.456360 -0.710276 5.057732 -1.312846 0.547040 -0.361642
    63 2.452194 -8.899408 11.597939 -0.924612 0.433242 -1.159905
    64 -0.680515 -0.903999 6.074242 -1.414541 -0.169992 -0.006009
    65 -0.248295 -0.666843 3.386627 -0.805588 -0.121632 0.046267
    66 0.717491 -3.784309 13.044010 -0.880780 0.200015 -1.407656
    67 -1.099228 -1.407673 8.017876 -1.523670 -0.020112 0.011574
    68 -0.064053 -0.807640 3.686100 -0.580831 -0.003169 -0.007222
    69 4.004906 6.172710 4.754800 0.451826 -1.049921 -2.826224
    70 -0.158381 -1.149773 5.804405 -0.449994 0.117620 0.245087
    71 1.078559 -2.386406 5.215008 -1.262144 0.858164 -0.043419
    72 6.289963 0.932404 13.569109 -0.126801 -0.612098 -2.869612
    73 -1.327759 -0.766682 12.396324 -0.048691 -0.015846 0.417499
    74 0.000017 -54.999996 0.000000 0.000000 0.000000 -1.570796
  time 21
    0 0.000000 0.000000 -1.500000 0.000000 0.000000 0.000000
    1 -10.521344 -5.760963 66.994621 3.097005 -0.050653 -3.139334
    2 0.086311 3.043170 26.298228 -0.058449 0.458484 0.242574
    3 -0.000034 0.000012 24.761454 -1.551353 -0.179782 -0.208470
    4 0.000017 0.000000 24.344809 2.104454 -0.198456 -0.200255
    5 0.002333 -1.019846 24.031336 0.926934 -0.045394 -0.007427
    6 0.000034 0.000008 13.404741 -0.000001 -0.000009 -0.122956
    7 10.398263 -5.760962 66.994675 3.097005 0.050653 3.139334
    8 3.777293 -2.811416 27.999498 1.421555 -0.650433 -0.109608
    9 -0.000004 -0.000006 24.761459 -2.212530 0.256155 -0.590394
    10 -0.000007 0.000004 24.344891 1.739108 0.177410 -0.056069
    11 -0.002360 -1.019903 24.031330 0.389594 -0.042695 -0.017219
    12 0.000000 -0.000002 13.404737 0.000001 0.000005 -0.304437
    13 -0.061540 -5.245835 72.927078 0.000000 0.000000 0.000000
    14 -1.467471 0.214020 -27.178081 0.218345 0.000021 -0.000063
    15 0.000000 -0.005608 -1.146812 -0.056869 0.041671 -0.296148
    16 0.030770 -0.240000 8.906021 -0.004138 0.000000 0.000000
    17 -0.574213 -3.339090 -0.695732 0.518126 -0.040013 -0.110211
    18 0.030770 -0.276858 8.905140 0.056125 0.004134 -0.000049
    19 0.170615 -0.991342 0.018356 0.527490 0.055276 0.002264
    20 5.669724 4.435303 14.302868 4.305621 -1.524506 -1.097670
    21 -1.044571 -2.839317 19.743267 0.113965 -1.116261 -0.069392
    22 2.655533 -1.533369 24.792658 -0.370307 0.079237 -0.190191
    23 1.120163 -0.154394 9.796035 -0.036618 -0.000836 -0.318578
    24 2.240311 -0.308786 19.592051 -0.141471 -0.071629 -0.623726
    25 0.683151 2.877354 14.167051 -0.207043 -0.125147 1.381478
    26 0.144936 -0.145374 7.579252 -1.606250 -0.244032 0.204993
    27 0.091660 -0.906685 4.702850 -0.707400 -0.112720 0.040832
    28 0.506271 8.500866 13.617253 0.058094 0.168744 1.336699
    29 -0.384987 -0.460049 7.003448 -1.173892 -0.449906 0.337206
    30 0.561516 -0.596954 5.061852 -1.007233 -0.338418 0.207072
    31 -2.452171 -8.899406 11.597897 -0.605372 -0.347962 1.078892
    32 0.680496 -0.903999 6.074253 -1.260533 0.139759 0.006979
    33 0.245514 -0.661150 3.388004 -0.649404 0.105760 -0.032846
    34 -0.717484 -3.784271 13.043911 -0.703354 -0.182732 1.369295
    35 1.099216 -1.407745 8.017889 -1.379816 0.021907 -0.004672
    36 0.068439 -0.807653 3.686054 -0.755051 0.010435 0.002628
    37 -4.004929 6.172707 4.754754 0.562451 0.993808 2.969935
    38 0.158352 -1.149811 5.804394 -0.235439 -0.193379 0.234256
    39 -1.083523 -1.463142 5.544399 -1.646687 -0.377042 0.249630
    40 -6.289886 0.932434 13.569063 -0.126803 0.612110 2.869610
    41 1.327774 -0.766687 12.396328 -0.002495 0.001393 -0.023012
    42 -0.096140 1.828087 23.185329 0.004114 -0.070126 -1.570774
    43 2.325478 -0.000003 6.169296 0.204273 0.022087 1.671467
    44 0.000000 -3.152912 0.122169 2.003089 0.000000 0.000000
    45 1.068383 -10.478592 7.066338 0.292219 -1.282324 -3.141588
    46 0.000000 0.000000 2.279457 0.547137 -0.343566 0.107833
    47 2.479414 -8.323895 6.074242 -0.008855 0.007342 1.561876
    48 0.000003 -5.075260 5.105362 0.000000 0.000000 0.000000
    49 -1.068383 -10.478611 7.065971 0.292219 1.282324 3.141588
    50 -0.000488 0.000015 2.279600 0.547136 0.343566 0.107835
    51 -2.479401 -8.323895 6.074234 0.008854 0.007354 1.579716
    52 -5.790000 4.432083 14.255558 -1.912396 1.396170 1.073802
    53 1.044540 -2.839314 19.743252 -0.444970 1.135730 -0.284185
    54 -2.655510 -1.533379 24.792648 -0.542887 -0.081106 0.852780
    55 -1.120216 -0.154385 9.795983 -0.017071 -0.001073 0.148363
    56 -2.240372 -0.308788 19.592047 -0.058807 0.161733 0.294381
    57 -0.683205 2.877342 14.167089 -0.360269 0.204138 -1.418542
    58 -0.144958 -0.145317 7.579308 -1.531829 0.304425 -0.164149
    59 -0.038551 -0.936644 4.697678 -1.069431 0.213286 -0.100293
    60 -0.506317 8.500896 13.617329 -0.014349 -0.111594 -1.332725
    61 0.385056 -0.460075 7.003435 -1.277311 0.581544 -0.289028
    62 -0.456360 -0.710276 5.057732 -1.312846 0.547040 -0.361642
    63 2.452194 -8.899408 11.597939 -0.924612 0.433265 -1.159905
    64 -0.680515 -0.903999 6.074242 -1.414541 -0.169992 -0.006009
    65 -0.248295 -0.666843 3.386627 -0.805547 -0.121632 0.046267
    66 0.717491 -3.784309 13.044010 -0.880780 0.200015 -1.407656
    67 -1.099228 -1.407673 8.017876 -1.523670 -0.020112 0.011574
    68 -0.064053 -0.807640 3.686100 -0.580775 -0.003169 -0.007222
    69 4.004906 6.172710 4.754800 0.451751 -1.049921 -2.826306
    70 -0.158381 -1.149773 5.804405 -0.449994 0.117620 0.245087
    71 1.078559 -2.386406 5.215008 -1.262144 0.858164 -0.043419
    72 6.289963 0.932404 13.569109 -0.126801 -0.612098 -2.869612
    73 -1.327759 -0.766682 12.396324 -0.045898 -0.015535 0.394829
    74 0.000017 -54.999996 0.000000 0.000000 0.000000 -1.570796
  time 22
    0 0.000000 0.000000 -1.500000 0.000000 0.000000 0.000000
    1 -10.521344 -5.760963 66.994621 3.097005 -0.050653 -3.139334
    2 -0.507457 2.920400 24.907907 -0.044375 0.471511 0.272982
    3 -0.000034 0.000012 24.761454 -1.494604 -0.173227 -0.217469
    4 0.000017 0.000000 24.344809 2.047431 -0.193816 -0.192239
    5 0.002333 -1.019846 24.031336 0.919430 -0.045442 -0.007092
    6 0.000034 0.000008 13.404741 -0.000001 -0.000009 -0.128651
    7 10.398263 -5.760962 66.994675 3.097005 0.050653 3.139334
    8 3.246026 -3.610736 26.650688 1.323363 -0.657750 -0.040129
    9 -0.000004 -0.000006 24.761459 -2.169522 0.251205 -0.610886
    10 -0.000007 0.000004 24.344891 1.770087 0.165966 -0.068890
    11 -0.002360 -1.019903 24.031330 0.389594 -0.042695 -0.017219
    12 0.000000 -0.000002 13.404737 0.000001 0.000005 -0.316181
    13 -0.061540 -5.245835 72.927078 0.000000 0.000000 0.000000
    14 -0.932298 -0.310036 -25.848746 0.182084 0.000021 -0.000063
    15 0.000000 -0.005608 -1.146812 -0.011096 0.046236 -0.327182
    16 0.030770 -0.240000 8.906021 -0.004138 0.000000 0.000000
    17 -0.582026 -3.151584 -0.617605 0.489254 -0.040304 -0.117678
    18 0.030770 -0.276858 8.905140 0.056125 0.004134 -0.000049
    19 0.182334 -0.952278 0.018356 0.505722 0.059966 0.001629
    20 5.669724 4.435303 14.302868 3.541411 -1.531729 -0.267177
    21 -1.044571 -2.839317 19.743267 0.042052 -1.093248 -0.021112
    22 2.655533 -1.533369 24.792658 -0.343836 0.078930 -0.190353
    23 1.120163 -0.154394 9.796035 -0.036618 -0.000836 -0.318578
    24 2.240311 -0.308786 19.592051 -0.141471 -0.071629 -0.623726
    25 0.683151 2.877354 14.167051 -0.207098 -0.125147 1.381491
    26 0.144936 -0.145374 7.579252 -1.606250 -0.244032 0.205017
    27 0.091660 -0.906685 4.702850 -0.707492 -0.112720 0.040832
    28 0.506271 8.500866 13.617253 0.058094 0.168722 1.336699
    29 -0.384987 -0.460049 7.003448 -1.173928 -0.449894 0.337206
    30 0.561516 -0.596954 5.061852 -1.007197 -0.338418 0.207072
    31 -2.452171 -8.899406 11.597897 -0.605423 -0.347962 1.078892
    32 0.680496 -0.903999 6.074253 -1.260533 0.139759 0.006979
    33 0.245514 -0.661150 3.388004 -0.649404 0.105760 -0.032846
    34 -0.717484 -3.784271 13.043911 -0.703354 -0.182732 1.369310
    35 1.099216 -1.407745 8.017889 -1.379816 0.021895 -0.004672
    36 0.068439 -0.807653 3.686054 -0.755051 0.010435 0.002628
    37 -4.004929 6.172707 4.754754 0.562451 0.993808 2.969935
    38 0.158352 -1.149811 5.804394 -0.235439 -0.193379 0.234256
    39 -1.083523 -1.463142 5.544399 -1.646739 -0.377042 0.249630
    40 -6.289886 0.932434 13.569063 -0.126803 0.612110 2.869610
    41 1.327774 -0.766687 12.396328 -0.003489 0.001957 -0.032302
    42 -0.096140 1.828087 23.185329 0.004114 -0.071974 -1.570774
    43 2.325478 -0.000003 6.169296 0.089099 0.019902 1.669471
    44 0.000000 -3.152912 0.122169 2.003073 0.000000 0.000000
    45 1.068383 -10.478592 7.066338 0.292219 -1.282324 -3.141588
    46 0.000000 0.000000 2.279457 0.547137 -0.343566 0.107833
    47 2.479414 -8.323895 6.074242 -0.008855 0.007342 1.561876
    48 0.000003 -5.075260 5.105362 0.000000 0.000000 0.000000
    49 -1.068383 -10.478611 7.065971 0.292219 1.282324 3.141588
    50 -0.000488 0.000015 2.279600 0.547136 0.343566 0.107835
    51 -2.479401 -8.323895 6.074234 0.008854 0.007354 1.579716
    52 -5.790000 4.432083 14.255558 -2.023303 1.415402 0.895489
    53 1.044540 -2.839314 19.743252 -0.435230 1.086846 -0.265597
    54 -2.655510 -1.533379 24.792648 -0.510226 -0.082400 0.800450
    55 -1.120216 -0.154385 9.795983 -0.017059 -0.001073 0.148390
    56 -2.240372 -0.308788 19.592047 -0.058807 0.161733 0.294381
    57 -0.683205 2.877342 14.167089 -0.360319 0.204138 -1.418555
    58 -0.144958 -0.145317 7.579308 -1.531829 0.304425 -0.164149
    59 -0.038551 -0.936644 4.697678 -1.069382 0.213298 -0.100293
    60 -0.506317 8.500896 13.617329 -0.014349 -0.111594 -1.332770
    61 0.385056 -0.460075 7.003435 -1.277311 0.581544 -0.289043
    62 -0.456360 -0.710276 5.057732 -1.312846 0.547040 -0.361642
    63 2.452194 -8.899408 11.597939 -0.924652 0.433242 -1.159905
    64 -0.680515 -0.903999 6.074242 -1.414487 -0.169980 -0.006009
    65 -0.248295 -0.666843 3.386627 -0.805588 -0.121632 0.046279
    66 0.717491 -3.784309 13.044010 -0.880780 0.200015 -1.407656
    67 -1.099228 -1.407673 8.017876 -1.523670 -0.020112 0.011574
    68 -0.064053 -0.807640 3.686100 -0.580775 -0.003169 -0.007222
    69 4.004906 6.172710 4.754800 0.451826 -1.049921 -2.826224
    70 -0.158381 -1.149773 5.804405 -0.449994 0.117620 0.245087
    71 1.078559 -2.386406 5.215008 -1.262191 0.858164 -0.043419
    72 6.289963 0.932404 13.569109 -0.126801 -0.612098 -2.869612
    73 -1.327759 -0.766682 12.396324 -0.043585 -0.015199 0.375907
    74 0.000017 -54.999996 0.000000 0.000000 0.000000 -1.570796
  time 23
    0 0.000000 0.000000 -1.500000 0.000000 0.000000 0.000000
    1 -10.521344 -5.760963 66.994621 3.097005 -0.050653 -3.139334
    2 -1.093412 2.822185 23.495161 -0.033786 0.482422 0.300988
    3 -0.000034 0.000012 24.761454 -1.433790 -0.166204 -0.224513
    4 0.000017 0.000000 24.344809 1.989483 -0.188904 -0.184288
    5 0.002333 -1.019846 24.031336 0.911814 -0.045502 -0.006732
    6 0.000034 0.000008 13.404741 -0.000001 -0.000009 -0.133249
    7 10.398263 -5.760962 66.994675 3.097005 0.050653 3.139334
    8 2.726479 -4.322630 25.189477 1.227218 -0.662907 0.029020
    9 -0.000004 -0.000006 24.761459 -2.117439 0.245189 -0.632275
    10 -0.000007 0.000004 24.344891 1.790030 0.153923 -0.079105
    11 -0.002360 -1.019903 24.031330 0.389594 -0.042695 -0.017219
    12 0.000000 -0.000002 13.404737 0.000001 0.000005 -0.328956
    13 -0.061540 -5.245835 72.927078 0.000000 0.000000 0.000000
    14 -0.420564 -0.799156 -24.429287 0.146784 0.000021 -0.000063
    15 0.000000 -0.005608 -1.146812 0.033593 0.050518 -0.356395
    16 0.030770 -0.240000 8.906021 -0.004138 0.000000 0.000000
    17 -0.574213 -2.964078 -0.551196 0.459666 -0.039456 -0.123788
    18 0.030770 -0.276858 8.905140 0.056125 0.004134 -0.000049
    19 0.186240 -0.921027 0.018356 0.482631 0.064060 0.000814
    20 5.669724 4.435303 14.302868 2.975025 -1.513724 0.363600
    21 -1.044571 -2.839317 19.743267 -0.040134 -1.058754 0.031060
    22 2.655533 -1.533369 24.792658 -0.339322 0.079045 -0.196014
    23 1.120163 -0.154394 9.796035 -0.036618 -0.000824 -0.318578
    24 2.240311 -0.308786 19.592051 -0.141471 -0.071629 -0.623726
    25 0.683151 2.877354 14.167051 -0.207043 -0.125147 1.381491
    26 0.144936 -0.145374 7.579252 -1.606204 -0.244032 0.205017
    27 0.091660 -0.906685 4.702850 -0.707400 -0.112709 0.040832
    28 0.506271 8.500866 13.617253 0.058094 0.168744 1.336699
    29 -0.384987 -0.460049 7.003448 -1.173928 -0.449894 0.337206
    30 0.561516 -0.596954 5.061852 -1.007233 -0.338418 0.207084
    31 -2.452171 -8.899406 11.597897 -0.605372 -0.347962 1.078892
    32 0.680496 -0.903999 6.074253 -1.260533 0.139759 0.006979
    33 0.245514 -0.661150 3.388004 -0.649404 0.105760 -0.032846
    34 -0.717484 -3.784271 13.043911 -0.703354 -0.182732 1.369310
    35 1.099216 -1.407745 8.017889 -1.379816 0.021907 -0.004672
    36 0.068439 -0.807653 3.686054 -0.755051 0.010447 0.002628
    37 -4.004929 6.172707 4.754754 0.562451 0.993808 2.969839
    38 0.158352 -1.149811 5.804394 -0.235439 -0.193379 0.234268
    39 -1.083523 -1.463142 5.544399 -1.646687 -0.377042 0.249630
    40 -6.289886 0.932434 13.569063 -0.126803 0.612110 2.869610
    41 1.327774 -0.766687 12.396328 -0.005227 0.002855 -0.048120
    42 -0.096140 1.828087 23.185329 0.004114 -0.073727 -1.570774
    43 2.325478 -0.000003 6.169296 -0.041546 0.018195 1.669392
    44 0.000000 -3.152912 0.122169 2.003089 0.000000 0.000000
    45 1.068383 -10.478592 7.066338 0.292219 -1.282324 -3.141588
    46 0.000000 0.000000 2.279457 0.547137 -0.343566 0.107833
    47 2.479414 -8.323895 6.074242 -0.008855 0.007342 1.561876
    48 0.000003 -5.075260 5.105362 0.000000 0.000000 0.000000
    49 -1.068383 -10.478611 7.065971 0.292219 1.282324 3.141588
    50 -0.000488 0.000015 2.279600 0.547136 0.343566 0.107835
    51 -2.479401 -8.323895 6.074234 0.008854 0.007354 1.579716
    52 -5.790000 4.432083 14.255558 -2.171403 1.429151 0.681726
    53 1.044540 -2.839314 19.743252 -0.444135 1.031094 -0.256235
    54 -2.655510 -1.533379 24.792648 -0.498902 -0.083875 0.748727
    55 -1.120216 -0.154385 9.795983 -0.017059 -0.001073 0.148363
    56 -2.240372 -0.308788 19.592047 -0.058807 0.161733 0.294381
    57 -0.683205 2.877342 14.167089 -0.360319 0.204138 -1.418542
    58 -0.144958 -0.145317 7.579308 -1.531829 0.304425 -0.164149
    59 -0.038551 -0.936644 4.697678 -1.069431 0.213298 -0.100293
    60 -0.506317 8.500896 13.617329 -0.014349 -0.111594 -1.332725
    61 0.385056 -0.460075 7.003435 -1.277311 0.581544 -0.289028
    62 -0.456360 -0.710276 5.057732 -1.312846 0.547040 -0.361642
    63 2.452194 -8.899408 11.597939 -0.924612 0.433242 -1.159905
    64 -0.680515 -0.903999 6.074242 -1.414541 -0.169992 -0.006009
    65 -0.248295 -0.666843 3.386627 -0.805547 -0.121632 0.046267
    66 0.717491 -3.784309 13.044010 -0.880780 0.200015 -1.407656
    67 -1.099228 -1.407673 8.017876 -1.523670 -0.020112 0.011574
    68 -0.064053 -0.807640 3.686100 -0.580775 -0.003169 -0.007222
    69 4.004906 6.172710 4.754800 0.451826 -1.049921 -2.826224
    70 -0.158381 -1.149773 5.804405 -0.449994 0.117620 0.245087
    71 1.078559 -2.386406 5.215008 -1.262144 0.858164 -0.043455
    72 6.289963 0.932404 13.569109 -0.126801 -0.612098 -2.869612
    73 -1.327759 -0.766682 12.396324 -0.041704 -0.014911 0.360362
    74 0.000017 -54.999996 0.000000 0.000000 0.000000 -1.570796
  time 24
    0 0.000000 0.000000 -1.500000 0.000000 0.000000 0.000000
    1 -10.521344 -5.760963 66.994621 3.097005 -0.050653 -3.139334
    2 -1.648116 2.748523 22.082415 -0.027705 0.491468 0.325804
    3 -0.000034 0.000012 24.761454 -1.370415 -0.158869 -0.229685
    4 0.000017 0.000000 24.344809 1.932521 -0.184083 -0.176769
    5 0.002333 -1.019846 24.031336 0.904534 -0.045550 -0.006397
    6 0.000034 0.000008 13.404741 -0.000001 -0.000009 -0.136688
    7 10.398263 -5.760962 66.994675 3.097005 0.050653 3.139334
    8 2.230370 -4.984567 23.728266 1.136193 -0.664736 0.095528
    9 -0.000004 -0.000006 24.761459 -2.059637 0.238526 -0.653089
    10 -0.000007 0.000004 24.344891 1.800163 0.141791 -0.086714
    11 -0.002360 -1.019903 24.031330 0.389594 -0.042695 -0.017219
    12 0.000000 -0.000002 13.404737 0.000001 0.000005 -0.341708
    13 -0.061540 -5.245835 72.927078 0.000000 0.000000 0.000000
    14 0.044294 -1.230046 -23.009828 0.113179 0.000021 -0.000063
    15 0.000000 -0.005608 -1.146812 0.076016 0.054376 -0.383326
    16 0.030770 -0.240000 8.906021 -0.004138 0.000000 0.000000
    17 -0.554681 -2.776573 -0.484788 0.430541 -0.037557 -0.128740
    18 0.030770 -0.276858 8.905140 0.056125 0.004134 -0.000049
    19 0.194053 -0.881964 0.014450 0.459361 0.067557 -0.000157
    20 5.669724 4.435303 14.302868 2.765526 -1.486770 0.633179
    21 -1.044571 -2.839317 19.743267 -0.124179 -1.013354 0.079368
    22 2.655533 -1.533369 24.792658 -0.351777 0.079583 -0.205234
    23 1.120163 -0.154394 9.796035 -0.036618 -0.000824 -0.318578
    24 2.240311 -0.308786 19.592051 -0.141471 -0.071629 -0.623726
    25 0.683151 2.877354 14.167051 -0.207043 -0.125147 1.381491
    26 0.144936 -0.145374 7.579252 -1.606204 -0.244032 0.205017
    27 0.091660 -0.906685 4.702850 -0.707400 -0.112709 0.040832
    28 0.506271 8.500866 13.617253 0.058094 0.168744 1.336699
    29 -0.384987 -0.460049 7.003448 -1.173892 -0.449894 0.337206
    30 0.561516 -0.596954 5.061852 -1.007233 -0.338418 0.207084
    31 -2.452171 -8.899406 11.597897 -0.605372 -0.347962 1.078892
    32 0.680496 -0.903999 6.074253 -1.260533 0.139759 0.006979
    33 0.245514 -0.661150 3.388004 -0.649404 0.105760 -0.032846
    34 -0.717484 -3.784271 13.043911 -0.703354 -0.182732 1.369310
    35 1.099216 -1.407745 8.017889 -1.379816 0.021907 -0.004672
    36 0.068439 -0.807653 3.686054 -0.755051 0.010447 0.002628
    37 -4.004929 6.172707 4.754754 0.562451 0.993808 2.969839
    38 0.158352 -1.149811 5.804394 -0.235439 -0.193379 0.234256
    39 -1.083523 -1.463142 5.544399 -1.646687 -0.377042 0.249630
    40 -6.289886 0.932434 13.569063 -0.126803 0.612110 2.869610
    41 1.327774 -0.766687 12.396328 -0.007420 0.003970 -0.068056
    42 -0.096140 1.828087 23.185329 0.004114 -0.075352 -1.570774
    43 2.325478 -0.000003 6.169296 -0.179878 0.017486 1.671387
    44 0.000000 -3.152912 0.122169 2.003089 0.000000 0.000000
    45 1.068383 -10.478592 7.066338 0.292219 -1.282324 -3.141588
    46 0.000000 0.000000 2.279457 0.547137 -0.343566 0.107833
    47 2.479414 -8.323895 6.074242 -0.008855 0.007342 1.561876
    48 0.000003 -5.075260 5.105362 0.000000 0.000000 0.000000
    49 -1.068383 -10.478611 7.065971 0.292219 1.282324 3.141588
    50 -0.000488 0.000015 2.279600 0.547136 0.343566 0.107835
    51 -2.479401 -8.323895 6.074234 0.008854 0.007354 1.579716
    52 -5.790000 4.432083 14.255558 -2.343468 1.435755 0.448511
    53 1.044540 -2.839314 19.743252 -0.466676 0.973010 -0.252262
    54 -2.655510 -1.533379 24.792648 -0.504337 -0.085325 0.698745
    55 -1.120216 -0.154385 9.795983 -0.017071 -0.001073 0.148390
    56 -2.240372 -0.308788 19.592047 -0.058807 0.161733 0.294381
    57 -0.683205 2.877342 14.167089 -0.360319 0.204138 -1.418555
    58 -0.144958 -0.145317 7.579308 -1.531829 0.304425 -0.164149
    59 -0.038551 -0.936644 4.697678 -1.069382 0.213298 -0.100293
    60 -0.506317 8.500896 13.617329 -0.014349 -0.111594 -1.332770
    61 0.385056 -0.460075 7.003435 -1.277268 0.581544 -0.289043
    62 -0.456360 -0.710276 5.057732 -1.312846 0.547040 -0.361642
    63 2.452194 -8.899408 11.597939 -0.924652 0.433242 -1.159905
    64 -0.680515 -0.903999 6.074242 -1.414487 -0.169992 -0.006009
    65 -0.248295 -0.666843 3.386627 -0.805588 -0.121632 0.046267
    66 0.717491 -3.784309 13.044010 -0.880780 0.200015 -1.407656
    67 -1.099228 -1.407673 8.017876 -1.523670 -0.020112 0.011574
    68 -0.064053 -0.807640 3.686100 -0.580831 -0.003169 -0.007222
    69 4.004906 6.172710 4.754800 0.451826 -1.049921 -2.826224
    70 -0.158381 -1.149773 5.804405 -0.449994 0.117620 0.245087
    71 1.078559 -2.386406 5.215008 -1.262144 0.858164 -0.043419
    72 6.289963 0.932404 13.569109 -0.126801 -0.612098 -2.869612
    73 -1.327759 -0.766682 12.396324 -0.040134 -0.014636 0.347454
    74 0.000017 -54.999996 0.000000 0.000000 0.000000 -1.570796
  time 25
    0 0.000000 0.000000 -1.500000 0.000000 0.000000 0.000000
    1 -10.521344 -5.760963 66.994621 3.097005 -0.050653 -3.139334
    2 -2.163757 2.674861 20.781791 -0.026271 0.498733 0.346818
    3 -0.000034 0.000012 24.761454 -1.306674 -0.151498 -0.233023
    4 0.000017 0.000000 24.344809 1.878518 -0.179556 -0.169919
    5 0.002333 -1.019846 24.031336 0.897627 -0.045586 -0.006073
    6 0.000034 0.000008 13.404741 -0.000001 -0.000009 -0.138945
    7 10.398263 -5.760962 66.994675 3.097005 0.050653 3.139334
    8 1.773325 -5.546589 22.312015 1.053357 -0.662944 0.156673
    9 -0.000004 -0.000006 24.761459 -1.999580 0.231599 -0.671966
    10 -0.000007 0.000004 24.344891 1.802293 0.130147 -0.091926
    11 -0.002360 -1.019903 24.031330 0.389594 -0.042695 -0.017219
    12 0.000000 -0.000002 13.404737 0.000001 0.000005 -0.353538
    13 -0.061540 -5.245835 72.927078 0.000000 0.000000 0.000000
    14 0.473995 -1.614354 -21.657962 0.082327 0.000021 -0.000063
    15 0.000000 -0.005608 -1.146812 0.115058 0.057796 -0.407458
    16 0.030770 -0.240000 8.906021 -0.004138 0.000000 0.000000
    17 -0.531243 -2.600786 -0.426193 0.402953 -0.034860 -0.132654
    18 0.030770 -0.276858 8.905140 0.056125 0.004134 -0.000049
    19 0.197959 -0.842900 0.010544 0.436877 0.070478 -0.001200
    20 5.669724 4.435303 14.302868 2.691067 -1.459181 0.762651
    21 -1.044571 -2.839317 19.743267 -0.202795 -0.959709 0.118144
    22 2.655533 -1.533369 24.792658 -0.375949 0.080236 -0.215424
    23 1.120163 -0.154394 9.796035 -0.036618 -0.000824 -0.318578
    24 2.240311 -0.308786 19.592051 -0.141471 -0.071629 -0.623726
    25 0.683151 2.877354 14.167051 -0.207043 -0.125147 1.381491
    26 0.144936 -0.145374 7.579252 -1.606204 -0.244032 0.205005
    27 0.091660 -0.906685 4.702850 -0.707400 -0.112709 0.040832
    28 0.506271 8.500866 13.617253 0.058094 0.168744 1.336699
    29 -0.384987 -0.460049 7.003448 -1.173892 -0.449894 0.337206
    30 0.561516 -0.596954 5.061852 -1.007233 -0.338418 0.207060
    31 -2.452171 -8.899406 11.597897 -0.605372 -0.347962 1.078892
    32 0.680496 -0.903999 6.074253 -1.260533 0.139759 0.006979
    33 0.245514 -0.661150 3.388004 -0.649404 0.105760 -0.032834
    34 -0.717484 -3.784271 13.043911 -0.703354 -0.182732 1.369295
    35 1.099216 -1.407745 8.017889 -1.379816 0.021907 -0.004672
    36 0.068439 -0.807653 3.686054 -0.755051 0.010447 0.002640
    37 -4.004929 6.172707 4.754754 0.562541 0.993808 2.969839
    38 0.158352 -1.149811 5.804394 -0.235439 -0.193379 0.234256
    39 -1.083523 -1.463142 5.544399 -1.646687 -0.377054 0.249630
    40 -6.289886 0.932434 13.569063 -0.126803 0.612110 2.869610
    41 1.327774 -0.766687 12.396328 -0.009745 0.005084 -0.088845
    42 -0.096140 1.828087 23.185329 0.004114 -0.076754 -1.570774
    43 2.325478 -0.000003 6.169296 -0.318163 0.018267 1.675339
    44 0.000000 -3.152912 0.122169 2.003089 0.000000 0.000000
    45 1.068383 -10.478592 7.066338 0.292219 -1.282324 -3.141588
    46 0.000000 0.000000 2.279457 0.547137 -0.343566 0.107833
    47 2.479414 -8.323895 6.074242 -0.008855 0.007342 1.561876
    48 0.000003 -5.075260 5.105362 0.000000 0.000000 0.000000
    49 -1.068383 -10.478611 7.065971 0.292219 1.282324 3.141588
    50 -0.000488 0.000015 2.279600 0.547136 0.343566 0.107835
    51 -2.479401 -8.323895 6.074234 0.008854 0.007354 1.579716
    52 -5.790000 4.432083 14.255558 -2.512465 1.435423 0.223345
    53 1.044540 -2.839314 19.743252 -0.497565 0.916791 -0.250384
    54 -2.655510 -1.533379 24.792648 -0.521549 -0.086749 0.651565
    55 -1.120216 -0.154385 9.795983 -0.017059 -0.001073 0.148363
    56 -2.240372 -0.308788 19.592047 -0.058807 0.161733 0.294381
    57 -0.683205 2.877342 14.167089 -0.360269 0.204138 -1.418542
    58 -0.144958 -0.145317 7.579308 -1.531829 0.304437 -0.164149
    59 -0.038551 -0.936644 4.697678 -1.069431 0.213298 -0.100293
    60 -0.506317 8.500896 13.617329 -0.014349 -0.111594 -1.332725
    61 0.385056 -0.460075 7.003435 -1.277311 0.581544 -0.289028
    62 -0.456360 -0.710276 5.057732 -1.312846 0.547040 -0.361642
    63 2.452194 -8.899408 11.597939 -0.924612 0.433265 -1.159905
    64 -0.680515 -0.903999 6.074242 -1.414541 -0.169992 -0.006009
    65 -0.248295 -0.666843 3.386627 -0.805547 -0.121632 0.046267
    66 0.717491 -3.784309 13.044010 -0.880780 0.200015 -1.407656
    67 -1.099228 -1.407673 8.017876 -1.523670 -0.020112 0.011574
    68 -0.064053 -0.807640 3.686100 -0.580831 -0.003169 -0.007222
    69 4.004906 6.172710 4.754800 0.451826 -1.049921 -2.826306
    70 -0.158381 -1.149773 5.804405 -0.449994 0.117620 0.245087
    71 1.078559 -2.386406 5.215008 -1.262144 0.858164 -0.043419
    72 6.289963 0.932404 13.569109 -0.126801 -0.612098 -2.869612
    73 -1.327759 -0.766682 12.396324 -0.038768 -0.014384 0.336304
    74 0.000017 -54.999996 0.000000 0.000000 0.000000 -1.570796
  time 26
    0 0.000000 0.000000 -1.500000 0.000000 0.000000 0.000000
    1 -10.521344 -5.760963 66.994621 3.097005 -0.050653 -3.139334
    2 -2.624709 2.625753 19.570866 -0.028798 0.504523 0.363726
    3 -0.000034 0.000012 24.761454 -1.245413 -0.144416 -0.234815
    4 0.000017 0.000000 24.344809 1.829139 -0.175640 -0.164021
    5 0.002333 -1.019846 24.031336 0.891467 -0.045622 -0.005785
    6 0.000034 0.000008 13.404741 -0.000001 -0.000009 -0.140063
    7 10.398263 -5.760962 66.994675 3.097005 0.050653 3.139334
    8 1.367063 -6.033674 21.008165 0.981185 -0.658006 0.210391
    9 -0.000004 -0.000006 24.761459 -1.941228 0.224839 -0.688188
    10 -0.000007 0.000004 24.344891 1.798614 0.119548 -0.095205
    11 -0.002360 -1.019903 24.031330 0.389594 -0.042695 -0.017219
    12 0.000000 -0.000002 13.404737 0.000001 0.000005 -0.363757
    13 -0.061540 -5.245835 72.927078 0.000000 0.000000 0.000000
    14 0.845100 -1.940434 -20.441282 0.055059 0.000021 -0.000063
    15 0.000000 -0.005608 -1.146812 0.149571 0.060634 -0.428247
    16 0.030770 -0.240000 8.906021 -0.004138 0.000000 0.000000
    17 -0.499992 -2.444531 -0.375410 0.377995 -0.031657 -0.135529
    18 0.030770 -0.276858 8.905140 0.056125 0.004134 -0.000049
    19 0.201866 -0.807743 0.010544 0.416181 0.072782 -0.002218
    20 5.669724 4.435303 14.302868 2.667044 -1.433848 0.834909
    21 -1.044571 -2.839317 19.743267 -0.271479 -0.902568 0.145161
    22 2.655533 -1.533369 24.792658 -0.406847 0.081043 -0.224643
    23 1.120163 -0.154394 9.796035 -0.036618 -0.000824 -0.318578
    24 2.240311 -0.308786 19.592051 -0.141471 -0.071629 -0.623726
    25 0.683151 2.877354 14.167051 -0.207043 -0.125147 1.381491
    26 0.144936 -0.145374 7.579252 -1.606204 -0.244032 0.205017
    27 0.091660 -0.906685 4.702850 -0.707400 -0.112709 0.040832
    28 0.506271 8.500866 13.617253 0.058094 0.168744 1.336699
    29 -0.384987 -0.460049 7.003448 -1.173928 -0.449894 0.337206
    30 0.561516 -0.596954 5.061852 -1.007197 -0.338418 0.207072
    31 -2.452171 -8.899406 11.597897 -0.605423 -0.347962 1.078892
    32 0.680496 -0.903999 6.074253 -1.260533 0.139759 0.006979
    33 0.245514 -0.661150 3.388004 -0.649404 0.105760 -0.032846
    34 -0.717484 -3.784271 13.043911 -0.703354 -0.182732 1.369310
    35 1.099216 -1.407745 8.017889 -1.379816 0.021907 -0.004672
    36 0.068439 -0.807653 3.686054 -0.755051 0.010447 0.002628
    37 -4.004929 6.172707 4.754754 0.562451 0.993808 2.969839
    38 0.158352 -1.149811 5.804394 -0.235439 -0.193379 0.234256
    39 -1.083523 -1.463142 5.544399 -1.646687 -0.377054 0.249630
    40 -6.289886 0.932434 13.569063 -0.126803 0.612110 2.869610
    41 1.327774 -0.766687 12.396328 -0.011903 0.006043 -0.107927
    42 -0.096140 1.828087 23.185329 0.004114 -0.078061 -1.570836
    43 2.325478 -0.000003 6.169296 -0.448617 0.020698 1.680368
    44 0.000000 -3.152912 0.122169 2.003089 0.000000 0.000000
    45 1.068383 -10.478592 7.066338 0.292219 -1.282324 -3.141588
    46 0.000000 0.000000 2.279457 0.547137 -0.343566 0.107833
    47 2.479414 -8.323895 6.074242 -0.008855 0.007342 1.561876
    48 0.000003 -5.075260 5.105362 0.000000 0.000000 0.000000
    49 -1.068383 -10.478611 7.065971 0.292219 1.282324 3.141588
    50 -0.000488 0.000015 2.279600 0.547136 0.343566 0.107835
    51 -2.479401 -8.323895 6.074234 0.008854 0.007354 1.579716
    52 -5.790000 4.432083 14.255558 -2.654430 1.429774 0.032481
    53 1.044540 -2.839314 19.743252 -0.532072 0.865957 -0.248778
    54 -2.655510 -1.533379 24.792648 -0.546057 -0.088082 0.608550
    55 -1.120216 -0.154385 9.795983 -0.017059 -0.001073 0.148363
    56 -2.240372 -0.308788 19.592047 -0.058807 0.161733 0.294381
    57 -0.683205 2.877342 14.167089 -0.360269 0.204138 -1.418542
    58 -0.144958 -0.145317 7.579308 -1.531829 0.304425 -0.164149
    59 -0.038551 -0.936644 4.697678 -1.069431 0.213298 -0.100293
    60 -0.506317 8.500896 13.617329 -0.014349 -0.111594 -1.332770
    61 0.385056 -0.460075 7.003435 -1.277311 0.581544 -0.289028
    62 -0.456360 -0.710276 5.057732 -1.312846 0.547040 -0.361642
    63 2.452194 -8.899408 11.597939 -0.924652 0.433242 -1.159905
    64 -0.680515 -0.903999 6.074242 -1.414487 -0.169980 -0.006009
    65 -0.248295 -0.666843 3.386627 -0.805588 -0.121632 0.046267
    66 0.717491 -3.784309 13.044010 -0.880780 0.200015 -1.407656
    67 -1.099228 -1.407673 8.017876 -1.523670 -0.020112 0.011574
    68 -0.064053 -0.807640 3.686100 -0.580831 -0.003169 -0.007222
    69 4.004906 6.172710 4.754800 0.451751 -1.049921 -2.826224
    70 -0.158381 -1.149773 5.804405 -0.449994 0.117620 0.245087
    71 1.078559 -2.386406 5.215008 -1.262144 0.858164 -0.043419
    72 6.289963 0.932404 13.569109 -0.126801 -0.612098 -2.869612
    73 -1.327759 -0.766682 12.396324 -0.037557 -0.014144 0.326404
    74 0.000017 -54.999996 0.000000 0.000000 0.000000 -1.570796
  time 27
    0 0.000000 0.000000 -1.500000 0.000000 0.000000 0.000000
    1 -10.521344 -5.760963 66.994621 3.097005 -0.050653 -3.139334
    2 -3.007533 2.588922 18.561762 -0.034127 0.508893 0.376528
    3 -0.000034 0.000012 24.761454 -1.190086 -0.138028 -0.235304
    4 0.000017 0.000000 24.344809 1.786541 -0.172471 -0.159160
    5 0.002333 -1.019846 24.031336 0.886240 -0.045658 -0.005558
    6 0.000034 0.000008 13.404741 -0.000001 -0.000009 -0.140295
    7 10.398263 -5.760962 66.994675 3.097005 0.050653 3.139334
    8 1.023302 -6.433334 19.861676 0.921809 -0.651275 0.254455
    9 -0.000004 -0.000006 24.761459 -1.888430 0.218751 -0.701000
    10 -0.000007 0.000004 24.344891 1.791644 0.110549 -0.096992
    11 -0.002360 -1.019903 24.031330 0.389594 -0.042695 -0.017219
    12 0.000000 -0.000002 13.404737 0.000001 0.000005 -0.371980
    13 -0.061540 -5.245835 72.927078 0.000000 0.000000 0.000000
    14 1.145890 -2.196639 -19.337258 0.032304 0.000021 -0.000063
    15 0.000000 -0.005608 -1.146812 0.178375 0.062940 -0.445231
    16 0.030770 -0.240000 8.906021 -0.004138 0.000000 0.000000
    17 -0.468741 -2.307808 -0.332440 0.356783 -0.028378 -0.137565
    18 0.030770 -0.276858 8.905140 0.056125 0.004134 -0.000049
    19 0.205772 -0.780398 0.006637 0.398272 0.074449 -0.003177
    20 5.669724 4.435303 14.302868 2.662833 -1.412249 0.878801
    21 -1.044571 -2.839317 19.743267 -0.328031 -0.847827 0.161207
    22 2.655533 -1.533369 24.792658 -0.439308 0.081850 -0.231194
    23 1.120163 -0.154394 9.796035 -0.036606 -0.000824 -0.318578
    24 2.240311 -0.308786 19.592051 -0.141471 -0.071629 -0.623726
    25 0.683151 2.877354 14.167051 -0.207043 -0.125147 1.381491
    26 0.144936 -0.145374 7.579252 -1.606204 -0.244032 0.205017
    27 0.091660 -0.906685 4.702850 -0.707400 -0.112709 0.040820
    28 0.506271 8.500866 13.617253 0.058094 0.168744 1.336699
    29 -0.384987 -0.460049 7.003448 -1.173892 -0.449894 0.337206
    30 0.561516 -0.596954 5.061852 -1.007233 -0.338418 0.207072
    31 -2.452171 -8.899406 11.597897 -0.605372 -0.347962 1.078892
    32 0.680496 -0.903999 6.074253 -1.260533 0.139759 0.006979
    33 0.245514 -0.661150 3.388004 -0.649298 0.105760 -0.032846
    34 -0.717484 -3.784271 13.043911 -0.703354 -0.182732 1.369310
    35 1.099216 -1.407745 8.017889 -1.379816 0.021907 -0.004672
    36 0.068439 -0.807653 3.686054 -0.755051 0.010447 0.002628
    37 -4.004929 6.172707 4.754754 0.562451 0.993808 2.969839
    38 0.158352 -1.149811 5.804394 -0.235439 -0.193379 0.234256
    39 -1.083523 -1.463142 5.544399 -1.646687 -0.377054 0.249630
    40 -6.289886 0.932434 13.569063 -0.126803 0.612110 2.869610
    41 1.327774 -0.766687 12.396328 -0.013640 0.006798 -0.123243
    42 -0.096140 1.828087 23.185329 0.004114 -0.079080 -1.570836
    43 2.325478 -0.000003 6.169296 -0.563504 0.024489 1.685476
    44 0.000000 -3.152912 0.122169 2.003089 0.000000 0.000000
    45 1.068383 -10.478592 7.066338 0.292219 -1.282324 -3.141588
    46 0.000000 0.000000 2.279457 0.547137 -0.343566 0.107833
    47 2.479414 -8.323895 6.074242 -0.008855 0.007342 1.561876
    48 0.000003 -5.075260 5.105362 0.000000 0.000000 0.000000
    49 -1.068383 -10.478611 7.065971 0.292219 1.282324 3.141588
    50 -0.000488 0.000015 2.279600 0.547136 0.343566 0.107835
    51 -2.479401 -8.323895 6.074234 0.008854 0.007354 1.579716
    52 -5.790000 4.432083 14.255558 -2.759202 1.421674 -0.113062
    53 1.044540 -2.839314 19.743252 -0.565633 0.823475 -0.246873
    54 -2.655510 -1.533379 24.792648 -0.573133 -0.089311 0.571215
    55 -1.120216 -0.154385 9.795983 -0.017059 -0.001073 0.148363
    56 -2.240372 -0.308788 19.592047 -0.058807 0.161733 0.294381
    57 -0.683205 2.877342 14.167089 -0.360319 0.204138 -1.418542
    58 -0.144958 -0.145317 7.579308 -1.531829 0.304425 -0.164149
    59 -0.038551 -0.936644 4.697678 -1.069431 0.213298 -0.100293
    60 -0.506317 8.500896 13.617329 -0.014349 -0.111594 -1.332770
    61 0.385056 -0.460075 7.003435 -1.277311 0.581544 -0.289028
    62 -0.456360 -0.710276 5.057732 -1.312846 0.547040 -0.361642
    63 2.452194 -8.899408 11.597939 -0.924652 0.433242 -1.159905
    64 -0.680515 -0.903999 6.074242 -1.414487 -0.169992 -0.006009
    65 -0.248295 -0.666843 3.386627 -0.805588 -0.121632 0.046267
    66 0.717491 -3.784309 13.044010 -0.880780 0.200015 -1.407656
    67 -1.099228 -1.407673 8.017876 -1.523670 -0.020112 0.011574
    68 -0.064053 -0.807640 3.686100 -0.580831 -0.003169 -0.007222
    69 4.004906 6.172710 4.754800 0.451826 -1.049921 -2.826224
    70 -0.158381 -1.149773 5.804405 -0.449994 0.117620 0.245087
    71 1.078559 -2.386406 5.215008 -1.262144 0.858164 -0.043419
    72 6.289963 0.932404 13.569109 -0.126801 -0.612098 -2.869612
    73 -1.327759 -0.766682 12.396324 -0.036490 -0.013941 0.317567
    74 0.000017 -54.999996 0.000000 0.000000 0.000000 -1.570796
  time 28
    0 0.000000 0.000000 -1.500000 0.000000 0.000000 0.000000
    1 -10.521344 -5.760963 66.994621 3.097005 -0.050653 -3.139334
    2 -3.300511 2.552091 17.776903 -0.040344 0.511983 0.385265
    3 -0.000034 0.000012 24.761454 -1.144964 -0.132791 -0.235141
    4 0.000017 0.000000 24.344809 1.752881 -0.170140 -0.155530
    5 0.002333 -1.019846 24.031336 0.882208 -0.045682 -0.005354
    6 0.000034 0.000008 13.404741 -0.000001 -0.000009 -0.139957
    7 10.398263 -5.760962 66.994675 3.097005 0.050653 3.139334
    8 0.765482 -6.708100 18.984950 0.877277 -0.644325 0.287544
    9 -0.000004 -0.000006 24.761459 -1.845697 0.213826 -0.710294
    10 -0.000007 0.000004 24.344891 1.783899 0.103594 -0.097686
    11 -0.002360 -1.019903 24.031330 0.389594 -0.042695 -0.017219
    12 0.000000 -0.000002 13.404737 0.000001 0.000005 -0.377927
    13 -0.061540 -5.245835 72.927078 0.000000 0.000000 0.000000
    14 1.372460 -2.394616 -18.503608 0.014926 0.000021 -0.000063
    15 0.000000 -0.005608 -1.146812 0.200352 0.064587 -0.458004
    16 0.030770 -0.240000 8.906021 -0.004138 0.000000 0.000000
    17 -0.445303 -2.202336 -0.312908 0.340368 -0.025466 -0.138923
    18 0.030770 -0.276858 8.905140 0.056125 0.004134 -0.000049
    19 0.201866 -0.760866 0.006637 0.384225 0.075642 -0.003956
    20 5.669724 4.435303 14.302868 2.666087 -1.395618 0.905730
    21 -1.044571 -2.839317 19.743267 -0.370787 -0.802009 0.169132
    22 2.655533 -1.533369 24.792658 -0.468427 0.082657 -0.235318
    23 1.120163 -0.154394 9.796035 -0.036618 -0.000824 -0.318578
    24 2.240311 -0.308786 19.592051 -0.141428 -0.071629 -0.623726
    25 0.683151 2.877354 14.167051 -0.207043 -0.125147 1.381491
    26 0.144936 -0.145374 7.579252 -1.606204 -0.244032 0.205017
    27 0.091660 -0.906685 4.702850 -0.707400 -0.112709 0.040820
    28 0.506271 8.500866 13.617253 0.058094 0.168744 1.336699
    29 -0.384987 -0.460049 7.003448 -1.173892 -0.449906 0.337218
    30 0.561516 -0.596954 5.061852 -1.007233 -0.338430 0.207060
    31 -2.452171 -8.899406 11.597897 -0.605372 -0.347962 1.078892
    32 0.680496 -0.903999 6.074253 -1.260533 0.139759 0.006979
    33 0.245514 -0.661150 3.388004 -0.649404 0.105760 -0.032846
    34 -0.717484 -3.784271 13.043911 -0.703354 -0.182732 1.369310
    35 1.099216 -1.407745 8.017889 -1.379816 0.021895 -0.004672
    36 0.068439 -0.807653 3.686054 -0.755051 0.010447 0.002628
    37 -4.004929 6.172707 4.754754 0.562451 0.993808 2.969935
    38 0.158352 -1.149811 5.804394 -0.235439 -0.193379 0.234256
    39 -1.083523 -1.463142 5.544399 -1.646687 -0.377054 0.249630
    40 -6.289886 0.932434 13.569063 -0.126803 0.612110 2.869610
    41 1.327774 -0.766687 12.396328 -0.014851 0.007290 -0.133939
    42 -0.096140 1.828087 23.185329 0.004114 -0.079909 -1.570836
    43 2.325478 -0.000003 6.169296 -0.655042 0.028642 1.689947
    44 0.000000 -3.152912 0.122169 2.003089 0.000000 0.000000
    45 1.068383 -10.478592 7.066338 0.292219 -1.282324 -3.141588
    46 0.000000 0.000000 2.279457 0.547137 -0.343566 0.107833
    47 2.479414 -8.323895 6.074242 -0.008855 0.007342 1.561876
    48 0.000003 -5.075260 5.105362 0.000000 0.000000 0.000000
    49 -1.068383 -10.478611 7.065971 0.292219 1.282324 3.141588
    50 -0.000488 0.000015 2.279600 0.547136 0.343566 0.107835
    51 -2.479401 -8.323895 6.074234 0.008854 0.007354 1.579716
    52 -5.790000 4.432083 14.255558 -2.828508 1.413699 -0.213093
    53 1.044540 -2.839314 19.743252 -0.594296 0.791296 -0.244832
    54 -2.655510 -1.533379 24.792648 -0.598144 -0.090399 0.541680
    55 -1.120216 -0.154385 9.795983 -0.017059 -0.001073 0.148363
    56 -2.240372 -0.308788 19.592047 -0.058807 0.161733 0.294381
    57 -0.683205 2.877342 14.167089 -0.360319 0.204138 -1.418542
    58 -0.144958 -0.145317 7.579308 -1.531829 0.304437 -0.164149
    59 -0.038551 -0.936644 4.697678 -1.069431 0.213298 -0.100293
    60 -0.506317 8.500896 13.617329 -0.014349 -0.111594 -1.332770
    61 0.385056 -0.460075 7.003435 -1.277311 0.581544 -0.289028
    62 -0.456360 -0.710276 5.057732 -1.312846 0.547040 -0.361642
    63 2.452194 -8.899408 11.597939 -0.924652 0.433265 -1.159905
    64 -0.680515 -0.903999 6.074242 -1.414487 -0.169980 -0.006009
    65 -0.248295 -0.666843 3.386627 -0.805588 -0.121632 0.046279
    66 0.717491 -3.784309 13.044010 -0.880780 0.200015 -1.407656
    67 -1.099228 -1.407673 8.017876 -1.523670 -0.020112 0.011574
    68 -0.064053 -0.807640 3.686100 -0.580831 -0.003169 -0.007222
    69 4.004906 6.172710 4.754800 0.451826 -1.049921 -2.826306
    70 -0.158381 -1.149773 5.804405 -0.449994 0.117620 0.245087
    71 1.078559 -2.386406 5.215008 -1.262144 0.858164 -0.043419
    72 6.289963 0.932404 13.569109 -0.126801 -0.612098 -2.869612
    73 -1.327759 -0.766682 12.396324 -0.035616 -0.013737 0.310257
    74 0.000017 -54.999996 0.000000 0.000000 0.000000 -1.570796
  time 29
    0 0.000000 0.000000 -1.500000 0.000000 0.000000 0.000000
    1 -10.521344 -5.760963 66.994621 3.097005 -0.050653 -3.139334
    2 -3.484110 2.539814 17.261139 -0.045332 0.513792 0.390377
    3 -0.000034 0.000012 24.761454 -1.114557 -0.129279 -0.234734
    4 0.000017 0.000000 24.344809 1.730812 -0.168714 -0.153218
    5 0.002333 -1.019846 24.031336 0.879744 -0.045682 -0.005258
    6 0.000034 0.000008 13.404741 -0.000001 -0.000009 -0.139493
    7 10.398263 -5.760962 66.994675 3.097005 0.050653 3.139334
    8 0.601414 -6.882951 18.400465 0.849210 -0.638984 0.308338
    9 -0.000004 -0.000006 24.761459 -1.817099 0.210530 -0.715965
    10 -0.000007 0.000004 24.344891 1.777832 0.099128 -0.097875
    11 -0.002360 -1.019903 24.031330 0.389594 -0.042695 -0.017219
    12 0.000000 -0.000002 13.404737 0.000001 0.000005 -0.381470
    13 -0.061540 -5.245835 72.927078 0.000000 0.000000 0.000000
    14 1.516995 -2.511073 -17.962861 0.003885 0.000021 -0.000063
    15 0.000000 -0.005608 -1.146812 0.214419 0.065622 -0.465993
    16 0.030770 -0.240000 8.906021 -0.004138 0.000000 0.000000
    17 -0.429677 -2.147647 -0.297282 0.329741 -0.023427 -0.139762
    18 0.030770 -0.276858 8.905140 0.056125 0.004134 -0.000049
    19 0.201866 -0.745241 0.006637 0.375074 0.076362 -0.004483
    20 5.669724 4.435303 14.302868 2.670203 -1.384907 0.920968
    21 -1.044571 -2.839317 19.743267 -0.398232 -0.771012 0.172065
    22 2.655533 -1.533369 24.792658 -0.489431 0.083157 -0.237097
    23 1.120163 -0.154394 9.796035 -0.036606 -0.000824 -0.318578
    24 2.240311 -0.308786 19.592051 -0.141471 -0.071629 -0.623726
    25 0.683151 2.877354 14.167051 -0.207043 -0.125147 1.381491
    26 0.144936 -0.145374 7.579252 -1.606250 -0.244032 0.205017
    27 0.091660 -0.906685 4.702850 -0.707400 -0.112709 0.040820
    28 0.506271 8.500866 13.617253 0.058094 0.168744 1.336699
    29 -0.384987 -0.460049 7.003448 -1.173928 -0.449894 0.337206
    30 0.561516 -0.596954 5.061852 -1.007233 -0.338418 0.207072
    31 -2.452171 -8.899406 11.597897 -0.605423 -0.347962 1.078892
    32 0.680496 -0.903999 6.074253 -1.260533 0.139759 0.006979
    33 0.245514 -0.661150 3.388004 -0.649298 0.105760 -0.032846
    34 -0.717484 -3.784271 13.043911 -0.703354 -0.182732 1.369295
    35 1.099216 -1.407745 8.017889 -1.379816 0.021907 -0.004672
    36 0.068439 -0.807653 3.686054 -0.755015 0.010447 0.002628
    37 -4.004929 6.172707 4.754754 0.562451 0.993808 2.969935
    38 0.158352 -1.149811 5.804394 -0.235439 -0.193379 0.234256
    39 -1.083523 -1.463142 5.544399 -1.646687 -0.377054 0.249630
    40 -6.289886 0.932434 13.569063 -0.126803 0.612110 2.869610
    41 1.327774 -0.766687 12.396328 -0.015570 0.007577 -0.140166
    42 -0.096140 1.828087 23.185329 0.004114 -0.080387 -1.570836
    43 2.325478 -0.000003 6.169296 -0.715589 0.032042 1.692900
    44 0.000000 -3.152912 0.122169 2.003089 0.000000 0.000000
    45 1.068383 -10.478592 7.066338 0.292219 -1.282324 -3.141588
    46 0.000000 0.000000 2.279457 0.547137 -0.343566 0.107833
    47 2.479414 -8.323895 6.074242 -0.008855 0.007342 1.561876
    48 0.000003 -5.075260 5.105362 0.000000 0.000000 0.000000
    49 -1.068383 -10.478611 7.065971 0.292219 1.282324 3.141588
    50 -0.000488 0.000015 2.279600 0.547136 0.343566 0.107835
    51 -2.479401 -8.323895 6.074234 0.008854 0.007354 1.579716
    52 -5.790000 4.432083 14.255558 -2.867713 1.407884 -0.271828
    53 1.044540 -2.839314 19.743252 -0.613832 0.770945 -0.243199
    54 -2.655510 -1.533379 24.792648 -0.616513 -0.091149 0.522218
    55 -1.120216 -0.154385 9.795983 -0.017059 -0.001073 0.148363
    56 -2.240372 -0.308788 19.592047 -0.058807 0.161733 0.294381
    57 -0.683205 2.877342 14.167089 -0.360269 0.204138 -1.418542
    58 -0.144958 -0.145317 7.579308 -1.531829 0.304425 -0.164149
    59 -0.038551 -0.936644 4.697678 -1.069431 0.213298 -0.100293
    60 -0.506317 8.500896 13.617329 -0.014349 -0.111594 -1.332725
    61 0.385056 -0.460075 7.003435 -1.277268 0.581544 -0.289028
    62 -0.456360 -0.710276 5.057732 -1.312846 0.547040 -0.361642
    63 2.452194 -8.899408 11.597939 -0.924612 0.433242 -1.159905
    64 -0.680515 -0.903999 6.074242 -1.414541 -0.169992 -0.006009
    65 -0.248295 -0.666843 3.386627 -0.805547 -0.121632 0.046267
    66 0.717491 -3.784309 13.044010 -0.880780 0.200015 -1.407656
    67 -1.099228 -1.407673 8.017876 -1.523670 -0.020112 0.011574
    68 -0.064053 -0.807640 3.686100 -0.580831 -0.003169 -0.007222
    69 4.004906 6.172710 4.754800 0.451826 -1.049921 -2.826224
    70 -0.158381 -1.149773 5.804405 -0.449994 0.117620 0.245087
    71 1.078559 -2.386406 5.215008 -1.262144 0.858164 -0.043419
    72 6.289963 0.932404 13.569109 -0.126801 -0.612098 -2.869612
    73 -1.327759 -0.766682 12.396324 -0.035016 -0.013605 0.305307
    74 0.000017 -54.999996 0.000000 0.000000 0.000000 -1.570796
  time 30
    0 0.000000 0.000000 -1.500000 0.000000 0.000000 0.000000
    1 -10.521344 -5.760963 66.994621 3.097005 -0.050653 -3.139334
    2 -3.542706 2.539814 17.081742 -0.047176 0.514349 0.392081
    3 -0.000034 0.000012 24.761454 -1.103581 -0.128009 -0.234489
    4 0.000017 0.000000 24.344809 1.722921 -0.168261 -0.152397
    5 0.002333 -1.019846 24.031336 0.878773 -0.045682 -0.005222
    6 0.000034 0.000008 13.404741 -0.000001 -0.000009 -0.139324
    7 10.398263 -5.760962 66.994675 3.097005 0.050653 3.139334
    8 0.546725 -6.957888 18.175663 0.839485 -0.636972 0.315517
    9 -0.000004 -0.000006 24.761459 -1.806704 0.209319 -0.717795
    10 -0.000007 0.000004 24.344891 1.775380 0.097573 -0.097875
    11 -0.002360 -1.019903 24.031330 0.389594 -0.042695 -0.017219
    12 0.000000 -0.000002 13.404737 0.000001 0.000005 -0.382715
    13 -0.061540 -5.245835 72.927078 0.000000 0.000000 0.000000
    14 1.567778 -2.546010 -17.805144 -0.000052 0.000021 -0.000063
    15 0.000000 -0.005608 -1.146812 0.219331 0.065967 -0.468738
    16 0.030770 -0.240000 8.906021 -0.004138 0.000000 0.000000
    17 -0.425771 -2.124209 -0.289470 0.325953 -0.022668 -0.139961
    18 0.030770 -0.276858 8.905140 0.056125 0.004134 -0.000049
    19 0.201866 -0.737428 0.006637 0.371785 0.076568 -0.004675
    20 5.669724 4.435303 14.302868 2.671830 -1.381137 0.925663
    21 -1.044571 -2.839317 19.743267 -0.408016 -0.759845 0.172685
    22 2.655533 -1.533369 24.792658 -0.497373 0.083426 -0.237582
    23 1.120163 -0.154394 9.796035 -0.036606 -0.000824 -0.318578
    24 2.240311 -0.308786 19.592051 -0.141471 -0.071629 -0.623726
    25 0.683151 2.877354 14.167051 -0.207043 -0.125147 1.381491
    26 0.144936 -0.145374 7.579252 -1.606204 -0.244032 0.205017
    27 0.091660 -0.906685 4.702850 -0.707400 -0.112709 0.040820
    28 0.506271 8.500866 13.617253 0.058094 0.168744 1.336699
    29 -0.384987 -0.460049 7.003448 -1.173892 -0.449894 0.337206
    30 0.561516 -0.596954 5.061852 -1.007233 -0.338418 0.207072
    31 -2.452171 -8.899406 11.597897 -0.605372 -0.347962 1.078892
    32 0.680496 -0.903999 6.074253 -1.260533 0.139759 0.006979
    33 0.245514 -0.661150 3.388004 -0.649298 0.105760 -0.032846
    34 -0.717484 -3.784271 13.043911 -0.703354 -0.182732 1.369310
    35 1.099216 -1.407745 8.017889 -1.379816 0.021907 -0.004672
    36 0.068439 -0.807653 3.686054 -0.755015 0.010447 0.002628
    37 -4.004929 6.172707 4.754754 0.562451 0.993808 2.969839
    38 0.158352 -1.149811 5.804394 -0.235439 -0.193379 0.234256
    39 -1.083523 -1.463142 5.544399 -1.646687 -0.377054 0.249630
    40 -6.289886 0.932434 13.569063 -0.126803 0.612110 2.869610
    41 1.327774 -0.766687 12.396328 -0.015810 0.007673 -0.142275
    42 -0.096140 1.828087 23.185329 0.004114 -0.080514 -1.570836
    43 2.325478 -0.000003 6.169296 -0.737507 0.033402 1.693978
    44 0.000000 -3.152912 0.122169 2.003073 0.000000 0.000000
    45 1.068383 -10.478592 7.066338 0.292219 -1.282324 -3.141588
    46 0.000000 0.000000 2.279457 0.547137 -0.343566 0.107833
    47 2.479414 -8.323895 6.074242 -0.008855 0.007342 1.561876
    48 0.000003 -5.075260 5.105362 0.000000 0.000000 0.000000
    49 -1.068383 -10.478611 7.065971 0.292219 1.282324 3.141588
    50 -0.000488 0.000015 2.279600 0.547136 0.343566 0.107835
    51 -2.479401 -8.323895 6.074234 0.008854 0.007354 1.579716
    52 -5.790000 4.432083 14.255558 -2.880654 1.405724 -0.291566
    53 1.044540 -2.839314 19.743252 -0.621122 0.763949 -0.242573
    54 -2.655510 -1.533379 24.792648 -0.623659 -0.091447 0.515175
    55 -1.120216 -0.154385 9.795983 -0.017059 -0.001073 0.148363
    56 -2.240372 -0.308788 19.592047 -0.058807 0.161733 0.294381
    57 -0.683205 2.877342 14.167089 -0.360319 0.204138 -1.418542
    58 -0.144958 -0.145317 7.579308 -1.531829 0.304437 -0.164149
    59 -0.038551 -0.936644 4.697678 -1.069382 0.213298 -0.100293
    60 -0.506317 8.500896 13.617329 -0.014349 -0.111594 -1.332770
    61 0.385056 -0.460075 7.003435 -1.277311 0.581544 -0.289028
    62 -0.456360 -0.710276 5.057732 -1.312846 0.547040 -0.361642
    63 2.452194 -8.899408 11.597939 -0.924652 0.433265 -1.159905
    64 -0.680515 -0.903999 6.074242 -1.414541 -0.169980 -0.006009
    65 -0.248295 -0.666843 3.386627 -0.805547 -0.121632 0.046279
    66 0.717491 -3.784309 13.044010 -0.880780 0.200015 -1.407656
    67 -1.099228 -1.407673 8.017876 -1.523670 -0.020112 0.011574
    68 -0.064053 -0.807640 3.686100 -0.580775 -0.003169 -0.007222
    69 4.004906 6.172710 4.754800 0.451826 -1.049921 -2.826306
    70 -0.158381 -1.149773 5.804405 -0.449994 0.117620 0.245087
    71 1.078559 -2.386406 5.215008 -1.262144 0.858164 -0.043419
    72 6.289963 0.932404 13.569109 -0.126801 -0.612098 -2.869612
    73 -1.327759 -0.766682 12.396324 -0.034801 -0.013557 0.303456
    74 0.000017 -54.999996 0.000000 0.000000 0.000000 -1.570796
  time 31
    0 0.000000 0.000000 -1.500000 0.000000 0.000000 0.000000
    1 -10.521344 -5.760963 66.994621 3.097005 -0.050653 -3.139334
    2 -2.921593 0.636880 20.041782 0.005361 0.537313 0.421048
    3 -0.000034 0.000012 24.761454 -1.299235 -0.150648 -0.245768
    4 0.000017 0.000000 24.344809 1.796959 -0.193069 -0.180269
    5 0.002333 -1.019846 24.031336 0.964455 -0.051878 -0.027525
    6 0.000034 0.000008 13.404741 -0.000001 -0.000009 -0.135401
    7 10.398263 -5.760962 66.994675 3.097005 0.050653 3.139334
    8 1.202995 -8.469102 20.063998 0.875059 -0.588356 0.250659
    9 -0.000004 -0.000006 24.761459 -1.906304 0.220837 -0.634751
    10 -0.000007 0.000004 24.344891 1.872770 0.119437 -0.087765
    11 -0.002360 -1.019903 24.031330 0.389594 -0.042695 -0.017219
    12 0.000000 -0.000002 13.404737 0.000001 0.000005 -0.315687
    13 -0.061540 -5.245835 72.927078 0.000000 0.000000 0.000000
    14 0.946665 -3.396145 -20.238502 -0.127973 0.008881 0.023358
    15 0.000000 -0.005608 -1.146812 0.219331 0.065967 -0.468738
    16 0.030770 -0.240000 8.906021 -0.004138 0.000000 0.000000
    17 -0.304674 -2.620318 -0.539477 0.453311 0.033976 -0.153938
    18 0.030770 -0.276858 8.905140 0.056125 0.004134 -0.000049
    19 -0.313775 0.668865 0.018356 -0.141262 -0.111846 0.010593
    20 5.669724 4.435303 14.302868 1.560591 -1.398437 1.834453
    21 -1.044571 -2.839317 19.743267 -0.088370 -0.849914 0.061883
    22 2.655533 -1.533369 24.792658 -0.509307 0.060946 0.180849
    23 1.120163 -0.154394 9.796035 -0.038020 -0.001088 -0.331134
    24 2.240311 -0.308786 19.592051 -0.195217 0.021936 -0.648571
    25 0.683151 2.877354 14.167051 -0.150486 -0.114193 1.373910
    26 0.144936 -0.145374 7.579252 -1.515689 -0.242414 0.188143
    27 0.091660 -0.906685 4.702850 -0.612299 -0.097872 0.029614
    28 0.506271 8.500866 13.617253 0.143009 0.194427 1.339781
    29 -0.384987 -0.460049 7.003448 -1.054521 -0.437802 0.293822
    30 0.561516 -0.596954 5.061852 -0.894561 -0.316941 0.169656
    31 -2.452171 -8.899406 11.597897 -0.574236 -0.310798 1.067215
    32 0.680496 -0.903999 6.074253 -1.235233 0.137171 0.007938
    33 0.245514 -0.661150 3.388004 -0.624001 0.104813 -0.031000
    34 -0.717484 -3.784271 13.043911 -0.649955 -0.177938 1.364116
    35 1.099216 -1.407745 8.017889 -1.322421 0.020097 -0.003246
    36 0.068439 -0.807653 3.686054 -0.697658 0.008265 0.002832
    37 -4.004929 6.172707 4.754754 0.633611 0.916174 3.098916
    38 0.158352 -1.149811 5.804394 -0.175092 -0.183736 0.246828
    39 -1.083523 -1.463142 5.544399 -1.579145 -0.384724 0.240044
    40 -6.289886 0.932434 13.569063 -0.126803 0.612110 2.869610
    41 1.327774 -0.766687 12.396328 0.010029 -0.006469 0.096602
    42 -0.096140 1.828087 23.185329 0.004114 -0.080514 -1.570836
    43 2.325478 -0.000003 6.169296 -0.156147 0.018817 1.632792
    44 0.000000 -3.152912 0.122169 2.022782 0.000000 0.000000
    45 1.068383 -10.478592 7.066338 0.292219 -1.282324 -3.141588
    46 0.000000 0.000000 2.279457 0.547137 -0.343566 0.107833
    47 2.479414 -8.323895 6.074242 -0.018234 0.896433 1.484228
    48 0.000003 -5.075260 5.105362 0.000000 0.000000 0.000000
    49 -1.068383 -10.478611 7.065971 0.292219 1.282324 3.141588
    50 -0.000488 0.000015 2.279600 0.547136 0.343566 0.107835
    51 -2.479401 -8.323895 6.074234 0.008733 0.897185 1.503453
    52 -5.790000 4.432083 14.255558 -1.230560 1.454322 1.539847
    53 1.044540 -2.839314 19.743252 -0.881706 0.765942 -0.324246
    54 -2.655510 -1.533379 24.792648 -0.699601 -0.077132 -0.069310
    55 -1.120216 -0.154385 9.795983 -0.025329 -0.000689 0.220073
    56 -2.240372 -0.308788 19.592047 -0.218643 -0.247563 0.445601
    57 -0.683205 2.877342 14.167089 -0.093480 0.106778 -1.361512
    58 -0.144958 -0.145317 7.579308 -1.388733 0.295221 -0.127944
    59 -0.038551 -0.936644 4.697678 -0.710106 0.146951 -0.039519
    60 -0.506317 8.500896 13.617329 0.350172 -0.323112 -1.355549
    61 0.385056 -0.460075 7.003435 -1.122646 0.556865 -0.215234
    62 -0.456360 -0.710276 5.057732 -0.941534 0.461290 -0.193845
    63 2.452194 -8.899408 11.597939 -0.876925 0.421323 -1.152469
    64 -0.680515 -0.903999 6.074242 -1.353151 -0.162286 -0.008322
    65 -0.248295 -0.666843 3.386627 -0.661502 -0.113806 0.036368
    66 0.717491 -3.784309 13.044010 -0.679365 0.208212 -1.382332
    67 -1.099228 -1.407673 8.017876 -1.466175 -0.018590 0.011154
    68 -0.064053 -0.807640 3.686100 -0.339481 0.005520 -0.005244
    69 4.004906 6.172710 4.754800 0.748776 -0.781206 -3.392474
    70 -0.158381 -1.149773 5.804405 -0.501443 0.039637 0.224546
    71 1.078559 -2.386406 5.215008 -1.091634 0.654369 0.086798
    72 6.289963 0.932404 13.569109 -0.126801 -0.612098 -2.869612
    73 -1.327759 -0.766682 12.396324 -0.003820 -0.002112 0.035213
    74 0.000017 -54.999996 0.000000 0.000000 0.000000 -1.570796
  time 32
    0 0.000000 0.000000 -1.500000 0.000000 0.000000 0.000000
    1 -10.521344 -5.760963 66.994621 3.097005 -0.050653 -3.139334
    2 -1.870780 -2.972555 23.876378 0.005088 0.581598 0.448223
    3 -0.000034 0.000012 24.761454 -1.457977 -0.168996 -0.277895
    4 0.000017 0.000000 24.344809 1.859161 -0.243454 -0.237612
    5 0.002333 -1.019846 24.031336 1.090047 -0.054095 -0.059800
    6 0.000034 0.000008 13.404741 -0.000001 -0.000009 -0.132300
    7 10.398263 -5.760962 66.994675 3.097005 0.050653 3.139334
    8 2.390532 -11.591444 22.874019 0.846054 -0.532205 0.217900
    9 -0.000004 -0.000006 24.761459 -2.038023 0.236033 -0.536742
    10 -0.000007 0.000004 24.344891 2.058450 0.157278 -0.054261
    11 -0.002360 -1.019903 24.031330 0.389594 -0.042695 -0.017219
    12 0.000000 -0.000002 13.404737 0.000001 0.000005 -0.241639
    13 -0.061540 -5.245835 72.927078 0.000000 0.000000 0.000000
    14 -0.166650 -5.888324 -23.798416 -0.247861 0.020718 0.043776
    15 0.000000 -0.005608 -1.146812 0.219331 0.065967 -0.468738
    16 0.030770 -0.240000 8.906021 -0.004138 0.000000 0.000000
    17 -0.249984 -2.729696 -0.574635 0.471619 0.055499 -0.164920
    18 0.030770 -0.276858 8.905140 0.056125 0.004134 -0.000049
    19 -0.403622 0.778243 0.006637 -0.181153 -0.140543 0.021475
    20 5.669724 4.435303 14.302868 0.373267 -1.254962 2.824222
    21 -1.044571 -2.839317 19.743267 -0.445440 -1.056093 0.263633
    22 2.655533 -1.533369 24.792658 -0.577049 0.063713 0.178746
    23 1.120163 -0.154394 9.796035 -0.041819 -0.001891 -0.364834
    24 2.240311 -0.308786 19.592051 -0.322900 0.207222 -0.740831
    25 0.683151 2.877354 14.167051 -0.011203 -0.086880 1.359361
    26 0.144936 -0.145374 7.579252 -1.425965 -0.239334 0.171628
    27 0.091660 -0.906685 4.702850 -0.518251 -0.082148 0.019918
    28 0.506271 8.500866 13.617253 0.333343 0.254757 1.355899
    29 -0.384987 -0.460049 7.003448 -0.941480 -0.421898 0.254297
    30 0.561516 -0.596954 5.061852 -0.788279 -0.292768 0.136651
    31 -2.452171 -8.899406 11.597897 -0.512975 -0.238043 1.056505
    32 0.680496 -0.903999 6.074253 -1.213264 0.134894 0.008741
    33 0.245514 -0.661150 3.388004 -0.601899 0.103914 -0.029430
    34 -0.717484 -3.784271 13.043911 -0.536587 -0.169729 1.356540
    35 1.099216 -1.407745 8.017889 -1.265064 0.018204 -0.001904
    36 0.068439 -0.807653 3.686054 -0.640337 0.006084 0.002916
    37 -4.004929 6.172707 4.754754 0.734046 0.752879 3.272677
    38 0.158352 -1.149811 5.804394 -0.077581 -0.169706 0.268328
    39 -1.083523 -1.463142 5.544399 -1.469696 -0.395845 0.223387
    40 -6.289886 0.932434 13.569063 -0.126803 0.612110 2.869610
    41 1.327774 -0.766687 12.396328 0.007165 -0.004455 0.068180
    42 -0.096140 1.828087 23.185329 0.004114 -0.080514 -1.570836
    43 2.325478 -0.000003 6.169296 -0.087147 0.045556 1.693539
    44 0.000000 -3.152912 0.122169 2.071964 0.000000 0.000000
    45 1.068383 -10.478592 7.066338 0.292219 -1.282324 -3.141588
    46 0.000000 0.000000 2.279457 0.547137 -0.343566 0.107833
    47 2.479414 -8.323895 6.074242 -0.044931 1.243889 1.379647
    48 0.000003 -5.075260 5.105362 0.000000 0.000000 0.000000
    49 -1.068383 -10.478611 7.065971 0.292219 1.282324 3.141588
    50 -0.000488 0.000015 2.279600 0.547136 0.343566 0.107835
    51 -2.479401 -8.323895 6.074234 0.004235 1.245142 1.401419
    52 -5.790000 4.432083 14.255558 -0.953340 1.249088 2.050543
    53 1.044540 -2.839314 19.743252 -0.892559 0.412604 -0.107313
    54 -2.655510 -1.533379 24.792648 -0.899041 -0.105412 0.339254
    55 -1.120216 -0.154385 9.795983 -0.037781 0.001024 0.329107
    56 -2.240372 -0.308788 19.592047 -0.674706 -0.581218 0.808272
    57 -0.683205 2.877342 14.167089 0.068969 -0.031394 -1.372464
    58 -0.144958 -0.145317 7.579308 -1.527742 0.303934 -0.159967
    59 -0.038551 -0.936644 4.697678 -0.447528 0.086153 -0.011954
    60 -0.506317 8.500896 13.617329 0.659482 -0.542983 -1.511679
    61 0.385056 -0.460075 7.003435 -1.388982 0.588887 -0.344951
    62 -0.456360 -0.710276 5.057732 -0.810120 0.414739 -0.143383
    63 2.452194 -8.899408 11.597939 -0.894917 0.427852 -1.163265
    64 -0.680515 -0.903999 6.074242 -1.358002 -0.161747 -0.005985
    65 -0.248295 -0.666843 3.386627 -0.504594 -0.103894 0.026828
    66 0.717491 -3.784309 13.044010 -0.518004 0.206582 -1.362068
    67 -1.099228 -1.407673 8.017876 -1.626668 -0.022508 0.016116
    68 -0.064053 -0.807640 3.686100 -0.137295 0.012172 -0.001889
    69 4.004906 6.172710 4.754800 0.635914 -0.472264 -3.720010
    70 -0.158381 -1.149773 5.804405 -0.543020 -0.152362 0.219301
    71 1.078559 -2.386406 5.215008 -0.744116 0.243410 0.296299
    72 6.289963 0.932404 13.569109 -0.126801 -0.612098 -2.869612
    73 -1.327759 -0.766682 12.396324 -0.027442 -0.011712 0.241924
    74 0.000017 -54.999996 0.000000 0.000000 0.000000 -1.570796
  time 33
    0 0.000000 0.000000 -1.500000 0.000000 0.000000 0.000000
    1 -10.521344 -5.760963 66.994621 3.097005 -0.050653 -3.139334
    2 -1.441079 -5.636662 25.535794 -0.061933 0.613609 0.412047
    3 -0.000034 0.000012 24.761454 -1.463628 -0.169643 -0.274719
    4 0.000017 0.000000 24.344809 1.862367 -0.280462 -0.274926
    5 0.002333 -1.019846 24.031336 1.155829 -0.051998 -0.074924
    6 0.000034 0.000008 13.404741 -0.000001 -0.000009 -0.130803
    7 10.398263 -5.760962 66.994675 3.097005 0.050653 3.139334
    8 3.031176 -14.326617 25.189477 0.759549 -0.512598 0.258828
    9 -0.000004 -0.000006 24.761459 -2.126624 0.246268 -0.515281
    10 -0.000007 0.000004 24.344891 2.231029 0.180765 -0.028366
    11 -0.002360 -1.019903 24.031330 0.389594 -0.042695 -0.017219
    12 0.000000 -0.000002 13.404737 0.000001 0.000005 -0.223305
    13 -0.061540 -5.245835 72.927078 0.000000 0.000000 0.000000
    14 -0.623695 -8.846330 -25.848746 -0.187757 0.028873 0.043536
    15 0.000000 -0.005608 -1.146812 0.219331 0.065967 -0.468738
    16 0.030770 -0.240000 8.906021 -0.004138 0.000000 0.000000
    17 -0.246078 -2.260932 -0.383222 0.368041 0.011744 -0.099109
    18 0.030770 -0.276858 8.905140 0.056125 0.004134 -0.000049
    19 -0.352839 -0.116315 0.037888 0.139408 -0.131944 -0.008127
    20 5.669724 4.435303 14.302868 -0.098275 -1.000252 3.627499
    21 -1.044571 -2.839317 19.743267 -1.350126 -0.876737 0.587493
    22 2.655533 -1.533369 24.792658 -0.624221 0.087269 -0.219952
    23 1.120163 -0.154394 9.796035 -0.047249 -0.003281 -0.413400
    24 2.240311 -0.308786 19.592051 -0.464596 0.345727 -0.898805
    25 0.683151 2.877354 14.167051 0.191494 -0.047690 1.346048
    26 0.144936 -0.145374 7.579252 -1.420110 -0.239070 0.170537
    27 0.091660 -0.906685 4.702850 -0.527775 -0.083790 0.020841
    28 0.506271 8.500866 13.617253 0.570364 0.327434 1.401477
    29 -0.384987 -0.460049 7.003448 -0.921277 -0.418602 0.247430
    30 0.561516 -0.596954 5.061852 -0.769251 -0.288058 0.131030
    31 -2.452171 -8.899406 11.597897 -0.451460 -0.189845 1.056585
    32 0.680496 -0.903999 6.074253 -1.198393 0.133336 0.009244
    33 0.245514 -0.661150 3.388004 -0.586987 0.103315 -0.028376
    34 -0.717484 -3.784271 13.043911 -0.414620 -0.169117 1.349103
    35 1.099216 -1.407745 8.017889 -1.254004 0.017820 -0.001640
    36 0.068439 -0.807653 3.686054 -0.629285 0.005665 0.002928
    37 -4.004929 6.172707 4.754754 0.783679 0.659119 3.341760
    38 0.158352 -1.149811 5.804394 -0.032066 -0.163909 0.278778
    39 -1.083523 -1.463142 5.544399 -1.419523 -0.400639 0.215155
    40 -6.289886 0.932434 13.569063 -0.126803 0.612110 2.869610
    41 1.327774 -0.766687 12.396328 -0.027710 0.011760 -0.244213
    42 -0.096140 1.828087 23.185329 0.004114 -0.080514 -1.570836
    43 2.325478 -0.000003 6.169296 -0.386828 0.074870 1.629718
    44 0.000000 -3.152912 0.122169 2.135940 0.000000 0.000000
    45 1.068383 -10.478592 7.066338 0.292219 -1.282324 -3.141588
    46 0.000000 0.000000 2.279457 0.547137 -0.343566 0.107833
    47 2.479414 -8.323895 6.074242 -0.050069 1.321326 1.426159
    48 0.000003 -5.075260 5.105362 0.000000 0.000000 0.000000
    49 -1.068383 -10.478611 7.065971 0.292219 1.282324 3.141588
    50 -0.000488 0.000015 2.279600 0.547136 0.343566 0.107835
    51 -2.479401 -8.323895 6.074234 0.013152 1.322255 1.455933
    52 -5.790000 4.432083 14.255558 -1.305329 1.287385 1.650035
    53 1.044540 -2.839314 19.743252 -0.705665 0.224658 -0.046705
    54 -2.655510 -1.533379 24.792648 -0.893002 -0.104804 0.586816
    55 -1.120216 -0.154385 9.795983 -0.046385 0.003062 0.405686
    56 -2.240372 -0.308788 19.592047 -0.834542 -0.492210 0.936723
    57 -0.683205 2.877342 14.167089 0.015562 -0.076801 -1.388033
    58 -0.144958 -0.145317 7.579308 -1.737590 0.309435 -0.215455
    59 -0.038551 -0.936644 4.697678 -0.465773 0.090624 -0.013344
    60 -0.506317 8.500896 13.617329 0.600124 -0.613964 -1.534414
    61 0.385056 -0.460075 7.003435 -1.680398 0.594373 -0.490042
    62 -0.456360 -0.710276 5.057732 -0.931332 0.459716 -0.189966
    63 2.452194 -8.899408 11.597939 -0.943360 0.450296 -1.185096
    64 -0.680515 -0.903999 6.074242 -1.400204 -0.168614 -0.006824
    65 -0.248295 -0.666843 3.386627 -0.434862 -0.101426 0.018247
    66 0.717491 -3.784309 13.044010 -0.508688 0.213281 -1.360567
    67 -1.099228 -1.407673 8.017876 -1.830310 -0.026260 0.020167
    68 -0.064053 -0.807640 3.686100 -0.083049 0.014305 -0.002835
    69 4.004906 6.172710 4.754800 0.520643 -0.520536 -3.771912
    70 -0.158381 -1.149773 5.804405 -0.523208 -0.286285 0.211682
    71 1.078559 -2.386406 5.215008 -0.549528 -0.020209 0.352164
    72 6.289963 0.932404 13.569109 -0.126801 -0.612098 -2.869612
    73 -1.327759 -0.766682 12.396324 -0.041248 -0.014840 0.356846
    74 0.000017 -54.999996 0.000000 0.000000 0.000000 -1.570796
  time 34
    0 0.000000 0.000000 -1.500000 0.000000 0.000000 0.000000
    1 -10.521344 -5.760963 66.994621 3.097005 -0.050653 -3.139334
    2 -3.241915 -7.404549 26.432775 -0.109688 0.671756 0.349920
    3 -0.000034 0.000012 24.761454 -1.418993 -0.164490 -0.270728
    4 0.000017 0.000000 24.344809 1.823899 -0.348593 -0.335899
    5 0.002333 -1.019846 24.031336 1.197569 -0.049793 -0.084836
    6 0.000034 0.000008 13.404741 -0.000001 -0.000009 -0.134874
    7 10.398263 -5.760962 66.994675 3.097005 0.050653 3.139334
    8 1.421752 -16.087618 27.527415 0.709472 -0.452314 0.308998
    9 -0.000004 -0.000006 24.761459 -2.233319 0.258552 -0.574460
    10 -0.000007 0.000004 24.344891 2.384246 0.160567 -0.099262
    11 -0.002360 -1.019903 24.031330 0.389594 -0.042695 -0.017219
    12 0.000000 -0.000002 13.404737 0.000001 0.000005 -0.271074
    13 -0.061540 -5.245835 72.927078 0.000000 0.000000 0.000000
    14 1.208392 -11.210406 -27.538579 -0.074494 0.037837 0.046238
    15 0.000000 -0.005608 -1.146812 0.219331 0.065967 -0.468738
    16 0.030770 -0.240000 8.906021 -0.004138 0.000000 0.000000
    17 -0.320299 -1.764823 -0.148840 0.257077 0.014314 -0.165199
    18 0.030770 -0.276858 8.905140 0.056125 0.004134 -0.000049
    19 -0.427060 -0.960091 -0.059771 0.455715 -0.150520 -0.058282
    20 5.669724 4.435303 14.302868 -0.177615 -0.980415 3.714995
    21 -1.044571 -2.839317 19.743267 -1.260406 -0.804462 0.472800
    22 2.655533 -1.533369 24.792658 -0.579045 0.089728 -0.533089
    23 1.120163 -0.154394 9.796035 -0.052450 -0.004887 -0.460380
    24 2.240311 -0.308786 19.592051 -0.574654 0.435009 -1.080042
    25 0.683151 2.877354 14.167051 0.520911 0.010195 1.340928
    26 0.144936 -0.145374 7.579252 -1.457654 -0.240580 0.177428
    27 0.091660 -0.906685 4.702850 -0.583407 -0.093138 0.026486
    28 0.506271 8.500866 13.617253 0.917682 0.396903 1.551866
    29 -0.384987 -0.460049 7.003448 -0.938421 -0.421419 0.253242
    30 0.561516 -0.596954 5.061852 -0.785352 -0.292049 0.135800
    31 -2.452171 -8.899406 11.597897 -0.349038 -0.223643 0.968135
    32 0.680496 -0.903999 6.074253 -1.138633 0.127008 0.011066
    33 0.245514 -0.661150 3.388004 -0.526860 0.100666 -0.024205
    34 -0.717484 -3.784271 13.043911 -0.185546 -0.184422 1.288312
    35 1.099216 -1.407745 8.017889 -1.243643 0.017473 -0.001412
    36 0.068439 -0.807653 3.686054 -0.618944 0.005257 0.002928
    37 -4.004929 6.172707 4.754754 0.853668 0.661478 3.390080
    38 0.158352 -1.149811 5.804394 -0.020412 -0.120467 0.287072
    39 -1.083523 -1.463142 5.544399 -1.487222 -0.411198 0.206274
    40 -6.289886 0.932434 13.569063 -0.126803 0.612110 2.869610
    41 1.327774 -0.766687 12.396328 -0.045939 0.015535 -0.395062
    42 -0.096140 1.828087 23.185329 0.004114 -0.080514 -1.570836
    43 2.325478 -0.000003 6.169296 -0.714109 0.039204 1.532292
    44 0.000000 -3.152912 0.122169 2.199948 0.000000 0.000000
    45 1.068383 -10.478592 7.066338 0.292219 -1.282324 -3.141588
    46 0.000000 0.000000 2.279457 0.547137 -0.343566 0.107833
    47 2.479414 -8.323895 6.074242 -0.021252 1.402050 1.669418
    48 0.000003 -5.075260 5.105362 0.000000 0.000000 0.000000
    49 -1.068383 -10.478611 7.065971 0.292219 1.282324 3.141588
    50 -0.000488 0.000015 2.279600 0.547136 0.343566 0.107835
    51 -2.479401 -8.323895 6.074234 0.068844 1.401117 1.716049
    52 -5.790000 4.432083 14.255558 -1.961667 1.252951 0.824874
    53 1.044540 -2.839314 19.743252 -0.638265 0.305297 -0.076152
    54 -2.655510 -1.533379 24.792648 -0.773076 -0.097893 0.371136
    55 -1.120216 -0.154385 9.795983 -0.054763 0.005698 0.481613
    56 -2.240372 -0.308788 19.592047 -0.822705 -0.325977 1.008037
    57 -0.683205 2.877342 14.167089 0.266710 -0.182001 -1.406410
    58 -0.144958 -0.145317 7.579308 -1.675742 0.310357 -0.214377
    59 -0.038551 -0.936644 4.697678 -0.581751 0.118224 -0.024059
    60 -0.506317 8.500896 13.617329 0.960572 -0.784724 -1.719029
    61 0.385056 -0.460075 7.003435 -1.660412 0.608905 -0.476337
    62 -0.456360 -0.710276 5.057732 -1.099231 0.520800 -0.260859
    63 2.452194 -8.899408 11.597939 -0.747160 0.596322 -1.002033
    64 -0.680515 -0.903999 6.074242 -1.299576 -0.168949 -0.030601
    65 -0.248295 -0.666843 3.386627 -0.336862 -0.104649 -0.005434
    66 0.717491 -3.784309 13.044010 -0.265576 0.261675 -1.299068
    67 -1.099228 -1.407673 8.017876 -1.786096 -0.025361 0.010183
    68 -0.064053 -0.807640 3.686100 -0.025089 0.017277 -0.010218
    69 4.004906 6.172710 4.754800 0.588480 -0.775355 -3.789430
    70 -0.158381 -1.149773 5.804405 -0.540369 -0.229003 -0.016909
    71 1.078559 -2.386406 5.215008 -0.690369 0.074628 0.252711
    72 6.289963 0.932404 13.569109 -0.126801 -0.612098 -2.869612
    73 -1.327759 -0.766682 12.396324 -0.026124 -0.011304 0.230635
    74 0.000017 -54.999996 0.000000 0.000000 0.000000 -1.570796
  time 35
    0 0.000000 0.000000 -1.500000 0.000000 0.000000 0.000000
    1 -10.521344 -5.760963 66.994621 3.097005 -0.050653 -3.139334
    2 -6.343572 -8.669079 26.544898 -0.164480 0.743292 0.269181
    3 -0.000034 0.000012 24.761454 -1.315170 -0.152469 -0.254726
    4 0.000017 0.000000 24.344809 1.744744 -0.433564 -0.395100
    5 0.002333 -1.019846 24.031336 1.219409 -0.048367 -0.090229
    6 0.000034 0.000008 13.404741 -0.000001 -0.000009 -0.134979
    7 10.398263 -5.760962 66.994675 3.097005 0.050653 3.139334
    8 -1.570527 -17.186682 29.145987 0.687974 -0.360533 0.347864
    9 -0.000004 -0.000006 24.761459 -2.310150 0.267433 -0.686967
    10 -0.000007 0.000004 24.344891 2.492156 0.112038 -0.246245
    11 -0.002360 -1.019903 24.031330 0.389594 -0.042695 -0.017219
    12 0.000000 -0.000002 13.404737 0.000001 0.000005 -0.369425
    13 -0.061540 -5.245835 72.927078 0.000000 0.000000 0.000000
    14 4.356926 -13.027134 -28.507416 0.039921 0.043927 0.050802
    15 0.000000 -0.005608 -1.146812 0.219331 0.065967 -0.468738
    16 0.030770 -0.240000 8.906021 -0.004138 0.000000 0.000000
    17 -0.582026 -1.596849 -0.109777 0.231887 -0.051471 -0.120274
    18 0.030770 -0.276858 8.905140 0.056125 0.004134 -0.000049
    19 -0.302056 -1.049938 -0.075397 0.481058 -0.121350 -0.050816
    20 5.669724 4.435303 14.302868 -0.296482 -1.037354 3.861237
    21 -1.044571 -2.839317 19.743267 -1.310647 -0.863169 0.556303
    22 2.655533 -1.533369 24.792658 -0.408236 0.083695 -0.320557
    23 1.120163 -0.154394 9.796035 -0.056273 -0.006253 -0.495563
    24 2.240311 -0.308786 19.592051 -0.689499 0.519134 -1.275164
    25 0.683151 2.877354 14.167051 0.943585 0.068824 1.360510
    26 0.144936 -0.145374 7.579252 -1.512483 -0.242330 0.187555
    27 0.091660 -0.906685 4.702850 -0.634140 -0.101359 0.032071
    28 0.506271 8.500866 13.617253 1.363316 0.416105 1.811840
    29 -0.384987 -0.460049 7.003448 -0.969509 -0.426249 0.263932
    30 0.561516 -0.596954 5.061852 -0.814591 -0.299096 0.144596
    31 -2.452171 -8.899406 11.597897 -0.197202 -0.316275 0.770295
    32 0.680496 -0.903999 6.074253 -1.049607 0.117396 0.013032
    33 0.245514 -0.661150 3.388004 -0.437281 0.096304 -0.018333
    34 -0.717484 -3.784271 13.043911 0.170786 -0.197401 1.160170
    35 1.099216 -1.407745 8.017889 -1.227383 0.016897 -0.001077
    36 0.068439 -0.807653 3.686054 -0.602668 0.004634 0.002916
    37 -4.004929 6.172707 4.754754 0.987071 0.654753 3.489782
    38 0.158352 -1.149811 5.804394 0.003023 -0.025923 0.308716
    39 -1.083523 -1.463142 5.544399 -1.637479 -0.432243 0.190639
    40 -6.289886 0.932434 13.569063 -0.126803 0.612110 2.869610
    41 1.327774 -0.766687 12.396328 -0.031917 0.012874 -0.279364
    42 -0.096140 1.828087 23.185329 0.004114 -0.080546 -1.570836
    43 2.325478 -0.000003 6.169296 -0.788743 -0.057984 1.429477
    44 0.000000 -3.152912 0.122169 2.249147 0.000000 0.000000
    45 1.068383 -10.478592 7.066338 0.292219 -1.282324 -3.141588
    46 0.000000 0.000000 2.279457 0.547137 -0.343566 0.107833
    47 2.479414 -8.323895 6.074242 0.035866 1.434312 1.929677
    48 0.000003 -5.075260 5.105362 0.000000 0.000000 0.000000
    49 -1.068383 -10.478611 7.065971 0.292219 1.282324 3.141588
    50 -0.000488 0.000015 2.279600 0.547136 0.343566 0.107835
    51 -2.479401 -8.323895 6.074234 0.139037 1.431169 1.984979
    52 -5.790000 4.432083 14.255558 -2.176484 1.119825 0.441517
    53 1.044540 -2.839314 19.743252 -0.274105 0.284268 -0.083908
    54 -2.655510 -1.533379 24.792648 -0.666839 -0.081766 0.040423
    55 -1.120216 -0.154385 9.795983 -0.062073 0.008623 0.549923
    56 -2.240372 -0.308788 19.592047 -0.690667 -0.166674 1.094644
    57 -0.683205 2.877342 14.167089 0.651203 -0.355690 -1.461568
    58 -0.144958 -0.145317 7.579308 -1.497608 0.305791 -0.189413
    59 -0.038551 -0.936644 4.697678 -0.676131 0.139557 -0.035061
    60 -0.506317 8.500896 13.617329 1.725212 -0.953071 -2.182881
    61 0.385056 -0.460075 7.003435 -1.606454 0.628734 -0.444256
    62 -0.456360 -0.710276 5.057732 -1.275535 0.574725 -0.341773
    63 2.452194 -8.899408 11.597939 -0.414866 0.837492 -0.620010
    64 -0.680515 -0.903999 6.074242 -1.138475 -0.165306 -0.061809
    65 -0.248295 -0.666843 3.386627 -0.226456 -0.109719 -0.034952
    66 0.717491 -3.784309 13.044010 0.084796 0.313425 -1.187330
    67 -1.099228 -1.407673 8.017876 -1.636026 -0.022257 -0.005397
    68 -0.064053 -0.807640 3.686100 0.034672 0.020884 -0.020237
    69 4.004906 6.172710 4.754800 0.775806 -1.223450 -3.793360
    70 -0.158381 -1.149773 5.804405 -0.548392 -0.181825 -0.461286
    71 1.078559 -2.386406 5.215008 -0.900963 0.258205 0.056509
    72 6.289963 0.932404 13.569109 -0.126801 -0.612098 -2.869612
    73 -1.327759 -0.766682 12.396324 -0.008027 -0.004245 0.073381
    74 0.000017 -54.999996 0.000000 0.000000 0.000000 -1.570796
  time 36
    0 0.000000 0.000000 -1.500000 0.000000 0.000000 0.000000
    1 -10.521344 -5.760963 66.994621 3.097005 -0.050653 -3.139334
    2 -8.078000 -9.700347 26.253379 -0.235327 0.777111 0.206617
    3 -0.000034 0.000012 24.761454 -1.210331 -0.140365 -0.231191
    4 0.000017 0.000000 24.344809 1.680569 -0.484017 -0.411218
    5 0.002333 -1.019846 24.031336 1.225756 -0.047899 -0.091859
    6 0.000034 0.000008 13.404741 -0.000001 -0.000009 -0.126795
    7 10.398263 -5.760962 66.994675 3.097005 0.050653 3.139334
    8 -3.285423 -18.073428 29.640551 0.658798 -0.300870 0.368493
    9 -0.000004 -0.000006 24.761459 -2.317465 0.268272 -0.740907
    10 -0.000007 0.000004 24.344891 2.543917 0.081196 -0.323299
    11 -0.002360 -1.019903 24.031330 0.389594 -0.042695 -0.017219
    12 0.000000 -0.000002 13.404737 0.000001 0.000005 -0.418977
    13 -0.061540 -5.245835 72.927078 0.000000 0.000000 0.000000
    14 6.122604 -14.354744 -28.732727 0.103610 0.044340 0.053685
    15 0.000000 -0.005608 -1.146812 0.219331 0.065967 -0.468738
    16 0.030770 -0.240000 8.906021 -0.004138 0.000000 0.000000
    17 -0.789063 -1.616381 -0.137121 0.232392 -0.109849 -0.054583
    18 0.030770 -0.276858 8.905140 0.056125 0.004134 -0.000049
    19 -0.157520 -1.061657 -0.067584 0.483024 -0.083395 -0.034409
    20 5.669724 4.435303 14.302868 -0.462914 -1.112967 -2.217102
    21 -1.044571 -2.839317 19.743267 -1.013407 -0.937792 0.500352
    22 2.655533 -1.533369 24.792658 -0.306254 0.065711 0.053557
    23 1.120163 -0.154394 9.796035 -0.059077 -0.007356 -0.521709
    24 2.240311 -0.308786 19.592051 -0.793900 0.571395 -1.451891
    25 0.683151 2.877354 14.167051 1.310579 0.097096 1.395341
    26 0.144936 -0.145374 7.579252 -1.561922 -0.243432 0.196748
    27 0.091660 -0.906685 4.702850 -0.671137 -0.107184 0.036385
    28 0.506271 8.500866 13.617253 1.736016 0.380074 2.048640
    29 -0.384987 -0.460049 7.003448 -0.999423 -0.430587 0.274347
    30 0.561516 -0.596954 5.061852 -0.842723 -0.305628 0.153249
    31 -2.452171 -8.899406 11.597897 -0.056049 -0.414703 0.570040
    32 0.680496 -0.903999 6.074253 -0.968949 0.108348 0.014314
    33 0.245514 -0.661150 3.388004 -0.355851 0.092181 -0.013275
    34 -0.717484 -3.784271 13.043911 0.498589 -0.197065 1.030583
    35 1.099216 -1.407745 8.017889 -1.212365 0.016394 -0.000753
    36 0.068439 -0.807653 3.686054 -0.587671 0.004071 0.002892
    37 -4.004929 6.172707 4.754754 1.095613 0.636163 3.577619
    38 0.158352 -1.149811 5.804394 0.024296 0.067271 0.334483
    39 -1.083523 -1.463142 5.544399 -1.792967 -0.450579 0.180612
    40 -6.289886 0.932434 13.569063 -0.126803 0.612110 2.869610
    41 1.327774 -0.766687 12.396328 -0.004173 0.002316 -0.038479
    42 -0.096140 1.828087 23.185329 0.004114 -0.080514 -1.570836
    43 2.325478 -0.000003 6.169296 -0.791321 -0.039232 1.445003
    44 0.000000 -3.152912 0.122169 2.268839 0.000000 0.000000
    45 1.068383 -10.478592 7.066338 0.292219 -1.282324 -3.141588
    46 0.000000 0.000000 2.279457 0.547137 -0.343566 0.107833
    47 2.479414 -8.323895 6.074242 0.035866 1.434312 1.929677
    48 0.000003 -5.075260 5.105362 0.000000 0.000000 0.000000
    49 -1.068383 -10.478611 7.065971 0.292219 1.282324 3.141588
    50 -0.000488 0.000015 2.279600 0.547136 0.343566 0.107835
    51 -2.479401 -8.323895 6.074234 0.139037 1.431216 1.984979
    52 -5.790000 4.432083 14.255558 -2.130664 1.077499 0.444391
    53 1.044540 -2.839314 19.743252 -0.056266 0.253742 -0.081132
    54 -2.655510 -1.533379 24.792648 -0.700406 -0.077986 -0.056436
    55 -1.120216 -0.154385 9.795983 -0.068401 0.011619 0.610452
    56 -2.240372 -0.308788 19.592047 -0.422543 -0.143952 1.256519
    57 -0.683205 2.877342 14.167089 0.857606 -0.442585 -1.501888
    58 -0.144958 -0.145317 7.579308 -1.395817 0.299727 -0.174480
    59 -0.038551 -0.936644 4.697678 -0.715086 0.148030 -0.040190
    60 -0.506317 8.500896 13.617329 2.182955 -0.964175 -2.466296
    61 0.385056 -0.460075 7.003435 -1.575288 0.638227 -0.426049
    62 -0.456360 -0.710276 5.057732 -1.358756 0.595768 -0.381634
    63 2.452194 -8.899408 11.597939 -0.218984 0.952849 -0.384776
    64 -0.680515 -0.903999 6.074242 -1.054179 -0.162609 -0.076370
    65 -0.248295 -0.666843 3.386627 -0.174292 -0.112212 -0.049238
    66 0.717491 -3.784309 13.044010 0.264888 0.332300 -1.125422
    67 -1.099228 -1.407673 8.017876 -1.548439 -0.020172 -0.013342
    68 -0.064053 -0.807640 3.686100 0.062020 0.022550 -0.025271
    69 4.004906 6.172710 4.754800 1.122372 -1.451688 -4.007105
    70 -0.158381 -1.149773 5.804405 -0.526836 -0.182920 -0.707781
    71 1.078559 -2.386406 5.215008 -1.015337 0.352246 -0.062674
    72 6.289963 0.932404 13.569109 -0.126801 -0.612098 -2.869612
    73 -1.327759 -0.766682 12.396324 -0.005079 -0.002771 0.046733
    74 0.000017 -54.999996 0.000000 0.000000 0.000000 -1.570796
  time 37
    0 0.000000 0.000000 -1.500000 0.000000 0.000000 0.000000
    1 -10.521344 -5.760963 66.994621 3.097005 -0.050653 -3.139334
    2 -7.421730 -10.498351 26.163681 -0.291007 0.759408 0.178831
    3 -0.000034 0.000012 24.761454 -1.178176 -0.136650 -0.212379
    4 0.000017 0.000000 24.344809 1.679337 -0.478630 -0.395705
    5 0.002333 -1.019846 24.031336 1.225756 -0.047899 -0.091859
    6 0.000034 0.000008 13.404741 -0.000001 -0.000009 -0.116881
    7 10.398263 -5.760962 66.994675 3.097005 0.050653 3.139334
    8 -2.703374 -18.822790 29.213428 0.612304 -0.304126 0.383181
    9 -0.000004 -0.000006 24.761459 -2.282872 0.264293 -0.710617
    10 -0.000007 0.000004 24.344891 2.552694 0.090240 -0.280043
    11 -0.002360 -1.019903 24.031330 0.389594 -0.042695 -0.017219
    12 0.000000 -0.000002 13.404737 0.000001 0.000005 -0.395189
    13 -0.061540 -5.245835 72.927078 0.000000 0.000000 0.000000
    14 5.353050 -15.251462 -28.507416 0.120220 0.020563 0.051583
    15 0.000000 -0.005608 -1.146812 0.219331 0.065967 -0.468738
    16 0.030770 -0.240000 8.906021 -0.004138 0.000000 0.000000
    17 -0.894535 -1.604662 -0.117589 0.223407 -0.138196 -0.041765
    18 0.030770 -0.276858 8.905140 0.056125 0.004134 -0.000049
    19 0.100300 -1.233537 -0.098835 0.551011 0.006275 -0.009601
    20 5.669724 4.435303 14.302868 5.662823 -1.167263 -2.026297
    21 -1.044571 -2.839317 19.743267 -0.489664 -0.778527 0.204947
    22 2.655533 -1.533369 24.792658 -0.350996 0.050686 0.258405
    23 1.120163 -0.154394 9.796035 -0.061187 -0.008219 -0.541370
    24 2.240311 -0.308786 19.592051 -0.852171 0.581986 -1.556811
    25 0.683151 2.877354 14.167051 1.467196 0.101290 1.413337
    26 0.144936 -0.145374 7.579252 -1.583482 -0.243756 0.200750
    27 0.091660 -0.906685 4.702850 -0.685422 -0.109365 0.038111
    28 0.506271 8.500866 13.617253 1.888863 0.353183 2.146701
    29 -0.384987 -0.460049 7.003448 -1.012797 -0.432433 0.279045
    30 0.561516 -0.596954 5.061852 -0.855326 -0.308444 0.157180
    31 -2.452171 -8.899406 11.597897 0.007845 -0.461467 0.478260
    32 0.680496 -0.903999 6.074253 -0.933814 0.104693 0.014326
    33 0.245514 -0.661150 3.388004 -0.320595 0.089832 -0.011298
    34 -0.717484 -3.784271 13.043911 0.642339 -0.193674 0.972343
    35 1.099216 -1.407745 8.017889 -1.205923 0.016154 -0.000609
    36 0.068439 -0.807653 3.686054 -0.581239 0.003819 0.002880
    37 -4.004929 6.172707 4.754754 1.135517 0.625601 3.613309
    38 0.158352 -1.149811 5.804394 0.033492 0.109201 0.347426
    39 -1.083523 -1.463142 5.544399 -1.865375 -0.457938 0.177988
    40 -6.289886 0.932434 13.569063 -0.126803 0.612110 2.869610
    41 1.327774 -0.766687 12.396328 0.010892 -0.007068 0.105139
    42 -0.096140 1.828087 23.185329 0.004114 -0.080546 -1.570836
    43 2.325478 -0.000003 6.169296 -0.792754 0.011713 1.493696
    44 0.000000 -3.152912 0.122169 2.371549 0.000000 0.000000
    45 1.068383 -10.478592 7.066338 0.292219 -1.282324 -3.141588
    46 0.000000 0.000000 2.279457 0.547137 -0.343566 0.107833
    47 2.479414 -8.323895 6.074242 0.035866 1.434312 1.929677
    48 0.000003 -5.075260 5.105362 0.000000 0.000000 0.000000
    49 -1.068383 -10.478611 7.065971 0.292219 1.282324 3.141588
    50 -0.000488 0.000015 2.279600 0.547136 0.343566 0.107835
    51 -2.479401 -8.323895 6.074234 0.139037 1.431169 1.984883
    52 -5.790000 4.432083 14.255558 -2.084556 1.072224 0.507342
    53 1.044540 -2.839314 19.743252 -0.075857 0.349390 -0.075526
    54 -2.655510 -1.533379 24.792648 -0.749272 -0.080536 -0.059996
    55 -1.120216 -0.154385 9.795983 -0.071385 0.013213 0.639778
    56 -2.240372 -0.308788 19.592047 -0.248732 -0.226969 1.339518
    57 -0.683205 2.877342 14.167089 0.858843 -0.442983 -1.502812
    58 -0.144958 -0.145317 7.579308 -1.395926 0.299727 -0.174348
    59 -0.038551 -0.936644 4.697678 -0.714741 0.147958 -0.040142
    60 -0.506317 8.500896 13.617329 2.190196 -0.963475 -2.471239
    61 0.385056 -0.460075 7.003435 -1.575633 0.638107 -0.426217
    62 -0.456360 -0.710276 5.057732 -1.357347 0.595467 -0.380896
    63 2.452194 -8.899408 11.597939 -0.218785 0.955010 -0.384753
    64 -0.680515 -0.903999 6.074242 -1.054179 -0.162502 -0.076179
    65 -0.248295 -0.666843 3.386627 -0.173876 -0.112068 -0.049058
    66 0.717491 -3.784309 13.044010 0.264540 0.333499 -1.124963
    67 -1.099228 -1.407673 8.017876 -1.548439 -0.020172 -0.013247
    68 -0.064053 -0.807640 3.686100 0.061401 0.022514 -0.025187
    69 4.004906 6.172710 4.754800 1.145638 -1.449786 -4.008333
    70 -0.158381 -1.149773 5.804405 -0.523034 -0.187739 -0.705261
    71 1.078559 -2.386406 5.215008 -1.010225 0.348937 -0.064099
    72 6.289963 0.932404 13.569109 -0.126801 -0.612098 -2.869612
    73 -1.327759 -0.766682 12.396324 -0.003521 -0.001956 0.032437
    74 0.000017 -54.999996 0.000000 0.000000 0.000000 -1.570796
  time 38
    0 0.000000 0.000000 -1.500000 0.000000 0.000000 0.000000
    1 -10.521344 -5.760963 66.994621 3.097005 -0.050653 -3.139334
    2 -6.749835 -10.928046 26.073983 -0.323185 0.741872 0.162578
    3 -0.000034 0.000012 24.761454 -1.166102 -0.135235 -0.195929
    4 0.000017 0.000000 24.344809 1.681802 -0.468829 -0.383238
    5 0.002333 -1.019846 24.031336 1.225756 -0.047899 -0.091859
    6 0.000034 0.000008 13.404741 -0.000001 -0.000009 -0.109435
    7 10.398263 -5.760962 66.994675 3.097005 0.050653 3.139334
    8 -2.093980 -19.272407 28.718864 0.582275 -0.314588 0.393413
    9 -0.000004 -0.000006 24.761459 -2.251798 0.260697 -0.685245
    10 -0.000007 0.000004 24.344891 2.547080 0.099595 -0.241432
    11 -0.002360 -1.019903 24.031330 0.389594 -0.042695 -0.017219
    12 0.000000 -0.000002 13.404737 0.000001 0.000005 -0.376231
    13 -0.061540 -5.245835 72.927078 0.000000 0.000000 0.000000
    14 4.579589 -15.752227 -28.259574 0.129661 -0.001528 0.048941
    15 0.000000 -0.005608 -1.146812 0.219331 0.065967 -0.468738
    16 0.030770 -0.240000 8.906021 -0.004138 0.000000 0.000000
    17 -0.878910 -1.616381 -0.098058 0.227847 -0.120066 -0.086291
    18 0.030770 -0.276858 8.905140 0.056125 0.004134 -0.000049
    19 0.057330 -1.319477 -0.122273 0.589722 -0.003085 -0.018386
    20 5.669724 4.435303 14.302868 5.505866 -1.187453 -1.875455
    21 -1.044571 -2.839317 19.743267 -0.261108 -0.698581 0.116537
    22 2.655533 -1.533369 24.792658 -0.392700 0.047804 0.300620
    23 1.120163 -0.154394 9.796035 -0.062924 -0.008986 -0.557961
    24 2.240311 -0.308786 19.592051 -0.870492 0.569876 -1.601596
    25 0.683151 2.877354 14.167051 1.469116 0.101206 1.414648
    26 0.144936 -0.145374 7.579252 -1.575025 -0.243672 0.199097
    27 0.091660 -0.906685 4.702850 -0.682492 -0.109017 0.039357
    28 0.506271 8.500866 13.617253 1.889666 0.356917 2.150337
    29 -0.384987 -0.460049 7.003448 -1.007106 -0.431522 0.277056
    30 0.561516 -0.596954 5.061852 -0.853112 -0.308576 0.155622
    31 -2.452171 -8.899406 11.597897 0.019034 -0.467462 0.476515
    32 0.680496 -0.903999 6.074253 -0.928421 0.104093 0.014338
    33 0.245514 -0.661150 3.388004 -0.316867 0.088454 -0.010207
    34 -0.717484 -3.784271 13.043911 0.645161 -0.194537 0.970361
    35 1.099216 -1.407745 8.017889 -1.200335 0.015951 -0.000501
    36 0.068439 -0.807653 3.686054 -0.575802 0.002561 0.003275
    37 -4.004929 6.172707 4.754754 1.137498 0.632396 3.612926
    38 0.158352 -1.149811 5.804394 0.041248 0.107263 0.349991
    39 -1.083523 -1.463142 5.544399 -1.859463 -0.458081 0.177960
    40 -6.289886 0.932434 13.569063 -0.126803 0.612110 2.869610
    41 1.327774 -0.766687 12.396328 0.013840 -0.009285 0.134967
    42 -0.096140 1.828087 23.185329 0.004114 -0.080514 -1.570836
    43 2.325478 -0.000003 6.169296 -0.788695 0.099713 1.579548
    44 0.000000 -3.152912 0.122169 2.329674 0.000000 0.000000
    45 1.068383 -10.478592 7.066338 0.292219 -1.282324 -3.141588
    46 0.000000 0.000000 2.279457 0.547137 -0.343566 0.107833
    47 2.479414 -8.323895 6.074242 0.035866 1.434312 1.929677
    48 0.000003 -5.075260 5.105362 0.000000 0.000000 0.000000
    49 -1.068383 -10.478611 7.065971 0.292219 1.282324 3.141588
    50 -0.000488 0.000015 2.279600 0.547136 0.343566 0.107835
    51 -2.479401 -8.323895 6.074234 0.139057 1.431216 1.984979
    52 -5.790000 4.432083 14.255558 -2.120023 1.035423 0.455985
    53 1.044540 -2.839314 19.743252 -0.118935 0.256498 -0.082520
    54 -2.655510 -1.533379 24.792648 -0.661756 -0.078724 -0.010695
    55 -1.120216 -0.154385 9.795983 -0.071361 0.013189 0.639424
    56 -2.240372 -0.308788 19.592047 -0.244608 -0.248157 1.344673
    57 -0.683205 2.877342 14.167089 0.862506 -0.444097 -1.505389
    58 -0.144958 -0.145317 7.579308 -1.396035 0.299691 -0.173929
    59 -0.038551 -0.936644 4.697678 -0.713311 0.147634 -0.039926
    60 -0.506317 8.500896 13.617329 2.209957 -0.961269 -2.485122
    61 0.385056 -0.460075 7.003435 -1.576324 0.637780 -0.426585
    62 -0.456360 -0.710276 5.057732 -1.352829 0.594561 -0.378545
    63 2.452194 -8.899408 11.597939 -0.217670 0.961260 -0.384729
    64 -0.680515 -0.903999 6.074242 -1.053801 -0.162106 -0.075639
    65 -0.248295 -0.666843 3.386627 -0.172377 -0.111612 -0.048579
    66 0.717491 -3.784309 13.044010 0.264241 0.336915 -1.123549
    67 -1.099228 -1.407673 8.017876 -1.547935 -0.020172 -0.013007
    68 -0.064053 -0.807640 3.686100 0.060163 0.022442 -0.024935
    69 4.004906 6.172710 4.754800 1.180498 -1.443538 -4.026589
    70 -0.158381 -1.149773 5.804405 -0.520453 -0.195926 -0.697027
    71 1.078559 -2.386406 5.215008 -0.995796 0.339503 -0.067935
    72 6.289963 0.932404 13.569109 -0.126801 -0.612098 -2.869612
    73 -1.327759 -0.766682 12.396324 -0.006757 -0.003634 0.061908
    74 0.000017 -54.999996 0.000000 0.000000 0.000000 -1.570796
  time 39
    0 0.000000 0.000000 -1.500000 0.000000 0.000000 0.000000
    1 -10.521344 -5.760963 66.994621 3.097005 -0.050653 -3.139334
    2 -7.667831 -11.247247 25.827313 -0.336712 0.761412 0.161136
    3 -0.000034 0.000012 24.761454 -1.112199 -0.128991 -0.204643
    4 0.000017 0.000000 24.344809 1.646910 -0.492573 -0.386695
    5 0.002333 -1.019846 24.031336 1.225756 -0.047899 -0.091859
    6 0.000034 0.000008 13.404741 -0.000001 -0.000009 -0.110342
    7 10.398263 -5.760962 66.994675 3.097005 0.050653 3.139334
    8 -2.961194 -19.559663 29.078546 0.579033 -0.281922 0.391020
    9 -0.000004 -0.000006 24.761459 -2.262028 0.261884 -0.704086
    10 -0.000007 0.000004 24.344891 2.571217 0.084285 -0.280589
    11 -0.002360 -1.019903 24.031330 0.389594 -0.042695 -0.017219
    12 0.000000 -0.000002 13.404737 0.000001 0.000005 -0.388426
    13 -0.061540 -5.245835 72.927078 0.000000 0.000000 0.000000
    14 5.638215 -16.078306 -28.327167 0.133374 0.024882 0.052484
    15 0.000000 -0.005608 -1.146812 0.219331 0.065967 -0.468738
    16 0.030770 -0.240000 8.906021 -0.004138 0.000000 0.000000
    17 -0.839846 -1.674976 -0.121496 0.243146 -0.098733 -0.123948
    18 0.030770 -0.276858 8.905140 0.056125 0.004134 -0.000049
    19 -0.048142 -1.237443 -0.098835 0.561520 -0.034682 -0.032827
    20 5.669724 4.435303 14.302868 5.392646 -1.183647 -1.775022
    21 -1.044571 -2.839317 19.743267 -0.202501 -0.714340 0.100265
    22 2.655533 -1.533369 24.792658 -0.317971 0.046459 0.300701
    23 1.120163 -0.154394 9.796035 -0.064494 -0.009717 -0.572827
    24 2.240311 -0.308786 19.592051 -0.880371 0.557536 -1.635620
    25 0.683151 2.877354 14.167051 1.474108 0.100943 1.418245
    26 0.144936 -0.145374 7.579252 -1.550956 -0.243348 0.194387
    27 0.091660 -0.906685 4.702850 -0.674067 -0.108035 0.042869
    28 0.506271 8.500866 13.617253 1.892074 0.367419 2.160445
    29 -0.384987 -0.460049 7.003448 -0.991313 -0.428909 0.271519
    30 0.561516 -0.596954 5.061852 -0.846650 -0.308888 0.151212
    31 -2.452171 -8.899406 11.597897 0.050323 -0.484132 0.471925
    32 0.680496 -0.903999 6.074253 -0.913352 0.102439 0.014386
    33 0.245514 -0.661150 3.388004 -0.306375 0.084523 -0.007223
    34 -0.717484 -3.784271 13.043911 0.653186 -0.196946 0.964875
    35 1.099216 -1.407745 8.017889 -1.184540 0.015399 -0.000202
    36 0.068439 -0.807653 3.686054 -0.560592 -0.001023 0.004426
    37 -4.004929 6.172707 4.754754 1.142813 0.651321 3.611778
    38 0.158352 -1.149811 5.804394 0.062818 0.101760 0.357170
    39 -1.083523 -1.463142 5.544399 -1.842774 -0.458453 0.177988
    40 -6.289886 0.932434 13.569063 -0.126803 0.612110 2.869610
    41 1.327774 -0.766687 12.396328 0.014799 -0.010040 0.144759
    42 -0.096140 1.828087 23.185329 0.004114 -0.080514 -1.570836
    43 2.325478 -0.000003 6.169296 -0.780339 0.167543 1.646921
    44 0.000000 -3.152912 0.122169 2.184813 0.000000 0.000000
    45 1.068383 -10.478592 7.066338 0.292219 -1.282324 -3.141588
    46 0.000000 0.000000 2.279457 0.547137 -0.343566 0.107833
    47 2.479414 -8.323895 6.074242 0.035866 1.434312 1.929677
    48 0.000003 -5.075260 5.105362 0.000000 0.000000 0.000000
    49 -1.068383 -10.478611 7.065971 0.292219 1.282324 3.141588
    50 -0.000488 0.000015 2.279600 0.547136 0.343566 0.107835
    51 -2.479401 -8.323895 6.074234 0.139077 1.431169 1.984883
    52 -5.790000 4.432083 14.255558 -2.102386 1.043232 0.468728
    53 1.044540 -2.839314 19.743252 -0.114928 0.188408 -0.085813
    54 -2.655510 -1.533379 24.792648 -0.567194 -0.074906 -0.004637
    55 -1.120216 -0.154385 9.795983 -0.071301 0.013165 0.638962
    56 -2.240372 -0.308788 19.592047 -0.241248 -0.266869 1.348711
    57 -0.683205 2.877342 14.167089 0.868594 -0.445550 -1.509301
    58 -0.144958 -0.145317 7.579308 -1.395708 0.299595 -0.173126
    59 -0.038551 -0.936644 4.697678 -0.710155 0.146951 -0.039519
    60 -0.506317 8.500896 13.617329 2.239296 -0.957352 -2.506194
    61 0.385056 -0.460075 7.003435 -1.576928 0.637298 -0.426891
    62 -0.456360 -0.710276 5.057732 -1.344958 0.593009 -0.374508
    63 2.452194 -8.899408 11.597939 -0.215003 0.971065 -0.384800
    64 -0.680515 -0.903999 6.074242 -1.052669 -0.161411 -0.074776
    65 -0.248295 -0.666843 3.386627 -0.169005 -0.110833 -0.047812
    66 0.717491 -3.784309 13.044010 0.264789 0.342260 -1.121205
    67 -1.099228 -1.407673 8.017876 -1.546422 -0.020148 -0.012599
    68 -0.064053 -0.807640 3.686100 0.059319 0.022358 -0.024540
    69 4.004906 6.172710 4.754800 1.220101 -1.433194 -4.054013
    70 -0.158381 -1.149773 5.804405 -0.518813 -0.207015 -0.683313
    71 1.078559 -2.386406 5.215008 -0.973485 0.324707 -0.073562
    72 6.289963 0.932404 13.569109 -0.126801 -0.612098 -2.869612
    73 -1.327759 -0.766682 12.396324 -0.007596 -0.004041 0.069542
    74 0.000017 -54.999996 0.000000 0.000000 0.000000 -1.570796
  time 40
    0 0.000000 0.000000 -1.500000 0.000000 0.000000 0.000000
    1 -10.521344 -5.760963 66.994621 3.097005 -0.050653 -3.139334
    2 -8.597547 -11.627834 25.827313 -0.351606 0.782762 0.160961
    3 -0.000034 0.000012 24.761454 -1.061832 -0.123203 -0.219301
    4 0.000017 0.000000 24.344809 1.620710 -0.518241 -0.391470
    5 0.002333 -1.019846 24.031336 1.225756 -0.047899 -0.091859
    6 0.000034 0.000008 13.404741 -0.000001 -0.000009 -0.112810
    7 10.398263 -5.760962 66.994675 3.097005 0.050653 3.139334
    8 -3.801064 -19.896876 29.663031 0.573488 -0.247499 0.388792
    9 -0.000004 -0.000006 24.761459 -2.278802 0.263801 -0.725583
    10 -0.000007 0.000004 24.344891 2.604907 0.069997 -0.322395
    11 -0.002360 -1.019903 24.031330 0.389594 -0.042695 -0.017219
    12 0.000000 -0.000002 13.404737 0.000001 0.000005 -0.401501
    13 -0.061540 -5.245835 72.927078 0.000000 0.000000 0.000000
    14 6.700747 -16.392740 -28.665134 0.132702 0.051308 0.055907
    15 0.000000 -0.005608 -1.146812 0.219331 0.065967 -0.468738
    16 0.030770 -0.240000 8.906021 -0.004138 0.000000 0.000000
    17 -0.871097 -1.721853 -0.152747 0.249101 -0.119167 -0.075748
    18 0.030770 -0.276858 8.905140 0.056125 0.004134 -0.000049
    19 -0.040329 -1.159316 -0.079303 0.527490 -0.041924 -0.028357
    20 5.669724 4.435303 14.302868 5.430833 -1.179983 -1.789684
    21 -1.044571 -2.839317 19.743267 -0.255971 -0.673324 0.112307
    22 2.655533 -1.533369 24.792658 -0.200670 0.043654 0.323750
    23 1.120163 -0.154394 9.796035 -0.065885 -0.010352 -0.586004
    24 2.240311 -0.308786 19.592051 -0.882808 0.545748 -1.660307
    25 0.683151 2.877354 14.167051 1.481404 0.100523 1.423790
    26 0.144936 -0.145374 7.579252 -1.514110 -0.242629 0.187160
    27 0.091660 -0.906685 4.702850 -0.660743 -0.106393 0.048190
    28 0.506271 8.500866 13.617253 1.895903 0.383391 2.175792
    29 -0.384987 -0.460049 7.003448 -0.967126 -0.424762 0.263129
    30 0.561516 -0.596954 5.061852 -0.836476 -0.309211 0.144333
    31 -2.452171 -8.899406 11.597897 0.098471 -0.509426 0.465375
    32 0.680496 -0.903999 6.074253 -0.890154 0.099875 0.014410
    33 0.245514 -0.661150 3.388004 -0.290238 0.078495 -0.002621
    34 -0.717484 -3.784271 13.043911 0.665048 -0.200601 0.956531
    35 1.099216 -1.407745 8.017889 -1.160208 0.014524 0.000289
    36 0.068439 -0.807653 3.686054 -0.537138 -0.006488 0.006152
    37 -4.004929 6.172707 4.754754 1.151370 0.680050 3.610629
    38 0.158352 -1.149811 5.804394 0.095534 0.092983 0.368172
    39 -1.083523 -1.463142 5.544399 -1.817138 -0.458944 0.178140
    40 -6.289886 0.932434 13.569063 -0.126803 0.612110 2.869610
    41 1.327774 -0.766687 12.396328 0.015926 -0.010939 0.156258
    42 -0.096140 1.828087 23.185329 0.004114 -0.080514 -1.570836
    43 2.325478 -0.000003 6.169296 -0.787215 0.126625 1.604494
    44 0.000000 -3.152912 0.122169 2.287132 0.000000 0.000000
    45 1.068383 -10.478592 7.066338 0.292219 -1.282324 -3.141588
    46 0.000000 0.000000 2.279457 0.547137 -0.343566 0.107833
    47 2.479414 -8.323895 6.074242 0.035866 1.434312 1.929677
    48 0.000003 -5.075260 5.105362 0.000000 0.000000 0.000000
    49 -1.068383 -10.478611 7.065971 0.292219 1.282324 3.141588
    50 -0.000488 0.000015 2.279600 0.547136 0.343566 0.107835
    51 -2.479401 -8.323895 6.074234 0.139037 1.431216 1.984979
    52 -5.790000 4.432083 14.255558 -2.088582 1.053200 0.474477
    53 1.044540 -2.839314 19.743252 -0.057045 0.216051 -0.084180
    54 -2.655510 -1.533379 24.792648 -0.583449 -0.074272 -0.026674
    55 -1.120216 -0.154385 9.795983 -0.071229 0.013117 0.638173
    56 -2.240372 -0.308788 19.592047 -0.238575 -0.283404 1.351633
    57 -0.683205 2.877342 14.167089 0.877157 -0.447102 -1.514213
    58 -0.144958 -0.145317 7.579308 -1.394836 0.299440 -0.171903
    59 -0.038551 -0.936644 4.697678 -0.704682 0.145789 -0.038788
    60 -0.506317 8.500896 13.617329 2.275047 -0.951437 -2.532747
    61 0.385056 -0.460075 7.003435 -1.576928 0.636645 -0.426891
    62 -0.456360 -0.710276 5.057732 -1.333444 0.590745 -0.368663
    63 2.452194 -8.899408 11.597939 -0.209908 0.984006 -0.385134
    64 -0.680515 -0.903999 6.074242 -1.050136 -0.160356 -0.073662
    65 -0.248295 -0.666843 3.386627 -0.163343 -0.109683 -0.046853
    66 0.717491 -3.784309 13.044010 0.267280 0.349259 -1.117894
    67 -1.099228 -1.407673 8.017876 -1.543396 -0.020088 -0.012084
    68 -0.064053 -0.807640 3.686100 0.060163 0.022299 -0.023928
    69 4.004906 6.172710 4.754800 1.257822 -1.419110 -4.083730
    70 -0.158381 -1.149773 5.804405 -0.517976 -0.220597 -0.664677
    71 1.078559 -2.386406 5.215008 -0.944581 0.305317 -0.080577
    72 6.289963 0.932404 13.569109 -0.126801 -0.612098 -2.869612
    73 -1.327759 -0.766682 12.396324 -0.006577 -0.003538 0.060242
    74 0.000017 -54.999996 0.000000 0.000000 0.000000 -1.570796
  time 41
    0 0.000000 0.000000 -1.500000 0.000000 0.000000 0.000000
    1 -10.521344 -5.760963 66.994621 3.097005 -0.050653 -3.139334
    2 -8.425667 -11.934759 26.141256 -0.370872 0.779617 0.153359
    3 -0.000034 0.000012 24.761454 -1.056263 -0.122556 -0.222437
    4 0.000017 0.000000 24.344809 1.632362 -0.519372 -0.390541
    5 0.002333 -1.019846 24.031336 1.225756 -0.047899 -0.091859
    6 0.000034 0.000008 13.404741 -0.000001 -0.000009 -0.111439
    7 10.398263 -5.760962 66.994675 3.097005 0.050653 3.139334
    8 -3.644809 -20.221600 29.707991 0.555402 -0.244061 0.393413
    9 -0.000004 -0.000006 24.761459 -2.273137 0.263142 -0.717400
    10 -0.000007 0.000004 24.344891 2.617105 0.073041 -0.311970
    11 -0.002360 -1.019903 24.031330 0.389594 -0.042695 -0.017219
    12 0.000000 -0.000002 13.404737 0.000001 0.000005 -0.394888
    13 -0.061540 -5.245835 72.927078 0.000000 0.000000 0.000000
    14 6.454646 -16.695528 -28.845382 0.128797 0.039437 0.054165
    15 0.000000 -0.005608 -1.146812 0.219331 0.065967 -0.468738
    16 0.030770 -0.240000 8.906021 -0.004138 0.000000 0.000000
    17 -0.945318 -1.721853 -0.141028 0.241483 -0.145311 -0.044919
    18 0.030770 -0.276858 8.905140 0.056125 0.004134 -0.000049
    19 0.108113 -1.268694 -0.102741 0.570206 0.006460 -0.010560
    20 5.669724 4.435303 14.302868 5.527591 -1.178362 -1.852168
    21 -1.044571 -2.839317 19.743267 -0.318247 -0.643266 0.124546
    22 2.655533 -1.533369 24.792658 -0.146468 0.046421 0.296092
    23 1.120163 -0.154394 9.796035 -0.067071 -0.010939 -0.597628
    24 2.240311 -0.308786 19.592051 -0.878499 0.534927 -1.676923
    25 0.683151 2.877354 14.167051 1.490126 0.099996 1.430846
    26 0.144936 -0.145374 7.579252 -1.467040 -0.241407 0.178004
    27 0.091660 -0.906685 4.702850 -0.643023 -0.104175 0.054949
    28 0.506271 8.500866 13.617253 1.900967 0.403736 2.195238
    29 -0.384987 -0.460049 7.003448 -0.936429 -0.419202 0.252583
    30 0.561516 -0.596954 5.061852 -0.822874 -0.309427 0.135404
    31 -2.452171 -8.899406 11.597897 0.160086 -0.541272 0.457698
    32 0.680496 -0.903999 6.074253 -0.860373 0.096579 0.014350
    33 0.245514 -0.661150 3.388004 -0.269521 0.070777 0.003240
    34 -0.717484 -3.784271 13.043911 0.679776 -0.205227 0.946020
    35 1.099216 -1.407745 8.017889 -1.128775 0.013398 0.000865
    36 0.068439 -0.807653 3.686054 -0.506896 -0.013463 0.008321
    37 -4.004929 6.172707 4.754754 1.162630 0.716420 3.610151
    38 0.158352 -1.149811 5.804394 0.136853 0.081184 0.382265
    39 -1.083523 -1.463142 5.544399 -1.784335 -0.459436 0.178609
    40 -6.289886 0.932434 13.569063 -0.126803 0.612110 2.869610
    41 1.327774 -0.766687 12.396328 0.014392 -0.009704 0.140440
    42 -0.096140 1.828087 23.185329 0.004114 -0.080514 -1.570836
    43 2.325478 -0.000003 6.169296 -0.792897 0.078429 1.555760
    44 0.000000 -3.152912 0.122169 2.200030 0.000000 0.000000
    45 1.068383 -10.478592 7.066338 0.292219 -1.282324 -3.141588
    46 0.000000 0.000000 2.279457 0.547137 -0.343566 0.107833
    47 2.479414 -8.323895 6.074242 0.035866 1.434312 1.929677
    48 0.000003 -5.075260 5.105362 0.000000 0.000000 0.000000
    49 -1.068383 -10.478611 7.065971 0.292219 1.282324 3.141588
    50 -0.000488 0.000015 2.279600 0.547136 0.343566 0.107835
    51 -2.479401 -8.323895 6.074234 0.139037 1.431169 1.984979
    52 -5.790000 4.432083 14.255558 -2.085227 1.058434 0.473040
    53 1.044540 -2.839314 19.743252 -0.057825 0.280961 -0.079091
    54 -2.655510 -1.533379 24.792648 -0.602623 -0.074104 -0.042805
    55 -1.120216 -0.154385 9.795983 -0.071122 0.013057 0.637003
    56 -2.240372 -0.308788 19.592047 -0.236284 -0.297859 1.353351
    57 -0.683205 2.877342 14.167089 0.888195 -0.448435 -1.519855
    58 -0.144958 -0.145317 7.579308 -1.392820 0.299164 -0.170214
    59 -0.038551 -0.936644 4.697678 -0.696348 0.143979 -0.037673
    60 -0.506317 8.500896 13.617329 2.314267 -0.943420 -2.562940
    61 0.385056 -0.460075 7.003435 -1.575892 0.635819 -0.426386
    62 -0.456360 -0.710276 5.057732 -1.318093 0.587705 -0.360870
    63 2.452194 -8.899408 11.597939 -0.201668 0.999689 -0.385777
    64 -0.680515 -0.903999 6.074242 -1.045770 -0.158918 -0.072308
    65 -0.248295 -0.666843 3.386627 -0.154518 -0.108101 -0.045739
    66 0.717491 -3.784309 13.044010 0.272760 0.357636 -1.113640
    67 -1.099228 -1.407673 8.017876 -1.538240 -0.019980 -0.011509
    68 -0.064053 -0.807640 3.686100 0.063483 0.022287 -0.023149
    69 4.004906 6.172710 4.754800 1.289595 -1.401619 -4.110253
    70 -0.158381 -1.149773 5.804405 -0.517697 -0.236314 -0.641410
    71 1.078559 -2.386406 5.215008 -0.910565 0.282129 -0.088469
    72 6.289963 0.932404 13.569109 -0.126801 -0.612098 -2.869612
    73 -1.327759 -0.766682 12.396324 -0.004707 -0.002591 0.043448
    74 0.000017 -54.999996 0.000000 0.000000 0.000000 -1.570796
  time 42
    0 0.000000 0.000000 -1.500000 0.000000 0.000000 0.000000
    1 -10.521344 -5.760963 66.994621 3.097005 -0.050653 -3.139334
    2 -7.941277 -12.168022 25.670341 -0.388020 0.765532 0.147024
    3 -0.000034 0.000012 24.761454 -1.038417 -0.120470 -0.205498
    4 0.000017 0.000000 24.344809 1.617196 -0.510228 -0.377210
    5 0.002333 -1.019846 24.031336 1.225756 -0.047899 -0.091859
    6 0.000034 0.000008 13.404741 -0.000001 -0.000009 -0.102980
    7 10.398263 -5.760962 66.994675 3.097005 0.050653 3.139334
    8 -3.277610 -20.521345 28.741344 0.537146 -0.255145 0.398694
    9 -0.000004 -0.000006 24.761459 -2.224519 0.257545 -0.690556
    10 -0.000007 0.000004 24.344891 2.583932 0.076108 -0.276386
    11 -0.002360 -1.019903 24.031330 0.389594 -0.042695 -0.017219
    12 0.000000 -0.000002 13.404737 0.000001 0.000005 -0.376102
    13 -0.061540 -5.245835 72.927078 0.000000 0.000000 0.000000
    14 5.884316 -16.975025 -28.124387 0.123357 0.017329 0.051283
    15 0.000000 -0.005608 -1.146812 0.219331 0.065967 -0.468738
    16 0.030770 -0.240000 8.906021 -0.004138 0.000000 0.000000
    17 -0.957037 -1.721853 -0.121496 0.246660 -0.128498 -0.106777
    18 0.030770 -0.276858 8.905140 0.056125 0.004134 -0.000049
    19 0.174521 -1.350728 -0.130086 0.610061 0.039292 -0.004591
    20 5.669724 4.435303 14.302868 5.578219 -1.176565 -1.879864
    21 -1.044571 -2.839317 19.743267 -0.291341 -0.689918 0.124151
    22 2.655533 -1.533369 24.792658 -0.198544 0.046997 0.286791
    23 1.120163 -0.154394 9.796035 -0.068114 -0.011467 -0.607597
    24 2.240311 -0.308786 19.592051 -0.868534 0.525488 -1.686576
    25 0.683151 2.877354 14.167051 1.499452 0.099373 1.438976
    26 0.144936 -0.145374 7.579252 -1.412397 -0.239501 0.167421
    27 0.091660 -0.906685 4.702850 -0.621594 -0.101419 0.062751
    28 0.506271 8.500866 13.617253 1.907143 0.427178 2.217581
    29 -0.384987 -0.460049 7.003448 -0.901073 -0.412358 0.240610
    30 0.561516 -0.596954 5.061852 -0.806308 -0.309391 0.124882
    31 -2.452171 -8.899406 11.597897 0.232080 -0.577580 0.449752
    32 0.680496 -0.903999 6.074253 -0.825635 0.092756 0.014170
    33 0.245514 -0.661150 3.388004 -0.245289 0.061788 0.009987
    34 -0.717484 -3.784271 13.043911 0.696135 -0.210524 0.934034
    35 1.099216 -1.407745 8.017889 -1.091870 0.012032 0.001488
    36 0.068439 -0.807653 3.686054 -0.471323 -0.021540 0.010790
    37 -4.004929 6.172707 4.754754 1.175871 0.758054 3.610917
    38 0.158352 -1.149811 5.804394 0.184062 0.066684 0.398684
    39 -1.083523 -1.463142 5.544399 -1.745986 -0.459819 0.179493
    40 -6.289886 0.932434 13.569063 -0.126803 0.612110 2.869610
    41 1.327774 -0.766687 12.396328 0.014044 -0.009465 0.137076
    42 -0.096140 1.828087 23.185329 0.004114 -0.080578 -1.570836
    43 2.325478 -0.000003 6.169296 -0.787788 0.133787 1.610401
    44 0.000000 -3.152912 0.122169 2.367399 0.000000 0.000000
    45 1.068383 -10.478592 7.066338 0.292219 -1.282324 -3.141588
    46 0.000000 0.000000 2.279457 0.547137 -0.343566 0.107833
    47 2.479414 -8.323895 6.074242 0.035866 1.434312 1.929677
    48 0.000003 -5.075260 5.105362 0.000000 0.000000 0.000000
    49 -1.068383 -10.478611 7.065971 0.292219 1.282324 3.141588
    50 -0.000488 0.000015 2.279600 0.547136 0.343566 0.107835
    51 -2.479401 -8.323895 6.074234 0.139037 1.431169 1.984979
    52 -5.790000 4.432083 14.255558 -2.104111 1.043315 0.461829
    53 1.044540 -2.839314 19.743252 -0.110364 0.237674 -0.083282
    54 -2.655510 -1.533379 24.792648 -0.549479 -0.072952 -0.026826
    55 -1.120216 -0.154385 9.795983 -0.070954 0.012949 0.635398
    56 -2.240372 -0.308788 19.592047 -0.234222 -0.310532 1.353609
    57 -0.683205 2.877342 14.167089 0.901658 -0.449270 -1.525896
    58 -0.144958 -0.145317 7.579308 -1.389387 0.298744 -0.167984
    59 -0.038551 -0.936644 4.697678 -0.684514 0.141402 -0.036127
    60 -0.506317 8.500896 13.617329 2.353789 -0.933328 -2.595289
    61 0.385056 -0.460075 7.003435 -1.573302 0.634874 -0.425130
    62 -0.456360 -0.710276 5.057732 -1.298708 0.583802 -0.351128
    63 2.452194 -8.899408 11.597939 -0.189488 1.017579 -0.386826
    64 -0.680515 -0.903999 6.074242 -1.039087 -0.157049 -0.070785
    65 -0.248295 -0.666843 3.386627 -0.142111 -0.106076 -0.044528
    66 0.717491 -3.784309 13.044010 0.282126 0.367104 -1.108419
    67 -1.099228 -1.407673 8.017876 -1.530563 -0.019836 -0.010862
    68 -0.064053 -0.807640 3.686100 0.070517 0.022358 -0.022179
    69 4.004906 6.172710 4.754800 1.313161 -1.381161 -4.131047
    70 -0.158381 -1.149773 5.804405 -0.517802 -0.253756 -0.613983
    71 1.078559 -2.386406 5.215008 -0.872727 0.255969 -0.096799
    72 6.289963 0.932404 13.569109 -0.126801 -0.612098 -2.869612
    73 -1.327759 -0.766682 12.396324 -0.005666 -0.003095 0.052192
    74 0.000017 -54.999996 0.000000 0.000000 0.000000 -1.570796
  time 43
    0 0.000000 0.000000 -1.500000 0.000000 0.000000 0.000000
    1 -10.521344 -5.760963 66.994621 3.097005 -0.050653 -3.139334
    2 -7.714708 -12.425839 25.087303 -0.403323 0.757070 0.143835
    3 -0.000034 0.000012 24.761454 -1.008335 -0.117007 -0.191572
    4 0.000017 0.000000 24.344809 1.591366 -0.506765 -0.364764
    5 0.002333 -1.019846 24.031336 1.225756 -0.047899 -0.091859
    6 0.000034 0.000008 13.404741 -0.000001 -0.000009 -0.095598
    7 10.398263 -5.760962 66.994675 3.097005 0.050653 3.139334
    8 -3.144794 -20.796111 27.864617 0.521705 -0.258547 0.401995
    9 -0.000004 -0.000006 24.761459 -2.180191 0.252452 -0.671966
    10 -0.000007 0.000004 24.344891 2.554760 0.075264 -0.254610
    11 -0.002360 -1.019903 24.031330 0.389594 -0.042695 -0.017219
    12 0.000000 -0.000002 13.404737 0.000001 0.000005 -0.362705
    13 -0.061540 -5.245835 72.927078 0.000000 0.000000 0.000000
    14 5.626496 -17.231230 -27.403392 0.117820 0.005406 0.049782
    15 0.000000 -0.005608 -1.146812 0.219331 0.065967 -0.468738
    16 0.030770 -0.240000 8.906021 -0.004138 0.000000 0.000000
    17 -0.914067 -1.776542 -0.144934 0.261054 -0.106012 -0.144713
    18 0.030770 -0.276858 8.905140 0.056125 0.004134 -0.000049
    19 0.076862 -1.264788 -0.106647 0.576390 0.010019 -0.019860
    20 5.669724 4.435303 14.302868 5.473900 -1.176037 -1.791793
    21 -1.044571 -2.839317 19.743267 -0.238996 -0.707556 0.110925
    22 2.655533 -1.533369 24.792658 -0.231612 0.045268 0.306282
    23 1.120163 -0.154394 9.796035 -0.068989 -0.011910 -0.616047
    24 2.240311 -0.308786 19.592051 -0.853737 0.517476 -1.690374
    25 0.683151 2.877354 14.167051 1.508394 0.098678 1.447843
    26 0.144936 -0.145374 7.579252 -1.352782 -0.236889 0.156012
    27 0.091660 -0.906685 4.702850 -0.597052 -0.098147 0.071177
    28 0.506271 8.500866 13.617253 1.914245 0.452531 2.241649
    29 -0.384987 -0.460049 7.003448 -0.862800 -0.404473 0.227883
    30 0.561516 -0.596954 5.061852 -0.787208 -0.308924 0.113149
    31 -2.452171 -8.899406 11.597897 0.311062 -0.616338 0.442424
    32 0.680496 -0.903999 6.074253 -0.787487 0.088537 0.013799
    33 0.245514 -0.661150 3.388004 -0.218767 0.051973 0.017310
    34 -0.717484 -3.784271 13.043911 0.713200 -0.216217 0.921203
    35 1.099216 -1.407745 8.017889 -1.051006 0.010486 0.002123
    36 0.068439 -0.807653 3.686054 -0.431984 -0.030373 0.013414
    37 -4.004929 6.172707 4.754754 1.190914 0.802786 3.613500
    38 0.158352 -1.149811 5.804394 0.234492 0.049894 0.416613
    39 -1.083523 -1.463142 5.544399 -1.703975 -0.459999 0.180930
    40 -6.289886 0.932434 13.569063 -0.126803 0.612110 2.869610
    41 1.327774 -0.766687 12.396328 0.015242 -0.010400 0.149379
    42 -0.096140 1.828087 23.185329 0.004114 -0.080514 -1.570836
    43 2.325478 -0.000003 6.169296 -0.781341 0.178496 1.655302
    44 0.000000 -3.152912 0.122169 2.189337 0.000000 0.000000
    45 1.068383 -10.478592 7.066338 0.292219 -1.282324 -3.141588
    46 0.000000 0.000000 2.279457 0.547137 -0.343566 0.107833
    47 2.479414 -8.323895 6.074242 0.035866 1.434312 1.929677
    48 0.000003 -5.075260 5.105362 0.000000 0.000000 0.000000
    49 -1.068383 -10.478611 7.065971 0.292219 1.282324 3.141588
    50 -0.000488 0.000015 2.279600 0.547136 0.343566 0.107835
    51 -2.479401 -8.323895 6.074234 0.139077 1.431169 1.984883
    52 -5.790000 4.432083 14.255558 -2.122036 1.028569 0.450619
    53 1.044540 -2.839314 19.743252 -0.097229 0.152837 -0.088317
    54 -2.655510 -1.533379 24.792648 -0.465486 -0.071476 -0.006227
    55 -1.120216 -0.154385 9.795983 -0.070726 0.012829 0.633222
    56 -2.240372 -0.308788 19.592047 -0.232160 -0.321472 1.352234
    57 -0.683205 2.877342 14.167089 0.917596 -0.449350 -1.532039
    58 -0.144958 -0.145317 7.579308 -1.384265 0.298169 -0.165168
    59 -0.038551 -0.936644 4.697678 -0.668537 0.137915 -0.034114
    60 -0.506317 8.500896 13.617329 2.390670 -0.921265 -2.628132
    61 0.385056 -0.460075 7.003435 -1.568727 0.633790 -0.422879
    62 -0.456360 -0.710276 5.057732 -1.274903 0.578908 -0.339263
    63 2.452194 -8.899408 11.597939 -0.172372 1.037235 -0.388328
    64 -0.680515 -0.903999 6.074242 -1.029601 -0.154700 -0.069120
    65 -0.248295 -0.666843 3.386627 -0.125417 -0.103571 -0.043282
    66 0.717491 -3.784309 13.044010 0.296374 0.377374 -1.102206
    67 -1.099228 -1.407673 8.017876 -1.519635 -0.019584 -0.010166
    68 -0.064053 -0.807640 3.686100 0.082390 0.022550 -0.020968
    69 4.004906 6.172710 4.754800 1.328069 -1.358216 -4.144882
    70 -0.158381 -1.149773 5.804405 -0.517976 -0.272539 -0.582746
    71 1.078559 -2.386406 5.215008 -0.832309 0.227726 -0.104800
    72 6.289963 0.932404 13.569109 -0.126801 -0.612098 -2.869612
    73 -1.327759 -0.766682 12.396324 -0.007739 -0.004113 0.070837
    74 0.000017 -54.999996 0.000000 0.000000 0.000000 -1.570796
  time 44
    0 0.000000 0.000000 -1.500000 0.000000 0.000000 0.000000
    1 -10.521344 -5.760963 66.994621 3.097005 -0.050653 -3.139334
    2 -9.035061 -12.720486 25.244275 -0.424776 0.784543 0.133131
    3 -0.000034 0.000012 24.761454 -0.951505 -0.110415 -0.205009
    4 0.000017 0.000000 24.344809 1.561776 -0.541849 -0.372089
    5 0.002333 -1.019846 24.031336 1.225756 -0.047899 -0.091859
    6 0.000034 0.000008 13.404741 -0.000001 -0.000009 -0.096273
    7 10.398263 -5.760962 66.994675 3.097005 0.050653 3.139334
    8 -4.414364 -21.083366 28.336701 0.521449 -0.219479 0.400922
    9 -0.000004 -0.000006 24.761459 -2.191081 0.253686 -0.703476
    10 -0.000007 0.000004 24.344891 2.581221 0.051710 -0.306799
    11 -0.002360 -1.019903 24.031330 0.389594 -0.042695 -0.017219
    12 0.000000 -0.000002 13.404737 0.000001 0.000005 -0.385678
    13 -0.061540 -5.245835 72.927078 0.000000 0.000000 0.000000
    14 6.997631 -17.475790 -27.696296 0.113563 0.017346 0.051103
    15 0.000000 -0.005608 -1.146812 0.219331 0.065967 -0.468738
    16 0.030770 -0.240000 8.906021 -0.004138 0.000000 0.000000
    17 -0.921880 -1.819512 -0.176185 0.265452 -0.124269 -0.088207
    18 0.030770 -0.276858 8.905140 0.056125 0.004134 -0.000049
    19 0.010454 -1.178848 -0.083209 0.538393 -0.023286 -0.024582
    20 5.669724 4.435303 14.302868 5.360489 -1.171492 -1.694426
    21 -1.044571 -2.839317 19.743267 -0.279208 -0.643266 0.114986
    22 2.655533 -1.533369 24.792658 -0.137398 0.045998 0.301753
    23 1.120163 -0.154394 9.796035 -0.069696 -0.012294 -0.622981
    24 2.240311 -0.308786 19.592051 -0.835025 0.511076 -1.689346
    25 0.683151 2.877354 14.167051 1.516128 0.097983 1.456997
    26 0.144936 -0.145374 7.579252 -1.290798 -0.233569 0.144339
    27 0.091660 -0.906685 4.702850 -0.570037 -0.094420 0.079841
    28 0.506271 8.500866 13.617253 1.922088 0.478654 2.266179
    29 -0.384987 -0.460049 7.003448 -0.823282 -0.395892 0.215071
    30 0.561516 -0.596954 5.061852 -0.766109 -0.307761 0.100721
    31 -2.452171 -8.899406 11.597897 0.393334 -0.655633 0.436840
    32 0.680496 -0.903999 6.074253 -0.747435 0.084151 0.013247
    33 0.245514 -0.661150 3.388004 -0.190754 0.041714 0.024872
    34 -0.717484 -3.784271 13.043911 0.729735 -0.222041 0.908203
    35 1.099216 -1.407745 8.017889 -1.007737 0.008844 0.002722
    36 0.068439 -0.807653 3.686054 -0.390299 -0.039541 0.016063
    37 -4.004929 6.172707 4.754754 1.206767 0.848310 3.618093
    38 0.158352 -1.149811 5.804394 0.285727 0.031241 0.435189
    39 -1.083523 -1.463142 5.544399 -1.660080 -0.459879 0.183015
    40 -6.289886 0.932434 13.569063 -0.126803 0.612110 2.869610
    41 1.327774 -0.766687 12.396328 0.014907 -0.010124 0.145713
    42 -0.096140 1.828087 23.185329 0.004114 -0.080514 -1.570836
    43 2.325478 -0.000003 6.169296 -0.793900 0.088861 1.565140
    44 0.000000 -3.152912 0.122169 2.297483 0.000000 0.000000
    45 1.068383 -10.478592 7.066338 0.292219 -1.282324 -3.141588
    46 0.000000 0.000000 2.279457 0.547137 -0.343566 0.107833
    47 2.479414 -8.323895 6.074242 0.035866 1.434312 1.929677
    48 0.000003 -5.075260 5.105362 0.000000 0.000000 0.000000
    49 -1.068383 -10.478611 7.065971 0.292219 1.282324 3.141588
    50 -0.000488 0.000015 2.279600 0.547136 0.343566 0.107835
    51 -2.479401 -8.323895 6.074234 0.139077 1.431169 1.984883
    52 -5.790000 4.432083 14.255558 -2.114176 1.039410 0.449182
    53 1.044540 -2.839314 19.743252 -0.031610 0.173103 -0.087963
    54 -2.655510 -1.533379 24.792648 -0.414003 -0.069988 -0.010771
    55 -1.120216 -0.154385 9.795983 -0.070439 0.012673 0.630338
    56 -2.240372 -0.308788 19.592047 -0.230022 -0.331076 1.348883
    57 -0.683205 2.877342 14.167089 0.936108 -0.448256 -1.537951
    58 -0.144958 -0.145317 7.579308 -1.376963 0.297402 -0.161705
    59 -0.038551 -0.936644 4.697678 -0.648024 0.133325 -0.031561
    60 -0.506317 8.500896 13.617329 2.422273 -0.907359 -2.660392
    61 0.385056 -0.460075 7.003435 -1.561648 0.632621 -0.419357
    62 -0.456360 -0.710276 5.057732 -1.246580 0.572870 -0.325327
    63 2.452194 -8.899408 11.597939 -0.149523 1.058216 -0.390187
    64 -0.680515 -0.903999 6.074242 -1.016773 -0.151811 -0.067322
    65 -0.248295 -0.666843 3.386627 -0.103852 -0.100515 -0.041987
    66 0.717491 -3.784309 13.044010 0.316600 0.388137 -1.094976
    67 -1.099228 -1.407673 8.017876 -1.505178 -0.019261 -0.009495
    68 -0.064053 -0.807640 3.686100 0.099891 0.022910 -0.019566
    69 4.004906 6.172710 4.754800 1.334920 -1.333160 -4.151594
    70 -0.158381 -1.149773 5.804405 -0.518046 -0.292282 -0.548139
    71 1.078559 -2.386406 5.215008 -0.790506 0.198258 -0.111742
    72 6.289963 0.932404 13.569109 -0.126801 -0.612098 -2.869612
    73 -1.327759 -0.766682 12.396324 -0.007392 -0.003946 0.067552
    74 0.000017 -54.999996 0.000000 0.000000 0.000000 -1.570796
  time 45
    0 0.000000 0.000000 -1.500000 0.000000 0.000000 0.000000
    1 -10.521344 -5.760963 66.994621 3.097005 -0.050653 -3.139334
    2 -10.292912 -12.990580 25.289124 -0.445681 0.811516 0.126840
    3 -0.000034 0.000012 24.761454 -0.888211 -0.103105 -0.218039
    4 0.000017 0.000000 24.344809 1.525281 -0.576118 -0.374293
    5 0.002333 -1.019846 24.031336 1.225756 -0.047899 -0.091859
    6 0.000034 0.000008 13.404741 -0.000001 -0.000009 -0.097285
    7 10.398263 -5.760962 66.994675 3.097005 0.050653 3.139334
    8 -5.594087 -21.333154 28.898705 0.520681 -0.182276 0.399437
    9 -0.000004 -0.000006 24.761459 -2.203565 0.255124 -0.734842
    10 -0.000007 0.000004 24.344891 2.610328 0.029801 -0.357749
    11 -0.002360 -1.019903 24.031330 0.389594 -0.042695 -0.017219
    12 0.000000 -0.000002 13.404737 0.000001 0.000005 -0.406117
    13 -0.061540 -5.245835 72.927078 0.000000 0.000000 0.000000
    14 8.360954 -17.708704 -28.034263 0.112091 0.039505 0.053565
    15 0.000000 -0.005608 -1.146812 0.219331 0.065967 -0.468738
    16 0.030770 -0.240000 8.906021 -0.004138 0.000000 0.000000
    17 -0.945318 -1.819512 -0.172279 0.258129 -0.144197 -0.037252
    18 0.030770 -0.276858 8.905140 0.056125 0.004134 -0.000049
    19 -0.012985 -1.221818 -0.087116 0.557731 -0.037357 -0.024893
    20 5.669724 4.435303 14.302868 5.416190 -1.168673 -1.714551
    21 -1.044571 -2.839317 19.743267 -0.378908 -0.624636 0.135488
    22 2.655533 -1.533369 24.792658 -0.038671 0.047420 0.301187
    23 1.120163 -0.154394 9.796035 -0.070235 -0.012569 -0.628430
    24 2.240311 -0.308786 19.592051 -0.813135 0.506195 -1.684479
    25 0.683151 2.877354 14.167051 1.521888 0.097287 1.466026
    26 0.144936 -0.145374 7.579252 -1.229138 -0.229686 0.132918
    27 0.091660 -0.906685 4.702850 -0.540962 -0.090261 0.088326
    28 0.506271 8.500866 13.617253 1.930363 0.504337 2.289940
    29 -0.384987 -0.460049 7.003448 -0.784547 -0.386759 0.202655
    30 0.561516 -0.596954 5.061852 -0.743154 -0.306059 0.087825
    31 -2.452171 -8.899406 11.597897 0.475099 -0.693713 0.434397
    32 0.680496 -0.903999 6.074253 -0.707146 0.079753 0.012504
    33 0.245514 -0.661150 3.388004 -0.162581 0.031479 0.032314
    34 -0.717484 -3.784271 13.043911 0.744595 -0.227770 0.895710
    35 1.099216 -1.407745 8.017889 -0.963652 0.007118 0.003286
    36 0.068439 -0.807653 3.686054 -0.347833 -0.048637 0.018616
    37 -4.004929 6.172707 4.754754 1.222801 0.892373 3.624886
    38 0.158352 -1.149811 5.804394 0.335097 0.011384 0.453562
    39 -1.083523 -1.463142 5.544399 -1.616081 -0.459436 0.185805
    40 -6.289886 0.932434 13.569063 -0.126803 0.612110 2.869610
    41 1.327774 -0.766687 12.396328 0.014919 -0.010136 0.145864
    42 -0.096140 1.828087 23.185329 0.004114 -0.080514 -1.570836
    43 2.325478 -0.000003 6.169296 -0.798102 0.005679 1.483558
    44 0.000000 -3.152912 0.122169 2.381265 0.000000 0.000000
    45 1.068383 -10.478592 7.066338 0.292219 -1.282324 -3.141588
    46 0.000000 0.000000 2.279457 0.547137 -0.343566 0.107833
    47 2.479414 -8.323895 6.074242 0.035866 1.434312 1.929677
    48 0.000003 -5.075260 5.105362 0.000000 0.000000 0.000000
    49 -1.068383 -10.478611 7.065971 0.292219 1.282324 3.141588
    50 -0.000488 0.000015 2.279600 0.547136 0.343566 0.107835
    51 -2.479401 -8.323895 6.074234 0.139037 1.431216 1.984979
    52 -5.790000 4.432083 14.255558 -2.104303 1.047302 0.449469
    53 1.044540 -2.839314 19.743252 -0.003448 0.217959 -0.083010
    54 -2.655510 -1.533379 24.792648 -0.437103 -0.070907 -0.004031
    55 -1.120216 -0.154385 9.795983 -0.070067 0.012494 0.626747
    56 -2.240372 -0.308788 19.592047 -0.227349 -0.339343 1.343814
    57 -0.683205 2.877342 14.167089 0.957045 -0.445788 -1.543375
    58 -0.144958 -0.145317 7.579308 -1.367372 0.296407 -0.157570
    59 -0.038551 -0.936644 4.697678 -0.622087 0.127500 -0.028517
    60 -0.506317 8.500896 13.617329 2.445956 -0.891896 -2.690989
    61 0.385056 -0.460075 7.003435 -1.551633 0.631314 -0.414426
    62 -0.456360 -0.710276 5.057732 -1.213544 0.565518 -0.309267
    63 2.452194 -8.899408 11.597939 -0.119948 1.079963 -0.392403
    64 -0.680515 -0.903999 6.074242 -1.000173 -0.148372 -0.065452
    65 -0.248295 -0.666843 3.386627 -0.076667 -0.096871 -0.040717
    66 0.717491 -3.784309 13.044010 0.343800 0.399019 -1.086704
    67 -1.099228 -1.407673 8.017876 -1.486293 -0.018805 -0.008824
    68 -0.064053 -0.807640 3.686100 0.124313 0.023413 -0.017888
    69 4.004906 6.172710 4.754800 1.334694 -1.306412 -4.151349
    70 -0.158381 -1.149773 5.804405 -0.517627 -0.312599 -0.510691
    71 1.078559 -2.386406 5.215008 -0.748464 0.168545 -0.116748
    72 6.289963 0.932404 13.569109 -0.126801 -0.612098 -2.869612
    73 -1.327759 -0.766682 12.396324 -0.007092 -0.003814 0.065100
    74 0.000017 -54.999996 0.000000 0.000000 0.000000 -1.570796
  time 46
    0 0.000000 0.000000 -1.500000 0.000000 0.000000 0.000000
    1 -10.521344 -5.760963 66.994621 3.097005 -0.050653 -3.139334
    2 -8.558484 -13.174735 24.369718 -0.437073 0.776555 0.153228
    3 -0.000034 0.000012 24.761454 -0.899675 -0.104411 -0.203218
    4 0.000017 0.000000 24.344809 1.521459 -0.535217 -0.349878
    5 0.002333 -1.019846 24.031336 1.225756 -0.047899 -0.091859
    6 0.000034 0.000008 13.404741 -0.000001 -0.000009 -0.094480
    7 10.398263 -5.760962 66.994675 3.097005 0.050653 3.139334
    8 -3.929974 -21.495515 28.021978 0.499098 -0.221052 0.399767
    9 -0.000004 -0.000006 24.761459 -2.168862 0.251134 -0.675017
    10 -0.000007 0.000004 24.344891 2.579156 0.059998 -0.278466
    11 -0.002360 -1.019903 24.031330 0.389594 -0.042695 -0.017219
    12 0.000000 -0.000002 13.404737 0.000001 0.000005 -0.357166
    13 -0.061540 -5.245835 72.927078 0.000000 0.000000 0.000000
    14 6.731998 -17.929972 -27.133019 0.112283 0.051446 0.054886
    15 0.000000 -0.005608 -1.146812 0.219331 0.065967 -0.468738
    16 0.030770 -0.240000 8.906021 -0.004138 0.000000 0.000000
    17 -0.929693 -1.823418 -0.148840 0.261622 -0.124358 -0.086331
    18 0.030770 -0.276858 8.905140 0.056125 0.004134 -0.000049
    19 -0.028610 -1.299945 -0.110554 0.592153 -0.033716 -0.030610
    20 5.669724 4.435303 14.302868 5.468349 -1.165008 -1.732184
    21 -1.044571 -2.839317 19.743267 -0.391970 -0.681673 0.150294
    22 2.655533 -1.533369 24.792658 -0.067486 0.046536 0.305473
    23 1.120163 -0.154394 9.796035 -0.070642 -0.012797 -0.632432
    24 2.240311 -0.308786 19.592051 -0.789026 0.502926 -1.676607
    25 0.683151 2.877354 14.167051 1.524686 0.096688 1.474555
    26 0.144936 -0.145374 7.579252 -1.170313 -0.225479 0.122215
    27 0.091660 -0.906685 4.702850 -0.510605 -0.085755 0.096224
    28 0.506271 8.500866 13.617253 1.938577 0.528372 2.311542
    29 -0.384987 -0.460049 7.003448 -0.748195 -0.377627 0.191210
    30 0.561516 -0.596954 5.061852 -0.718734 -0.303578 0.074978
    31 -2.452171 -8.899406 11.597897 0.552005 -0.729105 0.436652
    32 0.680496 -0.903999 6.074253 -0.668085 0.075510 0.011629
    33 0.245514 -0.661150 3.388004 -0.135100 0.021724 0.039373
    34 -0.717484 -3.784271 13.043911 0.756678 -0.233127 0.884369
    35 1.099216 -1.407745 8.017889 -0.920228 0.005416 0.003729
    36 0.068439 -0.807653 3.686054 -0.306112 -0.057290 0.020941
    37 -4.004929 6.172707 4.754754 1.237573 0.932757 3.633881
    38 0.158352 -1.149811 5.804394 0.380187 -0.009002 0.470736
    39 -1.083523 -1.463142 5.544399 -1.573651 -0.458585 0.189272
    40 -6.289886 0.932434 13.569063 -0.126803 0.612110 2.869610
    41 1.327774 -0.766687 12.396328 0.015135 -0.010304 0.148174
    42 -0.096140 1.828087 23.185329 0.004114 -0.080514 -1.570836
    43 2.325478 -0.000003 6.169296 -0.795141 0.080889 1.557117
    44 0.000000 -3.152912 0.122169 2.344403 0.000000 0.000000
    45 1.068383 -10.478592 7.066338 0.292219 -1.282324 -3.141588
    46 0.000000 0.000000 2.279457 0.547137 -0.343566 0.107833
    47 2.479414 -8.323895 6.074242 0.035866 1.434312 1.929677
    48 0.000003 -5.075260 5.105362 0.000000 0.000000 0.000000
    49 -1.068383 -10.478611 7.065971 0.292219 1.282324 3.141588
    50 -0.000488 0.000015 2.279600 0.547136 0.343566 0.107835
    51 -2.479401 -8.323895 6.074234 0.139037 1.431169 1.984883
    52 -5.790000 4.432083 14.255558 -2.115231 1.021632 0.445637
    53 1.044540 -2.839314 19.743252 -0.043243 0.167252 -0.088426
    54 -2.655510 -1.533379 24.792648 -0.465687 -0.073547 0.029820
    55 -1.120216 -0.154385 9.795983 -0.069612 0.012254 0.622340
    56 -2.240372 -0.308788 19.592047 -0.224218 -0.346521 1.336511
    57 -0.683205 2.877342 14.167089 0.980606 -0.441630 -1.547967
    58 -0.144958 -0.145317 7.579308 -1.354894 0.295101 -0.152644
    59 -0.038551 -0.936644 4.697678 -0.590479 0.120238 -0.024982
    60 -0.506317 8.500896 13.617329 2.459456 -0.875215 -2.719025
    61 0.385056 -0.460075 7.003435 -1.538208 0.629852 -0.407750
    62 -0.456360 -0.710276 5.057732 -1.175650 0.556592 -0.291153
    63 2.452194 -8.899408 11.597939 -0.082571 1.101989 -0.394691
    64 -0.680515 -0.903999 6.074242 -0.979206 -0.144309 -0.063523
    65 -0.248295 -0.666843 3.386627 -0.043445 -0.092605 -0.039471
    66 0.717491 -3.784309 13.044010 0.379022 0.409673 -1.077366
    67 -1.099228 -1.407673 8.017876 -1.462645 -0.018230 -0.008213
    68 -0.064053 -0.807640 3.686100 0.156726 0.024120 -0.015959
    69 4.004906 6.172710 4.754800 1.328822 -1.278263 -4.144309
    70 -0.158381 -1.149773 5.804405 -0.516511 -0.333217 -0.470897
    71 1.078559 -2.386406 5.215008 -0.707329 0.139476 -0.118684
    72 6.289963 0.932404 13.569109 -0.126801 -0.612098 -2.869612
    73 -1.327759 -0.766682 12.396324 -0.009645 -0.005012 0.087816
    74 0.000017 -54.999996 0.000000 0.000000 0.000000 -1.570796
  time 47
    0 0.000000 0.000000 -1.500000 0.000000 0.000000 0.000000
    1 -10.521344 -5.760963 66.994621 3.097005 -0.050653 -3.139334
    2 -6.952966 -13.309782 23.674557 -0.440831 0.740648 0.162272
    3 -0.000034 0.000012 24.761454 -0.911748 -0.105813 -0.180823
    4 0.000017 0.000000 24.344809 1.523370 -0.498639 -0.329244
    5 0.002333 -1.019846 24.031336 1.225756 -0.047899 -0.091859
    6 0.000034 0.000008 13.404741 -0.000001 -0.000009 -0.086654
    7 10.398263 -5.760962 66.994675 3.097005 0.050653 3.139334
    8 -2.445554 -21.657877 26.897970 0.475808 -0.258254 0.404553
    9 -0.000004 -0.000006 24.761459 -2.118264 0.245285 -0.625312
    10 -0.000007 0.000004 24.344891 2.537721 0.085329 -0.207255
    11 -0.002360 -1.019903 24.031330 0.389594 -0.042695 -0.017219
    12 0.000000 -0.000002 13.404737 0.000001 0.000005 -0.319294
    13 -0.061540 -5.245835 72.927078 0.000000 0.000000 0.000000
    14 5.099136 -18.127949 -26.254306 0.112059 0.037751 0.053385
    15 0.000000 -0.005608 -1.146812 0.219331 0.065967 -0.468738
    16 0.030770 -0.240000 8.906021 -0.004138 0.000000 0.000000
    17 -0.921880 -1.854669 -0.168372 0.274417 -0.103949 -0.142078
    18 0.030770 -0.276858 8.905140 0.056125 0.004134 -0.000049
    19 -0.001266 -1.245256 -0.094928 0.572172 -0.018246 -0.029807
    20 5.669724 4.435303 14.302868 5.352163 -1.154544 -1.636447
    21 -1.044571 -2.839317 19.743267 -0.322258 -0.684178 0.131963
    22 2.655533 -1.533369 24.792658 -0.091658 0.048073 0.284365
    23 1.120163 -0.154394 9.796035 -0.070918 -0.012929 -0.635019
    24 2.240311 -0.308786 19.592051 -0.763437 0.501406 -1.666478
    25 0.683151 2.877354 14.167051 1.523754 0.096221 1.482149
    26 0.144936 -0.145374 7.579252 -1.116878 -0.221345 0.112676
    27 0.091660 -0.906685 4.702850 -0.479378 -0.080925 0.103103
    28 0.506271 8.500866 13.617253 1.946481 0.549661 2.329571
    29 -0.384987 -0.460049 7.003448 -0.715506 -0.369166 0.181215
    30 0.561516 -0.596954 5.061852 -0.693886 -0.299983 0.062754
    31 -2.452171 -8.899406 11.597897 0.619493 -0.760334 0.445538
    32 0.680496 -0.903999 6.074253 -0.631880 0.071639 0.010659
    33 0.245514 -0.661150 3.388004 -0.109590 0.012843 0.045725
    34 -0.717484 -3.784271 13.043911 0.764835 -0.237885 0.874888
    35 1.099216 -1.407745 8.017889 -0.879092 0.003786 0.004113
    36 0.068439 -0.807653 3.686054 -0.266559 -0.065128 0.022978
    37 -4.004929 6.172707 4.754754 1.249914 0.967173 3.644119
    38 0.158352 -1.149811 5.804394 0.418624 -0.029079 0.485764
    39 -1.083523 -1.463142 5.544399 -1.534465 -0.457302 0.193360
    40 -6.289886 0.932434 13.569063 -0.126803 0.612110 2.869610
    41 1.327774 -0.766687 12.396328 0.014344 -0.009681 0.139938
    42 -0.096140 1.828087 23.185329 0.004114 -0.080514 -1.570836
    43 2.325478 -0.000003 6.169296 -0.785114 0.163752 1.639737
    44 0.000000 -3.152912 0.122169 2.329088 0.000000 0.000000
    45 1.068383 -10.478592 7.066338 0.292219 -1.282324 -3.141588
    46 0.000000 0.000000 2.279457 0.547137 -0.343566 0.107833
    47 2.479414 -8.323895 6.074242 0.035866 1.434312 1.929677
    48 0.000003 -5.075260 5.105362 0.000000 0.000000 0.000000
    49 -1.068383 -10.478611 7.065971 0.292219 1.282324 3.141588
    50 -0.000488 0.000015 2.279600 0.547136 0.343566 0.107835
    51 -2.479401 -8.323895 6.074234 0.139037 1.431169 1.984883
    52 -5.790000 4.432083 14.255558 -2.122612 0.993844 0.441325
    53 1.044540 -2.839314 19.743252 -0.066952 0.098781 -0.093542
    54 -2.655510 -1.533379 24.792648 -0.352254 -0.072201 0.045875
    55 -1.120216 -0.154385 9.795983 -0.069060 0.011954 0.616953
    56 -2.240372 -0.308788 19.592047 -0.220323 -0.352907 1.326887
    57 -0.683205 2.877342 14.167089 1.006592 -0.435421 -1.551455
    58 -0.144958 -0.145317 7.579308 -1.339309 0.293483 -0.146940
    59 -0.038551 -0.936644 4.697678 -0.552362 0.111369 -0.021051
    60 -0.506317 8.500896 13.617329 2.460663 -0.857495 -2.744006
    61 0.385056 -0.460075 7.003435 -1.520985 0.628218 -0.399190
    62 -0.456360 -0.710276 5.057732 -1.132801 0.545854 -0.271021
    63 2.452194 -8.899408 11.597939 -0.036238 1.123736 -0.396836
    64 -0.680515 -0.903999 6.074242 -0.953497 -0.139599 -0.061497
    65 -0.248295 -0.666843 3.386627 -0.003438 -0.087631 -0.038212
    66 0.717491 -3.784309 13.044010 0.423161 0.419644 -1.066936
    67 -1.099228 -1.407673 8.017876 -1.433281 -0.017499 -0.007686
    68 -0.064053 -0.807640 3.686100 0.197748 0.024995 -0.013729
    69 4.004906 6.172710 4.754800 1.318206 -1.248924 -4.130965
    70 -0.158381 -1.149773 5.804405 -0.514418 -0.353863 -0.429346
    71 1.078559 -2.386406 5.215008 -0.668201 0.111937 -0.116456
    72 6.289963 0.932404 13.569109 -0.126801 -0.612098 -2.869612
    73 -1.327759 -0.766682 12.396324 -0.010831 -0.005575 0.098503
    74 0.000017 -54.999996 0.000000 0.000000 0.000000 -1.570796
  time 48
    0 0.000000 0.000000 -1.500000 0.000000 0.000000 0.000000
    1 -10.521344 -5.760963 66.994621 3.097005 -0.050653 -3.139334
    2 -7.785022 -13.481660 24.190321 -0.464947 0.753702 0.136364
    3 -0.000034 0.000012 24.761454 -0.892886 -0.103632 -0.181759
    4 0.000017 0.000000 24.344809 1.523246 -0.521568 -0.338513
    5 0.002333 -1.019846 24.031336 1.225756 -0.047899 -0.091859
    6 0.000034 0.000008 13.404741 -0.000001 -0.000009 -0.084102
    7 10.398263 -5.760962 66.994675 3.097005 0.050653 3.139334
    8 -3.293236 -21.870197 27.032851 0.474443 -0.235903 0.407936
    9 -0.000004 -0.000006 24.761459 -2.118484 0.245321 -0.647240
    10 -0.000007 0.000004 24.344891 2.547531 0.068953 -0.237333
    11 -0.002360 -1.019903 24.031330 0.389594 -0.042695 -0.017219
    12 0.000000 -0.000002 13.404737 0.000001 0.000005 -0.340785
    13 -0.061540 -5.245835 72.927078 0.000000 0.000000 0.000000
    14 5.774938 -18.302634 -26.547210 0.111579 0.012305 0.050442
    15 0.000000 -0.005608 -1.146812 0.219331 0.065967 -0.468738
    16 0.030770 -0.240000 8.906021 -0.004138 0.000000 0.000000
    17 -0.964850 -1.874201 -0.191810 0.276984 -0.125915 -0.106337
    18 0.030770 -0.276858 8.905140 0.056125 0.004134 -0.000049
    19 0.076862 -1.190567 -0.079303 0.547079 0.001317 -0.018865
    20 5.669724 4.435303 14.302868 5.241144 -1.142282 -1.544255
    21 -1.044571 -2.839317 19.743267 -0.327786 -0.602040 0.120598
    22 2.655533 -1.533369 24.792658 0.026771 0.054452 0.241099
    23 1.120163 -0.154394 9.796035 -0.071038 -0.013013 -0.636226
    24 2.240311 -0.308786 19.592051 -0.737152 0.501867 -1.654808
    25 0.683151 2.877354 14.167051 1.518213 0.095885 1.488418
    26 0.144936 -0.145374 7.579252 -1.071528 -0.217641 0.104646
    27 0.091660 -0.906685 4.702850 -0.447876 -0.075868 0.108521
    28 0.506271 8.500866 13.617253 1.953336 0.567061 2.342545
    29 -0.384987 -0.460049 7.003448 -0.688758 -0.361652 0.172981
    30 0.561516 -0.596954 5.061852 -0.668217 -0.295465 0.051236
    31 -2.452171 -8.899406 11.597897 0.672501 -0.786265 0.463147
    32 0.680496 -0.903999 6.074253 -0.600077 0.068247 0.009712
    33 0.245514 -0.661150 3.388004 -0.086956 0.005317 0.051022
    34 -0.717484 -3.784271 13.043911 0.768010 -0.241816 0.867881
    35 1.099216 -1.407745 8.017889 -0.841760 0.002288 0.004376
    36 0.068439 -0.807653 3.686054 -0.230738 -0.071768 0.024584
    37 -4.004929 6.172707 4.754754 1.257750 0.993351 3.655026
    38 0.158352 -1.149811 5.804394 0.448077 -0.047996 0.497653
    39 -1.083523 -1.463142 5.544399 -1.500354 -0.455577 0.197891
    40 -6.289886 0.932434 13.569063 -0.126803 0.612110 2.869610
    41 1.327774 -0.766687 12.396328 0.012426 -0.008206 0.120555
    42 -0.096140 1.828087 23.185329 0.004114 -0.080546 -1.570836
    43 2.325478 -0.000003 6.169296 -0.785782 0.109436 1.586134
    44 0.000000 -3.152912 0.122169 2.378954 0.000000 0.000000
    45 1.068383 -10.478592 7.066338 0.292219 -1.282324 -3.141588
    46 0.000000 0.000000 2.279457 0.547137 -0.343566 0.107833
    47 2.479414 -8.323895 6.074242 0.035866 1.434312 1.929677
    48 0.000003 -5.075260 5.105362 0.000000 0.000000 0.000000
    49 -1.068383 -10.478611 7.065971 0.292219 1.282324 3.141588
    50 -0.000488 0.000015 2.279600 0.547136 0.343566 0.107835
    51 -2.479401 -8.323895 6.074234 0.139037 1.431216 1.984979
    52 -5.790000 4.432083 14.255558 -2.101331 0.992473 0.439504
    53 1.044540 -2.839314 19.743252 -0.056711 0.134267 -0.091011
    54 -2.655510 -1.533379 24.792648 -0.363778 -0.070622 0.015432
    55 -1.120216 -0.154385 9.795983 -0.068401 0.011619 0.610533
    56 -2.240372 -0.308788 19.592047 -0.215436 -0.358600 1.314773
    57 -0.683205 2.877342 14.167089 1.035053 -0.426905 -1.553494
    58 -0.144958 -0.145317 7.579308 -1.320237 0.291470 -0.140396
    59 -0.038551 -0.936644 4.697678 -0.507292 0.100679 -0.016808
    60 -0.506317 8.500896 13.617329 2.447389 -0.838868 -2.765482
    61 0.385056 -0.460075 7.003435 -1.499488 0.626292 -0.388471
    62 -0.456360 -0.710276 5.057732 -1.084948 0.533068 -0.249064
    63 2.452194 -8.899408 11.597939 0.020366 1.144577 -0.398361
    64 -0.680515 -0.903999 6.074242 -0.922398 -0.134170 -0.059412
    65 -0.248295 -0.666843 3.386627 0.043938 -0.081927 -0.036942
    66 0.717491 -3.784309 13.044010 0.477263 0.428501 -1.055415
    67 -1.099228 -1.407673 8.017876 -1.398425 -0.016600 -0.007122
    68 -0.064053 -0.807640 3.686100 0.249293 0.026170 -0.011141
    69 4.004906 6.172710 4.754800 1.304201 -1.218581 -4.111318
    70 -0.158381 -1.149773 5.804405 -0.511000 -0.374125 -0.386505
    71 1.078559 -2.386406 5.215008 -0.632227 0.086635 -0.108819
    72 6.289963 0.932404 13.569109 -0.126801 -0.612098 -2.869612
    73 -1.327759 -0.766682 12.396324 -0.008914 -0.004689 0.081339
    74 0.000017 -54.999996 0.000000 0.000000 0.000000 -1.570796
  time 49
    0 0.000000 0.000000 -1.500000 0.000000 0.000000 0.000000
    1 -10.521344 -5.760963 66.994621 3.097005 -0.050653 -3.139334
    2 -9.066312 -13.653538 24.571539 -0.492617 0.775581 0.110412
    3 -0.000034 0.000012 24.761454 -0.850934 -0.098778 -0.185465
    4 0.000017 0.000000 24.344809 1.504752 -0.555294 -0.346853
    5 0.002333 -1.019846 24.031336 1.225756 -0.047899 -0.091859
    6 0.000034 0.000008 13.404741 -0.000001 -0.000009 -0.081339
    7 10.398263 -5.760962 66.994675 3.097005 0.050653 3.139334
    8 -4.566712 -22.057537 27.280133 0.477429 -0.203420 0.409504
    9 -0.000004 -0.000006 24.761459 -2.121619 0.245693 -0.679216
    10 -0.000007 0.000004 24.344891 2.561536 0.044355 -0.283511
    11 -0.002360 -1.019903 24.031330 0.389594 -0.042695 -0.017219
    12 0.000000 -0.000002 13.404737 0.000001 0.000005 -0.368180
    13 -0.061540 -5.245835 72.927078 0.000000 0.000000 0.000000
    14 6.966380 -18.465674 -26.885177 0.110907 -0.001373 0.049001
    15 0.000000 -0.005608 -1.146812 0.219331 0.065967 -0.468738
    16 0.030770 -0.240000 8.906021 -0.004138 0.000000 0.000000
    17 -0.976569 -1.870295 -0.183998 0.268756 -0.144728 -0.055741
    18 0.030770 -0.276858 8.905140 0.056125 0.004134 -0.000049
    19 0.041705 -1.233537 -0.094928 0.564629 -0.017526 -0.020531
    20 5.669724 4.435303 14.302868 5.279331 -1.147990 -1.548184
    21 -1.044571 -2.839317 19.743267 -0.417751 -0.577462 0.133570
    22 2.655533 -1.533369 24.792658 0.153142 0.058525 0.245061
    23 1.120163 -0.154394 9.796035 -0.071026 -0.013001 -0.636088
    24 2.240311 -0.308786 19.592051 -0.710954 0.504353 -1.642306
    25 0.683151 2.877354 14.167051 1.507132 0.095741 1.492939
    26 0.144936 -0.145374 7.579252 -1.036586 -0.214861 0.098486
    27 0.091660 -0.906685 4.702850 -0.416557 -0.070619 0.112020
    28 0.506271 8.500866 13.617253 1.958586 0.579408 2.348862
    29 -0.384987 -0.460049 7.003448 -0.668661 -0.355815 0.166881
    30 0.561516 -0.596954 5.061852 -0.643048 -0.289748 0.041181
    31 -2.452171 -8.899406 11.597897 0.706018 -0.805704 0.491790
    32 0.680496 -0.903999 6.074253 -0.574222 0.065515 0.008849
    33 0.245514 -0.661150 3.388004 -0.068316 -0.000412 0.055013
    34 -0.717484 -3.784271 13.043911 0.764879 -0.244656 0.864070
    35 1.099216 -1.407745 8.017889 -0.809822 0.001018 0.004580
    36 0.068439 -0.807653 3.686054 -0.200176 -0.076789 0.025662
    37 -4.004929 6.172707 4.754754 1.259552 1.008913 3.665552
    38 0.158352 -1.149811 5.804394 0.466257 -0.064859 0.505347
    39 -1.083523 -1.463142 5.544399 -1.472940 -0.453359 0.202697
    40 -6.289886 0.932434 13.569063 -0.126803 0.612110 2.869610
    41 1.327774 -0.766687 12.396328 0.012965 -0.008626 0.126079
    42 -0.096140 1.828087 23.185329 0.004114 -0.080514 -1.570836
    43 2.325478 -0.000003 6.169296 -0.788456 0.055829 1.532731
    44 0.000000 -3.152912 0.122169 2.301893 0.000000 0.000000
    45 1.068383 -10.478592 7.066338 0.292219 -1.282324 -3.141588
    46 0.000000 0.000000 2.279457 0.547137 -0.343566 0.107833
    47 2.479414 -8.323895 6.074242 0.035866 1.434312 1.929677
    48 0.000003 -5.075260 5.105362 0.000000 0.000000 0.000000
    49 -1.068383 -10.478611 7.065971 0.292219 1.282324 3.141588
    50 -0.000488 0.000015 2.279600 0.547136 0.343566 0.107835
    51 -2.479401 -8.323895 6.074234 0.139057 1.431169 1.984979
    52 -5.790000 4.432083 14.255558 -2.081872 0.994716 0.436438
    53 1.044540 -2.839314 19.743252 -0.044578 0.175223 -0.087691
    54 -2.655510 -1.533379 24.792648 -0.390501 -0.071657 0.025958
    55 -1.120216 -0.154385 9.795983 -0.067622 0.011223 0.602998
    56 -2.240372 -0.308788 19.592047 -0.209403 -0.363798 1.299908
    57 -0.683205 2.877342 14.167089 1.066087 -0.415703 -1.553789
    58 -0.144958 -0.145317 7.579308 -1.297351 0.288977 -0.132989
    59 -0.038551 -0.936644 4.697678 -0.454728 0.087915 -0.012506
    60 -0.506317 8.500896 13.617329 2.417823 -0.819359 -2.782870
    61 0.385056 -0.460075 7.003435 -1.473157 0.623987 -0.375424
    62 -0.456360 -0.710276 5.057732 -1.032042 0.517803 -0.225421
    63 2.452194 -8.899408 11.597939 0.088632 1.163838 -0.398790
    64 -0.680515 -0.903999 6.074242 -0.885639 -0.128010 -0.057243
    65 -0.248295 -0.666843 3.386627 0.099308 -0.075383 -0.035624
    66 0.717491 -3.784309 13.044010 0.542376 0.435620 -1.042815
    67 -1.099228 -1.407673 8.017876 -1.357125 -0.015498 -0.006751
    68 -0.064053 -0.807640 3.686100 0.311867 0.027440 -0.008169
    69 4.004906 6.172710 4.754800 1.288014 -1.187111 -4.086104
    70 -0.158381 -1.149773 5.804405 -0.505943 -0.393785 -0.343108
    71 1.078559 -2.386406 5.215008 -0.600408 0.064488 -0.094059
    72 6.289963 0.932404 13.569109 -0.126801 -0.612098 -2.869612
    73 -1.327759 -0.766682 12.396324 -0.008866 -0.004665 0.080876
    74 0.000017 -54.999996 0.000000 0.000000 0.000000 -1.570796
  time 50
    0 0.000000 0.000000 -1.500000 0.000000 0.000000 0.000000
    1 -10.521344 -5.760963 66.994621 3.097005 -0.050653 -3.139334
    2 -9.656173 -13.800862 23.943652 -0.509560 0.782985 0.107354
    3 -0.000034 0.000012 24.761454 -0.791177 -0.091851 -0.178380
    4 0.000017 0.000000 24.344809 1.455003 -0.570708 -0.335834
    5 0.002333 -1.019846 24.031336 1.225756 -0.047899 -0.091859
    6 0.000034 0.000008 13.404741 -0.000001 -0.000009 -0.076318
    7 10.398263 -5.760962 66.994675 3.097005 0.050653 3.139334
    8 -5.187825 -22.182431 26.875490 0.476320 -0.188861 0.408761
    9 -0.000004 -0.000006 24.761459 -2.098520 0.243020 -0.684814
    10 -0.000007 0.000004 24.344891 2.547467 0.030334 -0.296984
    11 -0.002360 -1.019903 24.031330 0.389594 -0.042695 -0.017219
    12 0.000000 -0.000002 13.404737 0.000001 0.000005 -0.371851
    13 -0.061540 -5.245835 72.927078 0.000000 0.000000 0.000000
    14 7.634369 -18.617068 -26.389493 0.109979 0.007763 0.049962
    15 0.000000 -0.005608 -1.146812 0.219331 0.065967 -0.468738
    16 0.030770 -0.240000 8.906021 -0.004138 0.000000 0.000000
    17 -0.929693 -1.874201 -0.164466 0.271660 -0.119914 -0.092081
    18 0.030770 -0.276858 8.905140 0.056125 0.004134 -0.000049
    19 -0.079393 -1.272601 -0.102741 0.586291 -0.052950 -0.038136
    20 5.669724 4.435303 14.302868 5.341635 -1.153452 -1.570609
    21 -1.044571 -2.839317 19.743267 -0.450185 -0.651563 0.157654
    22 2.655533 -1.533369 24.792658 0.079628 0.051839 0.288328
    23 1.120163 -0.154394 9.796035 -0.070870 -0.012929 -0.634674
    24 2.240311 -0.308786 19.592051 -0.685539 0.509372 -1.629725
    25 0.683151 2.877354 14.167051 1.489687 0.095777 1.495349
    26 0.144936 -0.145374 7.579252 -1.014748 -0.213447 0.094423
    27 0.091660 -0.906685 4.702850 -0.386108 -0.065273 0.113159
    28 0.506271 8.500866 13.617253 1.961612 0.585692 2.347044
    29 -0.384987 -0.460049 7.003448 -0.657599 -0.352232 0.163322
    30 0.561516 -0.596954 5.061852 -0.618058 -0.282761 0.032696
    31 -2.452171 -8.899406 11.597897 0.714675 -0.817335 0.533612
    32 0.680496 -0.903999 6.074253 -0.555861 0.063585 0.008190
    33 0.245514 -0.661150 3.388004 -0.054682 -0.003863 0.057374
    34 -0.717484 -3.784271 13.043911 0.754561 -0.246166 0.864116
    35 1.099216 -1.407745 8.017889 -0.784753 -0.000013 0.004700
    36 0.068439 -0.807653 3.686054 -0.176331 -0.079857 0.026178
    37 -4.004929 6.172707 4.754754 1.253607 1.011465 3.674642
    38 0.158352 -1.149811 5.804394 0.471004 -0.078934 0.507768
    39 -1.083523 -1.463142 5.544399 -1.454001 -0.450627 0.207587
    40 -6.289886 0.932434 13.569063 -0.126803 0.612110 2.869610
    41 1.327774 -0.766687 12.396328 0.014835 -0.010064 0.145010
    42 -0.096140 1.828087 23.185329 0.004114 -0.080514 -1.570836
    43 2.325478 -0.000003 6.169296 -0.779145 0.139806 1.617585
    44 0.000000 -3.152912 0.122169 2.308745 0.000000 0.000000
    45 1.068383 -10.478592 7.066338 0.292219 -1.282324 -3.141588
    46 0.000000 0.000000 2.279457 0.547137 -0.343566 0.107833
    47 2.479414 -8.323895 6.074242 0.035866 1.434312 1.929677
    48 0.000003 -5.075260 5.105362 0.000000 0.000000 0.000000
    49 -1.068383 -10.478611 7.065971 0.292219 1.282324 3.141588
    50 -0.000488 0.000015 2.279600 0.547136 0.343566 0.107835
    51 -2.479401 -8.323895 6.074234 0.139077 1.431169 1.984979
    52 -5.790000 4.432083 14.255558 -2.101235 0.980635 0.423120
    53 1.044540 -2.839314 19.743252 -0.058492 0.111373 -0.092916
    54 -2.655510 -1.533379 24.792648 -0.365489 -0.073884 0.074047
    55 -1.120216 -0.154385 9.795983 -0.066723 0.010780 0.594211
    56 -2.240372 -0.308788 19.592047 -0.201995 -0.368550 1.282381
    57 -0.683205 2.877342 14.167089 1.098805 -0.397556 -1.548916
    58 -0.144958 -0.145317 7.579308 -1.276589 0.286520 -0.125595
    59 -0.038551 -0.936644 4.697678 -0.397873 0.073869 -0.008599
    60 -0.506317 8.500896 13.617329 2.382148 -0.802755 -2.797427
    61 0.385056 -0.460075 7.003435 -1.454250 0.621356 -0.366037
    62 -0.456360 -0.710276 5.057732 -0.972530 0.498936 -0.199567
    63 2.452194 -8.899408 11.597939 0.166133 1.180520 -0.394000
    64 -0.680515 -0.903999 6.074242 -0.846456 -0.121119 -0.054259
    65 -0.248295 -0.666843 3.386627 0.165627 -0.067389 -0.033526
    66 0.717491 -3.784309 13.044010 0.609680 0.443793 -1.029533
    67 -1.099228 -1.407673 8.017876 -1.311678 -0.014239 -0.006020
    68 -0.064053 -0.807640 3.686100 0.383333 0.028794 -0.004525
    69 4.004906 6.172710 4.754800 1.270772 -1.156058 -4.047710
    70 -0.158381 -1.149773 5.804405 -0.497815 -0.421851 -0.282451
    71 1.078559 -2.386406 5.215008 -0.560182 0.032264 -0.057157
    72 6.289963 0.932404 13.569109 -0.126801 -0.612098 -2.869612
    73 -1.327759 -0.766682 12.396324 -0.012030 -0.006103 0.108959
    74 0.000017 -54.999996 0.000000 0.000000 0.000000 -1.570796
  time 51
    0 0.000000 0.000000 -1.500000 0.000000 0.000000 0.000000
    1 -10.521344 -5.760963 66.994621 3.097005 -0.050653 -3.139334
    2 -8.410042 -13.911355 23.181217 -0.499039 0.760355 0.134092
    3 -0.000034 0.000012 24.761454 -0.793047 -0.092079 -0.172476
    4 0.000017 0.000000 24.344809 1.447852 -0.541351 -0.318916
    5 0.002333 -1.019846 24.031336 1.225756 -0.047899 -0.091859
    6 0.000034 0.000008 13.404741 -0.000001 -0.000009 -0.076044
    7 10.398263 -5.760962 66.994675 3.097005 0.050653 3.139334
    8 -3.972944 -22.294835 26.358446 0.460879 -0.214796 0.408101
    9 -0.000004 -0.000006 24.761459 -2.077456 0.240575 -0.646809
    10 -0.000007 0.000004 24.344891 2.529202 0.053021 -0.247401
    11 -0.002360 -1.019903 24.031330 0.389594 -0.042695 -0.017219
    12 0.000000 -0.000002 13.404737 0.000001 0.000005 -0.338724
    13 -0.061540 -5.245835 72.927078 0.000000 0.000000 0.000000
    14 6.528867 -18.745170 -25.736091 0.108859 0.027944 0.052184
    15 0.000000 -0.005608 -1.146812 0.219331 0.065967 -0.468738
    16 0.030770 -0.240000 8.906021 -0.004138 0.000000 0.000000
    17 -0.914067 -1.889827 -0.176185 0.281446 -0.097720 -0.151223
    18 0.030770 -0.276858 8.905140 0.056125 0.004134 -0.000049
    19 -0.048142 -1.245256 -0.094928 0.576104 -0.033901 -0.036566
    20 5.669724 4.435303 14.302868 5.345559 -1.132698 -1.560546
    21 -1.044571 -2.839317 19.743267 -0.418191 -0.691275 0.159459
    22 2.655533 -1.533369 24.792658 0.112653 0.054106 0.276035
    23 1.120163 -0.154394 9.796035 -0.070594 -0.012773 -0.631949
    24 2.240311 -0.308786 19.592051 -0.661778 0.517246 -1.617540
    25 0.683151 2.877354 14.167051 1.458748 0.096772 1.494450
    26 0.144936 -0.145374 7.579252 -1.004432 -0.213998 0.091954
    27 0.091660 -0.906685 4.702850 -0.357308 -0.059725 0.107526
    28 0.506271 8.500866 13.617253 1.947717 0.583912 2.321743
    29 -0.384987 -0.460049 7.003448 -0.652370 -0.350242 0.161057
    30 0.561516 -0.596954 5.061852 -0.594209 -0.272094 0.028274
    31 -2.452171 -8.899406 11.597897 0.673717 -0.805405 0.596803
    32 0.680496 -0.903999 6.074253 -0.549001 0.062866 0.007938
    33 0.245514 -0.661150 3.388004 -0.047865 -0.001670 0.055684
    34 -0.717484 -3.784271 13.043911 0.728148 -0.245160 0.879068
    35 1.099216 -1.407745 8.017889 -0.771637 -0.000528 0.004760
    36 0.068439 -0.807653 3.686054 -0.164533 -0.077856 0.025003
    37 -4.004929 6.172707 4.754754 1.232619 0.990745 3.668613
    38 0.158352 -1.149811 5.804394 0.453459 -0.091085 0.498552
    39 -1.083523 -1.463142 5.544399 -1.438776 -0.446121 0.211053
    40 -6.289886 0.932434 13.569063 -0.126803 0.612110 2.869610
    41 1.327774 -0.766687 12.396328 0.014619 -0.009884 0.142851
    42 -0.096140 1.828087 23.185329 0.004114 -0.080514 -1.570836
    43 2.325478 -0.000003 6.169296 -0.764390 0.215406 1.697211
    44 0.000000 -3.152912 0.122169 2.282624 0.000000 0.000000
    45 1.068383 -10.478592 7.066338 0.292219 -1.282324 -3.141588
    46 0.000000 0.000000 2.279457 0.547137 -0.343566 0.107833
    47 2.479414 -8.323895 6.074242 0.035866 1.434312 1.929677
    48 0.000003 -5.075260 5.105362 0.000000 0.000000 0.000000
    49 -1.068383 -10.478611 7.065971 0.292219 1.282324 3.141588
    50 -0.000488 0.000015 2.279600 0.547136 0.343566 0.107835
    51 -2.479401 -8.323895 6.074234 0.139037 1.431216 1.984979
    52 -5.790000 4.432083 14.255558 -2.112930 0.970708 0.419383
    53 1.044540 -2.839314 19.743252 -0.087656 0.055366 -0.095529
    54 -2.655510 -1.533379 24.792648 -0.300821 -0.073159 0.073138
    55 -1.120216 -0.154385 9.795983 -0.065681 0.010265 0.584118
    56 -2.240372 -0.308788 19.592047 -0.193137 -0.373055 1.261502
    57 -0.683205 2.877342 14.167089 1.128701 -0.370833 -1.537002
    58 -0.144958 -0.145317 7.579308 -1.262203 0.284639 -0.118860
    59 -0.038551 -0.936644 4.697678 -0.341314 0.059679 -0.005507
    60 -0.506317 8.500896 13.617329 2.347076 -0.791936 -2.806233
    61 0.385056 -0.460075 7.003435 -1.449242 0.618742 -0.363648
    62 -0.456360 -0.710276 5.057732 -0.907721 0.476038 -0.172379
    63 2.452194 -8.899408 11.597939 0.242638 1.193043 -0.385515
    64 -0.680515 -0.903999 6.074242 -0.809805 -0.113928 -0.050088
    65 -0.248295 -0.666843 3.386627 0.239106 -0.058113 -0.030099
    66 0.717491 -3.784309 13.044010 0.667668 0.454699 -1.017082
    67 -1.099228 -1.407673 8.017876 -1.267016 -0.012981 -0.004773
    68 -0.064053 -0.807640 3.686100 0.456149 0.029897 -0.000247
    69 4.004906 6.172710 4.754800 1.253079 -1.123249 -3.994417
    70 -0.158381 -1.149773 5.804405 -0.485293 -0.462896 -0.194953
    71 1.078559 -2.386406 5.215008 -0.506196 -0.016594 0.006892
    72 6.289963 0.932404 13.569109 -0.126801 -0.612098 -2.869612
    73 -1.327759 -0.766682 12.396324 -0.012306 -0.006235 0.111596
    74 0.000017 -54.999996 0.000000 0.000000 0.000000 -1.570796
  time 52
    0 0.000000 0.000000 -1.500000 0.000000 0.000000 0.000000
    1 -10.521344 -5.760963 66.994621 3.097005 -0.050653 -3.139334
    2 -7.183442 -14.046401 22.889698 -0.488859 0.741316 0.157860
    3 -0.000034 0.000012 24.761454 -0.810893 -0.094140 -0.174511
    4 0.000017 0.000000 24.344809 1.460921 -0.514098 -0.308567
    5 0.002333 -1.019846 24.031336 1.225756 -0.047899 -0.091859
    6 0.000034 0.000008 13.404741 -0.000001 -0.000009 -0.078449
    7 10.398263 -5.760962 66.994675 3.097005 0.050653 3.139334
    8 -2.722906 -22.407240 26.291005 0.445438 -0.238940 0.407936
    9 -0.000004 -0.000006 24.761459 -2.073936 0.240180 -0.614080
    10 -0.000007 0.000004 24.344891 2.530170 0.077641 -0.203304
    11 -0.002360 -1.019903 24.031330 0.389594 -0.042695 -0.017219
    12 0.000000 -0.000002 13.404737 0.000001 0.000005 -0.309053
    13 -0.061540 -5.245835 72.927078 0.000000 0.000000 0.000000
    14 5.419458 -18.861627 -25.578373 0.107546 0.048125 0.054346
    15 0.000000 -0.005608 -1.146812 0.219331 0.065967 -0.468738
    16 0.030770 -0.240000 8.906021 -0.004138 0.000000 0.000000
    17 -0.964850 -1.893733 -0.191810 0.281509 -0.119496 -0.123748
    18 0.030770 -0.276858 8.905140 0.056125 0.004134 -0.000049
    19 0.065143 -1.221818 -0.091022 0.561377 0.001091 -0.021022
    20 5.669724 4.435303 14.302868 5.315412 -1.122762 -1.538984
    21 -1.044571 -2.839317 19.743267 -0.417213 -0.634394 0.146007
    22 2.655533 -1.533369 24.792658 0.206606 0.061484 0.239400
    23 1.120163 -0.154394 9.796035 -0.070211 -0.012545 -0.628017
    24 2.240311 -0.308786 19.592051 -0.640149 0.528343 -1.606581
    25 0.683151 2.877354 14.167051 1.409047 0.098714 1.489592
    26 0.144936 -0.145374 7.579252 -1.000994 -0.216299 0.090253
    27 0.091660 -0.906685 4.702850 -0.331529 -0.054152 0.093732
    28 0.506271 8.500866 13.617253 1.905846 0.574926 2.264916
    29 -0.384987 -0.460049 7.003448 -0.648351 -0.348756 0.158672
    30 0.561516 -0.596954 5.061852 -0.573075 -0.257281 0.028981
    31 -2.452171 -8.899406 11.597897 0.577977 -0.760912 0.678086
    32 0.680496 -0.903999 6.074253 -0.555108 0.063514 0.008166
    33 0.245514 -0.661150 3.388004 -0.048664 0.007246 0.049153
    34 -0.717484 -3.784271 13.043911 0.680746 -0.241672 0.914903
    35 1.099216 -1.407745 8.017889 -0.771365 -0.000540 0.004760
    36 0.068439 -0.807653 3.686054 -0.165635 -0.069802 0.021875
    37 -4.004929 6.172707 4.754754 1.196949 0.946277 3.642014
    38 0.158352 -1.149811 5.804394 0.411251 -0.102606 0.475541
    39 -1.083523 -1.463142 5.544399 -1.423133 -0.439409 0.212448
    40 -6.289886 0.932434 13.569063 -0.126803 0.612110 2.869610
    41 1.327774 -0.766687 12.396328 0.013169 -0.008782 0.128188
    42 -0.096140 1.828087 23.185329 0.004114 -0.080514 -1.570836
    43 2.325478 -0.000003 6.169296 -0.778285 0.132702 1.611997
    44 0.000000 -3.152912 0.122169 2.351010 0.000000 0.000000
    45 1.068383 -10.478592 7.066338 0.292219 -1.282324 -3.141588
    46 0.000000 0.000000 2.279457 0.547137 -0.343566 0.107833
    47 2.479414 -8.323895 6.074242 0.035866 1.434312 1.929677
    48 0.000003 -5.075260 5.105362 0.000000 0.000000 0.000000
    49 -1.068383 -10.478611 7.065971 0.292219 1.282324 3.141588
    50 -0.000488 0.000015 2.279600 0.547136 0.343566 0.107835
    51 -2.479401 -8.323895 6.074234 0.139037 1.431169 1.984979
    52 -5.790000 4.432083 14.255558 -2.058770 0.988278 0.457326
    53 1.044540 -2.839314 19.743252 -0.099455 0.127399 -0.089841
    54 -2.655510 -1.533379 24.792648 -0.260208 -0.070997 0.037318
    55 -1.120216 -0.154385 9.795983 -0.064470 0.009689 0.572611
    56 -2.240372 -0.308788 19.592047 -0.182369 -0.377461 1.237616
    57 -0.683205 2.877342 14.167089 1.150826 -0.339354 -1.519984
    58 -0.144958 -0.145317 7.579308 -1.251904 0.283093 -0.112520
    59 -0.038551 -0.936644 4.697678 -0.286628 0.045789 -0.003289
    60 -0.506317 8.500896 13.617329 2.305518 -0.785009 -2.803313
    61 0.385056 -0.460075 7.003435 -1.449501 0.615990 -0.363970
    62 -0.456360 -0.710276 5.057732 -0.841893 0.450423 -0.145963
    63 2.452194 -8.899408 11.597939 0.306884 1.199967 -0.382465
    64 -0.680515 -0.903999 6.074242 -0.777789 -0.106893 -0.045174
    65 -0.248295 -0.666843 3.386627 0.309879 -0.048657 -0.025521
    66 0.717491 -3.784309 13.044010 0.713800 0.466288 -1.007198
    67 -1.099228 -1.407673 8.017876 -1.225884 -0.011782 -0.003108
    68 -0.064053 -0.807640 3.686100 0.522944 0.030712 0.004211
    69 4.004906 6.172710 4.754800 1.237192 -1.082145 -3.936785
    70 -0.158381 -1.149773 5.804405 -0.468062 -0.510293 -0.092188
    71 1.078559 -2.386406 5.215008 -0.449439 -0.071211 0.085702
    72 6.289963 0.932404 13.569109 -0.126801 -0.612098 -2.869612
    73 -1.327759 -0.766682 12.396324 -0.009058 -0.004749 0.082588
    74 0.000017 -54.999996 0.000000 0.000000 0.000000 -1.570796
  time 53
    0 0.000000 0.000000 -1.500000 0.000000 0.000000 0.000000
    1 -10.521344 -5.760963 66.994621 3.097005 -0.050653 -3.139334
    2 -8.718645 -14.169171 22.687877 -0.512292 0.768149 0.144359
    3 -0.000034 0.000012 24.761454 -0.736989 -0.085571 -0.178258
    4 0.000017 0.000000 24.344809 1.407843 -0.552397 -0.306881
    5 0.002333 -1.019846 24.031336 1.225756 -0.047899 -0.091859
    6 0.000034 0.000008 13.404741 -0.000001 -0.000009 -0.076213
    7 10.398263 -5.760962 66.994675 3.097005 0.050653 3.139334
    8 -4.234671 -22.519644 26.425886 0.454566 -0.202579 0.405873
    9 -0.000004 -0.000006 24.761459 -2.074431 0.240240 -0.646881
    10 -0.000007 0.000004 24.344891 2.536947 0.047888 -0.254926
    11 -0.002360 -1.019903 24.031330 0.389594 -0.042695 -0.017219
    12 0.000000 -0.000002 13.404737 0.000001 0.000005 -0.334258
    13 -0.061540 -5.245835 72.927078 0.000000 0.000000 0.000000
    14 7.001538 -18.966439 -25.533311 0.106010 0.057295 0.055186
    15 0.000000 -0.005608 -1.146812 0.219331 0.065967 -0.468738
    16 0.030770 -0.240000 8.906021 -0.004138 0.000000 0.000000
    17 -0.980475 -1.885920 -0.183998 0.272249 -0.139310 -0.070597
    18 0.030770 -0.276858 8.905140 0.056125 0.004134 -0.000049
    19 0.033892 -1.260882 -0.098835 0.576247 -0.017732 -0.022640
    20 5.669724 4.435303 14.302868 5.259041 -1.159794 -1.514259
    21 -1.044571 -2.839317 19.743267 -0.414571 -0.588838 0.135403
    22 2.655533 -1.533369 24.792658 0.274782 0.064904 0.241503
    23 1.120163 -0.154394 9.796035 -0.069684 -0.012282 -0.622912
    24 2.240311 -0.308786 19.592051 -0.621480 0.543216 -1.597442
    25 0.683151 2.877354 14.167051 1.342999 0.100176 1.481287
    26 0.144936 -0.145374 7.579252 -1.002202 -0.219547 0.089150
    27 0.091660 -0.906685 4.702850 -0.309780 -0.049022 0.075922
    28 0.506271 8.500866 13.617253 1.840446 0.561349 2.185500
    29 -0.384987 -0.460049 7.003448 -0.645719 -0.347666 0.156407
    30 0.561516 -0.596954 5.061852 -0.555010 -0.241078 0.032732
    31 -2.452171 -8.899406 11.597897 0.452266 -0.692598 0.762430
    32 0.680496 -0.903999 6.074253 -0.572041 0.065275 0.008777
    33 0.245514 -0.661150 3.388004 -0.056386 0.019890 0.039996
    34 -0.717484 -3.784271 13.043911 0.616367 -0.237166 0.964737
    35 1.099216 -1.407745 8.017889 -0.779282 -0.000229 0.004724
    36 0.068439 -0.807653 3.686054 -0.174874 -0.058585 0.017741
    37 -4.004929 6.172707 4.754754 1.156144 0.890014 3.604889
    38 0.158352 -1.149811 5.804394 0.351582 -0.113349 0.443974
    39 -1.083523 -1.463142 5.544399 -1.410263 -0.431727 0.212807
    40 -6.289886 0.932434 13.569063 -0.126803 0.612110 2.869610
    41 1.327774 -0.766687 12.396328 0.013469 -0.008985 0.131000
    42 -0.096140 1.828087 23.185329 0.004114 -0.080514 -1.570836
    43 2.325478 -0.000003 6.169296 -0.785305 0.050215 1.530256
    44 0.000000 -3.152912 0.122169 2.264624 0.000000 0.000000
    45 1.068383 -10.478592 7.066338 0.292219 -1.282324 -3.141588
    46 0.000000 0.000000 2.279457 0.547137 -0.343566 0.107833
    47 2.479414 -8.323895 6.074242 0.035866 1.434312 1.929677
    48 0.000003 -5.075260 5.105362 0.000000 0.000000 0.000000
    49 -1.068383 -10.478611 7.065971 0.292219 1.282324 3.141588
    50 -0.000488 0.000015 2.279600 0.547136 0.343566 0.107835
    51 -2.479401 -8.323895 6.074234 0.139037 1.431169 1.984979
    52 -5.790000 4.432083 14.255558 -2.011513 1.003979 0.490478
    53 1.044540 -2.839314 19.743252 -0.158785 0.242168 -0.083391
    54 -2.655510 -1.533379 24.792648 -0.316673 -0.071424 0.039211
    55 -1.120216 -0.154385 9.795983 -0.063104 0.009066 0.559580
    56 -2.240372 -0.308788 19.592047 -0.169845 -0.381817 1.210036
    57 -0.683205 2.877342 14.167089 1.160082 -0.307040 -1.499824
    58 -0.144958 -0.145317 7.579308 -1.242913 0.281666 -0.106348
    59 -0.038551 -0.936644 4.697678 -0.235296 0.032642 -0.001899
    60 -0.506317 8.500896 13.617329 2.250987 -0.779717 -2.783319
    61 0.385056 -0.460075 7.003435 -1.446437 0.612860 -0.362668
    62 -0.456360 -0.710276 5.057732 -0.778736 0.423536 -0.122075
    63 2.452194 -8.899408 11.597939 0.346849 1.200106 -0.394477
    64 -0.680515 -0.903999 6.074242 -0.752026 -0.100517 -0.039985
    65 -0.248295 -0.666843 3.386627 0.368121 -0.040256 -0.020331
    66 0.717491 -3.784309 13.044010 0.745186 0.476439 -1.001729
    67 -1.099228 -1.407673 8.017876 -1.191477 -0.010788 -0.001178
    68 -0.064053 -0.807640 3.686100 0.576627 0.031155 0.008418
    69 4.004906 6.172710 4.754800 1.224694 -1.028314 -3.882837
    70 -0.158381 -1.149773 5.804405 -0.445634 -0.557362 0.013712
    71 1.078559 -2.386406 5.215008 -0.403335 -0.120376 0.167836
    72 6.289963 0.932404 13.569109 -0.126801 -0.612098 -2.869612
    73 -1.327759 -0.766682 12.396324 -0.007152 -0.003838 0.065516
    74 0.000017 -54.999996 0.000000 0.000000 0.000000 -1.570796
  time 54
    0 0.000000 0.000000 -1.500000 0.000000 0.000000 0.000000
    1 -10.521344 -5.760963 66.994621 3.097005 -0.050653 -3.139334
    2 -10.331975 -14.255110 22.687877 -0.548023 0.792783 0.118757
    3 -0.000034 0.000012 24.761454 -0.658126 -0.076451 -0.174878
    4 0.000017 0.000000 24.344809 1.353470 -0.594362 -0.302042
    5 0.002333 -1.019846 24.031336 1.225756 -0.047899 -0.091859
    6 0.000034 0.000008 13.404741 -0.000001 -0.000009 -0.069632
    7 10.398263 -5.760962 66.994675 3.097005 0.050653 3.139334
    8 -5.867533 -22.607070 26.425886 0.463097 -0.165705 0.406038
    9 -0.000004 -0.000006 24.761459 -2.064202 0.239041 -0.681620
    10 -0.000007 0.000004 24.344891 2.537205 0.014802 -0.306610
    11 -0.002360 -1.019903 24.031330 0.389594 -0.042695 -0.017219
    12 0.000000 -0.000002 13.404737 0.000001 0.000005 -0.363070
    13 -0.061540 -5.245835 72.927078 0.000000 0.000000 0.000000
    14 8.579711 -19.047958 -25.510780 0.104186 0.050052 0.054346
    15 0.000000 -0.005608 -1.146812 0.219331 0.065967 -0.468738
    16 0.030770 -0.240000 8.906021 -0.004138 0.000000 0.000000
    17 -0.949224 -1.874201 -0.152747 0.264611 -0.134727 -0.059775
    18 0.030770 -0.276858 8.905140 0.056125 0.004134 -0.000049
    19 -0.075487 -1.339009 -0.122273 0.611777 -0.054925 -0.037609
    20 5.669724 4.435303 14.302868 5.194631 -1.226634 -1.488863
    21 -1.044571 -2.839317 19.743267 -0.365651 -0.597344 0.127620
    22 2.655533 -1.533369 24.792658 0.290926 0.063175 0.269808
    23 1.120163 -0.154394 9.796035 -0.069025 -0.011934 -0.616565
    24 2.240311 -0.308786 19.592051 -0.606553 0.562186 -1.591033
    25 0.683151 2.877354 14.167051 1.263073 0.099804 1.469985
    26 0.144936 -0.145374 7.579252 -1.005826 -0.222891 0.088527
    27 0.091660 -0.906685 4.702850 -0.293205 -0.044804 0.058137
    28 0.506271 8.500866 13.617253 1.755839 0.545289 2.092462
    29 -0.384987 -0.460049 7.003448 -0.644367 -0.346934 0.154525
    30 0.561516 -0.596954 5.061852 -0.540872 -0.226121 0.037658
    31 -2.452171 -8.899406 11.597897 0.318555 -0.610442 0.837458
    32 0.680496 -0.903999 6.074253 -0.597618 0.067996 0.009628
    33 0.245514 -0.661150 3.388004 -0.070393 0.033229 0.030421
    34 -0.717484 -3.784271 13.043911 0.539333 -0.233139 1.021624
    35 1.099216 -1.407745 8.017889 -0.790691 0.000239 0.004676
    36 0.068439 -0.807653 3.686054 -0.187454 -0.047031 0.013558
    37 -4.004929 6.172707 4.754754 1.114619 0.834350 3.562214
    38 0.158352 -1.149811 5.804394 0.280980 -0.123080 0.409375
    39 -1.083523 -1.463142 5.544399 -1.403357 -0.424285 0.213028
    40 -6.289886 0.932434 13.569063 -0.126803 0.612110 2.869610
    41 1.327774 -0.766687 12.396328 0.015039 -0.010232 0.147069
    42 -0.096140 1.828087 23.185329 0.004114 -0.080546 -1.570836
    43 2.325478 -0.000003 6.169296 -0.783490 0.044384 1.528740
    44 0.000000 -3.152912 0.122169 2.228950 0.000000 0.000000
    45 1.068383 -10.478592 7.066338 0.292219 -1.282324 -3.141588
    46 0.000000 0.000000 2.279457 0.547137 -0.343566 0.107833
    47 2.479414 -8.323895 6.074242 -0.012824 1.441262 1.723762
    48 0.000003 -5.075260 5.105362 0.000000 0.000000 0.000000
    49 -1.068383 -10.478611 7.065971 0.292219 1.282324 3.141588
    50 -0.000488 0.000015 2.279600 0.547136 0.343566 0.107835
    51 -2.479401 -8.323895 6.074234 0.100596 1.439816 1.785796
    52 -5.790000 4.432083 14.255558 -2.097401 0.991394 0.463554
    53 1.044540 -2.839314 19.743252 -0.273437 0.319246 -0.085813
    54 -2.655510 -1.533379 24.792648 -0.383908 -0.076446 0.120999
    55 -1.120216 -0.154385 9.795983 -0.061558 0.008395 0.544999
    56 -2.240372 -0.308788 19.592047 -0.154953 -0.386124 1.178932
    57 -0.683205 2.877342 14.167089 1.151420 -0.277631 -1.478548
    58 -0.144958 -0.145317 7.579308 -1.232941 0.280120 -0.100092
    59 -0.038551 -0.936644 4.697678 -0.188895 0.020694 -0.001228
    60 -0.506317 8.500896 13.617329 2.176997 -0.773335 -2.740546
    61 0.385056 -0.460075 7.003435 -1.431501 0.609077 -0.355609
    62 -0.456360 -0.710276 5.057732 -0.721750 0.397339 -0.101890
    63 2.452194 -8.899408 11.597939 0.351148 1.192160 -0.430465
    64 -0.680515 -0.903999 6.074242 -0.734455 -0.095280 -0.034988
    65 -0.248295 -0.666843 3.386627 0.404132 -0.034060 -0.015202
    66 0.717491 -3.784309 13.044010 0.758985 0.483043 -1.002572
    67 -1.099228 -1.407673 8.017876 -1.166932 -0.010128 0.000907
    68 -0.064053 -0.807640 3.686100 0.610221 0.031371 0.011930
    69 4.004906 6.172710 4.754800 1.217164 -0.956804 -3.841741
    70 -0.158381 -1.149773 5.804405 -0.417626 -0.596736 0.110470
    71 1.078559 -2.386406 5.215008 -0.379782 -0.151406 0.244819
    72 6.289963 0.932404 13.569109 -0.126801 -0.612098 -2.869612
    73 -1.327759 -0.766682 12.396324 -0.010184 -0.005264 0.092720
    74 0.000017 -54.999996 0.000000 0.000000 0.000000 -1.570796
  time 55
    0 0.000000 0.000000 -1.500000 0.000000 0.000000 0.000000
    1 -10.521344 -5.760963 66.994621 3.097005 -0.050653 -3.139334
    2 -9.812428 -13.579876 22.822425 -0.553079 0.772547 0.127713
    3 -0.000034 0.000012 24.761454 -0.666013 -0.077362 -0.183795
    4 0.000017 0.000000 24.344809 1.415487 -0.566340 -0.290677
    5 0.002333 -1.019846 24.031336 1.181963 -0.051231 -0.084920
    6 0.000034 0.000008 13.404741 -0.000001 -0.000009 -0.071319
    7 10.398263 -5.760962 66.994675 3.097005 0.050653 3.139334
    8 -5.387050 -22.020069 26.088684 0.482974 -0.190031 0.404223
    9 -0.000004 -0.000006 24.761459 -2.067557 0.239437 -0.676739
    10 -0.000007 0.000004 24.344891 2.511583 0.023846 -0.292969
    11 -0.002360 -1.019903 24.031330 0.389594 -0.042695 -0.017219
    12 0.000000 -0.000002 13.404737 0.000001 0.000005 -0.361546
    13 -0.061540 -5.245835 72.927078 0.000000 0.000000 0.000000
    14 7.974223 -18.349217 -25.398124 0.090712 0.034912 0.051163
    15 0.000000 -0.005608 -1.146812 0.219331 0.065967 -0.468738
    16 0.030770 -0.240000 8.906021 -0.004138 0.000000 0.000000
    17 -0.699217 -1.663257 -0.051181 0.224185 -0.093504 -0.054464
    18 0.030770 -0.276858 8.905140 0.056125 0.004134 -0.000049
    19 -0.141895 -1.467919 -0.173056 0.660176 -0.067412 -0.043889
    20 5.669724 4.435303 14.302868 5.118928 -1.307250 -1.451296
    21 -1.044571 -2.839317 19.743267 -0.249318 -0.568747 0.100829
    22 2.655533 -1.533369 24.792658 0.277907 0.059793 0.298437
    23 1.120163 -0.154394 9.796035 -0.068257 -0.011539 -0.609080
    24 2.240311 -0.308786 19.592051 -0.767223 0.660631 -1.771478
    25 0.683151 2.877354 14.167051 1.171626 0.096257 1.456310
    26 0.144936 -0.145374 7.579252 -1.009636 -0.225479 0.088239
    27 0.091660 -0.906685 4.702850 -0.282720 -0.041963 0.044487
    28 0.506271 8.500866 13.617253 1.656659 0.528723 1.994926
    29 -0.384987 -0.460049 7.003448 -0.643620 -0.346695 0.153315
    30 0.561516 -0.596954 5.061852 -0.531911 -0.214987 0.042020
    31 -2.452171 -8.899406 11.597897 0.194969 -0.525936 0.894206
    32 0.680496 -0.903999 6.074253 -0.629659 0.071387 0.010611
    33 0.245514 -0.661150 3.388004 -0.090098 0.044207 0.022595
    34 -0.717484 -3.784271 13.043911 0.453656 -0.231162 1.078619
    35 1.099216 -1.407745 8.017889 -0.800975 0.000646 0.004616
    36 0.068439 -0.807653 3.686054 -0.198471 -0.038007 0.010334
    37 -4.004929 6.172707 4.754754 1.070482 0.791977 3.515903
    38 0.158352 -1.149811 5.804394 0.205929 -0.131548 0.377460
    39 -1.083523 -1.463142 5.544399 -1.405764 -0.418197 0.214064
    40 -6.289886 0.932434 13.569063 -0.126803 0.612110 2.869610
    41 1.327774 -0.766687 12.396328 0.016513 -0.011406 0.162435
    42 -0.096140 1.828087 23.185329 0.004114 -0.080514 -1.570836
    43 2.325478 -0.000003 6.169296 -0.779384 0.031825 1.524189
    44 0.000000 -3.152912 0.122169 2.347267 0.000000 0.000000
    45 1.068383 -10.478592 7.066338 0.292219 -1.282324 -3.141588
    46 0.000000 0.000000 2.279457 0.547137 -0.343566 0.107833
    47 2.479414 -8.323895 6.074242 -0.108438 1.438021 1.317376
    48 0.000003 -5.075260 5.105362 0.000000 0.000000 0.000000
    49 -1.068383 -10.478611 7.065971 0.292219 1.282324 3.141588
    50 -0.000488 0.000015 2.279600 0.547136 0.343566 0.107835
    51 -2.479401 -8.323895 6.074234 0.003030 1.439863 1.377563
    52 -5.790000 4.432083 14.255558 -2.264960 0.978600 0.409131
    53 1.044540 -2.839314 19.743252 -0.381800 0.386233 -0.095828
    54 -2.655510 -1.533379 24.792648 -0.340276 -0.080057 0.223084
    55 -1.120216 -0.154385 9.795983 -0.052210 0.004824 0.458272
    56 -2.240372 -0.308788 19.592047 -0.182369 -0.463498 1.038968
    57 -0.683205 2.877342 14.167089 1.119742 -0.254887 -1.458234
    58 -0.144958 -0.145317 7.579308 -1.219318 0.278179 -0.093524
    59 -0.038551 -0.936644 4.697678 -0.148756 0.010363 -0.001096
    60 -0.506317 8.500896 13.617329 2.078041 -0.762464 -2.669602
    61 0.385056 -0.460075 7.003435 -1.396234 0.604090 -0.338596
    62 -0.456360 -0.710276 5.057732 -0.674091 0.373945 -0.086269
    63 2.452194 -8.899408 11.597939 0.310626 1.174502 -0.497269
    64 -0.680515 -0.903999 6.074242 -0.727071 -0.091661 -0.030637
    65 -0.248295 -0.666843 3.386627 0.408087 -0.031208 -0.010804
    66 0.717491 -3.784309 13.044010 0.752011 0.483846 -1.011588
    67 -1.099228 -1.407673 8.017876 -1.155164 -0.009841 0.002885
    68 -0.064053 -0.807640 3.686100 0.616242 0.031167 0.014219
    69 4.004906 6.172710 4.754800 1.213023 -0.863791 -3.818656
    70 -0.158381 -1.149773 5.804405 -0.383582 -0.619737 0.186335
    71 1.078559 -2.386406 5.215008 -0.390723 -0.150242 0.308539
    72 6.289963 0.932404 13.569109 -0.126801 -0.612098 -2.869612
    73 -1.327759 -0.766682 12.396324 -0.014738 -0.007253 0.132924
    74 0.000017 -54.999996 0.000000 0.000000 0.000000 -1.570796
  time 56
    0 0.000000 0.000000 -1.500000 0.000000 0.000000 0.000000
    1 -10.521344 -5.760963 66.994621 3.097005 -0.050653 -3.139334
    2 -8.730364 -11.701496 23.046670 -0.521242 0.743515 0.180141
    3 -0.000034 0.000012 24.761454 -0.702964 -0.081628 -0.224758
    4 0.000017 0.000000 24.344809 1.543651 -0.498956 -0.269114
    5 0.002333 -1.019846 24.031336 1.090159 -0.055953 -0.067662
    6 0.000034 0.000008 13.404741 -0.000001 -0.000009 -0.083849
    7 10.398263 -5.760962 66.994675 3.097005 0.050653 3.139334
    8 -4.320611 -20.371472 25.369318 0.539876 -0.249182 0.392918
    9 -0.000004 -0.000006 24.761459 -2.076246 0.240443 -0.665758
    10 -0.000007 0.000004 24.344891 2.443687 0.043333 -0.263627
    11 -0.002360 -1.019903 24.031330 0.389594 -0.042695 -0.017219
    12 0.000000 -0.000002 13.404737 0.000001 0.000005 -0.352722
    13 -0.061540 -5.245835 72.927078 0.000000 0.000000 0.000000
    14 6.774968 -16.241346 -25.015096 0.027312 0.021957 0.043356
    15 0.000000 -0.005608 -1.146812 0.219331 0.065967 -0.468738
    16 0.030770 -0.240000 8.906021 -0.004138 0.000000 0.000000
    17 -0.398426 -1.452313 0.023040 0.185991 -0.044077 -0.057738
    18 0.030770 -0.276858 8.905140 0.056125 0.004134 -0.000049
    19 -0.165333 -1.526515 -0.200400 0.677583 -0.063997 -0.040976
    20 5.669724 4.435303 14.302868 5.013173 -1.384977 -1.374342
    21 -1.044571 -2.839317 19.743267 -0.180193 -0.533314 0.085798
    22 2.655533 -1.533369 24.792658 0.220363 0.052723 0.340571
    23 1.120163 -0.154394 9.796035 -0.067335 -0.011071 -0.600112
    24 2.240311 -0.308786 19.592051 -0.873538 0.702302 -1.889295
    25 0.683151 2.877354 14.167051 1.071292 0.088299 1.440924
    26 0.144936 -0.145374 7.579252 -1.011402 -0.226534 0.088179
    27 0.091660 -0.906685 4.702850 -0.278965 -0.040921 0.039022
    28 0.506271 8.500866 13.617253 1.546918 0.513959 1.901888
    29 -0.384987 -0.460049 7.003448 -0.643442 -0.346431 0.152739
    30 0.561516 -0.596954 5.061852 -0.528698 -0.210876 0.043830
    31 -2.452171 -8.899406 11.597897 0.096699 -0.451727 0.926204
    32 0.680496 -0.903999 6.074253 -0.665984 0.075294 0.011569
    33 0.245514 -0.661150 3.388004 -0.114756 0.049792 0.018724
    34 -0.717484 -3.784271 13.043911 0.363923 -0.233103 1.128653
    35 1.099216 -1.407745 8.017889 -0.805398 0.000838 0.004604
    36 0.068439 -0.807653 3.686054 -0.203197 -0.034376 0.009052
    37 -4.004929 6.172707 4.754754 1.018508 0.775641 3.464426
    38 0.158352 -1.149811 5.804394 0.132530 -0.138079 0.353814
    39 -1.083523 -1.463142 5.544399 -1.420988 -0.414577 0.216909
    40 -6.289886 0.932434 13.569063 -0.126803 0.612110 2.869610
    41 1.327774 -0.766687 12.396328 0.018179 -0.012797 0.179960
    42 -0.096140 1.828087 23.185329 0.004114 -0.080514 -1.570836
    43 2.325478 -0.000003 6.169296 -0.771409 0.021291 1.525547
    44 0.000000 -3.152912 0.122169 2.306743 0.000000 0.000000
    45 1.068383 -10.478592 7.066338 0.292219 -1.282324 -3.141588
    46 0.000000 0.000000 2.279457 0.547137 -0.343566 0.107833
    47 2.479414 -8.323895 6.074242 -0.145275 1.425812 1.105635
    48 0.000003 -5.075260 5.105362 0.000000 0.000000 0.000000
    49 -1.068383 -10.478611 7.065971 0.292219 1.282324 3.141588
    50 -0.000488 0.000015 2.279600 0.547136 0.343566 0.107835
    51 -2.479401 -8.323895 6.074234 -0.047380 1.429232 1.156728
    52 -5.790000 4.432083 14.255558 -2.388041 1.005308 0.358828
    53 1.044540 -2.839314 19.743252 -0.463058 0.459453 -0.113872
    54 -2.655510 -1.533379 24.792648 -0.309678 -0.082335 0.304418
    55 -1.120216 -0.154385 9.795983 -0.039722 0.001432 0.346191
    56 -2.240372 -0.308788 19.592047 -0.158848 -0.571119 0.842983
    57 -0.683205 2.877342 14.167089 1.059801 -0.242133 -1.441165
    58 -0.144958 -0.145317 7.579308 -1.199592 0.275494 -0.086453
    59 -0.038551 -0.936644 4.697678 -0.116606 0.002058 -0.001300
    60 -0.506317 8.500896 13.617329 1.949445 -0.742592 -2.565950
    61 0.385056 -0.460075 7.003435 -1.332564 0.596351 -0.307863
    62 -0.456360 -0.710276 5.057732 -0.638675 0.355424 -0.075720
    63 2.452194 -8.899408 11.597939 0.219511 1.144391 -0.598346
    64 -0.680515 -0.903999 6.074242 -0.731491 -0.090115 -0.027377
    65 -0.248295 -0.666843 3.386627 0.370161 -0.032838 -0.007652
    66 0.717491 -3.784309 13.044010 0.721622 0.476439 -1.030649
    67 -1.099228 -1.407673 8.017876 -1.159871 -0.010045 0.004623
    68 -0.064053 -0.807640 3.686100 0.588275 0.030592 0.014902
    69 4.004906 6.172710 4.754800 1.207678 -0.745514 -3.816691
    70 -0.158381 -1.149773 5.804405 -0.344516 -0.615767 0.231930
    71 1.078559 -2.386406 5.215008 -0.445569 -0.101568 0.348985
    72 6.289963 0.932404 13.569109 -0.126801 -0.612098 -2.869612
    73 -1.327759 -0.766682 12.396324 -0.019197 -0.008979 0.171509
    74 0.000017 -54.999996 0.000000 0.000000 0.000000 -1.570796
  time 57
    0 0.000000 0.000000 -1.500000 0.000000 0.000000 0.000000
    1 -10.521344 -5.760963 66.994621 3.097005 -0.050653 -3.139334
    2 -7.331884 -8.190277 22.239387 -0.394305 0.699257 0.264550
    3 -0.000034 0.000012 24.761454 -0.823576 -0.095602 -0.257658
    4 0.000017 0.000000 24.344809 1.662075 -0.398344 -0.248220
    5 0.002333 -1.019846 24.031336 1.003021 -0.056253 -0.046197
    6 0.000034 0.000008 13.404741 -0.000001 -0.000009 -0.104415
    7 10.398263 -5.760962 66.994675 3.097005 0.050653 3.139334
    8 -2.965101 -17.136725 23.683305 0.646940 -0.350583 0.367668
    9 -0.000004 -0.000006 24.761459 -2.055347 0.238022 -0.660123
    10 -0.000007 0.000004 24.344891 2.288728 0.063242 -0.220686
    11 -0.002360 -1.019903 24.031330 0.389594 -0.042695 -0.017219
    12 0.000000 -0.000002 13.404737 0.000001 0.000005 -0.348106
    13 -0.061540 -5.245835 72.927078 0.000000 0.000000 0.000000
    14 5.310080 -12.549661 -23.573105 -0.034168 0.013630 0.030985
    15 0.000000 -0.005608 -1.146812 0.219331 0.065967 -0.468738
    16 0.030770 -0.240000 8.906021 -0.004138 0.000000 0.000000
    17 -0.324205 -1.546066 -0.019930 0.205688 -0.026175 -0.083296
    18 0.030770 -0.276858 8.905140 0.056125 0.004134 -0.000049
    19 -0.098925 -1.397604 -0.157430 0.619677 -0.038406 -0.027997
    20 5.669724 4.435303 14.302868 4.657818 -1.466827 -1.035187
    21 -1.044571 -2.839317 19.743267 -0.208959 -0.653546 0.097924
    22 2.655533 -1.533369 24.792658 0.067694 0.045998 0.345585
    23 1.120163 -0.154394 9.796035 -0.062157 -0.008638 -0.550614
    24 2.240311 -0.308786 19.592051 -0.549196 0.650179 -1.489159
    25 0.683151 2.877354 14.167051 0.815274 0.056624 1.407105
    26 0.144936 -0.145374 7.579252 -1.079845 -0.231268 0.101602
    27 0.091660 -0.906685 4.702850 -0.322647 -0.047357 0.035774
    28 0.506271 8.500866 13.617253 1.234801 0.504776 1.731438
    29 -0.384987 -0.460049 7.003448 -0.695196 -0.361771 0.168319
    30 0.561516 -0.596954 5.061852 -0.574253 -0.227643 0.058008
    31 -2.452171 -8.899406 11.597897 -0.057719 -0.404426 0.966658
    32 0.680496 -0.903999 6.074253 -0.767223 0.086308 0.013547
    33 0.245514 -0.661150 3.388004 -0.200340 0.060410 0.012528
    34 -0.717484 -3.784271 13.043911 0.148430 -0.242403 1.195267
    35 1.099216 -1.407745 8.017889 -0.876648 0.003690 0.004137
    36 0.068439 -0.807653 3.686054 -0.270966 -0.027820 0.009399
    37 -4.004929 6.172707 4.754754 0.922756 0.817045 3.370752
    38 0.158352 -1.149811 5.804394 0.039129 -0.147149 0.325231
    39 -1.083523 -1.463142 5.544399 -1.465040 -0.408357 0.224313
    40 -6.289886 0.932434 13.569063 -0.126803 0.612110 2.869610
    41 1.327774 -0.766687 12.396328 0.018562 -0.013132 0.184128
    42 -0.096140 1.828087 23.185329 0.004114 -0.080514 -1.570836
    43 2.325478 -0.000003 6.169296 -0.759472 0.019902 1.555840
    44 0.000000 -3.152912 0.122169 2.259286 0.000000 0.000000
    45 1.068383 -10.478592 7.066338 0.292219 -1.282324 -3.141588
    46 0.000000 0.000000 2.279457 0.547137 -0.343566 0.107833
    47 2.479414 -8.323895 6.074242 -0.080382 1.347154 1.255582
    48 0.000003 -5.075260 5.105362 0.000000 0.000000 0.000000
    49 -1.068383 -10.478611 7.065971 0.292219 1.282324 3.141588
    50 -0.000488 0.000015 2.279600 0.547136 0.343566 0.107835
    51 -2.479401 -8.323895 6.074234 -0.010969 1.349897 1.296606
    52 -5.790000 4.432083 14.255558 -2.440188 1.106284 0.298848
    53 1.044540 -2.839314 19.743252 -0.521887 0.560231 -0.146204
    54 -2.655510 -1.533379 24.792648 -0.381845 -0.084523 0.379012
    55 -1.120216 -0.154385 9.795983 -0.031992 0.000066 0.278072
    56 -2.240372 -0.308788 19.592047 -0.046970 -0.475874 0.640641
    57 -0.683205 2.877342 14.167089 0.793903 -0.175674 -1.388777
    58 -0.144958 -0.145317 7.579308 -1.211199 0.276861 -0.087724
    59 -0.038551 -0.936644 4.697678 -0.222426 0.029334 -0.001659
    60 -0.506317 8.500896 13.617329 1.529639 -0.772894 -2.224576
    61 0.385056 -0.460075 7.003435 -1.246792 0.584416 -0.268171
    62 -0.456360 -0.710276 5.057732 -0.692649 0.376662 -0.094694
    63 2.452194 -8.899408 11.597939 -0.065893 1.029359 -0.809771
    64 -0.680515 -0.903999 6.074242 -0.838694 -0.102387 -0.026275
    65 -0.248295 -0.666843 3.386627 0.157508 -0.051797 -0.004859
    66 0.717491 -3.784309 13.044010 0.438754 0.457695 -1.126166
    67 -1.099228 -1.407673 8.017876 -1.207952 -0.011411 0.005941
    68 -0.064053 -0.807640 3.686100 0.394700 0.026949 0.009425
    69 4.004906 6.172710 4.754800 1.159943 -0.735212 -3.721566
    70 -0.158381 -1.149773 5.804405 -0.330878 -0.496274 0.214993
    71 1.078559 -2.386406 5.215008 -0.617177 0.085625 0.319098
    72 6.289963 0.932404 13.569109 -0.126801 -0.612098 -2.869612
    73 -1.327759 -0.766682 12.396324 -0.024506 -0.010813 0.216941
    74 0.000017 -54.999996 0.000000 0.000000 0.000000 -1.570796
  time 58
    0 0.000000 0.000000 -1.500000 0.000000 0.000000 0.000000
    1 -10.521344 -5.760963 66.994621 3.097005 -0.050653 -3.139334
    2 -5.613081 -3.426804 20.176329 -0.227948 0.621820 0.334236
    3 -0.000034 0.000012 24.761454 -0.974636 -0.113100 -0.251957
    4 0.000017 0.000000 24.344809 1.723846 -0.285736 -0.212160
    5 0.002333 -1.019846 24.031336 0.936305 -0.052573 -0.025884
    6 0.000034 0.000008 13.404741 -0.000001 -0.000009 -0.121311
    7 10.398263 -5.760962 66.994675 3.097005 0.050653 3.139334
    8 -1.355677 -12.628062 21.277927 0.763303 -0.484248 0.335899
    9 -0.000004 -0.000006 24.761459 -1.976426 0.228914 -0.672828
    10 -0.000007 0.000004 24.344891 2.062258 0.081463 -0.163348
    11 -0.002360 -1.019903 24.031330 0.389594 -0.042695 -0.017219
    12 0.000000 -0.000002 13.404737 0.000001 0.000005 -0.356200
    13 -0.061540 -5.245835 72.927078 0.000000 0.000000 0.000000
    14 3.591277 -8.019486 -21.139746 -0.037209 0.006610 0.016932
    15 0.000000 -0.005608 -1.146812 0.219331 0.065967 -0.468738
    16 0.030770 -0.240000 8.906021 -0.004138 0.000000 0.000000
    17 -0.339831 -1.776542 -0.133215 0.253499 -0.019680 -0.112886
    18 0.030770 -0.276858 8.905140 0.056125 0.004134 -0.000049
    19 0.026079 -1.128065 -0.079303 0.516124 0.009237 -0.012034
    20 5.669724 4.435303 14.302868 3.357561 -1.488567 0.253487
    21 -1.044571 -2.839317 19.743267 -0.232098 -0.800809 0.117580
    22 2.655533 -1.533369 24.792658 -0.168036 0.056527 0.175592
    23 1.120163 -0.154394 9.796035 -0.051791 -0.004671 -0.454447
    24 2.240311 -0.308786 19.592051 -0.217368 0.397390 -1.010293
    25 0.683151 2.877354 14.167051 0.386730 -0.014061 1.372961
    26 0.144936 -0.145374 7.579252 -1.253904 -0.240149 0.136046
    27 0.091660 -0.906685 4.702850 -0.440779 -0.066532 0.031388
    28 0.506271 8.500866 13.617253 0.711106 0.416852 1.500524
    29 -0.384987 -0.460049 7.003448 -0.833882 -0.397078 0.213333
    30 0.561516 -0.596954 5.061852 -0.697599 -0.267672 0.098060
    31 -2.452171 -8.899406 11.597897 -0.292435 -0.376085 1.022332
    32 0.680496 -0.903999 6.074253 -0.955506 0.107090 0.014194
    33 0.245514 -0.661150 3.388004 -0.368633 0.080688 -0.002561
    34 -0.717484 -3.784271 13.043911 -0.211783 -0.234673 1.281920
    35 1.099216 -1.407745 8.017889 -1.053063 0.010390 0.002303
    36 0.068439 -0.807653 3.686054 -0.439482 -0.012516 0.008884
    37 -4.004929 6.172707 4.754754 0.778454 0.898429 3.218903
    38 0.158352 -1.149811 5.804394 -0.079615 -0.163762 0.285094
    39 -1.083523 -1.463142 5.544399 -1.537761 -0.396265 0.235403
    40 -6.289886 0.932434 13.569063 -0.126803 0.612110 2.869610
    41 1.327774 -0.766687 12.396328 0.009933 -0.006397 0.095648
    42 -0.096140 1.828087 23.185329 0.004114 -0.080514 -1.570836
    43 2.325478 -0.000003 6.169296 -0.747868 0.024807 1.613274
    44 0.000000 -3.152912 0.122169 2.154900 0.000000 0.000000
    45 1.068383 -10.478592 7.066338 0.292219 -1.282324 -3.141588
    46 0.000000 0.000000 2.279457 0.547137 -0.343566 0.107833
    47 2.479414 -8.323895 6.074242 -0.025058 1.035857 1.442682
    48 0.000003 -5.075260 5.105362 0.000000 0.000000 0.000000
    49 -1.068383 -10.478611 7.065971 0.292219 1.282324 3.141588
    50 -0.000488 0.000015 2.279600 0.547136 0.343566 0.107835
    51 -2.479401 -8.323895 6.074234 0.008010 1.037237 1.469921
    52 -5.790000 4.432083 14.255558 -2.517449 1.246679 0.169976
    53 1.044540 -2.839314 19.743252 -0.571477 0.667199 -0.190946
    54 -2.655510 -1.533379 24.792648 -0.487931 -0.087215 0.452698
    55 -1.120216 -0.154385 9.795983 -0.024657 -0.000737 0.214224
    56 -2.240372 -0.308788 19.592047 0.007174 -0.217267 0.449468
    57 -0.683205 2.877342 14.167089 0.318187 -0.017684 -1.345007
    58 -0.144958 -0.145317 7.579308 -1.290594 0.286017 -0.105593
    59 -0.038551 -0.936644 4.697678 -0.514245 0.102333 -0.017431
    60 -0.506317 8.500896 13.617329 0.768092 -0.643098 -1.657475
    61 0.385056 -0.460075 7.003435 -1.173194 0.571122 -0.235984
    62 -0.456360 -0.710276 5.057732 -0.862540 0.440160 -0.158496
    63 2.452194 -8.899408 11.597939 -0.462512 0.795717 -1.023316
    64 -0.680515 -0.903999 6.074242 -1.067168 -0.130323 -0.022547
    65 -0.248295 -0.666843 3.386627 -0.236822 -0.086097 0.008096
    66 0.717491 -3.784309 13.044010 -0.120106 0.384577 -1.283194
    67 -1.099228 -1.407673 8.017876 -1.314312 -0.014491 0.007691
    68 -0.064053 -0.807640 3.686100 0.013739 0.017241 -0.000379
    69 4.004906 6.172710 4.754800 0.989634 -0.875807 -3.451662
    70 -0.158381 -1.149773 5.804405 -0.370502 -0.248033 0.193837
    71 1.078559 -2.386406 5.215008 -0.878795 0.409282 0.198125
    72 6.289963 0.932404 13.569109 -0.126801 -0.612098 -2.869612
    73 -1.327759 -0.766682 12.396324 -0.030055 -0.012431 0.263807
    74 0.000017 -54.999996 0.000000 0.000000 0.000000 -1.570796
  time 59
    0 0.000000 0.000000 -1.500000 0.000000 0.000000 0.000000
    1 -10.521344 -5.760963 66.994621 3.097005 -0.050653 -3.139334
    2 -4.156006 0.759650 18.045998 -0.098689 0.547473 0.376833
    3 -0.000034 0.000012 24.761454 -1.072076 -0.124365 -0.239213
    4 0.000017 0.000000 24.344809 1.730997 -0.201195 -0.171281
    5 0.002333 -1.019846 24.031336 0.893707 -0.047899 -0.010999
    6 0.000034 0.000008 13.404741 -0.000001 -0.000009 -0.133840
    7 10.398263 -5.760962 66.994675 3.097005 0.050653 3.139334
    8 -0.015792 -8.643953 19.119831 0.825920 -0.593624 0.317828
    9 -0.000004 -0.000006 24.761459 -1.865441 0.216115 -0.701107
    10 -0.000007 0.000004 24.344891 1.861088 0.093284 -0.116266
    11 -0.002360 -1.019903 24.031330 0.389594 -0.042695 -0.017219
    12 0.000000 -0.000002 13.404737 0.000001 0.000005 -0.372753
    13 -0.061540 -5.245835 72.927078 0.000000 0.000000 0.000000
    14 2.157640 -4.164761 -18.796512 -0.014806 0.001793 0.005102
    15 0.000000 -0.005608 -1.146812 0.219331 0.065967 -0.468738
    16 0.030770 -0.240000 8.906021 -0.004138 0.000000 0.000000
    17 -0.394520 -2.018737 -0.238687 0.303079 -0.020591 -0.133053
    18 0.030770 -0.276858 8.905140 0.056125 0.004134 -0.000049
    19 0.154989 -0.862432 -0.016801 0.416431 0.055708 -0.005178
    20 5.669724 4.435303 14.302868 2.773182 -1.417640 0.828392
    21 -1.044571 -2.839317 19.743267 -0.347452 -0.807541 0.161574
    22 2.655533 -1.533369 24.792658 -0.395260 0.075625 -0.099372
    23 1.120163 -0.154394 9.796035 -0.041352 -0.001783 -0.360660
    24 2.240311 -0.308786 19.592051 -0.128024 0.073921 -0.725046
    25 0.683151 2.877354 14.167051 -0.021900 -0.091002 1.371538
    26 0.144936 -0.145374 7.579252 -1.479958 -0.244894 0.180580
    27 0.091660 -0.906685 4.702850 -0.608407 -0.095618 0.034695
    28 0.506271 8.500866 13.617253 0.252936 0.255613 1.366007
    29 -0.384987 -0.460049 7.003448 -1.042889 -0.434937 0.287770
    30 0.561516 -0.596954 5.061852 -0.886992 -0.315647 0.163304
    31 -2.452171 -8.899406 11.597897 -0.509431 -0.356009 1.063672
    32 0.680496 -0.903999 6.074253 -1.159452 0.129033 0.010730
    33 0.245514 -0.661150 3.388004 -0.555672 0.099036 -0.022084
    34 -0.717484 -3.784271 13.043911 -0.552108 -0.202974 1.346967
    35 1.099216 -1.407745 8.017889 -1.266811 0.018252 -0.001940
    36 0.068439 -0.807653 3.686054 -0.645632 0.003124 0.005468
    37 -4.004929 6.172707 4.754754 0.632711 0.967332 3.053275
    38 0.158352 -1.149811 5.804394 -0.187509 -0.183369 0.249476
    39 -1.083523 -1.463142 5.544399 -1.611843 -0.383310 0.245389
    40 -6.289886 0.932434 13.569063 -0.126803 0.612110 2.869610
    41 1.327774 -0.766687 12.396328 -0.006689 0.003598 -0.061377
    42 -0.096140 1.828087 23.185329 0.004114 -0.080514 -1.570836
    43 2.325478 -0.000003 6.169296 -0.740181 0.030595 1.668993
    44 0.000000 -3.152912 0.122169 2.050514 0.000000 0.000000
    45 1.068383 -10.478592 7.066338 0.292219 -1.282324 -3.141588
    46 0.000000 0.000000 2.279457 0.547137 -0.343566 0.107833
    47 2.479414 -8.323895 6.074242 -0.010541 0.372643 1.534274
    48 0.000003 -5.075260 5.105362 0.000000 0.000000 0.000000
    49 -1.068383 -10.478611 7.065971 0.292219 1.282324 3.141588
    50 -0.000488 0.000015 2.279600 0.547136 0.343566 0.107835
    51 -2.479401 -8.323895 6.074234 0.008292 0.372793 1.554423
    52 -5.790000 4.432083 14.255558 -2.704084 1.363065 -0.081827
    53 1.044540 -2.839314 19.743252 -0.607487 0.738723 -0.228149
    54 -2.655510 -1.533379 24.792648 -0.582845 -0.090010 0.500408
    55 -1.120216 -0.154385 9.795983 -0.019192 -0.001037 0.166889
    56 -2.240372 -0.308788 19.592047 -0.025740 0.045152 0.334506
    57 -0.683205 2.877342 14.167089 -0.144561 0.140525 -1.378209
    58 -0.144958 -0.145317 7.579308 -1.435705 0.298792 -0.140360
    59 -0.038551 -0.936644 4.697678 -0.873965 0.180077 -0.064303
    60 -0.506317 8.500896 13.617329 0.202795 -0.299814 -1.374060
    61 0.385056 -0.460075 7.003435 -1.205871 0.573495 -0.253869
    62 -0.456360 -0.710276 5.057732 -1.131198 0.514827 -0.274988
    63 2.452194 -8.899408 11.597939 -0.786607 0.548251 -1.132496
    64 -0.680515 -0.903999 6.074242 -1.303673 -0.157971 -0.012696
    65 -0.248295 -0.666843 3.386627 -0.626990 -0.112919 0.032305
    66 0.717491 -3.784309 13.044010 -0.648329 0.264300 -1.383609
    67 -1.099228 -1.407673 8.017876 -1.449644 -0.018206 0.010099
    68 -0.064053 -0.807640 3.686100 -0.387481 0.003842 -0.006311
    69 4.004906 6.172710 4.754800 0.664826 -1.010447 -3.059699
    70 -0.158381 -1.149773 5.804405 -0.425229 0.003685 0.219330
    71 1.078559 -2.386406 5.215008 -1.133437 0.720779 0.043246
    72 6.289963 0.932404 13.569109 -0.126801 -0.612098 -2.869612
    73 -1.327759 -0.766682 12.396324 -0.033662 -0.013318 0.293972
    74 0.000017 -54.999996 0.000000 0.000000 0.000000 -1.570796
end
