// Created by Crowbar 0.74
version 1
nodes
  0 "root" -1
  1 "g_r_hip_offset" 0
  2 "g_r_hip" 1
  3 "g_r_knee" 2
  4 "g_r_ankle" 3
  5 "g_r_ball" 4
  6 "g_r_thightwist" 2
  7 "g_l_hip_offset" 0
  8 "g_l_hip" 7
  9 "g_l_knee" 8
  10 "g_l_ankle" 9
  11 "g_l_ball" 10
  12 "g_l_thightwist" 8
  13 "g_spine01_offset" 0
  14 "g_spine01" 13
  15 "g_pelvis" 14
  16 "g_spine02_offset" 14
  17 "g_spine02" 16
  18 "g_spine03_offset" 17
  19 "g_spine03" 18
  20 "g_l_clavical" 19
  21 "g_l_shoulder" 20
  22 "g_l_elbow" 21
  23 "g_l_forarm" 22
  24 "g_l_wrist" 22
  25 "g_l_birdy1" 24
  26 "g_l_birdy2" 25
  27 "g_l_birdy3" 26
  28 "g_l_index1" 24
  29 "g_l_index2" 28
  30 "g_l_index3" 29
  31 "g_l_pinky1" 24
  32 "g_l_pinky2" 31
  33 "g_l_pinky3" 32
  34 "g_l_ring1" 24
  35 "g_l_ring2" 34
  36 "g_l_ring3" 35
  37 "g_l_thumb1" 24
  38 "g_l_thumb2" 37
  39 "g_l_thumb3" 38
  40 "g_l_palm" 24
  41 "g_l_biceptwist" 21
  42 "g_neck" 19
  43 "g_head" 42
  44 "g_jaw" 43
  45 "g_l_brow" 43
  46 "g_l_brow2" 45
  47 "g_l_eye" 43
  48 "g_topeyelid" 43
  49 "g_r_brow" 43
  50 "g_r_brow2" 49
  51 "g_r_eye" 43
  52 "g_r_clavical" 19
  53 "g_r_shoulder" 52
  54 "g_r_elbow" 53
  55 "g_r_forarm" 54
  56 "g_r_wrist" 54
  57 "g_r_birdy1" 56
  58 "g_r_birdy2" 57
  59 "g_r_birdy3" 58
  60 "g_r_index1" 56
  61 "g_r_index2" 60
  62 "g_r_index3" 61
  63 "g_r_pinky1" 56
  64 "g_r_pinky2" 63
  65 "g_r_pinky3" 64
  66 "g_r_ring1" 56
  67 "g_r_ring2" 66
  68 "g_r_ring3" 67
  69 "g_r_thumb1" 56
  70 "g_r_thumb2" 69
  71 "g_r_thumb3" 70
  72 "g_r_palm" 56
  73 "g_r_biceptwist" 53
  74 "g_throwable_attach_offset" 0
end
skeleton
  time 0
    0 0.000000 0.000000 -1.500000 0.000000 0.000000 0.000000
    1 -10.521344 -5.760963 66.994621 3.097007 -0.050786 -3.139334
    2 -0.648086 12.177252 12.910778 0.562708 0.847757 0.469238
    3 -0.000034 0.000012 24.761454 -1.174680 -0.136230 0.194191
    4 0.000017 0.000000 24.344809 1.190229 -0.536213 -0.467200
    5 0.002333 -1.019846 24.031336 0.823220 -0.069795 -0.046689
    6 0.000034 0.000008 13.404741 -0.000001 0.000003 -0.139978
    7 10.398263 -5.760962 66.994675 3.097007 0.050786 3.139334
    8 2.007707 6.130973 7.497582 0.411655 -0.521560 0.258168
    9 -0.000004 -0.000006 24.761459 -0.928836 0.107810 -0.425598
    10 -0.000007 0.000004 24.344891 1.375492 0.253203 0.119605
    11 -0.002360 -1.019903 24.031330 0.389594 -0.042695 -0.017219
    12 0.000000 -0.000002 13.404737 0.000001 0.000005 -0.200869
    13 -0.061540 -5.245835 72.927078 0.000000 0.000000 0.000000
    14 -2.201868 8.936645 -10.076976 0.515601 -0.121048 -0.282074
    15 0.000000 -0.005608 -1.146812 -0.416193 -0.123241 0.033434
    16 0.030770 -0.240000 8.906021 -0.004138 0.000000 0.000000
    17 0.562540 -2.624224 -0.496507 0.396261 -0.191269 0.542663
    18 0.030770 -0.276858 8.905140 0.056125 0.004134 -0.000049
    19 0.639379 -0.460076 0.018356 0.290537 0.188291 0.080499
    20 5.669724 4.435303 14.302868 0.271914 -1.230474 3.312302
    21 -1.044571 -2.839317 19.743267 -0.084945 -0.453525 0.070964
    22 2.655533 -1.533369 24.792658 -1.350375 0.142872 -0.199573
    23 1.120163 -0.154394 9.796035 -0.024993 0.000710 -0.217030
    24 2.240311 -0.308786 19.592051 -0.418597 0.348259 -0.424884
    25 0.683151 2.877354 14.167051 -1.496833 -0.211811 1.551636
    26 0.144936 -0.145374 7.579252 -1.746343 -0.243660 0.231215
    27 0.091660 -0.906685 4.702850 -1.565973 -0.182528 0.186948
    28 0.506271 8.500866 13.617253 -1.455778 -0.301648 1.565924
    29 -0.384987 -0.460049 7.003448 -1.724306 -0.443413 0.542974
    30 0.561516 -0.596954 5.061852 -1.471594 -0.380461 0.377637
    31 -2.452171 -8.899406 11.597897 -1.550510 -0.077769 1.476681
    32 0.680496 -0.903999 6.074253 -1.606764 0.172086 -0.012699
    33 0.245514 -0.661150 3.388004 -1.463210 0.110102 -0.097570
    34 -0.717484 -3.784271 13.043911 -1.579568 -0.030707 1.465659
    35 1.099216 -1.407745 8.017889 -1.760968 0.031572 -0.016693
    36 0.068439 -0.807653 3.686054 -1.444681 0.033445 -0.009141
    37 -4.004929 6.172707 4.754754 0.404908 0.945837 2.879801
    38 0.158352 -1.149811 5.804394 -1.000997 -0.363150 0.139351
    39 -1.083523 -1.463142 5.544399 -0.931655 -0.172887 -0.034976
    40 -6.289886 0.932434 13.569063 -0.126803 0.612110 2.869610
    41 1.327774 -0.766687 12.396328 -0.018638 0.008776 -0.166881
    42 -0.096140 1.828087 23.185329 -0.047712 -0.422921 -1.397034
    43 2.325478 -0.000003 6.169296 0.220365 0.071846 0.965014
    44 0.000000 -3.152912 0.122169 2.242994 0.000000 0.000000
    45 1.068383 -10.478592 7.066338 0.292219 -1.282324 -3.141588
    46 0.000000 0.000000 2.279457 0.547137 -0.343566 0.107833
    47 2.479414 -8.323895 6.074242 0.023768 0.639703 4.454808
    48 0.000003 -5.075260 5.105362 0.000000 0.000000 0.000000
    49 -1.068383 -10.478611 7.065971 0.292219 1.282324 3.141588
    50 -0.000488 0.000015 2.279600 0.547136 0.343566 0.107835
    51 -2.479401 -8.323895 6.074234 0.003492 0.633855 4.441563
    52 -5.790000 4.432083 14.255558 -5.138773 1.190314 -2.028123
    53 1.044540 -2.839314 19.743252 -0.391596 0.461022 -0.107966
    54 -2.655510 -1.533379 24.792648 -0.961193 -0.065238 -0.443569
    55 -1.120216 -0.154385 9.795983 -0.016508 -0.001073 0.143357
    56 -2.240372 -0.308788 19.592047 0.181901 -0.024153 0.304090
    57 -0.683205 2.877342 14.167089 -1.496837 0.211808 -1.551636
    58 -0.144958 -0.145317 7.579308 -1.750136 0.309416 -0.218605
    59 -0.038551 -0.936644 4.697678 -1.564181 0.260959 -0.213038
    60 -0.506317 8.500896 13.617329 -1.455778 0.301648 -1.565920
    61 0.385056 -0.460075 7.003435 -1.752537 0.589568 -0.525903
    62 -0.456360 -0.710276 5.057732 -1.462235 0.563664 -0.435255
    63 2.452194 -8.899408 11.597939 -1.550510 0.077767 -1.476679
    64 -0.680515 -0.903999 6.074242 -1.606694 -0.187975 0.009304
    65 -0.248295 -0.666843 3.386627 -1.463934 -0.128175 0.106473
    66 0.717491 -3.784309 13.044010 -1.579583 0.030713 -1.465679
    67 -1.099228 -1.407673 8.017876 -1.761109 -0.025112 0.018018
    68 -0.064053 -0.807640 3.686100 -1.444785 -0.030829 0.005648
    69 4.004906 6.172710 4.754800 0.404816 -0.945828 -2.879778
    70 -0.158381 -1.149773 5.804405 -0.909523 0.606891 0.245952
    71 1.078559 -2.386406 5.215008 -0.797001 0.468492 0.170295
    72 6.289963 0.932404 13.569109 -0.126801 -0.612098 -2.869612
    73 -1.327759 -0.766682 12.396324 0.015726 0.010760 -0.154195
    74 0.000017 -54.999996 0.000000 0.000000 0.000000 -1.570796
  time 1
    0 0.000000 0.000000 -1.500000 0.000000 0.000000 0.000000
    1 -10.521344 -5.760963 66.994621 3.097007 -0.050786 -3.139334
    2 -0.648086 12.177252 12.910778 0.562708 0.847757 0.469238
    3 -0.000034 0.000012 24.761454 -1.174680 -0.136230 0.194191
    4 0.000017 0.000000 24.344809 1.190229 -0.536213 -0.467200
    5 0.002333 -1.019846 24.031336 0.823220 -0.069795 -0.046689
    6 0.000034 0.000008 13.404741 -0.000001 0.000003 -0.139978
    7 10.398263 -5.760962 66.994675 3.097007 0.050786 3.139334
    8 2.007707 6.130973 7.497582 0.411655 -0.521560 0.258168
    9 -0.000004 -0.000006 24.761459 -0.928836 0.107810 -0.425598
    10 -0.000007 0.000004 24.344891 1.375492 0.253203 0.119605
    11 -0.002360 -1.019903 24.031330 0.389594 -0.042695 -0.017219
    12 0.000000 -0.000002 13.404737 0.000001 0.000005 -0.200869
    13 -0.061540 -5.245835 72.927078 0.000000 0.000000 0.000000
    14 -2.201868 8.936645 -10.076976 0.515601 -0.121048 -0.282074
    15 0.000000 -0.005608 -1.146812 -0.416193 -0.123241 0.033434
    16 0.030770 -0.240000 8.906021 -0.004138 0.000000 0.000000
    17 0.562540 -2.624224 -0.496507 0.396261 -0.191269 0.542663
    18 0.030770 -0.276858 8.905140 0.056125 0.004134 -0.000049
    19 0.639379 -0.460076 0.018356 0.290537 0.188291 0.080499
    20 5.669724 4.435303 14.302868 0.271914 -1.230474 3.312302
    21 -1.044571 -2.839317 19.743267 -0.084945 -0.453525 0.070964
    22 2.655533 -1.533369 24.792658 -1.350375 0.142872 -0.199573
    23 1.120163 -0.154394 9.796035 -0.024993 0.000710 -0.217030
    24 2.240311 -0.308786 19.592051 -0.418597 0.348259 -0.424884
    25 0.683151 2.877354 14.167051 -1.496833 -0.211811 1.551636
    26 0.144936 -0.145374 7.579252 -1.746343 -0.243660 0.231215
    27 0.091660 -0.906685 4.702850 -1.565973 -0.182528 0.186948
    28 0.506271 8.500866 13.617253 -1.455778 -0.301648 1.565924
    29 -0.384987 -0.460049 7.003448 -1.724306 -0.443413 0.542974
    30 0.561516 -0.596954 5.061852 -1.471594 -0.380461 0.377637
    31 -2.452171 -8.899406 11.597897 -1.550510 -0.077769 1.476681
    32 0.680496 -0.903999 6.074253 -1.606764 0.172086 -0.012699
    33 0.245514 -0.661150 3.388004 -1.463210 0.110102 -0.097570
    34 -0.717484 -3.784271 13.043911 -1.579568 -0.030707 1.465659
    35 1.099216 -1.407745 8.017889 -1.760968 0.031572 -0.016693
    36 0.068439 -0.807653 3.686054 -1.444681 0.033445 -0.009141
    37 -4.004929 6.172707 4.754754 0.404908 0.945837 2.879801
    38 0.158352 -1.149811 5.804394 -1.000997 -0.363150 0.139351
    39 -1.083523 -1.463142 5.544399 -0.931655 -0.172887 -0.034976
    40 -6.289886 0.932434 13.569063 -0.126803 0.612110 2.869610
    41 1.327774 -0.766687 12.396328 -0.018638 0.008776 -0.166881
    42 -0.096140 1.828087 23.185329 -0.047712 -0.422921 -1.397034
    43 2.325478 -0.000003 6.169296 0.220365 0.071846 0.965014
    44 0.000000 -3.152912 0.122169 2.242994 0.000000 0.000000
    45 1.068383 -10.478592 7.066338 0.292219 -1.282324 -3.141588
    46 0.000000 0.000000 2.279457 0.547137 -0.343566 0.107833
    47 2.479414 -8.323895 6.074242 0.023768 0.639703 4.454808
    48 0.000003 -5.075260 5.105362 0.000000 0.000000 0.000000
    49 -1.068383 -10.478611 7.065971 0.292219 1.282324 3.141588
    50 -0.000488 0.000015 2.279600 0.547136 0.343566 0.107835
    51 -2.479401 -8.323895 6.074234 0.003492 0.633855 4.441563
    52 -5.790000 4.432083 14.255558 -5.138773 1.190314 -2.028123
    53 1.044540 -2.839314 19.743252 -0.391596 0.461022 -0.107966
    54 -2.655510 -1.533379 24.792648 -0.961193 -0.065238 -0.443569
    55 -1.120216 -0.154385 9.795983 -0.016508 -0.001073 0.143357
    56 -2.240372 -0.308788 19.592047 0.181901 -0.024153 0.304090
    57 -0.683205 2.877342 14.167089 -1.496837 0.211808 -1.551636
    58 -0.144958 -0.145317 7.579308 -1.750136 0.309416 -0.218605
    59 -0.038551 -0.936644 4.697678 -1.564181 0.260959 -0.213038
    60 -0.506317 8.500896 13.617329 -1.455778 0.301648 -1.565920
    61 0.385056 -0.460075 7.003435 -1.752537 0.589568 -0.525903
    62 -0.456360 -0.710276 5.057732 -1.462235 0.563664 -0.435255
    63 2.452194 -8.899408 11.597939 -1.550510 0.077767 -1.476679
    64 -0.680515 -0.903999 6.074242 -1.606694 -0.187975 0.009304
    65 -0.248295 -0.666843 3.386627 -1.463934 -0.128175 0.106473
    66 0.717491 -3.784309 13.044010 -1.579583 0.030713 -1.465679
    67 -1.099228 -1.407673 8.017876 -1.761109 -0.025112 0.018018
    68 -0.064053 -0.807640 3.686100 -1.444785 -0.030829 0.005648
    69 4.004906 6.172710 4.754800 0.404816 -0.945828 -2.879778
    70 -0.158381 -1.149773 5.804405 -0.909523 0.606891 0.245952
    71 1.078559 -2.386406 5.215008 -0.797001 0.468492 0.170295
    72 6.289963 0.932404 13.569109 -0.126801 -0.612098 -2.869612
    73 -1.327759 -0.766682 12.396324 0.015726 0.010760 -0.154195
    74 0.000017 -54.999996 0.000000 0.000000 0.000000 -1.570796
  time 2
    0 0.000000 0.000000 -1.500000 0.000000 0.000000 0.000000
    1 -10.521344 -5.760963 66.994621 3.097007 -0.050786 -3.139334
    2 -0.753558 12.705163 15.624147 0.762951 0.825851 0.609002
    3 -0.000034 0.000012 24.761454 -1.314235 -0.152373 0.070856
    4 0.000017 0.000000 24.344809 1.258657 -0.538137 -0.527330
    5 0.002333 -1.019846 24.031336 0.843082 -0.063959 -0.038611
    6 0.000034 0.000008 13.404741 -0.000001 0.000003 -0.230005
    7 10.398263 -5.760962 66.994675 3.097007 0.050786 3.139334
    8 2.499910 5.406590 10.689766 0.479562 -0.619377 0.292165
    9 -0.000004 -0.000006 24.761459 -1.166975 0.135362 -0.483413
    10 -0.000007 0.000004 24.344891 1.511155 0.257802 0.144512
    11 -0.002360 -1.019903 24.031330 0.389594 -0.042695 -0.017207
    12 0.000000 -0.000002 13.404737 0.000001 0.000005 -0.220234
    13 -0.061540 -5.245835 72.927078 0.000000 0.000000 0.000000
    14 -2.233119 8.936645 -13.028551 0.555318 -0.062415 -0.347412
    15 0.000000 -0.005608 -1.146812 -0.452588 -0.146533 0.058245
    16 0.030770 -0.240000 8.906021 -0.004138 0.000000 0.000000
    17 0.468788 -2.206243 -0.293376 0.324628 -0.134423 0.468826
    18 0.030770 -0.276858 8.905140 0.056125 0.004134 -0.000049
    19 0.682349 -0.838994 -0.044146 0.435805 0.208780 0.101185
    20 5.669724 4.435303 14.302868 0.174007 -1.330787 3.356386
    21 -1.044571 -2.839317 19.743267 -0.394025 -0.130819 0.065324
    22 2.655533 -1.533369 24.792658 -1.675979 0.181760 -0.317160
    23 1.120163 -0.154394 9.796035 -0.020283 0.000973 -0.176121
    24 2.240311 -0.308786 19.592051 -0.286736 0.367000 -0.359289
    25 0.683151 2.877354 14.167051 -1.496833 -0.211811 1.551636
    26 0.144936 -0.145374 7.579252 -1.746343 -0.243648 0.231215
    27 0.091660 -0.906685 4.702850 -1.565973 -0.182528 0.186948
    28 0.506271 8.500866 13.617253 -1.455778 -0.301648 1.565924
    29 -0.384987 -0.460049 7.003448 -1.724306 -0.443413 0.542974
    30 0.561516 -0.596954 5.061852 -1.471594 -0.380461 0.377637
    31 -2.452171 -8.899406 11.597897 -1.550510 -0.077769 1.476681
    32 0.680496 -0.903999 6.074253 -1.606764 0.172086 -0.012699
    33 0.245514 -0.661150 3.388004 -1.463210 0.110102 -0.097570
    34 -0.717484 -3.784271 13.043911 -1.579524 -0.030707 1.465659
    35 1.099216 -1.407745 8.017889 -1.760968 0.031572 -0.016693
    36 0.068439 -0.807653 3.686054 -1.444645 0.033445 -0.009141
    37 -4.004929 6.172707 4.754754 0.404908 0.945837 2.879801
    38 0.158352 -1.149811 5.804394 -1.000997 -0.363150 0.139351
    39 -1.083523 -1.463142 5.544399 -0.931655 -0.172887 -0.034976
    40 -6.289886 0.932434 13.569063 -0.126803 0.612110 2.869610
    41 1.327774 -0.766687 12.396328 -0.025457 0.011101 -0.225231
    42 -0.096140 1.828087 23.185329 -0.047712 -0.422921 -1.397034
    43 2.325478 -0.000003 6.169296 0.189088 0.053065 1.189163
    44 0.000000 -3.152912 0.122169 2.242994 0.000000 0.000000
    45 1.068383 -10.478592 7.066338 0.292219 -1.282324 -3.141588
    46 0.000000 0.000000 2.279457 0.547137 -0.343566 0.107833
    47 2.479414 -8.323895 6.074242 0.021186 0.564333 4.484320
    48 0.000003 -5.075260 5.105362 0.000000 0.000000 0.000000
    49 -1.068383 -10.478611 7.065971 0.292219 1.282324 3.141588
    50 -0.000488 0.000015 2.279600 0.547136 0.343566 0.107835
    51 -2.479401 -8.323895 6.074234 0.001664 0.553056 4.473562
    52 -5.790000 4.432083 14.255558 -4.988469 1.186118 -1.784081
    53 1.044540 -2.839314 19.743252 -0.361152 0.385046 -0.094767
    54 -2.655510 -1.533379 24.792648 -1.076992 -0.083642 -0.352693
    55 -1.120216 -0.154385 9.795983 -0.016508 -0.001073 0.143357
    56 -2.240372 -0.308788 19.592047 0.096905 -0.019995 0.299537
    57 -0.683205 2.877342 14.167089 -1.496837 0.211808 -1.551636
    58 -0.144958 -0.145317 7.579308 -1.750136 0.309416 -0.218605
    59 -0.038551 -0.936644 4.697678 -1.564181 0.260959 -0.213038
    60 -0.506317 8.500896 13.617329 -1.455778 0.301648 -1.565920
    61 0.385056 -0.460075 7.003435 -1.752537 0.589568 -0.525903
    62 -0.456360 -0.710276 5.057732 -1.462235 0.563664 -0.435255
    63 2.452194 -8.899408 11.597939 -1.550510 0.077767 -1.476679
    64 -0.680515 -0.903999 6.074242 -1.606694 -0.187975 0.009304
    65 -0.248295 -0.666843 3.386627 -1.463934 -0.128175 0.106473
    66 0.717491 -3.784309 13.044010 -1.579583 0.030713 -1.465679
    67 -1.099228 -1.407673 8.017876 -1.761109 -0.025112 0.018018
    68 -0.064053 -0.807640 3.686100 -1.444785 -0.030829 0.005648
    69 4.004906 6.172710 4.754800 0.404816 -0.945828 -2.879778
    70 -0.158381 -1.149773 5.804405 -0.909523 0.606891 0.245952
    71 1.078559 -2.386406 5.215008 -0.797001 0.468492 0.170295
    72 6.289963 0.932404 13.569109 -0.126801 -0.612098 -2.869612
    73 -1.327759 -0.766682 12.396324 0.010309 0.006649 -0.099186
    74 0.000017 -54.999996 0.000000 0.000000 0.000000 -1.570796
  time 3
    0 0.000000 0.000000 -1.500000 0.000000 0.000000 0.000000
    1 -10.521344 -5.760963 66.994621 3.097007 -0.050786 -3.139334
    2 -0.948876 13.368120 19.122376 0.987790 0.757349 0.755450
    3 -0.000034 0.000012 24.761454 -1.464034 -0.169691 -0.100852
    4 0.000017 0.000000 24.344809 1.336024 -0.546942 -0.612048
    5 0.002333 -1.019846 24.031336 0.868917 -0.056672 -0.027358
    6 0.000034 0.000008 13.404741 -0.000001 0.000003 -0.363926
    7 10.398263 -5.760962 66.994675 3.097007 0.050786 3.139334
    8 3.199150 4.532334 14.893558 0.536378 -0.740056 0.334909
    9 -0.000004 -0.000006 24.761459 -1.422217 0.164892 -0.551707
    10 -0.000007 0.000004 24.344891 1.663016 0.271712 0.180579
    11 -0.002360 -1.019903 24.031330 0.389594 -0.042695 -0.017219
    12 0.000000 -0.000002 13.404737 0.000001 0.000005 -0.240523
    13 -0.061540 -5.245835 72.927078 0.000000 0.000000 0.000000
    14 -2.295621 8.936645 -16.926431 0.609629 0.002206 -0.430706
    15 0.000000 -0.005608 -1.146812 -0.503528 -0.162030 0.086616
    16 0.030770 -0.240000 8.906021 -0.004138 0.000000 0.000000
    17 0.621136 -1.581224 -0.047275 0.228794 -0.005006 0.295075
    18 0.030770 -0.276858 8.905140 0.056125 0.004134 -0.000049
    19 0.615941 -1.280413 -0.157430 0.604128 0.206208 0.119341
    20 5.669724 4.435303 14.302868 -0.189770 -1.436526 3.594532
    21 -1.044571 -2.839317 19.743267 -0.515250 0.205089 0.003677
    22 2.655533 -1.533369 24.792658 -1.836590 0.201242 -0.381696
    23 1.120163 -0.154394 9.796035 -0.015058 0.001057 -0.130728
    24 2.240311 -0.308786 19.592051 -0.121801 0.364375 -0.277790
    25 0.683151 2.877354 14.167051 -1.496833 -0.211811 1.551636
    26 0.144936 -0.145374 7.579252 -1.746343 -0.243636 0.231215
    27 0.091660 -0.906685 4.702850 -1.565973 -0.182528 0.186948
    28 0.506271 8.500866 13.617253 -1.455778 -0.301648 1.565924
    29 -0.384987 -0.460049 7.003448 -1.724306 -0.443413 0.542974
    30 0.561516 -0.596954 5.061852 -1.471594 -0.380461 0.377637
    31 -2.452171 -8.899406 11.597897 -1.550510 -0.077769 1.476681
    32 0.680496 -0.903999 6.074253 -1.606764 0.172086 -0.012699
    33 0.245514 -0.661150 3.388004 -1.463210 0.110102 -0.097570
    34 -0.717484 -3.784271 13.043911 -1.579568 -0.030707 1.465659
    35 1.099216 -1.407745 8.017889 -1.760968 0.031572 -0.016693
    36 0.068439 -0.807653 3.686054 -1.444681 0.033469 -0.009141
    37 -4.004929 6.172707 4.754754 0.404908 0.945837 2.879801
    38 0.158352 -1.149811 5.804394 -1.000997 -0.363150 0.139351
    39 -1.083523 -1.463142 5.544399 -0.931655 -0.172887 -0.034976
    40 -6.289886 0.932434 13.569063 -0.126803 0.612110 2.869610
    41 1.327774 -0.766687 12.396328 -0.024283 0.010717 -0.215138
    42 -0.096140 1.828087 23.185329 -0.047712 -0.422921 -1.397034
    43 2.325478 -0.000003 6.169296 0.155138 0.056321 1.447837
    44 0.000000 -3.152912 0.122169 2.242994 0.000000 0.000000
    45 1.068383 -10.478592 7.066338 0.292219 -1.282324 -3.141588
    46 0.000000 0.000000 2.279457 0.547137 -0.343566 0.107833
    47 2.479414 -8.323895 6.074242 0.018576 0.415094 4.504281
    48 0.000003 -5.075260 5.105362 0.000000 0.000000 0.000000
    49 -1.068383 -10.478611 7.065971 0.292219 1.282324 3.141588
    50 -0.000488 0.000015 2.279600 0.547136 0.343566 0.107835
    51 -2.479401 -8.323895 6.074234 0.000519 0.407145 4.495598
    52 -5.790000 4.432083 14.255558 -4.921943 1.180843 -1.700818
    53 1.044540 -2.839314 19.743252 -0.451538 0.323655 -0.087065
    54 -2.655510 -1.533379 24.792648 -1.233102 -0.107871 -0.240915
    55 -1.120216 -0.154385 9.795983 -0.016508 -0.001073 0.143357
    56 -2.240372 -0.308788 19.592047 -0.015278 -0.015292 0.289913
    57 -0.683205 2.877342 14.167089 -1.496837 0.211808 -1.551636
    58 -0.144958 -0.145317 7.579308 -1.750136 0.309416 -0.218605
    59 -0.038551 -0.936644 4.697678 -1.564181 0.260959 -0.213038
    60 -0.506317 8.500896 13.617329 -1.455778 0.301648 -1.565920
    61 0.385056 -0.460075 7.003435 -1.752537 0.589568 -0.525903
    62 -0.456360 -0.710276 5.057732 -1.462235 0.563664 -0.435255
    63 2.452194 -8.899408 11.597939 -1.550510 0.077767 -1.476679
    64 -0.680515 -0.903999 6.074242 -1.606694 -0.187975 0.009304
    65 -0.248295 -0.666843 3.386627 -1.463934 -0.128175 0.106473
    66 0.717491 -3.784309 13.044010 -1.579583 0.030713 -1.465679
    67 -1.099228 -1.407673 8.017876 -1.761109 -0.025112 0.018018
    68 -0.064053 -0.807640 3.686100 -1.444785 -0.030829 0.005648
    69 4.004906 6.172710 4.754800 0.404816 -0.945828 -2.879778
    70 -0.158381 -1.149773 5.804405 -0.909523 0.606891 0.245952
    71 1.078559 -2.386406 5.215008 -0.797001 0.468492 0.170295
    72 6.289963 0.932404 13.569109 -0.126801 -0.612098 -2.869612
    73 -1.327759 -0.766682 12.396324 0.004497 0.002730 -0.042651
    74 0.000017 -54.999996 0.000000 0.000000 0.000000 -1.570796
  time 4
    0 0.000000 0.000000 -1.500000 0.000000 0.000000 0.000000
    1 -10.521344 -5.760963 66.994621 3.097007 -0.050786 -3.139334
    2 -1.214509 13.994247 22.777575 1.167264 0.660845 0.852704
    3 -0.000034 0.000012 24.761454 -1.585012 -0.183677 -0.285265
    4 0.000017 0.000000 24.344809 1.409384 -0.562062 -0.710702
    5 0.002333 -1.019846 24.031336 0.894715 -0.049721 -0.015121
    6 0.000034 0.000008 13.404741 -0.000001 0.000003 -0.524152
    7 10.398263 -5.760962 66.994675 3.097007 0.050786 3.139334
    8 3.937454 3.733014 19.142311 0.570502 -0.855357 0.375342
    9 -0.000004 -0.000006 24.761459 -1.639952 0.190048 -0.608086
    10 -0.000007 0.000004 24.344891 1.800873 0.290888 0.227094
    11 -0.002360 -1.019903 24.031330 0.389594 -0.042695 -0.017219
    12 0.000000 -0.000002 13.404737 0.000001 0.000005 -0.251730
    13 -0.061540 -5.245835 72.927078 0.000000 0.000000 0.000000
    14 -2.381561 8.936645 -20.914435 0.666565 0.058981 -0.509376
    15 0.000000 -0.005608 -1.146812 -0.558104 -0.170437 0.114036
    16 0.030770 -0.240000 8.906021 -0.004138 0.000000 0.000000
    17 0.910207 -0.835107 0.132418 0.091272 0.113991 0.083787
    18 0.030770 -0.276858 8.905140 0.056125 0.004134 -0.000049
    19 0.526094 -1.686676 -0.294153 0.753112 0.194668 0.129972
    20 5.669724 4.435303 14.302868 4.380176 -1.467884 -1.256658
    21 -1.044571 -2.839317 19.743267 -0.406548 0.453954 0.017072
    22 2.655533 -1.533369 24.792658 -1.580941 0.170885 -0.343201
    23 1.120163 -0.154394 9.796035 -0.010180 0.000925 -0.088681
    24 2.240311 -0.308786 19.592051 0.037824 0.338221 -0.197557
    25 0.683151 2.877354 14.167051 -1.496833 -0.211811 1.551636
    26 0.144936 -0.145374 7.579252 -1.746343 -0.243648 0.231215
    27 0.091660 -0.906685 4.702850 -1.565973 -0.182528 0.186948
    28 0.506271 8.500866 13.617253 -1.455778 -0.301648 1.565924
    29 -0.384987 -0.460049 7.003448 -1.724306 -0.443413 0.542974
    30 0.561516 -0.596954 5.061852 -1.471594 -0.380461 0.377637
    31 -2.452171 -8.899406 11.597897 -1.550510 -0.077769 1.476681
    32 0.680496 -0.903999 6.074253 -1.606764 0.172086 -0.012699
    33 0.245514 -0.661150 3.388004 -1.463210 0.110102 -0.097570
    34 -0.717484 -3.784271 13.043911 -1.579568 -0.030707 1.465659
    35 1.099216 -1.407745 8.017889 -1.760968 0.031572 -0.016693
    36 0.068439 -0.807653 3.686054 -1.444681 0.033445 -0.009141
    37 -4.004929 6.172707 4.754754 0.404908 0.945837 2.879801
    38 0.158352 -1.149811 5.804394 -1.000997 -0.363150 0.139351
    39 -1.083523 -1.463142 5.544399 -0.931655 -0.172887 -0.034976
    40 -6.289886 0.932434 13.569063 -0.126803 0.612110 2.869610
    41 1.327774 -0.766687 12.396328 -0.015450 0.007529 -0.139262
    42 -0.096140 1.828087 23.185329 -0.047729 -0.422921 -1.397034
    43 2.325478 -0.000003 6.169296 0.136945 0.078574 1.691743
    44 0.000000 -3.152912 0.122169 2.242994 0.000000 0.000000
    45 1.068383 -10.478592 7.066338 0.292219 -1.282324 -3.141588
    46 0.000000 0.000000 2.279457 0.547137 -0.343566 0.107833
    47 2.479414 -8.323895 6.074242 0.018630 0.281681 4.477443
    48 0.000003 -5.075260 5.105362 0.000000 0.000000 0.000000
    49 -1.068383 -10.478611 7.065971 0.292219 1.282324 3.141588
    50 -0.000488 0.000015 2.279600 0.547136 0.343566 0.107835
    51 -2.479401 -8.323895 6.074234 0.001624 0.279614 4.470209
    52 -5.790000 4.432083 14.255558 -5.038219 1.184955 -1.982035
    53 1.044540 -2.839314 19.743252 -0.573091 0.365077 -0.094903
    54 -2.655510 -1.533379 24.792648 -1.398371 -0.132566 -0.139664
    55 -1.120216 -0.154385 9.795983 -0.016508 -0.001073 0.143357
    56 -2.240372 -0.308788 19.592047 -0.130745 -0.011777 0.275908
    57 -0.683205 2.877342 14.167089 -1.496837 0.211808 -1.551636
    58 -0.144958 -0.145317 7.579308 -1.750136 0.309416 -0.218605
    59 -0.038551 -0.936644 4.697678 -1.564181 0.260959 -0.213038
    60 -0.506317 8.500896 13.617329 -1.455778 0.301648 -1.565920
    61 0.385056 -0.460075 7.003435 -1.752537 0.589568 -0.525903
    62 -0.456360 -0.710276 5.057732 -1.462235 0.563664 -0.435255
    63 2.452194 -8.899408 11.597939 -1.550510 0.077767 -1.476679
    64 -0.680515 -0.903999 6.074242 -1.606694 -0.187975 0.009304
    65 -0.248295 -0.666843 3.386627 -1.463934 -0.128175 0.106473
    66 0.717491 -3.784309 13.044010 -1.579583 0.030713 -1.465679
    67 -1.099228 -1.407673 8.017876 -1.761109 -0.025112 0.018018
    68 -0.064053 -0.807640 3.686100 -1.444785 -0.030829 0.005648
    69 4.004906 6.172710 4.754800 0.404816 -0.945828 -2.879778
    70 -0.158381 -1.149773 5.804405 -0.909523 0.606891 0.245952
    71 1.078559 -2.386406 5.215008 -0.797001 0.468492 0.170295
    72 6.289963 0.932404 13.569109 -0.126801 -0.612098 -2.869612
    73 -1.327759 -0.766682 12.396324 -0.000117 -0.000075 0.001023
    74 0.000017 -54.999996 0.000000 0.000000 0.000000 -1.570796
  time 5
    0 0.000000 0.000000 -1.500000 0.000000 0.000000 0.000000
    1 -10.521344 -5.760963 66.994621 3.097007 -0.050786 -3.139334
    2 -1.433266 14.399387 25.782464 1.277599 0.569880 0.895826
    3 -0.000034 0.000012 24.761454 -1.662737 -0.192654 -0.448626
    4 0.000017 0.000000 24.344809 1.476271 -0.577612 -0.801967
    5 0.002333 -1.019846 24.031336 0.914726 -0.044436 -0.004479
    6 0.000034 0.000008 13.404741 -0.000001 0.000003 -0.676361
    7 10.398263 -5.760962 66.994675 3.097007 0.050786 3.139334
    8 4.562473 3.158503 22.581777 0.589441 -0.941065 0.400592
    9 -0.000004 -0.000006 24.761459 -1.793010 0.207737 -0.637191
    10 -0.000007 0.000004 24.344891 1.905362 0.308420 0.275352
    11 -0.002360 -1.019903 24.031330 0.389594 -0.042695 -0.017219
    12 0.000000 -0.000002 13.404737 0.000001 0.000005 -0.248596
    13 -0.061540 -5.245835 72.927078 0.000000 0.000000 0.000000
    14 -2.487033 8.936645 -24.158914 0.712075 0.097898 -0.566607
    15 0.000000 -0.005608 -1.146812 -0.605568 -0.173103 0.135314
    16 0.030770 -0.240000 8.906021 -0.004138 0.000000 0.000000
    17 0.906301 -0.452283 0.206639 0.001373 0.134463 -0.083535
    18 0.030770 -0.276858 8.905140 0.056125 0.004134 -0.000049
    19 0.502656 -1.885901 -0.364468 0.822029 0.194483 0.128066
    20 5.669724 4.435303 14.302868 3.436231 -1.315742 -0.649457
    21 -1.044571 -2.839317 19.743267 -0.464519 0.405997 -0.001597
    22 2.655533 -1.533369 24.792658 -0.986365 0.352413 -0.468472
    23 1.120163 -0.154394 9.796035 0.078086 -0.047073 0.810798
    24 2.240311 -0.308786 19.592051 0.447246 -0.281319 -0.126661
    25 0.683151 2.877354 14.167051 -1.496833 -0.211811 1.551636
    26 0.144936 -0.145374 7.579252 -1.746343 -0.243648 0.231215
    27 0.091660 -0.906685 4.702850 -1.565973 -0.182528 0.186948
    28 0.506271 8.500866 13.617253 -1.455778 -0.301648 1.565924
    29 -0.384987 -0.460049 7.003448 -1.724306 -0.443413 0.542974
    30 0.561516 -0.596954 5.061852 -1.471594 -0.380461 0.377637
    31 -2.452171 -8.899406 11.597897 -1.550510 -0.077769 1.476681
    32 0.680496 -0.903999 6.074253 -1.606764 0.172086 -0.012699
    33 0.245514 -0.661150 3.388004 -1.463210 0.110102 -0.097570
    34 -0.717484 -3.784271 13.043911 -1.579568 -0.030707 1.465659
    35 1.099216 -1.407745 8.017889 -1.760968 0.031572 -0.016693
    36 0.068439 -0.807653 3.686054 -1.444681 0.033445 -0.009141
    37 -4.004929 6.172707 4.754754 0.404908 0.945837 2.879801
    38 0.158352 -1.149811 5.804394 -1.000997 -0.363150 0.139351
    39 -1.083523 -1.463142 5.544399 -0.931655 -0.172887 -0.034976
    40 -6.289886 0.932434 13.569063 -0.126803 0.612110 2.869610
    41 1.327774 -0.766687 12.396328 -0.018075 0.008560 -0.161959
    42 -0.096140 1.828087 23.185329 -0.047729 -0.422921 -1.397034
    43 2.325478 -0.000003 6.169296 0.136706 0.102650 1.872707
    44 0.000000 -3.152912 0.122169 2.242994 0.000000 0.000000
    45 1.068383 -10.478592 7.066338 0.292219 -1.282324 -3.141588
    46 0.000000 0.000000 2.279457 0.547137 -0.343566 0.107833
    47 2.479414 -8.323895 6.074242 0.021403 0.206405 4.393205
    48 0.000003 -5.075260 5.105362 0.000000 0.000000 0.000000
    49 -1.068383 -10.478611 7.065971 0.292219 1.282324 3.141588
    50 -0.000488 0.000015 2.279600 0.547136 0.343566 0.107835
    51 -2.479401 -8.323895 6.074234 0.005118 0.210155 4.387145
    52 -5.790000 4.432083 14.255558 -5.186415 1.137520 -2.377848
    53 1.044540 -2.839314 19.743252 -0.580215 0.478066 -0.127779
    54 -2.655510 -1.533379 24.792648 -1.538276 -0.150440 -0.106948
    55 -1.120216 -0.154385 9.795983 -0.016508 -0.001073 0.143357
    56 -2.240372 -0.308788 19.592047 -0.226051 -0.010391 0.261216
    57 -0.683205 2.877342 14.167089 -1.496837 0.211808 -1.551636
    58 -0.144958 -0.145317 7.579308 -1.750136 0.309416 -0.218605
    59 -0.038551 -0.936644 4.697678 -1.564181 0.260959 -0.213038
    60 -0.506317 8.500896 13.617329 -1.455778 0.301648 -1.565920
    61 0.385056 -0.460075 7.003435 -1.752537 0.589568 -0.525903
    62 -0.456360 -0.710276 5.057732 -1.462235 0.563664 -0.435255
    63 2.452194 -8.899408 11.597939 -1.550510 0.077767 -1.476679
    64 -0.680515 -0.903999 6.074242 -1.606694 -0.187975 0.009304
    65 -0.248295 -0.666843 3.386627 -1.463934 -0.128175 0.106473
    66 0.717491 -3.784309 13.044010 -1.579583 0.030713 -1.465679
    67 -1.099228 -1.407673 8.017876 -1.761109 -0.025112 0.018018
    68 -0.064053 -0.807640 3.686100 -1.444785 -0.030829 0.005648
    69 4.004906 6.172710 4.754800 0.404816 -0.945828 -2.879778
    70 -0.158381 -1.149773 5.804405 -0.909523 0.606891 0.245952
    71 1.078559 -2.386406 5.215008 -0.797001 0.468492 0.170295
    72 6.289963 0.932404 13.569109 -0.126801 -0.612098 -2.869612
    73 -1.327759 -0.766682 12.396324 -0.002538 -0.001441 0.023554
    74 0.000017 -54.999996 0.000000 0.000000 0.000000 -1.570796
  time 6
    0 0.000000 0.000000 -1.500000 0.000000 0.000000 0.000000
    1 -10.521344 -5.760963 66.994621 3.097007 -0.050786 -3.139334
    2 -1.429360 14.473049 27.374606 1.309572 0.512874 0.899802
    3 -0.000034 0.000012 24.761454 -1.699079 -0.196848 -0.555022
    4 0.000017 0.000000 24.344809 1.535452 -0.584878 -0.852655
    5 0.002333 -1.019846 24.031336 0.922753 -0.041559 0.001921
    6 0.000034 0.000008 13.404741 -0.000001 0.000003 -0.758689
    7 10.398263 -5.760962 66.994675 3.097007 0.050786 3.139334
    8 4.929672 2.896226 24.335230 0.610598 -0.976878 0.393908
    9 -0.000004 -0.000006 24.761459 -1.862857 0.215815 -0.633961
    10 -0.000007 0.000004 24.344891 1.956284 0.318441 0.305640
    11 -0.002360 -1.019903 24.031330 0.389594 -0.042695 -0.017219
    12 0.000000 -0.000002 13.404737 0.000001 0.000005 -0.235048
    13 -0.061540 -5.245835 72.927078 0.000000 0.000000 0.000000
    14 -2.615943 8.936645 -25.848746 0.730702 0.112264 -0.588767
    15 0.000000 -0.005608 -1.146812 -0.635073 -0.172084 0.145396
    16 0.030770 -0.240000 8.906021 -0.004138 0.000000 0.000000
    17 0.921926 -0.213994 0.222265 -0.052773 0.139502 -0.186564
    18 0.030770 -0.276858 8.905140 0.056125 0.004134 -0.000049
    19 0.432341 -1.960122 -0.384000 0.832859 0.177882 0.107213
    20 5.669724 4.435303 14.302868 3.197541 -1.231425 -0.570011
    21 -1.044571 -2.839317 19.743267 0.155841 0.252785 0.166594
    22 2.655533 -1.533369 24.792658 -1.515976 0.554575 -0.830536
    23 1.120163 -0.154394 9.796035 0.078086 -0.047085 0.810798
    24 2.240311 -0.308786 19.592051 0.602955 -0.367332 -0.432282
    25 0.683151 2.877354 14.167051 -1.496833 -0.211811 1.551636
    26 0.144936 -0.145374 7.579252 -1.746296 -0.243648 0.231215
    27 0.091660 -0.906685 4.702850 -1.565973 -0.182528 0.186948
    28 0.506271 8.500866 13.617253 -1.455778 -0.301648 1.565924
    29 -0.384987 -0.460049 7.003448 -1.724306 -0.443413 0.542974
    30 0.561516 -0.596954 5.061852 -1.471630 -0.380461 0.377637
    31 -2.452171 -8.899406 11.597897 -1.550510 -0.077769 1.476681
    32 0.680496 -0.903999 6.074253 -1.606764 0.172086 -0.012699
    33 0.245514 -0.661150 3.388004 -1.463210 0.110102 -0.097570
    34 -0.717484 -3.784271 13.043911 -1.579568 -0.030707 1.465659
    35 1.099216 -1.407745 8.017889 -1.760968 0.031572 -0.016693
    36 0.068439 -0.807653 3.686054 -1.444716 0.033457 -0.009141
    37 -4.004929 6.172707 4.754754 0.404908 0.945837 2.879897
    38 0.158352 -1.149811 5.804394 -1.000997 -0.363150 0.139351
    39 -1.083523 -1.463142 5.544399 -0.931655 -0.172887 -0.034976
    40 -6.289886 0.932434 13.569063 -0.126803 0.612110 2.869610
    41 1.327774 -0.766687 12.396328 -0.036891 0.014013 -0.320842
    42 -0.096140 1.828087 23.185329 -0.047729 -0.422921 -1.397034
    43 2.325478 -0.000003 6.169296 0.140192 0.112981 1.943631
    44 0.000000 -3.152912 0.122169 2.242994 0.000000 0.000000
    45 1.068383 -10.478592 7.066338 0.292219 -1.282324 -3.141588
    46 0.000000 0.000000 2.279457 0.547137 -0.343566 0.107833
    47 2.479414 -8.323895 6.074242 0.022001 0.195134 4.375441
    48 0.000003 -5.075260 5.105362 0.000000 0.000000 0.000000
    49 -1.068383 -10.478611 7.065971 0.292219 1.282324 3.141588
    50 -0.000488 0.000015 2.279600 0.547136 0.343566 0.107835
    51 -2.479401 -8.323895 6.074234 0.005942 0.203257 4.368367
    52 -5.790000 4.432083 14.255558 -5.221499 1.094280 -2.542172
    53 1.044540 -2.839314 19.743252 -0.476082 0.524872 -0.130392
    54 -2.655510 -1.533379 24.792648 -1.624685 -0.158840 -0.134438
    55 -1.120216 -0.154385 9.795983 -0.016508 -0.001073 0.143357
    56 -2.240372 -0.308788 19.592047 -0.278133 -0.010193 0.252023
    57 -0.683205 2.877342 14.167089 -1.496837 0.211808 -1.551636
    58 -0.144958 -0.145317 7.579308 -1.750136 0.309416 -0.218605
    59 -0.038551 -0.936644 4.697678 -1.564181 0.260959 -0.213038
    60 -0.506317 8.500896 13.617329 -1.455778 0.301648 -1.565920
    61 0.385056 -0.460075 7.003435 -1.752537 0.589568 -0.525903
    62 -0.456360 -0.710276 5.057732 -1.462235 0.563664 -0.435272
    63 2.452194 -8.899408 11.597939 -1.550510 0.077767 -1.476679
    64 -0.680515 -0.903999 6.074242 -1.606694 -0.187975 0.009304
    65 -0.248295 -0.666843 3.386627 -1.463934 -0.128175 0.106473
    66 0.717491 -3.784309 13.044010 -1.579583 0.030713 -1.465679
    67 -1.099228 -1.407673 8.017876 -1.761109 -0.025112 0.018018
    68 -0.064053 -0.807640 3.686100 -1.444785 -0.030829 0.005648
    69 4.004906 6.172710 4.754800 0.404816 -0.945828 -2.879778
    70 -0.158381 -1.149773 5.804405 -0.909523 0.606891 0.245952
    71 1.078559 -2.386406 5.215008 -0.797001 0.468492 0.170295
    72 6.289963 0.932404 13.569109 -0.126801 -0.612098 -2.869612
    73 -1.327759 -0.766682 12.396324 -0.001352 -0.000782 0.012543
    74 0.000017 -54.999996 0.000000 0.000000 0.000000 -1.570796
  time 7
    0 0.000000 0.000000 -1.500000 0.000000 0.000000 0.000000
    1 -10.521344 -5.760963 66.994621 3.097007 -0.050786 -3.139334
    2 -1.202790 14.411664 27.710974 1.294747 0.492443 0.885428
    3 -0.000034 0.000012 24.761454 -1.712372 -0.198394 -0.595618
    4 0.000017 0.000000 24.344809 1.574228 -0.582501 -0.860044
    5 0.002333 -1.019846 24.031336 0.922753 -0.040373 0.004749
    6 0.000034 0.000008 13.404741 -0.000001 0.000003 -0.753162
    7 10.398263 -5.760962 66.994675 3.097007 0.050786 3.139334
    8 5.132803 2.883737 24.874754 0.635594 -0.982255 0.368493
    9 -0.000004 -0.000006 24.761459 -1.881116 0.217900 -0.617130
    10 -0.000007 0.000004 24.344891 1.968740 0.323374 0.318272
    11 -0.002360 -1.019903 24.031330 0.389594 -0.042695 -0.017219
    12 0.000000 -0.000002 13.404737 0.000001 0.000005 -0.218388
    13 -0.061540 -5.245835 72.927078 0.000000 0.000000 0.000000
    14 -2.752666 8.936645 -26.299368 0.730702 0.112264 -0.588767
    15 0.000000 -0.005608 -1.146812 -0.647034 -0.161136 0.140287
    16 0.030770 -0.240000 8.906021 -0.004138 0.000000 0.000000
    17 0.949271 -0.069459 0.214452 -0.086275 0.143376 -0.244468
    18 0.030770 -0.276858 8.905140 0.056125 0.004134 -0.000049
    19 0.322963 -2.003092 -0.387906 0.835219 0.145338 0.078989
    20 5.669724 4.435303 14.302868 3.197637 -1.231425 -0.570011
    21 -1.044571 -2.839317 19.743267 0.176926 0.125717 0.142764
    22 2.655533 -1.533369 24.792658 -1.456089 0.531174 -0.797055
    23 1.120163 -0.154394 9.796035 0.078086 -0.047073 0.810798
    24 2.240311 -0.308786 19.592051 0.515483 -0.322944 -0.357944
    25 0.683151 2.877354 14.167051 -1.496833 -0.211811 1.551636
    26 0.144936 -0.145374 7.579252 -1.746343 -0.243660 0.231215
    27 0.091660 -0.906685 4.702850 -1.565973 -0.182528 0.186948
    28 0.506271 8.500866 13.617253 -1.455778 -0.301648 1.565924
    29 -0.384987 -0.460049 7.003448 -1.724306 -0.443413 0.542974
    30 0.561516 -0.596954 5.061852 -1.471594 -0.380461 0.377649
    31 -2.452171 -8.899406 11.597897 -1.550510 -0.077769 1.476681
    32 0.680496 -0.903999 6.074253 -1.606764 0.172086 -0.012699
    33 0.245514 -0.661150 3.388004 -1.463210 0.110102 -0.097570
    34 -0.717484 -3.784271 13.043911 -1.579568 -0.030719 1.465659
    35 1.099216 -1.407745 8.017889 -1.760968 0.031572 -0.016693
    36 0.068439 -0.807653 3.686054 -1.444681 0.033445 -0.009141
    37 -4.004929 6.172707 4.754754 0.404908 0.945837 2.879801
    38 0.158352 -1.149811 5.804394 -1.000997 -0.363150 0.139351
    39 -1.083523 -1.463142 5.544399 -0.931655 -0.172887 -0.034976
    40 -6.289886 0.932434 13.569063 -0.126803 0.612110 2.869610
    41 1.327774 -0.766687 12.396328 -0.039827 0.014576 -0.344946
    42 -0.096140 1.828087 23.185329 -0.047729 -0.422921 -1.397034
    43 2.325478 -0.000003 6.169296 0.140192 0.112981 1.943631
    44 0.000000 -3.152912 0.122169 2.242994 0.000000 0.000000
    45 1.068383 -10.478592 7.066338 0.292219 -1.282324 -3.141588
    46 0.000000 0.000000 2.279457 0.547137 -0.343566 0.107833
    47 2.479414 -8.323895 6.074242 0.021648 0.207391 4.387666
    48 0.000003 -5.075260 5.105362 0.000000 0.000000 0.000000
    49 -1.068383 -10.478611 7.065971 0.292231 1.282324 3.141588
    50 -0.000488 0.000015 2.279600 0.547136 0.343566 0.107835
    51 -2.479401 -8.323895 6.074234 0.005500 0.219180 4.378714
    52 -5.790000 4.432083 14.255558 -5.221594 1.094280 -2.542172
    53 1.044540 -2.839314 19.743252 -0.360039 0.471409 -0.106415
    54 -2.655510 -1.533379 24.792648 -1.677275 -0.165519 -0.127395
    55 -1.120216 -0.154385 9.795983 -0.016508 -0.001073 0.143357
    56 -2.240372 -0.308788 19.592047 -0.298294 -0.010292 0.248242
    57 -0.683205 2.877342 14.167089 -1.496837 0.211808 -1.551636
    58 -0.144958 -0.145317 7.579308 -1.750136 0.309416 -0.218605
    59 -0.038551 -0.936644 4.697678 -1.564181 0.260959 -0.213038
    60 -0.506317 8.500896 13.617329 -1.455778 0.301648 -1.565920
    61 0.385056 -0.460075 7.003435 -1.752537 0.589568 -0.525903
    62 -0.456360 -0.710276 5.057732 -1.462235 0.563685 -0.435290
    63 2.452194 -8.899408 11.597939 -1.550510 0.077767 -1.476679
    64 -0.680515 -0.903999 6.074242 -1.606694 -0.187975 0.009304
    65 -0.248295 -0.666843 3.386627 -1.463934 -0.128175 0.106473
    66 0.717491 -3.784309 13.044010 -1.579583 0.030713 -1.465679
    67 -1.099228 -1.407673 8.017876 -1.761109 -0.025112 0.018018
    68 -0.064053 -0.807640 3.686100 -1.444785 -0.030829 0.005648
    69 4.004906 6.172710 4.754800 0.404816 -0.945828 -2.879778
    70 -0.158381 -1.149773 5.804405 -0.909523 0.606891 0.245952
    71 1.078559 -2.386406 5.215008 -0.797001 0.468492 0.170295
    72 6.289963 0.932404 13.569109 -0.126801 -0.612098 -2.869612
    73 -1.327759 -0.766682 12.396324 -0.001927 -0.001093 0.017817
    74 0.000017 -54.999996 0.000000 0.000000 0.000000 -1.570796
  time 8
    0 0.000000 0.000000 -1.500000 0.000000 0.000000 0.000000
    1 -10.521344 -5.760963 66.994621 3.097007 -0.050786 -3.139334
    2 -0.855124 14.460772 27.486729 1.274866 0.490299 0.866204
    3 -0.000034 0.000012 24.761454 -1.720868 -0.199389 -0.595577
    4 0.000017 0.000000 24.344809 1.587544 -0.574624 -0.848701
    5 0.002333 -1.019846 24.031336 0.922753 -0.039642 0.006523
    6 0.000034 0.000008 13.404741 -0.000001 0.000003 -0.709056
    7 10.398263 -5.760962 66.994675 3.097007 0.050786 3.139334
    8 5.390623 2.946184 25.391798 0.662637 -0.990010 0.340850
    9 -0.000004 -0.000006 24.761459 -1.896130 0.219638 -0.601088
    10 -0.000007 0.000004 24.344891 1.976485 0.329151 0.332313
    11 -0.002360 -1.019903 24.031330 0.389594 -0.042695 -0.017219
    12 0.000000 -0.000002 13.404737 0.000001 0.000005 -0.195888
    13 -0.061540 -5.245835 72.927078 0.000000 0.000000 0.000000
    14 -2.869857 8.936645 -26.434555 0.730702 0.112264 -0.588767
    15 0.000000 -0.005608 -1.146812 -0.652839 -0.131397 0.119036
    16 0.030770 -0.240000 8.906021 -0.004138 0.000000 0.000000
    17 0.988335 0.036013 0.202733 -0.110981 0.147566 -0.287356
    18 0.030770 -0.276858 8.905140 0.056125 0.004134 -0.000049
    19 0.213585 -2.022624 -0.384000 0.828892 0.113267 0.051185
    20 5.669724 4.435303 14.302868 3.197637 -1.231425 -0.570011
    21 -1.044571 -2.839317 19.743267 0.216943 -0.000986 0.117439
    22 2.655533 -1.533369 24.792658 -1.482865 0.541626 -0.812016
    23 1.120163 -0.154394 9.796035 0.078086 -0.047085 0.810798
    24 2.240311 -0.308786 19.592051 0.480798 -0.302638 -0.344097
    25 0.683151 2.877354 14.167051 -1.496833 -0.211811 1.551636
    26 0.144936 -0.145374 7.579252 -1.746343 -0.243648 0.231215
    27 0.091660 -0.906685 4.702850 -1.565973 -0.182528 0.186948
    28 0.506271 8.500866 13.617253 -1.455778 -0.301648 1.565924
    29 -0.384987 -0.460049 7.003448 -1.724306 -0.443413 0.542974
    30 0.561516 -0.596954 5.061852 -1.471594 -0.380461 0.377649
    31 -2.452171 -8.899406 11.597897 -1.550510 -0.077769 1.476681
    32 0.680496 -0.903999 6.074253 -1.606764 0.172086 -0.012699
    33 0.245514 -0.661150 3.388004 -1.463210 0.110102 -0.097570
    34 -0.717484 -3.784271 13.043911 -1.579568 -0.030707 1.465659
    35 1.099216 -1.407745 8.017889 -1.760968 0.031572 -0.016693
    36 0.068439 -0.807653 3.686054 -1.444681 0.033445 -0.009141
    37 -4.004929 6.172707 4.754754 0.404908 0.945837 2.879801
    38 0.158352 -1.149811 5.804394 -1.000997 -0.363150 0.139351
    39 -1.083523 -1.463142 5.544399 -0.931655 -0.172887 -0.034976
    40 -6.289886 0.932434 13.569063 -0.126803 0.612110 2.869610
    41 1.327774 -0.766687 12.396328 -0.042967 0.015116 -0.370757
    42 -0.096140 1.828087 23.185329 -0.047712 -0.422921 -1.397034
    43 2.325478 -0.000003 6.169296 0.140192 0.112981 1.943631
    44 0.000000 -3.152912 0.122169 2.242994 0.000000 0.000000
    45 1.068383 -10.478592 7.066338 0.292219 -1.282324 -3.141588
    46 0.000000 0.000000 2.279457 0.547137 -0.343566 0.107833
    47 2.479414 -8.323895 6.074242 0.021512 0.225987 4.394447
    48 0.000003 -5.075260 5.105362 0.000000 0.000000 0.000000
    49 -1.068383 -10.478611 7.065971 0.292219 1.282324 3.141588
    50 -0.000488 0.000015 2.279600 0.547136 0.343566 0.107835
    51 -2.479401 -8.323895 6.074234 0.005339 0.240821 4.383312
    52 -5.790000 4.432083 14.255558 -5.221594 1.094280 -2.542172
    53 1.044540 -2.839314 19.743252 -0.326366 0.426553 -0.097516
    54 -2.655510 -1.533379 24.792648 -1.718995 -0.170812 -0.121867
    55 -1.120216 -0.154385 9.795983 -0.016520 -0.001073 0.143357
    56 -2.240372 -0.308788 19.592047 -0.312040 -0.010391 0.245664
    57 -0.683205 2.877342 14.167089 -1.496837 0.211808 -1.551636
    58 -0.144958 -0.145317 7.579308 -1.750136 0.309416 -0.218605
    59 -0.038551 -0.936644 4.697678 -1.564181 0.260959 -0.213038
    60 -0.506317 8.500896 13.617329 -1.455778 0.301648 -1.565920
    61 0.385056 -0.460075 7.003435 -1.752537 0.589568 -0.525903
    62 -0.456360 -0.710276 5.057732 -1.462235 0.563664 -0.435255
    63 2.452194 -8.899408 11.597939 -1.550510 0.077767 -1.476679
    64 -0.680515 -0.903999 6.074242 -1.606694 -0.187975 0.009304
    65 -0.248295 -0.666843 3.386627 -1.463934 -0.128175 0.106473
    66 0.717491 -3.784309 13.044010 -1.579583 0.030713 -1.465679
    67 -1.099228 -1.407673 8.017876 -1.761109 -0.025112 0.018018
    68 -0.064053 -0.807640 3.686100 -1.444785 -0.030829 0.005648
    69 4.004906 6.172710 4.754800 0.404816 -0.945828 -2.879778
    70 -0.158381 -1.149773 5.804405 -0.909523 0.606891 0.245952
    71 1.078559 -2.386406 5.215008 -0.797001 0.468492 0.170295
    72 6.289963 0.932404 13.569109 -0.126801 -0.612098 -2.869612
    73 -1.327759 -0.766682 12.396324 -0.002514 -0.001429 0.023323
    74 0.000017 -54.999996 0.000000 0.000000 0.000000 -1.570796
  time 9
    0 0.000000 0.000000 -1.500000 0.000000 0.000000 0.000000
    1 -10.521344 -5.760963 66.994621 3.097007 -0.050786 -3.139334
    2 -0.386359 14.583542 26.881266 1.252048 0.503772 0.842568
    3 -0.000034 0.000012 24.761454 -1.726559 -0.200036 -0.561171
    4 0.000017 0.000000 24.344809 1.580393 -0.561971 -0.823292
    5 0.002333 -1.019846 24.031336 0.922753 -0.039366 0.007122
    6 0.000034 0.000008 13.404741 -0.000001 0.000003 -0.640123
    7 10.398263 -5.760962 66.994675 3.097007 0.050786 3.139334
    8 5.757822 3.083567 26.043723 0.702306 -1.000838 0.300829
    9 -0.000004 -0.000006 24.761459 -1.913454 0.221651 -0.579771
    10 -0.000007 0.000004 24.344891 1.982810 0.337106 0.351650
    11 -0.002360 -1.019903 24.031330 0.389594 -0.042695 -0.017207
    12 0.000000 -0.000002 13.404737 0.000001 0.000005 -0.160077
    13 -0.061540 -5.245835 72.927078 0.000000 0.000000 0.000000
    14 -2.975329 8.936645 -26.434555 0.730702 0.112264 -0.588767
    15 0.000000 -0.005608 -1.146812 -0.658741 -0.081127 0.081317
    16 0.030770 -0.240000 8.906021 -0.004138 0.000000 0.000000
    17 1.000054 0.071171 0.187107 -0.117883 0.149605 -0.302651
    18 0.030770 -0.276858 8.905140 0.056125 0.004134 -0.000049
    19 0.170615 -1.995279 -0.368374 0.808553 0.098970 0.036768
    20 5.669724 4.435303 14.302868 3.197541 -1.231425 -0.570011
    21 -1.044571 -2.839317 19.743267 0.230543 -0.057136 0.104946
    22 2.655533 -1.533369 24.792658 -1.478612 0.541165 -0.796650
    23 1.120163 -0.154394 9.796035 0.078086 -0.047085 0.810832
    24 2.240311 -0.308786 19.592051 0.458735 -0.292278 -0.327798
    25 0.683151 2.877354 14.167051 -1.496833 -0.211811 1.551636
    26 0.144936 -0.145374 7.579252 -1.746296 -0.243648 0.231215
    27 0.091660 -0.906685 4.702850 -1.565973 -0.182528 0.186948
    28 0.506271 8.500866 13.617253 -1.455778 -0.301648 1.565924
    29 -0.384987 -0.460049 7.003448 -1.724306 -0.443413 0.542974
    30 0.561516 -0.596954 5.061852 -1.471630 -0.380461 0.377637
    31 -2.452171 -8.899406 11.597897 -1.550510 -0.077769 1.476681
    32 0.680496 -0.903999 6.074253 -1.606764 0.172086 -0.012699
    33 0.245514 -0.661150 3.388004 -1.463210 0.110102 -0.097570
    34 -0.717484 -3.784271 13.043911 -1.579568 -0.030707 1.465659
    35 1.099216 -1.407745 8.017889 -1.760968 0.031572 -0.016693
    36 0.068439 -0.807653 3.686054 -1.444681 0.033457 -0.009141
    37 -4.004929 6.172707 4.754754 0.404908 0.945837 2.879801
    38 0.158352 -1.149811 5.804394 -1.000997 -0.363150 0.139351
    39 -1.083523 -1.463142 5.544399 -0.931655 -0.172887 -0.034976
    40 -6.289886 0.932434 13.569063 -0.126803 0.612110 2.869610
    41 1.327774 -0.766687 12.396328 -0.043422 0.015187 -0.374624
    42 -0.096140 1.828087 23.185329 -0.047729 -0.422921 -1.397034
    43 2.325478 -0.000003 6.169296 0.140192 0.112981 1.943631
    44 0.000000 -3.152912 0.122169 2.242994 0.000000 0.000000
    45 1.068383 -10.478592 7.066338 0.292219 -1.282324 -3.141588
    46 0.000000 0.000000 2.279457 0.547137 -0.343566 0.107833
    47 2.479414 -8.323895 6.074242 0.021430 0.247401 4.399127
    48 0.000003 -5.075260 5.105362 0.000000 0.000000 0.000000
    49 -1.068383 -10.478611 7.065971 0.292219 1.282324 3.141588
    50 -0.000488 0.000015 2.279600 0.547136 0.343566 0.107835
    51 -2.479401 -8.323895 6.074234 0.005239 0.263218 4.386857
    52 -5.790000 4.432083 14.255558 -5.221499 1.094280 -2.542172
    53 1.044540 -2.839314 19.743252 -0.314066 0.406202 -0.094440
    54 -2.655510 -1.533379 24.792648 -1.744107 -0.173103 -0.133302
    55 -1.120216 -0.154385 9.795983 -0.016508 -0.001073 0.143357
    56 -2.240372 -0.308788 19.592047 -0.317233 -0.010440 0.244547
    57 -0.683205 2.877342 14.167089 -1.496837 0.211808 -1.551636
    58 -0.144958 -0.145317 7.579308 -1.750136 0.309416 -0.218605
    59 -0.038551 -0.936644 4.697678 -1.564181 0.260959 -0.213038
    60 -0.506317 8.500896 13.617329 -1.455778 0.301648 -1.565920
    61 0.385056 -0.460075 7.003435 -1.752537 0.589568 -0.525903
    62 -0.456360 -0.710276 5.057732 -1.462235 0.563685 -0.435255
    63 2.452194 -8.899408 11.597939 -1.550510 0.077767 -1.476679
    64 -0.680515 -0.903999 6.074242 -1.606694 -0.187975 0.009304
    65 -0.248295 -0.666843 3.386627 -1.463934 -0.128175 0.106473
    66 0.717491 -3.784309 13.044010 -1.579583 0.030713 -1.465679
    67 -1.099228 -1.407673 8.017876 -1.761109 -0.025112 0.018018
    68 -0.064053 -0.807640 3.686100 -1.444785 -0.030829 0.005648
    69 4.004906 6.172710 4.754800 0.404816 -0.945828 -2.879778
    70 -0.158381 -1.149773 5.804405 -0.909523 0.606891 0.245952
    71 1.078559 -2.386406 5.215008 -0.797001 0.468492 0.170295
    72 6.289963 0.932404 13.569109 -0.126801 -0.612098 -2.869612
    73 -1.327759 -0.766682 12.396324 -0.002107 -0.001201 0.019483
    74 0.000017 -54.999996 0.000000 0.000000 0.000000 -1.570796
  time 10
    0 0.000000 0.000000 -1.500000 0.000000 0.000000 0.000000
    1 -10.521344 -5.760963 66.994621 3.097007 -0.050786 -3.139334
    2 0.285536 14.779974 23.809104 1.181406 0.551648 0.810630
    3 -0.000034 0.000012 24.761454 -1.674607 -0.194044 -0.419105
    4 0.000017 0.000000 24.344809 1.490573 -0.535285 -0.722823
    5 0.002333 -1.019846 24.031336 0.911478 -0.042147 0.001010
    6 0.000034 0.000008 13.404741 -0.000001 0.000003 -0.485361
    7 10.398263 -5.760962 66.994675 3.097007 0.050786 3.139334
    8 6.136740 3.420780 24.717393 0.693263 -0.980609 0.286141
    9 -0.000004 -0.000006 24.761459 -1.844157 0.213658 -0.563837
    10 -0.000007 0.000004 24.344891 1.931824 0.342750 0.342465
    11 -0.002360 -1.019903 24.031330 0.389594 -0.042695 -0.017219
    12 0.000000 -0.000002 13.404737 0.000001 0.000005 -0.127658
    13 -0.061540 -5.245835 72.927078 0.000000 0.000000 0.000000
    14 -3.088614 8.936645 -24.226507 0.721164 0.111146 -0.585224
    15 0.000000 -0.005608 -1.146812 -0.655997 -0.012411 0.028977
    16 0.030770 -0.240000 8.906021 -0.004138 0.000000 0.000000
    17 0.828174 -0.362436 0.144137 -0.039789 0.143528 -0.300974
    18 0.030770 -0.276858 8.905140 0.056125 0.004134 -0.000049
    19 0.194053 -1.772616 -0.282434 0.720799 0.112732 0.031698
    20 5.669724 4.435303 14.302868 3.116000 -1.253905 -0.443127
    21 -1.044571 -2.839317 19.743267 0.079966 -0.084845 0.100434
    22 2.655533 -1.533369 24.792658 -1.341132 0.486330 -0.732519
    23 1.120163 -0.154394 9.796035 -0.006081 0.000662 -0.053084
    24 2.240311 -0.308786 19.592051 0.387974 -0.324510 -0.152416
    25 0.683151 2.877354 14.167051 -1.496833 -0.211811 1.551636
    26 0.144936 -0.145374 7.579252 -1.746343 -0.243648 0.231215
    27 0.091660 -0.906685 4.702850 -1.565973 -0.182528 0.186948
    28 0.506271 8.500866 13.617253 -1.455778 -0.301648 1.565924
    29 -0.384987 -0.460049 7.003448 -1.724306 -0.443413 0.542974
    30 0.561516 -0.596954 5.061852 -1.471594 -0.380461 0.377637
    31 -2.452171 -8.899406 11.597897 -1.550510 -0.077769 1.476681
    32 0.680496 -0.903999 6.074253 -1.606764 0.172086 -0.012699
    33 0.245514 -0.661150 3.388004 -1.463210 0.110102 -0.097570
    34 -0.717484 -3.784271 13.043911 -1.579524 -0.030707 1.465659
    35 1.099216 -1.407745 8.017889 -1.760968 0.031572 -0.016693
    36 0.068439 -0.807653 3.686054 -1.444681 0.033457 -0.009141
    37 -4.004929 6.172707 4.754754 0.404908 0.945837 2.879801
    38 0.158352 -1.149811 5.804394 -1.000997 -0.363150 0.139351
    39 -1.083523 -1.463142 5.544399 -0.931655 -0.172887 -0.034976
    40 -6.289886 0.932434 13.569063 -0.126803 0.612110 2.869610
    41 1.327774 -0.766687 12.396328 -0.041720 0.014912 -0.360664
    42 -0.096140 1.828087 23.185329 -0.047729 -0.422921 -1.397034
    43 2.325478 -0.000003 6.169296 0.140192 0.112981 1.943631
    44 0.000000 -3.152912 0.122169 2.242994 0.000000 0.000000
    45 1.068383 -10.478592 7.066338 0.292219 -1.282324 -3.141588
    46 0.000000 0.000000 2.279457 0.547137 -0.343566 0.107833
    47 2.479414 -8.323895 6.074242 0.021811 0.258154 4.390531
    48 0.000003 -5.075260 5.105362 0.000000 0.000000 0.000000
    49 -1.068383 -10.478611 7.065971 0.292219 1.282324 3.141588
    50 -0.000488 0.000015 2.279600 0.547136 0.343566 0.107835
    51 -2.479401 -8.323895 6.074234 0.005641 0.273519 4.378043
    52 -5.790000 4.432083 14.255558 -5.312563 1.119119 -2.521955
    53 1.044540 -2.839314 19.743252 -0.257074 0.406414 -0.090140
    54 -2.655510 -1.533379 24.792648 -1.769773 -0.181917 -0.032581
    55 -1.120216 -0.154385 9.795983 -0.016508 -0.001073 0.143357
    56 -2.240372 -0.308788 19.592047 -0.317309 -0.010490 0.244547
    57 -0.683205 2.877342 14.167089 -1.496837 0.211808 -1.551636
    58 -0.144958 -0.145317 7.579308 -1.750136 0.309416 -0.218605
    59 -0.038551 -0.936644 4.697678 -1.564181 0.260959 -0.213038
    60 -0.506317 8.500896 13.617329 -1.455778 0.301648 -1.565920
    61 0.385056 -0.460075 7.003435 -1.752537 0.589568 -0.525903
    62 -0.456360 -0.710276 5.057732 -1.462235 0.563685 -0.435255
    63 2.452194 -8.899408 11.597939 -1.550510 0.077767 -1.476679
    64 -0.680515 -0.903999 6.074242 -1.606694 -0.187975 0.009304
    65 -0.248295 -0.666843 3.386627 -1.463934 -0.128175 0.106473
    66 0.717491 -3.784309 13.044010 -1.579583 0.030713 -1.465679
    67 -1.099228 -1.407673 8.017876 -1.761109 -0.025112 0.018018
    68 -0.064053 -0.807640 3.686100 -1.444785 -0.030829 0.005648
    69 4.004906 6.172710 4.754800 0.404816 -0.945828 -2.879778
    70 -0.158381 -1.149773 5.804405 -0.909523 0.606891 0.245952
    71 1.078559 -2.386406 5.215008 -0.797001 0.468492 0.170295
    72 6.289963 0.932404 13.569109 -0.126801 -0.612098 -2.869612
    73 -1.327759 -0.766682 12.396324 -0.007428 -0.003958 0.067922
    74 0.000017 -54.999996 0.000000 0.000000 0.000000 -1.570796
  time 11
    0 0.000000 0.000000 -1.500000 0.000000 0.000000 0.000000
    1 -10.521344 -5.760963 66.994621 3.097007 -0.050786 -3.139334
    2 1.101967 15.013237 17.799328 1.009857 0.609378 0.750033
    3 -0.000034 0.000012 24.761454 -1.501718 -0.174042 -0.208389
    4 0.000017 0.000000 24.344809 1.326038 -0.497213 -0.560085
    5 0.002333 -1.019846 24.031336 0.884672 -0.049277 -0.013348
    6 0.000034 0.000008 13.404741 -0.000001 0.000003 -0.275018
    7 10.398263 -5.760962 66.994675 3.097007 0.050786 3.139334
    8 6.441436 4.045248 20.581042 0.599593 -0.914215 0.319726
    9 -0.000004 -0.000006 24.761459 -1.644077 0.190539 -0.558597
    10 -0.000007 0.000004 24.344891 1.803390 0.343839 0.296245
    11 -0.002360 -1.019903 24.031330 0.389594 -0.042695 -0.017207
    12 0.000000 -0.000002 13.404737 0.000001 0.000005 -0.114798
    13 -0.061540 -5.245835 72.927078 0.000000 0.000000 0.000000
    14 -3.197992 8.936645 -19.179541 0.698409 0.107085 -0.574895
    15 0.000000 -0.005608 -1.146812 -0.639762 0.065967 -0.027031
    16 0.030770 -0.240000 8.906021 -0.004138 0.000000 0.000000
    17 0.500039 -1.108553 0.019134 0.101394 0.129057 -0.296860
    18 0.030770 -0.276858 8.905140 0.056125 0.004134 -0.000049
    19 0.260461 -1.342915 -0.145711 0.566631 0.138673 0.019678
    20 5.669724 4.435303 14.302868 2.853192 -1.284383 -0.070335
    21 -1.044571 -2.839317 19.743267 -0.041161 -0.018572 0.102577
    22 2.655533 -1.533369 24.792658 -1.256552 0.429074 -0.504864
    23 1.120163 -0.154394 9.796035 -0.005962 0.000662 -0.051911
    24 2.240311 -0.308786 19.592051 0.362864 -0.245634 -0.143752
    25 0.683151 2.877354 14.167051 -1.496833 -0.211811 1.551636
    26 0.144936 -0.145374 7.579252 -1.746343 -0.243636 0.231215
    27 0.091660 -0.906685 4.702850 -1.565973 -0.182528 0.186948
    28 0.506271 8.500866 13.617253 -1.455778 -0.301648 1.565924
    29 -0.384987 -0.460049 7.003448 -1.724306 -0.443413 0.542974
    30 0.561516 -0.596954 5.061852 -1.471594 -0.380461 0.377637
    31 -2.452171 -8.899406 11.597897 -1.550510 -0.077769 1.476681
    32 0.680496 -0.903999 6.074253 -1.606764 0.172086 -0.012699
    33 0.245514 -0.661150 3.388004 -1.463210 0.110102 -0.097570
    34 -0.717484 -3.784271 13.043911 -1.579568 -0.030707 1.465659
    35 1.099216 -1.407745 8.017889 -1.760968 0.031572 -0.016693
    36 0.068439 -0.807653 3.686054 -1.444681 0.033445 -0.009141
    37 -4.004929 6.172707 4.754754 0.404908 0.945837 2.879801
    38 0.158352 -1.149811 5.804394 -1.000997 -0.363150 0.139351
    39 -1.083523 -1.463142 5.544399 -0.931655 -0.172887 -0.034976
    40 -6.289886 0.932434 13.569063 -0.126803 0.612110 2.869610
    41 1.327774 -0.766687 12.396328 -0.031869 0.012862 -0.279063
    42 -0.096140 1.828087 23.185329 -0.047729 -0.422921 -1.397034
    43 2.325478 -0.000003 6.169296 0.140192 0.112981 1.943631
    44 0.000000 -3.152912 0.122169 2.242994 0.000000 0.000000
    45 1.068383 -10.478592 7.066338 0.292219 -1.282324 -3.141588
    46 0.000000 0.000000 2.279457 0.547137 -0.343566 0.107833
    47 2.479414 -8.323895 6.074242 0.022980 0.281540 4.364362
    48 0.000003 -5.075260 5.105362 0.000000 0.000000 0.000000
    49 -1.068383 -10.478611 7.065971 0.292219 1.282324 3.141588
    50 -0.000488 0.000015 2.279600 0.547136 0.343566 0.107835
    51 -2.479401 -8.323895 6.074234 0.006846 0.296058 4.351313
    52 -5.790000 4.432083 14.255558 -5.473508 1.166638 -2.477784
    53 1.044540 -2.839314 19.743252 -0.156336 0.390261 -0.081078
    54 -2.655510 -1.533379 24.792648 -1.806108 -0.195067 0.197563
    55 -1.120216 -0.154385 9.795983 -0.016496 -0.001073 0.143357
    56 -2.240372 -0.308788 19.592047 -0.317385 -0.010490 0.244547
    57 -0.683205 2.877342 14.167089 -1.496837 0.211808 -1.551636
    58 -0.144958 -0.145317 7.579308 -1.750136 0.309416 -0.218605
    59 -0.038551 -0.936644 4.697678 -1.564181 0.260959 -0.213038
    60 -0.506317 8.500896 13.617329 -1.455778 0.301648 -1.565920
    61 0.385056 -0.460075 7.003435 -1.752537 0.589568 -0.525903
    62 -0.456360 -0.710276 5.057732 -1.462235 0.563685 -0.435255
    63 2.452194 -8.899408 11.597939 -1.550510 0.077767 -1.476679
    64 -0.680515 -0.903999 6.074242 -1.606694 -0.187975 0.009304
    65 -0.248295 -0.666843 3.386627 -1.463934 -0.128175 0.106473
    66 0.717491 -3.784309 13.044010 -1.579583 0.030713 -1.465679
    67 -1.099228 -1.407673 8.017876 -1.761109 -0.025112 0.018018
    68 -0.064053 -0.807640 3.686100 -1.444785 -0.030829 0.005648
    69 4.004906 6.172710 4.754800 0.404816 -0.945828 -2.879778
    70 -0.158381 -1.149773 5.804405 -0.909523 0.606891 0.245952
    71 1.078559 -2.386406 5.215008 -0.797001 0.468492 0.170295
    72 6.289963 0.932404 13.569109 -0.126801 -0.612098 -2.869612
    73 -1.327759 -0.766682 12.396324 -0.019868 -0.009243 0.177338
    74 0.000017 -54.999996 0.000000 0.000000 0.000000 -1.570796
  time 12
    0 0.000000 0.000000 -1.500000 0.000000 0.000000 0.000000
    1 -10.521344 -5.760963 66.994621 3.097007 -0.050786 -3.139334
    2 1.859803 15.136007 11.453183 0.773131 0.631701 0.662260
    3 -0.000034 0.000012 24.761454 -1.233624 -0.143049 -0.034278
    4 0.000017 0.000000 24.344809 1.151946 -0.466543 -0.421373
    5 0.002333 -1.019846 24.031336 0.852938 -0.058913 -0.030030
    6 0.000034 0.000008 13.404741 -0.000001 0.000003 -0.108802
    7 10.398263 -5.760962 66.994675 3.097007 0.050786 3.139334
    8 6.699257 4.719674 15.905166 0.480500 -0.827995 0.359086
    9 -0.000004 -0.000006 24.761459 -1.387184 0.160854 -0.552102
    10 -0.000007 0.000004 24.344891 1.649527 0.346083 0.248680
    11 -0.002360 -1.019903 24.031330 0.389594 -0.042695 -0.017219
    12 0.000000 -0.000002 13.404737 0.000001 0.000005 -0.109452
    13 -0.061540 -5.245835 72.927078 0.000000 0.000000 0.000000
    14 -3.291745 8.936645 -13.704483 0.671142 0.099102 -0.558200
    15 0.000000 -0.005608 -1.146812 -0.620751 0.143185 -0.076490
    16 0.030770 -0.240000 8.906021 -0.004138 0.000000 0.000000
    17 0.316439 -1.440594 -0.086338 0.174690 0.116523 -0.288035
    18 0.030770 -0.276858 8.905140 0.056125 0.004134 -0.000049
    19 0.303431 -0.967904 -0.063677 0.426690 0.153690 0.002695
    20 5.669724 4.435303 14.302868 2.501856 -1.263066 0.417937
    21 -1.044571 -2.839317 19.743267 -0.259934 0.052242 0.076181
    22 2.655533 -1.533369 24.792658 -1.086307 0.286857 -0.078022
    23 1.120163 -0.154394 9.796035 -0.005674 0.000626 -0.049324
    24 2.240311 -0.308786 19.592051 0.307900 -0.063018 -0.128718
    25 0.683151 2.877354 14.167051 -1.496833 -0.211811 1.551636
    26 0.144936 -0.145374 7.579252 -1.746343 -0.243648 0.231215
    27 0.091660 -0.906685 4.702850 -1.565973 -0.182528 0.186948
    28 0.506271 8.500866 13.617253 -1.455778 -0.301648 1.565924
    29 -0.384987 -0.460049 7.003448 -1.724306 -0.443413 0.542974
    30 0.561516 -0.596954 5.061852 -1.471594 -0.380461 0.377637
    31 -2.452171 -8.899406 11.597897 -1.550510 -0.077769 1.476681
    32 0.680496 -0.903999 6.074253 -1.606764 0.172086 -0.012699
    33 0.245514 -0.661150 3.388004 -1.463210 0.110102 -0.097570
    34 -0.717484 -3.784271 13.043911 -1.579568 -0.030719 1.465659
    35 1.099216 -1.407745 8.017889 -1.760968 0.031572 -0.016693
    36 0.068439 -0.807653 3.686054 -1.444681 0.033457 -0.009141
    37 -4.004929 6.172707 4.754754 0.404908 0.945837 2.879801
    38 0.158352 -1.149811 5.804394 -1.000997 -0.363150 0.139351
    39 -1.083523 -1.463142 5.544399 -0.931655 -0.172887 -0.034976
    40 -6.289886 0.932434 13.569063 -0.126803 0.612110 2.869610
    41 1.327774 -0.766687 12.396328 -0.013005 0.006535 -0.117669
    42 -0.096140 1.828087 23.185329 -0.047729 -0.422921 -1.397034
    43 2.325478 -0.000003 6.169296 0.140192 0.112981 1.943631
    44 0.000000 -3.152912 0.122169 2.242994 0.000000 0.000000
    45 1.068383 -10.478592 7.066338 0.292219 -1.282324 -3.141588
    46 0.000000 0.000000 2.279457 0.547137 -0.343566 0.107833
    47 2.479414 -8.323895 6.074242 0.024448 0.368745 4.345356
    48 0.000003 -5.075260 5.105362 0.000000 0.000000 0.000000
    49 -1.068383 -10.478611 7.065971 0.292219 1.282324 3.141588
    50 -0.000488 0.000015 2.279600 0.547136 0.343566 0.107835
    51 -2.479401 -8.323895 6.074234 0.008010 0.381204 4.330140
    52 -5.790000 4.432083 14.255558 -5.554796 1.192930 -2.449614
    53 1.044540 -2.839314 19.743252 -0.062889 0.393992 -0.071389
    54 -2.655510 -1.533379 24.792648 -1.830919 -0.200516 0.371515
    55 -1.120216 -0.154385 9.795983 -0.016508 -0.001073 0.143357
    56 -2.240372 -0.308788 19.592047 -0.317233 -0.010490 0.244547
    57 -0.683205 2.877342 14.167089 -1.496837 0.211808 -1.551636
    58 -0.144958 -0.145317 7.579308 -1.750136 0.309416 -0.218605
    59 -0.038551 -0.936644 4.697678 -1.564181 0.260959 -0.213038
    60 -0.506317 8.500896 13.617329 -1.455778 0.301648 -1.565920
    61 0.385056 -0.460075 7.003435 -1.752537 0.589568 -0.525903
    62 -0.456360 -0.710276 5.057732 -1.462235 0.563664 -0.435255
    63 2.452194 -8.899408 11.597939 -1.550510 0.077767 -1.476679
    64 -0.680515 -0.903999 6.074242 -1.606694 -0.187975 0.009304
    65 -0.248295 -0.666843 3.386627 -1.463934 -0.128175 0.106473
    66 0.717491 -3.784309 13.044010 -1.579583 0.030713 -1.465679
    67 -1.099228 -1.407673 8.017876 -1.761109 -0.025112 0.018018
    68 -0.064053 -0.807640 3.686100 -1.444785 -0.030829 0.005648
    69 4.004906 6.172710 4.754800 0.404816 -0.945828 -2.879778
    70 -0.158381 -1.149773 5.804405 -0.909523 0.606891 0.245952
    71 1.078559 -2.386406 5.215008 -0.797001 0.468492 0.170295
    72 6.289963 0.932404 13.569109 -0.126801 -0.612098 -2.869612
    73 -1.327759 -0.766682 12.396324 -0.029312 -0.012227 0.257515
    74 0.000017 -54.999996 0.000000 0.000000 0.000000 -1.570796
  time 13
    0 0.000000 0.000000 -1.500000 0.000000 0.000000 0.000000
    1 -10.521344 -5.760963 66.994621 3.097007 -0.050786 -3.139334
    2 2.398882 15.062345 7.214945 0.573503 0.623323 0.584055
    3 -0.000034 0.000012 24.761454 -0.994473 -0.115401 0.078226
    4 0.000017 0.000000 24.344809 1.024460 -0.452328 -0.339528
    5 0.002333 -1.019846 24.031336 0.826356 -0.067902 -0.043681
    6 0.000034 0.000008 13.404741 -0.000001 0.000003 -0.011245
    7 10.398263 -5.760962 66.994675 3.097007 0.050786 3.139334
    8 6.886762 5.269207 12.870343 0.406963 -0.760870 0.367338
    9 -0.000004 -0.000006 24.761459 -1.193373 0.138430 -0.536849
    10 -0.000007 0.000004 24.344891 1.535421 0.351127 0.219064
    11 -0.002360 -1.019903 24.031330 0.389594 -0.042695 -0.017219
    12 0.000000 -0.000002 13.404737 0.000001 0.000005 -0.100392
    13 -0.061540 -5.245835 72.927078 0.000000 0.000000 0.000000
    14 -3.358154 8.936645 -10.122039 0.648003 0.086423 -0.535860
    15 0.000000 -0.005608 -1.146812 -0.607131 0.205517 -0.113014
    16 0.030770 -0.240000 8.906021 -0.004138 0.000000 0.000000
    17 0.543009 -1.069489 -0.094151 0.117030 0.144060 -0.302771
    18 0.030770 -0.276858 8.905140 0.056125 0.004134 -0.000049
    19 0.072955 -0.620237 -0.005082 0.265552 0.069141 -0.030730
    20 5.669724 4.435303 14.302868 2.285562 -1.194288 0.764471
    21 -1.044571 -2.839317 19.743267 -0.410266 -0.110259 0.061263
    22 2.655533 -1.533369 24.792658 -0.922008 0.115051 0.459696
    23 1.120163 -0.154394 9.796035 -0.005362 0.000602 -0.046806
    24 2.240311 -0.308786 19.592051 0.247888 0.142068 -0.118946
    25 0.683151 2.877354 14.167051 -1.496833 -0.211811 1.551636
    26 0.144936 -0.145374 7.579252 -1.746343 -0.243648 0.231215
    27 0.091660 -0.906685 4.702850 -1.565973 -0.182528 0.186948
    28 0.506271 8.500866 13.617253 -1.455778 -0.301648 1.565924
    29 -0.384987 -0.460049 7.003448 -1.724306 -0.443413 0.542974
    30 0.561516 -0.596954 5.061852 -1.471594 -0.380461 0.377649
    31 -2.452171 -8.899406 11.597897 -1.550510 -0.077769 1.476681
    32 0.680496 -0.903999 6.074253 -1.606764 0.172086 -0.012699
    33 0.245514 -0.661150 3.388004 -1.463210 0.110102 -0.097570
    34 -0.717484 -3.784271 13.043911 -1.579524 -0.030707 1.465659
    35 1.099216 -1.407745 8.017889 -1.760968 0.031572 -0.016693
    36 0.068439 -0.807653 3.686054 -1.444681 0.033445 -0.009141
    37 -4.004929 6.172707 4.754754 0.404908 0.945837 2.879801
    38 0.158352 -1.149811 5.804394 -1.000997 -0.363150 0.139351
    39 -1.083523 -1.463142 5.544399 -0.931655 -0.172887 -0.034976
    40 -6.289886 0.932434 13.569063 -0.126803 0.612110 2.869610
    41 1.327774 -0.766687 12.396328 0.012354 -0.008147 0.119802
    42 -0.096140 1.828087 23.185329 -0.047729 -0.422921 -1.397034
    43 2.325478 -0.000003 6.169296 0.140192 0.112981 1.943631
    44 0.000000 -3.152912 0.122169 2.242994 0.000000 0.000000
    45 1.068383 -10.478592 7.066338 0.292219 -1.282324 -3.141588
    46 0.000000 0.000000 2.279457 0.547137 -0.343566 0.107833
    47 2.479414 -8.323895 6.074242 0.028988 0.633927 4.338002
    48 0.000003 -5.075260 5.105362 0.000000 0.000000 0.000000
    49 -1.068383 -10.478611 7.065971 0.292231 1.282324 3.141588
    50 -0.000488 0.000015 2.279600 0.547136 0.343566 0.107835
    51 -2.479401 -8.323895 6.074234 0.010521 0.646755 4.309254
    52 -5.790000 4.432083 14.255558 -5.387332 1.151684 -2.490623
    53 1.044540 -2.839314 19.743252 0.002062 0.501723 -0.052638
    54 -2.655510 -1.533379 24.792648 -1.770277 -0.191858 0.245500
    55 -1.120216 -0.154385 9.795983 -0.016496 -0.001073 0.143357
    56 -2.240372 -0.308788 19.592047 -0.052087 -0.014005 0.285875
    57 -0.683205 2.877342 14.167089 -1.496837 0.211808 -1.551636
    58 -0.144958 -0.145317 7.579308 -1.750136 0.309416 -0.218605
    59 -0.038551 -0.936644 4.697678 -1.564181 0.260959 -0.213038
    60 -0.506317 8.500896 13.617329 -1.455778 0.301648 -1.565920
    61 0.385056 -0.460075 7.003435 -1.752537 0.589568 -0.525903
    62 -0.456360 -0.710276 5.057732 -1.462235 0.563664 -0.435255
    63 2.452194 -8.899408 11.597939 -1.550510 0.077767 -1.476679
    64 -0.680515 -0.903999 6.074242 -1.606694 -0.187975 0.009304
    65 -0.248295 -0.666843 3.386627 -1.463934 -0.128175 0.106473
    66 0.717491 -3.784309 13.044010 -1.579583 0.030713 -1.465679
    67 -1.099228 -1.407673 8.017876 -1.761109 -0.025112 0.018018
    68 -0.064053 -0.807640 3.686100 -1.444785 -0.030829 0.005648
    69 4.004906 6.172710 4.754800 0.404816 -0.945828 -2.879778
    70 -0.158381 -1.149773 5.804405 -0.909523 0.606891 0.245952
    71 1.078559 -2.386406 5.215008 -0.797001 0.468492 0.170295
    72 6.289963 0.932404 13.569109 -0.126801 -0.612098 -2.869612
    73 -1.327759 -0.766682 12.396324 -0.021486 -0.009794 0.191218
    74 0.000017 -54.999996 0.000000 0.000000 0.000000 -1.570796
  time 14
    0 0.000000 0.000000 -1.500000 0.000000 0.000000 0.000000
    1 -10.521344 -5.760963 66.994621 3.097007 -0.050786 -3.139334
    2 2.613732 13.687322 10.511352 0.623444 0.698812 0.531015
    3 -0.000034 0.000012 24.761454 -1.192932 -0.138339 0.095612
    4 0.000017 0.000000 24.344809 1.168529 -0.458304 -0.401063
    5 0.002333 -1.019846 24.031336 0.843082 -0.063971 -0.038635
    6 0.000034 0.000008 13.404741 -0.000001 0.000003 -0.019451
    7 10.398263 -5.760962 66.994675 3.097007 0.050786 3.139334
    8 6.316433 5.656377 15.500523 0.636959 -0.741116 0.158653
    9 -0.000004 -0.000006 24.761459 -1.371180 0.158984 -0.406254
    10 -0.000007 0.000004 24.344891 1.611255 0.336284 0.236195
    11 -0.002360 -1.019903 24.031330 0.389594 -0.042695 -0.017219
    12 0.000000 -0.000002 13.404737 0.000001 0.000005 -0.032012
    13 -0.061540 -5.245835 72.927078 0.000000 0.000000 0.000000
    14 -3.244869 8.936645 -13.028551 0.659492 0.007006 -0.423920
    15 0.000000 -0.005608 -1.146812 -0.655200 0.231319 -0.149510
    16 0.030770 -0.240000 8.906021 -0.004138 0.000000 0.000000
    17 1.242249 0.852444 -0.098058 -0.213548 0.180307 -0.250378
    18 0.030770 -0.276858 8.905140 0.056125 0.004134 -0.000049
    19 -0.380183 -0.960091 -0.040239 0.317560 -0.093455 -0.043625
    20 5.669724 4.435303 14.302868 2.193301 -1.197777 0.994184
    21 -1.044571 -2.839317 19.743267 -0.264434 -0.164530 0.079424
    22 2.655533 -1.533369 24.792658 -0.937891 0.033125 0.729485
    23 1.120163 -0.154394 9.796035 -0.012337 0.001009 -0.107342
    24 2.240311 -0.308786 19.592051 0.054971 0.440258 -0.252114
    25 0.683151 2.877354 14.167051 -1.496833 -0.211811 1.551636
    26 0.144936 -0.145374 7.579252 -1.746296 -0.243648 0.231215
    27 0.091660 -0.906685 4.702850 -1.565973 -0.182528 0.186948
    28 0.506271 8.500866 13.617253 -1.455778 -0.301648 1.565924
    29 -0.384987 -0.460049 7.003448 -1.724306 -0.443413 0.542974
    30 0.561516 -0.596954 5.061852 -1.471630 -0.380461 0.377637
    31 -2.452171 -8.899406 11.597897 -1.550510 -0.077769 1.476681
    32 0.680496 -0.903999 6.074253 -1.606764 0.172086 -0.012699
    33 0.245514 -0.661150 3.388004 -1.463210 0.110102 -0.097570
    34 -0.717484 -3.784271 13.043911 -1.579568 -0.030707 1.465659
    35 1.099216 -1.407745 8.017889 -1.760968 0.031572 -0.016693
    36 0.068439 -0.807653 3.686054 -1.444681 0.033457 -0.009141
    37 -4.004929 6.172707 4.754754 0.404908 0.945837 2.879801
    38 0.158352 -1.149811 5.804394 -1.000997 -0.363150 0.139351
    39 -1.083523 -1.463142 5.544399 -0.931655 -0.172887 -0.034976
    40 -6.289886 0.932434 13.569063 -0.126803 0.612110 2.869610
    41 1.327774 -0.766687 12.396328 0.023835 -0.017914 0.241575
    42 -0.096140 1.828087 23.185329 -0.047729 -0.422921 -1.397034
    43 2.325478 -0.000003 6.169296 0.109202 0.138533 1.674022
    44 0.000000 -3.152912 0.122169 2.242994 0.000000 0.000000
    45 1.068383 -10.478592 7.066338 0.292219 -1.282324 -3.141588
    46 0.000000 0.000000 2.279457 0.547137 -0.343566 0.107833
    47 2.479414 -8.323895 6.074242 0.079310 1.137431 4.062271
    48 0.000003 -5.075260 5.105362 0.000000 0.000000 0.000000
    49 -1.068383 -10.478611 7.065971 0.292219 1.282324 3.141588
    50 -0.000488 0.000015 2.279600 0.547136 0.343566 0.107835
    51 -2.479401 -8.323895 6.074234 0.059585 1.152435 3.939822
    52 -5.790000 4.432083 14.255558 -5.342854 1.003315 -2.676792
    53 1.044540 -2.839314 19.743252 -0.554947 0.269853 -0.072314
    54 -2.655510 -1.533379 24.792648 -1.571692 -0.154375 -0.106040
    55 -1.120216 -0.154385 9.795983 -0.016496 -0.001073 0.143357
    56 -2.240372 -0.308788 19.592047 0.215579 -0.025688 0.305293
    57 -0.683205 2.877342 14.167089 -1.496837 0.211808 -1.551636
    58 -0.144958 -0.145317 7.579308 -1.750136 0.309416 -0.218605
    59 -0.038551 -0.936644 4.697678 -1.564181 0.260959 -0.213038
    60 -0.506317 8.500896 13.617329 -1.455778 0.301648 -1.565920
    61 0.385056 -0.460075 7.003435 -1.752537 0.589568 -0.525903
    62 -0.456360 -0.710276 5.057732 -1.462235 0.563664 -0.435255
    63 2.452194 -8.899408 11.597939 -1.550510 0.077767 -1.476679
    64 -0.680515 -0.903999 6.074242 -1.606694 -0.187975 0.009304
    65 -0.248295 -0.666843 3.386627 -1.463934 -0.128175 0.106473
    66 0.717491 -3.784309 13.044010 -1.579583 0.030713 -1.465679
    67 -1.099228 -1.407673 8.017876 -1.761109 -0.025112 0.018018
    68 -0.064053 -0.807640 3.686100 -1.444785 -0.030829 0.005648
    69 4.004906 6.172710 4.754800 0.404816 -0.945828 -2.879778
    70 -0.158381 -1.149773 5.804405 -0.909523 0.606891 0.245952
    71 1.078559 -2.386406 5.215008 -0.797001 0.468492 0.170295
    72 6.289963 0.932404 13.569109 -0.126801 -0.612098 -2.869612
    73 -1.327759 -0.766682 12.396324 -0.002191 -0.001237 0.020270
    74 0.000017 -54.999996 0.000000 0.000000 0.000000 -1.570796
  time 15
    0 0.000000 0.000000 -1.500000 0.000000 0.000000 0.000000
    1 -10.521344 -5.760963 66.994621 3.097007 -0.050786 -3.139334
    2 2.613732 13.687322 10.511352 0.623444 0.698812 0.531015
    3 -0.000034 0.000012 24.761454 -1.192932 -0.138339 0.095612
    4 0.000017 0.000000 24.344809 1.168529 -0.458304 -0.401063
    5 0.002333 -1.019846 24.031336 0.843082 -0.063971 -0.038635
    6 0.000034 0.000008 13.404741 -0.000001 0.000003 -0.019451
    7 10.398263 -5.760962 66.994675 3.097007 0.050786 3.139334
    8 6.316433 5.656377 15.500523 0.636959 -0.741116 0.158653
    9 -0.000004 -0.000006 24.761459 -1.371180 0.158984 -0.406254
    10 -0.000007 0.000004 24.344891 1.611255 0.336284 0.236195
    11 -0.002360 -1.019903 24.031330 0.389594 -0.042695 -0.017219
    12 0.000000 -0.000002 13.404737 0.000001 0.000005 -0.032012
    13 -0.061540 -5.245835 72.927078 0.000000 0.000000 0.000000
    14 -3.244869 8.936645 -13.028551 0.659492 0.007006 -0.423920
    15 0.000000 -0.005608 -1.146812 -0.655200 0.231319 -0.149510
    16 0.030770 -0.240000 8.906021 -0.004138 0.000000 0.000000
    17 1.242249 0.852444 -0.098058 -0.213548 0.180307 -0.250378
    18 0.030770 -0.276858 8.905140 0.056125 0.004134 -0.000049
    19 -0.380183 -0.960091 -0.040239 0.317560 -0.093455 -0.043625
    20 5.669724 4.435303 14.302868 2.193301 -1.197777 0.994184
    21 -1.044571 -2.839317 19.743267 -0.264434 -0.164530 0.079424
    22 2.655533 -1.533369 24.792658 -0.937891 0.033125 0.729485
    23 1.120163 -0.154394 9.796035 -0.012337 0.001009 -0.107342
    24 2.240311 -0.308786 19.592051 0.054971 0.440258 -0.252114
    25 0.683151 2.877354 14.167051 -1.496833 -0.211811 1.551636
    26 0.144936 -0.145374 7.579252 -1.746296 -0.243648 0.231215
    27 0.091660 -0.906685 4.702850 -1.565973 -0.182528 0.186948
    28 0.506271 8.500866 13.617253 -1.455778 -0.301648 1.565924
    29 -0.384987 -0.460049 7.003448 -1.724306 -0.443413 0.542974
    30 0.561516 -0.596954 5.061852 -1.471630 -0.380461 0.377637
    31 -2.452171 -8.899406 11.597897 -1.550510 -0.077769 1.476681
    32 0.680496 -0.903999 6.074253 -1.606764 0.172086 -0.012699
    33 0.245514 -0.661150 3.388004 -1.463210 0.110102 -0.097570
    34 -0.717484 -3.784271 13.043911 -1.579568 -0.030707 1.465659
    35 1.099216 -1.407745 8.017889 -1.760968 0.031572 -0.016693
    36 0.068439 -0.807653 3.686054 -1.444681 0.033457 -0.009141
    37 -4.004929 6.172707 4.754754 0.404908 0.945837 2.879801
    38 0.158352 -1.149811 5.804394 -1.000997 -0.363150 0.139351
    39 -1.083523 -1.463142 5.544399 -0.931655 -0.172887 -0.034976
    40 -6.289886 0.932434 13.569063 -0.126803 0.612110 2.869610
    41 1.327774 -0.766687 12.396328 0.023835 -0.017914 0.241575
    42 -0.096140 1.828087 23.185329 -0.047729 -0.422921 -1.397034
    43 2.325478 -0.000003 6.169296 0.109202 0.138533 1.674022
    44 0.000000 -3.152912 0.122169 2.242994 0.000000 0.000000
    45 1.068383 -10.478592 7.066338 0.292219 -1.282324 -3.141588
    46 0.000000 0.000000 2.279457 0.547137 -0.343566 0.107833
    47 2.479414 -8.323895 6.074242 0.079310 1.137431 4.062271
    48 0.000003 -5.075260 5.105362 0.000000 0.000000 0.000000
    49 -1.068383 -10.478611 7.065971 0.292219 1.282324 3.141588
    50 -0.000488 0.000015 2.279600 0.547136 0.343566 0.107835
    51 -2.479401 -8.323895 6.074234 0.059585 1.152435 3.939822
    52 -5.790000 4.432083 14.255558 -5.342854 1.003315 -2.676792
    53 1.044540 -2.839314 19.743252 -0.554947 0.269853 -0.072314
    54 -2.655510 -1.533379 24.792648 -1.571692 -0.154375 -0.106040
    55 -1.120216 -0.154385 9.795983 -0.016496 -0.001073 0.143357
    56 -2.240372 -0.308788 19.592047 0.215579 -0.025688 0.305293
    57 -0.683205 2.877342 14.167089 -1.496837 0.211808 -1.551636
    58 -0.144958 -0.145317 7.579308 -1.750136 0.309416 -0.218605
    59 -0.038551 -0.936644 4.697678 -1.564181 0.260959 -0.213038
    60 -0.506317 8.500896 13.617329 -1.455778 0.301648 -1.565920
    61 0.385056 -0.460075 7.003435 -1.752537 0.589568 -0.525903
    62 -0.456360 -0.710276 5.057732 -1.462235 0.563664 -0.435255
    63 2.452194 -8.899408 11.597939 -1.550510 0.077767 -1.476679
    64 -0.680515 -0.903999 6.074242 -1.606694 -0.187975 0.009304
    65 -0.248295 -0.666843 3.386627 -1.463934 -0.128175 0.106473
    66 0.717491 -3.784309 13.044010 -1.579583 0.030713 -1.465679
    67 -1.099228 -1.407673 8.017876 -1.761109 -0.025112 0.018018
    68 -0.064053 -0.807640 3.686100 -1.444785 -0.030829 0.005648
    69 4.004906 6.172710 4.754800 0.404816 -0.945828 -2.879778
    70 -0.158381 -1.149773 5.804405 -0.909523 0.606891 0.245952
    71 1.078559 -2.386406 5.215008 -0.797001 0.468492 0.170295
    72 6.289963 0.932404 13.569109 -0.126801 -0.612098 -2.869612
    73 -1.327759 -0.766682 12.396324 -0.002191 -0.001237 0.020270
    74 0.000017 -54.999996 0.000000 0.000000 0.000000 -1.570796
  time 16
    0 0.000000 0.000000 -1.500000 0.000000 0.000000 0.000000
    1 -10.521344 -5.760963 66.994621 3.097007 -0.050786 -3.139334
    2 2.379350 12.950702 14.884138 0.746213 0.739144 0.551200
    3 -0.000034 0.000012 24.761454 -1.397570 -0.162009 0.019510
    4 0.000017 0.000000 24.344809 1.317037 -0.476072 -0.489087
    5 0.002333 -1.019846 24.031336 0.868917 -0.056672 -0.027382
    6 0.000034 0.000008 13.404741 -0.000001 0.000003 -0.087055
    7 10.398263 -5.760962 66.994675 3.097007 0.050786 3.139334
    8 5.945328 5.643888 18.939989 0.813209 -0.741738 0.038674
    9 -0.000004 -0.000006 24.761459 -1.570655 0.182054 -0.342841
    10 -0.000007 0.000004 24.344891 1.708129 0.329418 0.263435
    11 -0.002360 -1.019903 24.031330 0.389594 -0.042695 -0.017219
    12 0.000000 -0.000002 13.404737 0.000001 0.000005 0.005753
    13 -0.061540 -5.245835 72.927078 0.000000 0.000000 0.000000
    14 -3.131584 8.936645 -16.926431 0.681575 -0.029674 -0.374676
    15 0.000000 -0.005608 -1.146812 -0.694466 0.215179 -0.154673
    16 0.030770 -0.240000 8.906021 -0.004138 0.000000 0.000000
    17 0.750046 0.227425 0.007414 -0.075585 0.131665 -0.078064
    18 0.030770 -0.276858 8.905140 0.056125 0.004134 -0.000049
    19 -0.387996 -0.944466 -0.063677 0.348122 -0.113471 -0.026679
    20 5.669724 4.435303 14.302868 2.152722 -1.290232 1.074493
    21 -1.044571 -2.839317 19.743267 -0.286498 -0.164948 0.077845
    22 2.655533 -1.533369 24.792658 -1.027418 0.070668 0.445786
    23 1.120163 -0.154394 9.796035 -0.018965 0.001021 -0.164635
    24 2.240311 -0.308786 19.592051 -0.060962 0.481883 -0.384649
    25 0.683151 2.877354 14.167051 -1.496833 -0.211811 1.551636
    26 0.144936 -0.145374 7.579252 -1.746343 -0.243648 0.231215
    27 0.091660 -0.906685 4.702850 -1.565973 -0.182528 0.186948
    28 0.506271 8.500866 13.617253 -1.455778 -0.301648 1.565924
    29 -0.384987 -0.460049 7.003448 -1.724306 -0.443413 0.542974
    30 0.561516 -0.596954 5.061852 -1.471594 -0.380461 0.377637
    31 -2.452171 -8.899406 11.597897 -1.550510 -0.077769 1.476681
    32 0.680496 -0.903999 6.074253 -1.606764 0.172086 -0.012699
    33 0.245514 -0.661150 3.388004 -1.463210 0.110102 -0.097570
    34 -0.717484 -3.784271 13.043911 -1.579568 -0.030707 1.465659
    35 1.099216 -1.407745 8.017889 -1.760968 0.031572 -0.016693
    36 0.068439 -0.807653 3.686054 -1.444681 0.033469 -0.009141
    37 -4.004929 6.172707 4.754754 0.404908 0.945837 2.879801
    38 0.158352 -1.149811 5.804394 -1.000997 -0.363150 0.139351
    39 -1.083523 -1.463142 5.544399 -0.931655 -0.172887 -0.034976
    40 -6.289886 0.932434 13.569063 -0.126803 0.612110 2.869610
    41 1.327774 -0.766687 12.396328 0.011156 -0.007272 0.107750
    42 -0.096140 1.828087 23.185329 -0.047729 -0.422921 -1.397034
    43 2.325478 -0.000003 6.169296 0.076827 0.155302 1.422293
    44 0.000000 -3.152912 0.122169 2.242994 0.000000 0.000000
    45 1.068383 -10.478592 7.066338 0.292219 -1.282324 -3.141588
    46 0.000000 0.000000 2.279457 0.547137 -0.343566 0.107833
    47 2.479414 -8.323895 6.074242 0.042010 0.847172 4.216038
    48 0.000003 -5.075260 5.105362 0.000000 0.000000 0.000000
    49 -1.068383 -10.478611 7.065971 0.292219 1.282324 3.141588
    50 -0.000488 0.000015 2.279600 0.547136 0.343566 0.107835
    51 -2.479401 -8.323895 6.074234 0.022832 0.869874 4.161807
    52 -5.790000 4.432083 14.255558 -5.386086 0.973906 -2.715693
    53 1.044540 -2.839314 19.743252 -0.733159 0.164581 -0.025504
    54 -2.655510 -1.533379 24.792648 -1.663486 -0.160290 -0.182679
    55 -1.120216 -0.154385 9.795983 -0.016508 -0.001073 0.143357
    56 -2.240372 -0.308788 19.592047 0.215579 -0.025737 0.305293
    57 -0.683205 2.877342 14.167089 -1.496837 0.211808 -1.551636
    58 -0.144958 -0.145317 7.579308 -1.750136 0.309416 -0.218605
    59 -0.038551 -0.936644 4.697678 -1.564181 0.260959 -0.213038
    60 -0.506317 8.500896 13.617329 -1.455778 0.301648 -1.565920
    61 0.385056 -0.460075 7.003435 -1.752537 0.589568 -0.525903
    62 -0.456360 -0.710276 5.057732 -1.462235 0.563664 -0.435255
    63 2.452194 -8.899408 11.597939 -1.550510 0.077767 -1.476679
    64 -0.680515 -0.903999 6.074242 -1.606694 -0.187975 0.009304
    65 -0.248295 -0.666843 3.386627 -1.463934 -0.128175 0.106473
    66 0.717491 -3.784309 13.044010 -1.579583 0.030713 -1.465679
    67 -1.099228 -1.407673 8.017876 -1.761109 -0.025112 0.018018
    68 -0.064053 -0.807640 3.686100 -1.444785 -0.030829 0.005648
    69 4.004906 6.172710 4.754800 0.404816 -0.945828 -2.879778
    70 -0.158381 -1.149773 5.804405 -0.909523 0.606891 0.245952
    71 1.078559 -2.386406 5.215008 -0.797001 0.468492 0.170295
    72 6.289963 0.932404 13.569109 -0.126801 -0.612098 -2.869612
    73 -1.327759 -0.766682 12.396324 0.004185 0.002526 -0.039736
    74 0.000017 -54.999996 0.000000 0.000000 0.000000 -1.570796
  time 17
    0 0.000000 0.000000 -1.500000 0.000000 0.000000 0.000000
    1 -10.521344 -5.760963 66.994621 3.097007 -0.050786 -3.139334
    2 2.059028 12.275468 19.256923 0.847940 0.756207 0.570380
    3 -0.000034 0.000012 24.761454 -1.559808 -0.180777 -0.091487
    4 0.000017 0.000000 24.344809 1.470785 -0.499159 -0.591371
    5 0.002333 -1.019846 24.031336 0.894715 -0.049745 -0.015133
    6 0.000034 0.000008 13.404741 -0.000001 0.000003 -0.171091
    7 10.398263 -5.760962 66.994675 3.097007 0.050786 3.139334
    8 5.613286 5.618909 22.536817 0.976492 -0.731862 -0.064719
    9 -0.000004 -0.000006 24.761459 -1.754732 0.203315 -0.288256
    10 -0.000007 0.000004 24.344891 1.794741 0.325618 0.293807
    11 -0.002360 -1.019903 24.031330 0.389594 -0.042695 -0.017207
    12 0.000000 -0.000002 13.404737 0.000001 0.000005 0.040941
    13 -0.061540 -5.245835 72.927078 0.000000 0.000000 0.000000
    14 -3.006580 8.936645 -20.914435 0.704554 -0.061847 -0.331678
    15 0.000000 -0.005608 -1.146812 -0.732519 0.197612 -0.156929
    16 0.030770 -0.240000 8.906021 -0.004138 0.000000 0.000000
    17 0.320346 -0.913234 -0.027743 0.127994 0.022442 0.210536
    18 0.030770 -0.276858 8.905140 0.056125 0.004134 -0.000049
    19 -0.290337 -0.850713 -0.048052 0.363064 -0.112813 0.008136
    20 5.669724 4.435303 14.302868 1.631413 -1.420529 1.728940
    21 -1.044571 -2.839317 19.743267 -0.488001 -0.304696 0.082837
    22 2.655533 -1.533369 24.792658 -1.140770 0.105022 0.153191
    23 1.120163 -0.154394 9.796035 -0.025556 0.000662 -0.221928
    24 2.240311 -0.308786 19.592051 -0.174850 0.492888 -0.518015
    25 0.683151 2.877354 14.167051 -1.496833 -0.211811 1.551636
    26 0.144936 -0.145374 7.579252 -1.746343 -0.243660 0.231215
    27 0.091660 -0.906685 4.702850 -1.565973 -0.182528 0.186948
    28 0.506271 8.500866 13.617253 -1.455778 -0.301648 1.565924
    29 -0.384987 -0.460049 7.003448 -1.724306 -0.443413 0.542974
    30 0.561516 -0.596954 5.061852 -1.471594 -0.380461 0.377637
    31 -2.452171 -8.899406 11.597897 -1.550510 -0.077769 1.476681
    32 0.680496 -0.903999 6.074253 -1.606764 0.172086 -0.012699
    33 0.245514 -0.661150 3.388004 -1.463210 0.110102 -0.097570
    34 -0.717484 -3.784271 13.043911 -1.579568 -0.030707 1.465659
    35 1.099216 -1.407745 8.017889 -1.760968 0.031572 -0.016693
    36 0.068439 -0.807653 3.686054 -1.444681 0.033457 -0.009141
    37 -4.004929 6.172707 4.754754 0.404908 0.945837 2.879801
    38 0.158352 -1.149811 5.804394 -1.000997 -0.363150 0.139351
    39 -1.083523 -1.463142 5.544399 -0.931655 -0.172887 -0.034976
    40 -6.289886 0.932434 13.569063 -0.126803 0.612110 2.869610
    41 1.327774 -0.766687 12.396328 0.000837 -0.000476 0.007820
    42 -0.096140 1.828087 23.185329 -0.047729 -0.422921 -1.397034
    43 2.325478 -0.000003 6.169296 0.042495 0.165083 1.169646
    44 0.000000 -3.152912 0.122169 2.242994 0.000000 0.000000
    45 1.068383 -10.478592 7.066338 0.292219 -1.282324 -3.141588
    46 0.000000 0.000000 2.279457 0.547137 -0.343566 0.107833
    47 2.479414 -8.323895 6.074242 0.028037 0.574946 4.331507
    48 0.000003 -5.075260 5.105362 0.000000 0.000000 0.000000
    49 -1.068383 -10.478611 7.065971 0.292219 1.282324 3.141588
    50 -0.000488 0.000015 2.279600 0.547136 0.343566 0.107835
    51 -2.479401 -8.323895 6.074234 0.010039 0.593172 4.310308
    52 -5.790000 4.432083 14.255558 -5.366627 0.985495 -2.684362
    53 1.044540 -2.839314 19.743252 -0.716796 0.106497 -0.012441
    54 -2.655510 -1.533379 24.792648 -1.647432 -0.151761 -0.273782
    55 -1.120216 -0.154385 9.795983 -0.016520 -0.001073 0.143357
    56 -2.240372 -0.308788 19.592047 0.215502 -0.025737 0.305293
    57 -0.683205 2.877342 14.167089 -1.496837 0.211808 -1.551636
    58 -0.144958 -0.145317 7.579308 -1.750136 0.309416 -0.218605
    59 -0.038551 -0.936644 4.697678 -1.564181 0.260959 -0.213038
    60 -0.506317 8.500896 13.617329 -1.455778 0.301648 -1.565920
    61 0.385056 -0.460075 7.003435 -1.752537 0.589568 -0.525903
    62 -0.456360 -0.710276 5.057732 -1.462235 0.563664 -0.435255
    63 2.452194 -8.899408 11.597939 -1.550510 0.077767 -1.476679
    64 -0.680515 -0.903999 6.074242 -1.606694 -0.187975 0.009304
    65 -0.248295 -0.666843 3.386627 -1.463934 -0.128175 0.106473
    66 0.717491 -3.784309 13.044010 -1.579583 0.030713 -1.465679
    67 -1.099228 -1.407673 8.017876 -1.761109 -0.025112 0.018018
    68 -0.064053 -0.807640 3.686100 -1.444785 -0.030829 0.005648
    69 4.004906 6.172710 4.754800 0.404816 -0.945828 -2.879778
    70 -0.158381 -1.149773 5.804405 -0.909523 0.606891 0.245952
    71 1.078559 -2.386406 5.215008 -0.797001 0.468492 0.170295
    72 6.289963 0.932404 13.569109 -0.126801 -0.612098 -2.869612
    73 -1.327759 -0.766682 12.396324 0.008284 0.005247 -0.079385
    74 0.000017 -54.999996 0.000000 0.000000 0.000000 -1.570796
  time 18
    0 0.000000 0.000000 -1.500000 0.000000 0.000000 0.000000
    1 -10.521344 -5.760963 66.994621 3.097007 -0.050786 -3.139334
    2 1.738706 11.784388 22.844849 0.902527 0.751754 0.575448
    3 -0.000034 0.000012 24.761454 -1.660867 -0.192450 -0.212786
    4 0.000017 0.000000 24.344809 1.610723 -0.520255 -0.684861
    5 0.002333 -1.019846 24.031336 0.914726 -0.044448 -0.004479
    6 0.000034 0.000008 13.404741 -0.000001 0.000003 -0.245445
    7 10.398263 -5.760962 66.994675 3.097007 0.050786 3.139334
    8 5.351559 5.618909 25.481719 1.100618 -0.721034 -0.137911
    9 -0.000004 -0.000006 24.761459 -1.893820 0.219374 -0.250861
    10 -0.000007 0.000004 24.344891 1.857603 0.323818 0.322098
    11 -0.002360 -1.019903 24.031330 0.389594 -0.042695 -0.017219
    12 0.000000 -0.000002 13.404737 0.000001 0.000005 0.068057
    13 -0.061540 -5.245835 72.927078 0.000000 0.000000 0.000000
    14 -2.877670 8.936645 -24.158914 0.722829 -0.084437 -0.301531
    15 0.000000 -0.005608 -1.146812 -0.761323 0.183715 -0.156956
    16 0.030770 -0.240000 8.906021 -0.004138 0.000000 0.000000
    17 0.441443 -1.749197 -0.183998 0.254720 -0.080071 0.487236
    18 0.030770 -0.276858 8.905140 0.056125 0.004134 -0.000049
    19 -0.177052 -0.838994 -0.020707 0.391338 -0.103309 0.037571
    20 5.669724 4.435303 14.302868 0.523142 -1.353478 2.997393
    21 -1.044571 -2.839317 19.743267 -0.686667 -0.493863 0.140987
    22 2.655533 -1.533369 24.792658 -1.259199 0.128193 -0.051092
    23 1.120163 -0.154394 9.796035 -0.030626 0.000110 -0.265976
    24 2.240311 -0.308786 19.592051 -0.258449 0.484968 -0.618029
    25 0.683151 2.877354 14.167051 -1.496833 -0.211811 1.551636
    26 0.144936 -0.145374 7.579252 -1.746343 -0.243648 0.231215
    27 0.091660 -0.906685 4.702850 -1.565973 -0.182528 0.186948
    28 0.506271 8.500866 13.617253 -1.455778 -0.301648 1.565924
    29 -0.384987 -0.460049 7.003448 -1.724306 -0.443413 0.542974
    30 0.561516 -0.596954 5.061852 -1.471630 -0.380461 0.377637
    31 -2.452171 -8.899406 11.597897 -1.550510 -0.077769 1.476681
    32 0.680496 -0.903999 6.074253 -1.606764 0.172086 -0.012699
    33 0.245514 -0.661150 3.388004 -1.463210 0.110102 -0.097570
    34 -0.717484 -3.784271 13.043911 -1.579568 -0.030707 1.465659
    35 1.099216 -1.407745 8.017889 -1.760968 0.031572 -0.016693
    36 0.068439 -0.807653 3.686054 -1.444681 0.033457 -0.009141
    37 -4.004929 6.172707 4.754754 0.404908 0.945837 2.879801
    38 0.158352 -1.149811 5.804394 -1.000997 -0.363150 0.139351
    39 -1.083523 -1.463142 5.544399 -0.931655 -0.172887 -0.034976
    40 -6.289886 0.932434 13.569063 -0.126803 0.612110 2.869610
    41 1.327774 -0.766687 12.396328 -0.010740 0.005528 -0.097633
    42 -0.096140 1.828087 23.185329 -0.047729 -0.422921 -1.397034
    43 2.325478 -0.000003 6.169296 0.015611 0.167847 0.974992
    44 0.000000 -3.152912 0.122169 2.242994 0.000000 0.000000
    45 1.068383 -10.478592 7.066338 0.292219 -1.282324 -3.141588
    46 0.000000 0.000000 2.279457 0.547137 -0.343566 0.107833
    47 2.479414 -8.323895 6.074242 0.023007 0.435710 4.401228
    48 0.000003 -5.075260 5.105362 0.000000 0.000000 0.000000
    49 -1.068383 -10.478611 7.065971 0.292219 1.282324 3.141588
    50 -0.000488 0.000015 2.279600 0.547136 0.343566 0.107835
    51 -2.479401 -8.323895 6.074234 0.005440 0.444945 4.391552
    52 -5.790000 4.432083 14.255558 -5.069468 1.161736 -1.828539
    53 1.044540 -2.839314 19.743252 -0.202141 0.245687 -0.083173
    54 -2.655510 -1.533379 24.792648 -1.082075 -0.370999 -0.604117
    55 -1.120216 -0.154385 9.795983 0.058935 0.026336 -0.566316
    56 -2.240372 -0.308788 19.592047 0.313328 -0.240088 0.487616
    57 -0.683205 2.877342 14.167089 -1.496837 0.211808 -1.551636
    58 -0.144958 -0.145317 7.579308 -1.750136 0.309416 -0.218605
    59 -0.038551 -0.936644 4.697678 -1.564181 0.260959 -0.213038
    60 -0.506317 8.500896 13.617329 -1.455778 0.301648 -1.565920
    61 0.385056 -0.460075 7.003435 -1.752537 0.589568 -0.525903
    62 -0.456360 -0.710276 5.057732 -1.462235 0.563664 -0.435255
    63 2.452194 -8.899408 11.597939 -1.550510 0.077767 -1.476679
    64 -0.680515 -0.903999 6.074242 -1.606694 -0.187975 0.009304
    65 -0.248295 -0.666843 3.386627 -1.463934 -0.128175 0.106473
    66 0.717491 -3.784309 13.044010 -1.579583 0.030713 -1.465679
    67 -1.099228 -1.407673 8.017876 -1.761109 -0.025112 0.018018
    68 -0.064053 -0.807640 3.686100 -1.444785 -0.030829 0.005648
    69 4.004906 6.172710 4.754800 0.404816 -0.945828 -2.879778
    70 -0.158381 -1.149773 5.804405 -0.909523 0.606891 0.245952
    71 1.078559 -2.386406 5.215008 -0.797001 0.468492 0.170295
    72 6.289963 0.932404 13.569109 -0.126801 -0.612098 -2.869612
    73 -1.327759 -0.766682 12.396324 0.021179 0.015422 -0.212165
    74 0.000017 -54.999996 0.000000 0.000000 0.000000 -1.570796
  time 19
    0 0.000000 0.000000 -1.500000 0.000000 0.000000 0.000000
    1 -10.521344 -5.760963 66.994621 3.097007 -0.050786 -3.139334
    2 1.508230 11.563402 24.661237 0.913322 0.741093 0.570467
    3 -0.000034 0.000012 24.761454 -1.699038 -0.196848 -0.291698
    4 0.000017 0.000000 24.344809 1.695426 -0.532591 -0.735614
    5 0.002333 -1.019846 24.031336 0.922753 -0.041559 0.001921
    6 0.000034 0.000008 13.404741 -0.000001 0.000003 -0.282612
    7 10.398263 -5.760962 66.994675 3.097007 0.050786 3.139334
    8 5.195305 5.581441 27.055331 1.163065 -0.716864 -0.171743
    9 -0.000004 -0.000006 24.761459 -1.965097 0.227608 -0.235860
    10 -0.000007 0.000004 24.344891 1.888840 0.322685 0.338219
    11 -0.002360 -1.019903 24.031330 0.389594 -0.042695 -0.017219
    12 0.000000 -0.000002 13.404737 0.000001 0.000005 0.081776
    13 -0.061540 -5.245835 72.927078 0.000000 0.000000 0.000000
    14 -2.740947 8.936645 -25.848746 0.730222 -0.092936 -0.290181
    15 0.000000 -0.005608 -1.146812 -0.772774 0.178084 -0.156331
    16 0.030770 -0.240000 8.906021 -0.004138 0.000000 0.000000
    17 0.636761 -1.983580 -0.238687 0.286265 -0.124206 0.627003
    18 0.030770 -0.276858 8.905140 0.056125 0.004134 -0.000049
    19 -0.122363 -0.913215 -0.020707 0.429049 -0.097487 0.047997
    20 5.669724 4.435303 14.302868 0.375659 -1.261586 3.220973
    21 -1.044571 -2.839317 19.743267 -0.716753 -0.603554 0.192595
    22 2.655533 -1.533369 24.792658 -1.366475 0.142219 -0.122340
    23 1.120163 -0.154394 9.796035 -0.032627 -0.000165 -0.283602
    24 2.240311 -0.308786 19.592051 -0.290174 0.478199 -0.656880
    25 0.683151 2.877354 14.167051 -1.496833 -0.211811 1.551636
    26 0.144936 -0.145374 7.579252 -1.746343 -0.243648 0.231215
    27 0.091660 -0.906685 4.702850 -1.565973 -0.182528 0.186948
    28 0.506271 8.500866 13.617253 -1.455778 -0.301648 1.565924
    29 -0.384987 -0.460049 7.003448 -1.724306 -0.443413 0.542974
    30 0.561516 -0.596954 5.061852 -1.471594 -0.380461 0.377637
    31 -2.452171 -8.899406 11.597897 -1.550510 -0.077769 1.476681
    32 0.680496 -0.903999 6.074253 -1.606764 0.172086 -0.012699
    33 0.245514 -0.661150 3.388004 -1.463210 0.110102 -0.097570
    34 -0.717484 -3.784271 13.043911 -1.579568 -0.030707 1.465659
    35 1.099216 -1.407745 8.017889 -1.760968 0.031572 -0.016693
    36 0.068439 -0.807653 3.686054 -1.444681 0.033457 -0.009141
    37 -4.004929 6.172707 4.754754 0.404908 0.945837 2.879801
    38 0.158352 -1.149811 5.804394 -1.000997 -0.363150 0.139351
    39 -1.083523 -1.463142 5.544399 -0.931655 -0.172887 -0.034976
    40 -6.289886 0.932434 13.569063 -0.126803 0.612110 2.869610
    41 1.327774 -0.766687 12.396328 -0.016361 0.007901 -0.147196
    42 -0.096140 1.828087 23.185329 -0.047729 -0.422921 -1.397034
    43 2.325478 -0.000003 6.169296 0.004915 0.167818 0.897042
    44 0.000000 -3.152912 0.122169 2.242994 0.000000 0.000000
    45 1.068383 -10.478592 7.066338 0.292219 -1.282324 -3.141588
    46 0.000000 0.000000 2.279457 0.547137 -0.343566 0.107833
    47 2.479414 -8.323895 6.074242 0.021430 0.395183 4.429880
    48 0.000003 -5.075260 5.105362 0.000000 0.000000 0.000000
    49 -1.068383 -10.478611 7.065971 0.292219 1.282324 3.141588
    50 -0.000488 0.000015 2.279600 0.547136 0.343566 0.107835
    51 -2.479401 -8.323895 6.074234 0.003853 0.398498 4.422881
    52 -5.790000 4.432083 14.255558 -5.219773 1.183709 -2.165905
    53 1.044540 -2.839314 19.743252 -0.038122 0.341589 -0.072886
    54 -2.655510 -1.533379 24.792648 -1.307131 -0.478554 -0.520132
    55 -1.120216 -0.154385 9.795983 0.058935 0.026336 -0.566316
    56 -2.240372 -0.308788 19.592047 0.339980 -0.384738 0.534873
    57 -0.683205 2.877342 14.167089 -1.496837 0.211808 -1.551636
    58 -0.144958 -0.145317 7.579308 -1.750136 0.309416 -0.218605
    59 -0.038551 -0.936644 4.697678 -1.564181 0.260959 -0.213038
    60 -0.506317 8.500896 13.617329 -1.455778 0.301648 -1.565920
    61 0.385056 -0.460075 7.003435 -1.752537 0.589568 -0.525903
    62 -0.456360 -0.710276 5.057732 -1.462235 0.563664 -0.435290
    63 2.452194 -8.899408 11.597939 -1.550510 0.077767 -1.476679
    64 -0.680515 -0.903999 6.074242 -1.606694 -0.187975 0.009304
    65 -0.248295 -0.666843 3.386627 -1.463934 -0.128175 0.106473
    66 0.717491 -3.784309 13.044010 -1.579583 0.030713 -1.465679
    67 -1.099228 -1.407673 8.017876 -1.761109 -0.025112 0.018018
    68 -0.064053 -0.807640 3.686100 -1.444785 -0.030829 0.005648
    69 4.004906 6.172710 4.754800 0.404816 -0.945828 -2.879778
    70 -0.158381 -1.149773 5.804405 -0.909523 0.606891 0.245952
    71 1.078559 -2.386406 5.215008 -0.797001 0.468492 0.170295
    72 6.289963 0.932404 13.569109 -0.126801 -0.612098 -2.869612
    73 -1.327759 -0.766682 12.396324 0.019358 0.013816 -0.192456
    74 0.000017 -54.999996 0.000000 0.000000 0.000000 -1.570796
  time 20
    0 0.000000 0.000000 -1.500000 0.000000 0.000000 0.000000
    1 -10.521344 -5.760963 66.994621 3.097007 -0.050786 -3.139334
    2 1.281660 11.526571 25.333973 0.912297 0.736806 0.568414
    3 -0.000034 0.000012 24.761454 -1.704323 -0.197459 -0.326064
    4 0.000017 0.000000 24.344809 1.730442 -0.540242 -0.755600
    5 0.002333 -1.019846 24.031336 0.922753 -0.040361 0.004749
    6 0.000034 0.000008 13.404741 -0.000001 0.000003 -0.299866
    7 10.398263 -5.760962 66.994675 3.097007 0.050786 3.139334
    8 4.941391 5.581441 27.302613 1.169720 -0.720887 -0.167947
    9 -0.000004 -0.000006 24.761459 -1.982256 0.229585 -0.247667
    10 -0.000007 0.000004 24.344891 1.895165 0.318019 0.333532
    11 -0.002360 -1.019903 24.031330 0.389594 -0.042695 -0.017219
    12 0.000000 -0.000002 13.404737 0.000001 0.000005 0.066168
    13 -0.061540 -5.245835 72.927078 0.000000 0.000000 0.000000
    14 -2.627663 8.936645 -26.299368 0.730222 -0.092936 -0.290181
    15 0.000000 -0.005608 -1.146812 -0.763842 0.163701 -0.139727
    16 0.030770 -0.240000 8.906021 -0.004138 0.000000 0.000000
    17 0.605510 -1.979673 -0.226968 0.277174 -0.133385 0.646051
    18 0.030770 -0.276858 8.905140 0.056125 0.004134 -0.000049
    19 -0.098925 -0.995248 -0.040239 0.461755 -0.094854 0.046619
    20 5.669724 4.435303 14.302868 0.375755 -1.261586 3.220973
    21 -1.044571 -2.839317 19.743267 -0.632757 -0.636847 0.192341
    22 2.655533 -1.533369 24.792658 -1.456393 0.152402 -0.131802
    23 1.120163 -0.154394 9.796035 -0.032627 -0.000165 -0.283602
    24 2.240311 -0.308786 19.592051 -0.290174 0.478199 -0.656880
    25 0.683151 2.877354 14.167051 -1.496833 -0.211811 1.551636
    26 0.144936 -0.145374 7.579252 -1.746343 -0.243648 0.231215
    27 0.091660 -0.906685 4.702850 -1.565973 -0.182528 0.186948
    28 0.506271 8.500866 13.617253 -1.455778 -0.301648 1.565924
    29 -0.384987 -0.460049 7.003448 -1.724306 -0.443413 0.542974
    30 0.561516 -0.596954 5.061852 -1.471630 -0.380449 0.377637
    31 -2.452171 -8.899406 11.597897 -1.550510 -0.077769 1.476681
    32 0.680496 -0.903999 6.074253 -1.606764 0.172086 -0.012699
    33 0.245514 -0.661150 3.388004 -1.463210 0.110102 -0.097570
    34 -0.717484 -3.784271 13.043911 -1.579568 -0.030707 1.465659
    35 1.099216 -1.407745 8.017889 -1.760968 0.031572 -0.016693
    36 0.068439 -0.807653 3.686054 -1.444716 0.033469 -0.009141
    37 -4.004929 6.172707 4.754754 0.404908 0.945837 2.879801
    38 0.158352 -1.149811 5.804394 -1.000997 -0.363150 0.139351
    39 -1.083523 -1.463142 5.544399 -0.931655 -0.172887 -0.034976
    40 -6.289886 0.932434 13.569063 -0.126803 0.612110 2.869610
    41 1.327774 -0.766687 12.396328 -0.016768 0.008069 -0.150711
    42 -0.096140 1.828087 23.185329 -0.047712 -0.422921 -1.397034
    43 2.325478 -0.000003 6.169296 0.004915 0.167818 0.897042
    44 0.000000 -3.152912 0.122169 2.242994 0.000000 0.000000
    45 1.068383 -10.478592 7.066338 0.292219 -1.282324 -3.141588
    46 0.000000 0.000000 2.279457 0.547137 -0.343566 0.107833
    47 2.479414 -8.323895 6.074242 0.021186 0.383396 4.433223
    48 0.000003 -5.075260 5.105362 0.000000 0.000000 0.000000
    49 -1.068383 -10.478611 7.065971 0.292231 1.282324 3.141588
    50 -0.000488 0.000015 2.279600 0.547136 0.343566 0.107835
    51 -2.479401 -8.323895 6.074234 0.003652 0.385173 4.426713
    52 -5.790000 4.432083 14.255558 -5.219773 1.183709 -2.165905
    53 1.044540 -2.839314 19.743252 0.014028 0.346253 -0.067497
    54 -2.655510 -1.533379 24.792648 -1.315384 -0.483447 -0.504986
    55 -1.120216 -0.154385 9.795983 0.058935 0.026336 -0.566289
    56 -2.240372 -0.308788 19.592047 0.312794 -0.398698 0.540200
    57 -0.683205 2.877342 14.167089 -1.496837 0.211808 -1.551636
    58 -0.144958 -0.145317 7.579308 -1.750136 0.309416 -0.218605
    59 -0.038551 -0.936644 4.697678 -1.564181 0.260959 -0.213038
    60 -0.506317 8.500896 13.617329 -1.455778 0.301648 -1.565920
    61 0.385056 -0.460075 7.003435 -1.752537 0.589568 -0.525903
    62 -0.456360 -0.710276 5.057732 -1.462235 0.563685 -0.435272
    63 2.452194 -8.899408 11.597939 -1.550510 0.077767 -1.476679
    64 -0.680515 -0.903999 6.074242 -1.606694 -0.187975 0.009304
    65 -0.248295 -0.666843 3.386627 -1.463934 -0.128175 0.106473
    66 0.717491 -3.784309 13.044010 -1.579583 0.030713 -1.465679
    67 -1.099228 -1.407673 8.017876 -1.761109 -0.025112 0.018018
    68 -0.064053 -0.807640 3.686100 -1.444785 -0.030829 0.005648
    69 4.004906 6.172710 4.754800 0.404816 -0.945828 -2.879778
    70 -0.158381 -1.149773 5.804405 -0.909523 0.606891 0.245952
    71 1.078559 -2.386406 5.215008 -0.797001 0.468492 0.170295
    72 6.289963 0.932404 13.569109 -0.126801 -0.612098 -2.869612
    73 -1.327759 -0.766682 12.396324 0.019058 0.013564 -0.189356
    74 0.000017 -54.999996 0.000000 0.000000 0.000000 -1.570796
  time 21
    0 0.000000 0.000000 -1.500000 0.000000 0.000000 0.000000
    1 -10.521344 -5.760963 66.994621 3.097007 -0.050786 -3.139334
    2 0.961338 11.465186 25.984285 0.914620 0.737781 0.570685
    3 -0.000034 0.000012 24.761454 -1.705705 -0.197627 -0.355218
    4 0.000017 0.000000 24.344809 1.759663 -0.549816 -0.777530
    5 0.002333 -1.019846 24.031336 0.922753 -0.039642 0.006523
    6 0.000034 0.000008 13.404741 -0.000001 0.000003 -0.319019
    7 10.398263 -5.760962 66.994675 3.097007 0.050786 3.139334
    8 4.519503 5.631398 26.987891 1.153681 -0.729155 -0.145255
    9 -0.000004 -0.000006 24.761459 -1.981101 0.229453 -0.276736
    10 -0.000007 0.000004 24.344891 1.891551 0.309220 0.315792
    11 -0.002360 -1.019903 24.031330 0.389594 -0.042695 -0.017219
    12 0.000000 -0.000002 13.404737 0.000001 0.000005 0.026342
    13 -0.061540 -5.245835 72.927078 0.000000 0.000000 0.000000
    14 -2.518284 8.936645 -26.434555 0.730222 -0.092936 -0.290181
    15 0.000000 -0.005608 -1.146812 -0.744959 0.130746 -0.104073
    16 0.030770 -0.240000 8.906021 -0.004138 0.000000 0.000000
    17 0.597698 -1.971861 -0.211342 0.271892 -0.137740 0.655037
    18 0.030770 -0.276858 8.905140 0.056125 0.004134 -0.000049
    19 -0.095018 -1.049938 -0.048052 0.482309 -0.093599 0.045385
    20 5.669724 4.435303 14.302868 0.375659 -1.261586 3.220973
    21 -1.044571 -2.839317 19.743267 -0.594012 -0.667009 0.196064
    22 2.655533 -1.533369 24.792658 -1.527520 0.160587 -0.137059
    23 1.120163 -0.154394 9.796035 -0.032627 -0.000165 -0.283602
    24 2.240311 -0.308786 19.592051 -0.290174 0.478199 -0.656880
    25 0.683151 2.877354 14.167051 -1.496833 -0.211811 1.551636
    26 0.144936 -0.145374 7.579252 -1.746343 -0.243636 0.231215
    27 0.091660 -0.906685 4.702850 -1.565973 -0.182528 0.186948
    28 0.506271 8.500866 13.617253 -1.455778 -0.301648 1.565924
    29 -0.384987 -0.460049 7.003448 -1.724306 -0.443413 0.542974
    30 0.561516 -0.596954 5.061852 -1.471594 -0.380461 0.377649
    31 -2.452171 -8.899406 11.597897 -1.550510 -0.077769 1.476681
    32 0.680496 -0.903999 6.074253 -1.606764 0.172086 -0.012699
    33 0.245514 -0.661150 3.388004 -1.463210 0.110102 -0.097570
    34 -0.717484 -3.784271 13.043911 -1.579568 -0.030707 1.465659
    35 1.099216 -1.407745 8.017889 -1.760968 0.031572 -0.016693
    36 0.068439 -0.807653 3.686054 -1.444681 0.033457 -0.009141
    37 -4.004929 6.172707 4.754754 0.404908 0.945837 2.879801
    38 0.158352 -1.149811 5.804394 -1.000997 -0.363150 0.139351
    39 -1.083523 -1.463142 5.544399 -0.931655 -0.172887 -0.034976
    40 -6.289886 0.932434 13.569063 -0.126803 0.612110 2.869610
    41 1.327774 -0.766687 12.396328 -0.017020 0.008165 -0.152971
    42 -0.096140 1.828087 23.185329 -0.047712 -0.422921 -1.397034
    43 2.325478 -0.000003 6.169296 0.004915 0.167818 0.897042
    44 0.000000 -3.152912 0.122169 2.242994 0.000000 0.000000
    45 1.068383 -10.478592 7.066338 0.292219 -1.282324 -3.141588
    46 0.000000 0.000000 2.279457 0.547137 -0.343566 0.107833
    47 2.479414 -8.323895 6.074242 0.020914 0.375319 4.438094
    48 0.000003 -5.075260 5.105362 0.000000 0.000000 0.000000
    49 -1.068383 -10.478611 7.065971 0.292219 1.282324 3.141588
    50 -0.000488 0.000015 2.279600 0.547136 0.343566 0.107835
    51 -2.479401 -8.323895 6.074234 0.003411 0.376337 4.431791
    52 -5.790000 4.432083 14.255558 -5.219773 1.183709 -2.165905
    53 1.044540 -2.839314 19.743252 0.047589 0.345108 -0.064068
    54 -2.655510 -1.533379 24.792648 -1.336219 -0.493801 -0.492339
    55 -1.120216 -0.154385 9.795983 0.058935 0.026336 -0.566289
    56 -2.240372 -0.308788 19.592047 0.305310 -0.409341 0.548362
    57 -0.683205 2.877342 14.167089 -1.496837 0.211808 -1.551636
    58 -0.144958 -0.145317 7.579308 -1.750136 0.309416 -0.218605
    59 -0.038551 -0.936644 4.697678 -1.564181 0.260959 -0.213038
    60 -0.506317 8.500896 13.617329 -1.455778 0.301648 -1.565920
    61 0.385056 -0.460075 7.003435 -1.752537 0.589568 -0.525903
    62 -0.456360 -0.710276 5.057732 -1.462235 0.563685 -0.435255
    63 2.452194 -8.899408 11.597939 -1.550510 0.077767 -1.476679
    64 -0.680515 -0.903999 6.074242 -1.606694 -0.187975 0.009304
    65 -0.248295 -0.666843 3.386627 -1.463934 -0.128175 0.106473
    66 0.717491 -3.784309 13.044010 -1.579583 0.030713 -1.465679
    67 -1.099228 -1.407673 8.017876 -1.761109 -0.025112 0.018018
    68 -0.064053 -0.807640 3.686100 -1.444785 -0.030829 0.005648
    69 4.004906 6.172710 4.754800 0.404816 -0.945828 -2.879778
    70 -0.158381 -1.149773 5.804405 -0.909523 0.606891 0.245952
    71 1.078559 -2.386406 5.215008 -0.797001 0.468492 0.170295
    72 6.289963 0.932404 13.569109 -0.126801 -0.612098 -2.869612
    73 -1.327759 -0.766682 12.396324 0.018663 0.013204 -0.185100
    74 0.000017 -54.999996 0.000000 0.000000 0.000000 -1.570796
  time 22
    0 0.000000 0.000000 -1.500000 0.000000 0.000000 0.000000
    1 -10.521344 -5.760963 66.994621 3.097007 -0.050786 -3.139334
    2 0.625390 11.403801 26.500049 0.920427 0.742819 0.576453
    3 -0.000034 0.000012 24.761454 -1.704323 -0.197459 -0.374682
    4 0.000017 0.000000 24.344809 1.778527 -0.559255 -0.797343
    5 0.002333 -1.019846 24.031336 0.922753 -0.039366 0.007122
    6 0.000034 0.000008 13.404741 -0.000001 0.000003 -0.334881
    7 10.398263 -5.760962 66.994675 3.097007 0.050786 3.139334
    8 4.121053 5.681356 26.493327 1.130989 -0.737093 -0.119015
    9 -0.000004 -0.000006 24.761459 -1.971971 0.228411 -0.306379
    10 -0.000007 0.000004 24.344891 1.884645 0.300576 0.297022
    11 -0.002360 -1.019903 24.031330 0.389594 -0.042695 -0.017219
    12 0.000000 -0.000002 13.404737 0.000001 0.000005 -0.013398
    13 -0.061540 -5.245835 72.927078 0.000000 0.000000 0.000000
    14 -2.424531 8.936645 -26.434555 0.730222 -0.092936 -0.290181
    15 0.000000 -0.005608 -1.146812 -0.726905 0.095330 -0.068419
    16 0.030770 -0.240000 8.906021 -0.004138 0.000000 0.000000
    17 0.589885 -1.971861 -0.211342 0.270166 -0.138829 0.657313
    18 0.030770 -0.276858 8.905140 0.056125 0.004134 -0.000049
    19 -0.091112 -1.069469 -0.055865 0.489458 -0.093311 0.044845
    20 5.669724 4.435303 14.302868 0.375659 -1.261586 3.220973
    21 -1.044571 -2.839317 19.743267 -0.547831 -0.692527 0.194146
    22 2.655533 -1.533369 24.792658 -1.579986 0.166466 -0.132206
    23 1.120163 -0.154394 9.796035 -0.032627 -0.000165 -0.283602
    24 2.240311 -0.308786 19.592051 -0.290174 0.478199 -0.656880
    25 0.683151 2.877354 14.167051 -1.496833 -0.211811 1.551636
    26 0.144936 -0.145374 7.579252 -1.746343 -0.243636 0.231215
    27 0.091660 -0.906685 4.702850 -1.565973 -0.182528 0.186948
    28 0.506271 8.500866 13.617253 -1.455778 -0.301648 1.565924
    29 -0.384987 -0.460049 7.003448 -1.724306 -0.443413 0.542974
    30 0.561516 -0.596954 5.061852 -1.471594 -0.380461 0.377649
    31 -2.452171 -8.899406 11.597897 -1.550510 -0.077769 1.476681
    32 0.680496 -0.903999 6.074253 -1.606764 0.172086 -0.012699
    33 0.245514 -0.661150 3.388004 -1.463210 0.110102 -0.097570
    34 -0.717484 -3.784271 13.043911 -1.579568 -0.030707 1.465659
    35 1.099216 -1.407745 8.017889 -1.760968 0.031572 -0.016693
    36 0.068439 -0.807653 3.686054 -1.444681 0.033457 -0.009141
    37 -4.004929 6.172707 4.754754 0.404908 0.945837 2.879801
    38 0.158352 -1.149811 5.804394 -1.000997 -0.363150 0.139351
    39 -1.083523 -1.463142 5.544399 -0.931655 -0.172887 -0.034976
    40 -6.289886 0.932434 13.569063 -0.126803 0.612110 2.869610
    41 1.327774 -0.766687 12.396328 -0.016493 0.007949 -0.148251
    42 -0.096140 1.828087 23.185329 -0.047712 -0.422921 -1.397034
    43 2.325478 -0.000003 6.169296 0.004915 0.167818 0.897042
    44 0.000000 -3.152912 0.122169 2.242994 0.000000 0.000000
    45 1.068383 -10.478592 7.066338 0.292219 -1.282324 -3.141588
    46 0.000000 0.000000 2.279457 0.547137 -0.343566 0.107833
    47 2.479414 -8.323895 6.074242 0.020778 0.372408 4.441437
    48 0.000003 -5.075260 5.105362 0.000000 0.000000 0.000000
    49 -1.068383 -10.478611 7.065971 0.292219 1.282324 3.141588
    50 -0.000488 0.000015 2.279600 0.547136 0.343566 0.107835
    51 -2.479401 -8.323895 6.074234 0.003271 0.373171 4.434952
    52 -5.790000 4.432083 14.255558 -5.219773 1.183709 -2.165905
    53 1.044540 -2.839314 19.743252 0.056995 0.345532 -0.062952
    54 -2.655510 -1.533379 24.792648 -1.338483 -0.495108 -0.488325
    55 -1.120216 -0.154385 9.795983 0.058935 0.026336 -0.566316
    56 -2.240372 -0.308788 19.592047 0.299277 -0.411371 0.550081
    57 -0.683205 2.877342 14.167089 -1.496837 0.211808 -1.551636
    58 -0.144958 -0.145317 7.579308 -1.750136 0.309416 -0.218605
    59 -0.038551 -0.936644 4.697678 -1.564181 0.260959 -0.213038
    60 -0.506317 8.500896 13.617329 -1.455778 0.301648 -1.565920
    61 0.385056 -0.460075 7.003435 -1.752537 0.589568 -0.525903
    62 -0.456360 -0.710276 5.057732 -1.462235 0.563664 -0.435255
    63 2.452194 -8.899408 11.597939 -1.550510 0.077767 -1.476679
    64 -0.680515 -0.903999 6.074242 -1.606694 -0.187975 0.009304
    65 -0.248295 -0.666843 3.386627 -1.463934 -0.128175 0.106473
    66 0.717491 -3.784309 13.044010 -1.579583 0.030713 -1.465679
    67 -1.099228 -1.407673 8.017876 -1.761109 -0.025112 0.018018
    68 -0.064053 -0.807640 3.686100 -1.444785 -0.030829 0.005648
    69 4.004906 6.172710 4.754800 0.404816 -0.945828 -2.879778
    70 -0.158381 -1.149773 5.804405 -0.909523 0.606891 0.245952
    71 1.078559 -2.386406 5.215008 -0.797001 0.468492 0.170295
    72 6.289963 0.932404 13.569109 -0.126801 -0.612098 -2.869612
    73 -1.327759 -0.766682 12.396324 0.018543 0.013108 -0.183897
    74 0.000017 -54.999996 0.000000 0.000000 0.000000 -1.570796
  time 23
    0 0.000000 0.000000 -1.500000 0.000000 0.000000 0.000000
    1 -10.521344 -5.760963 66.994621 3.097007 -0.050786 -3.139334
    2 0.391008 11.502017 24.795784 0.911682 0.763751 0.585059
    3 -0.000034 0.000012 24.761454 -1.650053 -0.191191 -0.300656
    4 0.000017 0.000000 24.344809 1.691049 -0.560070 -0.754714
    5 0.002333 -1.019846 24.031336 0.914726 -0.041332 0.002772
    6 0.000034 0.000008 13.404741 -0.000001 0.000003 -0.323596
    7 10.398263 -5.760962 66.994675 3.097007 0.050786 3.139334
    8 3.675727 5.768781 23.840667 1.031688 -0.725350 -0.053249
    9 -0.000004 -0.000006 24.761459 -1.866376 0.216210 -0.337816
    10 -0.000007 0.000004 24.344891 1.833659 0.287822 0.255280
    11 -0.002360 -1.019903 24.031330 0.389594 -0.042695 -0.017219
    12 0.000000 -0.000002 13.404737 0.000001 0.000005 -0.060523
    13 -0.061540 -5.245835 72.927078 0.000000 0.000000 0.000000
    14 -2.346404 8.936645 -24.226507 0.713451 -0.099818 -0.291082
    15 0.000000 -0.005608 -1.146812 -0.693700 0.066265 -0.041679
    16 0.030770 -0.240000 8.906021 -0.004138 0.000000 0.000000
    17 0.628949 -2.385936 -0.363691 0.342473 -0.166758 0.614184
    18 0.030770 -0.276858 8.905140 0.056125 0.004134 -0.000049
    19 0.018266 -0.889776 -0.001176 0.437306 -0.055645 0.053402
    20 5.669724 4.435303 14.302868 0.306560 -1.256477 3.193948
    21 -1.044571 -2.839317 19.743267 -0.401705 -0.742467 0.166678
    22 2.655533 -1.533369 24.792658 -1.607847 0.169502 -0.125090
    23 1.120163 -0.154394 9.796035 -0.032627 -0.000165 -0.283602
    24 2.240311 -0.308786 19.592051 -0.307451 0.462636 -0.648571
    25 0.683151 2.877354 14.167051 -1.496833 -0.211811 1.551636
    26 0.144936 -0.145374 7.579252 -1.746296 -0.243648 0.231215
    27 0.091660 -0.906685 4.702850 -1.565973 -0.182528 0.186948
    28 0.506271 8.500866 13.617253 -1.455778 -0.301648 1.565924
    29 -0.384987 -0.460049 7.003448 -1.724306 -0.443413 0.542974
    30 0.561516 -0.596954 5.061852 -1.471630 -0.380461 0.377637
    31 -2.452171 -8.899406 11.597897 -1.550510 -0.077769 1.476681
    32 0.680496 -0.903999 6.074253 -1.606764 0.172086 -0.012699
    33 0.245514 -0.661150 3.388004 -1.463210 0.110102 -0.097570
    34 -0.717484 -3.784271 13.043911 -1.579568 -0.030707 1.465659
    35 1.099216 -1.407745 8.017889 -1.760968 0.031572 -0.016693
    36 0.068439 -0.807653 3.686054 -1.444681 0.033457 -0.009141
    37 -4.004929 6.172707 4.754754 0.404908 0.945837 2.879801
    38 0.158352 -1.149811 5.804394 -1.000997 -0.363150 0.139351
    39 -1.083523 -1.463142 5.544399 -0.931655 -0.172887 -0.034976
    40 -6.289886 0.932434 13.569063 -0.126803 0.612110 2.869610
    41 1.327774 -0.766687 12.396328 -0.014731 0.007242 -0.132985
    42 -0.096140 1.828087 23.185329 -0.047729 -0.422921 -1.397034
    43 2.325478 -0.000003 6.169296 0.019813 0.161466 0.880918
    44 0.000000 -3.152912 0.122169 2.242994 0.000000 0.000000
    45 1.068383 -10.478592 7.066338 0.292219 -1.282324 -3.141588
    46 0.000000 0.000000 2.279457 0.547137 -0.343566 0.107833
    47 2.479414 -8.323895 6.074242 0.019500 0.349444 4.467510
    48 0.000003 -5.075260 5.105362 0.000000 0.000000 0.000000
    49 -1.068383 -10.478611 7.065971 0.292219 1.282324 3.141588
    50 -0.000488 0.000015 2.279600 0.547136 0.343566 0.107835
    51 -2.479401 -8.323895 6.074234 0.002106 0.351814 4.460341
    52 -5.790000 4.432083 14.255558 -5.219773 1.183626 -2.165905
    53 1.044540 -2.839314 19.743252 0.031727 0.335823 -0.066953
    54 -2.655510 -1.533379 24.792648 -1.339339 -0.496286 -0.476739
    55 -1.120216 -0.154385 9.795983 -0.030074 -0.000210 0.261505
    56 -2.240372 -0.308788 19.592047 0.299277 -0.411371 0.550081
    57 -0.683205 2.877342 14.167089 -1.496837 0.211808 -1.551636
    58 -0.144958 -0.145317 7.579308 -1.750136 0.309416 -0.218605
    59 -0.038551 -0.936644 4.697678 -1.564181 0.260959 -0.213038
    60 -0.506317 8.500896 13.617329 -1.455778 0.301648 -1.565920
    61 0.385056 -0.460075 7.003435 -1.752537 0.589568 -0.525903
    62 -0.456360 -0.710276 5.057732 -1.462235 0.563664 -0.435255
    63 2.452194 -8.899408 11.597939 -1.550510 0.077767 -1.476679
    64 -0.680515 -0.903999 6.074242 -1.606694 -0.187975 0.009304
    65 -0.248295 -0.666843 3.386627 -1.463934 -0.128175 0.106473
    66 0.717491 -3.784309 13.044010 -1.579583 0.030713 -1.465679
    67 -1.099228 -1.407673 8.017876 -1.761109 -0.025112 0.018018
    68 -0.064053 -0.807640 3.686100 -1.444785 -0.030829 0.005648
    69 4.004906 6.172710 4.754800 0.404816 -0.945828 -2.879778
    70 -0.158381 -1.149773 5.804405 -0.909523 0.606891 0.245952
    71 1.078559 -2.386406 5.215008 -0.797001 0.468492 0.170295
    72 6.289963 0.932404 13.569109 -0.126801 -0.612098 -2.869612
    73 -1.327759 -0.766682 12.396324 0.017608 0.012306 -0.173904
    74 0.000017 -54.999996 0.000000 0.000000 0.000000 -1.570796
  time 24
    0 0.000000 0.000000 -1.500000 0.000000 0.000000 0.000000
    1 -10.521344 -5.760963 66.994621 3.097007 -0.050786 -3.139334
    2 0.250379 11.735280 20.288452 0.831680 0.792727 0.568501
    3 -0.000034 0.000012 24.761454 -1.504401 -0.174353 -0.138802
    4 0.000017 0.000000 24.344809 1.502286 -0.551763 -0.642275
    5 0.002333 -1.019846 24.031336 0.894715 -0.046497 -0.007991
    6 0.000034 0.000008 13.404741 -0.000001 0.000003 -0.263269
    7 10.398263 -5.760962 66.994675 3.097007 0.050786 3.139334
    8 3.113210 5.931143 18.333025 0.835390 -0.678747 0.056085
    9 -0.000004 -0.000006 24.761459 -1.609704 0.186573 -0.368429
    10 -0.000007 0.000004 24.344891 1.709227 0.269379 0.197268
    11 -0.002360 -1.019903 24.031330 0.389594 -0.042695 -0.017219
    12 0.000000 -0.000002 13.404737 0.000001 0.000005 -0.112200
    13 -0.061540 -5.245835 72.927078 0.000000 0.000000 0.000000
    14 -2.283902 8.936645 -19.202072 0.671686 -0.116816 -0.291502
    15 0.000000 -0.005608 -1.146812 -0.632840 0.037923 -0.021895
    16 0.030770 -0.240000 8.906021 -0.004138 0.000000 0.000000
    17 0.664106 -3.194554 -0.734796 0.484309 -0.218236 0.535675
    18 0.030770 -0.276858 8.905140 0.056125 0.004134 -0.000049
    19 0.237023 -0.542110 0.084765 0.331215 0.022197 0.061192
    20 5.669724 4.435303 14.302868 0.176017 -1.247704 3.145264
    21 -1.044571 -2.839317 19.743267 -0.173932 -0.810620 0.096063
    22 2.655533 -1.533369 24.792658 -1.614096 0.170078 -0.121855
    23 1.120163 -0.154394 9.796035 -0.032507 -0.000141 -0.282567
    24 2.240311 -0.308786 19.592051 -0.349751 0.425063 -0.625546
    25 0.683151 2.877354 14.167051 -1.496833 -0.211811 1.551636
    26 0.144936 -0.145374 7.579252 -1.746343 -0.243648 0.231215
    27 0.091660 -0.906685 4.702850 -1.565973 -0.182528 0.186948
    28 0.506271 8.500866 13.617253 -1.455778 -0.301648 1.565924
    29 -0.384987 -0.460049 7.003448 -1.724306 -0.443413 0.542974
    30 0.561516 -0.596954 5.061852 -1.471594 -0.380461 0.377637
    31 -2.452171 -8.899406 11.597897 -1.550510 -0.077769 1.476681
    32 0.680496 -0.903999 6.074253 -1.606764 0.172086 -0.012699
    33 0.245514 -0.661150 3.388004 -1.463210 0.110102 -0.097570
    34 -0.717484 -3.784271 13.043911 -1.579568 -0.030707 1.465659
    35 1.099216 -1.407745 8.017889 -1.760968 0.031572 -0.016693
    36 0.068439 -0.807653 3.686054 -1.444681 0.033457 -0.009141
    37 -4.004929 6.172707 4.754754 0.404908 0.945837 2.879801
    38 0.158352 -1.149811 5.804394 -1.000997 -0.363150 0.139351
    39 -1.083523 -1.463142 5.544399 -0.931655 -0.172887 -0.034976
    40 -6.289886 0.932434 13.569063 -0.126803 0.612110 2.869610
    41 1.327774 -0.766687 12.396328 -0.012011 0.006091 -0.109032
    42 -0.096140 1.828087 23.185329 -0.047729 -0.422921 -1.397034
    43 2.325478 -0.000003 6.169296 0.058157 0.147880 0.843120
    44 0.000000 -3.152912 0.122169 2.242994 0.000000 0.000000
    45 1.068383 -10.478592 7.066338 0.292219 -1.282324 -3.141588
    46 0.000000 0.000000 2.279457 0.547137 -0.343566 0.107833
    47 2.479414 -8.323895 6.074242 0.017570 0.313708 4.508770
    48 0.000003 -5.075260 5.105362 0.000000 0.000000 0.000000
    49 -1.068383 -10.478611 7.065971 0.292219 1.282324 3.141588
    50 -0.000488 0.000015 2.279600 0.547136 0.343566 0.107835
    51 -2.479401 -8.323895 6.074234 0.000298 0.318927 4.500293
    52 -5.790000 4.432083 14.255558 -5.219773 1.183626 -2.165905
    53 1.044540 -2.839314 19.743252 -0.035673 0.342225 -0.072614
    54 -2.655510 -1.533379 24.792648 -1.292738 -0.450223 -0.471741
    55 -1.120216 -0.154385 9.795983 -0.028672 -0.000366 0.249208
    56 -2.240372 -0.308788 19.592047 0.307906 -0.375827 0.521899
    57 -0.683205 2.877342 14.167089 -1.496837 0.211808 -1.551636
    58 -0.144958 -0.145317 7.579308 -1.750136 0.309416 -0.218605
    59 -0.038551 -0.936644 4.697678 -1.564181 0.260959 -0.213038
    60 -0.506317 8.500896 13.617329 -1.455778 0.301648 -1.565920
    61 0.385056 -0.460075 7.003435 -1.752537 0.589568 -0.525903
    62 -0.456360 -0.710276 5.057732 -1.462235 0.563664 -0.435255
    63 2.452194 -8.899408 11.597939 -1.550510 0.077767 -1.476679
    64 -0.680515 -0.903999 6.074242 -1.606694 -0.187975 0.009304
    65 -0.248295 -0.666843 3.386627 -1.463934 -0.128175 0.106473
    66 0.717491 -3.784309 13.044010 -1.579583 0.030713 -1.465679
    67 -1.099228 -1.407673 8.017876 -1.761109 -0.025112 0.018018
    68 -0.064053 -0.807640 3.686100 -1.444785 -0.030829 0.005648
    69 4.004906 6.172710 4.754800 0.404816 -0.945828 -2.879778
    70 -0.158381 -1.149773 5.804405 -0.909523 0.606891 0.245952
    71 1.078559 -2.386406 5.215008 -0.797001 0.468492 0.170295
    72 6.289963 0.932404 13.569109 -0.126801 -0.612098 -2.869612
    73 -1.327759 -0.766682 12.396324 0.016961 0.011778 -0.167149
    74 0.000017 -54.999996 0.000000 0.000000 0.000000 -1.570796
  time 25
    0 0.000000 0.000000 -1.500000 0.000000 0.000000 0.000000
    1 -10.521344 -5.760963 66.994621 3.097007 -0.050786 -3.139334
    2 0.109750 11.968543 15.399902 0.680149 0.806060 0.512185
    3 -0.000034 0.000012 24.761454 -1.302731 -0.151043 0.018044
    4 0.000017 0.000000 24.344809 1.315064 -0.543659 -0.528691
    5 0.002333 -1.019846 24.031336 0.868805 -0.053939 -0.021725
    6 0.000034 0.000008 13.404741 -0.000001 0.000003 -0.179887
    7 10.398263 -5.760962 66.994675 3.097007 0.050786 3.139334
    8 2.562412 6.118484 12.353299 0.619129 -0.603098 0.157333
    9 -0.000004 -0.000006 24.761459 -1.273340 0.147683 -0.388490
    10 -0.000007 0.000004 24.344891 1.543553 0.256247 0.152793
    11 -0.002360 -1.019903 24.031330 0.389594 -0.042695 -0.017219
    12 0.000000 -0.000002 13.404737 0.000001 0.000005 -0.151532
    13 -0.061540 -5.245835 72.927078 0.000000 0.000000 0.000000
    14 -2.240932 8.936645 -13.704483 0.617214 -0.138270 -0.288980
    15 0.000000 -0.005608 -1.146812 -0.558934 0.007996 -0.008987
    16 0.030770 -0.240000 8.906021 -0.004138 0.000000 0.000000
    17 0.660200 -3.647693 -1.004335 0.570673 -0.248419 0.490390
    18 0.030770 -0.276858 8.905140 0.056125 0.004134 -0.000049
    19 0.412810 -0.272570 0.131641 0.248751 0.086874 0.059754
    20 5.669724 4.435303 14.302868 0.103472 -1.243370 3.119773
    21 -1.044571 -2.839317 19.743267 0.035742 -0.831963 0.009909
    22 2.655533 -1.533369 24.792658 -1.610711 0.168964 -0.100747
    23 1.120163 -0.154394 9.796035 -0.032172 -0.000093 -0.279497
    24 2.240311 -0.308786 19.592051 -0.402974 0.379386 -0.590850
    25 0.683151 2.877354 14.167051 -1.496833 -0.211811 1.551636
    26 0.144936 -0.145374 7.579252 -1.746343 -0.243648 0.231215
    27 0.091660 -0.906685 4.702850 -1.565973 -0.182528 0.186948
    28 0.506271 8.500866 13.617253 -1.455778 -0.301648 1.565924
    29 -0.384987 -0.460049 7.003448 -1.724306 -0.443413 0.542974
    30 0.561516 -0.596954 5.061852 -1.471594 -0.380461 0.377637
    31 -2.452171 -8.899406 11.597897 -1.550510 -0.077769 1.476681
    32 0.680496 -0.903999 6.074253 -1.606764 0.172086 -0.012699
    33 0.245514 -0.661150 3.388004 -1.463210 0.110102 -0.097570
    34 -0.717484 -3.784271 13.043911 -1.579568 -0.030707 1.465659
    35 1.099216 -1.407745 8.017889 -1.760968 0.031572 -0.016693
    36 0.068439 -0.807653 3.686054 -1.444681 0.033457 -0.009141
    37 -4.004929 6.172707 4.754754 0.404908 0.945837 2.879801
    38 0.158352 -1.149811 5.804394 -1.000997 -0.363150 0.139351
    39 -1.083523 -1.463142 5.544399 -0.931655 -0.172887 -0.034976
    40 -6.289886 0.932434 13.569063 -0.126803 0.612110 2.869610
    41 1.327774 -0.766687 12.396328 -0.008667 0.004557 -0.079053
    42 -0.096140 1.828087 23.185329 -0.047729 -0.422921 -1.397034
    43 2.325478 -0.000003 6.169296 0.110157 0.134366 0.800174
    44 0.000000 -3.152912 0.122169 2.242994 0.000000 0.000000
    45 1.068383 -10.478592 7.066338 0.292219 -1.282324 -3.141588
    46 0.000000 0.000000 2.279457 0.547137 -0.343566 0.107833
    47 2.479414 -8.323895 6.074242 0.016945 0.316901 4.525293
    48 0.000003 -5.075260 5.105362 0.000000 0.000000 0.000000
    49 -1.068383 -10.478611 7.065971 0.292219 1.282324 3.141588
    50 -0.000488 0.000015 2.279600 0.547136 0.343566 0.107835
    51 -2.479401 -8.323895 6.074234 -0.000344 0.325259 4.514951
    52 -5.790000 4.432083 14.255558 -5.219773 1.183709 -2.165905
    53 1.044540 -2.839314 19.743252 -0.148878 0.355368 -0.080887
    54 -2.655510 -1.533379 24.792648 -1.182575 -0.341114 -0.460381
    55 -1.120216 -0.154385 9.795983 -0.025305 -0.000689 0.219910
    56 -2.240372 -0.308788 19.592047 0.317452 -0.288354 0.458489
    57 -0.683205 2.877342 14.167089 -1.496837 0.211808 -1.551636
    58 -0.144958 -0.145317 7.579308 -1.750136 0.309416 -0.218605
    59 -0.038551 -0.936644 4.697678 -1.564181 0.260959 -0.213038
    60 -0.506317 8.500896 13.617329 -1.455778 0.301648 -1.565920
    61 0.385056 -0.460075 7.003435 -1.752537 0.589568 -0.525903
    62 -0.456360 -0.710276 5.057732 -1.462235 0.563664 -0.435255
    63 2.452194 -8.899408 11.597939 -1.550510 0.077767 -1.476679
    64 -0.680515 -0.903999 6.074242 -1.606694 -0.187975 0.009304
    65 -0.248295 -0.666843 3.386627 -1.463934 -0.128175 0.106473
    66 0.717491 -3.784309 13.044010 -1.579583 0.030713 -1.465679
    67 -1.099228 -1.407673 8.017876 -1.761109 -0.025112 0.018018
    68 -0.064053 -0.807640 3.686100 -1.444785 -0.030829 0.005648
    69 4.004906 6.172710 4.754800 0.404816 -0.945828 -2.879778
    70 -0.158381 -1.149773 5.804405 -0.909523 0.606891 0.245952
    71 1.078559 -2.386406 5.215008 -0.797001 0.468492 0.170295
    72 6.289963 0.932404 13.569109 -0.126801 -0.612098 -2.869612
    73 -1.327759 -0.766682 12.396324 0.016002 0.010999 -0.157156
    74 0.000017 -54.999996 0.000000 0.000000 0.000000 -1.570796
  time 26
    0 0.000000 0.000000 -1.500000 0.000000 0.000000 0.000000
    1 -10.521344 -5.760963 66.994621 3.097007 -0.050786 -3.139334
    2 -0.116820 12.091313 12.305316 0.548020 0.810012 0.455563
    3 -0.000034 0.000012 24.761454 -1.146468 -0.132970 0.133562
    4 0.000017 0.000000 24.344809 1.193990 -0.539676 -0.459573
    5 0.002333 -1.019846 24.031336 0.843007 -0.062161 -0.035136
    6 0.000034 0.000008 13.404741 -0.000001 0.000003 -0.121817
    7 10.398263 -5.760962 66.994675 3.097007 0.050786 3.139334
    8 2.152243 6.243377 8.239428 0.458149 -0.529425 0.219798
    9 -0.000004 -0.000006 24.761459 -0.986473 0.114473 -0.399113
    10 -0.000007 0.000004 24.344891 1.400985 0.253936 0.125427
    11 -0.002360 -1.019903 24.031330 0.389594 -0.042695 -0.017219
    12 0.000000 -0.000002 13.404737 0.000001 0.000005 -0.175964
    13 -0.061540 -5.245835 72.927078 0.000000 0.000000 0.000000
    14 -2.209681 8.936645 -10.122039 0.562391 -0.157316 -0.282314
    15 0.000000 -0.005608 -1.146812 -0.486590 -0.024112 -0.001133
    16 0.030770 -0.240000 8.906021 -0.004138 0.000000 0.000000
    17 0.660200 -3.589097 -0.973084 0.562760 -0.249039 0.496979
    18 0.030770 -0.276858 8.905140 0.056125 0.004134 -0.000049
    19 0.494843 -0.194443 0.119922 0.219190 0.119932 0.060437
    20 5.669724 4.435303 14.302868 0.124432 -1.218671 3.181298
    21 -1.044571 -2.839317 19.743267 0.248203 -0.801644 -0.076414
    22 2.655533 -1.533369 24.792658 -1.543533 0.159050 -0.048342
    23 1.120163 -0.154394 9.796035 -0.031429 0.000003 -0.273047
    24 2.240311 -0.308786 19.592051 -0.453412 0.339419 -0.549071
    25 0.683151 2.877354 14.167051 -1.496833 -0.211811 1.551636
    26 0.144936 -0.145374 7.579252 -1.746343 -0.243660 0.231215
    27 0.091660 -0.906685 4.702850 -1.565973 -0.182528 0.186948
    28 0.506271 8.500866 13.617253 -1.455778 -0.301648 1.565924
    29 -0.384987 -0.460049 7.003448 -1.724306 -0.443413 0.542974
    30 0.561516 -0.596954 5.061852 -1.471594 -0.380461 0.377637
    31 -2.452171 -8.899406 11.597897 -1.550510 -0.077769 1.476681
    32 0.680496 -0.903999 6.074253 -1.606764 0.172086 -0.012699
    33 0.245514 -0.661150 3.388004 -1.463210 0.110102 -0.097570
    34 -0.717484 -3.784271 13.043911 -1.579568 -0.030707 1.465659
    35 1.099216 -1.407745 8.017889 -1.760968 0.031572 -0.016693
    36 0.068439 -0.807653 3.686054 -1.444681 0.033457 -0.009141
    37 -4.004929 6.172707 4.754754 0.404908 0.945837 2.879801
    38 0.158352 -1.149811 5.804394 -1.000997 -0.363150 0.139351
    39 -1.083523 -1.463142 5.544399 -0.931655 -0.172887 -0.034976
    40 -6.289886 0.932434 13.569063 -0.126803 0.612110 2.869610
    41 1.327774 -0.766687 12.396328 -0.003969 0.002196 -0.036621
    42 -0.096140 1.828087 23.185329 -0.047729 -0.422921 -1.397034
    43 2.325478 -0.000003 6.169296 0.164401 0.123500 0.769721
    44 0.000000 -3.152912 0.122169 2.242994 0.000000 0.000000
    45 1.068383 -10.478592 7.066338 0.292219 -1.282324 -3.141588
    46 0.000000 0.000000 2.279457 0.547137 -0.343566 0.107833
    47 2.479414 -8.323895 6.074242 0.018168 0.374662 4.505809
    48 0.000003 -5.075260 5.105362 0.000000 0.000000 0.000000
    49 -1.068383 -10.478611 7.065971 0.292219 1.282324 3.141588
    50 -0.000488 0.000015 2.279600 0.547136 0.343566 0.107835
    51 -2.479401 -8.323895 6.074234 0.000660 0.385126 4.493011
    52 -5.790000 4.432083 14.255558 -5.219773 1.183709 -2.165905
    53 1.044540 -2.839314 19.743252 -0.267092 0.382036 -0.089351
    54 -2.655510 -1.533379 24.792648 -1.052433 -0.211078 -0.460078
    55 -1.120216 -0.154385 9.795983 -0.021290 -0.000953 0.184898
    56 -2.240372 -0.308788 19.592047 0.307601 -0.180040 0.387949
    57 -0.683205 2.877342 14.167089 -1.496837 0.211808 -1.551636
    58 -0.144958 -0.145317 7.579308 -1.750136 0.309416 -0.218605
    59 -0.038551 -0.936644 4.697678 -1.564181 0.260959 -0.213038
    60 -0.506317 8.500896 13.617329 -1.455778 0.301648 -1.565920
    61 0.385056 -0.460075 7.003435 -1.752537 0.589568 -0.525903
    62 -0.456360 -0.710276 5.057732 -1.462235 0.563664 -0.435272
    63 2.452194 -8.899408 11.597939 -1.550510 0.077767 -1.476679
    64 -0.680515 -0.903999 6.074242 -1.606694 -0.187975 0.009304
    65 -0.248295 -0.666843 3.386627 -1.463934 -0.128175 0.106473
    66 0.717491 -3.784309 13.044010 -1.579583 0.030713 -1.465679
    67 -1.099228 -1.407673 8.017876 -1.761109 -0.025112 0.018018
    68 -0.064053 -0.807640 3.686100 -1.444785 -0.030829 0.005648
    69 4.004906 6.172710 4.754800 0.404816 -0.945828 -2.879778
    70 -0.158381 -1.149773 5.804405 -0.909523 0.606891 0.245952
    71 1.078559 -2.386406 5.215008 -0.797001 0.468492 0.170295
    72 6.289963 0.932404 13.569109 -0.126801 -0.612098 -2.869612
    73 -1.327759 -0.766682 12.396324 0.016038 0.011023 -0.157526
    74 0.000017 -54.999996 0.000000 0.000000 0.000000 -1.570796
  time 27
    0 0.000000 0.000000 -1.500000 0.000000 0.000000 0.000000
    1 -10.521344 -5.760963 66.994621 3.097007 -0.050786 -3.139334
    2 -0.390266 12.066759 11.632579 0.497190 0.826435 0.429436
    3 -0.000034 0.000012 24.761454 -1.106630 -0.128356 0.203882
    4 0.000017 0.000000 24.344809 1.159837 -0.536326 -0.441337
    5 0.002333 -1.019846 24.031336 0.823183 -0.069040 -0.045299
    6 0.000034 0.000008 13.404741 -0.000001 0.000003 -0.103381
    7 10.398263 -5.760962 66.994675 3.097007 0.050786 3.139334
    8 1.941299 6.293335 6.733256 0.393228 -0.495076 0.242655
    9 -0.000004 -0.000006 24.761459 -0.862124 0.100092 -0.404173
    10 -0.000007 0.000004 24.344891 1.338576 0.254180 0.113719
    11 -0.002360 -1.019903 24.031330 0.389594 -0.042695 -0.017219
    12 0.000000 -0.000002 13.404737 0.000001 0.000005 -0.188116
    13 -0.061540 -5.245835 72.927078 0.000000 0.000000 0.000000
    14 -2.190149 8.936645 -9.063077 0.519537 -0.166348 -0.272465
    15 0.000000 -0.005608 -1.146812 -0.430419 -0.057913 0.005117
    16 0.030770 -0.240000 8.906021 -0.004138 0.000000 0.000000
    17 0.660200 -3.350809 -0.855893 0.522061 -0.240987 0.522976
    18 0.030770 -0.276858 8.905140 0.056125 0.004134 -0.000049
    19 0.545626 -0.198349 0.100390 0.213006 0.143178 0.064068
    20 5.669724 4.435303 14.302868 0.195637 -1.176424 3.272819
    21 -1.044571 -2.839317 19.743267 0.395013 -0.742311 -0.121451
    22 2.655533 -1.533369 24.792658 -1.398762 0.141565 -0.021816
    23 1.120163 -0.154394 9.796035 -0.030170 0.000158 -0.262147
    24 2.240311 -0.308786 19.592051 -0.486442 0.317317 -0.506502
    25 0.683151 2.877354 14.167051 -1.496833 -0.211811 1.551636
    26 0.144936 -0.145374 7.579252 -1.746343 -0.243660 0.231215
    27 0.091660 -0.906685 4.702850 -1.565973 -0.182528 0.186948
    28 0.506271 8.500866 13.617253 -1.455778 -0.301648 1.565924
    29 -0.384987 -0.460049 7.003448 -1.724306 -0.443413 0.542974
    30 0.561516 -0.596954 5.061852 -1.471594 -0.380461 0.377637
    31 -2.452171 -8.899406 11.597897 -1.550510 -0.077769 1.476681
    32 0.680496 -0.903999 6.074253 -1.606764 0.172086 -0.012699
    33 0.245514 -0.661150 3.388004 -1.463210 0.110102 -0.097570
    34 -0.717484 -3.784271 13.043911 -1.579568 -0.030707 1.465659
    35 1.099216 -1.407745 8.017889 -1.760968 0.031572 -0.016693
    36 0.068439 -0.807653 3.686054 -1.444681 0.033457 -0.009141
    37 -4.004929 6.172707 4.754754 0.404908 0.945837 2.879801
    38 0.158352 -1.149811 5.804394 -1.000997 -0.363150 0.139351
    39 -1.083523 -1.463142 5.544399 -0.931655 -0.172887 -0.034976
    40 -6.289886 0.932434 13.569063 -0.126803 0.612110 2.869610
    41 1.327774 -0.766687 12.396328 -0.001644 0.000926 -0.015128
    42 -0.096140 1.828087 23.185329 -0.047712 -0.422921 -1.397034
    43 2.325478 -0.000003 6.169296 0.208570 0.112315 0.770918
    44 0.000000 -3.152912 0.122169 2.242994 0.000000 0.000000
    45 1.068383 -10.478592 7.066338 0.292219 -1.282324 -3.141588
    46 0.000000 0.000000 2.279457 0.547137 -0.343566 0.107833
    47 2.479414 -8.323895 6.074242 0.020588 0.464919 4.468370
    48 0.000003 -5.075260 5.105362 0.000000 0.000000 0.000000
    49 -1.068383 -10.478611 7.065971 0.292219 1.282324 3.141588
    50 -0.000488 0.000015 2.279600 0.547136 0.343566 0.107835
    51 -2.479401 -8.323895 6.074234 0.002548 0.474714 4.454018
    52 -5.790000 4.432083 14.255558 -5.219773 1.183709 -2.165905
    53 1.044540 -2.839314 19.743252 -0.367163 0.412180 -0.098686
    54 -2.655510 -1.533379 24.792648 -0.948662 -0.104014 -0.457579
    55 -1.120216 -0.154385 9.795983 -0.017910 -0.001073 0.155572
    56 -2.240372 -0.308788 19.592047 0.271708 -0.083013 0.330640
    57 -0.683205 2.877342 14.167089 -1.496837 0.211808 -1.551636
    58 -0.144958 -0.145317 7.579308 -1.750136 0.309416 -0.218605
    59 -0.038551 -0.936644 4.697678 -1.564181 0.260959 -0.213038
    60 -0.506317 8.500896 13.617329 -1.455778 0.301648 -1.565920
    61 0.385056 -0.460075 7.003435 -1.752537 0.589568 -0.525903
    62 -0.456360 -0.710276 5.057732 -1.462235 0.563685 -0.435290
    63 2.452194 -8.899408 11.597939 -1.550510 0.077767 -1.476679
    64 -0.680515 -0.903999 6.074242 -1.606694 -0.187975 0.009304
    65 -0.248295 -0.666843 3.386627 -1.463934 -0.128175 0.106473
    66 0.717491 -3.784309 13.044010 -1.579583 0.030713 -1.465679
    67 -1.099228 -1.407673 8.017876 -1.761109 -0.025112 0.018018
    68 -0.064053 -0.807640 3.686100 -1.444785 -0.030829 0.005648
    69 4.004906 6.172710 4.754800 0.404816 -0.945828 -2.879778
    70 -0.158381 -1.149773 5.804405 -0.909523 0.606891 0.245952
    71 1.078559 -2.386406 5.215008 -0.797001 0.468492 0.170295
    72 6.289963 0.932404 13.569109 -0.126801 -0.612098 -2.869612
    73 -1.327759 -0.766682 12.396324 0.016218 0.011155 -0.159284
    74 0.000017 -54.999996 0.000000 0.000000 0.000000 -1.570796
  time 28
    0 0.000000 0.000000 -1.500000 0.000000 0.000000 0.000000
    1 -10.521344 -5.760963 66.994621 3.097007 -0.050786 -3.139334
    2 -0.569959 12.005374 11.744702 0.482570 0.842190 0.416111
    3 -0.000034 0.000012 24.761454 -1.109435 -0.128692 0.235764
    4 0.000017 0.000000 24.344809 1.158234 -0.535647 -0.441747
    5 0.002333 -1.019846 24.031336 0.815305 -0.072048 -0.049541
    6 0.000034 0.000008 13.404741 -0.000001 0.000003 -0.103634
    7 10.398263 -5.760962 66.994675 3.097007 0.050786 3.139334
    8 1.847546 6.368271 6.328613 0.377190 -0.483626 0.246038
    9 -0.000004 -0.000006 24.761459 -0.825276 0.095801 -0.403527
    10 -0.000007 0.000004 24.344891 1.318568 0.253758 0.109894
    11 -0.002360 -1.019903 24.031330 0.389594 -0.042695 -0.017207
    12 0.000000 -0.000002 13.404737 0.000001 0.000005 -0.192281
    13 -0.061540 -5.245835 72.927078 0.000000 0.000000 0.000000
    14 -2.182336 8.936645 -8.950421 0.501231 -0.157557 -0.261476
    15 0.000000 -0.005608 -1.146812 -0.405029 -0.092420 0.015199
    16 0.030770 -0.240000 8.906021 -0.004138 0.000000 0.000000
    17 0.636761 -3.014861 -0.687919 0.464296 -0.225478 0.551648
    18 0.030770 -0.276858 8.905140 0.056125 0.004134 -0.000049
    19 0.592503 -0.249132 0.065233 0.220835 0.164778 0.069569
    20 5.669724 4.435303 14.302868 0.265311 -1.170117 3.310865
    21 -1.044571 -2.839317 19.743267 0.269924 -0.650154 -0.045901
    22 2.655533 -1.533369 24.792658 -1.245876 0.128001 -0.077860
    23 1.120163 -0.154394 9.796035 -0.028289 0.000386 -0.245556
    24 2.240311 -0.308786 19.592051 -0.485136 0.323211 -0.468957
    25 0.683151 2.877354 14.167051 -1.496833 -0.211811 1.551636
    26 0.144936 -0.145374 7.579252 -1.746343 -0.243648 0.231215
    27 0.091660 -0.906685 4.702850 -1.565973 -0.182528 0.186948
    28 0.506271 8.500866 13.617253 -1.455778 -0.301648 1.565924
    29 -0.384987 -0.460049 7.003448 -1.724306 -0.443413 0.542974
    30 0.561516 -0.596954 5.061852 -1.471594 -0.380461 0.377637
    31 -2.452171 -8.899406 11.597897 -1.550510 -0.077769 1.476681
    32 0.680496 -0.903999 6.074253 -1.606764 0.172086 -0.012699
    33 0.245514 -0.661150 3.388004 -1.463210 0.110102 -0.097570
    34 -0.717484 -3.784271 13.043911 -1.579568 -0.030707 1.465659
    35 1.099216 -1.407745 8.017889 -1.760968 0.031572 -0.016693
    36 0.068439 -0.807653 3.686054 -1.444681 0.033469 -0.009141
    37 -4.004929 6.172707 4.754754 0.404908 0.945837 2.879801
    38 0.158352 -1.149811 5.804394 -1.000997 -0.363150 0.139351
    39 -1.083523 -1.463142 5.544399 -0.931655 -0.172887 -0.034976
    40 -6.289886 0.932434 13.569063 -0.126803 0.612110 2.869610
    41 1.327774 -0.766687 12.396328 -0.007301 0.003898 -0.066750
    42 -0.096140 1.828087 23.185329 -0.047712 -0.422921 -1.397034
    43 2.325478 -0.000003 6.169296 0.229819 0.096067 0.823404
    44 0.000000 -3.152912 0.122169 2.242994 0.000000 0.000000
    45 1.068383 -10.478592 7.066338 0.292219 -1.282324 -3.141588
    46 0.000000 0.000000 2.279457 0.547137 -0.343566 0.107833
    47 2.479414 -8.323895 6.074242 0.023741 0.580158 4.432268
    48 0.000003 -5.075260 5.105362 0.000000 0.000000 0.000000
    49 -1.068383 -10.478611 7.065971 0.292219 1.282324 3.141588
    50 -0.000488 0.000015 2.279600 0.547136 0.343566 0.107835
    51 -2.479401 -8.323895 6.074234 0.004576 0.584100 4.417707
    52 -5.790000 4.432083 14.255558 -5.219773 1.183709 -2.165905
    53 1.044540 -2.839314 19.743252 -0.423876 0.453263 -0.109463
    54 -2.655510 -1.533379 24.792648 -0.917561 -0.060294 -0.458109
    55 -1.120216 -0.154385 9.795983 -0.016508 -0.001073 0.143357
    56 -2.240372 -0.308788 19.592047 0.215502 -0.025836 0.305293
    57 -0.683205 2.877342 14.167089 -1.496837 0.211808 -1.551636
    58 -0.144958 -0.145317 7.579308 -1.750136 0.309416 -0.218605
    59 -0.038551 -0.936644 4.697678 -1.564181 0.260959 -0.213038
    60 -0.506317 8.500896 13.617329 -1.455778 0.301648 -1.565920
    61 0.385056 -0.460075 7.003435 -1.752537 0.589568 -0.525903
    62 -0.456360 -0.710276 5.057732 -1.462235 0.563664 -0.435255
    63 2.452194 -8.899408 11.597939 -1.550510 0.077767 -1.476679
    64 -0.680515 -0.903999 6.074242 -1.606694 -0.187975 0.009304
    65 -0.248295 -0.666843 3.386627 -1.463934 -0.128175 0.106473
    66 0.717491 -3.784309 13.044010 -1.579583 0.030713 -1.465679
    67 -1.099228 -1.407673 8.017876 -1.761109 -0.025112 0.018018
    68 -0.064053 -0.807640 3.686100 -1.444785 -0.030829 0.005648
    69 4.004906 6.172710 4.754800 0.404816 -0.945828 -2.879778
    70 -0.158381 -1.149773 5.804405 -0.909523 0.606891 0.245952
    71 1.078559 -2.386406 5.215008 -0.797001 0.468492 0.170295
    72 6.289963 0.932404 13.569109 -0.126801 -0.612098 -2.869612
    73 -1.327759 -0.766682 12.396324 0.016577 0.011479 -0.163124
    74 0.000017 -54.999996 0.000000 0.000000 0.000000 -1.570796
end
