// Created by Crowbar 0.74
version 1
nodes
  0 "root" -1
  1 "g_r_hip_offset" 0
  2 "g_r_hip" 1
  3 "g_r_knee" 2
  4 "g_r_ankle" 3
  5 "g_r_ball" 4
  6 "g_r_thightwist" 2
  7 "g_l_hip_offset" 0
  8 "g_l_hip" 7
  9 "g_l_knee" 8
  10 "g_l_ankle" 9
  11 "g_l_ball" 10
  12 "g_l_thightwist" 8
  13 "g_spine01_offset" 0
  14 "g_spine01" 13
  15 "g_pelvis" 14
  16 "g_spine02_offset" 14
  17 "g_spine02" 16
  18 "g_spine03_offset" 17
  19 "g_spine03" 18
  20 "g_l_clavical" 19
  21 "g_l_shoulder" 20
  22 "g_l_elbow" 21
  23 "g_l_forarm" 22
  24 "g_l_wrist" 22
  25 "g_l_birdy1" 24
  26 "g_l_birdy2" 25
  27 "g_l_birdy3" 26
  28 "g_l_index1" 24
  29 "g_l_index2" 28
  30 "g_l_index3" 29
  31 "g_l_pinky1" 24
  32 "g_l_pinky2" 31
  33 "g_l_pinky3" 32
  34 "g_l_ring1" 24
  35 "g_l_ring2" 34
  36 "g_l_ring3" 35
  37 "g_l_thumb1" 24
  38 "g_l_thumb2" 37
  39 "g_l_thumb3" 38
  40 "g_l_palm" 24
  41 "g_l_biceptwist" 21
  42 "g_neck" 19
  43 "g_head" 42
  44 "g_jaw" 43
  45 "g_l_brow" 43
  46 "g_l_brow2" 45
  47 "g_l_eye" 43
  48 "g_topeyelid" 43
  49 "g_r_brow" 43
  50 "g_r_brow2" 49
  51 "g_r_eye" 43
  52 "g_r_clavical" 19
  53 "g_r_shoulder" 52
  54 "g_r_elbow" 53
  55 "g_r_forarm" 54
  56 "g_r_wrist" 54
  57 "g_r_birdy1" 56
  58 "g_r_birdy2" 57
  59 "g_r_birdy3" 58
  60 "g_r_index1" 56
  61 "g_r_index2" 60
  62 "g_r_index3" 61
  63 "g_r_pinky1" 56
  64 "g_r_pinky2" 63
  65 "g_r_pinky3" 64
  66 "g_r_ring1" 56
  67 "g_r_ring2" 66
  68 "g_r_ring3" 67
  69 "g_r_thumb1" 56
  70 "g_r_thumb2" 69
  71 "g_r_thumb3" 70
  72 "g_r_palm" 56
  73 "g_r_biceptwist" 53
  74 "g_throwable_attach_offset" 0
end
skeleton
  time 0
    0 0.000000 0.000000 -1.500000 0.000000 0.000000 0.000000
    1 -10.521344 -5.760963 66.994621 3.097005 -0.050653 -3.139334
    2 -36.989039 28.996730 -339.042370 -0.003452 0.001739 0.112815
    3 -0.000034 0.000012 24.761454 -0.154459 -0.041049 -0.003903
    4 0.000017 0.000000 24.344809 0.190068 -0.044267 0.035621
    5 0.002333 -1.019846 24.031336 0.389660 -0.042722 0.017189
    6 0.000034 0.000008 13.404741 -0.000001 -0.000009 -0.000467
    7 10.398263 -5.760962 66.994675 3.097005 0.050653 3.139334
    8 -70.943738 26.601052 -332.942130 0.043457 0.053814 0.117395
    9 -0.000004 -0.000006 24.761459 -0.154473 0.041056 -0.026204
    10 -0.000007 0.000004 24.344891 0.156081 0.038689 -0.009260
    11 -0.002360 -1.019903 24.031330 0.389594 -0.042695 -0.017219
    12 0.000000 -0.000002 13.404737 0.000001 0.000005 -0.014772
    13 -0.061540 -5.245835 72.927078 0.000000 0.000000 0.000000
    14 54.280324 12.663267 337.352580 0.016078 0.020804 -0.113023
    15 0.000000 -0.005608 -1.146812 0.002429 0.012983 -0.000644
    16 0.030770 -0.240000 8.906021 -0.004138 0.000000 0.000000
    17 0.027368 0.539935 0.175388 -0.084087 0.003603 -0.018204
    18 0.030770 -0.276858 8.905140 0.056125 0.004134 -0.000049
    19 0.014360 0.110254 0.174611 -0.065053 0.004917 -0.003561
    20 5.669724 4.435303 14.302868 -0.140386 -0.706079 3.377661
    21 -1.044571 -2.839317 19.743267 -0.079173 0.440073 0.137744
    22 2.655533 -1.533369 24.792658 -0.968312 -0.002919 -1.951098
    23 1.120163 -0.154394 9.796035 -0.007771 0.000794 -0.067640
    24 2.240311 -0.308786 19.592051 -0.378560 0.383760 -0.093468
    25 0.683151 2.877354 14.167051 -0.500419 -0.054402 1.358924
    26 0.144936 -0.145374 7.579252 -0.379707 -0.111470 0.034680
    27 0.091660 -0.906685 4.702850 -0.215961 -0.026431 -0.000539
    28 0.506271 8.500866 13.617253 -0.561446 0.192515 1.180394
    29 -0.384987 -0.460049 7.003448 -0.252034 -0.238378 0.072982
    30 0.561516 -0.596954 5.061852 -0.078903 -0.051671 0.001009
    31 -2.452171 -8.899406 11.597897 -0.723439 -0.434360 1.615314
    32 0.680496 -0.903999 6.074253 -0.350567 0.043056 -0.001458
    33 0.245514 -0.661150 3.388004 -0.196772 0.082138 -0.004706
    34 -0.717484 -3.784271 13.043911 -0.664066 -0.252075 1.494456
    35 1.099216 -1.407745 8.017889 -0.467508 -0.012848 0.004041
    36 0.068439 -0.807653 3.686054 -0.151242 -0.011953 -0.001315
    37 -4.004929 6.172707 4.754754 -0.287509 1.050177 1.967654
    38 0.158352 -1.149811 5.804394 -0.121866 -0.175811 0.258405
    39 -1.083523 -1.463142 5.544399 -0.022221 -0.077774 0.081899
    40 -6.289886 0.932434 13.569063 -0.126803 0.612110 2.869610
    41 1.327774 -0.766687 12.396328 -0.135212 -0.007643 -1.160351
    42 -0.096140 1.828087 23.185329 0.004097 -0.052026 -1.570683
    43 2.325478 -0.000003 6.169296 -0.530652 0.001223 1.601181
    44 0.000000 -3.152912 0.122169 1.961017 0.000000 0.000000
    45 1.068383 -10.478592 7.066338 0.292219 -1.282324 -3.141588
    46 0.000000 0.000000 2.279457 0.547137 -0.343566 0.107833
    47 2.479414 -8.323895 6.074242 -0.004152 0.149114 1.677632
    48 0.000003 -5.075260 5.105362 0.000000 0.000000 0.000000
    49 -1.068383 -10.478611 7.065971 0.292219 1.282324 3.141588
    50 -0.000488 0.000015 2.279600 0.547136 0.343566 0.107835
    51 -2.479401 -8.323895 6.074234 0.013192 0.148918 1.686924
    52 -5.790000 4.432083 14.255558 -0.046143 0.766388 -3.259924
    53 1.044540 -2.839314 19.743252 -0.141921 -0.486427 -0.119261
    54 -2.655510 -1.533379 24.792648 -0.940308 -0.007331 1.843179
    55 -1.120216 -0.154385 9.795983 -0.009629 -0.000929 0.083753
    56 -2.240372 -0.308788 19.592047 -0.187562 0.016242 0.145395
    57 -0.683205 2.877342 14.167089 -0.493120 0.053272 -1.358177
    58 -0.144958 -0.145317 7.579308 -0.371916 0.110886 0.033009
    59 -0.038551 -0.936644 4.697678 -0.208176 0.025667 -0.001456
    60 -0.506317 8.500896 13.617329 -0.554906 -0.195262 -1.179336
    61 0.385056 -0.460075 7.003435 -0.246370 0.232121 0.079204
    62 -0.456360 -0.710276 5.057732 -0.073376 0.045652 0.002122
    63 2.452194 -8.899408 11.597939 -0.716231 0.435542 -1.615072
    64 -0.680515 -0.903999 6.074242 -0.342779 -0.043926 -0.014254
    65 -0.248295 -0.666843 3.386627 -0.188863 -0.083173 0.004501
    66 0.717491 -3.784309 13.044010 -0.656648 0.253106 -1.493884
    67 -1.099228 -1.407673 8.017876 -0.459788 0.013589 0.002609
    68 -0.064053 -0.807640 3.686100 -0.143542 0.012243 -0.003842
    69 4.004906 6.172710 4.754800 -0.287536 -1.050151 -1.967558
    70 -0.158381 -1.149773 5.804405 -0.157453 0.090895 0.154102
    71 1.078559 -2.386406 5.215008 -0.061408 -0.013991 -0.039619
    72 6.289963 0.932404 13.569109 -0.126801 -0.612098 -2.869612
    73 -1.327759 -0.766682 12.396324 -0.129455 0.003641 1.103513
    74 0.000017 -54.999996 0.000000 0.000000 0.000000 -1.570796
  time 1
    0 0.000000 0.000000 -1.500000 0.000000 0.000000 0.000000
    1 -10.521344 -5.760963 66.994621 3.097005 -0.050653 -3.139334
    2 -36.989039 28.996730 -339.042370 -0.003452 0.001739 0.112815
    3 -0.000034 0.000012 24.761454 -0.154459 -0.041049 -0.003903
    4 0.000017 0.000000 24.344809 0.190068 -0.044267 0.035621
    5 0.002333 -1.019846 24.031336 0.389660 -0.042722 0.017189
    6 0.000034 0.000008 13.404741 -0.000001 -0.000009 -0.000467
    7 10.398263 -5.760962 66.994675 3.097005 0.050653 3.139334
    8 -70.943738 26.601052 -332.942130 0.043457 0.053814 0.117395
    9 -0.000004 -0.000006 24.761459 -0.154473 0.041056 -0.026204
    10 -0.000007 0.000004 24.344891 0.156081 0.038689 -0.009260
    11 -0.002360 -1.019903 24.031330 0.389594 -0.042695 -0.017219
    12 0.000000 -0.000002 13.404737 0.000001 0.000005 -0.014772
    13 -0.061540 -5.245835 72.927078 0.000000 0.000000 0.000000
    14 54.280324 12.663267 337.352580 0.016078 0.020804 -0.113023
    15 0.000000 -0.005608 -1.146812 0.002429 0.012983 -0.000644
    16 0.030770 -0.240000 8.906021 -0.004138 0.000000 0.000000
    17 0.027368 0.539935 0.175388 -0.084087 0.003603 -0.018204
    18 0.030770 -0.276858 8.905140 0.056125 0.004134 -0.000049
    19 0.014360 0.110254 0.174611 -0.065053 0.004917 -0.003561
    20 5.669724 4.435303 14.302868 -0.140386 -0.706079 3.377661
    21 -1.044571 -2.839317 19.743267 -0.079173 0.440073 0.137744
    22 2.655533 -1.533369 24.792658 -0.968312 -0.002919 -1.951098
    23 1.120163 -0.154394 9.796035 -0.007771 0.000794 -0.067640
    24 2.240311 -0.308786 19.592051 -0.378560 0.383760 -0.093468
    25 0.683151 2.877354 14.167051 -0.500419 -0.054402 1.358924
    26 0.144936 -0.145374 7.579252 -0.379707 -0.111470 0.034680
    27 0.091660 -0.906685 4.702850 -0.215961 -0.026431 -0.000539
    28 0.506271 8.500866 13.617253 -0.561446 0.192515 1.180394
    29 -0.384987 -0.460049 7.003448 -0.252034 -0.238378 0.072982
    30 0.561516 -0.596954 5.061852 -0.078903 -0.051671 0.001009
    31 -2.452171 -8.899406 11.597897 -0.723439 -0.434360 1.615314
    32 0.680496 -0.903999 6.074253 -0.350567 0.043056 -0.001458
    33 0.245514 -0.661150 3.388004 -0.196772 0.082138 -0.004706
    34 -0.717484 -3.784271 13.043911 -0.664066 -0.252075 1.494456
    35 1.099216 -1.407745 8.017889 -0.467508 -0.012848 0.004041
    36 0.068439 -0.807653 3.686054 -0.151242 -0.011953 -0.001315
    37 -4.004929 6.172707 4.754754 -0.287509 1.050177 1.967654
    38 0.158352 -1.149811 5.804394 -0.121866 -0.175811 0.258405
    39 -1.083523 -1.463142 5.544399 -0.022221 -0.077774 0.081899
    40 -6.289886 0.932434 13.569063 -0.126803 0.612110 2.869610
    41 1.327774 -0.766687 12.396328 -0.135212 -0.007643 -1.160351
    42 -0.096140 1.828087 23.185329 0.004097 -0.052026 -1.570683
    43 2.325478 -0.000003 6.169296 -0.530652 0.001223 1.601181
    44 0.000000 -3.152912 0.122169 1.961017 0.000000 0.000000
    45 1.068383 -10.478592 7.066338 0.292219 -1.282324 -3.141588
    46 0.000000 0.000000 2.279457 0.547137 -0.343566 0.107833
    47 2.479414 -8.323895 6.074242 -0.004152 0.149114 1.677632
    48 0.000003 -5.075260 5.105362 0.000000 0.000000 0.000000
    49 -1.068383 -10.478611 7.065971 0.292219 1.282324 3.141588
    50 -0.000488 0.000015 2.279600 0.547136 0.343566 0.107835
    51 -2.479401 -8.323895 6.074234 0.013192 0.148918 1.686924
    52 -5.790000 4.432083 14.255558 -0.046143 0.766388 -3.259924
    53 1.044540 -2.839314 19.743252 -0.141921 -0.486427 -0.119261
    54 -2.655510 -1.533379 24.792648 -0.940308 -0.007331 1.843179
    55 -1.120216 -0.154385 9.795983 -0.009629 -0.000929 0.083753
    56 -2.240372 -0.308788 19.592047 -0.187562 0.016242 0.145395
    57 -0.683205 2.877342 14.167089 -0.493120 0.053272 -1.358177
    58 -0.144958 -0.145317 7.579308 -0.371916 0.110886 0.033009
    59 -0.038551 -0.936644 4.697678 -0.208176 0.025667 -0.001456
    60 -0.506317 8.500896 13.617329 -0.554906 -0.195262 -1.179336
    61 0.385056 -0.460075 7.003435 -0.246370 0.232121 0.079204
    62 -0.456360 -0.710276 5.057732 -0.073376 0.045652 0.002122
    63 2.452194 -8.899408 11.597939 -0.716231 0.435542 -1.615072
    64 -0.680515 -0.903999 6.074242 -0.342779 -0.043926 -0.014254
    65 -0.248295 -0.666843 3.386627 -0.188863 -0.083173 0.004501
    66 0.717491 -3.784309 13.044010 -0.656648 0.253106 -1.493884
    67 -1.099228 -1.407673 8.017876 -0.459788 0.013589 0.002609
    68 -0.064053 -0.807640 3.686100 -0.143542 0.012243 -0.003842
    69 4.004906 6.172710 4.754800 -0.287536 -1.050151 -1.967558
    70 -0.158381 -1.149773 5.804405 -0.157453 0.090895 0.154102
    71 1.078559 -2.386406 5.215008 -0.061408 -0.013991 -0.039619
    72 6.289963 0.932404 13.569109 -0.126801 -0.612098 -2.869612
    73 -1.327759 -0.766682 12.396324 -0.129455 0.003641 1.103513
    74 0.000017 -54.999996 0.000000 0.000000 0.000000 -1.570796
  time 2
    0 0.000000 0.000000 -1.500000 0.000000 0.000000 0.000000
    1 -10.521344 -5.760963 66.994621 3.097005 -0.050653 -3.139334
    2 -27.480936 26.774595 -287.802297 0.034329 0.032970 0.114213
    3 -0.000034 0.000012 24.761454 -0.154337 -0.026116 -0.013471
    4 0.000017 0.000000 24.344809 0.490659 -0.039039 0.155773
    5 0.002333 -1.019846 24.031336 0.389660 -0.042722 0.017201
    6 0.000034 0.000008 13.404741 -0.000001 -0.000009 -0.004095
    7 10.398263 -5.760962 66.994675 3.097005 0.050653 3.139334
    8 -56.251883 24.340476 -282.451666 0.146682 0.058789 0.118550
    9 -0.000004 -0.000006 24.761459 -0.154418 0.026111 -0.072248
    10 -0.000007 0.000004 24.344891 0.396943 0.023491 -0.080534
    11 -0.002360 -1.019903 24.031330 0.389594 -0.042695 -0.017219
    12 0.000000 -0.000002 13.404737 0.000001 0.000005 -0.038925
    13 -0.061540 -5.245835 72.927078 0.000000 0.000000 0.000000
    14 42.295583 12.663267 286.364701 0.016078 0.020804 -0.113023
    15 0.000000 -0.005608 -1.146812 0.003864 0.037076 -0.001704
    16 0.030770 -0.240000 8.906021 -0.004138 0.000000 0.000000
    17 0.097682 0.418837 0.605089 -0.067188 0.011706 -0.051908
    18 0.030770 -0.276858 8.905140 0.056125 0.004134 -0.000049
    19 0.033892 0.024314 0.604312 -0.024662 0.014133 -0.009529
    20 5.669724 4.435303 14.302868 -0.154933 -0.767916 3.307415
    21 -1.044571 -2.839317 19.743267 -0.169088 0.098425 0.093356
    22 2.655533 -1.533369 24.792658 -0.868153 0.014488 -1.760806
    23 1.120163 -0.154394 9.796035 -0.006848 0.000734 -0.059741
    24 2.240311 -0.308786 19.592051 -0.381389 0.392141 -0.075546
    25 0.683151 2.877354 14.167051 -0.507605 -0.055516 1.359673
    26 0.144936 -0.145374 7.579252 -0.387513 -0.113040 0.035147
    27 0.091660 -0.906685 4.702850 -0.223470 -0.027714 -0.000216
    28 0.506271 8.500866 13.617253 -0.567992 0.189769 1.181473
    29 -0.384987 -0.460049 7.003448 -0.259717 -0.240967 0.074192
    30 0.561516 -0.596954 5.061852 -0.085936 -0.054703 0.001428
    31 -2.452171 -8.899406 11.597897 -0.730831 -0.433245 1.615556
    32 0.680496 -0.903999 6.074253 -0.358498 0.043727 -0.000990
    33 0.245514 -0.661150 3.388004 -0.204281 0.082701 -0.005090
    34 -0.717484 -3.784271 13.043911 -0.671386 -0.251044 1.495025
    35 1.099216 -1.407745 8.017889 -0.475386 -0.012645 0.004137
    36 0.068439 -0.807653 3.686054 -0.158918 -0.011569 -0.001159
    37 -4.004929 6.172707 4.754754 -0.287419 1.050177 1.967654
    38 0.158352 -1.149811 5.804394 -0.121866 -0.175811 0.258405
    39 -1.083523 -1.463142 5.544399 -0.022273 -0.077774 0.081899
    40 -6.289886 0.932434 13.569063 -0.126803 0.612110 2.869610
    41 1.327774 -0.766687 12.396328 -0.115773 0.004138 -0.976260
    42 -0.096140 1.828087 23.185329 0.004097 -0.052026 -1.570683
    43 2.325478 -0.000003 6.169296 -0.161065 -0.026847 1.652988
    44 0.000000 -3.152912 0.122169 1.961017 0.000000 0.000000
    45 1.068383 -10.478592 7.066338 0.292219 -1.282324 -3.141588
    46 0.000000 0.000000 2.279457 0.547137 -0.343566 0.107833
    47 2.479414 -8.323895 6.074242 -0.004152 0.149114 1.677632
    48 0.000003 -5.075260 5.105362 0.000000 0.000000 0.000000
    49 -1.068383 -10.478611 7.065971 0.292219 1.282324 3.141588
    50 -0.000488 0.000015 2.279600 0.547136 0.343566 0.107835
    51 -2.479401 -8.323895 6.074234 0.013192 0.148918 1.686924
    52 -5.790000 4.432083 14.255558 0.189859 0.819846 -2.855200
    53 1.044540 -2.839314 19.743252 -0.649452 -0.009756 0.000541
    54 -2.655510 -1.533379 24.792648 -0.695776 -0.087797 0.744789
    55 -1.120216 -0.154385 9.795983 -0.018893 -0.001049 0.164087
    56 -2.240372 -0.308788 19.592047 -0.267442 -0.376520 0.336311
    57 -0.683205 2.877342 14.167089 -0.493120 0.053272 -1.358177
    58 -0.144958 -0.145317 7.579308 -0.371916 0.110874 0.033009
    59 -0.038551 -0.936644 4.697678 -0.208176 0.025667 -0.001456
    60 -0.506317 8.500896 13.617329 -0.554906 -0.195288 -1.179336
    61 0.385056 -0.460075 7.003435 -0.246370 0.232121 0.079204
    62 -0.456360 -0.710276 5.057732 -0.073376 0.045652 0.002122
    63 2.452194 -8.899408 11.597939 -0.716231 0.435542 -1.615072
    64 -0.680515 -0.903999 6.074242 -0.342994 -0.043890 -0.014278
    65 -0.248295 -0.666843 3.386627 -0.188655 -0.083221 0.004489
    66 0.717491 -3.784309 13.044010 -0.656648 0.253106 -1.493884
    67 -1.099228 -1.407673 8.017876 -0.459788 0.013589 0.002609
    68 -0.064053 -0.807640 3.686100 -0.143542 0.012243 -0.003842
    69 4.004906 6.172710 4.754800 -0.287461 -1.050151 -1.967558
    70 -0.158381 -1.149773 5.804405 -0.157453 0.090895 0.154102
    71 1.078559 -2.386406 5.215008 -0.061408 -0.013991 -0.039619
    72 6.289963 0.932404 13.569109 -0.126801 -0.612098 -2.869612
    73 -1.327759 -0.766682 12.396324 -0.049266 -0.015906 0.422264
    74 0.000017 -54.999996 0.000000 0.000000 0.000000 -1.570796
  time 3
    0 0.000000 0.000000 -1.500000 0.000000 0.000000 0.000000
    1 -10.521344 -5.760963 66.994621 3.097005 -0.050653 -3.139334
    2 -19.742419 24.736614 -242.325331 0.063364 0.049588 0.115742
    3 -0.000034 0.000012 24.761454 -0.154337 -0.018050 -0.018724
    4 0.000017 0.000000 24.344809 0.659264 -0.036322 0.220419
    5 0.002333 -1.019846 24.031336 0.389660 -0.042722 0.017213
    6 0.000034 0.000008 13.404741 -0.000001 -0.000009 -0.006162
    7 10.398263 -5.760962 66.994675 3.097005 0.050653 3.139334
    8 -43.919475 22.279730 -237.716125 0.214333 0.056411 0.117560
    9 -0.000004 -0.000006 24.761459 -0.154363 0.018045 -0.098266
    10 -0.000007 0.000004 24.344891 0.534864 0.015513 -0.119188
    11 -0.002360 -1.019903 24.031330 0.389594 -0.042695 -0.017219
    12 0.000000 -0.000002 13.404737 0.000001 0.000005 -0.052236
    13 -0.061540 -5.245835 72.927078 0.000000 0.000000 0.000000
    14 32.318716 12.663267 241.167315 0.016078 0.020821 -0.113023
    15 0.000000 -0.005608 -1.146812 -0.004015 0.050031 -0.002682
    16 0.030770 -0.240000 8.906021 -0.004138 0.000000 0.000000
    17 0.144559 0.297740 1.109011 -0.051300 0.017074 -0.070357
    18 0.030770 -0.276858 8.905140 0.056125 0.004134 -0.000049
    19 0.045611 -0.046001 1.112140 0.006329 0.019564 -0.012333
    20 5.669724 4.435303 14.302868 -0.155220 -0.806850 3.243685
    21 -1.044571 -2.839317 19.743267 -0.160870 -0.176428 0.084980
    22 2.655533 -1.533369 24.792658 -0.806877 0.022827 -1.663598
    23 1.120163 -0.154394 9.796035 -0.008682 0.000853 -0.075608
    24 2.240311 -0.308786 19.592051 -0.375514 0.375610 -0.111429
    25 0.683151 2.877354 14.167051 -0.493178 -0.053263 1.358187
    26 0.144936 -0.145374 7.579252 -0.372133 -0.110080 0.034285
    27 0.091660 -0.906685 4.702850 -0.208406 -0.024957 -0.000851
    28 0.506271 8.500866 13.617253 -0.554900 0.195284 1.179316
    29 -0.384987 -0.460049 7.003448 -0.244742 -0.235574 0.071795
    30 0.561516 -0.596954 5.061852 -0.071691 -0.048902 0.000554
    31 -2.452171 -8.899406 11.597897 -0.716098 -0.435515 1.615072
    32 0.680496 -0.903999 6.074253 -0.342953 0.042325 -0.001877
    33 0.245514 -0.661150 3.388004 -0.189050 0.081647 -0.004323
    34 -0.717484 -3.784271 13.043911 -0.656658 -0.253105 1.493872
    35 1.099216 -1.407745 8.017889 -0.460057 -0.013316 0.004017
    36 0.068439 -0.807653 3.686054 -0.143246 -0.012036 -0.001435
    37 -4.004929 6.172707 4.754754 -0.287419 1.050177 1.967654
    38 0.158352 -1.149811 5.804394 -0.121866 -0.175811 0.258405
    39 -1.083523 -1.463142 5.544399 -0.022273 -0.077774 0.081899
    40 -6.289886 0.932434 13.569063 -0.126803 0.612110 2.869610
    41 1.327774 -0.766687 12.396328 -0.104807 0.008800 -0.879795
    42 -0.096140 1.828087 23.185329 0.004097 -0.052026 -1.570683
    43 2.325478 -0.000003 6.169296 0.126201 -0.062440 1.668274
    44 0.000000 -3.152912 0.122169 1.961017 0.000000 0.000000
    45 1.068383 -10.478592 7.066338 0.292219 -1.282324 -3.141588
    46 0.000000 0.000000 2.279457 0.547137 -0.343566 0.107833
    47 2.479414 -8.323895 6.074242 -0.004152 0.149114 1.677632
    48 0.000003 -5.075260 5.105362 0.000000 0.000000 0.000000
    49 -1.068383 -10.478611 7.065971 0.292219 1.282324 3.141588
    50 -0.000488 0.000015 2.279600 0.547136 0.343566 0.107835
    51 -2.479401 -8.323895 6.074234 0.013192 0.148918 1.686924
    52 -5.790000 4.432083 14.255558 -5.973406 0.773034 -2.610775
    53 1.044540 -2.839314 19.743252 0.205486 -0.231705 -0.168629
    54 -2.655510 -1.533379 24.792648 -0.535992 -0.088069 0.402867
    55 -1.120216 -0.154385 9.795983 -0.026347 -0.000593 0.228969
    56 -2.240372 -0.308788 19.592047 -0.436976 -0.605425 0.559102
    57 -0.683205 2.877342 14.167089 -0.493169 0.053272 -1.358177
    58 -0.144958 -0.145317 7.579308 -0.371916 0.110886 0.033009
    59 -0.038551 -0.936644 4.697678 -0.208274 0.025667 -0.001456
    60 -0.506317 8.500896 13.617329 -0.554906 -0.195288 -1.179336
    61 0.385056 -0.460075 7.003435 -0.246370 0.232121 0.079204
    62 -0.456360 -0.710276 5.057732 -0.073376 0.045652 0.002140
    63 2.452194 -8.899408 11.597939 -0.716231 0.435542 -1.615072
    64 -0.680515 -0.903999 6.074242 -0.342940 -0.043986 -0.014254
    65 -0.248295 -0.666843 3.386627 -0.188738 -0.083125 0.004513
    66 0.717491 -3.784309 13.044010 -0.656648 0.253106 -1.493884
    67 -1.099228 -1.407673 8.017876 -0.459788 0.013589 0.002609
    68 -0.064053 -0.807640 3.686100 -0.143542 0.012243 -0.003842
    69 4.004906 6.172710 4.754800 -0.287536 -1.050151 -1.967558
    70 -0.158381 -1.149773 5.804405 -0.157453 0.090895 0.154102
    71 1.078559 -2.386406 5.215008 -0.061456 -0.013991 -0.039619
    72 6.289963 0.932404 13.569109 -0.126801 -0.612098 -2.869612
    73 -1.327759 -0.766682 12.396324 -0.033374 -0.013246 0.291705
    74 0.000017 -54.999996 0.000000 0.000000 0.000000 -1.570796
  time 4
    0 0.000000 0.000000 -1.500000 0.000000 0.000000 0.000000
    1 -10.521344 -5.760963 66.994621 3.097005 -0.050653 -3.139334
    2 -12.105467 20.562437 -168.503747 0.007206 0.142584 0.094902
    3 -0.000034 0.000012 24.761454 -0.282876 -0.032971 0.028550
    4 0.000017 0.000000 24.344809 0.762152 -0.149451 0.198704
    5 0.002333 -1.019846 24.031336 0.484152 -0.043992 0.012779
    6 0.000034 0.000008 13.404741 -0.000001 -0.000009 0.013708
    7 10.398263 -5.760962 66.994675 3.097005 0.050653 3.139334
    8 -28.946362 18.720259 -165.397414 0.361237 -0.001313 0.075889
    9 -0.000004 -0.000006 24.761459 -0.341024 0.029347 -0.034422
    10 -0.000007 0.000004 24.344891 0.601017 0.041111 -0.109183
    11 -0.002360 -1.019903 24.031330 0.461308 -0.034210 0.021359
    12 0.000000 -0.000002 13.404737 0.000001 0.000005 -0.014643
    13 -0.061540 -5.245835 72.927078 0.000000 0.000000 0.000000
    14 20.896493 12.244022 167.851117 0.011918 0.015419 -0.083777
    15 0.000000 -0.005608 -1.146812 -0.033807 0.037044 -0.003090
    16 0.030770 -0.240000 8.906021 -0.004138 0.000000 0.000000
    17 0.109402 0.176643 1.530898 -0.034465 0.013010 -0.052107
    18 0.030770 -0.276858 8.905140 0.056125 0.004134 -0.000049
    19 0.037798 -0.053813 1.526215 0.014872 0.015244 -0.009145
    20 5.669724 4.435303 14.302868 -0.143831 -0.824220 3.224998
    21 -1.044571 -2.839317 19.743267 -0.181319 -0.187543 0.083993
    22 2.655533 -1.533369 24.792658 -0.839598 0.021597 -1.687778
    23 1.120163 -0.154394 9.796035 -0.016951 0.001057 -0.147216
    24 2.240311 -0.308786 19.592051 -0.341700 0.313357 -0.272647
    25 0.683151 2.877354 14.167051 -0.428392 -0.042992 1.351955
    26 0.144936 -0.145374 7.579252 -0.306896 -0.098107 0.031216
    27 0.091660 -0.906685 4.702850 -0.143525 -0.012302 -0.002900
    28 0.506271 8.500866 13.617253 -0.496663 0.220088 1.170502
    29 -0.384987 -0.460049 7.003448 -0.181464 -0.212348 0.062555
    30 0.561516 -0.596954 5.061852 -0.010500 -0.023914 -0.002383
    31 -2.452171 -8.899406 11.597897 -0.650331 -0.445673 1.612495
    32 0.680496 -0.903999 6.074253 -0.277443 0.036273 -0.005868
    33 0.245514 -0.661150 3.388004 -0.123011 0.077200 -0.001254
    34 -0.717484 -3.784271 13.043911 -0.590559 -0.262166 1.488371
    35 1.099216 -1.407745 8.017889 -0.393814 -0.015761 0.003310
    36 0.068439 -0.807653 3.686054 -0.077538 -0.014373 -0.002705
    37 -4.004929 6.172707 4.754754 -0.287419 1.050177 1.967654
    38 0.158352 -1.149811 5.804394 -0.121866 -0.175811 0.258405
    39 -1.083523 -1.463142 5.544399 -0.022273 -0.077774 0.081899
    40 -6.289886 0.932434 13.569063 -0.126803 0.612110 2.869610
    41 1.327774 -0.766687 12.396328 -0.106928 0.007985 -0.898074
    42 -0.096140 1.828087 23.185329 0.004097 -0.052026 -1.570683
    43 2.325478 -0.000003 6.169296 0.228912 -0.040896 1.644167
    44 0.000000 -3.152912 0.122169 1.961017 0.000000 0.000000
    45 1.068383 -10.478592 7.066338 0.292219 -1.282324 -3.141588
    46 0.000000 0.000000 2.279457 0.547137 -0.343566 0.107833
    47 2.479414 -8.323895 6.074242 -0.004152 0.149114 1.677632
    48 0.000003 -5.075260 5.105362 0.000000 0.000000 0.000000
    49 -1.068383 -10.478611 7.065971 0.292219 1.282324 3.141588
    50 -0.000488 0.000015 2.279600 0.547136 0.343566 0.107835
    51 -2.479401 -8.323895 6.074234 0.013192 0.148918 1.686924
    52 -5.790000 4.432083 14.255558 -6.015775 0.887551 -2.713777
    53 1.044540 -2.839314 19.743252 0.070408 -0.136735 -0.134011
    54 -2.655510 -1.533379 24.792648 -0.526430 -0.098087 0.635434
    55 -1.120216 -0.154385 9.795983 -0.030194 -0.000174 0.262538
    56 -2.240372 -0.308788 19.592047 -0.444078 -0.568347 0.633509
    57 -0.683205 2.877342 14.167089 -0.442732 0.045293 -1.353278
    58 -0.144958 -0.145317 7.579308 -0.321457 0.098086 0.035370
    59 -0.038551 -0.936644 4.697678 -0.157928 0.012736 -0.001084
    60 -0.506317 8.500896 13.617329 -0.509577 -0.214538 -1.172372
    61 0.385056 -0.460075 7.003435 -0.200052 0.206858 0.085498
    62 -0.456360 -0.710276 5.057732 -0.028632 0.019412 0.001473
    63 2.452194 -8.899408 11.597939 -0.664962 0.443442 -1.613117
    64 -0.680515 -0.903999 6.074242 -0.291575 -0.038353 -0.011222
    65 -0.248295 -0.666843 3.386627 -0.136908 -0.078871 0.002212
    66 0.717491 -3.784309 13.044010 -0.605186 0.260189 -1.489643
    67 -1.099228 -1.407673 8.017876 -0.408121 0.015315 0.003136
    68 -0.064053 -0.807640 3.686100 -0.091490 0.013921 -0.003003
    69 4.004906 6.172710 4.754800 -0.287536 -1.050151 -1.967558
    70 -0.158381 -1.149773 5.804405 -0.157453 0.090895 0.154102
    71 1.078559 -2.386406 5.215008 -0.061456 -0.013991 -0.039619
    72 6.289963 0.932404 13.569109 -0.126801 -0.612098 -2.869612
    73 -1.327759 -0.766682 12.396324 -0.034213 -0.013425 0.298645
    74 0.000017 -54.999996 0.000000 0.000000 0.000000 -1.570796
  time 5
    0 0.000000 0.000000 -1.500000 0.000000 0.000000 0.000000
    1 -10.521344 -5.760963 66.994621 3.097005 -0.050653 -3.139334
    2 -3.011439 13.957416 -61.381721 -0.143028 0.288273 0.042737
    3 -0.000034 0.000012 24.761454 -0.521701 -0.060643 0.138081
    4 0.000017 0.000000 24.344809 0.960409 -0.359819 0.159684
    5 0.002333 -1.019846 24.031336 0.659846 -0.045287 0.004306
    6 0.000034 0.000008 13.404741 -0.000001 -0.000009 0.072284
    7 10.398263 -5.760962 66.994675 3.097005 0.050653 3.139334
    8 -9.168415 13.287383 -60.392535 0.624930 -0.059988 -0.003244
    9 -0.000004 -0.000006 24.761459 -0.687617 0.050320 0.101556
    10 -0.000007 0.000004 24.344891 0.709960 0.088040 -0.090098
    11 -0.002360 -1.019903 24.031330 0.592962 -0.017815 0.093291
    12 0.000000 -0.000002 13.404737 0.000001 0.000005 0.071020
    13 -0.061540 -5.245835 72.927078 0.000000 0.000000 0.000000
    14 6.224170 11.207555 61.481796 0.004173 0.005389 -0.029369
    15 0.000000 -0.005608 -1.146812 -0.072881 0.012936 -0.001595
    16 0.030770 -0.240000 8.906021 -0.004138 0.000000 0.000000
    17 0.035181 0.047732 1.687153 -0.017167 0.004071 -0.018204
    18 0.030770 -0.276858 8.905140 0.056125 0.004134 -0.000049
    19 0.022173 -0.026469 1.690282 0.012763 0.006172 -0.003309
    20 5.669724 4.435303 14.302868 -0.122680 -0.853218 3.219823
    21 -1.044571 -2.839317 19.743267 -0.218987 -0.078479 0.082301
    22 2.655533 -1.533369 24.792658 -0.912157 0.017178 -1.757894
    23 1.120163 -0.154394 9.796035 -0.027953 0.000434 -0.242762
    24 2.240311 -0.308786 19.592051 -0.284429 0.262937 -0.488936
    25 0.683151 2.877354 14.167051 -0.343528 -0.028922 1.344812
    26 0.144936 -0.145374 7.579252 -0.229113 -0.083582 0.028592
    27 0.091660 -0.906685 4.702850 -0.066052 0.002967 -0.004278
    28 0.506271 8.500866 13.617253 -0.420024 0.253373 1.161133
    29 -0.384987 -0.460049 7.003448 -0.106590 -0.183896 0.053579
    30 0.561516 -0.596954 5.061852 0.062473 0.006144 -0.003833
    31 -2.452171 -8.899406 11.597897 -0.563452 -0.458738 1.608012
    32 0.680496 -0.903999 6.074253 -0.199124 0.029381 -0.011141
    33 0.245514 -0.661150 3.388004 -0.043977 0.071616 0.002017
    34 -0.717484 -3.784271 13.043911 -0.503427 -0.273479 1.480196
    35 1.099216 -1.407745 8.017889 -0.315114 -0.019009 0.002315
    36 0.068439 -0.807653 3.686054 0.001638 -0.016686 -0.004347
    37 -4.004929 6.172707 4.754754 -0.287419 1.050177 1.967654
    38 0.158352 -1.149811 5.804394 -0.121866 -0.175811 0.258405
    39 -1.083523 -1.463142 5.544399 -0.022221 -0.077774 0.081899
    40 -6.289886 0.932434 13.569063 -0.126803 0.612110 2.869610
    41 1.327774 -0.766687 12.396328 -0.114263 0.004845 -0.962802
    42 -0.096140 1.828087 23.185329 0.004097 -0.052026 -1.570683
    43 2.325478 -0.000003 6.169296 0.249588 0.009615 1.608844
    44 0.000000 -3.152912 0.122169 1.961017 0.000000 0.000000
    45 1.068383 -10.478592 7.066338 0.292219 -1.282324 -3.141588
    46 0.000000 0.000000 2.279457 0.547137 -0.343566 0.107833
    47 2.479414 -8.323895 6.074242 -0.004152 0.149114 1.677632
    48 0.000003 -5.075260 5.105362 0.000000 0.000000 0.000000
    49 -1.068383 -10.478611 7.065971 0.292219 1.282324 3.141588
    50 -0.000488 0.000015 2.279600 0.547136 0.343566 0.107835
    51 -2.479401 -8.323895 6.074234 0.013192 0.148918 1.686924
    52 -5.790000 4.432083 14.255558 0.038021 1.029981 -3.080079
    53 1.044540 -2.839314 19.743252 -0.366550 -0.138813 -0.050569
    54 -2.655510 -1.533379 24.792648 -0.591149 -0.081274 1.262101
    55 -1.120216 -0.154385 9.795983 -0.032256 0.000102 0.280466
    56 -2.240372 -0.308788 19.592047 -0.337088 -0.427806 0.623113
    57 -0.683205 2.877342 14.167089 -0.350667 0.030131 -1.345366
    58 -0.144958 -0.145317 7.579308 -0.237049 0.076442 0.037851
    59 -0.038551 -0.936644 4.697678 -0.073755 -0.008932 -0.001971
    60 -0.506317 8.500896 13.617329 -0.426310 -0.250600 -1.161813
    61 0.385056 -0.460075 7.003435 -0.123432 0.164018 0.093308
    62 -0.456360 -0.710276 5.057732 0.046379 -0.024336 -0.002283
    63 2.452194 -8.899408 11.597939 -0.570663 0.457638 -1.608446
    64 -0.680515 -0.903999 6.074242 -0.205339 -0.029305 -0.005505
    65 -0.248295 -0.666843 3.386627 -0.050231 -0.071452 -0.001132
    66 0.717491 -3.784309 13.044010 -0.510631 0.272569 -1.480912
    67 -1.099228 -1.407673 8.017876 -0.321038 0.018083 0.004215
    68 -0.064053 -0.807640 3.686100 -0.004775 0.016702 -0.001409
    69 4.004906 6.172710 4.754800 -0.287536 -1.050151 -1.967558
    70 -0.158381 -1.149773 5.804405 -0.157453 0.090895 0.154102
    71 1.078559 -2.386406 5.215008 -0.061456 -0.013991 -0.039619
    72 6.289963 0.932404 13.569109 -0.126801 -0.612098 -2.869612
    73 -1.327759 -0.766682 12.396324 -0.072456 -0.016074 0.610562
    74 0.000017 -54.999996 0.000000 0.000000 0.000000 -1.570796
  time 6
    0 0.000000 0.000000 -1.500000 0.000000 0.000000 0.000000
    1 -10.521344 -5.760963 66.994621 3.097005 -0.050653 -3.139334
    2 0.902743 9.390375 2.640339 -0.242500 0.347060 0.006430
    3 -0.000034 0.000012 24.761454 -0.650321 -0.075552 0.208687
    4 0.000017 0.000000 24.344809 1.078771 -0.472971 0.136587
    5 0.002333 -1.019846 24.031336 0.754376 -0.045335 -0.000308
    6 0.000034 0.000008 13.404741 -0.000001 -0.000009 0.115462
    7 10.398263 -5.760962 66.994675 3.097005 0.050653 3.139334
    8 1.163932 9.390699 2.529464 0.768336 -0.065438 -0.038231
    9 -0.000004 -0.000006 24.761459 -0.874278 0.061597 0.183308
    10 -0.000007 0.000004 24.344891 0.768110 0.113260 -0.079715
    11 -0.002360 -1.019903 24.031330 0.663041 -0.008647 0.132133
    12 0.000000 -0.000002 13.404737 0.000001 0.000005 0.125488
    13 -0.061540 -5.245835 72.927078 0.000000 0.000000 0.000000
    14 -1.033864 9.938175 -2.213623 -0.000052 0.000021 -0.000063
    15 0.000000 -0.005608 -1.146812 -0.092338 0.000028 -0.000046
    16 0.030770 -0.240000 8.906021 -0.004138 0.000000 0.000000
    17 -0.003883 -0.006957 1.425426 -0.008055 -0.001043 0.000086
    18 0.030770 -0.276858 8.905140 0.056125 0.004134 -0.000049
    19 0.006547 -0.010843 1.424649 0.008116 0.001050 -0.000133
    20 5.669724 4.435303 14.302868 -0.098754 -0.901384 3.204969
    21 -1.044571 -2.839317 19.743267 -0.278621 -0.045394 0.074771
    22 2.655533 -1.533369 24.792658 -0.951257 0.017447 -1.775039
    23 1.120163 -0.154394 9.796035 -0.033418 -0.000273 -0.290466
    24 2.240311 -0.308786 19.592051 -0.254228 0.252669 -0.597417
    25 0.683151 2.877354 14.167051 -0.301672 -0.021756 1.341727
    26 0.144936 -0.145374 7.579252 -0.193753 -0.076918 0.027765
    27 0.091660 -0.906685 4.702850 -0.030887 0.009930 -0.004518
    28 0.506271 8.500866 13.617253 -0.381982 0.270026 1.157435
    29 -0.384987 -0.460049 7.003448 -0.072763 -0.170785 0.050223
    30 0.561516 -0.596954 5.061852 0.095674 0.019795 -0.003773
    31 -2.452171 -8.899406 11.597897 -0.520265 -0.465052 1.605301
    32 0.680496 -0.903999 6.074253 -0.163553 0.026397 -0.013730
    33 0.245514 -0.661150 3.388004 -0.008135 0.069015 0.003360
    34 -0.717484 -3.784271 13.043911 -0.460214 -0.278812 1.475786
    35 1.099216 -1.407745 8.017889 -0.279024 -0.020147 0.001752
    36 0.068439 -0.807653 3.686054 0.037246 -0.017981 -0.005222
    37 -4.004929 6.172707 4.754754 -0.287509 1.050177 1.967654
    38 0.158352 -1.149811 5.804394 -0.121866 -0.175811 0.258405
    39 -1.083523 -1.463142 5.544399 -0.022273 -0.077774 0.081899
    40 -6.289886 0.932434 13.569063 -0.126803 0.612110 2.869610
    41 1.327774 -0.766687 12.396328 -0.117463 0.003299 -0.991425
    42 -0.096140 1.828087 23.185329 0.004097 -0.052026 -1.570683
    43 2.325478 -0.000003 6.169296 0.242855 0.037034 1.589726
    44 0.000000 -3.152912 0.122169 1.961017 0.000000 0.000000
    45 1.068383 -10.478592 7.066338 0.292219 -1.282324 -3.141588
    46 0.000000 0.000000 2.279457 0.547137 -0.343566 0.107833
    47 2.479414 -8.323895 6.074242 -0.004152 0.149114 1.677632
    48 0.000003 -5.075260 5.105362 0.000000 0.000000 0.000000
    49 -1.068383 -10.478611 7.065971 0.292219 1.282324 3.141588
    50 -0.000488 0.000015 2.279600 0.547136 0.343566 0.107835
    51 -2.479401 -8.323895 6.074234 0.013192 0.148918 1.686924
    52 -5.790000 4.432083 14.255558 -0.157433 1.022255 -3.349799
    53 1.044540 -2.839314 19.743252 -0.319576 -0.204571 -0.059741
    54 -2.655510 -1.533379 24.792648 -0.630755 -0.030719 1.820611
    55 -1.120216 -0.154385 9.795983 -0.031465 -0.000018 0.273475
    56 -2.240372 -0.308788 19.592047 -0.219636 -0.295433 0.574568
    57 -0.683205 2.877342 14.167089 -0.301714 0.021774 -1.341736
    58 -0.144958 -0.145317 7.579308 -0.196289 0.065932 0.038378
    59 -0.038551 -0.936644 4.697678 -0.033025 -0.019407 -0.003038
    60 -0.506317 8.500896 13.617329 -0.382037 -0.270005 -1.157455
    61 0.385056 -0.460075 7.003435 -0.086611 0.143089 0.095865
    62 -0.456360 -0.710276 5.057732 0.082815 -0.045423 -0.005249
    63 2.452194 -8.899408 11.597939 -0.520270 0.465049 -1.605324
    64 -0.680515 -0.903999 6.074242 -0.163621 -0.025098 -0.002461
    65 -0.248295 -0.666843 3.386627 -0.008309 -0.067785 -0.002486
    66 0.717491 -3.784309 13.044010 -0.460215 0.278813 -1.475778
    67 -1.099228 -1.407673 8.017876 -0.279010 0.019402 0.004814
    68 -0.064053 -0.807640 3.686100 0.037204 0.017948 -0.000534
    69 4.004906 6.172710 4.754800 -0.287461 -1.050151 -1.967558
    70 -0.158381 -1.149773 5.804405 -0.157453 0.090895 0.154102
    71 1.078559 -2.386406 5.215008 -0.061408 -0.013991 -0.039619
    72 6.289963 0.932404 13.569109 -0.126801 -0.612098 -2.869612
    73 -1.327759 -0.766682 12.396324 -0.113408 -0.005252 0.955142
    74 0.000017 -54.999996 0.000000 0.000000 0.000000 -1.570796
  time 7
    0 0.000000 0.000000 -1.500000 0.000000 0.000000 0.000000
    1 -10.521344 -5.760963 66.994621 3.097005 -0.050653 -3.139334
    2 -1.616866 14.129294 22.598179 0.122733 0.616142 0.279012
    3 -0.000034 0.000012 24.761454 -1.432082 -0.166012 0.298348
    4 0.000017 0.000000 24.344809 2.090460 -0.417742 -0.321228
    5 0.002333 -1.019846 24.031336 0.389660 -0.042710 0.017201
    6 0.000034 0.000008 13.404741 -0.000001 -0.000009 0.077790
    7 10.398263 -5.760962 66.994675 3.097005 0.050653 3.139334
    8 1.273310 9.078465 21.502729 1.195398 -0.437681 0.022666
    9 -0.000004 -0.000006 24.761459 -1.625873 0.188430 -0.164300
    10 -0.000007 0.000004 24.344891 1.444033 0.240937 0.100246
    11 -0.002360 -1.019903 24.031330 0.389594 -0.042695 -0.017219
    12 0.000000 -0.000002 13.404737 0.000001 0.000005 -0.003887
    13 -0.061540 -5.245835 72.927078 0.000000 0.000000 0.000000
    14 -0.076803 12.232376 -21.545306 0.223018 -0.058940 -0.214394
    15 0.000000 -0.005608 -1.146812 -0.194346 0.009297 -0.034640
    16 0.030770 -0.240000 8.906021 -0.004138 0.000000 0.000000
    17 0.371128 -0.542129 0.780876 0.074563 0.070236 -0.071076
    18 0.030770 -0.276858 8.905140 0.056125 0.004134 -0.000049
    19 -0.321588 0.246977 0.807443 -0.067663 -0.101478 0.009275
    20 5.669724 4.435303 14.302868 0.158407 -1.025268 2.998256
    21 -1.044571 -2.839317 19.743267 -0.422643 -0.367995 0.094399
    22 2.655533 -1.533369 24.792658 -1.667517 0.135033 -1.305011
    23 1.120163 -0.154394 9.796035 -0.008682 0.000853 -0.075608
    24 2.240311 -0.308786 19.592051 -0.375514 0.375610 -0.111390
    25 0.683151 2.877354 14.167051 -1.511326 -0.211747 1.554295
    26 0.144936 -0.145374 7.579252 -1.768042 -0.243277 0.235266
    27 0.091660 -0.906685 4.702850 -1.587485 -0.182555 0.191106
    28 0.506271 8.500866 13.617253 -1.470500 -0.303305 1.571620
    29 -0.384987 -0.460049 7.003448 -1.747417 -0.440906 0.551347
    30 0.561516 -0.596954 5.061852 -1.494407 -0.380557 0.386314
    31 -2.452171 -8.899406 11.597897 -1.564436 -0.075962 1.475269
    32 0.680496 -0.903999 6.074253 -1.628057 0.173808 -0.014090
    33 0.245514 -0.661150 3.388004 -1.484423 0.109679 -0.099169
    34 -0.717484 -3.784271 13.043911 -1.593590 -0.028658 1.464722
    35 1.099216 -1.407745 8.017889 -1.782009 0.031962 -0.017196
    36 0.068439 -0.807653 3.686054 -1.465932 0.034236 -0.009680
    37 -4.004929 6.172707 4.754754 0.943204 0.854595 3.591589
    38 0.158352 -1.149811 5.804394 -1.158518 -0.402691 0.137972
    39 -1.083523 -1.463142 5.544399 -1.090602 -0.198351 -0.044354
    40 -6.289886 0.932434 13.569063 -0.126803 0.612110 2.869610
    41 1.327774 -0.766687 12.396328 -0.088472 0.013629 -0.741802
    42 -0.096140 1.828087 23.185329 0.004097 -0.052026 -1.570683
    43 2.325478 -0.000003 6.169296 -0.285407 0.146100 1.747421
    44 0.000000 -3.152912 0.122169 1.961017 0.000000 0.000000
    45 1.068383 -10.478592 7.066338 0.292219 -1.282324 -3.141588
    46 0.000000 0.000000 2.279457 0.547137 -0.343566 0.107833
    47 2.479414 -8.323895 6.074242 -0.009072 0.017908 1.556050
    48 0.000003 -5.075260 5.105362 0.000000 0.000000 0.000000
    49 -1.068383 -10.478611 7.065971 0.292219 1.282324 3.141588
    50 -0.000488 0.000015 2.279600 0.547136 0.343566 0.107835
    51 -2.479401 -8.323895 6.074234 0.008292 0.017891 1.565536
    52 -5.790000 4.432083 14.255558 0.026518 0.715963 -3.001031
    53 1.044540 -2.839314 19.743252 -0.330930 0.195149 -0.076451
    54 -2.655510 -1.533379 24.792648 -1.211814 -0.061148 1.565401
    55 -1.120216 -0.154385 9.795983 -0.006573 -0.000713 0.057202
    56 -2.240372 -0.308788 19.592047 -0.134640 0.056637 0.099857
    57 -0.683205 2.877342 14.167089 -1.584035 0.210944 -1.567614
    58 -0.144958 -0.145317 7.579308 -1.882538 0.306882 -0.251721
    59 -0.038551 -0.936644 4.697678 -1.695032 0.264017 -0.245546
    60 -0.506317 8.500896 13.617329 -1.544308 0.310454 -1.600550
    61 0.385056 -0.460075 7.003435 -1.901971 0.572566 -0.598841
    62 -0.456360 -0.710276 5.057732 -1.611819 0.570671 -0.510553
    63 2.452194 -8.899408 11.597939 -1.634142 0.067305 -1.468044
    64 -0.680515 -0.903999 6.074242 -1.734318 -0.198132 0.021256
    65 -0.248295 -0.666843 3.386627 -1.591336 -0.124831 0.117899
    66 0.717491 -3.784309 13.044010 -1.663673 0.018496 -1.459507
    67 -1.099228 -1.407673 8.017876 -1.887301 -0.027099 0.021844
    68 -0.064053 -0.807640 3.686100 -1.571443 -0.033586 0.009341
    69 4.004906 6.172710 4.754800 0.811720 -0.971244 -3.381668
    70 -0.158381 -1.149773 5.804405 -0.909508 0.606845 0.245908
    71 1.078559 -2.386406 5.215008 -0.797051 0.468555 0.170248
    72 6.289963 0.932404 13.569109 -0.126801 -0.612098 -2.869612
    73 -1.327759 -0.766682 12.396324 -0.104000 -0.009123 0.872837
    74 0.000017 -54.999996 0.000000 0.000000 0.000000 -1.570796
  time 8
    0 0.000000 0.000000 -1.500000 0.000000 0.000000 0.000000
    1 -10.521344 -5.760963 66.994621 3.097005 -0.050653 -3.139334
    2 -1.628585 14.890467 28.742503 0.226510 0.650573 0.302124
    3 -0.000034 0.000012 24.761454 -1.734404 -0.200947 0.232588
    4 0.000017 0.000000 24.344809 2.339268 -0.407149 -0.399486
    5 0.002333 -1.019846 24.031336 0.389660 -0.042710 0.017201
    6 0.000034 0.000008 13.404741 -0.000001 -0.000009 0.032101
    7 10.398263 -5.760962 66.994675 3.097005 0.050653 3.139334
    8 1.992082 9.415678 27.909578 1.450475 -0.556861 -0.069175
    9 -0.000004 -0.000006 24.761459 -1.900035 0.220093 -0.268123
    10 -0.000007 0.000004 24.344891 1.498053 0.267490 0.149094
    11 -0.002360 -1.019903 24.031330 0.389594 -0.042695 -0.017219
    12 0.000000 -0.000002 13.404737 0.000001 0.000005 -0.051463
    13 -0.061540 -5.245835 72.927078 0.000000 0.000000 0.000000
    14 -0.408845 12.791370 -27.808952 0.265424 -0.046535 -0.236854
    15 0.000000 -0.005608 -1.146812 -0.191029 0.010991 -0.033716
    16 0.030770 -0.240000 8.906021 -0.004138 0.000000 0.000000
    17 0.398473 -1.194493 0.566025 0.151100 0.075857 -0.039728
    18 0.030770 -0.276858 8.905140 0.056125 0.004134 -0.000049
    19 -0.282524 -0.569454 0.647282 0.257151 -0.084774 -0.010991
    20 5.669724 4.435303 14.302868 0.351063 -1.008074 2.782343
    21 -1.044571 -2.839317 19.743267 -0.445783 -0.470641 0.114760
    22 2.655533 -1.533369 24.792658 -1.671336 0.118740 -1.469101
    23 1.120163 -0.154394 9.796035 -0.011666 0.000985 -0.101478
    24 2.240311 -0.308786 19.592051 -0.413026 0.333295 -0.158034
    25 0.683151 2.877354 14.167051 -1.511326 -0.211747 1.554295
    26 0.144936 -0.145374 7.579252 -1.768042 -0.243277 0.235266
    27 0.091660 -0.906685 4.702850 -1.587439 -0.182555 0.191106
    28 0.506271 8.500866 13.617253 -1.470500 -0.303305 1.571620
    29 -0.384987 -0.460049 7.003448 -1.747417 -0.440906 0.551347
    30 0.561516 -0.596954 5.061852 -1.494372 -0.380557 0.386314
    31 -2.452171 -8.899406 11.597897 -1.564436 -0.075962 1.475269
    32 0.680496 -0.903999 6.074253 -1.627898 0.173796 -0.014162
    33 0.245514 -0.661150 3.388004 -1.484530 0.109595 -0.099193
    34 -0.717484 -3.784271 13.043911 -1.593590 -0.028646 1.464722
    35 1.099216 -1.407745 8.017889 -1.782086 0.031962 -0.017448
    36 0.068439 -0.807653 3.686054 -1.465861 0.033996 -0.009728
    37 -4.004929 6.172707 4.754754 0.935367 0.864013 3.577427
    38 0.158352 -1.149811 5.804394 -1.151865 -0.401017 0.137912
    39 -1.083523 -1.463142 5.544399 -1.083957 -0.197225 -0.044092
    40 -6.289886 0.932434 13.569063 -0.126803 0.612110 2.869610
    41 1.327774 -0.766687 12.396328 -0.097616 0.011233 -0.818331
    42 -0.096140 1.828087 23.185329 -0.036241 -0.248993 -1.500856
    43 2.325478 -0.000003 6.169296 -0.366773 0.141470 1.716409
    44 0.000000 -3.152912 0.122169 1.961017 0.000000 0.000000
    45 1.068383 -10.478592 7.066338 0.292219 -1.282324 -3.141588
    46 0.000000 0.000000 2.279457 0.547137 -0.343566 0.107833
    47 2.479414 -8.323895 6.074242 -0.009072 -0.008765 1.556623
    48 0.000003 -5.075260 5.136613 0.000000 0.000000 0.000000
    49 -1.068383 -10.478611 7.065971 0.292219 1.282324 3.141588
    50 -0.000488 0.000015 2.279600 0.547136 0.343566 0.107835
    51 -2.479401 -8.323895 6.074234 0.008332 -0.008759 1.565920
    52 -5.790000 4.432083 14.255558 0.125251 0.802899 -2.878196
    53 1.044540 -2.839314 19.743252 -0.631419 0.618527 -0.184659
    54 -2.655510 -1.533379 24.792648 -1.210657 -0.053110 1.635148
    55 -1.120216 -0.154385 9.795983 -0.017563 -0.001073 0.152716
    56 -2.240372 -0.308788 19.592047 -0.293254 0.109061 0.262934
    57 -0.683205 2.877342 14.167089 -1.584579 0.210983 -1.573462
    58 -0.144958 -0.145317 7.579308 -1.873547 0.307194 -0.249492
    59 -0.038551 -0.936644 4.697678 -1.708050 0.264089 -0.248794
    60 -0.506317 8.500896 13.617329 -1.548305 0.310843 -1.610794
    61 0.385056 -0.460075 7.003435 -1.889841 0.574303 -0.593006
    62 -0.456360 -0.710276 5.057732 -1.620758 0.570800 -0.515099
    63 2.452194 -8.899408 11.597939 -1.629962 0.069164 -1.465232
    64 -0.680515 -0.903999 6.074242 -1.728658 -0.197712 0.020729
    65 -0.248295 -0.666843 3.386627 -1.595249 -0.124724 0.118259
    66 0.717491 -3.784309 13.044010 -1.665815 0.018172 -1.459346
    67 -1.099228 -1.407673 8.017876 -1.874020 -0.026895 0.021485
    68 -0.064053 -0.807640 3.686100 -1.579377 -0.033682 0.009593
    69 4.004906 6.172710 4.754800 0.795005 -0.985579 -3.354162
    70 -0.158381 -1.149773 5.804405 -0.897335 0.611801 0.247666
    71 1.078559 -2.386406 5.215008 -0.807084 0.476948 0.155377
    72 6.289963 0.932404 13.569109 -0.126801 -0.612098 -2.869612
    73 -1.327759 -0.766682 12.396324 -0.104970 -0.008751 0.881211
    74 0.000017 -54.999996 0.000000 0.000000 0.000000 -1.570796
  time 9
    0 0.000000 0.000000 -1.500000 0.000000 0.000000 0.000000
    1 -10.521344 -5.760963 66.994621 3.097005 -0.050653 -3.139334
    2 -0.542614 16.400537 32.464977 0.209909 0.649822 0.179311
    3 -0.000034 0.000012 24.761454 -1.940912 -0.224784 0.325425
    4 0.000017 0.000000 24.344809 2.508859 -0.370843 -0.408582
    5 0.002333 -1.019846 24.031336 0.389660 -0.042710 0.017213
    6 0.000034 0.000008 13.404741 -0.000001 -0.000009 0.077368
    7 10.398263 -5.760962 66.994675 3.097005 0.050653 3.139334
    8 3.035082 12.887723 31.956008 1.719713 -0.604159 -0.254342
    9 -0.000004 -0.000006 24.761459 -1.939578 0.224660 -0.328629
    10 -0.000007 0.000004 24.344891 1.331347 0.296532 0.202817
    11 -0.002360 -1.019903 24.031330 0.389594 -0.042695 -0.017219
    12 0.000000 -0.000002 13.404737 0.000001 0.000005 -0.096141
    13 -0.061540 -5.245835 72.927078 0.000000 0.000000 0.000000
    14 -1.408875 15.143800 -31.594177 0.308885 -0.033941 -0.142450
    15 0.000000 -0.005608 -1.146812 -0.186627 0.013234 -0.032466
    16 0.030770 -0.240000 8.906021 -0.004138 0.000000 0.000000
    17 0.406286 -1.671070 0.511336 0.205162 0.070160 -0.013092
    18 0.030770 -0.276858 8.905140 0.056125 0.004134 -0.000049
    19 -0.196584 -1.151503 0.518372 0.506151 -0.054349 -0.015389
    20 5.669724 4.435303 14.302868 0.467345 -0.952861 2.611855
    21 -1.044571 -2.839317 19.743267 -0.571166 -0.551996 0.150632
    22 2.655533 -1.533369 24.792658 -1.643692 0.108711 -1.532019
    23 1.120163 -0.154394 9.796035 -0.014662 0.001057 -0.127417
    24 2.240311 -0.308786 19.592051 -0.437919 0.265009 -0.202344
    25 0.683151 2.877354 14.167051 -1.511326 -0.211747 1.554295
    26 0.144936 -0.145374 7.579252 -1.768042 -0.243277 0.235266
    27 0.091660 -0.906685 4.702850 -1.587439 -0.182555 0.191106
    28 0.506271 8.500866 13.617253 -1.470500 -0.303305 1.571620
    29 -0.384987 -0.460049 7.003448 -1.747417 -0.440906 0.551347
    30 0.561516 -0.596954 5.061852 -1.494372 -0.380557 0.386326
    31 -2.452171 -8.899406 11.597897 -1.564436 -0.075962 1.475269
    32 0.680496 -0.903999 6.074253 -1.628017 0.173796 -0.014090
    33 0.245514 -0.661150 3.388004 -1.484476 0.109667 -0.099169
    34 -0.717484 -3.784271 13.043911 -1.593590 -0.028634 1.464722
    35 1.099216 -1.407745 8.017889 -1.782086 0.031962 -0.017448
    36 0.068439 -0.807653 3.686054 -1.465861 0.033996 -0.009728
    37 -4.004929 6.172707 4.754754 0.920955 0.880508 3.551689
    38 0.158352 -1.149811 5.804394 -1.140211 -0.398112 0.137804
    39 -1.083523 -1.463142 5.544399 -1.072238 -0.195295 -0.043526
    40 -6.289886 0.932434 13.569063 -0.126803 0.612110 2.869610
    41 1.327774 -0.766687 12.396328 -0.101212 0.010082 -0.848812
    42 -0.096140 1.828087 23.185329 -0.109828 -0.444048 -1.418801
    43 2.325478 -0.000003 6.169296 -0.403875 0.058925 1.535086
    44 0.000000 -3.152912 0.122169 1.961017 0.000000 0.000000
    45 1.068383 -10.478592 7.066338 0.292219 -1.282324 -3.141588
    46 0.000000 0.000000 2.279457 0.547137 -0.343566 0.107833
    47 2.479414 -8.323895 6.074242 -0.009018 -0.052814 1.557578
    48 0.000003 -5.075260 5.191302 0.000000 0.000000 0.000000
    49 -1.068383 -10.478611 7.065971 0.292219 1.282324 3.141588
    50 -0.000488 0.000015 2.279600 0.547136 0.343566 0.107835
    51 -2.479401 -8.323895 6.074234 0.008372 -0.052797 1.566494
    52 -5.790000 4.432083 14.255558 0.230790 0.881445 -2.737635
    53 1.044540 -2.839314 19.743252 -1.269074 0.981659 -0.670751
    54 -2.655510 -1.533379 24.792648 -1.166622 -0.083371 1.313825
    55 -1.120216 -0.154385 9.795983 -0.028984 -0.000342 0.251793
    56 -2.240372 -0.308788 19.592047 -0.433158 0.176139 0.414240
    57 -0.683205 2.877342 14.167089 -1.585322 0.211063 -1.581118
    58 -0.144958 -0.145317 7.579308 -1.861777 0.307541 -0.246555
    59 -0.038551 -0.936644 4.697678 -1.725210 0.264125 -0.253060
    60 -0.506317 8.500896 13.617329 -1.555018 0.311362 -1.624767
    61 0.385056 -0.460075 7.003435 -1.876632 0.576126 -0.586652
    62 -0.456360 -0.710276 5.057732 -1.635235 0.570930 -0.522418
    63 2.452194 -8.899408 11.597939 -1.621722 0.071859 -1.461729
    64 -0.680515 -0.903999 6.074242 -1.717232 -0.196861 0.019566
    65 -0.248295 -0.666843 3.386627 -1.596331 -0.124712 0.118342
    66 0.717491 -3.784309 13.044010 -1.667409 0.017969 -1.459222
    67 -1.099228 -1.407673 8.017876 -1.855023 -0.026631 0.020850
    68 -0.064053 -0.807640 3.686100 -1.587593 -0.033885 0.009820
    69 4.004906 6.172710 4.754800 0.760898 -1.010301 -3.302506
    70 -0.158381 -1.149773 5.804405 -0.873965 0.613718 0.251827
    71 1.078559 -2.386406 5.215008 -0.822468 0.490610 0.136232
    72 6.289963 0.932404 13.569109 -0.126801 -0.612098 -2.869612
    73 -1.327759 -0.766682 12.396324 -0.077753 -0.015511 0.653681
    74 0.000017 -54.999996 0.000000 0.000000 0.000000 -1.570796
  time 10
    0 0.000000 0.000000 -1.500000 0.000000 0.000000 0.000000
    1 -10.521344 -5.760963 66.994621 3.097005 -0.050653 -3.139334
    2 -0.655899 16.903894 32.442552 0.237509 0.659508 0.192943
    3 -0.000034 0.000012 24.761454 -1.955750 -0.226498 0.332103
    4 0.000017 0.000000 24.344809 2.494680 -0.365433 -0.402878
    5 0.002333 -1.019846 24.031336 0.389660 -0.042710 0.017201
    6 0.000034 0.000008 13.404741 -0.000001 -0.000009 0.077958
    7 10.398263 -5.760962 66.994675 3.097005 0.050653 3.139334
    8 2.945236 13.224936 31.933528 1.727135 -0.621498 -0.260778
    9 -0.000004 -0.000006 24.761459 -1.930063 0.223569 -0.351813
    10 -0.000007 0.000004 24.344891 1.315212 0.294932 0.198740
    11 -0.002360 -1.019903 24.031330 0.389594 -0.042695 -0.017219
    12 0.000000 -0.000002 13.404737 0.000001 0.000005 -0.114991
    13 -0.061540 -5.245835 72.927078 0.000000 0.000000 0.000000
    14 -1.311216 15.539754 -31.571645 0.310230 -0.033580 -0.151458
    15 0.000000 -0.005608 -1.146812 -0.184713 0.014223 -0.031950
    16 0.030770 -0.240000 8.906021 -0.004138 0.000000 0.000000
    17 0.410192 -1.772636 0.452741 0.221407 0.070134 -0.009658
    18 0.030770 -0.276858 8.905140 0.056125 0.004134 -0.000049
    19 -0.184865 -1.163222 0.475402 0.517232 -0.050420 -0.014119
    20 5.669724 4.435303 14.302868 0.439495 -1.113390 2.515542
    21 -1.044571 -2.839317 19.743267 -0.769978 -0.740119 0.275788
    22 2.655533 -1.533369 24.792658 -1.412215 0.114859 -1.221147
    23 1.120163 -0.154394 9.796035 -0.012505 0.001021 -0.108756
    24 2.240311 -0.308786 19.592051 -0.353102 0.209248 -0.176035
    25 0.683151 2.877354 14.167051 -1.511326 -0.211747 1.554295
    26 0.144936 -0.145374 7.579252 -1.768042 -0.243277 0.235266
    27 0.091660 -0.906685 4.702850 -1.587439 -0.182555 0.191106
    28 0.506271 8.500866 13.617253 -1.470438 -0.303305 1.571620
    29 -0.384987 -0.460049 7.003448 -1.747417 -0.440906 0.551347
    30 0.561516 -0.596954 5.061852 -1.494372 -0.380557 0.386326
    31 -2.452171 -8.899406 11.597897 -1.564436 -0.075962 1.475269
    32 0.680496 -0.903999 6.074253 -1.627978 0.173796 -0.014078
    33 0.245514 -0.661150 3.388004 -1.484476 0.109679 -0.099169
    34 -0.717484 -3.784271 13.043911 -1.593546 -0.028646 1.464722
    35 1.099216 -1.407745 8.017889 -1.782086 0.031962 -0.017448
    36 0.068439 -0.807653 3.686054 -1.465861 0.033996 -0.009728
    37 -4.004929 6.172707 4.754754 0.904291 0.897655 3.523558
    38 0.158352 -1.149811 5.804394 -1.127921 -0.395059 0.137732
    39 -1.083523 -1.463142 5.544399 -1.059943 -0.193306 -0.042890
    40 -6.289886 0.932434 13.569063 -0.126803 0.612110 2.869610
    41 1.327774 -0.766687 12.396328 -0.081401 0.014984 -0.683401
    42 -0.096140 1.828087 23.185329 -0.112893 -0.445387 -1.417181
    43 2.325478 -0.000003 6.169296 -0.240092 0.068489 1.550252
    44 0.000000 -3.152912 0.122169 1.961017 0.000000 0.000000
    45 1.068383 -10.478592 7.066338 0.292219 -1.282324 -3.141588
    46 0.000000 0.000000 2.279457 0.547137 -0.343566 0.107833
    47 2.479414 -8.323895 6.074242 -0.009072 -0.095172 1.558342
    48 0.000003 -5.075260 5.249898 0.000000 0.000000 0.000000
    49 -1.068383 -10.478611 7.065971 0.292219 1.282324 3.141588
    50 -0.000488 0.000015 2.279600 0.547136 0.343566 0.107835
    51 -2.479401 -8.323895 6.074234 0.008412 -0.095181 1.566782
    52 -5.790000 4.432083 14.255558 0.126497 0.980012 -2.722975
    53 1.044540 -2.839314 19.743252 -1.270577 1.088118 -0.783803
    54 -2.655510 -1.533379 24.792648 -0.992294 -0.093388 1.023097
    55 -1.120216 -0.154385 9.795983 -0.023195 -0.000845 0.201547
    56 -2.240372 -0.308788 19.592047 -0.318684 0.137229 0.351433
    57 -0.683205 2.877342 14.167089 -1.585619 0.211083 -1.584452
    58 -0.144958 -0.145317 7.579308 -1.856709 0.307709 -0.245273
    59 -0.038551 -0.936644 4.697678 -1.732656 0.264113 -0.254930
    60 -0.506317 8.500896 13.617329 -1.561957 0.311777 -1.632405
    61 0.385056 -0.460075 7.003435 -1.877409 0.576023 -0.587019
    62 -0.456360 -0.710276 5.057732 -1.648158 0.570973 -0.528965
    63 2.452194 -8.899408 11.597939 -1.611691 0.073741 -1.460871
    64 -0.680515 -0.903999 6.074242 -1.702626 -0.195747 0.017996
    65 -0.248295 -0.666843 3.386627 -1.586923 -0.125143 0.117492
    66 0.717491 -3.784309 13.044010 -1.665118 0.018292 -1.459408
    67 -1.099228 -1.407673 8.017876 -1.841854 -0.026439 0.020226
    68 -0.064053 -0.807640 3.686100 -1.586805 -0.034089 0.009760
    69 4.004906 6.172710 4.754800 0.717229 -1.035774 -3.242173
    70 -0.158381 -1.149773 5.804405 -0.846130 0.603450 0.256633
    71 1.078559 -2.386406 5.215008 -0.835272 0.502250 0.128340
    72 6.289963 0.932404 13.569109 -0.126801 -0.612098 -2.869612
    73 -1.327759 -0.766682 12.396324 -0.059129 -0.016517 0.502395
    74 0.000017 -54.999996 0.000000 0.000000 0.000000 -1.570796
  time 11
    0 0.000000 0.000000 -1.500000 0.000000 0.000000 0.000000
    1 -10.521344 -5.760963 66.994621 3.097005 -0.050653 -3.139334
    2 -0.937157 17.382696 31.971637 0.275085 0.672535 0.222258
    3 -0.000034 0.000012 24.761454 -1.953067 -0.226186 0.331981
    4 0.000017 0.000000 24.344809 2.457692 -0.362400 -0.395467
    5 0.002333 -1.019846 24.031336 0.389585 -0.042698 0.017213
    6 0.000034 0.000008 13.404741 -0.000001 -0.000009 0.074204
    7 10.398263 -5.760962 66.994675 3.097005 0.050653 3.139334
    8 2.699135 13.287383 31.506405 1.708537 -0.636204 -0.246255
    9 -0.000004 -0.000006 24.761459 -1.917359 0.222107 -0.370366
    10 -0.000007 0.000004 24.344891 1.313922 0.289599 0.187915
    11 -0.002360 -1.019903 24.031330 0.389594 -0.042695 -0.017219
    12 0.000000 -0.000002 13.404737 0.000001 0.000005 -0.129612
    13 -0.061540 -5.245835 72.927078 0.000000 0.000000 0.000000
    14 -1.057302 15.795959 -31.075961 0.309813 -0.033683 -0.172236
    15 0.000000 -0.005608 -1.146812 -0.183342 0.014928 -0.031515
    16 0.030770 -0.240000 8.906021 -0.004138 0.000000 0.000000
    17 0.414098 -1.831231 0.409770 0.231003 0.070337 -0.007621
    18 0.030770 -0.276858 8.905140 0.056125 0.004134 -0.000049
    19 -0.177052 -1.155410 0.448057 0.516302 -0.048692 -0.013196
    20 5.669724 4.435303 14.302868 0.493664 -1.393751 2.336142
    21 -1.044571 -2.839317 19.743267 -0.635300 -0.896619 0.304073
    22 2.655533 -1.533369 24.792658 -1.009712 0.108826 -0.747318
    23 1.120163 -0.154394 9.796035 -0.008442 0.000841 -0.073504
    24 2.240311 -0.308786 19.592051 -0.216541 0.136773 -0.122665
    25 0.683151 2.877354 14.167051 -1.511326 -0.211759 1.554295
    26 0.144936 -0.145374 7.579252 -1.768042 -0.243277 0.235266
    27 0.091660 -0.906685 4.702850 -1.587439 -0.182555 0.191106
    28 0.506271 8.500866 13.617253 -1.470500 -0.303305 1.571620
    29 -0.384987 -0.460049 7.003448 -1.747417 -0.440906 0.551347
    30 0.561516 -0.596954 5.061852 -1.494372 -0.380557 0.386326
    31 -2.452171 -8.899406 11.597897 -1.564436 -0.075962 1.475269
    32 0.680496 -0.903999 6.074253 -1.627978 0.173796 -0.014042
    33 0.245514 -0.661150 3.388004 -1.484476 0.109715 -0.099169
    34 -0.717484 -3.784271 13.043911 -1.593590 -0.028646 1.464722
    35 1.099216 -1.407745 8.017889 -1.782086 0.031962 -0.017448
    36 0.068439 -0.807653 3.686054 -1.465861 0.033996 -0.009728
    37 -4.004929 6.172707 4.754754 0.885375 0.915505 3.492556
    38 0.158352 -1.149811 5.804394 -1.115038 -0.391815 0.137696
    39 -1.083523 -1.463142 5.544399 -1.046969 -0.191208 -0.042227
    40 -6.289886 0.932434 13.569063 -0.126803 0.612110 2.869610
    41 1.327774 -0.766687 12.396328 -0.048875 0.015883 -0.419115
    42 -0.096140 1.828087 23.185329 -0.111986 -0.438248 -1.418893
    43 2.325478 -0.000003 6.169296 0.061499 0.076505 1.590405
    44 0.000000 -3.152912 0.122169 1.961017 0.000000 0.000000
    45 1.068383 -10.478592 7.066338 0.292219 -1.282324 -3.141588
    46 0.000000 0.000000 2.279457 0.547137 -0.343566 0.107833
    47 2.479414 -8.323895 6.074242 -0.009100 -0.136074 1.558915
    48 0.000003 -5.075260 5.304587 0.000000 0.000000 0.000000
    49 -1.068383 -10.478611 7.065971 0.292219 1.282324 3.141588
    50 -0.000488 0.000015 2.279600 0.547136 0.343566 0.107835
    51 -2.479401 -8.323895 6.074234 0.008472 -0.136006 1.567069
    52 -5.790000 4.432083 14.255558 -0.158392 1.112058 -2.833163
    53 1.044540 -2.839314 19.743252 -0.868571 1.103593 -0.536552
    54 -2.655510 -1.533379 24.792648 -0.734728 -0.086542 0.880876
    55 -1.120216 -0.154385 9.795983 -0.012038 -0.001037 0.104564
    56 -2.240372 -0.308788 19.592047 -0.097602 0.115744 0.200298
    57 -0.683205 2.877342 14.167089 -1.585866 0.211083 -1.586991
    58 -0.144958 -0.145317 7.579308 -1.852840 0.307817 -0.244302
    59 -0.038551 -0.936644 4.697678 -1.738277 0.264113 -0.256344
    60 -0.506317 8.500896 13.617329 -1.569197 0.312141 -1.639009
    61 0.385056 -0.460075 7.003435 -1.881380 0.575490 -0.588918
    62 -0.456360 -0.710276 5.057732 -1.661372 0.570930 -0.535635
    63 2.452194 -8.899408 11.597939 -1.600785 0.075507 -1.460489
    64 -0.680515 -0.903999 6.074242 -1.686349 -0.194465 0.016378
    65 -0.248295 -0.666843 3.386627 -1.574850 -0.125587 0.116413
    66 0.717491 -3.784309 13.044010 -1.661680 0.018784 -1.459681
    67 -1.099228 -1.407673 8.017876 -1.829806 -0.026248 0.020083
    68 -0.064053 -0.807640 3.686100 -1.583710 -0.033801 0.009700
    69 4.004906 6.172710 4.754800 0.664450 -1.061206 -3.172507
    70 -0.158381 -1.149773 5.804405 -0.816622 0.590060 0.261468
    71 1.078559 -2.386406 5.215008 -0.848219 0.514350 0.122604
    72 6.289963 0.932404 13.569109 -0.126801 -0.612098 -2.869612
    73 -1.327759 -0.766682 12.396324 -0.050752 -0.016050 0.434432
    74 0.000017 -54.999996 0.000000 0.000000 0.000000 -1.570796
  time 12
    0 0.000000 0.000000 -1.500000 0.000000 0.000000 0.000000
    1 -10.521344 -5.760963 66.994621 3.097005 -0.050653 -3.139334
    2 -1.210603 17.665067 31.366174 0.303506 0.681387 0.250002
    3 -0.000034 0.000012 24.761454 -1.937131 -0.224365 0.328439
    4 0.000017 0.000000 24.344809 2.418053 -0.361902 -0.388683
    5 0.002333 -1.019846 24.031336 0.389585 -0.042710 0.017201
    6 0.000034 0.000008 13.404741 -0.000001 -0.000009 0.069816
    7 10.398263 -5.760962 66.994675 3.097005 0.050653 3.139334
    8 2.449127 13.174978 30.899440 1.677314 -0.640996 -0.221748
    9 -0.000004 -0.000006 24.761459 -1.904325 0.220609 -0.376324
    10 -0.000007 0.000004 24.344891 1.321795 0.283889 0.176712
    11 -0.002360 -1.019903 24.031330 0.389594 -0.042695 -0.017219
    12 0.000000 -0.000002 13.404737 0.000001 0.000005 -0.133691
    13 -0.061540 -5.245835 72.927078 0.000000 0.000000 0.000000
    14 -0.795575 15.865833 -30.512684 0.307605 -0.033649 -0.192054
    15 0.000000 -0.005608 -1.146812 -0.182512 0.015336 -0.031325
    16 0.030770 -0.240000 8.906021 -0.004138 0.000000 0.000000
    17 0.414098 -1.842950 0.390239 0.233929 0.070236 -0.008061
    18 0.030770 -0.276858 8.905140 0.056125 0.004134 -0.000049
    19 -0.165333 -1.159316 0.432431 0.519019 -0.044413 -0.011998
    20 5.669724 4.435303 14.302868 1.720802 -1.533561 1.059735
    21 -1.044571 -2.839317 19.743267 -0.335711 -0.885973 0.171106
    22 2.655533 -1.533369 24.792658 -0.750939 0.097221 -0.496858
    23 1.120163 -0.154394 9.796035 -0.006081 0.000662 -0.053015
    24 2.240311 -0.308786 19.592051 -0.143212 0.074520 -0.090026
    25 0.683151 2.877354 14.167051 -1.511326 -0.211747 1.554295
    26 0.144936 -0.145374 7.579252 -1.768042 -0.243277 0.235266
    27 0.091660 -0.906685 4.702850 -1.587439 -0.182555 0.191106
    28 0.506271 8.500866 13.617253 -1.470438 -0.303305 1.571620
    29 -0.384987 -0.460049 7.003448 -1.747417 -0.440906 0.551335
    30 0.561516 -0.596954 5.061852 -1.494372 -0.380557 0.386314
    31 -2.452171 -8.899406 11.597897 -1.564436 -0.075962 1.475269
    32 0.680496 -0.903999 6.074253 -1.627859 0.173784 -0.014066
    33 0.245514 -0.661150 3.388004 -1.484583 0.109679 -0.099169
    34 -0.717484 -3.784271 13.043911 -1.593546 -0.028658 1.464722
    35 1.099216 -1.407745 8.017889 -1.782086 0.031962 -0.017448
    36 0.068439 -0.807653 3.686054 -1.465861 0.033996 -0.009728
    37 -4.004929 6.172707 4.754754 0.872494 0.926613 3.472367
    38 0.158352 -1.149811 5.804394 -1.106901 -0.389775 0.137696
    39 -1.083523 -1.463142 5.544399 -1.038807 -0.189866 -0.041785
    40 -6.289886 0.932434 13.569063 -0.126803 0.612110 2.869610
    41 1.327774 -0.766687 12.396328 -0.030275 0.012467 -0.265806
    42 -0.096140 1.828087 23.185329 -0.110907 -0.432895 -1.420299
    43 2.325478 -0.000003 6.169296 0.238080 0.070587 1.621177
    44 0.000000 -3.152912 0.122169 1.961017 0.000000 0.000000
    45 1.068383 -10.478592 7.066338 0.292219 -1.282324 -3.141588
    46 0.000000 0.000000 2.279457 0.547137 -0.343566 0.107833
    47 2.479414 -8.323895 6.074242 -0.009127 -0.159976 1.559297
    48 0.000003 -5.075260 5.343650 0.000000 0.000000 0.000000
    49 -1.068383 -10.478611 7.065971 0.292219 1.282324 3.141588
    50 -0.000488 0.000015 2.279600 0.547136 0.343566 0.107835
    51 -2.479401 -8.323895 6.074234 0.008533 -0.159962 1.567165
    52 -5.790000 4.432083 14.255558 -0.369279 1.206222 -2.950153
    53 1.044540 -2.839314 19.743252 -0.529067 1.093545 -0.323593
    54 -2.655510 -1.533379 24.792648 -0.587878 -0.084186 0.806054
    55 -1.120216 -0.154385 9.795983 -0.005206 -0.000605 0.045450
    56 -2.240372 -0.308788 19.592047 0.030924 0.141189 0.097623
    57 -0.683205 2.877342 14.167089 -1.585965 0.211103 -1.588287
    58 -0.144958 -0.145317 7.579308 -1.850824 0.307877 -0.243823
    59 -0.038551 -0.936644 4.697678 -1.741137 0.264113 -0.257051
    60 -0.506317 8.500896 13.617329 -1.573572 0.312296 -1.642694
    61 0.385056 -0.460075 7.003435 -1.884488 0.575077 -0.590419
    62 -0.456360 -0.710276 5.057732 -1.669194 0.570844 -0.539619
    63 2.452194 -8.899408 11.597939 -1.594177 0.076529 -1.460442
    64 -0.680515 -0.903999 6.074242 -1.676377 -0.193686 0.015456
    65 -0.248295 -0.666843 3.386627 -1.567023 -0.125802 0.115718
    66 0.717491 -3.784309 13.044010 -1.659439 0.019083 -1.459842
    67 -1.099228 -1.407673 8.017876 -1.822577 -0.026152 0.019579
    68 -0.064053 -0.807640 3.686100 -1.581515 -0.034029 0.009593
    69 4.004906 6.172710 4.754800 0.629364 -1.075646 -3.127400
    70 -0.158381 -1.149773 5.804405 -0.799007 0.581408 0.264134
    71 1.078559 -2.386406 5.215008 -0.855910 0.521671 0.119900
    72 6.289963 0.932404 13.569109 -0.126801 -0.612098 -2.869612
    73 -1.327759 -0.766682 12.396324 -0.044748 -0.015379 0.385345
    74 0.000017 -54.999996 0.000000 0.000000 0.000000 -1.570796
  time 13
    0 0.000000 0.000000 -1.500000 0.000000 0.000000 0.000000
    1 -10.521344 -5.760963 66.994621 3.097005 -0.050653 -3.139334
    2 -1.398109 17.652790 30.671013 0.314778 0.682779 0.271016
    3 -0.000034 0.000012 24.761454 -1.907822 -0.220961 0.320376
    4 0.000017 0.000000 24.344809 2.383407 -0.364437 -0.383367
    5 0.002333 -1.019846 24.031336 0.389660 -0.042698 0.017201
    6 0.000034 0.000008 13.404741 -0.000001 -0.000009 0.065429
    7 10.398263 -5.760962 66.994675 3.097005 0.050653 3.139334
    8 2.253809 12.875234 30.225035 1.637133 -0.628010 -0.191134
    9 -0.000004 -0.000006 24.761459 -1.892005 0.219183 -0.361359
    10 -0.000007 0.000004 24.344891 1.337801 0.278978 0.167401
    11 -0.002360 -1.019903 24.031330 0.389594 -0.042695 -0.017219
    12 0.000000 -0.000002 13.404737 0.000001 0.000005 -0.120788
    13 -0.061540 -5.245835 72.927078 0.000000 0.000000 0.000000
    14 -0.600257 15.726085 -29.814220 0.298932 -0.032823 -0.205746
    15 0.000000 -0.005608 -1.146812 -0.182417 0.015415 -0.031243
    16 0.030770 -0.240000 8.906021 -0.004138 0.000000 0.000000
    17 0.406286 -1.842950 0.386332 0.232308 0.069970 -0.012493
    18 0.030770 -0.276858 8.905140 0.056125 0.004134 -0.000049
    19 -0.141895 -1.190567 0.416806 0.532102 -0.034826 -0.009864
    20 5.669724 4.435303 14.302868 2.217036 -1.523343 0.555363
    21 -1.044571 -2.839317 19.743267 -0.275735 -0.865517 0.142284
    22 2.655533 -1.533369 24.792658 -0.681938 0.093878 -0.478177
    23 1.120163 -0.154394 9.796035 -0.006010 0.000662 -0.052256
    24 2.240311 -0.308786 19.592051 -0.148957 0.038742 -0.087573
    25 0.683151 2.877354 14.167051 -1.511326 -0.211735 1.554295
    26 0.144936 -0.145374 7.579252 -1.768042 -0.243277 0.235266
    27 0.091660 -0.906685 4.702850 -1.587439 -0.182555 0.191106
    28 0.506271 8.500866 13.617253 -1.470438 -0.303305 1.571620
    29 -0.384987 -0.460049 7.003448 -1.747417 -0.440906 0.551347
    30 0.561516 -0.596954 5.061852 -1.494372 -0.380557 0.386326
    31 -2.452171 -8.899406 11.597897 -1.564436 -0.075962 1.475269
    32 0.680496 -0.903999 6.074253 -1.627978 0.173784 -0.013982
    33 0.245514 -0.661150 3.388004 -1.484476 0.109775 -0.099157
    34 -0.717484 -3.784271 13.043911 -1.593590 -0.028646 1.464722
    35 1.099216 -1.407745 8.017889 -1.782086 0.031950 -0.017448
    36 0.068439 -0.807653 3.686054 -1.465861 0.033996 -0.009740
    37 -4.004929 6.172707 4.754754 0.867540 0.930750 3.464617
    38 0.158352 -1.149811 5.804394 -1.103808 -0.389027 0.137708
    39 -1.083523 -1.463142 5.544399 -1.035720 -0.189387 -0.041620
    40 -6.289886 0.932434 13.569063 -0.126803 0.612110 2.869610
    41 1.327774 -0.766687 12.396328 -0.028465 0.011976 -0.250691
    42 -0.096140 1.828087 23.185329 -0.110924 -0.432481 -1.420391
    43 2.325478 -0.000003 6.169296 0.258374 0.063729 1.634029
    44 0.000000 -3.152912 0.122169 1.961017 0.000000 0.000000
    45 1.068383 -10.478592 7.066338 0.292219 -1.282324 -3.141588
    46 0.000000 0.000000 2.279457 0.547137 -0.343566 0.107833
    47 2.479414 -8.323895 6.074242 -0.009127 -0.168664 1.559297
    48 0.000003 -5.075260 5.355370 0.000000 0.000000 0.000000
    49 -1.068383 -10.478611 7.065971 0.292219 1.282324 3.141588
    50 -0.000488 0.000015 2.279600 0.547136 0.343566 0.107835
    51 -2.479401 -8.323895 6.074234 0.008553 -0.168609 1.567165
    52 -5.790000 4.432083 14.255558 -0.362760 1.267655 -2.963663
    53 1.044540 -2.839314 19.743252 -0.370613 1.108596 -0.231687
    54 -2.655510 -1.533379 24.792648 -0.569106 -0.086127 0.730476
    55 -1.120216 -0.154385 9.795983 -0.004128 -0.000510 0.035874
    56 -2.240372 -0.308788 19.592047 0.048183 0.148862 0.080439
    57 -0.683205 2.877342 14.167089 -1.586015 0.211103 -1.588646
    58 -0.144958 -0.145317 7.579308 -1.850279 0.307889 -0.243691
    59 -0.038551 -0.936644 4.697678 -1.742025 0.264101 -0.257267
    60 -0.506317 8.500896 13.617329 -1.575156 0.312348 -1.643817
    61 0.385056 -0.460075 7.003435 -1.885870 0.574871 -0.591077
    62 -0.456360 -0.710276 5.057732 -1.671914 0.570822 -0.540988
    63 2.452194 -8.899408 11.597939 -1.591789 0.076878 -1.460442
    64 -0.680515 -0.903999 6.074242 -1.672766 -0.193410 0.015156
    65 -0.248295 -0.666843 3.386627 -1.564109 -0.125838 0.115466
    66 0.717491 -3.784309 13.044010 -1.658592 0.019203 -1.459904
    67 -1.099228 -1.407673 8.017876 -1.820504 -0.026092 0.019783
    68 -0.064053 -0.807640 3.686100 -1.580334 -0.033741 0.009605
    69 4.004906 6.172710 4.754800 0.616263 -1.080577 -3.110946
    70 -0.158381 -1.149773 5.804405 -0.792763 0.578122 0.265043
    71 1.078559 -2.386406 5.215008 -0.858634 0.524244 0.119133
    72 6.289963 0.932404 13.569109 -0.126801 -0.612098 -2.869612
    73 -1.327759 -0.766682 12.396324 -0.039007 -0.014432 0.338340
    74 0.000017 -54.999996 0.000000 0.000000 0.000000 -1.570796
  time 14
    0 0.000000 0.000000 -1.500000 0.000000 0.000000 0.000000
    1 -10.521344 -5.760963 66.994621 3.097005 -0.050653 -3.139334
    2 -1.542645 17.382696 29.796456 0.314847 0.678214 0.291988
    3 -0.000034 0.000012 24.761454 -1.863146 -0.215820 0.305636
    4 0.000017 0.000000 24.344809 2.347343 -0.369733 -0.378355
    5 0.002333 -1.019846 24.031336 0.389660 -0.042698 0.017201
    6 0.000034 0.000008 13.404741 -0.000001 -0.000009 0.059628
    7 10.398263 -5.760962 66.994675 3.097005 0.050653 3.139334
    8 2.078022 12.363169 29.370789 1.585094 -0.599769 -0.154662
    9 -0.000004 -0.000006 24.761459 -1.877926 0.217553 -0.329455
    10 -0.000007 0.000004 24.344891 1.362713 0.274001 0.158111
    11 -0.002360 -1.019903 24.031330 0.389594 -0.042695 -0.017219
    12 0.000000 -0.000002 13.404737 0.000001 0.000005 -0.094595
    13 -0.061540 -5.245835 72.927078 0.000000 0.000000 0.000000
    14 -0.408845 15.411651 -28.958038 0.281074 -0.031309 -0.217156
    15 0.000000 -0.005608 -1.146812 -0.182640 0.015289 -0.031325
    16 0.030770 -0.240000 8.906021 -0.004138 0.000000 0.000000
    17 0.394567 -1.831231 0.398051 0.228794 0.070046 -0.020999
    18 0.030770 -0.276858 8.905140 0.056125 0.004134 -0.000049
    19 -0.102831 -1.237443 0.405087 0.550617 -0.020941 -0.006557
    20 5.669724 4.435303 14.302868 2.316570 -1.513196 0.451096
    21 -1.044571 -2.839317 19.743267 -0.236354 -0.845479 0.123615
    22 2.655533 -1.533369 24.792658 -0.636502 0.091957 -0.487719
    23 1.120163 -0.154394 9.796035 -0.006273 0.000686 -0.054705
    24 2.240311 -0.308786 19.592051 -0.178941 0.008352 -0.088325
    25 0.683151 2.877354 14.167051 -1.511326 -0.211747 1.554295
    26 0.144936 -0.145374 7.579252 -1.768042 -0.243277 0.235266
    27 0.091660 -0.906685 4.702850 -1.587439 -0.182555 0.191106
    28 0.506271 8.500866 13.617253 -1.470438 -0.303305 1.571620
    29 -0.384987 -0.460049 7.003448 -1.747417 -0.440906 0.551347
    30 0.561516 -0.596954 5.061852 -1.494372 -0.380557 0.386326
    31 -2.452171 -8.899406 11.597897 -1.564436 -0.075962 1.475269
    32 0.680496 -0.903999 6.074253 -1.627978 0.173784 -0.013982
    33 0.245514 -0.661150 3.388004 -1.484476 0.109775 -0.099157
    34 -0.717484 -3.784271 13.043911 -1.593546 -0.028646 1.464722
    35 1.099216 -1.407745 8.017889 -1.782086 0.031962 -0.017448
    36 0.068439 -0.807653 3.686054 -1.465861 0.033996 -0.009728
    37 -4.004929 6.172707 4.754754 0.864927 0.932898 3.460503
    38 0.158352 -1.149811 5.804394 -1.102240 -0.388601 0.137708
    39 -1.083523 -1.463142 5.544399 -1.034098 -0.189123 -0.041509
    40 -6.289886 0.932434 13.569063 -0.126803 0.612110 2.869610
    41 1.327774 -0.766687 12.396328 -0.028633 0.012024 -0.252097
    42 -0.096140 1.828087 23.185329 -0.110907 -0.433214 -1.420299
    43 2.325478 -0.000003 6.169296 0.267494 0.053832 1.645005
    44 0.000000 -3.152912 0.122169 1.961017 0.000000 0.000000
    45 1.068383 -10.478592 7.066338 0.292219 -1.282324 -3.141588
    46 0.000000 0.000000 2.279457 0.547137 -0.343566 0.107833
    47 2.479414 -8.323895 6.074242 -0.009127 -0.173031 1.559488
    48 0.000003 -5.075260 5.355370 0.000000 0.000000 0.000000
    49 -1.068383 -10.478611 7.065971 0.292219 1.282324 3.141588
    50 -0.000488 0.000015 2.279600 0.547136 0.343566 0.107835
    51 -2.479401 -8.323895 6.074234 0.008573 -0.173051 1.567165
    52 -5.790000 4.432083 14.255558 -0.301220 1.327842 -2.975544
    53 1.044540 -2.839314 19.743252 -0.289967 1.108426 -0.182291
    54 -2.655510 -1.533379 24.792648 -0.565483 -0.088069 0.644446
    55 -1.120216 -0.154385 9.795983 -0.003493 -0.000450 0.030351
    56 -2.240372 -0.308788 19.592047 0.058569 0.153367 0.070559
    57 -0.683205 2.877342 14.167089 -1.586015 0.211103 -1.588774
    58 -0.144958 -0.145317 7.579308 -1.850061 0.307889 -0.243619
    59 -0.038551 -0.936644 4.697678 -1.742321 0.264101 -0.257351
    60 -0.506317 8.500896 13.617329 -1.576212 0.312400 -1.644446
    61 0.385056 -0.460075 7.003435 -1.887165 0.574699 -0.591690
    62 -0.456360 -0.710276 5.057732 -1.673712 0.570822 -0.541901
    63 2.452194 -8.899408 11.597939 -1.590117 0.077087 -1.460537
    64 -0.680515 -0.903999 6.074242 -1.670341 -0.193194 0.014808
    65 -0.248295 -0.666843 3.386627 -1.561861 -0.126030 0.115250
    66 0.717491 -3.784309 13.044010 -1.657894 0.019323 -1.459966
    67 -1.099228 -1.407673 8.017876 -1.819047 -0.026080 0.019735
    68 -0.064053 -0.807640 3.686100 -1.579433 -0.033729 0.009581
    69 4.004906 6.172710 4.754800 0.607153 -1.083900 -3.099485
    70 -0.158381 -1.149773 5.804405 -0.788473 0.575603 0.265570
    71 1.078559 -2.386406 5.215008 -0.860401 0.525898 0.118877
    72 6.289963 0.932404 13.569109 -0.126801 -0.612098 -2.869612
    73 -1.327759 -0.766682 12.396324 -0.033386 -0.013246 0.291844
    74 0.000017 -54.999996 0.000000 0.000000 0.000000 -1.570796
  time 15
    0 0.000000 0.000000 -1.500000 0.000000 0.000000 0.000000
    1 -10.521344 -5.760963 66.994621 3.097005 -0.050653 -3.139334
    2 -1.655929 16.940725 28.764928 0.305692 0.669613 0.312478
    3 -0.000034 0.000012 24.761454 -1.805910 -0.209192 0.286458
    4 0.000017 0.000000 24.344809 2.309616 -0.377339 -0.373191
    5 0.002333 -1.019846 24.031336 0.389660 -0.042710 0.017201
    6 0.000034 0.000008 13.404741 -0.000001 -0.000009 0.053553
    7 10.398263 -5.760962 66.994675 3.097005 0.050653 3.139334
    8 1.921767 11.676254 28.381661 1.525377 -0.564542 -0.116952
    9 -0.000004 -0.000006 24.761459 -1.860822 0.215563 -0.290445
    10 -0.000007 0.000004 24.344891 1.392853 0.268779 0.148610
    11 -0.002360 -1.019903 24.031330 0.389594 -0.042695 -0.017219
    12 0.000000 -0.000002 13.404737 0.000001 0.000005 -0.064130
    13 -0.061540 -5.245835 72.927078 0.000000 0.000000 0.000000
    14 -0.229152 14.945823 -27.944138 0.256718 -0.029210 -0.227425
    15 0.000000 -0.005608 -1.146812 -0.183055 0.015085 -0.031461
    16 0.030770 -0.240000 8.906021 -0.004138 0.000000 0.000000
    17 0.386754 -1.819512 0.409770 0.224017 0.070413 -0.032780
    18 0.030770 -0.276858 8.905140 0.056125 0.004134 -0.000049
    19 -0.055955 -1.288226 0.389461 0.572315 -0.003661 -0.001859
    20 5.669724 4.435303 14.302868 2.248141 -1.507382 0.517221
    21 -1.044571 -2.839317 19.743267 -0.212530 -0.827371 0.112335
    22 2.655533 -1.533369 24.792658 -0.611202 0.090919 -0.518532
    23 1.120163 -0.154394 9.796035 -0.006813 0.000722 -0.059327
    24 2.240311 -0.308786 19.592051 -0.227290 -0.018722 -0.091015
    25 0.683151 2.877354 14.167051 -1.511326 -0.211747 1.554295
    26 0.144936 -0.145374 7.579252 -1.768042 -0.243277 0.235278
    27 0.091660 -0.906685 4.702850 -1.587439 -0.182555 0.191106
    28 0.506271 8.500866 13.617253 -1.470438 -0.303305 1.571620
    29 -0.384987 -0.460049 7.003448 -1.747417 -0.440906 0.551347
    30 0.561516 -0.596954 5.061852 -1.494372 -0.380557 0.386314
    31 -2.452171 -8.899406 11.597897 -1.564436 -0.075962 1.475269
    32 0.680496 -0.903999 6.074253 -1.627938 0.173784 -0.014054
    33 0.245514 -0.661150 3.388004 -1.484530 0.109703 -0.099169
    34 -0.717484 -3.784271 13.043911 -1.593546 -0.028634 1.464722
    35 1.099216 -1.407745 8.017889 -1.782086 0.031962 -0.017448
    36 0.068439 -0.807653 3.686054 -1.465861 0.033996 -0.009728
    37 -4.004929 6.172707 4.754754 0.863937 0.933725 3.458972
    38 0.158352 -1.149811 5.804394 -1.101647 -0.388455 0.137708
    39 -1.083523 -1.463142 5.544399 -1.033471 -0.189015 -0.041495
    40 -6.289886 0.932434 13.569063 -0.126803 0.612110 2.869610
    41 1.327774 -0.766687 12.396328 -0.030275 0.012467 -0.265806
    42 -0.096140 1.828087 23.185329 -0.110821 -0.434616 -1.420085
    43 2.325478 -0.000003 6.169296 0.267064 0.041852 1.654544
    44 0.000000 -3.152912 0.122169 1.961017 0.000000 0.000000
    45 1.068383 -10.478592 7.066338 0.292219 -1.282324 -3.141588
    46 0.000000 0.000000 2.279457 0.547137 -0.343566 0.107833
    47 2.479414 -8.323895 6.074242 -0.009127 -0.174769 1.559488
    48 0.000003 -5.075260 5.359276 0.000000 0.000000 0.000000
    49 -1.068383 -10.478611 7.065971 0.292219 1.282324 3.141588
    50 -0.000488 0.000015 2.279600 0.547136 0.343566 0.107835
    51 -2.479401 -8.323895 6.074234 0.008573 -0.174799 1.567165
    52 -5.790000 4.432083 14.255558 -0.197502 1.386409 -2.984934
    53 1.044540 -2.839314 19.743252 -0.282676 1.099735 -0.176685
    54 -2.655510 -1.533379 24.792648 -0.573887 -0.089506 0.553570
    55 -1.120216 -0.154385 9.795983 -0.003217 -0.000414 0.028012
    56 -2.240372 -0.308788 19.592047 0.063380 0.155347 0.066348
    57 -0.683205 2.877342 14.167089 -1.586015 0.211103 -1.588800
    58 -0.144958 -0.145317 7.579308 -1.850061 0.307889 -0.243619
    59 -0.038551 -0.936644 4.697678 -1.742370 0.264101 -0.257351
    60 -0.506317 8.500896 13.617329 -1.576891 0.312426 -1.644715
    61 0.385056 -0.460075 7.003435 -1.888244 0.574527 -0.592241
    62 -0.456360 -0.710276 5.057732 -1.674927 0.570779 -0.542515
    63 2.452194 -8.899408 11.597939 -1.588963 0.077203 -1.460632
    64 -0.680515 -0.903999 6.074242 -1.668454 -0.193062 0.014761
    65 -0.248295 -0.666843 3.386627 -1.560154 -0.125946 0.115119
    66 0.717491 -3.784309 13.044010 -1.657346 0.019395 -1.460003
    67 -1.099228 -1.407673 8.017876 -1.818206 -0.026068 0.019711
    68 -0.064053 -0.807640 3.686100 -1.578646 -0.033705 0.009557
    69 4.004906 6.172710 4.754800 0.600678 -1.086136 -3.091462
    70 -0.158381 -1.149773 5.804405 -0.785473 0.573659 0.265951
    71 1.078559 -2.386406 5.215008 -0.861643 0.526909 0.118914
    72 6.289963 0.932404 13.569109 -0.126801 -0.612098 -2.869612
    73 -1.327759 -0.766682 12.396324 -0.028281 -0.011939 0.248956
    74 0.000017 -54.999996 0.000000 0.000000 0.000000 -1.570796
  time 16
    0 0.000000 0.000000 -1.500000 0.000000 0.000000 0.000000
    1 -10.521344 -5.760963 66.994621 3.097005 -0.050653 -3.139334
    2 -1.753588 16.351429 27.643701 0.289500 0.658701 0.332488
    3 -0.000034 0.000012 24.761454 -1.738673 -0.201426 0.265081
    4 0.000017 0.000000 24.344809 2.269237 -0.386642 -0.367379
    5 0.002333 -1.019846 24.031336 0.389660 -0.042710 0.017201
    6 0.000034 0.000008 13.404741 -0.000001 -0.000009 0.048132
    7 10.398263 -5.760962 66.994675 3.097005 0.050653 3.139334
    8 1.765512 10.901913 27.280133 1.460968 -0.528877 -0.081057
    9 -0.000004 -0.000006 24.761459 -1.839703 0.213130 -0.251901
    10 -0.000007 0.000004 24.344891 1.425381 0.263157 0.138710
    11 -0.002360 -1.019903 24.031330 0.389594 -0.042695 -0.017219
    12 0.000000 -0.000002 13.404737 0.000001 0.000005 -0.036048
    13 -0.061540 -5.245835 72.927078 0.000000 0.000000 0.000000
    14 -0.049459 14.375184 -26.885177 0.228683 -0.026750 -0.237394
    15 0.000000 -0.005608 -1.146812 -0.183501 0.014834 -0.031569
    16 0.030770 -0.240000 8.906021 -0.004138 0.000000 0.000000
    17 0.375035 -1.799980 0.425396 0.218630 0.071021 -0.046796
    18 0.030770 -0.276858 8.905140 0.056125 0.004134 -0.000049
    19 -0.001266 -1.342915 0.373836 0.594941 0.016005 0.004301
    20 5.669724 4.435303 14.302868 2.086302 -1.503401 0.678700
    21 -1.044571 -2.839317 19.743267 -0.198441 -0.810776 0.105595
    22 2.655533 -1.533369 24.792658 -0.602566 0.090343 -0.563577
    23 1.120163 -0.154394 9.796035 -0.007532 0.000782 -0.065467
    24 2.240311 -0.308786 19.592051 -0.288477 -0.044600 -0.093982
    25 0.683151 2.877354 14.167051 -1.511326 -0.211747 1.554295
    26 0.144936 -0.145374 7.579252 -1.768042 -0.243277 0.235266
    27 0.091660 -0.906685 4.702850 -1.587439 -0.182555 0.191118
    28 0.506271 8.500866 13.617253 -1.470438 -0.303305 1.571620
    29 -0.384987 -0.460049 7.003448 -1.747417 -0.440906 0.551347
    30 0.561516 -0.596954 5.061852 -1.494372 -0.380557 0.386326
    31 -2.452171 -8.899406 11.597897 -1.564436 -0.075962 1.475269
    32 0.680496 -0.903999 6.074253 -1.627978 0.173796 -0.014078
    33 0.245514 -0.661150 3.388004 -1.484476 0.109667 -0.099169
    34 -0.717484 -3.784271 13.043911 -1.593546 -0.028646 1.464722
    35 1.099216 -1.407745 8.017889 -1.782086 0.031962 -0.017448
    36 0.068439 -0.807653 3.686054 -1.465861 0.033996 -0.009728
    37 -4.004929 6.172707 4.754754 0.863666 0.933954 3.458589
    38 0.158352 -1.149811 5.804394 -1.101477 -0.388411 0.137708
    39 -1.083523 -1.463142 5.544399 -1.033314 -0.188991 -0.041482
    40 -6.289886 0.932434 13.569063 -0.126803 0.612110 2.869610
    41 1.327774 -0.766687 12.396328 -0.032960 0.013150 -0.288102
    42 -0.096140 1.828087 23.185329 -0.110753 -0.436113 -1.419902
    43 2.325478 -0.000003 6.169296 0.258851 0.028642 1.663085
    44 0.000000 -3.152912 0.122169 1.961017 0.000000 0.000000
    45 1.068383 -10.478592 7.066338 0.292219 -1.282324 -3.141588
    46 0.000000 0.000000 2.279457 0.547137 -0.343566 0.107833
    47 2.479414 -8.323895 6.074242 -0.009127 -0.175144 1.559488
    48 0.000003 -5.075260 5.359276 0.000000 0.000000 0.000000
    49 -1.068383 -10.478611 7.065971 0.292219 1.282324 3.141588
    50 -0.000488 0.000015 2.279600 0.547136 0.343566 0.107835
    51 -2.479401 -8.323895 6.074234 0.008573 -0.175177 1.567165
    52 -5.790000 4.432083 14.255558 -0.062918 1.442858 -2.989246
    53 1.044540 -2.839314 19.743252 -0.332656 1.087694 -0.204853
    54 -2.655510 -1.533379 24.792648 -0.590696 -0.090243 0.462240
    55 -1.120216 -0.154385 9.795983 -0.003181 -0.000414 0.027794
    56 -2.240372 -0.308788 19.592047 0.064067 0.155446 0.066091
    57 -0.683205 2.877342 14.167089 -1.586015 0.211103 -1.588736
    58 -0.144958 -0.145317 7.579308 -1.850115 0.307889 -0.243631
    59 -0.038551 -0.936644 4.697678 -1.742173 0.264101 -0.257327
    60 -0.506317 8.500896 13.617329 -1.577418 0.312452 -1.644850
    61 0.385056 -0.460075 7.003435 -1.889323 0.574389 -0.592716
    62 -0.456360 -0.710276 5.057732 -1.675752 0.570779 -0.542919
    63 2.452194 -8.899408 11.597939 -1.588047 0.077319 -1.460728
    64 -0.680515 -0.903999 6.074242 -1.667376 -0.192990 0.014808
    65 -0.248295 -0.666843 3.386627 -1.558489 -0.125838 0.115011
    66 0.717491 -3.784309 13.044010 -1.656948 0.019455 -1.460053
    67 -1.099228 -1.407673 8.017876 -1.817646 -0.026044 0.019699
    68 -0.064053 -0.807640 3.686100 -1.577914 -0.033693 0.009533
    69 4.004906 6.172710 4.754800 0.595784 -1.087808 -3.085404
    70 -0.158381 -1.149773 5.804405 -0.783241 0.572016 0.266215
    71 1.078559 -2.386406 5.215008 -0.862503 0.527644 0.119096
    72 6.289963 0.932404 13.569109 -0.126801 -0.612098 -2.869612
    73 -1.327759 -0.766682 12.396324 -0.023859 -0.010609 0.211528
    74 0.000017 -54.999996 0.000000 0.000000 0.000000 -1.570796
  time 17
    0 0.000000 0.000000 -1.500000 0.000000 0.000000 0.000000
    1 -10.521344 -5.760963 66.994621 3.097005 -0.050653 -3.139334
    2 -1.855154 15.725302 26.410351 0.268390 0.647094 0.352017
    3 -0.000034 0.000012 24.761454 -1.663794 -0.192773 0.243460
    4 0.000017 0.000000 24.344809 2.225961 -0.397190 -0.360573
    5 0.002333 -1.019846 24.031336 0.389660 -0.042710 0.017201
    6 0.000034 0.000008 13.404741 -0.000001 -0.000009 0.043914
    7 10.398263 -5.760962 66.994675 3.097005 0.050653 3.139334
    8 1.609258 10.027657 26.088684 1.393999 -0.497308 -0.047968
    9 -0.000004 -0.000006 24.761459 -1.813964 0.210146 -0.219244
    10 -0.000007 0.000004 24.344891 1.457070 0.257091 0.128390
    11 -0.002360 -1.019903 24.031330 0.389594 -0.042695 -0.017219
    12 0.000000 -0.000002 13.404737 0.000001 0.000005 -0.014557
    13 -0.061540 -5.245835 72.927078 0.000000 0.000000 0.000000
    14 0.138047 13.734671 -25.736091 0.199591 -0.024152 -0.247904
    15 0.000000 -0.005608 -1.146812 -0.183916 0.014630 -0.031678
    16 0.030770 -0.240000 8.906021 -0.004138 0.000000 0.000000
    17 0.363316 -1.784355 0.441021 0.213221 0.071755 -0.062171
    18 0.030770 -0.276858 8.905140 0.056125 0.004134 -0.000049
    19 0.057330 -1.397604 0.362117 0.616460 0.037132 0.011828
    20 5.669724 4.435303 14.302868 1.880440 -1.497869 0.886084
    21 -1.044571 -2.839317 19.743267 -0.188950 -0.794443 0.100885
    22 2.655533 -1.533369 24.792658 -0.607470 0.089843 -0.616548
    23 1.120163 -0.154394 9.796035 -0.008299 0.000829 -0.072193
    24 2.240311 -0.308786 19.592051 -0.357149 -0.071030 -0.096000
    25 0.683151 2.877354 14.167051 -1.511326 -0.211747 1.554295
    26 0.144936 -0.145374 7.579252 -1.768042 -0.243277 0.235278
    27 0.091660 -0.906685 4.702850 -1.587439 -0.182555 0.191106
    28 0.506271 8.500866 13.617253 -1.470438 -0.303283 1.571620
    29 -0.384987 -0.460049 7.003448 -1.747417 -0.440906 0.551347
    30 0.561516 -0.596954 5.061852 -1.494372 -0.380557 0.386326
    31 -2.452171 -8.899406 11.597897 -1.564385 -0.075962 1.475269
    32 0.680496 -0.903999 6.074253 -1.627938 0.173796 -0.014150
    33 0.245514 -0.661150 3.388004 -1.484530 0.109607 -0.099181
    34 -0.717484 -3.784271 13.043911 -1.593546 -0.028634 1.464722
    35 1.099216 -1.407745 8.017889 -1.782086 0.031962 -0.017436
    36 0.068439 -0.807653 3.686054 -1.465861 0.033996 -0.009728
    37 -4.004929 6.172707 4.754754 0.863396 0.934183 3.458111
    38 0.158352 -1.149811 5.804394 -1.101308 -0.388367 0.137708
    39 -1.083523 -1.463142 5.544399 -1.033209 -0.188967 -0.041468
    40 -6.289886 0.932434 13.569063 -0.126803 0.612110 2.869610
    41 1.327774 -0.766687 12.396328 -0.036219 0.013869 -0.315319
    42 -0.096140 1.828087 23.185329 -0.110667 -0.437324 -1.419749
    43 2.325478 -0.000003 6.169296 0.244526 0.014867 1.670868
    44 0.000000 -3.152912 0.122169 1.961017 0.000000 0.000000
    45 1.068383 -10.478592 7.066338 0.292219 -1.282324 -3.141588
    46 0.000000 0.000000 2.279457 0.547137 -0.343566 0.107833
    47 2.479414 -8.323895 6.074242 -0.009127 -0.175661 1.559297
    48 0.000003 -5.075260 5.359276 0.000000 0.000000 0.000000
    49 -1.068383 -10.478611 7.065971 0.292219 1.282324 3.141588
    50 -0.000488 0.000015 2.279600 0.547136 0.343566 0.107835
    51 -2.479401 -8.323895 6.074234 0.008573 -0.175602 1.567069
    52 -5.790000 4.432083 14.255558 0.100040 1.496731 -2.976982
    53 1.044540 -2.839314 19.743252 -0.419201 1.075399 -0.253296
    54 -2.655510 -1.533379 24.792648 -0.612336 -0.090308 0.373484
    55 -1.120216 -0.154385 9.795983 -0.003313 -0.000426 0.028828
    56 -2.240372 -0.308788 19.592047 0.061700 0.154753 0.067895
    57 -0.683205 2.877342 14.167089 -1.586015 0.211103 -1.588723
    58 -0.144958 -0.145317 7.579308 -1.850170 0.307889 -0.243643
    59 -0.038551 -0.936644 4.697678 -1.742173 0.264101 -0.257315
    60 -0.506317 8.500896 13.617329 -1.577946 0.312478 -1.645075
    61 0.385056 -0.460075 7.003435 -1.890186 0.574269 -0.593160
    62 -0.456360 -0.710276 5.057732 -1.676627 0.570779 -0.543375
    63 2.452194 -8.899408 11.597939 -1.587251 0.077412 -1.460847
    64 -0.680515 -0.903999 6.074242 -1.666137 -0.192883 0.014713
    65 -0.248295 -0.666843 3.386627 -1.557240 -0.125874 0.114891
    66 0.717491 -3.784309 13.044010 -1.656499 0.019515 -1.460090
    67 -1.099228 -1.407673 8.017876 -1.817029 -0.026056 0.019675
    68 -0.064053 -0.807640 3.686100 -1.577295 -0.033682 0.009521
    69 4.004906 6.172710 4.754800 0.591116 -1.089375 -3.079838
    70 -0.158381 -1.149773 5.804405 -0.781113 0.570592 0.266420
    71 1.078559 -2.386406 5.215008 -0.863316 0.528380 0.119206
    72 6.289963 0.932404 13.569109 -0.126801 -0.612098 -2.869612
    73 -1.327759 -0.766682 12.396324 -0.020191 -0.009363 0.180253
    74 0.000017 -54.999996 0.000000 0.000000 0.000000 -1.570796
  time 18
    0 0.000000 0.000000 -1.500000 0.000000 0.000000 0.000000
    1 -10.521344 -5.760963 66.994621 3.097005 -0.050653 -3.139334
    2 -1.972345 15.074622 25.154577 0.244615 0.635821 0.370935
    3 -0.000034 0.000012 24.761454 -1.584077 -0.183569 0.223060
    4 0.000017 0.000000 24.344809 2.179479 -0.408439 -0.352579
    5 0.002333 -1.019846 24.031336 0.389660 -0.042698 0.017213
    6 0.000034 0.000008 13.404741 -0.000001 -0.000009 0.041003
    7 10.398263 -5.760962 66.994675 3.097005 0.050653 3.139334
    8 1.437377 9.128422 24.874754 1.326093 -0.472469 -0.017107
    9 -0.000004 -0.000006 24.761459 -1.783550 0.206671 -0.195450
    10 -0.000007 0.000004 24.344891 1.485532 0.250514 0.117692
    11 -0.002360 -1.019903 24.031330 0.389594 -0.042695 -0.017219
    12 0.000000 -0.000002 13.404737 0.000001 0.000005 -0.001375
    13 -0.061540 -5.245835 72.927078 0.000000 0.000000 0.000000
    14 0.341178 13.059221 -24.496880 0.172163 -0.021640 -0.259674
    15 0.000000 -0.005608 -1.146812 -0.184012 0.014583 -0.031705
    16 0.030770 -0.240000 8.906021 -0.004138 0.000000 0.000000
    17 0.355503 -1.768729 0.456647 0.208508 0.072464 -0.077545
    18 0.030770 -0.276858 8.905140 0.056125 0.004134 -0.000049
    19 0.119832 -1.436668 0.346491 0.634940 0.058835 0.020349
    20 5.669724 4.435303 14.302868 1.686157 -1.488743 1.082543
    21 -1.044571 -2.839317 19.743267 -0.179655 -0.777170 0.096458
    22 2.655533 -1.533369 24.792658 -0.622398 0.089344 -0.670814
    23 1.120163 -0.154394 9.796035 -0.009042 0.000877 -0.078609
    24 2.240311 -0.308786 19.592051 -0.428084 -0.099256 -0.095802
    25 0.683151 2.877354 14.167051 -1.511326 -0.211747 1.554295
    26 0.144936 -0.145374 7.579252 -1.768042 -0.243277 0.235266
    27 0.091660 -0.906685 4.702850 -1.587485 -0.182555 0.191106
    28 0.506271 8.500866 13.617253 -1.470500 -0.303305 1.571620
    29 -0.384987 -0.460049 7.003448 -1.747417 -0.440906 0.551347
    30 0.561516 -0.596954 5.061852 -1.494407 -0.380557 0.386326
    31 -2.452171 -8.899406 11.597897 -1.564436 -0.075962 1.475269
    32 0.680496 -0.903999 6.074253 -1.628017 0.173796 -0.014042
    33 0.245514 -0.661150 3.388004 -1.484423 0.109715 -0.099157
    34 -0.717484 -3.784271 13.043911 -1.593590 -0.028646 1.464722
    35 1.099216 -1.407745 8.017889 -1.782086 0.031962 -0.017448
    36 0.068439 -0.807653 3.686054 -1.465861 0.033996 -0.009728
    37 -4.004929 6.172707 4.754754 0.862135 0.935099 3.456293
    38 0.158352 -1.149811 5.804394 -1.100629 -0.388220 0.137720
    39 -1.083523 -1.463142 5.544399 -1.032477 -0.188860 -0.041426
    40 -6.289886 0.932434 13.569063 -0.126803 0.612110 2.869610
    41 1.327774 -0.766687 12.396328 -0.039671 0.014552 -0.343741
    42 -0.096140 1.828087 23.185329 -0.110633 -0.437707 -1.419749
    43 2.325478 -0.000003 6.169296 0.225951 0.001165 1.678452
    44 0.000000 -3.152912 0.122169 1.961017 0.000000 0.000000
    45 1.068383 -10.478592 7.066338 0.292219 -1.282324 -3.141588
    46 0.000000 0.000000 2.279457 0.547137 -0.343566 0.107833
    47 2.479414 -8.323895 6.074242 -0.009154 -0.177492 1.559297
    48 0.000003 -5.075260 5.363182 0.000000 0.000000 0.000000
    49 -1.068383 -10.478611 7.065971 0.292219 1.282324 3.141588
    50 -0.000488 0.000015 2.279600 0.547136 0.343566 0.107835
    51 -2.479401 -8.323895 6.074234 0.008573 -0.177492 1.567165
    52 -5.790000 4.432083 14.255558 -5.899212 1.546534 -2.842553
    53 1.044540 -2.839314 19.743252 -0.521887 1.064630 -0.309849
    54 -2.655510 -1.533379 24.792648 -0.635033 -0.089726 0.291317
    55 -1.120216 -0.154385 9.795983 -0.003481 -0.000438 0.030188
    56 -2.240372 -0.308788 19.592047 0.057194 0.153961 0.070129
    57 -0.683205 2.877342 14.167089 -1.586064 0.211103 -1.588813
    58 -0.144958 -0.145317 7.579308 -1.850006 0.307889 -0.243607
    59 -0.038551 -0.936644 4.697678 -1.742370 0.264113 -0.257363
    60 -0.506317 8.500896 13.617329 -1.578550 0.312504 -1.645389
    61 0.385056 -0.460075 7.003435 -1.890963 0.574166 -0.593512
    62 -0.456360 -0.710276 5.057732 -1.677696 0.570779 -0.543902
    63 2.452194 -8.899408 11.597939 -1.586296 0.077528 -1.460871
    64 -0.680515 -0.903999 6.074242 -1.664628 -0.192775 0.014569
    65 -0.248295 -0.666843 3.386627 -1.555866 -0.125910 0.114771
    66 0.717491 -3.784309 13.044010 -1.656151 0.019575 -1.460115
    67 -1.099228 -1.407673 8.017876 -1.816245 -0.026032 0.019651
    68 -0.064053 -0.807640 3.686100 -1.576732 -0.033682 0.009509
    69 4.004906 6.172710 4.754800 0.585394 -1.091298 -3.072634
    70 -0.158381 -1.149773 5.804405 -0.778532 0.569086 0.266742
    71 1.078559 -2.386406 5.215008 -0.864414 0.529390 0.119060
    72 6.289963 0.932404 13.569109 -0.126801 -0.612098 -2.869612
    73 -1.327759 -0.766682 12.396324 -0.017291 -0.008272 0.155224
    74 0.000017 -54.999996 0.000000 0.000000 0.000000 -1.570796
  time 19
    0 0.000000 0.000000 -1.500000 0.000000 0.000000 0.000000
    1 -10.521344 -5.760963 66.994621 3.097005 -0.050653 -3.139334
    2 -2.116881 14.473049 23.876378 0.220293 0.625717 0.389198
    3 -0.000034 0.000012 24.761454 -1.502409 -0.174125 0.205063
    4 0.000017 0.000000 24.344809 2.130038 -0.419802 -0.343461
    5 0.002333 -1.019846 24.031336 0.389660 -0.042710 0.017201
    6 0.000034 0.000008 13.404741 -0.000001 -0.000009 0.039104
    7 10.398263 -5.760962 66.994675 3.097005 0.050653 3.139334
    8 1.249872 8.254166 23.638345 1.259210 -0.455716 0.012434
    9 -0.000004 -0.000006 24.761459 -1.748957 0.202656 -0.182315
    10 -0.000007 0.000004 24.344891 1.508896 0.243337 0.106783
    11 -0.002360 -1.019903 24.031330 0.389594 -0.042695 -0.017219
    12 0.000000 -0.000002 13.404737 0.000001 0.000005 0.003284
    13 -0.061540 -5.245835 72.927078 0.000000 0.000000 0.000000
    14 0.563841 12.383770 -23.325263 0.149152 -0.019524 -0.273486
    15 0.000000 -0.005608 -1.146812 -0.183693 0.014740 -0.031651
    16 0.030770 -0.240000 8.906021 -0.004138 0.000000 0.000000
    17 0.343784 -1.757010 0.464460 0.204972 0.072958 -0.091602
    18 0.030770 -0.276858 8.905140 0.056125 0.004134 -0.000049
    19 0.178427 -1.467919 0.326959 0.648559 0.080168 0.029265
    20 5.669724 4.435303 14.302868 1.545278 -1.476517 1.226772
    21 -1.044571 -2.839317 19.743267 -0.166838 -0.758853 0.090987
    22 2.655533 -1.533369 24.792658 -0.644183 0.088844 -0.720226
    23 1.120163 -0.154394 9.796035 -0.009653 0.000913 -0.083852
    24 2.240311 -0.308786 19.592051 -0.496234 -0.130014 -0.092914
    25 0.683151 2.877354 14.167051 -1.511326 -0.211747 1.554295
    26 0.144936 -0.145374 7.579252 -1.768042 -0.243277 0.235290
    27 0.091660 -0.906685 4.702850 -1.587439 -0.182555 0.191106
    28 0.506271 8.500866 13.617253 -1.470500 -0.303305 1.571620
    29 -0.384987 -0.460049 7.003448 -1.747417 -0.440906 0.551347
    30 0.561516 -0.596954 5.061852 -1.494372 -0.380557 0.386314
    31 -2.452171 -8.899406 11.597897 -1.564436 -0.075962 1.475269
    32 0.680496 -0.903999 6.074253 -1.628017 0.173796 -0.014090
    33 0.245514 -0.661150 3.388004 -1.484423 0.109667 -0.099169
    34 -0.717484 -3.784271 13.043911 -1.593590 -0.028646 1.464722
    35 1.099216 -1.407745 8.017889 -1.782086 0.031962 -0.017448
    36 0.068439 -0.807653 3.686054 -1.465861 0.033996 -0.009728
    37 -4.004929 6.172707 4.754754 0.859343 0.937369 3.451987
    38 0.158352 -1.149811 5.804394 -1.098892 -0.387780 0.137708
    39 -1.083523 -1.463142 5.544399 -1.030802 -0.188572 -0.041343
    40 -6.289886 0.932434 13.569063 -0.126803 0.612110 2.869610
    41 1.327774 -0.766687 12.396328 -0.042871 0.015092 -0.370004
    42 -0.096140 1.828087 23.185329 -0.110701 -0.436687 -1.419871
    43 2.325478 -0.000003 6.169296 0.204846 -0.011857 1.685836
    44 0.000000 -3.152912 0.122169 1.961017 0.000000 0.000000
    45 1.068383 -10.478592 7.066338 0.292219 -1.282324 -3.141576
    46 0.000000 0.000000 2.279457 0.547137 -0.343566 0.107833
    47 2.479414 -8.323895 6.074242 -0.009127 -0.182094 1.559488
    48 0.000003 -5.075260 5.367089 0.000000 0.000000 0.000000
    49 -1.068383 -10.478611 7.065971 0.292219 1.282324 3.141588
    50 -0.000488 0.000015 2.279600 0.547136 0.343566 0.107835
    51 -2.479401 -8.323895 6.074234 0.008573 -0.182123 1.567165
    52 -5.790000 4.432083 14.255558 -3.130843 1.548403 -0.208111
    53 1.044540 -2.839314 19.743252 -0.621679 1.055684 -0.363926
    54 -2.655510 -1.533379 24.792648 -0.655566 -0.088716 0.221039
    55 -1.120216 -0.154385 9.795983 -0.003541 -0.000450 0.030841
    56 -2.240372 -0.308788 19.592047 0.052077 0.154258 0.070816
    57 -0.683205 2.877342 14.167089 -1.586064 0.211103 -1.589082
    58 -0.144958 -0.145317 7.579308 -1.849625 0.307901 -0.243499
    59 -0.038551 -0.936644 4.697678 -1.743011 0.264101 -0.257507
    60 -0.506317 8.500896 13.617329 -1.579455 0.312530 -1.646198
    61 0.385056 -0.460075 7.003435 -1.891568 0.574080 -0.593803
    62 -0.456360 -0.710276 5.057732 -1.679299 0.570736 -0.544744
    63 2.452194 -8.899408 11.597939 -1.584863 0.077737 -1.460871
    64 -0.680515 -0.903999 6.074242 -1.662580 -0.192607 0.014365
    65 -0.248295 -0.666843 3.386627 -1.554284 -0.125970 0.114627
    66 0.717491 -3.784309 13.044010 -1.655652 0.019634 -1.460152
    67 -1.099228 -1.407673 8.017876 -1.814788 -0.026020 0.019603
    68 -0.064053 -0.807640 3.686100 -1.576226 -0.033670 0.009497
    69 4.004906 6.172710 4.754800 0.577187 -1.093993 -3.062483
    70 -0.158381 -1.149773 5.804405 -0.775009 0.567361 0.267211
    71 1.078559 -2.386406 5.215008 -0.865991 0.530983 0.118402
    72 6.289963 0.932404 13.569109 -0.126801 -0.612098 -2.869612
    73 -1.327759 -0.766682 12.396324 -0.015146 -0.007409 0.136348
    74 0.000017 -54.999996 0.000000 0.000000 0.000000 -1.570796
  time 20
    0 0.000000 0.000000 -1.500000 0.000000 0.000000 0.000000
    1 -10.521344 -5.760963 66.994621 3.097005 -0.050653 -3.139334
    2 -2.316106 13.994247 22.643028 0.197953 0.617422 0.406499
    3 -0.000034 0.000012 24.761454 -1.422285 -0.164861 0.190445
    4 0.000017 0.000000 24.344809 2.078563 -0.430689 -0.333414
    5 0.002333 -1.019846 24.031336 0.389660 -0.042710 0.017213
    6 0.000034 0.000008 13.404741 -0.000001 -0.000009 0.037860
    7 10.398263 -5.760962 66.994675 3.097005 0.050653 3.139334
    8 1.031115 7.429868 22.446896 1.194886 -0.447375 0.042140
    9 -0.000004 -0.000006 24.761459 -1.711229 0.198305 -0.180664
    10 -0.000007 0.000004 24.344891 1.525999 0.235649 0.095833
    11 -0.002360 -1.019903 24.031330 0.389594 -0.042695 -0.017219
    12 0.000000 -0.000002 13.404737 0.000001 0.000005 -0.000044
    13 -0.061540 -5.245835 72.927078 0.000000 0.000000 0.000000
    14 0.813849 11.754903 -22.131115 0.133278 -0.017993 -0.290121
    15 0.000000 -0.005608 -1.146812 -0.182831 0.015179 -0.031379
    16 0.030770 -0.240000 8.906021 -0.004138 0.000000 0.000000
    17 0.335971 -1.753104 0.464460 0.203289 0.072970 -0.102623
    18 0.030770 -0.276858 8.905140 0.056125 0.004134 -0.000049
    19 0.229210 -1.479638 0.319147 0.655565 0.100410 0.037846
    20 5.669724 4.435303 14.302868 1.471585 -1.462987 1.303918
    21 -1.044571 -2.839317 19.743267 -0.148248 -0.739545 0.083824
    22 2.655533 -1.533369 24.792658 -0.669570 0.088652 -0.759045
    23 1.120163 -0.154394 9.796035 -0.010012 0.000913 -0.087163
    24 2.240311 -0.308786 19.592051 -0.556420 -0.163857 -0.087019
    25 0.683151 2.877354 14.167051 -1.511326 -0.211747 1.554295
    26 0.144936 -0.145374 7.579252 -1.768042 -0.243277 0.235266
    27 0.091660 -0.906685 4.702850 -1.587439 -0.182555 0.191106
    28 0.506271 8.500866 13.617253 -1.470438 -0.303305 1.571620
    29 -0.384987 -0.460049 7.003448 -1.747417 -0.440906 0.551347
    30 0.561516 -0.596954 5.061852 -1.494372 -0.380557 0.386326
    31 -2.452171 -8.899406 11.597897 -1.564436 -0.075962 1.475296
    32 0.680496 -0.903999 6.074253 -1.628057 0.173796 -0.014066
    33 0.245514 -0.661150 3.388004 -1.484370 0.109703 -0.099169
    34 -0.717484 -3.784271 13.043911 -1.593590 -0.028646 1.464722
    35 1.099216 -1.407745 8.017889 -1.782086 0.031950 -0.017448
    36 0.068439 -0.807653 3.686054 -1.465861 0.033996 -0.009740
    37 -4.004929 6.172707 4.754754 0.853758 0.941682 3.443567
    38 0.158352 -1.149811 5.804394 -1.095714 -0.386987 0.137732
    39 -1.083523 -1.463142 5.544399 -1.027506 -0.188069 -0.041150
    40 -6.289886 0.932434 13.569063 -0.126803 0.612110 2.869610
    41 1.327774 -0.766687 12.396328 -0.045412 0.015451 -0.390793
    42 -0.096140 1.828087 23.185329 -0.110856 -0.433851 -1.420177
    43 2.325478 -0.000003 6.169296 0.183024 -0.023736 1.693020
    44 0.000000 -3.152912 0.122169 1.961017 0.000000 0.000000
    45 1.068383 -10.478592 7.066338 0.292219 -1.282324 -3.141588
    46 0.000000 0.000000 2.279457 0.547137 -0.343566 0.107833
    47 2.479414 -8.323895 6.074242 -0.009154 -0.190735 1.559679
    48 0.000003 -5.075260 5.378808 0.000000 0.000000 0.000000
    49 -1.068383 -10.478611 7.065971 0.292219 1.282324 3.141588
    50 -0.000488 0.000015 2.279600 0.547136 0.343566 0.107835
    51 -2.479401 -8.323895 6.074234 0.008593 -0.190675 1.567357
    52 -5.790000 4.432083 14.255558 -2.894266 1.510563 -0.077132
    53 1.044540 -2.839314 19.743252 -0.701323 1.048095 -0.405919
    54 -2.655510 -1.533379 24.792648 -0.670563 -0.087694 0.170073
    55 -1.120216 -0.154385 9.795983 -0.003445 -0.000438 0.029916
    56 -2.240372 -0.308788 19.592047 0.047190 0.156486 0.068496
    57 -0.683205 2.877342 14.167089 -1.586163 0.211103 -1.589633
    58 -0.144958 -0.145317 7.579308 -1.848698 0.307925 -0.243308
    59 -0.038551 -0.936644 4.697678 -1.744244 0.264101 -0.257818
    60 -0.506317 8.500896 13.617329 -1.580813 0.312582 -1.647546
    61 0.385056 -0.460075 7.003435 -1.891999 0.574011 -0.594017
    62 -0.456360 -0.710276 5.057732 -1.681777 0.570693 -0.545973
    63 2.452194 -8.899408 11.597939 -1.582912 0.078086 -1.460728
    64 -0.680515 -0.903999 6.074242 -1.659615 -0.192367 0.014089
    65 -0.248295 -0.666843 3.386627 -1.552244 -0.126030 0.114447
    66 0.717491 -3.784309 13.044010 -1.655104 0.019706 -1.460189
    67 -1.099228 -1.407673 8.017876 -1.812322 -0.025960 0.019531
    68 -0.064053 -0.807640 3.686100 -1.575888 -0.033670 0.009473
    69 4.004906 6.172710 4.754800 0.565065 -1.097859 -3.047420
    70 -0.158381 -1.149773 5.804405 -0.769847 0.565143 0.267973
    71 1.078559 -2.386406 5.215008 -0.868475 0.533403 0.117196
    72 6.289963 0.932404 13.569109 -0.126801 -0.612098 -2.869612
    73 -1.327759 -0.766682 12.396324 -0.013744 -0.006846 0.124134
    74 0.000017 -54.999996 0.000000 0.000000 0.000000 -1.570796
  time 21
    0 0.000000 0.000000 -1.500000 0.000000 0.000000 0.000000
    1 -10.521344 -5.760963 66.994621 3.097005 -0.050653 -3.139334
    2 -2.585645 13.662768 21.476952 0.180053 0.611410 0.423014
    3 -0.000034 0.000012 24.761454 -1.347447 -0.156208 0.179899
    4 0.000017 0.000000 24.344809 2.025978 -0.440445 -0.322956
    5 0.002333 -1.019846 24.031336 0.389660 -0.042710 0.017201
    6 0.000034 0.000008 13.404741 -0.000001 -0.000009 0.036658
    7 10.398263 -5.760962 66.994675 3.097005 0.050653 3.139334
    8 0.777201 6.717974 21.300407 1.134828 -0.447704 0.073496
    9 -0.000004 -0.000006 24.761459 -1.671961 0.193763 -0.191144
    10 -0.000007 0.000004 24.344891 1.536131 0.227405 0.084987
    11 -0.002360 -1.019903 24.031330 0.389594 -0.042695 -0.017219
    12 0.000000 -0.000002 13.404737 0.000001 0.000005 -0.010757
    13 -0.061540 -5.245835 72.927078 0.000000 0.000000 0.000000
    14 1.102920 11.207555 -21.004560 0.127197 -0.017356 -0.310239
    15 0.000000 -0.005608 -1.146812 -0.181236 0.016011 -0.030917
    16 0.030770 -0.240000 8.906021 -0.004138 0.000000 0.000000
    17 0.324252 -1.760917 0.456647 0.203983 0.072287 -0.109053
    18 0.030770 -0.276858 8.905140 0.056125 0.004134 -0.000049
    19 0.279993 -1.471825 0.307428 0.654313 0.118657 0.045205
    20 5.669724 4.435303 14.302868 1.464981 -1.450020 1.313598
    21 -1.044571 -2.839317 19.743267 -0.122223 -0.720237 0.074771
    22 2.655533 -1.533369 24.792658 -0.695391 0.088921 -0.781366
    23 1.120163 -0.154394 9.796035 -0.010060 0.000925 -0.087577
    24 2.240311 -0.308786 19.592051 -0.603768 -0.201108 -0.078434
    25 0.683151 2.877354 14.167051 -1.511326 -0.211747 1.554295
    26 0.144936 -0.145374 7.579252 -1.768042 -0.243277 0.235266
    27 0.091660 -0.906685 4.702850 -1.587439 -0.182555 0.191106
    28 0.506271 8.500866 13.617253 -1.470438 -0.303305 1.571620
    29 -0.384987 -0.460049 7.003448 -1.747417 -0.440906 0.551335
    30 0.561516 -0.596954 5.061852 -1.494372 -0.380557 0.386326
    31 -2.452171 -8.899406 11.597897 -1.564436 -0.075962 1.475269
    32 0.680496 -0.903999 6.074253 -1.628097 0.173796 -0.014054
    33 0.245514 -0.661150 3.388004 -1.484370 0.109715 -0.099157
    34 -0.717484 -3.784271 13.043911 -1.593546 -0.028646 1.464722
    35 1.099216 -1.407745 8.017889 -1.782086 0.031962 -0.017448
    36 0.068439 -0.807653 3.686054 -1.465861 0.033996 -0.009728
    37 -4.004929 6.172707 4.754754 0.844570 0.948636 3.429693
    38 0.158352 -1.149811 5.804394 -1.090544 -0.385681 0.137756
    39 -1.083523 -1.463142 5.544399 -1.022275 -0.187218 -0.040832
    40 -6.289886 0.932434 13.569063 -0.126803 0.612110 2.869610
    41 1.327774 -0.766687 12.396328 -0.046922 0.015655 -0.403046
    42 -0.096140 1.828087 23.185329 -0.111147 -0.428688 -1.420850
    43 2.325478 -0.000003 6.169296 0.162348 -0.033980 1.700045
    44 0.000000 -3.152912 0.122169 1.961017 0.000000 0.000000
    45 1.068383 -10.478592 7.066338 0.292219 -1.282324 -3.141588
    46 0.000000 0.000000 2.279457 0.547137 -0.343566 0.107833
    47 2.479414 -8.323895 6.074242 -0.009154 -0.204212 1.559870
    48 0.000003 -5.075260 5.398340 0.000000 0.000000 0.000000
    49 -1.068383 -10.478611 7.065971 0.292219 1.282324 3.141588
    50 -0.000488 0.000015 2.279600 0.547136 0.343566 0.107835
    51 -2.479401 -8.323895 6.074234 0.008633 -0.204236 1.567548
    52 -5.790000 4.432083 14.255558 -2.832342 1.481238 -0.078760
    53 1.044540 -2.839314 19.743252 -0.743900 1.040040 -0.426058
    54 -2.655510 -1.533379 24.792648 -0.676904 -0.087124 0.147354
    55 -1.120216 -0.154385 9.795983 -0.003037 -0.000378 0.026434
    56 -2.240372 -0.308788 19.592047 0.043677 0.161436 0.061193
    57 -0.683205 2.877342 14.167089 -1.586262 0.211103 -1.590544
    58 -0.144958 -0.145317 7.579308 -1.847391 0.307961 -0.242960
    59 -0.038551 -0.936644 4.697678 -1.746216 0.264089 -0.258321
    60 -0.506317 8.500896 13.617329 -1.582698 0.312608 -1.649658
    61 0.385056 -0.460075 7.003435 -1.892302 0.573959 -0.594186
    62 -0.456360 -0.710276 5.057732 -1.685372 0.570628 -0.547763
    63 2.452194 -8.899408 11.597939 -1.580126 0.078574 -1.460465
    64 -0.680515 -0.903999 6.074242 -1.655465 -0.192044 0.013718
    65 -0.248295 -0.666843 3.386627 -1.549538 -0.126102 0.114208
    66 0.717491 -3.784309 13.044010 -1.654457 0.019802 -1.460239
    67 -1.099228 -1.407673 8.017876 -1.808848 -0.025924 0.019435
    68 -0.064053 -0.807640 3.686100 -1.575607 -0.033658 0.009473
    69 4.004906 6.172710 4.754800 0.547221 -1.103272 -3.025562
    70 -0.158381 -1.149773 5.804405 -0.762557 0.562268 0.269116
    71 1.078559 -2.386406 5.215008 -0.872059 0.537079 0.115187
    72 6.289963 0.932404 13.569109 -0.126801 -0.612098 -2.869612
    73 -1.327759 -0.766682 12.396324 -0.013276 -0.006642 0.120109
    74 0.000017 -54.999996 0.000000 0.000000 0.000000 -1.570796
  time 22
    0 0.000000 0.000000 -1.500000 0.000000 0.000000 0.000000
    1 -10.521344 -5.760963 66.994621 3.097005 -0.050653 -3.139334
    2 -3.015346 13.527721 20.198753 0.166048 0.607819 0.440315
    3 -0.000034 0.000012 24.761454 -1.268462 -0.147076 0.173588
    4 0.000017 0.000000 24.344809 1.963468 -0.450359 -0.310879
    5 0.002333 -1.019846 24.031336 0.389585 -0.042710 0.017213
    6 0.000034 0.000008 13.404741 -0.000001 -0.000009 0.035118
    7 10.398263 -5.760962 66.994675 3.097005 0.050653 3.139334
    8 0.437347 6.018569 20.108958 1.070675 -0.458935 0.114672
    9 -0.000004 -0.000006 24.761459 -1.628128 0.188694 -0.219172
    10 -0.000007 0.000004 24.344891 1.541295 0.217006 0.072355
    11 -0.002360 -1.019903 24.031330 0.389594 -0.042695 -0.017219
    12 0.000000 -0.000002 13.404737 0.000001 0.000005 -0.031797
    13 -0.061540 -5.245835 72.927078 0.000000 0.000000 0.000000
    14 1.501370 10.671853 -19.765349 0.133246 -0.017597 -0.340686
    15 0.000000 -0.005608 -1.146812 -0.174793 0.019305 -0.029042
    16 0.030770 -0.240000 8.906021 -0.004138 0.000000 0.000000
    17 0.324252 -1.788261 0.401958 0.212359 0.069982 -0.102384
    18 0.030770 -0.276858 8.905140 0.056125 0.004134 -0.000049
    19 0.334682 -1.413230 0.283989 0.632438 0.137809 0.051089
    20 5.669724 4.435303 14.302868 1.529008 -1.433495 1.255906
    21 -1.044571 -2.839317 19.743267 -0.087489 -0.692423 0.063801
    22 2.655533 -1.533369 24.792658 -0.723295 0.090266 -0.779020
    23 1.120163 -0.154394 9.796035 -0.009377 0.000901 -0.081610
    24 2.240311 -0.308786 19.592051 -0.644762 -0.250054 -0.061185
    25 0.683151 2.877354 14.167051 -1.511326 -0.211747 1.554295
    26 0.144936 -0.145374 7.579252 -1.768042 -0.243277 0.235266
    27 0.091660 -0.906685 4.702850 -1.587439 -0.182555 0.191106
    28 0.506271 8.500866 13.617253 -1.470500 -0.303305 1.571620
    29 -0.384987 -0.460049 7.003448 -1.747417 -0.440906 0.551347
    30 0.561516 -0.596954 5.061852 -1.494407 -0.380557 0.386326
    31 -2.452171 -8.899406 11.597897 -1.564436 -0.075962 1.475269
    32 0.680496 -0.903999 6.074253 -1.628057 0.173808 -0.014150
    33 0.245514 -0.661150 3.388004 -1.484370 0.109619 -0.099181
    34 -0.717484 -3.784271 13.043911 -1.593590 -0.028646 1.464722
    35 1.099216 -1.407745 8.017889 -1.782086 0.031962 -0.017448
    36 0.068439 -0.807653 3.686054 -1.465861 0.033996 -0.009728
    37 -4.004929 6.172707 4.754754 0.817007 0.967877 3.389219
    38 0.158352 -1.149811 5.804394 -1.075796 -0.381982 0.137876
    39 -1.083523 -1.463142 5.544399 -1.007416 -0.184845 -0.039962
    40 -6.289886 0.932434 13.569063 -0.126803 0.612110 2.869610
    41 1.327774 -0.766687 12.396328 -0.046970 0.015667 -0.403498
    42 -0.096140 1.828087 23.185329 -0.112362 -0.407848 -1.423295
    43 2.325478 -0.000003 6.169296 0.127872 -0.042343 1.707628
    44 0.000000 -3.152912 0.122169 1.961017 0.000000 0.000000
    45 1.068383 -10.478592 7.066338 0.292219 -1.282324 -3.141588
    46 0.000000 0.000000 2.279457 0.547137 -0.343566 0.107833
    47 2.479414 -8.323895 6.074242 -0.009236 -0.239855 1.560825
    48 0.000003 -5.075260 5.453029 0.000000 0.000000 0.000000
    49 -1.068383 -10.478611 7.065971 0.292219 1.282324 3.141588
    50 -0.000488 0.000015 2.279600 0.547136 0.343566 0.107835
    51 -2.479401 -8.323895 6.074234 0.008713 -0.239911 1.568027
    52 -5.790000 4.432083 14.255558 -2.835409 1.458102 -0.117949
    53 1.044540 -2.839314 19.743252 -0.752917 1.031857 -0.426766
    54 -2.655510 -1.533379 24.792648 -0.676350 -0.087279 0.151973
    55 -1.120216 -0.154385 9.795983 -0.001959 -0.000270 0.016967
    56 -2.240372 -0.308788 19.592047 0.034437 0.174456 0.041431
    57 -0.683205 2.877342 14.167089 -1.587054 0.211142 -1.599944
    58 -0.144958 -0.145317 7.579308 -1.832950 0.308308 -0.239353
    59 -0.038551 -0.936644 4.697678 -1.767272 0.263933 -0.263583
    60 -0.506317 8.500896 13.617329 -1.590316 0.312504 -1.666551
    61 0.385056 -0.460075 7.003435 -1.874906 0.576384 -0.585794
    62 -0.456360 -0.710276 5.057732 -1.701938 0.570326 -0.556153
    63 2.452194 -8.899408 11.597939 -1.570971 0.081385 -1.455866
    64 -0.680515 -0.903999 6.074242 -1.643068 -0.191037 0.012567
    65 -0.248295 -0.666843 3.386627 -1.552369 -0.126018 0.114459
    66 0.717491 -3.784309 13.044010 -1.656948 0.019467 -1.460053
    67 -1.099228 -1.407673 8.017876 -1.785816 -0.025541 0.018740
    68 -0.064053 -0.807640 3.686100 -1.586749 -0.033861 0.009796
    69 4.004906 6.172710 4.754800 0.479233 -1.121849 -2.939687
    70 -0.158381 -1.149773 5.804405 -0.737687 0.566841 0.276002
    71 1.078559 -2.386406 5.215008 -0.887872 0.557449 0.093374
    72 6.289963 0.932404 13.569109 -0.126801 -0.612098 -2.869612
    73 -1.327759 -0.766682 12.396324 -0.013768 -0.006858 0.124319
    74 0.000017 -54.999996 0.000000 0.000000 0.000000 -1.570796
  time 23
    0 0.000000 0.000000 -1.500000 0.000000 0.000000 0.000000
    1 -10.521344 -5.760963 66.994621 3.097005 -0.050653 -3.139334
    2 -3.652084 13.527721 18.718734 0.150949 0.604952 0.458927
    3 -0.000034 0.000012 24.761454 -1.174070 -0.136146 0.170493
    4 0.000017 0.000000 24.344809 1.884621 -0.462197 -0.295625
    5 0.002333 -1.019846 24.031336 0.389585 -0.042698 0.017213
    6 0.000034 0.000008 13.404741 -0.000001 -0.000009 0.033578
    7 10.398263 -5.760962 66.994675 3.097005 0.050653 3.139334
    8 -0.047043 5.281696 18.782628 0.995943 -0.478322 0.171113
    9 -0.000004 -0.000006 24.761459 -1.575770 0.182654 -0.265216
    10 -0.000007 0.000004 24.344891 1.542198 0.203674 0.057558
    11 -0.002360 -1.019903 24.031330 0.389594 -0.042695 -0.017219
    12 0.000000 -0.000002 13.404737 0.000001 0.000005 -0.063400
    13 -0.061540 -5.245835 72.927078 0.000000 0.000000 0.000000
    14 2.040449 10.066277 -18.390952 0.149504 -0.018440 -0.384345
    15 0.000000 -0.005608 -1.146812 -0.161205 0.026300 -0.024857
    16 0.030770 -0.240000 8.906021 -0.004138 0.000000 0.000000
    17 0.343784 -1.858576 0.300392 0.231256 0.065349 -0.078424
    18 0.030770 -0.276858 8.905140 0.056125 0.004134 -0.000049
    19 0.393278 -1.288226 0.260551 0.584790 0.160128 0.054972
    20 5.669724 4.435303 14.302868 1.632466 -1.409078 1.164576
    21 -1.044571 -2.839317 19.743267 -0.051826 -0.648432 0.054664
    22 2.655533 -1.533369 24.792658 -0.755582 0.092687 -0.754193
    23 1.120163 -0.154394 9.796035 -0.007831 0.000805 -0.068192
    24 2.240311 -0.308786 19.592051 -0.689978 -0.312860 -0.032462
    25 0.683151 2.877354 14.167051 -1.511326 -0.211747 1.554295
    26 0.144936 -0.145374 7.579252 -1.768042 -0.243277 0.235266
    27 0.091660 -0.906685 4.702850 -1.587439 -0.182555 0.191106
    28 0.506271 8.500866 13.617253 -1.470438 -0.303283 1.571620
    29 -0.384987 -0.460049 7.003448 -1.747417 -0.440906 0.551347
    30 0.561516 -0.596954 5.061852 -1.494372 -0.380557 0.386314
    31 -2.452171 -8.899406 11.597897 -1.564436 -0.075962 1.475269
    32 0.680496 -0.903999 6.074253 -1.628057 0.173796 -0.014006
    33 0.245514 -0.661150 3.388004 -1.484370 0.109763 -0.099157
    34 -0.717484 -3.784271 13.043911 -1.593546 -0.028634 1.464722
    35 1.099216 -1.407745 8.017889 -1.782086 0.031950 -0.017448
    36 0.068439 -0.807653 3.686054 -1.465861 0.033996 -0.009740
    37 -4.004929 6.172707 4.754754 0.756836 1.002927 3.305304
    38 0.158352 -1.149811 5.804394 -1.047826 -0.374938 0.138247
    39 -1.083523 -1.463142 5.544399 -0.979217 -0.180350 -0.038222
    40 -6.289886 0.932434 13.569063 -0.126803 0.612110 2.869610
    41 1.327774 -0.766687 12.396328 -0.045771 0.015499 -0.393806
    42 -0.096140 1.828087 23.185329 -0.115376 -0.363713 -1.428248
    43 2.325478 -0.000003 6.169296 0.069474 -0.048521 1.717047
    44 0.000000 -3.152912 0.122169 1.961017 0.000000 0.000000
    45 1.068383 -10.478592 7.066338 0.292219 -1.282324 -3.141588
    46 0.000000 0.000000 2.279457 0.547137 -0.343566 0.107833
    47 2.479414 -8.323895 6.074242 -0.009317 -0.298931 1.562163
    48 0.000003 -5.075260 5.531156 0.000000 0.000000 0.000000
    49 -1.068383 -10.478611 7.065971 0.292219 1.282324 3.141588
    50 -0.000488 0.000015 2.279600 0.547136 0.343566 0.107835
    51 -2.479401 -8.323895 6.074234 0.008894 -0.298927 1.568985
    52 -5.790000 4.432083 14.255558 -2.865988 1.437375 -0.178792
    53 1.044540 -2.839314 19.743252 -0.742732 1.021724 -0.415907
    54 -2.655510 -1.533379 24.792648 -0.673633 -0.087991 0.174616
    55 -1.120216 -0.154385 9.795983 -0.000053 -0.000006 0.000454
    56 -2.240372 -0.308788 19.592047 0.012825 0.197327 0.006118
    57 -0.683205 2.877342 14.167089 -1.589232 0.211142 -1.622926
    58 -0.144958 -0.145317 7.579308 -1.797640 0.308979 -0.230508
    59 -0.038551 -0.936644 4.697678 -1.818604 0.263118 -0.276358
    60 -0.506317 8.500896 13.617329 -1.606532 0.311492 -1.706988
    61 0.385056 -0.460075 7.003435 -1.828286 0.582128 -0.563146
    62 -0.456360 -0.710276 5.057732 -1.738569 0.569162 -0.574653
    63 2.452194 -8.899408 11.597939 -1.552222 0.087356 -1.444140
    64 -0.680515 -0.903999 6.074242 -1.618545 -0.188964 0.010338
    65 -0.248295 -0.666843 3.386627 -1.564817 -0.125658 0.115562
    66 0.717491 -3.784309 13.044010 -1.664669 0.018340 -1.459432
    67 -1.099228 -1.407673 8.017876 -1.732524 -0.024594 0.017170
    68 -0.064053 -0.807640 3.686100 -1.616573 -0.034437 0.010731
    69 4.004906 6.172710 4.754800 0.315398 -1.151356 -2.739122
    70 -0.158381 -1.149773 5.804405 -0.685890 0.584091 0.296397
    71 1.078559 -2.386406 5.215008 -0.920359 0.607563 0.042333
    72 6.289963 0.932404 13.569109 -0.126801 -0.612098 -2.869612
    73 -1.327759 -0.766682 12.396324 -0.014930 -0.007325 0.134544
    74 0.000017 -54.999996 0.000000 0.000000 0.000000 -1.570796
  time 24
    0 0.000000 0.000000 -1.500000 0.000000 0.000000 0.000000
    1 -10.521344 -5.760963 66.994621 3.097005 -0.050653 -3.139334
    2 -4.445077 13.601383 17.126592 0.131137 0.601138 0.476665
    3 -0.000034 0.000012 24.761454 -1.065410 -0.123598 0.169882
    4 0.000017 0.000000 24.344809 1.794432 -0.476095 -0.277108
    5 0.002333 -1.019846 24.031336 0.389585 -0.042710 0.017201
    6 0.000034 0.000008 13.404741 -0.000001 -0.000009 0.032776
    7 10.398263 -5.760962 66.994675 3.097005 0.050653 3.139334
    8 -0.613466 4.519844 17.411338 0.914984 -0.499576 0.239602
    9 -0.000004 -0.000006 24.761459 -1.516978 0.175846 -0.322169
    10 -0.000007 0.000004 24.344891 1.538132 0.188609 0.042529
    11 -0.002360 -1.019903 24.031330 0.389594 -0.042695 -0.017219
    12 0.000000 -0.000002 13.404737 0.000001 0.000005 -0.101723
    13 -0.061540 -5.245835 72.927078 0.000000 0.000000 0.000000
    14 2.673280 9.437410 -16.926431 0.172643 -0.019696 -0.435991
    15 0.000000 -0.005608 -1.146812 -0.142864 0.035789 -0.018960
    16 0.030770 -0.240000 8.906021 -0.004138 0.000000 0.000000
    17 0.367222 -1.952329 0.167576 0.257898 0.058221 -0.042084
    18 0.030770 -0.276858 8.905140 0.056125 0.004134 -0.000049
    19 0.459686 -1.116346 0.213675 0.520627 0.184053 0.055811
    20 5.669724 4.435303 14.302868 1.738508 -1.378635 1.074301
    21 -1.044571 -2.839317 19.743267 -0.025311 -0.592073 0.050998
    22 2.655533 -1.533369 24.792658 -0.789909 0.095684 -0.715859
    23 1.120163 -0.154394 9.796035 -0.005710 0.000638 -0.049738
    24 2.240311 -0.308786 19.592051 -0.740024 -0.381560 0.003263
    25 0.683151 2.877354 14.167051 -1.511326 -0.211747 1.554295
    26 0.144936 -0.145374 7.579252 -1.768042 -0.243277 0.235266
    27 0.091660 -0.906685 4.702850 -1.587439 -0.182555 0.191106
    28 0.506271 8.500866 13.617253 -1.470438 -0.303305 1.571620
    29 -0.384987 -0.460049 7.003448 -1.747417 -0.440906 0.551347
    30 0.561516 -0.596954 5.061852 -1.494372 -0.380557 0.386326
    31 -2.452171 -8.899406 11.597897 -1.564436 -0.075962 1.475269
    32 0.680496 -0.903999 6.074253 -1.628017 0.173808 -0.014150
    33 0.245514 -0.661150 3.388004 -1.484370 0.109607 -0.099181
    34 -0.717484 -3.784271 13.043911 -1.593590 -0.028646 1.464722
    35 1.099216 -1.407745 8.017889 -1.782086 0.031962 -0.017268
    36 0.068439 -0.807653 3.686054 -1.465790 0.034176 -0.009692
    37 -4.004929 6.172707 4.754754 0.662616 1.044350 3.182160
    38 0.158352 -1.149811 5.804394 -1.011466 -0.365795 0.139062
    39 -1.083523 -1.463142 5.544399 -0.942385 -0.174574 -0.035722
    40 -6.289886 0.932434 13.569063 -0.126803 0.612110 2.869610
    41 1.327774 -0.766687 12.396328 -0.043949 0.015247 -0.378892
    42 -0.096140 1.828087 23.185329 -0.120084 -0.304377 -1.434148
    43 2.325478 -0.000003 6.169296 -0.004157 -0.052066 1.728223
    44 0.000000 -3.152912 0.122169 1.961017 0.000000 0.000000
    45 1.068383 -10.478592 7.066338 0.292219 -1.282324 -3.141588
    46 0.000000 0.000000 2.279457 0.547137 -0.343566 0.107833
    47 2.479414 -8.323895 6.074242 -0.025901 -0.618023 1.258734
    48 0.000003 -5.075260 5.613190 0.000000 0.000000 0.000000
    49 -1.068383 -10.478611 7.065971 0.292219 1.282324 3.141588
    50 -0.000488 0.000015 2.279600 0.547136 0.343566 0.107835
    51 -2.479401 -8.323895 6.074234 -0.005385 -0.626991 1.262499
    52 -5.790000 4.432083 14.255558 -2.907111 1.418642 -0.245479
    53 1.044540 -2.839314 19.743252 -0.713902 1.004553 -0.391713
    54 -2.655510 -1.533379 24.792648 -0.669657 -0.089066 0.210967
    55 -1.120216 -0.154385 9.795983 0.002344 0.000329 -0.020520
    56 -2.240372 -0.308788 19.592047 -0.018409 0.224653 -0.039334
    57 -0.683205 2.877342 14.167089 -1.592202 0.211063 -1.654910
    58 -0.144958 -0.145317 7.579308 -1.748543 0.309423 -0.218212
    59 -0.038551 -0.936644 4.697678 -1.890005 0.260925 -0.294036
    60 -0.506317 8.500896 13.617329 -1.628103 0.308534 -1.762745
    61 0.385056 -0.460075 7.003435 -1.761637 0.588784 -0.530438
    62 -0.456360 -0.710276 5.057732 -1.788122 0.566704 -0.599611
    63 2.452194 -8.899408 11.597939 -1.526946 0.094512 -1.427290
    64 -0.680515 -0.903999 6.074242 -1.585937 -0.186171 0.007486
    65 -0.248295 -0.666843 3.386627 -1.583676 -0.125083 0.117252
    66 0.717491 -3.784309 13.044010 -1.676128 0.016722 -1.458527
    67 -1.099228 -1.407673 8.017876 -1.659002 -0.023144 0.015085
    68 -0.064053 -0.807640 3.686100 -1.658946 -0.035192 0.012073
    69 4.004906 6.172710 4.754800 0.062946 -1.165775 -2.439747
    70 -0.158381 -1.149773 5.804405 -0.616164 0.608762 0.334578
    71 1.078559 -2.386406 5.215008 -0.959439 0.684633 -0.021716
    72 6.289963 0.932404 13.569109 -0.126801 -0.612098 -2.869612
    73 -1.327759 -0.766682 12.396324 -0.016692 -0.008032 0.149857
    74 0.000017 -54.999996 0.000000 0.000000 0.000000 -1.570796
  time 25
    0 0.000000 0.000000 -1.500000 0.000000 0.000000 0.000000
    1 -10.521344 -5.760963 66.994621 3.097005 -0.050653 -3.139334
    2 -5.316197 13.724153 15.601723 0.104424 0.595237 0.492131
    3 -0.000034 0.000012 24.761454 -0.944716 -0.109636 0.171104
    4 0.000017 0.000000 24.344809 1.697522 -0.491939 -0.255178
    5 0.002333 -1.019846 24.031336 0.389585 -0.042710 0.017201
    6 0.000034 0.000008 13.404741 -0.000001 -0.000009 0.033325
    7 10.398263 -5.760962 66.994675 3.097005 0.050653 3.139334
    8 -1.211141 3.820440 16.040047 0.833342 -0.517390 0.314527
    9 -0.000004 -0.000006 24.761459 -1.454721 0.168656 -0.383035
    10 -0.000007 0.000004 24.344891 1.529355 0.173077 0.028741
    11 -0.002360 -1.019903 24.031330 0.389594 -0.042695 -0.017219
    12 0.000000 -0.000002 13.404737 0.000001 0.000005 -0.142665
    13 -0.061540 -5.245835 72.927078 0.000000 0.000000 0.000000
    14 3.329551 8.831834 -15.484440 0.199239 -0.021124 -0.490159
    15 0.000000 -0.005608 -1.146812 -0.122322 0.046487 -0.011949
    16 0.030770 -0.240000 8.906021 -0.004138 0.000000 0.000000
    17 0.406286 -2.053894 0.019134 0.289000 0.048789 0.001044
    18 0.030770 -0.276858 8.905140 0.056125 0.004134 -0.000049
    19 0.518282 -0.924934 0.166798 0.448959 0.207628 0.053390
    20 5.669724 4.435303 14.302868 1.830577 -1.344881 0.999647
    21 -1.044571 -2.839317 19.743267 -0.012836 -0.530496 0.052972
    22 2.655533 -1.533369 24.792658 -0.823845 0.098720 -0.672107
    23 1.120163 -0.154394 9.796035 -0.003337 0.000386 -0.028939
    24 2.240311 -0.308786 19.592051 -0.793726 -0.448924 0.041797
    25 0.683151 2.877354 14.167051 -1.511326 -0.211747 1.554295
    26 0.144936 -0.145374 7.579252 -1.768042 -0.243277 0.235266
    27 0.091660 -0.906685 4.702850 -1.587439 -0.182555 0.191106
    28 0.506271 8.500866 13.617253 -1.470438 -0.303305 1.571620
    29 -0.384987 -0.460049 7.003448 -1.747417 -0.440906 0.551347
    30 0.561516 -0.596954 5.061852 -1.494372 -0.380557 0.386326
    31 -2.452171 -8.899406 11.597897 -1.564436 -0.075962 1.475269
    32 0.680496 -0.903999 6.074253 -1.628057 0.173808 -0.014162
    33 0.245514 -0.661150 3.388004 -1.484370 0.109607 -0.099181
    34 -0.717484 -3.784271 13.043911 -1.593590 -0.028646 1.464722
    35 1.099216 -1.407745 8.017889 -1.782125 0.031962 -0.017268
    36 0.068439 -0.807653 3.686054 -1.465790 0.034176 -0.009692
    37 -4.004929 6.172707 4.754754 0.536509 1.082445 3.025910
    38 0.158352 -1.149811 5.804394 -0.971758 -0.355800 0.140344
    39 -1.083523 -1.463142 5.544399 -0.902048 -0.168342 -0.032766
    40 -6.289886 0.932434 13.569063 -0.126803 0.612110 2.869610
    41 1.327774 -0.766687 12.396328 -0.041900 0.014948 -0.362120
    42 -0.096140 1.828087 23.185329 -0.126231 -0.237840 -1.440018
    43 2.325478 -0.000003 6.169296 -0.084044 -0.052862 1.740276
    44 0.000000 -3.152912 0.122169 1.961017 0.000000 0.000000
    45 1.068383 -10.478592 7.066338 0.292219 -1.282324 -3.141588
    46 0.000000 0.000000 2.279457 0.547137 -0.343566 0.107833
    47 2.479414 -8.323895 6.074242 -0.027831 -0.681560 1.246700
    48 0.000003 -5.075260 5.691317 0.000000 0.000000 0.000000
    49 -1.068383 -10.478611 7.065971 0.292219 1.282324 3.141588
    50 -0.000488 0.000015 2.279600 0.547136 0.343566 0.107835
    51 -2.479401 -8.323895 6.074234 -0.006410 -0.690260 1.250044
    52 -5.790000 4.432083 14.255558 -2.950534 1.402068 -0.308909
    53 1.044540 -2.839314 19.743252 -0.670267 0.977377 -0.356197
    54 -2.655510 -1.533379 24.792648 -0.664977 -0.090153 0.255042
    55 -1.120216 -0.154385 9.795983 0.004945 0.000785 -0.043426
    56 -2.240372 -0.308788 19.592047 -0.056364 0.251484 -0.089597
    57 -0.683205 2.877342 14.167089 -1.595568 0.210764 -1.691306
    58 -0.144958 -0.145317 7.579308 -1.692634 0.309207 -0.204178
    59 -0.038551 -0.936644 4.697678 -1.971121 0.256958 -0.313894
    60 -0.506317 8.500896 13.617329 -1.651786 0.303086 -1.825871
    61 0.385056 -0.460075 7.003435 -1.684542 0.594184 -0.492109
    62 -0.456360 -0.710276 5.057732 -1.843651 0.562715 -0.627414
    63 2.452194 -8.899408 11.597939 -1.498167 0.101111 -1.407579
    64 -0.680515 -0.903999 6.074242 -1.549555 -0.182935 0.004394
    65 -0.248295 -0.666843 3.386627 -1.606032 -0.124364 0.119193
    66 0.717491 -3.784309 13.044010 -1.689280 0.014877 -1.457448
    67 -1.099228 -1.407673 8.017876 -1.575617 -0.021322 0.012880
    68 -0.064053 -0.807640 3.686100 -1.707565 -0.035983 0.013655
    69 4.004906 6.172710 4.754800 -0.220527 -1.143979 -2.107790
    70 -0.158381 -1.149773 5.804405 -0.538451 0.634747 0.391162
    71 1.078559 -2.386406 5.215008 -0.997039 0.782349 -0.082696
    72 6.289963 0.932404 13.569109 -0.126801 -0.612098 -2.869612
    73 -1.327759 -0.766682 12.396324 -0.018825 -0.008847 0.168409
    74 0.000017 -54.999996 0.000000 0.000000 0.000000 -1.570796
  time 26
    0 0.000000 0.000000 -1.500000 0.000000 0.000000 0.000000
    1 -10.521344 -5.760963 66.994621 3.097005 -0.050653 -3.139334
    2 -6.179505 13.846923 14.166552 0.070401 0.586720 0.504015
    3 -0.000034 0.000012 24.761454 -0.817153 -0.094859 0.173588
    4 0.000017 0.000000 24.344809 1.599319 -0.508938 -0.229942
    5 0.002333 -1.019846 24.031336 0.389585 -0.042710 0.017201
    6 0.000034 0.000008 13.404741 -0.000001 -0.000009 0.035392
    7 10.398263 -5.760962 66.994675 3.097005 0.050653 3.139334
    8 -1.793190 3.195971 14.803638 0.757502 -0.528620 0.387637
    9 -0.000004 -0.000006 24.761459 -1.393619 0.161585 -0.440563
    10 -0.000007 0.000004 24.344891 1.517221 0.158478 0.017223
    11 -0.002360 -1.019903 24.031330 0.389594 -0.042695 -0.017219
    12 0.000000 -0.000002 13.404737 0.000001 0.000005 -0.181933
    13 -0.061540 -5.245835 72.927078 0.000000 0.000000 0.000000
    14 3.946757 8.284486 -14.155105 0.225834 -0.022535 -0.541685
    15 0.000000 -0.005608 -1.146812 -0.101971 0.057058 -0.004557
    16 0.030770 -0.240000 8.906021 -0.004138 0.000000 0.000000
    17 0.441443 -2.167179 -0.133215 0.320819 0.037863 0.045211
    18 0.030770 -0.276858 8.905140 0.056125 0.004134 -0.000049
    19 0.580783 -0.729615 0.112109 0.378363 0.228899 0.048417
    20 5.669724 4.435303 14.302868 1.904079 -1.311373 0.943105
    21 -1.044571 -2.839317 19.743267 -0.013423 -0.471633 0.058302
    22 2.655533 -1.533369 24.792658 -0.854960 0.101602 -0.629084
    23 1.120163 -0.154394 9.796035 -0.000964 0.000122 -0.008347
    24 2.240311 -0.308786 19.592051 -0.847123 -0.509014 0.079223
    25 0.683151 2.877354 14.167051 -1.511326 -0.211747 1.554295
    26 0.144936 -0.145374 7.579252 -1.768042 -0.243277 0.235266
    27 0.091660 -0.906685 4.702850 -1.587439 -0.182555 0.191106
    28 0.506271 8.500866 13.617253 -1.470438 -0.303305 1.571620
    29 -0.384987 -0.460049 7.003448 -1.747417 -0.440906 0.551347
    30 0.561516 -0.596954 5.061852 -1.494372 -0.380557 0.386326
    31 -2.452171 -8.899406 11.597897 -1.564385 -0.075962 1.475269
    32 0.680496 -0.903999 6.074253 -1.628017 0.173808 -0.014138
    33 0.245514 -0.661150 3.388004 -1.484370 0.109619 -0.099181
    34 -0.717484 -3.784271 13.043911 -1.593546 -0.028646 1.464722
    35 1.099216 -1.407745 8.017889 -1.782086 0.031962 -0.017196
    36 0.068439 -0.807653 3.686054 -1.465861 0.034260 -0.009680
    37 -4.004929 6.172707 4.754754 0.391216 1.109626 2.853488
    38 0.158352 -1.149811 5.804394 -0.933321 -0.346158 0.141998
    39 -1.083523 -1.463142 5.544399 -0.862967 -0.162410 -0.029645
    40 -6.289886 0.932434 13.569063 -0.126803 0.612110 2.869610
    41 1.327774 -0.766687 12.396328 -0.039923 0.014588 -0.345750
    42 -0.096140 1.828087 23.185329 -0.133045 -0.172067 -1.445093
    43 2.325478 -0.000003 6.169296 -0.161447 -0.051256 1.752091
    44 0.000000 -3.152912 0.122169 1.961017 0.000000 0.000000
    45 1.068383 -10.478592 7.066338 0.292219 -1.282324 -3.141588
    46 0.000000 0.000000 2.279457 0.547137 -0.343566 0.107833
    47 2.479414 -8.323895 6.074242 -0.029870 -0.732652 1.232947
    48 0.000003 -5.075260 5.769445 0.000000 0.000000 0.000000
    49 -1.068383 -10.478611 7.065971 0.292219 1.282324 3.141588
    50 -0.000488 0.000015 2.279600 0.547136 0.343566 0.107835
    51 -2.479401 -8.323895 6.074234 -0.007514 -0.741008 1.236056
    52 -5.790000 4.432083 14.255558 -2.991178 1.387904 -0.364673
    53 1.044540 -2.839314 19.743252 -0.619787 0.941339 -0.315891
    54 -2.655510 -1.533379 24.792648 -0.660347 -0.091020 0.299420
    55 -1.120216 -0.154385 9.795983 0.007461 0.001264 -0.065706
    56 -2.240372 -0.308788 19.592047 -0.096227 0.274404 -0.139087
    57 -0.683205 2.877342 14.167089 -1.598884 0.210267 -1.727560
    58 -0.144958 -0.145317 7.579308 -1.636943 0.308236 -0.190228
    59 -0.038551 -0.936644 4.697678 -2.051694 0.251469 -0.333261
    60 -0.506317 8.500896 13.617329 -1.674413 0.295589 -1.888144
    61 0.385056 -0.460075 7.003435 -1.606713 0.597107 -0.453153
    62 -0.456360 -0.710276 5.057732 -1.898160 0.557497 -0.654479
    63 2.452194 -8.899408 11.597939 -1.469387 0.106013 -1.387583
    64 -0.680515 -0.903999 6.074242 -1.513929 -0.179652 0.001482
    65 -0.248295 -0.666843 3.386627 -1.628721 -0.123597 0.121195
    66 0.717491 -3.784309 13.044010 -1.702631 0.013031 -1.456320
    67 -1.099228 -1.407673 8.017876 -1.492905 -0.019381 0.010855
    68 -0.064053 -0.807640 3.686100 -1.756184 -0.036702 0.015273
    69 4.004906 6.172710 4.754800 -0.454081 -1.087829 -1.830109
    70 -0.158381 -1.149773 5.804405 -0.463668 0.656926 0.459760
    71 1.078559 -2.386406 5.215008 -1.026946 0.888949 -0.128038
    72 6.289963 0.932404 13.569109 -0.126801 -0.612098 -2.869612
    73 -1.327759 -0.766682 12.396324 -0.021042 -0.009650 0.187563
    74 0.000017 -54.999996 0.000000 0.000000 0.000000 -1.570796
  time 27
    0 0.000000 0.000000 -1.500000 0.000000 0.000000 0.000000
    1 -10.521344 -5.760963 66.994621 3.097005 -0.050653 -3.139334
    2 -6.933434 13.945139 12.978052 0.032074 0.576226 0.512010
    3 -0.000034 0.000012 24.761454 -0.693086 -0.080502 0.176682
    4 0.000017 0.000000 24.344809 1.507711 -0.525348 -0.203042
    5 0.002333 -1.019846 24.031336 0.389660 -0.042710 0.017201
    6 0.000034 0.000008 13.404741 -0.000001 -0.000009 0.038746
    7 10.398263 -5.760962 66.994675 3.097005 0.050653 3.139334
    8 -2.293205 2.696396 13.769550 0.694628 -0.533266 0.450597
    9 -0.000004 -0.000006 24.761459 -1.339941 0.155389 -0.488365
    10 -0.000007 0.000004 24.344891 1.504313 0.146257 0.008605
    11 -0.002360 -1.019903 24.031330 0.389594 -0.042695 -0.017219
    12 0.000000 -0.000002 13.404737 0.000001 0.000005 -0.215146
    13 -0.061540 -5.245835 72.927078 0.000000 0.000000 0.000000
    14 4.462398 7.841950 -13.073613 0.249037 -0.023739 -0.585224
    15 0.000000 -0.005608 -1.146812 -0.084428 0.066234 0.002128
    16 0.030770 -0.240000 8.906021 -0.004138 0.000000 0.000000
    17 0.484413 -2.249213 -0.262125 0.348975 0.027038 0.084226
    18 0.030770 -0.276858 8.905140 0.056125 0.004134 -0.000049
    19 0.627660 -0.561641 0.061326 0.317668 0.246076 0.042328
    20 5.669724 4.435303 14.302868 1.958535 -1.281811 0.903238
    21 -1.044571 -2.839317 19.743267 -0.022229 -0.422736 0.064055
    22 2.655533 -1.533369 24.792658 -0.880434 0.103869 -0.591721
    23 1.120163 -0.154394 9.796035 0.001085 -0.000165 0.009590
    24 2.240311 -0.308786 19.592051 -0.894384 -0.556809 0.111269
    25 0.683151 2.877354 14.167051 -1.511326 -0.211747 1.554295
    26 0.144936 -0.145374 7.579252 -1.768042 -0.243277 0.235266
    27 0.091660 -0.906685 4.702850 -1.587439 -0.182555 0.191106
    28 0.506271 8.500866 13.617253 -1.470438 -0.303283 1.571620
    29 -0.384987 -0.460049 7.003448 -1.747417 -0.440906 0.551347
    30 0.561516 -0.596954 5.061852 -1.494372 -0.380557 0.386314
    31 -2.452171 -8.899406 11.597897 -1.564436 -0.075962 1.475269
    32 0.680496 -0.903999 6.074253 -1.628017 0.173820 -0.014245
    33 0.245514 -0.661150 3.388004 -1.484370 0.109499 -0.099205
    34 -0.717484 -3.784271 13.043911 -1.593546 -0.028646 1.464722
    35 1.099216 -1.407745 8.017889 -1.782125 0.031962 -0.017268
    36 0.068439 -0.807653 3.686054 -1.465790 0.034176 -0.009692
    37 -4.004929 6.172707 4.754754 0.251598 1.123269 2.692262
    38 0.158352 -1.149811 5.804394 -0.900690 -0.337969 0.143724
    39 -1.083523 -1.463142 5.544399 -0.829588 -0.157460 -0.026800
    40 -6.289886 0.932434 13.569063 -0.126803 0.612110 2.869610
    41 1.327774 -0.766687 12.396328 -0.038197 0.014277 -0.331488
    42 -0.096140 1.828087 23.185329 -0.139448 -0.115217 -1.448945
    43 2.325478 -0.000003 6.169296 -0.227533 -0.048246 1.762189
    44 0.000000 -3.152912 0.122169 1.961017 0.000000 0.000000
    45 1.068383 -10.478592 7.066338 0.292219 -1.282324 -3.141588
    46 0.000000 0.000000 2.279457 0.547137 -0.343566 0.107833
    47 2.479414 -8.323895 6.074242 -0.005158 0.357944 1.659008
    48 0.000003 -5.075260 5.843666 0.000000 0.000000 0.000000
    49 -1.068383 -10.478611 7.065971 0.292219 1.282324 3.141588
    50 -0.000488 0.000015 2.279600 0.547136 0.343566 0.107835
    51 -2.479401 -8.323895 6.074234 0.012931 0.359894 1.665080
    52 -5.790000 4.432083 14.255558 -3.024824 1.376689 -0.408844
    53 1.044540 -2.839314 19.743252 -0.573035 0.902673 -0.279314
    54 -2.655510 -1.533379 24.792648 -0.656019 -0.091563 0.337133
    55 -1.120216 -0.154385 9.795983 0.009631 0.001744 -0.084831
    56 -2.240372 -0.308788 19.592047 -0.132807 0.291284 -0.181962
    57 -0.683205 2.877342 14.167089 -1.601755 0.209650 -1.759109
    58 -0.144958 -0.145317 7.579308 -1.588446 0.306822 -0.178147
    59 -0.038551 -0.936644 4.697678 -2.121715 0.245465 -0.349668
    60 -0.506317 8.500896 13.617329 -1.692967 0.287416 -1.941879
    61 0.385056 -0.460075 7.003435 -1.538554 0.597589 -0.418913
    62 -0.456360 -0.710276 5.057732 -1.944945 0.551999 -0.677472
    63 2.452194 -8.899408 11.597939 -1.444191 0.108894 -1.369971
    64 -0.680515 -0.903999 6.074242 -1.483207 -0.176751 -0.000939
    65 -0.248295 -0.666843 3.386627 -1.648787 -0.122890 0.122921
    66 0.717491 -3.784309 13.044010 -1.714288 0.011401 -1.455340
    67 -1.099228 -1.407673 8.017876 -1.420952 -0.017535 0.009213
    68 -0.064053 -0.807640 3.686100 -1.798556 -0.037265 0.016711
    69 4.004906 6.172710 4.754800 -0.607826 -1.019036 -1.641087
    70 -0.158381 -1.149773 5.804405 -0.401929 0.672862 0.527684
    71 1.078559 -2.386406 5.215008 -1.045339 0.987706 -0.151750
    72 6.289963 0.932404 13.569109 -0.126801 -0.612098 -2.869612
    73 -1.327759 -0.766682 12.396324 -0.023008 -0.010321 0.204218
    74 0.000017 -54.999996 0.000000 0.000000 0.000000 -1.570796
  time 28
    0 0.000000 0.000000 -1.500000 0.000000 0.000000 0.000000
    1 -10.521344 -5.760963 66.994621 3.097005 -0.050653 -3.139334
    2 -7.468607 14.006524 12.170768 -0.002086 0.566233 0.516292
    3 -0.000034 0.000012 24.761454 -0.593328 -0.068937 0.179614
    4 0.000017 0.000000 24.344809 1.436447 -0.538227 -0.179405
    5 0.002333 -1.019846 24.031336 0.389660 -0.042710 0.017213
    6 0.000034 0.000008 13.404741 -0.000001 -0.000009 0.042311
    7 10.398263 -5.760962 66.994675 3.097005 0.050653 3.139334
    8 -2.640872 2.359183 13.072665 0.652144 -0.533705 0.494248
    9 -0.000004 -0.000006 24.761459 -1.301663 0.150942 -0.520843
    10 -0.000007 0.000004 24.344891 1.494052 0.137880 0.003204
    11 -0.002360 -1.019903 24.031330 0.389594 -0.042695 -0.017219
    12 0.000000 -0.000002 13.404737 0.000001 0.000005 -0.238033
    13 -0.061540 -5.245835 72.927078 0.000000 0.000000 0.000000
    14 4.817877 7.539162 -12.375149 0.265520 -0.024582 -0.615251
    15 0.000000 -0.005608 -1.146812 -0.072052 0.072681 0.007101
    16 0.030770 -0.240000 8.906021 -0.004138 0.000000 0.000000
    17 0.511758 -2.315621 -0.344159 0.369093 0.018644 0.112020
    18 0.030770 -0.276858 8.905140 0.056125 0.004134 -0.000049
    19 0.658911 -0.444450 0.018356 0.274952 0.257452 0.037187
    20 5.669724 4.435303 14.302868 1.994138 -1.260001 0.878322
    21 -1.044571 -2.839317 19.743267 -0.032551 -0.389443 0.068257
    22 2.655533 -1.533369 24.792658 -0.897619 0.105406 -0.564710
    23 1.120163 -0.154394 9.796035 0.002535 -0.000381 0.022180
    24 2.240311 -0.308786 19.592051 -0.928285 -0.588304 0.133859
    25 0.683151 2.877354 14.167051 -1.511326 -0.211747 1.554295
    26 0.144936 -0.145374 7.579252 -1.768042 -0.243277 0.235266
    27 0.091660 -0.906685 4.702850 -1.587439 -0.182555 0.191106
    28 0.506271 8.500866 13.617253 -1.470500 -0.303305 1.571620
    29 -0.384987 -0.460049 7.003448 -1.747417 -0.440906 0.551347
    30 0.561516 -0.596954 5.061852 -1.494407 -0.380557 0.386326
    31 -2.452171 -8.899406 11.597897 -1.564436 -0.075962 1.475269
    32 0.680496 -0.903999 6.074253 -1.628017 0.173820 -0.014245
    33 0.245514 -0.661150 3.388004 -1.484423 0.109499 -0.099205
    34 -0.717484 -3.784271 13.043911 -1.593590 -0.028658 1.464722
    35 1.099216 -1.407745 8.017889 -1.782086 0.031950 -0.017196
    36 0.068439 -0.807653 3.686054 -1.465861 0.034224 -0.009680
    37 -4.004929 6.172707 4.754754 0.148821 1.126790 2.575337
    38 0.158352 -1.149811 5.804394 -0.877975 -0.332333 0.145078
    39 -1.083523 -1.463142 5.544399 -0.806412 -0.154056 -0.024728
    40 -6.289886 0.932434 13.569063 -0.126803 0.612110 2.869610
    41 1.327774 -0.766687 12.396328 -0.036914 0.014025 -0.321094
    42 -0.096140 1.828087 23.185329 -0.144225 -0.075256 -1.451360
    43 2.325478 -0.000003 6.169296 -0.273565 -0.045309 1.769133
    44 0.000000 -3.152912 0.122169 1.961017 0.000000 0.000000
    45 1.068383 -10.478592 7.066338 0.292219 -1.282324 -3.141588
    46 0.000000 0.000000 2.279457 0.547137 -0.343566 0.107833
    47 2.479414 -8.323895 6.074242 -0.006082 0.295018 1.635513
    48 0.000003 -5.075260 5.902261 0.000000 0.000000 0.000000
    49 -1.068383 -10.478611 7.065971 0.292219 1.282324 3.141588
    50 -0.000488 0.000015 2.279600 0.547136 0.343566 0.107835
    51 -2.479401 -8.323895 6.074234 0.011706 0.297381 1.641224
    52 -5.790000 4.432083 14.255558 -3.048405 1.369420 -0.438259
    53 1.044540 -2.839314 19.743252 -0.539196 0.871257 -0.253568
    54 -2.655510 -1.533379 24.792648 -0.652798 -0.091822 0.362730
    55 -1.120216 -0.154385 9.795983 0.011129 0.002079 -0.098161
    56 -2.240372 -0.308788 19.592047 -0.159230 0.301433 -0.211862
    57 -0.683205 2.877342 14.167089 -1.603735 0.209153 -1.781385
    58 -0.144958 -0.145317 7.579308 -1.554334 0.305480 -0.169686
    59 -0.038551 -0.936644 4.697678 -2.170976 0.240587 -0.360958
    60 -0.506317 8.500896 13.617329 -1.705638 0.280801 -1.979485
    61 0.385056 -0.460075 7.003435 -1.490250 0.596781 -0.394657
    62 -0.456360 -0.710276 5.057732 -1.977592 0.547579 -0.693409
    63 2.452194 -8.899408 11.597939 -1.426318 0.110195 -1.357411
    64 -0.680515 -0.903999 6.074242 -1.461702 -0.174678 -0.002569
    65 -0.248295 -0.666843 3.386627 -1.663066 -0.122363 0.124143
    66 0.717491 -3.784309 13.044010 -1.722558 0.010274 -1.454621
    67 -1.099228 -1.407673 8.017876 -1.370238 -0.016157 0.008134
    68 -0.064053 -0.807640 3.686100 -1.828493 -0.037612 0.017742
    69 4.004906 6.172710 4.754800 -0.692454 -0.962822 -1.533272
    70 -0.158381 -1.149773 5.804405 -0.360806 0.682281 0.579462
    71 1.078559 -2.386406 5.215008 -1.051932 1.059937 -0.157194
    72 6.289963 0.932404 13.569109 -0.126801 -0.612098 -2.869612
    73 -1.327759 -0.766682 12.396324 -0.024350 -0.010765 0.215784
    74 0.000017 -54.999996 0.000000 0.000000 0.000000 -1.570796
  time 29
    0 0.000000 0.000000 -1.500000 0.000000 0.000000 0.000000
    1 -10.521344 -5.760963 66.994621 3.097005 -0.050653 -3.139334
    2 -7.667831 14.043355 11.856825 -0.017047 0.561752 0.517559
    3 -0.000034 0.000012 24.761454 -0.551783 -0.064131 0.180958
    4 0.000017 0.000000 24.344809 1.407288 -0.543433 -0.169077
    5 0.002333 -1.019846 24.031336 0.389660 -0.042710 0.017213
    6 0.000034 0.000008 13.404741 -0.000001 -0.000009 0.043977
    7 10.398263 -5.760962 66.994675 3.097005 0.050653 3.139334
    8 -2.769782 2.246779 12.825383 0.636532 -0.533339 0.510339
    9 -0.000004 -0.000006 24.761459 -1.287199 0.149289 -0.532866
    10 -0.000007 0.000004 24.344891 1.489986 0.134747 0.001291
    11 -0.002360 -1.019903 24.031330 0.389594 -0.042695 -0.017219
    12 0.000000 -0.000002 13.404737 0.000001 0.000005 -0.246556
    13 -0.061540 -5.245835 72.927078 0.000000 0.000000 0.000000
    14 4.950694 7.434350 -12.104775 0.271728 -0.024892 -0.626481
    15 0.000000 -0.005608 -1.146812 -0.067363 0.075112 0.008976
    16 0.030770 -0.240000 8.906021 -0.004138 0.000000 0.000000
    17 0.527383 -2.342966 -0.375410 0.376753 0.015289 0.122522
    18 0.030770 -0.276858 8.905140 0.056125 0.004134 -0.000049
    19 0.666724 -0.401480 0.010544 0.258867 0.261587 0.035066
    20 5.669724 4.435303 14.302868 2.009259 -1.249712 0.868067
    21 -1.044571 -2.839317 19.743267 -0.037590 -0.375927 0.069977
    22 2.655533 -1.533369 24.792658 -0.903738 0.105944 -0.552740
    23 1.120163 -0.154394 9.796035 0.003075 -0.000489 0.026975
    24 2.240311 -0.308786 19.592051 -0.941079 -0.599677 0.142365
    25 0.683151 2.877354 14.167051 -1.511326 -0.211747 1.554295
    26 0.144936 -0.145374 7.579252 -1.768042 -0.243277 0.235266
    27 0.091660 -0.906685 4.702850 -1.587439 -0.182555 0.191106
    28 0.506271 8.500866 13.617253 -1.470438 -0.303305 1.571620
    29 -0.384987 -0.460049 7.003448 -1.747417 -0.440906 0.551347
    30 0.561516 -0.596954 5.061852 -1.494372 -0.380557 0.386326
    31 -2.452171 -8.899406 11.597897 -1.564436 -0.075962 1.475269
    32 0.680496 -0.903999 6.074253 -1.628017 0.173820 -0.014245
    33 0.245514 -0.661150 3.388004 -1.484370 0.109499 -0.099205
    34 -0.717484 -3.784271 13.043911 -1.593590 -0.028646 1.464722
    35 1.099216 -1.407745 8.017889 -1.782047 0.031950 -0.017244
    36 0.068439 -0.807653 3.686054 -1.465861 0.034188 -0.009692
    37 -4.004929 6.172707 4.754754 0.109547 1.126790 2.530940
    38 0.158352 -1.149811 5.804394 -0.869542 -0.330219 0.145630
    39 -1.083523 -1.463142 5.544399 -0.797779 -0.152798 -0.023927
    40 -6.289886 0.932434 13.569063 -0.126803 0.612110 2.869610
    41 1.327774 -0.766687 12.396328 -0.036339 0.013893 -0.316323
    42 -0.096140 1.828087 23.185329 -0.146091 -0.060215 -1.452247
    43 2.325478 -0.000003 6.169296 -0.290802 -0.044007 1.771768
    44 0.000000 -3.152912 0.122169 1.961017 0.000000 0.000000
    45 1.068383 -10.478592 7.066338 0.292219 -1.282324 -3.141588
    46 0.000000 0.000000 2.279457 0.547137 -0.343566 0.107833
    47 2.479414 -8.323895 6.074242 -0.006381 0.272759 1.626726
    48 0.000003 -5.075260 5.925699 0.000000 0.000000 0.000000
    49 -1.068383 -10.478611 7.065971 0.292219 1.282324 3.141588
    50 -0.000488 0.000015 2.279600 0.547136 0.343566 0.107835
    51 -2.479401 -8.323895 6.074234 0.011244 0.275267 1.632314
    52 -5.790000 4.432083 14.255558 -3.057320 1.366845 -0.449278
    53 1.044540 -2.839314 19.743252 -0.526395 0.858580 -0.243961
    54 -2.655510 -1.533379 24.792648 -0.651540 -0.091887 0.372045
    55 -1.120216 -0.154385 9.795983 0.011692 0.002223 -0.103139
    56 -2.240372 -0.308788 19.592047 -0.169463 0.304997 -0.223118
    57 -0.683205 2.877342 14.167089 -1.604576 0.208954 -1.789836
    58 -0.144958 -0.145317 7.579308 -1.541365 0.304893 -0.166486
    59 -0.038551 -0.936644 4.697678 -2.189566 0.238585 -0.365176
    60 -0.506317 8.500896 13.617329 -1.710239 0.278103 -1.993683
    61 0.385056 -0.460075 7.003435 -1.471905 0.596196 -0.385469
    62 -0.456360 -0.710276 5.057732 -1.989883 0.545811 -0.699342
    63 2.452194 -8.899408 11.597939 -1.419591 0.110567 -1.352644
    64 -0.680515 -0.903999 6.074242 -1.453509 -0.173875 -0.003180
    65 -0.248295 -0.666843 3.386627 -1.668562 -0.122147 0.124610
    66 0.717491 -3.784309 13.044010 -1.725747 0.009831 -1.454323
    67 -1.099228 -1.407673 8.017876 -1.350961 -0.015605 0.007751
    68 -0.064053 -0.807640 3.686100 -1.839860 -0.037732 0.018150
    69 4.004906 6.172710 4.754800 -0.720236 -0.940295 -1.497252
    70 -0.158381 -1.149773 5.804405 -0.345807 0.685485 0.599739
    71 1.078559 -2.386406 5.215008 -1.052506 1.087659 -0.156281
    72 6.289963 0.932404 13.569109 -0.126801 -0.612098 -2.869612
    73 -1.327759 -0.766682 12.396324 -0.024853 -0.010921 0.220087
    74 0.000017 -54.999996 0.000000 0.000000 0.000000 -1.570796
end
