// Created by Crowbar 0.74
version 1
nodes
  0 "root" -1
  1 "g_r_hip_offset" 0
  2 "g_r_hip" 1
  3 "g_r_knee" 2
  4 "g_r_ankle" 3
  5 "g_r_ball" 4
  6 "g_r_thightwist" 2
  7 "g_l_hip_offset" 0
  8 "g_l_hip" 7
  9 "g_l_knee" 8
  10 "g_l_ankle" 9
  11 "g_l_ball" 10
  12 "g_l_thightwist" 8
  13 "g_spine01_offset" 0
  14 "g_spine01" 13
  15 "g_pelvis" 14
  16 "g_spine02_offset" 14
  17 "g_spine02" 16
  18 "g_spine03_offset" 17
  19 "g_spine03" 18
  20 "g_l_clavical" 19
  21 "g_l_shoulder" 20
  22 "g_l_elbow" 21
  23 "g_l_forarm" 22
  24 "g_l_wrist" 22
  25 "g_l_birdy1" 24
  26 "g_l_birdy2" 25
  27 "g_l_birdy3" 26
  28 "g_l_index1" 24
  29 "g_l_index2" 28
  30 "g_l_index3" 29
  31 "g_l_pinky1" 24
  32 "g_l_pinky2" 31
  33 "g_l_pinky3" 32
  34 "g_l_ring1" 24
  35 "g_l_ring2" 34
  36 "g_l_ring3" 35
  37 "g_l_thumb1" 24
  38 "g_l_thumb2" 37
  39 "g_l_thumb3" 38
  40 "g_l_palm" 24
  41 "g_l_biceptwist" 21
  42 "g_neck" 19
  43 "g_head" 42
  44 "g_jaw" 43
  45 "g_l_brow" 43
  46 "g_l_brow2" 45
  47 "g_l_eye" 43
  48 "g_topeyelid" 43
  49 "g_r_brow" 43
  50 "g_r_brow2" 49
  51 "g_r_eye" 43
  52 "g_r_clavical" 19
  53 "g_r_shoulder" 52
  54 "g_r_elbow" 53
  55 "g_r_forarm" 54
  56 "g_r_wrist" 54
  57 "g_r_birdy1" 56
  58 "g_r_birdy2" 57
  59 "g_r_birdy3" 58
  60 "g_r_index1" 56
  61 "g_r_index2" 60
  62 "g_r_index3" 61
  63 "g_r_pinky1" 56
  64 "g_r_pinky2" 63
  65 "g_r_pinky3" 64
  66 "g_r_ring1" 56
  67 "g_r_ring2" 66
  68 "g_r_ring3" 67
  69 "g_r_thumb1" 56
  70 "g_r_thumb2" 69
  71 "g_r_thumb3" 70
  72 "g_r_palm" 56
  73 "g_r_biceptwist" 53
  74 "g_throwable_attach_offset" 0
end
skeleton
  time 0
    0 0.000000 0.000000 -1.500000 0.000000 0.000000 0.000000
    1 -10.521344 -5.760963 66.994621 3.097005 -0.050653 -3.139334
    2 -3.784900 2.576645 17.844177 -0.037202 0.528907 0.417072
    3 -0.000034 0.000012 24.761454 -1.086507 -0.126031 -0.303140
    4 0.000017 0.000000 24.344809 1.735374 -0.228153 -0.189430
    5 0.002333 -1.019846 24.031336 0.877765 -0.045682 -0.005174
    6 0.000034 0.000008 13.404741 -0.000001 -0.000009 -0.165438
    7 10.398263 -5.760962 66.994675 3.097005 0.050653 3.139334
    8 0.566257 -7.407505 17.815981 0.778488 -0.685551 0.350917
    9 -0.000004 -0.000006 24.761459 -1.799390 0.208480 -0.876777
    10 -0.000007 0.000004 24.344891 1.772927 0.056954 -0.149034
    11 -0.002360 -1.019903 24.031330 0.389386 -0.017048 0.001896
    12 0.000000 -0.000002 13.404737 0.000001 0.000005 -0.495258
    13 -0.061540 -5.245835 72.927078 0.000000 0.000000 0.000000
    14 1.419336 -2.569301 -17.962861 0.007821 -0.003661 -0.041139
    15 0.000000 -0.005608 -1.146812 0.196333 0.009501 -0.457379
    16 0.030770 -0.240000 8.906021 -0.004138 0.000000 0.000000
    17 0.027368 -0.995268 -0.055087 0.140325 0.008680 -0.052068
    18 0.030770 -0.276858 8.905140 0.056125 0.004134 -0.000049
    19 0.209678 -0.647582 -0.016801 0.285569 0.082904 0.001976
    20 5.669724 4.435303 14.302868 2.866495 -1.405273 0.718088
    21 -1.044571 -2.839317 19.743267 -0.506053 -0.548813 0.140649
    22 2.655533 -1.533369 24.792658 -0.742086 0.085386 -0.034351
    23 1.120163 -0.154394 9.796035 -0.031009 0.000062 -0.269425
    24 2.240311 -0.308786 19.592051 -0.171282 0.091787 -0.533088
    25 0.683151 2.877354 14.167051 -0.518687 -0.168087 1.407255
    26 0.144936 -0.145374 7.579252 -1.462161 -0.234516 0.178531
    27 0.091660 -0.906685 4.702850 -0.683041 -0.108993 0.037811
    28 0.506271 8.500866 13.617253 -0.266065 0.040351 1.312323
    29 -0.384987 -0.460049 7.003448 -1.052956 -0.438868 0.296722
    30 0.561516 -0.596954 5.061852 -0.877817 -0.318128 0.168446
    31 -2.452171 -8.899406 11.597897 -0.790573 -0.327628 1.211877
    32 0.680496 -0.903999 6.074253 -1.266600 0.140383 0.006752
    33 0.245514 -0.661150 3.388004 -0.755652 0.109283 -0.040792
    34 -0.717484 -3.784271 13.043911 -0.905222 -0.154952 1.406436
    35 1.099216 -1.407745 8.017889 -1.343143 0.020768 -0.003749
    36 0.068439 -0.807653 3.686054 -0.783480 0.011513 0.002472
    37 -4.004929 6.172707 4.754754 0.546688 0.963916 3.024187
    38 0.158352 -1.149811 5.804394 -0.305363 -0.205516 0.220390
    39 -1.083523 -1.463142 5.544399 -1.327339 -0.293401 0.168596
    40 -6.289886 0.932434 13.569063 -0.126803 0.612110 2.869610
    41 1.327774 -0.766687 12.396328 -0.007025 0.003754 -0.064290
    42 -0.096140 1.828087 23.185329 0.033152 -0.255940 -1.597953
    43 2.325478 -0.000003 6.169296 -0.587475 0.010020 1.641892
    44 0.000000 -3.152912 0.122169 1.976773 -0.005141 0.012524
    45 1.068383 -10.478592 7.066338 0.292219 -1.282324 -3.141588
    46 0.000000 0.000000 2.279457 0.547137 -0.343566 0.107833
    47 2.479414 -8.323895 6.074242 -0.009888 0.011803 1.535611
    48 0.000003 -5.075260 5.617096 0.000000 0.000000 0.000000
    49 -1.068383 -10.478611 7.065971 0.292219 1.282324 3.141588
    50 -0.000488 0.000015 2.279600 0.547136 0.343566 0.107835
    51 -2.479401 -8.323895 6.074234 0.007408 0.011843 1.543309
    52 -5.790000 4.432083 14.255558 -2.788631 1.383875 -0.194793
    53 1.044540 -2.839314 19.743252 -0.588619 0.695096 -0.205669
    54 -2.655510 -1.533379 24.792648 -0.787419 -0.097673 0.303358
    55 -1.120216 -0.154385 9.795983 -0.010851 -0.000977 0.094363
    56 -2.240372 -0.308788 19.592047 -0.129905 -0.198307 0.181138
    57 -0.683205 2.877342 14.167089 -0.746594 0.231438 -1.460876
    58 -0.144958 -0.145317 7.579308 -1.558312 0.306450 -0.169279
    59 -0.038551 -0.936644 4.697678 -1.063563 0.212411 -0.099130
    60 -0.506317 8.500896 13.617329 -0.374268 0.036050 -1.330074
    61 0.385056 -0.460075 7.003435 -1.158819 0.563314 -0.231558
    62 -0.456360 -0.710276 5.057732 -1.090292 0.502774 -0.256839
    63 2.452194 -8.899408 11.597939 -1.315142 0.368953 -1.306336
    64 -0.680515 -0.903999 6.074242 -1.624905 -0.187501 0.011980
    65 -0.248295 -0.666843 3.386627 -1.127606 -0.127840 0.076312
    66 0.717491 -3.784309 13.044010 -1.210477 0.139792 -1.439553
    67 -1.099228 -1.407673 8.017876 -1.662252 -0.022700 0.015996
    68 -0.064053 -0.807640 3.686100 -0.842946 -0.012193 -0.005089
    69 4.004906 6.172710 4.754800 0.405974 -1.019056 -3.025726
    70 -0.158381 -1.149773 5.804405 -0.495897 0.197711 0.260735
    71 1.078559 -2.386406 5.215008 -1.068080 0.710242 0.031116
    72 6.289963 0.932404 13.569109 -0.126801 -0.612098 -2.869612
    73 -1.327759 -0.766682 12.396324 -0.023367 -0.010441 0.207457
    74 0.000017 -54.999996 0.000000 0.000000 0.000000 -1.570796
  time 1
    0 0.000000 0.000000 -1.500000 0.000000 0.000000 0.000000
    1 -10.521344 -5.760963 66.994621 3.097005 -0.050653 -3.139334
    2 -3.784900 2.576645 17.844177 -0.037202 0.528907 0.417072
    3 -0.000034 0.000012 24.761454 -1.086507 -0.126031 -0.303140
    4 0.000017 0.000000 24.344809 1.735374 -0.228153 -0.189430
    5 0.002333 -1.019846 24.031336 0.877765 -0.045682 -0.005174
    6 0.000034 0.000008 13.404741 -0.000001 -0.000009 -0.165438
    7 10.398263 -5.760962 66.994675 3.097005 0.050653 3.139334
    8 0.566257 -7.407505 17.815981 0.778488 -0.685551 0.350917
    9 -0.000004 -0.000006 24.761459 -1.799390 0.208480 -0.876777
    10 -0.000007 0.000004 24.344891 1.772927 0.056954 -0.149034
    11 -0.002360 -1.019903 24.031330 0.389386 -0.017048 0.001896
    12 0.000000 -0.000002 13.404737 0.000001 0.000005 -0.495258
    13 -0.061540 -5.245835 72.927078 0.000000 0.000000 0.000000
    14 1.419336 -2.569301 -17.962861 0.007821 -0.003661 -0.041139
    15 0.000000 -0.005608 -1.146812 0.196333 0.009501 -0.457379
    16 0.030770 -0.240000 8.906021 -0.004138 0.000000 0.000000
    17 0.027368 -0.995268 -0.055087 0.140325 0.008680 -0.052068
    18 0.030770 -0.276858 8.905140 0.056125 0.004134 -0.000049
    19 0.209678 -0.647582 -0.016801 0.285569 0.082904 0.001976
    20 5.669724 4.435303 14.302868 2.866495 -1.405273 0.718088
    21 -1.044571 -2.839317 19.743267 -0.506053 -0.548813 0.140649
    22 2.655533 -1.533369 24.792658 -0.742086 0.085386 -0.034351
    23 1.120163 -0.154394 9.796035 -0.031009 0.000062 -0.269425
    24 2.240311 -0.308786 19.592051 -0.171282 0.091787 -0.533088
    25 0.683151 2.877354 14.167051 -0.518687 -0.168087 1.407255
    26 0.144936 -0.145374 7.579252 -1.462161 -0.234516 0.178531
    27 0.091660 -0.906685 4.702850 -0.683041 -0.108993 0.037811
    28 0.506271 8.500866 13.617253 -0.266065 0.040351 1.312323
    29 -0.384987 -0.460049 7.003448 -1.052956 -0.438868 0.296722
    30 0.561516 -0.596954 5.061852 -0.877817 -0.318128 0.168446
    31 -2.452171 -8.899406 11.597897 -0.790573 -0.327628 1.211877
    32 0.680496 -0.903999 6.074253 -1.266600 0.140383 0.006752
    33 0.245514 -0.661150 3.388004 -0.755652 0.109283 -0.040792
    34 -0.717484 -3.784271 13.043911 -0.905222 -0.154952 1.406436
    35 1.099216 -1.407745 8.017889 -1.343143 0.020768 -0.003749
    36 0.068439 -0.807653 3.686054 -0.783480 0.011513 0.002472
    37 -4.004929 6.172707 4.754754 0.546688 0.963916 3.024187
    38 0.158352 -1.149811 5.804394 -0.305363 -0.205516 0.220390
    39 -1.083523 -1.463142 5.544399 -1.327339 -0.293401 0.168596
    40 -6.289886 0.932434 13.569063 -0.126803 0.612110 2.869610
    41 1.327774 -0.766687 12.396328 -0.007025 0.003754 -0.064290
    42 -0.096140 1.828087 23.185329 0.033152 -0.255940 -1.597953
    43 2.325478 -0.000003 6.169296 -0.587475 0.010020 1.641892
    44 0.000000 -3.152912 0.122169 1.976773 -0.005141 0.012524
    45 1.068383 -10.478592 7.066338 0.292219 -1.282324 -3.141588
    46 0.000000 0.000000 2.279457 0.547137 -0.343566 0.107833
    47 2.479414 -8.323895 6.074242 -0.009888 0.011803 1.535611
    48 0.000003 -5.075260 5.617096 0.000000 0.000000 0.000000
    49 -1.068383 -10.478611 7.065971 0.292219 1.282324 3.141588
    50 -0.000488 0.000015 2.279600 0.547136 0.343566 0.107835
    51 -2.479401 -8.323895 6.074234 0.007408 0.011843 1.543309
    52 -5.790000 4.432083 14.255558 -2.788631 1.383875 -0.194793
    53 1.044540 -2.839314 19.743252 -0.588619 0.695096 -0.205669
    54 -2.655510 -1.533379 24.792648 -0.787419 -0.097673 0.303358
    55 -1.120216 -0.154385 9.795983 -0.010851 -0.000977 0.094363
    56 -2.240372 -0.308788 19.592047 -0.129905 -0.198307 0.181138
    57 -0.683205 2.877342 14.167089 -0.746594 0.231438 -1.460876
    58 -0.144958 -0.145317 7.579308 -1.558312 0.306450 -0.169279
    59 -0.038551 -0.936644 4.697678 -1.063563 0.212411 -0.099130
    60 -0.506317 8.500896 13.617329 -0.374268 0.036050 -1.330074
    61 0.385056 -0.460075 7.003435 -1.158819 0.563314 -0.231558
    62 -0.456360 -0.710276 5.057732 -1.090292 0.502774 -0.256839
    63 2.452194 -8.899408 11.597939 -1.315142 0.368953 -1.306336
    64 -0.680515 -0.903999 6.074242 -1.624905 -0.187501 0.011980
    65 -0.248295 -0.666843 3.386627 -1.127606 -0.127840 0.076312
    66 0.717491 -3.784309 13.044010 -1.210477 0.139792 -1.439553
    67 -1.099228 -1.407673 8.017876 -1.662252 -0.022700 0.015996
    68 -0.064053 -0.807640 3.686100 -0.842946 -0.012193 -0.005089
    69 4.004906 6.172710 4.754800 0.405974 -1.019056 -3.025726
    70 -0.158381 -1.149773 5.804405 -0.495897 0.197711 0.260735
    71 1.078559 -2.386406 5.215008 -1.068080 0.710242 0.031116
    72 6.289963 0.932404 13.569109 -0.126801 -0.612098 -2.869612
    73 -1.327759 -0.766682 12.396324 -0.023367 -0.010441 0.207457
    74 0.000017 -54.999996 0.000000 0.000000 0.000000 -1.570796
  time 2
    0 0.000000 0.000000 -1.500000 0.000000 0.000000 0.000000
    1 -10.521344 -5.760963 66.994621 3.097005 -0.050653 -3.139334
    2 -3.519267 2.232889 18.090847 -0.084683 0.537508 0.399159
    3 -0.000034 0.000012 24.761454 -1.005449 -0.116659 -0.338524
    4 0.000017 0.000000 24.344809 1.724894 -0.292232 -0.220176
    5 0.002333 -1.019846 24.031336 0.875002 -0.045694 -0.005042
    6 0.000034 0.000008 13.404741 -0.000001 -0.000009 -0.164636
    7 10.398263 -5.760962 66.994675 3.097005 0.050653 3.139334
    8 0.738137 -7.544888 16.534611 0.721586 -0.684673 0.352155
    9 -0.000004 -0.000006 24.761459 -1.736693 0.201254 -0.969009
    10 -0.000007 0.000004 24.344891 1.741625 0.015669 -0.183862
    11 -0.002360 -1.019903 24.031330 0.389663 0.008599 0.021048
    12 0.000000 -0.000002 13.404737 0.000001 0.000005 -0.553590
    13 -0.061540 -5.245835 72.927078 0.000000 0.000000 0.000000
    14 0.915414 -2.592592 -17.489708 0.023823 -0.004435 -0.080655
    15 0.000000 -0.005608 -1.146812 0.154547 -0.067716 -0.408137
    16 0.030770 -0.240000 8.906021 -0.004138 0.000000 0.000000
    17 0.015649 0.391493 0.007414 -0.078552 0.002084 0.117171
    18 0.030770 -0.276858 8.905140 0.056125 0.004134 -0.000049
    19 0.154989 -0.538203 -0.008988 0.181622 0.058444 0.016058
    20 5.669724 4.435303 14.302868 3.452309 -1.428527 0.104657
    21 -1.044571 -2.839317 19.743267 -0.811610 -0.508631 0.155680
    22 2.655533 -1.533369 24.792658 -0.934723 0.076547 0.292857
    23 1.120163 -0.154394 9.796035 -0.023411 0.000817 -0.203302
    24 2.240311 -0.308786 19.592051 -0.180682 0.337761 -0.430937
    25 0.683151 2.877354 14.167051 -0.874545 -0.189744 1.451964
    26 0.144936 -0.145374 7.579252 -1.139693 -0.216862 0.121400
    27 0.091660 -0.906685 4.702850 -0.676631 -0.108190 0.037020
    28 0.506271 8.500866 13.617253 -0.662850 -0.105596 1.334542
    29 -0.384987 -0.460049 7.003448 -0.824848 -0.401572 0.217324
    30 0.561516 -0.596954 5.061852 -0.637515 -0.254549 0.096658
    31 -2.452171 -8.899406 11.597897 -1.136065 -0.211036 1.419058
    32 0.680496 -0.903999 6.074253 -1.216833 0.135325 0.008477
    33 0.245514 -0.661150 3.388004 -0.918246 0.112891 -0.053579
    34 -0.717484 -3.784271 13.043911 -1.126094 -0.112814 1.457638
    35 1.099216 -1.407745 8.017889 -1.220747 0.016753 -0.001077
    36 0.068439 -0.807653 3.686054 -0.802315 0.012077 0.002316
    37 -4.004929 6.172707 4.754754 0.511648 0.906298 3.113173
    38 0.158352 -1.149811 5.804394 -0.445634 -0.232535 0.195294
    39 -1.083523 -1.463142 5.544399 -0.754617 -0.159773 0.058309
    40 -6.289886 0.932434 13.569063 -0.126803 0.612110 2.869610
    41 1.327774 -0.766687 12.396328 0.010497 -0.006768 0.101021
    42 -0.096140 1.828087 23.185329 0.091553 -0.517947 -1.651882
    43 2.325478 -0.000003 6.169296 -0.394182 0.012798 1.493497
    44 0.000000 -3.152912 0.122169 1.960905 -0.010295 0.025060
    45 1.068383 -10.478592 7.066338 0.292219 -1.282324 -3.141588
    46 0.000000 0.000000 2.279457 0.547137 -0.343566 0.107833
    47 2.479414 -8.323895 6.074242 -0.010106 0.022228 1.530836
    48 0.000003 -5.075260 5.929606 0.000000 0.000000 0.000000
    49 -1.068383 -10.478611 7.065971 0.292219 1.282324 3.141588
    50 -0.000488 0.000015 2.279600 0.547136 0.343566 0.107835
    51 -2.479401 -8.323895 6.074234 0.007046 0.022238 1.535549
    52 -5.790000 4.432083 14.255558 -2.609569 1.347821 -0.004887
    53 1.044540 -2.839314 19.743252 -1.104220 0.460301 -0.130555
    54 -2.655510 -1.533379 24.792648 -0.904929 -0.093997 -0.006076
    55 -1.120216 -0.154385 9.795983 -0.008922 -0.000881 0.077578
    56 -2.240372 -0.308788 19.592047 -0.223378 -0.612603 0.171000
    57 -0.683205 2.877342 14.167089 -1.050506 0.216794 -1.487153
    58 -0.144958 -0.145317 7.579308 -1.326231 0.291506 -0.112304
    59 -0.038551 -0.936644 4.697678 -0.919084 0.188502 -0.071997
    60 -0.506317 8.500896 13.617329 -0.772201 0.161928 -1.370061
    61 0.385056 -0.460075 7.003435 -0.890584 0.501179 -0.110937
    62 -0.456360 -0.710276 5.057732 -0.682107 0.364458 -0.097502
    63 2.452194 -8.899408 11.597939 -1.536818 0.185613 -1.441709
    64 -0.680515 -0.903999 6.074242 -1.593698 -0.182360 0.008756
    65 -0.248295 -0.666843 3.386627 -1.294547 -0.125730 0.091497
    66 0.717491 -3.784309 13.044010 -1.399936 0.076801 -1.463091
    67 -1.099228 -1.407673 8.017876 -1.537007 -0.019045 0.013180
    68 -0.064053 -0.807640 3.686100 -0.996681 -0.016639 -0.002632
    69 4.004906 6.172710 4.754800 0.294467 -1.011387 -3.162110
    70 -0.158381 -1.149773 5.804405 -0.529033 0.303759 0.259768
    71 1.078559 -2.386406 5.215008 -0.683060 0.394456 0.104445
    72 6.289963 0.932404 13.569109 -0.126801 -0.612098 -2.869612
    73 -1.327759 -0.766682 12.396324 -0.004540 -0.002495 0.041875
    74 0.000017 -54.999996 0.000000 0.000000 0.000000 -1.570796
  time 3
    0 0.000000 0.000000 -1.500000 0.000000 0.000000 0.000000
    1 -10.521344 -5.760963 66.994621 3.097005 -0.050653 -3.139334
    2 -2.152038 1.704978 16.252034 -0.191739 0.506611 0.320517
    3 -0.000034 0.000012 24.761454 -0.866341 -0.100576 -0.256925
    4 0.000017 0.000000 24.344809 1.642718 -0.287275 -0.198591
    5 0.002333 -1.019846 24.031336 0.873733 -0.045694 -0.004982
    6 0.000034 0.000008 13.404741 -0.000001 -0.000009 -0.118294
    7 10.398263 -5.760962 66.994675 3.097005 0.050653 3.139334
    8 1.218621 -6.570717 14.106752 0.727046 -0.599513 0.277972
    9 -0.000004 -0.000006 24.761459 -1.594304 0.184799 -0.842792
    10 -0.000007 0.000004 24.344891 1.645590 0.012958 -0.151745
    11 -0.002360 -1.019903 24.031330 0.389663 0.008587 0.021048
    12 0.000000 -0.000002 13.404737 0.000001 0.000005 -0.469194
    13 -0.061540 -5.245835 72.927078 0.000000 0.000000 0.000000
    14 -0.037740 -2.301450 -15.304192 0.038961 0.003565 -0.080294
    15 0.000000 -0.005608 -1.146812 0.104469 -0.103666 -0.328323
    16 0.030770 -0.240000 8.906021 -0.004138 0.000000 0.000000
    17 0.015649 0.582905 -0.004305 -0.103973 0.010224 0.168446
    18 0.030770 -0.276858 8.905140 0.056125 0.004134 -0.000049
    19 0.143270 -0.397574 0.002731 0.121499 0.055214 0.019690
    20 5.669724 4.435303 14.302868 4.038124 -1.407387 -0.508390
    21 -1.044571 -2.839317 19.743267 -0.899520 -0.482487 0.145105
    22 2.655533 -1.533369 24.792658 -0.943663 0.081389 0.241584
    23 1.120163 -0.154394 9.796035 -0.022992 0.000853 -0.199542
    24 2.240311 -0.308786 19.592051 -0.204443 0.469865 -0.453646
    25 0.683151 2.877354 14.167051 -1.006311 -0.191373 1.464927
    26 0.144936 -0.145374 7.579252 -0.930506 -0.197519 0.089917
    27 0.091660 -0.906685 4.702850 -0.760880 -0.120546 0.047747
    28 0.506271 8.500866 13.617253 -0.840894 -0.160697 1.361292
    29 -0.384987 -0.460049 7.003448 -0.676166 -0.368063 0.170069
    30 0.561516 -0.596954 5.061852 -0.480359 -0.202942 0.057265
    31 -2.452171 -8.899406 11.597897 -1.351491 -0.105339 1.493416
    32 0.680496 -0.903999 6.074253 -1.182452 0.131742 0.009628
    33 0.245514 -0.661150 3.388004 -1.037329 0.114281 -0.063239
    34 -0.717484 -3.784271 13.043911 -1.241667 -0.083667 1.479520
    35 1.099216 -1.407745 8.017889 -1.143871 0.013937 0.000577
    36 0.068439 -0.807653 3.686054 -0.827617 0.013167 0.002185
    37 -4.004929 6.172707 4.754754 0.488588 0.874048 3.155560
    38 0.158352 -1.149811 5.804394 -0.533526 -0.251100 0.181559
    39 -1.083523 -1.463142 5.544399 -0.451017 -0.109138 0.016045
    40 -6.289886 0.932434 13.569063 -0.126803 0.612110 2.869610
    41 1.327774 -0.766687 12.396328 0.008615 -0.005450 0.082391
    42 -0.096140 1.828087 23.185329 0.129237 -0.653348 -1.695172
    43 2.325478 -0.000003 6.169296 -0.300925 0.015663 1.564262
    44 0.000000 -3.152912 0.122169 2.056438 -0.000683 0.001702
    45 1.068383 -10.478592 7.066338 0.292219 -1.282324 -3.141588
    46 0.000000 0.000000 2.279457 0.547137 -0.343566 0.107833
    47 2.479414 -8.323895 6.074242 -0.009372 0.016170 1.548600
    48 0.000003 -5.075260 5.925699 0.000000 0.000000 0.000000
    49 -1.068383 -10.478611 7.065971 0.292219 1.282324 3.141588
    50 -0.000488 0.000015 2.279600 0.547136 0.343566 0.107835
    51 -2.479401 -8.323895 6.074234 0.007810 0.016190 1.553177
    52 -5.790000 4.432083 14.255558 -2.389863 1.313387 0.231873
    53 1.044540 -2.839314 19.743252 -0.871966 0.488707 -0.147837
    54 -2.655510 -1.533379 24.792648 -0.846803 -0.071632 -0.272267
    55 -1.120216 -0.154385 9.795983 -0.017730 -0.001073 0.154103
    56 -2.240372 -0.308788 19.592047 -0.399022 -0.599039 0.346105
    57 -0.683205 2.877342 14.167089 -1.069018 0.196338 -1.475329
    58 -0.144958 -0.145317 7.579308 -0.987892 0.244394 -0.043501
    59 -0.038551 -0.936644 4.697678 -0.815926 0.168835 -0.054895
    60 -0.506317 8.500896 13.617329 -0.900194 0.179959 -1.377026
    61 0.385056 -0.460075 7.003435 -0.718868 0.448605 -0.045275
    62 -0.456360 -0.710276 5.057732 -0.511730 0.288325 -0.051762
    63 2.452194 -8.899408 11.597939 -1.411988 0.096627 -1.488875
    64 -0.680515 -0.903999 6.074242 -1.243630 -0.151799 -0.016387
    65 -0.248295 -0.666843 3.386627 -1.099255 -0.129374 0.072549
    66 0.717491 -3.784309 13.044010 -1.302541 0.073841 -1.478370
    67 -1.099228 -1.407673 8.017876 -1.205991 -0.011399 0.005222
    68 -0.064053 -0.807640 3.686100 -0.889145 -0.014159 -0.005448
    69 4.004906 6.172710 4.754800 0.192673 -1.067914 -3.165876
    70 -0.158381 -1.149773 5.804405 -0.502420 0.326185 0.247432
    71 1.078559 -2.386406 5.215008 -0.457513 0.209960 0.083875
    72 6.289963 0.932404 13.569109 -0.126801 -0.612098 -2.869612
    73 -1.327759 -0.766682 12.396324 0.010525 0.006829 -0.101592
    74 0.000017 -54.999996 0.000000 0.000000 0.000000 -1.570796
  time 4
    0 0.000000 0.000000 -1.500000 0.000000 0.000000 0.000000
    1 -10.521344 -5.760963 66.994621 3.097005 -0.050653 -3.139334
    2 0.273817 1.655870 13.830184 -0.292168 0.435631 0.244934
    3 -0.000034 0.000012 24.761454 -0.726501 -0.084373 -0.147312
    4 0.000017 0.000000 24.344809 1.546611 -0.249339 -0.164302
    5 0.002333 -1.019846 24.031336 0.875114 -0.045694 -0.005042
    6 0.000034 0.000008 13.404741 -0.000001 -0.000009 -0.062038
    7 10.398263 -5.760962 66.994675 3.097005 0.050653 3.139334
    8 2.788981 -5.022035 11.161850 0.705633 -0.532022 0.207668
    9 -0.000004 -0.000006 24.761459 -1.402363 0.162591 -0.715355
    10 -0.000007 0.000004 24.344891 1.506830 0.028623 -0.101511
    11 -0.002360 -1.019903 24.031330 0.389663 0.008599 0.021048
    12 0.000000 -0.000002 13.404737 0.000001 0.000005 -0.384046
    13 -0.061540 -5.245835 72.927078 0.000000 0.000000 0.000000
    14 -2.061239 -1.532834 -12.577929 0.051315 0.012064 -0.079754
    15 0.000000 -0.005608 -1.146812 0.057420 -0.129766 -0.245330
    16 0.030770 -0.240000 8.906021 -0.004138 0.000000 0.000000
    17 0.039087 0.727441 -0.016024 -0.127121 0.010174 0.072126
    18 0.030770 -0.276858 8.905140 0.056125 0.004134 -0.000049
    19 0.112019 -0.335072 0.010544 0.093082 0.042933 0.006578
    20 5.669724 4.435303 14.302868 4.439705 -1.377014 -0.933316
    21 -1.044571 -2.839317 19.743267 -0.784557 -0.504143 0.151873
    22 2.655533 -1.533369 24.792658 -0.874315 0.086231 0.098521
    23 1.120163 -0.154394 9.796035 -0.028936 0.000314 -0.251282
    24 2.240311 -0.308786 19.592051 -0.246830 0.423682 -0.559595
    25 0.683151 2.877354 14.167051 -0.761704 -0.180959 1.417583
    26 0.144936 -0.145374 7.579252 -0.918146 -0.195997 0.088191
    27 0.091660 -0.906685 4.702850 -0.867291 -0.134952 0.062655
    28 0.506271 8.500866 13.617253 -0.647967 -0.061019 1.345945
    29 -0.384987 -0.460049 7.003448 -0.659413 -0.363821 0.165215
    30 0.561516 -0.596954 5.061852 -0.459867 -0.196099 0.052962
    31 -2.452171 -8.899406 11.597897 -1.345618 -0.195940 1.490732
    32 0.680496 -0.903999 6.074253 -1.123525 0.125426 0.011414
    33 0.245514 -0.661150 3.388004 -1.015068 0.114209 -0.061405
    34 -0.717484 -3.784271 13.043911 -1.097917 -0.134662 1.458606
    35 1.099216 -1.407745 8.017889 -1.120237 0.013074 0.001009
    36 0.068439 -0.807653 3.686054 -0.828470 0.013203 0.002173
    37 -4.004929 6.172707 4.754754 0.571279 0.891634 3.221964
    38 0.158352 -1.149811 5.804394 -0.513566 -0.206118 0.173674
    39 -1.083523 -1.463142 5.544399 -0.502707 -0.111523 0.000727
    40 -6.289886 0.932434 13.569063 -0.126803 0.612110 2.869610
    41 1.327774 -0.766687 12.396328 -0.000062 0.000051 -0.000465
    42 -0.096140 1.828087 23.185329 0.115677 -0.726290 -1.671815
    43 2.325478 -0.000003 6.169296 -0.254751 0.002800 1.635865
    44 0.000000 -3.152912 0.122169 2.265942 0.020194 -0.049149
    45 1.068383 -10.478592 7.066338 0.292219 -1.282324 -3.141588
    46 0.000000 0.000000 2.279457 0.547137 -0.343566 0.107833
    47 2.479414 -8.323895 6.074242 -0.008121 -0.016279 1.581360
    48 0.000003 -5.075260 5.929606 0.000000 0.000000 0.000000
    49 -1.068383 -10.478611 7.065971 0.292219 1.282324 3.141588
    50 -0.000488 0.000015 2.279600 0.547136 0.343566 0.107835
    51 -2.479401 -8.323895 6.074234 0.009115 -0.016272 1.586326
    52 -5.790000 4.432083 14.255558 -2.198914 1.265744 0.441708
    53 1.044540 -2.839314 19.743252 -0.599750 0.559892 -0.157226
    54 -2.655510 -1.533379 24.792648 -0.733470 -0.042161 -0.509984
    55 -1.120216 -0.154385 9.795983 -0.026491 -0.000581 0.230111
    56 -2.240372 -0.308788 19.592047 -0.471723 -0.459637 0.483149
    57 -0.683205 2.877342 14.167089 -0.814306 0.126775 -1.395945
    58 -0.144958 -0.145317 7.579308 -0.817550 0.203671 -0.025596
    59 -0.038551 -0.936644 4.697678 -0.934271 0.191090 -0.074718
    60 -0.506317 8.500896 13.617329 -0.656879 -0.006419 -1.245921
    61 0.385056 -0.460075 7.003435 -0.696508 0.454126 -0.042994
    62 -0.456360 -0.710276 5.057732 -0.658253 0.368878 -0.100521
    63 2.452194 -8.899408 11.597939 -1.246080 0.331384 -1.484179
    64 -0.680515 -0.903999 6.074242 -1.065767 -0.151464 -0.026263
    65 -0.248295 -0.666843 3.386627 -0.983978 -0.147351 0.058827
    66 0.717491 -3.784309 13.044010 -1.064111 0.151165 -1.474265
    67 -1.099228 -1.407673 8.017876 -1.051998 -0.012789 -0.002616
    68 -0.064053 -0.807640 3.686100 -0.827640 -0.017550 -0.012591
    69 4.004906 6.172710 4.754800 -0.027103 -1.303152 -2.885494
    70 -0.158381 -1.149773 5.804405 -0.537788 0.399540 0.004072
    71 1.078559 -2.386406 5.215008 -0.590806 0.306910 -0.017514
    72 6.289963 0.932404 13.569109 -0.126801 -0.612098 -2.869612
    73 -1.327759 -0.766682 12.396324 0.020712 0.015002 -0.207122
    74 0.000017 -54.999996 0.000000 0.000000 0.000000 -1.570796
  time 5
    0 0.000000 0.000000 -1.500000 0.000000 0.000000 0.000000
    1 -10.521344 -5.760963 66.994621 3.097005 -0.050653 -3.139334
    2 2.973118 2.048734 12.395014 -0.338284 0.355856 0.192811
    3 -0.000034 0.000012 24.761454 -0.675728 -0.078476 -0.051869
    4 0.000017 0.000000 24.344809 1.507896 -0.194246 -0.138310
    5 0.002333 -1.019846 24.031336 0.876533 -0.045682 -0.005114
    6 0.000034 0.000008 13.404741 -0.000001 -0.000009 -0.014852
    7 10.398263 -5.760962 66.994675 3.097005 0.050653 3.139334
    8 4.960922 -3.373438 9.318476 0.690448 -0.507514 0.149164
    9 -0.000004 -0.000006 24.761459 -1.251561 0.145166 -0.629224
    10 -0.000007 0.000004 24.344891 1.383753 0.058687 -0.059159
    11 -0.002360 -1.019903 24.031330 0.389663 0.008599 0.021048
    12 0.000000 -0.000002 13.404737 0.000001 0.000005 -0.327581
    13 -0.061540 -5.245835 72.927078 0.000000 0.000000 0.000000
    14 -4.530064 -0.508013 -10.888096 0.059988 0.018103 -0.079093
    15 0.000000 -0.005608 -1.146812 0.025012 -0.145513 -0.181332
    16 0.030770 -0.240000 8.906021 -0.004138 0.000000 0.000000
    17 0.023461 0.801662 -0.016024 -0.139832 0.013276 0.131547
    18 0.030770 -0.276858 8.905140 0.056125 0.004134 -0.000049
    19 0.135457 -0.401480 0.006637 0.113385 0.052787 0.014608
    20 5.669724 4.435303 14.302868 4.745867 -1.337235 -1.265187
    21 -1.044571 -2.839317 19.743267 -0.768217 -0.602510 0.200125
    22 2.655533 -1.533369 24.792658 -0.721950 0.071014 0.177857
    23 1.120163 -0.154394 9.796035 -0.033970 -0.000381 -0.295226
    24 2.240311 -0.308786 19.592051 -0.239388 0.312989 -0.626495
    25 0.683151 2.877354 14.167051 -0.319720 -0.141422 1.357788
    26 0.144936 -0.145374 7.579252 -0.977668 -0.203092 0.096580
    27 0.091660 -0.906685 4.702850 -0.912850 -0.140764 0.069487
    28 0.506271 8.500866 13.617253 -0.282678 0.158660 1.363911
    29 -0.384987 -0.460049 7.003448 -0.692884 -0.372114 0.174935
    30 0.561516 -0.596954 5.061852 -0.491784 -0.206742 0.059698
    31 -2.452171 -8.899406 11.597897 -1.244765 -0.408250 1.495188
    32 0.680496 -0.903999 6.074253 -1.034499 0.115778 0.013247
    33 0.245514 -0.661150 3.388004 -0.921016 0.113022 -0.053795
    34 -0.717484 -3.784271 13.043911 -0.748464 -0.249486 1.398184
    35 1.099216 -1.407745 8.017889 -1.105452 0.012583 0.001176
    36 0.068439 -0.807653 3.686054 -0.810986 0.012448 0.002281
    37 -4.004929 6.172707 4.754754 0.746657 0.921543 3.378311
    38 0.158352 -1.149811 5.804394 -0.456398 -0.102122 0.168017
    39 -1.083523 -1.463142 5.544399 -0.617701 -0.116113 -0.031081
    40 -6.289886 0.932434 13.569063 -0.126803 0.612110 2.869610
    41 1.327774 -0.766687 12.396328 0.004301 -0.002598 0.040611
    42 -0.096140 1.828087 23.185329 0.089207 -0.748565 -1.635740
    43 2.325478 -0.000003 6.169296 -0.328048 -0.038914 1.506349
    44 0.000000 -3.152912 0.122169 2.474421 0.040520 -0.098729
    45 1.068383 -10.478592 7.066338 0.292219 -1.282324 -3.141588
    46 0.000000 0.000000 2.279457 0.547137 -0.343566 0.107833
    47 2.479414 -8.323895 6.074242 -0.007251 -0.039383 1.602276
    48 0.000003 -5.075260 5.929606 0.000000 0.000000 0.000000
    49 -1.068383 -10.478611 7.065971 0.292219 1.282324 3.141588
    50 -0.000488 0.000015 2.279600 0.547136 0.343566 0.107835
    51 -2.479401 -8.323895 6.074234 0.009999 -0.039425 1.607596
    52 -5.790000 4.432083 14.255558 -2.080913 1.216897 0.571442
    53 1.044540 -2.839314 19.743252 -0.236982 0.565912 -0.098196
    54 -2.655510 -1.533379 24.792648 -0.655314 -0.021439 -0.660914
    55 -1.120216 -0.154385 9.795983 -0.034317 0.000401 0.298448
    56 -2.240372 -0.308788 19.592047 -0.414906 -0.271226 0.594158
    57 -0.683205 2.877342 14.167089 -0.434070 -0.010123 -1.274857
    58 -0.144958 -0.145317 7.579308 -0.705897 0.167861 -0.024565
    59 -0.038551 -0.936644 4.697678 -1.030772 0.207330 -0.092682
    60 -0.506317 8.500896 13.617329 -0.306538 -0.327885 -1.067686
    61 0.385056 -0.460075 7.003435 -0.644752 0.452767 -0.032581
    62 -0.456360 -0.710276 5.057732 -0.811189 0.446197 -0.163515
    63 2.452194 -8.899408 11.597939 -1.121768 0.738654 -1.499504
    64 -0.680515 -0.903999 6.074242 -0.944766 -0.163904 -0.032435
    65 -0.248295 -0.666843 3.386627 -0.882981 -0.171224 0.045584
    66 0.717491 -3.784309 13.044010 -0.742385 0.267224 -1.446039
    67 -1.099228 -1.407673 8.017876 -0.956173 -0.018062 -0.011113
    68 -0.064053 -0.807640 3.686100 -0.769342 -0.022776 -0.021711
    69 4.004906 6.172710 4.754800 -1.816254 -1.289590 -0.905298
    70 -0.158381 -1.149773 5.804405 -0.587597 0.473415 -0.465359
    71 1.078559 -2.386406 5.215008 -0.814680 0.461877 -0.221973
    72 6.289963 0.932404 13.569109 -0.126801 -0.612098 -2.869612
    73 -1.327759 -0.766682 12.396324 0.027975 0.022085 -0.288964
    74 0.000017 -54.999996 0.000000 0.000000 0.000000 -1.570796
  time 6
    0 0.000000 0.000000 -1.500000 0.000000 0.000000 0.000000
    1 -10.521344 -5.760963 66.994621 3.097005 -0.050653 -3.139334
    2 4.129404 2.895847 12.058646 -0.314304 0.323818 0.179311
    3 -0.000034 0.000012 24.761454 -0.717396 -0.083306 -0.014815
    4 0.000017 0.000000 24.344809 1.520965 -0.161674 -0.128997
    5 0.002333 -1.019846 24.031336 0.875525 -0.045694 -0.005066
    6 0.000034 0.000008 13.404741 -0.000001 -0.000009 -0.000720
    7 10.398263 -5.760962 66.994675 3.097005 0.050653 3.139334
    8 5.972672 -2.062054 8.778952 0.696249 -0.509123 0.126472
    9 -0.000004 -0.000006 24.761459 -1.188534 0.137867 -0.607799
    10 -0.000007 0.000004 24.344891 1.317148 0.069908 -0.045770
    11 -0.002360 -1.019903 24.031330 0.389663 0.008599 0.021048
    12 0.000000 -0.000002 13.404737 0.000001 0.000005 -0.315172
    13 -0.061540 -5.245835 72.927078 0.000000 0.000000 0.000000
    14 -5.647286 0.563391 -10.437474 0.064341 0.018688 -0.078913
    15 0.000000 -0.005608 -1.146812 0.019079 -0.150674 -0.158777
    16 0.030770 -0.240000 8.906021 -0.004138 0.000000 0.000000
    17 -0.007789 0.817287 -0.016024 -0.143620 0.015555 0.214849
    18 0.030770 -0.276858 8.905140 0.056125 0.004134 -0.000049
    19 0.178427 -0.483514 0.002731 0.146306 0.071486 0.026569
    20 5.669724 4.435303 14.302868 4.941585 -1.299146 -1.482921
    21 -1.044571 -2.839317 19.743267 -0.666169 -0.685169 0.220796
    22 2.655533 -1.533369 24.792658 -0.646787 0.051954 0.358040
    23 1.120163 -0.154394 9.796035 -0.037433 -0.000956 -0.325960
    24 2.240311 -0.308786 19.592051 -0.205792 0.197046 -0.666968
    25 0.683151 2.877354 14.167051 0.099498 -0.089660 1.331699
    26 0.144936 -0.145374 7.579252 -1.053871 -0.211637 0.108170
    27 0.091660 -0.906685 4.702850 -0.922282 -0.141735 0.070961
    28 0.506271 8.500866 13.617253 0.081006 0.379217 1.440091
    29 -0.384987 -0.460049 7.003448 -0.740227 -0.383140 0.189089
    30 0.561516 -0.596954 5.061852 -0.538588 -0.221998 0.070136
    31 -2.452171 -8.899406 11.597897 -1.143558 -0.619305 1.499295
    32 0.680496 -0.903999 6.074253 -0.953404 0.106790 0.014254
    33 0.245514 -0.661150 3.388004 -0.818123 0.111033 -0.045609
    34 -0.717484 -3.784271 13.043911 -0.381637 -0.354878 1.313836
    35 1.099216 -1.407745 8.017889 -1.097885 0.012223 0.001416
    36 0.068439 -0.807653 3.686054 -0.789664 0.011777 0.002436
    37 -4.004929 6.172707 4.754754 0.919424 0.941207 3.545565
    38 0.158352 -1.149811 5.804394 -0.403595 0.002593 0.173122
    39 -1.083523 -1.463142 5.544399 -0.737666 -0.120535 -0.060279
    40 -6.289886 0.932434 13.569063 -0.126803 0.612110 2.869610
    41 1.327774 -0.766687 12.396328 0.013684 -0.009165 0.133410
    42 -0.096140 1.828087 23.185329 0.089207 -0.748565 -1.635740
    43 2.325478 -0.000003 6.169296 -0.323225 -0.076258 1.396469
    44 0.000000 -3.152912 0.122169 2.569010 0.048466 -0.118180
    45 1.068383 -10.478592 7.066338 0.292219 -1.282324 -3.141588
    46 0.000000 0.000000 2.279457 0.547137 -0.343566 0.107833
    47 2.479414 -8.323895 6.074242 -0.007251 -0.039383 1.602276
    48 0.000003 -5.075260 5.929606 0.000000 0.000000 0.000000
    49 -1.068383 -10.478611 7.065971 0.292219 1.282324 3.141588
    50 -0.000488 0.000015 2.279600 0.547136 0.343566 0.107835
    51 -2.479401 -8.323895 6.074234 0.009999 -0.039425 1.607596
    52 -5.790000 4.432083 14.255558 -2.016018 1.186492 0.629027
    53 1.044540 -2.839314 19.743252 -0.072462 0.574349 -0.063306
    54 -2.655510 -1.533379 24.792648 -0.696380 -0.016366 -0.726194
    55 -1.120216 -0.154385 9.795983 -0.041172 0.001744 0.359059
    56 -2.240372 -0.308788 19.592047 -0.158619 -0.137071 0.728881
    57 -0.683205 2.877342 14.167089 -0.242862 -0.087725 -1.218378
    58 -0.144958 -0.145317 7.579308 -0.665627 0.152724 -0.026926
    59 -0.038551 -0.936644 4.697678 -1.070664 0.213478 -0.100532
    60 -0.506317 8.500896 13.617329 -0.132914 -0.495662 -0.984836
    61 0.385056 -0.460075 7.003435 -0.615873 0.450600 -0.026777
    62 -0.456360 -0.710276 5.057732 -0.883576 0.479316 -0.196618
    63 2.452194 -8.899408 11.597939 -1.128933 0.943044 -1.554702
    64 -0.680515 -0.903999 6.074242 -0.899976 -0.171838 -0.034820
    65 -0.248295 -0.666843 3.386627 -0.839642 -0.183208 0.039688
    66 0.717491 -3.784309 13.044010 -0.578832 0.324990 -1.424572
    67 -1.099228 -1.407673 8.017876 -0.923055 -0.021082 -0.015212
    68 -0.064053 -0.807640 3.686100 -0.743626 -0.025568 -0.026241
    69 4.004906 6.172710 4.754800 -1.987618 -1.080076 -0.589550
    70 -0.158381 -1.149773 5.804405 -0.589306 0.484669 -0.714667
    71 1.078559 -2.386406 5.215008 -0.939660 0.537324 -0.347733
    72 6.289963 0.932404 13.569109 -0.126801 -0.612098 -2.869612
    73 -1.327759 -0.766682 12.396324 0.031738 0.026232 -0.334165
    74 0.000017 -54.999996 0.000000 0.000000 0.000000 -1.570796
  time 7
    0 0.000000 0.000000 -1.500000 0.000000 0.000000 0.000000
    1 -10.521344 -5.760963 66.994621 3.097005 -0.050653 -3.139334
    2 4.570823 3.914837 12.193193 -0.267505 0.316164 0.186870
    3 -0.000034 0.000012 24.761454 -0.786746 -0.091348 -0.010010
    4 0.000017 0.000000 24.344809 1.550679 -0.142616 -0.124827
    5 0.002333 -1.019846 24.031336 0.871530 -0.045706 -0.004899
    6 0.000034 0.000008 13.404741 -0.000001 -0.000009 -0.004601
    7 10.398263 -5.760962 66.994675 3.097005 0.050653 3.139334
    8 6.500032 -1.150330 8.396789 0.683879 -0.524084 0.140747
    9 -0.000004 -0.000006 24.761459 -1.140356 0.132282 -0.624415
    10 -0.000007 0.000004 24.344891 1.271067 0.074508 -0.039254
    11 -0.002360 -1.019903 24.031330 0.389640 0.008587 0.021048
    12 0.000000 -0.000002 13.404737 0.000001 0.000005 -0.328397
    13 -0.061540 -5.245835 72.927078 0.000000 0.000000 0.000000
    14 -6.291837 1.471755 -10.257225 0.066133 -0.005072 -0.080535
    15 0.000000 -0.005608 -1.146812 0.030148 -0.150188 -0.163967
    16 0.030770 -0.240000 8.906021 -0.004138 0.000000 0.000000
    17 -0.093730 0.840725 -0.000398 -0.155278 -0.000752 0.254423
    18 0.030770 -0.276858 8.905140 0.056125 0.004134 -0.000049
    19 0.412810 -0.663207 -0.024614 0.218368 0.156816 0.040495
    20 5.669724 4.435303 14.302868 5.042268 -1.279873 -1.594471
    21 -1.044571 -2.839317 19.743267 -0.495094 -0.650937 0.167806
    22 2.655533 -1.533369 24.792658 -0.700729 0.041041 0.501830
    23 1.120163 -0.154394 9.796035 -0.038823 -0.001244 -0.338274
    24 2.240311 -0.308786 19.592051 -0.181030 0.127656 -0.681488
    25 0.683151 2.877354 14.167051 0.285793 -0.065691 1.330450
    26 0.144936 -0.145374 7.579252 -1.091740 -0.215496 0.114102
    27 0.091660 -0.906685 4.702850 -0.919993 -0.141472 0.070589
    28 0.506271 8.500866 13.617253 0.255530 0.474523 1.496241
    29 -0.384987 -0.460049 7.003448 -0.764450 -0.388509 0.196495
    30 0.561516 -0.596954 5.061852 -0.562721 -0.229644 0.075805
    31 -2.452171 -8.899406 11.597897 -1.100574 -0.713829 1.500798
    32 0.680496 -0.903999 6.074253 -0.917913 0.102943 0.014374
    33 0.245514 -0.661150 3.388004 -0.770192 0.109715 -0.041894
    34 -0.717484 -3.784271 13.043911 -0.208520 -0.397196 1.267260
    35 1.099216 -1.407745 8.017889 -1.095750 0.012163 0.001416
    36 0.068439 -0.807653 3.686054 -0.779536 0.011357 0.002496
    37 -4.004929 6.172707 4.754754 0.996709 0.947474 3.624504
    38 0.158352 -1.149811 5.804394 -0.380923 0.050041 0.178408
    39 -1.083523 -1.463142 5.544399 -0.794222 -0.122621 -0.072600
    40 -6.289886 0.932434 13.569063 -0.126803 0.612110 2.869610
    41 1.327774 -0.766687 12.396328 0.020504 -0.014822 0.204767
    42 -0.096140 1.828087 23.185329 0.089207 -0.748565 -1.635740
    43 2.325478 -0.000003 6.169296 -0.319166 -0.094474 1.340751
    44 0.000000 -3.152912 0.122169 2.571695 0.012596 -0.030645
    45 1.068383 -10.478592 7.066338 0.292219 -1.282324 -3.141588
    46 0.000000 0.000000 2.279457 0.547137 -0.343566 0.107833
    47 2.479414 -8.323895 6.074242 -0.007251 -0.039383 1.602276
    48 0.000003 -5.075260 5.925699 0.000000 0.000000 0.000000
    49 -1.068383 -10.478611 7.065971 0.292219 1.282324 3.141588
    50 -0.000488 0.000015 2.279600 0.547136 0.343566 0.107835
    51 -2.479401 -8.323895 6.074234 0.009999 -0.039425 1.607596
    52 -5.790000 4.432083 14.255558 -1.990903 1.165765 0.638417
    53 1.044540 -2.839314 19.743252 -0.088436 0.655964 -0.064830
    54 -2.655510 -1.533379 24.792648 -0.745447 -0.018902 -0.730283
    55 -1.120216 -0.154385 9.795983 -0.044480 0.002546 0.388412
    56 -2.240372 -0.308788 19.592047 0.047954 -0.131081 0.792806
    57 -0.683205 2.877342 14.167089 -0.241971 -0.088680 -1.218481
    58 -0.144958 -0.145317 7.579308 -0.665627 0.152808 -0.026794
    59 -0.038551 -0.936644 4.697678 -1.070417 0.213442 -0.100484
    60 -0.506317 8.500896 13.617329 -0.130274 -0.498905 -0.984072
    61 0.385056 -0.460075 7.003435 -0.616046 0.450566 -0.026746
    62 -0.456360 -0.710276 5.057732 -0.882507 0.478884 -0.196109
    63 2.452194 -8.899408 11.597939 -1.131520 0.943788 -1.558206
    64 -0.680515 -0.903999 6.074242 -0.899869 -0.171694 -0.034712
    65 -0.248295 -0.666843 3.386627 -0.839393 -0.182873 0.039723
    66 0.717491 -3.784309 13.044010 -0.579530 0.326044 -1.425353
    67 -1.099228 -1.407673 8.017876 -0.922999 -0.021010 -0.015164
    68 -0.064053 -0.807640 3.686100 -0.744245 -0.025520 -0.026169
    69 4.004906 6.172710 4.754800 -1.965633 -1.082040 -0.589550
    70 -0.158381 -1.149773 5.804405 -0.585400 0.479576 -0.712528
    71 1.078559 -2.386406 5.215008 -0.934740 0.533740 -0.349596
    72 6.289963 0.932404 13.569109 -0.126801 -0.612098 -2.869612
    73 -1.327759 -0.766682 12.396324 0.032181 0.026747 -0.339763
    74 0.000017 -54.999996 0.000000 0.000000 0.000000 -1.570796
  time 8
    0 0.000000 0.000000 -1.500000 0.000000 0.000000 0.000000
    1 -10.521344 -5.760963 66.994621 3.097005 -0.050653 -3.139334
    2 5.020056 4.540963 12.529561 -0.239221 0.308398 0.191151
    3 -0.000034 0.000012 24.761454 -0.838983 -0.097388 -0.005776
    4 0.000017 0.000000 24.344809 1.582427 -0.127133 -0.120052
    5 0.002333 -1.019846 24.031336 0.866229 -0.045730 -0.004647
    6 0.000034 0.000008 13.404741 -0.000001 -0.000009 -0.007153
    7 10.398263 -5.760962 66.994675 3.097005 0.050653 3.139334
    8 7.058643 -0.650755 8.239428 0.674154 -0.542484 0.152712
    9 -0.000004 -0.000006 24.761459 -1.114342 0.129274 -0.640062
    10 -0.000007 0.000004 24.344891 1.243573 0.082196 -0.032717
    11 -0.002360 -1.019903 24.031330 0.389663 0.008587 0.021048
    12 0.000000 -0.000002 13.404737 0.000001 0.000005 -0.340248
    13 -0.061540 -5.245835 72.927078 0.000000 0.000000 0.000000
    14 -6.948107 1.995811 -10.369881 0.067669 -0.027335 -0.082036
    15 0.000000 -0.005608 -1.146812 0.040801 -0.149152 -0.168886
    16 0.030770 -0.240000 8.906021 -0.004138 0.000000 0.000000
    17 -0.093730 0.864164 0.003508 -0.161823 -0.005234 0.201271
    18 0.030770 -0.276858 8.905140 0.056125 0.004134 -0.000049
    19 0.416716 -0.753054 -0.036333 0.251003 0.156076 0.038170
    20 5.669724 4.435303 14.302868 4.888277 -1.271980 -1.452638
    21 -1.044571 -2.839317 19.743267 -0.341680 -0.642587 0.130130
    22 2.655533 -1.533369 24.792658 -0.743952 0.040311 0.534340
    23 1.120163 -0.154394 9.796035 -0.038919 -0.001268 -0.339102
    24 2.240311 -0.308786 19.592051 -0.173893 0.098141 -0.678955
    25 0.683151 2.877354 14.167051 0.288317 -0.064337 1.331237
    26 0.144936 -0.145374 7.579252 -1.083237 -0.214813 0.112724
    27 0.091660 -0.906685 4.702850 -0.917154 -0.140009 0.071512
    28 0.506271 8.500866 13.617253 0.253245 0.479137 1.494299
    29 -0.384987 -0.460049 7.003448 -0.758973 -0.387179 0.194685
    30 0.561516 -0.596954 5.061852 -0.560365 -0.229992 0.074834
    31 -2.452171 -8.899406 11.597897 -1.094346 -0.717294 1.507402
    32 0.680496 -0.903999 6.074253 -0.908395 0.101876 0.014398
    33 0.245514 -0.661150 3.388004 -0.763854 0.109643 -0.039833
    34 -0.717484 -3.784271 13.043911 -0.204066 -0.399401 1.266599
    35 1.099216 -1.407745 8.017889 -1.086282 0.011828 0.001572
    36 0.068439 -0.807653 3.686054 -0.771255 0.010662 0.003707
    37 -4.004929 6.172707 4.754754 0.996529 0.955079 3.621729
    38 0.158352 -1.149811 5.804394 -0.373125 0.048984 0.181356
    39 -1.083523 -1.463142 5.544399 -0.788728 -0.122525 -0.072227
    40 -6.289886 0.932434 13.569063 -0.126803 0.612110 2.869610
    41 1.327774 -0.766687 12.396328 0.022122 -0.016296 0.222443
    42 -0.096140 1.828087 23.185329 0.089207 -0.748597 -1.635740
    43 2.325478 -0.000003 6.169296 -0.327809 -0.060487 1.441570
    44 0.000000 -3.152912 0.122169 2.571223 -0.023238 0.056567
    45 1.068383 -10.478592 7.066338 0.292219 -1.282324 -3.141588
    46 0.000000 0.000000 2.279457 0.547137 -0.343566 0.107833
    47 2.479414 -8.323895 6.074242 -0.007251 -0.039383 1.602276
    48 0.000003 -5.075260 5.929606 0.000000 0.000000 0.000000
    49 -1.068383 -10.478611 7.065971 0.292231 1.282324 3.141588
    50 -0.000488 0.000015 2.279600 0.547136 0.343566 0.107835
    51 -2.479401 -8.323895 6.074234 0.009999 -0.039425 1.607596
    52 -5.790000 4.432083 14.255558 -2.047172 1.131663 0.567514
    53 1.044540 -2.839314 19.743252 -0.154722 0.586051 -0.081785
    54 -2.655510 -1.533379 24.792648 -0.653251 -0.014463 -0.721347
    55 -1.120216 -0.154385 9.795983 -0.044396 0.002523 0.387786
    56 -2.240372 -0.308788 19.592047 0.063227 -0.147566 0.792119
    57 -0.683205 2.877342 14.167089 -0.239150 -0.091267 -1.218801
    58 -0.144958 -0.145317 7.579308 -0.665736 0.153024 -0.026387
    59 -0.038551 -0.936644 4.697678 -1.068889 0.213334 -0.100173
    60 -0.506317 8.500896 13.617329 -0.122958 -0.508037 -0.982410
    61 0.385056 -0.460075 7.003435 -0.616866 0.450635 -0.026823
    62 -0.456360 -0.710276 5.057732 -0.878329 0.477310 -0.194161
    63 2.452194 -8.899408 11.597939 -1.138327 0.945786 -1.568168
    64 -0.680515 -0.903999 6.074242 -0.899491 -0.170999 -0.034616
    65 -0.248295 -0.666843 3.386627 -0.837811 -0.182178 0.039688
    66 0.717491 -3.784309 13.044010 -0.580975 0.329101 -1.427499
    67 -1.099228 -1.407673 8.017876 -0.922494 -0.020807 -0.014972
    68 -0.064053 -0.807640 3.686100 -0.745483 -0.025388 -0.025966
    69 4.004906 6.172710 4.754800 -1.952231 -1.088518 -0.585129
    70 -0.158381 -1.149773 5.804405 -0.581912 0.470540 -0.705730
    71 1.078559 -2.386406 5.215008 -0.920694 0.523570 -0.354675
    72 6.289963 0.932404 13.569109 -0.126801 -0.612098 -2.869612
    73 -1.327759 -0.766682 12.396324 0.031187 0.025584 -0.327364
    74 0.000017 -54.999996 0.000000 0.000000 0.000000 -1.570796
  time 9
    0 0.000000 0.000000 -1.500000 0.000000 0.000000 0.000000
    1 -10.521344 -5.760963 66.994621 3.097005 -0.050653 -3.139334
    2 4.172374 4.921550 11.968947 -0.245097 0.320283 0.192287
    3 -0.000034 0.000012 24.761454 -0.790811 -0.091815 -0.011720
    4 0.000017 0.000000 24.344809 1.551357 -0.144675 -0.125908
    5 0.002333 -1.019846 24.031336 0.859770 -0.045778 -0.004335
    6 0.000034 0.000008 13.404741 -0.000001 -0.000009 -0.009600
    7 10.398263 -5.760962 66.994675 3.097005 0.050653 3.139334
    8 6.109395 -0.351010 8.351829 0.691216 -0.527486 0.153372
    9 -0.000004 -0.000006 24.761459 -1.127156 0.130760 -0.644153
    10 -0.000007 0.000004 24.344891 1.248866 0.062109 -0.046421
    11 -0.002360 -1.019903 24.031330 0.389663 0.008599 0.021048
    12 0.000000 -0.000002 13.404737 0.000001 0.000005 -0.344714
    13 -0.061540 -5.245835 72.927078 0.000000 0.000000 0.000000
    14 -5.881668 2.252016 -10.076976 0.069013 -0.000702 -0.080174
    15 0.000000 -0.005608 -1.146812 0.051136 -0.147647 -0.173533
    16 0.030770 -0.240000 8.906021 -0.004138 0.000000 0.000000
    17 -0.058572 0.825100 -0.004305 -0.152879 -0.003765 0.153870
    18 0.030770 -0.276858 8.905140 0.056125 0.004134 -0.000049
    19 0.350308 -0.659301 -0.020707 0.214865 0.131946 0.026029
    20 5.669724 4.435303 14.302868 4.707968 -1.251967 -1.276496
    21 -1.044571 -2.839317 19.743267 -0.242029 -0.657460 0.106977
    22 2.655533 -1.533369 24.792658 -0.669961 0.036891 0.525849
    23 1.120163 -0.154394 9.796035 -0.038919 -0.001268 -0.339102
    24 2.240311 -0.308786 19.592051 -0.168366 0.069040 -0.675157
    25 0.683151 2.877354 14.167051 0.295064 -0.060586 1.333472
    26 0.144936 -0.145374 7.579252 -1.059447 -0.212848 0.108937
    27 0.091660 -0.906685 4.702850 -0.909003 -0.135887 0.074065
    28 0.506271 8.500866 13.617253 0.246390 0.491858 1.488814
    29 -0.384987 -0.460049 7.003448 -0.743642 -0.383416 0.189652
    30 0.561516 -0.596954 5.061852 -0.553725 -0.230939 0.072102
    31 -2.452171 -8.899406 11.597897 -1.077133 -0.726436 1.526004
    32 0.680496 -0.903999 6.074253 -0.882302 0.099012 0.014410
    33 0.245514 -0.661150 3.388004 -0.746332 0.109427 -0.034068
    34 -0.717484 -3.784271 13.043911 -0.191763 -0.405525 1.264786
    35 1.099216 -1.407745 8.017889 -1.060203 0.010833 0.001979
    36 0.068439 -0.807653 3.686054 -0.748370 0.008745 0.007098
    37 -4.004929 6.172707 4.754754 0.995538 0.975922 3.613883
    38 0.158352 -1.149811 5.804394 -0.351724 0.045961 0.189553
    39 -1.083523 -1.463142 5.544399 -0.773451 -0.122309 -0.071011
    40 -6.289886 0.932434 13.569063 -0.126803 0.612110 2.869610
    41 1.327774 -0.766687 12.396328 0.022685 -0.016811 0.228720
    42 -0.096140 1.828087 23.185329 0.089207 -0.748597 -1.635740
    43 2.325478 -0.000003 6.169296 -0.333061 -0.023794 1.547498
    44 0.000000 -3.152912 0.122169 2.571793 0.008545 -0.020817
    45 1.068383 -10.478592 7.066338 0.292219 -1.282324 -3.141588
    46 0.000000 0.000000 2.279457 0.547137 -0.343566 0.107833
    47 2.479414 -8.323895 6.074242 -0.007278 -0.039383 1.602276
    48 0.000003 -5.075260 5.925699 0.000000 0.000000 0.000000
    49 -1.068383 -10.478611 7.065971 0.292219 1.282324 3.141588
    50 -0.000488 0.000015 2.279600 0.547136 0.343566 0.107835
    51 -2.479401 -8.323895 6.074234 0.009999 -0.039425 1.607596
    52 -5.790000 4.432083 14.255558 -2.024933 1.138849 0.584569
    53 1.044540 -2.839314 19.743252 -0.165742 0.534284 -0.083146
    54 -2.655510 -1.533379 24.792648 -0.556877 -0.006205 -0.751791
    55 -1.120216 -0.154385 9.795983 -0.044264 0.002487 0.386535
    56 -2.240372 -0.308788 19.592047 0.076897 -0.162120 0.789971
    57 -0.683205 2.877342 14.167089 -0.234398 -0.095147 -1.219417
    58 -0.144958 -0.145317 7.579308 -0.665518 0.153551 -0.025835
    59 -0.038551 -0.936644 4.697678 -1.065585 0.212711 -0.099526
    60 -0.506317 8.500896 13.617329 -0.111871 -0.522332 -0.980568
    61 0.385056 -0.460075 7.003435 -0.617514 0.450480 -0.026731
    62 -0.456360 -0.710276 5.057732 -0.871382 0.474637 -0.190949
    63 2.452194 -8.899408 11.597939 -1.148039 0.948760 -1.583969
    64 -0.680515 -0.903999 6.074242 -0.898305 -0.169800 -0.034508
    65 -0.248295 -0.666843 3.386627 -0.834439 -0.181015 0.039556
    66 0.717491 -3.784309 13.044010 -0.582071 0.333978 -1.430773
    67 -1.099228 -1.407673 8.017876 -0.920981 -0.020423 -0.014697
    68 -0.064053 -0.807640 3.686100 -0.746327 -0.025137 -0.025606
    69 4.004906 6.172710 4.754800 -1.946132 -1.099155 -0.577434
    70 -0.158381 -1.149773 5.804405 -0.578668 0.458191 -0.694390
    71 1.078559 -2.386406 5.215008 -0.898908 0.507672 -0.362311
    72 6.289963 0.932404 13.569109 -0.126801 -0.612098 -2.869612
    73 -1.327759 -0.766682 12.396324 0.032337 0.026951 -0.341706
    74 0.000017 -54.999996 0.000000 0.000000 0.000000 -1.570796
  time 10
    0 0.000000 0.000000 -1.500000 0.000000 0.000000 0.000000
    1 -10.521344 -5.760963 66.994621 3.097005 -0.050653 -3.139334
    2 3.352036 5.265306 10.982268 -0.270921 0.327214 0.191151
    3 -0.000034 0.000012 24.761454 -0.695729 -0.080789 -0.012453
    4 0.000017 0.000000 24.344809 1.492669 -0.165001 -0.128932
    5 0.002333 -1.019846 24.031336 0.852490 -0.045802 -0.004000
    6 0.000034 0.000008 13.404741 -0.000001 -0.000009 -0.007575
    7 10.398263 -5.760962 66.994675 3.097005 0.050653 3.139334
    8 5.167960 -0.076244 8.059586 0.690448 -0.500892 0.159396
    9 -0.000004 -0.000006 24.761459 -1.107522 0.128495 -0.642503
    10 -0.000007 0.000004 24.344891 1.241185 0.042222 -0.057540
    11 -0.002360 -1.019903 24.031330 0.389663 0.008599 0.021048
    12 0.000000 -0.000002 13.404737 0.000001 0.000005 -0.344950
    13 -0.061540 -5.245835 72.927078 0.000000 0.000000 0.000000
    14 -4.823042 2.461639 -9.401043 0.070198 0.025845 -0.078373
    15 0.000000 -0.005608 -1.146812 0.061088 -0.145749 -0.177827
    16 0.030770 -0.240000 8.906021 -0.004138 0.000000 0.000000
    17 -0.046853 0.778223 -0.004305 -0.142168 0.002945 0.205025
    18 0.030770 -0.276858 8.905140 0.056125 0.004134 -0.000049
    19 0.303431 -0.592892 -0.016801 0.190201 0.115242 0.029265
    20 5.669724 4.435303 14.302868 4.753428 -1.251192 -1.298442
    21 -1.044571 -2.839317 19.743267 -0.267712 -0.654433 0.113350
    22 2.655533 -1.533369 24.792658 -0.551488 0.025440 0.579063
    23 1.120163 -0.154394 9.796035 -0.038823 -0.001244 -0.338274
    24 2.240311 -0.308786 19.592051 -0.164319 0.040584 -0.670252
    25 0.683151 2.877354 14.167051 0.304664 -0.054953 1.336894
    26 0.144936 -0.145374 7.579252 -1.022972 -0.209648 0.103232
    27 0.091660 -0.906685 4.702850 -0.896183 -0.129523 0.077864
    28 0.506271 8.500866 13.617253 0.235767 0.510993 1.480000
    29 -0.384987 -0.460049 7.003448 -0.720379 -0.377519 0.182054
    30 0.561516 -0.596954 5.061852 -0.543086 -0.232209 0.067859
    31 -2.452171 -8.899406 11.597897 -1.051109 -0.739521 1.555049
    32 0.680496 -0.903999 6.074253 -0.843202 0.094697 0.014278
    33 0.245514 -0.661150 3.388004 -0.720077 0.109091 -0.025367
    34 -0.717484 -3.784271 13.043911 -0.173729 -0.414765 1.262097
    35 1.099216 -1.407745 8.017889 -1.021009 0.009347 0.002555
    36 0.068439 -0.807653 3.686054 -0.714005 0.005773 0.012264
    37 -4.004929 6.172707 4.754754 0.993917 1.007240 3.601731
    38 0.158352 -1.149811 5.804394 -0.319390 0.041015 0.202185
    39 -1.083523 -1.463142 5.544399 -0.750065 -0.122141 -0.068870
    40 -6.289886 0.932434 13.569063 -0.126803 0.612110 2.869610
    41 1.327774 -0.766687 12.396328 0.025453 -0.019508 0.259904
    42 -0.096140 1.828087 23.185329 0.089207 -0.748597 -1.635740
    43 2.325478 -0.000003 6.169296 -0.331963 -0.042531 1.492060
    44 0.000000 -3.152912 0.122169 2.569856 0.040640 -0.099029
    45 1.068383 -10.478592 7.066338 0.292219 -1.282324 -3.141588
    46 0.000000 0.000000 2.279457 0.547137 -0.343566 0.107833
    47 2.479414 -8.323895 6.074242 -0.007251 -0.039383 1.602276
    48 0.000003 -5.075260 5.929606 0.000000 0.000000 0.000000
    49 -1.068383 -10.478611 7.065971 0.292219 1.282324 3.141588
    50 -0.000488 0.000015 2.279600 0.547136 0.343566 0.107835
    51 -2.479401 -8.323895 6.074234 0.009999 -0.039425 1.607596
    52 -5.790000 4.432083 14.255558 -2.007295 1.148569 0.593767
    53 1.044540 -2.839314 19.743252 -0.095114 0.545477 -0.069239
    54 -2.655510 -1.533379 24.792648 -0.575095 -0.005765 -0.762469
    55 -1.120216 -0.154385 9.795983 -0.044048 0.002439 0.384658
    56 -2.240372 -0.308788 19.592047 0.088963 -0.174793 0.786362
    57 -0.683205 2.877342 14.167089 -0.227419 -0.099843 -1.220443
    58 -0.144958 -0.145317 7.579308 -0.664428 0.153983 -0.024936
    59 -0.038551 -0.936644 4.697678 -1.060161 0.211884 -0.098471
    60 -0.506317 8.500896 13.617329 -0.098370 -0.540959 -0.979220
    61 0.385056 -0.460075 7.003435 -0.617514 0.449895 -0.026318
    62 -0.456360 -0.710276 5.057732 -0.861471 0.470820 -0.186438
    63 2.452194 -8.899408 11.597939 -1.159424 0.952361 -1.604942
    64 -0.680515 -0.903999 6.074242 -0.895718 -0.168110 -0.034352
    65 -0.248295 -0.666843 3.386627 -0.828569 -0.179421 0.039256
    66 0.717491 -3.784309 13.044010 -0.581821 0.340546 -1.434915
    67 -1.099228 -1.407673 8.017876 -0.918011 -0.019896 -0.014325
    68 -0.064053 -0.807640 3.686100 -0.745539 -0.024741 -0.025175
    69 4.004906 6.172710 4.754800 -1.945982 -1.113469 -0.567119
    70 -0.158381 -1.149773 5.804405 -0.575564 0.442638 -0.678830
    71 1.078559 -2.386406 5.215008 -0.870816 0.487180 -0.371701
    72 6.289963 0.932404 13.569109 -0.126801 -0.612098 -2.869612
    73 -1.327759 -0.766682 12.396324 0.033332 0.028101 -0.354013
    74 0.000017 -54.999996 0.000000 0.000000 0.000000 -1.570796
  time 11
    0 0.000000 0.000000 -1.500000 0.000000 0.000000 0.000000
    1 -10.521344 -5.760963 66.994621 3.097005 -0.050653 -3.139334
    2 3.512197 5.547677 10.690749 -0.281579 0.319281 0.189709
    3 -0.000034 0.000012 24.761454 -0.666013 -0.077362 -0.005939
    4 0.000017 0.000000 24.344809 1.482128 -0.162104 -0.126080
    5 0.002333 -1.019846 24.031336 0.844538 -0.045838 -0.003628
    6 0.000034 0.000008 13.404741 -0.000001 -0.000009 -0.004601
    7 10.398263 -5.760962 66.994675 3.097005 0.050653 3.139334
    8 5.339840 0.098607 7.565023 0.667585 -0.498807 0.173671
    9 -0.000004 -0.000006 24.761459 -1.065504 0.123641 -0.647993
    10 -0.000007 0.000004 24.344891 1.217693 0.044711 -0.052685
    11 -0.002360 -1.019903 24.031330 0.389663 0.008587 0.021048
    12 0.000000 -0.000002 13.404737 0.000001 0.000005 -0.349566
    13 -0.061540 -5.245835 72.927078 0.000000 0.000000 0.000000
    14 -5.069143 2.636324 -9.018015 0.071190 0.013888 -0.079153
    15 0.000000 -0.005608 -1.146812 0.070625 -0.143506 -0.181767
    16 0.030770 -0.240000 8.906021 -0.004138 0.000000 0.000000
    17 -0.101542 0.770411 0.007414 -0.146292 -0.004259 0.250869
    18 0.030770 -0.276858 8.905140 0.056125 0.004134 -0.000049
    19 0.420622 -0.706177 -0.036333 0.240030 0.156323 0.042916
    20 5.669724 4.435303 14.302868 4.859757 -1.260670 -1.371467
    21 -1.044571 -2.839317 19.743267 -0.326661 -0.625471 0.123869
    22 2.655533 -1.533369 24.792658 -0.494986 0.022942 0.581570
    23 1.120163 -0.154394 9.796035 -0.038668 -0.001208 -0.336756
    24 2.240311 -0.308786 19.592051 -0.161795 0.012911 -0.664199
    25 0.683151 2.877354 14.167051 0.316019 -0.047930 1.341315
    26 0.144936 -0.145374 7.579252 -0.976553 -0.205249 0.096161
    27 0.091660 -0.906685 4.702850 -0.879150 -0.121337 0.082598
    28 0.506271 8.500866 13.617253 0.221563 0.534985 1.468074
    29 -0.384987 -0.460049 7.003448 -0.690750 -0.369801 0.172598
    30 0.561516 -0.596954 5.061852 -0.529055 -0.233599 0.062394
    31 -2.452171 -8.899406 11.597897 -1.018302 -0.754698 1.592738
    32 0.680496 -0.903999 6.074253 -0.794823 0.089352 0.013882
    33 0.245514 -0.661150 3.388004 -0.687323 0.108600 -0.014414
    34 -0.717484 -3.784271 13.043911 -0.151857 -0.426343 1.258762
    35 1.099216 -1.407745 8.017889 -0.972151 0.007453 0.003178
    36 0.068439 -0.807653 3.686054 -0.670792 0.002021 0.018711
    37 -4.004929 6.172707 4.754754 0.991305 1.046198 3.585848
    38 0.158352 -1.149811 5.804394 -0.278834 0.034191 0.218424
    39 -1.083523 -1.463142 5.544399 -0.720401 -0.122141 -0.065652
    40 -6.289886 0.932434 13.569063 -0.126803 0.612110 2.869610
    41 1.327774 -0.766687 12.396328 0.025405 -0.019448 0.259251
    42 -0.096140 1.828087 23.185329 0.089207 -0.748597 -1.635740
    43 2.325478 -0.000003 6.169296 -0.329289 -0.064379 1.427282
    44 0.000000 -3.152912 0.122169 2.571256 0.022699 -0.055213
    45 1.068383 -10.478592 7.066338 0.292219 -1.282324 -3.141588
    46 0.000000 0.000000 2.279457 0.547137 -0.343566 0.107833
    47 2.479414 -8.323895 6.074242 -0.007251 -0.039383 1.602276
    48 0.000003 -5.075260 5.925699 0.000000 0.000000 0.000000
    49 -1.068383 -10.478611 7.065971 0.292219 1.282324 3.141588
    50 -0.000488 0.000015 2.279600 0.547136 0.343566 0.107835
    51 -2.479401 -8.323895 6.074234 0.009999 -0.039425 1.607596
    52 -5.790000 4.432083 14.255558 -2.002694 1.153927 0.593192
    53 1.044540 -2.839314 19.743252 -0.071961 0.607970 -0.061809
    54 -2.655510 -1.533379 24.792648 -0.595930 -0.006555 -0.764135
    55 -1.120216 -0.154385 9.795983 -0.043773 0.002367 0.382128
    56 -2.240372 -0.308788 19.592047 0.099578 -0.185733 0.781293
    57 -0.683205 2.877342 14.167089 -0.218262 -0.104976 -1.221930
    58 -0.144958 -0.145317 7.579308 -0.662467 0.154318 -0.023750
    59 -0.038551 -0.936644 4.697678 -1.051531 0.210565 -0.096745
    60 -0.506317 8.500896 13.617329 -0.083512 -0.563115 -0.979040
    61 0.385056 -0.460075 7.003435 -0.617082 0.449035 -0.025690
    62 -0.456360 -0.710276 5.057732 -0.847771 0.465538 -0.180365
    63 2.452194 -8.899408 11.597939 -1.171087 0.956311 -1.630468
    64 -0.680515 -0.903999 6.074242 -0.891407 -0.165761 -0.034280
    65 -0.248295 -0.666843 3.386627 -0.819576 -0.177540 0.038741
    66 0.717491 -3.784309 13.044010 -0.579331 0.348587 -1.439726
    67 -1.099228 -1.407673 8.017876 -0.912968 -0.019225 -0.013870
    68 -0.064053 -0.807640 3.686100 -0.742163 -0.024166 -0.024635
    69 4.004906 6.172710 4.754800 -1.950650 -1.131106 -0.554594
    70 -0.158381 -1.149773 5.804405 -0.572390 0.424676 -0.659402
    71 1.078559 -2.386406 5.215008 -0.837804 0.462735 -0.382442
    72 6.289963 0.932404 13.569109 -0.126801 -0.612098 -2.869612
    73 -1.327759 -0.766682 12.396324 0.034015 0.028940 -0.362664
    74 0.000017 -54.999996 0.000000 0.000000 0.000000 -1.570796
  time 12
    0 0.000000 0.000000 -1.500000 0.000000 0.000000 0.000000
    1 -10.521344 -5.760963 66.994621 3.097005 -0.050653 -3.139334
    2 3.887209 5.744108 11.206513 -0.268872 0.313992 0.190015
    3 -0.000034 0.000012 24.761454 -0.705810 -0.081976 -0.003455
    4 0.000017 0.000000 24.344809 1.518684 -0.150990 -0.124265
    5 0.002333 -1.019846 24.031336 0.836287 -0.045862 -0.003257
    6 0.000034 0.000008 13.404741 -0.000001 -0.000009 -0.006162
    7 10.398263 -5.760962 66.994675 3.097005 0.050653 3.139334
    8 5.820324 0.235990 7.632463 0.661869 -0.517829 0.182418
    9 -0.000004 -0.000006 24.761459 -1.063029 0.123354 -0.661415
    10 -0.000007 0.000004 24.344891 1.210335 0.053243 -0.047367
    11 -0.002360 -1.019903 24.031330 0.389663 0.008599 0.021048
    12 0.000000 -0.000002 13.404737 0.000001 0.000005 -0.359764
    13 -0.061540 -5.245835 72.927078 0.000000 0.000000 0.000000
    14 -5.639473 2.776073 -9.333450 0.071926 -0.008358 -0.080835
    15 0.000000 -0.005608 -1.146812 0.079716 -0.140965 -0.185436
    16 0.030770 -0.240000 8.906021 -0.004138 0.000000 0.000000
    17 -0.128887 0.770411 0.019134 -0.149196 -0.018123 0.195641
    18 0.030770 -0.276858 8.905140 0.056125 0.004134 -0.000049
    19 0.541720 -0.780398 -0.055865 0.269626 0.200346 0.044078
    20 5.669724 4.435303 14.302868 4.917276 -1.263771 -1.406542
    21 -1.044571 -2.839317 19.743267 -0.281018 -0.640604 0.115127
    22 2.655533 -1.533369 24.792658 -0.547930 0.028245 0.551647
    23 1.120163 -0.154394 9.796035 -0.038404 -0.001160 -0.334549
    24 2.240311 -0.308786 19.592051 -0.160620 -0.013796 -0.657156
    25 0.683151 2.877354 14.167051 0.328033 -0.040008 1.346436
    26 0.144936 -0.145374 7.579252 -0.922561 -0.199772 0.088287
    27 0.091660 -0.906685 4.702850 -0.858454 -0.111702 0.087907
    28 0.506271 8.500866 13.617253 0.204272 0.562074 1.453220
    29 -0.384987 -0.460049 7.003448 -0.656674 -0.360585 0.161968
    30 0.561516 -0.596954 5.061852 -0.512062 -0.234858 0.055946
    31 -2.452171 -8.899406 11.597897 -0.980533 -0.770073 1.637272
    32 0.680496 -0.903999 6.074253 -0.740892 0.083360 0.013187
    33 0.245514 -0.661150 3.388004 -0.650363 0.108073 -0.001866
    34 -0.717484 -3.784271 13.043911 -0.128134 -0.439454 1.255074
    35 1.099216 -1.407745 8.017889 -0.917162 0.005296 0.003777
    36 0.068439 -0.807653 3.686054 -0.621787 -0.002269 0.026070
    37 -4.004929 6.172707 4.754754 0.987251 1.090015 3.567094
    38 0.158352 -1.149811 5.804394 -0.232981 0.025620 0.237468
    39 -1.083523 -1.463142 5.544399 -0.686185 -0.122477 -0.061219
    40 -6.289886 0.932434 13.569063 -0.126803 0.612110 2.869610
    41 1.327774 -0.766687 12.396328 0.024111 -0.018190 0.244739
    42 -0.096140 1.828087 23.185329 0.089207 -0.748565 -1.635740
    43 2.325478 -0.000003 6.169296 -0.333825 -0.038769 1.500561
    44 0.000000 -3.152912 0.122169 2.571744 -0.010091 0.024556
    45 1.068383 -10.478592 7.066338 0.292219 -1.282324 -3.141588
    46 0.000000 0.000000 2.279457 0.547137 -0.343566 0.107833
    47 2.479414 -8.323895 6.074242 -0.007251 -0.039383 1.602276
    48 0.000003 -5.075260 5.925699 0.000000 0.000000 0.000000
    49 -1.068383 -10.478611 7.065971 0.292219 1.282324 3.141588
    50 -0.000488 0.000015 2.279600 0.547136 0.343566 0.107835
    51 -2.479401 -8.323895 6.074234 0.009999 -0.039425 1.607596
    52 -5.790000 4.432083 14.255558 -2.027808 1.139306 0.576233
    53 1.044540 -2.839314 19.743252 -0.130679 0.593004 -0.076397
    54 -2.655510 -1.533379 24.792648 -0.540622 -0.002646 -0.776100
    55 -1.120216 -0.154385 9.795983 -0.043401 0.002271 0.378918
    56 -2.240372 -0.308788 19.592047 0.108971 -0.194941 0.774934
    57 -0.683205 2.877342 14.167089 -0.206680 -0.110170 -1.223995
    58 -0.144958 -0.145317 7.579308 -0.658870 0.154474 -0.022228
    59 -0.038551 -0.936644 4.697678 -1.039598 0.208708 -0.094408
    60 -0.506317 8.500896 13.617329 -0.068276 -0.588020 -0.980837
    61 0.385056 -0.460075 7.003435 -0.615226 0.447470 -0.024526
    62 -0.456360 -0.710276 5.057732 -0.830622 0.458854 -0.172923
    63 2.452194 -8.899408 11.597939 -1.181635 0.960261 -1.659807
    64 -0.680515 -0.903999 6.074242 -0.884615 -0.163041 -0.034017
    65 -0.248295 -0.666843 3.386627 -0.807004 -0.174927 0.038010
    66 0.717491 -3.784309 13.044010 -0.573352 0.357935 -1.444935
    67 -1.099228 -1.407673 8.017876 -0.905291 -0.018338 -0.013342
    68 -0.064053 -0.807640 3.686100 -0.735185 -0.023375 -0.024036
    69 4.004906 6.172710 4.754800 -1.959007 -1.151627 -0.540923
    70 -0.158381 -1.149773 5.804405 -0.568971 0.404578 -0.636253
    71 1.078559 -2.386406 5.215008 -0.801064 0.435411 -0.393696
    72 6.289963 0.932404 13.569109 -0.126801 -0.612098 -2.869612
    73 -1.327759 -0.766682 12.396324 0.034135 0.029096 -0.364330
    74 0.000017 -54.999996 0.000000 0.000000 0.000000 -1.570796
  time 13
    0 0.000000 0.000000 -1.500000 0.000000 0.000000 0.000000
    1 -10.521344 -5.760963 66.994621 3.097005 -0.050653 -3.139334
    2 4.035651 5.928263 11.587730 -0.262518 0.311988 0.190103
    3 -0.000034 0.000012 24.761454 -0.728127 -0.084553 -0.002681
    4 0.000017 0.000000 24.344809 1.544699 -0.145852 -0.123444
    5 0.002333 -1.019846 24.031336 0.827924 -0.045886 -0.002849
    6 0.000034 0.000008 13.404741 -0.000001 -0.000009 -0.007617
    7 10.398263 -5.760962 66.994675 3.097005 0.050653 3.139334
    8 6.046893 0.335905 7.812305 0.664258 -0.533083 0.187534
    9 -0.000004 -0.000006 24.761459 -1.072544 0.124444 -0.672935
    10 -0.000007 0.000004 24.344891 1.210206 0.056865 -0.045854
    11 -0.002360 -1.019903 24.031330 0.389640 0.008587 0.021048
    12 0.000000 -0.000002 13.404737 0.000001 0.000005 -0.368738
    13 -0.061540 -5.245835 72.927078 0.000000 0.000000 0.000000
    14 -5.897294 2.892530 -9.581292 0.072470 -0.020315 -0.081676
    15 0.000000 -0.005608 -1.146812 0.088392 -0.138267 -0.188724
    16 0.030770 -0.240000 8.906021 -0.004138 0.000000 0.000000
    17 -0.093730 0.715721 0.011321 -0.136970 -0.016591 0.148719
    18 0.030770 -0.276858 8.905140 0.056125 0.004134 -0.000049
    19 0.479218 -0.671020 -0.040239 0.226375 0.178787 0.029325
    20 5.669724 4.435303 14.302868 4.803482 -1.247950 -1.307737
    21 -1.044571 -2.839317 19.743267 -0.187385 -0.651615 0.092030
    22 2.655533 -1.533369 24.792658 -0.582517 0.029667 0.552456
    23 1.120163 -0.154394 9.796035 -0.038080 -0.001100 -0.331686
    24 2.240311 -0.308786 19.592051 -0.160707 -0.039397 -0.649086
    25 0.683151 2.877354 14.167051 0.339334 -0.031679 1.352030
    26 0.144936 -0.145374 7.579252 -0.863828 -0.193301 0.080114
    27 0.091660 -0.906685 4.702850 -0.834644 -0.101083 0.093516
    28 0.506271 8.500866 13.617253 0.184448 0.590613 1.435777
    29 -0.384987 -0.460049 7.003448 -0.619895 -0.350206 0.150810
    30 0.561516 -0.596954 5.061852 -0.492426 -0.235745 0.048840
    31 -2.452171 -8.899406 11.597897 -0.939219 -0.784075 1.686450
    32 0.680496 -0.903999 6.074253 -0.684740 0.077332 0.012037
    33 0.245514 -0.661150 3.388004 -0.612071 0.107222 0.011497
    34 -0.717484 -3.784271 13.043911 -0.104587 -0.453344 1.251325
    35 1.099216 -1.407745 8.017889 -0.859534 0.002995 0.004256
    36 0.068439 -0.807653 3.686054 -0.569903 -0.006847 0.033896
    37 -4.004929 6.172707 4.754754 0.981756 1.135944 3.545852
    38 0.158352 -1.149811 5.804394 -0.184585 0.015420 0.258393
    39 -1.083523 -1.463142 5.544399 -0.649092 -0.123268 -0.055431
    40 -6.289886 0.932434 13.569063 -0.126803 0.612110 2.869610
    41 1.327774 -0.766687 12.396328 0.024614 -0.018669 0.250313
    42 -0.096140 1.828087 23.185329 0.089207 -0.748565 -1.635740
    43 2.325478 -0.000003 6.169296 -0.336117 -0.017659 1.560071
    44 0.000000 -3.152912 0.122169 2.570784 -0.030009 0.073070
    45 1.068383 -10.478592 7.066338 0.292219 -1.282324 -3.141588
    46 0.000000 0.000000 2.279457 0.547137 -0.343566 0.107833
    47 2.479414 -8.323895 6.074242 -0.007251 -0.039383 1.602276
    48 0.000003 -5.075260 5.925699 0.000000 0.000000 0.000000
    49 -1.068383 -10.478611 7.065971 0.292219 1.282324 3.141588
    50 -0.000488 0.000015 2.279600 0.547136 0.343566 0.107835
    51 -2.479401 -8.323895 6.074234 0.009999 -0.039425 1.607596
    52 -5.790000 4.432083 14.255558 -2.051869 1.125142 0.559561
    53 1.044540 -2.839314 19.743252 -0.136244 0.519233 -0.077621
    54 -2.655510 -1.533379 24.792648 -0.454213 0.001496 -0.783900
    55 -1.120216 -0.154385 9.795983 -0.042982 0.002175 0.375082
    56 -2.240372 -0.308788 19.592047 0.117524 -0.202515 0.767288
    57 -0.683205 2.877342 14.167089 -0.192474 -0.115025 -1.226765
    58 -0.144958 -0.145317 7.579308 -0.653911 0.154402 -0.020370
    59 -0.038551 -0.936644 4.697678 -1.023227 0.206083 -0.091220
    60 -0.506317 8.500896 13.617329 -0.053644 -0.614950 -0.985105
    61 0.385056 -0.460075 7.003435 -0.611816 0.445166 -0.022765
    62 -0.456360 -0.710276 5.057732 -0.809732 0.450574 -0.164112
    63 2.452194 -8.899408 11.597939 -1.189596 0.963955 -1.692101
    64 -0.680515 -0.903999 6.074242 -0.875183 -0.159434 -0.033969
    65 -0.248295 -0.666843 3.386627 -0.789976 -0.172266 0.036847
    66 0.717491 -3.784309 13.044010 -0.562990 0.368422 -1.450268
    67 -1.099228 -1.407673 8.017876 -0.894363 -0.017259 -0.012767
    68 -0.064053 -0.807640 3.686100 -0.723424 -0.022332 -0.023389
    69 4.004906 6.172710 4.754800 -1.969473 -1.174677 -0.526597
    70 -0.158381 -1.149773 5.804405 -0.565100 0.382755 -0.609763
    71 1.078559 -2.386406 5.215008 -0.761793 0.406280 -0.404730
    72 6.289963 0.932404 13.569109 -0.126801 -0.612098 -2.869612
    73 -1.327759 -0.766682 12.396324 0.034195 0.029156 -0.364931
    74 0.000017 -54.999996 0.000000 0.000000 0.000000 -1.570796
  time 14
    0 0.000000 0.000000 -1.500000 0.000000 0.000000 0.000000
    1 -10.521344 -5.760963 66.994621 3.097005 -0.050653 -3.139334
    2 2.793425 6.112418 10.735598 -0.300162 0.325488 0.183549
    3 -0.000034 0.000012 24.761454 -0.616093 -0.071573 -0.004269
    4 0.000017 0.000000 24.344809 1.481203 -0.177315 -0.127939
    5 0.002333 -1.019846 24.031336 0.819785 -0.045910 -0.002478
    6 0.000034 0.000008 13.404741 -0.000001 -0.000009 -0.004812
    7 10.398263 -5.760962 66.994675 3.097005 0.050653 3.139334
    8 4.710915 0.473288 7.385181 0.660760 -0.496027 0.197106
    9 -0.000004 -0.000006 24.761459 -1.049280 0.121760 -0.670423
    10 -0.000007 0.000004 24.344891 1.206850 0.030423 -0.059852
    11 -0.002360 -1.019903 24.031330 0.389663 0.008599 0.021048
    12 0.000000 -0.000002 13.404737 0.000001 0.000005 -0.371036
    13 -0.061540 -5.245835 72.927078 0.000000 0.000000 0.000000
    14 -4.526158 2.974049 -8.950421 0.072758 -0.008358 -0.080835
    15 0.000000 -0.005608 -1.146812 0.096622 -0.135428 -0.191740
    16 0.030770 -0.240000 8.906021 -0.004138 0.000000 0.000000
    17 -0.066385 0.661032 0.007414 -0.124596 -0.005348 0.198995
    18 0.030770 -0.276858 8.905140 0.056125 0.004134 -0.000049
    19 0.362027 -0.600705 -0.020707 0.198458 0.135484 0.029984
    20 5.669724 4.435303 14.302868 4.690932 -1.226634 -1.209316
    21 -1.044571 -2.839317 19.743267 -0.196973 -0.612999 0.092453
    22 2.655533 -1.533369 24.792658 -0.486827 0.023326 0.575504
    23 1.120163 -0.154394 9.796035 -0.037697 -0.001004 -0.328202
    24 2.240311 -0.308786 19.592051 -0.161882 -0.063663 -0.640145
    25 0.683151 2.877354 14.167051 0.348659 -0.023433 1.357825
    26 0.144936 -0.145374 7.579252 -0.802866 -0.186074 0.072120
    27 0.091660 -0.906685 4.702850 -0.808408 -0.089794 0.099041
    28 0.506271 8.500866 13.617253 0.162771 0.619042 1.416177
    29 -0.384987 -0.460049 7.003448 -0.581978 -0.339097 0.139688
    30 0.561516 -0.596954 5.061852 -0.470720 -0.236020 0.041313
    31 -2.452171 -8.899406 11.597897 -0.895830 -0.795108 1.737964
    32 0.680496 -0.903999 6.074253 -0.630254 0.071447 0.010623
    33 0.245514 -0.661150 3.388004 -0.574205 0.106395 0.025016
    34 -0.717484 -3.784271 13.043911 -0.083113 -0.467294 1.247806
    35 1.099216 -1.407745 8.017889 -0.802721 0.000718 0.004616
    36 0.068439 -0.807653 3.686054 -0.518055 -0.011497 0.041806
    37 -4.004929 6.172707 4.754754 0.974100 1.181239 3.522984
    38 0.158352 -1.149811 5.804394 -0.136359 0.003855 0.280205
    39 -1.083523 -1.463142 5.544399 -0.610952 -0.124574 -0.048236
    40 -6.289886 0.932434 13.569063 -0.126803 0.612110 2.869610
    41 1.327774 -0.766687 12.396328 0.025753 -0.019784 0.263168
    42 -0.096140 1.828087 23.185329 0.089207 -0.748565 -1.635740
    43 2.325478 -0.000003 6.169296 -0.332059 -0.058852 1.440253
    44 0.000000 -3.152912 0.122169 2.571842 -0.005932 0.014441
    45 1.068383 -10.478592 7.066338 0.292219 -1.282324 -3.141588
    46 0.000000 0.000000 2.279457 0.547137 -0.343566 0.107833
    47 2.479414 -8.323895 6.074242 -0.007251 -0.039383 1.602276
    48 0.000003 -5.075260 5.925699 0.000000 0.000000 0.000000
    49 -1.068383 -10.478611 7.065971 0.292219 1.282324 3.141588
    50 -0.000488 0.000015 2.279600 0.547136 0.343566 0.107835
    51 -2.479401 -8.323895 6.074234 0.009999 -0.039425 1.607596
    52 -5.790000 4.432083 14.255558 -2.041612 1.136066 0.560136
    53 1.044540 -2.839314 19.743252 -0.065338 0.514951 -0.064640
    54 -2.655510 -1.533379 24.792648 -0.403636 0.001496 -0.771405
    55 -1.120216 -0.154385 9.795983 -0.042478 0.002043 0.370675
    56 -2.240372 -0.308788 19.592047 0.125008 -0.208653 0.758438
    57 -0.683205 2.877342 14.167089 -0.175645 -0.119124 -1.230305
    58 -0.144958 -0.145317 7.579308 -0.646773 0.153863 -0.018117
    59 -0.038551 -0.936644 4.697678 -1.002172 0.202775 -0.087170
    60 -0.506317 8.500896 13.617329 -0.040973 -0.643124 -0.992564
    61 0.385056 -0.460075 7.003435 -0.606420 0.441933 -0.020284
    62 -0.456360 -0.710276 5.057732 -0.784906 0.440548 -0.153914
    63 2.452194 -8.899408 11.597939 -1.193338 0.967138 -1.726540
    64 -0.680515 -0.903999 6.074242 -0.862355 -0.155503 -0.033633
    65 -0.248295 -0.666843 3.386627 -0.768078 -0.168755 0.035445
    66 0.717491 -3.784309 13.044010 -0.547098 0.379855 -1.455476
    67 -1.099228 -1.407673 8.017876 -0.879793 -0.016013 -0.012168
    68 -0.064053 -0.807640 3.686100 -0.705980 -0.021038 -0.022694
    69 4.004906 6.172710 4.754800 -1.980541 -1.199941 -0.512598
    70 -0.158381 -1.149773 5.804405 -0.560530 0.359645 -0.580285
    71 1.078559 -2.386406 5.215008 -0.721519 0.376138 -0.414595
    72 6.289963 0.932404 13.569109 -0.126801 -0.612098 -2.869612
    73 -1.327759 -0.766682 12.396324 0.034458 0.029491 -0.368447
    74 0.000017 -54.999996 0.000000 0.000000 0.000000 -1.570796
  time 15
    0 0.000000 0.000000 -1.500000 0.000000 0.000000 0.000000
    1 -10.521344 -5.760963 66.994621 3.097005 -0.050653 -3.139334
    2 1.641046 6.284296 9.793767 -0.359873 0.332781 0.176209
    3 -0.000034 0.000012 24.761454 -0.461456 -0.053656 -0.002192
    4 0.000017 0.000000 24.344809 1.395884 -0.211765 -0.124546
    5 0.002333 -1.019846 24.031336 0.812057 -0.045934 -0.002106
    6 0.000034 0.000008 13.404741 -0.000001 -0.000009 0.002212
    7 10.398263 -5.760962 66.994675 3.097005 0.050653 3.139334
    8 3.437438 0.598182 7.092939 0.660931 -0.460325 0.202387
    9 -0.000004 -0.000006 24.761459 -1.030416 0.119567 -0.665327
    10 -0.000007 0.000004 24.344891 1.205172 0.005226 -0.072779
    11 -0.002360 -1.019903 24.031330 0.389663 0.008587 0.021048
    12 0.000000 -0.000002 13.404737 0.000001 0.000005 -0.370241
    13 -0.061540 -5.245835 72.927078 0.000000 0.000000 0.000000
    14 -3.162835 3.043924 -8.319551 0.072886 0.013871 -0.079153
    15 0.000000 -0.005608 -1.146812 0.104373 -0.132542 -0.194485
    16 0.030770 -0.240000 8.906021 -0.004138 0.000000 0.000000
    17 -0.054666 0.645407 0.007414 -0.124365 0.000590 0.244439
    18 0.030770 -0.276858 8.905140 0.056125 0.004134 -0.000049
    19 0.295619 -0.671020 -0.024614 0.227984 0.111539 0.037786
    20 5.669724 4.435303 14.302868 4.752088 -1.227550 -1.235479
    21 -1.044571 -2.839317 19.743267 -0.282682 -0.611381 0.112081
    22 2.655533 -1.533369 24.792658 -0.387015 0.018331 0.594509
    23 1.120163 -0.154394 9.796035 -0.037229 -0.000920 -0.324201
    24 2.240311 -0.308786 19.592051 -0.163970 -0.086271 -0.630293
    25 0.683151 2.877354 14.167051 0.355023 -0.015787 1.363582
    26 0.144936 -0.145374 7.579252 -0.742275 -0.178536 0.064749
    27 0.091660 -0.906685 4.702850 -0.780065 -0.078205 0.104182
    28 0.506271 8.500866 13.617253 0.140230 0.645890 1.395067
    29 -0.384987 -0.460049 7.003448 -0.544737 -0.327747 0.129154
    30 0.561516 -0.596954 5.061852 -0.447479 -0.235505 0.033691
    31 -2.452171 -8.899406 11.597897 -0.851277 -0.801999 1.789155
    32 0.680496 -0.903999 6.074253 -0.581042 0.066114 0.009125
    33 0.245514 -0.661150 3.388004 -0.539269 0.105712 0.038031
    34 -0.717484 -3.784271 13.043911 -0.065872 -0.480585 1.244917
    35 1.099216 -1.407745 8.017889 -0.750254 -0.001487 0.004880
    36 0.068439 -0.807653 3.686054 -0.469191 -0.015860 0.049464
    37 -4.004929 6.172707 4.754754 0.964732 1.223102 3.499924
    38 0.158352 -1.149811 5.804394 -0.091057 -0.008737 0.301801
    39 -1.083523 -1.463142 5.544399 -0.573650 -0.126468 -0.039576
    40 -6.289886 0.932434 13.569063 -0.126803 0.612110 2.869610
    41 1.327774 -0.766687 12.396328 0.026616 -0.020646 0.272960
    42 -0.096140 1.828087 23.185329 0.089207 -0.748597 -1.635740
    43 2.325478 -0.000003 6.169296 -0.323941 -0.096095 1.329615
    44 0.000000 -3.152912 0.122169 2.571402 0.019307 -0.047004
    45 1.068383 -10.478592 7.066338 0.292219 -1.282324 -3.141588
    46 0.000000 0.000000 2.279457 0.547137 -0.343566 0.107833
    47 2.479414 -8.323895 6.074242 -0.007278 -0.039383 1.602276
    48 0.000003 -5.075260 5.929606 0.000000 0.000000 0.000000
    49 -1.068383 -10.478611 7.065971 0.292219 1.282324 3.141588
    50 -0.000488 0.000015 2.279600 0.547136 0.343566 0.107835
    51 -2.479401 -8.323895 6.074234 0.009999 -0.039425 1.607596
    52 -5.790000 4.432083 14.255558 -2.029534 1.143958 0.562148
    53 1.044540 -2.839314 19.743252 -0.034059 0.541025 -0.056693
    54 -2.655510 -1.533379 24.792648 -0.426987 -0.002077 -0.746490
    55 -1.120216 -0.154385 9.795983 -0.041903 0.001899 0.365615
    56 -2.240372 -0.308788 19.592047 0.131881 -0.213257 0.748213
    57 -0.683205 2.877342 14.167089 -0.156045 -0.122049 -1.234729
    58 -0.144958 -0.145317 7.579308 -0.637509 0.153084 -0.015576
    59 -0.038551 -0.936644 4.697678 -0.975593 0.198257 -0.082208
    60 -0.506317 8.500896 13.617329 -0.031017 -0.671922 -1.003931
    61 0.385056 -0.460075 7.003435 -0.598650 0.437633 -0.017038
    62 -0.456360 -0.710276 5.057732 -0.756049 0.428517 -0.142435
    63 2.452194 -8.899408 11.597939 -1.191268 0.969717 -1.762075
    64 -0.680515 -0.903999 6.074242 -0.845593 -0.150733 -0.033418
    65 -0.248295 -0.666843 3.386627 -0.740643 -0.165016 0.033575
    66 0.717491 -3.784309 13.044010 -0.524680 0.392068 -1.460214
    67 -1.099228 -1.407673 8.017876 -0.861021 -0.014551 -0.011509
    68 -0.064053 -0.807640 3.686100 -0.681558 -0.019444 -0.021939
    69 4.004906 6.172710 4.754800 -1.990328 -1.227170 -0.500237
    70 -0.158381 -1.149773 5.804405 -0.555438 0.335686 -0.548022
    71 1.078559 -2.386406 5.215008 -0.680527 0.346334 -0.422085
    72 6.289963 0.932404 13.569109 -0.126801 -0.612098 -2.869612
    73 -1.327759 -0.766682 12.396324 0.033871 0.028772 -0.361045
    74 0.000017 -54.999996 0.000000 0.000000 0.000000 -1.570796
  time 16
    0 0.000000 0.000000 -1.500000 0.000000 0.000000 0.000000
    1 -10.521344 -5.760963 66.994621 3.097005 -0.050653 -3.139334
    2 3.336411 6.382512 10.287107 -0.336166 0.307034 0.188049
    3 -0.000034 0.000012 24.761454 -0.536620 -0.062369 0.001269
    4 0.000017 0.000000 24.344809 1.456729 -0.171068 -0.120268
    5 0.002333 -1.019846 24.031336 0.805038 -0.045946 -0.001783
    6 0.000034 0.000008 13.404741 -0.000001 -0.000009 0.000841
    7 10.398263 -5.760962 66.994675 3.097005 0.050653 3.139334
    8 5.164054 0.635650 7.722384 0.672362 -0.514830 0.191412
    9 -0.000004 -0.000006 24.761459 -1.067649 0.123869 -0.675376
    10 -0.000007 0.000004 24.344891 1.207238 0.037956 -0.056910
    11 -0.002360 -1.019903 24.031330 0.389663 0.008587 0.021048
    12 0.000000 -0.000002 13.404737 0.000001 0.000005 -0.370069
    13 -0.061540 -5.245835 72.927078 0.000000 0.000000 0.000000
    14 -4.791791 3.102152 -8.882828 0.072790 0.025845 -0.078313
    15 0.000000 -0.005608 -1.146812 0.111614 -0.129656 -0.196904
    16 0.030770 -0.240000 8.906021 -0.004138 0.000000 0.000000
    17 -0.066385 0.645407 0.015227 -0.126048 -0.005601 0.191088
    18 0.030770 -0.276858 8.905140 0.056125 0.004134 -0.000049
    19 0.338589 -0.733522 -0.032426 0.253362 0.125075 0.034550
    20 5.669724 4.435303 14.302868 4.810851 -1.227233 -1.260012
    21 -1.044571 -2.839317 19.743267 -0.275686 -0.646814 0.114563
    22 2.655533 -1.533369 24.792658 -0.417306 0.021251 0.574534
    23 1.120163 -0.154394 9.796035 -0.036738 -0.000836 -0.319716
    24 2.240311 -0.308786 19.592051 -0.166930 -0.107222 -0.619691
    25 0.683151 2.877354 14.167051 0.356943 -0.009220 1.369002
    26 0.144936 -0.145374 7.579252 -0.684519 -0.170686 0.058122
    27 0.091660 -0.906685 4.702850 -0.750349 -0.067071 0.108532
    28 0.506271 8.500866 13.617253 0.118245 0.669661 1.373434
    29 -0.384987 -0.460049 7.003448 -0.509665 -0.316697 0.119578
    30 0.561516 -0.596954 5.061852 -0.422988 -0.233911 0.026201
    31 -2.452171 -8.899406 11.597897 -0.806470 -0.803672 1.837528
    32 0.680496 -0.903999 6.074253 -0.540634 0.062003 0.007638
    33 0.245514 -0.661150 3.388004 -0.509764 0.104885 0.049824
    34 -0.717484 -3.784271 13.043911 -0.054716 -0.492521 1.242950
    35 1.099216 -1.407745 8.017889 -0.705549 -0.003225 0.004916
    36 0.068439 -0.807653 3.686054 -0.426298 -0.019982 0.056451
    37 -4.004929 6.172707 4.754754 0.954553 1.258891 3.478300
    38 0.158352 -1.149811 5.804394 -0.051433 -0.021873 0.322007
    39 -1.083523 -1.463142 5.544399 -0.538806 -0.129020 -0.029438
    40 -6.289886 0.932434 13.569063 -0.126803 0.612110 2.869610
    41 1.327774 -0.766687 12.396328 0.025861 -0.019891 0.264323
    42 -0.096140 1.828087 23.185329 0.089207 -0.748597 -1.635740
    43 2.325478 -0.000003 6.169296 -0.332106 -0.061876 1.429477
    44 0.000000 -3.152912 0.122169 2.571760 -0.009192 0.022363
    45 1.068383 -10.478592 7.066338 0.292219 -1.282324 -3.141588
    46 0.000000 0.000000 2.279457 0.547137 -0.343566 0.107833
    47 2.479414 -8.323895 6.074242 -0.007251 -0.039383 1.602276
    48 0.000003 -5.075260 5.925699 0.000000 0.000000 0.000000
    49 -1.068383 -10.478611 7.065971 0.292219 1.282324 3.141588
    50 -0.000488 0.000015 2.279600 0.547136 0.343566 0.107835
    51 -2.479401 -8.323895 6.074234 0.009999 -0.039425 1.607596
    52 -5.790000 4.432083 14.255558 -2.047459 1.118413 0.552375
    53 1.044540 -2.839314 19.743252 -0.094836 0.508422 -0.070382
    54 -2.655510 -1.533379 24.792648 -0.452200 -0.003889 -0.737629
    55 -1.120216 -0.154385 9.795983 -0.041268 0.001767 0.359902
    56 -2.240372 -0.308788 19.592047 0.138143 -0.216673 0.736958
    57 -0.683205 2.877342 14.167089 -0.133424 -0.123442 -1.240192
    58 -0.144958 -0.145317 7.579308 -0.625303 0.151646 -0.012640
    59 -0.038551 -0.936644 4.697678 -0.943344 0.192648 -0.076335
    60 -0.506317 8.500896 13.617329 -0.024908 -0.700615 -1.019881
    61 0.385056 -0.460075 7.003435 -0.588204 0.432130 -0.012934
    62 -0.456360 -0.710276 5.057732 -0.722916 0.414394 -0.129833
    63 2.452194 -8.899408 11.597939 -1.181516 0.971599 -1.797682
    64 -0.680515 -0.903999 6.074242 -0.824519 -0.145340 -0.033142
    65 -0.248295 -0.666843 3.386627 -0.707005 -0.160677 0.031262
    66 0.717491 -3.784309 13.044010 -0.494440 0.404807 -1.464133
    67 -1.099228 -1.407673 8.017876 -0.837429 -0.012873 -0.010814
    68 -0.064053 -0.807640 3.686100 -0.649258 -0.017502 -0.021148
    69 4.004906 6.172710 4.754800 -1.996352 -1.256133 -0.491150
    70 -0.158381 -1.149773 5.804405 -0.549264 0.311207 -0.513445
    71 1.078559 -2.386406 5.215008 -0.640587 0.317662 -0.426177
    72 6.289963 0.932404 13.569109 -0.126801 -0.612098 -2.869612
    73 -1.327759 -0.766682 12.396324 0.032553 0.027166 -0.344158
    74 0.000017 -54.999996 0.000000 0.000000 0.000000 -1.570796
  time 17
    0 0.000000 0.000000 -1.500000 0.000000 0.000000 0.000000
    1 -10.521344 -5.760963 66.994621 3.097005 -0.050653 -3.139334
    2 4.836456 6.456174 11.027117 -0.313347 0.284292 0.194078
    3 -0.000034 0.000012 24.761454 -0.617800 -0.071765 0.008313
    4 0.000017 0.000000 24.344809 1.522507 -0.134648 -0.114111
    5 0.002333 -1.019846 24.031336 0.798990 -0.045946 -0.001507
    6 0.000034 0.000008 13.404741 -0.000001 -0.000009 0.001010
    7 10.398263 -5.760962 66.994675 3.097005 0.050653 3.139334
    8 6.761759 0.660629 8.082067 0.667841 -0.562274 0.191247
    9 -0.000004 -0.000006 24.761459 -1.079639 0.125259 -0.688439
    10 -0.000007 0.000004 24.344891 1.200074 0.068553 -0.039212
    11 -0.002360 -1.019903 24.031330 0.389663 0.008587 0.021048
    12 0.000000 -0.000002 13.404737 0.000001 0.000005 -0.374685
    13 -0.061540 -5.245835 72.927078 0.000000 0.000000 0.000000
    14 -6.424653 3.148735 -9.446106 0.072470 0.012081 -0.079273
    15 0.000000 -0.005608 -1.146812 0.118344 -0.126833 -0.199078
    16 0.030770 -0.240000 8.906021 -0.004138 0.000000 0.000000
    17 -0.070291 0.590718 0.015227 -0.115358 -0.013438 0.141371
    18 0.030770 -0.276858 8.905140 0.056125 0.004134 -0.000049
    19 0.404997 -0.647582 -0.032426 0.220584 0.150625 0.025934
    20 5.669724 4.435303 14.302868 4.704810 -1.200771 -1.172229
    21 -1.044571 -2.839317 19.743267 -0.190711 -0.628967 0.091748
    22 2.655533 -1.533369 24.792658 -0.441825 0.026016 0.536605
    23 1.120163 -0.154394 9.796035 -0.036199 -0.000741 -0.314818
    24 2.240311 -0.308786 19.592051 -0.170455 -0.126284 -0.608257
    25 0.683151 2.877354 14.167051 0.353267 -0.004210 1.373860
    26 0.144936 -0.145374 7.579252 -0.632106 -0.163291 0.052621
    27 0.091660 -0.906685 4.702850 -0.719671 -0.056477 0.111816
    28 0.506271 8.500866 13.617253 0.098236 0.689171 1.352447
    29 -0.384987 -0.460049 7.003448 -0.478328 -0.306570 0.111393
    30 0.561516 -0.596954 5.061852 -0.397890 -0.231083 0.019130
    31 -2.452171 -8.899406 11.597897 -0.762828 -0.799291 1.880505
    32 0.680496 -0.903999 6.074253 -0.512756 0.059019 0.006572
    33 0.245514 -0.661150 3.388004 -0.488035 0.104513 0.059795
    34 -0.717484 -3.784271 13.043911 -0.051894 -0.502445 1.242289
    35 1.099216 -1.407745 8.017889 -0.672175 -0.004687 0.004975
    36 0.068439 -0.807653 3.686054 -0.392289 -0.023266 0.062527
    37 -4.004929 6.172707 4.754754 0.945726 1.285913 3.461364
    38 0.158352 -1.149811 5.804394 -0.019989 -0.035433 0.339480
    39 -1.083523 -1.463142 5.544399 -0.508462 -0.131813 -0.017767
    40 -6.289886 0.932434 13.569063 -0.126803 0.612110 2.869610
    41 1.327774 -0.766687 12.396328 0.024447 -0.018489 0.248354
    42 -0.096140 1.828087 23.185329 0.089207 -0.748597 -1.635740
    43 2.325478 -0.000003 6.169296 -0.336881 -0.023244 1.539556
    44 0.000000 -3.152912 0.122169 2.570149 -0.037692 0.091802
    45 1.068383 -10.478592 7.066338 0.292219 -1.282324 -3.141588
    46 0.000000 0.000000 2.279457 0.547137 -0.343566 0.107833
    47 2.479414 -8.323895 6.074242 -0.007251 -0.039383 1.602276
    48 0.000003 -5.075260 5.929606 0.000000 0.000000 0.000000
    49 -1.068383 -10.478611 7.065971 0.292219 1.282324 3.141588
    50 -0.000488 0.000015 2.279600 0.547136 0.343566 0.107835
    51 -2.479401 -8.323895 6.074234 0.009999 -0.039425 1.607596
    52 -5.790000 4.432083 14.255558 -2.062030 1.090625 0.542506
    53 1.044540 -2.839314 19.743252 -0.128786 0.461870 -0.077050
    54 -2.655510 -1.533379 24.792648 -0.336703 0.000085 -0.746490
    55 -1.120216 -0.154385 9.795983 -0.040573 0.001612 0.353645
    56 -2.240372 -0.308788 19.592047 0.143947 -0.218851 0.724327
    57 -0.683205 2.877342 14.167089 -0.107785 -0.122864 -1.246771
    58 -0.144958 -0.145317 7.579308 -0.610372 0.149536 -0.009320
    59 -0.038551 -0.936644 4.697678 -0.904241 0.185685 -0.069432
    60 -0.506317 8.500896 13.617329 -0.023173 -0.728738 -1.041222
    61 0.385056 -0.460075 7.003435 -0.574693 0.425182 -0.007865
    62 -0.456360 -0.710276 5.057732 -0.685556 0.397900 -0.116213
    63 2.452194 -8.899408 11.597939 -1.162329 0.972807 -1.832121
    64 -0.680515 -0.903999 6.074242 -0.798756 -0.139180 -0.032782
    65 -0.248295 -0.666843 3.386627 -0.666582 -0.155872 0.028482
    66 0.717491 -3.784309 13.044010 -0.455333 0.417870 -1.466849
    67 -1.099228 -1.407673 8.017876 -0.808401 -0.010967 -0.010083
    68 -0.064053 -0.807640 3.686100 -0.607954 -0.015225 -0.020273
    69 4.004906 6.172710 4.754800 -1.995072 -1.286664 -0.488203
    70 -0.158381 -1.149773 5.804405 -0.541939 0.286673 -0.476875
    71 1.078559 -2.386406 5.215008 -0.602510 0.291165 -0.425410
    72 6.289963 0.932404 13.569109 -0.126801 -0.612098 -2.869612
    73 -1.327759 -0.766682 12.396324 0.032721 0.027382 -0.346379
    74 0.000017 -54.999996 0.000000 0.000000 0.000000 -1.570796
  time 18
    0 0.000000 0.000000 -1.500000 0.000000 0.000000 0.000000
    1 -10.521344 -5.760963 66.994621 3.097005 -0.050653 -3.139334
    2 3.996587 6.566667 10.488928 -0.347780 0.289720 0.183112
    3 -0.000034 0.000012 24.761454 -0.529709 -0.061566 0.013769
    4 0.000017 0.000000 24.344809 1.475901 -0.157464 -0.115947
    5 0.002333 -1.019846 24.031336 0.794174 -0.045958 -0.001267
    6 0.000034 0.000008 13.404741 -0.000001 -0.000009 0.005925
    7 10.398263 -5.760962 66.994675 3.097005 0.050653 3.139334
    8 5.925796 0.735565 7.160380 0.635679 -0.524523 0.212454
    9 -0.000004 -0.000006 24.761459 -1.015347 0.117829 -0.685891
    10 -0.000007 0.000004 24.344891 1.177678 0.052621 -0.044593
    11 -0.002360 -1.019903 24.031330 0.389663 0.008587 0.021048
    12 0.000000 -0.000002 13.404737 0.000001 0.000005 -0.378700
    13 -0.061540 -5.245835 72.927078 0.000000 0.000000 0.000000
    14 -5.752758 3.195318 -8.702579 0.071958 -0.013399 -0.081075
    15 0.000000 -0.005608 -1.146812 0.124564 -0.124198 -0.200953
    16 0.030770 -0.240000 8.906021 -0.004138 0.000000 0.000000
    17 -0.082011 0.536029 0.015227 -0.105194 -0.015274 0.189012
    18 0.030770 -0.276858 8.905140 0.056125 0.004134 -0.000049
    19 0.436248 -0.592892 -0.032426 0.201497 0.163152 0.029996
    20 5.669724 4.435303 14.302868 4.608530 -1.173394 -1.092879
    21 -1.044571 -2.839317 19.743267 -0.205143 -0.558310 0.091438
    22 2.655533 -1.533369 24.792658 -0.320705 0.025171 0.519298
    23 1.120163 -0.154394 9.796035 -0.035576 -0.000645 -0.309472
    24 2.240311 -0.308786 19.592051 -0.174241 -0.143275 -0.596270
    25 0.683151 2.877354 14.167051 0.342790 -0.001286 1.377919
    26 0.144936 -0.145374 7.579252 -0.587639 -0.156760 0.048306
    27 0.091660 -0.906685 4.702850 -0.688627 -0.046973 0.113662
    28 0.506271 8.500866 13.617253 0.082056 0.703144 1.333556
    29 -0.384987 -0.460049 7.003448 -0.452362 -0.297977 0.104825
    30 0.561516 -0.596954 5.061852 -0.372578 -0.226804 0.012730
    31 -2.452171 -8.899406 11.597897 -0.721667 -0.788038 1.915993
    32 0.680496 -0.903999 6.074253 -0.500860 0.057905 0.006033
    33 0.245514 -0.661150 3.388004 -0.476745 0.104274 0.067225
    34 -0.717484 -3.784271 13.043911 -0.059258 -0.509600 1.243242
    35 1.099216 -1.407745 8.017889 -0.653548 -0.005334 0.004928
    36 0.068439 -0.807653 3.686054 -0.370114 -0.025855 0.067321
    37 -4.004929 6.172707 4.754754 0.941672 1.301493 3.453805
    38 0.158352 -1.149811 5.804394 0.000649 -0.048671 0.352963
    39 -1.083523 -1.463142 5.544399 -0.484134 -0.135049 -0.004659
    40 -6.289886 0.932434 13.569063 -0.126803 0.612110 2.869610
    41 1.327774 -0.766687 12.396328 0.023632 -0.017698 0.239165
    42 -0.096140 1.828087 23.185329 0.089207 -0.748597 -1.635740
    43 2.325478 -0.000003 6.169296 -0.327570 -0.048232 1.467154
    44 0.000000 -3.152912 0.122169 2.571028 -0.026318 0.064082
    45 1.068383 -10.478592 7.066338 0.292219 -1.282324 -3.141588
    46 0.000000 0.000000 2.279457 0.547137 -0.343566 0.107833
    47 2.479414 -8.323895 6.074242 -0.007251 -0.039383 1.602276
    48 0.000003 -5.075260 5.925699 0.000000 0.000000 0.000000
    49 -1.068383 -10.478611 7.065971 0.292219 1.282324 3.141588
    50 -0.000488 0.000015 2.279600 0.547136 0.343566 0.107835
    51 -2.479401 -8.323895 6.074234 0.009999 -0.039425 1.607596
    52 -5.790000 4.432083 14.255558 -2.041133 1.089379 0.540206
    53 1.044540 -2.839314 19.743252 -0.100958 0.488029 -0.072124
    54 -2.655510 -1.533379 24.792648 -0.351096 0.001107 -0.757698
    55 -1.120216 -0.154385 9.795983 -0.039794 0.001444 0.346817
    56 -2.240372 -0.308788 19.592047 0.149522 -0.219940 0.710666
    57 -0.683205 2.877342 14.167089 -0.078928 -0.119939 -1.254594
    58 -0.144958 -0.145317 7.579308 -0.592063 0.146708 -0.005677
    59 -0.038551 -0.936644 4.697678 -0.858284 0.177080 -0.061678
    60 -0.506317 8.500896 13.617329 -0.026718 -0.755719 -1.069169
    61 0.385056 -0.460075 7.003435 -0.557728 0.416669 -0.001847
    62 -0.456360 -0.710276 5.057732 -0.643824 0.378818 -0.101855
    63 2.452194 -8.899408 11.597939 -1.131799 0.973365 -1.864129
    64 -0.680515 -0.903999 6.074242 -0.767711 -0.132336 -0.032291
    65 -0.248295 -0.666843 3.386627 -0.618706 -0.150383 0.025246
    66 0.717491 -3.784309 13.044010 -0.406163 0.430934 -1.467878
    67 -1.099228 -1.407673 8.017876 -0.773433 -0.008726 -0.009363
    68 -0.064053 -0.807640 3.686100 -0.556803 -0.012661 -0.019350
    69 4.004906 6.172710 4.754800 -1.981670 -1.318657 -0.495571
    70 -0.158381 -1.149773 5.804405 -0.533358 0.262386 -0.438752
    71 1.078559 -2.386406 5.215008 -0.567252 0.267701 -0.418395
    72 6.289963 0.932404 13.569109 -0.126801 -0.612098 -2.869612
    73 -1.327759 -0.766682 12.396324 0.033607 0.028437 -0.357436
    74 0.000017 -54.999996 0.000000 0.000000 0.000000 -1.570796
  time 19
    0 0.000000 0.000000 -1.500000 0.000000 0.000000 0.000000
    1 -10.521344 -5.760963 66.994621 3.097005 -0.050653 -3.139334
    2 2.742643 6.677160 9.816192 -0.402914 0.298015 0.169306
    3 -0.000034 0.000012 24.761454 -0.393650 -0.045794 0.019551
    4 0.000017 0.000000 24.344809 1.400815 -0.193431 -0.113916
    5 0.002333 -1.019846 24.031336 0.790777 -0.045958 -0.001111
    6 0.000034 0.000008 13.404741 -0.000001 -0.000009 0.013687
    7 10.398263 -5.760962 66.994675 3.097005 0.050653 3.139334
    8 4.640600 0.810501 6.396054 0.615034 -0.478688 0.228462
    9 -0.000004 -0.000006 24.761459 -0.961119 0.111537 -0.680867
    10 -0.000007 0.000004 24.344891 1.161995 0.028090 -0.054366
    11 -0.002360 -1.019903 24.031330 0.389663 0.008587 0.021048
    12 0.000000 -0.000002 13.404737 0.000001 0.000005 -0.381105
    13 -0.061540 -5.245835 72.927078 0.000000 0.000000 0.000000
    14 -4.557409 3.241900 -7.981584 0.071286 -0.027163 -0.082156
    15 0.000000 -0.005608 -1.146812 0.130242 -0.121751 -0.202583
    16 0.030770 -0.240000 8.906021 -0.004138 0.000000 0.000000
    17 -0.070291 0.528216 0.019134 -0.105804 -0.009134 0.232699
    18 0.030770 -0.276858 8.905140 0.056125 0.004134 -0.000049
    19 0.365933 -0.659301 -0.028520 0.229270 0.134970 0.037762
    20 5.669724 4.435303 14.302868 4.640591 -1.179560 -1.091633
    21 -1.044571 -2.839317 19.743267 -0.306115 -0.556484 0.110192
    22 2.655533 -1.533369 24.792658 -0.193423 0.022058 0.539031
    23 1.120163 -0.154394 9.796035 -0.034916 -0.000537 -0.303677
    24 2.240311 -0.308786 19.592051 -0.178245 -0.158102 -0.583728
    25 0.683151 2.877354 14.167051 0.324358 -0.000902 1.380904
    26 0.144936 -0.145374 7.579252 -0.553487 -0.151534 0.045226
    27 0.091660 -0.906685 4.702850 -0.657767 -0.038979 0.113686
    28 0.506271 8.500866 13.617253 0.071742 0.710438 1.318240
    29 -0.384987 -0.460049 7.003448 -0.433190 -0.291578 0.100175
    30 0.561516 -0.596954 5.061852 -0.347516 -0.220872 0.007217
    31 -2.452171 -8.899406 11.597897 -0.685518 -0.769038 1.942487
    32 0.680496 -0.903999 6.074253 -0.508751 0.058720 0.006368
    33 0.245514 -0.661150 3.388004 -0.477810 0.104561 0.071552
    34 -0.717484 -3.784271 13.043911 -0.078924 -0.513243 1.246131
    35 1.099216 -1.407745 8.017889 -0.653198 -0.005346 0.004928
    36 0.068439 -0.807653 3.686054 -0.362651 -0.027209 0.070533
    37 -4.004929 6.172707 4.754754 0.945996 1.302866 3.459737
    38 0.158352 -1.149811 5.804394 0.007938 -0.061205 0.361053
    39 -1.083523 -1.463142 5.544399 -0.467863 -0.138512 0.009774
    40 -6.289886 0.932434 13.569063 -0.126803 0.612110 2.869610
    41 1.327774 -0.766687 12.396328 0.024698 -0.018753 0.251317
    42 -0.096140 1.828087 23.185329 0.089207 -0.748565 -1.635740
    43 2.325478 -0.000003 6.169296 -0.321554 -0.072091 1.395272
    44 0.000000 -3.152912 0.122169 2.571874 -0.003140 0.007610
    45 1.068383 -10.478592 7.066338 0.292219 -1.282324 -3.141588
    46 0.000000 0.000000 2.279457 0.547137 -0.343566 0.107833
    47 2.479414 -8.323895 6.074242 -0.007251 -0.039383 1.602276
    48 0.000003 -5.075260 5.929606 0.000000 0.000000 0.000000
    49 -1.068383 -10.478611 7.065971 0.292219 1.282324 3.141588
    50 -0.000488 0.000015 2.279600 0.547136 0.343566 0.107835
    51 -2.479401 -8.323895 6.074234 0.009999 -0.039425 1.607596
    52 -5.790000 4.432083 14.255558 -2.021578 1.091871 0.536853
    53 1.044540 -2.839314 19.743252 -0.095448 0.507701 -0.070518
    54 -2.655510 -1.533379 24.792648 -0.377819 -0.002970 -0.727860
    55 -1.120216 -0.154385 9.795983 -0.038955 0.001252 0.339363
    56 -2.240372 -0.308788 19.592047 0.154791 -0.219940 0.695802
    57 -0.683205 2.877342 14.167089 -0.046904 -0.114229 -1.263751
    58 -0.144958 -0.145317 7.579308 -0.570103 0.142993 -0.001710
    59 -0.038551 -0.936644 4.697678 -0.804634 0.166582 -0.053145
    60 -0.506317 8.500896 13.617329 -0.035618 -0.781118 -1.104753
    61 0.385056 -0.460075 7.003435 -0.537138 0.406368 0.005151
    62 -0.456360 -0.710276 5.057732 -0.597672 0.356955 -0.086936
    63 2.452194 -8.899408 11.597939 -1.087814 0.973458 -1.892324
    64 -0.680515 -0.903999 6.074242 -0.730844 -0.124786 -0.031596
    65 -0.248295 -0.666843 3.386627 -0.562753 -0.144175 0.021567
    66 0.717491 -3.784309 13.044010 -0.345683 0.443673 -1.466762
    67 -1.099228 -1.407673 8.017876 -0.732133 -0.006437 -0.008501
    68 -0.064053 -0.807640 3.686100 -0.494397 -0.009485 -0.018260
    69 4.004906 6.172710 4.754800 -1.948391 -1.351884 -0.520048
    70 -0.158381 -1.149773 5.804405 -0.523313 0.238728 -0.399398
    71 1.078559 -2.386406 5.215008 -0.536007 0.248066 -0.403634
    72 6.289963 0.932404 13.569109 -0.126801 -0.612098 -2.869612
    73 -1.327759 -0.766682 12.396324 0.032493 0.027106 -0.343603
    74 0.000017 -54.999996 0.000000 0.000000 0.000000 -1.570796
  time 20
    0 0.000000 0.000000 -1.500000 0.000000 0.000000 0.000000
    1 -10.521344 -5.760963 66.994621 3.097005 -0.050653 -3.139334
    2 2.129343 6.726268 10.107711 -0.398746 0.311960 0.168913
    3 -0.000034 0.000012 24.761454 -0.401374 -0.046693 0.012018
    4 0.000017 0.000000 24.344809 1.411973 -0.205020 -0.117092
    5 0.002333 -1.019846 24.031336 0.789134 -0.045970 -0.001039
    6 0.000034 0.000008 13.404741 -0.000001 -0.000009 0.009489
    7 10.398263 -5.760962 66.994675 3.097005 0.050653 3.139334
    8 4.046832 0.835480 6.958058 0.644295 -0.484248 0.223016
    9 -0.000004 -0.000006 24.761459 -1.011717 0.117410 -0.688511
    10 -0.000007 0.000004 24.344891 1.187101 0.015669 -0.065149
    11 -0.002360 -1.019903 24.031330 0.389663 0.008587 0.021048
    12 0.000000 -0.000002 13.404737 0.000001 0.000005 -0.388791
    13 -0.061540 -5.245835 72.927078 0.000000 0.000000 0.000000
    14 -3.893326 3.276837 -8.432206 0.070390 -0.017958 -0.081375
    15 0.000000 -0.005608 -1.146812 0.135345 -0.119602 -0.204051
    16 0.030770 -0.240000 8.906021 -0.004138 0.000000 0.000000
    17 -0.039040 0.528216 0.015227 -0.106877 -0.005120 0.178669
    18 0.030770 -0.276858 8.905140 0.056125 0.004134 -0.000049
    19 0.287806 -0.702271 -0.028520 0.243854 0.107569 0.030631
    20 5.669724 4.435303 14.302868 4.696770 -1.188651 -1.109075
    21 -1.044571 -2.839317 19.743267 -0.335809 -0.625262 0.125928
    22 2.655533 -1.533369 24.792658 -0.270018 0.021136 0.550838
    23 1.120163 -0.154394 9.796035 -0.034233 -0.000429 -0.297675
    24 2.240311 -0.308786 19.592051 -0.181944 -0.170442 -0.570712
    25 0.683151 2.877354 14.167051 0.296490 -0.003647 1.382740
    26 0.144936 -0.145374 7.579252 -0.532206 -0.148095 0.043429
    27 0.091660 -0.906685 4.702850 -0.627363 -0.033011 0.111517
    28 0.506271 8.500866 13.617253 0.068778 0.709932 1.308009
    29 -0.384987 -0.460049 7.003448 -0.422377 -0.287982 0.097646
    30 0.561516 -0.596954 5.061852 -0.323168 -0.213117 0.002855
    31 -2.452171 -8.899406 11.597897 -0.657318 -0.741234 1.959238
    32 0.680496 -0.903999 6.074253 -0.540079 0.061788 0.007674
    33 0.245514 -0.661150 3.388004 -0.493787 0.105676 0.072151
    34 -0.717484 -3.784271 13.043911 -0.112745 -0.512560 1.251202
    35 1.099216 -1.407745 8.017889 -0.674620 -0.004471 0.004940
    36 0.068439 -0.807653 3.686054 -0.372886 -0.027233 0.071815
    37 -4.004929 6.172707 4.754754 0.959868 1.287216 3.481362
    38 0.158352 -1.149811 5.804394 -0.000452 -0.073181 0.362251
    39 -1.083523 -1.463142 5.544399 -0.461376 -0.141628 0.025575
    40 -6.289886 0.932434 13.569063 -0.126803 0.612110 2.869610
    41 1.327774 -0.766687 12.396328 0.025202 -0.019232 0.256891
    42 -0.096140 1.828087 23.185329 0.089207 -0.748597 -1.635740
    43 2.325478 -0.000003 6.169296 -0.326520 -0.033893 1.508145
    44 0.000000 -3.152912 0.122169 2.571760 0.009588 -0.023334
    45 1.068383 -10.478592 7.066338 0.292219 -1.282324 -3.141588
    46 0.000000 0.000000 2.279457 0.547137 -0.343566 0.107833
    47 2.479414 -8.323895 6.074242 -0.007251 -0.039383 1.602276
    48 0.000003 -5.075260 5.925699 0.000000 0.000000 0.000000
    49 -1.068383 -10.478611 7.065971 0.292219 1.282324 3.141588
    50 -0.000488 0.000015 2.279600 0.547136 0.343566 0.107835
    51 -2.479401 -8.323895 6.074234 0.009999 -0.039425 1.607596
    52 -5.790000 4.432083 14.255558 -2.046117 1.078330 0.519127
    53 1.044540 -2.839314 19.743252 -0.148043 0.448218 -0.079826
    54 -2.655510 -1.533379 24.792648 -0.348479 -0.005028 -0.704687
    55 -1.120216 -0.154385 9.795983 -0.038032 0.001072 0.331310
    56 -2.240372 -0.308788 19.592047 0.160137 -0.219148 0.679735
    57 -0.683205 2.877342 14.167089 -0.011216 -0.100738 -1.276293
    58 -0.144958 -0.145317 7.579308 -0.533321 0.136149 0.003923
    59 -0.038551 -0.936644 4.697678 -0.746941 0.154669 -0.044612
    60 -0.506317 8.500896 13.617329 -0.054172 -0.800575 -1.138944
    61 0.385056 -0.460075 7.003435 -0.505670 0.390787 0.015227
    62 -0.456360 -0.710276 5.057732 -0.533592 0.325389 -0.068085
    63 2.452194 -8.899408 11.597939 -1.034992 0.975061 -1.915346
    64 -0.680515 -0.903999 6.074242 -0.691660 -0.116073 -0.030661
    65 -0.248295 -0.666843 3.386627 -0.493104 -0.136277 0.017204
    66 0.717491 -3.784309 13.044010 -0.283610 0.457216 -1.466080
    67 -1.099228 -1.407673 8.017876 -0.686742 -0.003621 -0.007446
    68 -0.064053 -0.807640 3.686100 -0.422594 -0.005949 -0.016750
    69 4.004906 6.172710 4.754800 -1.856837 -1.384358 -0.593152
    70 -0.158381 -1.149773 5.804405 -0.505280 0.210005 -0.344514
    71 1.078559 -2.386406 5.215008 -0.493631 0.223315 -0.365088
    72 6.289963 0.932404 13.569109 -0.126801 -0.612098 -2.869612
    73 -1.327759 -0.766682 12.396324 0.030635 0.024973 -0.320748
    74 0.000017 -54.999996 0.000000 0.000000 0.000000 -1.570796
  time 21
    0 0.000000 0.000000 -1.500000 0.000000 0.000000 0.000000
    1 -10.521344 -5.760963 66.994621 3.097005 -0.050653 -3.139334
    2 3.363755 6.775376 10.556201 -0.371214 0.297013 0.181714
    3 -0.000034 0.000012 24.761454 -0.475562 -0.055286 0.009534
    4 0.000017 0.000000 24.344809 1.465483 -0.173738 -0.116379
    5 0.002333 -1.019846 24.031336 0.789545 -0.045958 -0.001051
    6 0.000034 0.000008 13.404741 -0.000001 -0.000009 0.005524
    7 10.398263 -5.760962 66.994675 3.097005 0.050653 3.139334
    8 5.285151 0.860459 7.722384 0.664855 -0.530706 0.209566
    9 -0.000004 -0.000006 24.761459 -1.061985 0.123222 -0.697195
    10 -0.000007 0.000004 24.344891 1.198718 0.038978 -0.055838
    11 -0.002360 -1.019903 24.031330 0.389663 0.008587 0.021048
    12 0.000000 -0.000002 13.404737 0.000001 0.000005 -0.388705
    13 -0.061540 -5.245835 72.927078 0.000000 0.000000 0.000000
    14 -4.994922 3.300129 -8.995484 0.069269 0.002240 -0.079994
    15 0.000000 -0.005608 -1.146812 0.139938 -0.117814 -0.205301
    16 0.030770 -0.240000 8.906021 -0.004138 0.000000 0.000000
    17 -0.050760 0.500871 0.019134 -0.100017 -0.012805 0.125278
    18 0.030770 -0.276858 8.905140 0.056125 0.004134 -0.000049
    19 0.369840 -0.639769 -0.024614 0.220334 0.137068 0.023105
    20 5.669724 4.435303 14.302868 4.727875 -1.166876 -1.119904
    21 -1.044571 -2.839317 19.743267 -0.324607 -0.642796 0.126012
    22 2.655533 -1.533369 24.792658 -0.238208 0.024940 0.512748
    23 1.120163 -0.154394 9.796035 -0.033514 -0.000309 -0.291363
    24 2.240311 -0.308786 19.592051 -0.185207 -0.180342 -0.557419
    25 0.683151 2.877354 14.167051 0.266813 -0.007734 1.383914
    26 0.144936 -0.145374 7.579252 -0.554091 -0.152889 0.045562
    27 0.091660 -0.906685 4.702850 -0.613810 -0.032592 0.107753
    28 0.506271 8.500866 13.617253 0.086873 0.697563 1.307947
    29 -0.384987 -0.460049 7.003448 -0.441122 -0.293999 0.101302
    30 0.561516 -0.596954 5.061852 -0.326524 -0.211607 0.003166
    31 -2.452171 -8.899406 11.597897 -0.653774 -0.709447 1.947534
    32 0.680496 -0.903999 6.074253 -0.606382 0.068919 0.009904
    33 0.245514 -0.661150 3.388004 -0.530162 0.107054 0.067058
    34 -0.717484 -3.784271 13.043911 -0.161073 -0.502433 1.260207
    35 1.099216 -1.407745 8.017889 -0.728639 -0.002374 0.004928
    36 0.068439 -0.807653 3.686054 -0.408103 -0.025172 0.070173
    37 -4.004929 6.172707 4.754754 0.966173 1.252800 3.497054
    38 0.158352 -1.149811 5.804394 -0.026642 -0.086110 0.355336
    39 -1.083523 -1.463142 5.544399 -0.499411 -0.148687 0.041900
    40 -6.289886 0.932434 13.569063 -0.126803 0.612110 2.869610
    41 1.327774 -0.766687 12.396328 0.023835 -0.017914 0.241525
    42 -0.096140 1.828087 23.185329 0.089207 -0.748597 -1.635740
    43 2.325478 -0.000003 6.169296 -0.327427 0.001107 1.611159
    44 0.000000 -3.152912 0.122169 2.571630 -0.014010 0.034072
    45 1.068383 -10.478592 7.066338 0.292219 -1.282324 -3.141588
    46 0.000000 0.000000 2.279457 0.547137 -0.343566 0.107833
    47 2.479414 -8.323895 6.074242 -0.007251 -0.039383 1.602276
    48 0.000003 -5.075260 5.929606 0.000000 0.000000 0.000000
    49 -1.068383 -10.478611 7.065971 0.292219 1.282324 3.141588
    50 -0.000488 0.000015 2.279600 0.547136 0.343566 0.107835
    51 -2.479401 -8.323895 6.074234 0.009999 -0.039425 1.607596
    52 -5.790000 4.432083 14.255558 -2.060496 1.068486 0.513186
    53 1.044540 -2.839314 19.743252 -0.189396 0.415275 -0.084398
    54 -2.655510 -1.533379 24.792648 -0.282905 -0.001054 -0.729753
    55 -1.120216 -0.154385 9.795983 -0.037061 0.000893 0.322687
    56 -2.240372 -0.308788 19.592047 0.165406 -0.217366 0.662465
    57 -0.683205 2.877342 14.167089 0.023927 -0.077020 -1.292580
    58 -0.144958 -0.145317 7.579308 -0.481172 0.125795 0.011197
    59 -0.038551 -0.936644 4.697678 -0.689297 0.142433 -0.036750
    60 -0.506317 8.500896 13.617329 -0.081777 -0.809292 -1.165363
    61 0.385056 -0.460075 7.003435 -0.463410 0.369341 0.028013
    62 -0.456360 -0.710276 5.057732 -0.449448 0.281684 -0.046268
    63 2.452194 -8.899408 11.597939 -0.980618 0.977570 -1.931267
    64 -0.680515 -0.903999 6.074242 -0.655064 -0.106773 -0.029355
    65 -0.248295 -0.666843 3.386627 -0.412839 -0.125910 0.012710
    66 0.717491 -3.784309 13.044010 -0.231749 0.471346 -1.468362
    67 -1.099228 -1.407673 8.017876 -0.642136 -0.000685 -0.005864
    68 -0.064053 -0.807640 3.686100 -0.348765 -0.001862 -0.014616
    69 4.004906 6.172710 4.754800 -1.662735 -1.415285 -0.757452
    70 -0.158381 -1.149773 5.804405 -0.475492 0.172027 -0.265690
    71 1.078559 -2.386406 5.215008 -0.433673 0.188364 -0.297422
    72 6.289963 0.932404 13.569109 -0.126801 -0.612098 -2.869612
    73 -1.327759 -0.766682 12.396324 0.031354 0.025788 -0.329538
    74 0.000017 -54.999996 0.000000 0.000000 0.000000 -1.570796
  time 22
    0 0.000000 0.000000 -1.500000 0.000000 0.000000 0.000000
    1 -10.521344 -5.760963 66.994621 3.097005 -0.050653 -3.139334
    2 4.625512 6.824484 10.421654 -0.379070 0.272268 0.191020
    3 -0.000034 0.000012 24.761454 -0.467432 -0.054351 0.015113
    4 0.000017 0.000000 24.344809 1.469059 -0.148750 -0.109638
    5 0.002333 -1.019846 24.031336 0.792158 -0.045958 -0.001183
    6 0.000034 0.000008 13.404741 -0.000001 -0.000009 0.009089
    7 10.398263 -5.760962 66.994675 3.097005 0.050653 3.139334
    8 6.507845 0.910416 7.902225 0.660931 -0.559129 0.203377
    9 -0.000004 -0.000006 24.761459 -1.063304 0.123378 -0.697913
    10 -0.000007 0.000004 24.344891 1.189489 0.062309 -0.041986
    11 -0.002360 -1.019903 24.031330 0.389663 0.008587 0.021048
    12 0.000000 -0.000002 13.404737 0.000001 0.000005 -0.381985
    13 -0.061540 -5.245835 72.927078 0.000000 0.000000 0.000000
    14 -6.104331 3.335066 -8.995484 0.068021 0.022490 -0.078673
    15 0.000000 -0.005608 -1.146812 0.143894 -0.116418 -0.206306
    16 0.030770 -0.240000 8.906021 -0.004138 0.000000 0.000000
    17 -0.082011 0.465714 0.019134 -0.094377 -0.018705 0.169204
    18 0.030770 -0.276858 8.905140 0.056125 0.004134 -0.000049
    19 0.451873 -0.612424 -0.028520 0.210647 0.166444 0.028846
    20 5.669724 4.435303 14.302868 4.705575 -1.154156 -1.109554
    21 -1.044571 -2.839317 19.743267 -0.353519 -0.591499 0.124179
    22 2.655533 -1.533369 24.792658 -0.141998 0.026708 0.496897
    23 1.120163 -0.154394 9.796035 -0.032771 -0.000189 -0.284809
    24 2.240311 -0.308786 19.592051 -0.187732 -0.187571 -0.543928
    25 0.683151 2.877354 14.167051 0.240042 -0.011736 1.384813
    26 0.144936 -0.145374 7.579252 -0.638983 -0.169176 0.054083
    27 0.091660 -0.906685 4.702850 -0.628646 -0.040214 0.103319
    28 0.506271 8.500866 13.617253 0.129423 0.670716 1.319103
    29 -0.384987 -0.460049 7.003448 -0.503120 -0.313150 0.114509
    30 0.561516 -0.596954 5.061852 -0.376720 -0.222466 0.011196
    31 -2.452171 -8.899406 11.597897 -0.685822 -0.678358 1.897014
    32 0.680496 -0.903999 6.074253 -0.711508 0.080220 0.012600
    33 0.245514 -0.661150 3.388004 -0.587573 0.109079 0.055912
    34 -0.717484 -3.784271 13.043911 -0.222542 -0.479974 1.273975
    35 1.099216 -1.407745 8.017889 -0.818554 0.001353 0.004520
    36 0.068439 -0.807653 3.686054 -0.469866 -0.021193 0.065272
    37 -4.004929 6.172707 4.754754 0.958156 1.202646 3.495140
    38 0.158352 -1.149811 5.804394 -0.067961 -0.102195 0.341086
    39 -1.083523 -1.463142 5.544399 -0.604203 -0.162721 0.058916
    40 -6.289886 0.932434 13.569063 -0.126803 0.612110 2.869610
    41 1.327774 -0.766687 12.396328 0.023236 -0.017351 0.234846
    42 -0.096140 1.828087 23.185329 0.089207 -0.748597 -1.635740
    43 2.325478 -0.000003 6.169296 -0.324466 -0.037076 1.499603
    44 0.000000 -3.152912 0.122169 2.570182 -0.037332 0.090915
    45 1.068383 -10.478592 7.066338 0.292219 -1.282324 -3.141588
    46 0.000000 0.000000 2.279457 0.547137 -0.343566 0.107833
    47 2.479414 -8.323895 6.074242 -0.007251 -0.039383 1.602276
    48 0.000003 -5.075260 5.929606 0.000000 0.000000 0.000000
    49 -1.068383 -10.478611 7.065971 0.292219 1.282324 3.141588
    50 -0.000488 0.000015 2.279600 0.547136 0.343566 0.107835
    51 -2.479401 -8.323895 6.074234 0.009999 -0.039425 1.607596
    52 -5.790000 4.432083 14.255558 -1.996271 1.084228 0.560711
    53 1.044540 -2.839314 19.743252 -0.181604 0.481542 -0.084697
    54 -2.655510 -1.533379 24.792648 -0.245714 0.000680 -0.741491
    55 -1.120216 -0.154385 9.795983 -0.036031 0.000713 0.313519
    56 -2.240372 -0.308788 19.592047 0.171057 -0.214891 0.644078
    57 -0.683205 2.877342 14.167089 0.052140 -0.046536 -1.310201
    58 -0.144958 -0.145317 7.579308 -0.427062 0.115128 0.018316
    59 -0.038551 -0.936644 4.697678 -0.633724 0.130137 -0.029871
    60 -0.506317 8.500896 13.617329 -0.111720 -0.806153 -1.189310
    61 0.385056 -0.460075 7.003435 -0.420416 0.346554 0.040325
    62 -0.456360 -0.710276 5.057732 -0.361175 0.233063 -0.027066
    63 2.452194 -8.899408 11.597939 -0.926443 0.977129 -1.938012
    64 -0.680515 -0.903999 6.074242 -0.622833 -0.097126 -0.028000
    65 -0.248295 -0.666843 3.386627 -0.334531 -0.114824 0.008839
    66 0.717491 -3.784309 13.044010 -0.191894 0.483834 -1.472913
    67 -1.099228 -1.407673 8.017876 -0.601004 0.002479 -0.004114
    68 -0.064053 -0.807640 3.686100 -0.280676 0.002057 -0.012160
    69 4.004906 6.172710 4.754800 -1.325053 -1.442995 -1.060101
    70 -0.158381 -1.149773 5.804405 -0.438240 0.127751 -0.172302
    71 1.078559 -2.386406 5.215008 -0.370036 0.149982 -0.213899
    72 6.289963 0.932404 13.569109 -0.126801 -0.612098 -2.869612
    73 -1.327759 -0.766682 12.396324 0.032804 0.027478 -0.347397
    74 0.000017 -54.999996 0.000000 0.000000 0.000000 -1.570796
  time 23
    0 0.000000 0.000000 -1.500000 0.000000 0.000000 0.000000
    1 -10.521344 -5.760963 66.994621 3.097005 -0.050653 -3.139334
    2 3.133279 6.873592 9.838616 -0.427782 0.288885 0.182107
    3 -0.000034 0.000012 24.761454 -0.340601 -0.039646 0.012466
    4 0.000017 0.000000 24.344809 1.393664 -0.189334 -0.108212
    5 0.002333 -1.019846 24.031336 0.797273 -0.045958 -0.001435
    6 0.000034 0.000008 13.404741 -0.000001 -0.000009 0.012569
    7 10.398263 -5.760962 66.994675 3.097005 0.050653 3.139334
    8 4.957016 0.947884 7.677424 0.668779 -0.520170 0.206843
    9 -0.000004 -0.000006 24.761459 -1.059125 0.122886 -0.692638
    10 -0.000007 0.000004 24.344891 1.198008 0.032134 -0.059684
    11 -0.002360 -1.019903 24.031330 0.389663 0.008587 0.021048
    12 0.000000 -0.000002 13.404737 0.000001 0.000005 -0.383660
    13 -0.061540 -5.245835 72.927078 0.000000 0.000000 0.000000
    14 -4.522252 3.346712 -8.589924 0.066581 0.031729 -0.078012
    15 0.000000 -0.005608 -1.146812 0.147211 -0.115524 -0.207203
    16 0.030770 -0.240000 8.906021 -0.004138 0.000000 0.000000
    17 -0.070291 0.465714 0.019134 -0.095071 -0.012349 0.216765
    18 0.030770 -0.276858 8.905140 0.056125 0.004134 -0.000049
    19 0.373746 -0.639769 -0.028520 0.224767 0.138076 0.035353
    20 5.669724 4.435303 14.302868 4.589293 -1.187418 -1.046879
    21 -1.044571 -2.839317 19.743267 -0.348137 -0.559771 0.118088
    22 2.655533 -1.533369 24.792658 -0.072477 0.025094 0.518409
    23 1.120163 -0.154394 9.796035 -0.032004 -0.000069 -0.278152
    24 2.240311 -0.308786 19.592051 -0.188994 -0.192037 -0.530437
    25 0.683151 2.877354 14.167051 0.211242 -0.016782 1.385375
    26 0.144936 -0.145374 7.579252 -0.773314 -0.192833 0.069831
    27 0.091660 -0.906685 4.702850 -0.665734 -0.053624 0.098669
    28 0.506271 8.500866 13.617253 0.182472 0.630049 1.336021
    29 -0.384987 -0.460049 7.003448 -0.598980 -0.340631 0.137435
    30 0.561516 -0.596954 5.061852 -0.463080 -0.242025 0.027459
    31 -2.452171 -8.899406 11.597897 -0.745058 -0.646670 1.817073
    32 0.680496 -0.903999 6.074253 -0.847168 0.094985 0.014410
    33 0.245514 -0.661150 3.388004 -0.661920 0.111440 0.040044
    34 -0.717484 -3.784271 13.043911 -0.296357 -0.447615 1.291263
    35 1.099216 -1.407745 8.017889 -0.936255 0.006051 0.003573
    36 0.068439 -0.807653 3.686054 -0.552454 -0.015440 0.057781
    37 -4.004929 6.172707 4.754754 0.946447 1.140890 3.485954
    38 0.158352 -1.149811 5.804394 -0.119789 -0.120790 0.321635
    39 -1.083523 -1.463142 5.544399 -0.759221 -0.183622 0.078281
    40 -6.289886 0.932434 13.569063 -0.126803 0.612110 2.869610
    41 1.327774 -0.766687 12.396328 0.024339 -0.018393 0.247149
    42 -0.096140 1.828087 23.185329 0.089207 -0.748565 -1.635740
    43 2.325478 -0.000003 6.169296 -0.317638 -0.074565 1.389764
    44 0.000000 -3.152912 0.122169 2.570898 -0.028403 0.069151
    45 1.068383 -10.478592 7.066338 0.292219 -1.282324 -3.141588
    46 0.000000 0.000000 2.279457 0.547137 -0.343566 0.107833
    47 2.479414 -8.323895 6.074242 -0.007251 -0.039383 1.602276
    48 0.000003 -5.075260 5.929606 0.000000 0.000000 0.000000
    49 -1.068383 -10.478611 7.065971 0.292219 1.282324 3.141588
    50 -0.000488 0.000015 2.279600 0.547136 0.343566 0.107835
    51 -2.479401 -8.323895 6.074234 0.009999 -0.039425 1.607596
    52 -5.790000 4.432083 14.255558 -1.939619 1.098309 0.602678
    53 1.044540 -2.839314 19.743252 -0.114371 0.588510 -0.072614
    54 -2.655510 -1.533379 24.792648 -0.305854 -0.010451 -0.650994
    55 -1.120216 -0.154385 9.795983 -0.034916 0.000509 0.303780
    56 -2.240372 -0.308788 19.592047 0.177090 -0.211673 0.624660
    57 -0.683205 2.877342 14.167089 0.067237 -0.012729 -1.326847
    58 -0.144958 -0.145317 7.579308 -0.385321 0.107434 0.024176
    59 -0.038551 -0.936644 4.697678 -0.581751 0.118236 -0.024059
    60 -0.506317 8.500896 13.617329 -0.137590 -0.790172 -1.215908
    61 0.385056 -0.460075 7.003435 -0.386401 0.327224 0.049865
    62 -0.456360 -0.710276 5.057732 -0.283152 0.187806 -0.013200
    63 2.452194 -8.899408 11.597939 -0.874816 0.969810 -1.933770
    64 -0.680515 -0.903999 6.074242 -0.597016 -0.088005 -0.026670
    65 -0.248295 -0.666843 3.386627 -0.270585 -0.104266 0.006227
    66 0.717491 -3.784309 13.044010 -0.165640 0.492451 -1.478940
    67 -1.099228 -1.407673 8.017876 -0.566709 0.005488 -0.002293
    68 -0.064053 -0.807640 3.686100 -0.226093 0.005520 -0.009643
    69 4.004906 6.172710 4.754800 -0.783331 -1.458124 -1.567819
    70 -0.158381 -1.149773 5.804405 -0.398302 0.080792 -0.073434
    71 1.078559 -2.386406 5.215008 -0.316958 0.115705 -0.125590
    72 6.289963 0.932404 13.569109 -0.126801 -0.612098 -2.869612
    73 -1.327759 -0.766682 12.396324 0.030276 0.024578 -0.316307
    74 0.000017 -54.999996 0.000000 0.000000 0.000000 -1.570796
  time 24
    0 0.000000 0.000000 -1.500000 0.000000 0.000000 0.000000
    1 -10.521344 -5.760963 66.994621 3.097005 -0.050653 -3.139334
    2 1.523855 6.910423 9.322852 -0.520901 0.296401 0.163539
    3 -0.000034 0.000012 24.761454 -0.131044 -0.015342 0.021546
    4 0.000017 0.000000 24.344809 1.274377 -0.241032 -0.091078
    5 0.002333 -1.019846 24.031336 0.805225 -0.045946 -0.001794
    6 0.000034 0.000008 13.404741 -0.000001 -0.000009 0.026364
    7 10.398263 -5.760962 66.994675 3.097005 0.050653 3.139334
    8 3.312435 0.960374 7.182860 0.662381 -0.472469 0.217735
    9 -0.000004 -0.000006 24.761459 -1.029701 0.119483 -0.686680
    10 -0.000007 0.000004 24.344891 1.197169 0.000559 -0.075406
    11 -0.002360 -1.019903 24.031330 0.389663 0.008587 0.021048
    12 0.000000 -0.000002 13.404737 0.000001 0.000005 -0.386644
    13 -0.061540 -5.245835 72.927078 0.000000 0.000000 0.000000
    14 -2.944078 3.346712 -8.094240 0.064949 0.024417 -0.078613
    15 0.000000 -0.005608 -1.146812 0.149954 -0.115179 -0.207964
    16 0.030770 -0.240000 8.906021 -0.004138 0.000000 0.000000
    17 -0.046853 0.485246 0.023040 -0.099280 -0.004373 0.210416
    18 0.030770 -0.276858 8.905140 0.056125 0.004134 -0.000049
    19 0.272180 -0.694458 -0.024614 0.243604 0.099793 0.034083
    20 5.669724 4.435303 14.302868 4.403337 -1.247140 -0.928141
    21 -1.044571 -2.839317 19.743267 -0.281312 -0.550848 0.105144
    22 2.655533 -1.533369 24.792658 -0.057722 0.023480 0.535230
    23 1.120163 -0.154394 9.796035 -0.031225 0.000038 -0.271323
    24 2.240311 -0.308786 19.592051 -0.188820 -0.193741 -0.517026
    25 0.683151 2.877354 14.167051 0.175366 -0.023901 1.385575
    26 0.144936 -0.145374 7.579252 -0.943795 -0.218804 0.093357
    27 0.091660 -0.906685 4.702850 -0.718573 -0.070846 0.094307
    28 0.506271 8.500866 13.617253 0.232494 0.576816 1.353218
    29 -0.384987 -0.460049 7.003448 -0.719170 -0.371251 0.170057
    30 0.561516 -0.596954 5.061852 -0.575359 -0.266102 0.052711
    31 -2.452171 -8.899406 11.597897 -0.821558 -0.613908 1.716462
    32 0.680496 -0.903999 6.074253 -1.004797 0.112507 0.013715
    33 0.245514 -0.661150 3.388004 -0.749688 0.113346 0.020641
    34 -0.717484 -3.784271 13.043911 -0.381769 -0.407814 1.310732
    35 1.099216 -1.407745 8.017889 -1.073786 0.011348 0.001788
    36 0.068439 -0.807653 3.686054 -0.650323 -0.008549 0.048349
    37 -4.004929 6.172707 4.754754 0.937259 1.071830 3.475429
    38 0.158352 -1.149811 5.804394 -0.177805 -0.140808 0.299008
    39 -1.083523 -1.463142 5.544399 -0.947669 -0.211115 0.102009
    40 -6.289886 0.932434 13.569063 -0.126803 0.612110 2.869610
    41 1.327774 -0.766687 12.396328 0.025286 -0.019316 0.257795
    42 -0.096140 1.828087 23.185329 0.089207 -0.748597 -1.635740
    43 2.325478 -0.000003 6.169296 -0.317208 -0.068604 1.417862
    44 0.000000 -3.152912 0.122169 2.571695 -0.011553 0.028128
    45 1.068383 -10.478592 7.066338 0.292219 -1.282324 -3.141588
    46 0.000000 0.000000 2.279457 0.547137 -0.343566 0.107833
    47 2.479414 -8.323895 6.074242 -0.007985 -0.036707 1.583652
    48 0.000003 -5.075260 5.925699 0.000000 0.000000 0.000000
    49 -1.068383 -10.478611 7.065971 0.292219 1.282324 3.141588
    50 -0.000488 0.000015 2.279600 0.547136 0.343566 0.107835
    51 -2.479401 -8.323895 6.074234 0.009256 -0.036684 1.589201
    52 -5.790000 4.432083 14.255558 -2.010171 1.088881 0.577479
    53 1.044540 -2.839314 19.743252 0.003342 0.714726 -0.033152
    54 -2.655510 -1.533379 24.792648 -0.377718 -0.035974 -0.423273
    55 -1.120216 -0.154385 9.795983 -0.033754 0.000317 0.293551
    56 -2.240372 -0.308788 19.592047 0.183581 -0.207861 0.604039
    57 -0.683205 2.877342 14.167089 0.063574 0.020679 -1.340351
    58 -0.144958 -0.145317 7.579308 -0.369791 0.106200 0.028167
    59 -0.038551 -0.936644 4.697678 -0.534758 0.107210 -0.019349
    60 -0.506317 8.500896 13.617329 -0.153580 -0.760078 -1.248932
    61 0.385056 -0.460075 7.003435 -0.370473 0.316441 0.054948
    62 -0.456360 -0.710276 5.057732 -0.229032 0.154710 -0.004898
    63 2.452194 -8.899408 11.597939 -0.828721 0.951339 -1.918016
    64 -0.680515 -0.903999 6.074242 -0.579229 -0.080239 -0.025496
    65 -0.248295 -0.666843 3.386627 -0.233658 -0.095673 0.005232
    66 0.717491 -3.784309 13.044010 -0.154680 0.494919 -1.485563
    67 -1.099228 -1.407673 8.017876 -0.541996 0.008172 -0.000579
    68 -0.064053 -0.807640 3.686100 -0.192723 0.008109 -0.007414
    69 4.004906 6.172710 4.754800 -0.125358 -1.441658 -2.198659
    70 -0.158381 -1.149773 5.804405 -0.361189 0.035639 0.022386
    71 1.078559 -2.386406 5.215008 -0.288531 0.094140 -0.041775
    72 6.289963 0.932404 13.569109 -0.126801 -0.612098 -2.869612
    73 -1.327759 -0.766682 12.396324 0.022114 0.016284 -0.222528
    74 0.000017 -54.999996 0.000000 0.000000 0.000000 -1.570796
  time 25
    0 0.000000 0.000000 -1.500000 0.000000 0.000000 0.000000
    1 -10.521344 -5.760963 66.994621 3.097005 -0.050653 -3.139334
    2 2.090279 5.780939 9.390125 -0.426620 0.290082 0.142568
    3 -0.000034 0.000012 24.761454 -0.378853 -0.044093 0.064789
    4 0.000017 0.000000 24.344809 1.377944 -0.166563 -0.107218
    5 0.002333 -1.019846 24.031336 0.909163 -0.045514 -0.006600
    6 0.000034 0.000008 13.404741 -0.000001 -0.000009 0.040834
    7 10.398263 -5.760962 66.994675 3.097005 0.050653 3.139334
    8 3.675727 0.760544 6.485974 0.649755 -0.427036 0.176642
    9 -0.000004 -0.000006 24.761459 -0.976849 0.113371 -0.622334
    10 -0.000007 0.000004 24.344891 1.176710 0.009647 -0.065443
    11 -0.002360 -1.019903 24.031330 0.389663 0.008587 0.021036
    12 0.000000 -0.000002 13.404737 0.000001 0.000005 -0.344714
    13 -0.061540 -5.245835 72.927078 0.000000 0.000000 0.000000
    14 -3.553472 2.915821 -7.846398 0.055732 0.009191 -0.089663
    15 0.000000 -0.005608 -1.146812 0.109859 -0.132307 -0.153070
    16 0.030770 -0.240000 8.906021 -0.004138 0.000000 0.000000
    17 0.132840 -0.288215 0.007414 0.030687 -0.001271 0.201750
    18 0.030770 -0.276858 8.905140 0.056125 0.004134 -0.000049
    19 0.264368 -0.616331 -0.020707 0.245213 0.098065 0.032729
    20 5.669724 4.435303 14.302868 4.140816 -1.311901 -0.738390
    21 -1.044571 -2.839317 19.743267 -0.274757 -0.513641 0.100406
    22 2.655533 -1.533369 24.792658 -0.078162 0.031319 0.458563
    23 1.120163 -0.154394 9.796035 -0.030362 0.000134 -0.263803
    24 2.240311 -0.308786 19.592051 -0.141689 -0.062419 -0.513584
    25 0.683151 2.877354 14.167051 0.127311 -0.034208 1.385550
    26 0.144936 -0.145374 7.579252 -1.136858 -0.241982 0.123989
    27 0.091660 -0.906685 4.702850 -0.781164 -0.089890 0.090651
    28 0.506271 8.500866 13.617253 0.267696 0.512905 1.366284
    29 -0.384987 -0.460049 7.003448 -0.853801 -0.400350 0.211164
    30 0.561516 -0.596954 5.061852 -0.702812 -0.290479 0.086591
    31 -2.452171 -8.899406 11.597897 -0.905602 -0.580149 1.604093
    32 0.680496 -0.903999 6.074253 -1.176385 0.130927 0.010071
    33 0.245514 -0.661150 3.388004 -0.846562 0.115060 -0.000787
    34 -0.717484 -3.784271 13.043911 -0.478249 -0.363016 1.331093
    35 1.099216 -1.407745 8.017889 -1.223153 0.016682 -0.000849
    36 0.068439 -0.807653 3.686054 -0.757574 -0.000891 0.037683
    37 -4.004929 6.172707 4.754754 0.932305 1.000075 3.466339
    38 0.158352 -1.149811 5.804394 -0.237727 -0.161766 0.275099
    39 -1.083523 -1.463142 5.544399 -1.153487 -0.242622 0.131705
    40 -6.289886 0.932434 13.569063 -0.126803 0.612110 2.869610
    41 1.327774 -0.766687 12.396328 0.021474 -0.015709 0.215463
    42 -0.096140 1.828087 23.185329 0.078866 -0.709210 -1.627944
    43 2.325478 -0.000003 6.169296 -0.316062 -0.053455 1.484756
    44 0.000000 -3.152912 0.122169 2.571858 0.000096 -0.000228
    45 1.068383 -10.478592 7.066338 0.292219 -1.282324 -3.141588
    46 0.000000 0.000000 2.279457 0.547137 -0.343566 0.107833
    47 2.479414 -8.323895 6.074242 -0.009399 -0.031682 1.548791
    48 0.000003 -5.075260 5.929606 0.000000 0.000000 0.000000
    49 -1.068383 -10.478611 7.065971 0.292219 1.282324 3.141588
    50 -0.000488 0.000015 2.279600 0.547136 0.343566 0.107835
    51 -2.479401 -8.323895 6.074234 0.007850 -0.031676 1.554135
    52 -5.790000 4.432083 14.255558 -2.167569 1.080989 0.519510
    53 1.044540 -2.839314 19.743252 -0.008290 0.910262 -0.023055
    54 -2.655510 -1.533379 24.792648 -0.364030 -0.066713 -0.048182
    55 -1.120216 -0.154385 9.795983 -0.028456 -0.000402 0.247277
    56 -2.240372 -0.308788 19.592047 0.144176 -0.293552 0.525421
    57 -0.683205 2.877342 14.167089 0.036103 0.049969 -1.348828
    58 -0.144958 -0.145317 7.579308 -0.394530 0.114757 0.029594
    59 -0.038551 -0.936644 4.697678 -0.494274 0.097551 -0.015681
    60 -0.506317 8.500896 13.617329 -0.156220 -0.713820 -1.289997
    61 0.385056 -0.460075 7.003435 -0.381912 0.319244 0.053861
    62 -0.456360 -0.710276 5.057732 -0.212369 0.142678 -0.001247
    63 2.452194 -8.899408 11.597939 -0.793732 0.916976 -1.892061
    64 -0.680515 -0.903999 6.074242 -0.571791 -0.074295 -0.024693
    65 -0.248295 -0.666843 3.386627 -0.235740 -0.090915 0.006119
    66 0.717491 -3.784309 13.044010 -0.160559 0.488975 -1.491788
    67 -1.099228 -1.407673 8.017876 -0.530452 0.010102 0.000919
    68 -0.064053 -0.807640 3.686100 -0.187771 0.009655 -0.005760
    69 4.004906 6.172710 4.754800 0.384591 -1.384253 -2.694097
    70 -0.158381 -1.149773 5.804405 -0.333599 -0.001818 0.108126
    71 1.078559 -2.386406 5.215008 -0.298039 0.095886 0.029179
    72 6.289963 0.932404 13.569109 -0.126801 -0.612098 -2.869612
    73 -1.327759 -0.766682 12.396324 0.005791 0.003557 -0.055050
    74 0.000017 -54.999996 0.000000 0.000000 0.000000 -1.570796
  time 26
    0 0.000000 0.000000 -1.500000 0.000000 0.000000 0.000000
    1 -10.521344 -5.760963 66.994621 3.097005 -0.050653 -3.139334
    2 3.348130 3.963945 9.793767 -0.371897 0.277863 0.139990
    3 -0.000034 0.000012 24.761454 -0.571214 -0.066384 0.102209
    4 0.000017 0.000000 24.344809 1.449701 -0.077993 -0.095032
    5 0.002333 -1.019846 24.031336 1.016424 -0.044544 -0.011526
    6 0.000034 0.000008 13.404741 -0.000001 -0.000009 0.058827
    7 10.398263 -5.760962 66.994675 3.097005 0.050653 3.139334
    8 4.824200 -0.351010 6.530935 0.648646 -0.419611 0.128782
    9 -0.000004 -0.000006 24.761459 -0.996923 0.115696 -0.567139
    10 -0.000007 0.000004 24.344891 1.202655 0.038356 -0.051340
    11 -0.002360 -1.019903 24.031330 0.389640 0.008563 0.021024
    12 0.000000 -0.000002 13.404737 0.000001 0.000005 -0.300358
    13 -0.061540 -5.245835 72.927078 0.000000 0.000000 0.000000
    14 -4.748821 1.821126 -8.094240 0.039633 -0.003850 -0.144071
    15 0.000000 -0.005608 -1.146812 0.050179 -0.125829 -0.065783
    16 0.030770 -0.240000 8.906021 -0.004138 0.000000 0.000000
    17 0.339877 -1.397624 -0.144934 0.217620 -0.002170 0.184140
    18 0.030770 -0.276858 8.905140 0.056125 0.004134 -0.000049
    19 0.307338 -0.467889 0.006637 0.237706 0.115735 0.030464
    20 5.669724 4.435303 14.302868 3.818766 -1.362005 -0.484911
    21 -1.044571 -2.839317 19.743267 -0.299510 -0.463962 0.098883
    22 2.655533 -1.533369 24.792658 -0.148464 0.042770 0.335719
    23 1.120163 -0.154394 9.796035 -0.029344 0.000266 -0.254800
    24 2.240311 -0.308786 19.592051 -0.099215 0.101088 -0.512713
    25 0.683151 2.877354 14.167051 0.062141 -0.048793 1.385700
    26 0.144936 -0.145374 7.579252 -1.338239 -0.258197 0.159236
    27 0.091660 -0.906685 4.702850 -0.847099 -0.108754 0.088039
    28 0.506271 8.500866 13.617253 0.278132 0.440975 1.372232
    29 -0.384987 -0.460049 7.003448 -0.991989 -0.423971 0.257449
    30 0.561516 -0.596954 5.061852 -0.834227 -0.312207 0.126871
    31 -2.452171 -8.899406 11.597897 -0.988583 -0.546211 1.489711
    32 0.680496 -0.903999 6.074253 -1.353326 0.149119 0.002761
    33 0.245514 -0.661150 3.388004 -0.948816 0.115719 -0.022935
    34 -0.717484 -3.784271 13.043911 -0.585312 -0.315737 1.351039
    35 1.099216 -1.407745 8.017889 -1.376168 0.021847 -0.004684
    36 0.068439 -0.807653 3.686054 -0.868946 0.006480 0.026465
    37 -4.004929 6.172707 4.754754 0.931043 0.930398 3.458780
    38 0.158352 -1.149811 5.804394 -0.295531 -0.182049 0.251801
    39 -1.083523 -1.463142 5.544399 -1.360456 -0.275256 0.166869
    40 -6.289886 0.932434 13.569063 -0.126803 0.612110 2.869610
    41 1.327774 -0.766687 12.396328 0.014955 -0.010160 0.146316
    42 -0.096140 1.828087 23.185329 0.055427 -0.588372 -1.610335
    43 2.325478 -0.000003 6.169296 -0.311622 -0.034081 1.571446
    44 0.000000 -3.152912 0.122169 2.571874 -0.000851 0.002073
    45 1.068383 -10.478592 7.066338 0.292219 -1.282324 -3.141588
    46 0.000000 0.000000 2.279457 0.547137 -0.343566 0.107833
    47 2.479414 -8.323895 6.074242 -0.010241 -0.028911 1.527493
    48 0.000003 -5.075260 5.925699 0.000000 0.000000 0.000000
    49 -1.068383 -10.478611 7.065971 0.292219 1.282324 3.141588
    50 -0.000488 0.000015 2.279600 0.547136 0.343566 0.107835
    51 -2.479401 -8.323895 6.074234 0.006966 -0.028935 1.532866
    52 -5.790000 4.432083 14.255558 -2.341263 1.105786 0.445349
    53 1.044540 -2.839314 19.743252 -0.198635 1.028677 -0.120921
    54 -2.655510 -1.533379 24.792648 -0.355273 -0.082685 0.304569
    55 -1.120216 -0.154385 9.795983 -0.021625 -0.000941 0.187918
    56 -2.240372 -0.308788 19.592047 0.128368 -0.390431 0.420770
    57 -0.683205 2.877342 14.167089 -0.020274 0.071359 -1.350803
    58 -0.144958 -0.145317 7.579308 -0.473816 0.136161 0.026334
    59 -0.038551 -0.936644 4.697678 -0.461878 0.089677 -0.013057
    60 -0.506317 8.500896 13.617329 -0.143775 -0.648676 -1.338791
    61 0.385056 -0.460075 7.003435 -0.430647 0.340157 0.043647
    62 -0.456360 -0.710276 5.057732 -0.247299 0.160035 -0.002827
    63 2.452194 -8.899408 11.597939 -0.777770 0.861121 -1.859696
    64 -0.680515 -0.903999 6.074242 -0.576211 -0.071059 -0.024309
    65 -0.248295 -0.666843 3.386627 -0.289652 -0.091143 0.009558
    66 0.717491 -3.784309 13.044010 -0.184820 0.472137 -1.496625
    67 -1.099228 -1.407673 8.017876 -0.534935 0.011048 0.002034
    68 -0.064053 -0.807640 3.686100 -0.219171 0.009751 -0.004909
    69 4.004906 6.172710 4.754800 0.704354 -1.290655 -3.018112
    70 -0.158381 -1.149773 5.804405 -0.321635 -0.024162 0.177427
    71 1.078559 -2.386406 5.215008 -0.358236 0.133257 0.076458
    72 6.289963 0.932404 13.569109 -0.126801 -0.612098 -2.869612
    73 -1.327759 -0.766682 12.396324 -0.013396 -0.006690 0.121173
    74 0.000017 -54.999996 0.000000 0.000000 0.000000 -1.570796
  time 27
    0 0.000000 0.000000 -1.500000 0.000000 0.000000 0.000000
    1 -10.521344 -5.760963 66.994621 3.097005 -0.050653 -3.139334
    2 2.625451 4.418193 11.161664 -0.165300 0.365571 0.375654
    3 -0.000034 0.000012 24.761454 -0.834024 -0.096825 -0.125731
    4 0.000017 0.000000 24.344809 1.545932 -0.053389 -0.087016
    5 0.002333 -1.019846 24.031336 0.942316 -0.045287 -0.008134
    6 0.000034 0.000008 13.404741 -0.000001 -0.000009 -0.065118
    7 10.398263 -5.760962 66.994675 3.097005 0.050653 3.139334
    8 5.507814 -3.985417 8.801432 0.583469 -0.588795 0.296951
    9 -0.000004 -0.000006 24.761459 -1.217957 0.141283 -0.752104
    10 -0.000007 0.000004 24.344891 1.382204 0.079352 -0.041335
    11 -0.002360 -1.019903 24.031330 0.389594 0.005351 0.018639
    12 0.000000 -0.000002 13.404737 0.000001 0.000005 -0.379623
    13 -0.061540 -5.245835 72.927078 0.000000 0.000000 0.000000
    14 -4.412873 0.400351 -9.986852 0.020079 -0.008341 -0.318346
    15 0.000000 -0.005608 -1.146812 0.057930 -0.068955 -0.099426
    16 0.030770 -0.240000 8.906021 -0.004138 0.000000 0.000000
    17 0.144559 -1.893733 -0.242593 0.292136 -0.032771 0.122482
    18 0.030770 -0.276858 8.905140 0.056125 0.004134 -0.000049
    19 0.475312 -0.499140 0.006637 0.271235 0.170970 0.030032
    20 5.669724 4.435303 14.302868 3.482265 -1.393857 -0.196835
    21 -1.044571 -2.839317 19.743267 -0.253378 -0.445228 0.092256
    22 2.655533 -1.533369 24.792658 -0.280520 0.057718 0.161197
    23 1.120163 -0.154394 9.796035 -0.027977 0.000422 -0.242969
    24 2.240311 -0.308786 19.592051 -0.142211 0.130741 -0.486562
    25 0.683151 2.877354 14.167051 -0.025356 -0.068675 1.386811
    26 0.144936 -0.145374 7.579252 -1.532696 -0.265160 0.195082
    27 0.091660 -0.906685 4.702850 -0.909873 -0.125796 0.086445
    28 0.506271 8.500866 13.617253 0.256209 0.363904 1.369859
    29 -0.384987 -0.460049 7.003448 -1.121498 -0.440678 0.304500
    30 0.561516 -0.596954 5.061852 -0.957787 -0.329166 0.169680
    31 -2.452171 -8.899406 11.597897 -1.063362 -0.513787 1.383436
    32 0.680496 -0.903999 6.074253 -1.527293 0.165359 -0.007366
    33 0.245514 -0.661150 3.388004 -1.052561 0.115779 -0.044147
    34 -0.717484 -3.784271 13.043911 -0.702296 -0.268541 1.369249
    35 1.099216 -1.407745 8.017889 -1.525030 0.026173 -0.009023
    36 0.068439 -0.807653 3.686054 -0.978614 0.013527 0.015679
    37 -4.004929 6.172707 4.754754 0.931674 0.867692 3.452944
    38 0.158352 -1.149811 5.804394 -0.347232 -0.200320 0.230888
    39 -1.083523 -1.463142 5.544399 -1.552044 -0.304978 0.204727
    40 -6.289886 0.932434 13.569063 -0.126803 0.612110 2.869610
    41 1.327774 -0.766687 12.396328 0.005643 -0.003449 0.053567
    42 -0.096140 1.828087 23.185329 0.030926 -0.382068 -1.591900
    43 2.325478 -0.000003 6.169296 -0.374270 -0.009701 1.660571
    44 0.000000 -3.152912 0.122169 2.526305 -0.007023 0.017066
    45 1.068383 -10.478592 7.066338 0.292219 -1.282324 -3.141588
    46 0.000000 0.000000 2.279457 0.547137 -0.343566 0.107833
    47 2.479414 -8.323895 6.074242 -0.009589 -0.030085 1.543634
    48 0.000003 -5.075260 5.929606 0.000000 0.000000 0.000000
    49 -1.068383 -10.478611 7.065971 0.292219 1.282324 3.141588
    50 -0.000488 0.000015 2.279600 0.547136 0.343566 0.107835
    51 -2.479401 -8.323895 6.074234 0.007649 -0.030069 1.549058
    52 -5.790000 4.432083 14.255558 -2.625002 1.221466 0.270007
    53 1.044540 -2.839314 19.743252 -0.158952 1.058525 -0.100074
    54 -2.655510 -1.533379 24.792648 -0.404894 -0.085804 0.476250
    55 -1.120216 -0.154385 9.795983 -0.018437 -0.001061 0.160333
    56 -2.240372 -0.308788 19.592047 0.020691 -0.257464 0.342067
    57 -0.683205 2.877342 14.167089 -0.062396 0.089705 -1.360319
    58 -0.144958 -0.145317 7.579308 -0.669877 0.182722 0.007422
    59 -0.038551 -0.936644 4.697678 -0.525241 0.104957 -0.018450
    60 -0.506317 8.500896 13.617329 -0.061790 -0.543761 -1.384753
    61 0.385056 -0.460075 7.003435 -0.590189 0.407950 -0.000362
    62 -0.456360 -0.710276 5.057732 -0.431862 0.257492 -0.030278
    63 2.452194 -8.899408 11.597939 -0.734024 0.809193 -1.690957
    64 -0.680515 -0.903999 6.074242 -0.662933 -0.079868 -0.025987
    65 -0.248295 -0.666843 3.386627 -0.363923 -0.094978 0.014292
    66 0.717491 -3.784309 13.044010 -0.269212 0.431569 -1.473248
    67 -1.099228 -1.407673 8.017876 -0.650150 0.007669 0.002022
    68 -0.064053 -0.807640 3.686100 -0.262107 0.008660 -0.004813
    69 4.004906 6.172710 4.754800 0.794403 -1.191102 -3.090644
    70 -0.158381 -1.149773 5.804405 -0.339040 -0.010608 0.219213
    71 1.078559 -2.386406 5.215008 -0.537202 0.272296 0.102910
    72 6.289963 0.932404 13.569109 -0.126801 -0.612098 -2.869612
    73 -1.327759 -0.766682 12.396324 -0.022480 -0.010154 0.199823
    74 0.000017 -54.999996 0.000000 0.000000 0.000000 -1.570796
  time 28
    0 0.000000 0.000000 -1.500000 0.000000 0.000000 0.000000
    1 -10.521344 -5.760963 66.994621 3.097005 -0.050653 -3.139334
    2 -0.933251 5.461738 13.695637 0.103467 0.417010 0.656318
    3 -0.000034 0.000012 24.761454 -1.078702 -0.125132 -0.408152
    4 0.000017 0.000000 24.344809 1.632362 -0.099428 -0.109184
    5 0.002333 -1.019846 24.031336 0.868805 -0.045718 -0.004767
    6 0.000034 0.000008 13.404741 -0.000001 -0.000009 -0.220302
    7 10.398263 -5.760962 66.994675 3.097005 0.050653 3.139334
    8 5.007799 -7.582356 12.668022 0.451239 -0.758529 0.577590
    9 -0.000004 -0.000006 24.761459 -1.491129 0.172862 -0.972203
    10 -0.000007 0.000004 24.344891 1.609900 0.115660 -0.033495
    11 -0.002360 -1.019903 24.031330 0.389478 -0.006825 0.009542
    12 0.000000 -0.000002 13.404737 0.000001 0.000005 -0.485210
    13 -0.061540 -5.245835 72.927078 0.000000 0.000000 0.000000
    14 -2.170617 -1.020424 -13.298924 0.003277 -0.006758 -0.430646
    15 0.000000 -0.005608 -1.146812 0.120928 -0.005431 -0.244977
    16 0.030770 -0.240000 8.906021 -0.004138 0.000000 0.000000
    17 -0.144512 -2.128115 -0.281657 0.323786 -0.069145 0.062342
    18 0.030770 -0.276858 8.905140 0.056125 0.004134 -0.000049
    19 0.678443 -0.604612 -0.020707 0.326103 0.241941 0.038877
    20 5.669724 4.435303 14.302868 3.040871 -1.411298 0.187745
    21 -1.044571 -2.839317 19.743267 -0.187874 -0.456969 0.085008
    22 2.655533 -1.533369 24.792658 -0.459010 0.076355 -0.085543
    23 1.120163 -0.154394 9.796035 -0.026108 0.000614 -0.226550
    24 2.240311 -0.308786 19.592051 -0.215018 0.078019 -0.435764
    25 0.683151 2.877354 14.167051 -0.140392 -0.094730 1.390208
    26 0.144936 -0.145374 7.579252 -1.704710 -0.262775 0.226913
    27 0.091660 -0.906685 4.702850 -0.962896 -0.139494 0.085702
    28 0.506271 8.500866 13.617253 0.195441 0.284131 1.359689
    29 -0.384987 -0.460049 7.003448 -1.229701 -0.450637 0.346794
    30 0.561516 -0.596954 5.061852 -1.061106 -0.341582 0.209769
    31 -2.452171 -8.899406 11.597897 -1.123914 -0.485785 1.295496
    32 0.680496 -0.903999 6.074253 -1.689721 0.178661 -0.018979
    33 0.245514 -0.661150 3.388004 -1.153750 0.115383 -0.062939
    34 -0.717484 -3.784271 13.043911 -0.829334 -0.224210 1.384354
    35 1.099216 -1.407745 8.017889 -1.661669 0.029493 -0.013205
    36 0.068439 -0.807653 3.686054 -1.080924 0.019914 0.006343
    37 -4.004929 6.172707 4.754754 0.931944 0.816905 3.448542
    38 0.158352 -1.149811 5.804394 -0.388932 -0.215187 0.213930
    39 -1.083523 -1.463142 5.544399 -1.710724 -0.328516 0.240017
    40 -6.289886 0.932434 13.569063 -0.126803 0.612110 2.869610
    41 1.327774 -0.766687 12.396328 -0.007972 0.004222 -0.072776
    42 -0.096140 1.828087 23.185329 0.014267 -0.192685 -1.578112
    43 2.325478 -0.000003 6.169296 -0.520577 0.019367 1.704994
    44 0.000000 -3.152912 0.122169 2.413212 -0.009264 0.022567
    45 1.068383 -10.478592 7.066338 0.292219 -1.282324 -3.141588
    46 0.000000 0.000000 2.279457 0.547137 -0.343566 0.107833
    47 2.479414 -8.323895 6.074242 -0.008828 -0.034218 1.564264
    48 0.000003 -5.075260 5.925699 0.000000 0.000000 0.000000
    49 -1.068383 -10.478611 7.065971 0.292219 1.282324 3.141588
    50 -0.000488 0.000015 2.279600 0.547136 0.343566 0.107835
    51 -2.479401 -8.323895 6.074234 0.008472 -0.034180 1.569752
    52 -5.790000 4.432083 14.255558 -3.004023 1.334654 -0.070904
    53 1.044540 -2.839314 19.743252 -0.098064 1.075187 -0.064667
    54 -2.655510 -1.533379 24.792648 -0.477615 -0.086749 0.580606
    55 -1.120216 -0.154385 9.795983 -0.016843 -0.001073 0.146268
    56 -2.240372 -0.308788 19.592047 -0.109973 -0.036529 0.284071
    57 -0.683205 2.877342 14.167089 -0.088283 0.117344 -1.380890
    58 -0.144958 -0.145317 7.579308 -0.979282 0.243519 -0.040936
    59 -0.038551 -0.936644 4.697678 -0.713361 0.147658 -0.039950
    60 -0.506317 8.500896 13.617329 0.052175 -0.395779 -1.394054
    61 0.385056 -0.460075 7.003435 -0.866238 0.502159 -0.101244
    62 -0.456360 -0.710276 5.057732 -0.774996 0.409780 -0.127902
    63 2.452194 -8.899408 11.597939 -0.688845 0.707869 -1.408962
    64 -0.680515 -0.903999 6.074242 -0.875075 -0.106534 -0.026766
    65 -0.248295 -0.666843 3.386627 -0.456177 -0.101569 0.020440
    66 0.717491 -3.784309 13.044010 -0.436801 0.356389 -1.431331
    67 -1.099228 -1.407673 8.017876 -0.917283 -0.001631 0.002501
    68 -0.064053 -0.807640 3.686100 -0.318941 0.006539 -0.005400
    69 4.004906 6.172710 4.754800 0.730631 -1.118129 -2.989870
    70 -0.158381 -1.149773 5.804405 -0.382431 0.036680 0.236941
    71 1.078559 -2.386406 5.215008 -0.817260 0.515483 0.088771
    72 6.289963 0.932404 13.569109 -0.126801 -0.612098 -2.869612
    73 -1.327759 -0.766682 12.396324 -0.028401 -0.011963 0.249789
    74 0.000017 -54.999996 0.000000 0.000000 0.000000 -1.570796
  time 29
    0 0.000000 0.000000 -1.500000 0.000000 0.000000 0.000000
    1 -10.521344 -5.760963 66.994621 3.097005 -0.050653 -3.139334
    2 -3.101286 4.062161 16.072638 0.075593 0.482867 0.557273
    3 -0.000034 0.000012 24.761454 -1.132240 -0.131316 -0.355666
    4 0.000017 0.000000 24.344809 1.696166 -0.148704 -0.140902
    5 0.002333 -1.019846 24.031336 0.877989 -0.045682 -0.005186
    6 0.000034 0.000008 13.404741 -0.000001 -0.000009 -0.202668
    7 10.398263 -5.760962 66.994675 3.097005 0.050653 3.139334
    8 2.265528 -7.819654 16.467170 0.645063 -0.742763 0.479973
    9 -0.000004 -0.000006 24.761459 -1.714474 0.198677 -0.881443
    10 -0.000007 0.000004 24.344891 1.748596 0.107616 -0.068974
    11 -0.002360 -1.019903 24.031330 0.389432 -0.029260 -0.007188
    12 0.000000 -0.000002 13.404737 0.000001 0.000005 -0.460606
    13 -0.061540 -5.245835 72.927078 0.000000 0.000000 0.000000
    14 0.364616 -2.115119 -16.453278 -0.000884 -0.002784 -0.205386
    15 0.000000 -0.005608 -1.146812 0.190910 0.045404 -0.398001
    16 0.030770 -0.240000 8.906021 -0.004138 0.000000 0.000000
    17 -0.320299 -2.194524 -0.301189 0.334034 -0.050230 -0.047156
    18 0.030770 -0.276858 8.905140 0.056125 0.004134 -0.000049
    19 0.479218 -0.706177 -0.005082 0.365316 0.170723 0.021703
    20 5.669724 4.435303 14.302868 2.694033 -1.401467 0.705917
    21 -1.044571 -2.839317 19.743267 -0.303815 -0.619731 0.117834
    22 2.655533 -1.533369 24.792658 -0.500020 0.083426 -0.236127
    23 1.120163 -0.154394 9.796035 -0.031237 0.000026 -0.271357
    24 2.240311 -0.308786 19.592051 -0.200091 -0.044508 -0.519479
    25 0.683151 2.877354 14.167051 -0.153558 -0.106019 1.386012
    26 0.144936 -0.145374 7.579252 -1.670558 -0.255932 0.217385
    27 0.091660 -0.906685 4.702850 -0.835926 -0.129403 0.060642
    28 0.506271 8.500866 13.617253 0.153878 0.225492 1.352077
    29 -0.384987 -0.460049 7.003448 -1.221911 -0.451152 0.348436
    30 0.561516 -0.596954 5.061852 -1.053965 -0.339509 0.214514
    31 -2.452171 -8.899406 11.597897 -0.864390 -0.424044 1.153787
    32 0.680496 -0.903999 6.074253 -1.454962 0.158767 -0.002668
    33 0.245514 -0.661150 3.388004 -0.872179 0.111404 -0.047347
    34 -0.717484 -3.784271 13.043911 -0.757591 -0.199271 1.374827
    35 1.099216 -1.407745 8.017889 -1.513583 0.025814 -0.008447
    36 0.068439 -0.807653 3.686054 -0.905976 0.014953 0.003167
    37 -4.004929 6.172707 4.754754 0.784219 0.906967 3.236987
    38 0.158352 -1.149811 5.804394 -0.315957 -0.206118 0.220941
    39 -1.083523 -1.463142 5.544399 -1.708265 -0.358130 0.253621
    40 -6.289886 0.932434 13.569063 -0.126803 0.612110 2.869610
    41 1.327774 -0.766687 12.396328 -0.015678 0.007613 -0.141120
    42 -0.096140 1.828087 23.185329 0.005587 -0.103108 -1.570346
    43 2.325478 -0.000003 6.169296 -0.669224 0.032881 1.702359
    44 0.000000 -3.152912 0.122169 2.172623 -0.003955 0.009624
    45 1.068383 -10.478592 7.066338 0.292219 -1.282324 -3.141588
    46 0.000000 0.000000 2.279457 0.547137 -0.343566 0.107833
    47 2.479414 -8.323895 6.074242 -0.008719 -0.026798 1.565601
    48 0.000003 -5.075260 5.574126 0.000000 0.000000 0.000000
    49 -1.068383 -10.478611 7.065971 0.292219 1.282324 3.141588
    50 -0.000488 0.000015 2.279600 0.547136 0.343566 0.107835
    51 -2.479401 -8.323895 6.074234 0.008653 -0.026809 1.573967
    52 -5.790000 4.432083 14.255558 -3.053485 1.385163 -0.282464
    53 1.044540 -2.839314 19.743252 -0.380019 0.915053 -0.196552
    54 -2.655510 -1.533379 24.792648 -0.544648 -0.088315 0.586588
    55 -1.120216 -0.154385 9.795983 -0.016688 -0.001073 0.144881
    56 -2.240372 -0.308788 19.592047 -0.087598 0.107873 0.282438
    57 -0.683205 2.877342 14.167089 -0.165350 0.157498 -1.400152
    58 -0.144958 -0.145317 7.579308 -1.307704 0.287850 -0.110243
    59 -0.038551 -0.936644 4.697678 -0.933334 0.190935 -0.074550
    60 -0.506317 8.500896 13.617329 0.093507 -0.240066 -1.363547
    61 0.385056 -0.460075 7.003435 -1.146992 0.564191 -0.226137
    62 -0.456360 -0.710276 5.057732 -1.138777 0.516703 -0.278656
    63 2.452194 -8.899408 11.597939 -0.753449 0.541815 -1.218320
    64 -0.680515 -0.903999 6.074242 -1.162568 -0.142092 -0.019899
    65 -0.248295 -0.666843 3.386627 -0.609547 -0.111900 0.030927
    66 0.717491 -3.784309 13.044010 -0.654955 0.264348 -1.407842
    67 -1.099228 -1.407673 8.017876 -1.249980 -0.012585 0.006109
    68 -0.064053 -0.807640 3.686100 -0.425746 0.002524 -0.006575
    69 4.004906 6.172710 4.754800 0.603991 -1.068332 -2.872314
    70 -0.158381 -1.149773 5.804405 -0.428473 0.090950 0.243593
    71 1.078559 -2.386406 5.215008 -1.105584 0.751809 0.017159
    72 6.289963 0.932404 13.569109 -0.126801 -0.612098 -2.869612
    73 -1.327759 -0.766682 12.396324 -0.034117 -0.013401 0.297812
    74 0.000017 -54.999996 0.000000 0.000000 0.000000 -1.570796
end
