// Created by Crowbar 0.74
version 1
nodes
  0 "root" -1
  1 "g_r_hip_offset" 0
  2 "g_r_hip" 1
  3 "g_r_knee" 2
  4 "g_r_ankle" 3
  5 "g_r_ball" 4
  6 "g_r_thightwist" 2
  7 "g_l_hip_offset" 0
  8 "g_l_hip" 7
  9 "g_l_knee" 8
  10 "g_l_ankle" 9
  11 "g_l_ball" 10
  12 "g_l_thightwist" 8
  13 "g_spine01_offset" 0
  14 "g_spine01" 13
  15 "g_pelvis" 14
  16 "g_spine02_offset" 14
  17 "g_spine02" 16
  18 "g_spine03_offset" 17
  19 "g_spine03" 18
  20 "g_l_clavical" 19
  21 "g_l_shoulder" 20
  22 "g_l_elbow" 21
  23 "g_l_forarm" 22
  24 "g_l_wrist" 22
  25 "g_l_birdy1" 24
  26 "g_l_birdy2" 25
  27 "g_l_birdy3" 26
  28 "g_l_index1" 24
  29 "g_l_index2" 28
  30 "g_l_index3" 29
  31 "g_l_pinky1" 24
  32 "g_l_pinky2" 31
  33 "g_l_pinky3" 32
  34 "g_l_ring1" 24
  35 "g_l_ring2" 34
  36 "g_l_ring3" 35
  37 "g_l_thumb1" 24
  38 "g_l_thumb2" 37
  39 "g_l_thumb3" 38
  40 "g_l_palm" 24
  41 "g_l_biceptwist" 21
  42 "g_neck" 19
  43 "g_head" 42
  44 "g_jaw" 43
  45 "g_l_brow" 43
  46 "g_l_brow2" 45
  47 "g_l_eye" 43
  48 "g_topeyelid" 43
  49 "g_r_brow" 43
  50 "g_r_brow2" 49
  51 "g_r_eye" 43
  52 "g_r_clavical" 19
  53 "g_r_shoulder" 52
  54 "g_r_elbow" 53
  55 "g_r_forarm" 54
  56 "g_r_wrist" 54
  57 "g_r_birdy1" 56
  58 "g_r_birdy2" 57
  59 "g_r_birdy3" 58
  60 "g_r_index1" 56
  61 "g_r_index2" 60
  62 "g_r_index3" 61
  63 "g_r_pinky1" 56
  64 "g_r_pinky2" 63
  65 "g_r_pinky3" 64
  66 "g_r_ring1" 56
  67 "g_r_ring2" 66
  68 "g_r_ring3" 67
  69 "g_r_thumb1" 56
  70 "g_r_thumb2" 69
  71 "g_r_thumb3" 70
  72 "g_r_palm" 56
  73 "g_r_biceptwist" 53
  74 "g_throwable_attach_offset" 0
end
skeleton
  time 0
    0 0.000000 0.000000 -1.500000 0.000000 0.000000 0.000000
    1 -10.521344 -5.760963 66.994621 3.097005 -0.050653 -3.139334
    2 -6.101377 6.578944 4.411878 0.064662 0.244572 0.568414
    3 -0.000034 0.000012 24.761454 -0.634101 -0.073659 0.203230
    4 0.000017 0.000000 24.344809 1.449701 -0.219167 -0.062212
    5 0.002333 -1.019846 24.031336 0.389660 -0.042710 0.017201
    6 0.000034 0.000008 13.404741 -0.000001 -0.000009 0.091374
    7 10.398263 -5.760962 66.994675 3.097005 0.050653 3.139334
    8 -2.832284 -3.910481 4.013156 0.310051 -0.274715 0.456703
    9 -0.000004 -0.000006 24.761459 -0.793267 0.092110 -0.350162
    10 -0.000007 0.000004 24.344891 1.395693 0.116971 0.018400
    11 -0.002360 -1.019903 24.031330 0.389594 -0.042695 -0.017219
    12 0.000000 -0.000002 13.404737 0.000001 0.000005 -0.158939
    13 -0.061540 -5.245835 72.927078 0.000000 0.000000 0.000000
    14 4.997570 2.170497 -4.331546 -0.123812 -0.019524 -0.522708
    15 0.000000 -0.005608 -1.146812 -0.005641 0.001345 -0.003715
    16 0.030770 -0.240000 8.906021 -0.004138 0.000000 0.000000
    17 -0.121074 -2.397655 -0.445724 0.401774 -0.069436 0.075440
    18 0.030770 -0.276858 8.905140 0.056125 0.004134 -0.000049
    19 0.436248 0.360262 0.026169 -0.037816 0.147436 -0.015953
    20 5.669724 4.435303 14.302868 2.870610 -1.442692 0.417937
    21 -1.044571 -2.839317 19.743267 -0.467895 -0.872614 0.224406
    22 2.655533 -1.533369 24.792658 -0.130064 0.069131 0.005600
    23 1.120163 -0.154394 9.796035 -0.011055 0.000961 -0.096097
    24 2.240311 -0.308786 19.592051 -0.309714 -0.083969 -0.150003
    25 0.683151 2.877354 14.167051 -0.738060 -0.163353 1.424639
    26 0.144936 -0.145374 7.579252 -0.663634 -0.159857 0.057190
    27 0.091660 -0.906685 4.702850 -0.497395 -0.078532 0.017992
    28 0.506271 8.500866 13.617253 -0.591308 -0.068791 1.307734
    29 -0.384987 -0.460049 7.003448 -0.408078 -0.291326 0.102116
    30 0.561516 -0.596954 5.061852 -0.227847 -0.111343 0.014755
    31 -2.452171 -8.899406 11.597897 -1.090884 -0.145349 1.506498
    32 0.680496 -0.903999 6.074253 -0.917886 0.102922 0.014383
    33 0.245514 -0.661150 3.388004 -0.770230 0.109717 -0.041909
    34 -0.717484 -3.784271 13.043911 -0.979347 -0.126082 1.477618
    35 1.099216 -1.407745 8.017889 -0.878411 0.003749 0.004122
    36 0.068439 -0.807653 3.686054 -0.562230 0.003085 0.002852
    37 -4.004929 6.172707 4.754754 0.488450 0.874032 -3.127539
    38 0.158352 -1.149811 5.804394 -0.533526 -0.251085 0.181559
    39 -1.083523 -1.463142 5.544399 -0.450997 -0.109115 0.016044
    40 -6.289886 0.932434 13.569063 -0.126803 0.612110 2.869610
    41 1.327774 -0.766687 12.396328 -0.000242 0.000135 -0.002173
    42 -0.096140 1.828087 23.185329 0.002043 -0.052026 -1.570683
    43 2.325478 -0.000003 6.169296 0.000618 -0.052876 1.864884
    44 0.000000 -3.152912 0.122169 1.961017 0.000000 0.000000
    45 1.068383 -10.478592 7.066338 0.292219 -1.282324 -3.141588
    46 0.000000 0.000000 2.279457 0.547137 -0.343566 0.107833
    47 2.479414 -8.323895 6.074242 -0.009834 -0.035814 1.537999
    48 0.000003 -5.075260 5.910074 0.000000 0.000000 0.000000
    49 -1.068383 -10.478611 7.065971 0.292219 1.282324 3.141588
    50 -0.000488 0.000015 2.279600 0.547136 0.343566 0.107835
    51 -2.479401 -8.323895 6.074234 0.007448 -0.034322 1.544746
    52 -5.790000 4.432083 14.255558 -3.469795 1.427406 -0.465950
    53 1.044540 -2.839314 19.743252 -0.219284 0.976995 -0.127888
    54 -2.655510 -1.533379 24.792648 -0.605240 -0.077728 0.017703
    55 -1.120216 -0.154385 9.795983 -0.000137 -0.000018 0.000971
    56 -2.240372 -0.308788 19.592047 -0.009474 0.022777 0.001307
    57 -0.683205 2.877342 14.167089 -0.728775 0.164541 -1.424506
    58 -0.144958 -0.145317 7.579308 -0.649770 0.177460 0.008836
    59 -0.038551 -0.936644 4.697678 -0.483426 0.094902 -0.014783
    60 -0.506317 8.500896 13.617329 -0.582587 0.072890 -1.309541
    61 0.385056 -0.460075 7.003435 -0.393178 0.308272 0.051687
    62 -0.456360 -0.710276 5.057732 -0.212903 0.126852 -0.003336
    63 2.452194 -8.899408 11.597939 -1.074997 0.141538 -1.504247
    64 -0.680515 -0.903999 6.074242 -0.898090 -0.110836 -0.027257
    65 -0.248295 -0.666843 3.386627 -0.750385 -0.119211 0.041713
    66 0.717491 -3.784309 13.044010 -0.967165 0.125638 -1.476249
    67 -1.099228 -1.407673 8.017876 -0.863991 -0.000181 0.001650
    68 -0.064053 -0.807640 3.686100 -0.547687 -0.001970 -0.007222
    69 4.004906 6.172710 4.754800 -0.015960 -0.979080 -2.563525
    70 -0.158381 -1.149773 5.804405 -0.510058 0.331743 0.248604
    71 1.078559 -2.386406 5.215008 -0.420439 0.200158 0.105103
    72 6.289963 0.932404 13.569109 -0.126801 -0.612098 -2.869612
    73 -1.327759 -0.766682 12.396324 -0.000752 -0.000434 0.006945
    74 0.000017 -54.999996 0.000000 0.000000 0.000000 -1.570796
  time 1
    0 0.000000 0.000000 -1.500000 0.000000 0.000000 0.000000
    1 -10.521344 -5.760963 66.994621 3.097005 -0.050653 -3.139334
    2 -6.101377 6.578944 4.411878 0.064662 0.244572 0.568414
    3 -0.000034 0.000012 24.761454 -0.634101 -0.073659 0.203230
    4 0.000017 0.000000 24.344809 1.449701 -0.219167 -0.062212
    5 0.002333 -1.019846 24.031336 0.389660 -0.042710 0.017201
    6 0.000034 0.000008 13.404741 -0.000001 -0.000009 0.091374
    7 10.398263 -5.760962 66.994675 3.097005 0.050653 3.139334
    8 -2.832284 -3.910481 4.013156 0.310051 -0.274715 0.456703
    9 -0.000004 -0.000006 24.761459 -0.793267 0.092110 -0.350162
    10 -0.000007 0.000004 24.344891 1.395693 0.116971 0.018400
    11 -0.002360 -1.019903 24.031330 0.389594 -0.042695 -0.017219
    12 0.000000 -0.000002 13.404737 0.000001 0.000005 -0.158939
    13 -0.061540 -5.245835 72.927078 0.000000 0.000000 0.000000
    14 4.997570 2.170497 -4.331546 -0.123812 -0.019524 -0.522708
    15 0.000000 -0.005608 -1.146812 -0.005641 0.001345 -0.003715
    16 0.030770 -0.240000 8.906021 -0.004138 0.000000 0.000000
    17 -0.121074 -2.397655 -0.445724 0.401774 -0.069436 0.075440
    18 0.030770 -0.276858 8.905140 0.056125 0.004134 -0.000049
    19 0.436248 0.360262 0.026169 -0.037816 0.147436 -0.015953
    20 5.669724 4.435303 14.302868 2.870610 -1.442692 0.417937
    21 -1.044571 -2.839317 19.743267 -0.467895 -0.872614 0.224406
    22 2.655533 -1.533369 24.792658 -0.130064 0.069131 0.005600
    23 1.120163 -0.154394 9.796035 -0.011055 0.000961 -0.096097
    24 2.240311 -0.308786 19.592051 -0.309714 -0.083969 -0.150003
    25 0.683151 2.877354 14.167051 -0.738060 -0.163353 1.424639
    26 0.144936 -0.145374 7.579252 -0.663634 -0.159857 0.057190
    27 0.091660 -0.906685 4.702850 -0.497395 -0.078532 0.017992
    28 0.506271 8.500866 13.617253 -0.591308 -0.068791 1.307734
    29 -0.384987 -0.460049 7.003448 -0.408078 -0.291326 0.102116
    30 0.561516 -0.596954 5.061852 -0.227847 -0.111343 0.014755
    31 -2.452171 -8.899406 11.597897 -1.090884 -0.145349 1.506498
    32 0.680496 -0.903999 6.074253 -0.917886 0.102922 0.014383
    33 0.245514 -0.661150 3.388004 -0.770230 0.109717 -0.041909
    34 -0.717484 -3.784271 13.043911 -0.979347 -0.126082 1.477618
    35 1.099216 -1.407745 8.017889 -0.878411 0.003749 0.004122
    36 0.068439 -0.807653 3.686054 -0.562230 0.003085 0.002852
    37 -4.004929 6.172707 4.754754 0.488450 0.874032 -3.127539
    38 0.158352 -1.149811 5.804394 -0.533526 -0.251085 0.181559
    39 -1.083523 -1.463142 5.544399 -0.450997 -0.109115 0.016044
    40 -6.289886 0.932434 13.569063 -0.126803 0.612110 2.869610
    41 1.327774 -0.766687 12.396328 -0.000242 0.000135 -0.002173
    42 -0.096140 1.828087 23.185329 0.002043 -0.052026 -1.570683
    43 2.325478 -0.000003 6.169296 0.000618 -0.052876 1.864884
    44 0.000000 -3.152912 0.122169 1.961017 0.000000 0.000000
    45 1.068383 -10.478592 7.066338 0.292219 -1.282324 -3.141588
    46 0.000000 0.000000 2.279457 0.547137 -0.343566 0.107833
    47 2.479414 -8.323895 6.074242 -0.009834 -0.035814 1.537999
    48 0.000003 -5.075260 5.910074 0.000000 0.000000 0.000000
    49 -1.068383 -10.478611 7.065971 0.292219 1.282324 3.141588
    50 -0.000488 0.000015 2.279600 0.547136 0.343566 0.107835
    51 -2.479401 -8.323895 6.074234 0.007448 -0.034322 1.544746
    52 -5.790000 4.432083 14.255558 -3.469795 1.427406 -0.465950
    53 1.044540 -2.839314 19.743252 -0.219284 0.976995 -0.127888
    54 -2.655510 -1.533379 24.792648 -0.605240 -0.077728 0.017703
    55 -1.120216 -0.154385 9.795983 -0.000137 -0.000018 0.000971
    56 -2.240372 -0.308788 19.592047 -0.009474 0.022777 0.001307
    57 -0.683205 2.877342 14.167089 -0.728775 0.164541 -1.424506
    58 -0.144958 -0.145317 7.579308 -0.649770 0.177460 0.008836
    59 -0.038551 -0.936644 4.697678 -0.483426 0.094902 -0.014783
    60 -0.506317 8.500896 13.617329 -0.582587 0.072890 -1.309541
    61 0.385056 -0.460075 7.003435 -0.393178 0.308272 0.051687
    62 -0.456360 -0.710276 5.057732 -0.212903 0.126852 -0.003336
    63 2.452194 -8.899408 11.597939 -1.074997 0.141538 -1.504247
    64 -0.680515 -0.903999 6.074242 -0.898090 -0.110836 -0.027257
    65 -0.248295 -0.666843 3.386627 -0.750385 -0.119211 0.041713
    66 0.717491 -3.784309 13.044010 -0.967165 0.125638 -1.476249
    67 -1.099228 -1.407673 8.017876 -0.863991 -0.000181 0.001650
    68 -0.064053 -0.807640 3.686100 -0.547687 -0.001970 -0.007222
    69 4.004906 6.172710 4.754800 -0.015960 -0.979080 -2.563525
    70 -0.158381 -1.149773 5.804405 -0.510058 0.331743 0.248604
    71 1.078559 -2.386406 5.215008 -0.420439 0.200158 0.105103
    72 6.289963 0.932404 13.569109 -0.126801 -0.612098 -2.869612
    73 -1.327759 -0.766682 12.396324 -0.000752 -0.000434 0.006945
    74 0.000017 -54.999996 0.000000 0.000000 0.000000 -1.570796
  time 2
    0 0.000000 0.000000 -1.500000 0.000000 0.000000 0.000000
    1 -10.521344 -5.760963 66.994621 3.097005 -0.050653 -3.139334
    2 -5.945123 6.443897 4.524000 0.058582 0.245351 0.548404
    3 -0.000034 0.000012 24.761454 -0.641093 -0.074474 0.221391
    4 0.000017 0.000000 24.344809 1.458270 -0.218578 -0.062601
    5 0.002333 -1.019846 24.031336 0.389660 -0.042710 0.017201
    6 0.000034 0.000008 13.404741 -0.000001 -0.000009 0.099832
    7 10.398263 -5.760962 66.994675 3.097005 0.050653 3.139334
    8 -2.851816 -3.723141 4.080596 0.321909 -0.273106 0.439870
    9 -0.000004 -0.000006 24.761459 -0.801132 0.093021 -0.335161
    10 -0.000007 0.000004 24.344891 1.395435 0.116815 0.018421
    11 -0.002360 -1.019903 24.031330 0.389594 -0.042695 -0.017219
    12 0.000000 -0.000002 13.404737 0.000001 0.000005 -0.151210
    13 -0.061540 -5.245835 72.927078 0.000000 0.000000 0.000000
    14 4.876473 2.170497 -4.399139 -0.115843 -0.019541 -0.504812
    15 0.000000 -0.005608 -1.146812 -0.004876 -0.000051 -0.004041
    16 0.030770 -0.240000 8.906021 -0.004138 0.000000 0.000000
    17 -0.117168 -2.264838 -0.402754 0.379868 -0.064068 0.072805
    18 0.030770 -0.276858 8.905140 0.056125 0.004134 -0.000049
    19 0.404997 0.340730 0.022263 -0.034777 0.139002 -0.014395
    20 5.669724 4.435303 14.302868 2.868313 -1.449492 0.427137
    21 -1.044571 -2.839317 19.743267 -0.457866 -0.908621 0.230159
    22 2.655533 -1.533369 24.792658 -0.136530 0.067863 0.023958
    23 1.120163 -0.154394 9.796035 -0.010875 0.000961 -0.094614
    24 2.240311 -0.308786 19.592051 -0.292002 -0.080239 -0.150161
    25 0.683151 2.877354 14.167051 -0.738005 -0.163353 1.424639
    26 0.144936 -0.145374 7.579252 -0.663634 -0.159857 0.057190
    27 0.091660 -0.906685 4.702850 -0.497395 -0.078532 0.017992
    28 0.506271 8.500866 13.617253 -0.591308 -0.068791 1.307734
    29 -0.384987 -0.460049 7.003448 -0.408078 -0.291326 0.102116
    30 0.561516 -0.596954 5.061852 -0.227847 -0.111343 0.014755
    31 -2.452171 -8.899406 11.597897 -1.090884 -0.145349 1.506498
    32 0.680496 -0.903999 6.074253 -0.917886 0.102922 0.014383
    33 0.245514 -0.661150 3.388004 -0.770230 0.109717 -0.041909
    34 -0.717484 -3.784271 13.043911 -0.979347 -0.126082 1.477618
    35 1.099216 -1.407745 8.017889 -0.878411 0.003749 0.004122
    36 0.068439 -0.807653 3.686054 -0.562230 0.003085 0.002852
    37 -4.004929 6.172707 4.754754 0.488450 0.874032 -3.127539
    38 0.158352 -1.149811 5.804394 -0.533526 -0.251085 0.181559
    39 -1.083523 -1.463142 5.544399 -0.450997 -0.109115 0.016044
    40 -6.289886 0.932434 13.569063 -0.126803 0.612110 2.869610
    41 1.327774 -0.766687 12.396328 0.000969 -0.000548 0.009126
    42 -0.096140 1.828087 23.185329 -0.003676 -0.052026 -1.570683
    43 2.325478 -0.000003 6.169296 -0.000672 -0.047682 1.849238
    44 0.000000 -3.152912 0.122169 1.961017 0.000000 0.000000
    45 1.068383 -10.478592 7.066338 0.292219 -1.282324 -3.141588
    46 0.000000 0.000000 2.279457 0.547137 -0.343566 0.107833
    47 2.479414 -8.323895 6.074242 -0.009154 -0.036378 1.554426
    48 0.000003 -5.075260 5.871010 0.000000 0.000000 0.000000
    49 -1.068383 -10.478611 7.065971 0.292219 1.282324 3.141588
    50 -0.000488 0.000015 2.279600 0.547136 0.343566 0.107835
    51 -2.479401 -8.323895 6.074234 0.008131 -0.035172 1.561129
    52 -5.790000 4.432083 14.255558 -3.700812 1.435049 -0.677702
    53 1.044540 -2.839314 19.743252 -0.262417 0.980853 -0.150422
    54 -2.655510 -1.533379 24.792648 -0.662058 -0.081895 0.047844
    55 -1.120216 -0.154385 9.795983 -0.002018 -0.000270 0.017511
    56 -2.240372 -0.308788 19.592047 -0.021082 0.040053 0.033699
    57 -0.683205 2.877342 14.167089 -0.703136 0.167307 -1.424057
    58 -0.144958 -0.145317 7.579308 -0.621652 0.171120 0.012108
    59 -0.038551 -0.936644 4.697678 -0.455664 0.088155 -0.012577
    60 -0.506317 8.500896 13.617329 -0.559055 0.083423 -1.314214
    61 0.385056 -0.460075 7.003435 -0.376387 0.299897 0.055393
    62 -0.456360 -0.710276 5.057732 -0.197065 0.117753 -0.002160
    63 2.452194 -8.899408 11.597939 -1.031569 0.132221 -1.498408
    64 -0.680515 -0.903999 6.074242 -0.845485 -0.104221 -0.027737
    65 -0.248295 -0.666843 3.386627 -0.697514 -0.116898 0.037363
    66 0.717491 -3.784309 13.044010 -0.933588 0.124667 -1.472504
    67 -1.099228 -1.407673 8.017876 -0.823755 0.001197 0.001507
    68 -0.064053 -0.807640 3.686100 -0.507565 -0.000508 -0.007150
    69 4.004906 6.172710 4.754800 -0.018143 -0.950263 -2.546824
    70 -0.158381 -1.149773 5.804405 -0.499734 0.324268 0.246992
    71 1.078559 -2.386406 5.215008 -0.410263 0.193265 0.101924
    72 6.289963 0.932404 13.569109 -0.126801 -0.612098 -2.869612
    73 -1.327759 -0.766682 12.396324 -0.003089 -0.001728 0.028551
    74 0.000017 -54.999996 0.000000 0.000000 0.000000 -1.570796
  time 3
    0 0.000000 0.000000 -1.500000 0.000000 0.000000 0.000000
    1 -10.521344 -5.760963 66.994621 3.097005 -0.050653 -3.139334
    2 -5.745898 6.247465 4.636123 0.048334 0.246437 0.517821
    3 -0.000034 0.000012 24.761454 -0.648411 -0.075312 0.249160
    4 0.000017 0.000000 24.344809 1.468750 -0.218397 -0.063141
    5 0.002333 -1.019846 24.031336 0.389660 -0.042698 0.017201
    6 0.000034 0.000008 13.404741 -0.000001 -0.000009 0.112910
    7 10.398263 -5.760962 66.994675 3.097005 0.050653 3.139334
    8 -2.906505 -3.435885 4.170517 0.339227 -0.269228 0.414785
    9 -0.000004 -0.000006 24.761459 -0.810756 0.094135 -0.312587
    10 -0.000007 0.000004 24.344891 1.393628 0.116082 0.018169
    11 -0.002360 -1.019903 24.031330 0.389594 -0.042695 -0.017219
    12 0.000000 -0.000002 13.404737 0.000001 0.000005 -0.139681
    13 -0.061540 -5.245835 72.927078 0.000000 0.000000 0.000000
    14 4.728031 2.170497 -4.489264 -0.103810 -0.019541 -0.477488
    15 0.000000 -0.005608 -1.146812 -0.003632 -0.002200 -0.004557
    16 0.030770 -0.240000 8.906021 -0.004138 0.000000 0.000000
    17 -0.109355 -2.081239 -0.340252 0.346618 -0.056244 0.068372
    18 0.030770 -0.276858 8.905140 0.056125 0.004134 -0.000049
    19 0.369840 0.305573 0.018356 -0.029988 0.126289 -0.012154
    20 5.669724 4.435303 14.302868 2.862667 -1.459710 0.443333
    21 -1.044571 -2.839317 19.743267 -0.439129 -0.963049 0.235940
    22 2.655533 -1.533369 24.792658 -0.145513 0.065788 0.052910
    23 1.120163 -0.154394 9.796035 -0.010624 0.000949 -0.092337
    24 2.240311 -0.308786 19.592051 -0.265151 -0.074806 -0.150240
    25 0.683151 2.877354 14.167051 -0.738005 -0.163353 1.424639
    26 0.144936 -0.145374 7.579252 -0.663634 -0.159857 0.057190
    27 0.091660 -0.906685 4.702850 -0.497395 -0.078532 0.017992
    28 0.506271 8.500866 13.617253 -0.591308 -0.068791 1.307734
    29 -0.384987 -0.460049 7.003448 -0.408078 -0.291326 0.102116
    30 0.561516 -0.596954 5.061852 -0.227847 -0.111343 0.014755
    31 -2.452171 -8.899406 11.597897 -1.090884 -0.145349 1.506498
    32 0.680496 -0.903999 6.074253 -0.917886 0.102922 0.014383
    33 0.245514 -0.661150 3.388004 -0.770230 0.109717 -0.041909
    34 -0.717484 -3.784271 13.043911 -0.979347 -0.126082 1.477618
    35 1.099216 -1.407745 8.017889 -0.878411 0.003749 0.004122
    36 0.068439 -0.807653 3.686054 -0.562230 0.003085 0.002852
    37 -4.004929 6.172707 4.754754 0.488450 0.874032 -3.127539
    38 0.158352 -1.149811 5.804394 -0.533526 -0.251085 0.181559
    39 -1.083523 -1.463142 5.544399 -0.450997 -0.109115 0.016044
    40 -6.289886 0.932434 13.569063 -0.126803 0.612110 2.869610
    41 1.327774 -0.766687 12.396328 0.002910 -0.001747 0.027505
    42 -0.096140 1.828087 23.185329 -0.012391 -0.052026 -1.570683
    43 2.325478 -0.000003 6.169296 -0.003059 -0.039912 1.825570
    44 0.000000 -3.152912 0.122169 1.961017 0.000000 0.000000
    45 1.068383 -10.478592 7.066338 0.292219 -1.282324 -3.141588
    46 0.000000 0.000000 2.279457 0.547137 -0.343566 0.107833
    47 2.479414 -8.323895 6.074242 -0.008175 -0.037223 1.578972
    48 0.000003 -5.075260 5.816321 0.000000 0.000000 0.000000
    49 -1.068383 -10.478611 7.065971 0.292219 1.282324 3.141588
    50 -0.000488 0.000015 2.279600 0.547136 0.343566 0.107835
    51 -2.479401 -8.323895 6.074234 0.009095 -0.036684 1.585752
    52 -5.790000 4.432083 14.255558 -4.071590 1.434052 -1.019667
    53 1.044540 -2.839314 19.743252 -0.328036 0.978564 -0.183625
    54 -2.655510 -1.533379 24.792648 -0.748618 -0.088703 0.094570
    55 -1.120216 -0.154385 9.795983 -0.004871 -0.000581 0.042539
    56 -2.240372 -0.308788 19.592047 -0.037348 0.067082 0.082587
    57 -0.683205 2.877342 14.167089 -0.664627 0.170610 -1.423185
    58 -0.144958 -0.145317 7.579308 -0.579966 0.161509 0.016638
    59 -0.038551 -0.936644 4.697678 -0.414441 0.078016 -0.009629
    60 -0.506317 8.500896 13.617329 -0.524813 0.097069 -1.320414
    61 0.385056 -0.460075 7.003435 -0.351480 0.287308 0.060630
    62 -0.456360 -0.710276 5.057732 -0.173600 0.104191 -0.000633
    63 2.452194 -8.899408 11.597939 -0.966885 0.121255 -1.490471
    64 -0.680515 -0.903999 6.074242 -0.767657 -0.094585 -0.027677
    65 -0.248295 -0.666843 3.386627 -0.618622 -0.112847 0.031238
    66 0.717491 -3.784309 13.044010 -0.883321 0.123888 -1.466886
    67 -1.099228 -1.407673 8.017876 -0.764131 0.003234 0.001375
    68 -0.064053 -0.807640 3.686100 -0.447860 0.001637 -0.006886
    69 4.004906 6.172710 4.754800 -0.020101 -0.906442 -2.524066
    70 -0.158381 -1.149773 5.804405 -0.484352 0.313206 0.244589
    71 1.078559 -2.386406 5.215008 -0.394975 0.182973 0.097138
    72 6.289963 0.932404 13.569109 -0.126801 -0.612098 -2.869612
    73 -1.327759 -0.766682 12.396324 -0.006769 -0.003646 0.062278
    74 0.000017 -54.999996 0.000000 0.000000 0.000000 -1.570796
  time 4
    0 0.000000 0.000000 -1.500000 0.000000 0.000000 0.000000
    1 -10.521344 -5.760963 66.994621 3.097005 -0.050653 -3.139334
    2 -5.554486 5.989648 4.748246 0.033782 0.247467 0.478980
    3 -0.000034 0.000012 24.761454 -0.652557 -0.075816 0.284422
    4 0.000017 0.000000 24.344809 1.478491 -0.219280 -0.063811
    5 0.002333 -1.019846 24.031336 0.389660 -0.042698 0.017201
    6 0.000034 0.000008 13.404741 -0.000001 -0.000009 0.129616
    7 10.398263 -5.760962 66.994675 3.097005 0.050653 3.139334
    8 -3.023696 -3.048715 4.260438 0.359957 -0.262058 0.383676
    9 -0.000004 -0.000006 24.761459 -0.819666 0.095166 -0.284380
    10 -0.000007 0.000004 24.344891 1.389239 0.114371 0.017454
    11 -0.002360 -1.019903 24.031330 0.389594 -0.042695 -0.017219
    12 0.000000 -0.000002 13.404737 0.000001 0.000005 -0.125468
    13 -0.061540 -5.245835 72.927078 0.000000 0.000000 0.000000
    14 4.599120 2.170497 -4.534326 -0.088672 -0.019593 -0.442777
    15 0.000000 -0.005608 -1.146812 -0.002037 -0.004929 -0.005427
    16 0.030770 -0.240000 8.906021 -0.004138 0.000000 0.000000
    17 -0.093730 -1.831231 -0.273844 0.304699 -0.046951 0.062302
    18 0.030770 -0.276858 8.905140 0.056125 0.004134 -0.000049
    19 0.319057 0.266509 0.018356 -0.023518 0.110449 -0.009589
    20 5.669724 4.435303 14.302868 2.851182 -1.472500 0.468154
    21 -1.044571 -2.839317 19.743267 -0.407673 -1.031045 0.236278
    22 2.655533 -1.533369 24.792658 -0.155581 0.063021 0.091405
    23 1.120163 -0.154394 9.796035 -0.010300 0.000925 -0.089509
    24 2.240311 -0.308786 19.592051 -0.231337 -0.067991 -0.150082
    25 0.683151 2.877354 14.167051 -0.738060 -0.163353 1.424639
    26 0.144936 -0.145374 7.579252 -0.663634 -0.159857 0.057190
    27 0.091660 -0.906685 4.702850 -0.497395 -0.078532 0.017992
    28 0.506271 8.500866 13.617253 -0.591308 -0.068791 1.307734
    29 -0.384987 -0.460049 7.003448 -0.408078 -0.291314 0.102116
    30 0.561516 -0.596954 5.061852 -0.227847 -0.111343 0.014755
    31 -2.452171 -8.899406 11.597897 -1.090884 -0.145349 1.506498
    32 0.680496 -0.903999 6.074253 -0.917886 0.102922 0.014383
    33 0.245514 -0.661150 3.388004 -0.770230 0.109717 -0.041909
    34 -0.717484 -3.784271 13.043911 -0.979347 -0.126082 1.477618
    35 1.099216 -1.407745 8.017889 -0.878411 0.003749 0.004122
    36 0.068439 -0.807653 3.686054 -0.562230 0.003085 0.002852
    37 -4.004929 6.172707 4.754754 0.488450 0.874032 -3.127539
    38 0.158352 -1.149811 5.804394 -0.533526 -0.251085 0.181559
    39 -1.083523 -1.463142 5.544399 -0.450997 -0.109115 0.016044
    40 -6.289886 0.932434 13.569063 -0.126803 0.612110 2.869610
    41 1.327774 -0.766687 12.396328 0.005607 -0.003449 0.053316
    42 -0.096140 1.828087 23.185329 -0.023280 -0.052026 -1.570683
    43 2.325478 -0.000003 6.169296 -0.006688 -0.030334 1.795875
    44 0.000000 -3.152912 0.122169 1.961017 0.000000 0.000000
    45 1.068383 -10.478592 7.066338 0.292219 -1.282324 -3.141588
    46 0.000000 0.000000 2.279457 0.547137 -0.343566 0.107833
    47 2.479414 -8.323895 6.074242 -0.006952 -0.038538 1.610012
    48 0.000003 -5.075260 5.753819 0.000000 0.000000 0.000000
    49 -1.068383 -10.478611 7.065971 0.292219 1.282324 3.141588
    50 -0.000488 0.000015 2.279600 0.547136 0.343566 0.107835
    51 -2.479401 -8.323895 6.074234 0.010340 -0.038716 1.616601
    52 -5.790000 4.432083 14.255558 -4.479368 1.412453 -1.391909
    53 1.044540 -2.839314 19.743252 -0.406400 0.962283 -0.219576
    54 -2.655510 -1.533379 24.792648 -0.858076 -0.097918 0.153866
    55 -1.120216 -0.154385 9.795983 -0.008454 -0.000857 0.073715
    56 -2.240372 -0.308788 19.592047 -0.054913 0.102230 0.143763
    57 -0.683205 2.877342 14.167089 -0.616714 0.173416 -1.421851
    58 -0.144958 -0.145317 7.579308 -0.528907 0.149464 0.021636
    59 -0.038551 -0.936644 4.697678 -0.363996 0.065408 -0.006645
    60 -0.506317 8.500896 13.617329 -0.483330 0.111027 -1.327289
    61 0.385056 -0.460075 7.003435 -0.321047 0.271693 0.066602
    62 -0.456360 -0.710276 5.057732 -0.144791 0.087438 0.000771
    63 2.452194 -8.899408 11.597939 -0.887354 0.112008 -1.481701
    64 -0.680515 -0.903999 6.074242 -0.672311 -0.082792 -0.026550
    65 -0.248295 -0.666843 3.386627 -0.522121 -0.107226 0.024144
    66 0.717491 -3.784309 13.044010 -0.820749 0.123852 -1.459817
    67 -1.099228 -1.407673 8.017876 -0.691113 0.005739 0.001387
    68 -0.064053 -0.807640 3.686100 -0.374819 0.004274 -0.006479
    69 4.004906 6.172710 4.754800 -0.020703 -0.851128 -2.498852
    70 -0.158381 -1.149773 5.804405 -0.465412 0.299597 0.241307
    71 1.078559 -2.386406 5.215008 -0.376151 0.170445 0.090963
    72 6.289963 0.932404 13.569109 -0.126801 -0.612098 -2.869612
    73 -1.327759 -0.766682 12.396324 -0.011598 -0.005911 0.105443
    74 0.000017 -54.999996 0.000000 0.000000 0.000000 -1.570796
  time 5
    0 0.000000 0.000000 -1.500000 0.000000 0.000000 0.000000
    1 -10.521344 -5.760963 66.994621 3.097005 -0.050653 -3.139334
    2 -5.421669 5.695001 4.815519 0.015131 0.248023 0.434155
    3 -0.000034 0.000012 24.761454 -0.650525 -0.075564 0.325100
    4 0.000017 0.000000 24.344809 1.484347 -0.221951 -0.064567
    5 0.002333 -1.019846 24.031336 0.389660 -0.042710 0.017213
    6 0.000034 0.000008 13.404741 -0.000001 -0.000009 0.149064
    7 10.398263 -5.760962 66.994675 3.097005 0.050653 3.139334
    8 -3.226827 -2.586608 4.305398 0.381967 -0.250682 0.348854
    9 -0.000004 -0.000006 24.761459 -0.825166 0.095789 -0.252224
    10 -0.000007 0.000004 24.344891 1.381107 0.111238 0.016067
    11 -0.002360 -1.019903 24.031330 0.389594 -0.042695 -0.017219
    12 0.000000 -0.000002 13.404737 0.000001 0.000005 -0.109495
    13 -0.061540 -5.245835 72.927078 0.000000 0.000000 0.000000
    14 4.536619 2.170497 -4.601919 -0.071453 -0.019610 -0.402721
    15 0.000000 -0.005608 -1.146812 -0.000187 -0.008176 -0.006514
    16 0.030770 -0.240000 8.906021 -0.004138 0.000000 0.000000
    17 -0.078104 -1.546066 -0.207436 0.256761 -0.037139 0.054835
    18 0.030770 -0.276858 8.905140 0.056125 0.004134 -0.000049
    19 0.268274 0.215726 0.018356 -0.015690 0.092552 -0.006964
    20 5.669724 4.435303 14.302868 2.829266 -1.486911 0.505433
    21 -1.044571 -2.839317 19.743267 -0.355769 -1.107442 0.222347
    22 2.655533 -1.533369 24.792658 -0.165172 0.059486 0.138634
    23 1.120163 -0.154394 9.796035 -0.009917 0.000913 -0.086232
    24 2.240311 -0.308786 19.592051 -0.192519 -0.060347 -0.149647
    25 0.683151 2.877354 14.167051 -0.738005 -0.163353 1.424639
    26 0.144936 -0.145374 7.579252 -0.663634 -0.159857 0.057190
    27 0.091660 -0.906685 4.702850 -0.497395 -0.078532 0.017992
    28 0.506271 8.500866 13.617253 -0.591308 -0.068791 1.307734
    29 -0.384987 -0.460049 7.003448 -0.408078 -0.291314 0.102116
    30 0.561516 -0.596954 5.061852 -0.227918 -0.111343 0.014755
    31 -2.452171 -8.899406 11.597897 -1.090884 -0.145349 1.506498
    32 0.680496 -0.903999 6.074253 -0.917886 0.102922 0.014383
    33 0.245514 -0.661150 3.388004 -0.770230 0.109717 -0.041909
    34 -0.717484 -3.784271 13.043911 -0.979347 -0.126082 1.477618
    35 1.099216 -1.407745 8.017889 -0.878411 0.003749 0.004122
    36 0.068439 -0.807653 3.686054 -0.562230 0.003085 0.002852
    37 -4.004929 6.172707 4.754754 0.488450 0.874032 -3.127539
    38 0.158352 -1.149811 5.804394 -0.533526 -0.251085 0.181559
    39 -1.083523 -1.463142 5.544399 -0.450997 -0.109115 0.016044
    40 -6.289886 0.932434 13.569063 -0.126803 0.612110 2.869610
    41 1.327774 -0.766687 12.396328 0.008998 -0.005726 0.086308
    42 -0.096140 1.828087 23.185329 -0.035676 -0.052026 -1.570683
    43 2.325478 -0.000003 6.169296 -0.011750 -0.019699 1.762109
    44 0.000000 -3.152912 0.122169 1.961017 0.000000 0.000000
    45 1.068383 -10.478592 7.066338 0.292219 -1.282324 -3.141588
    46 0.000000 0.000000 2.279457 0.547137 -0.343566 0.107833
    47 2.479414 -8.323895 6.074242 -0.005484 -0.040276 1.645159
    48 0.000003 -5.075260 5.687411 0.000000 0.000000 0.000000
    49 -1.068383 -10.478611 7.065971 0.292219 1.282324 3.141588
    50 -0.000488 0.000015 2.279600 0.547136 0.343566 0.107835
    51 -2.479401 -8.323895 6.074234 0.011766 -0.041315 1.651763
    52 -5.790000 4.432083 14.255558 -4.806914 1.369171 -1.680217
    53 1.044540 -2.839314 19.743252 -0.484597 0.927136 -0.247608
    54 -2.655510 -1.533379 24.792648 -0.983336 -0.109205 0.219676
    55 -1.120216 -0.154385 9.795983 -0.012529 -0.001049 0.108917
    56 -2.240372 -0.308788 19.592047 -0.071408 0.143714 0.213101
    57 -0.683205 2.877342 14.167089 -0.562663 0.175087 -1.420145
    58 -0.144958 -0.145317 7.579308 -0.472835 0.135922 0.026406
    59 -0.038551 -0.936644 4.697678 -0.308374 0.051326 -0.004080
    60 -0.506317 8.500896 13.617329 -0.438076 0.123324 -1.334028
    61 0.385056 -0.460075 7.003435 -0.287637 0.254151 0.072604
    62 -0.456360 -0.710276 5.057732 -0.112922 0.068809 0.001754
    63 2.452194 -8.899408 11.597939 -0.798469 0.106315 -1.472692
    64 -0.680515 -0.903999 6.074242 -0.567587 -0.070041 -0.024058
    65 -0.248295 -0.666843 3.386627 -0.416128 -0.100323 0.017037
    66 0.717491 -3.784309 13.044010 -0.750257 0.124715 -1.451657
    67 -1.099228 -1.407673 8.017876 -0.610755 0.008508 0.001602
    68 -0.064053 -0.807640 3.686100 -0.294463 0.007102 -0.005772
    69 4.004906 6.172710 4.754800 -0.019574 -0.787851 -2.474130
    70 -0.158381 -1.149773 5.804405 -0.444449 0.284592 0.237410
    71 1.078559 -2.386406 5.215008 -0.355226 0.156599 0.083875
    72 6.289963 0.932404 13.569109 -0.126801 -0.612098 -2.869612
    73 -1.327759 -0.766682 12.396324 -0.017111 -0.008200 0.153697
    74 0.000017 -54.999996 0.000000 0.000000 0.000000 -1.570796
  time 6
    0 0.000000 0.000000 -1.500000 0.000000 0.000000 0.000000
    1 -10.521344 -5.760963 66.994621 3.097005 -0.050653 -3.139334
    2 -5.343542 5.388076 4.837944 -0.007346 0.246938 0.385702
    3 -0.000034 0.000012 24.761454 -0.641175 -0.074474 0.369157
    4 0.000017 0.000000 24.344809 1.485888 -0.225980 -0.065194
    5 0.002333 -1.019846 24.031336 0.389660 -0.042710 0.017201
    6 0.000034 0.000008 13.404741 -0.000001 -0.000009 0.170368
    7 10.398263 -5.760962 66.994675 3.097005 0.050653 3.139334
    8 -3.476835 -2.099522 4.305398 0.402868 -0.235794 0.312464
    9 -0.000004 -0.000006 24.761459 -0.825276 0.095801 -0.217593
    10 -0.000007 0.000004 24.344891 1.369038 0.107416 0.014343
    11 -0.002360 -1.019903 24.031330 0.389594 -0.042695 -0.017219
    12 0.000000 -0.000002 13.404737 0.000001 0.000005 -0.092491
    13 -0.061540 -5.245835 72.927078 0.000000 0.000000 0.000000
    14 4.524899 2.170497 -4.556857 -0.053307 -0.019627 -0.359603
    15 0.000000 -0.005608 -1.146812 0.001886 -0.011752 -0.007927
    16 0.030770 -0.240000 8.906021 -0.004138 0.000000 0.000000
    17 -0.066385 -1.241369 -0.141028 0.205667 -0.027694 0.046089
    18 0.030770 -0.276858 8.905140 0.056125 0.004134 -0.000049
    19 0.209678 0.153224 0.014450 -0.006753 0.073770 -0.004567
    20 5.669724 4.435303 14.302868 2.789643 -1.501991 0.561592
    21 -1.044571 -2.839317 19.743267 -0.270990 -1.186135 0.180130
    22 2.655533 -1.533369 24.792658 -0.172853 0.055182 0.192737
    23 1.120163 -0.154394 9.796035 -0.009521 0.000901 -0.082817
    24 2.240311 -0.308786 19.592051 -0.151046 -0.052612 -0.148816
    25 0.683151 2.877354 14.167051 -0.738005 -0.163353 1.424639
    26 0.144936 -0.145374 7.579252 -0.663634 -0.159857 0.057190
    27 0.091660 -0.906685 4.702850 -0.497395 -0.078532 0.017992
    28 0.506271 8.500866 13.617253 -0.591308 -0.068791 1.307734
    29 -0.384987 -0.460049 7.003448 -0.408078 -0.291314 0.102116
    30 0.561516 -0.596954 5.061852 -0.227918 -0.111343 0.014755
    31 -2.452171 -8.899406 11.597897 -1.090884 -0.145349 1.506498
    32 0.680496 -0.903999 6.074253 -0.917886 0.102922 0.014383
    33 0.245514 -0.661150 3.388004 -0.770230 0.109717 -0.041909
    34 -0.717484 -3.784271 13.043911 -0.979347 -0.126082 1.477618
    35 1.099216 -1.407745 8.017889 -0.878411 0.003749 0.004122
    36 0.068439 -0.807653 3.686054 -0.562230 0.003085 0.002852
    37 -4.004929 6.172707 4.754754 0.488450 0.874032 -3.127539
    38 0.158352 -1.149811 5.804394 -0.533526 -0.251085 0.181559
    39 -1.083523 -1.463142 5.544399 -0.450997 -0.109115 0.016044
    40 -6.289886 0.932434 13.569063 -0.126803 0.612110 2.869610
    41 1.327774 -0.766687 12.396328 0.012965 -0.008626 0.126129
    42 -0.096140 1.828087 23.185329 -0.048774 -0.052026 -1.570683
    43 2.325478 -0.000003 6.169296 -0.018148 -0.008775 1.726187
    44 0.000000 -3.152912 0.122169 1.961017 0.000000 0.000000
    45 1.068383 -10.478592 7.066338 0.292219 -1.282324 -3.141588
    46 0.000000 0.000000 2.279457 0.547137 -0.343566 0.107833
    47 2.479414 -8.323895 6.074242 -0.003934 -0.042530 1.682407
    48 0.000003 -5.075260 5.613190 0.000000 0.000000 0.000000
    49 -1.068383 -10.478611 7.065971 0.292219 1.282324 3.141588
    50 -0.000488 0.000015 2.279600 0.547136 0.343566 0.107835
    51 -2.479401 -8.323895 6.074234 0.013232 -0.044386 1.688936
    52 -5.790000 4.432083 14.255558 -5.037548 1.311518 -1.870411
    53 1.044540 -2.839314 19.743252 -0.551830 0.873843 -0.259719
    54 -2.655510 -1.533379 24.792648 -1.117051 -0.121927 0.285334
    55 -1.120216 -0.154385 9.795983 -0.016795 -0.001073 0.145969
    56 -2.240372 -0.308788 19.592047 -0.085307 0.189109 0.286648
    57 -0.683205 2.877342 14.167089 -0.505791 0.175525 -1.418375
    58 -0.144958 -0.145317 7.579308 -0.415237 0.121732 0.030480
    59 -0.038551 -0.936644 4.697678 -0.251273 0.036741 -0.002271
    60 -0.506317 8.500896 13.617329 -0.391540 0.133416 -1.340678
    61 0.385056 -0.460075 7.003435 -0.253276 0.235870 0.078148
    62 -0.456360 -0.710276 5.057732 -0.080080 0.049576 0.002140
    63 2.452194 -8.899408 11.597939 -0.705842 0.104178 -1.463611
    64 -0.680515 -0.903999 6.074242 -0.460977 -0.057409 -0.020151
    65 -0.248295 -0.666843 3.386627 -0.308345 -0.092557 0.010601
    66 0.717491 -3.784309 13.044010 -0.676077 0.126261 -1.442703
    67 -1.099228 -1.407673 8.017876 -0.528547 0.011288 0.002070
    68 -0.064053 -0.807640 3.686100 -0.212306 0.009942 -0.004813
    69 4.004906 6.172710 4.754800 -0.017014 -0.720417 -2.451535
    70 -0.158381 -1.149773 5.804405 -0.422858 0.269204 0.232956
    71 1.078559 -2.386406 5.215008 -0.333440 0.142478 0.076239
    72 6.289963 0.932404 13.569109 -0.126801 -0.612098 -2.869612
    73 -1.327759 -0.766682 12.396324 -0.022732 -0.010237 0.202044
    74 0.000017 -54.999996 0.000000 0.000000 0.000000 -1.570796
  time 7
    0 0.000000 0.000000 -1.500000 0.000000 0.000000 0.000000
    1 -10.521344 -5.760963 66.994621 3.097005 -0.050653 -3.139334
    2 -5.277133 5.068874 4.837944 -0.032078 0.243152 0.335983
    3 -0.000034 0.000012 24.761454 -0.626215 -0.072748 0.414354
    4 0.000017 0.000000 24.344809 1.484162 -0.230575 -0.065453
    5 0.002333 -1.019846 24.031336 0.389660 -0.042698 0.017213
    6 0.000034 0.000008 13.404741 -0.000001 -0.000009 0.192622
    7 10.398263 -5.760962 66.994675 3.097005 0.050653 3.139334
    8 -3.711217 -1.562479 4.237957 0.421039 -0.219113 0.275909
    9 -0.000004 -0.000006 24.761459 -0.820051 0.095202 -0.181705
    10 -0.000007 0.000004 24.344891 1.353936 0.104150 0.012872
    11 -0.002360 -1.019903 24.031330 0.389594 -0.042695 -0.017219
    12 0.000000 -0.000002 13.404737 0.000001 0.000005 -0.074972
    13 -0.061540 -5.245835 72.927078 0.000000 0.000000 0.000000
    14 4.517087 2.170497 -4.511795 -0.035129 -0.019644 -0.315284
    15 0.000000 -0.005608 -1.146812 0.004024 -0.015500 -0.009639
    16 0.030770 -0.240000 8.906021 -0.004138 0.000000 0.000000
    17 -0.046853 -0.940579 -0.090245 0.154172 -0.019211 0.036785
    18 0.030770 -0.276858 8.905140 0.056125 0.004134 -0.000049
    19 0.158896 0.094629 0.006637 0.002683 0.055173 -0.002614
    20 5.669724 4.435303 14.302868 2.719778 -1.516719 0.648129
    21 -1.044571 -2.839317 19.743267 -0.134012 -1.259819 0.088900
    22 2.655533 -1.533369 24.792658 -0.177453 0.050148 0.251693
    23 1.120163 -0.154394 9.796035 -0.009138 0.000877 -0.079437
    24 2.240311 -0.308786 19.592051 -0.109137 -0.045014 -0.147708
    25 0.683151 2.877354 14.167051 -0.738005 -0.163353 1.424639
    26 0.144936 -0.145374 7.579252 -0.663634 -0.159857 0.057190
    27 0.091660 -0.906685 4.702850 -0.497395 -0.078532 0.017992
    28 0.506271 8.500866 13.617253 -0.591308 -0.068791 1.307734
    29 -0.384987 -0.460049 7.003448 -0.408078 -0.291326 0.102116
    30 0.561516 -0.596954 5.061852 -0.227847 -0.111343 0.014755
    31 -2.452171 -8.899406 11.597897 -1.090884 -0.145349 1.506498
    32 0.680496 -0.903999 6.074253 -0.917886 0.102922 0.014383
    33 0.245514 -0.661150 3.388004 -0.770230 0.109717 -0.041909
    34 -0.717484 -3.784271 13.043911 -0.979347 -0.126082 1.477618
    35 1.099216 -1.407745 8.017889 -0.878411 0.003749 0.004122
    36 0.068439 -0.807653 3.686054 -0.562230 0.003085 0.002852
    37 -4.004929 6.172707 4.754754 0.488450 0.874032 -3.127539
    38 0.158352 -1.149811 5.804394 -0.533569 -0.251085 0.181559
    39 -1.083523 -1.463142 5.544399 -0.450997 -0.109115 0.016044
    40 -6.289886 0.932434 13.569063 -0.126803 0.612110 2.869610
    41 1.327774 -0.766687 12.396328 0.017340 -0.012089 0.171022
    42 -0.096140 1.828087 23.185329 -0.061854 -0.052026 -1.570683
    43 2.325478 -0.000003 6.169296 -0.025740 0.001715 1.690346
    44 0.000000 -3.152912 0.122169 1.961017 0.000000 0.000000
    45 1.068383 -10.478592 7.066338 0.292219 -1.282324 -3.141588
    46 0.000000 0.000000 2.279457 0.547137 -0.343566 0.107833
    47 2.479414 -8.323895 6.074242 -0.002412 -0.045159 1.719559
    48 0.000003 -5.075260 5.535063 0.000000 0.000000 0.000000
    49 -1.068383 -10.478611 7.065971 0.292219 1.282324 3.141588
    50 -0.000488 0.000015 2.279600 0.547136 0.343566 0.107835
    51 -2.479401 -8.323895 6.074234 0.014698 -0.047930 1.726013
    52 -5.790000 4.432083 14.255558 -5.200314 1.247302 -1.993725
    53 1.044540 -2.839314 19.743252 -0.604092 0.807110 -0.254657
    54 -2.655510 -1.533379 24.792648 -1.252075 -0.135479 0.344858
    55 -1.120216 -0.154385 9.795983 -0.021002 -0.000965 0.182613
    56 -2.240372 -0.308788 19.592047 -0.096151 0.235791 0.360196
    57 -0.683205 2.877342 14.167089 -0.449414 0.175127 -1.416824
    58 -0.144958 -0.145317 7.579308 -0.359819 0.107818 0.033644
    59 -0.038551 -0.936644 4.697678 -0.196144 0.022563 -0.001312
    60 -0.506317 8.500896 13.617329 -0.346210 0.141770 -1.347282
    61 0.385056 -0.460075 7.003435 -0.220211 0.217899 0.082895
    62 -0.456360 -0.710276 5.057732 -0.048113 0.030861 0.001912
    63 2.452194 -8.899408 11.597939 -0.614370 0.104038 -1.454293
    64 -0.680515 -0.903999 6.074242 -0.359217 -0.045772 -0.015165
    65 -0.248295 -0.666843 3.386627 -0.205516 -0.084515 0.005280
    66 0.717491 -3.784309 13.044010 -0.602596 0.127927 -1.433290
    67 -1.099228 -1.407673 8.017876 -0.449702 0.013937 0.002717
    68 -0.064053 -0.807640 3.686100 -0.133356 0.012579 -0.003674
    69 4.004906 6.172710 4.754800 -0.013701 -0.652606 -2.432215
    70 -0.158381 -1.149773 5.804405 -0.401755 0.254281 0.228414
    71 1.078559 -2.386406 5.215008 -0.312276 0.128908 0.068566
    72 6.289963 0.932404 13.569109 -0.126801 -0.612098 -2.869612
    73 -1.327759 -0.766682 12.396324 -0.027897 -0.011819 0.245764
    74 0.000017 -54.999996 0.000000 0.000000 0.000000 -1.570796
  time 8
    0 0.000000 0.000000 -1.500000 0.000000 0.000000 0.000000
    1 -10.521344 -5.760963 66.994621 3.097005 -0.050653 -3.139334
    2 -5.222444 4.761949 4.770670 -0.057356 0.236750 0.287793
    3 -0.000034 0.000012 24.761454 -0.606865 -0.070519 0.458451
    4 0.000017 0.000000 24.344809 1.479724 -0.235396 -0.065302
    5 0.002333 -1.019846 24.031336 0.389585 -0.042698 0.017201
    6 0.000034 0.000008 13.404741 -0.000001 -0.000009 0.214622
    7 10.398263 -5.760962 66.994675 3.097005 0.050653 3.139334
    8 -3.922161 -1.037926 4.170517 0.435627 -0.201884 0.240757
    9 -0.000004 -0.000006 24.761459 -0.810261 0.094087 -0.146427
    10 -0.000007 0.000004 24.344891 1.336898 0.101528 0.011737
    11 -0.002360 -1.019903 24.031330 0.389594 -0.042695 -0.017219
    12 0.000000 -0.000002 13.404737 0.000001 0.000005 -0.057818
    13 -0.061540 -5.245835 72.927078 0.000000 0.000000 0.000000
    14 4.513180 2.170497 -4.399139 -0.017910 -0.019644 -0.271865
    15 0.000000 -0.005608 -1.146812 0.006193 -0.019359 -0.011677
    16 0.030770 -0.240000 8.906021 -0.004138 0.000000 0.000000
    17 -0.039040 -0.643695 -0.047275 0.105350 -0.012210 0.027360
    18 0.030770 -0.276858 8.905140 0.056125 0.004134 -0.000049
    19 0.112019 0.039939 0.010544 0.012084 0.037811 -0.001152
    20 5.669724 4.435303 14.302868 2.598806 -1.530003 0.785555
    21 -1.044571 -2.839317 19.743267 0.075661 -1.319361 -0.074553
    22 2.655533 -1.533369 24.792658 -0.177540 0.044845 0.311700
    23 1.120163 -0.154394 9.796035 -0.008766 0.000865 -0.076229
    24 2.240311 -0.308786 19.592051 -0.068665 -0.038061 -0.146363
    25 0.683151 2.877354 14.167051 -0.738005 -0.163353 1.424639
    26 0.144936 -0.145374 7.579252 -0.663634 -0.159857 0.057190
    27 0.091660 -0.906685 4.702850 -0.497395 -0.078532 0.017992
    28 0.506271 8.500866 13.617253 -0.591308 -0.068791 1.307734
    29 -0.384987 -0.460049 7.003448 -0.408078 -0.291326 0.102116
    30 0.561516 -0.596954 5.061852 -0.227918 -0.111343 0.014755
    31 -2.452171 -8.899406 11.597897 -1.090884 -0.145349 1.506498
    32 0.680496 -0.903999 6.074253 -0.917886 0.102922 0.014383
    33 0.245514 -0.661150 3.388004 -0.770230 0.109717 -0.041909
    34 -0.717484 -3.784271 13.043911 -0.979347 -0.126082 1.477618
    35 1.099216 -1.407745 8.017889 -0.878411 0.003749 0.004122
    36 0.068439 -0.807653 3.686054 -0.562230 0.003085 0.002852
    37 -4.004929 6.172707 4.754754 0.488450 0.874032 -3.127539
    38 0.158352 -1.149811 5.804394 -0.533526 -0.251085 0.181559
    39 -1.083523 -1.463142 5.544399 -0.450997 -0.109115 0.016044
    40 -6.289886 0.932434 13.569063 -0.126803 0.612110 2.869610
    41 1.327774 -0.766687 12.396328 0.021738 -0.015936 0.218325
    42 -0.096140 1.828087 23.185329 -0.074233 -0.052026 -1.570683
    43 2.325478 -0.000003 6.169296 -0.034192 0.011192 1.656300
    44 0.000000 -3.152912 0.122169 1.961017 0.000000 0.000000
    45 1.068383 -10.478592 7.066338 0.292219 -1.282324 -3.141588
    46 0.000000 0.000000 2.279457 0.547137 -0.343566 0.107833
    47 2.479414 -8.323895 6.074242 -0.000944 -0.048306 1.754802
    48 0.000003 -5.075260 5.429591 0.000000 0.000000 0.000000
    49 -1.068383 -10.478611 7.065971 0.292219 1.282324 3.141588
    50 -0.000488 0.000015 2.279600 0.547136 0.343566 0.107835
    51 -2.479401 -8.323895 6.074234 0.016064 -0.051899 1.760887
    52 -5.790000 4.432083 14.255558 -5.319657 1.182338 -2.076222
    53 1.044540 -2.839314 19.743252 -0.643107 0.734441 -0.236749
    54 -2.655510 -1.533379 24.792648 -1.381512 -0.149069 0.394688
    55 -1.120216 -0.154385 9.795983 -0.024945 -0.000713 0.216754
    56 -2.240372 -0.308788 19.592047 -0.105162 0.280790 0.429534
    57 -0.683205 2.877342 14.167089 -0.396551 0.174351 -1.415746
    58 -0.144958 -0.145317 7.579308 -0.309305 0.094982 0.035849
    59 -0.038551 -0.936644 4.697678 -0.145847 0.009608 -0.001096
    60 -0.506317 8.500896 13.617329 -0.303898 0.149241 -1.353977
    61 0.385056 -0.460075 7.003435 -0.189908 0.201234 0.086723
    62 -0.456360 -0.710276 5.057732 -0.018721 0.013655 0.001175
    63 2.452194 -8.899408 11.597939 -0.528749 0.104085 -1.444688
    64 -0.680515 -0.903999 6.074242 -0.267968 -0.035813 -0.009724
    65 -0.248295 -0.666843 3.386627 -0.113386 -0.076893 0.001229
    66 0.717491 -3.784309 13.044010 -0.533597 0.129198 -1.423852
    67 -1.099228 -1.407673 8.017876 -0.378309 0.016262 0.003484
    68 -0.064053 -0.807640 3.686100 -0.062116 0.014880 -0.002476
    69 4.004906 6.172710 4.754800 -0.010313 -0.588347 -2.416661
    70 -0.158381 -1.149773 5.804405 -0.382431 0.240645 0.223901
    71 1.078559 -2.386406 5.215008 -0.292736 0.116594 0.061259
    72 6.289963 0.932404 13.569109 -0.126801 -0.612098 -2.869612
    73 -1.327759 -0.766682 12.396324 -0.032200 -0.012982 0.281712
    74 0.000017 -54.999996 0.000000 0.000000 0.000000 -1.570796
  time 9
    0 0.000000 0.000000 -1.500000 0.000000 0.000000 0.000000
    1 -10.521344 -5.760963 66.994621 3.097005 -0.050653 -3.139334
    2 -5.183381 4.479578 4.703397 -0.081882 0.228149 0.243666
    3 -0.000034 0.000012 24.761454 -0.584588 -0.067930 0.499170
    4 0.000017 0.000000 24.344809 1.472942 -0.240285 -0.064740
    5 0.002333 -1.019846 24.031336 0.389585 -0.042710 0.017213
    6 0.000034 0.000008 13.404741 -0.000001 -0.000009 0.235273
    7 10.398263 -5.760962 66.994675 3.097005 0.050653 3.139334
    8 -4.094041 -0.575819 4.058116 0.446291 -0.185239 0.208823
    9 -0.000004 -0.000006 24.761459 -0.797007 0.092553 -0.113554
    10 -0.000007 0.000004 24.344891 1.319149 0.099728 0.010959
    11 -0.002360 -1.019903 24.031330 0.389594 -0.042695 -0.017219
    12 0.000000 -0.000002 13.404737 0.000001 0.000005 -0.041888
    13 -0.061540 -5.245835 72.927078 0.000000 0.000000 0.000000
    14 4.513180 2.170497 -4.286484 -0.002772 -0.019644 -0.231449
    15 0.000000 -0.005608 -1.146812 0.008330 -0.023108 -0.014096
    16 0.030770 -0.240000 8.906021 -0.004138 0.000000 0.000000
    17 -0.019509 -0.389781 -0.027743 0.062126 -0.006829 0.018735
    18 0.030770 -0.276858 8.905140 0.056125 0.004134 -0.000049
    19 0.065143 -0.018656 0.002731 0.020842 0.022629 -0.000181
    20 5.669724 4.435303 14.302868 2.396963 -1.540573 1.002043
    21 -1.044571 -2.839317 19.743267 0.352893 -1.356255 -0.308254
    22 2.655533 -1.533369 24.792658 -0.174068 0.039504 0.368149
    23 1.120163 -0.154394 9.796035 -0.008430 0.000841 -0.073366
    24 2.240311 -0.308786 19.592051 -0.031979 -0.032030 -0.145018
    25 0.683151 2.877354 14.167051 -0.738005 -0.163353 1.424639
    26 0.144936 -0.145374 7.579252 -0.663634 -0.159857 0.057190
    27 0.091660 -0.906685 4.702850 -0.497395 -0.078532 0.017992
    28 0.506271 8.500866 13.617253 -0.591308 -0.068791 1.307734
    29 -0.384987 -0.460049 7.003448 -0.408078 -0.291326 0.102128
    30 0.561516 -0.596954 5.061852 -0.227847 -0.111343 0.014755
    31 -2.452171 -8.899406 11.597897 -1.090884 -0.145349 1.506498
    32 0.680496 -0.903999 6.074253 -0.917886 0.102922 0.014383
    33 0.245514 -0.661150 3.388004 -0.770230 0.109717 -0.041909
    34 -0.717484 -3.784271 13.043911 -0.979347 -0.126082 1.477618
    35 1.099216 -1.407745 8.017889 -0.878411 0.003749 0.004122
    36 0.068439 -0.807653 3.686054 -0.562230 0.003085 0.002852
    37 -4.004929 6.172707 4.754754 0.488450 0.874032 -3.127539
    38 0.158352 -1.149811 5.804394 -0.533526 -0.251100 0.181559
    39 -1.083523 -1.463142 5.544399 -0.450997 -0.109115 0.016044
    40 -6.289886 0.932434 13.569063 -0.126803 0.612110 2.869610
    41 1.327774 -0.766687 12.396328 0.025825 -0.019855 0.263921
    42 -0.096140 1.828087 23.185329 -0.085139 -0.052026 -1.570683
    43 2.325478 -0.000003 6.169296 -0.042978 0.019150 1.626326
    44 0.000000 -3.152912 0.122169 1.961017 0.000000 0.000000
    45 1.068383 -10.478592 7.066338 0.292219 -1.282324 -3.141588
    46 0.000000 0.000000 2.279457 0.547137 -0.343566 0.107833
    47 2.479414 -8.323895 6.074242 0.000334 -0.051875 1.785651
    48 0.000003 -5.075260 5.324119 0.000000 0.000000 0.000000
    49 -1.068383 -10.478611 7.065971 0.292219 1.282324 3.141588
    50 -0.000488 0.000015 2.279600 0.547136 0.343566 0.107835
    51 -2.479401 -8.323895 6.074234 0.017229 -0.056199 1.791545
    52 -5.790000 4.432083 14.255558 -5.409092 1.121113 -2.133040
    53 1.044540 -2.839314 19.743252 -0.671770 0.663468 -0.212228
    54 -2.655510 -1.533379 24.792648 -1.498821 -0.161843 0.433614
    55 -1.120216 -0.154385 9.795983 -0.028337 -0.000414 0.246216
    56 -2.240372 -0.308788 19.592047 -0.115166 0.321086 0.489249
    57 -0.683205 2.877342 14.167089 -0.350370 0.173734 -1.415285
    58 -0.144958 -0.145317 7.579308 -0.266311 0.083981 0.037204
    59 -0.038551 -0.936644 4.697678 -0.102947 -0.001442 -0.001456
    60 -0.506317 8.500896 13.617329 -0.266564 0.156428 -1.360536
    61 0.385056 -0.460075 7.003435 -0.163965 0.186839 0.089587
    62 -0.456360 -0.710276 5.057732 0.006541 -0.001114 0.000122
    63 2.452194 -8.899408 11.597939 -0.453915 0.102900 -1.435035
    64 -0.680515 -0.903999 6.074242 -0.191864 -0.027879 -0.004559
    65 -0.248295 -0.666843 3.386627 -0.036243 -0.070302 -0.001599
    66 0.717491 -3.784309 13.044010 -0.473068 0.129701 -1.414998
    67 -1.099228 -1.407673 8.017876 -0.318068 0.018167 0.004251
    68 -0.064053 -0.807640 3.686100 -0.001905 0.016774 -0.001337
    69 4.004906 6.172710 4.754800 -0.007301 -0.531591 -2.404791
    70 -0.158381 -1.149773 5.804405 -0.365863 0.229035 0.219887
    71 1.078559 -2.386406 5.215008 -0.275967 0.106117 0.054792
    72 6.289963 0.932404 13.569109 -0.126801 -0.612098 -2.869612
    73 -1.327759 -0.766682 12.396324 -0.035448 -0.013701 0.308823
    74 0.000017 -54.999996 0.000000 0.000000 0.000000 -1.570796
  time 10
    0 0.000000 0.000000 -1.500000 0.000000 0.000000 0.000000
    1 -10.521344 -5.760963 66.994621 3.097005 -0.050653 -3.139334
    2 -5.152130 4.234039 4.613698 -0.103949 0.218323 0.206181
    3 -0.000034 0.000012 24.761454 -0.560848 -0.065173 0.534187
    4 0.000017 0.000000 24.344809 1.464435 -0.244834 -0.063768
    5 0.002333 -1.019846 24.031336 0.389585 -0.042698 0.017213
    6 0.000034 0.000008 13.404741 -0.000001 -0.000009 0.253307
    7 10.398263 -5.760962 66.994675 3.097005 0.050653 3.139334
    8 -4.222952 -0.138691 3.923235 0.452689 -0.170497 0.181593
    9 -0.000004 -0.000006 24.761459 -0.781443 0.090744 -0.085060
    10 -0.000007 0.000004 24.344891 1.301788 0.098595 0.010497
    11 -0.002360 -1.019903 24.031330 0.389594 -0.042695 -0.017219
    12 0.000000 -0.000002 13.404737 0.000001 0.000005 -0.028126
    13 -0.061540 -5.245835 72.927078 0.000000 0.000000 0.000000
    14 4.513180 2.170497 -4.173828 0.009197 -0.019644 -0.196077
    15 0.000000 -0.005608 -1.146812 0.010276 -0.026684 -0.016840
    16 0.030770 -0.240000 8.906021 -0.004138 0.000000 0.000000
    17 -0.015602 -0.182743 -0.008211 0.027551 -0.003094 0.011587
    18 0.030770 -0.276858 8.905140 0.056125 0.004134 -0.000049
    19 0.037798 -0.061626 0.006637 0.028026 0.010677 0.000358
    20 5.669724 4.435303 14.302868 2.109846 -1.547197 1.301618
    21 -1.044571 -2.839317 19.743267 0.630712 -1.368988 -0.549429
    22 2.655533 -1.533369 24.792658 -0.168123 0.034893 0.415782
    23 1.120163 -0.154394 9.796035 -0.008179 0.000817 -0.071124
    24 2.240311 -0.308786 19.592051 -0.001168 -0.027149 -0.143990
    25 0.683151 2.877354 14.167051 -0.738005 -0.163353 1.424639
    26 0.144936 -0.145374 7.579252 -0.663634 -0.159857 0.057190
    27 0.091660 -0.906685 4.702850 -0.497395 -0.078532 0.017992
    28 0.506271 8.500866 13.617253 -0.591308 -0.068791 1.307734
    29 -0.384987 -0.460049 7.003448 -0.408078 -0.291326 0.102128
    30 0.561516 -0.596954 5.061852 -0.227918 -0.111343 0.014755
    31 -2.452171 -8.899406 11.597897 -1.090884 -0.145349 1.506498
    32 0.680496 -0.903999 6.074253 -0.917886 0.102922 0.014383
    33 0.245514 -0.661150 3.388004 -0.770230 0.109717 -0.041909
    34 -0.717484 -3.784271 13.043911 -0.979347 -0.126082 1.477618
    35 1.099216 -1.407745 8.017889 -0.878411 0.003749 0.004122
    36 0.068439 -0.807653 3.686054 -0.562230 0.003085 0.002852
    37 -4.004929 6.172707 4.754754 0.488450 0.874032 -3.127539
    38 0.158352 -1.149811 5.804394 -0.533526 -0.251085 0.181559
    39 -1.083523 -1.463142 5.544399 -0.450997 -0.109115 0.016044
    40 -6.289886 0.932434 13.569063 -0.126803 0.612110 2.869610
    41 1.327774 -0.766687 12.396328 0.029157 -0.023343 0.302889
    42 -0.096140 1.828087 23.185329 -0.093837 -0.052026 -1.570683
    43 2.325478 -0.000003 6.169296 -0.051478 0.025299 1.602338
    44 0.000000 -3.152912 0.122169 1.961017 0.000000 0.000000
    45 1.068383 -10.478592 7.066338 0.292219 -1.282324 -3.141588
    46 0.000000 0.000000 2.279457 0.547137 -0.343566 0.107833
    47 2.479414 -8.323895 6.074242 0.001367 -0.055866 1.810101
    48 0.000003 -5.075260 5.214740 0.000000 0.000000 0.000000
    49 -1.068383 -10.478611 7.065971 0.292219 1.282324 3.141588
    50 -0.000488 0.000015 2.279600 0.547136 0.343566 0.107835
    51 -2.479401 -8.323895 6.074234 0.018193 -0.060782 1.815975
    52 -5.790000 4.432083 14.255558 -5.475809 1.067572 -2.172037
    53 1.044540 -2.839314 19.743252 -0.691361 0.601738 -0.187734
    54 -2.655510 -1.533379 24.792648 -1.597610 -0.172922 0.462694
    55 -1.120216 -0.154385 9.795983 -0.030913 -0.000090 0.268768
    56 -2.240372 -0.308788 19.592047 -0.130363 0.354006 0.533240
    57 -0.683205 2.877342 14.167089 -0.313544 0.173396 -1.415323
    58 -0.144958 -0.145317 7.579308 -0.233071 0.075412 0.037923
    59 -0.038551 -0.936644 4.697678 -0.069712 -0.009999 -0.002043
    60 -0.506317 8.500896 13.617329 -0.236847 0.163017 -1.366422
    61 0.385056 -0.460075 7.003435 -0.143850 0.175541 0.091547
    62 -0.456360 -0.710276 5.057732 0.026266 -0.012650 -0.000949
    63 2.452194 -8.899408 11.597939 -0.394406 0.100344 -1.426336
    64 -0.680515 -0.903999 6.074242 -0.133978 -0.022126 -0.000172
    65 -0.248295 -0.666843 3.386627 0.022124 -0.065136 -0.003397
    66 0.717491 -3.784309 13.044010 -0.425143 0.129473 -1.407532
    67 -1.099228 -1.407673 8.017876 -0.271893 0.019617 0.004922
    68 -0.064053 -0.807640 3.686100 0.044350 0.018164 -0.000403
    69 4.004906 6.172710 4.754800 -0.005118 -0.486244 -2.396687
    70 -0.158381 -1.149773 5.804405 -0.352957 0.220054 0.216605
    71 1.078559 -2.386406 5.215008 -0.262828 0.098061 0.049640
    72 6.289963 0.932404 13.569109 -0.126801 -0.612098 -2.869612
    73 -1.327759 -0.766682 12.396324 -0.037761 -0.014180 0.328023
    74 0.000017 -54.999996 0.000000 0.000000 0.000000 -1.570796
  time 11
    0 0.000000 0.000000 -1.500000 0.000000 0.000000 0.000000
    1 -10.521344 -5.760963 66.994621 3.097005 -0.050653 -3.139334
    2 -5.132598 4.037607 4.501576 -0.122327 0.208414 0.177607
    3 -0.000034 0.000012 24.761454 -0.537636 -0.062501 0.561265
    4 0.000017 0.000000 24.344809 1.455311 -0.248796 -0.062536
    5 0.002333 -1.019846 24.031336 0.389660 -0.042710 0.017213
    6 0.000034 0.000008 13.404741 -0.000001 -0.000009 0.267545
    7 10.398263 -5.760962 66.994675 3.097005 0.050653 3.139334
    8 -4.320611 0.173543 3.788354 0.454822 -0.158755 0.161046
    9 -0.000004 -0.000006 24.761459 -0.764944 0.088814 -0.062845
    10 -0.000007 0.000004 24.344891 1.286363 0.098039 0.010266
    11 -0.002360 -1.019903 24.031330 0.389594 -0.042695 -0.017219
    12 0.000000 -0.000002 13.404737 0.000001 0.000005 -0.017606
    13 -0.061540 -5.245835 72.927078 0.000000 0.000000 0.000000
    14 4.513180 2.170497 -4.061173 0.017166 -0.019644 -0.167852
    15 0.000000 -0.005608 -1.146812 0.012062 -0.029884 -0.019993
    16 0.030770 -0.240000 8.906021 -0.004138 0.000000 0.000000
    17 -0.003883 -0.049927 -0.008211 0.004613 -0.000904 0.006755
    18 0.030770 -0.276858 8.905140 0.056125 0.004134 -0.000049
    19 0.014360 -0.085064 0.006637 0.033031 0.002819 0.000610
    20 5.669724 4.435303 14.302868 1.833735 -1.549945 1.587298
    21 -1.044571 -2.839317 19.743267 0.821991 -1.367579 -0.715533
    22 2.655533 -1.533369 24.792658 -0.158402 0.031588 0.448535
    23 1.120163 -0.154394 9.796035 -0.007999 0.000817 -0.069572
    24 2.240311 -0.308786 19.592051 0.021418 -0.023557 -0.143396
    25 0.683151 2.877354 14.167051 -0.738005 -0.163353 1.424639
    26 0.144936 -0.145374 7.579252 -0.663634 -0.159857 0.057190
    27 0.091660 -0.906685 4.702850 -0.497395 -0.078532 0.017992
    28 0.506271 8.500866 13.617253 -0.591308 -0.068791 1.307734
    29 -0.384987 -0.460049 7.003448 -0.408078 -0.291314 0.102128
    30 0.561516 -0.596954 5.061852 -0.227847 -0.111343 0.014755
    31 -2.452171 -8.899406 11.597897 -1.090884 -0.145349 1.506498
    32 0.680496 -0.903999 6.074253 -0.917886 0.102922 0.014383
    33 0.245514 -0.661150 3.388004 -0.770230 0.109717 -0.041909
    34 -0.717484 -3.784271 13.043911 -0.979347 -0.126082 1.477618
    35 1.099216 -1.407745 8.017889 -0.878411 0.003749 0.004122
    36 0.068439 -0.807653 3.686054 -0.562230 0.003085 0.002852
    37 -4.004929 6.172707 4.754754 0.488450 0.874032 -3.127539
    38 0.158352 -1.149811 5.804394 -0.533526 -0.251100 0.181559
    39 -1.083523 -1.463142 5.544399 -0.450997 -0.109115 0.016044
    40 -6.289886 0.932434 13.569063 -0.126803 0.612110 2.869610
    41 1.327774 -0.766687 12.396328 0.031386 -0.025824 0.329704
    42 -0.096140 1.828087 23.185329 -0.099607 -0.052026 -1.570683
    43 2.325478 -0.000003 6.169296 -0.059022 0.029293 1.586693
    44 0.000000 -3.152912 0.122169 1.961017 0.000000 0.000000
    45 1.068383 -10.478592 7.066338 0.292219 -1.282324 -3.141588
    46 0.000000 0.000000 2.279457 0.547137 -0.343566 0.107833
    47 2.479414 -8.323895 6.074242 0.002074 -0.060327 1.826242
    48 0.000003 -5.075260 5.136613 0.000000 0.000000 0.000000
    49 -1.068383 -10.478611 7.065971 0.292219 1.282324 3.141588
    50 -0.000488 0.000015 2.279600 0.547136 0.343566 0.107835
    51 -2.479401 -8.323895 6.074234 0.018775 -0.065602 1.831879
    52 -5.790000 4.432083 14.255558 -5.522683 1.025038 -2.197141
    53 1.044540 -2.839314 19.743252 -0.700655 0.556034 -0.168575
    54 -2.655510 -1.533379 24.792648 -1.671790 -0.181374 0.482838
    55 -1.120216 -0.154385 9.795983 -0.032220 0.000090 0.280058
    56 -2.240372 -0.308788 19.592047 -0.175725 0.375243 0.545699
    57 -0.683205 2.877342 14.167089 -0.289241 0.173376 -1.415593
    58 -0.144958 -0.145317 7.579308 -0.211438 0.069851 0.038234
    59 -0.038551 -0.936644 4.697678 -0.048163 -0.015524 -0.002582
    60 -0.506317 8.500896 13.617329 -0.216860 0.168050 -1.370735
    61 0.385056 -0.460075 7.003435 -0.130727 0.168146 0.092680
    62 -0.456360 -0.710276 5.057732 0.039188 -0.020153 -0.001792
    63 2.452194 -8.899408 11.597939 -0.355158 0.097579 -1.419973
    64 -0.680515 -0.903999 6.074242 -0.097004 -0.018711 0.002752
    65 -0.248295 -0.666843 3.386627 0.059051 -0.061721 -0.004380
    66 0.717491 -3.784309 13.044010 -0.393409 0.128970 -1.402323
    67 -1.099228 -1.407673 8.017876 -0.242417 0.020636 0.005390
    68 -0.064053 -0.807640 3.686100 0.074118 0.018919 0.000233
    69 4.004906 6.172710 4.754800 -0.003838 -0.456215 -2.391775
    70 -0.158381 -1.149773 5.804405 -0.344586 0.214222 0.214407
    71 1.078559 -2.386406 5.215008 -0.254277 0.092884 0.046279
    72 6.289963 0.932404 13.569109 -0.126801 -0.612098 -2.869612
    73 -1.327759 -0.766682 12.396324 -0.039259 -0.014468 0.340283
    74 0.000017 -54.999996 0.000000 0.000000 0.000000 -1.570796
  time 12
    0 0.000000 0.000000 -1.500000 0.000000 0.000000 0.000000
    1 -10.521344 -5.760963 66.994621 3.097005 -0.050653 -3.139334
    2 -5.124785 3.902560 4.411878 -0.135718 0.199980 0.160131
    3 -0.000034 0.000012 24.761454 -0.517148 -0.060104 0.578081
    4 0.000017 0.000000 24.344809 1.446373 -0.251715 -0.061132
    5 0.002333 -1.019846 24.031336 0.389660 -0.042710 0.017201
    6 0.000034 0.000008 13.404741 -0.000001 -0.000009 0.276700
    7 10.398263 -5.760962 66.994675 3.097005 0.050653 3.139334
    8 -4.375300 0.360884 3.653473 0.452945 -0.151110 0.148421
    9 -0.000004 -0.000006 24.761459 -0.748939 0.086981 -0.048957
    10 -0.000007 0.000004 24.344891 1.274294 0.097950 0.010224
    11 -0.002360 -1.019903 24.031330 0.389594 -0.042695 -0.017219
    12 0.000000 -0.000002 13.404737 0.000001 0.000005 -0.011251
    13 -0.061540 -5.245835 72.927078 0.000000 0.000000 0.000000
    14 4.513180 2.170497 -3.948517 0.020111 -0.019644 -0.148875
    15 0.000000 -0.005608 -1.146812 0.013465 -0.032613 -0.023471
    16 0.030770 -0.240000 8.906021 -0.004138 0.000000 0.000000
    17 -0.007789 0.000856 -0.000398 -0.003720 -0.000183 0.004998
    18 0.030770 -0.276858 8.905140 0.056125 0.004134 -0.000049
    19 0.006547 -0.100690 0.006637 0.034997 0.000021 0.000694
    20 5.669724 4.435303 14.302868 1.721090 -1.550544 1.705557
    21 -1.044571 -2.839317 19.743267 0.886028 -1.365544 -0.770891
    22 2.655533 -1.533369 24.792658 -0.143821 0.030435 0.460828
    23 1.120163 -0.154394 9.796035 -0.007927 0.000805 -0.069089
    24 2.240311 -0.308786 19.592051 0.033647 -0.021577 -0.143633
    25 0.683151 2.877354 14.167051 -0.738005 -0.163353 1.424639
    26 0.144936 -0.145374 7.579252 -0.663634 -0.159857 0.057190
    27 0.091660 -0.906685 4.702850 -0.497395 -0.078532 0.017992
    28 0.506271 8.500866 13.617253 -0.591308 -0.068791 1.307734
    29 -0.384987 -0.460049 7.003448 -0.408078 -0.291326 0.102116
    30 0.561516 -0.596954 5.061852 -0.227847 -0.111343 0.014755
    31 -2.452171 -8.899406 11.597897 -1.090884 -0.145349 1.506498
    32 0.680496 -0.903999 6.074253 -0.917886 0.102922 0.014383
    33 0.245514 -0.661150 3.388004 -0.770230 0.109717 -0.041909
    34 -0.717484 -3.784271 13.043911 -0.979347 -0.126082 1.477618
    35 1.099216 -1.407745 8.017889 -0.878411 0.003749 0.004122
    36 0.068439 -0.807653 3.686054 -0.562230 0.003085 0.002852
    37 -4.004929 6.172707 4.754754 0.488450 0.874032 -3.127539
    38 0.158352 -1.149811 5.804394 -0.533526 -0.251100 0.181559
    39 -1.083523 -1.463142 5.544399 -0.450997 -0.109115 0.016044
    40 -6.289886 0.932434 13.569063 -0.126803 0.612110 2.869610
    41 1.327774 -0.766687 12.396328 0.032189 -0.026759 0.339697
    42 -0.096140 1.828087 23.185329 -0.101679 -0.052026 -1.570683
    43 2.325478 -0.000003 6.169296 -0.064991 0.031029 1.581304
    44 0.000000 -3.152912 0.122169 1.961017 0.000000 0.000000
    45 1.068383 -10.478592 7.066338 0.292219 -1.282324 -3.141588
    46 0.000000 0.000000 2.279457 0.547137 -0.343566 0.107833
    47 2.479414 -8.323895 6.074242 0.002264 -0.065164 1.831686
    48 0.000003 -5.075260 5.105362 0.000000 0.000000 0.000000
    49 -1.068383 -10.478611 7.065971 0.292219 1.282324 3.141588
    50 -0.000488 0.000015 2.279600 0.547136 0.343566 0.107835
    51 -2.479401 -8.323895 6.074234 0.018976 -0.070563 1.837245
    52 -5.790000 4.432083 14.255558 -5.550482 0.996710 -2.209597
    53 1.044540 -2.839314 19.743252 -0.696203 0.533139 -0.158097
    54 -2.655510 -1.533379 24.792648 -1.714667 -0.186305 0.494198
    55 -1.120216 -0.154385 9.795983 -0.032280 0.000102 0.280629
    56 -2.240372 -0.308788 19.592047 -0.258736 0.384005 0.523359
    57 -0.683205 2.877342 14.167089 -0.280381 0.173416 -1.415734
    58 -0.144958 -0.145317 7.579308 -0.203809 0.067849 0.038318
    59 -0.038551 -0.936644 4.697678 -0.040520 -0.017477 -0.002810
    60 -0.506317 8.500896 13.617329 -0.209695 0.170048 -1.372398
    61 0.385056 -0.460075 7.003435 -0.126065 0.165497 0.093093
    62 -0.456360 -0.710276 5.057732 0.043804 -0.022827 -0.002108
    63 2.452194 -8.899408 11.597939 -0.340947 0.096371 -1.417542
    64 -0.680515 -0.903999 6.074242 -0.083960 -0.017656 0.003819
    65 -0.248295 -0.666843 3.386627 0.072248 -0.060378 -0.004655
    66 0.717491 -3.784309 13.044010 -0.382051 0.128694 -1.400401
    67 -1.099228 -1.407673 8.017876 -0.232050 0.020804 0.005557
    68 -0.064053 -0.807640 3.686100 0.084754 0.019362 0.000484
    69 4.004906 6.172710 4.754800 -0.003311 -0.445349 -2.390138
    70 -0.158381 -1.149773 5.804405 -0.341586 0.212141 0.213616
    71 1.078559 -2.386406 5.215008 -0.251219 0.091016 0.045000
    72 6.289963 0.932404 13.569109 -0.126801 -0.612098 -2.869612
    73 -1.327759 -0.766682 12.396324 -0.039942 -0.014612 0.346020
    74 0.000017 -54.999996 0.000000 0.000000 0.000000 -1.570796
  time 13
    0 0.000000 0.000000 -1.500000 0.000000 0.000000 0.000000
    1 -10.521344 -5.760963 66.994621 3.097005 -0.050653 -3.139334
    2 -5.120879 3.828898 4.322179 -0.144941 0.193411 0.151262
    3 -0.000034 0.000012 24.761454 -0.499912 -0.058103 0.586917
    4 0.000017 0.000000 24.344809 1.438050 -0.253798 -0.059792
    5 0.002333 -1.019846 24.031336 0.389660 -0.042710 0.017201
    6 0.000034 0.000008 13.404741 -0.000001 -0.000009 0.281762
    7 10.398263 -5.760962 66.994675 3.097005 0.050653 3.139334
    8 -4.406551 0.435820 3.518592 0.448168 -0.146684 0.142315
    9 -0.000004 -0.000006 24.761459 -0.733760 0.085219 -0.041779
    10 -0.000007 0.000004 24.344891 1.264742 0.098106 0.010224
    11 -0.002360 -1.019903 24.031330 0.389594 -0.042695 -0.017219
    12 0.000000 -0.000002 13.404737 0.000001 0.000005 -0.008331
    13 -0.061540 -5.245835 72.927078 0.000000 0.000000 0.000000
    14 4.513180 2.170497 -3.835862 0.019791 -0.019644 -0.137285
    15 0.000000 -0.005608 -1.146812 0.014518 -0.035154 -0.027194
    16 0.030770 -0.240000 8.906021 -0.004138 0.000000 0.000000
    17 -0.007789 0.000856 -0.004305 -0.003804 -0.000183 0.004998
    18 0.030770 -0.276858 8.905140 0.056125 0.004134 -0.000049
    19 0.002641 -0.100690 0.006637 0.035461 0.000021 0.000682
    20 5.669724 4.435303 14.302868 1.724056 -1.550721 1.705557
    21 -1.044571 -2.839317 19.743267 0.880940 -1.366222 -0.766746
    22 2.655533 -1.533369 24.792658 -0.126245 0.030589 0.460585
    23 1.120163 -0.154394 9.796035 -0.007939 0.000805 -0.069158
    24 2.240311 -0.308786 19.592051 0.040523 -0.019321 -0.144464
    25 0.683151 2.877354 14.167051 -0.738005 -0.163353 1.424639
    26 0.144936 -0.145374 7.579252 -0.663634 -0.159857 0.057190
    27 0.091660 -0.906685 4.702850 -0.497395 -0.078532 0.017992
    28 0.506271 8.500866 13.617253 -0.591308 -0.068791 1.307734
    29 -0.384987 -0.460049 7.003448 -0.408078 -0.291326 0.102116
    30 0.561516 -0.596954 5.061852 -0.227847 -0.111343 0.014755
    31 -2.452171 -8.899406 11.597897 -1.090884 -0.145349 1.506498
    32 0.680496 -0.903999 6.074253 -0.917886 0.102922 0.014383
    33 0.245514 -0.661150 3.388004 -0.770230 0.109717 -0.041909
    34 -0.717484 -3.784271 13.043911 -0.979347 -0.126082 1.477618
    35 1.099216 -1.407745 8.017889 -0.878411 0.003749 0.004122
    36 0.068439 -0.807653 3.686054 -0.562230 0.003085 0.002852
    37 -4.004929 6.172707 4.754754 0.488450 0.874032 -3.127539
    38 0.158352 -1.149811 5.804394 -0.533526 -0.251085 0.181559
    39 -1.083523 -1.463142 5.544399 -0.450997 -0.109115 0.016044
    40 -6.289886 0.932434 13.569063 -0.126803 0.612110 2.869610
    41 1.327774 -0.766687 12.396328 0.032177 -0.026747 0.339496
    42 -0.096140 1.828087 23.185329 -0.101679 -0.052026 -1.570683
    43 2.325478 -0.000003 6.169296 -0.069909 0.031449 1.581744
    44 0.000000 -3.152912 0.122169 1.961017 0.000000 0.000000
    45 1.068383 -10.478592 7.066338 0.292219 -1.282324 -3.141588
    46 0.000000 0.000000 2.279457 0.547137 -0.343566 0.107833
    47 2.479414 -8.323895 6.074242 0.002237 -0.070236 1.831208
    48 0.000003 -5.075260 5.105362 0.000000 0.000000 0.000000
    49 -1.068383 -10.478611 7.065971 0.292219 1.282324 3.141588
    50 -0.000488 0.000015 2.279600 0.547136 0.343566 0.107835
    51 -2.479401 -8.323895 6.074234 0.018976 -0.075619 1.836861
    52 -5.790000 4.432083 14.255558 -5.566586 0.977313 -2.214196
    53 1.044540 -2.839314 19.743252 -0.683124 0.525550 -0.153661
    54 -2.655510 -1.533379 24.792648 -1.737565 -0.188920 0.500483
    55 -1.120216 -0.154385 9.795983 -0.031716 0.000030 0.275787
    56 -2.240372 -0.308788 19.592047 -0.354882 0.381431 0.483149
    57 -0.683205 2.877342 14.167089 -0.280381 0.173436 -1.415734
    58 -0.144958 -0.145317 7.579308 -0.203809 0.067849 0.038318
    59 -0.038551 -0.936644 4.697678 -0.040520 -0.017477 -0.002798
    60 -0.506317 8.500896 13.617329 -0.209695 0.170048 -1.372398
    61 0.385056 -0.460075 7.003435 -0.126065 0.165497 0.093093
    62 -0.456360 -0.710276 5.057732 0.043804 -0.022827 -0.002090
    63 2.452194 -8.899408 11.597939 -0.340947 0.096371 -1.417542
    64 -0.680515 -0.903999 6.074242 -0.083798 -0.017452 0.003855
    65 -0.248295 -0.666843 3.386627 0.072123 -0.060570 -0.004691
    66 0.717491 -3.784309 13.044010 -0.382051 0.128694 -1.400401
    67 -1.099228 -1.407673 8.017876 -0.231770 0.020852 0.005557
    68 -0.064053 -0.807640 3.686100 0.084529 0.019314 0.000472
    69 4.004906 6.172710 4.754800 -0.003311 -0.445349 -2.390219
    70 -0.158381 -1.149773 5.804405 -0.341586 0.212141 0.213616
    71 1.078559 -2.386406 5.215008 -0.251219 0.091046 0.045000
    72 6.289963 0.932404 13.569109 -0.126801 -0.612098 -2.869612
    73 -1.327759 -0.766682 12.396324 -0.040206 -0.014660 0.348148
    74 0.000017 -54.999996 0.000000 0.000000 0.000000 -1.570796
  time 14
    0 0.000000 0.000000 -1.500000 0.000000 0.000000 0.000000
    1 -10.521344 -5.760963 66.994621 3.097005 -0.050653 -3.139334
    2 -5.120879 3.792067 4.254906 -0.151978 0.188011 0.146456
    3 -0.000034 0.000012 24.761454 -0.484668 -0.056365 0.592007
    4 0.000017 0.000000 24.344809 1.430406 -0.255360 -0.058496
    5 0.002333 -1.019846 24.031336 0.389660 -0.042710 0.017201
    6 0.000034 0.000008 13.404741 -0.000001 -0.000009 0.284863
    7 10.398263 -5.760962 66.994675 3.097005 0.050653 3.139334
    8 -4.433895 0.498267 3.383711 0.441855 -0.143794 0.139427
    9 -0.000004 -0.000006 24.761459 -0.718526 0.083445 -0.038047
    10 -0.000007 0.000004 24.344891 1.256159 0.098306 0.010245
    11 -0.002360 -1.019903 24.031330 0.389594 -0.042695 -0.017219
    12 0.000000 -0.000002 13.404737 0.000001 0.000005 -0.007193
    13 -0.061540 -5.245835 72.927078 0.000000 0.000000 0.000000
    14 4.513180 2.170497 -3.723206 0.018927 -0.019644 -0.129358
    15 0.000000 -0.005608 -1.146812 0.015092 -0.037899 -0.030917
    16 0.030770 -0.240000 8.906021 -0.004138 0.000000 0.000000
    17 -0.003883 0.004762 -0.000398 -0.004057 -0.000183 0.004998
    18 0.030770 -0.276858 8.905140 0.056125 0.004134 -0.000049
    19 0.006547 -0.104596 0.002731 0.036462 0.000021 0.000694
    20 5.669724 4.435303 14.302868 1.726736 -1.550861 1.705365
    21 -1.044571 -2.839317 19.743267 0.875902 -1.367214 -0.762967
    22 2.655533 -1.533369 24.792658 -0.109147 0.030858 0.459777
    23 1.120163 -0.154394 9.796035 -0.007975 0.000805 -0.069399
    24 2.240311 -0.308786 19.592051 0.048095 -0.015039 -0.145730
    25 0.683151 2.877354 14.167051 -0.738005 -0.163353 1.424639
    26 0.144936 -0.145374 7.579252 -0.663634 -0.159857 0.057190
    27 0.091660 -0.906685 4.702850 -0.497395 -0.078532 0.017992
    28 0.506271 8.500866 13.617253 -0.591308 -0.068791 1.307734
    29 -0.384987 -0.460049 7.003448 -0.408078 -0.291326 0.102116
    30 0.561516 -0.596954 5.061852 -0.227883 -0.111343 0.014755
    31 -2.452171 -8.899406 11.597897 -1.090884 -0.145349 1.506498
    32 0.680496 -0.903999 6.074253 -0.917886 0.102922 0.014383
    33 0.245514 -0.661150 3.388004 -0.770230 0.109717 -0.041909
    34 -0.717484 -3.784271 13.043911 -0.979347 -0.126082 1.477618
    35 1.099216 -1.407745 8.017889 -0.878411 0.003749 0.004122
    36 0.068439 -0.807653 3.686054 -0.562230 0.003085 0.002852
    37 -4.004929 6.172707 4.754754 0.488450 0.874032 -3.127539
    38 0.158352 -1.149811 5.804394 -0.533526 -0.251085 0.181559
    39 -1.083523 -1.463142 5.544399 -0.450997 -0.109115 0.016044
    40 -6.289886 0.932434 13.569063 -0.126803 0.612110 2.869610
    41 1.327774 -0.766687 12.396328 0.032129 -0.026699 0.338994
    42 -0.096140 1.828087 23.185329 -0.101679 -0.052026 -1.570683
    43 2.325478 -0.000003 6.169296 -0.074685 0.031695 1.581943
    44 0.000000 -3.152912 0.122169 1.961017 0.000000 0.000000
    45 1.068383 -10.478592 7.066338 0.292219 -1.282324 -3.141588
    46 0.000000 0.000000 2.279457 0.547137 -0.343566 0.107833
    47 2.479414 -8.323895 6.074242 0.002237 -0.075167 1.830922
    48 0.000003 -5.075260 5.105362 0.000000 0.000000 0.000000
    49 -1.068383 -10.478611 7.065971 0.292219 1.282324 3.141588
    50 -0.000488 0.000015 2.279600 0.547136 0.343566 0.107835
    51 -2.479401 -8.323895 6.074234 0.018976 -0.080533 1.836574
    52 -5.790000 4.432083 14.255558 -5.579239 0.959909 -2.216304
    53 1.044540 -2.839314 19.743252 -0.669710 0.521056 -0.150531
    54 -2.655510 -1.533379 24.792648 -1.756035 -0.191029 0.506466
    55 -1.120216 -0.154385 9.795983 -0.031141 -0.000054 0.270727
    56 -2.240372 -0.308788 19.592047 -0.438656 0.373263 0.444484
    57 -0.683205 2.877342 14.167089 -0.280381 0.173436 -1.415734
    58 -0.144958 -0.145317 7.579308 -0.203809 0.067849 0.038318
    59 -0.038551 -0.936644 4.697678 -0.040520 -0.017477 -0.002798
    60 -0.506317 8.500896 13.617329 -0.209770 0.170048 -1.372398
    61 0.385056 -0.460075 7.003435 -0.126065 0.165497 0.093093
    62 -0.456360 -0.710276 5.057732 0.043804 -0.022827 -0.002090
    63 2.452194 -8.899408 11.597939 -0.340947 0.096371 -1.417542
    64 -0.680515 -0.903999 6.074242 -0.083798 -0.017452 0.003855
    65 -0.248295 -0.666843 3.386627 0.072123 -0.060558 -0.004691
    66 0.717491 -3.784309 13.044010 -0.382051 0.128694 -1.400401
    67 -1.099228 -1.407673 8.017876 -0.231770 0.020852 0.005557
    68 -0.064053 -0.807640 3.686100 0.084529 0.019314 0.000472
    69 4.004906 6.172710 4.754800 -0.003386 -0.445349 -2.390219
    70 -0.158381 -1.149773 5.804405 -0.341586 0.212141 0.213616
    71 1.078559 -2.386406 5.215008 -0.251267 0.091046 0.045000
    72 6.289963 0.932404 13.569109 -0.126801 -0.612098 -2.869612
    73 -1.327759 -0.766682 12.396324 -0.040421 -0.014696 0.350045
    74 0.000017 -54.999996 0.000000 0.000000 0.000000 -1.570796
  time 15
    0 0.000000 0.000000 -1.500000 0.000000 0.000000 0.000000
    1 -10.521344 -5.760963 66.994621 3.097005 -0.050653 -3.139334
    2 -5.128691 3.767513 4.165208 -0.157170 0.183752 0.144796
    3 -0.000034 0.000012 24.761454 -0.471578 -0.054843 0.594083
    4 0.000017 0.000000 24.344809 1.423378 -0.256537 -0.057286
    5 0.002333 -1.019846 24.031336 0.389660 -0.042698 0.017201
    6 0.000034 0.000008 13.404741 -0.000001 -0.000009 0.286361
    7 10.398263 -5.760962 66.994675 3.097005 0.050653 3.139334
    8 -4.453427 0.510756 3.248830 0.434518 -0.142148 0.139262
    9 -0.000004 -0.000006 24.761459 -0.703457 0.081695 -0.036970
    10 -0.000007 0.000004 24.344891 1.248478 0.098528 0.010245
    11 -0.002360 -1.019903 24.031330 0.389594 -0.042695 -0.017219
    12 0.000000 -0.000002 13.404737 0.000001 0.000005 -0.007451
    13 -0.061540 -5.245835 72.927078 0.000000 0.000000 0.000000
    14 4.509274 2.170497 -3.610551 0.017454 -0.019644 -0.124434
    15 0.000000 -0.005608 -1.146812 0.015283 -0.040691 -0.034559
    16 0.030770 -0.240000 8.906021 -0.004138 0.000000 0.000000
    17 -0.003883 0.008669 -0.004305 -0.004372 -0.000183 0.004998
    18 0.030770 -0.276858 8.905140 0.056125 0.004134 -0.000049
    19 0.002641 -0.104596 0.002731 0.037999 0.000021 0.000694
    20 5.669724 4.435303 14.302868 1.729033 -1.550967 1.705365
    21 -1.044571 -2.839317 19.743267 0.870814 -1.368518 -0.759413
    22 2.655533 -1.533369 24.792658 -0.093090 0.031127 0.458483
    23 1.120163 -0.154394 9.796035 -0.008023 0.000817 -0.069744
    24 2.240311 -0.308786 19.592051 0.056233 -0.008915 -0.147273
    25 0.683151 2.877354 14.167051 -0.738005 -0.163353 1.424639
    26 0.144936 -0.145374 7.579252 -0.663634 -0.159857 0.057190
    27 0.091660 -0.906685 4.702850 -0.497395 -0.078532 0.017992
    28 0.506271 8.500866 13.617253 -0.591308 -0.068791 1.307734
    29 -0.384987 -0.460049 7.003448 -0.408078 -0.291314 0.102128
    30 0.561516 -0.596954 5.061852 -0.227847 -0.111343 0.014755
    31 -2.452171 -8.899406 11.597897 -1.090884 -0.145349 1.506498
    32 0.680496 -0.903999 6.074253 -0.917886 0.102922 0.014383
    33 0.245514 -0.661150 3.388004 -0.770230 0.109717 -0.041909
    34 -0.717484 -3.784271 13.043911 -0.979347 -0.126082 1.477618
    35 1.099216 -1.407745 8.017889 -0.878411 0.003749 0.004122
    36 0.068439 -0.807653 3.686054 -0.562230 0.003085 0.002852
    37 -4.004929 6.172707 4.754754 0.488450 0.874032 -3.127539
    38 0.158352 -1.149811 5.804394 -0.533611 -0.251100 0.181559
    39 -1.083523 -1.463142 5.544399 -0.450997 -0.109115 0.016044
    40 -6.289886 0.932434 13.569063 -0.126803 0.612110 2.869610
    41 1.327774 -0.766687 12.396328 0.032069 -0.026615 0.338190
    42 -0.096140 1.828087 23.185329 -0.101679 -0.052026 -1.570683
    43 2.325478 -0.000003 6.169296 -0.079269 0.031796 1.582063
    44 0.000000 -3.152912 0.122169 1.961017 0.000000 0.000000
    45 1.068383 -10.478592 7.066338 0.292219 -1.282324 -3.141588
    46 0.000000 0.000000 2.279457 0.547137 -0.343566 0.107833
    47 2.479414 -8.323895 6.074242 0.002237 -0.079863 1.830922
    48 0.000003 -5.075260 5.105362 0.000000 0.000000 0.000000
    49 -1.068383 -10.478611 7.065971 0.292219 1.282324 3.141588
    50 -0.000488 0.000015 2.279600 0.547136 0.343566 0.107835
    51 -2.479401 -8.323895 6.074234 0.018996 -0.085258 1.836574
    52 -5.790000 4.432083 14.255558 -5.589017 0.944748 -2.216687
    53 1.044540 -2.839314 19.743252 -0.656353 0.518936 -0.148463
    54 -2.655510 -1.533379 24.792648 -1.770629 -0.192699 0.511919
    55 -1.120216 -0.154385 9.795983 -0.031141 -0.000054 0.270727
    56 -2.240372 -0.308788 19.592047 -0.485851 0.371381 0.427043
    57 -0.683205 2.877342 14.167089 -0.280381 0.173416 -1.415734
    58 -0.144958 -0.145317 7.579308 -0.203809 0.067849 0.038318
    59 -0.038551 -0.936644 4.697678 -0.040520 -0.017477 -0.002798
    60 -0.506317 8.500896 13.617329 -0.209770 0.170048 -1.372398
    61 0.385056 -0.460075 7.003435 -0.126065 0.165497 0.093093
    62 -0.456360 -0.710276 5.057732 0.043804 -0.022848 -0.002090
    63 2.452194 -8.899408 11.597939 -0.340947 0.096371 -1.417542
    64 -0.680515 -0.903999 6.074242 -0.083798 -0.017464 0.003855
    65 -0.248295 -0.666843 3.386627 0.072123 -0.060570 -0.004691
    66 0.717491 -3.784309 13.044010 -0.382051 0.128694 -1.400401
    67 -1.099228 -1.407673 8.017876 -0.231770 0.020852 0.005557
    68 -0.064053 -0.807640 3.686100 0.084529 0.019314 0.000472
    69 4.004906 6.172710 4.754800 -0.003311 -0.445349 -2.390219
    70 -0.158381 -1.149773 5.804405 -0.341586 0.212141 0.213616
    71 1.078559 -2.386406 5.215008 -0.251219 0.091046 0.045000
    72 6.289963 0.932404 13.569109 -0.126801 -0.612098 -2.869612
    73 -1.327759 -0.766682 12.396324 -0.040625 -0.014732 0.351618
    74 0.000017 -54.999996 0.000000 0.000000 0.000000 -1.570796
  time 16
    0 0.000000 0.000000 -1.500000 0.000000 0.000000 0.000000
    1 -10.521344 -5.760963 66.994621 3.097005 -0.050653 -3.139334
    2 -5.140411 3.767513 4.097934 -0.160859 0.180412 0.145626
    3 -0.000034 0.000012 24.761454 -0.460318 -0.053524 0.593798
    4 0.000017 0.000000 24.344809 1.417090 -0.257352 -0.056227
    5 0.002333 -1.019846 24.031336 0.389585 -0.042710 0.017213
    6 0.000034 0.000008 13.404741 -0.000001 -0.000009 0.286572
    7 10.398263 -5.760962 66.994675 3.097005 0.050653 3.139334
    8 -4.461240 0.498267 3.136429 0.426499 -0.141416 0.140912
    9 -0.000004 -0.000006 24.761459 -0.688992 0.080042 -0.037939
    10 -0.000007 0.000004 24.344891 1.241766 0.098817 0.010245
    11 -0.002360 -1.019903 24.031330 0.389594 -0.042695 -0.017219
    12 0.000000 -0.000002 13.404737 0.000001 0.000005 -0.008739
    13 -0.061540 -5.245835 72.927078 0.000000 0.000000 0.000000
    14 4.509274 2.170497 -3.497895 0.015534 -0.019644 -0.121851
    15 0.000000 -0.005608 -1.146812 0.015220 -0.043483 -0.037983
    16 0.030770 -0.240000 8.906021 -0.004138 0.000000 0.000000
    17 -0.003883 0.008669 -0.004305 -0.004835 -0.000183 0.004998
    18 0.030770 -0.276858 8.905140 0.056125 0.004134 -0.000049
    19 0.006547 -0.116315 0.006637 0.040108 0.000021 0.000694
    20 5.669724 4.435303 14.302868 1.730947 -1.551073 1.705269
    21 -1.044571 -2.839317 19.743267 0.865482 -1.370136 -0.755945
    22 2.655533 -1.533369 24.792658 -0.078856 0.031511 0.456784
    23 1.120163 -0.154394 9.796035 -0.008083 0.000817 -0.070227
    24 2.240311 -0.308786 19.592051 0.064632 -0.001271 -0.149093
    25 0.683151 2.877354 14.167051 -0.738005 -0.163353 1.424639
    26 0.144936 -0.145374 7.579252 -0.663634 -0.159857 0.057190
    27 0.091660 -0.906685 4.702850 -0.497395 -0.078532 0.017992
    28 0.506271 8.500866 13.617253 -0.591308 -0.068791 1.307734
    29 -0.384987 -0.460049 7.003448 -0.408078 -0.291326 0.102128
    30 0.561516 -0.596954 5.061852 -0.227883 -0.111343 0.014755
    31 -2.452171 -8.899406 11.597897 -1.090884 -0.145349 1.506498
    32 0.680496 -0.903999 6.074253 -0.917886 0.102922 0.014383
    33 0.245514 -0.661150 3.388004 -0.770230 0.109717 -0.041909
    34 -0.717484 -3.784271 13.043911 -0.979347 -0.126082 1.477618
    35 1.099216 -1.407745 8.017889 -0.878411 0.003749 0.004122
    36 0.068439 -0.807653 3.686054 -0.562230 0.003085 0.002852
    37 -4.004929 6.172707 4.754754 0.488450 0.874032 -3.127539
    38 0.158352 -1.149811 5.804394 -0.533569 -0.251085 0.181559
    39 -1.083523 -1.463142 5.544399 -0.450997 -0.109115 0.016044
    40 -6.289886 0.932434 13.569063 -0.126803 0.612110 2.869610
    41 1.327774 -0.766687 12.396328 0.031973 -0.026507 0.337086
    42 -0.096140 1.828087 23.185329 -0.101679 -0.052026 -1.570683
    43 2.325478 -0.000003 6.169296 -0.083471 0.031854 1.582103
    44 0.000000 -3.152912 0.122169 1.961017 0.000000 0.000000
    45 1.068383 -10.478592 7.066338 0.292219 -1.282324 -3.141588
    46 0.000000 0.000000 2.279457 0.547137 -0.343566 0.107833
    47 2.479414 -8.323895 6.074242 0.002237 -0.084183 1.830922
    48 0.000003 -5.075260 5.105362 0.000000 0.000000 0.000000
    49 -1.068383 -10.478611 7.065971 0.292231 1.282324 3.141588
    50 -0.000488 0.000015 2.279600 0.547136 0.343566 0.107835
    51 -2.479401 -8.323895 6.074234 0.018996 -0.089605 1.836574
    52 -5.790000 4.432083 14.255558 -5.596877 0.931954 -2.216304
    53 1.044540 -2.839314 19.743252 -0.643162 0.518470 -0.146993
    54 -2.655510 -1.533379 24.792648 -1.781751 -0.193954 0.516992
    55 -1.120216 -0.154385 9.795983 -0.031728 0.000030 0.275896
    56 -2.240372 -0.308788 19.592047 -0.502270 0.376926 0.429620
    57 -0.683205 2.877342 14.167089 -0.280381 0.173436 -1.415734
    58 -0.144958 -0.145317 7.579308 -0.203809 0.067849 0.038330
    59 -0.038551 -0.936644 4.697678 -0.040520 -0.017477 -0.002798
    60 -0.506317 8.500896 13.617329 -0.209770 0.170074 -1.372353
    61 0.385056 -0.460075 7.003435 -0.126022 0.165497 0.093093
    62 -0.456360 -0.710276 5.057732 0.043804 -0.022827 -0.002090
    63 2.452194 -8.899408 11.597939 -0.340947 0.096371 -1.417542
    64 -0.680515 -0.903999 6.074242 -0.083798 -0.017452 0.003855
    65 -0.248295 -0.666843 3.386627 0.072123 -0.060558 -0.004691
    66 0.717491 -3.784309 13.044010 -0.382051 0.128694 -1.400401
    67 -1.099228 -1.407673 8.017876 -0.231770 0.020852 0.005557
    68 -0.064053 -0.807640 3.686100 0.084529 0.019314 0.000484
    69 4.004906 6.172710 4.754800 -0.003386 -0.445349 -2.390219
    70 -0.158381 -1.149773 5.804405 -0.341586 0.212141 0.213616
    71 1.078559 -2.386406 5.215008 -0.251219 0.091046 0.045000
    72 6.289963 0.932404 13.569109 -0.126801 -0.612098 -2.869612
    73 -1.327759 -0.766682 12.396324 -0.040805 -0.014756 0.353052
    74 0.000017 -54.999996 0.000000 0.000000 0.000000 -1.570796
  time 17
    0 0.000000 0.000000 -1.500000 0.000000 0.000000 0.000000
    1 -10.521344 -5.760963 66.994621 3.097005 -0.050653 -3.139334
    2 -5.148223 3.779790 4.053085 -0.163524 0.177990 0.148029
    3 -0.000034 0.000012 24.761454 -0.450968 -0.052446 0.591844
    4 0.000017 0.000000 24.344809 1.411665 -0.257917 -0.055234
    5 0.002333 -1.019846 24.031336 0.389585 -0.042710 0.017201
    6 0.000034 0.000008 13.404741 -0.000001 -0.000009 0.285918
    7 10.398263 -5.760962 66.994675 3.097005 0.050653 3.139334
    8 -4.469053 0.460799 3.024028 0.418565 -0.141270 0.143800
    9 -0.000004 -0.000006 24.761459 -0.675573 0.078472 -0.040200
    10 -0.000007 0.000004 24.344891 1.235893 0.099106 0.010224
    11 -0.002360 -1.019903 24.031330 0.389594 -0.042695 -0.017219
    12 0.000000 -0.000002 13.404737 0.000001 0.000005 -0.010607
    13 -0.061540 -5.245835 72.927078 0.000000 0.000000 0.000000
    14 4.509274 2.170497 -3.452833 0.013134 -0.019644 -0.121131
    15 0.000000 -0.005608 -1.146812 0.014869 -0.046165 -0.041135
    16 0.030770 -0.240000 8.906021 -0.004138 0.000000 0.000000
    17 -0.007789 0.012575 -0.004305 -0.005467 -0.000183 0.004998
    18 0.030770 -0.276858 8.905140 0.056125 0.004134 -0.000049
    19 0.006547 -0.120222 0.006637 0.042861 0.000021 0.000694
    20 5.669724 4.435303 14.302868 1.732766 -1.551179 1.705174
    21 -1.044571 -2.839317 19.743267 0.859954 -1.372223 -0.752448
    22 2.655533 -1.533369 24.792658 -0.067139 0.031857 0.454843
    23 1.120163 -0.154394 9.796035 -0.008143 0.000817 -0.070848
    24 2.240311 -0.308786 19.592051 0.073031 0.007523 -0.151150
    25 0.683151 2.877354 14.167051 -0.738005 -0.163353 1.424639
    26 0.144936 -0.145374 7.579252 -0.663634 -0.159857 0.057190
    27 0.091660 -0.906685 4.702850 -0.497395 -0.078532 0.017992
    28 0.506271 8.500866 13.617253 -0.591308 -0.068791 1.307734
    29 -0.384987 -0.460049 7.003448 -0.408078 -0.291326 0.102128
    30 0.561516 -0.596954 5.061852 -0.227847 -0.111343 0.014755
    31 -2.452171 -8.899406 11.597897 -1.090884 -0.145349 1.506498
    32 0.680496 -0.903999 6.074253 -0.917886 0.102922 0.014383
    33 0.245514 -0.661150 3.388004 -0.770230 0.109717 -0.041909
    34 -0.717484 -3.784271 13.043911 -0.979347 -0.126082 1.477618
    35 1.099216 -1.407745 8.017889 -0.878411 0.003749 0.004122
    36 0.068439 -0.807653 3.686054 -0.562230 0.003085 0.002852
    37 -4.004929 6.172707 4.754754 0.488450 0.874032 -3.127539
    38 0.158352 -1.149811 5.804394 -0.533526 -0.251085 0.181559
    39 -1.083523 -1.463142 5.544399 -0.450997 -0.109115 0.016044
    40 -6.289886 0.932434 13.569063 -0.126803 0.612110 2.869610
    41 1.327774 -0.766687 12.396328 0.031841 -0.026363 0.335529
    42 -0.096140 1.828087 23.185329 -0.101679 -0.052026 -1.570683
    43 2.325478 -0.000003 6.169296 -0.087243 0.031883 1.582063
    44 0.000000 -3.152912 0.122169 1.961017 0.000000 0.000000
    45 1.068383 -10.478592 7.066338 0.292219 -1.282324 -3.141588
    46 0.000000 0.000000 2.279457 0.547137 -0.343566 0.107833
    47 2.479414 -8.323895 6.074242 0.002237 -0.088128 1.830922
    48 0.000003 -5.075260 5.105362 0.000000 0.000000 0.000000
    49 -1.068383 -10.478611 7.065971 0.292219 1.282324 3.141588
    50 -0.000488 0.000015 2.279600 0.547136 0.343566 0.107835
    51 -2.479401 -8.323895 6.074234 0.019016 -0.093480 1.836478
    52 -5.790000 4.432083 14.255558 -5.603108 0.921819 -2.215633
    53 1.044540 -2.839314 19.743252 -0.630640 0.518809 -0.145959
    54 -2.655510 -1.533379 24.792648 -1.790105 -0.194873 0.521536
    55 -1.120216 -0.154385 9.795983 -0.032447 0.000126 0.282261
    56 -2.240372 -0.308788 19.592047 -0.510212 0.381629 0.437439
    57 -0.683205 2.877342 14.167089 -0.280381 0.173416 -1.415734
    58 -0.144958 -0.145317 7.579308 -0.203809 0.067849 0.038318
    59 -0.038551 -0.936644 4.697678 -0.040520 -0.017477 -0.002798
    60 -0.506317 8.500896 13.617329 -0.209770 0.170048 -1.372398
    61 0.385056 -0.460075 7.003435 -0.126065 0.165497 0.093093
    62 -0.456360 -0.710276 5.057732 0.043804 -0.022827 -0.002090
    63 2.452194 -8.899408 11.597939 -0.340947 0.096371 -1.417542
    64 -0.680515 -0.903999 6.074242 -0.083798 -0.017464 0.003855
    65 -0.248295 -0.666843 3.386627 0.072123 -0.060570 -0.004691
    66 0.717491 -3.784309 13.044010 -0.382051 0.128694 -1.400401
    67 -1.099228 -1.407673 8.017876 -0.231770 0.020852 0.005557
    68 -0.064053 -0.807640 3.686100 0.084529 0.019314 0.000472
    69 4.004906 6.172710 4.754800 -0.003311 -0.445349 -2.390219
    70 -0.158381 -1.149773 5.804405 -0.341586 0.212141 0.213616
    71 1.078559 -2.386406 5.215008 -0.251267 0.091016 0.045000
    72 6.289963 0.932404 13.569109 -0.126801 -0.612098 -2.869612
    73 -1.327759 -0.766682 12.396324 -0.040961 -0.014780 0.354255
    74 0.000017 -54.999996 0.000000 0.000000 0.000000 -1.570796
  time 18
    0 0.000000 0.000000 -1.500000 0.000000 0.000000 0.000000
    1 -10.521344 -5.760963 66.994621 3.097005 -0.050653 -3.139334
    2 -5.159942 3.792067 3.985811 -0.165300 0.176181 0.151393
    3 -0.000034 0.000012 24.761454 -0.443163 -0.051535 0.588994
    4 0.000017 0.000000 24.344809 1.406980 -0.258393 -0.054434
    5 0.002333 -1.019846 24.031336 0.389585 -0.042698 0.017201
    6 0.000034 0.000008 13.404741 -0.000001 -0.000009 0.284715
    7 10.398263 -5.760962 66.994675 3.097005 0.050653 3.139334
    8 -4.472959 0.410841 2.911627 0.410802 -0.141416 0.147266
    9 -0.000004 -0.000006 24.761459 -0.663308 0.077057 -0.043071
    10 -0.000007 0.000004 24.344891 1.230924 0.099417 0.010224
    11 -0.002360 -1.019903 24.031330 0.389594 -0.042695 -0.017219
    12 0.000000 -0.000002 13.404737 0.000001 0.000005 -0.012711
    13 -0.061540 -5.245835 72.927078 0.000000 0.000000 0.000000
    14 4.505368 2.170497 -3.362709 0.010221 -0.019644 -0.121431
    15 0.000000 -0.005608 -1.146812 0.014358 -0.048659 -0.043907
    16 0.030770 -0.240000 8.906021 -0.004138 0.000000 0.000000
    17 -0.003883 0.012575 -0.004305 -0.006182 -0.000183 0.004998
    18 0.030770 -0.276858 8.905140 0.056125 0.004134 -0.000049
    19 0.006547 -0.128034 0.006637 0.046256 0.000021 0.000694
    20 5.669724 4.435303 14.302868 1.734201 -1.551249 1.705174
    21 -1.044571 -2.839317 19.743267 0.853839 -1.374728 -0.748782
    22 2.655533 -1.533369 24.792658 -0.058677 0.032203 0.452741
    23 1.120163 -0.154394 9.796035 -0.008227 0.000829 -0.071538
    24 2.240311 -0.308786 19.592051 0.081256 0.017147 -0.153326
    25 0.683151 2.877354 14.167051 -0.738005 -0.163353 1.424639
    26 0.144936 -0.145374 7.579252 -0.663634 -0.159857 0.057190
    27 0.091660 -0.906685 4.702850 -0.497395 -0.078532 0.017992
    28 0.506271 8.500866 13.617253 -0.591308 -0.068791 1.307734
    29 -0.384987 -0.460049 7.003448 -0.408078 -0.291326 0.102128
    30 0.561516 -0.596954 5.061852 -0.227847 -0.111343 0.014755
    31 -2.452171 -8.899406 11.597897 -1.090884 -0.145349 1.506498
    32 0.680496 -0.903999 6.074253 -0.917886 0.102922 0.014383
    33 0.245514 -0.661150 3.388004 -0.770230 0.109717 -0.041909
    34 -0.717484 -3.784271 13.043911 -0.979347 -0.126082 1.477618
    35 1.099216 -1.407745 8.017889 -0.878411 0.003749 0.004122
    36 0.068439 -0.807653 3.686054 -0.562230 0.003085 0.002852
    37 -4.004929 6.172707 4.754754 0.488450 0.874032 -3.127539
    38 0.158352 -1.149811 5.804394 -0.533526 -0.251085 0.181559
    39 -1.083523 -1.463142 5.544399 -0.450997 -0.109115 0.016044
    40 -6.289886 0.932434 13.569063 -0.126803 0.612110 2.869610
    41 1.327774 -0.766687 12.396328 0.031697 -0.026183 0.333671
    42 -0.096140 1.828087 23.185329 -0.101679 -0.052026 -1.570683
    43 2.325478 -0.000003 6.169296 -0.090442 0.031926 1.582063
    44 0.000000 -3.152912 0.122169 1.961017 0.000000 0.000000
    45 1.068383 -10.478592 7.066338 0.292219 -1.282324 -3.141588
    46 0.000000 0.000000 2.279457 0.547137 -0.343566 0.107833
    47 2.479414 -8.323895 6.074242 0.002237 -0.091462 1.830922
    48 0.000003 -5.075260 5.105362 0.000000 0.000000 0.000000
    49 -1.068383 -10.478611 7.065971 0.292219 1.282324 3.141588
    50 -0.000488 0.000015 2.279600 0.547136 0.343566 0.107835
    51 -2.479401 -8.323895 6.074234 0.019016 -0.096882 1.836670
    52 -5.790000 4.432083 14.255558 -5.608668 0.914467 -2.215250
    53 1.044540 -2.839314 19.743252 -0.619175 0.519318 -0.144979
    54 -2.655510 -1.533379 24.792648 -1.796043 -0.195507 0.525701
    55 -1.120216 -0.154385 9.795983 -0.033238 0.000233 0.289090
    56 -2.240372 -0.308788 19.592047 -0.511815 0.385391 0.448523
    57 -0.683205 2.877342 14.167089 -0.280381 0.173436 -1.415734
    58 -0.144958 -0.145317 7.579308 -0.203809 0.067849 0.038318
    59 -0.038551 -0.936644 4.697678 -0.040520 -0.017477 -0.002810
    60 -0.506317 8.500896 13.617329 -0.209770 0.170048 -1.372398
    61 0.385056 -0.460075 7.003435 -0.126065 0.165497 0.093093
    62 -0.456360 -0.710276 5.057732 0.043804 -0.022827 -0.002108
    63 2.452194 -8.899408 11.597939 -0.340947 0.096348 -1.417542
    64 -0.680515 -0.903999 6.074242 -0.083798 -0.017452 0.003855
    65 -0.248295 -0.666843 3.386627 0.072123 -0.060558 -0.004691
    66 0.717491 -3.784309 13.044010 -0.382051 0.128682 -1.400401
    67 -1.099228 -1.407673 8.017876 -0.231770 0.020852 0.005557
    68 -0.064053 -0.807640 3.686100 0.084529 0.019314 0.000472
    69 4.004906 6.172710 4.754800 -0.003386 -0.445349 -2.390138
    70 -0.158381 -1.149773 5.804405 -0.341586 0.212141 0.213616
    71 1.078559 -2.386406 5.215008 -0.251219 0.091046 0.045000
    72 6.289963 0.932404 13.569109 -0.126801 -0.612098 -2.869612
    73 -1.327759 -0.766682 12.396324 -0.041081 -0.014804 0.355412
    74 0.000017 -54.999996 0.000000 0.000000 0.000000 -1.570796
  time 19
    0 0.000000 0.000000 -1.500000 0.000000 0.000000 0.000000
    1 -10.521344 -5.760963 66.994621 3.097005 -0.050653 -3.139334
    2 -5.171661 3.792067 3.963387 -0.166735 0.174845 0.154801
    3 -0.000034 0.000012 24.761454 -0.436740 -0.050804 0.585899
    4 0.000017 0.000000 24.344809 1.403220 -0.258778 -0.053764
    5 0.002333 -1.019846 24.031336 0.389585 -0.042710 0.017201
    6 0.000034 0.000008 13.404741 -0.000001 -0.000009 0.283429
    7 10.398263 -5.760962 66.994675 3.097005 0.050653 3.139334
    8 -4.480772 0.360884 2.821707 0.403977 -0.141635 0.150649
    9 -0.000004 -0.000006 24.761459 -0.652914 0.075847 -0.045798
    10 -0.000007 0.000004 24.344891 1.226858 0.099661 0.010203
    11 -0.002360 -1.019903 24.031330 0.389594 -0.042695 -0.017219
    12 0.000000 -0.000002 13.404737 0.000001 0.000005 -0.014686
    13 -0.061540 -5.245835 72.927078 0.000000 0.000000 0.000000
    14 4.505368 2.170497 -3.295115 0.006957 -0.019644 -0.122272
    15 0.000000 -0.005608 -1.146812 0.013784 -0.050807 -0.046217
    16 0.030770 -0.240000 8.906021 -0.004138 0.000000 0.000000
    17 -0.003883 0.012575 -0.004305 -0.007066 -0.000195 0.005037
    18 0.030770 -0.276858 8.905140 0.056125 0.004134 -0.000049
    19 0.002641 -0.143660 0.002731 0.050224 0.000021 0.000694
    20 5.669724 4.435303 14.302868 1.735637 -1.551320 1.705174
    21 -1.044571 -2.839317 19.743267 0.846990 -1.377703 -0.744777
    22 2.655533 -1.533369 24.792658 -0.052471 0.032587 0.450234
    23 1.120163 -0.154394 9.796035 -0.008323 0.000829 -0.072331
    24 2.240311 -0.308786 19.592051 0.089133 0.027461 -0.155700
    25 0.683151 2.877354 14.167051 -0.738005 -0.163353 1.424639
    26 0.144936 -0.145374 7.579252 -0.663634 -0.159857 0.057190
    27 0.091660 -0.906685 4.702850 -0.497395 -0.078532 0.017992
    28 0.506271 8.500866 13.617253 -0.591308 -0.068791 1.307734
    29 -0.384987 -0.460049 7.003448 -0.408078 -0.291314 0.102116
    30 0.561516 -0.596954 5.061852 -0.227847 -0.111343 0.014755
    31 -2.452171 -8.899406 11.597897 -1.090884 -0.145349 1.506498
    32 0.680496 -0.903999 6.074253 -0.917886 0.102922 0.014383
    33 0.245514 -0.661150 3.388004 -0.770230 0.109717 -0.041909
    34 -0.717484 -3.784271 13.043911 -0.979347 -0.126082 1.477618
    35 1.099216 -1.407745 8.017889 -0.878411 0.003749 0.004122
    36 0.068439 -0.807653 3.686054 -0.562230 0.003085 0.002852
    37 -4.004929 6.172707 4.754754 0.488450 0.874032 -3.127539
    38 0.158352 -1.149811 5.804394 -0.533526 -0.251085 0.181559
    39 -1.083523 -1.463142 5.544399 -0.450997 -0.109115 0.016044
    40 -6.289886 0.932434 13.569063 -0.126803 0.612110 2.869610
    41 1.327774 -0.766687 12.396328 0.031518 -0.025992 0.331411
    42 -0.096140 1.828087 23.185329 -0.101679 -0.052026 -1.570683
    43 2.325478 -0.000003 6.169296 -0.093068 0.032042 1.582143
    44 0.000000 -3.152912 0.122169 1.961017 0.000000 0.000000
    45 1.068383 -10.478592 7.066338 0.292219 -1.282324 -3.141588
    46 0.000000 0.000000 2.279457 0.547137 -0.343566 0.107833
    47 2.479414 -8.323895 6.074242 0.002237 -0.094092 1.830922
    48 0.000003 -5.075260 5.105362 0.000000 0.000000 0.000000
    49 -1.068383 -10.478611 7.065971 0.292219 1.282324 3.141588
    50 -0.000488 0.000015 2.279600 0.547136 0.343566 0.107835
    51 -2.479401 -8.323895 6.074234 0.019016 -0.099481 1.836574
    52 -5.790000 4.432083 14.255558 -5.613748 0.910230 -2.215921
    53 1.044540 -2.839314 19.743252 -0.609212 0.519021 -0.143863
    54 -2.655510 -1.533379 24.792648 -1.800019 -0.195935 0.529261
    55 -1.120216 -0.154385 9.795983 -0.033981 0.000353 0.295646
    56 -2.240372 -0.308788 19.592047 -0.509143 0.388114 0.460723
    57 -0.683205 2.877342 14.167089 -0.280381 0.173436 -1.415734
    58 -0.144958 -0.145317 7.579308 -0.203809 0.067849 0.038318
    59 -0.038551 -0.936644 4.697678 -0.040520 -0.017477 -0.002798
    60 -0.506317 8.500896 13.617329 -0.209770 0.170074 -1.372398
    61 0.385056 -0.460075 7.003435 -0.126065 0.165497 0.093093
    62 -0.456360 -0.710276 5.057732 0.043804 -0.022827 -0.002108
    63 2.452194 -8.899408 11.597939 -0.340947 0.096371 -1.417542
    64 -0.680515 -0.903999 6.074242 -0.083798 -0.017452 0.003855
    65 -0.248295 -0.666843 3.386627 0.072123 -0.060558 -0.004691
    66 0.717491 -3.784309 13.044010 -0.382051 0.128694 -1.400401
    67 -1.099228 -1.407673 8.017876 -0.231770 0.020852 0.005557
    68 -0.064053 -0.807640 3.686100 0.084529 0.019314 0.000472
    69 4.004906 6.172710 4.754800 -0.003386 -0.445349 -2.390219
    70 -0.158381 -1.149773 5.804405 -0.341586 0.212141 0.213616
    71 1.078559 -2.386406 5.215008 -0.251267 0.091046 0.045000
    72 6.289963 0.932404 13.569109 -0.126801 -0.612098 -2.869612
    73 -1.327759 -0.766682 12.396324 -0.041188 -0.014828 0.356337
    74 0.000017 -54.999996 0.000000 0.000000 0.000000 -1.570796
  time 20
    0 0.000000 0.000000 -1.500000 0.000000 0.000000 0.000000
    1 -10.521344 -5.760963 66.994621 3.097005 -0.050653 -3.139334
    2 -5.175568 3.792067 3.918538 -0.168101 0.173815 0.157641
    3 -0.000034 0.000012 24.761454 -0.431618 -0.050205 0.583293
    4 0.000017 0.000000 24.344809 1.400322 -0.259208 -0.053267
    5 0.002333 -1.019846 24.031336 0.389660 -0.042710 0.017213
    6 0.000034 0.000008 13.404741 -0.000001 -0.000009 0.282374
    7 10.398263 -5.760962 66.994675 3.097005 0.050653 3.139334
    8 -4.476866 0.298437 2.754266 0.398432 -0.141709 0.153042
    9 -0.000004 -0.000006 24.761459 -0.644499 0.074876 -0.047772
    10 -0.000007 0.000004 24.344891 1.223824 0.099906 0.010161
    11 -0.002360 -1.019903 24.031330 0.389594 -0.042695 -0.017219
    12 0.000000 -0.000002 13.404737 0.000001 0.000005 -0.016146
    13 -0.061540 -5.245835 72.927078 0.000000 0.000000 0.000000
    14 4.505368 2.170497 -3.250053 0.003309 -0.019644 -0.122812
    15 0.000000 -0.005608 -1.146812 0.013210 -0.052596 -0.047983
    16 0.030770 -0.240000 8.906021 -0.004138 0.000000 0.000000
    17 -0.007789 0.020388 -0.004305 -0.008076 -0.000195 0.005037
    18 0.030770 -0.276858 8.905140 0.056125 0.004134 -0.000049
    19 0.006547 -0.155379 0.006637 0.054942 0.000021 0.000694
    20 5.669724 4.435303 14.302868 1.736785 -1.551390 1.705078
    21 -1.044571 -2.839317 19.743267 0.839211 -1.381042 -0.740293
    22 2.655533 -1.533369 24.792658 -0.047220 0.033010 0.447484
    23 1.120163 -0.154394 9.796035 -0.008406 0.000841 -0.073159
    24 2.240311 -0.308786 19.592051 0.096357 0.038144 -0.158113
    25 0.683151 2.877354 14.167051 -0.738005 -0.163353 1.424639
    26 0.144936 -0.145374 7.579252 -0.663634 -0.159857 0.057190
    27 0.091660 -0.906685 4.702850 -0.497395 -0.078532 0.017992
    28 0.506271 8.500866 13.617253 -0.591308 -0.068791 1.307734
    29 -0.384987 -0.460049 7.003448 -0.408078 -0.291326 0.102116
    30 0.561516 -0.596954 5.061852 -0.227847 -0.111343 0.014755
    31 -2.452171 -8.899406 11.597897 -1.090884 -0.145349 1.506498
    32 0.680496 -0.903999 6.074253 -0.917886 0.102922 0.014383
    33 0.245514 -0.661150 3.388004 -0.770230 0.109717 -0.041909
    34 -0.717484 -3.784271 13.043911 -0.979347 -0.126082 1.477618
    35 1.099216 -1.407745 8.017889 -0.878411 0.003749 0.004122
    36 0.068439 -0.807653 3.686054 -0.562230 0.003085 0.002852
    37 -4.004929 6.172707 4.754754 0.488450 0.874032 -3.127539
    38 0.158352 -1.149811 5.804394 -0.533526 -0.251085 0.181559
    39 -1.083523 -1.463142 5.544399 -0.450997 -0.109115 0.016044
    40 -6.289886 0.932434 13.569063 -0.126803 0.612110 2.869610
    41 1.327774 -0.766687 12.396328 0.031302 -0.025740 0.328800
    42 -0.096140 1.828087 23.185329 -0.101679 -0.052026 -1.570683
    43 2.325478 -0.000003 6.169296 -0.094883 0.032317 1.582262
    44 0.000000 -3.152912 0.122169 1.961017 0.000000 0.000000
    45 1.068383 -10.478592 7.066338 0.292219 -1.282324 -3.141588
    46 0.000000 0.000000 2.279457 0.547137 -0.343566 0.107833
    47 2.479414 -8.323895 6.074242 0.002237 -0.095970 1.830731
    48 0.000003 -5.075260 5.105362 0.000000 0.000000 0.000000
    49 -1.068383 -10.478611 7.065971 0.292219 1.282324 3.141588
    50 -0.000488 0.000015 2.279600 0.547136 0.343566 0.107835
    51 -2.479401 -8.323895 6.074234 0.019016 -0.101371 1.836287
    52 -5.790000 4.432083 14.255558 -5.619308 0.909234 -2.218124
    53 1.044540 -2.839314 19.743252 -0.601253 0.517325 -0.142448
    54 -2.655510 -1.533379 24.792648 -1.802586 -0.196193 0.532441
    55 -1.120216 -0.154385 9.795983 -0.034629 0.000461 0.301250
    56 -2.240372 -0.308788 19.592047 -0.504561 0.389896 0.472237
    57 -0.683205 2.877342 14.167089 -0.280381 0.173436 -1.415734
    58 -0.144958 -0.145317 7.579308 -0.203809 0.067849 0.038318
    59 -0.038551 -0.936644 4.697678 -0.040520 -0.017477 -0.002798
    60 -0.506317 8.500896 13.617329 -0.209770 0.170074 -1.372398
    61 0.385056 -0.460075 7.003435 -0.126065 0.165497 0.093093
    62 -0.456360 -0.710276 5.057732 0.043804 -0.022827 -0.002090
    63 2.452194 -8.899408 11.597939 -0.340947 0.096371 -1.417542
    64 -0.680515 -0.903999 6.074242 -0.083798 -0.017452 0.003855
    65 -0.248295 -0.666843 3.386627 0.072123 -0.060558 -0.004691
    66 0.717491 -3.784309 13.044010 -0.382051 0.128694 -1.400401
    67 -1.099228 -1.407673 8.017876 -0.231770 0.020852 0.005557
    68 -0.064053 -0.807640 3.686100 0.084529 0.019314 0.000472
    69 4.004906 6.172710 4.754800 -0.003386 -0.445349 -2.390219
    70 -0.158381 -1.149773 5.804405 -0.341586 0.212141 0.213616
    71 1.078559 -2.386406 5.215008 -0.251267 0.091046 0.045000
    72 6.289963 0.932404 13.569109 -0.126801 -0.612098 -2.869612
    73 -1.327759 -0.766682 12.396324 -0.041296 -0.014840 0.357216
    74 0.000017 -54.999996 0.000000 0.000000 0.000000 -1.570796
  time 21
    0 0.000000 0.000000 -1.500000 0.000000 0.000000 0.000000
    1 -10.521344 -5.760963 66.994621 3.097005 -0.050653 -3.139334
    2 -5.179474 3.779790 3.918538 -0.169672 0.172841 0.159170
    3 -0.000034 0.000012 24.761454 -0.427431 -0.049713 0.581868
    4 0.000017 0.000000 24.344809 1.398349 -0.259773 -0.052878
    5 0.002333 -1.019846 24.031336 0.389660 -0.042710 0.017201
    6 0.000034 0.000008 13.404741 -0.000001 -0.000009 0.281973
    7 10.398263 -5.760962 66.994675 3.097005 0.050653 3.139334
    8 -4.480772 0.273458 2.709306 0.394678 -0.141379 0.153867
    9 -0.000004 -0.000006 24.761459 -0.638780 0.074205 -0.048275
    10 -0.000007 0.000004 24.344891 1.221694 0.100039 0.010140
    11 -0.002360 -1.019903 24.031330 0.389594 -0.042695 -0.017219
    12 0.000000 -0.000002 13.404737 0.000001 0.000005 -0.016747
    13 -0.061540 -5.245835 72.927078 0.000000 0.000000 0.000000
    14 4.501461 2.170497 -3.227522 -0.000756 -0.019644 -0.122632
    15 0.000000 -0.005608 -1.146812 0.012732 -0.053882 -0.049179
    16 0.030770 -0.240000 8.906021 -0.004138 0.000000 0.000000
    17 -0.003883 0.020388 -0.000398 -0.009297 -0.000195 0.005077
    18 0.030770 -0.276858 8.905140 0.056125 0.004134 -0.000049
    19 0.006547 -0.167098 0.006637 0.060376 0.000021 0.000694
    20 5.669724 4.435303 14.302868 1.738125 -1.551460 1.704982
    21 -1.044571 -2.839317 19.743267 0.830406 -1.384904 -0.735019
    22 2.655533 -1.533369 24.792658 -0.042837 0.033394 0.444168
    23 1.120163 -0.154394 9.796035 -0.008502 0.000841 -0.074056
    24 2.240311 -0.308786 19.592051 0.102667 0.048780 -0.160566
    25 0.683151 2.877354 14.167051 -0.738005 -0.163353 1.424639
    26 0.144936 -0.145374 7.579252 -0.663634 -0.159857 0.057190
    27 0.091660 -0.906685 4.702850 -0.497395 -0.078532 0.017992
    28 0.506271 8.500866 13.617253 -0.591308 -0.068791 1.307734
    29 -0.384987 -0.460049 7.003448 -0.408078 -0.291326 0.102116
    30 0.561516 -0.596954 5.061852 -0.227883 -0.111343 0.014755
    31 -2.452171 -8.899406 11.597897 -1.090884 -0.145349 1.506498
    32 0.680496 -0.903999 6.074253 -0.917886 0.102922 0.014383
    33 0.245514 -0.661150 3.388004 -0.770230 0.109717 -0.041909
    34 -0.717484 -3.784271 13.043911 -0.979347 -0.126082 1.477618
    35 1.099216 -1.407745 8.017889 -0.878411 0.003749 0.004122
    36 0.068439 -0.807653 3.686054 -0.562230 0.003085 0.002852
    37 -4.004929 6.172707 4.754754 0.488450 0.874032 -3.127539
    38 0.158352 -1.149811 5.804394 -0.533526 -0.251085 0.181559
    39 -1.083523 -1.463142 5.544399 -0.450997 -0.109115 0.016044
    40 -6.289886 0.932434 13.569063 -0.126803 0.612110 2.869610
    41 1.327774 -0.766687 12.396328 0.031050 -0.025440 0.325737
    42 -0.096140 1.828087 23.185329 -0.101679 -0.052026 -1.570683
    43 2.325478 -0.000003 6.169296 -0.095886 0.032751 1.582661
    44 0.000000 -3.152912 0.122169 1.961017 0.000000 0.000000
    45 1.068383 -10.478592 7.066338 0.292219 -1.282324 -3.141588
    46 0.000000 0.000000 2.279457 0.547137 -0.343566 0.107833
    47 2.479414 -8.323895 6.074242 0.002237 -0.096909 1.830349
    48 0.000003 -5.075260 5.105362 0.000000 0.000000 0.000000
    49 -1.068383 -10.478611 7.065971 0.292219 1.282324 3.141588
    50 -0.000488 0.000015 2.279600 0.547136 0.343566 0.107835
    51 -2.479401 -8.323895 6.074234 0.019016 -0.102316 1.835903
    52 -5.790000 4.432083 14.255558 -5.625635 0.911767 -2.222628
    53 1.044540 -2.839314 19.743252 -0.595521 0.513170 -0.140461
    54 -2.655510 -1.533379 24.792648 -1.804146 -0.196349 0.535092
    55 -1.120216 -0.154385 9.795983 -0.035084 0.000545 0.305195
    56 -2.240372 -0.308788 19.592047 -0.500208 0.390787 0.480657
    57 -0.683205 2.877342 14.167089 -0.280381 0.173436 -1.415734
    58 -0.144958 -0.145317 7.579308 -0.203809 0.067849 0.038318
    59 -0.038551 -0.936644 4.697678 -0.040520 -0.017477 -0.002798
    60 -0.506317 8.500896 13.617329 -0.209770 0.170074 -1.372398
    61 0.385056 -0.460075 7.003435 -0.126065 0.165497 0.093093
    62 -0.456360 -0.710276 5.057732 0.043804 -0.022827 -0.002090
    63 2.452194 -8.899408 11.597939 -0.340947 0.096371 -1.417542
    64 -0.680515 -0.903999 6.074242 -0.083798 -0.017452 0.003855
    65 -0.248295 -0.666843 3.386627 0.072123 -0.060558 -0.004691
    66 0.717491 -3.784309 13.044010 -0.382051 0.128694 -1.400401
    67 -1.099228 -1.407673 8.017876 -0.231770 0.020852 0.005557
    68 -0.064053 -0.807640 3.686100 0.084529 0.019314 0.000472
    69 4.004906 6.172710 4.754800 -0.003386 -0.445349 -2.390219
    70 -0.158381 -1.149773 5.804405 -0.341586 0.212141 0.213616
    71 1.078559 -2.386406 5.215008 -0.251267 0.091046 0.045000
    72 6.289963 0.932404 13.569109 -0.126801 -0.612098 -2.869612
    73 -1.327759 -0.766682 12.396324 -0.041404 -0.014864 0.358049
    74 0.000017 -54.999996 0.000000 0.000000 0.000000 -1.570796
  time 22
    0 0.000000 0.000000 -1.500000 0.000000 0.000000 0.000000
    1 -10.521344 -5.760963 66.994621 3.097005 -0.050653 -3.139334
    2 -5.179474 3.730682 3.896113 -0.171858 0.171700 0.158427
    3 -0.000034 0.000012 24.761454 -0.423935 -0.049318 0.582397
    4 0.000017 0.000000 24.344809 1.397178 -0.260611 -0.052662
    5 0.002333 -1.019846 24.031336 0.389660 -0.042710 0.017201
    6 0.000034 0.000008 13.404741 -0.000001 -0.000009 0.282627
    7 10.398263 -5.760962 66.994675 3.097005 0.050653 3.139334
    8 -4.480772 0.260969 2.686826 0.393228 -0.140501 0.152547
    9 -0.000004 -0.000006 24.761459 -0.636085 0.073893 -0.046588
    10 -0.000007 0.000004 24.344891 1.220597 0.100061 0.010119
    11 -0.002360 -1.019903 24.031330 0.389594 -0.042695 -0.017219
    12 0.000000 -0.000002 13.404737 0.000001 0.000005 -0.016103
    13 -0.061540 -5.245835 72.927078 0.000000 0.000000 0.000000
    14 4.501461 2.170497 -3.227522 -0.005045 -0.019644 -0.121131
    15 0.000000 -0.005608 -1.146812 0.012349 -0.054587 -0.049614
    16 0.030770 -0.240000 8.906021 -0.004138 0.000000 0.000000
    17 -0.007789 0.028201 -0.000398 -0.010622 -0.000195 0.005077
    18 0.030770 -0.276858 8.905140 0.056125 0.004134 -0.000049
    19 0.006547 -0.186630 0.006637 0.066524 0.000021 0.000694
    20 5.669724 4.435303 14.302868 1.739465 -1.551531 1.704982
    21 -1.044571 -2.839317 19.743267 0.820034 -1.389340 -0.728843
    22 2.655533 -1.533369 24.792658 -0.039322 0.033855 0.440610
    23 1.120163 -0.154394 9.796035 -0.008610 0.000853 -0.074918
    24 2.240311 -0.308786 19.592051 0.107933 0.059186 -0.162940
    25 0.683151 2.877354 14.167051 -0.738005 -0.163353 1.424639
    26 0.144936 -0.145374 7.579252 -0.663634 -0.159857 0.057190
    27 0.091660 -0.906685 4.702850 -0.497395 -0.078532 0.017992
    28 0.506271 8.500866 13.617253 -0.591308 -0.068791 1.307734
    29 -0.384987 -0.460049 7.003448 -0.408078 -0.291314 0.102116
    30 0.561516 -0.596954 5.061852 -0.227918 -0.111343 0.014755
    31 -2.452171 -8.899406 11.597897 -1.090884 -0.145349 1.506498
    32 0.680496 -0.903999 6.074253 -0.917886 0.102922 0.014383
    33 0.245514 -0.661150 3.388004 -0.770230 0.109717 -0.041909
    34 -0.717484 -3.784271 13.043911 -0.979347 -0.126082 1.477618
    35 1.099216 -1.407745 8.017889 -0.878411 0.003749 0.004122
    36 0.068439 -0.807653 3.686054 -0.562230 0.003085 0.002852
    37 -4.004929 6.172707 4.754754 0.488450 0.874032 -3.127539
    38 0.158352 -1.149811 5.804394 -0.533526 -0.251085 0.181559
    39 -1.083523 -1.463142 5.544399 -0.450997 -0.109115 0.016044
    40 -6.289886 0.932434 13.569063 -0.126803 0.612110 2.869610
    41 1.327774 -0.766687 12.396328 0.030774 -0.025129 0.322272
    42 -0.096140 1.828087 23.185329 -0.101679 -0.052026 -1.570683
    43 2.325478 -0.000003 6.169296 -0.095981 0.033431 1.583220
    44 0.000000 -3.152912 0.122169 1.961017 0.000000 0.000000
    45 1.068383 -10.478592 7.066338 0.292219 -1.282324 -3.141588
    46 0.000000 0.000000 2.279457 0.547137 -0.343566 0.107833
    47 2.479414 -8.323895 6.074242 0.002210 -0.096815 1.829680
    48 0.000003 -5.075260 5.105362 0.000000 0.000000 0.000000
    49 -1.068383 -10.478611 7.065971 0.292219 1.282324 3.141588
    50 -0.000488 0.000015 2.279600 0.547136 0.343566 0.107835
    51 -2.479401 -8.323895 6.074234 0.018976 -0.102316 1.835328
    52 -5.790000 4.432083 14.255558 -5.633495 0.917873 -2.230197
    53 1.044540 -2.839314 19.743252 -0.592459 0.505878 -0.137767
    54 -2.655510 -1.533379 24.792648 -1.805404 -0.196439 0.537288
    55 -1.120216 -0.154385 9.795983 -0.035252 0.000557 0.306664
    56 -2.240372 -0.308788 19.592047 -0.498299 0.391084 0.483922
    57 -0.683205 2.877342 14.167089 -0.280381 0.173436 -1.415734
    58 -0.144958 -0.145317 7.579308 -0.203809 0.067849 0.038318
    59 -0.038551 -0.936644 4.697678 -0.040520 -0.017477 -0.002810
    60 -0.506317 8.500896 13.617329 -0.209695 0.170048 -1.372398
    61 0.385056 -0.460075 7.003435 -0.126065 0.165497 0.093093
    62 -0.456360 -0.710276 5.057732 0.043804 -0.022827 -0.002108
    63 2.452194 -8.899408 11.597939 -0.340947 0.096371 -1.417542
    64 -0.680515 -0.903999 6.074242 -0.083798 -0.017452 0.003855
    65 -0.248295 -0.666843 3.386627 0.072123 -0.060558 -0.004691
    66 0.717491 -3.784309 13.044010 -0.382051 0.128694 -1.400401
    67 -1.099228 -1.407673 8.017876 -0.231770 0.020852 0.005557
    68 -0.064053 -0.807640 3.686100 0.084529 0.019314 0.000472
    69 4.004906 6.172710 4.754800 -0.003386 -0.445349 -2.390138
    70 -0.158381 -1.149773 5.804405 -0.341586 0.212141 0.213616
    71 1.078559 -2.386406 5.215008 -0.251267 0.091046 0.045000
    72 6.289963 0.932404 13.569109 -0.126801 -0.612098 -2.869612
    73 -1.327759 -0.766682 12.396324 -0.041512 -0.014876 0.358835
    74 0.000017 -54.999996 0.000000 0.000000 0.000000 -1.570796
  time 23
    0 0.000000 0.000000 -1.500000 0.000000 0.000000 0.000000
    1 -10.521344 -5.760963 66.994621 3.097005 -0.050653 -3.139334
    2 -5.171661 3.669297 3.918538 -0.173840 0.171143 0.155893
    3 -0.000034 0.000012 24.761454 -0.423366 -0.049246 0.584393
    4 0.000017 0.000000 24.344809 1.398041 -0.261494 -0.052792
    5 0.002333 -1.019846 24.031336 0.389660 -0.042698 0.017213
    6 0.000034 0.000008 13.404741 -0.000001 -0.000009 0.283956
    7 10.398263 -5.760962 66.994675 3.097005 0.050653 3.139334
    8 -4.488585 0.273458 2.686826 0.394508 -0.139148 0.149164
    9 -0.000004 -0.000006 24.761459 -0.637350 0.074037 -0.043143
    10 -0.000007 0.000004 24.344891 1.220985 0.099928 0.010098
    11 -0.002360 -1.019903 24.031330 0.389594 -0.042695 -0.017219
    12 0.000000 -0.000002 13.404737 0.000001 0.000005 -0.014450
    13 -0.061540 -5.245835 72.927078 0.000000 0.000000 0.000000
    14 4.501461 2.170497 -3.250053 -0.009621 -0.019644 -0.118428
    15 0.000000 -0.005608 -1.146812 0.012062 -0.054933 -0.049179
    16 0.030770 -0.240000 8.906021 -0.004138 0.000000 0.000000
    17 -0.003883 0.000856 -0.004305 -0.007024 0.000299 0.009071
    18 0.030770 -0.276858 8.905140 0.056125 0.004134 -0.000049
    19 0.002641 -0.202255 0.002731 0.073530 0.000021 0.001197
    20 5.669724 4.435303 14.302868 1.741571 -1.551531 1.704119
    21 -1.044571 -2.839317 19.743267 0.786671 -1.398576 -0.705267
    22 2.655533 -1.533369 24.792658 -0.036501 0.034393 0.435191
    23 1.120163 -0.154394 9.796035 -0.008718 0.000853 -0.075884
    24 2.240311 -0.308786 19.592051 0.111893 0.068948 -0.165274
    25 0.683151 2.877354 14.167051 -0.738005 -0.163353 1.424639
    26 0.144936 -0.145374 7.579252 -0.663634 -0.159857 0.057190
    27 0.091660 -0.906685 4.702850 -0.497395 -0.078532 0.017992
    28 0.506271 8.500866 13.617253 -0.591308 -0.068791 1.307734
    29 -0.384987 -0.460049 7.003448 -0.408078 -0.291326 0.102116
    30 0.561516 -0.596954 5.061852 -0.227918 -0.111343 0.014755
    31 -2.452171 -8.899406 11.597897 -1.090884 -0.145349 1.506498
    32 0.680496 -0.903999 6.074253 -0.917886 0.102922 0.014383
    33 0.245514 -0.661150 3.388004 -0.770230 0.109717 -0.041909
    34 -0.717484 -3.784271 13.043911 -0.979347 -0.126082 1.477618
    35 1.099216 -1.407745 8.017889 -0.878411 0.003749 0.004122
    36 0.068439 -0.807653 3.686054 -0.562230 0.003085 0.002852
    37 -4.004929 6.172707 4.754754 0.488450 0.874032 -3.127539
    38 0.158352 -1.149811 5.804394 -0.533526 -0.251085 0.181559
    39 -1.083523 -1.463142 5.544399 -0.450997 -0.109115 0.016044
    40 -6.289886 0.932434 13.569063 -0.126803 0.612110 2.869610
    41 1.327774 -0.766687 12.396328 0.030127 -0.024434 0.314639
    42 -0.096140 1.828087 23.185329 -0.102141 -0.052026 -1.570683
    43 2.325478 -0.000003 6.169296 -0.087195 0.040376 1.586333
    44 0.000000 -3.152912 0.122169 1.961017 0.000000 0.000000
    45 1.068383 -10.478592 7.066338 0.292219 -1.282324 -3.141588
    46 0.000000 0.000000 2.279457 0.547137 -0.343566 0.107833
    47 2.479414 -8.323895 6.074242 0.002047 -0.085827 1.825669
    48 0.000003 -5.075260 5.105362 0.000000 0.000000 0.000000
    49 -1.068383 -10.478611 7.065971 0.292219 1.282324 3.141588
    50 -0.000488 0.000015 2.279600 0.547136 0.343566 0.107835
    51 -2.479401 -8.323895 6.074234 0.018836 -0.091590 1.831400
    52 -5.790000 4.432083 14.255558 -5.650366 0.931414 -2.240354
    53 1.044540 -2.839314 19.743252 -0.579992 0.495109 -0.133086
    54 -2.655510 -1.533379 24.792648 -1.666405 -0.179937 0.543877
    55 -1.120216 -0.154385 9.795983 -0.026970 -0.000546 0.234355
    56 -2.240372 -0.308788 19.592047 -0.502728 0.392618 0.358994
    57 -0.683205 2.877342 14.167089 -0.282658 0.173814 -1.415887
    58 -0.144958 -0.145317 7.579308 -0.212582 0.070114 0.038222
    59 -0.038551 -0.936644 4.697678 -0.049297 -0.015236 -0.002546
    60 -0.506317 8.500896 13.617329 -0.208488 0.169503 -1.372398
    61 0.385056 -0.460075 7.003435 -0.134439 0.170278 0.092374
    62 -0.456360 -0.710276 5.057732 0.035496 -0.017997 -0.001528
    63 2.452194 -8.899408 11.597939 -0.346679 0.095581 -1.418018
    64 -0.680515 -0.903999 6.074242 -0.093446 -0.018627 0.003028
    65 -0.248295 -0.666843 3.386627 0.066170 -0.060858 -0.004512
    66 0.717491 -3.784309 13.044010 -0.385388 0.128323 -1.400773
    67 -1.099228 -1.407673 8.017876 -0.241352 0.020420 0.005414
    68 -0.064053 -0.807640 3.686100 0.078901 0.019290 0.000376
    69 4.004906 6.172710 4.754800 -0.003913 -0.439080 -2.391120
    70 -0.158381 -1.149773 5.804405 -0.340924 0.211648 0.213411
    71 1.078559 -2.386406 5.215008 -0.250598 0.090587 0.044781
    72 6.289963 0.932404 13.569109 -0.126801 -0.612098 -2.869612
    73 -1.327759 -0.766682 12.396324 -0.041656 -0.014900 0.359992
    74 0.000017 -54.999996 0.000000 0.000000 0.000000 -1.570796
  time 24
    0 0.000000 0.000000 -1.500000 0.000000 0.000000 0.000000
    1 -10.521344 -5.760963 66.994621 3.097005 -0.050653 -3.139334
    2 -5.167755 3.595635 3.963387 -0.174728 0.171922 0.152660
    3 -0.000034 0.000012 24.761454 -0.427065 -0.049665 0.586836
    4 0.000017 0.000000 24.344809 1.401493 -0.262354 -0.053440
    5 0.002333 -1.019846 24.031336 0.389585 -0.042710 0.017201
    6 0.000034 0.000008 13.404741 -0.000001 -0.000009 0.285327
    7 10.398263 -5.760962 66.994675 3.097005 0.050653 3.139334
    8 -4.488585 0.285948 2.731786 0.397920 -0.137758 0.144873
    9 -0.000004 -0.000006 24.761459 -0.642354 0.074636 -0.038729
    10 -0.000007 0.000004 24.344891 1.223243 0.099661 0.010077
    11 -0.002360 -1.019903 24.031330 0.389594 -0.042695 -0.017219
    12 0.000000 -0.000002 13.404737 0.000001 0.000005 -0.012260
    13 -0.061540 -5.245835 72.927078 0.000000 0.000000 0.000000
    14 4.501461 2.170497 -3.272584 -0.014550 -0.019644 -0.115846
    15 0.000000 -0.005608 -1.146812 0.011615 -0.055184 -0.047902
    16 0.030770 -0.240000 8.906021 -0.004138 0.000000 0.000000
    17 0.003930 -0.061646 -0.004305 0.003898 0.000856 0.018934
    18 0.030770 -0.276858 8.905140 0.056125 0.004134 -0.000049
    19 0.006547 -0.210068 0.006637 0.079749 0.000186 0.002492
    20 5.669724 4.435303 14.302868 1.751333 -1.551460 1.695399
    21 -1.044571 -2.839317 19.743267 0.717253 -1.412979 -0.652419
    22 2.655533 -1.533369 24.792658 -0.034505 0.035085 0.428964
    23 1.120163 -0.154394 9.796035 -0.008838 0.000865 -0.076850
    24 2.240311 -0.308786 19.592051 0.114417 0.077881 -0.167529
    25 0.683151 2.877354 14.167051 -0.738005 -0.163353 1.424639
    26 0.144936 -0.145374 7.579252 -0.663634 -0.159857 0.057190
    27 0.091660 -0.906685 4.702850 -0.497395 -0.078532 0.017992
    28 0.506271 8.500866 13.617253 -0.591308 -0.068791 1.307734
    29 -0.384987 -0.460049 7.003448 -0.408078 -0.291314 0.102128
    30 0.561516 -0.596954 5.061852 -0.227847 -0.111343 0.014755
    31 -2.452171 -8.899406 11.597897 -1.090884 -0.145349 1.506498
    32 0.680496 -0.903999 6.074253 -0.917886 0.102922 0.014383
    33 0.245514 -0.661150 3.388004 -0.770230 0.109717 -0.041909
    34 -0.717484 -3.784271 13.043911 -0.979347 -0.126082 1.477618
    35 1.099216 -1.407745 8.017889 -0.878411 0.003749 0.004122
    36 0.068439 -0.807653 3.686054 -0.562230 0.003085 0.002852
    37 -4.004929 6.172707 4.754754 0.488450 0.874032 -3.127539
    38 0.158352 -1.149811 5.804394 -0.533611 -0.251085 0.181559
    39 -1.083523 -1.463142 5.544399 -0.450997 -0.109115 0.016044
    40 -6.289886 0.932434 13.569063 -0.126803 0.612110 2.869610
    41 1.327774 -0.766687 12.396328 0.029145 -0.023331 0.302688
    42 -0.096140 1.828087 23.185329 -0.103237 -0.052026 -1.570683
    43 2.325478 -0.000003 6.169296 -0.071055 0.052371 1.592001
    44 0.000000 -3.152912 0.122169 1.961017 0.000000 0.000000
    45 1.068383 -10.478592 7.066338 0.292219 -1.282324 -3.141588
    46 0.000000 0.000000 2.279457 0.547137 -0.343566 0.107833
    47 2.479414 -8.323895 6.074242 0.001748 -0.065963 1.818506
    48 0.000003 -5.075260 5.085830 0.000000 0.000000 0.000000
    49 -1.068383 -10.478611 7.065971 0.292219 1.282324 3.141588
    50 -0.000488 0.000015 2.279600 0.547136 0.343566 0.107835
    51 -2.479401 -8.323895 6.074234 0.018514 -0.072217 1.824406
    52 -5.790000 4.432083 14.255558 -5.680561 0.954384 -2.252426
    53 1.044540 -2.839314 19.743252 -0.550328 0.482814 -0.126881
    54 -2.655510 -1.533379 24.792648 -1.520662 -0.163112 0.551980
    55 -1.120216 -0.154385 9.795983 -0.011510 -0.001025 0.100157
    56 -2.240372 -0.308788 19.592047 -0.529533 0.391777 0.121681
    57 -0.683205 2.877342 14.167089 -0.288944 0.174888 -1.416311
    58 -0.144958 -0.145317 7.579308 -0.235632 0.076071 0.037887
    59 -0.038551 -0.936644 4.697678 -0.072276 -0.009340 -0.001983
    60 -0.506317 8.500896 13.617329 -0.205622 0.168258 -1.372398
    61 0.385056 -0.460075 7.003435 -0.156584 0.182695 0.090337
    62 -0.456360 -0.710276 5.057732 0.013829 -0.005383 -0.000247
    63 2.452194 -8.899408 11.597939 -0.362283 0.093467 -1.419329
    64 -0.680515 -0.903999 6.074242 -0.119371 -0.020916 0.000942
    65 -0.248295 -0.666843 3.386627 0.050350 -0.062440 -0.004128
    66 0.717491 -3.784309 13.044010 -0.394655 0.127232 -1.401827
    67 -1.099228 -1.407673 8.017876 -0.266401 0.019785 0.005006
    68 -0.064053 -0.807640 3.686100 0.063596 0.018715 0.000017
    69 4.004906 6.172710 4.754800 -0.005419 -0.423470 -2.393658
    70 -0.158381 -1.149773 5.804405 -0.339354 0.210580 0.213001
    71 1.078559 -2.386406 5.215008 -0.248974 0.089637 0.044123
    72 6.289963 0.932404 13.569109 -0.126801 -0.612098 -2.869612
    73 -1.327759 -0.766682 12.396324 -0.041536 -0.014888 0.359020
    74 0.000017 -54.999996 0.000000 0.000000 0.000000 -1.570796
  time 25
    0 0.000000 0.000000 -1.500000 0.000000 0.000000 0.000000
    1 -10.521344 -5.760963 66.994621 3.097005 -0.050653 -3.139334
    2 -5.159942 3.509696 4.030660 -0.174864 0.173565 0.148859
    3 -0.000034 0.000012 24.761454 -0.433610 -0.050432 0.589482
    4 0.000017 0.000000 24.344809 1.406610 -0.263169 -0.054434
    5 0.002333 -1.019846 24.031336 0.389585 -0.042698 0.017201
    6 0.000034 0.000008 13.404741 -0.000001 -0.000009 0.286719
    7 10.398263 -5.760962 66.994675 3.097005 0.050653 3.139334
    8 -4.496397 0.298437 2.799226 0.402868 -0.136258 0.139757
    9 -0.000004 -0.000006 24.761459 -0.650219 0.075535 -0.033776
    10 -0.000007 0.000004 24.344891 1.226729 0.099328 0.010035
    11 -0.002360 -1.019903 24.031330 0.389594 -0.042695 -0.017219
    12 0.000000 -0.000002 13.404737 0.000001 0.000005 -0.009705
    13 -0.061540 -5.245835 72.927078 0.000000 0.000000 0.000000
    14 4.501461 2.170497 -3.362709 -0.019638 -0.019644 -0.113204
    15 0.000000 -0.005608 -1.146812 0.011041 -0.055372 -0.045945
    16 0.030770 -0.240000 8.906021 -0.004138 0.000000 0.000000
    17 0.007836 -0.147586 -0.008211 0.017871 0.000248 0.032033
    18 0.030770 -0.276858 8.905140 0.056125 0.004134 -0.000049
    19 0.006547 -0.210068 0.006637 0.082823 0.000762 0.004169
    20 5.669724 4.435303 14.302868 1.778130 -1.551284 1.669236
    21 -1.044571 -2.839317 19.743267 0.630321 -1.426390 -0.582339
    22 2.655533 -1.533369 24.792658 -0.032856 0.035469 0.425568
    23 1.120163 -0.154394 9.796035 -0.008946 0.000877 -0.077781
    24 2.240311 -0.308786 19.592051 0.115244 0.085570 -0.169626
    25 0.683151 2.877354 14.167051 -0.738005 -0.163353 1.424639
    26 0.144936 -0.145374 7.579252 -0.663634 -0.159857 0.057190
    27 0.091660 -0.906685 4.702850 -0.497395 -0.078532 0.017992
    28 0.506271 8.500866 13.617253 -0.591308 -0.068791 1.307734
    29 -0.384987 -0.460049 7.003448 -0.408078 -0.291326 0.102128
    30 0.561516 -0.596954 5.061852 -0.227847 -0.111343 0.014755
    31 -2.452171 -8.899406 11.597897 -1.090884 -0.145349 1.506498
    32 0.680496 -0.903999 6.074253 -0.917886 0.102922 0.014383
    33 0.245514 -0.661150 3.388004 -0.770230 0.109717 -0.041909
    34 -0.717484 -3.784271 13.043911 -0.979347 -0.126082 1.477618
    35 1.099216 -1.407745 8.017889 -0.878411 0.003749 0.004122
    36 0.068439 -0.807653 3.686054 -0.562230 0.003085 0.002852
    37 -4.004929 6.172707 4.754754 0.488450 0.874032 -3.127539
    38 0.158352 -1.149811 5.804394 -0.533526 -0.251085 0.181559
    39 -1.083523 -1.463142 5.544399 -0.450997 -0.109115 0.016044
    40 -6.289886 0.932434 13.569063 -0.126803 0.612110 2.869610
    41 1.327774 -0.766687 12.396328 0.028174 -0.022288 0.291289
    42 -0.096140 1.828087 23.185329 -0.104452 -0.052026 -1.570683
    43 2.325478 -0.000003 6.169296 -0.061983 0.058853 1.596352
    44 0.000000 -3.152912 0.122169 1.961017 0.000000 0.000000
    45 1.068383 -10.478592 7.066338 0.292219 -1.282324 -3.141588
    46 0.000000 0.000000 2.279457 0.547137 -0.343566 0.107833
    47 2.479414 -8.323895 6.074242 0.001503 -0.054739 1.813253
    48 0.000003 -5.075260 5.066298 0.000000 0.000000 0.000000
    49 -1.068383 -10.478611 7.065971 0.292219 1.282324 3.141588
    50 -0.000488 0.000015 2.279600 0.547136 0.343566 0.107835
    51 -2.479401 -8.323895 6.074234 0.018293 -0.061444 1.819329
    52 -5.790000 4.432083 14.255558 -5.720246 0.984332 -2.266799
    53 1.044540 -2.839314 19.743252 -0.509587 0.471494 -0.120458
    54 -2.655510 -1.533379 24.792648 -1.374366 -0.147244 0.552283
    55 -1.120216 -0.154385 9.795983 -0.003205 -0.000414 0.027876
    56 -2.240372 -0.308788 19.592047 -0.531442 0.371926 -0.005997
    57 -0.683205 2.877342 14.167089 -0.298497 0.176500 -1.416965
    58 -0.144958 -0.145317 7.579308 -0.268000 0.084412 0.037156
    59 -0.038551 -0.936644 4.697678 -0.104624 -0.001011 -0.001444
    60 -0.506317 8.500896 13.617329 -0.202228 0.166805 -1.372353
    61 0.385056 -0.460075 7.003435 -0.187448 0.199875 0.087014
    62 -0.456360 -0.710276 5.057732 -0.016341 0.012232 0.001087
    63 2.452194 -8.899408 11.597939 -0.385091 0.090330 -1.421188
    64 -0.680515 -0.903999 6.074242 -0.156184 -0.024343 -0.001886
    65 -0.248295 -0.666843 3.386627 0.026995 -0.064669 -0.003541
    66 0.717491 -3.784309 13.044010 -0.408653 0.125602 -1.403365
    67 -1.099228 -1.407673 8.017876 -0.302041 0.018683 0.004491
    68 -0.064053 -0.807640 3.686100 0.041481 0.018080 -0.000463
    69 4.004906 6.172710 4.754800 -0.007527 -0.403408 -2.397423
    70 -0.158381 -1.149773 5.804405 -0.337575 0.209375 0.212532
    71 1.078559 -2.386406 5.215008 -0.247158 0.088565 0.043356
    72 6.289963 0.932404 13.569109 -0.126801 -0.612098 -2.869612
    73 -1.327759 -0.766682 12.396324 -0.040685 -0.014744 0.352127
    74 0.000017 -54.999996 0.000000 0.000000 0.000000 -1.570796
  time 26
    0 0.000000 0.000000 -1.500000 0.000000 0.000000 0.000000
    1 -10.521344 -5.760963 66.994621 3.097005 -0.050653 -3.139334
    2 -5.156036 3.423757 4.120359 -0.174523 0.175764 0.145015
    3 -0.000034 0.000012 24.761454 -0.441984 -0.051403 0.592170
    4 0.000017 0.000000 24.344809 1.412898 -0.263961 -0.055644
    5 0.002333 -1.019846 24.031336 0.389585 -0.042710 0.017201
    6 0.000034 0.000008 13.404741 -0.000001 -0.000009 0.288069
    7 10.398263 -5.760962 66.994675 3.097005 0.050653 3.139334
    8 -4.500304 0.310926 2.866667 0.408925 -0.134685 0.134476
    9 -0.000004 -0.000006 24.761459 -0.659954 0.076674 -0.028501
    10 -0.000007 0.000004 24.344891 1.231246 0.098861 0.009993
    11 -0.002360 -1.019903 24.031330 0.389594 -0.042695 -0.017219
    12 0.000000 -0.000002 13.404737 0.000001 0.000005 -0.006957
    13 -0.061540 -5.245835 72.927078 0.000000 0.000000 0.000000
    14 4.501461 2.170497 -3.452833 -0.024951 -0.019644 -0.110741
    15 0.000000 -0.005608 -1.146812 0.010276 -0.055466 -0.043472
    16 0.030770 -0.240000 8.906021 -0.004138 0.000000 0.000000
    17 0.003930 -0.221807 -0.012117 0.030013 -0.001537 0.045410
    18 0.030770 -0.276858 8.905140 0.056125 0.004134 -0.000049
    19 0.006547 -0.202255 0.006637 0.083109 0.001626 0.005895
    20 5.669724 4.435303 14.302868 1.830673 -1.550932 1.616528
    21 -1.044571 -2.839317 19.743267 0.548183 -1.435157 -0.513275
    22 2.655533 -1.533369 24.792658 -0.031467 0.035469 0.426053
    23 1.120163 -0.154394 9.796035 -0.009054 0.000877 -0.078678
    24 2.240311 -0.308786 19.592051 0.114069 0.091740 -0.171525
    25 0.683151 2.877354 14.167051 -0.738060 -0.163353 1.424639
    26 0.144936 -0.145374 7.579252 -0.663634 -0.159857 0.057190
    27 0.091660 -0.906685 4.702850 -0.497395 -0.078532 0.017992
    28 0.506271 8.500866 13.617253 -0.591308 -0.068791 1.307734
    29 -0.384987 -0.460049 7.003448 -0.408078 -0.291314 0.102128
    30 0.561516 -0.596954 5.061852 -0.227847 -0.111343 0.014743
    31 -2.452171 -8.899406 11.597897 -1.090884 -0.145349 1.506498
    32 0.680496 -0.903999 6.074253 -0.917886 0.102922 0.014383
    33 0.245514 -0.661150 3.388004 -0.770230 0.109717 -0.041909
    34 -0.717484 -3.784271 13.043911 -0.979347 -0.126082 1.477618
    35 1.099216 -1.407745 8.017889 -0.878411 0.003749 0.004122
    36 0.068439 -0.807653 3.686054 -0.562230 0.003085 0.002852
    37 -4.004929 6.172707 4.754754 0.488450 0.874032 -3.127539
    38 0.158352 -1.149811 5.804394 -0.533526 -0.251085 0.181559
    39 -1.083523 -1.463142 5.544399 -0.450997 -0.109115 0.016044
    40 -6.289886 0.932434 13.569063 -0.126803 0.612110 2.869610
    41 1.327774 -0.766687 12.396328 0.027527 -0.021593 0.283606
    42 -0.096140 1.828087 23.185329 -0.105394 -0.052026 -1.570683
    43 2.325478 -0.000003 6.169296 -0.062031 0.057478 1.597828
    44 0.000000 -3.152912 0.122169 1.961017 0.000000 0.000000
    45 1.068383 -10.478592 7.066338 0.292219 -1.282324 -3.141588
    46 0.000000 0.000000 2.279457 0.547137 -0.343566 0.107833
    47 2.479414 -8.323895 6.074242 0.001449 -0.055021 1.811629
    48 0.000003 -5.075260 5.050673 0.000000 0.000000 0.000000
    49 -1.068383 -10.478611 7.065971 0.292219 1.282324 3.141588
    50 -0.000488 0.000015 2.279600 0.547136 0.343566 0.107835
    51 -2.479401 -8.323895 6.074234 0.018233 -0.061633 1.817700
    52 -5.790000 4.432083 14.255558 -5.765778 1.019057 -2.283758
    53 1.044540 -2.839314 19.743252 -0.462112 0.461912 -0.114362
    54 -2.655510 -1.533379 24.792648 -1.233857 -0.133330 0.537743
    55 -1.120216 -0.154385 9.795983 -0.007412 -0.000785 0.064465
    56 -2.240372 -0.308788 19.592047 -0.457519 0.313710 0.069699
    57 -0.683205 2.877342 14.167089 -0.310574 0.178589 -1.417811
    58 -0.144958 -0.145317 7.579308 -0.304891 0.093868 0.035993
    59 -0.038551 -0.936644 4.697678 -0.141459 0.008469 -0.001108
    60 -0.506317 8.500896 13.617329 -0.199890 0.165742 -1.372353
    61 0.385056 -0.460075 7.003435 -0.222240 0.218999 0.082634
    62 -0.456360 -0.710276 5.057732 -0.050057 0.031982 0.001912
    63 2.452194 -8.899408 11.597939 -0.412796 0.086450 -1.423333
    64 -0.680515 -0.903999 6.074242 -0.198709 -0.028490 -0.005050
    65 -0.248295 -0.666843 3.386627 -0.001231 -0.067281 -0.002738
    66 0.717491 -3.784309 13.044010 -0.426040 0.123541 -1.405275
    67 -1.099228 -1.407673 8.017876 -0.343005 0.017388 0.003915
    68 -0.064053 -0.807640 3.686100 0.015202 0.017289 -0.001014
    69 4.004906 6.172710 4.754800 -0.009861 -0.383744 -2.401680
    70 -0.158381 -1.149773 5.804405 -0.336285 0.208444 0.212151
    71 1.078559 -2.386406 5.215008 -0.245820 0.087738 0.042881
    72 6.289963 0.932404 13.569109 -0.126801 -0.612098 -2.869612
    73 -1.327759 -0.766682 12.396324 -0.038803 -0.014384 0.336628
    74 0.000017 -54.999996 0.000000 0.000000 0.000000 -1.570796
  time 27
    0 0.000000 0.000000 -1.500000 0.000000 0.000000 0.000000
    1 -10.521344 -5.760963 66.994621 3.097005 -0.050653 -3.139334
    2 -5.152130 3.325541 4.210057 -0.173771 0.178492 0.141257
    3 -0.000034 0.000012 24.761454 -0.451822 -0.052554 0.594531
    4 0.000017 0.000000 24.344809 1.420049 -0.264708 -0.057027
    5 0.002333 -1.019846 24.031336 0.389585 -0.042698 0.017213
    6 0.000034 0.000008 13.404741 -0.000001 -0.000009 0.289229
    7 10.398263 -5.760962 66.994675 3.097005 0.050653 3.139334
    8 -4.500304 0.323416 2.956588 0.415750 -0.133185 0.129030
    9 -0.000004 -0.000006 24.761459 -0.671173 0.077956 -0.023189
    10 -0.000007 0.000004 24.344891 1.236409 0.098417 0.009951
    11 -0.002360 -1.019903 24.031330 0.389594 -0.042695 -0.017219
    12 0.000000 -0.000002 13.404737 0.000001 0.000005 -0.004123
    13 -0.061540 -5.245835 72.927078 0.000000 0.000000 0.000000
    14 4.501461 2.170497 -3.520426 -0.030456 -0.019644 -0.108700
    15 0.000000 -0.005608 -1.146812 0.009223 -0.055434 -0.040700
    16 0.030770 -0.240000 8.906021 -0.004138 0.000000 0.000000
    17 0.003930 -0.256964 -0.016024 0.035064 -0.003221 0.056552
    18 0.030770 -0.276858 8.905140 0.056125 0.004134 -0.000049
    19 0.014360 -0.198349 0.006637 0.083538 0.002428 0.007309
    20 5.669724 4.435303 14.302868 1.914702 -1.550333 1.530948
    21 -1.044571 -2.839317 19.743267 0.493393 -1.437558 -0.465136
    22 2.655533 -1.533369 24.792658 -0.030252 0.035085 0.429611
    23 1.120163 -0.154394 9.796035 -0.009138 0.000889 -0.079609
    24 2.240311 -0.308786 19.592051 0.110892 0.096069 -0.173068
    25 0.683151 2.877354 14.167051 -0.738005 -0.163353 1.424639
    26 0.144936 -0.145374 7.579252 -0.663634 -0.159857 0.057190
    27 0.091660 -0.906685 4.702850 -0.497395 -0.078532 0.017992
    28 0.506271 8.500866 13.617253 -0.591308 -0.068791 1.307734
    29 -0.384987 -0.460049 7.003448 -0.408078 -0.291326 0.102128
    30 0.561516 -0.596954 5.061852 -0.227847 -0.111343 0.014755
    31 -2.452171 -8.899406 11.597897 -1.090884 -0.145349 1.506498
    32 0.680496 -0.903999 6.074253 -0.917886 0.102922 0.014383
    33 0.245514 -0.661150 3.388004 -0.770230 0.109717 -0.041909
    34 -0.717484 -3.784271 13.043911 -0.979347 -0.126082 1.477618
    35 1.099216 -1.407745 8.017889 -0.878411 0.003749 0.004122
    36 0.068439 -0.807653 3.686054 -0.562230 0.003085 0.002852
    37 -4.004929 6.172707 4.754754 0.488450 0.874032 -3.127539
    38 0.158352 -1.149811 5.804394 -0.533526 -0.251085 0.181559
    39 -1.083523 -1.463142 5.544399 -0.450997 -0.109115 0.016044
    40 -6.289886 0.932434 13.569063 -0.126803 0.612110 2.869610
    41 1.327774 -0.766687 12.396328 0.027275 -0.021342 0.280794
    42 -0.096140 1.828087 23.185329 -0.105548 -0.052026 -1.570683
    43 2.325478 -0.000003 6.169296 -0.062938 0.053644 1.598746
    44 0.000000 -3.152912 0.122169 1.961017 0.000000 0.000000
    45 1.068383 -10.478592 7.066338 0.292219 -1.282324 -3.141588
    46 0.000000 0.000000 2.279457 0.547137 -0.343566 0.107833
    47 2.479414 -8.323895 6.074242 0.001394 -0.056946 1.810865
    48 0.000003 -5.075260 5.046766 0.000000 0.000000 0.000000
    49 -1.068383 -10.478611 7.065971 0.292219 1.282324 3.141588
    50 -0.000488 0.000015 2.279600 0.547136 0.343566 0.107835
    51 -2.479401 -8.323895 6.074234 0.018213 -0.063428 1.816934
    52 -5.790000 4.432083 14.255558 -5.813036 1.056357 -2.303592
    53 1.044540 -2.839314 19.743252 -0.403339 0.434439 -0.104510
    54 -2.655510 -1.533379 24.792648 -1.097676 -0.121500 0.477461
    55 -1.120216 -0.154385 9.795983 -0.016760 -0.001073 0.145615
    56 -2.240372 -0.308788 19.592047 -0.380083 0.208663 0.231058
    57 -0.683205 2.877342 14.167089 -0.324582 0.180957 -1.418837
    58 -0.144958 -0.145317 7.579308 -0.341346 0.103144 0.034519
    59 -0.038551 -0.936644 4.697678 -0.177751 0.017829 -0.001144
    60 -0.506317 8.500896 13.617329 -0.199437 0.165560 -1.372308
    61 0.385056 -0.460075 7.003435 -0.255909 0.237280 0.077750
    62 -0.456360 -0.710276 5.057732 -0.082606 0.051064 0.002105
    63 2.452194 -8.899408 11.597939 -0.442689 0.082198 -1.425574
    64 -0.680515 -0.903999 6.074242 -0.241828 -0.033056 -0.008010
    65 -0.248295 -0.666843 3.386627 -0.031539 -0.069834 -0.001755
    66 0.717491 -3.784309 13.044010 -0.445868 0.121156 -1.407358
    67 -1.099228 -1.407673 8.017876 -0.384025 0.016082 0.003412
    68 -0.064053 -0.807640 3.686100 -0.012203 0.016438 -0.001541
    69 4.004906 6.172710 4.754800 -0.012195 -0.369304 -2.405937
    70 -0.158381 -1.149773 5.804405 -0.336075 0.208307 0.212092
    71 1.078559 -2.386406 5.215008 -0.245581 0.087616 0.042735
    72 6.289963 0.932404 13.569109 -0.126801 -0.612098 -2.869612
    73 -1.327759 -0.766682 12.396324 -0.034070 -0.013389 0.297442
    74 0.000017 -54.999996 0.000000 0.000000 0.000000 -1.570796
  time 28
    0 0.000000 0.000000 -1.500000 0.000000 0.000000 0.000000
    1 -10.521344 -5.760963 66.994621 3.097005 -0.050653 -3.139334
    2 -5.148223 3.227325 4.299755 -0.172610 0.181581 0.137981
    3 -0.000034 0.000012 24.761454 -0.462635 -0.053788 0.596404
    4 0.000017 0.000000 24.344809 1.427693 -0.265387 -0.058539
    5 0.002333 -1.019846 24.031336 0.389660 -0.042710 0.017201
    6 0.000034 0.000008 13.404741 -0.000001 -0.000009 0.290136
    7 10.398263 -5.760962 66.994675 3.097005 0.050653 3.139334
    8 -4.500304 0.323416 3.068988 0.422745 -0.131759 0.123666
    9 -0.000004 -0.000006 24.761459 -0.683438 0.079382 -0.018165
    10 -0.000007 0.000004 24.344891 1.242283 0.097906 0.009867
    11 -0.002360 -1.019903 24.031330 0.389594 -0.042695 -0.017219
    12 0.000000 -0.000002 13.404737 0.000001 0.000005 -0.001418
    13 -0.061540 -5.245835 72.927078 0.000000 0.000000 0.000000
    14 4.501461 2.170497 -3.633082 -0.036057 -0.019644 -0.107018
    15 0.000000 -0.005608 -1.146812 0.007819 -0.055293 -0.037847
    16 0.030770 -0.240000 8.906021 -0.004138 0.000000 0.000000
    17 -0.003883 -0.221807 -0.008211 0.028940 -0.003917 0.062582
    18 0.030770 -0.276858 8.905140 0.056125 0.004134 -0.000049
    19 0.014360 -0.210068 0.006637 0.084897 0.002757 0.008076
    20 5.669724 4.435303 14.302868 2.032420 -1.549241 1.410294
    21 -1.044571 -2.839317 19.743267 0.492365 -1.431452 -0.461132
    22 2.655533 -1.533369 24.792658 -0.029254 0.034470 0.436243
    23 1.120163 -0.154394 9.796035 -0.009233 0.000889 -0.080437
    24 2.240311 -0.308786 19.592051 0.105409 0.098279 -0.174334
    25 0.683151 2.877354 14.167051 -0.738005 -0.163353 1.424639
    26 0.144936 -0.145374 7.579252 -0.663634 -0.159857 0.057190
    27 0.091660 -0.906685 4.702850 -0.497395 -0.078532 0.017992
    28 0.506271 8.500866 13.617253 -0.591308 -0.068791 1.307734
    29 -0.384987 -0.460049 7.003448 -0.408078 -0.291314 0.102116
    30 0.561516 -0.596954 5.061852 -0.227847 -0.111343 0.014755
    31 -2.452171 -8.899406 11.597897 -1.090884 -0.145349 1.506498
    32 0.680496 -0.903999 6.074253 -0.917886 0.102922 0.014383
    33 0.245514 -0.661150 3.388004 -0.770230 0.109717 -0.041909
    34 -0.717484 -3.784271 13.043911 -0.979347 -0.126082 1.477618
    35 1.099216 -1.407745 8.017889 -0.878411 0.003749 0.004122
    36 0.068439 -0.807653 3.686054 -0.562230 0.003085 0.002852
    37 -4.004929 6.172707 4.754754 0.488450 0.874032 -3.127539
    38 0.158352 -1.149811 5.804394 -0.533526 -0.251100 0.181559
    39 -1.083523 -1.463142 5.544399 -0.450997 -0.109115 0.016044
    40 -6.289886 0.932434 13.569063 -0.126803 0.612110 2.869610
    41 1.327774 -0.766687 12.396328 0.027611 -0.021677 0.284560
    42 -0.096140 1.828087 23.185329 -0.104452 -0.052026 -1.570683
    43 2.325478 -0.000003 6.169296 -0.063941 0.048739 1.599984
    44 0.000000 -3.152912 0.122169 1.961017 0.000000 0.000000
    45 1.068383 -10.478592 7.066338 0.292219 -1.282324 -3.141588
    46 0.000000 0.000000 2.279457 0.547137 -0.343566 0.107833
    47 2.479414 -8.323895 6.074242 0.001367 -0.059670 1.810101
    48 0.000003 -5.075260 5.066298 0.000000 0.000000 0.000000
    49 -1.068383 -10.478611 7.065971 0.292219 1.282324 3.141588
    50 -0.000488 0.000015 2.279600 0.547136 0.343566 0.107835
    51 -2.479401 -8.323895 6.074234 0.018193 -0.065885 1.815975
    52 -5.790000 4.432083 14.255558 -5.857706 1.093990 -2.325917
    53 1.044540 -2.839314 19.743252 -0.340447 0.412604 -0.096944
    54 -2.655510 -1.533379 24.792648 -0.969245 -0.110797 0.361594
    55 -1.120216 -0.154385 9.795983 -0.026251 -0.000605 0.228098
    56 -2.240372 -0.308788 19.592047 -0.350911 0.091636 0.396627
    57 -0.683205 2.877342 14.167089 -0.339728 0.183504 -1.419966
    58 -0.144958 -0.145317 7.579308 -0.372461 0.111006 0.032985
    59 -0.038551 -0.936644 4.697678 -0.208669 0.025811 -0.001456
    60 -0.506317 8.500896 13.617329 -0.202228 0.166805 -1.372353
    61 0.385056 -0.460075 7.003435 -0.283536 0.251984 0.073309
    62 -0.456360 -0.710276 5.057732 -0.108986 0.066545 0.001824
    63 2.452194 -8.899408 11.597939 -0.472384 0.077923 -1.427623
    64 -0.680515 -0.903999 6.074242 -0.280742 -0.037191 -0.010539
    65 -0.248295 -0.666843 3.386627 -0.060931 -0.072399 -0.000748
    66 0.717491 -3.784309 13.044010 -0.466741 0.118591 -1.409504
    67 -1.099228 -1.407673 8.017876 -0.419945 0.014895 0.003017
    68 -0.064053 -0.807640 3.686100 -0.038313 0.015647 -0.002056
    69 4.004906 6.172710 4.754800 -0.014153 -0.364937 -2.409949
    70 -0.158381 -1.149773 5.804405 -0.337575 0.209375 0.212532
    71 1.078559 -2.386406 5.215008 -0.247158 0.088596 0.043356
    72 6.289963 0.932404 13.569109 -0.126801 -0.612098 -2.869612
    73 -1.327759 -0.766682 12.396324 -0.026375 -0.011376 0.232856
    74 0.000017 -54.999996 0.000000 0.000000 0.000000 -1.570796
  time 29
    0 0.000000 0.000000 -1.500000 0.000000 0.000000 0.000000
    1 -10.521344 -5.760963 66.994621 3.097005 -0.050653 -3.139334
    2 -5.140411 3.141386 4.411878 -0.171107 0.184949 0.135490
    3 -0.000034 0.000012 24.761454 -0.473814 -0.055082 0.597463
    4 0.000017 0.000000 24.344809 1.435584 -0.265998 -0.060030
    5 0.002333 -1.019846 24.031336 0.389660 -0.042710 0.017213
    6 0.000034 0.000008 13.404741 -0.000001 -0.000009 0.290664
    7 10.398263 -5.760962 66.994675 3.097005 0.050653 3.139334
    8 -4.496397 0.335905 3.181389 0.429826 -0.130552 0.118963
    9 -0.000004 -0.000006 24.761459 -0.696307 0.080880 -0.013643
    10 -0.000007 0.000004 24.344891 1.248607 0.097506 0.009803
    11 -0.002360 -1.019903 24.031330 0.389594 -0.042695 -0.017219
    12 0.000000 -0.000002 13.404737 0.000001 0.000005 0.001051
    13 -0.061540 -5.245835 72.927078 0.000000 0.000000 0.000000
    14 4.501461 2.170497 -3.745737 -0.041721 -0.019627 -0.105997
    15 0.000000 -0.005608 -1.146812 0.006065 -0.055042 -0.034939
    16 0.030770 -0.240000 8.906021 -0.004138 0.000000 0.000000
    17 -0.007789 -0.135867 -0.008211 0.014651 -0.003740 0.065098
    18 0.030770 -0.276858 8.905140 0.056125 0.004134 -0.000049
    19 0.014360 -0.221787 0.006637 0.087149 0.002778 0.008400
    20 5.669724 4.435303 14.302868 2.177797 -1.547338 1.260123
    21 -1.044571 -2.839317 19.743267 0.524799 -1.419032 -0.483918
    22 2.655533 -1.533369 24.792658 -0.028603 0.033663 0.444168
    23 1.120163 -0.154394 9.796035 -0.009329 0.000889 -0.081196
    24 2.240311 -0.308786 19.592051 0.097445 0.098049 -0.175204
    25 0.683151 2.877354 14.167051 -0.738060 -0.163353 1.424639
    26 0.144936 -0.145374 7.579252 -0.663634 -0.159857 0.057190
    27 0.091660 -0.906685 4.702850 -0.497395 -0.078532 0.017992
    28 0.506271 8.500866 13.617253 -0.591308 -0.068791 1.307734
    29 -0.384987 -0.460049 7.003448 -0.408078 -0.291314 0.102116
    30 0.561516 -0.596954 5.061852 -0.227847 -0.111343 0.014755
    31 -2.452171 -8.899406 11.597897 -1.090884 -0.145349 1.506498
    32 0.680496 -0.903999 6.074253 -0.917886 0.102922 0.014383
    33 0.245514 -0.661150 3.388004 -0.770230 0.109717 -0.041909
    34 -0.717484 -3.784271 13.043911 -0.979347 -0.126082 1.477618
    35 1.099216 -1.407745 8.017889 -0.878411 0.003749 0.004122
    36 0.068439 -0.807653 3.686054 -0.562230 0.003085 0.002852
    37 -4.004929 6.172707 4.754754 0.488450 0.874032 -3.127539
    38 0.158352 -1.149811 5.804394 -0.533526 -0.251100 0.181559
    39 -1.083523 -1.463142 5.544399 -0.450997 -0.109115 0.016044
    40 -6.289886 0.932434 13.569063 -0.126803 0.612110 2.869610
    41 1.327774 -0.766687 12.396328 0.028318 -0.022432 0.292896
    42 -0.096140 1.828087 23.185329 -0.101679 -0.052026 -1.570683
    43 2.325478 -0.000003 6.169296 -0.064323 0.044167 1.602179
    44 0.000000 -3.152912 0.122169 1.961017 0.000000 0.000000
    45 1.068383 -10.478592 7.066338 0.292219 -1.282324 -3.141588
    46 0.000000 0.000000 2.279457 0.547137 -0.343566 0.107833
    47 2.479414 -8.323895 6.074242 0.001313 -0.062206 1.808382
    48 0.000003 -5.075260 5.105362 0.000000 0.000000 0.000000
    49 -1.068383 -10.478611 7.065971 0.292219 1.282324 3.141588
    50 -0.000488 0.000015 2.279600 0.547136 0.343566 0.107835
    51 -2.479401 -8.323895 6.074234 0.018133 -0.068106 1.814347
    52 -5.790000 4.432083 14.255558 -5.894803 1.129711 -2.349966
    53 1.044540 -2.839314 19.743252 -0.287852 0.461276 -0.097298
    54 -2.655510 -1.533379 24.792648 -0.862152 -0.100248 0.216268
    55 -1.120216 -0.154385 9.795983 -0.030937 -0.000078 0.268959
    56 -2.240372 -0.308788 19.592047 -0.345565 0.017034 0.484867
    57 -0.683205 2.877342 14.167089 -0.355320 0.186131 -1.421197
    58 -0.144958 -0.145317 7.579308 -0.393168 0.116207 0.031847
    59 -0.038551 -0.936644 4.697678 -0.229330 0.031108 -0.001779
    60 -0.506317 8.500896 13.617329 -0.209695 0.170048 -1.372398
    61 0.385056 -0.460075 7.003435 -0.299680 0.260532 0.070507
    62 -0.456360 -0.710276 5.057732 -0.124484 0.075579 0.001456
    63 2.452194 -8.899408 11.597939 -0.499372 0.073997 -1.429435
    64 -0.680515 -0.903999 6.074242 -0.310440 -0.040391 -0.012385
    65 -0.248295 -0.666843 3.386627 -0.087033 -0.074640 0.000198
    66 0.717491 -3.784309 13.044010 -0.487416 0.116003 -1.411625
    67 -1.099228 -1.407673 8.017876 -0.445723 0.014056 0.002741
    68 -0.064053 -0.807640 3.686100 -0.060147 0.014952 -0.002464
    69 4.004906 6.172710 4.754800 -0.015056 -0.375448 -2.413059
    70 -0.158381 -1.149773 5.804405 -0.341586 0.212141 0.213616
    71 1.078559 -2.386406 5.215008 -0.251267 0.091046 0.045000
    72 6.289963 0.932404 13.569109 -0.126801 -0.612098 -2.869612
    73 -1.327759 -0.766682 12.396324 -0.017471 -0.008344 0.156612
    74 0.000017 -54.999996 0.000000 0.000000 0.000000 -1.570796
  time 30
    0 0.000000 0.000000 -1.500000 0.000000 0.000000 0.000000
    1 -10.521344 -5.760963 66.994621 3.097005 -0.050653 -3.139334
    2 -5.136504 3.092278 4.501576 -0.167828 0.189291 0.136626
    3 -0.000034 0.000012 24.761454 -0.486294 -0.056545 0.595142
    4 0.000017 0.000000 24.344809 1.443598 -0.266021 -0.061564
    5 0.002333 -1.019846 24.031336 0.389660 -0.042698 0.017201
    6 0.000034 0.000008 13.404741 -0.000001 -0.000009 0.289398
    7 10.398263 -5.760962 66.994675 3.097005 0.050653 3.139334
    8 -4.488585 0.298437 3.293790 0.436139 -0.130661 0.117230
    9 -0.000004 -0.000006 24.761459 -0.709506 0.082414 -0.012172
    10 -0.000007 0.000004 24.344891 1.256030 0.097106 0.009719
    11 -0.002360 -1.019903 24.031330 0.389594 -0.042695 -0.017219
    12 0.000000 -0.000002 13.404737 0.000001 0.000005 0.002060
    13 -0.061540 -5.245835 72.927078 0.000000 0.000000 0.000000
    14 4.501461 2.170497 -3.858393 -0.047482 -0.019627 -0.108159
    15 0.000000 -0.005608 -1.146812 0.004215 -0.054384 -0.032249
    16 0.030770 -0.240000 8.906021 -0.004138 0.000000 0.000000
    17 -0.007789 -0.030395 -0.004305 -0.002415 -0.003259 0.067494
    18 0.030770 -0.276858 8.905140 0.056125 0.004134 -0.000049
    19 0.014360 -0.241319 0.002731 0.089686 0.002716 0.008712
    20 5.669724 4.435303 14.302868 2.325758 -1.544378 1.106022
    21 -1.044571 -2.839317 19.743267 0.543536 -1.402751 -0.491984
    22 2.655533 -1.533369 24.792658 -0.028473 0.032933 0.451366
    23 1.120163 -0.154394 9.796035 -0.009413 0.000901 -0.081955
    24 2.240311 -0.308786 19.592051 0.086260 0.095378 -0.175679
    25 0.683151 2.877354 14.167051 -0.738005 -0.163341 1.424639
    26 0.144936 -0.145374 7.579252 -0.663634 -0.159857 0.057190
    27 0.091660 -0.906685 4.702850 -0.497395 -0.078532 0.017992
    28 0.506271 8.500866 13.617253 -0.591308 -0.068791 1.307734
    29 -0.384987 -0.460049 7.003448 -0.408078 -0.291314 0.102116
    30 0.561516 -0.596954 5.061852 -0.227918 -0.111343 0.014755
    31 -2.452171 -8.899406 11.597897 -1.090884 -0.145349 1.506498
    32 0.680496 -0.903999 6.074253 -0.917886 0.102922 0.014383
    33 0.245514 -0.661150 3.388004 -0.770230 0.109717 -0.041909
    34 -0.717484 -3.784271 13.043911 -0.979347 -0.126082 1.477618
    35 1.099216 -1.407745 8.017889 -0.878411 0.003749 0.004122
    36 0.068439 -0.807653 3.686054 -0.562230 0.003085 0.002852
    37 -4.004929 6.172707 4.754754 0.488450 0.874032 -3.127539
    38 0.158352 -1.149811 5.804394 -0.533526 -0.251085 0.181559
    39 -1.083523 -1.463142 5.544399 -0.450997 -0.109115 0.016044
    40 -6.289886 0.932434 13.569063 -0.126803 0.612110 2.869610
    41 1.327774 -0.766687 12.396328 0.029037 -0.023199 0.301382
    42 -0.096140 1.828087 23.185329 -0.097535 -0.052026 -1.570683
    43 2.325478 -0.000003 6.169296 -0.063606 0.040101 1.606729
    44 0.000000 -3.152912 0.122169 1.961017 0.000000 0.000000
    45 1.068383 -10.478592 7.066338 0.292219 -1.282324 -3.141588
    46 0.000000 0.000000 2.279457 0.547137 -0.343566 0.107833
    47 2.479414 -8.323895 6.074242 0.001122 -0.063896 1.804275
    48 0.000003 -5.075260 5.160051 0.000000 0.000000 0.000000
    49 -1.068383 -10.478611 7.065971 0.292219 1.282324 3.141588
    50 -0.000488 0.000015 2.279600 0.547136 0.343566 0.107835
    51 -2.479401 -8.323895 6.074234 0.017972 -0.069571 1.810035
    52 -5.790000 4.432083 14.255558 -5.904005 1.166762 -2.361752
    53 1.044540 -2.839314 19.743252 -0.202475 0.704805 -0.099584
    54 -2.655510 -1.533379 24.792648 -0.760897 -0.079229 -0.091651
    55 -1.120216 -0.154385 9.795983 -0.030614 -0.000126 0.266075
    56 -2.240372 -0.308788 19.592047 -0.323877 -0.013312 0.487788
    57 -0.683205 2.877342 14.167089 -0.372248 0.185912 -1.421120
    58 -0.144958 -0.145317 7.579308 -0.407336 0.119755 0.030996
    59 -0.038551 -0.936644 4.697678 -0.243383 0.034716 -0.002079
    60 -0.506317 8.500896 13.617329 -0.224025 0.166234 -1.369208
    61 0.385056 -0.460075 7.003435 -0.308184 0.264969 0.068991
    62 -0.456360 -0.710276 5.057732 -0.132549 0.080301 0.001210
    63 2.452194 -8.899408 11.597939 -0.526440 0.076181 -1.433462
    64 -0.680515 -0.903999 6.074242 -0.334855 -0.043051 -0.013811
    65 -0.248295 -0.666843 3.386627 -0.112095 -0.076785 0.001181
    66 0.717491 -3.784309 13.044010 -0.509436 0.116326 -1.415035
    67 -1.099228 -1.407673 8.017876 -0.465280 0.013409 0.002561
    68 -0.064053 -0.807640 3.686100 -0.080179 0.014317 -0.002812
    69 4.004906 6.172710 4.754800 -0.015508 -0.397348 -2.416088
    70 -0.158381 -1.149773 5.804405 -0.347586 0.216248 0.215140
    71 1.078559 -2.386406 5.215008 -0.257334 0.094692 0.047448
    72 6.289963 0.932404 13.569109 -0.126801 -0.612098 -2.869612
    73 -1.327759 -0.766682 12.396324 0.001680 0.000968 -0.015771
    74 0.000017 -54.999996 0.000000 0.000000 0.000000 -1.570796
  time 31
    0 0.000000 0.000000 -1.500000 0.000000 0.000000 0.000000
    1 -10.521344 -5.760963 66.994621 3.097005 -0.050653 -3.139334
    2 -5.132598 3.092278 4.591274 -0.161611 0.194914 0.143617
    3 -0.000034 0.000012 24.761454 -0.500603 -0.058198 0.587487
    4 0.000017 0.000000 24.344809 1.451613 -0.265138 -0.063033
    5 0.002333 -1.019846 24.031336 0.389585 -0.042710 0.017201
    6 0.000034 0.000008 13.404741 -0.000001 -0.000009 0.285348
    7 10.398263 -5.760962 66.994675 3.097005 0.050653 3.139334
    8 -4.461240 0.198522 3.406191 0.440575 -0.133076 0.120118
    9 -0.000004 -0.000006 24.761459 -0.723256 0.083996 -0.015689
    10 -0.000007 0.000004 24.344891 1.264871 0.096862 0.009698
    11 -0.002360 -1.019903 24.031330 0.389594 -0.042695 -0.017219
    12 0.000000 -0.000002 13.404737 0.000001 0.000005 0.000686
    13 -0.061540 -5.245835 72.927078 0.000000 0.000000 0.000000
    14 4.501461 2.170497 -3.948517 -0.053307 -0.019627 -0.115726
    15 0.000000 -0.005608 -1.146812 0.002556 -0.053082 -0.029613
    16 0.030770 -0.240000 8.906021 -0.004138 0.000000 0.000000
    17 -0.007789 0.051639 -0.000398 -0.016725 -0.002791 0.069730
    18 0.030770 -0.276858 8.905140 0.056125 0.004134 -0.000049
    19 0.014360 -0.253038 0.006637 0.091259 0.002613 0.008975
    20 5.669724 4.435303 14.302868 2.453334 -1.540432 0.971568
    21 -1.044571 -2.839317 19.743267 0.527930 -1.385374 -0.469451
    22 2.655533 -1.533369 24.792658 -0.029471 0.032664 0.453388
    23 1.120163 -0.154394 9.796035 -0.009509 0.000901 -0.082748
    24 2.240311 -0.308786 19.592051 0.071769 0.090820 -0.175956
    25 0.683151 2.877354 14.167051 -0.738060 -0.163353 1.424639
    26 0.144936 -0.145374 7.579252 -0.663634 -0.159857 0.057190
    27 0.091660 -0.906685 4.702850 -0.497395 -0.078532 0.017992
    28 0.506271 8.500866 13.617253 -0.591308 -0.068791 1.307734
    29 -0.384987 -0.460049 7.003448 -0.408078 -0.291314 0.102116
    30 0.561516 -0.596954 5.061852 -0.227918 -0.111343 0.014755
    31 -2.452171 -8.899406 11.597897 -1.090884 -0.145349 1.506498
    32 0.680496 -0.903999 6.074253 -0.917886 0.102922 0.014383
    33 0.245514 -0.661150 3.388004 -0.770230 0.109717 -0.041909
    34 -0.717484 -3.784271 13.043911 -0.979347 -0.126082 1.477618
    35 1.099216 -1.407745 8.017889 -0.878411 0.003749 0.004122
    36 0.068439 -0.807653 3.686054 -0.562230 0.003085 0.002852
    37 -4.004929 6.172707 4.754754 0.488450 0.874032 -3.127539
    38 0.158352 -1.149811 5.804394 -0.533526 -0.251085 0.181559
    39 -1.083523 -1.463142 5.544399 -0.450997 -0.109115 0.016044
    40 -6.289886 0.932434 13.569063 -0.126803 0.612110 2.869610
    41 1.327774 -0.766687 12.396328 0.029420 -0.023643 0.306153
    42 -0.096140 1.828087 23.185329 -0.092810 -0.052026 -1.570683
    43 2.325478 -0.000003 6.169296 -0.061840 0.035717 1.614113
    44 0.000000 -3.152912 0.122169 1.961017 0.000000 0.000000
    45 1.068383 -10.478592 7.066338 0.292219 -1.282324 -3.141588
    46 0.000000 0.000000 2.279457 0.547137 -0.343566 0.107833
    47 2.479414 -8.323895 6.074242 0.000823 -0.064929 1.797112
    48 0.000003 -5.075260 5.226459 0.000000 0.000000 0.000000
    49 -1.068383 -10.478611 7.065971 0.292219 1.282324 3.141588
    50 -0.000488 0.000015 2.279600 0.547136 0.343566 0.107835
    51 -2.479401 -8.323895 6.074234 0.017711 -0.070185 1.803042
    52 -5.790000 4.432083 14.255558 -5.871030 1.209337 -2.349391
    53 1.044540 -2.839314 19.743252 -0.039848 0.862777 -0.040418
    54 -2.655510 -1.533379 24.792648 -0.681232 -0.053408 -0.362386
    55 -1.120216 -0.154385 9.795983 -0.028660 -0.000378 0.249100
    56 -2.240372 -0.308788 19.592047 -0.291421 -0.029252 0.462356
    57 -0.683205 2.877342 14.167089 -0.390958 0.185633 -1.421069
    58 -0.144958 -0.145317 7.579308 -0.421776 0.123350 0.030061
    59 -0.038551 -0.936644 4.697678 -0.257683 0.038395 -0.002427
    60 -0.506317 8.500896 13.617329 -0.240392 0.162161 -1.365658
    61 0.385056 -0.460075 7.003435 -0.316040 0.269096 0.067536
    62 -0.456360 -0.710276 5.057732 -0.140079 0.084678 0.000946
    63 2.452194 -8.899408 11.597939 -0.555856 0.078318 -1.437729
    64 -0.680515 -0.903999 6.074242 -0.361266 -0.045987 -0.015285
    65 -0.248295 -0.666843 3.386627 -0.140071 -0.079146 0.002332
    66 0.717491 -3.784309 13.044010 -0.533597 0.116674 -1.418768
    67 -1.099228 -1.407673 8.017876 -0.485902 0.012714 0.002381
    68 -0.064053 -0.807640 3.686100 -0.102125 0.013610 -0.003183
    69 4.004906 6.172710 4.754800 -0.015809 -0.423386 -2.419608
    70 -0.158381 -1.149773 5.804405 -0.354492 0.221122 0.216986
    71 1.078559 -2.386406 5.215008 -0.264453 0.099041 0.050298
    72 6.289963 0.932404 13.569109 -0.126801 -0.612098 -2.869612
    73 -1.327759 -0.766682 12.396324 0.018435 0.013025 -0.182648
    74 0.000017 -54.999996 0.000000 0.000000 0.000000 -1.570796
  time 32
    0 0.000000 0.000000 -1.500000 0.000000 0.000000 0.000000
    1 -10.521344 -5.760963 66.994621 3.097005 -0.050653 -3.139334
    2 -5.132598 3.141386 4.680972 -0.152866 0.201483 0.155806
    3 -0.000034 0.000012 24.761454 -0.515847 -0.059960 0.575109
    4 0.000017 0.000000 24.344809 1.459133 -0.263418 -0.064351
    5 0.002333 -1.019846 24.031336 0.389585 -0.042710 0.017201
    6 0.000034 0.000008 13.404741 -0.000001 -0.000009 0.278830
    7 10.398263 -5.760962 66.994675 3.097005 0.050653 3.139334
    8 -4.426083 0.048649 3.518592 0.443305 -0.137502 0.127297
    9 -0.000004 -0.000006 24.761459 -0.736730 0.085554 -0.023584
    10 -0.000007 0.000004 24.344891 1.274811 0.096728 0.009677
    11 -0.002360 -1.019903 24.031330 0.389594 -0.042695 -0.017219
    12 0.000000 -0.000002 13.404737 0.000001 0.000005 -0.002792
    13 -0.061540 -5.245835 72.927078 0.000000 0.000000 0.000000
    14 4.509274 2.170497 -4.061173 -0.059100 -0.019627 -0.127977
    15 0.000000 -0.005608 -1.146812 0.001089 -0.051200 -0.027058
    16 0.030770 -0.240000 8.906021 -0.004138 0.000000 0.000000
    17 -0.011696 0.090702 -0.000398 -0.022744 -0.002626 0.071767
    18 0.030770 -0.276858 8.905140 0.056125 0.004134 -0.000049
    19 0.014360 -0.260851 0.006637 0.090544 0.002634 0.009239
    20 5.669724 4.435303 14.302868 2.556696 -1.535640 0.860592
    21 -1.044571 -2.839317 19.743267 0.477934 -1.370084 -0.419140
    22 2.655533 -1.533369 24.792658 -0.031641 0.033202 0.447646
    23 1.120163 -0.154394 9.796035 -0.009617 0.000913 -0.083645
    24 2.240311 -0.308786 19.592051 0.054144 0.084419 -0.175917
    25 0.683151 2.877354 14.167051 -0.738005 -0.163353 1.424639
    26 0.144936 -0.145374 7.579252 -0.663634 -0.159857 0.057190
    27 0.091660 -0.906685 4.702850 -0.497395 -0.078532 0.017992
    28 0.506271 8.500866 13.617253 -0.591308 -0.068791 1.307734
    29 -0.384987 -0.460049 7.003448 -0.408078 -0.291326 0.102116
    30 0.561516 -0.596954 5.061852 -0.227847 -0.111343 0.014755
    31 -2.452171 -8.899406 11.597897 -1.090884 -0.145349 1.506498
    32 0.680496 -0.903999 6.074253 -0.917886 0.102922 0.014383
    33 0.245514 -0.661150 3.388004 -0.770230 0.109717 -0.041909
    34 -0.717484 -3.784271 13.043911 -0.979347 -0.126082 1.477618
    35 1.099216 -1.407745 8.017889 -0.878411 0.003749 0.004122
    36 0.068439 -0.807653 3.686054 -0.562230 0.003085 0.002852
    37 -4.004929 6.172707 4.754754 0.488450 0.874032 -3.127539
    38 0.158352 -1.149811 5.804394 -0.533611 -0.251085 0.181559
    39 -1.083523 -1.463142 5.544399 -0.450997 -0.109115 0.016044
    40 -6.289886 0.932434 13.569063 -0.126803 0.612110 2.869610
    41 1.327774 -0.766687 12.396328 0.029276 -0.023487 0.304345
    42 -0.096140 1.828087 23.185329 -0.087485 -0.052026 -1.570683
    43 2.325478 -0.000003 6.169296 -0.059213 0.031029 1.623971
    44 0.000000 -3.152912 0.122169 1.961017 0.000000 0.000000
    45 1.068383 -10.478592 7.066338 0.292219 -1.282324 -3.141588
    46 0.000000 0.000000 2.279457 0.547137 -0.343566 0.107833
    47 2.479414 -8.323895 6.074242 0.000443 -0.065305 1.787179
    48 0.000003 -5.075260 5.296774 0.000000 0.000000 0.000000
    49 -1.068383 -10.478611 7.065971 0.292219 1.282324 3.141588
    50 -0.000488 0.000015 2.279600 0.547136 0.343566 0.107835
    51 -2.479401 -8.323895 6.074234 0.017329 -0.070185 1.793173
    52 -5.790000 4.432083 14.255558 -5.799041 1.256066 -2.312790
    53 1.044540 -2.839314 19.743252 0.016644 0.887198 -0.013121
    54 -2.655510 -1.533379 24.792648 -0.636845 -0.051324 -0.359508
    55 -1.120216 -0.154385 9.795983 -0.025592 -0.000665 0.222358
    56 -2.240372 -0.308788 19.592047 -0.252474 -0.031727 0.415959
    57 -0.683205 2.877342 14.167089 -0.411251 0.185295 -1.421094
    58 -0.144958 -0.145317 7.579308 -0.436489 0.126981 0.029066
    59 -0.038551 -0.936644 4.697678 -0.272328 0.042122 -0.002834
    60 -0.506317 8.500896 13.617329 -0.258569 0.158088 -1.362064
    61 0.385056 -0.460075 7.003435 -0.323508 0.272931 0.066142
    62 -0.456360 -0.710276 5.057732 -0.147075 0.088753 0.000666
    63 2.452194 -8.899408 11.597939 -0.587422 0.080316 -1.442019
    64 -0.680515 -0.903999 6.074242 -0.389778 -0.049199 -0.016783
    65 -0.248295 -0.666843 3.386627 -0.170879 -0.081711 0.003674
    66 0.717491 -3.784309 13.044010 -0.559652 0.116937 -1.422687
    67 -1.099228 -1.407673 8.017876 -0.507645 0.011995 0.002226
    68 -0.064053 -0.807640 3.686100 -0.125872 0.012843 -0.003579
    69 4.004906 6.172710 4.754800 -0.016261 -0.453060 -2.423702
    70 -0.158381 -1.149773 5.804405 -0.362375 0.226571 0.219008
    71 1.078559 -2.386406 5.215008 -0.272383 0.103943 0.053440
    72 6.289963 0.932404 13.569109 -0.126801 -0.612098 -2.869612
    73 -1.327759 -0.766682 12.396324 0.019394 0.013840 -0.192826
    74 0.000017 -54.999996 0.000000 0.000000 0.000000 -1.570796
  time 33
    0 0.000000 0.000000 -1.500000 0.000000 0.000000 0.000000
    1 -10.521344 -5.760963 66.994621 3.097005 -0.050653 -3.139334
    2 -5.140411 3.239602 4.748246 -0.142071 0.208553 0.172670
    3 -0.000034 0.000012 24.761454 -0.531132 -0.061734 0.558659
    4 0.000017 0.000000 24.344809 1.465791 -0.261177 -0.065453
    5 0.002333 -1.019846 24.031336 0.389585 -0.042710 0.017213
    6 0.000034 0.000008 13.404741 -0.000001 -0.000009 0.270288
    7 10.398263 -5.760962 66.994675 3.097005 0.050653 3.139334
    8 -4.375300 -0.138691 3.608513 0.444073 -0.143684 0.138354
    9 -0.000004 -0.000006 24.761459 -0.749599 0.087053 -0.035535
    10 -0.000007 0.000004 24.344891 1.285460 0.096706 0.009698
    11 -0.002360 -1.019903 24.031330 0.389594 -0.042695 -0.017219
    12 0.000000 -0.000002 13.404737 0.000001 0.000005 -0.008245
    13 -0.061540 -5.245835 72.927078 0.000000 0.000000 0.000000
    14 4.520993 2.170497 -4.173828 -0.064861 -0.019627 -0.144371
    15 0.000000 -0.005608 -1.146812 -0.000219 -0.048800 -0.024694
    16 0.030770 -0.240000 8.906021 -0.004138 0.000000 0.000000
    17 -0.011696 0.043826 -0.000398 -0.014831 -0.003614 0.073683
    18 0.030770 -0.276858 8.905140 0.056125 0.004134 -0.000049
    19 0.014360 -0.241319 0.002731 0.086362 0.004115 0.009407
    20 5.669724 4.435303 14.302868 2.637376 -1.530108 0.771371
    21 -1.044571 -2.839317 19.743267 0.386648 -1.358342 -0.337245
    22 2.655533 -1.533369 24.792658 -0.035156 0.034931 0.430743
    23 1.120163 -0.154394 9.796035 -0.009725 0.000913 -0.084542
    24 2.240311 -0.308786 19.592051 0.033995 0.076546 -0.175600
    25 0.683151 2.877354 14.167051 -0.738005 -0.163353 1.424639
    26 0.144936 -0.145374 7.579252 -0.663634 -0.159857 0.057190
    27 0.091660 -0.906685 4.702850 -0.497395 -0.078532 0.017992
    28 0.506271 8.500866 13.617253 -0.591308 -0.068791 1.307734
    29 -0.384987 -0.460049 7.003448 -0.408078 -0.291314 0.102128
    30 0.561516 -0.596954 5.061852 -0.227847 -0.111343 0.014755
    31 -2.452171 -8.899406 11.597897 -1.090884 -0.145349 1.506498
    32 0.680496 -0.903999 6.074253 -0.917886 0.102922 0.014383
    33 0.245514 -0.661150 3.388004 -0.770230 0.109717 -0.041909
    34 -0.717484 -3.784271 13.043911 -0.979347 -0.126082 1.477618
    35 1.099216 -1.407745 8.017889 -0.878411 0.003749 0.004122
    36 0.068439 -0.807653 3.686054 -0.562230 0.003085 0.002852
    37 -4.004929 6.172707 4.754754 0.488450 0.874032 -3.127539
    38 0.158352 -1.149811 5.804394 -0.533611 -0.251085 0.181559
    39 -1.083523 -1.463142 5.544399 -0.450997 -0.109115 0.016044
    40 -6.289886 0.932434 13.569063 -0.126803 0.612110 2.869610
    41 1.327774 -0.766687 12.396328 0.028354 -0.022468 0.293247
    42 -0.096140 1.828087 23.185329 -0.081698 -0.052026 -1.570683
    43 2.325478 -0.000003 6.169296 -0.055823 0.026124 1.636105
    44 0.000000 -3.152912 0.122169 1.961017 0.000000 0.000000
    45 1.068383 -10.478592 7.066338 0.292219 -1.282324 -3.141588
    46 0.000000 0.000000 2.279457 0.547137 -0.343566 0.107833
    47 2.479414 -8.323895 6.074242 -0.000101 -0.065070 1.775145
    48 0.000003 -5.075260 5.359276 0.000000 0.000000 0.000000
    49 -1.068383 -10.478611 7.065971 0.292219 1.282324 3.141588
    50 -0.000488 0.000015 2.279600 0.547136 0.343566 0.107835
    51 -2.479401 -8.323895 6.074234 0.016867 -0.069571 1.781198
    52 -5.790000 4.432083 14.255558 -5.688517 1.304955 -2.249360
    53 1.044540 -2.839314 19.743252 0.022655 0.931927 -0.006181
    54 -2.655510 -1.533379 24.792648 -0.606951 -0.055569 -0.295365
    55 -1.120216 -0.154385 9.795983 -0.021901 -0.000917 0.190312
    56 -2.240372 -0.308788 19.592047 -0.212381 -0.022371 0.357189
    57 -0.683205 2.877342 14.167089 -0.432783 0.184977 -1.421222
    58 -0.144958 -0.145317 7.579308 -0.451474 0.130696 0.028012
    59 -0.038551 -0.936644 4.697678 -0.287220 0.045957 -0.003301
    60 -0.506317 8.500896 13.617329 -0.278330 0.154067 -1.358425
    61 0.385056 -0.460075 7.003435 -0.330458 0.276525 0.064810
    62 -0.456360 -0.710276 5.057732 -0.153682 0.092591 0.000385
    63 2.452194 -8.899408 11.597939 -0.620579 0.082012 -1.446308
    64 -0.680515 -0.903999 6.074242 -0.420176 -0.052675 -0.018281
    65 -0.248295 -0.666843 3.386627 -0.204350 -0.084419 0.005232
    66 0.717491 -3.784309 13.044010 -0.587351 0.117129 -1.426730
    67 -1.099228 -1.407673 8.017876 -0.530396 0.011240 0.002058
    68 -0.064053 -0.807640 3.686100 -0.151476 0.011992 -0.003962
    69 4.004906 6.172710 4.754800 -0.016863 -0.485785 -2.428532
    70 -0.158381 -1.149773 5.804405 -0.371025 0.232622 0.221147
    71 1.078559 -2.386406 5.215008 -0.281222 0.109364 0.056838
    72 6.289963 0.932404 13.569109 -0.126801 -0.612098 -2.869612
    73 -1.327759 -0.766682 12.396324 0.017021 0.011814 -0.167658
    74 0.000017 -54.999996 0.000000 0.000000 0.000000 -1.570796
  time 34
    0 0.000000 0.000000 -1.500000 0.000000 0.000000 0.000000
    1 -10.521344 -5.760963 66.994621 3.097005 -0.050653 -3.139334
    2 -5.156036 3.386926 4.793095 -0.129501 0.215623 0.193554
    3 -0.000034 0.000012 24.761454 -0.545685 -0.063424 0.538788
    4 0.000017 0.000000 24.344809 1.471155 -0.258461 -0.066318
    5 0.002333 -1.019846 24.031336 0.389585 -0.042710 0.017201
    6 0.000034 0.000008 13.404741 -0.000001 -0.000009 0.259994
    7 10.398263 -5.760962 66.994675 3.097005 0.050653 3.139334
    8 -4.328424 -0.363500 3.698433 0.442793 -0.151366 0.152712
    9 -0.000004 -0.000006 24.761459 -0.761259 0.088407 -0.050859
    10 -0.000007 0.000004 24.344891 1.296302 0.096750 0.009719
    11 -0.002360 -1.019903 24.031330 0.389594 -0.042695 -0.017219
    12 0.000000 -0.000002 13.404737 0.000001 0.000005 -0.015373
    13 -0.061540 -5.245835 72.927078 0.000000 0.000000 0.000000
    14 4.544431 2.170497 -4.263953 -0.070525 -0.019627 -0.164489
    15 0.000000 -0.005608 -1.146812 -0.001303 -0.045976 -0.022357
    16 0.030770 -0.240000 8.906021 -0.004138 0.000000 0.000000
    17 -0.015602 -0.065552 -0.004305 0.004193 -0.005930 0.075440
    18 0.030770 -0.276858 8.905140 0.056125 0.004134 -0.000049
    19 0.029985 -0.210068 0.002731 0.079463 0.008127 0.009371
    20 5.669724 4.435303 14.302868 2.699202 -1.524013 0.700455
    21 -1.044571 -2.839317 19.743267 0.263907 -1.346079 -0.231519
    22 2.655533 -1.533369 24.792658 -0.039886 0.037506 0.404541
    23 1.120163 -0.154394 9.796035 -0.009833 0.000913 -0.085473
    24 2.240311 -0.308786 19.592051 0.011583 0.067198 -0.175125
    25 0.683151 2.877354 14.167051 -0.738005 -0.163353 1.424639
    26 0.144936 -0.145374 7.579252 -0.663634 -0.159857 0.057190
    27 0.091660 -0.906685 4.702850 -0.497395 -0.078532 0.017992
    28 0.506271 8.500866 13.617253 -0.591308 -0.068791 1.307734
    29 -0.384987 -0.460049 7.003448 -0.408078 -0.291314 0.102128
    30 0.561516 -0.596954 5.061852 -0.227847 -0.111343 0.014755
    31 -2.452171 -8.899406 11.597897 -1.090884 -0.145349 1.506498
    32 0.680496 -0.903999 6.074253 -0.917886 0.102922 0.014383
    33 0.245514 -0.661150 3.388004 -0.770230 0.109717 -0.041909
    34 -0.717484 -3.784271 13.043911 -0.979347 -0.126082 1.477618
    35 1.099216 -1.407745 8.017889 -0.878411 0.003749 0.004122
    36 0.068439 -0.807653 3.686054 -0.562230 0.003085 0.002852
    37 -4.004929 6.172707 4.754754 0.488450 0.874032 -3.127539
    38 0.158352 -1.149811 5.804394 -0.533526 -0.251085 0.181559
    39 -1.083523 -1.463142 5.544399 -0.450997 -0.109115 0.016044
    40 -6.289886 0.932434 13.569063 -0.126803 0.612110 2.869610
    41 1.327774 -0.766687 12.396328 0.026760 -0.020802 0.274667
    42 -0.096140 1.828087 23.185329 -0.075568 -0.052026 -1.570683
    43 2.325478 -0.000003 6.169296 -0.051908 0.020915 1.649994
    44 0.000000 -3.152912 0.122169 1.961017 0.000000 0.000000
    45 1.068383 -10.478592 7.066338 0.292219 -1.282324 -3.141588
    46 0.000000 0.000000 2.279457 0.547137 -0.343566 0.107833
    47 2.479414 -8.323895 6.074242 -0.000672 -0.064413 1.761010
    48 0.000003 -5.075260 5.417871 0.000000 0.000000 0.000000
    49 -1.068383 -10.478611 7.065971 0.292219 1.282324 3.141588
    50 -0.000488 0.000015 2.279600 0.547136 0.343566 0.107835
    51 -2.479401 -8.323895 6.074234 0.016325 -0.068437 1.767114
    52 -5.790000 4.432083 14.255558 -5.537925 1.353761 -2.153737
    53 1.044540 -2.839314 19.743252 -0.011351 0.995141 -0.018646
    54 -2.655510 -1.533379 24.792648 -0.588381 -0.062623 -0.198809
    55 -1.120216 -0.154385 9.795983 -0.018090 -0.001073 0.157177
    56 -2.240372 -0.308788 19.592047 -0.176565 -0.005094 0.295241
    57 -0.683205 2.877342 14.167089 -0.455403 0.184638 -1.421479
    58 -0.144958 -0.145317 7.579308 -0.466841 0.134460 0.026873
    59 -0.038551 -0.936644 4.697678 -0.302506 0.049816 -0.003865
    60 -0.506317 8.500896 13.617329 -0.299373 0.150098 -1.354696
    61 0.385056 -0.460075 7.003435 -0.337019 0.279913 0.063539
    62 -0.456360 -0.710276 5.057732 -0.159900 0.096235 0.000069
    63 2.452194 -8.899408 11.597939 -0.655170 0.083430 -1.450432
    64 -0.680515 -0.903999 6.074242 -0.452569 -0.056402 -0.019767
    65 -0.248295 -0.666843 3.386627 -0.240361 -0.087308 0.006994
    66 0.717491 -3.784309 13.044010 -0.616345 0.117201 -1.430847
    67 -1.099228 -1.407673 8.017876 -0.554156 0.010425 0.001890
    68 -0.064053 -0.807640 3.686100 -0.178599 0.011093 -0.004370
    69 4.004906 6.172710 4.754800 -0.017616 -0.521059 -2.434016
    70 -0.158381 -1.149773 5.804405 -0.380408 0.239194 0.223403
    71 1.078559 -2.386406 5.215008 -0.290681 0.115276 0.060455
    72 6.289963 0.932404 13.569109 -0.126801 -0.612098 -2.869612
    73 -1.327759 -0.766682 12.396324 0.012694 0.008411 -0.123244
    74 0.000017 -54.999996 0.000000 0.000000 0.000000 -1.570796
  time 35
    0 0.000000 0.000000 -1.500000 0.000000 0.000000 0.000000
    1 -10.521344 -5.760963 66.994621 3.097005 -0.050653 -3.139334
    2 -5.179474 3.558804 4.837944 -0.115768 0.222248 0.217889
    3 -0.000034 0.000012 24.761454 -0.558856 -0.064946 0.516108
    4 0.000017 0.000000 24.344809 1.474915 -0.255360 -0.066836
    5 0.002333 -1.019846 24.031336 0.389660 -0.042710 0.017201
    6 0.000034 0.000008 13.404741 -0.000001 -0.000009 0.248372
    7 10.398263 -5.760962 66.994675 3.097005 0.050653 3.139334
    8 -4.265922 -0.613287 3.788354 0.439381 -0.160218 0.169958
    9 -0.000004 -0.000006 24.761459 -0.771048 0.089533 -0.069125
    10 -0.000007 0.000004 24.344891 1.307080 0.097017 0.009824
    11 -0.002360 -1.019903 24.031330 0.389594 -0.042695 -0.017219
    12 0.000000 -0.000002 13.404737 0.000001 0.000005 -0.023918
    13 -0.061540 -5.245835 72.927078 0.000000 0.000000 0.000000
    14 4.567870 2.170497 -4.309015 -0.076126 -0.019610 -0.187790
    15 0.000000 -0.005608 -1.146812 -0.002324 -0.042792 -0.020183
    16 0.030770 -0.240000 8.906021 -0.004138 0.000000 0.000000
    17 -0.019509 -0.202275 -0.008211 0.027488 -0.009070 0.077078
    18 0.030770 -0.276858 8.905140 0.056125 0.004134 -0.000049
    19 0.045611 -0.174911 0.006637 0.071599 0.014236 0.009095
    20 5.669724 4.435303 14.302868 2.746289 -1.517459 0.643913
    21 -1.044571 -2.839317 19.743267 0.135442 -1.328128 -0.123453
    22 2.655533 -1.533369 24.792658 -0.045441 0.040426 0.373890
    23 1.120163 -0.154394 9.796035 -0.009940 0.000913 -0.086439
    24 2.240311 -0.308786 19.592051 -0.012613 0.056792 -0.174294
    25 0.683151 2.877354 14.167051 -0.738005 -0.163353 1.424639
    26 0.144936 -0.145374 7.579252 -0.663634 -0.159857 0.057190
    27 0.091660 -0.906685 4.702850 -0.497395 -0.078532 0.017992
    28 0.506271 8.500866 13.617253 -0.591308 -0.068791 1.307734
    29 -0.384987 -0.460049 7.003448 -0.408078 -0.291326 0.102128
    30 0.561516 -0.596954 5.061852 -0.227847 -0.111343 0.014755
    31 -2.452171 -8.899406 11.597897 -1.090884 -0.145349 1.506498
    32 0.680496 -0.903999 6.074253 -0.917886 0.102922 0.014383
    33 0.245514 -0.661150 3.388004 -0.770230 0.109717 -0.041909
    34 -0.717484 -3.784271 13.043911 -0.979347 -0.126082 1.477618
    35 1.099216 -1.407745 8.017889 -0.878411 0.003749 0.004122
    36 0.068439 -0.807653 3.686054 -0.562230 0.003085 0.002852
    37 -4.004929 6.172707 4.754754 0.488450 0.874032 -3.127539
    38 0.158352 -1.149811 5.804394 -0.533526 -0.251085 0.181559
    39 -1.083523 -1.463142 5.544399 -0.450997 -0.109115 0.016044
    40 -6.289886 0.932434 13.569063 -0.126803 0.612110 2.869610
    41 1.327774 -0.766687 12.396328 0.024830 -0.018885 0.252773
    42 -0.096140 1.828087 23.185329 -0.069131 -0.052026 -1.570683
    43 2.325478 -0.000003 6.169296 -0.047562 0.015460 1.665480
    44 0.000000 -3.152912 0.122169 1.961017 0.000000 0.000000
    45 1.068383 -10.478592 7.066338 0.292219 -1.282324 -3.141588
    46 0.000000 0.000000 2.279457 0.547137 -0.343566 0.107833
    47 2.479414 -8.323895 6.074242 -0.001324 -0.063239 1.745251
    48 0.000003 -5.075260 5.476467 0.000000 0.000000 0.000000
    49 -1.068383 -10.478611 7.065971 0.292219 1.282324 3.141588
    50 -0.000488 0.000015 2.279600 0.547136 0.343566 0.107835
    51 -2.479401 -8.323895 6.074234 0.015743 -0.066783 1.751402
    52 -5.790000 4.432083 14.255558 -5.341608 1.400116 -2.016721
    53 1.044540 -2.839314 19.743252 -0.077416 1.065605 -0.052583
    54 -2.655510 -1.533379 24.792648 -0.577410 -0.069315 -0.100360
    55 -1.120216 -0.154385 9.795983 -0.014662 -0.001073 0.127443
    56 -2.240372 -0.308788 19.592047 -0.148004 0.014559 0.239134
    57 -0.683205 2.877342 14.167089 -0.478716 0.184240 -1.421800
    58 -0.144958 -0.145317 7.579308 -0.482480 0.138271 0.025639
    59 -0.038551 -0.936644 4.697678 -0.317940 0.053759 -0.004476
    60 -0.506317 8.500896 13.617329 -0.321321 0.146128 -1.351101
    61 0.385056 -0.460075 7.003435 -0.343278 0.283112 0.062299
    62 -0.456360 -0.710276 5.057732 -0.165827 0.099663 -0.000194
    63 2.452194 -8.899408 11.597939 -0.690836 0.084661 -1.454436
    64 -0.680515 -0.903999 6.074242 -0.486686 -0.060417 -0.021205
    65 -0.248295 -0.666843 3.386627 -0.278703 -0.090292 0.008971
    66 0.717491 -3.784309 13.044010 -0.646386 0.117189 -1.434977
    67 -1.099228 -1.407673 8.017876 -0.578925 0.009586 0.001746
    68 -0.064053 -0.807640 3.686100 -0.207185 0.010110 -0.004753
    69 4.004906 6.172710 4.754800 -0.018369 -0.558318 -2.440402
    70 -0.158381 -1.149773 5.804405 -0.390384 0.246203 0.225806
    71 1.078559 -2.386406 5.215008 -0.300810 0.121617 0.064255
    72 6.289963 0.932404 13.569109 -0.126801 -0.612098 -2.869612
    73 -1.327759 -0.766682 12.396324 0.007948 0.004995 -0.075915
    74 0.000017 -54.999996 0.000000 0.000000 0.000000 -1.570796
  time 36
    0 0.000000 0.000000 -1.500000 0.000000 0.000000 0.000000
    1 -10.521344 -5.760963 66.994621 3.097005 -0.050653 -3.139334
    2 -5.210725 3.767513 4.837944 -0.101148 0.228094 0.244977
    3 -0.000034 0.000012 24.761454 -0.569954 -0.066228 0.491270
    4 0.000017 0.000000 24.344809 1.476949 -0.252123 -0.067031
    5 0.002333 -1.019846 24.031336 0.389660 -0.042710 0.017201
    6 0.000034 0.000008 13.404741 -0.000001 -0.000009 0.235758
    7 10.398263 -5.760962 66.994675 3.097005 0.050653 3.139334
    8 -4.195607 -0.913032 3.833314 0.433580 -0.170022 0.189927
    9 -0.000004 -0.000006 24.761459 -0.778693 0.090408 -0.089869
    10 -0.000007 0.000004 24.344891 1.317148 0.097528 0.010035
    11 -0.002360 -1.019903 24.031330 0.389594 -0.042695 -0.017219
    12 0.000000 -0.000002 13.404737 0.000001 0.000005 -0.033751
    13 -0.061540 -5.245835 72.927078 0.000000 0.000000 0.000000
    14 4.599120 2.170497 -4.331546 -0.081631 -0.019610 -0.213613
    15 0.000000 -0.005608 -1.146812 -0.003121 -0.039326 -0.018172
    16 0.030770 -0.240000 8.906021 -0.004138 0.000000 0.000000
    17 -0.027321 -0.362436 -0.019930 0.054382 -0.012919 0.078435
    18 0.030770 -0.276858 8.905140 0.056125 0.004134 -0.000049
    19 0.069049 -0.128034 0.010544 0.062913 0.022115 0.008556
    20 5.669724 4.435303 14.302868 2.781891 -1.510588 0.598967
    21 -1.044571 -2.839317 19.743267 0.013581 -1.303810 -0.024186
    22 2.655533 -1.533369 24.792658 -0.051690 0.043539 0.340329
    23 1.120163 -0.154394 9.796035 -0.010048 0.000925 -0.087439
    24 2.240311 -0.308786 19.592051 -0.038202 0.045511 -0.173147
    25 0.683151 2.877354 14.167051 -0.738005 -0.163353 1.424639
    26 0.144936 -0.145374 7.579252 -0.663634 -0.159857 0.057190
    27 0.091660 -0.906685 4.702850 -0.497395 -0.078532 0.017992
    28 0.506271 8.500866 13.617253 -0.591308 -0.068791 1.307734
    29 -0.384987 -0.460049 7.003448 -0.408078 -0.291314 0.102128
    30 0.561516 -0.596954 5.061852 -0.227883 -0.111343 0.014755
    31 -2.452171 -8.899406 11.597897 -1.090884 -0.145349 1.506498
    32 0.680496 -0.903999 6.074253 -0.917886 0.102922 0.014383
    33 0.245514 -0.661150 3.388004 -0.770230 0.109717 -0.041909
    34 -0.717484 -3.784271 13.043911 -0.979347 -0.126082 1.477618
    35 1.099216 -1.407745 8.017889 -0.878411 0.003749 0.004122
    36 0.068439 -0.807653 3.686054 -0.562230 0.003085 0.002852
    37 -4.004929 6.172707 4.754754 0.488450 0.874032 -3.127539
    38 0.158352 -1.149811 5.804394 -0.533526 -0.251085 0.181559
    39 -1.083523 -1.463142 5.544399 -0.450997 -0.109115 0.016044
    40 -6.289886 0.932434 13.569063 -0.126803 0.612110 2.869610
    41 1.327774 -0.766687 12.396328 0.022673 -0.016799 0.228519
    42 -0.096140 1.828087 23.185329 -0.062488 -0.052026 -1.570683
    43 2.325478 -0.000003 6.169296 -0.042931 0.009745 1.682204
    44 0.000000 -3.152912 0.122169 1.961017 0.000000 0.000000
    45 1.068383 -10.478592 7.066338 0.292219 -1.282324 -3.141588
    46 0.000000 0.000000 2.279457 0.547137 -0.343566 0.107833
    47 2.479414 -8.323895 6.074242 -0.002031 -0.061642 1.728060
    48 0.000003 -5.075260 5.527250 0.000000 0.000000 0.000000
    49 -1.068383 -10.478611 7.065971 0.292219 1.282324 3.141588
    50 -0.000488 0.000015 2.279600 0.547136 0.343566 0.107835
    51 -2.479401 -8.323895 6.074234 0.015080 -0.064751 1.734252
    52 -5.790000 4.432083 14.255558 -5.090557 1.441861 -1.825090
    53 1.044540 -2.839314 19.743252 -0.171252 1.124410 -0.110198
    54 -2.655510 -1.533379 24.792648 -0.570214 -0.074013 -0.022282
    55 -1.120216 -0.154385 9.795983 -0.012110 -0.001037 0.105326
    56 -2.240372 -0.308788 19.592047 -0.128225 0.029707 0.197205
    57 -0.683205 2.877342 14.167089 -0.502623 0.183763 -1.422236
    58 -0.144958 -0.145317 7.579308 -0.498228 0.142106 0.024320
    59 -0.038551 -0.936644 4.697678 -0.333670 0.057750 -0.005159
    60 -0.506317 8.500896 13.617329 -0.344099 0.142133 -1.347642
    61 0.385056 -0.460075 7.003435 -0.349235 0.286156 0.061104
    62 -0.456360 -0.710276 5.057732 -0.171463 0.102919 -0.000510
    63 2.452194 -8.899408 11.597939 -0.727138 0.085846 -1.458297
    64 -0.680515 -0.903999 6.074242 -0.522421 -0.064623 -0.022547
    65 -0.248295 -0.666843 3.386627 -0.319002 -0.093348 0.011188
    66 0.717491 -3.784309 13.044010 -0.676974 0.117129 -1.439082
    67 -1.099228 -1.407673 8.017876 -0.604535 0.008711 0.001626
    68 -0.064053 -0.807640 3.686100 -0.236953 0.009091 -0.005137
    69 4.004906 6.172710 4.754800 -0.019122 -0.597020 -2.447524
    70 -0.158381 -1.149773 5.804405 -0.400778 0.253541 0.228150
    71 1.078559 -2.386406 5.215008 -0.311272 0.128264 0.068201
    72 6.289963 0.932404 13.569109 -0.126801 -0.612098 -2.869612
    73 -1.327759 -0.766682 12.396324 0.003802 0.002274 -0.035896
    74 0.000017 -54.999996 0.000000 0.000000 0.000000 -1.570796
  time 37
    0 0.000000 0.000000 -1.500000 0.000000 0.000000 0.000000
    1 -10.521344 -5.760963 66.994621 3.097005 -0.050653 -3.139334
    2 -5.257602 4.000776 4.815519 -0.086391 0.232825 0.274118
    3 -0.000034 0.000012 24.761454 -0.578409 -0.067211 0.464844
    4 0.000017 0.000000 24.344809 1.476764 -0.248728 -0.066858
    5 0.002333 -1.019846 24.031336 0.389660 -0.042710 0.017201
    6 0.000034 0.000008 13.404741 -0.000001 -0.000009 0.222469
    7 10.398263 -5.760962 66.994675 3.097005 0.050653 3.139334
    8 -4.105760 -1.212777 3.878275 0.425390 -0.180338 0.211959
    9 -0.000004 -0.000006 24.761459 -0.783478 0.090983 -0.112550
    10 -0.000007 0.000004 24.344891 1.326442 0.098239 0.010371
    11 -0.002360 -1.019903 24.031330 0.389594 -0.042695 -0.017219
    12 0.000000 -0.000002 13.404737 0.000001 0.000005 -0.044550
    13 -0.061540 -5.245835 72.927078 0.000000 0.000000 0.000000
    14 4.634278 2.170497 -4.376608 -0.086911 -0.019593 -0.241358
    15 0.000000 -0.005608 -1.146812 -0.003823 -0.035609 -0.016215
    16 0.030770 -0.240000 8.906021 -0.004138 0.000000 0.000000
    17 -0.039040 -0.542129 -0.039462 0.084096 -0.017338 0.079594
    18 0.030770 -0.276858 8.905140 0.056125 0.004134 -0.000049
    19 0.100300 -0.085064 0.010544 0.053548 0.031516 0.007705
    20 5.669724 4.435303 14.302868 2.808402 -1.503542 0.562646
    21 -1.044571 -2.839317 19.743267 -0.093751 -1.273387 0.059120
    22 2.655533 -1.533369 24.792658 -0.058460 0.046728 0.304907
    23 1.120163 -0.154394 9.796035 -0.010156 0.000925 -0.088405
    24 2.240311 -0.308786 19.592051 -0.064792 0.033493 -0.171802
    25 0.683151 2.877354 14.167051 -0.738005 -0.163353 1.424639
    26 0.144936 -0.145374 7.579252 -0.663634 -0.159857 0.057190
    27 0.091660 -0.906685 4.702850 -0.497395 -0.078532 0.017992
    28 0.506271 8.500866 13.617253 -0.591308 -0.068791 1.307734
    29 -0.384987 -0.460049 7.003448 -0.408078 -0.291314 0.102116
    30 0.561516 -0.596954 5.061852 -0.227883 -0.111343 0.014755
    31 -2.452171 -8.899406 11.597897 -1.090884 -0.145349 1.506498
    32 0.680496 -0.903999 6.074253 -0.917886 0.102922 0.014383
    33 0.245514 -0.661150 3.388004 -0.770230 0.109717 -0.041909
    34 -0.717484 -3.784271 13.043911 -0.979347 -0.126082 1.477618
    35 1.099216 -1.407745 8.017889 -0.878411 0.003749 0.004122
    36 0.068439 -0.807653 3.686054 -0.562230 0.003085 0.002852
    37 -4.004929 6.172707 4.754754 0.488450 0.874032 -3.127539
    38 0.158352 -1.149811 5.804394 -0.533526 -0.251085 0.181559
    39 -1.083523 -1.463142 5.544399 -0.450997 -0.109115 0.016044
    40 -6.289886 0.932434 13.569063 -0.126803 0.612110 2.869610
    41 1.327774 -0.766687 12.396328 0.020312 -0.014654 0.202859
    42 -0.096140 1.828087 23.185329 -0.055725 -0.052026 -1.570683
    43 2.325478 -0.000003 6.169296 -0.038108 0.003885 1.699725
    44 0.000000 -3.152912 0.122169 1.961017 0.000000 0.000000
    45 1.068383 -10.478592 7.066338 0.292219 -1.282324 -3.141588
    46 0.000000 0.000000 2.279457 0.547137 -0.343566 0.107833
    47 2.479414 -8.323895 6.074242 -0.002820 -0.059858 1.710009
    48 0.000003 -5.075260 5.578033 0.000000 0.000000 0.000000
    49 -1.068383 -10.478611 7.065971 0.292219 1.282324 3.141588
    50 -0.000488 0.000015 2.279600 0.547136 0.343566 0.107835
    51 -2.479401 -8.323895 6.074234 0.014357 -0.062436 1.716241
    52 -5.790000 4.432083 14.255558 -4.771639 1.477749 -1.561598
    53 1.044540 -2.839314 19.743252 -0.273048 1.149594 -0.177093
    54 -2.655510 -1.533379 24.792648 -0.563369 -0.076097 0.018537
    55 -1.120216 -0.154385 9.795983 -0.010959 -0.001001 0.095206
    56 -2.240372 -0.308788 19.592047 -0.116770 0.033271 0.178475
    57 -0.683205 2.877342 14.167089 -0.526778 0.183166 -1.422723
    58 -0.144958 -0.145317 7.579308 -0.514303 0.145965 0.022942
    59 -0.038551 -0.936644 4.697678 -0.349499 0.061753 -0.005902
    60 -0.506317 8.500896 13.617329 -0.367329 0.137956 -1.344182
    61 0.385056 -0.460075 7.003435 -0.354933 0.289045 0.059941
    62 -0.456360 -0.710276 5.057732 -0.176855 0.106067 -0.000826
    63 2.452194 -8.899408 11.597939 -0.763759 0.087217 -1.462134
    64 -0.680515 -0.903999 6.074242 -0.559341 -0.069058 -0.023806
    65 -0.248295 -0.666843 3.386627 -0.360883 -0.096428 0.013621
    66 0.717491 -3.784309 13.044010 -0.707911 0.117057 -1.443112
    67 -1.099228 -1.407673 8.017876 -0.630704 0.007813 0.001530
    68 -0.064053 -0.807640 3.686100 -0.267678 0.008049 -0.005484
    69 4.004906 6.172710 4.754800 -0.019950 -0.636619 -2.455628
    70 -0.158381 -1.149773 5.804405 -0.411556 0.261181 0.230553
    71 1.078559 -2.386406 5.215008 -0.322165 0.135248 0.072220
    72 6.289963 0.932404 13.569109 -0.126801 -0.612098 -2.869612
    73 -1.327759 -0.766682 12.396324 0.001033 0.000609 -0.009803
    74 0.000017 -54.999996 0.000000 0.000000 0.000000 -1.570796
  time 38
    0 0.000000 0.000000 -1.500000 0.000000 0.000000 0.000000
    1 -10.521344 -5.760963 66.994621 3.097005 -0.050653 -3.139334
    2 -5.308384 4.258593 4.770670 -0.071156 0.236722 0.304701
    3 -0.000034 0.000012 24.761454 -0.585198 -0.068002 0.437278
    4 0.000017 0.000000 24.344809 1.475223 -0.245310 -0.066447
    5 0.002333 -1.019846 24.031336 0.389660 -0.042710 0.017201
    6 0.000034 0.000008 13.404741 -0.000001 -0.000009 0.208695
    7 10.398263 -5.760962 66.994675 3.097005 0.050653 3.139334
    8 -4.012008 -1.512522 3.900755 0.415579 -0.190983 0.235806
    9 -0.000004 -0.000006 24.761459 -0.786503 0.091319 -0.136594
    10 -0.000007 0.000004 24.344891 1.334961 0.099306 0.010791
    11 -0.002360 -1.019903 24.031330 0.389594 -0.042695 -0.017219
    12 0.000000 -0.000002 13.404737 0.000001 0.000005 -0.056122
    13 -0.061540 -5.245835 72.927078 0.000000 0.000000 0.000000
    14 4.673342 2.170497 -4.376608 -0.092032 -0.019593 -0.270544
    15 0.000000 -0.005608 -1.146812 -0.004397 -0.031719 -0.014449
    16 0.030770 -0.240000 8.906021 -0.004138 0.000000 0.000000
    17 -0.046853 -0.729635 -0.058994 0.115978 -0.022288 0.080552
    18 0.030770 -0.276858 8.905140 0.056125 0.004134 -0.000049
    19 0.131551 -0.038188 0.010544 0.043861 0.042069 0.006495
    20 5.669724 4.435303 14.302868 2.828213 -1.496424 0.533129
    21 -1.044571 -2.839317 19.743267 -0.183226 -1.237850 0.123813
    22 2.655533 -1.533369 24.792658 -0.065620 0.049879 0.268595
    23 1.120163 -0.154394 9.796035 -0.010276 0.000925 -0.089405
    24 2.240311 -0.308786 19.592051 -0.091947 0.021015 -0.170259
    25 0.683151 2.877354 14.167051 -0.738060 -0.163353 1.424639
    26 0.144936 -0.145374 7.579252 -0.663634 -0.159857 0.057190
    27 0.091660 -0.906685 4.702850 -0.497395 -0.078532 0.017992
    28 0.506271 8.500866 13.617253 -0.591308 -0.068791 1.307734
    29 -0.384987 -0.460049 7.003448 -0.408078 -0.291314 0.102128
    30 0.561516 -0.596954 5.061852 -0.227847 -0.111343 0.014755
    31 -2.452171 -8.899406 11.597897 -1.090884 -0.145349 1.506498
    32 0.680496 -0.903999 6.074253 -0.917886 0.102922 0.014383
    33 0.245514 -0.661150 3.388004 -0.770230 0.109717 -0.041909
    34 -0.717484 -3.784271 13.043911 -0.979347 -0.126082 1.477618
    35 1.099216 -1.407745 8.017889 -0.878411 0.003749 0.004122
    36 0.068439 -0.807653 3.686054 -0.562230 0.003085 0.002852
    37 -4.004929 6.172707 4.754754 0.488450 0.874032 -3.127539
    38 0.158352 -1.149811 5.804394 -0.533526 -0.251100 0.181559
    39 -1.083523 -1.463142 5.544399 -0.450997 -0.109115 0.016044
    40 -6.289886 0.932434 13.569063 -0.126803 0.612110 2.869610
    41 1.327774 -0.766687 12.396328 0.017855 -0.012545 0.176596
    42 -0.096140 1.828087 23.185329 -0.048928 -0.052026 -1.570683
    43 2.325478 -0.000003 6.169296 -0.033285 -0.002163 1.717846
    44 0.000000 -3.152912 0.122169 1.961017 0.000000 0.000000
    45 1.068383 -10.478592 7.066338 0.292219 -1.282324 -3.141588
    46 0.000000 0.000000 2.279457 0.547137 -0.343566 0.107833
    47 2.479414 -8.323895 6.074242 -0.003581 -0.057745 1.691194
    48 0.000003 -5.075260 5.617096 0.000000 0.000000 0.000000
    49 -1.068383 -10.478611 7.065971 0.292219 1.282324 3.141588
    50 -0.000488 0.000015 2.279600 0.547136 0.343566 0.107835
    51 -2.479401 -8.323895 6.074234 0.013634 -0.059837 1.697654
    52 -5.790000 4.432083 14.255558 -4.331652 1.501217 -1.169809
    53 1.044540 -2.839314 19.743252 -0.351022 1.147771 -0.227006
    54 -2.655510 -1.533379 24.792648 -0.556978 -0.076576 0.031789
    55 -1.120216 -0.154385 9.795983 -0.010504 -0.000965 0.091316
    56 -2.240372 -0.308788 19.592047 -0.108675 0.028866 0.171687
    57 -0.683205 2.877342 14.167089 -0.550883 0.182410 -1.423210
    58 -0.144958 -0.145317 7.579308 -0.530324 0.149800 0.021516
    59 -0.038551 -0.936644 4.697678 -0.365377 0.065756 -0.006729
    60 -0.506317 8.500896 13.617329 -0.391012 0.133520 -1.340722
    61 0.385056 -0.460075 7.003435 -0.360372 0.291814 0.058807
    62 -0.456360 -0.710276 5.057732 -0.182005 0.109021 -0.001142
    63 2.452194 -8.899408 11.597939 -0.800459 0.088983 -1.465876
    64 -0.680515 -0.903999 6.074242 -0.597123 -0.073612 -0.024884
    65 -0.248295 -0.666843 3.386627 -0.403930 -0.099460 0.016270
    66 0.717491 -3.784309 13.044010 -0.738898 0.117033 -1.447081
    67 -1.099228 -1.407673 8.017876 -0.657322 0.006914 0.001459
    68 -0.064053 -0.807640 3.686100 -0.299021 0.006946 -0.005820
    69 4.004906 6.172710 4.754800 -0.020854 -0.676554 -2.464470
    70 -0.158381 -1.149773 5.804405 -0.422613 0.269012 0.232956
    71 1.078559 -2.386406 5.215008 -0.333201 0.142324 0.076166
    72 6.289963 0.932404 13.569109 -0.126801 -0.612098 -2.869612
    73 -1.327759 -0.766682 12.396324 -0.000489 -0.000278 0.004539
    74 0.000017 -54.999996 0.000000 0.000000 0.000000 -1.570796
  time 39
    0 0.000000 0.000000 -1.500000 0.000000 0.000000 0.000000
    1 -10.521344 -5.760963 66.994621 3.097005 -0.050653 -3.139334
    2 -5.374793 4.528686 4.748246 -0.055238 0.240063 0.336376
    3 -0.000034 0.000012 24.761454 -0.591946 -0.068793 0.408938
    4 0.000017 0.000000 24.344809 1.473312 -0.241892 -0.065993
    5 0.002333 -1.019846 24.031336 0.389660 -0.042710 0.017201
    6 0.000034 0.000008 13.404741 -0.000001 -0.000009 0.194499
    7 10.398263 -5.760962 66.994675 3.097005 0.050653 3.139334
    8 -3.910442 -1.824756 3.900755 0.404830 -0.201810 0.260726
    9 -0.000004 -0.000006 24.761459 -0.788868 0.091607 -0.161680
    10 -0.000007 0.000004 24.344891 1.343352 0.100550 0.011338
    11 -0.002360 -1.019903 24.031330 0.389594 -0.042695 -0.017219
    12 0.000000 -0.000002 13.404737 0.000001 0.000005 -0.068188
    13 -0.061540 -5.245835 72.927078 0.000000 0.000000 0.000000
    14 4.716312 2.170497 -4.376608 -0.096961 -0.019558 -0.300570
    15 0.000000 -0.005608 -1.146812 -0.004876 -0.027782 -0.012764
    16 0.030770 -0.240000 8.906021 -0.004138 0.000000 0.000000
    17 -0.050760 -0.928860 -0.086338 0.149269 -0.027555 0.081191
    18 0.030770 -0.276858 8.905140 0.056125 0.004134 -0.000049
    19 0.162802 0.012595 0.010544 0.033889 0.053486 0.004972
    20 5.669724 4.435303 14.302868 2.842569 -1.489307 0.509075
    21 -1.044571 -2.839317 19.743267 -0.255091 -1.198294 0.170796
    22 2.655533 -1.533369 24.792658 -0.072954 0.052915 0.232445
    23 1.120163 -0.154394 9.796035 -0.010396 0.000937 -0.090371
    24 2.240311 -0.308786 19.592051 -0.119364 0.008260 -0.168439
    25 0.683151 2.877354 14.167051 -0.738005 -0.163353 1.424639
    26 0.144936 -0.145374 7.579252 -0.663634 -0.159857 0.057190
    27 0.091660 -0.906685 4.702850 -0.497395 -0.078532 0.017992
    28 0.506271 8.500866 13.617253 -0.591308 -0.068791 1.307734
    29 -0.384987 -0.460049 7.003448 -0.408078 -0.291326 0.102116
    30 0.561516 -0.596954 5.061852 -0.227918 -0.111343 0.014755
    31 -2.452171 -8.899406 11.597897 -1.090884 -0.145349 1.506498
    32 0.680496 -0.903999 6.074253 -0.917886 0.102922 0.014383
    33 0.245514 -0.661150 3.388004 -0.770230 0.109717 -0.041909
    34 -0.717484 -3.784271 13.043911 -0.979347 -0.126082 1.477618
    35 1.099216 -1.407745 8.017889 -0.878411 0.003749 0.004122
    36 0.068439 -0.807653 3.686054 -0.562230 0.003085 0.002852
    37 -4.004929 6.172707 4.754754 0.488450 0.874032 -3.127539
    38 0.158352 -1.149811 5.804394 -0.533526 -0.251085 0.181559
    39 -1.083523 -1.463142 5.544399 -0.450997 -0.109115 0.016044
    40 -6.289886 0.932434 13.569063 -0.126803 0.612110 2.869610
    41 1.327774 -0.766687 12.396328 0.015374 -0.010495 0.150735
    42 -0.096140 1.828087 23.185329 -0.042182 -0.052026 -1.570683
    43 2.325478 -0.000003 6.169296 -0.028558 -0.008283 1.736245
    44 0.000000 -3.152912 0.122169 1.961017 0.000000 0.000000
    45 1.068383 -10.478592 7.066338 0.292219 -1.282324 -3.141588
    46 0.000000 0.000000 2.279457 0.547137 -0.343566 0.107833
    47 2.479414 -8.323895 6.074242 -0.004369 -0.055397 1.672188
    48 0.000003 -5.075260 5.652254 0.000000 0.000000 0.000000
    49 -1.068383 -10.478611 7.065971 0.292219 1.282324 3.141588
    50 -0.000488 0.000015 2.279600 0.547136 0.343566 0.107835
    51 -2.479401 -8.323895 6.074234 0.012871 -0.057144 1.678588
    52 -5.790000 4.432083 14.255558 -3.832425 1.504997 -0.711237
    53 1.044540 -2.839314 19.743252 -0.400946 1.141072 -0.257569
    54 -2.655510 -1.533379 24.792648 -0.553002 -0.076731 0.037393
    55 -1.120216 -0.154385 9.795983 -0.009749 -0.000953 0.085059
    56 -2.240372 -0.308788 19.592047 -0.099358 0.024707 0.160345
    57 -0.683205 2.877342 14.167089 -0.574790 0.181375 -1.423710
    58 -0.144958 -0.145317 7.579308 -0.546345 0.153587 0.020006
    59 -0.038551 -0.936644 4.697678 -0.381156 0.069711 -0.007580
    60 -0.506317 8.500896 13.617329 -0.414695 0.128616 -1.337398
    61 0.385056 -0.460075 7.003435 -0.365595 0.294480 0.057705
    62 -0.456360 -0.710276 5.057732 -0.186912 0.111867 -0.001405
    63 2.452194 -8.899408 11.597939 -0.836802 0.091399 -1.469713
    64 -0.680515 -0.903999 6.074242 -0.635499 -0.078286 -0.025819
    65 -0.248295 -0.666843 3.386627 -0.447601 -0.102444 0.019086
    66 0.717491 -3.784309 13.044010 -0.769536 0.117141 -1.450925
    67 -1.099228 -1.407673 8.017876 -0.684109 0.005991 0.001399
    68 -0.064053 -0.807640 3.686100 -0.330702 0.005832 -0.006083
    69 4.004906 6.172710 4.754800 -0.021456 -0.716300 -2.473966
    70 -0.158381 -1.149773 5.804405 -0.433670 0.276871 0.235212
    71 1.078559 -2.386406 5.215008 -0.344381 0.149523 0.080112
    72 6.289963 0.932404 13.569109 -0.126801 -0.612098 -2.869612
    73 -1.327759 -0.766682 12.396324 -0.001388 -0.000818 0.013191
    74 0.000017 -54.999996 0.000000 0.000000 0.000000 -1.570796
  time 40
    0 0.000000 0.000000 -1.500000 0.000000 0.000000 0.000000
    1 -10.521344 -5.760963 66.994621 3.097005 -0.050653 -3.139334
    2 -5.449014 4.798780 4.703397 -0.039251 0.242790 0.368401
    3 -0.000034 0.000012 24.761454 -0.598450 -0.069536 0.380436
    4 0.000017 0.000000 24.344809 1.471031 -0.238497 -0.065518
    5 0.002333 -1.019846 24.031336 0.389660 -0.042698 0.017213
    6 0.000034 0.000008 13.404741 -0.000001 -0.000009 0.180240
    7 10.398263 -5.760962 66.994675 3.097005 0.050653 3.139334
    8 -3.793251 -2.124501 3.923235 0.393313 -0.212528 0.286306
    9 -0.000004 -0.000006 24.761459 -0.790737 0.091810 -0.187088
    10 -0.000007 0.000004 24.344891 1.351484 0.102061 0.011989
    11 -0.002360 -1.019903 24.031330 0.389594 -0.042695 -0.017219
    12 0.000000 -0.000002 13.404737 0.000001 0.000005 -0.080447
    13 -0.061540 -5.245835 72.927078 0.000000 0.000000 0.000000
    14 4.759282 2.170497 -4.376608 -0.101537 -0.019541 -0.331018
    15 0.000000 -0.005608 -1.146812 -0.005259 -0.023798 -0.011188
    16 0.030770 -0.240000 8.906021 -0.004138 0.000000 0.000000
    17 -0.058572 -1.124178 -0.121496 0.183255 -0.033075 0.081470
    18 0.030770 -0.276858 8.905140 0.056125 0.004134 -0.000049
    19 0.194053 0.059471 0.014450 0.023916 0.065500 0.003127
    20 5.669724 4.435303 14.302868 2.853001 -1.482330 0.489237
    21 -1.044571 -2.839317 19.743267 -0.311349 -1.156286 0.202747
    22 2.655533 -1.533369 24.792658 -0.080375 0.055797 0.197266
    23 1.120163 -0.154394 9.796035 -0.010504 0.000937 -0.091268
    24 2.240311 -0.308786 19.592051 -0.146433 -0.004448 -0.166461
    25 0.683151 2.877354 14.167051 -0.738005 -0.163353 1.424639
    26 0.144936 -0.145374 7.579252 -0.663634 -0.159857 0.057190
    27 0.091660 -0.906685 4.702850 -0.497395 -0.078532 0.017992
    28 0.506271 8.500866 13.617253 -0.591308 -0.068791 1.307734
    29 -0.384987 -0.460049 7.003448 -0.408078 -0.291326 0.102116
    30 0.561516 -0.596954 5.061852 -0.227918 -0.111343 0.014755
    31 -2.452171 -8.899406 11.597897 -1.090884 -0.145349 1.506498
    32 0.680496 -0.903999 6.074253 -0.917886 0.102922 0.014383
    33 0.245514 -0.661150 3.388004 -0.770230 0.109717 -0.041909
    34 -0.717484 -3.784271 13.043911 -0.979347 -0.126082 1.477618
    35 1.099216 -1.407745 8.017889 -0.878411 0.003749 0.004122
    36 0.068439 -0.807653 3.686054 -0.562230 0.003085 0.002852
    37 -4.004929 6.172707 4.754754 0.488450 0.874032 -3.127539
    38 0.158352 -1.149811 5.804394 -0.533569 -0.251085 0.181559
    39 -1.083523 -1.463142 5.544399 -0.450997 -0.109115 0.016044
    40 -6.289886 0.932434 13.569063 -0.126803 0.612110 2.869610
    41 1.327774 -0.766687 12.396328 0.012929 -0.008590 0.125727
    42 -0.096140 1.828087 23.185329 -0.035556 -0.052026 -1.570683
    43 2.325478 -0.000003 6.169296 -0.023926 -0.014418 1.754685
    44 0.000000 -3.152912 0.122169 1.961017 0.000000 0.000000
    45 1.068383 -10.478592 7.066338 0.292219 -1.282324 -3.141588
    46 0.000000 0.000000 2.279457 0.547137 -0.343566 0.107833
    47 2.479414 -8.323895 6.074242 -0.005185 -0.053049 1.652991
    48 0.000003 -5.075260 5.691317 0.000000 0.000000 0.000000
    49 -1.068383 -10.478611 7.065971 0.292219 1.282324 3.141588
    50 -0.000488 0.000015 2.279600 0.547136 0.343566 0.107835
    51 -2.479401 -8.323895 6.074234 0.012108 -0.054214 1.659619
    52 -5.790000 4.432083 14.255558 -3.480723 1.495942 -0.393226
    53 1.044540 -2.839314 19.743252 -0.425657 1.130600 -0.270714
    54 -2.655510 -1.533379 24.792648 -0.551342 -0.076679 0.037923
    55 -1.120216 -0.154385 9.795983 -0.008874 -0.000881 0.076979
    56 -2.240372 -0.308788 19.592047 -0.088743 0.021143 0.145395
    57 -0.683205 2.877342 14.167089 -0.598103 0.180122 -1.424185
    58 -0.144958 -0.145317 7.579308 -0.562038 0.157302 0.018472
    59 -0.038551 -0.936644 4.697678 -0.396738 0.073594 -0.008551
    60 -0.506317 8.500896 13.617329 -0.438378 0.123194 -1.333983
    61 0.385056 -0.460075 7.003435 -0.370559 0.296973 0.056648
    62 -0.456360 -0.710276 5.057732 -0.191624 0.114605 -0.001757
    63 2.452194 -8.899408 11.597939 -0.872348 0.094652 -1.473598
    64 -0.680515 -0.903999 6.074242 -0.673658 -0.082972 -0.026574
    65 -0.248295 -0.666843 3.386627 -0.491231 -0.105297 0.021962
    66 0.717491 -3.784309 13.044010 -0.799427 0.117429 -1.454658
    67 -1.099228 -1.407673 8.017876 -0.710727 0.005068 0.001375
    68 -0.064053 -0.807640 3.686100 -0.362214 0.004717 -0.006395
    69 4.004906 6.172710 4.754800 -0.021908 -0.755294 -2.484363
    70 -0.158381 -1.149773 5.804405 -0.444553 0.284729 0.237439
    71 1.078559 -2.386406 5.215008 -0.355321 0.156721 0.083948
    72 6.289963 0.932404 13.569109 -0.126801 -0.612098 -2.869612
    73 -1.327759 -0.766682 12.396324 -0.001927 -0.001069 0.017586
    74 0.000017 -54.999996 0.000000 0.000000 0.000000 -1.570796
  time 41
    0 0.000000 0.000000 -1.500000 0.000000 0.000000 0.000000
    1 -10.521344 -5.760963 66.994621 3.097005 -0.050653 -3.139334
    2 -5.531047 5.068874 4.658548 -0.022991 0.244822 0.400033
    3 -0.000034 0.000012 24.761454 -0.604507 -0.070231 0.352218
    4 0.000017 0.000000 24.344809 1.468257 -0.235215 -0.065021
    5 0.002333 -1.019846 24.031336 0.389660 -0.042710 0.017213
    6 0.000034 0.000008 13.404741 -0.000001 -0.000009 0.166086
    7 10.398263 -5.760962 66.994675 3.097005 0.050653 3.139334
    8 -3.672153 -2.424246 3.945715 0.381455 -0.222917 0.312134
    9 -0.000004 -0.000006 24.761459 -0.792002 0.091954 -0.212497
    10 -0.000007 0.000004 24.344891 1.359228 0.103750 0.012725
    11 -0.002360 -1.019903 24.031330 0.389594 -0.042695 -0.017219
    12 0.000000 -0.000002 13.404737 0.000001 0.000005 -0.092663
    13 -0.061540 -5.245835 72.927078 0.000000 0.000000 0.000000
    14 4.802252 2.170497 -4.376608 -0.105922 -0.019541 -0.361104
    15 0.000000 -0.005608 -1.146812 -0.005546 -0.019861 -0.009802
    16 0.030770 -0.240000 8.906021 -0.004138 0.000000 0.000000
    17 -0.074198 -1.327310 -0.156653 0.217262 -0.038683 0.081470
    18 0.030770 -0.276858 8.905140 0.056125 0.004134 -0.000049
    19 0.225304 0.110254 0.014450 0.014122 0.077720 0.000970
    20 5.669724 4.435303 14.302868 2.860274 -1.475565 0.472754
    21 -1.044571 -2.839317 19.743267 -0.354644 -1.113182 0.222770
    22 2.655533 -1.533369 24.792658 -0.087709 0.058410 0.163623
    23 1.120163 -0.154394 9.796035 -0.010600 0.000949 -0.092165
    24 2.240311 -0.308786 19.592051 -0.172979 -0.017065 -0.164364
    25 0.683151 2.877354 14.167051 -0.738005 -0.163353 1.424639
    26 0.144936 -0.145374 7.579252 -0.663634 -0.159857 0.057190
    27 0.091660 -0.906685 4.702850 -0.497395 -0.078532 0.017992
    28 0.506271 8.500866 13.617253 -0.591308 -0.068791 1.307734
    29 -0.384987 -0.460049 7.003448 -0.408078 -0.291326 0.102128
    30 0.561516 -0.596954 5.061852 -0.227847 -0.111343 0.014755
    31 -2.452171 -8.899406 11.597897 -1.090884 -0.145349 1.506498
    32 0.680496 -0.903999 6.074253 -0.917886 0.102922 0.014383
    33 0.245514 -0.661150 3.388004 -0.770230 0.109717 -0.041909
    34 -0.717484 -3.784271 13.043911 -0.979347 -0.126082 1.477618
    35 1.099216 -1.407745 8.017889 -0.878411 0.003749 0.004122
    36 0.068439 -0.807653 3.686054 -0.562230 0.003085 0.002852
    37 -4.004929 6.172707 4.754754 0.488450 0.874032 -3.127539
    38 0.158352 -1.149811 5.804394 -0.533526 -0.251085 0.181559
    39 -1.083523 -1.463142 5.544399 -0.450997 -0.109115 0.016044
    40 -6.289886 0.932434 13.569063 -0.126803 0.612110 2.869610
    41 1.327774 -0.766687 12.396328 0.010592 -0.006864 0.102176
    42 -0.096140 1.828087 23.185329 -0.029187 -0.052026 -1.570683
    43 2.325478 -0.000003 6.169296 -0.019581 -0.020524 1.772686
    44 0.000000 -3.152912 0.122169 1.961017 0.000000 0.000000
    45 1.068383 -10.478592 7.066338 0.292219 -1.282324 -3.141588
    46 0.000000 0.000000 2.279457 0.547137 -0.343566 0.107833
    47 2.479414 -8.323895 6.074242 -0.005946 -0.050560 1.634271
    48 0.000003 -5.075260 5.718662 0.000000 0.000000 0.000000
    49 -1.068383 -10.478611 7.065971 0.292219 1.282324 3.141588
    50 -0.000488 0.000015 2.279600 0.547136 0.343566 0.107835
    51 -2.479401 -8.323895 6.074234 0.011344 -0.051285 1.640841
    52 -5.790000 4.432083 14.255558 -3.296197 1.482941 -0.235802
    53 1.044540 -2.839314 19.743252 -0.429219 1.116821 -0.269516
    54 -2.655510 -1.533379 24.792648 -0.551744 -0.076576 0.035424
    55 -1.120216 -0.154385 9.795983 -0.007771 -0.000809 0.067539
    56 -2.240372 -0.308788 19.592047 -0.077670 0.018222 0.127782
    57 -0.683205 2.877342 14.167089 -0.620624 0.178570 -1.424570
    58 -0.144958 -0.145317 7.579308 -0.577350 0.160910 0.016914
    59 -0.038551 -0.936644 4.697678 -0.411926 0.077381 -0.009497
    60 -0.506317 8.500896 13.617329 -0.461608 0.117279 -1.330568
    61 0.385056 -0.460075 7.003435 -0.375264 0.299364 0.055638
    62 -0.456360 -0.710276 5.057732 -0.196094 0.117171 -0.002072
    63 2.452194 -8.899408 11.597939 -0.906899 0.098811 -1.477602
    64 -0.680515 -0.903999 6.074242 -0.711225 -0.087610 -0.027150
    65 -0.248295 -0.666843 3.386627 -0.534194 -0.107957 0.024982
    66 0.717491 -3.784309 13.044010 -0.828372 0.117920 -1.458242
    67 -1.099228 -1.407673 8.017876 -0.736728 0.004169 0.001363
    68 -0.064053 -0.807640 3.686100 -0.393164 0.003627 -0.006623
    69 4.004906 6.172710 4.754800 -0.022209 -0.792992 -2.495168
    70 -0.158381 -1.149773 5.804405 -0.455331 0.292423 0.239461
    71 1.078559 -2.386406 5.215008 -0.366118 0.163797 0.087602
    72 6.289963 0.932404 13.569109 -0.126801 -0.612098 -2.869612
    73 -1.327759 -0.766682 12.396324 -0.002059 -0.001153 0.018835
    74 0.000017 -54.999996 0.000000 0.000000 0.000000 -1.570796
  time 42
    0 0.000000 0.000000 -1.500000 0.000000 0.000000 0.000000
    1 -10.521344 -5.760963 66.994621 3.097005 -0.050653 -3.139334
    2 -5.620894 5.338968 4.613698 -0.007209 0.246158 0.430878
    3 -0.000034 0.000012 24.761454 -0.609995 -0.070866 0.324896
    4 0.000017 0.000000 24.344809 1.465236 -0.232182 -0.064524
    5 0.002333 -1.019846 24.031336 0.389660 -0.042698 0.017213
    6 0.000034 0.000008 13.404741 -0.000001 -0.000009 0.152418
    7 10.398263 -5.760962 66.994675 3.097005 0.050653 3.139334
    8 -3.543243 -2.699012 3.945715 0.369341 -0.232794 0.337467
    9 -0.000004 -0.000006 24.761459 -0.792772 0.092050 -0.237259
    10 -0.000007 0.000004 24.344891 1.366263 0.105594 0.013503
    11 -0.002360 -1.019903 24.031330 0.389594 -0.042695 -0.017219
    12 0.000000 -0.000002 13.404737 0.000001 0.000005 -0.104643
    13 -0.061540 -5.245835 72.927078 0.000000 0.000000 0.000000
    14 4.841315 2.170497 -4.331546 -0.109955 -0.019541 -0.390410
    15 0.000000 -0.005608 -1.146812 -0.005737 -0.016034 -0.008552
    16 0.030770 -0.240000 8.906021 -0.004138 0.000000 0.000000
    17 -0.078104 -1.522628 -0.199623 0.250511 -0.044267 0.081271
    18 0.030770 -0.276858 8.905140 0.056125 0.004134 -0.000049
    19 0.264368 0.157130 0.018356 0.004649 0.089960 -0.001415
    20 5.669724 4.435303 14.302868 2.865347 -1.469117 0.459242
    21 -1.044571 -2.839317 19.743267 -0.387714 -1.070235 0.233853
    22 2.655533 -1.533369 24.792658 -0.094826 0.060754 0.132164
    23 1.120163 -0.154394 9.796035 -0.010696 0.000949 -0.092958
    24 2.240311 -0.308786 19.592051 -0.198481 -0.029175 -0.162188
    25 0.683151 2.877354 14.167051 -0.738005 -0.163353 1.424639
    26 0.144936 -0.145374 7.579252 -0.663634 -0.159857 0.057190
    27 0.091660 -0.906685 4.702850 -0.497395 -0.078532 0.017992
    28 0.506271 8.500866 13.617253 -0.591308 -0.068791 1.307734
    29 -0.384987 -0.460049 7.003448 -0.408078 -0.291326 0.102128
    30 0.561516 -0.596954 5.061852 -0.227883 -0.111343 0.014755
    31 -2.452171 -8.899406 11.597897 -1.090884 -0.145349 1.506498
    32 0.680496 -0.903999 6.074253 -0.917886 0.102922 0.014383
    33 0.245514 -0.661150 3.388004 -0.770230 0.109717 -0.041909
    34 -0.717484 -3.784271 13.043911 -0.979347 -0.126082 1.477618
    35 1.099216 -1.407745 8.017889 -0.878411 0.003749 0.004122
    36 0.068439 -0.807653 3.686054 -0.562230 0.003085 0.002852
    37 -4.004929 6.172707 4.754754 0.488450 0.874032 -3.127539
    38 0.158352 -1.149811 5.804394 -0.533526 -0.251085 0.181559
    39 -1.083523 -1.463142 5.544399 -0.450997 -0.109115 0.016044
    40 -6.289886 0.932434 13.569063 -0.126803 0.612110 2.869610
    41 1.327774 -0.766687 12.396328 0.008399 -0.005306 0.080533
    42 -0.096140 1.828087 23.185329 -0.023109 -0.052026 -1.570683
    43 2.325478 -0.000003 6.169296 -0.015570 -0.026456 1.790048
    44 0.000000 -3.152912 0.122169 1.961017 0.000000 0.000000
    45 1.068383 -10.478592 7.066338 0.292219 -1.282324 -3.141588
    46 0.000000 0.000000 2.279457 0.547137 -0.343566 0.107833
    47 2.479414 -8.323895 6.074242 -0.006680 -0.048071 1.616124
    48 0.000003 -5.075260 5.757726 0.000000 0.000000 0.000000
    49 -1.068383 -10.478611 7.065971 0.292219 1.282324 3.141588
    50 -0.000488 0.000015 2.279600 0.547136 0.343566 0.107835
    51 -2.479401 -8.323895 6.074234 0.010601 -0.048355 1.622829
    52 -5.790000 4.432083 14.255558 -3.213760 1.470397 -0.174767
    53 1.044540 -2.839314 19.743252 -0.416251 1.100286 -0.257487
    54 -2.655510 -1.533379 24.792648 -0.553908 -0.076433 0.031411
    55 -1.120216 -0.154385 9.795983 -0.006573 -0.000713 0.057148
    56 -2.240372 -0.308788 19.592047 -0.066291 0.016044 0.108192
    57 -0.683205 2.877342 14.167089 -0.642106 0.176759 -1.424852
    58 -0.144958 -0.145317 7.579308 -0.592172 0.164325 0.015368
    59 -0.038551 -0.936644 4.697678 -0.426473 0.080976 -0.010468
    60 -0.506317 8.500896 13.617329 -0.484009 0.110767 -1.327199
    61 0.385056 -0.460075 7.003435 -0.379797 0.301582 0.054658
    62 -0.456360 -0.710276 5.057732 -0.200272 0.119586 -0.002353
    63 2.452194 -8.899408 11.597939 -0.939738 0.103922 -1.481749
    64 -0.680515 -0.903999 6.074242 -0.747876 -0.092104 -0.027533
    65 -0.248295 -0.666843 3.386627 -0.575534 -0.110438 0.027991
    66 0.717491 -3.784309 13.044010 -0.855821 0.118615 -1.461677
    67 -1.099228 -1.407673 8.017876 -0.762226 0.003294 0.001375
    68 -0.064053 -0.807640 3.686100 -0.422819 0.002560 -0.006778
    69 4.004906 6.172710 4.754800 -0.021983 -0.828893 -2.506384
    70 -0.158381 -1.149773 5.804405 -0.465726 0.299871 0.241395
    71 1.078559 -2.386406 5.215008 -0.376486 0.170628 0.091073
    72 6.289963 0.932404 13.569109 -0.126801 -0.612098 -2.869612
    73 -1.327759 -0.766682 12.396324 -0.001963 -0.001093 0.018049
    74 0.000017 -54.999996 0.000000 0.000000 0.000000 -1.570796
  time 43
    0 0.000000 0.000000 -1.500000 0.000000 0.000000 0.000000
    1 -10.521344 -5.760963 66.994621 3.097005 -0.050653 -3.139334
    2 -5.714647 5.596785 4.568849 0.007821 0.246854 0.460194
    3 -0.000034 0.000012 24.761454 -0.614995 -0.071441 0.298877
    4 0.000017 0.000000 24.344809 1.462092 -0.229398 -0.064027
    5 0.002333 -1.019846 24.031336 0.389585 -0.042710 0.017201
    6 0.000034 0.000008 13.404741 -0.000001 -0.000009 0.139403
    7 10.398263 -5.760962 66.994675 3.097005 0.050653 3.139334
    8 -3.414333 -2.973778 3.968195 0.357398 -0.241939 0.362222
    9 -0.000004 -0.000006 24.761459 -0.793047 0.092074 -0.261017
    10 -0.000007 0.000004 24.344891 1.372782 0.107572 0.014343
    11 -0.002360 -1.019903 24.031330 0.389594 -0.042695 -0.017219
    12 0.000000 -0.000002 13.404737 0.000001 0.000005 -0.116086
    13 -0.061540 -5.245835 72.927078 0.000000 0.000000 0.000000
    14 4.884285 2.170497 -4.331546 -0.113603 -0.019541 -0.418395
    15 0.000000 -0.005608 -1.146812 -0.005865 -0.012411 -0.007411
    16 0.030770 -0.240000 8.906021 -0.004138 0.000000 0.000000
    17 -0.085917 -1.710134 -0.242593 0.282414 -0.049635 0.080752
    18 0.030770 -0.276858 8.905140 0.056125 0.004134 -0.000049
    19 0.299525 0.204007 0.018356 -0.004323 0.101809 -0.003968
    20 5.669724 4.435303 14.302868 2.868601 -1.463092 0.448029
    21 -1.044571 -2.839317 19.743267 -0.412663 -1.028540 0.238450
    22 2.655533 -1.533369 24.792658 -0.101509 0.062829 0.103455
    23 1.120163 -0.154394 9.796035 -0.010779 0.000949 -0.093786
    24 2.240311 -0.308786 19.592051 -0.222590 -0.040686 -0.159933
    25 0.683151 2.877354 14.167051 -0.738005 -0.163353 1.424639
    26 0.144936 -0.145374 7.579252 -0.663634 -0.159857 0.057190
    27 0.091660 -0.906685 4.702850 -0.497395 -0.078532 0.017992
    28 0.506271 8.500866 13.617253 -0.591308 -0.068791 1.307734
    29 -0.384987 -0.460049 7.003448 -0.408078 -0.291314 0.102128
    30 0.561516 -0.596954 5.061852 -0.227847 -0.111343 0.014755
    31 -2.452171 -8.899406 11.597897 -1.090884 -0.145349 1.506498
    32 0.680496 -0.903999 6.074253 -0.917886 0.102922 0.014383
    33 0.245514 -0.661150 3.388004 -0.770230 0.109717 -0.041909
    34 -0.717484 -3.784271 13.043911 -0.979347 -0.126082 1.477618
    35 1.099216 -1.407745 8.017889 -0.878411 0.003749 0.004122
    36 0.068439 -0.807653 3.686054 -0.562230 0.003085 0.002852
    37 -4.004929 6.172707 4.754754 0.488450 0.874032 -3.127539
    38 0.158352 -1.149811 5.804394 -0.533526 -0.251085 0.181559
    39 -1.083523 -1.463142 5.544399 -0.450997 -0.109115 0.016044
    40 -6.289886 0.932434 13.569063 -0.126803 0.612110 2.869610
    41 1.327774 -0.766687 12.396328 0.006410 -0.003976 0.060999
    42 -0.096140 1.828087 23.185329 -0.017407 -0.052026 -1.570683
    43 2.325478 -0.000003 6.169296 -0.011893 -0.032128 1.806531
    44 0.000000 -3.152912 0.122169 1.961017 0.000000 0.000000
    45 1.068383 -10.478592 7.066338 0.292219 -1.282324 -3.141588
    46 0.000000 0.000000 2.279457 0.547137 -0.343566 0.107833
    47 2.479414 -8.323895 6.074242 -0.007414 -0.045676 1.599029
    48 0.000003 -5.075260 5.788977 0.000000 0.000000 0.000000
    49 -1.068383 -10.478611 7.065971 0.292219 1.282324 3.141588
    50 -0.000488 0.000015 2.279600 0.547136 0.343566 0.107835
    51 -2.479401 -8.323895 6.074234 0.009898 -0.045520 1.605679
    52 -5.790000 4.432083 14.255558 -3.189699 1.459514 -0.166815
    53 1.044540 -2.839314 19.743252 -0.391317 1.081589 -0.238355
    54 -2.655510 -1.533379 24.792648 -0.557481 -0.076317 0.026867
    55 -1.120216 -0.154385 9.795983 -0.005314 -0.000605 0.046293
    56 -2.240372 -0.308788 19.592047 -0.054683 0.014559 0.087571
    57 -0.683205 2.877342 14.167089 -0.662103 0.174709 -1.425031
    58 -0.144958 -0.145317 7.579308 -0.606013 0.167537 0.013858
    59 -0.038551 -0.936644 4.697678 -0.440230 0.084380 -0.011451
    60 -0.506317 8.500896 13.617329 -0.505429 0.103892 -1.323694
    61 0.385056 -0.460075 7.003435 -0.383941 0.303646 0.053739
    62 -0.456360 -0.710276 5.057732 -0.204158 0.121828 -0.002669
    63 2.452194 -8.899408 11.597939 -0.970786 0.109870 -1.486015
    64 -0.680515 -0.903999 6.074242 -0.782479 -0.096431 -0.027725
    65 -0.248295 -0.666843 3.386627 -0.615125 -0.112607 0.030963
    66 0.717491 -3.784309 13.044010 -0.881528 0.119550 -1.464902
    67 -1.099228 -1.407673 8.017876 -0.785762 0.002491 0.001411
    68 -0.064053 -0.807640 3.686100 -0.451518 0.001505 -0.006934
    69 4.004906 6.172710 4.754800 -0.021606 -0.862454 -2.517599
    70 -0.158381 -1.149773 5.804405 -0.475597 0.306908 0.243124
    71 1.078559 -2.386406 5.215008 -0.386280 0.177122 0.094288
    72 6.289963 0.932404 13.569109 -0.126801 -0.612098 -2.869612
    73 -1.327759 -0.766682 12.396324 -0.001711 -0.000961 0.015828
    74 0.000017 -54.999996 0.000000 0.000000 0.000000 -1.570796
  time 44
    0 0.000000 0.000000 -1.500000 0.000000 0.000000 0.000000
    1 -10.521344 -5.760963 66.994621 3.097005 -0.050653 -3.139334
    2 -5.808400 5.842324 4.524000 0.021758 0.247021 0.487500
    3 -0.000034 0.000012 24.761454 -0.619223 -0.071945 0.274731
    4 0.000017 0.000000 24.344809 1.458825 -0.226862 -0.063595
    5 0.002333 -1.019846 24.031336 0.389585 -0.042710 0.017201
    6 0.000034 0.000008 13.404741 -0.000001 -0.000009 0.127338
    7 10.398263 -5.760962 66.994675 3.097005 0.050653 3.139334
    8 -3.285423 -3.211076 3.968195 0.345796 -0.250170 0.385409
    9 -0.000004 -0.000006 24.761459 -0.792882 0.092062 -0.283124
    10 -0.000007 0.000004 24.344891 1.378590 0.109527 0.015184
    11 -0.002360 -1.019903 24.031330 0.389594 -0.042695 -0.017219
    12 0.000000 -0.000002 13.404737 0.000001 0.000005 -0.126778
    13 -0.061540 -5.245835 72.927078 0.000000 0.000000 0.000000
    14 4.919443 2.170497 -4.331546 -0.116867 -0.019541 -0.444459
    15 0.000000 -0.005608 -1.146812 -0.005928 -0.009070 -0.006405
    16 0.030770 -0.240000 8.906021 -0.004138 0.000000 0.000000
    17 -0.097636 -1.885920 -0.293376 0.312212 -0.054712 0.080113
    18 0.030770 -0.276858 8.905140 0.056125 0.004134 -0.000049
    19 0.334682 0.243071 0.018356 -0.012616 0.112999 -0.006557
    20 5.669724 4.435303 14.302868 2.870419 -1.457561 0.438637
    21 -1.044571 -2.839317 19.743267 -0.431351 -0.989245 0.238760
    22 2.655533 -1.533369 24.792658 -0.107715 0.064558 0.077495
    23 1.120163 -0.154394 9.796035 -0.010863 0.000961 -0.094476
    24 2.240311 -0.308786 19.592051 -0.244828 -0.051276 -0.157757
    25 0.683151 2.877354 14.167051 -0.738005 -0.163353 1.424639
    26 0.144936 -0.145374 7.579252 -0.663634 -0.159857 0.057190
    27 0.091660 -0.906685 4.702850 -0.497395 -0.078532 0.017992
    28 0.506271 8.500866 13.617253 -0.591308 -0.068791 1.307734
    29 -0.384987 -0.460049 7.003448 -0.408078 -0.291326 0.102128
    30 0.561516 -0.596954 5.061852 -0.227847 -0.111343 0.014755
    31 -2.452171 -8.899406 11.597897 -1.090884 -0.145349 1.506498
    32 0.680496 -0.903999 6.074253 -0.917886 0.102922 0.014383
    33 0.245514 -0.661150 3.388004 -0.770230 0.109717 -0.041909
    34 -0.717484 -3.784271 13.043911 -0.979347 -0.126082 1.477618
    35 1.099216 -1.407745 8.017889 -0.878411 0.003749 0.004122
    36 0.068439 -0.807653 3.686054 -0.562230 0.003085 0.002852
    37 -4.004929 6.172707 4.754754 0.488450 0.874032 -3.127539
    38 0.158352 -1.149811 5.804394 -0.533526 -0.251085 0.181559
    39 -1.083523 -1.463142 5.544399 -0.450997 -0.109115 0.016044
    40 -6.289886 0.932434 13.569063 -0.126803 0.612110 2.869610
    41 1.327774 -0.766687 12.396328 0.004612 -0.002801 0.043825
    42 -0.096140 1.828087 23.185329 -0.012220 -0.052026 -1.570683
    43 2.325478 -0.000003 6.169296 -0.008598 -0.037409 1.821738
    44 0.000000 -3.152912 0.122169 1.961017 0.000000 0.000000
    45 1.068383 -10.478592 7.066338 0.292219 -1.282324 -3.141588
    46 0.000000 0.000000 2.279457 0.547137 -0.343566 0.107833
    47 2.479414 -8.323895 6.074242 -0.008012 -0.043375 1.583079
    48 0.000003 -5.075260 5.816321 0.000000 0.000000 0.000000
    49 -1.068383 -10.478611 7.065971 0.292219 1.282324 3.141588
    50 -0.000488 0.000015 2.279600 0.547136 0.343566 0.107835
    51 -2.479401 -8.323895 6.074234 0.009276 -0.042874 1.589775
    52 -5.790000 4.432083 14.255558 -3.200339 1.450293 -0.189044
    53 1.044540 -2.839314 19.743252 -0.359092 1.061450 -0.215494
    54 -2.655510 -1.533379 24.792648 -0.561960 -0.076226 0.022323
    55 -1.120216 -0.154385 9.795983 -0.004080 -0.000498 0.035384
    56 -2.240372 -0.308788 19.592047 -0.043610 0.013915 0.066864
    57 -0.683205 2.877342 14.167089 -0.680416 0.172560 -1.425121
    58 -0.144958 -0.145317 7.579308 -0.618873 0.170485 0.012432
    59 -0.038551 -0.936644 4.697678 -0.452952 0.087496 -0.012386
    60 -0.506317 8.500896 13.617329 -0.525416 0.096836 -1.320324
    61 0.385056 -0.460075 7.003435 -0.387653 0.305538 0.052912
    62 -0.456360 -0.710276 5.057732 -0.207705 0.123855 -0.002932
    63 2.452194 -8.899408 11.597939 -0.999406 0.116445 -1.490257
    64 -0.680515 -0.903999 6.074242 -0.814278 -0.100350 -0.027809
    65 -0.248295 -0.666843 3.386627 -0.652052 -0.114621 0.033767
    66 0.717491 -3.784309 13.044010 -0.905092 0.120665 -1.467878
    67 -1.099228 -1.407673 8.017876 -0.807841 0.001736 0.001459
    68 -0.064053 -0.807640 3.686100 -0.477797 0.000558 -0.007042
    69 4.004906 6.172710 4.754800 -0.020703 -0.893173 -2.528814
    70 -0.158381 -1.149773 5.804405 -0.484666 0.313425 0.244677
    71 1.078559 -2.386406 5.215008 -0.395261 0.183188 0.097211
    72 6.289963 0.932404 13.569109 -0.126801 -0.612098 -2.869612
    73 -1.327759 -0.766682 12.396324 -0.001388 -0.000806 0.012867
    74 0.000017 -54.999996 0.000000 0.000000 0.000000 -1.570796
  time 45
    0 0.000000 0.000000 -1.500000 0.000000 0.000000 0.000000
    1 -10.521344 -5.760963 66.994621 3.097005 -0.050653 -3.139334
    2 -5.902153 6.063310 4.479151 0.034329 0.246771 0.512054
    3 -0.000034 0.000012 24.761454 -0.622841 -0.072352 0.252947
    4 0.000017 0.000000 24.344809 1.455620 -0.224735 -0.063141
    5 0.002333 -1.019846 24.031336 0.389585 -0.042698 0.017213
    6 0.000034 0.000008 13.404741 -0.000001 -0.000009 0.116454
    7 10.398263 -5.760962 66.994675 3.097005 0.050653 3.139334
    8 -3.168232 -3.435885 3.968195 0.334961 -0.257413 0.406533
    9 -0.000004 -0.000006 24.761459 -0.792497 0.092014 -0.303257
    10 -0.000007 0.000004 24.344891 1.383624 0.111438 0.016004
    11 -0.002360 -1.019903 24.031330 0.389594 -0.042695 -0.017219
    12 0.000000 -0.000002 13.404737 0.000001 0.000005 -0.136482
    13 -0.061540 -5.245835 72.927078 0.000000 0.000000 0.000000
    14 4.954600 2.170497 -4.309015 -0.119780 -0.019524 -0.468060
    15 0.000000 -0.005608 -1.146812 -0.005960 -0.006027 -0.005590
    16 0.030770 -0.240000 8.906021 -0.004138 0.000000 0.000000
    17 -0.109355 -2.046082 -0.328533 0.339232 -0.059333 0.079314
    18 0.030770 -0.276858 8.905140 0.056125 0.004134 -0.000049
    19 0.358120 0.274322 0.018356 -0.020015 0.123265 -0.009085
    20 5.669724 4.435303 14.302868 2.871280 -1.452663 0.431162
    21 -1.044571 -2.839317 19.743267 -0.445244 -0.953447 0.236391
    22 2.655533 -1.533369 24.792658 -0.113313 0.066095 0.054851
    23 1.120163 -0.154394 9.796035 -0.010935 0.000961 -0.095062
    24 2.240311 -0.308786 19.592051 -0.264890 -0.060854 -0.155700
    25 0.683151 2.877354 14.167051 -0.738005 -0.163353 1.424639
    26 0.144936 -0.145374 7.579252 -0.663634 -0.159857 0.057190
    27 0.091660 -0.906685 4.702850 -0.497395 -0.078532 0.017992
    28 0.506271 8.500866 13.617253 -0.591308 -0.068791 1.307734
    29 -0.384987 -0.460049 7.003448 -0.408078 -0.291314 0.102116
    30 0.561516 -0.596954 5.061852 -0.227883 -0.111343 0.014755
    31 -2.452171 -8.899406 11.597897 -1.090884 -0.145349 1.506498
    32 0.680496 -0.903999 6.074253 -0.917886 0.102922 0.014383
    33 0.245514 -0.661150 3.388004 -0.770230 0.109717 -0.041909
    34 -0.717484 -3.784271 13.043911 -0.979347 -0.126082 1.477618
    35 1.099216 -1.407745 8.017889 -0.878411 0.003749 0.004122
    36 0.068439 -0.807653 3.686054 -0.562230 0.003085 0.002852
    37 -4.004929 6.172707 4.754754 0.488450 0.874032 -3.127539
    38 0.158352 -1.149811 5.804394 -0.533526 -0.251085 0.181559
    39 -1.083523 -1.463142 5.544399 -0.450997 -0.109115 0.016044
    40 -6.289886 0.932434 13.569063 -0.126803 0.612110 2.869610
    41 1.327774 -0.766687 12.396328 0.003066 -0.001843 0.029062
    42 -0.096140 1.828087 23.185329 -0.007580 -0.052026 -1.570683
    43 2.325478 -0.000003 6.169296 -0.005781 -0.042227 1.835388
    44 0.000000 -3.152912 0.122169 1.961017 0.000000 0.000000
    45 1.068383 -10.478592 7.066338 0.292219 -1.282324 -3.141588
    46 0.000000 0.000000 2.279457 0.547137 -0.343566 0.107833
    47 2.479414 -8.323895 6.074242 -0.008610 -0.041262 1.568753
    48 0.000003 -5.075260 5.843666 0.000000 0.000000 0.000000
    49 -1.068383 -10.478611 7.065971 0.292219 1.282324 3.141588
    50 -0.000488 0.000015 2.279600 0.547136 0.343566 0.107835
    51 -2.479401 -8.323895 6.074234 0.008713 -0.040417 1.575692
    52 -5.790000 4.432083 14.255558 -3.231301 1.442567 -0.227657
    53 1.044540 -2.839314 19.743252 -0.323305 1.040845 -0.191544
    54 -2.655510 -1.533379 24.792648 -0.567043 -0.076200 0.018158
    55 -1.120216 -0.154385 9.795983 -0.002869 -0.000378 0.024938
    56 -2.240372 -0.308788 19.592047 -0.033224 0.013816 0.046930
    57 -0.683205 2.877342 14.167089 -0.696750 0.170312 -1.425095
    58 -0.144958 -0.145317 7.579308 -0.630643 0.173038 0.011137
    59 -0.038551 -0.936644 4.697678 -0.464195 0.090384 -0.013225
    60 -0.506317 8.500896 13.617329 -0.543593 0.089831 -1.317090
    61 0.385056 -0.460075 7.003435 -0.391020 0.307189 0.052177
    62 -0.456360 -0.710276 5.057732 -0.210863 0.125666 -0.003178
    63 2.452194 -8.899408 11.597939 -1.025081 0.123276 -1.494356
    64 -0.680515 -0.903999 6.074242 -0.843276 -0.103969 -0.027737
    65 -0.248295 -0.666843 3.386627 -0.684899 -0.116274 0.036380
    66 0.717491 -3.784309 13.044010 -0.926115 0.121875 -1.470569
    67 -1.099228 -1.407673 8.017876 -0.827846 0.001005 0.001554
    68 -0.064053 -0.807640 3.686100 -0.501262 -0.000245 -0.007114
    69 4.004906 6.172710 4.754800 -0.019649 -0.920527 -2.539539
    70 -0.158381 -1.149773 5.804405 -0.492862 0.319312 0.245908
    71 1.078559 -2.386406 5.215008 -0.403383 0.188671 0.099805
    72 6.289963 0.932404 13.569109 -0.126801 -0.612098 -2.869612
    73 -1.327759 -0.766682 12.396324 -0.001052 -0.000602 0.009675
    74 0.000017 -54.999996 0.000000 0.000000 0.000000 -1.570796
  time 46
    0 0.000000 0.000000 -1.500000 0.000000 0.000000 0.000000
    1 -10.521344 -5.760963 66.994621 3.097005 -0.050653 -3.139334
    2 -5.984186 6.247465 4.456727 0.045260 0.246186 0.533462
    3 -0.000034 0.000012 24.761454 -0.625809 -0.072712 0.234054
    4 0.000017 0.000000 24.344809 1.452660 -0.222924 -0.062774
    5 0.002333 -1.019846 24.031336 0.389660 -0.042698 0.017213
    6 0.000034 0.000008 13.404741 -0.000001 -0.000009 0.107004
    7 10.398263 -5.760962 66.994675 3.097005 0.050653 3.139334
    8 -3.058854 -3.623226 3.968195 0.325321 -0.263522 0.425347
    9 -0.000004 -0.000006 24.761459 -0.791892 0.091942 -0.320770
    10 -0.000007 0.000004 24.344891 1.387819 0.113171 0.016761
    11 -0.002360 -1.019903 24.031330 0.389594 -0.042695 -0.017219
    12 0.000000 -0.000002 13.404737 0.000001 0.000005 -0.144941
    13 -0.061540 -5.245835 72.927078 0.000000 0.000000 0.000000
    14 4.985851 2.170497 -4.309015 -0.122180 -0.019524 -0.488598
    15 0.000000 -0.005608 -1.146812 -0.005992 -0.003392 -0.004856
    16 0.030770 -0.240000 8.906021 -0.004138 0.000000 0.000000
    17 -0.113261 -2.178898 -0.371503 0.362801 -0.063372 0.078435
    18 0.030770 -0.276858 8.905140 0.056125 0.004134 -0.000049
    19 0.389371 0.309479 0.018356 -0.026377 0.132316 -0.011422
    20 5.669724 4.435303 14.302868 2.871759 -1.448400 0.425221
    21 -1.044571 -2.839317 19.743267 -0.455322 -0.922137 0.232725
    22 2.655533 -1.533369 24.792658 -0.118130 0.067325 0.035765
    23 1.120163 -0.154394 9.796035 -0.010995 0.000961 -0.095614
    24 2.240311 -0.308786 19.592051 -0.282167 -0.069142 -0.153841
    25 0.683151 2.877354 14.167051 -0.738005 -0.163353 1.424639
    26 0.144936 -0.145374 7.579252 -0.663634 -0.159857 0.057190
    27 0.091660 -0.906685 4.702850 -0.497395 -0.078532 0.017992
    28 0.506271 8.500866 13.617253 -0.591308 -0.068791 1.307734
    29 -0.384987 -0.460049 7.003448 -0.408078 -0.291326 0.102116
    30 0.561516 -0.596954 5.061852 -0.227847 -0.111343 0.014755
    31 -2.452171 -8.899406 11.597897 -1.090884 -0.145349 1.506498
    32 0.680496 -0.903999 6.074253 -0.917886 0.102922 0.014383
    33 0.245514 -0.661150 3.388004 -0.770230 0.109717 -0.041909
    34 -0.717484 -3.784271 13.043911 -0.979347 -0.126082 1.477618
    35 1.099216 -1.407745 8.017889 -0.878411 0.003749 0.004122
    36 0.068439 -0.807653 3.686054 -0.562230 0.003085 0.002852
    37 -4.004929 6.172707 4.754754 0.488450 0.874032 -3.127539
    38 0.158352 -1.149811 5.804394 -0.533611 -0.251085 0.181559
    39 -1.083523 -1.463142 5.544399 -0.450997 -0.109115 0.016044
    40 -6.289886 0.932434 13.569063 -0.126803 0.612110 2.869610
    41 1.327774 -0.766687 12.396328 0.001784 -0.001052 0.016759
    42 -0.096140 1.828087 23.185329 -0.003573 -0.052026 -1.570683
    43 2.325478 -0.000003 6.169296 -0.003393 -0.046452 1.847242
    44 0.000000 -3.152912 0.122169 1.961017 0.000000 0.000000
    45 1.068383 -10.478592 7.066338 0.292219 -1.282324 -3.141588
    46 0.000000 0.000000 2.279457 0.547137 -0.343566 0.107833
    47 2.479414 -8.323895 6.074242 -0.009100 -0.039383 1.556623
    48 0.000003 -5.075260 5.871010 0.000000 0.000000 0.000000
    49 -1.068383 -10.478611 7.065971 0.292219 1.282324 3.141588
    50 -0.000488 0.000015 2.279600 0.547136 0.343566 0.107835
    51 -2.479401 -8.323895 6.074234 0.008211 -0.038291 1.563141
    52 -5.790000 4.432083 14.255558 -3.272329 1.436129 -0.273266
    53 1.044540 -2.839314 19.743252 -0.287574 1.020876 -0.168874
    54 -2.655510 -1.533379 24.792648 -0.572277 -0.076200 0.014599
    55 -1.120216 -0.154385 9.795983 -0.001779 -0.000246 0.015362
    56 -2.240372 -0.308788 19.592047 -0.023984 0.014212 0.028543
    57 -0.683205 2.877342 14.167089 -0.710808 0.168183 -1.425019
    58 -0.144958 -0.145317 7.579308 -0.640506 0.175387 0.009939
    59 -0.038551 -0.936644 4.697678 -0.474254 0.092697 -0.014040
    60 -0.506317 8.500896 13.617329 -0.559583 0.083189 -1.314079
    61 0.385056 -0.460075 7.003435 -0.393912 0.308599 0.051534
    62 -0.456360 -0.710276 5.057732 -0.213535 0.127240 -0.003371
    63 2.452194 -8.899408 11.597939 -1.047372 0.130014 -1.498193
    64 -0.680515 -0.903999 6.074242 -0.868176 -0.107037 -0.027617
    65 -0.248295 -0.666843 3.386627 -0.713791 -0.117677 0.038681
    66 0.717491 -3.784309 13.044010 -0.944249 0.123121 -1.472938
    67 -1.099228 -1.407673 8.017876 -0.844938 0.000466 0.001566
    68 -0.064053 -0.807640 3.686100 -0.522083 -0.001035 -0.007174
    69 4.004906 6.172710 4.754800 -0.018369 -0.944015 -2.549198
    70 -0.158381 -1.149773 5.804405 -0.499908 0.324405 0.247021
    71 1.078559 -2.386406 5.215008 -0.410406 0.193388 0.102034
    72 6.289963 0.932404 13.569109 -0.126801 -0.612098 -2.869612
    73 -1.327759 -0.766682 12.396324 -0.000704 -0.000398 0.006529
    74 0.000017 -54.999996 0.000000 0.000000 0.000000 -1.570796
  time 47
    0 0.000000 0.000000 -1.500000 0.000000 0.000000 0.000000
    1 -10.521344 -5.760963 66.994621 3.097005 -0.050653 -3.139334
    2 -6.058407 6.407066 4.411878 0.054209 0.245518 0.551069
    3 -0.000034 0.000012 24.761454 -0.628044 -0.072963 0.218459
    4 0.000017 0.000000 24.344809 1.450071 -0.221453 -0.062493
    5 0.002333 -1.019846 24.031336 0.389660 -0.042710 0.017201
    6 0.000034 0.000008 13.404741 -0.000001 -0.000009 0.099199
    7 10.398263 -5.760962 66.994675 3.097005 0.050653 3.139334
    8 -2.965101 -3.760609 3.968195 0.317302 -0.268423 0.440860
    9 -0.000004 -0.000006 24.761459 -0.791232 0.091870 -0.335232
    10 -0.000007 0.000004 24.344891 1.391175 0.114682 0.017412
    11 -0.002360 -1.019903 24.031330 0.389594 -0.042695 -0.017219
    12 0.000000 -0.000002 13.404737 0.000001 0.000005 -0.151940
    13 -0.061540 -5.245835 72.927078 0.000000 0.000000 0.000000
    14 5.013196 2.170497 -4.309015 -0.124100 -0.019524 -0.505533
    15 0.000000 -0.005608 -1.146812 -0.005960 -0.001196 -0.004340
    16 0.030770 -0.240000 8.906021 -0.004138 0.000000 0.000000
    17 -0.121074 -2.284370 -0.410567 0.382330 -0.066714 0.077717
    18 0.030770 -0.276858 8.905140 0.056125 0.004134 -0.000049
    19 0.412810 0.332917 0.022263 -0.031668 0.139825 -0.013496
    20 5.669724 4.435303 14.302868 2.871759 -1.444947 0.420716
    21 -1.044571 -2.839317 19.743267 -0.462513 -0.896097 0.228749
    22 2.655533 -1.533369 24.792658 -0.122079 0.068247 0.020237
    23 1.120163 -0.154394 9.796035 -0.011043 0.000961 -0.096028
    24 2.240311 -0.308786 19.592051 -0.296354 -0.075957 -0.152258
    25 0.683151 2.877354 14.167051 -0.738005 -0.163353 1.424639
    26 0.144936 -0.145374 7.579252 -0.663634 -0.159857 0.057190
    27 0.091660 -0.906685 4.702850 -0.497395 -0.078532 0.017992
    28 0.506271 8.500866 13.617253 -0.591308 -0.068791 1.307734
    29 -0.384987 -0.460049 7.003448 -0.408078 -0.291326 0.102116
    30 0.561516 -0.596954 5.061852 -0.227918 -0.111343 0.014755
    31 -2.452171 -8.899406 11.597897 -1.090884 -0.145349 1.506498
    32 0.680496 -0.903999 6.074253 -0.917886 0.102922 0.014383
    33 0.245514 -0.661150 3.388004 -0.770230 0.109717 -0.041909
    34 -0.717484 -3.784271 13.043911 -0.979347 -0.126082 1.477618
    35 1.099216 -1.407745 8.017889 -0.878411 0.003749 0.004122
    36 0.068439 -0.807653 3.686054 -0.562230 0.003085 0.002852
    37 -4.004929 6.172707 4.754754 0.488450 0.874032 -3.127539
    38 0.158352 -1.149811 5.804394 -0.533526 -0.251100 0.181559
    39 -1.083523 -1.463142 5.544399 -0.450997 -0.109115 0.016044
    40 -6.289886 0.932434 13.569063 -0.126803 0.612110 2.869610
    41 1.327774 -0.766687 12.396328 0.000729 -0.000428 0.007017
    42 -0.096140 1.828087 23.185329 -0.000320 -0.052026 -1.570683
    43 2.325478 -0.000003 6.169296 -0.001531 -0.049910 1.857021
    44 0.000000 -3.152912 0.122169 1.961017 0.000000 0.000000
    45 1.068383 -10.478592 7.066338 0.292219 -1.282324 -3.141588
    46 0.000000 0.000000 2.279457 0.547137 -0.343566 0.107833
    47 2.479414 -8.323895 6.074242 -0.009480 -0.037881 1.546308
    48 0.000003 -5.075260 5.890542 0.000000 0.000000 0.000000
    49 -1.068383 -10.478611 7.065971 0.292219 1.282324 3.141588
    50 -0.000488 0.000015 2.279600 0.547136 0.343566 0.107835
    51 -2.479401 -8.323895 6.074234 0.007810 -0.036495 1.553081
    52 -5.790000 4.432083 14.255558 -3.315656 1.430854 -0.318586
    53 1.044540 -2.839314 19.743252 -0.255126 1.002815 -0.149116
    54 -2.655510 -1.533379 24.792648 -0.577008 -0.076213 0.011569
    55 -1.120216 -0.154385 9.795983 -0.000820 -0.000126 0.007119
    56 -2.240372 -0.308788 19.592047 -0.016118 0.014955 0.012734
    57 -0.683205 2.877342 14.167089 -0.722291 0.166293 -1.424903
    58 -0.144958 -0.145317 7.579308 -0.648680 0.177233 0.008956
    59 -0.038551 -0.936644 4.697678 -0.482341 0.094650 -0.014699
    60 -0.506317 8.500896 13.617329 -0.572706 0.077404 -1.311518
    61 0.385056 -0.460075 7.003435 -0.396243 0.309751 0.050998
    62 -0.456360 -0.710276 5.057732 -0.215721 0.128469 -0.003564
    63 2.452194 -8.899408 11.597939 -1.065563 0.136078 -1.501554
    64 -0.680515 -0.903999 6.074242 -0.888766 -0.109710 -0.027317
    65 -0.248295 -0.666843 3.386627 -0.737271 -0.118576 0.040622
    66 0.717491 -3.784309 13.044010 -0.958945 0.124284 -1.474885
    67 -1.099228 -1.407673 8.017876 -0.859115 -0.000217 0.001782
    68 -0.064053 -0.807640 3.686100 -0.538908 -0.001395 -0.007138
    69 4.004906 6.172710 4.754800 -0.017089 -0.963157 -2.557548
    70 -0.158381 -1.149773 5.804405 -0.505768 0.328594 0.247959
    71 1.078559 -2.386406 5.215008 -0.416235 0.197278 0.103824
    72 6.289963 0.932404 13.569109 -0.126801 -0.612098 -2.869612
    73 -1.327759 -0.766682 12.396324 -0.000417 -0.000230 0.003753
    74 0.000017 -54.999996 0.000000 0.000000 0.000000 -1.570796
  time 48
    0 0.000000 0.000000 -1.500000 0.000000 0.000000 0.000000
    1 -10.521344 -5.760963 66.994621 3.097005 -0.050653 -3.139334
    2 -6.117003 6.529836 4.389453 0.060905 0.244906 0.564307
    3 -0.000034 0.000012 24.761454 -0.629711 -0.073143 0.206691
    4 0.000017 0.000000 24.344809 1.447975 -0.220411 -0.062277
    5 0.002333 -1.019846 24.031336 0.389660 -0.042698 0.017213
    6 0.000034 0.000008 13.404741 -0.000001 -0.000009 0.093314
    7 10.398263 -5.760962 66.994675 3.097005 0.050653 3.139334
    8 -2.894786 -3.885502 3.990675 0.310989 -0.272045 0.452660
    9 -0.000004 -0.000006 24.761459 -0.790627 0.091798 -0.346178
    10 -0.000007 0.000004 24.344891 1.393563 0.115860 0.017917
    11 -0.002360 -1.019903 24.031330 0.389594 -0.042695 -0.017219
    12 0.000000 -0.000002 13.404737 0.000001 0.000005 -0.157243
    13 -0.061540 -5.245835 72.927078 0.000000 0.000000 0.000000
    14 5.032727 2.170497 -4.309015 -0.125573 -0.019507 -0.518264
    15 0.000000 -0.005608 -1.146812 -0.005928 0.000435 -0.003905
    16 0.030770 -0.240000 8.906021 -0.004138 0.000000 0.000000
    17 -0.121074 -2.374217 -0.437912 0.397082 -0.069233 0.077038
    18 0.030770 -0.276858 8.905140 0.056125 0.004134 -0.000049
    19 0.432341 0.356355 0.022263 -0.035600 0.145564 -0.015114
    20 5.669724 4.435303 14.302868 2.871567 -1.442374 0.417458
    21 -1.044571 -2.839317 19.743267 -0.467405 -0.876476 0.225252
    22 2.655533 -1.533369 24.792658 -0.125030 0.068939 0.008754
    23 1.120163 -0.154394 9.796035 -0.011079 0.000961 -0.096373
    24 2.240311 -0.308786 19.592051 -0.307016 -0.080976 -0.150992
    25 0.683151 2.877354 14.167051 -0.738005 -0.163353 1.424639
    26 0.144936 -0.145374 7.579252 -0.663634 -0.159857 0.057190
    27 0.091660 -0.906685 4.702850 -0.497395 -0.078532 0.017992
    28 0.506271 8.500866 13.617253 -0.591308 -0.068791 1.307734
    29 -0.384987 -0.460049 7.003448 -0.408078 -0.291326 0.102116
    30 0.561516 -0.596954 5.061852 -0.227918 -0.111343 0.014755
    31 -2.452171 -8.899406 11.597897 -1.090884 -0.145349 1.506498
    32 0.680496 -0.903999 6.074253 -0.917886 0.102922 0.014383
    33 0.245514 -0.661150 3.388004 -0.770230 0.109717 -0.041909
    34 -0.717484 -3.784271 13.043911 -0.979347 -0.126082 1.477618
    35 1.099216 -1.407745 8.017889 -0.878411 0.003749 0.004122
    36 0.068439 -0.807653 3.686054 -0.562230 0.003085 0.002852
    37 -4.004929 6.172707 4.754754 0.488450 0.874032 -3.127539
    38 0.158352 -1.149811 5.804394 -0.533526 -0.251085 0.181559
    39 -1.083523 -1.463142 5.544399 -0.450997 -0.109115 0.016044
    40 -6.289886 0.932434 13.569063 -0.126803 0.612110 2.869610
    41 1.327774 -0.766687 12.396328 -0.000014 0.000015 -0.000114
    42 -0.096140 1.828087 23.185329 0.002077 -0.052026 -1.570683
    43 2.325478 -0.000003 6.169296 -0.000146 -0.052529 1.864325
    44 0.000000 -3.152912 0.122169 1.961017 0.000000 0.000000
    45 1.068383 -10.478592 7.066338 0.292219 -1.282324 -3.141588
    46 0.000000 0.000000 2.279457 0.547137 -0.343566 0.107833
    47 2.479414 -8.323895 6.074242 -0.009807 -0.036707 1.538572
    48 0.000003 -5.075260 5.910074 0.000000 0.000000 0.000000
    49 -1.068383 -10.478611 7.065971 0.292219 1.282324 3.141588
    50 -0.000488 0.000015 2.279600 0.547136 0.343566 0.107835
    51 -2.479401 -8.323895 6.074234 0.007468 -0.035125 1.545417
    52 -5.790000 4.432083 14.255558 -3.354479 1.426783 -0.358062
    53 1.044540 -2.839314 19.743252 -0.228523 0.988061 -0.133630
    54 -2.655510 -1.533379 24.792648 -0.581034 -0.076252 0.009222
    55 -1.120216 -0.154385 9.795983 -0.000077 -0.000018 0.000617
    56 -2.240372 -0.308788 19.592047 -0.010238 0.015747 0.000447
    57 -0.683205 2.877342 14.167089 -0.730854 0.164760 -1.424775
    58 -0.144958 -0.145317 7.579308 -0.654783 0.178611 0.008237
    59 -0.038551 -0.936644 4.697678 -0.488407 0.096125 -0.015190
    60 -0.506317 8.500896 13.617329 -0.582738 0.072812 -1.309496
    61 0.385056 -0.460075 7.003435 -0.397927 0.310611 0.050615
    62 -0.456360 -0.710276 5.057732 -0.217324 0.129397 -0.003687
    63 2.452194 -8.899408 11.597939 -1.079256 0.140980 -1.504176
    64 -0.680515 -0.903999 6.074242 -0.904126 -0.111471 -0.027281
    65 -0.248295 -0.666843 3.386627 -0.755006 -0.119534 0.042049
    66 0.717491 -3.784309 13.044010 -0.970055 0.125231 -1.476361
    67 -1.099228 -1.407673 8.017876 -0.869650 -0.000373 0.001674
    68 -0.064053 -0.807640 3.686100 -0.551626 -0.002114 -0.007210
    69 4.004906 6.172710 4.754800 -0.016035 -0.977450 -2.564179
    70 -0.158381 -1.149773 5.804405 -0.510128 0.331743 0.248604
    71 1.078559 -2.386406 5.215008 -0.420487 0.200250 0.105103
    72 6.289963 0.932404 13.569109 -0.126801 -0.612098 -2.869612
    73 -1.327759 -0.766682 12.396324 -0.000165 -0.000111 0.001486
    74 0.000017 -54.999996 0.000000 0.000000 0.000000 -1.570796
  time 49
    0 0.000000 0.000000 -1.500000 0.000000 0.000000 0.000000
    1 -10.521344 -5.760963 66.994621 3.097005 -0.050653 -3.139334
    2 -6.152160 6.603498 4.389453 0.065209 0.244433 0.572652
    3 -0.000034 0.000012 24.761454 -0.630646 -0.073263 0.199281
    4 0.000017 0.000000 24.344809 1.446742 -0.219732 -0.062104
    5 0.002333 -1.019846 24.031336 0.389660 -0.042710 0.017201
    6 0.000034 0.000008 13.404741 -0.000001 -0.000009 0.089623
    7 10.398263 -5.760962 66.994675 3.097005 0.050653 3.139334
    8 -2.847910 -3.960439 3.990675 0.307065 -0.274276 0.460169
    9 -0.000004 -0.000006 24.761459 -0.790242 0.091762 -0.353140
    10 -0.000007 0.000004 24.344891 1.395112 0.116615 0.018232
    11 -0.002360 -1.019903 24.031330 0.389594 -0.042695 -0.017219
    12 0.000000 -0.000002 13.404737 0.000001 0.000005 -0.160592
    13 -0.061540 -5.245835 72.927078 0.000000 0.000000 0.000000
    14 5.044447 2.170497 -4.286484 -0.126437 -0.019507 -0.526371
    15 0.000000 -0.005608 -1.146812 -0.005928 0.001455 -0.003660
    16 0.030770 -0.240000 8.906021 -0.004138 0.000000 0.000000
    17 -0.124981 -2.421093 -0.457443 0.406404 -0.070854 0.076559
    18 0.030770 -0.276858 8.905140 0.056125 0.004134 -0.000049
    19 0.440154 0.368074 0.026169 -0.038066 0.149185 -0.016144
    20 5.669724 4.435303 14.302868 2.871280 -1.440789 0.415350
    21 -1.044571 -2.839317 19.743267 -0.470194 -0.864004 0.222883
    22 2.655533 -1.533369 24.792658 -0.126896 0.069400 0.001718
    23 1.120163 -0.154394 9.796035 -0.011115 0.000961 -0.096580
    24 2.240311 -0.308786 19.592051 -0.313761 -0.084199 -0.150240
    25 0.683151 2.877354 14.167051 -0.738005 -0.163353 1.424639
    26 0.144936 -0.145374 7.579252 -0.663634 -0.159857 0.057190
    27 0.091660 -0.906685 4.702850 -0.497395 -0.078532 0.017992
    28 0.506271 8.500866 13.617253 -0.591308 -0.068791 1.307734
    29 -0.384987 -0.460049 7.003448 -0.408078 -0.291314 0.102116
    30 0.561516 -0.596954 5.061852 -0.227847 -0.111343 0.014755
    31 -2.452171 -8.899406 11.597897 -1.090884 -0.145349 1.506498
    32 0.680496 -0.903999 6.074253 -0.917886 0.102922 0.014383
    33 0.245514 -0.661150 3.388004 -0.770230 0.109717 -0.041909
    34 -0.717484 -3.784271 13.043911 -0.979347 -0.126082 1.477618
    35 1.099216 -1.407745 8.017889 -0.878411 0.003749 0.004122
    36 0.068439 -0.807653 3.686054 -0.562230 0.003085 0.002852
    37 -4.004929 6.172707 4.754754 0.488450 0.874032 -3.127539
    38 0.158352 -1.149811 5.804394 -0.533526 -0.251085 0.181559
    39 -1.083523 -1.463142 5.544399 -0.450997 -0.109115 0.016044
    40 -6.289886 0.932434 13.569063 -0.126803 0.612110 2.869610
    41 1.327774 -0.766687 12.396328 -0.000493 0.000291 -0.004533
    42 -0.096140 1.828087 23.185329 0.003601 -0.052026 -1.570683
    43 2.325478 -0.000003 6.169296 0.000713 -0.054193 1.868955
    44 0.000000 -3.152912 0.122169 1.961017 0.000000 0.000000
    45 1.068383 -10.478592 7.066338 0.292219 -1.282324 -3.141588
    46 0.000000 0.000000 2.279457 0.547137 -0.343566 0.107833
    47 2.479414 -8.323895 6.074242 -0.009997 -0.035908 1.533892
    48 0.000003 -5.075260 5.921793 0.000000 0.000000 0.000000
    49 -1.068383 -10.478611 7.065971 0.292219 1.282324 3.141588
    50 -0.000488 0.000015 2.279600 0.547136 0.343566 0.107835
    51 -2.479401 -8.323895 6.074234 0.007267 -0.034227 1.540531
    52 -5.790000 4.432083 14.255558 -3.382469 1.424208 -0.385848
    53 1.044540 -2.839314 19.743252 -0.210601 0.978140 -0.123506
    54 -2.655510 -1.533379 24.792648 -0.583802 -0.076265 0.007707
    55 -1.120216 -0.154385 9.795983 0.000390 0.000054 -0.003572
    56 -2.240372 -0.308788 19.592047 -0.006496 0.016341 -0.007715
    57 -0.683205 2.877342 14.167089 -0.736200 0.163746 -1.424659
    58 -0.144958 -0.145317 7.579308 -0.658652 0.179474 0.007770
    59 -0.038551 -0.936644 4.697678 -0.492203 0.097023 -0.015526
    60 -0.506317 8.500896 13.617329 -0.588998 0.069828 -1.308238
    61 0.385056 -0.460075 7.003435 -0.399006 0.311110 0.050370
    62 -0.456360 -0.710276 5.057732 -0.218296 0.129957 -0.003757
    63 2.452194 -8.899408 11.597939 -1.087854 0.144210 -1.505892
    64 -0.680515 -0.903999 6.074242 -0.913720 -0.112670 -0.027174
    65 -0.248295 -0.666843 3.386627 -0.766080 -0.120026 0.042959
    66 0.717491 -3.784309 13.044010 -0.976880 0.125866 -1.477291
    67 -1.099228 -1.407673 8.017876 -0.876263 -0.000613 0.001710
    68 -0.064053 -0.807640 3.686100 -0.559617 -0.002414 -0.007222
    69 4.004906 6.172710 4.754800 -0.015207 -0.986373 -2.568354
    70 -0.158381 -1.149773 5.804405 -0.512884 0.333742 0.249014
    71 1.078559 -2.386406 5.215008 -0.423258 0.202087 0.105943
    72 6.289963 0.932404 13.569109 -0.126801 -0.612098 -2.869612
    73 -1.327759 -0.766682 12.396324 0.000003 -0.000015 -0.000087
    74 0.000017 -54.999996 0.000000 0.000000 0.000000 -1.570796
end
