// Created by Crowbar 0.74
version 1
nodes
  0 "root" -1
  1 "g_r_hip_offset" 0
  2 "g_r_hip" 1
  3 "g_r_knee" 2
  4 "g_r_ankle" 3
  5 "g_r_ball" 4
  6 "g_r_thightwist" 2
  7 "g_l_hip_offset" 0
  8 "g_l_hip" 7
  9 "g_l_knee" 8
  10 "g_l_ankle" 9
  11 "g_l_ball" 10
  12 "g_l_thightwist" 8
  13 "g_spine01_offset" 0
  14 "g_spine01" 13
  15 "g_pelvis" 14
  16 "g_spine02_offset" 14
  17 "g_spine02" 16
  18 "g_spine03_offset" 17
  19 "g_spine03" 18
  20 "g_l_clavical" 19
  21 "g_l_shoulder" 20
  22 "g_l_elbow" 21
  23 "g_l_forarm" 22
  24 "g_l_wrist" 22
  25 "g_l_birdy1" 24
  26 "g_l_birdy2" 25
  27 "g_l_birdy3" 26
  28 "g_l_index1" 24
  29 "g_l_index2" 28
  30 "g_l_index3" 29
  31 "g_l_pinky1" 24
  32 "g_l_pinky2" 31
  33 "g_l_pinky3" 32
  34 "g_l_ring1" 24
  35 "g_l_ring2" 34
  36 "g_l_ring3" 35
  37 "g_l_thumb1" 24
  38 "g_l_thumb2" 37
  39 "g_l_thumb3" 38
  40 "g_l_palm" 24
  41 "g_l_biceptwist" 21
  42 "g_neck" 19
  43 "g_head" 42
  44 "g_jaw" 43
  45 "g_l_brow" 43
  46 "g_l_brow2" 45
  47 "g_l_eye" 43
  48 "g_topeyelid" 43
  49 "g_r_brow" 43
  50 "g_r_brow2" 49
  51 "g_r_eye" 43
  52 "g_r_clavical" 19
  53 "g_r_shoulder" 52
  54 "g_r_elbow" 53
  55 "g_r_forarm" 54
  56 "g_r_wrist" 54
  57 "g_r_birdy1" 56
  58 "g_r_birdy2" 57
  59 "g_r_birdy3" 58
  60 "g_r_index1" 56
  61 "g_r_index2" 60
  62 "g_r_index3" 61
  63 "g_r_pinky1" 56
  64 "g_r_pinky2" 63
  65 "g_r_pinky3" 64
  66 "g_r_ring1" 56
  67 "g_r_ring2" 66
  68 "g_r_ring3" 67
  69 "g_r_thumb1" 56
  70 "g_r_thumb2" 69
  71 "g_r_thumb3" 70
  72 "g_r_palm" 56
  73 "g_r_biceptwist" 53
  74 "g_throwable_attach_offset" 0
end
skeleton
  time 0
    0 0.000000 0.000000 -1.500000 0.000000 0.000000 0.000000
    1 -10.521344 -5.760963 66.994621 3.097005 -0.050653 -3.139334
    2 -6.652175 15.013237 15.198081 0.203077 0.600971 0.596157
    3 -0.000034 0.000012 24.761454 -0.944473 -0.109600 0.116297
    4 0.000017 0.000000 24.344809 1.644074 -0.491509 -0.254789
    5 0.002333 -1.019846 24.031336 0.389660 -0.042710 0.017201
    6 0.000034 0.000008 13.404741 -0.000001 -0.000009 -0.016181
    7 10.398263 -5.760962 66.994675 3.097005 0.050653 3.139334
    8 -1.144733 2.758843 15.028440 0.682514 -0.633972 0.504398
    9 -0.000004 -0.000006 24.761459 -1.414188 0.163970 -0.603780
    10 -0.000007 0.000004 24.344891 1.532582 0.156767 0.014974
    11 -0.002360 -1.019903 24.031330 0.389525 -0.035001 -0.011479
    12 0.000000 -0.000002 13.404737 0.000001 0.000005 -0.286918
    13 -0.061540 -5.245835 72.927078 0.000000 0.000000 0.000000
    14 3.477993 8.587274 -14.853570 0.234667 -0.046569 -0.651583
    15 0.000000 -0.005608 -1.146812 -0.053551 0.049953 0.014411
    16 0.030770 -0.240000 8.906021 -0.004138 0.000000 0.000000
    17 0.375035 -2.510939 -0.312908 0.391274 0.000134 0.090056
    18 0.030770 -0.276858 8.905140 0.056125 0.004134 -0.000049
    19 0.690162 -0.452263 0.108203 0.283674 0.264179 0.036672
    20 5.669724 4.435303 14.302868 1.903792 -1.281881 0.990351
    21 -1.044571 -2.839317 19.743267 -0.069437 -0.428007 0.070118
    22 2.655533 -1.533369 24.792658 -0.880217 0.104023 -0.581612
    23 1.120163 -0.154394 9.796035 0.001049 -0.000153 0.009245
    24 2.240311 -0.308786 19.592051 -0.763437 -0.605985 0.098490
    25 0.683151 2.877354 14.167051 -1.511394 -0.211768 1.554307
    26 0.144936 -0.145374 7.579252 -1.768092 -0.243254 0.235289
    27 0.091660 -0.906685 4.702850 -1.587479 -0.182565 0.191124
    28 0.506271 8.500866 13.617253 -1.470526 -0.303331 1.571638
    29 -0.384987 -0.460049 7.003448 -1.747476 -0.440889 0.551348
    30 0.561516 -0.596954 5.061852 -1.494407 -0.380557 0.386326
    31 -2.452171 -8.899406 11.597897 -1.564465 -0.075967 1.475308
    32 0.680496 -0.903999 6.074253 -1.628053 0.173822 -0.014264
    33 0.245514 -0.661150 3.388004 -1.484466 0.109509 -0.099209
    34 -0.717484 -3.784271 13.043911 -1.593590 -0.028658 1.464722
    35 1.099216 -1.407745 8.017889 -1.782123 0.031969 -0.017454
    36 0.068439 -0.807653 3.686054 -1.465865 0.034014 -0.009745
    37 -4.004929 6.172707 4.754754 0.109464 1.126798 2.530885
    38 0.158352 -1.149811 5.804394 -0.869542 -0.330234 0.145630
    39 -1.083523 -1.463142 5.544399 -0.797673 -0.152792 -0.023938
    40 -6.289886 0.932434 13.569063 -0.126803 0.612110 2.869610
    41 1.327774 -0.766687 12.396328 -0.037670 0.014181 -0.327270
    42 -0.096140 1.828087 23.185329 -0.146116 -0.060209 -1.452218
    43 2.325478 -0.000003 6.169296 -0.258475 -0.013362 1.788132
    44 0.000000 -3.152912 0.122169 1.961052 0.000000 0.000000
    45 1.933594 -10.226563 6.964844 0.292219 -1.282324 -3.141588
    46 0.343506 0.000008 1.441406 0.547137 -0.343566 0.107833
    47 2.479414 -8.323895 6.074242 -0.003717 0.315915 1.691003
    48 0.000002 -5.070313 5.929688 0.000000 0.000000 0.000000
    49 -1.068383 -10.478611 7.065971 0.292219 1.282324 3.141588
    50 -0.000488 0.000015 2.279600 0.547136 0.343566 0.107835
    51 -2.479401 -8.323895 6.074234 0.014056 0.319069 1.696504
    52 -5.790000 4.432083 14.255558 -2.708781 1.440490 -0.053944
    53 1.044540 -2.839314 19.743252 -0.662865 0.898518 -0.316898
    54 -2.655510 -1.533379 24.792648 -0.679420 -0.093803 0.475720
    55 -1.120216 -0.154385 9.795983 0.011536 0.002187 -0.101915
    56 -2.240372 -0.308788 19.592047 -0.160986 0.313908 -0.219939
    57 -0.683205 2.877342 14.167089 -1.604527 0.208954 -1.789836
    58 -0.144958 -0.145317 7.579308 -1.541391 0.304896 -0.166506
    59 -0.038551 -0.936644 4.697678 -2.189566 0.238585 -0.365176
    60 -0.506317 8.500896 13.617329 -1.710279 0.278188 -1.993619
    61 0.385056 -0.460075 7.003435 -1.471905 0.596196 -0.385484
    62 -0.456360 -0.710276 5.057732 -1.989932 0.545832 -0.699289
    63 2.452194 -8.899408 11.597939 -1.419606 0.110527 -1.352657
    64 -0.680515 -0.903999 6.074242 -1.453600 -0.173888 -0.003175
    65 -0.248295 -0.666843 3.386627 -1.668601 -0.122155 0.124625
    66 0.717491 -3.784309 13.044010 -1.725758 0.009829 -1.454343
    67 -1.099228 -1.407673 8.017876 -1.350904 -0.015601 0.007733
    68 -0.064053 -0.807640 3.686100 -1.839904 -0.037749 0.018153
    69 4.004906 6.172710 4.754800 -0.720269 -0.940275 -1.497138
    70 -0.158381 -1.149773 5.804405 -0.345801 0.685529 0.599782
    71 1.078559 -2.386406 5.215008 -1.052487 1.087708 -0.156294
    72 6.289963 0.932404 13.569109 -0.126801 -0.612098 -2.869612
    73 -1.327759 -0.766682 12.396324 -0.031972 -0.012910 0.279861
    74 0.000017 -54.999996 0.000000 0.000000 0.000000 -1.570796
  time 1
    0 0.000000 0.000000 -1.500000 0.000000 0.000000 0.000000
    1 -10.521344 -5.760963 66.994621 3.097005 -0.050653 -3.139334
    2 -6.652175 15.013237 15.198081 0.203077 0.600971 0.596157
    3 -0.000034 0.000012 24.761454 -0.944473 -0.109600 0.116297
    4 0.000017 0.000000 24.344809 1.644074 -0.491509 -0.254789
    5 0.002333 -1.019846 24.031336 0.389660 -0.042710 0.017201
    6 0.000034 0.000008 13.404741 -0.000001 -0.000009 -0.016181
    7 10.398263 -5.760962 66.994675 3.097005 0.050653 3.139334
    8 -1.144733 2.758843 15.028440 0.682514 -0.633972 0.504398
    9 -0.000004 -0.000006 24.761459 -1.414188 0.163970 -0.603780
    10 -0.000007 0.000004 24.344891 1.532582 0.156767 0.014974
    11 -0.002360 -1.019903 24.031330 0.389525 -0.035001 -0.011479
    12 0.000000 -0.000002 13.404737 0.000001 0.000005 -0.286918
    13 -0.061540 -5.245835 72.927078 0.000000 0.000000 0.000000
    14 3.477993 8.587274 -14.853570 0.234667 -0.046569 -0.651583
    15 0.000000 -0.005608 -1.146812 -0.053551 0.049953 0.014411
    16 0.030770 -0.240000 8.906021 -0.004138 0.000000 0.000000
    17 0.375035 -2.510939 -0.312908 0.391274 0.000134 0.090056
    18 0.030770 -0.276858 8.905140 0.056125 0.004134 -0.000049
    19 0.690162 -0.452263 0.108203 0.283674 0.264179 0.036672
    20 5.669724 4.435303 14.302868 1.903792 -1.281881 0.990351
    21 -1.044571 -2.839317 19.743267 -0.069437 -0.428007 0.070118
    22 2.655533 -1.533369 24.792658 -0.880217 0.104023 -0.581612
    23 1.120163 -0.154394 9.796035 0.001049 -0.000153 0.009245
    24 2.240311 -0.308786 19.592051 -0.763437 -0.605985 0.098490
    25 0.683151 2.877354 14.167051 -1.511394 -0.211768 1.554307
    26 0.144936 -0.145374 7.579252 -1.768092 -0.243254 0.235289
    27 0.091660 -0.906685 4.702850 -1.587479 -0.182565 0.191124
    28 0.506271 8.500866 13.617253 -1.470526 -0.303331 1.571638
    29 -0.384987 -0.460049 7.003448 -1.747476 -0.440889 0.551348
    30 0.561516 -0.596954 5.061852 -1.494407 -0.380557 0.386326
    31 -2.452171 -8.899406 11.597897 -1.564465 -0.075967 1.475308
    32 0.680496 -0.903999 6.074253 -1.628053 0.173822 -0.014264
    33 0.245514 -0.661150 3.388004 -1.484466 0.109509 -0.099209
    34 -0.717484 -3.784271 13.043911 -1.593590 -0.028658 1.464722
    35 1.099216 -1.407745 8.017889 -1.782123 0.031969 -0.017454
    36 0.068439 -0.807653 3.686054 -1.465865 0.034014 -0.009745
    37 -4.004929 6.172707 4.754754 0.109464 1.126798 2.530885
    38 0.158352 -1.149811 5.804394 -0.869542 -0.330234 0.145630
    39 -1.083523 -1.463142 5.544399 -0.797673 -0.152792 -0.023938
    40 -6.289886 0.932434 13.569063 -0.126803 0.612110 2.869610
    41 1.327774 -0.766687 12.396328 -0.037670 0.014181 -0.327270
    42 -0.096140 1.828087 23.185329 -0.146116 -0.060209 -1.452218
    43 2.325478 -0.000003 6.169296 -0.258475 -0.013362 1.788132
    44 0.000000 -3.152912 0.122169 1.961052 0.000000 0.000000
    45 1.933594 -10.226563 6.964844 0.292219 -1.282324 -3.141588
    46 0.343506 0.000008 1.441406 0.547137 -0.343566 0.107833
    47 2.479414 -8.323895 6.074242 -0.003717 0.315915 1.691003
    48 0.000002 -5.070313 5.929688 0.000000 0.000000 0.000000
    49 -1.068383 -10.478611 7.065971 0.292219 1.282324 3.141588
    50 -0.000488 0.000015 2.279600 0.547136 0.343566 0.107835
    51 -2.479401 -8.323895 6.074234 0.014056 0.319069 1.696504
    52 -5.790000 4.432083 14.255558 -2.708781 1.440490 -0.053944
    53 1.044540 -2.839314 19.743252 -0.662865 0.898518 -0.316898
    54 -2.655510 -1.533379 24.792648 -0.679420 -0.093803 0.475720
    55 -1.120216 -0.154385 9.795983 0.011536 0.002187 -0.101915
    56 -2.240372 -0.308788 19.592047 -0.160986 0.313908 -0.219939
    57 -0.683205 2.877342 14.167089 -1.604527 0.208954 -1.789836
    58 -0.144958 -0.145317 7.579308 -1.541391 0.304896 -0.166506
    59 -0.038551 -0.936644 4.697678 -2.189566 0.238585 -0.365176
    60 -0.506317 8.500896 13.617329 -1.710279 0.278188 -1.993619
    61 0.385056 -0.460075 7.003435 -1.471905 0.596196 -0.385484
    62 -0.456360 -0.710276 5.057732 -1.989932 0.545832 -0.699289
    63 2.452194 -8.899408 11.597939 -1.419606 0.110527 -1.352657
    64 -0.680515 -0.903999 6.074242 -1.453600 -0.173888 -0.003175
    65 -0.248295 -0.666843 3.386627 -1.668601 -0.122155 0.124625
    66 0.717491 -3.784309 13.044010 -1.725758 0.009829 -1.454343
    67 -1.099228 -1.407673 8.017876 -1.350904 -0.015601 0.007733
    68 -0.064053 -0.807640 3.686100 -1.839904 -0.037749 0.018153
    69 4.004906 6.172710 4.754800 -0.720269 -0.940275 -1.497138
    70 -0.158381 -1.149773 5.804405 -0.345801 0.685529 0.599782
    71 1.078559 -2.386406 5.215008 -1.052487 1.087708 -0.156294
    72 6.289963 0.932404 13.569109 -0.126801 -0.612098 -2.869612
    73 -1.327759 -0.766682 12.396324 -0.031972 -0.012910 0.279861
    74 0.000017 -54.999996 0.000000 0.000000 0.000000 -1.570796
  time 2
    0 0.000000 0.000000 -1.500000 0.000000 0.000000 0.000000
    1 -10.521344 -5.760963 66.994621 3.097005 -0.050653 -3.139334
    2 -4.894309 16.891617 19.369045 0.431057 0.572079 0.709139
    3 -0.000034 0.000012 24.761454 -1.315292 -0.152493 0.025903
    4 0.000017 0.000000 24.344809 1.862120 -0.424940 -0.298088
    5 0.002333 -1.019846 24.031336 0.389660 -0.042710 0.017213
    6 0.000034 0.000008 13.404741 -0.000001 -0.000009 -0.089924
    7 10.398263 -5.760962 66.994675 3.097005 0.050653 3.139334
    8 1.456909 4.095206 17.726060 0.734809 -0.787647 0.479478
    9 -0.000004 -0.000006 24.761459 -1.538867 0.178375 -0.706526
    10 -0.000007 0.000004 24.344891 1.542585 0.190764 0.044337
    11 -0.002360 -1.019903 24.031330 0.389409 -0.022489 -0.002143
    12 0.000000 -0.000002 13.404737 0.000001 0.000005 -0.340785
    13 -0.061540 -5.245835 72.927078 0.000000 0.000000 0.000000
    14 1.153703 10.753373 -18.165641 0.175492 -0.081839 -0.688336
    15 0.000000 -0.005608 -1.146812 -0.033711 0.024747 0.020743
    16 0.030770 -0.240000 8.906021 -0.004138 0.000000 0.000000
    17 0.128933 -2.678913 -0.285563 0.407982 -0.017262 0.032951
    18 0.030770 -0.276858 8.905140 0.056125 0.004134 -0.000049
    19 0.705787 -0.506952 0.174611 0.309804 0.264035 0.035078
    20 5.669724 4.435303 14.302868 1.777269 -1.310562 1.124710
    21 -1.044571 -2.839317 19.743267 -0.089739 -0.444549 0.072036
    22 2.655533 -1.533369 24.792658 -0.846628 0.101256 -0.620107
    23 1.120163 -0.154394 9.796035 -0.002342 0.000278 -0.020419
    24 2.240311 -0.308786 19.592051 -0.489923 -0.585909 0.007694
    25 0.683151 2.877354 14.167051 -1.511394 -0.211768 1.554307
    26 0.144936 -0.145374 7.579252 -1.768092 -0.243254 0.235289
    27 0.091660 -0.906685 4.702850 -1.587479 -0.182565 0.191124
    28 0.506271 8.500866 13.617253 -1.470526 -0.303331 1.571638
    29 -0.384987 -0.460049 7.003448 -1.747476 -0.440889 0.551348
    30 0.561516 -0.596954 5.061852 -1.494407 -0.380557 0.386326
    31 -2.452171 -8.899406 11.597897 -1.564465 -0.075967 1.475308
    32 0.680496 -0.903999 6.074253 -1.628053 0.173822 -0.014264
    33 0.245514 -0.661150 3.388004 -1.484466 0.109509 -0.099209
    34 -0.717484 -3.784271 13.043911 -1.593590 -0.028646 1.464722
    35 1.099216 -1.407745 8.017889 -1.782123 0.031969 -0.017454
    36 0.068439 -0.807653 3.686054 -1.465865 0.034014 -0.009745
    37 -4.004929 6.172707 4.754754 0.109464 1.126798 2.530885
    38 0.158352 -1.149811 5.804394 -0.869542 -0.330219 0.145630
    39 -1.083523 -1.463142 5.544399 -0.797673 -0.152792 -0.023938
    40 -6.289886 0.932434 13.569063 -0.126803 0.612110 2.869610
    41 1.327774 -0.766687 12.396328 -0.039647 0.014540 -0.343490
    42 -0.096140 1.828087 23.185329 -0.146116 -0.060209 -1.452218
    43 2.325478 -0.000003 6.169296 -0.203372 0.033764 1.819024
    44 0.000000 -3.152912 0.122169 1.961052 0.000000 0.000000
    45 1.933594 -10.226563 6.964844 0.292219 -1.282324 -3.141588
    46 0.343506 0.000008 1.441406 0.547137 -0.343566 0.107833
    47 2.479414 -8.323895 6.074242 0.000660 0.353718 1.792145
    48 0.000002 -5.070313 5.929688 0.000000 0.000000 0.000000
    49 -1.068383 -10.478611 7.065971 0.292219 1.282324 3.141588
    50 -0.000488 0.000015 2.279600 0.547136 0.343566 0.107835
    51 -2.479401 -8.323895 6.074234 0.018313 0.357531 1.797485
    52 -5.790000 4.432083 14.255558 -1.838777 1.432557 0.906604
    53 1.044540 -2.839314 19.743252 -0.841021 0.881008 -0.383548
    54 -2.655510 -1.533379 24.792648 -0.723455 -0.093997 0.651111
    55 -1.120216 -0.154385 9.795983 0.011057 0.002079 -0.097562
    56 -2.240372 -0.308788 19.592047 -0.141207 0.333957 -0.209542
    57 -0.683205 2.877342 14.167089 -1.604576 0.208954 -1.789836
    58 -0.144958 -0.145317 7.579308 -1.541391 0.304896 -0.166506
    59 -0.038551 -0.936644 4.697678 -2.189615 0.238585 -0.365176
    60 -0.506317 8.500896 13.617329 -1.710279 0.278188 -1.993619
    61 0.385056 -0.460075 7.003435 -1.471905 0.596196 -0.385484
    62 -0.456360 -0.710276 5.057732 -1.989932 0.545832 -0.699289
    63 2.452194 -8.899408 11.597939 -1.419606 0.110527 -1.352657
    64 -0.680515 -0.903999 6.074242 -1.453600 -0.173888 -0.003175
    65 -0.248295 -0.666843 3.386627 -1.668601 -0.122155 0.124625
    66 0.717491 -3.784309 13.044010 -1.725758 0.009829 -1.454343
    67 -1.099228 -1.407673 8.017876 -1.350904 -0.015601 0.007733
    68 -0.064053 -0.807640 3.686100 -1.839904 -0.037749 0.018153
    69 4.004906 6.172710 4.754800 -0.720269 -0.940275 -1.497138
    70 -0.158381 -1.149773 5.804405 -0.345801 0.685529 0.599782
    71 1.078559 -2.386406 5.215008 -1.052487 1.087708 -0.156294
    72 6.289963 0.932404 13.569109 -0.126801 -0.612098 -2.869612
    73 -1.327759 -0.766682 12.396324 -0.044496 -0.015331 0.383402
    74 0.000017 -54.999996 0.000000 0.000000 0.000000 -1.570796
  time 3
    0 0.000000 0.000000 -1.500000 0.000000 0.000000 0.000000
    1 -10.521344 -5.760963 66.994621 3.097005 -0.050653 -3.139334
    2 -3.218477 18.929597 20.714518 0.536269 0.500097 0.770043
    3 -0.000034 0.000012 24.761454 -1.475010 -0.170961 -0.014245
    4 0.000017 0.000000 24.344809 1.934309 -0.366655 -0.273327
    5 0.002333 -1.019846 24.031336 0.389660 -0.042710 0.017213
    6 0.000034 0.000008 13.404741 -0.000001 -0.000009 -0.114392
    7 10.398263 -5.760962 66.994675 3.097005 0.050653 3.139334
    8 3.566349 5.793760 18.422945 0.745814 -0.882098 0.454558
    9 -0.000004 -0.000006 24.761459 -1.533367 0.177752 -0.763516
    10 -0.000007 0.000004 24.344891 1.481854 0.216806 0.071556
    11 -0.002360 -1.019903 24.031330 0.389409 -0.013956 0.004209
    12 0.000000 -0.000002 13.404737 0.000001 0.000005 -0.361653
    13 -0.061540 -5.245835 72.927078 0.000000 0.000000 0.000000
    14 -0.721354 12.942764 -19.134479 0.128605 -0.110055 -0.714459
    15 0.000000 -0.005608 -1.146812 -0.020250 0.032056 0.023950
    16 0.030770 -0.240000 8.906021 -0.004138 0.000000 0.000000
    17 -0.066385 -2.553910 -0.422286 0.399249 -0.025288 -0.017006
    18 0.030770 -0.276858 8.905140 0.056125 0.004134 -0.000049
    19 0.690162 -0.526484 -0.001176 0.310840 0.260147 0.028175
    20 5.669724 4.435303 14.302868 1.832970 -1.303163 1.044497
    21 -1.044571 -2.839317 19.743267 -0.047374 -0.356254 0.072487
    22 2.655533 -1.533369 24.792658 -0.825798 0.100103 -0.615901
    23 1.120163 -0.154394 9.796035 -0.005135 0.000578 -0.044633
    24 2.240311 -0.308786 19.592051 -0.325685 -0.545344 -0.064785
    25 0.683151 2.877354 14.167051 -1.511394 -0.211768 1.554307
    26 0.144936 -0.145374 7.579252 -1.768092 -0.243254 0.235289
    27 0.091660 -0.906685 4.702850 -1.587479 -0.182565 0.191124
    28 0.506271 8.500866 13.617253 -1.470526 -0.303331 1.571638
    29 -0.384987 -0.460049 7.003448 -1.747476 -0.440889 0.551348
    30 0.561516 -0.596954 5.061852 -1.494372 -0.380557 0.386326
    31 -2.452171 -8.899406 11.597897 -1.564465 -0.075967 1.475308
    32 0.680496 -0.903999 6.074253 -1.628053 0.173822 -0.014264
    33 0.245514 -0.661150 3.388004 -1.484466 0.109509 -0.099209
    34 -0.717484 -3.784271 13.043911 -1.593590 -0.028658 1.464722
    35 1.099216 -1.407745 8.017889 -1.782123 0.031969 -0.017454
    36 0.068439 -0.807653 3.686054 -1.465865 0.034014 -0.009745
    37 -4.004929 6.172707 4.754754 0.109464 1.126798 2.530885
    38 0.158352 -1.149811 5.804394 -0.869542 -0.330219 0.145630
    39 -1.083523 -1.463142 5.544399 -0.797673 -0.152792 -0.023938
    40 -6.289886 0.932434 13.569063 -0.126803 0.612110 2.869610
    41 1.327774 -0.766687 12.396328 -0.039383 0.014492 -0.341381
    42 -0.096140 1.828087 23.185329 -0.146116 -0.060209 -1.452218
    43 2.325478 -0.000003 6.169296 -0.155526 0.069719 1.848400
    44 0.000000 -3.152912 0.122169 1.961052 0.000000 0.000000
    45 1.933594 -10.226563 6.964844 0.292219 -1.282324 -3.141588
    46 0.343506 0.000008 1.441406 0.547137 -0.343566 0.107833
    47 2.479414 -8.323895 6.074242 0.003787 0.335169 1.863872
    48 0.000002 -5.070313 5.929688 0.000000 0.000000 0.000000
    49 -1.068383 -10.478611 7.065971 0.292219 1.282324 3.141588
    50 -0.000488 0.000015 2.279600 0.547136 0.343566 0.107835
    51 -2.479401 -8.323895 6.074234 0.020985 0.339056 1.868382
    52 -5.790000 4.432083 14.255558 -1.817401 1.364436 0.993796
    53 1.044540 -2.839314 19.743252 -0.907474 0.805965 -0.359680
    54 -2.655510 -1.533379 24.792648 -0.735181 -0.092249 0.737443
    55 -1.120216 -0.154385 9.795983 0.010098 0.001839 -0.089129
    56 -2.240372 -0.308788 19.592047 -0.118450 0.354600 -0.190296
    57 -0.683205 2.877342 14.167089 -1.604576 0.208954 -1.789836
    58 -0.144958 -0.145317 7.579308 -1.541391 0.304896 -0.166506
    59 -0.038551 -0.936644 4.697678 -2.189566 0.238585 -0.365176
    60 -0.506317 8.500896 13.617329 -1.710279 0.278188 -1.993619
    61 0.385056 -0.460075 7.003435 -1.471905 0.596196 -0.385484
    62 -0.456360 -0.710276 5.057732 -1.989932 0.545854 -0.699272
    63 2.452194 -8.899408 11.597939 -1.419606 0.110527 -1.352657
    64 -0.680515 -0.903999 6.074242 -1.453600 -0.173888 -0.003175
    65 -0.248295 -0.666843 3.386627 -1.668601 -0.122155 0.124625
    66 0.717491 -3.784309 13.044010 -1.725758 0.009829 -1.454343
    67 -1.099228 -1.407673 8.017876 -1.350904 -0.015601 0.007733
    68 -0.064053 -0.807640 3.686100 -1.839904 -0.037749 0.018153
    69 4.004906 6.172710 4.754800 -0.720269 -0.940275 -1.497138
    70 -0.158381 -1.149773 5.804405 -0.345801 0.685529 0.599782
    71 1.078559 -2.386406 5.215008 -1.052487 1.087708 -0.156294
    72 6.289963 0.932404 13.569109 -0.126801 -0.612098 -2.869612
    73 -1.327759 -0.766682 12.396324 -0.051759 -0.016146 0.442482
    74 0.000017 -54.999996 0.000000 0.000000 0.000000 -1.570796
  time 4
    0 0.000000 0.000000 -1.500000 0.000000 0.000000 0.000000
    1 -10.521344 -5.760963 66.994621 3.097005 -0.050653 -3.139334
    2 -1.202790 21.237671 21.454528 0.607799 0.406989 0.812160
    3 -0.000034 0.000012 24.761454 -1.595744 -0.184912 -0.036192
    4 0.000017 0.000000 24.344809 1.978633 -0.302327 -0.219333
    5 0.002333 -1.019846 24.031336 0.389660 -0.042710 0.017201
    6 0.000034 0.000008 13.404741 -0.000001 -0.000009 -0.120720
    7 10.398263 -5.760962 66.994675 3.097005 0.050653 3.139334
    8 5.945328 7.779570 18.670227 0.741634 -0.960709 0.426915
    9 -0.000004 -0.000006 24.761459 -1.479855 0.171556 -0.801880
    10 -0.000007 0.000004 24.344891 1.392983 0.248692 0.102853
    11 -0.002360 -1.019903 24.031330 0.389478 -0.007269 0.009219
    12 0.000000 -0.000002 13.404737 0.000001 0.000005 -0.365797
    13 -0.061540 -5.245835 72.927078 0.000000 0.000000 0.000000
    14 -2.826887 15.353422 -19.540038 0.077751 -0.140627 -0.739681
    15 0.000000 -0.005608 -1.146812 -0.005577 0.050878 0.027564
    16 0.030770 -0.240000 8.906021 -0.004138 0.000000 0.000000
    17 -0.257797 -2.206243 -0.684013 0.366968 -0.038380 -0.064647
    18 0.030770 -0.276858 8.905140 0.056125 0.004134 -0.000049
    19 0.670630 -0.542110 -0.360561 0.303727 0.252268 0.019102
    20 5.669724 4.435303 14.302868 1.926953 -1.280472 0.920393
    21 -1.044571 -2.839317 19.743267 0.003650 -0.249590 0.079227
    22 2.655533 -1.533369 24.792658 -0.803492 0.099565 -0.566165
    23 1.120163 -0.154394 9.796035 -0.007939 0.000805 -0.069020
    24 2.240311 -0.308786 19.592051 -0.198481 -0.492437 -0.132081
    25 0.683151 2.877354 14.167051 -1.511394 -0.211768 1.554307
    26 0.144936 -0.145374 7.579252 -1.768092 -0.243254 0.235289
    27 0.091660 -0.906685 4.702850 -1.587479 -0.182565 0.191124
    28 0.506271 8.500866 13.617253 -1.470526 -0.303331 1.571638
    29 -0.384987 -0.460049 7.003448 -1.747476 -0.440889 0.551348
    30 0.561516 -0.596954 5.061852 -1.494372 -0.380557 0.386314
    31 -2.452171 -8.899406 11.597897 -1.564465 -0.075967 1.475308
    32 0.680496 -0.903999 6.074253 -1.628053 0.173822 -0.014264
    33 0.245514 -0.661150 3.388004 -1.484466 0.109509 -0.099209
    34 -0.717484 -3.784271 13.043911 -1.593590 -0.028646 1.464722
    35 1.099216 -1.407745 8.017889 -1.782123 0.031969 -0.017454
    36 0.068439 -0.807653 3.686054 -1.465865 0.034014 -0.009745
    37 -4.004929 6.172707 4.754754 0.109464 1.126798 2.530885
    38 0.158352 -1.149811 5.804394 -0.869542 -0.330219 0.145630
    39 -1.083523 -1.463142 5.544399 -0.797673 -0.152792 -0.023938
    40 -6.289886 0.932434 13.569063 -0.126803 0.612110 2.869610
    41 1.327774 -0.766687 12.396328 -0.036795 0.013989 -0.319939
    42 -0.096140 1.828087 23.185329 -0.146116 -0.060209 -1.452218
    43 2.325478 -0.000003 6.169296 -0.100422 0.105790 1.884640
    44 0.000000 -3.152912 0.122169 1.961052 0.000000 0.000000
    45 1.933594 -10.226563 6.964844 0.292219 -1.282324 -3.141588
    46 0.343506 0.000008 1.441406 0.547137 -0.343566 0.107833
    47 2.479414 -8.323895 6.074242 0.006152 0.284499 1.921081
    48 0.000002 -5.070313 5.929688 0.000000 0.000000 0.000000
    49 -1.068383 -10.478611 7.065971 0.292219 1.282324 3.141588
    50 -0.000488 0.000015 2.279600 0.547136 0.343566 0.107835
    51 -2.479401 -8.323895 6.074234 0.022752 0.288214 1.924620
    52 -5.790000 4.432083 14.255558 -1.876928 1.302172 0.977699
    53 1.044540 -2.839314 19.743252 -0.946990 0.734695 -0.320926
    54 -2.655510 -1.533379 24.792648 -0.716510 -0.090554 0.763570
    55 -1.120216 -0.154385 9.795983 0.008576 0.001516 -0.075500
    56 -2.240372 -0.308788 19.592047 -0.101420 0.365788 -0.160396
    57 -0.683205 2.877342 14.167089 -1.604527 0.208954 -1.789836
    58 -0.144958 -0.145317 7.579308 -1.541391 0.304896 -0.166506
    59 -0.038551 -0.936644 4.697678 -2.189566 0.238585 -0.365176
    60 -0.506317 8.500896 13.617329 -1.710279 0.278188 -1.993619
    61 0.385056 -0.460075 7.003435 -1.471905 0.596196 -0.385484
    62 -0.456360 -0.710276 5.057732 -1.989932 0.545854 -0.699272
    63 2.452194 -8.899408 11.597939 -1.419606 0.110527 -1.352657
    64 -0.680515 -0.903999 6.074242 -1.453600 -0.173888 -0.003175
    65 -0.248295 -0.666843 3.386627 -1.668601 -0.122155 0.124625
    66 0.717491 -3.784309 13.044010 -1.725758 0.009829 -1.454343
    67 -1.099228 -1.407673 8.017876 -1.350904 -0.015601 0.007733
    68 -0.064053 -0.807640 3.686100 -1.839904 -0.037749 0.018153
    69 4.004906 6.172710 4.754800 -0.720269 -0.940275 -1.497138
    70 -0.158381 -1.149773 5.804405 -0.345801 0.685529 0.599782
    71 1.078559 -2.386406 5.215008 -1.052487 1.087708 -0.156294
    72 6.289963 0.932404 13.569109 -0.126801 -0.612098 -2.869612
    73 -1.327759 -0.766682 12.396324 -0.055067 -0.016374 0.469408
    74 0.000017 -54.999996 0.000000 0.000000 0.000000 -1.570796
  time 5
    0 0.000000 0.000000 -1.500000 0.000000 0.000000 0.000000
    1 -10.521344 -5.760963 66.994621 3.097005 -0.050653 -3.139334
    2 0.996495 23.693070 21.790896 0.653026 0.306059 0.837543
    3 -0.000034 0.000012 24.761454 -1.684729 -0.195194 -0.039287
    4 0.000017 0.000000 24.344809 2.004340 -0.235215 -0.145396
    5 0.002333 -1.019846 24.031336 0.389660 -0.042710 0.017201
    6 0.000034 0.000008 13.404741 -0.000001 -0.000009 -0.110743
    7 10.398263 -5.760962 66.994675 3.097005 0.050653 3.139334
    8 8.449310 9.927742 18.670227 0.724060 -1.019531 0.400757
    9 -0.000004 -0.000006 24.761459 -1.388724 0.161021 -0.826463
    10 -0.000007 0.000004 24.344891 1.285201 0.284489 0.131543
    11 -0.002360 -1.019903 24.031330 0.389525 -0.002067 0.013090
    12 0.000000 -0.000002 13.404737 0.000001 0.000005 -0.358583
    13 -0.061540 -5.245835 72.927078 0.000000 0.000000 0.000000
    14 -5.049611 17.892184 -19.652694 0.024687 -0.172163 -0.762622
    15 0.000000 -0.005608 -1.146812 0.009127 0.076602 0.031885
    16 0.030770 -0.240000 8.906021 -0.004138 0.000000 0.000000
    17 -0.371082 -1.721853 -1.074650 0.316883 -0.051762 -0.095555
    18 0.030770 -0.276858 8.905140 0.056125 0.004134 -0.000049
    19 0.514375 -0.479608 -0.844951 0.258974 0.192426 0.000754
    20 5.669724 4.435303 14.302868 2.002943 -1.255526 0.811238
    21 -1.044571 -2.839317 19.743267 0.040047 -0.189474 0.085431
    22 2.655533 -1.533369 24.792658 -0.777975 0.098720 -0.455128
    23 1.120163 -0.154394 9.796035 -0.010719 0.000949 -0.093303
    24 2.240311 -0.308786 19.592051 -0.110747 -0.428388 -0.191069
    25 0.683151 2.877354 14.167051 -1.511394 -0.211768 1.554307
    26 0.144936 -0.145374 7.579252 -1.768092 -0.243254 0.235289
    27 0.091660 -0.906685 4.702850 -1.587479 -0.182565 0.191124
    28 0.506271 8.500866 13.617253 -1.470526 -0.303331 1.571638
    29 -0.384987 -0.460049 7.003448 -1.747476 -0.440889 0.551348
    30 0.561516 -0.596954 5.061852 -1.494372 -0.380557 0.386314
    31 -2.452171 -8.899406 11.597897 -1.564465 -0.075967 1.475308
    32 0.680496 -0.903999 6.074253 -1.628053 0.173822 -0.014264
    33 0.245514 -0.661150 3.388004 -1.484466 0.109509 -0.099209
    34 -0.717484 -3.784271 13.043911 -1.593590 -0.028634 1.464722
    35 1.099216 -1.407745 8.017889 -1.782123 0.031969 -0.017454
    36 0.068439 -0.807653 3.686054 -1.465865 0.034014 -0.009745
    37 -4.004929 6.172707 4.754754 0.109464 1.126798 2.530885
    38 0.158352 -1.149811 5.804394 -0.869542 -0.330219 0.145630
    39 -1.083523 -1.463142 5.544399 -0.797673 -0.152792 -0.023938
    40 -6.289886 0.932434 13.569063 -0.126803 0.612110 2.869610
    41 1.327774 -0.766687 12.396328 -0.031581 0.012815 -0.276753
    42 -0.096140 1.828087 23.185329 -0.146116 -0.060209 -1.452218
    43 2.325478 -0.000003 6.169296 -0.040018 0.139213 1.926828
    44 0.000000 -3.152912 0.122169 1.961052 0.000000 0.000000
    45 1.933594 -10.226563 6.964844 0.292219 -1.282324 -3.141588
    46 0.343506 0.000008 1.441406 0.547137 -0.343566 0.107833
    47 2.479414 -8.323895 6.074242 0.007919 0.161417 1.967307
    48 0.000002 -5.070313 5.929688 0.000000 0.000000 0.000000
    49 -1.068383 -10.478611 7.065971 0.292219 1.282324 3.141588
    50 -0.000488 0.000015 2.279600 0.547136 0.343566 0.107835
    51 -2.479401 -8.323895 6.074234 0.023816 0.165692 1.969841
    52 -5.790000 4.432083 14.255558 -1.942783 1.255194 0.934295
    53 1.044540 -2.839314 19.743252 -0.905805 0.665418 -0.262386
    54 -2.655510 -1.533379 24.792648 -0.673733 -0.089648 0.735247
    55 -1.120216 -0.154385 9.795983 0.006335 0.001036 -0.055695
    56 -2.240372 -0.308788 19.592047 -0.100580 0.358609 -0.119154
    57 -0.683205 2.877342 14.167089 -1.604527 0.208954 -1.789836
    58 -0.144958 -0.145317 7.579308 -1.541391 0.304896 -0.166506
    59 -0.038551 -0.936644 4.697678 -2.189566 0.238585 -0.365176
    60 -0.506317 8.500896 13.617329 -1.710279 0.278188 -1.993619
    61 0.385056 -0.460075 7.003435 -1.471905 0.596196 -0.385484
    62 -0.456360 -0.710276 5.057732 -1.989932 0.545854 -0.699289
    63 2.452194 -8.899408 11.597939 -1.419606 0.110527 -1.352657
    64 -0.680515 -0.903999 6.074242 -1.453600 -0.173888 -0.003175
    65 -0.248295 -0.666843 3.386627 -1.668601 -0.122155 0.124625
    66 0.717491 -3.784309 13.044010 -1.725758 0.009829 -1.454343
    67 -1.099228 -1.407673 8.017876 -1.350904 -0.015601 0.007733
    68 -0.064053 -0.807640 3.686100 -1.839904 -0.037749 0.018153
    69 4.004906 6.172710 4.754800 -0.720269 -0.940275 -1.497138
    70 -0.158381 -1.149773 5.804405 -0.345801 0.685529 0.599782
    71 1.078559 -2.386406 5.215008 -1.052487 1.087708 -0.156294
    72 6.289963 0.932404 13.569109 -0.126801 -0.612098 -2.869612
    73 -1.327759 -0.766682 12.396324 -0.053305 -0.016266 0.455066
    74 0.000017 -54.999996 0.000000 0.000000 0.000000 -1.570796
  time 6
    0 0.000000 0.000000 -1.500000 0.000000 0.000000 0.000000
    1 -10.521344 -5.760963 66.994621 3.097005 -0.050653 -3.139334
    2 3.246564 26.209853 21.499377 0.671336 0.207857 0.849165
    3 -0.000034 0.000012 24.761454 -1.724486 -0.199796 -0.024995
    4 0.000017 0.000000 24.344809 2.003415 -0.167242 -0.060722
    5 0.002333 -1.019846 24.031336 0.389660 -0.042710 0.017201
    6 0.000034 0.000008 13.404741 -0.000001 -0.000009 -0.086739
    7 10.398263 -5.760962 66.994675 3.097005 0.050653 3.139334
    8 10.933761 12.138361 18.108223 0.699832 -1.025127 0.394981
    9 -0.000004 -0.000006 24.761459 -1.327457 0.153939 -0.831559
    10 -0.000007 0.000004 24.344891 1.227180 0.291399 0.132090
    11 -0.002360 -1.019903 24.031330 0.389594 0.001995 0.016122
    12 0.000000 -0.000002 13.404737 0.000001 0.000005 -0.347655
    13 -0.061540 -5.245835 72.927078 0.000000 0.000000 0.000000
    14 -7.260616 20.454237 -19.134479 -0.028664 -0.203166 -0.781959
    15 0.000000 -0.005608 -1.146812 0.022779 0.104600 0.036586
    16 0.030770 -0.240000 8.906021 -0.004138 0.000000 0.000000
    17 -0.398426 -1.186680 -1.437942 0.248807 -0.053218 -0.116680
    18 0.030770 -0.276858 8.905140 0.056125 0.004134 -0.000049
    19 0.194053 -0.342885 -1.282465 0.184017 0.067742 -0.014706
    20 5.669724 4.435303 14.302868 2.037875 -1.246400 0.743005
    21 -1.044571 -2.839317 19.743267 0.044890 -0.209565 0.082583
    22 2.655533 -1.533369 24.792658 -0.752197 0.095646 -0.302523
    23 1.120163 -0.154394 9.796035 -0.013464 0.001045 -0.117000
    24 2.240311 -0.308786 19.592051 -0.063486 -0.354808 -0.240958
    25 0.683151 2.877354 14.167051 -1.511394 -0.211768 1.554307
    26 0.144936 -0.145374 7.579252 -1.768092 -0.243254 0.235289
    27 0.091660 -0.906685 4.702850 -1.587479 -0.182565 0.191124
    28 0.506271 8.500866 13.617253 -1.470526 -0.303331 1.571638
    29 -0.384987 -0.460049 7.003448 -1.747476 -0.440889 0.551348
    30 0.561516 -0.596954 5.061852 -1.494372 -0.380557 0.386314
    31 -2.452171 -8.899406 11.597897 -1.564465 -0.075967 1.475308
    32 0.680496 -0.903999 6.074253 -1.628053 0.173822 -0.014264
    33 0.245514 -0.661150 3.388004 -1.484466 0.109509 -0.099209
    34 -0.717484 -3.784271 13.043911 -1.593590 -0.028658 1.464722
    35 1.099216 -1.407745 8.017889 -1.782123 0.031969 -0.017454
    36 0.068439 -0.807653 3.686054 -1.465865 0.034014 -0.009745
    37 -4.004929 6.172707 4.754754 0.109464 1.126798 2.530885
    38 0.158352 -1.149811 5.804394 -0.869542 -0.330219 0.145630
    39 -1.083523 -1.463142 5.544399 -0.797673 -0.152792 -0.023938
    40 -6.289886 0.932434 13.569063 -0.126803 0.612110 2.869610
    41 1.327774 -0.766687 12.396328 -0.024235 0.010693 -0.214787
    42 -0.096140 1.828087 23.185329 -0.146116 -0.060209 -1.452218
    43 2.325478 -0.000003 6.169296 0.023156 0.167760 1.973127
    44 0.000000 -3.152912 0.122169 1.961052 0.000000 0.000000
    45 1.933594 -10.226563 6.964844 0.292219 -1.282324 -3.141588
    46 0.343506 0.000008 1.441406 0.547137 -0.343566 0.107833
    47 2.479414 -8.323895 6.074242 0.009577 -0.025389 2.009426
    48 0.000002 -5.070313 5.929688 0.000000 0.000000 0.000000
    49 -1.068383 -10.478611 7.065971 0.292219 1.282324 3.141588
    50 -0.000488 0.000015 2.279600 0.547136 0.343566 0.107835
    51 -2.479401 -8.323895 6.074234 0.025021 -0.020241 2.010942
    52 -5.790000 4.432083 14.255558 -1.997230 1.232224 0.884854
    53 1.044540 -2.839314 19.743252 -0.780021 0.586814 -0.193558
    54 -2.655510 -1.533379 24.792648 -0.615305 -0.088962 0.678146
    55 -1.120216 -0.154385 9.795983 0.002044 0.000281 -0.018099
    56 -2.240372 -0.308788 19.592047 -0.155488 0.331729 -0.048098
    57 -0.683205 2.877342 14.167089 -1.604576 0.208954 -1.789823
    58 -0.144958 -0.145317 7.579308 -1.541391 0.304896 -0.166506
    59 -0.038551 -0.936644 4.697678 -2.189615 0.238585 -0.365176
    60 -0.506317 8.500896 13.617329 -1.710279 0.278188 -1.993619
    61 0.385056 -0.460075 7.003435 -1.471905 0.596196 -0.385484
    62 -0.456360 -0.710276 5.057732 -1.989932 0.545854 -0.699272
    63 2.452194 -8.899408 11.597939 -1.419606 0.110527 -1.352657
    64 -0.680515 -0.903999 6.074242 -1.453600 -0.173888 -0.003175
    65 -0.248295 -0.666843 3.386627 -1.668601 -0.122155 0.124625
    66 0.717491 -3.784309 13.044010 -1.725758 0.009829 -1.454343
    67 -1.099228 -1.407673 8.017876 -1.350904 -0.015601 0.007733
    68 -0.064053 -0.807640 3.686100 -1.839904 -0.037749 0.018153
    69 4.004906 6.172710 4.754800 -0.720269 -0.940275 -1.497138
    70 -0.158381 -1.149773 5.804405 -0.345801 0.685529 0.599782
    71 1.078559 -2.386406 5.215008 -1.052487 1.087708 -0.156294
    72 6.289963 0.932404 13.569109 -0.126801 -0.612098 -2.869612
    73 -1.327759 -0.766682 12.396324 -0.047624 -0.015726 0.408894
    74 0.000017 -54.999996 0.000000 0.000000 0.000000 -1.570796
  time 7
    0 0.000000 0.000000 -1.500000 0.000000 0.000000 0.000000
    1 -10.521344 -5.760963 66.994621 3.097005 -0.050653 -3.139334
    2 5.426318 28.665251 20.333301 0.661703 0.120957 0.851830
    3 -0.000034 0.000012 24.761454 -1.697087 -0.196620 -0.003495
    4 0.000017 0.000000 24.344809 1.967968 -0.100062 0.017947
    5 0.002333 -1.019846 24.031336 0.389660 -0.042710 0.017213
    6 0.000034 0.000008 13.404741 -0.000001 -0.000009 -0.057313
    7 10.398263 -5.760962 66.994675 3.097005 0.050653 3.139334
    8 13.250238 14.324001 16.714452 0.690107 -0.980280 0.407771
    9 -0.000004 -0.000006 24.761459 -1.328007 0.153998 -0.829406
    10 -0.000007 0.000004 24.344891 1.234861 0.243715 0.090389
    11 -0.002360 -1.019903 24.031330 0.389594 0.005291 0.018591
    12 0.000000 -0.000002 13.404737 0.000001 0.000005 -0.346968
    13 -0.061540 -5.245835 72.927078 0.000000 0.000000 0.000000
    14 -9.334898 22.923124 -17.805144 -0.080511 -0.232277 -0.797453
    15 0.000000 -0.005608 -1.146812 0.034135 0.130292 0.041179
    16 0.030770 -0.240000 8.906021 -0.004138 0.000000 0.000000
    17 -0.367175 -0.710103 -1.555133 0.163979 -0.042292 -0.150344
    18 0.030770 -0.276858 8.905140 0.056125 0.004134 -0.000049
    19 -0.157520 -0.210068 -1.477783 0.114064 -0.073974 -0.015126
    20 5.669724 4.435303 14.302868 2.033951 -1.262784 0.715021
    21 -1.044571 -2.839317 19.743267 0.011722 -0.286954 0.074546
    22 2.655533 -1.533369 24.792658 -0.732452 0.090266 -0.155497
    23 1.120163 -0.154394 9.796035 -0.016412 0.001057 -0.142594
    24 2.240311 -0.308786 19.592051 -0.045513 -0.261382 -0.289105
    25 0.683151 2.877354 14.167051 -1.511394 -0.211768 1.554307
    26 0.144936 -0.145374 7.579252 -1.768092 -0.243254 0.235289
    27 0.091660 -0.906685 4.702850 -1.587479 -0.182565 0.191124
    28 0.506271 8.500866 13.617253 -1.470526 -0.303331 1.571638
    29 -0.384987 -0.460049 7.003448 -1.747476 -0.440889 0.551348
    30 0.561516 -0.596954 5.061852 -1.494407 -0.380557 0.386326
    31 -2.452171 -8.899406 11.597897 -1.564465 -0.075967 1.475308
    32 0.680496 -0.903999 6.074253 -1.628053 0.173822 -0.014264
    33 0.245514 -0.661150 3.388004 -1.484466 0.109509 -0.099209
    34 -0.717484 -3.784271 13.043911 -1.593590 -0.028646 1.464722
    35 1.099216 -1.407745 8.017889 -1.782123 0.031969 -0.017454
    36 0.068439 -0.807653 3.686054 -1.465865 0.034014 -0.009745
    37 -4.004929 6.172707 4.754754 0.109464 1.126798 2.530885
    38 0.158352 -1.149811 5.804394 -0.869542 -0.330219 0.145630
    39 -1.083523 -1.463142 5.544399 -0.797673 -0.152792 -0.023938
    40 -6.289886 0.932434 13.569063 -0.126803 0.612110 2.869610
    41 1.327774 -0.766687 12.396328 -0.015654 0.007613 -0.141019
    42 -0.096140 1.828087 23.185329 -0.146116 -0.060209 -1.452218
    43 2.325478 -0.000003 6.169296 0.085948 0.190129 2.020862
    44 0.000000 -3.152912 0.122169 1.961052 0.000000 0.000000
    45 1.933594 -10.226563 6.964844 0.292219 -1.282324 -3.141588
    46 0.343506 0.000008 1.441406 0.547137 -0.343566 0.107833
    47 2.479414 -8.323895 6.074242 0.011915 -0.214966 2.058708
    48 0.000002 -5.070313 5.929688 0.000000 0.000000 0.000000
    49 -1.068383 -10.478611 7.065971 0.292219 1.282324 3.141588
    50 -0.000488 0.000015 2.279600 0.547136 0.343566 0.107835
    51 -2.479401 -8.323895 6.074234 0.027351 -0.209103 2.059133
    52 -5.790000 4.432083 14.255558 -2.059825 1.242359 0.813280
    53 1.044540 -2.839314 19.743252 -0.584222 0.524490 -0.143074
    54 -2.655510 -1.533379 24.792648 -0.550385 -0.087952 0.624529
    55 -1.120216 -0.154385 9.795983 -0.004008 -0.000498 0.034786
    56 -2.240372 -0.308788 19.592047 -0.249343 0.313413 0.045899
    57 -0.683205 2.877342 14.167089 -1.604527 0.208954 -1.789836
    58 -0.144958 -0.145317 7.579308 -1.541391 0.304896 -0.166506
    59 -0.038551 -0.936644 4.697678 -2.189566 0.238585 -0.365164
    60 -0.506317 8.500896 13.617329 -1.710279 0.278188 -1.993619
    61 0.385056 -0.460075 7.003435 -1.471905 0.596196 -0.385484
    62 -0.456360 -0.710276 5.057732 -1.989932 0.545832 -0.699272
    63 2.452194 -8.899408 11.597939 -1.419606 0.110527 -1.352657
    64 -0.680515 -0.903999 6.074242 -1.453600 -0.173888 -0.003175
    65 -0.248295 -0.666843 3.386627 -1.668601 -0.122155 0.124625
    66 0.717491 -3.784309 13.044010 -1.725758 0.009829 -1.454343
    67 -1.099228 -1.407673 8.017876 -1.350904 -0.015601 0.007733
    68 -0.064053 -0.807640 3.686100 -1.839904 -0.037749 0.018153
    69 4.004906 6.172710 4.754800 -0.720269 -0.940275 -1.497138
    70 -0.158381 -1.149773 5.804405 -0.345801 0.685529 0.599782
    71 1.078559 -2.386406 5.215008 -1.052487 1.087708 -0.156294
    72 6.289963 0.932404 13.569109 -0.126801 -0.612098 -2.869612
    73 -1.327759 -0.766682 12.396324 -0.041212 -0.014828 0.356476
    74 0.000017 -54.999996 0.000000 0.000000 0.000000 -1.570796
  time 8
    0 0.000000 0.000000 -1.500000 0.000000 0.000000 0.000000
    1 -10.521344 -5.760963 66.994621 3.097005 -0.050653 -3.139334
    2 7.379503 30.936495 18.516913 0.629388 0.049309 0.851568
    3 -0.000034 0.000012 24.761454 -1.611354 -0.186721 0.012222
    4 0.000017 0.000000 24.344809 1.905766 -0.037522 0.074728
    5 0.002333 -1.019846 24.031336 0.389660 -0.042698 0.017201
    6 0.000034 0.000008 13.404741 -0.000001 -0.000009 -0.033562
    7 10.398263 -5.760962 66.994675 3.097005 0.050653 3.139334
    8 15.258112 16.359768 14.556356 0.706401 -0.922044 0.420231
    9 -0.000004 -0.000006 24.761459 -1.328997 0.154106 -0.846309
    10 -0.000007 0.000004 24.344891 1.234861 0.150990 0.012662
    11 -0.002360 -1.019903 24.031330 0.389640 0.007652 0.020353
    12 0.000000 -0.000002 13.404737 0.000001 0.000005 -0.366634
    13 -0.061540 -5.245835 72.927078 0.000000 0.000000 0.000000
    14 -11.163079 25.194034 -15.777345 -0.128709 -0.258221 -0.808863
    15 0.000000 -0.005608 -1.146812 0.041918 0.149066 0.044657
    16 0.030770 -0.240000 8.906021 -0.004138 0.000000 0.000000
    17 -0.343737 -0.284309 -1.367628 0.075973 -0.035392 -0.198983
    18 0.030770 -0.276858 8.905140 0.056125 0.004134 -0.000049
    19 -0.415341 -0.143660 -1.372311 0.068382 -0.178024 -0.009481
    20 5.669724 4.435303 14.302868 2.006580 -1.295306 0.712913
    21 -1.044571 -2.839317 19.743267 -0.071541 -0.375301 0.073502
    22 2.655533 -1.533369 24.792658 -0.759748 0.086654 -0.039284
    23 1.120163 -0.154394 9.796035 -0.019612 0.000997 -0.170292
    24 2.240311 -0.308786 19.592051 -0.046079 -0.151103 -0.339943
    25 0.683151 2.877354 14.167051 -1.511394 -0.211768 1.554307
    26 0.144936 -0.145374 7.579252 -1.768092 -0.243254 0.235289
    27 0.091660 -0.906685 4.702850 -1.587479 -0.182565 0.191124
    28 0.506271 8.500866 13.617253 -1.470526 -0.303331 1.571638
    29 -0.384987 -0.460049 7.003448 -1.747476 -0.440889 0.551348
    30 0.561516 -0.596954 5.061852 -1.494372 -0.380557 0.386314
    31 -2.452171 -8.899406 11.597897 -1.564465 -0.075967 1.475308
    32 0.680496 -0.903999 6.074253 -1.628053 0.173822 -0.014264
    33 0.245514 -0.661150 3.388004 -1.484466 0.109509 -0.099209
    34 -0.717484 -3.784271 13.043911 -1.593590 -0.028658 1.464722
    35 1.099216 -1.407745 8.017889 -1.782123 0.031969 -0.017454
    36 0.068439 -0.807653 3.686054 -1.465865 0.034014 -0.009745
    37 -4.004929 6.172707 4.754754 0.109464 1.126798 2.530885
    38 0.158352 -1.149811 5.804394 -0.869542 -0.330219 0.145630
    39 -1.083523 -1.463142 5.544399 -0.797673 -0.152792 -0.023938
    40 -6.289886 0.932434 13.569063 -0.126803 0.612110 2.869610
    41 1.327774 -0.766687 12.396328 -0.008319 0.004389 -0.076040
    42 -0.096140 1.828087 23.185329 -0.146116 -0.060209 -1.452218
    43 2.325478 -0.000003 6.169296 0.144824 0.205972 2.066882
    44 0.000000 -3.152912 0.122169 1.961052 0.000000 0.000000
    45 1.933594 -10.226563 6.964844 0.292219 -1.282324 -3.141588
    46 0.343506 0.000008 1.441406 0.547137 -0.343566 0.107833
    47 2.479414 -8.323895 6.074242 0.015042 -0.357630 2.117254
    48 0.000002 -5.070313 5.929688 0.000000 0.000000 0.000000
    49 -1.068383 -10.478611 7.065971 0.292219 1.282324 3.141588
    50 -0.000488 0.000015 2.279600 0.547136 0.343566 0.107835
    51 -2.479401 -8.323895 6.074234 0.030544 -0.351612 2.116713
    52 -5.790000 4.432083 14.255558 -2.161817 1.277707 0.692553
    53 1.044540 -2.839314 19.743252 -0.352302 0.497568 -0.109327
    54 -2.655510 -1.533379 24.792648 -0.487478 -0.086749 0.600523
    55 -1.120216 -0.154385 9.795983 -0.009473 -0.000917 0.082393
    56 -2.240372 -0.308788 19.592047 -0.299745 0.313660 0.130961
    57 -0.683205 2.877342 14.167089 -1.604576 0.208954 -1.789836
    58 -0.144958 -0.145317 7.579308 -1.541391 0.304896 -0.166506
    59 -0.038551 -0.936644 4.697678 -2.189615 0.238585 -0.365176
    60 -0.506317 8.500896 13.617329 -1.710279 0.278188 -1.993619
    61 0.385056 -0.460075 7.003435 -1.471905 0.596213 -0.385484
    62 -0.456360 -0.710276 5.057732 -1.989932 0.545832 -0.699272
    63 2.452194 -8.899408 11.597939 -1.419606 0.110527 -1.352657
    64 -0.680515 -0.903999 6.074242 -1.453600 -0.173888 -0.003175
    65 -0.248295 -0.666843 3.386627 -1.668601 -0.122155 0.124625
    66 0.717491 -3.784309 13.044010 -1.725758 0.009829 -1.454343
    67 -1.099228 -1.407673 8.017876 -1.350904 -0.015601 0.007733
    68 -0.064053 -0.807640 3.686100 -1.839904 -0.037749 0.018153
    69 4.004906 6.172710 4.754800 -0.720269 -0.940275 -1.497138
    70 -0.158381 -1.149773 5.804405 -0.345801 0.685529 0.599782
    71 1.078559 -2.386406 5.215008 -1.052487 1.087708 -0.156294
    72 6.289963 0.932404 13.569109 -0.126801 -0.612098 -2.869612
    73 -1.327759 -0.766682 12.396324 -0.037281 -0.014097 0.324044
    74 0.000017 -54.999996 0.000000 0.000000 0.000000 -1.570796
  time 9
    0 0.000000 0.000000 -1.500000 0.000000 0.000000 0.000000
    1 -10.521344 -5.760963 66.994621 3.097005 -0.050653 -3.139334
    2 8.965489 32.888536 16.252034 0.578285 -0.005860 0.852879
    3 -0.000034 0.000012 24.761454 -1.479685 -0.171513 0.015601
    4 0.000017 0.000000 24.344809 1.823036 0.015240 0.103227
    5 0.002333 -1.019846 24.031336 0.389660 -0.042710 0.017201
    6 0.000034 0.000008 13.404741 -0.000001 -0.000009 -0.020906
    7 10.398263 -5.760962 66.994675 3.097005 0.050653 3.139334
    8 16.820659 18.133259 11.836255 0.858509 -0.943480 0.334001
    9 -0.000004 -0.000006 24.761459 -1.451091 0.168224 -0.923359
    10 -0.000007 0.000004 24.344891 1.250737 0.024446 -0.107606
    11 -0.002360 -1.019903 24.031330 0.389663 0.008899 0.021263
    12 0.000000 -0.000002 13.404737 0.000001 0.000005 -0.420909
    13 -0.061540 -5.245835 72.927078 0.000000 0.000000 0.000000
    14 -12.620155 27.162156 -13.253862 -0.171147 -0.280002 -0.816670
    15 0.000000 -0.005608 -1.146812 0.044788 0.156360 0.046016
    16 0.030770 -0.240000 8.906021 -0.004138 0.000000 0.000000
    17 -0.343737 0.082890 -0.906676 0.002509 -0.040798 -0.250058
    18 0.030770 -0.276858 8.905140 0.056125 0.004134 -0.000049
    19 -0.540344 -0.108503 -0.958236 0.037392 -0.227519 -0.006173
    20 5.669724 4.435303 14.302868 1.962076 -1.334733 0.731792
    21 -1.044571 -2.839317 19.743267 -0.209643 -0.458482 0.087828
    22 2.655533 -1.533369 24.792658 -0.846932 0.087192 0.052424
    23 1.120163 -0.154394 9.796035 -0.022596 0.000877 -0.196196
    24 2.240311 -0.308786 19.592051 -0.062137 -0.044692 -0.389317
    25 0.683151 2.877354 14.167051 -1.511394 -0.211768 1.554307
    26 0.144936 -0.145374 7.579252 -1.768092 -0.243254 0.235289
    27 0.091660 -0.906685 4.702850 -1.587479 -0.182565 0.191124
    28 0.506271 8.500866 13.617253 -1.470526 -0.303331 1.571638
    29 -0.384987 -0.460049 7.003448 -1.747476 -0.440889 0.551348
    30 0.561516 -0.596954 5.061852 -1.494372 -0.380557 0.386326
    31 -2.452171 -8.899406 11.597897 -1.564465 -0.075967 1.475308
    32 0.680496 -0.903999 6.074253 -1.628053 0.173822 -0.014264
    33 0.245514 -0.661150 3.388004 -1.484466 0.109509 -0.099209
    34 -0.717484 -3.784271 13.043911 -1.593546 -0.028658 1.464722
    35 1.099216 -1.407745 8.017889 -1.782123 0.031969 -0.017454
    36 0.068439 -0.807653 3.686054 -1.465865 0.034014 -0.009745
    37 -4.004929 6.172707 4.754754 0.109464 1.126798 2.530885
    38 0.158352 -1.149811 5.804394 -0.869499 -0.330219 0.145630
    39 -1.083523 -1.463142 5.544399 -0.797673 -0.152792 -0.023938
    40 -6.289886 0.932434 13.569063 -0.126803 0.612110 2.869610
    41 1.327774 -0.766687 12.396328 -0.003010 0.001693 -0.027883
    42 -0.096140 1.828087 23.185329 -0.146116 -0.060209 -1.452218
    43 2.325478 -0.000003 6.169296 0.195917 0.215869 2.107672
    44 0.000000 -3.152912 0.122169 1.961052 0.000000 0.000000
    45 1.933594 -10.226563 6.964844 0.292219 -1.282324 -3.141588
    46 0.343506 0.000008 1.441406 0.547137 -0.343566 0.107833
    47 2.479414 -8.323895 6.074242 0.018467 -0.446056 2.181340
    48 0.000002 -5.070313 5.929688 0.000000 0.000000 0.000000
    49 -1.068383 -10.478611 7.065971 0.292219 1.282324 3.141588
    50 -0.000488 0.000015 2.279600 0.547136 0.343566 0.107835
    51 -2.479401 -8.323895 6.074234 0.033858 -0.440350 2.179658
    52 -5.790000 4.432083 14.255558 -2.319599 1.321196 0.510312
    53 1.044540 -2.839314 19.743252 -0.143368 0.502783 -0.078955
    54 -2.655510 -1.533379 24.792648 -0.432573 -0.085662 0.608626
    55 -1.120216 -0.154385 9.795983 -0.013751 -0.001073 0.119608
    56 -2.240372 -0.308788 19.592047 -0.246670 0.310195 0.212327
    57 -0.683205 2.877342 14.167089 -1.604576 0.208954 -1.789836
    58 -0.144958 -0.145317 7.579308 -1.541391 0.304896 -0.166506
    59 -0.038551 -0.936644 4.697678 -2.189566 0.238585 -0.365164
    60 -0.506317 8.500896 13.617329 -1.710279 0.278188 -1.993619
    61 0.385056 -0.460075 7.003435 -1.471905 0.596196 -0.385484
    62 -0.456360 -0.710276 5.057732 -1.989932 0.545832 -0.699272
    63 2.452194 -8.899408 11.597939 -1.419606 0.110527 -1.352657
    64 -0.680515 -0.903999 6.074242 -1.453600 -0.173888 -0.003175
    65 -0.248295 -0.666843 3.386627 -1.668601 -0.122155 0.124625
    66 0.717491 -3.784309 13.044010 -1.725758 0.009829 -1.454343
    67 -1.099228 -1.407673 8.017876 -1.350904 -0.015601 0.007733
    68 -0.064053 -0.807640 3.686100 -1.839904 -0.037749 0.018153
    69 4.004906 6.172710 4.754800 -0.720269 -0.940275 -1.497138
    70 -0.158381 -1.149773 5.804405 -0.345801 0.685529 0.599782
    71 1.078559 -2.386406 5.215008 -1.052487 1.087708 -0.156294
    72 6.289963 0.932404 13.569109 -0.126801 -0.612098 -2.869612
    73 -1.327759 -0.766682 12.396324 -0.036299 -0.013893 0.315855
    74 0.000017 -54.999996 0.000000 0.000000 0.000000 -1.570796
  time 10
    0 0.000000 0.000000 -1.500000 0.000000 0.000000 0.000000
    1 -10.521344 -5.760963 66.994621 3.097005 -0.050653 -3.139334
    2 9.246747 34.410883 14.480496 0.543716 -0.112134 0.985303
    3 -0.000034 0.000012 24.761454 -1.371228 -0.158965 -0.139738
    4 0.000017 0.000000 24.344809 1.739751 0.042334 0.106792
    5 0.002333 -1.019846 24.031336 0.389660 -0.042698 0.017201
    6 0.000034 0.000008 13.404741 -0.000001 -0.000009 -0.098319
    7 10.398263 -5.760962 66.994675 3.097005 0.050653 3.139334
    8 18.828533 18.582876 7.407661 0.984853 -1.035150 0.246781
    9 -0.000004 -0.000006 24.761459 -1.613058 0.186956 -1.062245
    10 -0.000007 0.000004 24.344891 1.312824 -0.069723 -0.238153
    11 -0.002360 -1.019903 24.031330 0.389663 0.009366 0.021635
    12 0.000000 -0.000002 13.404737 0.000001 0.000005 -0.479821
    13 -0.061540 -5.245835 72.927078 0.000000 0.000000 0.000000
    14 -13.581122 28.711034 -10.437474 -0.205359 -0.296794 -0.821354
    15 0.000000 -0.005608 -1.146812 -0.068096 0.074876 -0.073963
    16 0.030770 -0.240000 8.906021 -0.004138 0.000000 0.000000
    17 -0.363269 0.371961 -0.371503 -0.045240 -0.050800 -0.294025
    18 0.030770 -0.276858 8.905140 0.056125 0.004134 -0.000049
    19 -0.598940 -0.053813 -0.430876 0.008438 -0.249304 -0.003321
    20 5.669724 4.435303 14.302868 1.906089 -1.371483 0.767921
    21 -1.044571 -2.839317 19.743267 -0.368928 -0.540620 0.118398
    22 2.655533 -1.533369 24.792658 -0.958157 0.091534 0.115505
    23 1.120163 -0.154394 9.796035 -0.024921 0.000710 -0.216409
    24 2.240311 -0.308786 19.592051 -0.084549 0.038558 -0.430581
    25 0.683151 2.877354 14.167051 -1.511394 -0.211768 1.554307
    26 0.144936 -0.145374 7.579252 -1.768092 -0.243254 0.235289
    27 0.091660 -0.906685 4.702850 -1.587479 -0.182565 0.191124
    28 0.506271 8.500866 13.617253 -1.470526 -0.303331 1.571638
    29 -0.384987 -0.460049 7.003448 -1.747476 -0.440889 0.551348
    30 0.561516 -0.596954 5.061852 -1.494372 -0.380557 0.386326
    31 -2.452171 -8.899406 11.597897 -1.564465 -0.075967 1.475308
    32 0.680496 -0.903999 6.074253 -1.628053 0.173822 -0.014264
    33 0.245514 -0.661150 3.388004 -1.484466 0.109509 -0.099209
    34 -0.717484 -3.784271 13.043911 -1.593590 -0.028658 1.464722
    35 1.099216 -1.407745 8.017889 -1.782123 0.031969 -0.017454
    36 0.068439 -0.807653 3.686054 -1.465865 0.034014 -0.009745
    37 -4.004929 6.172707 4.754754 0.109464 1.126798 2.530885
    38 0.158352 -1.149811 5.804394 -0.869542 -0.330219 0.145630
    39 -1.083523 -1.463142 5.544399 -0.797673 -0.152792 -0.023938
    40 -6.289886 0.932434 13.569063 -0.126803 0.612110 2.869610
    41 1.327774 -0.766687 12.396328 0.000070 -0.000033 0.000690
    42 -0.096140 1.828087 23.185329 -0.146116 -0.060209 -1.452218
    43 2.325478 -0.000003 6.169296 0.235454 0.221179 2.139722
    44 0.000000 -3.152912 0.122169 1.961052 0.000000 0.000000
    45 1.933594 -10.226563 6.964844 0.292219 -1.282324 -3.141588
    46 0.343506 0.000008 1.441406 0.547137 -0.343566 0.107833
    47 2.479414 -8.323895 6.074242 0.021675 -0.501703 2.241701
    48 0.000002 -5.070313 5.929688 0.000000 0.000000 0.000000
    49 -1.068383 -10.478611 7.065971 0.292219 1.282324 3.141588
    50 -0.000488 0.000015 2.279600 0.547136 0.343566 0.107835
    51 -2.479401 -8.323895 6.074234 0.036770 -0.496295 2.239059
    52 -5.790000 4.432083 14.255558 -2.532691 1.356336 0.269528
    53 1.044540 -2.839314 19.743252 0.001394 0.524066 -0.050569
    54 -2.655510 -1.533379 24.792648 -0.390501 -0.084626 0.645355
    55 -1.120216 -0.154385 9.795983 -0.017203 -0.001073 0.149478
    56 -2.240372 -0.308788 19.592047 -0.148386 0.291482 0.288453
    57 -0.683205 2.877342 14.167089 -1.604527 0.208954 -1.789836
    58 -0.144958 -0.145317 7.579308 -1.541391 0.304896 -0.166506
    59 -0.038551 -0.936644 4.697678 -2.189566 0.238585 -0.365176
    60 -0.506317 8.500896 13.617329 -1.710279 0.278188 -1.993619
    61 0.385056 -0.460075 7.003435 -1.471905 0.596196 -0.385484
    62 -0.456360 -0.710276 5.057732 -1.989932 0.545854 -0.699272
    63 2.452194 -8.899408 11.597939 -1.419606 0.110527 -1.352657
    64 -0.680515 -0.903999 6.074242 -1.453600 -0.173888 -0.003175
    65 -0.248295 -0.666843 3.386627 -1.668601 -0.122155 0.124625
    66 0.717491 -3.784309 13.044010 -1.725758 0.009829 -1.454343
    67 -1.099228 -1.407673 8.017876 -1.350904 -0.015601 0.007733
    68 -0.064053 -0.807640 3.686100 -1.839904 -0.037749 0.018153
    69 4.004906 6.172710 4.754800 -0.720269 -0.940275 -1.497138
    70 -0.158381 -1.149773 5.804405 -0.345801 0.685529 0.599782
    71 1.078559 -2.386406 5.215008 -1.052487 1.087708 -0.156294
    72 6.289963 0.932404 13.569109 -0.126801 -0.612098 -2.869612
    73 -1.327759 -0.766682 12.396324 -0.037557 -0.014144 0.326404
    74 0.000017 -54.999996 0.000000 0.000000 0.000000 -1.570796
  time 11
    0 0.000000 0.000000 -1.500000 0.000000 0.000000 0.000000
    1 -10.521344 -5.760963 66.994621 3.097005 -0.050653 -3.139334
    2 9.031897 35.221165 12.372589 0.479632 -0.183336 1.126203
    3 -0.000034 0.000012 24.761454 -1.234437 -0.143145 -0.300127
    4 0.000017 0.000000 24.344809 1.647095 0.050573 0.089766
    5 0.002333 -1.019846 24.031336 0.389660 -0.042710 0.017201
    6 0.000034 0.000008 13.404741 -0.000001 -0.000009 -0.169530
    7 10.398263 -5.760962 66.994675 3.097005 0.050653 3.139334
    8 20.394987 18.945068 2.776746 0.998758 -1.066793 0.235641
    9 -0.000004 -0.000006 24.761459 -1.641107 0.190204 -1.127058
    10 -0.000007 0.000004 24.344891 1.333864 -0.116630 -0.299002
    11 -0.002360 -1.019903 24.031330 0.389663 0.009462 0.021695
    12 0.000000 -0.000002 13.404737 0.000001 0.000005 -0.484738
    13 -0.061540 -5.245835 72.927078 0.000000 0.000000 0.000000
    14 -13.932695 29.747501 -7.463369 -0.228946 -0.307925 -0.823876
    15 0.000000 -0.005608 -1.146812 -0.193166 -0.015344 -0.186441
    16 0.030770 -0.240000 8.906021 -0.004138 0.000000 0.000000
    17 -0.402333 0.551654 0.069916 -0.068388 -0.060232 -0.322059
    18 0.030770 -0.276858 8.905140 0.056125 0.004134 -0.000049
    19 -0.606753 -0.042094 0.018356 -0.000462 -0.253130 -0.004304
    20 5.669724 4.435303 14.302868 1.855652 -1.396217 0.806446
    21 -1.044571 -2.839317 19.743267 -0.502579 -0.580280 0.148940
    22 2.655533 -1.533369 24.792658 -1.058577 0.098643 0.135723
    23 1.120163 -0.154394 9.796035 -0.026156 0.000602 -0.227102
    24 2.240311 -0.308786 19.592051 -0.099215 0.081703 -0.453765
    25 0.683151 2.877354 14.167051 -1.511394 -0.211768 1.554307
    26 0.144936 -0.145374 7.579252 -1.768092 -0.243254 0.235289
    27 0.091660 -0.906685 4.702850 -1.587479 -0.182565 0.191124
    28 0.506271 8.500866 13.617253 -1.470526 -0.303331 1.571638
    29 -0.384987 -0.460049 7.003448 -1.747476 -0.440889 0.551348
    30 0.561516 -0.596954 5.061852 -1.494372 -0.380557 0.386314
    31 -2.452171 -8.899406 11.597897 -1.564465 -0.075967 1.475308
    32 0.680496 -0.903999 6.074253 -1.628053 0.173822 -0.014264
    33 0.245514 -0.661150 3.388004 -1.484466 0.109509 -0.099209
    34 -0.717484 -3.784271 13.043911 -1.593590 -0.028658 1.464722
    35 1.099216 -1.407745 8.017889 -1.782123 0.031969 -0.017454
    36 0.068439 -0.807653 3.686054 -1.465865 0.034014 -0.009745
    37 -4.004929 6.172707 4.754754 0.109464 1.126798 2.530885
    38 0.158352 -1.149811 5.804394 -0.869542 -0.330219 0.145630
    39 -1.083523 -1.463142 5.544399 -0.797673 -0.152792 -0.023938
    40 -6.289886 0.932434 13.569063 -0.126803 0.612110 2.869610
    41 1.327774 -0.766687 12.396328 0.000477 -0.000285 0.004657
    42 -0.096140 1.828087 23.185329 -0.146116 -0.060209 -1.452218
    43 2.325478 -0.000003 6.169296 0.259854 0.223407 2.159638
    44 0.000000 -3.152912 0.122169 1.961052 0.000000 0.000000
    45 1.933594 -10.226563 6.964844 0.292219 -1.282324 -3.141588
    46 0.343506 0.000008 1.441406 0.547137 -0.343566 0.107833
    47 2.479414 -8.323895 6.074242 0.023605 -0.531758 2.276370
    48 0.000002 -5.070313 5.929688 0.000000 0.000000 0.000000
    49 -1.068383 -10.478611 7.065971 0.292219 1.282324 3.141588
    50 -0.000488 0.000015 2.279600 0.547136 0.343566 0.107835
    51 -2.479401 -8.323895 6.074234 0.038437 -0.526394 2.273166
    52 -5.790000 4.432083 14.255558 -2.739935 1.373906 0.034014
    53 1.044540 -2.839314 19.743252 0.036736 0.558408 -0.039030
    54 -2.655510 -1.533379 24.792648 -0.367351 -0.083021 0.717072
    55 -1.120216 -0.154385 9.795983 -0.018893 -0.001061 0.164114
    56 -2.240372 -0.308788 19.592047 -0.090805 0.275344 0.326344
    57 -0.683205 2.877342 14.167089 -1.604527 0.208954 -1.789836
    58 -0.144958 -0.145317 7.579308 -1.541391 0.304896 -0.166506
    59 -0.038551 -0.936644 4.697678 -2.189566 0.238585 -0.365176
    60 -0.506317 8.500896 13.617329 -1.710279 0.278188 -1.993619
    61 0.385056 -0.460075 7.003435 -1.471905 0.596213 -0.385484
    62 -0.456360 -0.710276 5.057732 -1.989932 0.545832 -0.699289
    63 2.452194 -8.899408 11.597939 -1.419606 0.110527 -1.352657
    64 -0.680515 -0.903999 6.074242 -1.453600 -0.173888 -0.003175
    65 -0.248295 -0.666843 3.386627 -1.668601 -0.122155 0.124625
    66 0.717491 -3.784309 13.044010 -1.725758 0.009829 -1.454343
    67 -1.099228 -1.407673 8.017876 -1.350904 -0.015601 0.007733
    68 -0.064053 -0.807640 3.686100 -1.839904 -0.037749 0.018153
    69 4.004906 6.172710 4.754800 -0.720269 -0.940275 -1.497138
    70 -0.158381 -1.149773 5.804405 -0.345801 0.685529 0.599782
    71 1.078559 -2.386406 5.215008 -1.052487 1.087708 -0.156294
    72 6.289963 0.932404 13.569109 -0.126801 -0.612098 -2.869612
    73 -1.327759 -0.766682 12.396324 -0.041188 -0.014828 0.356198
    74 0.000017 -54.999996 0.000000 0.000000 0.000000 -1.570796
  time 12
    0 0.000000 0.000000 -1.500000 0.000000 0.000000 0.000000
    1 -10.521344 -5.760963 66.994621 3.097005 -0.050653 -3.139334
    2 9.000646 35.884122 9.861041 0.400245 -0.176600 1.156917
    3 -0.000034 0.000012 24.761454 -1.046182 -0.121369 -0.330258
    4 0.000017 0.000000 24.344809 1.534774 0.056322 0.066518
    5 0.002333 -1.019846 24.031336 0.389585 -0.042710 0.017201
    6 0.000034 0.000008 13.404741 -0.000001 -0.000009 -0.176132
    7 10.398263 -5.760962 66.994675 3.097005 0.050653 3.139334
    8 20.465302 19.644473 -0.303037 0.964464 -1.051282 0.276652
    9 -0.000004 -0.000006 24.761459 -1.595569 0.184943 -1.144499
    10 -0.000007 0.000004 24.344891 1.340318 -0.139628 -0.306799
    11 -0.002360 -1.019903 24.031330 0.389663 0.009462 0.021695
    12 0.000000 -0.000002 13.404737 0.000001 0.000005 -0.493540
    13 -0.061540 -5.245835 72.927078 0.000000 0.000000 0.000000
    14 -13.846755 30.446242 -4.759637 -0.246133 -0.315805 -0.825438
    15 0.000000 -0.005608 -1.146812 -0.214888 -0.030323 -0.203833
    16 0.030770 -0.240000 8.906021 -0.004138 0.000000 0.000000
    17 -0.429677 0.649313 0.382426 -0.081056 -0.067436 -0.336035
    18 0.030770 -0.276858 8.905140 0.056125 0.004134 -0.000049
    19 -0.598940 -0.088971 0.334772 0.015551 -0.250024 -0.009936
    20 5.669724 4.435303 14.302868 1.817561 -1.411192 0.837497
    21 -1.044571 -2.839317 19.743267 -0.589560 -0.578453 0.162279
    22 2.655533 -1.533369 24.792658 -1.141030 0.106559 0.130870
    23 1.120163 -0.154394 9.796035 -0.026659 0.000554 -0.231517
    24 2.240311 -0.308786 19.592051 -0.104698 0.098463 -0.463695
    25 0.683151 2.877354 14.167051 -1.511394 -0.211768 1.554307
    26 0.144936 -0.145374 7.579252 -1.768092 -0.243254 0.235289
    27 0.091660 -0.906685 4.702850 -1.587479 -0.182565 0.191124
    28 0.506271 8.500866 13.617253 -1.470526 -0.303331 1.571638
    29 -0.384987 -0.460049 7.003448 -1.747476 -0.440889 0.551348
    30 0.561516 -0.596954 5.061852 -1.494372 -0.380557 0.386314
    31 -2.452171 -8.899406 11.597897 -1.564465 -0.075967 1.475308
    32 0.680496 -0.903999 6.074253 -1.628053 0.173822 -0.014264
    33 0.245514 -0.661150 3.388004 -1.484466 0.109509 -0.099209
    34 -0.717484 -3.784271 13.043911 -1.593590 -0.028658 1.464722
    35 1.099216 -1.407745 8.017889 -1.782123 0.031969 -0.017454
    36 0.068439 -0.807653 3.686054 -1.465865 0.034014 -0.009745
    37 -4.004929 6.172707 4.754754 0.109464 1.126798 2.530885
    38 0.158352 -1.149811 5.804394 -0.869542 -0.330219 0.145630
    39 -1.083523 -1.463142 5.544399 -0.797673 -0.152792 -0.023938
    40 -6.289886 0.932434 13.569063 -0.126803 0.612110 2.869610
    41 1.327774 -0.766687 12.396328 -0.000278 0.000171 -0.002524
    42 -0.096140 1.828087 23.185329 -0.146116 -0.060209 -1.452218
    43 2.325478 -0.000003 6.169296 0.274943 0.224420 2.172011
    44 0.000000 -3.152912 0.122169 1.961052 0.000000 0.000000
    45 1.933594 -10.226563 6.964844 0.292219 -1.282324 -3.141588
    46 0.343506 0.000008 1.441406 0.547137 -0.343566 0.107833
    47 2.479414 -8.323895 6.074242 0.024122 -0.548100 2.282196
    48 0.000002 -5.070313 5.929688 0.000000 0.000000 0.000000
    49 -1.068383 -10.478611 7.065971 0.292219 1.282324 3.141588
    50 -0.000488 0.000015 2.279600 0.547136 0.343566 0.107835
    51 -2.479401 -8.323895 6.074234 0.039020 -0.542459 2.278819
    52 -5.790000 4.432083 14.255558 -2.897333 1.379223 -0.148035
    53 1.044540 -2.839314 19.743252 -0.009570 0.597286 -0.046623
    54 -2.655510 -1.533379 24.792648 -0.355122 -0.080717 0.795679
    55 -1.120216 -0.154385 9.795983 -0.019348 -0.001037 0.168113
    56 -2.240372 -0.308788 19.592047 -0.081183 0.271731 0.335795
    57 -0.683205 2.877342 14.167089 -1.604576 0.208954 -1.789836
    58 -0.144958 -0.145317 7.579308 -1.541391 0.304896 -0.166506
    59 -0.038551 -0.936644 4.697678 -2.189566 0.238585 -0.365176
    60 -0.506317 8.500896 13.617329 -1.710279 0.278188 -1.993619
    61 0.385056 -0.460075 7.003435 -1.471905 0.596196 -0.385484
    62 -0.456360 -0.710276 5.057732 -1.989932 0.545832 -0.699289
    63 2.452194 -8.899408 11.597939 -1.419606 0.110527 -1.352657
    64 -0.680515 -0.903999 6.074242 -1.453600 -0.173888 -0.003175
    65 -0.248295 -0.666843 3.386627 -1.668601 -0.122155 0.124625
    66 0.717491 -3.784309 13.044010 -1.725758 0.009829 -1.454343
    67 -1.099228 -1.407673 8.017876 -1.350904 -0.015601 0.007733
    68 -0.064053 -0.807640 3.686100 -1.839904 -0.037749 0.018153
    69 4.004906 6.172710 4.754800 -0.720269 -0.940275 -1.497138
    70 -0.158381 -1.149773 5.804405 -0.345801 0.685529 0.599782
    71 1.078559 -2.386406 5.215008 -1.052487 1.087708 -0.156294
    72 6.289963 0.932404 13.569109 -0.126801 -0.612098 -2.869612
    73 -1.327759 -0.766682 12.396324 -0.045599 -0.015487 0.392285
    74 0.000017 -54.999996 0.000000 0.000000 0.000000 -1.570796
  time 13
    0 0.000000 0.000000 -1.500000 0.000000 0.000000 0.000000
    1 -10.521344 -5.760963 66.994621 3.097005 -0.050653 -3.139334
    2 8.836578 36.424310 7.887681 0.328510 -0.164881 1.178893
    3 -0.000034 0.000012 24.761454 -0.874349 -0.101499 -0.350943
    4 0.000017 0.000000 24.344809 1.433118 0.056322 0.046813
    5 0.002333 -1.019846 24.031336 0.389660 -0.042710 0.017201
    6 0.000034 0.000008 13.404741 -0.000001 -0.000009 -0.179760
    7 10.398263 -5.760962 66.994675 3.097005 0.050653 3.139334
    8 20.332485 20.256452 -2.685935 0.954227 -1.047624 0.283418
    9 -0.000004 -0.000006 24.761459 -1.539252 0.178411 -1.160936
    10 -0.000007 0.000004 24.344891 1.354452 -0.146494 -0.293053
    11 -0.002360 -1.019903 24.031330 0.389663 0.009462 0.021695
    12 0.000000 -0.000002 13.404737 0.000001 0.000005 -0.499423
    13 -0.061540 -5.245835 72.927078 0.000000 0.000000 0.000000
    14 -13.608466 31.040173 -2.686776 -0.262167 -0.322980 -0.826519
    15 0.000000 -0.005608 -1.146812 -0.228827 -0.039938 -0.214568
    16 0.030770 -0.240000 8.906021 -0.004138 0.000000 0.000000
    17 -0.437490 0.754785 0.542587 -0.095135 -0.074070 -0.343703
    18 0.030770 -0.276858 8.905140 0.056125 0.004134 -0.000049
    19 -0.583315 -0.167098 0.510559 0.043826 -0.243688 -0.017714
    20 5.669724 4.435303 14.302868 1.778513 -1.424334 0.869984
    21 -1.044571 -2.839317 19.743267 -0.649438 -0.565825 0.166114
    22 2.655533 -1.533369 24.792658 -1.219144 0.114667 0.123592
    23 1.120163 -0.154394 9.796035 -0.027102 0.000518 -0.235346
    24 2.240311 -0.308786 19.592051 -0.109964 0.113290 -0.472557
    25 0.683151 2.877354 14.167051 -1.511394 -0.211768 1.554307
    26 0.144936 -0.145374 7.579252 -1.768092 -0.243254 0.235289
    27 0.091660 -0.906685 4.702850 -1.587479 -0.182565 0.191124
    28 0.506271 8.500866 13.617253 -1.470526 -0.303331 1.571638
    29 -0.384987 -0.460049 7.003448 -1.747476 -0.440889 0.551348
    30 0.561516 -0.596954 5.061852 -1.494372 -0.380557 0.386314
    31 -2.452171 -8.899406 11.597897 -1.564465 -0.075967 1.475308
    32 0.680496 -0.903999 6.074253 -1.628053 0.173822 -0.014264
    33 0.245514 -0.661150 3.388004 -1.484466 0.109509 -0.099209
    34 -0.717484 -3.784271 13.043911 -1.593590 -0.028658 1.464722
    35 1.099216 -1.407745 8.017889 -1.782123 0.031969 -0.017454
    36 0.068439 -0.807653 3.686054 -1.465865 0.034014 -0.009745
    37 -4.004929 6.172707 4.754754 0.109464 1.126798 2.530885
    38 0.158352 -1.149811 5.804394 -0.869542 -0.330219 0.145630
    39 -1.083523 -1.463142 5.544399 -0.797673 -0.152792 -0.023938
    40 -6.289886 0.932434 13.569063 -0.126803 0.612110 2.869610
    41 1.327774 -0.766687 12.396328 -0.001021 0.000578 -0.009303
    42 -0.096140 1.828087 23.185329 -0.146116 -0.060209 -1.452218
    43 2.325478 -0.000003 6.169296 0.288504 0.225071 2.183227
    44 0.000000 -3.152912 0.122169 1.961052 0.000000 0.000000
    45 1.933594 -10.226563 6.964844 0.292219 -1.282324 -3.141588
    46 0.343506 0.000008 1.441406 0.547137 -0.343566 0.107833
    47 2.479414 -8.323895 6.074242 0.023904 -0.556412 2.274460
    48 0.000002 -5.070313 5.929688 0.000000 0.000000 0.000000
    49 -1.068383 -10.478611 7.065971 0.292219 1.282324 3.141588
    50 -0.000488 0.000015 2.279600 0.547136 0.343566 0.107835
    51 -2.479401 -8.323895 6.074234 0.039000 -0.550586 2.271250
    52 -5.790000 4.432083 14.255558 -3.028275 1.379099 -0.297698
    53 1.044540 -2.839314 19.743252 -0.070792 0.638072 -0.060394
    54 -2.655510 -1.533379 24.792648 -0.341987 -0.078737 0.849599
    55 -1.120216 -0.154385 9.795983 -0.019756 -0.001025 0.171677
    56 -2.240372 -0.308788 19.592047 -0.072859 0.268513 0.343957
    57 -0.683205 2.877342 14.167089 -1.604576 0.208954 -1.789836
    58 -0.144958 -0.145317 7.579308 -1.541391 0.304896 -0.166506
    59 -0.038551 -0.936644 4.697678 -2.189566 0.238585 -0.365176
    60 -0.506317 8.500896 13.617329 -1.710279 0.278188 -1.993619
    61 0.385056 -0.460075 7.003435 -1.471905 0.596213 -0.385484
    62 -0.456360 -0.710276 5.057732 -1.989932 0.545854 -0.699272
    63 2.452194 -8.899408 11.597939 -1.419606 0.110527 -1.352657
    64 -0.680515 -0.903999 6.074242 -1.453600 -0.173888 -0.003175
    65 -0.248295 -0.666843 3.386627 -1.668601 -0.122155 0.124625
    66 0.717491 -3.784309 13.044010 -1.725758 0.009829 -1.454343
    67 -1.099228 -1.407673 8.017876 -1.350904 -0.015601 0.007733
    68 -0.064053 -0.807640 3.686100 -1.839904 -0.037749 0.018153
    69 4.004906 6.172710 4.754800 -0.720269 -0.940275 -1.497138
    70 -0.158381 -1.149773 5.804405 -0.345801 0.685529 0.599782
    71 1.078559 -2.386406 5.215008 -1.052487 1.087708 -0.156294
    72 6.289963 0.932404 13.569109 -0.126801 -0.612098 -2.869612
    73 -1.327759 -0.766682 12.396324 -0.048751 -0.015846 0.417962
    74 0.000017 -54.999996 0.000000 0.000000 0.000000 -1.570796
  time 14
    0 0.000000 0.000000 -1.500000 0.000000 0.000000 0.000000
    1 -10.521344 -5.760963 66.994621 3.097005 -0.050653 -3.139334
    2 8.551414 36.780342 6.587058 0.275768 -0.153024 1.193835
    3 -0.000034 0.000012 24.761454 -0.744469 -0.086434 -0.365194
    4 0.000017 0.000000 24.344809 1.355566 0.051886 0.032941
    5 0.002333 -1.019846 24.031336 0.389585 -0.042710 0.017201
    6 0.000034 0.000008 13.404741 -0.000001 -0.000009 -0.182376
    7 10.398263 -5.760962 66.994675 3.097005 0.050653 3.139334
    8 20.059039 20.693580 -4.237067 0.968644 -1.050587 0.264852
    9 -0.000004 -0.000006 24.761459 -1.466215 0.169998 -1.173496
    10 -0.000007 0.000004 24.344891 1.352774 -0.142694 -0.264300
    11 -0.002360 -1.019903 24.031330 0.389663 0.009462 0.021695
    12 0.000000 -0.000002 13.404737 0.000001 0.000005 -0.503094
    13 -0.061540 -5.245835 72.927078 0.000000 0.000000 0.000000
    14 -13.264706 31.447772 -1.312379 -0.276185 -0.329104 -0.827179
    15 0.000000 -0.005608 -1.146812 -0.236674 -0.045412 -0.220356
    16 0.030770 -0.240000 8.906021 -0.004138 0.000000 0.000000
    17 -0.449209 0.840725 0.589463 -0.109002 -0.080527 -0.346738
    18 0.030770 -0.276858 8.905140 0.056125 0.004134 -0.000049
    19 -0.544251 -0.260851 0.565248 0.077176 -0.231941 -0.026116
    20 5.669724 4.435303 14.302868 1.741284 -1.435187 0.902088
    21 -1.044571 -2.839317 19.743267 -0.685150 -0.546412 0.162533
    22 2.655533 -1.533369 24.792658 -1.287884 0.122045 0.117526
    23 1.120163 -0.154394 9.796035 -0.027486 0.000482 -0.238623
    24 2.240311 -0.308786 19.592051 -0.114577 0.125630 -0.480153
    25 0.683151 2.877354 14.167051 -1.511394 -0.211768 1.554307
    26 0.144936 -0.145374 7.579252 -1.768092 -0.243254 0.235289
    27 0.091660 -0.906685 4.702850 -1.587479 -0.182565 0.191124
    28 0.506271 8.500866 13.617253 -1.470526 -0.303331 1.571638
    29 -0.384987 -0.460049 7.003448 -1.747476 -0.440889 0.551348
    30 0.561516 -0.596954 5.061852 -1.494372 -0.380557 0.386314
    31 -2.452171 -8.899406 11.597897 -1.564465 -0.075967 1.475308
    32 0.680496 -0.903999 6.074253 -1.628053 0.173822 -0.014264
    33 0.245514 -0.661150 3.388004 -1.484466 0.109509 -0.099209
    34 -0.717484 -3.784271 13.043911 -1.593590 -0.028634 1.464722
    35 1.099216 -1.407745 8.017889 -1.782123 0.031969 -0.017454
    36 0.068439 -0.807653 3.686054 -1.465865 0.034014 -0.009745
    37 -4.004929 6.172707 4.754754 0.109464 1.126798 2.530885
    38 0.158352 -1.149811 5.804394 -0.869542 -0.330219 0.145630
    39 -1.083523 -1.463142 5.544399 -0.797673 -0.152792 -0.023938
    40 -6.289886 0.932434 13.569063 -0.126803 0.612110 2.869610
    41 1.327774 -0.766687 12.396328 -0.001488 0.000866 -0.013873
    42 -0.096140 1.828087 23.185329 -0.146116 -0.060209 -1.452218
    43 2.325478 -0.000003 6.169296 0.299964 0.225433 2.192646
    44 0.000000 -3.152912 0.122169 1.961052 0.000000 0.000000
    45 1.933594 -10.226563 6.964844 0.292219 -1.282324 -3.141588
    46 0.343506 0.000008 1.441406 0.547137 -0.343566 0.107833
    47 2.479414 -8.323895 6.074242 0.023252 -0.555613 2.259179
    48 0.000002 -5.070313 5.929688 0.000000 0.000000 0.000000
    49 -1.068383 -10.478611 7.065971 0.292219 1.282324 3.141588
    50 -0.000488 0.000015 2.279600 0.547136 0.343566 0.107835
    51 -2.479401 -8.323895 6.074234 0.038538 -0.549641 2.256304
    52 -5.790000 4.432083 14.255558 -3.127104 1.376440 -0.410377
    53 1.044540 -2.839314 19.743252 -0.130623 0.676484 -0.076941
    54 -2.655510 -1.533379 24.792648 -0.329607 -0.077300 0.884662
    55 -1.120216 -0.154385 9.795983 -0.020079 -0.001001 0.174588
    56 -2.240372 -0.308788 19.592047 -0.066062 0.265741 0.350745
    57 -0.683205 2.877342 14.167089 -1.604576 0.208954 -1.789836
    58 -0.144958 -0.145317 7.579308 -1.541391 0.304896 -0.166506
    59 -0.038551 -0.936644 4.697678 -2.189566 0.238585 -0.365176
    60 -0.506317 8.500896 13.617329 -1.710279 0.278188 -1.993619
    61 0.385056 -0.460075 7.003435 -1.471905 0.596196 -0.385484
    62 -0.456360 -0.710276 5.057732 -1.989932 0.545832 -0.699272
    63 2.452194 -8.899408 11.597939 -1.419606 0.110527 -1.352657
    64 -0.680515 -0.903999 6.074242 -1.453600 -0.173888 -0.003175
    65 -0.248295 -0.666843 3.386627 -1.668601 -0.122155 0.124625
    66 0.717491 -3.784309 13.044010 -1.725758 0.009829 -1.454343
    67 -1.099228 -1.407673 8.017876 -1.350904 -0.015601 0.007733
    68 -0.064053 -0.807640 3.686100 -1.839904 -0.037749 0.018153
    69 4.004906 6.172710 4.754800 -0.720269 -0.940275 -1.497138
    70 -0.158381 -1.149773 5.804405 -0.345801 0.685529 0.599782
    71 1.078559 -2.386406 5.215008 -1.052487 1.087708 -0.156294
    72 6.289963 0.932404 13.569109 -0.126801 -0.612098 -2.869612
    73 -1.327759 -0.766682 12.396324 -0.050884 -0.016074 0.435311
    74 0.000017 -54.999996 0.000000 0.000000 0.000000 -1.570796
  time 15
    0 0.000000 0.000000 -1.500000 0.000000 0.000000 0.000000
    1 -10.521344 -5.760963 66.994621 3.097005 -0.050653 -3.139334
    2 8.172496 36.866281 6.116143 0.260260 -0.146844 1.203971
    3 -0.000034 0.000012 24.761454 -0.695769 -0.080801 -0.375944
    4 0.000017 0.000000 24.344809 1.322955 0.045548 0.026740
    5 0.002333 -1.019846 24.031336 0.389660 -0.042710 0.017201
    6 0.000034 0.000008 13.404741 -0.000001 -0.000009 -0.185772
    7 10.398263 -5.760962 66.994675 3.097005 0.050653 3.139334
    8 19.699654 20.843452 -4.844032 0.985706 -1.059111 0.233248
    9 -0.000004 -0.000006 24.761459 -1.386469 0.160770 -1.174430
    10 -0.000007 0.000004 24.344891 1.333993 -0.116319 -0.216777
    11 -0.002360 -1.019903 24.031330 0.389663 0.009462 0.021695
    12 0.000000 -0.000002 13.404737 0.000001 0.000005 -0.497705
    13 -0.061540 -5.245835 72.927078 0.000000 0.000000 0.000000
    14 -12.854537 31.599166 -0.839226 -0.287258 -0.333853 -0.827720
    15 0.000000 -0.005608 -1.146812 -0.240183 -0.047921 -0.222829
    16 0.030770 -0.240000 8.906021 -0.004138 0.000000 0.000000
    17 -0.464835 0.918853 0.616808 -0.121166 -0.087389 -0.346857
    18 0.030770 -0.276858 8.905140 0.056125 0.004134 -0.000049
    19 -0.493468 -0.354604 0.608218 0.108524 -0.212440 -0.033426
    20 5.669724 4.435303 14.302868 1.709031 -1.443361 0.929688
    21 -1.044571 -2.839317 19.743267 -0.700805 -0.524234 0.154693
    22 2.655533 -1.533369 24.792658 -1.342347 0.127924 0.116718
    23 1.120163 -0.154394 9.796035 -0.027774 0.000446 -0.241141
    24 2.240311 -0.308786 19.592051 -0.118189 0.134977 -0.486048
    25 0.683151 2.877354 14.167051 -1.511394 -0.211768 1.554307
    26 0.144936 -0.145374 7.579252 -1.768092 -0.243254 0.235289
    27 0.091660 -0.906685 4.702850 -1.587479 -0.182565 0.191124
    28 0.506271 8.500866 13.617253 -1.470526 -0.303331 1.571638
    29 -0.384987 -0.460049 7.003448 -1.747476 -0.440889 0.551348
    30 0.561516 -0.596954 5.061852 -1.494372 -0.380557 0.386326
    31 -2.452171 -8.899406 11.597897 -1.564465 -0.075967 1.475308
    32 0.680496 -0.903999 6.074253 -1.628053 0.173822 -0.014264
    33 0.245514 -0.661150 3.388004 -1.484466 0.109509 -0.099209
    34 -0.717484 -3.784271 13.043911 -1.593546 -0.028658 1.464722
    35 1.099216 -1.407745 8.017889 -1.782123 0.031969 -0.017454
    36 0.068439 -0.807653 3.686054 -1.465865 0.034014 -0.009745
    37 -4.004929 6.172707 4.754754 0.109464 1.126798 2.530885
    38 0.158352 -1.149811 5.804394 -0.869542 -0.330219 0.145630
    39 -1.083523 -1.463142 5.544399 -0.797673 -0.152792 -0.023938
    40 -6.289886 0.932434 13.569063 -0.126803 0.612110 2.869610
    41 1.327774 -0.766687 12.396328 -0.001572 0.000902 -0.014576
    42 -0.096140 1.828087 23.185329 -0.146116 -0.060209 -1.452218
    43 2.325478 -0.000003 6.169296 0.308846 0.225621 2.199990
    44 0.000000 -3.152912 0.122169 1.961052 0.000000 0.000000
    45 1.933594 -10.226563 6.964844 0.292219 -1.282324 -3.141588
    46 0.343506 0.000008 1.441406 0.547137 -0.343566 0.107833
    47 2.479414 -8.323895 6.074242 0.022355 -0.544672 2.243038
    48 0.000002 -5.070313 5.929688 0.000000 0.000000 0.000000
    49 -1.068383 -10.478611 7.065971 0.292219 1.282324 3.141588
    50 -0.000488 0.000015 2.279600 0.547136 0.343566 0.107835
    51 -2.479401 -8.323895 6.074234 0.037754 -0.538726 2.240304
    52 -5.790000 4.432083 14.255558 -3.194396 1.373283 -0.487029
    53 1.044540 -2.839314 19.743252 -0.178654 0.712055 -0.092644
    54 -2.655510 -1.533379 24.792648 -0.319240 -0.076420 0.904958
    55 -1.120216 -0.154385 9.795983 -0.020355 -0.001001 0.176791
    56 -2.240372 -0.308788 19.592047 -0.060869 0.263513 0.355986
    57 -0.683205 2.877342 14.167089 -1.604576 0.208954 -1.789836
    58 -0.144958 -0.145317 7.579308 -1.541391 0.304896 -0.166506
    59 -0.038551 -0.936644 4.697678 -2.189566 0.238585 -0.365176
    60 -0.506317 8.500896 13.617329 -1.710279 0.278188 -1.993619
    61 0.385056 -0.460075 7.003435 -1.471905 0.596196 -0.385484
    62 -0.456360 -0.710276 5.057732 -1.989932 0.545832 -0.699272
    63 2.452194 -8.899408 11.597939 -1.419606 0.110527 -1.352657
    64 -0.680515 -0.903999 6.074242 -1.453600 -0.173888 -0.003175
    65 -0.248295 -0.666843 3.386627 -1.668601 -0.122155 0.124625
    66 0.717491 -3.784309 13.044010 -1.725758 0.009829 -1.454343
    67 -1.099228 -1.407673 8.017876 -1.350904 -0.015601 0.007733
    68 -0.064053 -0.807640 3.686100 -1.839904 -0.037749 0.018153
    69 4.004906 6.172710 4.754800 -0.720269 -0.940275 -1.497138
    70 -0.158381 -1.149773 5.804405 -0.345801 0.685529 0.599782
    71 1.078559 -2.386406 5.215008 -1.052487 1.087708 -0.156294
    72 6.289963 0.932404 13.569109 -0.126801 -0.612098 -2.869612
    73 -1.327759 -0.766682 12.396324 -0.052106 -0.016170 0.445397
    74 0.000017 -54.999996 0.000000 0.000000 0.000000 -1.570796
  time 16
    0 0.000000 0.000000 -1.500000 0.000000 0.000000 0.000000
    1 -10.521344 -5.760963 66.994621 3.097005 -0.050653 -3.139334
    2 7.742795 36.448864 6.116143 0.265862 -0.138160 1.212709
    3 -0.000034 0.000012 24.761454 -0.699021 -0.081185 -0.386368
    4 0.000017 0.000000 24.344809 1.324003 0.033393 0.022506
    5 0.002333 -1.019846 24.031336 0.389660 -0.042710 0.017201
    6 0.000034 0.000008 13.404741 -0.000001 -0.000009 -0.190202
    7 10.398263 -5.760962 66.994675 3.097005 0.050653 3.139334
    8 19.293391 20.456282 -4.911472 0.944160 -1.069646 0.229865
    9 -0.000004 -0.000006 24.761459 -1.287914 0.149348 -1.158460
    10 -0.000007 0.000004 24.344891 1.295850 -0.051725 -0.141846
    11 -0.002360 -1.019903 24.031330 0.389663 0.009462 0.021695
    12 0.000000 -0.000002 13.404737 0.000001 0.000005 -0.477932
    13 -0.061540 -5.245835 72.927078 0.000000 0.000000 0.000000
    14 -12.413117 31.226504 -0.839226 -0.294587 -0.336932 -0.827960
    15 0.000000 -0.005608 -1.146812 -0.240948 -0.048612 -0.223318
    16 0.030770 -0.240000 8.906021 -0.004138 0.000000 0.000000
    17 -0.484367 0.973542 0.628527 -0.129647 -0.095112 -0.345739
    18 0.030770 -0.276858 8.905140 0.056125 0.004134 -0.000049
    19 -0.411434 -0.421012 0.635563 0.130579 -0.183167 -0.038160
    20 5.669724 4.435303 14.302868 1.686636 -1.448540 0.949526
    21 -1.044571 -2.839317 19.743267 -0.700658 -0.502943 0.145697
    22 2.655533 -1.533369 24.792658 -1.377498 0.131229 0.124320
    23 1.120163 -0.154394 9.796035 -0.027941 0.000422 -0.242693
    24 2.240311 -0.308786 19.592051 -0.120583 0.140917 -0.489846
    25 0.683151 2.877354 14.167051 -1.511394 -0.211768 1.554307
    26 0.144936 -0.145374 7.579252 -1.768092 -0.243254 0.235289
    27 0.091660 -0.906685 4.702850 -1.587479 -0.182565 0.191124
    28 0.506271 8.500866 13.617253 -1.470526 -0.303331 1.571638
    29 -0.384987 -0.460049 7.003448 -1.747476 -0.440889 0.551348
    30 0.561516 -0.596954 5.061852 -1.494372 -0.380557 0.386326
    31 -2.452171 -8.899406 11.597897 -1.564465 -0.075967 1.475308
    32 0.680496 -0.903999 6.074253 -1.628053 0.173822 -0.014264
    33 0.245514 -0.661150 3.388004 -1.484466 0.109509 -0.099209
    34 -0.717484 -3.784271 13.043911 -1.593590 -0.028646 1.464722
    35 1.099216 -1.407745 8.017889 -1.782123 0.031969 -0.017454
    36 0.068439 -0.807653 3.686054 -1.465865 0.034014 -0.009745
    37 -4.004929 6.172707 4.754754 0.109464 1.126798 2.530885
    38 0.158352 -1.149811 5.804394 -0.869542 -0.330219 0.145630
    39 -1.083523 -1.463142 5.544399 -0.797673 -0.152792 -0.023938
    40 -6.289886 0.932434 13.569063 -0.126803 0.612110 2.869610
    41 1.327774 -0.766687 12.396328 -0.001093 0.000614 -0.010006
    42 -0.096140 1.828087 23.185329 -0.146116 -0.060209 -1.452218
    43 2.325478 -0.000003 6.169296 0.314528 0.225679 2.204740
    44 0.000000 -3.152912 0.122169 1.961052 0.000000 0.000000
    45 1.933594 -10.226563 6.964844 0.292219 -1.282324 -3.141588
    46 0.343506 0.000008 1.441406 0.547137 -0.343566 0.107833
    47 2.479414 -8.323895 6.074242 0.021621 -0.525042 2.232532
    48 0.000002 -5.070313 5.929688 0.000000 0.000000 0.000000
    49 -1.068383 -10.478611 7.065971 0.292219 1.282324 3.141588
    50 -0.000488 0.000015 2.279600 0.547136 0.343566 0.107835
    51 -2.479401 -8.323895 6.074234 0.036991 -0.519259 2.229957
    52 -5.790000 4.432083 14.255558 -3.233314 1.371082 -0.531104
    53 1.044540 -2.839314 19.743252 -0.207484 0.745973 -0.104129
    54 -2.655510 -1.533379 24.792648 -0.311842 -0.076162 0.911471
    55 -1.120216 -0.154385 9.795983 -0.020511 -0.000989 0.178233
    56 -2.240372 -0.308788 19.592047 -0.057509 0.262127 0.359251
    57 -0.683205 2.877342 14.167089 -1.604576 0.208954 -1.789836
    58 -0.144958 -0.145317 7.579308 -1.541391 0.304896 -0.166506
    59 -0.038551 -0.936644 4.697678 -2.189566 0.238585 -0.365176
    60 -0.506317 8.500896 13.617329 -1.710279 0.278188 -1.993619
    61 0.385056 -0.460075 7.003435 -1.471905 0.596213 -0.385484
    62 -0.456360 -0.710276 5.057732 -1.989932 0.545854 -0.699272
    63 2.452194 -8.899408 11.597939 -1.419606 0.110527 -1.352657
    64 -0.680515 -0.903999 6.074242 -1.453600 -0.173888 -0.003175
    65 -0.248295 -0.666843 3.386627 -1.668601 -0.122155 0.124625
    66 0.717491 -3.784309 13.044010 -1.725758 0.009829 -1.454343
    67 -1.099228 -1.407673 8.017876 -1.350904 -0.015601 0.007733
    68 -0.064053 -0.807640 3.686100 -1.839904 -0.037749 0.018153
    69 4.004906 6.172710 4.754800 -0.720269 -0.940275 -1.497138
    70 -0.158381 -1.149773 5.804405 -0.345801 0.685529 0.599782
    71 1.078559 -2.386406 5.215008 -1.052487 1.087708 -0.156294
    72 6.289963 0.932404 13.569109 -0.126801 -0.612098 -2.869612
    73 -1.327759 -0.766682 12.396324 -0.052406 -0.016194 0.447710
    74 0.000017 -54.999996 0.000000 0.000000 0.000000 -1.570796
  time 17
    0 0.000000 0.000000 -1.500000 0.000000 0.000000 0.000000
    1 -10.521344 -5.760963 66.994621 3.097005 -0.050653 -3.139334
    2 7.317001 32.888536 6.138567 0.243385 -0.069797 1.236520
    3 -0.000034 0.000012 24.761454 -0.695037 -0.080717 -0.416581
    4 0.000017 0.000000 24.344809 1.367773 -0.025661 0.000619
    5 0.002333 -1.019846 24.031336 0.389660 -0.042710 0.017213
    6 0.000034 0.000008 13.404741 -0.000001 -0.000009 -0.200073
    7 10.398263 -5.760962 66.994675 3.097005 0.050653 3.139334
    8 18.875410 16.921790 -4.888992 0.754345 -1.078608 0.312959
    9 -0.000004 -0.000006 24.761459 -1.226482 0.142254 -1.116973
    10 -0.000007 0.000004 24.344891 1.319988 0.084018 -0.033537
    11 -0.002360 -1.019903 24.031330 0.389663 0.009462 0.021695
    12 0.000000 -0.000002 13.404737 0.000001 0.000005 -0.438321
    13 -0.061540 -5.245835 72.927078 0.000000 0.000000 0.000000
    14 -11.983417 27.697858 -1.019474 -0.297276 -0.338034 -0.828020
    15 0.000000 -0.005608 -1.146812 -0.240885 -0.048596 -0.223155
    16 0.030770 -0.240000 8.906021 -0.004138 0.000000 0.000000
    17 -0.519524 1.000886 0.624621 -0.132487 -0.104126 -0.344501
    18 0.030770 -0.276858 8.905140 0.056125 0.004134 -0.000049
    19 -0.294243 -0.440544 0.647282 0.135797 -0.142086 -0.039574
    20 5.669724 4.435303 14.302868 1.678309 -1.450373 0.956905
    21 -1.044571 -2.839317 19.743267 -0.689455 -0.485670 0.137885
    22 2.655533 -1.533369 24.792658 -1.388521 0.131152 0.144861
    23 1.120163 -0.154394 9.796035 -0.028001 0.000410 -0.243280
    24 2.240311 -0.308786 19.592051 -0.121409 0.142989 -0.491152
    25 0.683151 2.877354 14.167051 -1.511394 -0.211768 1.554307
    26 0.144936 -0.145374 7.579252 -1.768092 -0.243254 0.235289
    27 0.091660 -0.906685 4.702850 -1.587479 -0.182565 0.191124
    28 0.506271 8.500866 13.617253 -1.470526 -0.303331 1.571638
    29 -0.384987 -0.460049 7.003448 -1.747476 -0.440889 0.551348
    30 0.561516 -0.596954 5.061852 -1.494407 -0.380557 0.386314
    31 -2.452171 -8.899406 11.597897 -1.564465 -0.075967 1.475308
    32 0.680496 -0.903999 6.074253 -1.628053 0.173822 -0.014264
    33 0.245514 -0.661150 3.388004 -1.484466 0.109509 -0.099209
    34 -0.717484 -3.784271 13.043911 -1.593590 -0.028646 1.464722
    35 1.099216 -1.407745 8.017889 -1.782123 0.031969 -0.017454
    36 0.068439 -0.807653 3.686054 -1.465865 0.034014 -0.009745
    37 -4.004929 6.172707 4.754754 0.109464 1.126798 2.530885
    38 0.158352 -1.149811 5.804394 -0.869542 -0.330219 0.145630
    39 -1.083523 -1.463142 5.544399 -0.797673 -0.152792 -0.023938
    40 -6.289886 0.932434 13.569063 -0.126803 0.612110 2.869610
    41 1.327774 -0.766687 12.396328 0.000142 -0.000081 0.001242
    42 -0.096140 1.828087 23.185329 -0.146116 -0.060209 -1.452218
    43 2.325478 -0.000003 6.169296 0.316534 0.225679 2.206416
    44 0.000000 -3.152912 0.122169 1.961052 0.000000 0.000000
    45 1.933594 -10.226563 6.964844 0.292219 -1.282324 -3.141588
    46 0.343506 0.000008 1.441406 0.547137 -0.343566 0.107833
    47 2.479414 -8.323895 6.074242 0.021403 -0.501656 2.235397
    48 0.000002 -5.070313 5.929688 0.000000 0.000000 0.000000
    49 -1.068383 -10.478611 7.065971 0.292219 1.282324 3.141588
    50 -0.000488 0.000015 2.279600 0.547136 0.343566 0.107835
    51 -2.479401 -8.323895 6.074234 0.036590 -0.496106 2.232831
    52 -5.790000 4.432083 14.255558 -3.245968 1.370334 -0.545381
    53 1.044540 -2.839314 19.743252 -0.211213 0.779976 -0.108075
    54 -2.655510 -1.533379 24.792648 -0.307867 -0.076602 0.902232
    55 -1.120216 -0.154385 9.795983 -0.020571 -0.001001 0.178723
    56 -2.240372 -0.308788 19.592047 -0.056364 0.261632 0.360368
    57 -0.683205 2.877342 14.167089 -1.604527 0.208954 -1.789836
    58 -0.144958 -0.145317 7.579308 -1.541391 0.304896 -0.166506
    59 -0.038551 -0.936644 4.697678 -2.189566 0.238585 -0.365176
    60 -0.506317 8.500896 13.617329 -1.710279 0.278188 -1.993619
    61 0.385056 -0.460075 7.003435 -1.471905 0.596196 -0.385484
    62 -0.456360 -0.710276 5.057732 -1.989932 0.545832 -0.699289
    63 2.452194 -8.899408 11.597939 -1.419606 0.110527 -1.352657
    64 -0.680515 -0.903999 6.074242 -1.453600 -0.173888 -0.003175
    65 -0.248295 -0.666843 3.386627 -1.668601 -0.122155 0.124625
    66 0.717491 -3.784309 13.044010 -1.725758 0.009829 -1.454343
    67 -1.099228 -1.407673 8.017876 -1.350904 -0.015601 0.007733
    68 -0.064053 -0.807640 3.686100 -1.839904 -0.037749 0.018153
    69 4.004906 6.172710 4.754800 -0.720269 -0.940275 -1.497138
    70 -0.158381 -1.149773 5.804405 -0.345801 0.685529 0.599782
    71 1.078559 -2.386406 5.215008 -1.052487 1.087708 -0.156294
    72 6.289963 0.932404 13.569109 -0.126801 -0.612098 -2.869612
    73 -1.327759 -0.766682 12.396324 -0.051555 -0.016134 0.440863
    74 0.000017 -54.999996 0.000000 0.000000 0.000000 -1.570796
  time 18
    0 0.000000 0.000000 -1.500000 0.000000 0.000000 0.000000
    1 -10.521344 -5.760963 66.994621 3.097005 -0.050653 -3.139334
    2 9.090492 23.668516 3.985811 -0.089876 0.132508 0.757023
    3 -0.000034 0.000012 24.761454 -0.295193 -0.034385 -0.006997
    4 0.000017 0.000000 24.344809 1.249102 -0.167967 -0.026065
    5 0.002333 -1.019846 24.031336 0.453091 -0.035603 0.021300
    6 0.000034 0.000008 13.404741 -0.000001 -0.000009 0.000504
    7 10.398263 -5.760962 66.994675 3.097005 0.050653 3.139334
    8 14.840130 9.715423 0.393848 0.846139 -1.113433 0.146358
    9 -0.000004 -0.000006 24.761459 -1.504329 0.174384 -1.072186
    10 -0.000007 0.000004 24.344891 1.376202 0.148346 0.002678
    11 -0.002360 -1.019903 24.031330 0.390815 0.043978 0.047486
    12 0.000000 -0.000002 13.404737 0.000001 0.000005 -0.464707
    13 -0.061540 -5.245835 72.927078 0.000000 0.000000 0.000000
    14 -11.635750 17.379773 -1.695407 -0.023447 -0.049460 -0.478629
    15 0.000000 -0.005608 -1.146812 -0.111573 -0.030338 -0.260983
    16 0.030770 -0.240000 8.906021 -0.004138 0.000000 0.000000
    17 0.007836 1.227456 0.480085 -0.181330 -0.075488 -0.397613
    18 0.030770 -0.276858 8.905140 0.056125 0.004134 -0.000049
    19 0.522188 -0.135847 0.514465 -0.007719 0.167555 -0.072712
    20 5.669724 4.435303 14.302868 2.001124 -1.382053 1.037693
    21 -1.044571 -2.839317 19.743267 -0.312523 -0.318212 0.086390
    22 2.655533 -1.533369 24.792658 -1.336922 0.144371 -0.391077
    23 1.120163 -0.154394 9.796035 -0.028001 0.000410 -0.243245
    24 2.240311 -0.308786 19.592051 -0.121366 0.142989 -0.491112
    25 0.683151 2.877354 14.167051 -1.511394 -0.211768 1.554307
    26 0.144936 -0.145374 7.579252 -1.768092 -0.243254 0.235289
    27 0.091660 -0.906685 4.702850 -1.587479 -0.182565 0.191124
    28 0.506271 8.500866 13.617253 -1.470526 -0.303331 1.571638
    29 -0.384987 -0.460049 7.003448 -1.747476 -0.440889 0.551348
    30 0.561516 -0.596954 5.061852 -1.494372 -0.380557 0.386326
    31 -2.452171 -8.899406 11.597897 -1.564465 -0.075967 1.475308
    32 0.680496 -0.903999 6.074253 -1.628053 0.173822 -0.014264
    33 0.245514 -0.661150 3.388004 -1.484466 0.109509 -0.099209
    34 -0.717484 -3.784271 13.043911 -1.593590 -0.028658 1.464722
    35 1.099216 -1.407745 8.017889 -1.782123 0.031969 -0.017454
    36 0.068439 -0.807653 3.686054 -1.465865 0.034014 -0.009745
    37 -4.004929 6.172707 4.754754 0.109464 1.126798 2.530885
    38 0.158352 -1.149811 5.804394 -0.869542 -0.330219 0.145630
    39 -1.083523 -1.463142 5.544399 -0.797673 -0.152792 -0.023938
    40 -6.289886 0.932434 13.569063 -0.126803 0.612110 2.869610
    41 1.327774 -0.766687 12.396328 -0.029616 0.012275 -0.260232
    42 -0.096140 1.828087 23.185329 -0.146116 -0.060209 -1.452218
    43 2.325478 -0.000003 6.169296 0.104427 0.176615 1.887235
    44 0.000000 -3.152912 0.122169 2.055006 0.000000 0.000000
    45 1.933594 -10.226563 6.964844 0.292219 -1.282324 -3.141588
    46 0.343506 0.000008 1.441406 0.547137 -0.343566 0.107833
    47 2.479414 -8.323895 6.074242 0.022001 -0.186227 2.320017
    48 0.000002 -5.070313 5.929688 0.000000 0.000000 0.000000
    49 -1.068383 -10.478611 7.065971 0.292219 1.282324 3.141588
    50 -0.000488 0.000015 2.279600 0.547136 0.343566 0.107835
    51 -2.479401 -8.323895 6.074234 0.034662 -0.191998 2.317237
    52 -5.790000 4.432083 14.255558 -5.050776 1.408881 -2.414737
    53 1.044540 -2.839314 19.743252 -0.009737 0.514400 -0.053781
    54 -2.655510 -1.533379 24.792648 -0.272337 -0.084872 0.603931
    55 -1.120216 -0.154385 9.795983 -0.046985 0.003218 0.410882
    56 -2.240372 -0.308788 19.592047 0.089803 -0.035242 0.832759
    57 -0.683205 2.877342 14.167089 -1.604527 0.208954 -1.789836
    58 -0.144958 -0.145317 7.579308 -1.541391 0.304896 -0.166506
    59 -0.038551 -0.936644 4.697678 -2.189566 0.238585 -0.365164
    60 -0.506317 8.500896 13.617329 -1.710279 0.278188 -1.993619
    61 0.385056 -0.460075 7.003435 -1.471905 0.596196 -0.385484
    62 -0.456360 -0.710276 5.057732 -1.989932 0.545854 -0.699272
    63 2.452194 -8.899408 11.597939 -1.419606 0.110527 -1.352657
    64 -0.680515 -0.903999 6.074242 -1.453600 -0.173888 -0.003175
    65 -0.248295 -0.666843 3.386627 -1.668601 -0.122155 0.124625
    66 0.717491 -3.784309 13.044010 -1.725758 0.009829 -1.454343
    67 -1.099228 -1.407673 8.017876 -1.350904 -0.015601 0.007733
    68 -0.064053 -0.807640 3.686100 -1.839904 -0.037749 0.018153
    69 4.004906 6.172710 4.754800 -0.720269 -0.940275 -1.497138
    70 -0.158381 -1.149773 5.804405 -0.345801 0.685529 0.599782
    71 1.078559 -2.386406 5.215008 -1.052487 1.087708 -0.156294
    72 6.289963 0.932404 13.569109 -0.126801 -0.612098 -2.869612
    73 -1.327759 -0.766682 12.396324 -0.034489 -0.013497 0.300958
    74 0.000017 -54.999996 0.000000 0.000000 0.000000 -1.570796
  time 19
    0 0.000000 0.000000 -1.500000 0.000000 0.000000 0.000000
    1 -10.521344 -5.760963 66.994621 3.097005 -0.050653 -3.139334
    2 11.051490 7.855751 5.600378 -0.567699 -0.022728 0.085596
    3 -0.000034 0.000012 24.761454 -0.000229 -0.000133 0.533739
    4 0.000017 0.000000 24.344809 1.150405 -0.360929 0.029096
    5 0.002333 -1.019846 24.031336 0.627739 -0.052945 0.030624
    6 0.000034 0.000008 13.404741 -0.000001 -0.000009 0.273979
    7 10.398263 -5.760962 66.994675 3.097005 0.050653 3.139334
    8 11.664252 5.981101 4.732521 0.327113 -0.355887 0.127957
    9 -0.000004 -0.000006 24.761459 -0.316165 0.036813 -0.519623
    10 -0.000007 0.000004 24.344891 0.819290 0.184498 -0.003585
    11 -0.002360 -1.019903 24.031330 0.392912 0.078445 0.073372
    12 0.000000 -0.000002 13.404737 0.000001 0.000005 -0.268626
    13 -0.061540 -5.245835 72.927078 0.000000 0.000000 0.000000
    14 -11.420900 4.977109 -5.075072 0.253582 -0.069865 0.216790
    15 0.000000 -0.005608 -1.146812 0.128168 0.005612 -0.317942
    16 0.030770 -0.240000 8.906021 -0.004138 0.000000 0.000000
    17 0.953177 -2.178898 -0.082432 0.273975 0.237419 -0.317426
    18 0.030770 -0.276858 8.905140 0.056125 0.004134 -0.000049
    19 0.869855 0.239164 0.229300 -0.066412 0.387175 -0.125600
    20 5.669724 4.435303 14.302868 1.258736 -1.159230 2.060429
    21 -1.044571 -2.839317 19.743267 0.008982 -0.485409 0.052972
    22 2.655533 -1.533369 24.792658 -1.009669 0.080390 0.321324
    23 1.120163 -0.154394 9.796035 -0.028001 0.000422 -0.243245
    24 2.240311 -0.308786 19.592051 -0.121409 0.142989 -0.491112
    25 0.683151 2.877354 14.167051 -1.511394 -0.211768 1.554307
    26 0.144936 -0.145374 7.579252 -1.768092 -0.243254 0.235289
    27 0.091660 -0.906685 4.702850 -1.587479 -0.182565 0.191124
    28 0.506271 8.500866 13.617253 -1.470526 -0.303331 1.571638
    29 -0.384987 -0.460049 7.003448 -1.747476 -0.440889 0.551348
    30 0.561516 -0.596954 5.061852 -1.494372 -0.380557 0.386314
    31 -2.452171 -8.899406 11.597897 -1.564465 -0.075967 1.475308
    32 0.680496 -0.903999 6.074253 -1.628053 0.173822 -0.014264
    33 0.245514 -0.661150 3.388004 -1.484466 0.109509 -0.099209
    34 -0.717484 -3.784271 13.043911 -1.593590 -0.028658 1.464722
    35 1.099216 -1.407745 8.017889 -1.782123 0.031969 -0.017454
    36 0.068439 -0.807653 3.686054 -1.465865 0.034014 -0.009745
    37 -4.004929 6.172707 4.754754 0.109464 1.126798 2.530885
    38 0.158352 -1.149811 5.804394 -0.869542 -0.330234 0.145630
    39 -1.083523 -1.463142 5.544399 -0.797673 -0.152792 -0.023938
    40 -6.289886 0.932434 13.569063 -0.126803 0.612110 2.869610
    41 1.327774 -0.766687 12.396328 0.010988 -0.007152 0.106093
    42 -0.096140 1.828087 23.185329 -0.146116 -0.060209 -1.452218
    43 2.325478 -0.000003 6.169296 -0.086813 -0.075057 1.477931
    44 0.000000 -3.152912 0.122169 2.229552 0.000000 0.000000
    45 1.933594 -10.226563 6.964844 0.292219 -1.282324 -3.141588
    46 0.343506 0.000008 1.441406 0.547137 -0.343566 0.107833
    47 2.479414 -8.323895 6.074242 -0.007088 0.000157 1.606383
    48 0.000002 -5.070313 5.929688 0.000000 0.000000 0.000000
    49 -1.068383 -10.478611 7.065971 0.292219 1.282324 3.141588
    50 -0.000488 0.000015 2.279600 0.547136 0.343566 0.107835
    51 -2.479401 -8.323895 6.074234 0.010461 -0.022698 1.619188
    52 -5.790000 4.432083 14.255558 -5.326175 1.111933 -2.808251
    53 1.044540 -2.839314 19.743252 -0.169304 0.170771 -0.084779
    54 -2.655510 -1.533379 24.792648 -0.237310 -0.082672 0.317292
    55 -1.120216 -0.154385 9.795983 -0.072140 0.013608 0.647150
    56 -2.240372 -0.308788 19.592047 -0.102489 -0.395183 1.359537
    57 -0.683205 2.877342 14.167089 -1.604576 0.208954 -1.789836
    58 -0.144958 -0.145317 7.579308 -1.541391 0.304896 -0.166506
    59 -0.038551 -0.936644 4.697678 -2.189566 0.238585 -0.365188
    60 -0.506317 8.500896 13.617329 -1.710279 0.278188 -1.993619
    61 0.385056 -0.460075 7.003435 -1.471905 0.596196 -0.385484
    62 -0.456360 -0.710276 5.057732 -1.989932 0.545832 -0.699289
    63 2.452194 -8.899408 11.597939 -1.419606 0.110527 -1.352657
    64 -0.680515 -0.903999 6.074242 -1.453600 -0.173888 -0.003175
    65 -0.248295 -0.666843 3.386627 -1.668601 -0.122155 0.124625
    66 0.717491 -3.784309 13.044010 -1.725758 0.009829 -1.454343
    67 -1.099228 -1.407673 8.017876 -1.350904 -0.015601 0.007733
    68 -0.064053 -0.807640 3.686100 -1.839904 -0.037749 0.018153
    69 4.004906 6.172710 4.754800 -0.720269 -0.940275 -1.497138
    70 -0.158381 -1.149773 5.804405 -0.345801 0.685529 0.599782
    71 1.078559 -2.386406 5.215008 -1.052487 1.087708 -0.156294
    72 6.289963 0.932404 13.569109 -0.126801 -0.612098 -2.869612
    73 -1.327759 -0.766682 12.396324 -0.020599 -0.009494 0.183584
    74 0.000017 -54.999996 0.000000 0.000000 0.000000 -1.570796
  time 20
    0 0.000000 0.000000 -1.500000 0.000000 0.000000 0.000000
    1 -10.521344 -5.760963 66.994621 3.097005 -0.050653 -3.139334
    2 10.992894 2.232889 19.503593 -0.436663 0.080818 -0.374021
    3 -0.000034 0.000012 24.761454 -1.079515 -0.125228 0.696245
    4 0.000017 0.000000 24.344809 2.000579 -0.388068 -0.213629
    5 0.002333 -1.019846 24.031336 0.701847 -0.014798 0.046743
    6 0.000034 0.000008 13.404741 -0.000001 -0.000009 0.348101
    7 10.398263 -5.760962 66.994675 3.097005 0.050653 3.139334
    8 14.101826 8.878635 19.434553 1.179701 -0.626034 -0.311856
    9 -0.000004 -0.000006 24.761459 -1.452796 0.168440 -0.471426
    10 -0.000007 0.000004 24.344891 1.185875 0.186187 0.040890
    11 -0.002360 -1.019903 24.031330 0.392889 0.078445 0.073372
    12 0.000000 -0.000002 13.404737 0.000001 0.000005 -0.294003
    13 -0.061540 -5.245835 72.927078 0.000000 0.000000 0.000000
    14 -11.350585 2.985695 -20.125847 0.416900 -0.120463 0.628036
    15 0.000000 -0.005608 -1.146812 0.257225 0.024308 -0.341558
    16 0.030770 -0.240000 8.906021 -0.004138 0.000000 0.000000
    17 0.128933 -3.171116 -0.539477 0.483804 -0.065157 0.138615
    18 0.030770 -0.276858 8.905140 0.056125 0.004134 -0.000049
    19 0.162802 -0.725709 0.155079 0.410747 0.038428 0.023489
    20 5.669724 4.435303 14.302868 1.246389 -0.947013 2.294742
    21 -1.044571 -2.839317 19.743267 0.173404 -0.772943 -0.038512
    22 2.655533 -1.533369 24.792658 -0.751937 0.069861 0.216271
    23 1.120163 -0.154394 9.796035 -0.028001 0.000422 -0.243245
    24 2.240311 -0.308786 19.592051 -0.121409 0.143035 -0.491112
    25 0.683151 2.877354 14.167051 -1.511394 -0.211768 1.554307
    26 0.144936 -0.145374 7.579252 -1.768092 -0.243254 0.235289
    27 0.091660 -0.906685 4.702850 -1.587479 -0.182565 0.191124
    28 0.506271 8.500866 13.617253 -1.470526 -0.303331 1.571638
    29 -0.384987 -0.460049 7.003448 -1.747476 -0.440889 0.551348
    30 0.561516 -0.596954 5.061852 -1.494372 -0.380557 0.386326
    31 -2.452171 -8.899406 11.597897 -1.564465 -0.075967 1.475308
    32 0.680496 -0.903999 6.074253 -1.628053 0.173822 -0.014264
    33 0.245514 -0.661150 3.388004 -1.484466 0.109509 -0.099209
    34 -0.717484 -3.784271 13.043911 -1.593590 -0.028658 1.464722
    35 1.099216 -1.407745 8.017889 -1.782123 0.031969 -0.017454
    36 0.068439 -0.807653 3.686054 -1.465865 0.034014 -0.009745
    37 -4.004929 6.172707 4.754754 0.109464 1.126798 2.530885
    38 0.158352 -1.149811 5.804394 -0.869542 -0.330219 0.145630
    39 -1.083523 -1.463142 5.544399 -0.797673 -0.152792 -0.023938
    40 -6.289886 0.932434 13.569063 -0.126803 0.612110 2.869610
    41 1.327774 -0.766687 12.396328 0.012666 -0.008374 0.122865
    42 -0.096140 1.828087 23.185329 -0.146116 -0.060209 -1.452218
    43 2.325478 -0.000003 6.169296 -0.126732 -0.276275 1.406966
    44 0.000000 -3.152912 0.122169 2.323555 0.000000 0.000000
    45 1.933594 -10.226563 6.964844 0.292219 -1.282324 -3.141588
    46 0.343506 0.000008 1.441406 0.547137 -0.343566 0.107833
    47 2.479414 -8.323895 6.074242 -0.053141 0.679713 0.276723
    48 0.000002 -5.070313 5.929688 0.000000 0.000000 0.000000
    49 -1.068383 -10.478611 7.065971 0.292219 1.282324 3.141588
    50 -0.000488 0.000015 2.279600 0.547136 0.343566 0.107835
    51 -2.479401 -8.323895 6.074234 -0.046858 0.675956 0.260647
    52 -5.790000 4.432083 14.255558 -5.912824 1.002442 -2.387717
    53 1.044540 -2.839314 19.743252 -0.675387 0.095304 -0.017040
    54 -2.655510 -1.533379 24.792648 -0.437354 -0.074091 0.052464
    55 -1.120216 -0.154385 9.795983 -0.023543 -0.000821 0.204485
    56 -2.240372 -0.308788 19.592047 -0.011994 -0.001827 0.412780
    57 -0.683205 2.877342 14.167089 -1.604576 0.208954 -1.789836
    58 -0.144958 -0.145317 7.579308 -1.541391 0.304896 -0.166506
    59 -0.038551 -0.936644 4.697678 -2.189566 0.238585 -0.365176
    60 -0.506317 8.500896 13.617329 -1.710279 0.278188 -1.993619
    61 0.385056 -0.460075 7.003435 -1.471905 0.596196 -0.385484
    62 -0.456360 -0.710276 5.057732 -1.989932 0.545832 -0.699272
    63 2.452194 -8.899408 11.597939 -1.419606 0.110527 -1.352657
    64 -0.680515 -0.903999 6.074242 -1.453600 -0.173888 -0.003175
    65 -0.248295 -0.666843 3.386627 -1.668601 -0.122155 0.124625
    66 0.717491 -3.784309 13.044010 -1.725758 0.009829 -1.454343
    67 -1.099228 -1.407673 8.017876 -1.350904 -0.015601 0.007733
    68 -0.064053 -0.807640 3.686100 -1.839904 -0.037749 0.018153
    69 4.004906 6.172710 4.754800 -0.720269 -0.940275 -1.497138
    70 -0.158381 -1.149773 5.804405 -0.345801 0.685529 0.599782
    71 1.078559 -2.386406 5.215008 -1.052487 1.087708 -0.156294
    72 6.289963 0.932404 13.569109 -0.126801 -0.612098 -2.869612
    73 -1.327759 -0.766682 12.396324 -0.002946 -0.001657 0.027255
    74 0.000017 -54.999996 0.000000 0.000000 0.000000 -1.570796
  time 21
    0 0.000000 0.000000 -1.500000 0.000000 0.000000 0.000000
    1 -10.521344 -5.760963 66.994621 3.097005 -0.050653 -3.139334
    2 10.918673 2.404767 20.938763 -0.396218 0.123128 -0.396697
    3 -0.000034 0.000012 24.761454 -1.235494 -0.143265 0.647424
    4 0.000017 0.000000 24.344809 2.055322 -0.373853 -0.232621
    5 0.002333 -1.019846 24.031336 0.767480 -0.010220 0.057937
    6 0.000034 0.000008 13.404741 -0.000001 -0.000009 0.321903
    7 10.398263 -5.760962 66.994675 3.097005 0.050653 3.139334
    8 14.176047 9.053486 20.873284 1.237456 -0.683575 -0.328936
    9 -0.000004 -0.000006 24.761459 -1.520608 0.176266 -0.528667
    10 -0.000007 0.000004 24.344891 1.195879 0.187542 0.041058
    11 -0.002360 -1.019903 24.031330 0.392889 0.078445 0.073372
    12 0.000000 -0.000002 13.404737 0.000001 0.000005 -0.347892
    13 -0.061540 -5.245835 72.927078 0.000000 0.000000 0.000000
    14 -11.350585 3.230255 -21.522775 0.416900 -0.120463 0.628036
    15 0.000000 -0.005608 -1.146812 0.257225 0.024308 -0.341558
    16 0.030770 -0.240000 8.906021 -0.004138 0.000000 0.000000
    17 -0.011696 -3.245337 -0.594166 0.479258 -0.152363 0.241205
    18 0.030770 -0.276858 8.905140 0.056125 0.004134 -0.000049
    19 0.127645 -0.854619 0.104296 0.460612 0.000556 0.023872
    20 5.669724 4.435303 14.302868 1.317020 -0.950606 2.297617
    21 -1.044571 -2.839317 19.743267 0.094299 -0.844122 -0.017136
    22 2.655533 -1.533369 24.792658 -0.518984 0.056719 0.239400
    23 1.120163 -0.154394 9.796035 -0.027989 0.000410 -0.243245
    24 2.240311 -0.308786 19.592051 -0.121366 0.142989 -0.491112
    25 0.683151 2.877354 14.167051 -1.511394 -0.211768 1.554307
    26 0.144936 -0.145374 7.579252 -1.768092 -0.243254 0.235289
    27 0.091660 -0.906685 4.702850 -1.587479 -0.182565 0.191124
    28 0.506271 8.500866 13.617253 -1.470526 -0.303331 1.571638
    29 -0.384987 -0.460049 7.003448 -1.747476 -0.440889 0.551348
    30 0.561516 -0.596954 5.061852 -1.494372 -0.380557 0.386314
    31 -2.452171 -8.899406 11.597897 -1.564465 -0.075967 1.475308
    32 0.680496 -0.903999 6.074253 -1.628053 0.173822 -0.014264
    33 0.245514 -0.661150 3.388004 -1.484466 0.109509 -0.099209
    34 -0.717484 -3.784271 13.043911 -1.593590 -0.028658 1.464722
    35 1.099216 -1.407745 8.017889 -1.782123 0.031969 -0.017454
    36 0.068439 -0.807653 3.686054 -1.465865 0.034014 -0.009745
    37 -4.004929 6.172707 4.754754 0.109464 1.126798 2.530885
    38 0.158352 -1.149811 5.804394 -0.869542 -0.330219 0.145630
    39 -1.083523 -1.463142 5.544399 -0.797673 -0.152792 -0.023938
    40 -6.289886 0.932434 13.569063 -0.126803 0.612110 2.869610
    41 1.327774 -0.766687 12.396328 0.014979 -0.010172 0.146416
    42 -0.096140 1.828087 23.185329 -0.146116 -0.060209 -1.452218
    43 2.325478 -0.000003 6.169296 -0.068859 -0.353467 1.430076
    44 0.000000 -3.152912 0.122169 2.323555 0.000000 0.000000
    45 1.933594 -10.226563 6.964844 0.292219 -1.282324 -3.141588
    46 0.343506 0.000008 1.441406 0.547137 -0.343566 0.107833
    47 2.479414 -8.323895 6.074242 -0.059258 0.812187 -0.033773
    48 0.000002 -5.070313 5.929688 0.000000 0.000000 0.000000
    49 -1.068383 -10.478611 7.065971 0.292219 1.282324 3.141588
    50 -0.000488 0.000015 2.279600 0.547136 0.343566 0.107835
    51 -2.479401 -8.323895 6.074234 -0.059210 0.809440 -0.062031
    52 -5.790000 4.432083 14.255558 -5.931516 0.966471 -2.309532
    53 1.044540 -2.839314 19.743252 -0.876474 0.440756 -0.122118
    54 -2.655510 -1.533379 24.792648 -0.677558 -0.077275 -0.048636
    55 -1.120216 -0.154385 9.795983 -0.023531 -0.000821 0.204485
    56 -2.240372 -0.308788 19.592047 -0.011994 -0.001827 0.412780
    57 -0.683205 2.877342 14.167089 -1.604576 0.208954 -1.789836
    58 -0.144958 -0.145317 7.579308 -1.541391 0.304896 -0.166506
    59 -0.038551 -0.936644 4.697678 -2.189566 0.238585 -0.365188
    60 -0.506317 8.500896 13.617329 -1.710279 0.278188 -1.993619
    61 0.385056 -0.460075 7.003435 -1.471905 0.596213 -0.385484
    62 -0.456360 -0.710276 5.057732 -1.989932 0.545854 -0.699289
    63 2.452194 -8.899408 11.597939 -1.419606 0.110527 -1.352657
    64 -0.680515 -0.903999 6.074242 -1.453600 -0.173888 -0.003175
    65 -0.248295 -0.666843 3.386627 -1.668601 -0.122155 0.124625
    66 0.717491 -3.784309 13.044010 -1.725758 0.009829 -1.454343
    67 -1.099228 -1.407673 8.017876 -1.350904 -0.015601 0.007733
    68 -0.064053 -0.807640 3.686100 -1.839904 -0.037749 0.018153
    69 4.004906 6.172710 4.754800 -0.720269 -0.940275 -1.497138
    70 -0.158381 -1.149773 5.804405 -0.345801 0.685529 0.599782
    71 1.078559 -2.386406 5.215008 -1.052487 1.087708 -0.156294
    72 6.289963 0.932404 13.569109 -0.126801 -0.612098 -2.869612
    73 -1.327759 -0.766682 12.396324 -0.000609 -0.000350 0.005650
    74 0.000017 -54.999996 0.000000 0.000000 0.000000 -1.570796
  time 22
    0 0.000000 0.000000 -1.500000 0.000000 0.000000 0.000000
    1 -10.521344 -5.760963 66.994621 3.097005 -0.050653 -3.139334
    2 10.863984 2.944954 21.992717 -0.356593 0.152048 -0.410503
    3 -0.000034 0.000012 24.761454 -1.352691 -0.156832 0.612651
    4 0.000017 0.000000 24.344809 2.097242 -0.357579 -0.239816
    5 0.002333 -1.019846 24.031336 0.809929 -0.006457 0.068423
    6 0.000034 0.000008 13.404741 -0.000001 -0.000009 0.303341
    7 10.398263 -5.760962 66.994675 3.097005 0.050653 3.139334
    8 14.230737 9.615508 21.952332 1.288556 -0.731788 -0.347338
    9 -0.000004 -0.000006 24.761459 -1.558941 0.180688 -0.581781
    10 -0.000007 0.000004 24.344891 1.184842 0.185276 0.037779
    11 -0.002360 -1.019903 24.031330 0.392889 0.078445 0.073372
    12 0.000000 -0.000002 13.404737 0.000001 0.000005 -0.400814
    13 -0.061540 -5.245835 72.927078 0.000000 0.000000 0.000000
    14 -11.350585 3.835831 -22.581737 0.416900 -0.120463 0.628036
    15 0.000000 -0.005608 -1.146812 0.257225 0.024308 -0.341558
    16 0.030770 -0.240000 8.906021 -0.004138 0.000000 0.000000
    17 -0.085917 -3.307839 -0.648856 0.473808 -0.208386 0.309411
    18 0.030770 -0.276858 8.905140 0.056125 0.004134 -0.000049
    19 0.096394 -0.921027 0.069139 0.484882 -0.026310 0.021236
    20 5.669724 4.435303 14.302868 1.362193 -0.952967 2.299246
    21 -1.044571 -2.839317 19.743267 0.047776 -0.885608 -0.001230
    22 2.655533 -1.533369 24.792658 -0.312156 0.050302 0.256141
    23 1.120163 -0.154394 9.796035 -0.027989 0.000434 -0.243245
    24 2.240311 -0.308786 19.592051 -0.121409 0.143035 -0.491112
    25 0.683151 2.877354 14.167051 -1.511394 -0.211768 1.554307
    26 0.144936 -0.145374 7.579252 -1.768092 -0.243254 0.235289
    27 0.091660 -0.906685 4.702850 -1.587479 -0.182565 0.191124
    28 0.506271 8.500866 13.617253 -1.470526 -0.303331 1.571638
    29 -0.384987 -0.460049 7.003448 -1.747476 -0.440889 0.551348
    30 0.561516 -0.596954 5.061852 -1.494372 -0.380557 0.386326
    31 -2.452171 -8.899406 11.597897 -1.564465 -0.075967 1.475308
    32 0.680496 -0.903999 6.074253 -1.628053 0.173822 -0.014264
    33 0.245514 -0.661150 3.388004 -1.484466 0.109509 -0.099209
    34 -0.717484 -3.784271 13.043911 -1.593546 -0.028646 1.464722
    35 1.099216 -1.407745 8.017889 -1.782123 0.031969 -0.017454
    36 0.068439 -0.807653 3.686054 -1.465865 0.034014 -0.009745
    37 -4.004929 6.172707 4.754754 0.109464 1.126798 2.530885
    38 0.158352 -1.149811 5.804394 -0.869542 -0.330219 0.145630
    39 -1.083523 -1.463142 5.544399 -0.797673 -0.152792 -0.023938
    40 -6.289886 0.932434 13.569063 -0.126803 0.612110 2.869610
    41 1.327774 -0.766687 12.396328 0.016765 -0.011598 0.164946
    42 -0.096140 1.828087 23.185329 -0.146116 -0.060209 -1.452218
    43 2.325478 -0.000003 6.169296 0.040585 -0.402589 1.453664
    44 0.000000 -3.152912 0.122169 2.323555 0.000000 0.000000
    45 1.933594 -10.226563 6.964844 0.292219 -1.282324 -3.141588
    46 0.343506 0.000008 1.441406 0.547137 -0.343566 0.107833
    47 2.479414 -8.323895 6.074242 -0.053576 0.840504 -0.369674
    48 0.000002 -5.070313 5.929688 0.000000 0.000000 0.000000
    49 -1.068383 -10.478611 7.065971 0.292219 1.282324 3.141588
    50 -0.000488 0.000015 2.279600 0.547136 0.343566 0.107835
    51 -2.479401 -8.323895 6.074234 -0.061057 0.832735 -0.403966
    52 -5.790000 4.432083 14.255558 -5.956439 0.944083 -2.267757
    53 1.044540 -2.839314 19.743252 -0.820984 0.462675 -0.132923
    54 -2.655510 -1.533379 24.792648 -0.937993 -0.093130 -0.065145
    55 -1.120216 -0.154385 9.795983 -0.023543 -0.000821 0.204458
    56 -2.240372 -0.308788 19.592047 -0.011994 -0.001827 0.412780
    57 -0.683205 2.877342 14.167089 -1.604576 0.208954 -1.789836
    58 -0.144958 -0.145317 7.579308 -1.541391 0.304896 -0.166506
    59 -0.038551 -0.936644 4.697678 -2.189566 0.238585 -0.365188
    60 -0.506317 8.500896 13.617329 -1.710279 0.278188 -1.993619
    61 0.385056 -0.460075 7.003435 -1.471905 0.596196 -0.385484
    62 -0.456360 -0.710276 5.057732 -1.989932 0.545832 -0.699289
    63 2.452194 -8.899408 11.597939 -1.419606 0.110527 -1.352657
    64 -0.680515 -0.903999 6.074242 -1.453600 -0.173888 -0.003175
    65 -0.248295 -0.666843 3.386627 -1.668601 -0.122155 0.124625
    66 0.717491 -3.784309 13.044010 -1.725758 0.009829 -1.454343
    67 -1.099228 -1.407673 8.017876 -1.350904 -0.015601 0.007733
    68 -0.064053 -0.807640 3.686100 -1.839904 -0.037749 0.018153
    69 4.004906 6.172710 4.754800 -0.720269 -0.940275 -1.497138
    70 -0.158381 -1.149773 5.804405 -0.345801 0.685529 0.599782
    71 1.078559 -2.386406 5.215008 -1.052487 1.087708 -0.156294
    72 6.289963 0.932404 13.569109 -0.126801 -0.612098 -2.869612
    73 -1.327759 -0.766682 12.396324 -0.001783 -0.001009 0.016522
    74 0.000017 -54.999996 0.000000 0.000000 0.000000 -1.570796
  time 23
    0 0.000000 0.000000 -1.500000 0.000000 0.000000 0.000000
    1 -10.521344 -5.760963 66.994621 3.097005 -0.050653 -3.139334
    2 10.828827 3.755236 22.710302 -0.319428 0.174149 -0.419896
    3 -0.000034 0.000012 24.761454 -1.439603 -0.166875 0.595631
    4 0.000017 0.000000 24.344809 2.126709 -0.342368 -0.240032
    5 0.002333 -1.019846 24.031336 0.832628 -0.003820 0.076153
    6 0.000034 0.000008 13.404741 -0.000001 -0.000009 0.294355
    7 10.398263 -5.760962 66.994675 3.097005 0.050653 3.139334
    8 14.265894 10.427317 22.649218 1.328225 -0.764821 -0.363511
    9 -0.000004 -0.000006 24.761459 -1.570600 0.182042 -0.622980
    10 -0.000007 0.000004 24.344891 1.159220 0.180232 0.032020
    11 -0.002360 -1.019903 24.031330 0.392889 0.078445 0.073372
    12 0.000000 -0.000002 13.404737 0.000001 0.000005 -0.444375
    13 -0.061540 -5.245835 72.927078 0.000000 0.000000 0.000000
    14 -11.350585 4.674321 -23.235139 0.416900 -0.120463 0.628036
    15 0.000000 -0.005608 -1.146812 0.257225 0.024308 -0.341558
    16 0.030770 -0.240000 8.906021 -0.004138 0.000000 0.000000
    17 -0.117168 -3.358622 -0.695732 0.472145 -0.240151 0.349185
    18 0.030770 -0.276858 8.905140 0.056125 0.004134 -0.000049
    19 0.080768 -0.944466 0.041795 0.493354 -0.041636 0.019294
    20 5.669724 4.435303 14.302868 1.386120 -0.954236 2.299917
    21 -1.044571 -2.839317 19.743267 0.032024 -0.905542 0.004156
    22 2.655533 -1.533369 24.792658 -0.164087 0.048957 0.266007
    23 1.120163 -0.154394 9.796035 -0.027989 0.000434 -0.243245
    24 2.240311 -0.308786 19.592051 -0.121366 0.143035 -0.491112
    25 0.683151 2.877354 14.167051 -1.511394 -0.211768 1.554307
    26 0.144936 -0.145374 7.579252 -1.768092 -0.243254 0.235289
    27 0.091660 -0.906685 4.702850 -1.587479 -0.182565 0.191124
    28 0.506271 8.500866 13.617253 -1.470526 -0.303331 1.571638
    29 -0.384987 -0.460049 7.003448 -1.747476 -0.440889 0.551348
    30 0.561516 -0.596954 5.061852 -1.494372 -0.380557 0.386314
    31 -2.452171 -8.899406 11.597897 -1.564465 -0.075967 1.475308
    32 0.680496 -0.903999 6.074253 -1.628053 0.173822 -0.014264
    33 0.245514 -0.661150 3.388004 -1.484466 0.109509 -0.099209
    34 -0.717484 -3.784271 13.043911 -1.593546 -0.028646 1.464722
    35 1.099216 -1.407745 8.017889 -1.782123 0.031969 -0.017454
    36 0.068439 -0.807653 3.686054 -1.465865 0.034014 -0.009745
    37 -4.004929 6.172707 4.754754 0.109464 1.126798 2.530885
    38 0.158352 -1.149811 5.804394 -0.869542 -0.330219 0.145630
    39 -1.083523 -1.463142 5.544399 -0.797673 -0.152792 -0.023938
    40 -6.289886 0.932434 13.569063 -0.126803 0.612110 2.869610
    41 1.327774 -0.766687 12.396328 0.018023 -0.012653 0.178002
    42 -0.096140 1.828087 23.185329 -0.146116 -0.060209 -1.452218
    43 2.325478 -0.000003 6.169296 0.160152 -0.434319 1.461048
    44 0.000000 -3.152912 0.122169 2.323555 0.000000 0.000000
    45 1.933594 -10.226563 6.964844 0.292219 -1.282324 -3.141588
    46 0.343506 0.000008 1.441406 0.547137 -0.343566 0.107833
    47 2.479414 -8.323895 6.074242 -0.042049 0.796737 -0.609303
    48 0.000002 -5.070313 5.929688 0.000000 0.000000 0.000000
    49 -1.068383 -10.478611 7.065971 0.292219 1.282324 3.141588
    50 -0.000488 0.000015 2.279600 0.547136 0.343566 0.107835
    51 -2.479401 -8.323895 6.074234 -0.054108 0.783972 -0.641279
    52 -5.790000 4.432083 14.255558 -5.978583 0.933657 -2.247348
    53 1.044540 -2.839314 19.743252 -0.757592 0.438848 -0.120812
    54 -2.655510 -1.533379 24.792648 -1.165666 -0.111780 -0.085365
    55 -1.120216 -0.154385 9.795983 -0.023543 -0.000821 0.204458
    56 -2.240372 -0.308788 19.592047 -0.011994 -0.001827 0.412780
    57 -0.683205 2.877342 14.167089 -1.604576 0.208954 -1.789836
    58 -0.144958 -0.145317 7.579308 -1.541391 0.304896 -0.166506
    59 -0.038551 -0.936644 4.697678 -2.189566 0.238585 -0.365176
    60 -0.506317 8.500896 13.617329 -1.710279 0.278188 -1.993619
    61 0.385056 -0.460075 7.003435 -1.471905 0.596196 -0.385484
    62 -0.456360 -0.710276 5.057732 -1.989932 0.545854 -0.699272
    63 2.452194 -8.899408 11.597939 -1.419606 0.110527 -1.352657
    64 -0.680515 -0.903999 6.074242 -1.453600 -0.173888 -0.003175
    65 -0.248295 -0.666843 3.386627 -1.668601 -0.122155 0.124625
    66 0.717491 -3.784309 13.044010 -1.725758 0.009829 -1.454343
    67 -1.099228 -1.407673 8.017876 -1.350904 -0.015601 0.007733
    68 -0.064053 -0.807640 3.686100 -1.839904 -0.037749 0.018153
    69 4.004906 6.172710 4.754800 -0.720269 -0.940275 -1.497138
    70 -0.158381 -1.149773 5.804405 -0.345801 0.685529 0.599782
    71 1.078559 -2.386406 5.215008 -1.052487 1.087708 -0.156294
    72 6.289963 0.932404 13.569109 -0.126801 -0.612098 -2.869612
    73 -1.327759 -0.766682 12.396324 -0.001735 -0.000985 0.016059
    74 0.000017 -54.999996 0.000000 0.000000 0.000000 -1.570796
  time 24
    0 0.000000 0.000000 -1.500000 0.000000 0.000000 0.000000
    1 -10.521344 -5.760963 66.994621 3.097005 -0.050653 -3.139334
    2 10.817108 4.676010 22.979396 -0.287318 0.193884 -0.427760
    3 -0.000034 0.000012 24.761454 -1.498831 -0.173730 0.599621
    4 0.000017 0.000000 24.344809 2.141073 -0.330734 -0.237612
    5 0.002333 -1.019846 24.031336 0.839423 -0.002741 0.079125
    6 0.000034 0.000008 13.404741 -0.000001 -0.000009 0.296739
    7 10.398263 -5.760962 66.994675 3.097005 0.050653 3.139334
    8 14.277613 11.339041 22.896499 1.350833 -0.775795 -0.372588
    9 -0.000004 -0.000006 24.761459 -1.558116 0.180604 -0.643400
    10 -0.000007 0.000004 24.344891 1.125982 0.173410 0.025210
    11 -0.002360 -1.019903 24.031330 0.392889 0.078445 0.073372
    12 0.000000 -0.000002 13.404737 0.000001 0.000005 -0.468872
    13 -0.061540 -5.245835 72.927078 0.000000 0.000000 0.000000
    14 -11.350585 5.605976 -23.505512 0.416900 -0.120463 0.628036
    15 0.000000 -0.005608 -1.146812 0.257225 0.024308 -0.341558
    16 0.030770 -0.240000 8.906021 -0.004138 0.000000 0.000000
    17 -0.121074 -3.393779 -0.726983 0.474334 -0.255762 0.367954
    18 0.030770 -0.276858 8.905140 0.056125 0.004134 -0.000049
    19 0.084675 -0.944466 0.030075 0.493140 -0.044516 0.019761
    20 5.669724 4.435303 14.302868 1.393106 -0.954588 2.300300
    21 -1.044571 -2.839317 19.743267 0.041661 -0.908099 -0.000751
    22 2.655533 -1.533369 24.792658 -0.107107 0.048880 0.273448
    23 1.120163 -0.154394 9.796035 -0.028001 0.000422 -0.243245
    24 2.240311 -0.308786 19.592051 -0.121409 0.143035 -0.491112
    25 0.683151 2.877354 14.167051 -1.511394 -0.211768 1.554307
    26 0.144936 -0.145374 7.579252 -1.768092 -0.243254 0.235289
    27 0.091660 -0.906685 4.702850 -1.587479 -0.182565 0.191124
    28 0.506271 8.500866 13.617253 -1.470526 -0.303331 1.571638
    29 -0.384987 -0.460049 7.003448 -1.747476 -0.440889 0.551348
    30 0.561516 -0.596954 5.061852 -1.494372 -0.380557 0.386326
    31 -2.452171 -8.899406 11.597897 -1.564465 -0.075967 1.475308
    32 0.680496 -0.903999 6.074253 -1.628053 0.173822 -0.014264
    33 0.245514 -0.661150 3.388004 -1.484466 0.109509 -0.099209
    34 -0.717484 -3.784271 13.043911 -1.593546 -0.028646 1.464722
    35 1.099216 -1.407745 8.017889 -1.782123 0.031969 -0.017454
    36 0.068439 -0.807653 3.686054 -1.465865 0.034014 -0.009745
    37 -4.004929 6.172707 4.754754 0.109464 1.126798 2.530885
    38 0.158352 -1.149811 5.804394 -0.869542 -0.330219 0.145630
    39 -1.083523 -1.463142 5.544399 -0.797673 -0.152792 -0.023938
    40 -6.289886 0.932434 13.569063 -0.126803 0.612110 2.869610
    41 1.327774 -0.766687 12.396328 0.018790 -0.013324 0.186388
    42 -0.096140 1.828087 23.185329 -0.146116 -0.060209 -1.452218
    43 2.325478 -0.000003 6.169296 0.248919 -0.443044 1.446839
    44 0.000000 -3.152912 0.122169 2.323555 0.000000 0.000000
    45 1.933594 -10.226563 6.964844 0.292219 -1.282324 -3.141588
    46 0.343506 0.000008 1.441406 0.547137 -0.343566 0.107833
    47 2.479414 -8.323895 6.074242 -0.035579 0.742733 -0.706626
    48 0.000002 -5.070313 5.929688 0.000000 0.000000 0.000000
    49 -1.068383 -10.478611 7.065971 0.292219 1.282324 3.141588
    50 -0.000488 0.000015 2.279600 0.547136 0.343566 0.107835
    51 -2.479401 -8.323895 6.074234 -0.048927 0.727601 -0.734883
    52 -5.790000 4.432083 14.255558 -5.994303 0.931497 -2.237575
    53 1.044540 -2.839314 19.743252 -0.709060 0.418370 -0.112049
    54 -2.655510 -1.533379 24.792648 -1.318907 -0.126716 -0.095134
    55 -1.120216 -0.154385 9.795983 -0.023543 -0.000821 0.204458
    56 -2.240372 -0.308788 19.592047 -0.011994 -0.001827 0.412780
    57 -0.683205 2.877342 14.167089 -1.604527 0.208954 -1.789836
    58 -0.144958 -0.145317 7.579308 -1.541391 0.304896 -0.166506
    59 -0.038551 -0.936644 4.697678 -2.189566 0.238585 -0.365188
    60 -0.506317 8.500896 13.617329 -1.710279 0.278188 -1.993619
    61 0.385056 -0.460075 7.003435 -1.471905 0.596213 -0.385484
    62 -0.456360 -0.710276 5.057732 -1.989932 0.545832 -0.699289
    63 2.452194 -8.899408 11.597939 -1.419606 0.110527 -1.352657
    64 -0.680515 -0.903999 6.074242 -1.453600 -0.173888 -0.003175
    65 -0.248295 -0.666843 3.386627 -1.668601 -0.122155 0.124625
    66 0.717491 -3.784309 13.044010 -1.725758 0.009829 -1.454343
    67 -1.099228 -1.407673 8.017876 -1.350904 -0.015601 0.007733
    68 -0.064053 -0.807640 3.686100 -1.839904 -0.037749 0.018153
    69 4.004906 6.172710 4.754800 -0.720269 -0.940275 -1.497138
    70 -0.158381 -1.149773 5.804405 -0.345801 0.685529 0.599782
    71 1.078559 -2.386406 5.215008 -1.052487 1.087708 -0.156294
    72 6.289963 0.932404 13.569109 -0.126801 -0.612098 -2.869612
    73 -1.327759 -0.766682 12.396324 -0.001819 -0.001021 0.016753
    74 0.000017 -54.999996 0.000000 0.000000 0.000000 -1.570796
  time 25
    0 0.000000 0.000000 -1.500000 0.000000 0.000000 0.000000
    1 -10.521344 -5.760963 66.994621 3.097005 -0.050653 -3.139334
    2 10.817108 5.523123 22.912123 -0.262655 0.211198 -0.434532
    3 -0.000034 0.000012 24.761454 -1.533954 -0.177781 0.616234
    4 0.000017 0.000000 24.344809 2.142429 -0.322562 -0.234047
    5 0.002333 -1.019846 24.031336 0.836884 -0.002705 0.078826
    6 0.000034 0.000008 13.404741 -0.000001 -0.000009 0.306020
    7 10.398263 -5.760962 66.994675 3.097005 0.050653 3.139334
    8 14.273707 12.188318 22.851539 1.357146 -0.767967 -0.373908
    9 -0.000004 -0.000006 24.761459 -1.531497 0.177512 -0.643974
    10 -0.000007 0.000004 24.344891 1.093325 0.166455 0.019157
    11 -0.002360 -1.019903 24.031330 0.392889 0.078445 0.073372
    12 0.000000 -0.000002 13.404737 0.000001 0.000005 -0.473896
    13 -0.061540 -5.245835 72.927078 0.000000 0.000000 0.000000
    14 -11.350585 6.456112 -23.392856 0.416900 -0.120463 0.628036
    15 0.000000 -0.005608 -1.146812 0.257225 0.024308 -0.341558
    16 0.030770 -0.240000 8.906021 -0.004138 0.000000 0.000000
    17 -0.117168 -3.428936 -0.750421 0.477890 -0.262586 0.375461
    18 0.030770 -0.276858 8.905140 0.056125 0.004134 -0.000049
    19 0.100300 -0.940559 0.030075 0.489458 -0.040772 0.021571
    20 5.669724 4.435303 14.302868 1.388800 -0.954377 2.300012
    21 -1.044571 -2.839317 19.743267 0.065632 -0.901681 -0.011552
    22 2.655533 -1.533369 24.792658 -0.106717 0.048419 0.278623
    23 1.120163 -0.154394 9.796035 -0.027989 0.000422 -0.243245
    24 2.240311 -0.308786 19.592051 -0.121366 0.142989 -0.491112
    25 0.683151 2.877354 14.167051 -1.511394 -0.211768 1.554307
    26 0.144936 -0.145374 7.579252 -1.768092 -0.243254 0.235289
    27 0.091660 -0.906685 4.702850 -1.587479 -0.182565 0.191124
    28 0.506271 8.500866 13.617253 -1.470526 -0.303331 1.571638
    29 -0.384987 -0.460049 7.003448 -1.747476 -0.440889 0.551348
    30 0.561516 -0.596954 5.061852 -1.494372 -0.380557 0.386326
    31 -2.452171 -8.899406 11.597897 -1.564465 -0.075967 1.475308
    32 0.680496 -0.903999 6.074253 -1.628053 0.173822 -0.014264
    33 0.245514 -0.661150 3.388004 -1.484466 0.109509 -0.099209
    34 -0.717484 -3.784271 13.043911 -1.593590 -0.028658 1.464722
    35 1.099216 -1.407745 8.017889 -1.782123 0.031969 -0.017454
    36 0.068439 -0.807653 3.686054 -1.465865 0.034014 -0.009745
    37 -4.004929 6.172707 4.754754 0.109464 1.126798 2.530885
    38 0.158352 -1.149811 5.804394 -0.869542 -0.330219 0.145630
    39 -1.083523 -1.463142 5.544399 -0.797673 -0.152792 -0.023938
    40 -6.289886 0.932434 13.569063 -0.126803 0.612110 2.869610
    41 1.327774 -0.766687 12.396328 0.019293 -0.013743 0.191761
    42 -0.096140 1.828087 23.185329 -0.146116 -0.060209 -1.452218
    43 2.325478 -0.000003 6.169296 0.297338 -0.437126 1.426164
    44 0.000000 -3.152912 0.122169 2.323555 0.000000 0.000000
    45 1.933594 -10.226563 6.964844 0.292219 -1.282324 -3.141588
    46 0.343506 0.000008 1.441406 0.547137 -0.343566 0.107833
    47 2.479414 -8.323895 6.074242 -0.033812 0.708969 -0.721143
    48 0.000002 -5.070313 5.929688 0.000000 0.000000 0.000000
    49 -1.068383 -10.478611 7.065971 0.292219 1.282324 3.141588
    50 -0.000488 0.000015 2.279600 0.547136 0.343566 0.107835
    51 -2.479401 -8.323895 6.074234 -0.047119 0.693297 -0.746954
    52 -5.790000 4.432083 14.255558 -6.005135 0.935900 -2.231730
    53 1.044540 -2.839314 19.743252 -0.677892 0.413876 -0.110116
    54 -2.655510 -1.533379 24.792648 -1.421722 -0.138054 -0.092635
    55 -1.120216 -0.154385 9.795983 -0.023543 -0.000821 0.204485
    56 -2.240372 -0.308788 19.592047 -0.011994 -0.001827 0.412780
    57 -0.683205 2.877342 14.167089 -1.604576 0.208954 -1.789836
    58 -0.144958 -0.145317 7.579308 -1.541391 0.304896 -0.166506
    59 -0.038551 -0.936644 4.697678 -2.189615 0.238585 -0.365176
    60 -0.506317 8.500896 13.617329 -1.710279 0.278188 -1.993619
    61 0.385056 -0.460075 7.003435 -1.471905 0.596213 -0.385484
    62 -0.456360 -0.710276 5.057732 -1.989932 0.545854 -0.699272
    63 2.452194 -8.899408 11.597939 -1.419606 0.110527 -1.352657
    64 -0.680515 -0.903999 6.074242 -1.453600 -0.173888 -0.003175
    65 -0.248295 -0.666843 3.386627 -1.668601 -0.122155 0.124625
    66 0.717491 -3.784309 13.044010 -1.725758 0.009829 -1.454343
    67 -1.099228 -1.407673 8.017876 -1.350904 -0.015601 0.007733
    68 -0.064053 -0.807640 3.686100 -1.839904 -0.037749 0.018153
    69 4.004906 6.172710 4.754800 -0.720269 -0.940275 -1.497138
    70 -0.158381 -1.149773 5.804405 -0.345801 0.685529 0.599782
    71 1.078559 -2.386406 5.215008 -1.052487 1.087708 -0.156294
    72 6.289963 0.932404 13.569109 -0.126801 -0.612098 -2.869612
    73 -1.327759 -0.766682 12.396324 -0.002382 -0.001345 0.022120
    74 0.000017 -54.999996 0.000000 0.000000 0.000000 -1.570796
  time 26
    0 0.000000 0.000000 -1.500000 0.000000 0.000000 0.000000
    1 -10.521344 -5.760963 66.994621 3.097005 -0.050653 -3.139334
    2 10.836640 6.198357 22.643028 -0.246121 0.223556 -0.439250
    3 -0.000034 0.000012 24.761454 -1.547572 -0.179351 0.634191
    4 0.000017 0.000000 24.344809 2.135216 -0.316361 -0.228991
    5 0.002333 -1.019846 24.031336 0.829940 -0.002705 0.077831
    6 0.000034 0.000008 13.404741 -0.000001 -0.000009 0.316229
    7 10.398263 -5.760962 66.994675 3.097005 0.050653 3.139334
    8 14.261988 12.862744 22.581777 1.351600 -0.748689 -0.369865
    9 -0.000004 -0.000006 24.761459 -1.499654 0.173845 -0.631054
    10 -0.000007 0.000004 24.344891 1.066412 0.160611 0.014722
    11 -0.002360 -1.019903 24.031330 0.392889 0.078445 0.073372
    12 0.000000 -0.000002 13.404737 0.000001 0.000005 -0.464814
    13 -0.061540 -5.245835 72.927078 0.000000 0.000000 0.000000
    14 -11.350585 7.108271 -23.099952 0.416900 -0.120463 0.628036
    15 0.000000 -0.005608 -1.146812 0.257225 0.024308 -0.341558
    16 0.030770 -0.240000 8.906021 -0.004138 0.000000 0.000000
    17 -0.109355 -3.444562 -0.762140 0.482078 -0.263333 0.376819
    18 0.030770 -0.276858 8.905140 0.056125 0.004134 -0.000049
    19 0.115926 -0.921027 0.041795 0.484060 -0.036266 0.023321
    20 5.669724 4.435303 14.302868 1.376741 -0.953742 2.299725
    21 -1.044571 -2.839317 19.743267 0.095473 -0.893175 -0.024750
    22 2.655533 -1.533369 24.792658 -0.106760 0.048496 0.277734
    23 1.120163 -0.154394 9.796035 -0.027989 0.000434 -0.243245
    24 2.240311 -0.308786 19.592051 -0.121409 0.143035 -0.491112
    25 0.683151 2.877354 14.167051 -1.511394 -0.211768 1.554307
    26 0.144936 -0.145374 7.579252 -1.768092 -0.243254 0.235289
    27 0.091660 -0.906685 4.702850 -1.587479 -0.182565 0.191124
    28 0.506271 8.500866 13.617253 -1.470526 -0.303331 1.571638
    29 -0.384987 -0.460049 7.003448 -1.747476 -0.440889 0.551348
    30 0.561516 -0.596954 5.061852 -1.494372 -0.380557 0.386326
    31 -2.452171 -8.899406 11.597897 -1.564465 -0.075967 1.475308
    32 0.680496 -0.903999 6.074253 -1.628053 0.173822 -0.014264
    33 0.245514 -0.661150 3.388004 -1.484466 0.109509 -0.099209
    34 -0.717484 -3.784271 13.043911 -1.593546 -0.028658 1.464722
    35 1.099216 -1.407745 8.017889 -1.782123 0.031969 -0.017454
    36 0.068439 -0.807653 3.686054 -1.465865 0.034014 -0.009745
    37 -4.004929 6.172707 4.754754 0.109464 1.126798 2.530885
    38 0.158352 -1.149811 5.804394 -0.869542 -0.330219 0.145630
    39 -1.083523 -1.463142 5.544399 -0.797673 -0.152792 -0.023938
    40 -6.289886 0.932434 13.569063 -0.126803 0.612110 2.869610
    41 1.327774 -0.766687 12.396328 0.019569 -0.013983 0.194724
    42 -0.096140 1.828087 23.185329 -0.146116 -0.060209 -1.452218
    43 2.325478 -0.000003 6.169296 0.327087 -0.433017 1.413671
    44 0.000000 -3.152912 0.122169 2.323555 0.000000 0.000000
    45 1.933594 -10.226563 6.964844 0.292219 -1.282324 -3.141588
    46 0.343506 0.000008 1.441406 0.547137 -0.343566 0.107833
    47 2.479414 -8.323895 6.074242 -0.033350 0.691031 -0.719042
    48 0.000002 -5.070313 5.929688 0.000000 0.000000 0.000000
    49 -1.068383 -10.478611 7.065971 0.292219 1.282324 3.141588
    50 -0.000488 0.000015 2.279600 0.547136 0.343566 0.107835
    51 -2.479401 -8.323895 6.074234 -0.046517 0.675152 -0.743314
    52 -5.790000 4.432083 14.255558 -6.014913 0.947904 -2.228856
    53 1.044540 -2.839314 19.743252 -0.649229 0.404379 -0.106633
    54 -2.655510 -1.533379 24.792648 -1.515176 -0.148861 -0.088622
    55 -1.120216 -0.154385 9.795983 -0.023543 -0.000821 0.204485
    56 -2.240372 -0.308788 19.592047 -0.011994 -0.001827 0.412780
    57 -0.683205 2.877342 14.167089 -1.604527 0.208954 -1.789836
    58 -0.144958 -0.145317 7.579308 -1.541391 0.304896 -0.166506
    59 -0.038551 -0.936644 4.697678 -2.189566 0.238585 -0.365176
    60 -0.506317 8.500896 13.617329 -1.710279 0.278188 -1.993619
    61 0.385056 -0.460075 7.003435 -1.471905 0.596213 -0.385484
    62 -0.456360 -0.710276 5.057732 -1.989932 0.545854 -0.699289
    63 2.452194 -8.899408 11.597939 -1.419606 0.110527 -1.352657
    64 -0.680515 -0.903999 6.074242 -1.453600 -0.173888 -0.003175
    65 -0.248295 -0.666843 3.386627 -1.668601 -0.122155 0.124625
    66 0.717491 -3.784309 13.044010 -1.725758 0.009829 -1.454343
    67 -1.099228 -1.407673 8.017876 -1.350904 -0.015601 0.007733
    68 -0.064053 -0.807640 3.686100 -1.839904 -0.037749 0.018153
    69 4.004906 6.172710 4.754800 -0.720269 -0.940275 -1.497138
    70 -0.158381 -1.149773 5.804405 -0.345801 0.685529 0.599782
    71 1.078559 -2.386406 5.215008 -1.052487 1.087708 -0.156294
    72 6.289963 0.932404 13.569109 -0.126801 -0.612098 -2.869612
    73 -1.327759 -0.766682 12.396324 -0.002910 -0.001645 0.027024
    74 0.000017 -54.999996 0.000000 0.000000 0.000000 -1.570796
  time 27
    0 0.000000 0.000000 -1.500000 0.000000 0.000000 0.000000
    1 -10.521344 -5.760963 66.994621 3.097005 -0.050653 -3.139334
    2 10.856171 6.640329 22.172113 -0.238333 0.230265 -0.441916
    3 -0.000034 0.000012 24.761454 -1.538995 -0.178368 0.652758
    4 0.000017 0.000000 24.344809 2.118818 -0.312490 -0.223244
    5 0.002333 -1.019846 24.031336 0.819748 -0.002885 0.076081
    6 0.000034 0.000008 13.404741 -0.000001 -0.000009 0.326797
    7 10.398263 -5.760962 66.994675 3.097005 0.050653 3.139334
    8 14.238549 13.299872 22.109693 1.334112 -0.719022 -0.360953
    9 -0.000004 -0.000006 24.761459 -1.463520 0.169674 -0.605467
    10 -0.000007 0.000004 24.344891 1.046469 0.156234 0.012094
    11 -0.002360 -1.019903 24.031330 0.392889 0.078445 0.073372
    12 0.000000 -0.000002 13.404737 0.000001 0.000005 -0.442443
    13 -0.061540 -5.245835 72.927078 0.000000 0.000000 0.000000
    14 -11.350585 7.527516 -22.581737 0.416900 -0.120463 0.628036
    15 0.000000 -0.005608 -1.146812 0.257225 0.024308 -0.341558
    16 0.030770 -0.240000 8.906021 -0.004138 0.000000 0.000000
    17 -0.082011 -3.460187 -0.769953 0.486939 -0.259459 0.372986
    18 0.030770 -0.276858 8.905140 0.056125 0.004134 -0.000049
    19 0.131551 -0.901496 0.041795 0.478413 -0.029642 0.025250
    20 5.669724 4.435303 14.302868 1.358557 -0.952791 2.299150
    21 -1.044571 -2.839317 19.743267 0.128593 -0.882738 -0.038935
    22 2.655533 -1.533369 24.792658 -0.107411 0.049149 0.270213
    23 1.120163 -0.154394 9.796035 -0.028001 0.000422 -0.243245
    24 2.240311 -0.308786 19.592051 -0.121409 0.143035 -0.491112
    25 0.683151 2.877354 14.167051 -1.511394 -0.211768 1.554307
    26 0.144936 -0.145374 7.579252 -1.768092 -0.243254 0.235289
    27 0.091660 -0.906685 4.702850 -1.587479 -0.182565 0.191124
    28 0.506271 8.500866 13.617253 -1.470526 -0.303331 1.571638
    29 -0.384987 -0.460049 7.003448 -1.747476 -0.440889 0.551348
    30 0.561516 -0.596954 5.061852 -1.494372 -0.380557 0.386314
    31 -2.452171 -8.899406 11.597897 -1.564465 -0.075967 1.475308
    32 0.680496 -0.903999 6.074253 -1.628053 0.173822 -0.014264
    33 0.245514 -0.661150 3.388004 -1.484466 0.109509 -0.099209
    34 -0.717484 -3.784271 13.043911 -1.593590 -0.028634 1.464722
    35 1.099216 -1.407745 8.017889 -1.782123 0.031969 -0.017454
    36 0.068439 -0.807653 3.686054 -1.465865 0.034014 -0.009745
    37 -4.004929 6.172707 4.754754 0.109464 1.126798 2.530885
    38 0.158352 -1.149811 5.804394 -0.869542 -0.330219 0.145630
    39 -1.083523 -1.463142 5.544399 -0.797673 -0.152792 -0.023938
    40 -6.289886 0.932434 13.569063 -0.126803 0.612110 2.869610
    41 1.327774 -0.766687 12.396328 0.019569 -0.013995 0.194774
    42 -0.096140 1.828087 23.185329 -0.146116 -0.060209 -1.452218
    43 2.325478 -0.000003 6.169296 0.342080 -0.430832 1.407365
    44 0.000000 -3.152912 0.122169 2.323555 0.000000 0.000000
    45 1.933594 -10.226563 6.964844 0.292219 -1.282324 -3.141588
    46 0.343506 0.000008 1.441406 0.547137 -0.343566 0.107833
    47 2.479414 -8.323895 6.074242 -0.033839 0.684268 -0.703856
    48 0.000002 -5.070313 5.929688 0.000000 0.000000 0.000000
    49 -1.068383 -10.478611 7.065971 0.292219 1.282324 3.141588
    50 -0.000488 0.000015 2.279600 0.547136 0.343566 0.107835
    51 -2.479401 -8.323895 6.074234 -0.046657 0.668679 -0.727505
    52 -5.790000 4.432083 14.255558 -6.024882 0.968091 -2.227993
    53 1.044540 -2.839314 19.743252 -0.615112 0.388480 -0.101462
    54 -2.655510 -1.533379 24.792648 -1.583569 -0.157274 -0.080140
    55 -1.120216 -0.154385 9.795983 -0.023543 -0.000833 0.204485
    56 -2.240372 -0.308788 19.592047 -0.011994 -0.001827 0.412780
    57 -0.683205 2.877342 14.167089 -1.604527 0.208954 -1.789836
    58 -0.144958 -0.145317 7.579308 -1.541391 0.304896 -0.166506
    59 -0.038551 -0.936644 4.697678 -2.189566 0.238585 -0.365176
    60 -0.506317 8.500896 13.617329 -1.710279 0.278188 -1.993619
    61 0.385056 -0.460075 7.003435 -1.471905 0.596213 -0.385484
    62 -0.456360 -0.710276 5.057732 -1.989932 0.545832 -0.699272
    63 2.452194 -8.899408 11.597939 -1.419606 0.110527 -1.352657
    64 -0.680515 -0.903999 6.074242 -1.453600 -0.173888 -0.003175
    65 -0.248295 -0.666843 3.386627 -1.668601 -0.122155 0.124625
    66 0.717491 -3.784309 13.044010 -1.725758 0.009829 -1.454343
    67 -1.099228 -1.407673 8.017876 -1.350904 -0.015601 0.007733
    68 -0.064053 -0.807640 3.686100 -1.839904 -0.037749 0.018153
    69 4.004906 6.172710 4.754800 -0.720269 -0.940275 -1.497138
    70 -0.158381 -1.149773 5.804405 -0.345801 0.685529 0.599782
    71 1.078559 -2.386406 5.215008 -1.052487 1.087708 -0.156294
    72 6.289963 0.932404 13.569109 -0.126801 -0.612098 -2.869612
    73 -1.327759 -0.766682 12.396324 -0.003605 -0.001992 0.033177
    74 0.000017 -54.999996 0.000000 0.000000 0.000000 -1.570796
  time 28
    0 0.000000 0.000000 -1.500000 0.000000 0.000000 0.000000
    1 -10.521344 -5.760963 66.994621 3.097005 -0.050653 -3.139334
    2 10.891329 6.824484 21.454528 -0.240382 0.230320 -0.442178
    3 -0.000034 0.000012 24.761454 -1.507084 -0.174677 0.671122
    4 0.000017 0.000000 24.344809 2.092495 -0.311517 -0.217496
    5 0.002333 -1.019846 24.031336 0.807428 -0.003436 0.073493
    6 0.000034 0.000008 13.404741 -0.000001 -0.000009 0.337069
    7 10.398263 -5.760962 66.994675 3.097005 0.050653 3.139334
    8 14.199486 13.487213 21.390328 1.305106 -0.680942 -0.348493
    9 -0.000004 -0.000006 24.761459 -1.423757 0.165072 -0.569112
    10 -0.000007 0.000004 24.344891 1.034271 0.153634 0.011380
    11 -0.002360 -1.019903 24.031330 0.392889 0.078445 0.073372
    12 0.000000 -0.000002 13.404737 0.000001 0.000005 -0.408457
    13 -0.061540 -5.245835 72.927078 0.000000 0.000000 0.000000
    14 -11.350585 7.678910 -21.860742 0.416900 -0.120463 0.628036
    15 0.000000 -0.005608 -1.146812 0.257225 0.024308 -0.341558
    16 0.030770 -0.240000 8.906021 -0.004138 0.000000 0.000000
    17 -0.062479 -3.464094 -0.773859 0.492410 -0.252419 0.364839
    18 0.030770 -0.276858 8.905140 0.056125 0.004134 -0.000049
    19 0.151083 -0.885870 0.045701 0.473623 -0.019563 0.027659
    20 5.669724 4.435303 14.302868 1.335683 -0.951593 2.298192
    21 -1.044571 -2.839317 19.743267 0.162348 -0.870631 -0.052669
    22 2.655533 -1.533369 24.792658 -0.108626 0.050340 0.256303
    23 1.120163 -0.154394 9.796035 -0.028001 0.000422 -0.243245
    24 2.240311 -0.308786 19.592051 -0.121409 0.143035 -0.491112
    25 0.683151 2.877354 14.167051 -1.511394 -0.211768 1.554307
    26 0.144936 -0.145374 7.579252 -1.768092 -0.243254 0.235289
    27 0.091660 -0.906685 4.702850 -1.587479 -0.182565 0.191124
    28 0.506271 8.500866 13.617253 -1.470526 -0.303331 1.571638
    29 -0.384987 -0.460049 7.003448 -1.747476 -0.440889 0.551348
    30 0.561516 -0.596954 5.061852 -1.494372 -0.380557 0.386326
    31 -2.452171 -8.899406 11.597897 -1.564465 -0.075967 1.475308
    32 0.680496 -0.903999 6.074253 -1.628053 0.173822 -0.014264
    33 0.245514 -0.661150 3.388004 -1.484466 0.109509 -0.099209
    34 -0.717484 -3.784271 13.043911 -1.593546 -0.028646 1.464722
    35 1.099216 -1.407745 8.017889 -1.782123 0.031969 -0.017454
    36 0.068439 -0.807653 3.686054 -1.465865 0.034014 -0.009745
    37 -4.004929 6.172707 4.754754 0.109464 1.126798 2.530885
    38 0.158352 -1.149811 5.804394 -0.869542 -0.330219 0.145630
    39 -1.083523 -1.463142 5.544399 -0.797673 -0.152792 -0.023938
    40 -6.289886 0.932434 13.569063 -0.126803 0.612110 2.869610
    41 1.327774 -0.766687 12.396328 0.019257 -0.013719 0.191510
    42 -0.096140 1.828087 23.185329 -0.146116 -0.060209 -1.452218
    43 2.325478 -0.000003 6.169296 0.346234 -0.430210 1.405609
    44 0.000000 -3.152912 0.122169 2.323555 0.000000 0.000000
    45 1.933594 -10.226563 6.964844 0.292219 -1.282324 -3.141588
    46 0.343506 0.000008 1.441406 0.547137 -0.343566 0.107833
    47 2.479414 -8.323895 6.074242 -0.034899 0.684034 -0.677878
    48 0.000002 -5.070313 5.929688 0.000000 0.000000 0.000000
    49 -1.068383 -10.478611 7.065971 0.292219 1.282324 3.141588
    50 -0.000488 0.000015 2.279600 0.547136 0.343566 0.107835
    51 -2.479401 -8.323895 6.074234 -0.047320 0.668726 -0.700680
    52 -5.790000 4.432083 14.255558 0.246607 0.996959 -2.228664
    53 1.044540 -2.839314 19.743252 -0.567859 0.365374 -0.095012
    54 -2.655510 -1.533379 24.792648 -1.611248 -0.161416 -0.064237
    55 -1.120216 -0.154385 9.795983 -0.023543 -0.000821 0.204485
    56 -2.240372 -0.308788 19.592047 -0.011994 -0.001827 0.412780
    57 -0.683205 2.877342 14.167089 -1.604527 0.208954 -1.789836
    58 -0.144958 -0.145317 7.579308 -1.541391 0.304896 -0.166506
    59 -0.038551 -0.936644 4.697678 -2.189566 0.238585 -0.365176
    60 -0.506317 8.500896 13.617329 -1.710279 0.278188 -1.993619
    61 0.385056 -0.460075 7.003435 -1.471905 0.596213 -0.385484
    62 -0.456360 -0.710276 5.057732 -1.989932 0.545832 -0.699272
    63 2.452194 -8.899408 11.597939 -1.419606 0.110527 -1.352657
    64 -0.680515 -0.903999 6.074242 -1.453600 -0.173888 -0.003175
    65 -0.248295 -0.666843 3.386627 -1.668601 -0.122155 0.124625
    66 0.717491 -3.784309 13.044010 -1.725758 0.009829 -1.454343
    67 -1.099228 -1.407673 8.017876 -1.350904 -0.015601 0.007733
    68 -0.064053 -0.807640 3.686100 -1.839904 -0.037749 0.018153
    69 4.004906 6.172710 4.754800 -0.720269 -0.940275 -1.497138
    70 -0.158381 -1.149773 5.804405 -0.345801 0.685529 0.599782
    71 1.078559 -2.386406 5.215008 -1.052487 1.087708 -0.156294
    72 6.289963 0.932404 13.569109 -0.126801 -0.612098 -2.869612
    73 -1.327759 -0.766682 12.396324 -0.004623 -0.002543 0.042615
    74 0.000017 -54.999996 0.000000 0.000000 0.000000 -1.570796
  time 29
    0 0.000000 0.000000 -1.500000 0.000000 0.000000 0.000000
    1 -10.521344 -5.760963 66.994621 3.097005 -0.050653 -3.139334
    2 10.449909 7.119132 20.198753 -0.241817 0.246325 -0.422867
    3 -0.000034 0.000012 24.761454 -1.450822 -0.168169 0.669860
    4 0.000017 0.000000 24.344809 2.041020 -0.318533 -0.216827
    5 0.002333 -1.019846 24.031336 0.791038 -0.004203 0.070209
    6 0.000034 0.000008 13.404741 -0.000001 -0.000009 0.334179
    7 10.398263 -5.760962 66.994675 3.097005 0.050653 3.139334
    8 13.453369 13.249915 20.131438 1.247693 -0.631704 -0.310288
    9 -0.000004 -0.000006 24.761459 -1.380584 0.160087 -0.520520
    10 -0.000007 0.000004 24.344891 1.045630 0.151412 0.011086
    11 -0.002360 -1.019903 24.031330 0.392682 0.075054 0.070820
    12 0.000000 -0.000002 13.404737 0.000001 0.000005 -0.358862
    13 -0.061540 -5.245835 72.927078 0.000000 0.000000 0.000000
    14 -10.858382 7.678910 -20.576469 0.412451 -0.117797 0.590923
    15 0.000000 -0.005608 -1.146812 0.247528 0.025829 -0.330606
    16 0.030770 -0.240000 8.906021 -0.004138 0.000000 0.000000
    17 -0.035134 -3.432843 -0.762140 0.494136 -0.235201 0.345791
    18 0.030770 -0.276858 8.905140 0.056125 0.004134 -0.000049
    19 0.166708 -0.874151 0.045701 0.467761 -0.008619 0.029517
    20 5.669724 4.435303 14.302868 1.319222 -0.957090 2.279121
    21 -1.044571 -2.839317 19.743267 0.155890 -0.874910 -0.050441
    22 2.655533 -1.533369 24.792658 -0.121645 0.053222 0.220881
    23 1.120163 -0.154394 9.796035 -0.027078 0.000518 -0.235208
    24 2.240311 -0.308786 19.592051 -0.128111 0.110527 -0.469748
    25 0.683151 2.877354 14.167051 -1.511394 -0.211768 1.554307
    26 0.144936 -0.145374 7.579252 -1.768092 -0.243254 0.235289
    27 0.091660 -0.906685 4.702850 -1.587479 -0.182565 0.191124
    28 0.506271 8.500866 13.617253 -1.470526 -0.303331 1.571638
    29 -0.384987 -0.460049 7.003448 -1.747476 -0.440889 0.551348
    30 0.561516 -0.596954 5.061852 -1.494372 -0.380557 0.386314
    31 -2.452171 -8.899406 11.597897 -1.564465 -0.075967 1.475308
    32 0.680496 -0.903999 6.074253 -1.628053 0.173822 -0.014264
    33 0.245514 -0.661150 3.388004 -1.484466 0.109509 -0.099209
    34 -0.717484 -3.784271 13.043911 -1.593546 -0.028658 1.464722
    35 1.099216 -1.407745 8.017889 -1.782123 0.031969 -0.017454
    36 0.068439 -0.807653 3.686054 -1.465865 0.034014 -0.009745
    37 -4.004929 6.172707 4.754754 0.109464 1.126798 2.530885
    38 0.158352 -1.149811 5.804394 -0.869542 -0.330219 0.145630
    39 -1.083523 -1.463142 5.544399 -0.797673 -0.152792 -0.023938
    40 -6.289886 0.932434 13.569063 -0.126803 0.612110 2.869610
    41 1.327774 -0.766687 12.396328 0.017484 -0.012197 0.172428
    42 -0.096140 1.828087 23.185329 -0.146116 -0.060209 -1.452218
    43 2.325478 -0.000003 6.169296 0.299535 -0.427750 1.433229
    44 0.000000 -3.152912 0.122169 2.312374 -0.016443 0.040005
    45 1.933594 -10.226563 6.964844 0.292219 -1.282324 -3.141588
    46 0.343506 0.000008 1.441406 0.547137 -0.343566 0.107833
    47 2.479414 -8.323895 6.074242 -0.039793 0.752313 -0.617708
    48 0.000002 -5.070313 5.929688 0.000000 0.000000 0.000000
    49 -1.068383 -10.478611 7.065971 0.292219 1.282324 3.141588
    50 -0.000488 0.000015 2.279600 0.547136 0.343566 0.107835
    51 -2.479401 -8.323895 6.074234 -0.051718 0.739036 -0.643674
    52 -5.790000 4.432083 14.255558 -6.029866 1.037582 -2.226748
    53 1.044540 -2.839314 19.743252 -0.520106 0.291518 -0.078955
    54 -2.655510 -1.533379 24.792648 -1.606115 -0.164160 -0.000093
    55 -1.120216 -0.154385 9.795983 -0.022476 -0.000893 0.195290
    56 -2.240372 -0.308788 19.592047 -0.010543 0.008965 0.393963
    57 -0.683205 2.877342 14.167089 -1.604576 0.208954 -1.789836
    58 -0.144958 -0.145317 7.579308 -1.541391 0.304896 -0.166506
    59 -0.038551 -0.936644 4.697678 -2.189566 0.238585 -0.365176
    60 -0.506317 8.500896 13.617329 -1.710279 0.278188 -1.993619
    61 0.385056 -0.460075 7.003435 -1.471905 0.596196 -0.385484
    62 -0.456360 -0.710276 5.057732 -1.989932 0.545854 -0.699272
    63 2.452194 -8.899408 11.597939 -1.419606 0.110527 -1.352657
    64 -0.680515 -0.903999 6.074242 -1.453600 -0.173888 -0.003175
    65 -0.248295 -0.666843 3.386627 -1.668601 -0.122155 0.124625
    66 0.717491 -3.784309 13.044010 -1.725758 0.009829 -1.454343
    67 -1.099228 -1.407673 8.017876 -1.350904 -0.015601 0.007733
    68 -0.064053 -0.807640 3.686100 -1.839904 -0.037749 0.018153
    69 4.004906 6.172710 4.754800 -0.720269 -0.940275 -1.497138
    70 -0.158381 -1.149773 5.804405 -0.345801 0.685529 0.599782
    71 1.078559 -2.386406 5.215008 -1.052487 1.087708 -0.156294
    72 6.289963 0.932404 13.569109 -0.126801 -0.612098 -2.869612
    73 -1.327759 -0.766682 12.396324 -0.008099 -0.004281 0.074029
    74 0.000017 -54.999996 0.000000 0.000000 0.000000 -1.570796
  time 30
    0 0.000000 0.000000 -1.500000 0.000000 0.000000 0.000000
    1 -10.521344 -5.760963 66.994621 3.097005 -0.050653 -3.139334
    2 9.250654 7.782089 18.449639 -0.235259 0.287660 -0.372143
    3 -0.000034 0.000012 24.761454 -1.374114 -0.159288 0.638303
    4 0.000017 0.000000 24.344809 1.963468 -0.335645 -0.222142
    5 0.002333 -1.019846 24.031336 0.768264 -0.005066 0.066326
    6 0.000034 0.000008 13.404741 -0.000001 -0.000009 0.311293
    7 10.398263 -5.760962 66.994675 3.097005 0.050653 3.139334
    8 11.691597 12.538020 18.377985 1.161786 -0.580748 -0.239324
    9 -0.000004 -0.000006 24.761459 -1.335047 0.154813 -0.470888
    10 -0.000007 0.000004 24.344891 1.082805 0.149390 0.011023
    11 -0.002360 -1.019903 24.031330 0.392082 0.066077 0.064060
    12 0.000000 -0.000002 13.404737 0.000001 0.000005 -0.303665
    13 -0.061540 -5.245835 72.927078 0.000000 0.000000 0.000000
    14 -9.635689 7.667264 -18.706388 0.401410 -0.111018 0.497961
    15 0.000000 -0.005608 -1.146812 0.223254 0.029657 -0.303268
    16 0.030770 -0.240000 8.906021 -0.004138 0.000000 0.000000
    17 -0.011696 -3.346902 -0.723077 0.489254 -0.205474 0.313964
    18 0.030770 -0.276858 8.905140 0.056125 0.004134 -0.000049
    19 0.170615 -0.846806 0.045701 0.457716 0.002181 0.030452
    20 5.669724 4.435303 14.302868 1.316350 -0.973438 2.230629
    21 -1.044571 -2.839317 19.743267 0.085885 -0.895784 -0.020520
    22 2.655533 -1.533369 24.792658 -0.155234 0.058256 0.155051
    23 1.120163 -0.154394 9.796035 -0.024753 0.000722 -0.214926
    24 2.240311 -0.308786 19.592051 -0.150915 0.030454 -0.418079
    25 0.683151 2.877354 14.167051 -1.511394 -0.211768 1.554307
    26 0.144936 -0.145374 7.579252 -1.768092 -0.243254 0.235289
    27 0.091660 -0.906685 4.702850 -1.587479 -0.182565 0.191124
    28 0.506271 8.500866 13.617253 -1.470526 -0.303331 1.571638
    29 -0.384987 -0.460049 7.003448 -1.747476 -0.440889 0.551348
    30 0.561516 -0.596954 5.061852 -1.494372 -0.380557 0.386314
    31 -2.452171 -8.899406 11.597897 -1.564465 -0.075967 1.475308
    32 0.680496 -0.903999 6.074253 -1.628053 0.173822 -0.014264
    33 0.245514 -0.661150 3.388004 -1.484466 0.109509 -0.099209
    34 -0.717484 -3.784271 13.043911 -1.593590 -0.028658 1.464722
    35 1.099216 -1.407745 8.017889 -1.782123 0.031969 -0.017454
    36 0.068439 -0.807653 3.686054 -1.465865 0.034014 -0.009745
    37 -4.004929 6.172707 4.754754 0.109464 1.126798 2.530885
    38 0.158352 -1.149811 5.804394 -0.869542 -0.330219 0.145630
    39 -1.083523 -1.463142 5.544399 -0.797673 -0.152792 -0.023938
    40 -6.289886 0.932434 13.569063 -0.126803 0.612110 2.869610
    41 1.327774 -0.766687 12.396328 0.013397 -0.008926 0.130196
    42 -0.096140 1.828087 23.185329 -0.146116 -0.060209 -1.452218
    43 2.325478 -0.000003 6.169296 0.189375 -0.414873 1.497328
    44 0.000000 -3.152912 0.122169 2.285537 -0.003500 0.008521
    45 1.933594 -10.226563 6.964844 0.292219 -1.282324 -3.141588
    46 0.343506 0.000008 1.441406 0.547137 -0.343566 0.107833
    47 2.479414 -8.323895 6.074242 -0.054854 0.902820 -0.451429
    48 0.000002 -5.070313 5.929688 0.000000 0.000000 0.000000
    49 -1.068383 -10.478611 7.065971 0.292219 1.282324 3.141588
    50 -0.000488 0.000015 2.279600 0.547136 0.343566 0.107835
    51 -2.479401 -8.323895 6.074234 -0.064713 0.895059 -0.486934
    52 -5.790000 4.432083 14.255558 -5.982513 1.095734 -2.211705
    53 1.044540 -2.839314 19.743252 -0.478642 0.170305 -0.060639
    54 -2.655510 -1.533379 24.792648 -1.584928 -0.167667 0.151064
    55 -1.120216 -0.154385 9.795983 -0.019828 -0.001025 0.172221
    56 -2.240372 -0.308788 19.592047 -0.008405 0.036093 0.347308
    57 -0.683205 2.877342 14.167089 -1.604527 0.208954 -1.789836
    58 -0.144958 -0.145317 7.579308 -1.541391 0.304896 -0.166506
    59 -0.038551 -0.936644 4.697678 -2.189566 0.238585 -0.365176
    60 -0.506317 8.500896 13.617329 -1.710279 0.278188 -1.993619
    61 0.385056 -0.460075 7.003435 -1.471905 0.596196 -0.385484
    62 -0.456360 -0.710276 5.057732 -1.989932 0.545832 -0.699289
    63 2.452194 -8.899408 11.597939 -1.419606 0.110527 -1.352657
    64 -0.680515 -0.903999 6.074242 -1.453600 -0.173888 -0.003175
    65 -0.248295 -0.666843 3.386627 -1.668601 -0.122155 0.124625
    66 0.717491 -3.784309 13.044010 -1.725758 0.009829 -1.454343
    67 -1.099228 -1.407673 8.017876 -1.350904 -0.015601 0.007733
    68 -0.064053 -0.807640 3.686100 -1.839904 -0.037749 0.018153
    69 4.004906 6.172710 4.754800 -0.720269 -0.940275 -1.497138
    70 -0.158381 -1.149773 5.804405 -0.345801 0.685529 0.599782
    71 1.078559 -2.386406 5.215008 -1.052487 1.087708 -0.156294
    72 6.289963 0.932404 13.569109 -0.126801 -0.612098 -2.869612
    73 -1.327759 -0.766682 12.396324 -0.016009 -0.007781 0.143889
    74 0.000017 -54.999996 0.000000 0.000000 0.000000 -1.570796
  time 31
    0 0.000000 0.000000 -1.500000 0.000000 0.000000 0.000000
    1 -10.521344 -5.760963 66.994621 3.097005 -0.050653 -3.139334
    2 7.609979 8.604647 16.722950 -0.224191 0.336093 -0.299050
    3 -0.000034 0.000012 24.761454 -1.284803 -0.148982 0.589116
    4 0.000017 0.000000 24.344809 1.880799 -0.358937 -0.228602
    5 0.002333 -1.019846 24.031336 0.739293 -0.006313 0.061652
    6 0.000034 0.000008 13.404741 -0.000001 -0.000009 0.277312
    7 10.398263 -5.760962 66.994675 3.097005 0.050653 3.139334
    8 9.531374 11.513892 16.669492 1.069395 -0.542155 -0.154497
    9 -0.000004 -0.000006 24.761459 -1.292204 0.149864 -0.433421
    10 -0.000007 0.000004 24.344891 1.129726 0.149857 0.012683
    11 -0.002360 -1.019903 24.031330 0.391322 0.053397 0.054545
    12 0.000000 -0.000002 13.404737 0.000001 0.000005 -0.257999
    13 -0.061540 -5.245835 72.927078 0.000000 0.000000 0.000000
    14 -8.045797 7.643973 -16.858837 0.387072 -0.102106 0.376352
    15 0.000000 -0.005608 -1.146812 0.191708 0.034644 -0.267940
    16 0.030770 -0.240000 8.906021 -0.004138 0.000000 0.000000
    17 0.015649 -3.229711 -0.672294 0.480142 -0.171835 0.278143
    18 0.030770 -0.276858 8.905140 0.056125 0.004134 -0.000049
    19 0.186240 -0.819462 0.045701 0.443347 0.016643 0.031602
    20 5.669724 4.435303 14.302868 1.322763 -0.996306 2.162012
    21 -1.044571 -2.839317 19.743267 -0.019392 -0.905177 0.028719
    22 2.655533 -1.533369 24.792658 -0.206008 0.064289 0.069974
    23 1.120163 -0.154394 9.796035 -0.021709 0.000913 -0.188573
    24 2.240311 -0.308786 19.592051 -0.192693 -0.070063 -0.353395
    25 0.683151 2.877354 14.167051 -1.511394 -0.211768 1.554307
    26 0.144936 -0.145374 7.579252 -1.768092 -0.243254 0.235289
    27 0.091660 -0.906685 4.702850 -1.587479 -0.182565 0.191124
    28 0.506271 8.500866 13.617253 -1.470526 -0.303331 1.571638
    29 -0.384987 -0.460049 7.003448 -1.747476 -0.440889 0.551348
    30 0.561516 -0.596954 5.061852 -1.494372 -0.380557 0.386326
    31 -2.452171 -8.899406 11.597897 -1.564465 -0.075967 1.475308
    32 0.680496 -0.903999 6.074253 -1.628053 0.173822 -0.014264
    33 0.245514 -0.661150 3.388004 -1.484466 0.109509 -0.099209
    34 -0.717484 -3.784271 13.043911 -1.593546 -0.028658 1.464722
    35 1.099216 -1.407745 8.017889 -1.782123 0.031969 -0.017454
    36 0.068439 -0.807653 3.686054 -1.465865 0.034014 -0.009745
    37 -4.004929 6.172707 4.754754 0.109464 1.126798 2.530885
    38 0.158352 -1.149811 5.804394 -0.869542 -0.330219 0.145630
    39 -1.083523 -1.463142 5.544399 -0.797673 -0.152792 -0.023938
    40 -6.289886 0.932434 13.569063 -0.126803 0.612110 2.869610
    41 1.327774 -0.766687 12.396328 0.007668 -0.004815 0.073201
    42 -0.096140 1.828087 23.185329 -0.146116 -0.060209 -1.452218
    43 2.325478 -0.000003 6.169296 0.061881 -0.386456 1.568971
    44 0.000000 -3.152912 0.122169 2.250156 0.001139 -0.002756
    45 1.933594 -10.226563 6.964844 0.292219 -1.282324 -3.141588
    46 0.343506 0.000008 1.441406 0.547137 -0.343566 0.107833
    47 2.479414 -8.323895 6.074242 -0.078723 1.029517 -0.083724
    48 0.000002 -5.070313 5.929688 0.000000 0.000000 0.000000
    49 -1.068383 -10.478611 7.065971 0.292219 1.282324 3.141588
    50 -0.000488 0.000015 2.279600 0.547136 0.343566 0.107835
    51 -2.479401 -8.323895 6.074234 -0.080338 1.032937 -0.129192
    52 -5.790000 4.432083 14.255558 -5.885601 1.175817 -2.167630
    53 1.044540 -2.839314 19.743252 -0.436677 0.079956 -0.054325
    54 -2.655510 -1.533379 24.792648 -1.542101 -0.166619 0.361897
    55 -1.120216 -0.154385 9.795983 -0.016388 -0.001073 0.142242
    56 -2.240372 -0.308788 19.592047 -0.009474 0.071389 0.286734
    57 -0.683205 2.877342 14.167089 -1.604576 0.208954 -1.789836
    58 -0.144958 -0.145317 7.579308 -1.541391 0.304896 -0.166506
    59 -0.038551 -0.936644 4.697678 -2.189566 0.238585 -0.365176
    60 -0.506317 8.500896 13.617329 -1.710279 0.278188 -1.993619
    61 0.385056 -0.460075 7.003435 -1.471905 0.596213 -0.385484
    62 -0.456360 -0.710276 5.057732 -1.989932 0.545832 -0.699272
    63 2.452194 -8.899408 11.597939 -1.419606 0.110527 -1.352657
    64 -0.680515 -0.903999 6.074242 -1.453600 -0.173888 -0.003175
    65 -0.248295 -0.666843 3.386627 -1.668601 -0.122155 0.124625
    66 0.717491 -3.784309 13.044010 -1.725758 0.009829 -1.454343
    67 -1.099228 -1.407673 8.017876 -1.350904 -0.015601 0.007733
    68 -0.064053 -0.807640 3.686100 -1.839904 -0.037749 0.018153
    69 4.004906 6.172710 4.754800 -0.720269 -0.940275 -1.497138
    70 -0.158381 -1.149773 5.804405 -0.345801 0.685529 0.599782
    71 1.078559 -2.386406 5.215008 -1.052487 1.087708 -0.156294
    72 6.289963 0.932404 13.569109 -0.126801 -0.612098 -2.869612
    73 -1.327759 -0.766682 12.396324 -0.027226 -0.011640 0.240166
    74 0.000017 -54.999996 0.000000 0.000000 0.000000 -1.570796
  time 32
    0 0.000000 0.000000 -1.500000 0.000000 0.000000 0.000000
    1 -10.521344 -5.760963 66.994621 3.097005 -0.050653 -3.139334
    2 5.898989 9.341267 15.467176 -0.211757 0.379433 -0.218442
    3 -0.000034 0.000012 24.761454 -1.201713 -0.139346 0.536997
    4 0.000017 0.000000 24.344809 1.817118 -0.383654 -0.234263
    5 0.002333 -1.019846 24.031336 0.704199 -0.008242 0.056055
    6 0.000034 0.000008 13.404741 -0.000001 -0.000009 0.242318
    7 10.398263 -5.760962 66.994675 3.097005 0.050653 3.139334
    8 7.503969 10.414827 15.455563 0.994152 -0.522329 -0.072558
    9 -0.000004 -0.000006 24.761459 -1.267950 0.147035 -0.410274
    10 -0.000007 0.000004 24.344891 1.179808 0.155012 0.017307
    11 -0.002360 -1.019903 24.031330 0.390608 0.038860 0.043663
    12 0.000000 -0.000002 13.404737 0.000001 0.000005 -0.225859
    13 -0.061540 -5.245835 72.927078 0.000000 0.000000 0.000000
    14 -6.448092 7.585744 -15.529503 0.372702 -0.093005 0.253963
    15 0.000000 -0.005608 -1.146812 0.159842 0.039695 -0.232775
    16 0.030770 -0.240000 8.906021 -0.004138 0.000000 0.000000
    17 0.058619 -3.116427 -0.629324 0.470167 -0.142032 0.247554
    18 0.030770 -0.276858 8.905140 0.056125 0.004134 -0.000049
    19 0.217491 -0.772585 0.041795 0.425010 0.037934 0.034071
    20 5.669724 4.435303 14.302868 1.332620 -1.021886 2.084004
    21 -1.044571 -2.839317 19.743267 -0.113662 -0.885921 0.072882
    22 2.655533 -1.533369 24.792658 -0.269280 0.069784 -0.015832
    23 1.120163 -0.154394 9.796035 -0.018653 0.001021 -0.162048
    24 2.240311 -0.308786 19.592051 -0.247918 -0.165423 -0.290015
    25 0.683151 2.877354 14.167051 -1.511394 -0.211768 1.554307
    26 0.144936 -0.145374 7.579252 -1.768092 -0.243254 0.235289
    27 0.091660 -0.906685 4.702850 -1.587479 -0.182565 0.191124
    28 0.506271 8.500866 13.617253 -1.470526 -0.303331 1.571638
    29 -0.384987 -0.460049 7.003448 -1.747476 -0.440889 0.551348
    30 0.561516 -0.596954 5.061852 -1.494407 -0.380557 0.386326
    31 -2.452171 -8.899406 11.597897 -1.564465 -0.075967 1.475308
    32 0.680496 -0.903999 6.074253 -1.628053 0.173822 -0.014264
    33 0.245514 -0.661150 3.388004 -1.484466 0.109509 -0.099209
    34 -0.717484 -3.784271 13.043911 -1.593590 -0.028658 1.464722
    35 1.099216 -1.407745 8.017889 -1.782123 0.031969 -0.017454
    36 0.068439 -0.807653 3.686054 -1.465865 0.034014 -0.009745
    37 -4.004929 6.172707 4.754754 0.109464 1.126798 2.530885
    38 0.158352 -1.149811 5.804394 -0.869542 -0.330219 0.145630
    39 -1.083523 -1.463142 5.544399 -0.797673 -0.152792 -0.023938
    40 -6.289886 0.932434 13.569063 -0.126803 0.612110 2.869610
    41 1.327774 -0.766687 12.396328 0.001604 -0.000944 0.015202
    42 -0.096140 1.828087 23.185329 -0.146116 -0.060209 -1.452218
    43 2.325478 -0.000003 6.169296 -0.038872 -0.349083 1.624171
    44 0.000000 -3.152912 0.122169 2.214596 0.003332 -0.008114
    45 1.933594 -10.226563 6.964844 0.292219 -1.282324 -3.141588
    46 0.343506 0.000008 1.441406 0.547137 -0.343566 0.107833
    47 2.479414 -8.323895 6.074242 -0.078778 1.032006 0.377006
    48 0.000002 -5.070313 5.929688 0.000000 0.000000 0.000000
    49 -1.068383 -10.478611 7.065971 0.292219 1.282324 3.141588
    50 -0.000488 0.000015 2.279600 0.547136 0.343566 0.107835
    51 -2.479401 -8.323895 6.074234 -0.068227 1.046451 0.342178
    52 -5.790000 4.432083 14.255558 -5.700691 1.280905 -2.050927
    53 1.044540 -2.839314 19.743252 -0.421928 0.058885 -0.054407
    54 -2.655510 -1.533379 24.792648 -1.464549 -0.156834 0.555312
    55 -1.120216 -0.154385 9.795983 -0.012889 -0.001049 0.112045
    56 -2.240372 -0.308788 19.592047 -0.014667 0.106190 0.225817
    57 -0.683205 2.877342 14.167089 -1.604576 0.208954 -1.789836
    58 -0.144958 -0.145317 7.579308 -1.541391 0.304896 -0.166506
    59 -0.038551 -0.936644 4.697678 -2.189566 0.238585 -0.365176
    60 -0.506317 8.500896 13.617329 -1.710279 0.278188 -1.993619
    61 0.385056 -0.460075 7.003435 -1.471905 0.596213 -0.385484
    62 -0.456360 -0.710276 5.057732 -1.989932 0.545832 -0.699272
    63 2.452194 -8.899408 11.597939 -1.419606 0.110527 -1.352657
    64 -0.680515 -0.903999 6.074242 -1.453600 -0.173888 -0.003175
    65 -0.248295 -0.666843 3.386627 -1.668601 -0.122155 0.124625
    66 0.717491 -3.784309 13.044010 -1.725758 0.009829 -1.454343
    67 -1.099228 -1.407673 8.017876 -1.350904 -0.015601 0.007733
    68 -0.064053 -0.807640 3.686100 -1.839904 -0.037749 0.018153
    69 4.004906 6.172710 4.754800 -0.720269 -0.940275 -1.497138
    70 -0.158381 -1.149773 5.804405 -0.345801 0.685529 0.599782
    71 1.078559 -2.386406 5.215008 -1.052487 1.087708 -0.156294
    72 6.289963 0.932404 13.569109 -0.126801 -0.612098 -2.869612
    73 -1.327759 -0.766682 12.396324 -0.038468 -0.014324 0.333760
    74 0.000017 -54.999996 0.000000 0.000000 0.000000 -1.570796
  time 33
    0 0.000000 0.000000 -1.500000 0.000000 0.000000 0.000000
    1 -10.521344 -5.760963 66.994621 3.097005 -0.050653 -3.139334
    2 3.977055 10.102440 14.682317 -0.193652 0.423690 -0.125164
    3 -0.000034 0.000012 24.761454 -1.124801 -0.130454 0.480765
    4 0.000017 0.000000 24.344809 1.770143 -0.410567 -0.240075
    5 0.002333 -1.019846 24.031336 0.658838 -0.011478 0.049008
    6 0.000034 0.000008 13.404741 -0.000001 -0.000009 0.205468
    7 10.398263 -5.760962 66.994675 3.097005 0.050653 3.139334
    8 5.500001 9.140912 14.736197 0.933155 -0.515744 0.012599
    9 -0.000004 -0.000006 24.761459 -1.268060 0.147059 -0.399902
    10 -0.000007 0.000004 24.344891 1.239120 0.160700 0.021742
    11 -0.002360 -1.019903 24.031330 0.390032 0.022921 0.031738
    12 0.000000 -0.000002 13.404737 0.000001 0.000005 -0.205184
    13 -0.061540 -5.245835 72.927078 0.000000 0.000000 0.000000
    14 -4.729289 7.527516 -14.673321 0.357308 -0.083095 0.122086
    15 0.000000 -0.005608 -1.146812 0.125617 0.045153 -0.195246
    16 0.030770 -0.240000 8.906021 -0.004138 0.000000 0.000000
    17 0.113308 -3.003142 -0.590260 0.459119 -0.113951 0.221398
    18 0.030770 -0.276858 8.905140 0.056125 0.004134 -0.000049
    19 0.276087 -0.717896 0.037888 0.401061 0.069141 0.037810
    20 5.669724 4.435303 14.302868 1.350422 -1.047149 1.991237
    21 -1.044571 -2.839317 19.743267 -0.160478 -0.841826 0.092059
    22 2.655533 -1.533369 24.792658 -0.348739 0.074549 -0.091123
    23 1.120163 -0.154394 9.796035 -0.015369 0.001057 -0.133522
    24 2.240311 -0.308786 19.592051 -0.321377 -0.260277 -0.222284
    25 0.683151 2.877354 14.167051 -1.511394 -0.211768 1.554307
    26 0.144936 -0.145374 7.579252 -1.768092 -0.243254 0.235289
    27 0.091660 -0.906685 4.702850 -1.587479 -0.182565 0.191124
    28 0.506271 8.500866 13.617253 -1.470526 -0.303331 1.571638
    29 -0.384987 -0.460049 7.003448 -1.747476 -0.440889 0.551348
    30 0.561516 -0.596954 5.061852 -1.494407 -0.380557 0.386326
    31 -2.452171 -8.899406 11.597897 -1.564465 -0.075967 1.475308
    32 0.680496 -0.903999 6.074253 -1.628053 0.173822 -0.014264
    33 0.245514 -0.661150 3.388004 -1.484466 0.109509 -0.099209
    34 -0.717484 -3.784271 13.043911 -1.593590 -0.028646 1.464722
    35 1.099216 -1.407745 8.017889 -1.782123 0.031969 -0.017454
    36 0.068439 -0.807653 3.686054 -1.465865 0.034014 -0.009745
    37 -4.004929 6.172707 4.754754 0.109464 1.126798 2.530885
    38 0.158352 -1.149811 5.804394 -0.869542 -0.330219 0.145630
    39 -1.083523 -1.463142 5.544399 -0.797673 -0.152792 -0.023938
    40 -6.289886 0.932434 13.569063 -0.126803 0.612110 2.869610
    41 1.327774 -0.766687 12.396328 -0.003837 0.002124 -0.035365
    42 -0.096140 1.828087 23.185329 -0.146116 -0.060209 -1.452218
    43 2.325478 -0.000003 6.169296 -0.108396 -0.305126 1.664163
    44 0.000000 -3.152912 0.122169 2.176334 0.003440 -0.008353
    45 1.933594 -10.226563 6.964844 0.292219 -1.282324 -3.141588
    46 0.343506 0.000008 1.441406 0.547137 -0.343566 0.107833
    47 2.479414 -8.323895 6.074242 -0.057980 0.931888 0.747290
    48 0.000002 -5.070313 5.929688 0.000000 0.000000 0.000000
    49 -1.068383 -10.478611 7.065971 0.292219 1.282324 3.141588
    50 -0.000488 0.000015 2.279600 0.547136 0.343566 0.107835
    51 -2.479401 -8.323895 6.074234 -0.040371 0.950579 0.732208
    52 -5.790000 4.432083 14.255558 -5.171940 1.406721 -1.618512
    53 1.044540 -2.839314 19.743252 -0.489328 0.090810 -0.047630
    54 -2.655510 -1.533379 24.792648 -1.289869 -0.134534 0.713209
    55 -1.120216 -0.154385 9.795983 -0.009137 -0.000905 0.079591
    56 -2.240372 -0.308788 19.592047 -0.025129 0.142625 0.160002
    57 -0.683205 2.877342 14.167089 -1.604527 0.208954 -1.789836
    58 -0.144958 -0.145317 7.579308 -1.541391 0.304896 -0.166506
    59 -0.038551 -0.936644 4.697678 -2.189566 0.238585 -0.365176
    60 -0.506317 8.500896 13.617329 -1.710279 0.278188 -1.993619
    61 0.385056 -0.460075 7.003435 -1.471905 0.596213 -0.385484
    62 -0.456360 -0.710276 5.057732 -1.989932 0.545832 -0.699272
    63 2.452194 -8.899408 11.597939 -1.419606 0.110527 -1.352657
    64 -0.680515 -0.903999 6.074242 -1.453600 -0.173888 -0.003175
    65 -0.248295 -0.666843 3.386627 -1.668601 -0.122155 0.124625
    66 0.717491 -3.784309 13.044010 -1.725758 0.009829 -1.454343
    67 -1.099228 -1.407673 8.017876 -1.350904 -0.015601 0.007733
    68 -0.064053 -0.807640 3.686100 -1.839904 -0.037749 0.018153
    69 4.004906 6.172710 4.754800 -0.720269 -0.940275 -1.497138
    70 -0.158381 -1.149773 5.804405 -0.345801 0.685529 0.599782
    71 1.078559 -2.386406 5.215008 -1.052487 1.087708 -0.156294
    72 6.289963 0.932404 13.569109 -0.126801 -0.612098 -2.869612
    73 -1.327759 -0.766682 12.396324 -0.049050 -0.015882 0.420599
    74 0.000017 -54.999996 0.000000 0.000000 0.000000 -1.570796
  time 34
    0 0.000000 0.000000 -1.500000 0.000000 0.000000 0.000000
    1 -10.521344 -5.760963 66.994621 3.097005 -0.050653 -3.139334
    2 1.621515 10.974107 13.964731 -0.162225 0.472875 -0.004580
    3 -0.000034 0.000012 24.761454 -1.033864 -0.119943 0.413784
    4 0.000017 0.000000 24.344809 1.715523 -0.441305 -0.242430
    5 0.002333 -1.019846 24.031336 0.603024 -0.016332 0.040919
    6 0.000034 0.000008 13.404741 -0.000001 -0.000009 0.163323
    7 10.398263 -5.760962 66.994675 3.097005 0.050653 3.139334
    8 3.328060 7.617208 14.151713 0.867296 -0.514391 0.114837
    9 -0.000004 -0.000006 24.761459 -1.274934 0.147850 -0.404388
    10 -0.000007 0.000004 24.344891 1.305660 0.161433 0.022288
    11 -0.002360 -1.019903 24.031330 0.389594 0.005819 0.018962
    12 0.000000 -0.000002 13.404737 0.000001 0.000005 -0.196360
    13 -0.061540 -5.245835 72.927078 0.000000 0.000000 0.000000
    14 -2.674539 7.492579 -13.929794 0.339001 -0.071069 -0.035735
    15 0.000000 -0.005608 -1.146812 0.084788 0.051631 -0.151005
    16 0.030770 -0.240000 8.906021 -0.004138 0.000000 0.000000
    17 0.187529 -2.862513 -0.543384 0.444304 -0.083325 0.194482
    18 0.030770 -0.276858 8.905140 0.056125 0.004134 -0.000049
    19 0.354214 -0.651488 0.033982 0.371357 0.108371 0.040890
    20 5.669724 4.435303 14.302868 1.383919 -1.071919 1.874703
    21 -1.044571 -2.839317 19.743267 -0.168159 -0.782023 0.092510
    22 2.655533 -1.533369 24.792658 -0.444472 0.079429 -0.162452
    23 1.120163 -0.154394 9.796035 -0.011451 0.000985 -0.099512
    24 2.240311 -0.308786 19.592051 -0.426822 -0.361162 -0.141181
    25 0.683151 2.877354 14.167051 -1.511394 -0.211768 1.554307
    26 0.144936 -0.145374 7.579252 -1.768092 -0.243254 0.235289
    27 0.091660 -0.906685 4.702850 -1.587479 -0.182565 0.191124
    28 0.506271 8.500866 13.617253 -1.470526 -0.303331 1.571638
    29 -0.384987 -0.460049 7.003448 -1.747476 -0.440889 0.551348
    30 0.561516 -0.596954 5.061852 -1.494372 -0.380557 0.386326
    31 -2.452171 -8.899406 11.597897 -1.564465 -0.075967 1.475308
    32 0.680496 -0.903999 6.074253 -1.628053 0.173822 -0.014264
    33 0.245514 -0.661150 3.388004 -1.484466 0.109509 -0.099209
    34 -0.717484 -3.784271 13.043911 -1.593590 -0.028646 1.464722
    35 1.099216 -1.407745 8.017889 -1.782123 0.031969 -0.017454
    36 0.068439 -0.807653 3.686054 -1.465865 0.034014 -0.009745
    37 -4.004929 6.172707 4.754754 0.109464 1.126798 2.530885
    38 0.158352 -1.149811 5.804394 -0.869542 -0.330219 0.145630
    39 -1.083523 -1.463142 5.544399 -0.797673 -0.152792 -0.023938
    40 -6.289886 0.932434 13.569063 -0.126803 0.612110 2.869610
    41 1.327774 -0.766687 12.396328 -0.009014 0.004737 -0.082317
    42 -0.096140 1.828087 23.185329 -0.146116 -0.060209 -1.452218
    43 2.325478 -0.000003 6.169296 -0.167225 -0.250854 1.699007
    44 0.000000 -3.152912 0.122169 2.130667 0.003056 -0.007466
    45 1.933594 -10.226563 6.964844 0.292219 -1.282324 -3.141588
    46 0.343506 0.000008 1.441406 0.547137 -0.343566 0.107833
    47 2.479414 -8.323895 6.074242 -0.037944 0.764617 1.030566
    48 0.000002 -5.070313 5.929688 0.000000 0.000000 0.000000
    49 -1.068383 -10.478611 7.065971 0.292219 1.282324 3.141588
    50 -0.000488 0.000015 2.279600 0.547136 0.343566 0.107835
    51 -2.479401 -8.323895 6.074234 -0.018600 0.781798 1.028730
    52 -5.790000 4.432083 14.255558 -3.815554 1.424291 -0.400125
    53 1.044540 -2.839314 19.743252 -0.622403 0.218934 -0.054488
    54 -2.655510 -1.533379 24.792648 -1.043274 -0.111172 0.754482
    55 -1.120216 -0.154385 9.795983 -0.004679 -0.000570 0.040825
    56 -2.240372 -0.308788 19.592047 -0.043992 0.183911 0.080697
    57 -0.683205 2.877342 14.167089 -1.604576 0.208954 -1.789836
    58 -0.144958 -0.145317 7.579308 -1.541391 0.304896 -0.166506
    59 -0.038551 -0.936644 4.697678 -2.189566 0.238585 -0.365164
    60 -0.506317 8.500896 13.617329 -1.710279 0.278188 -1.993619
    61 0.385056 -0.460075 7.003435 -1.471905 0.596196 -0.385484
    62 -0.456360 -0.710276 5.057732 -1.989932 0.545832 -0.699272
    63 2.452194 -8.899408 11.597939 -1.419606 0.110527 -1.352657
    64 -0.680515 -0.903999 6.074242 -1.453600 -0.173888 -0.003175
    65 -0.248295 -0.666843 3.386627 -1.668601 -0.122155 0.124625
    66 0.717491 -3.784309 13.044010 -1.725758 0.009829 -1.454343
    67 -1.099228 -1.407673 8.017876 -1.350904 -0.015601 0.007733
    68 -0.064053 -0.807640 3.686100 -1.839904 -0.037749 0.018153
    69 4.004906 6.172710 4.754800 -0.720269 -0.940275 -1.497138
    70 -0.158381 -1.149773 5.804405 -0.345801 0.685529 0.599782
    71 1.078559 -2.386406 5.215008 -1.052487 1.087708 -0.156294
    72 6.289963 0.932404 13.569109 -0.126801 -0.612098 -2.869612
    73 -1.327759 -0.766682 12.396324 -0.053029 -0.016242 0.452938
    74 0.000017 -54.999996 0.000000 0.000000 0.000000 -1.570796
  time 35
    0 0.000000 0.000000 -1.500000 0.000000 0.000000 0.000000
    1 -10.521344 -5.760963 66.994621 3.097005 -0.050653 -3.139334
    2 -0.937157 11.882604 13.314420 -0.119868 0.516297 0.133917
    3 -0.000034 0.000012 24.761454 -0.928497 -0.107767 0.344359
    4 0.000017 0.000000 24.344809 1.650178 -0.471998 -0.237288
    5 0.002333 -1.019846 24.031336 0.543140 -0.022552 0.033033
    6 0.000034 0.000008 13.404741 -0.000001 -0.000009 0.122381
    7 10.398263 -5.760962 66.994675 3.097005 0.050653 3.139334
    8 1.281123 6.006079 13.679629 0.800498 -0.516146 0.224749
    9 -0.000004 -0.000006 24.761459 -1.281204 0.148581 -0.422009
    10 -0.000007 0.000004 24.344891 1.368716 0.158367 0.019829
    11 -0.002360 -1.019903 24.031330 0.389432 -0.010780 0.006582
    12 0.000000 -0.000002 13.404737 0.000001 0.000005 -0.197820
    13 -0.061540 -5.245835 72.927078 0.000000 0.000000 0.000000
    14 -0.506504 7.457642 -13.298924 0.319831 -0.058200 -0.202803
    15 0.000000 -0.005608 -1.146812 0.041631 0.058454 -0.104834
    16 0.030770 -0.240000 8.906021 -0.004138 0.000000 0.000000
    17 0.277375 -2.717977 -0.492601 0.426943 -0.053230 0.169883
    18 0.030770 -0.276858 8.905140 0.056125 0.004134 -0.000049
    19 0.444061 -0.581173 0.026169 0.339401 0.151098 0.042077
    20 5.669724 4.435303 14.302868 1.432728 -1.098415 1.740824
    21 -1.044571 -2.839317 19.743267 -0.152015 -0.711627 0.084247
    22 2.655533 -1.533369 24.792658 -0.545890 0.084694 -0.232730
    23 1.120163 -0.154394 9.796035 -0.007304 0.000758 -0.063570
    24 2.240311 -0.308786 19.592051 -0.557029 -0.451181 -0.055290
    25 0.683151 2.877354 14.167051 -1.511394 -0.211768 1.554307
    26 0.144936 -0.145374 7.579252 -1.768092 -0.243254 0.235289
    27 0.091660 -0.906685 4.702850 -1.587479 -0.182565 0.191124
    28 0.506271 8.500866 13.617253 -1.470526 -0.303331 1.571638
    29 -0.384987 -0.460049 7.003448 -1.747476 -0.440889 0.551348
    30 0.561516 -0.596954 5.061852 -1.494372 -0.380557 0.386314
    31 -2.452171 -8.899406 11.597897 -1.564465 -0.075967 1.475308
    32 0.680496 -0.903999 6.074253 -1.628053 0.173822 -0.014264
    33 0.245514 -0.661150 3.388004 -1.484466 0.109509 -0.099209
    34 -0.717484 -3.784271 13.043911 -1.593590 -0.028646 1.464722
    35 1.099216 -1.407745 8.017889 -1.782123 0.031969 -0.017454
    36 0.068439 -0.807653 3.686054 -1.465865 0.034014 -0.009745
    37 -4.004929 6.172707 4.754754 0.109464 1.126798 2.530885
    38 0.158352 -1.149811 5.804394 -0.869542 -0.330219 0.145630
    39 -1.083523 -1.463142 5.544399 -0.797673 -0.152792 -0.023938
    40 -6.289886 0.932434 13.569063 -0.126803 0.612110 2.869610
    41 1.327774 -0.766687 12.396328 -0.014180 0.007026 -0.127963
    42 -0.096140 1.828087 23.185329 -0.146116 -0.060209 -1.452218
    43 2.325478 -0.000003 6.169296 -0.214115 -0.192414 1.726626
    44 0.000000 -3.152912 0.122169 2.082494 0.002397 -0.005837
    45 1.933594 -10.226563 6.964844 0.292219 -1.282324 -3.141588
    46 0.343506 0.000008 1.441406 0.547137 -0.343566 0.107833
    47 2.479414 -8.323895 6.074242 -0.025112 0.585324 1.234093
    48 0.000002 -5.070313 5.929688 0.000000 0.000000 0.000000
    49 -1.068383 -10.478611 7.065971 0.292219 1.282324 3.141588
    50 -0.000488 0.000015 2.279600 0.547136 0.343566 0.107835
    51 -2.479401 -8.323895 6.074234 -0.006209 0.598370 1.237685
    52 -5.790000 4.432083 14.255558 -3.119723 1.317333 0.130979
    53 1.044540 -2.839314 19.743252 -0.649786 0.456528 -0.124704
    54 -2.655510 -1.533379 24.792648 -0.859686 -0.101374 0.653004
    55 -1.120216 -0.154385 9.795983 0.000007 -0.000006 -0.000063
    56 -2.240372 -0.308788 19.592047 -0.070950 0.224257 -0.003849
    57 -0.683205 2.877342 14.167089 -1.604576 0.208954 -1.789823
    58 -0.144958 -0.145317 7.579308 -1.541391 0.304896 -0.166506
    59 -0.038551 -0.936644 4.697678 -2.189566 0.238585 -0.365188
    60 -0.506317 8.500896 13.617329 -1.710279 0.278188 -1.993619
    61 0.385056 -0.460075 7.003435 -1.471905 0.596196 -0.385484
    62 -0.456360 -0.710276 5.057732 -1.989932 0.545832 -0.699289
    63 2.452194 -8.899408 11.597939 -1.419606 0.110527 -1.352657
    64 -0.680515 -0.903999 6.074242 -1.453600 -0.173888 -0.003175
    65 -0.248295 -0.666843 3.386627 -1.668601 -0.122155 0.124625
    66 0.717491 -3.784309 13.044010 -1.725758 0.009829 -1.454343
    67 -1.099228 -1.407673 8.017876 -1.350904 -0.015601 0.007733
    68 -0.064053 -0.807640 3.686100 -1.839904 -0.037749 0.018153
    69 4.004906 6.172710 4.754800 -0.720269 -0.940275 -1.497138
    70 -0.158381 -1.149773 5.804405 -0.345801 0.685529 0.599782
    71 1.078559 -2.386406 5.215008 -1.052487 1.087708 -0.156294
    72 6.289963 0.932404 13.569109 -0.126801 -0.612098 -2.869612
    73 -1.327759 -0.766682 12.396324 -0.045934 -0.015535 0.395246
    74 0.000017 -54.999996 0.000000 0.000000 0.000000 -1.570796
  time 36
    0 0.000000 0.000000 -1.500000 0.000000 0.000000 0.000000
    1 -10.521344 -5.760963 66.994621 3.097005 -0.050653 -3.139334
    2 -3.433327 12.717440 12.753806 -0.074982 0.546136 0.275211
    3 -0.000034 0.000012 24.761454 -0.811828 -0.094248 0.280228
    4 0.000017 0.000000 24.344809 1.575585 -0.499635 -0.223006
    5 0.002333 -1.019846 24.031336 0.485459 -0.029455 0.026297
    6 0.000034 0.000008 13.404741 -0.000001 -0.000009 0.087893
    7 10.398263 -5.760962 66.994675 3.097005 0.050653 3.139334
    8 -0.425961 4.519844 13.297466 0.737539 -0.519987 0.331278
    9 -0.000004 -0.000006 24.761459 -1.284339 0.148965 -0.449894
    10 -0.000007 0.000004 24.344891 1.421186 0.152901 0.015499
    11 -0.002360 -1.019903 24.031330 0.389409 -0.025210 -0.004180
    12 0.000000 -0.000002 13.404737 0.000001 0.000005 -0.207417
    13 -0.061540 -5.245835 72.927078 0.000000 0.000000 0.000000
    14 1.559965 7.445996 -12.780708 0.301588 -0.045744 -0.362486
    15 0.000000 -0.005608 -1.146812 0.000483 0.064838 -0.061408
    16 0.030770 -0.240000 8.906021 -0.004138 0.000000 0.000000
    17 0.363316 -2.577348 -0.449631 0.408993 -0.026289 0.149597
    18 0.030770 -0.276858 8.905140 0.056125 0.004134 -0.000049
    19 0.530001 -0.514765 0.018356 0.308946 0.192467 0.041070
    20 5.669724 4.435303 14.302868 1.499052 -1.130126 1.593336
    21 -1.044571 -2.839317 19.743267 -0.126381 -0.634603 0.075420
    22 2.655533 -1.533369 24.792658 -0.642491 0.090343 -0.305919
    23 1.120163 -0.154394 9.796035 -0.003373 0.000410 -0.029353
    24 2.240311 -0.308786 19.592051 -0.695548 -0.520203 0.024706
    25 0.683151 2.877354 14.167051 -1.511394 -0.211768 1.554307
    26 0.144936 -0.145374 7.579252 -1.768092 -0.243254 0.235289
    27 0.091660 -0.906685 4.702850 -1.587479 -0.182565 0.191124
    28 0.506271 8.500866 13.617253 -1.470526 -0.303331 1.571638
    29 -0.384987 -0.460049 7.003448 -1.747476 -0.440889 0.551348
    30 0.561516 -0.596954 5.061852 -1.494372 -0.380557 0.386314
    31 -2.452171 -8.899406 11.597897 -1.564465 -0.075967 1.475308
    32 0.680496 -0.903999 6.074253 -1.628053 0.173822 -0.014264
    33 0.245514 -0.661150 3.388004 -1.484466 0.109509 -0.099209
    34 -0.717484 -3.784271 13.043911 -1.593590 -0.028646 1.464722
    35 1.099216 -1.407745 8.017889 -1.782123 0.031969 -0.017454
    36 0.068439 -0.807653 3.686054 -1.465865 0.034014 -0.009745
    37 -4.004929 6.172707 4.754754 0.109464 1.126798 2.530885
    38 0.158352 -1.149811 5.804394 -0.869542 -0.330219 0.145630
    39 -1.083523 -1.463142 5.544399 -0.797673 -0.152792 -0.023938
    40 -6.289886 0.932434 13.569063 -0.126803 0.612110 2.869610
    41 1.327774 -0.766687 12.396328 -0.019477 0.009075 -0.174112
    42 -0.096140 1.828087 23.185329 -0.146116 -0.060209 -1.452218
    43 2.325478 -0.000003 6.169296 -0.249021 -0.136318 1.747102
    44 0.000000 -3.152912 0.122169 2.036615 0.001582 -0.003871
    45 1.933594 -10.226563 6.964844 0.292219 -1.282324 -3.141588
    46 0.343506 0.000008 1.441406 0.547137 -0.343566 0.107833
    47 2.479414 -8.323895 6.074242 -0.016929 0.437259 1.390917
    48 0.000002 -5.070313 5.929688 0.000000 0.000000 0.000000
    49 -1.068383 -10.478611 7.065971 0.292219 1.282324 3.141588
    50 -0.000488 0.000015 2.279600 0.547136 0.343566 0.107835
    51 -2.479401 -8.323895 6.074234 0.001423 0.445985 1.396629
    52 -5.790000 4.432083 14.255558 -2.839819 1.262255 0.246724
    53 1.044540 -2.839314 19.743252 -0.651066 0.672329 -0.211520
    54 -2.655510 -1.533379 24.792648 -0.771667 -0.098035 0.546376
    55 -1.120216 -0.154385 9.795983 0.004429 0.000689 -0.039019
    56 -2.240372 -0.308788 19.592047 -0.103253 0.258761 -0.085817
    57 -0.683205 2.877342 14.167089 -1.604527 0.208954 -1.789836
    58 -0.144958 -0.145317 7.579308 -1.541391 0.304896 -0.166506
    59 -0.038551 -0.936644 4.697678 -2.189566 0.238585 -0.365176
    60 -0.506317 8.500896 13.617329 -1.710279 0.278188 -1.993619
    61 0.385056 -0.460075 7.003435 -1.471905 0.596196 -0.385484
    62 -0.456360 -0.710276 5.057732 -1.989932 0.545854 -0.699289
    63 2.452194 -8.899408 11.597939 -1.419606 0.110527 -1.352657
    64 -0.680515 -0.903999 6.074242 -1.453600 -0.173888 -0.003175
    65 -0.248295 -0.666843 3.386627 -1.668601 -0.122155 0.124625
    66 0.717491 -3.784309 13.044010 -1.725758 0.009829 -1.454343
    67 -1.099228 -1.407673 8.017876 -1.350904 -0.015601 0.007733
    68 -0.064053 -0.807640 3.686100 -1.839904 -0.037749 0.018153
    69 4.004906 6.172710 4.754800 -0.720269 -0.940275 -1.497138
    70 -0.158381 -1.149773 5.804405 -0.345801 0.685529 0.599782
    71 1.078559 -2.386406 5.215008 -1.052487 1.087708 -0.156294
    72 6.289963 0.932404 13.569109 -0.126801 -0.612098 -2.869612
    73 -1.327759 -0.766682 12.396324 -0.038504 -0.014324 0.334037
    74 0.000017 -54.999996 0.000000 0.000000 0.000000 -1.570796
  time 37
    0 0.000000 0.000000 -1.500000 0.000000 0.000000 0.000000
    1 -10.521344 -5.760963 66.994621 3.097005 -0.050653 -3.139334
    2 -5.581830 13.404951 12.282891 -0.039729 0.559970 0.399072
    3 -0.000034 0.000012 24.761454 -0.693289 -0.080526 0.228109
    4 0.000017 0.000000 24.344809 1.498772 -0.522088 -0.201443
    5 0.002333 -1.019846 24.031336 0.436440 -0.035975 0.021312
    6 0.000034 0.000008 13.404741 -0.000001 -0.000009 0.063003
    7 10.398263 -5.760962 66.994675 3.097005 0.050653 3.139334
    8 -1.699437 3.320865 13.027704 0.685244 -0.525145 0.422954
    9 -0.000004 -0.000006 24.761459 -1.285329 0.149073 -0.483879
    10 -0.000007 0.000004 24.344891 1.459329 0.145946 0.010056
    11 -0.002360 -1.019903 24.031330 0.389525 -0.035804 -0.012078
    12 0.000000 -0.000002 13.404737 0.000001 0.000005 -0.222231
    13 -0.061540 -5.245835 72.927078 0.000000 0.000000 0.000000
    14 3.294393 7.434350 -12.420211 0.286258 -0.035094 -0.497726
    15 0.000000 -0.005608 -1.146812 -0.034285 0.070140 -0.025156
    16 0.030770 -0.240000 8.906021 -0.004138 0.000000 0.000000
    17 0.441443 -2.460157 -0.410567 0.392831 -0.004588 0.134782
    18 0.030770 -0.276858 8.905140 0.056125 0.004134 -0.000049
    19 0.600315 -0.456169 0.018356 0.283174 0.227788 0.038649
    20 5.669724 4.435303 14.302868 1.633710 -1.187664 1.366402
    21 -1.044571 -2.839317 19.743267 -0.093360 -0.533262 0.069272
    22 2.655533 -1.533369 24.792658 -0.750765 0.097029 -0.405877
    23 1.120163 -0.154394 9.796035 -0.000053 0.000003 -0.000482
    24 2.240311 -0.308786 19.592051 -0.820011 -0.565972 0.088204
    25 0.683151 2.877354 14.167051 -1.511394 -0.211768 1.554307
    26 0.144936 -0.145374 7.579252 -1.768092 -0.243254 0.235289
    27 0.091660 -0.906685 4.702850 -1.587479 -0.182565 0.191124
    28 0.506271 8.500866 13.617253 -1.470526 -0.303331 1.571638
    29 -0.384987 -0.460049 7.003448 -1.747476 -0.440889 0.551348
    30 0.561516 -0.596954 5.061852 -1.494407 -0.380557 0.386314
    31 -2.452171 -8.899406 11.597897 -1.564465 -0.075967 1.475308
    32 0.680496 -0.903999 6.074253 -1.628053 0.173822 -0.014264
    33 0.245514 -0.661150 3.388004 -1.484466 0.109509 -0.099209
    34 -0.717484 -3.784271 13.043911 -1.593590 -0.028658 1.464722
    35 1.099216 -1.407745 8.017889 -1.782123 0.031969 -0.017454
    36 0.068439 -0.807653 3.686054 -1.465865 0.034014 -0.009745
    37 -4.004929 6.172707 4.754754 0.109464 1.126798 2.530885
    38 0.158352 -1.149811 5.804394 -0.869542 -0.330219 0.145630
    39 -1.083523 -1.463142 5.544399 -0.797673 -0.152792 -0.023938
    40 -6.289886 0.932434 13.569063 -0.126803 0.612110 2.869610
    41 1.327774 -0.766687 12.396328 -0.026536 0.011412 -0.234220
    42 -0.096140 1.828087 23.185329 -0.146116 -0.060209 -1.452218
    43 2.325478 -0.000003 6.169296 -0.272801 -0.088875 1.760871
    44 0.000000 -3.152912 0.122169 1.997849 0.000815 -0.001977
    45 1.933594 -10.226563 6.964844 0.292219 -1.282324 -3.141588
    46 0.343506 0.000008 1.441406 0.547137 -0.343566 0.107833
    47 2.479414 -8.323895 6.074242 -0.011302 0.338925 1.513358
    48 0.000002 -5.070313 5.929688 0.000000 0.000000 0.000000
    49 -1.068383 -10.478611 7.065971 0.292219 1.282324 3.141588
    50 -0.000488 0.000015 2.279600 0.547136 0.343566 0.107835
    51 -2.479401 -8.323895 6.074234 0.006705 0.344301 1.519357
    52 -5.790000 4.432083 14.255558 -2.759778 1.299680 0.135674
    53 1.044540 -2.839314 19.743252 -0.663310 0.804269 -0.274279
    54 -2.655510 -1.533379 24.792648 -0.707502 -0.095097 0.466783
    55 -1.120216 -0.154385 9.795983 0.008156 0.001420 -0.071909
    56 -2.240372 -0.308788 19.592047 -0.135327 0.284255 -0.155842
    57 -0.683205 2.877342 14.167089 -1.604576 0.208954 -1.789836
    58 -0.144958 -0.145317 7.579308 -1.541391 0.304896 -0.166506
    59 -0.038551 -0.936644 4.697678 -2.189566 0.238585 -0.365176
    60 -0.506317 8.500896 13.617329 -1.710279 0.278188 -1.993619
    61 0.385056 -0.460075 7.003435 -1.471905 0.596196 -0.385484
    62 -0.456360 -0.710276 5.057732 -1.989932 0.545832 -0.699272
    63 2.452194 -8.899408 11.597939 -1.419606 0.110527 -1.352657
    64 -0.680515 -0.903999 6.074242 -1.453600 -0.173888 -0.003175
    65 -0.248295 -0.666843 3.386627 -1.668601 -0.122155 0.124625
    66 0.717491 -3.784309 13.044010 -1.725758 0.009829 -1.454343
    67 -1.099228 -1.407673 8.017876 -1.350904 -0.015601 0.007733
    68 -0.064053 -0.807640 3.686100 -1.839904 -0.037749 0.018153
    69 4.004906 6.172710 4.754800 -0.720269 -0.940275 -1.497138
    70 -0.158381 -1.149773 5.804405 -0.345801 0.685529 0.599782
    71 1.078559 -2.386406 5.215008 -1.052487 1.087708 -0.156294
    72 6.289963 0.932404 13.569109 -0.126801 -0.612098 -2.869612
    73 -1.327759 -0.766682 12.396324 -0.032727 -0.013090 0.286292
    74 0.000017 -54.999996 0.000000 0.000000 0.000000 -1.570796
  time 38
    0 0.000000 0.000000 -1.500000 0.000000 0.000000 0.000000
    1 -10.521344 -5.760963 66.994621 3.097005 -0.050653 -3.139334
    2 -7.097502 13.871477 11.968947 -0.021488 0.562448 0.485446
    3 -0.000034 0.000012 24.761454 -0.594060 -0.069021 0.193499
    4 0.000017 0.000000 24.344809 1.434536 -0.537571 -0.179361
    5 0.002333 -1.019846 24.031336 0.402354 -0.040816 0.018268
    6 0.000034 0.000008 13.404741 -0.000001 -0.000009 0.048660
    7 10.398263 -5.760962 66.994675 3.097005 0.050653 3.139334
    8 -2.488524 2.534034 12.870343 0.649670 -0.530632 0.486574
    9 -0.000004 -0.000006 24.761459 -1.286374 0.149193 -0.517291
    10 -0.000007 0.000004 24.344891 1.482176 0.138458 0.004191
    11 -0.002360 -1.019903 24.031330 0.389594 -0.041293 -0.016164
    12 0.000000 -0.000002 13.404737 0.000001 0.000005 -0.238569
    13 -0.061540 -5.245835 72.927078 0.000000 0.000000 0.000000
    14 4.501461 7.434350 -12.194900 0.275697 -0.027679 -0.591349
    15 0.000000 -0.005608 -1.146812 -0.058368 0.073779 -0.000236
    16 0.030770 -0.240000 8.906021 -0.004138 0.000000 0.000000
    17 0.503945 -2.374217 -0.387129 0.381215 0.009959 0.125677
    18 0.030770 -0.276858 8.905140 0.056125 0.004134 -0.000049
    19 0.647192 -0.413199 0.014450 0.265444 0.252371 0.036156
    20 5.669724 4.435303 14.302868 1.868094 -1.237521 1.045839
    21 -1.044571 -2.839317 19.743267 -0.056131 -0.425867 0.068454
    22 2.655533 -1.533369 24.792658 -0.856349 0.103254 -0.507371
    23 1.120163 -0.154394 9.796035 0.002224 -0.000345 0.019489
    24 2.240311 -0.308786 19.592051 -0.908048 -0.591435 0.128360
    25 0.683151 2.877354 14.167051 -1.511394 -0.211768 1.554307
    26 0.144936 -0.145374 7.579252 -1.768092 -0.243254 0.235289
    27 0.091660 -0.906685 4.702850 -1.587479 -0.182565 0.191124
    28 0.506271 8.500866 13.617253 -1.470526 -0.303331 1.571638
    29 -0.384987 -0.460049 7.003448 -1.747476 -0.440889 0.551348
    30 0.561516 -0.596954 5.061852 -1.494372 -0.380557 0.386314
    31 -2.452171 -8.899406 11.597897 -1.564465 -0.075967 1.475308
    32 0.680496 -0.903999 6.074253 -1.628053 0.173822 -0.014264
    33 0.245514 -0.661150 3.388004 -1.484466 0.109509 -0.099209
    34 -0.717484 -3.784271 13.043911 -1.593590 -0.028658 1.464722
    35 1.099216 -1.407745 8.017889 -1.782123 0.031969 -0.017454
    36 0.068439 -0.807653 3.686054 -1.465865 0.034014 -0.009745
    37 -4.004929 6.172707 4.754754 0.109464 1.126798 2.530885
    38 0.158352 -1.149811 5.804394 -0.869542 -0.330219 0.145630
    39 -1.083523 -1.463142 5.544399 -0.797673 -0.152792 -0.023938
    40 -6.289886 0.932434 13.569063 -0.126803 0.612110 2.869610
    41 1.327774 -0.766687 12.396328 -0.033427 0.013246 -0.292069
    42 -0.096140 1.828087 23.185329 -0.146116 -0.060209 -1.452218
    43 2.325478 -0.000003 6.169296 -0.286409 -0.056175 1.769014
    44 0.000000 -3.152912 0.122169 1.971061 0.000228 -0.000551
    45 1.933594 -10.226563 6.964844 0.292219 -1.282324 -3.141588
    46 0.343506 0.000008 1.441406 0.547137 -0.343566 0.107833
    47 2.479414 -8.323895 6.074242 -0.007713 0.287880 1.596068
    48 0.000002 -5.070313 5.929688 0.000000 0.000000 0.000000
    49 -1.068383 -10.478611 7.065971 0.292219 1.282324 3.141588
    50 -0.000488 0.000015 2.279600 0.547136 0.343566 0.107835
    51 -2.479401 -8.323895 6.074234 0.010039 0.291096 1.601656
    52 -5.790000 4.432083 14.255558 -2.903372 1.352930 -0.204374
    53 1.044540 -2.839314 19.743252 -0.577098 0.859513 -0.264726
    54 -2.655510 -1.533379 24.792648 -0.665933 -0.092793 0.398096
    55 -1.120216 -0.154385 9.795983 0.010721 0.001983 -0.094624
    56 -2.240372 -0.308788 19.592047 -0.159841 0.299651 -0.204731
    57 -0.683205 2.877342 14.167089 -1.604576 0.208954 -1.789836
    58 -0.144958 -0.145317 7.579308 -1.541391 0.304896 -0.166506
    59 -0.038551 -0.936644 4.697678 -2.189615 0.238585 -0.365176
    60 -0.506317 8.500896 13.617329 -1.710279 0.278188 -1.993619
    61 0.385056 -0.460075 7.003435 -1.471905 0.596196 -0.385484
    62 -0.456360 -0.710276 5.057732 -1.989932 0.545832 -0.699272
    63 2.452194 -8.899408 11.597939 -1.419606 0.110527 -1.352657
    64 -0.680515 -0.903999 6.074242 -1.453600 -0.173888 -0.003175
    65 -0.248295 -0.666843 3.386627 -1.668601 -0.122155 0.124625
    66 0.717491 -3.784309 13.044010 -1.725758 0.009829 -1.454343
    67 -1.099228 -1.407673 8.017876 -1.350904 -0.015601 0.007733
    68 -0.064053 -0.807640 3.686100 -1.839904 -0.037749 0.018153
    69 4.004906 6.172710 4.754800 -0.720269 -0.940275 -1.497138
    70 -0.158381 -1.149773 5.804405 -0.345801 0.685529 0.599782
    71 1.078559 -2.386406 5.215008 -1.052487 1.087708 -0.156294
    72 6.289963 0.932404 13.569109 -0.126801 -0.612098 -2.869612
    73 -1.327759 -0.766682 12.396324 -0.026987 -0.011568 0.238084
    74 0.000017 -54.999996 0.000000 0.000000 0.000000 -1.570796
end
