// Created by Crowbar 0.74
version 1
nodes
  0 "root" -1
  1 "g_r_hip_offset" 0
  2 "g_r_hip" 1
  3 "g_r_knee" 2
  4 "g_r_ankle" 3
  5 "g_r_ball" 4
  6 "g_r_thightwist" 2
  7 "g_l_hip_offset" 0
  8 "g_l_hip" 7
  9 "g_l_knee" 8
  10 "g_l_ankle" 9
  11 "g_l_ball" 10
  12 "g_l_thightwist" 8
  13 "g_spine01_offset" 0
  14 "g_spine01" 13
  15 "g_pelvis" 14
  16 "g_spine02_offset" 14
  17 "g_spine02" 16
  18 "g_spine03_offset" 17
  19 "g_spine03" 18
  20 "g_l_clavical" 19
  21 "g_l_shoulder" 20
  22 "g_l_elbow" 21
  23 "g_l_forarm" 22
  24 "g_l_wrist" 22
  25 "g_l_birdy1" 24
  26 "g_l_birdy2" 25
  27 "g_l_birdy3" 26
  28 "g_l_index1" 24
  29 "g_l_index2" 28
  30 "g_l_index3" 29
  31 "g_l_pinky1" 24
  32 "g_l_pinky2" 31
  33 "g_l_pinky3" 32
  34 "g_l_ring1" 24
  35 "g_l_ring2" 34
  36 "g_l_ring3" 35
  37 "g_l_thumb1" 24
  38 "g_l_thumb2" 37
  39 "g_l_thumb3" 38
  40 "g_l_palm" 24
  41 "g_l_biceptwist" 21
  42 "g_neck" 19
  43 "g_head" 42
  44 "g_jaw" 43
  45 "g_l_brow" 43
  46 "g_l_brow2" 45
  47 "g_l_eye" 43
  48 "g_topeyelid" 43
  49 "g_r_brow" 43
  50 "g_r_brow2" 49
  51 "g_r_eye" 43
  52 "g_r_clavical" 19
  53 "g_r_shoulder" 52
  54 "g_r_elbow" 53
  55 "g_r_forarm" 54
  56 "g_r_wrist" 54
  57 "g_r_birdy1" 56
  58 "g_r_birdy2" 57
  59 "g_r_birdy3" 58
  60 "g_r_index1" 56
  61 "g_r_index2" 60
  62 "g_r_index3" 61
  63 "g_r_pinky1" 56
  64 "g_r_pinky2" 63
  65 "g_r_pinky3" 64
  66 "g_r_ring1" 56
  67 "g_r_ring2" 66
  68 "g_r_ring3" 67
  69 "g_r_thumb1" 56
  70 "g_r_thumb2" 69
  71 "g_r_thumb3" 70
  72 "g_r_palm" 56
  73 "g_r_biceptwist" 53
  74 "g_throwable_attach_offset" 0
end
skeleton
  time 0
    0 0.000000 0.000000 -1.500000 0.000000 0.000000 0.000000
    1 -10.521344 -5.760963 66.994621 3.097005 -0.050653 -3.139334
    2 -2.003596 0.968359 8.493144 -0.039251 0.387393 0.313701
    3 -0.000034 0.000012 24.761454 -0.649955 -0.075492 0.238004
    4 0.000017 0.000000 24.344809 1.496368 -0.355474 -0.115450
    5 0.002333 -1.019846 24.031336 0.389660 -0.042710 0.017201
    6 0.000034 0.000008 13.404741 -0.000001 -0.000009 0.092302
    7 10.398263 -5.760962 66.994675 3.097005 0.050653 3.139334
    8 -0.078294 -5.671482 7.160380 0.614181 -0.444010 0.215507
    9 -0.000004 -0.000006 24.761459 -0.916626 0.106396 -0.361143
    10 -0.000007 0.000004 24.344891 1.201816 0.166677 0.057621
    11 -0.002360 -1.019903 24.031330 0.389594 -0.042695 -0.017219
    12 0.000000 -0.000002 13.404737 0.000001 0.000005 -0.152348
    13 -0.061540 -5.245835 72.927078 0.000000 0.000000 0.000000
    14 0.813849 -2.208285 -7.959053 0.045938 -0.027369 -0.202263
    15 0.000000 -0.005608 -1.146812 -0.001782 -0.033319 -0.120514
    16 0.030770 -0.240000 8.906021 -0.004138 0.000000 0.000000
    17 0.027368 -0.268684 0.562119 0.016587 -0.001347 0.082549
    18 0.030770 -0.276858 8.905140 0.056125 0.004134 -0.000049
    19 0.022173 -0.659301 0.522278 0.254685 0.004835 0.011061
    20 5.669724 4.435303 14.302868 3.089106 -1.393892 -0.130231
    21 -1.044571 -2.839317 19.743267 -0.359340 -0.947498 0.193469
    22 2.655533 -1.533369 24.792658 -0.468861 0.074626 0.000909
    23 1.120163 -0.154394 9.796035 -0.008430 0.000841 -0.073366
    24 2.240311 -0.308786 19.592051 0.276001 -0.077661 -0.173345
    25 0.683151 2.877354 14.167051 -0.745521 -0.170185 1.461030
    26 0.144936 -0.145374 7.579252 -0.619143 -0.152817 0.052705
    27 0.091660 -0.906685 4.702850 -0.642290 -0.102665 0.033006
    28 0.506271 8.500866 13.617253 -0.447938 0.071065 1.258763
    29 -0.384987 -0.460049 7.003448 -0.556759 -0.336640 0.137363
    30 0.561516 -0.596954 5.061852 -0.512704 -0.213549 0.064300
    31 -2.452171 -8.899406 11.597897 -1.035516 -0.327906 1.580739
    32 0.680496 -0.903999 6.074253 -0.871873 0.098089 0.014482
    33 0.245514 -0.661150 3.388004 -0.723858 0.108264 -0.038383
    34 -0.717484 -3.784271 13.043911 -1.067183 -0.135021 1.545443
    35 1.099216 -1.407745 8.017889 -0.844283 0.002444 0.004328
    36 0.068439 -0.807653 3.686054 -0.526050 0.001686 0.002736
    37 -4.004929 6.172707 4.754754 0.437785 0.948759 2.793399
    38 0.158352 -1.149811 5.804394 -0.340113 -0.163278 0.235011
    39 -1.083523 -1.463142 5.544399 -0.485913 -0.084078 0.031168
    40 -6.289886 0.932434 13.569063 -0.126803 0.612110 2.869610
    41 1.327774 -0.766687 12.396328 0.000717 -0.000404 0.006766
    42 -0.096140 1.828087 23.185329 0.001683 -0.074906 -1.543504
    43 2.325478 -0.000003 6.169296 -0.195875 0.002192 1.573202
    44 0.000000 -3.152912 0.122169 1.966911 0.000000 0.000000
    45 1.068383 -10.478592 7.066338 0.292219 -1.282324 -3.141588
    46 0.000000 0.000000 2.279457 0.547137 -0.343566 0.107833
    47 2.479414 -8.323895 6.074242 -0.008121 0.212744 1.583461
    48 0.000003 -5.075260 5.023328 0.000000 0.000000 0.000000
    49 -1.068383 -10.478611 7.065971 0.292219 1.282324 3.141588
    50 -0.000488 0.000015 2.279600 0.547136 0.343566 0.107835
    51 -2.479401 -8.323895 6.074234 0.009597 0.212707 1.595236
    52 -5.790000 4.432083 14.255558 -4.113384 1.355838 -1.031069
    53 1.044540 -2.839314 19.743252 -0.294976 1.161041 -0.192796
    54 -2.655510 -1.533379 24.792648 -0.499506 -0.067490 -0.091878
    55 -1.120216 -0.154385 9.795983 -0.002426 -0.000330 0.021102
    56 -2.240372 -0.308788 19.592047 0.051314 -0.112022 0.047961
    57 -0.683205 2.877342 14.167089 -0.580482 0.157279 -1.434727
    58 -0.144958 -0.145317 7.579308 -0.802456 0.203000 -0.016272
    59 -0.038551 -0.936644 4.697678 -0.633872 0.124588 -0.036043
    60 -0.506317 8.500896 13.617329 -0.418466 -0.075118 -1.291839
    61 0.385056 -0.460075 7.003435 -0.607758 0.405697 -0.007253
    62 -0.456360 -0.710276 5.057732 -0.406405 0.234249 -0.029260
    63 2.452194 -8.899408 11.597939 -0.897823 0.311751 -1.441828
    64 -0.680515 -0.903999 6.074242 -0.855510 -0.105539 -0.027629
    65 -0.248295 -0.666843 3.386627 -0.707921 -0.117329 0.038225
    66 0.717491 -3.784309 13.044010 -0.852533 0.164456 -1.486406
    67 -1.099228 -1.407673 8.017876 -0.873797 -0.000529 0.001698
    68 -0.064053 -0.807640 3.686100 -0.639748 -0.005302 -0.007150
    69 4.004906 6.172710 4.754800 0.026957 -0.950681 -2.651446
    70 -0.158381 -1.149773 5.804405 -0.454459 0.101875 0.178687
    71 1.078559 -2.386406 5.215008 -0.261252 0.259369 0.030276
    72 6.289963 0.932404 13.569109 -0.126801 -0.612098 -2.869612
    73 -1.327759 -0.766682 12.396324 0.007601 0.004743 -0.072538
    74 0.000017 -54.999996 0.000000 0.000000 0.000000 -1.570796
  time 1
    0 0.000000 0.000000 -1.500000 0.000000 0.000000 0.000000
    1 -10.521344 -5.760963 66.994621 3.097005 -0.050653 -3.139334
    2 -2.003596 0.968359 8.493144 -0.039251 0.387393 0.313701
    3 -0.000034 0.000012 24.761454 -0.649955 -0.075492 0.238004
    4 0.000017 0.000000 24.344809 1.496368 -0.355474 -0.115450
    5 0.002333 -1.019846 24.031336 0.389660 -0.042710 0.017201
    6 0.000034 0.000008 13.404741 -0.000001 -0.000009 0.092302
    7 10.398263 -5.760962 66.994675 3.097005 0.050653 3.139334
    8 -0.078294 -5.671482 7.160380 0.614181 -0.444010 0.215507
    9 -0.000004 -0.000006 24.761459 -0.916626 0.106396 -0.361143
    10 -0.000007 0.000004 24.344891 1.201816 0.166677 0.057621
    11 -0.002360 -1.019903 24.031330 0.389594 -0.042695 -0.017219
    12 0.000000 -0.000002 13.404737 0.000001 0.000005 -0.152348
    13 -0.061540 -5.245835 72.927078 0.000000 0.000000 0.000000
    14 0.813849 -2.208285 -7.959053 0.045938 -0.027369 -0.202263
    15 0.000000 -0.005608 -1.146812 -0.001782 -0.033319 -0.120514
    16 0.030770 -0.240000 8.906021 -0.004138 0.000000 0.000000
    17 0.027368 -0.268684 0.562119 0.016587 -0.001347 0.082549
    18 0.030770 -0.276858 8.905140 0.056125 0.004134 -0.000049
    19 0.022173 -0.659301 0.522278 0.254685 0.004835 0.011061
    20 5.669724 4.435303 14.302868 3.089106 -1.393892 -0.130231
    21 -1.044571 -2.839317 19.743267 -0.359340 -0.947498 0.193469
    22 2.655533 -1.533369 24.792658 -0.468861 0.074626 0.000909
    23 1.120163 -0.154394 9.796035 -0.008430 0.000841 -0.073366
    24 2.240311 -0.308786 19.592051 0.276001 -0.077661 -0.173345
    25 0.683151 2.877354 14.167051 -0.745521 -0.170185 1.461030
    26 0.144936 -0.145374 7.579252 -0.619143 -0.152817 0.052705
    27 0.091660 -0.906685 4.702850 -0.642290 -0.102665 0.033006
    28 0.506271 8.500866 13.617253 -0.447938 0.071065 1.258763
    29 -0.384987 -0.460049 7.003448 -0.556759 -0.336640 0.137363
    30 0.561516 -0.596954 5.061852 -0.512704 -0.213549 0.064300
    31 -2.452171 -8.899406 11.597897 -1.035516 -0.327906 1.580739
    32 0.680496 -0.903999 6.074253 -0.871873 0.098089 0.014482
    33 0.245514 -0.661150 3.388004 -0.723858 0.108264 -0.038383
    34 -0.717484 -3.784271 13.043911 -1.067183 -0.135021 1.545443
    35 1.099216 -1.407745 8.017889 -0.844283 0.002444 0.004328
    36 0.068439 -0.807653 3.686054 -0.526050 0.001686 0.002736
    37 -4.004929 6.172707 4.754754 0.437785 0.948759 2.793399
    38 0.158352 -1.149811 5.804394 -0.340113 -0.163278 0.235011
    39 -1.083523 -1.463142 5.544399 -0.485913 -0.084078 0.031168
    40 -6.289886 0.932434 13.569063 -0.126803 0.612110 2.869610
    41 1.327774 -0.766687 12.396328 0.000717 -0.000404 0.006766
    42 -0.096140 1.828087 23.185329 0.001683 -0.074906 -1.543504
    43 2.325478 -0.000003 6.169296 -0.195875 0.002192 1.573202
    44 0.000000 -3.152912 0.122169 1.966911 0.000000 0.000000
    45 1.068383 -10.478592 7.066338 0.292219 -1.282324 -3.141588
    46 0.000000 0.000000 2.279457 0.547137 -0.343566 0.107833
    47 2.479414 -8.323895 6.074242 -0.008121 0.212744 1.583461
    48 0.000003 -5.075260 5.023328 0.000000 0.000000 0.000000
    49 -1.068383 -10.478611 7.065971 0.292219 1.282324 3.141588
    50 -0.000488 0.000015 2.279600 0.547136 0.343566 0.107835
    51 -2.479401 -8.323895 6.074234 0.009597 0.212707 1.595236
    52 -5.790000 4.432083 14.255558 -4.113384 1.355838 -1.031069
    53 1.044540 -2.839314 19.743252 -0.294976 1.161041 -0.192796
    54 -2.655510 -1.533379 24.792648 -0.499506 -0.067490 -0.091878
    55 -1.120216 -0.154385 9.795983 -0.002426 -0.000330 0.021102
    56 -2.240372 -0.308788 19.592047 0.051314 -0.112022 0.047961
    57 -0.683205 2.877342 14.167089 -0.580482 0.157279 -1.434727
    58 -0.144958 -0.145317 7.579308 -0.802456 0.203000 -0.016272
    59 -0.038551 -0.936644 4.697678 -0.633872 0.124588 -0.036043
    60 -0.506317 8.500896 13.617329 -0.418466 -0.075118 -1.291839
    61 0.385056 -0.460075 7.003435 -0.607758 0.405697 -0.007253
    62 -0.456360 -0.710276 5.057732 -0.406405 0.234249 -0.029260
    63 2.452194 -8.899408 11.597939 -0.897823 0.311751 -1.441828
    64 -0.680515 -0.903999 6.074242 -0.855510 -0.105539 -0.027629
    65 -0.248295 -0.666843 3.386627 -0.707921 -0.117329 0.038225
    66 0.717491 -3.784309 13.044010 -0.852533 0.164456 -1.486406
    67 -1.099228 -1.407673 8.017876 -0.873797 -0.000529 0.001698
    68 -0.064053 -0.807640 3.686100 -0.639748 -0.005302 -0.007150
    69 4.004906 6.172710 4.754800 0.026957 -0.950681 -2.651446
    70 -0.158381 -1.149773 5.804405 -0.454459 0.101875 0.178687
    71 1.078559 -2.386406 5.215008 -0.261252 0.259369 0.030276
    72 6.289963 0.932404 13.569109 -0.126801 -0.612098 -2.869612
    73 -1.327759 -0.766682 12.396324 0.007601 0.004743 -0.072538
    74 0.000017 -54.999996 0.000000 0.000000 0.000000 -1.570796
  time 2
    0 0.000000 0.000000 -1.500000 0.000000 0.000000 0.000000
    1 -10.521344 -5.760963 66.994621 3.097005 -0.050653 -3.139334
    2 -3.558331 2.539814 9.569522 0.114672 0.433961 0.423538
    3 -0.000034 0.000012 24.761454 -0.803535 -0.093277 0.155346
    4 0.000017 0.000000 24.344809 1.534035 -0.354274 -0.140038
    5 0.002333 -1.019846 24.031336 0.389660 -0.042710 0.017201
    6 0.000034 0.000008 13.404741 -0.000001 -0.000009 0.037586
    7 10.398263 -5.760962 66.994675 3.097005 0.050653 3.139334
    8 -0.797066 -5.958738 8.621591 0.643698 -0.521487 0.294063
    9 -0.000004 -0.000006 24.761459 -1.053570 0.122239 -0.473221
    10 -0.000007 0.000004 24.344891 1.268937 0.148590 0.050495
    11 -0.002360 -1.019903 24.031330 0.389594 -0.042695 -0.017219
    12 0.000000 -0.000002 13.404737 0.000001 0.000005 -0.210766
    13 -0.061540 -5.245835 72.927078 0.000000 0.000000 0.000000
    14 1.989666 -1.684228 -9.175732 0.077526 -0.021382 -0.338284
    15 0.000000 -0.005608 -1.146812 -0.002898 -0.023594 -0.080322
    16 0.030770 -0.240000 8.906021 -0.004138 0.000000 0.000000
    17 0.050806 -0.971830 0.335549 0.129235 -0.015071 0.120286
    18 0.030770 -0.276858 8.905140 0.056125 0.004134 -0.000049
    19 0.057330 -0.522578 0.385555 0.233810 0.013701 0.016358
    20 5.669724 4.435303 14.302868 3.420152 -1.378670 -0.475136
    21 -1.044571 -2.839317 19.743267 -0.362618 -0.833633 0.172403
    22 2.655533 -1.533369 24.792658 -0.429587 0.078776 -0.111099
    23 1.120163 -0.154394 9.796035 -0.006549 0.000710 -0.057016
    24 2.240311 -0.308786 19.592051 0.275217 -0.101006 -0.142130
    25 0.683151 2.877354 14.167051 -0.761649 -0.175074 1.504241
    26 0.144936 -0.145374 7.579252 -0.628203 -0.154279 0.053592
    27 0.091660 -0.906685 4.702850 -0.607675 -0.097117 0.029099
    28 0.506271 8.500866 13.617253 -0.470973 0.076821 1.295435
    29 -0.384987 -0.460049 7.003448 -0.522612 -0.326776 0.128686
    30 0.561516 -0.596954 5.061852 -0.448086 -0.191988 0.050565
    31 -2.452171 -8.899406 11.597897 -1.054755 -0.336968 1.692114
    32 0.680496 -0.903999 6.074253 -0.780468 0.087698 0.013906
    33 0.245514 -0.661150 3.388004 -0.631403 0.105292 -0.031492
    34 -0.717484 -3.784271 13.043911 -1.075737 -0.149055 1.623982
    35 1.099216 -1.407745 8.017889 -0.825423 0.001629 0.004496
    36 0.068439 -0.807653 3.686054 -0.502063 0.000799 0.002628
    37 -4.004929 6.172707 4.754754 0.513810 0.987453 2.950607
    38 0.158352 -1.149811 5.804394 -0.355030 -0.119293 0.247067
    39 -1.083523 -1.463142 5.544399 -0.477856 -0.088453 0.027467
    40 -6.289886 0.932434 13.569063 -0.126803 0.612110 2.869610
    41 1.327774 -0.766687 12.396328 -0.006270 0.003395 -0.057561
    42 -0.096140 1.828087 23.185329 0.009439 -0.097499 -1.548946
    43 2.325478 -0.000003 6.169296 -0.245105 0.004594 1.622375
    44 0.000000 -3.152912 0.122169 1.965267 0.000000 0.000000
    45 1.068383 -10.478592 7.066338 0.292219 -1.282324 -3.141588
    46 0.000000 0.000000 2.279457 0.547137 -0.343566 0.107833
    47 2.479414 -8.323895 6.074242 -0.007795 0.332116 1.596450
    48 0.000003 -5.106511 4.788946 0.000000 0.000000 0.000000
    49 -1.068383 -10.478611 7.065971 0.292219 1.282324 3.141588
    50 -0.000488 0.000015 2.279600 0.547136 0.343566 0.107835
    51 -2.479401 -8.323895 6.074234 0.010280 0.332110 1.604913
    52 -5.790000 4.432083 14.255558 -4.132172 1.392141 -0.947422
    53 1.044540 -2.839314 19.743252 -0.414137 1.025794 -0.238518
    54 -2.655510 -1.533379 24.792648 -0.453106 -0.065406 -0.102177
    55 -1.120216 -0.154385 9.795983 -0.010396 -0.000965 0.090391
    56 -2.240372 -0.308788 19.592047 -0.021540 -0.251375 0.189043
    57 -0.683205 2.877342 14.167089 -0.635820 0.194846 -1.495053
    58 -0.144958 -0.145317 7.579308 -0.742079 0.191854 -0.006432
    59 -0.038551 -0.936644 4.697678 -0.574157 0.111788 -0.028062
    60 -0.506317 8.500896 13.617329 -0.463720 -0.009118 -1.339195
    61 0.385056 -0.460075 7.003435 -0.561095 0.386092 0.007294
    62 -0.456360 -0.710276 5.057732 -0.352284 0.205120 -0.019905
    63 2.452194 -8.899408 11.597939 -0.940455 0.312053 -1.573292
    64 -0.680515 -0.903999 6.074242 -0.707129 -0.087298 -0.026982
    65 -0.248295 -0.666843 3.386627 -0.557799 -0.109156 0.026720
    66 0.717491 -3.784309 13.044010 -0.904843 0.189216 -1.542734
    67 -1.099228 -1.407673 8.017876 -0.834234 0.000825 0.001542
    68 -0.064053 -0.807640 3.686100 -0.573178 -0.002905 -0.007222
    69 4.004906 6.172710 4.754800 -0.052175 -0.928217 -2.569746
    70 -0.158381 -1.149773 5.804405 -0.512430 0.100890 0.224282
    71 1.078559 -2.386406 5.215008 -0.281986 0.227757 0.039958
    72 6.289963 0.932404 13.569109 -0.126801 -0.612098 -2.869612
    73 -1.327759 -0.766682 12.396324 0.005635 0.003449 -0.053384
    74 0.000017 -54.999996 0.000000 0.000000 0.000000 -1.570796
  time 3
    0 0.000000 0.000000 -1.500000 0.000000 0.000000 0.000000
    1 -10.521344 -5.760963 66.994621 3.097005 -0.050653 -3.139334
    2 -5.316197 4.000776 10.914994 0.267023 0.462492 0.531365
    3 -0.000034 0.000012 24.761454 -0.937033 -0.108737 0.079692
    4 0.000017 0.000000 24.344809 1.559187 -0.360000 -0.164928
    5 0.002333 -1.019846 24.031336 0.389660 -0.042710 0.017201
    6 0.000034 0.000008 13.404741 -0.000001 -0.000009 -0.016350
    7 10.398263 -5.760962 66.994675 3.097005 0.050653 3.139334
    8 -1.531463 -6.245994 10.375044 0.670059 -0.611402 0.372289
    9 -0.000004 -0.000006 24.761459 -1.197333 0.138898 -0.593875
    10 -0.000007 0.000004 24.344891 1.336962 0.131703 0.039061
    11 -0.002360 -1.019903 24.031330 0.389594 -0.042695 -0.017219
    12 0.000000 -0.000002 13.404737 0.000001 0.000005 -0.278309
    13 -0.061540 -5.245835 72.927078 0.000000 0.000000 0.000000
    14 3.235798 -1.241692 -10.730378 0.116252 -0.013158 -0.469501
    15 0.000000 -0.005608 -1.146812 -0.004302 -0.011971 -0.042521
    16 0.030770 -0.240000 8.906021 -0.004138 0.000000 0.000000
    17 0.046900 -1.702321 0.007414 0.251458 -0.045723 0.160299
    18 0.030770 -0.276858 8.905140 0.056125 0.004134 -0.000049
    19 0.139364 -0.409293 0.233207 0.222086 0.036515 0.022098
    20 5.669724 4.435303 14.302868 3.651856 -1.346607 -0.723728
    21 -1.044571 -2.839317 19.743267 -0.341337 -0.714601 0.142566
    22 2.655533 -1.533369 24.792658 -0.384802 0.082465 -0.245427
    23 1.120163 -0.154394 9.796035 -0.004487 0.000518 -0.039252
    24 2.240311 -0.308786 19.592051 0.271867 -0.121358 -0.107829
    25 0.683151 2.877354 14.167051 -0.779368 -0.175961 1.547951
    26 0.144936 -0.145374 7.579252 -0.642096 -0.156472 0.054982
    27 0.091660 -0.906685 4.702850 -0.577775 -0.092203 0.025887
    28 0.506271 8.500866 13.617253 -0.494378 0.083873 1.333032
    29 -0.384987 -0.460049 7.003448 -0.488323 -0.316613 0.120345
    30 0.561516 -0.596954 5.061852 -0.382967 -0.169121 0.038173
    31 -2.452171 -8.899406 11.597897 -1.070855 -0.319382 1.785236
    32 0.680496 -0.903999 6.074253 -0.718606 0.081035 0.012768
    33 0.245514 -0.661150 3.388004 -0.568720 0.102536 -0.027093
    34 -0.717484 -3.784271 13.043911 -1.082440 -0.150134 1.699570
    35 1.099216 -1.407745 8.017889 -0.816458 0.001269 0.004544
    36 0.068439 -0.807653 3.686054 -0.489518 0.000344 0.002568
    37 -4.004929 6.172707 4.754754 0.604697 1.012521 3.127621
    38 0.158352 -1.149811 5.804394 -0.371896 -0.074736 0.254282
    39 -1.083523 -1.463142 5.544399 -0.472101 -0.095116 0.022757
    40 -6.289886 0.932434 13.569063 -0.126803 0.612110 2.869610
    41 1.327774 -0.766687 12.396328 -0.014491 0.007158 -0.130826
    42 -0.096140 1.828087 23.185329 0.020294 -0.130131 -1.554785
    43 2.325478 -0.000003 6.169296 -0.294097 0.012711 1.679929
    44 0.000000 -3.152912 0.122169 1.963330 0.000000 0.000000
    45 1.068383 -10.478592 7.066338 0.292219 -1.282324 -3.141588
    46 0.000000 0.000000 2.279457 0.547137 -0.343566 0.107833
    47 2.479414 -8.323895 6.074242 -0.012253 -0.021257 1.476874
    48 0.000003 -5.180732 4.460811 0.000000 0.000000 0.000000
    49 -1.068383 -10.478611 7.065971 0.292219 1.282324 3.141588
    50 -0.000488 0.000015 2.279600 0.547136 0.343566 0.107835
    51 -2.479401 -8.323895 6.074234 0.004898 -0.019390 1.482759
    52 -5.790000 4.432083 14.255558 -4.150289 1.422505 -0.827365
    53 1.044540 -2.839314 19.743252 -0.393098 0.864134 -0.191136
    54 -2.655510 -1.533379 24.792648 -0.420847 -0.063710 -0.114976
    55 -1.120216 -0.154385 9.795983 -0.015945 -0.001073 0.138515
    56 -2.240372 -0.308788 19.592047 -0.084925 -0.328749 0.294381
    57 -0.683205 2.877342 14.167089 -0.694177 0.228852 -1.558034
    58 -0.144958 -0.145317 7.579308 -0.684808 0.181307 0.002412
    59 -0.038551 -0.936644 4.697678 -0.517894 0.099924 -0.020907
    60 -0.506317 8.500896 13.617329 -0.513575 0.058258 -1.389246
    61 0.385056 -0.460075 7.003435 -0.515814 0.366160 0.020525
    62 -0.456360 -0.710276 5.057732 -0.297921 0.175107 -0.012147
    63 2.452194 -8.899408 11.597939 -0.970309 0.294372 -1.683973
    64 -0.680515 -0.903999 6.074242 -0.585266 -0.072294 -0.024525
    65 -0.248295 -0.666843 3.386627 -0.434030 -0.101414 0.018199
    66 0.717491 -3.784309 13.044010 -0.960091 0.208044 -1.602100
    67 -1.099228 -1.407673 8.017876 -0.800612 0.001976 0.001447
    68 -0.064053 -0.807640 3.686100 -0.512404 -0.000688 -0.007150
    69 4.004906 6.172710 4.754800 -0.128295 -0.902493 -2.495578
    70 -0.158381 -1.149773 5.804405 -0.571552 0.102450 0.269526
    71 1.078559 -2.386406 5.215008 -0.303342 0.197217 0.052051
    72 6.289963 0.932404 13.569109 -0.126801 -0.612098 -2.869612
    73 -1.327759 -0.766682 12.396324 0.005671 0.003485 -0.053847
    74 0.000017 -54.999996 0.000000 0.000000 0.000000 -1.570796
  time 4
    0 0.000000 0.000000 -1.500000 0.000000 0.000000 0.000000
    1 -10.521344 -5.760963 66.994621 3.097005 -0.050653 -3.139334
    2 -5.988093 4.626902 12.103495 0.342789 0.479611 0.557142
    3 -0.000034 0.000012 24.761454 -1.035816 -0.120183 0.067354
    4 0.000017 0.000000 24.344809 1.595188 -0.360657 -0.181716
    5 0.002333 -1.019846 24.031336 0.389660 -0.042710 0.017213
    6 0.000034 0.000008 13.404741 -0.000001 -0.000009 -0.033457
    7 10.398263 -5.760962 66.994675 3.097005 0.050653 3.139334
    8 -1.843973 -6.033674 11.948656 0.719368 -0.666639 0.381448
    9 -0.000004 -0.000006 24.761459 -1.301828 0.150966 -0.645768
    10 -0.000007 0.000004 24.344891 1.374201 0.125170 0.031642
    11 -0.002360 -1.019903 24.031330 0.389594 -0.042695 -0.017219
    12 0.000000 -0.000002 13.404737 0.000001 0.000005 -0.311243
    13 -0.061540 -5.245835 72.927078 0.000000 0.000000 0.000000
    14 3.708468 -0.962195 -12.104775 0.150528 -0.004212 -0.520066
    15 0.000000 -0.005608 -1.146812 -0.005450 -0.002247 -0.014558
    16 0.030770 -0.240000 8.906021 -0.004138 0.000000 0.000000
    17 0.023461 -2.217962 -0.285563 0.340137 -0.080818 0.191447
    18 0.030770 -0.276858 8.905140 0.056125 0.004134 -0.000049
    19 0.225304 -0.381948 0.096484 0.235025 0.062373 0.027108
    20 5.669724 4.435303 14.302868 3.771105 -1.312782 -0.869107
    21 -1.044571 -2.839317 19.743267 -0.304696 -0.606163 0.116255
    22 2.655533 -1.533369 24.792658 -0.353556 0.084579 -0.383880
    23 1.120163 -0.154394 9.796035 -0.002282 0.000278 -0.019936
    24 2.240311 -0.308786 19.592051 0.268211 -0.142262 -0.070482
    25 0.683151 2.877354 14.167051 -0.792259 -0.172534 1.585703
    26 0.144936 -0.145374 7.579252 -0.654967 -0.158509 0.056288
    27 0.091660 -0.906685 4.702850 -0.549799 -0.087529 0.023010
    28 0.506271 8.500866 13.617253 -0.515993 0.091783 1.368133
    29 -0.384987 -0.460049 7.003448 -0.456986 -0.307050 0.113022
    30 0.561516 -0.596954 5.061852 -0.322990 -0.147249 0.028070
    31 -2.452171 -8.899406 11.597897 -1.077841 -0.280425 1.826065
    32 0.680496 -0.903999 6.074253 -0.694773 0.078410 0.012253
    33 0.245514 -0.661150 3.388004 -0.544594 0.101481 -0.025427
    34 -0.717484 -3.784271 13.043911 -1.079706 -0.140510 1.756012
    35 1.099216 -1.407745 8.017889 -0.810987 0.001066 0.004556
    36 0.068439 -0.807653 3.686054 -0.485218 0.000176 0.002544
    37 -4.004929 6.172707 4.754754 0.690630 1.020936 3.299468
    38 0.158352 -1.149811 5.804394 -0.388466 -0.032527 0.259459
    39 -1.083523 -1.463142 5.544399 -0.466189 -0.102151 0.018627
    40 -6.289886 0.932434 13.569063 -0.126803 0.612110 2.869610
    41 1.327774 -0.766687 12.396328 -0.022881 0.010274 -0.203488
    42 -0.096140 1.828087 23.185329 0.032056 -0.168848 -1.558423
    43 2.325478 -0.000003 6.169296 -0.322891 0.023722 1.725788
    44 0.000000 -3.152912 0.122169 1.961719 0.000000 0.000000
    45 1.068383 -10.478592 7.066338 0.292219 -1.282324 -3.141588
    46 0.000000 0.000000 2.279457 0.547137 -0.343566 0.107833
    47 2.479414 -8.323895 6.074242 -0.013422 -0.061830 1.448126
    48 0.000003 -5.262766 4.148301 0.000000 0.000000 0.000000
    49 -1.068383 -10.478611 7.065971 0.292219 1.282324 3.141588
    50 -0.000488 0.000015 2.279600 0.547136 0.343566 0.107835
    51 -2.479401 -8.323895 6.074234 0.003672 -0.059979 1.452963
    52 -5.790000 4.432083 14.255558 -4.227359 1.441944 -0.757995
    53 1.044540 -2.839314 19.743252 -0.292026 0.735967 -0.130800
    54 -2.655510 -1.533379 24.792648 -0.407511 -0.062287 -0.130803
    55 -1.120216 -0.154385 9.795983 -0.014027 -0.001073 0.121920
    56 -2.240372 -0.308788 19.592047 -0.009474 -0.266226 0.258982
    57 -0.683205 2.877342 14.167089 -0.744466 0.254182 -1.613192
    58 -0.144958 -0.145317 7.579308 -0.633150 0.171660 0.009783
    59 -0.038551 -0.936644 4.697678 -0.466956 0.089150 -0.015010
    60 -0.506317 8.500896 13.617329 -0.561544 0.120626 -1.437815
    61 0.385056 -0.460075 7.003435 -0.472950 0.346554 0.032224
    62 -0.456360 -0.710276 5.057732 -0.248951 0.147487 -0.006548
    63 2.452194 -8.899408 11.597939 -0.975563 0.263726 -1.742699
    64 -0.680515 -0.903999 6.074242 -0.512503 -0.063449 -0.022188
    65 -0.248295 -0.666843 3.386627 -0.360426 -0.096380 0.013609
    66 0.717491 -3.784309 13.044010 -1.005077 0.218387 -1.656034
    67 -1.099228 -1.407673 8.017876 -0.770127 0.003043 0.001387
    68 -0.064053 -0.807640 3.686100 -0.460015 0.001206 -0.006958
    69 4.004906 6.172710 4.754800 -0.192217 -0.877165 -2.436145
    70 -0.158381 -1.149773 5.804405 -0.623350 0.106311 0.310169
    71 1.078559 -2.386406 5.215008 -0.324602 0.172956 0.065497
    72 6.289963 0.932404 13.569109 -0.126801 -0.612098 -2.869612
    73 -1.327759 -0.766682 12.396324 0.006738 0.004168 -0.064164
    74 0.000017 -54.999996 0.000000 0.000000 0.000000 -1.570796
  time 5
    0 0.000000 0.000000 -1.500000 0.000000 0.000000 0.000000
    1 -10.521344 -5.760963 66.994621 3.097005 -0.050653 -3.139334
    2 -5.663864 4.405916 12.776231 0.335137 0.494864 0.512840
    3 -0.000034 0.000012 24.761454 -1.084190 -0.125768 0.104367
    4 0.000017 0.000000 24.344809 1.633471 -0.357081 -0.187356
    5 0.002333 -1.019846 24.031336 0.389660 -0.042710 0.017201
    6 0.000034 0.000008 13.404741 -0.000001 -0.000009 -0.015380
    7 10.398263 -5.760962 66.994675 3.097005 0.050653 3.139334
    8 -1.824441 -5.584057 12.847863 0.780450 -0.669163 0.333176
    9 -0.000004 -0.000006 24.761459 -1.350776 0.156623 -0.624738
    10 -0.000007 0.000004 24.344891 1.381365 0.125837 0.030402
    11 -0.002360 -1.019903 24.031330 0.389594 -0.042695 -0.017219
    12 0.000000 -0.000002 13.404737 0.000001 0.000005 -0.301861
    13 -0.061540 -5.245835 72.927078 0.000000 0.000000 0.000000
    14 3.552214 -0.950550 -12.893364 0.169091 0.004064 -0.494243
    15 0.000000 -0.005608 -1.146812 -0.005928 0.001831 -0.003606
    16 0.030770 -0.240000 8.906021 -0.004138 0.000000 0.000000
    17 0.019555 -2.319527 -0.371503 0.355625 -0.095859 0.210176
    18 0.030770 -0.276858 8.905140 0.056125 0.004134 -0.000049
    19 0.276087 -0.495233 0.026169 0.283781 0.077288 0.032621
    20 5.669724 4.435303 14.302868 3.797041 -1.290056 -0.935903
    21 -1.044571 -2.839317 19.743267 -0.249073 -0.502630 0.095640
    22 2.655533 -1.533369 24.792658 -0.352775 0.085309 -0.494674
    23 1.120163 -0.154394 9.796035 0.000103 -0.000021 0.000829
    24 2.240311 -0.308786 19.592051 0.265992 -0.167771 -0.030326
    25 0.683151 2.877354 14.167051 -0.794234 -0.166146 1.611193
    26 0.144936 -0.145374 7.579252 -0.660264 -0.159336 0.056851
    27 0.091660 -0.906685 4.702850 -0.520220 -0.082483 0.020110
    28 0.506271 8.500866 13.617253 -0.533903 0.099538 1.397533
    29 -0.384987 -0.460049 7.003448 -0.431518 -0.299032 0.107282
    30 0.561516 -0.596954 5.061852 -0.273723 -0.128721 0.020772
    31 -2.452171 -8.899406 11.597897 -1.065235 -0.235753 1.795678
    32 0.680496 -0.903999 6.074253 -0.686168 0.077488 0.012073
    33 0.245514 -0.661150 3.388004 -0.535860 0.101098 -0.024828
    34 -0.717484 -3.784271 13.043911 -1.063788 -0.127231 1.777925
    35 1.099216 -1.407745 8.017889 -0.800509 0.000622 0.004628
    36 0.068439 -0.807653 3.686054 -0.484330 0.000140 0.002544
    37 -4.004929 6.172707 4.754754 0.750891 1.015725 3.437730
    38 0.158352 -1.149811 5.804394 -0.401773 0.004809 0.266794
    39 -1.083523 -1.463142 5.544399 -0.457505 -0.107328 0.016417
    40 -6.289886 0.932434 13.569063 -0.126803 0.612110 2.869610
    41 1.327774 -0.766687 12.396328 -0.029616 0.012287 -0.260232
    42 -0.096140 1.828087 23.185329 0.042175 -0.209829 -1.556987
    43 2.325478 -0.000003 6.169296 -0.312004 0.029727 1.741155
    44 0.000000 -3.152912 0.122169 1.961052 0.000000 0.000000
    45 1.068383 -10.478592 7.066338 0.292219 -1.282324 -3.141588
    46 0.000000 0.000000 2.279457 0.547137 -0.343566 0.107833
    47 2.479414 -8.323895 6.074242 -0.013259 -0.087188 1.453379
    48 0.000003 -5.305736 4.019391 0.000000 0.000000 0.000000
    49 -1.068383 -10.478611 7.065971 0.292219 1.282324 3.141588
    50 -0.000488 0.000015 2.279600 0.547136 0.343566 0.107835
    51 -2.479401 -8.323895 6.074234 0.003873 -0.085400 1.457849
    52 -5.790000 4.432083 14.255558 -4.480615 1.447178 -0.883513
    53 1.044540 -2.839314 19.743252 -0.184999 0.664528 -0.092018
    54 -2.655510 -1.533379 24.792648 -0.420545 -0.063309 -0.120580
    55 -1.120216 -0.154385 9.795983 -0.009377 -0.000905 0.081604
    56 -2.240372 -0.308788 19.592047 0.082319 -0.133358 0.175553
    57 -0.683205 2.877342 14.167089 -0.775451 0.267295 -1.649280
    58 -0.144958 -0.145317 7.579308 -0.589066 0.163019 0.015428
    59 -0.038551 -0.936644 4.697678 -0.423415 0.079718 -0.010696
    60 -0.506317 8.500896 13.617329 -0.600764 0.172098 -1.479959
    61 0.385056 -0.460075 7.003435 -0.433409 0.327912 0.042239
    62 -0.456360 -0.710276 5.057732 -0.210911 0.125710 -0.003178
    63 2.452194 -8.899408 11.597939 -0.951560 0.221208 -1.726659
    64 -0.680515 -0.903999 6.074242 -0.502910 -0.062310 -0.021828
    65 -0.248295 -0.666843 3.386627 -0.348144 -0.095493 0.012878
    66 0.717491 -3.784309 13.044010 -1.027196 0.219549 -1.695409
    67 -1.099228 -1.407673 8.017876 -0.739642 0.004073 0.001363
    68 -0.064053 -0.807640 3.686100 -0.418486 0.002704 -0.006754
    69 4.004906 6.172710 4.754800 -0.236639 -0.856770 -2.396441
    70 -0.158381 -1.149773 5.804405 -0.659486 0.111870 0.342226
    71 1.078559 -2.386406 5.215008 -0.345336 0.160060 0.078102
    72 6.289963 0.932404 13.569109 -0.126801 -0.612098 -2.869612
    73 -1.327759 -0.766682 12.396324 0.006390 0.003940 -0.060740
    74 0.000017 -54.999996 0.000000 0.000000 0.000000 -1.570796
  time 6
    0 0.000000 0.000000 -1.500000 0.000000 0.000000 0.000000
    1 -10.521344 -5.760963 66.994621 3.097005 -0.050653 -3.139334
    2 -5.257602 3.632466 12.843504 0.287041 0.502324 0.463995
    3 -0.000034 0.000012 24.761454 -1.073133 -0.124485 0.135842
    4 0.000017 0.000000 24.344809 1.651102 -0.360725 -0.188025
    5 0.002333 -1.019846 24.031336 0.389660 -0.042710 0.017201
    6 0.000034 0.000008 13.404741 -0.000001 -0.000009 0.006768
    7 10.398263 -5.760962 66.994675 3.097005 0.050653 3.139334
    8 -1.793190 -5.584057 13.230026 0.822508 -0.640118 0.281851
    9 -0.000004 -0.000006 24.761459 -1.373655 0.159284 -0.576433
    10 -0.000007 0.000004 24.344891 1.390336 0.126592 0.030128
    11 -0.002360 -1.019903 24.031330 0.389594 -0.042695 -0.017219
    12 0.000000 -0.000002 13.404737 0.000001 0.000005 -0.270816
    13 -0.061540 -5.245835 72.927078 0.000000 0.000000 0.000000
    14 3.458461 -1.346503 -13.118675 0.163522 0.018877 -0.452386
    15 0.000000 -0.005608 -1.146812 -0.005928 0.001831 -0.003606
    16 0.030770 -0.240000 8.906021 -0.004138 0.000000 0.000000
    17 0.027368 -2.010924 -0.254312 0.295524 -0.087655 0.225511
    18 0.030770 -0.276858 8.905140 0.056125 0.004134 -0.000049
    19 0.299525 -0.706177 -0.001176 0.355807 0.086072 0.040411
    20 5.669724 4.435303 14.302868 3.776656 -1.284911 -0.976824
    21 -1.044571 -2.839317 19.743267 -0.194331 -0.364186 0.083993
    22 2.655533 -1.533369 24.792658 -0.377728 0.085501 -0.516752
    23 1.120163 -0.154394 9.796035 0.003135 -0.000501 0.027492
    24 2.240311 -0.308786 19.592051 0.262554 -0.199082 0.021422
    25 0.683151 2.877354 14.167051 -0.779642 -0.159063 1.618486
    26 0.144936 -0.145374 7.579252 -0.650785 -0.157826 0.055893
    27 0.091660 -0.906685 4.702850 -0.484689 -0.076311 0.016838
    28 0.506271 8.500866 13.617253 -0.546130 0.105778 1.418119
    29 -0.384987 -0.460049 7.003448 -0.414338 -0.293555 0.103531
    30 0.561516 -0.596954 5.061852 -0.240271 -0.115909 0.016313
    31 -2.452171 -8.899406 11.597897 -1.026200 -0.203149 1.716945
    32 0.680496 -0.903999 6.074253 -0.658766 0.074420 0.011450
    33 0.245514 -0.661150 3.388004 -0.508326 0.099923 -0.022947
    34 -0.717484 -3.784271 13.043911 -1.022779 -0.120783 1.746285
    35 1.099216 -1.407745 8.017889 -0.762750 -0.001020 0.004856
    36 0.068439 -0.807653 3.686054 -0.471928 -0.000208 0.002508
    37 -4.004929 6.172707 4.754754 0.770978 1.003402 3.520592
    38 0.158352 -1.149811 5.804394 -0.408723 0.035012 0.281463
    39 -1.083523 -1.463142 5.544399 -0.442751 -0.108263 0.017177
    40 -6.289886 0.932434 13.569063 -0.126803 0.612110 2.869610
    41 1.327774 -0.766687 12.396328 -0.031246 0.012719 -0.273941
    42 -0.096140 1.828087 23.185329 0.050547 -0.267954 -1.533660
    43 2.325478 -0.000003 6.169296 -0.232834 0.029973 1.735208
    44 0.000000 -3.152912 0.122169 1.961052 0.000000 0.000000
    45 1.068383 -10.478592 7.066338 0.292219 -1.282324 -3.141588
    46 0.000000 0.000000 2.279457 0.547137 -0.343566 0.107833
    47 2.479414 -8.323895 6.074242 -0.012199 -0.082774 1.480121
    48 0.000003 -5.305736 4.015485 0.000000 0.000000 0.000000
    49 -1.068383 -10.478611 7.065971 0.292219 1.282324 3.141588
    50 -0.000488 0.000015 2.279600 0.547136 0.343566 0.107835
    51 -2.479401 -8.323895 6.074234 0.005018 -0.080864 1.484675
    52 -5.790000 4.432083 14.255558 -5.098417 1.460428 -1.386160
    53 1.044540 -2.839314 19.743252 -0.181604 0.616365 -0.088943
    54 -2.655510 -1.533379 24.792648 -0.467248 -0.068448 -0.062873
    55 -1.120216 -0.154385 9.795983 -0.004667 -0.000558 0.040580
    56 -2.240372 -0.308788 19.592047 0.115004 0.009460 0.094530
    57 -0.683205 2.877342 14.167089 -0.775946 0.266081 -1.654615
    58 -0.144958 -0.145317 7.579308 -0.554191 0.155469 0.019251
    59 -0.038551 -0.936644 4.697678 -0.388947 0.071652 -0.008047
    60 -0.506317 8.500896 13.617329 -0.623617 0.207173 -1.510062
    61 0.385056 -0.460075 7.003435 -0.398272 0.310766 0.050554
    62 -0.456360 -0.710276 5.057732 -0.189146 0.113182 -0.001581
    63 2.452194 -8.899408 11.597939 -0.909367 0.180850 -1.656279
    64 -0.680515 -0.903999 6.074242 -0.535356 -0.066169 -0.023015
    65 -0.248295 -0.666843 3.386627 -0.376870 -0.097579 0.014604
    66 0.717491 -3.784309 13.044010 -1.014592 0.212634 -1.710638
    67 -1.099228 -1.407673 8.017876 -0.705851 0.005248 0.001375
    68 -0.064053 -0.807640 3.686100 -0.389675 0.003734 -0.006587
    69 4.004906 6.172710 4.754800 -0.254860 -0.845966 -2.380887
    70 -0.158381 -1.149773 5.804405 -0.671833 0.118140 0.362006
    71 1.078559 -2.386406 5.215008 -0.365306 0.163246 0.087346
    72 6.289963 0.932404 13.569109 -0.126801 -0.612098 -2.869612
    73 -1.327759 -0.766682 12.396324 0.002723 0.001615 -0.025764
    74 0.000017 -54.999996 0.000000 0.000000 0.000000 -1.570796
  time 7
    0 0.000000 0.000000 -1.500000 0.000000 0.000000 0.000000
    1 -10.521344 -5.760963 66.994621 3.097005 -0.050653 -3.139334
    2 -4.769305 2.453875 12.596835 0.212846 0.501378 0.412441
    3 -0.000034 0.000012 24.761454 -1.026059 -0.119044 0.162064
    4 0.000017 0.000000 24.344809 1.658561 -0.369530 -0.185930
    5 0.002333 -1.019846 24.031336 0.389585 -0.042698 0.017213
    6 0.000034 0.000008 13.404741 -0.000001 -0.000009 0.030498
    7 10.398263 -5.760962 66.994675 3.097005 0.050653 3.139334
    8 -1.699437 -5.933759 13.477308 0.857912 -0.591685 0.223511
    9 -0.000004 -0.000006 24.761459 -1.393399 0.161561 -0.506165
    10 -0.000007 0.000004 24.344891 1.407568 0.128792 0.031200
    11 -0.002360 -1.019903 24.031330 0.389594 -0.042695 -0.017219
    12 0.000000 -0.000002 13.404737 0.000001 0.000005 -0.221694
    13 -0.061540 -5.245835 72.927078 0.000000 0.000000 0.000000
    14 3.380333 -2.045245 -13.141206 0.139615 0.041914 -0.405604
    15 0.000000 -0.005608 -1.146812 -0.005928 0.001831 -0.003606
    16 0.030770 -0.240000 8.906021 -0.004138 0.000000 0.000000
    17 0.015649 -1.483564 -0.098058 0.202384 -0.073399 0.242083
    18 0.030770 -0.276858 8.905140 0.056125 0.004134 -0.000049
    19 0.342495 -0.944466 -0.055865 0.427440 0.101767 0.051724
    20 5.669724 4.435303 14.302868 3.759620 -1.295869 -1.038062
    21 -1.044571 -2.839317 19.743267 -0.178237 -0.197667 0.083908
    22 2.655533 -1.533369 24.792658 -0.411621 0.085501 -0.428602
    23 1.120163 -0.154394 9.796035 0.006814 -0.001148 0.060019
    24 2.240311 -0.308786 19.592051 0.253502 -0.233294 0.085592
    25 0.683151 2.877354 14.167051 -0.734110 -0.152651 1.592610
    26 0.144936 -0.145374 7.579252 -0.612219 -0.151618 0.052118
    27 0.091660 -0.906685 4.702850 -0.433132 -0.067167 0.012488
    28 0.506271 8.500866 13.617253 -0.550762 0.108875 1.426871
    29 -0.384987 -0.460049 7.003448 -0.408007 -0.291530 0.102176
    30 0.561516 -0.596954 5.061852 -0.227918 -0.111127 0.014779
    31 -2.452171 -8.899406 11.597897 -0.962357 -0.188590 1.621971
    32 0.680496 -0.903999 6.074253 -0.603289 0.068871 0.009688
    33 0.245514 -0.661150 3.388004 -0.452140 0.096759 -0.019327
    34 -0.717484 -3.784271 13.043911 -0.949405 -0.128825 1.670389
    35 1.099216 -1.407745 8.017889 -0.684321 -0.004088 0.004940
    36 0.068439 -0.807653 3.686054 -0.431522 -0.001862 0.002221
    37 -4.004929 6.172707 4.754754 0.735398 0.984689 3.525759
    38 0.158352 -1.149811 5.804394 -0.404061 0.056308 0.322906
    39 -1.083523 -1.463142 5.544399 -0.412459 -0.107628 0.019567
    40 -6.289886 0.932434 13.569063 -0.126803 0.612110 2.869610
    41 1.327774 -0.766687 12.396328 -0.026955 0.011532 -0.237936
    42 -0.096140 1.828087 23.185329 0.053184 -0.343828 -1.487069
    43 2.325478 -0.000003 6.169296 -0.098130 0.029206 1.731975
    44 0.000000 -3.152912 0.122169 1.961052 0.000000 0.000000
    45 1.068383 -10.478592 7.066338 0.292219 -1.282324 -3.141588
    46 0.000000 0.000000 2.279457 0.547137 -0.343566 0.107833
    47 2.479414 -8.323895 6.074242 -0.011329 -0.060938 1.501515
    48 0.000003 -5.305736 4.019391 0.000000 0.000000 0.000000
    49 -1.068383 -10.478611 7.065971 0.292219 1.282324 3.141588
    50 -0.000488 0.000015 2.279600 0.547136 0.343566 0.107835
    51 -2.479401 -8.323895 6.074234 0.005922 -0.058845 1.506615
    52 -5.790000 4.432083 14.255558 0.213152 1.430854 -2.248306
    53 1.044540 -2.839314 19.743252 -0.281507 0.558408 -0.105980
    54 -2.655510 -1.533379 24.792648 -0.544145 -0.073444 -0.022433
    55 -1.120216 -0.154385 9.795983 0.001002 0.000138 -0.008768
    56 -2.240372 -0.308788 19.592047 0.117142 0.172476 -0.001185
    57 -0.683205 2.877342 14.167089 -0.725459 0.244969 -1.604458
    58 -0.144958 -0.145317 7.579308 -0.524820 0.148482 0.022007
    59 -0.038551 -0.936644 4.697678 -0.359213 0.064102 -0.006417
    60 -0.506317 8.500896 13.617329 -0.621958 0.220664 -1.522417
    61 0.385056 -0.460075 7.003435 -0.368099 0.295718 0.057169
    62 -0.456360 -0.710276 5.057732 -0.189244 0.113226 -0.001616
    63 2.452194 -8.899408 11.597939 -0.860088 0.165655 -1.569908
    64 -0.680515 -0.903999 6.074242 -0.580253 -0.071575 -0.024429
    65 -0.248295 -0.666843 3.386627 -0.421499 -0.100695 0.017372
    66 0.717491 -3.784309 13.044010 -0.941907 0.194657 -1.682189
    67 -1.099228 -1.407673 8.017876 -0.649869 0.007153 0.001471
    68 -0.064053 -0.807640 3.686100 -0.369361 0.004453 -0.006443
    69 4.004906 6.172710 4.754800 -0.220602 -0.843061 -2.398815
    70 -0.158381 -1.149773 5.804405 -0.643964 0.125533 0.362064
    71 1.078559 -2.386406 5.215008 -0.384942 0.176081 0.093667
    72 6.289963 0.932404 13.569109 -0.126801 -0.612098 -2.869612
    73 -1.327759 -0.766682 12.396324 -0.000716 -0.000410 0.006760
    74 0.000017 -54.999996 0.000000 0.000000 0.000000 -1.570796
  time 8
    0 0.000000 0.000000 -1.500000 0.000000 0.000000 0.000000
    1 -10.521344 -5.760963 66.994621 3.097005 -0.050653 -3.139334
    2 -4.304448 1.238453 12.170768 0.137627 0.491942 0.372464
    3 -0.000034 0.000012 24.761454 -0.960692 -0.111494 0.178800
    4 0.000017 0.000000 24.344809 1.654061 -0.379466 -0.180593
    5 0.002333 -1.019846 24.031336 0.389660 -0.042710 0.017201
    6 0.000034 0.000008 13.404741 -0.000001 -0.000009 0.049419
    7 10.398263 -5.760962 66.994675 3.097005 0.050653 3.139334
    8 -1.539276 -6.395866 13.499788 0.875912 -0.541789 0.175734
    9 -0.000004 -0.000006 24.761459 -1.401593 0.162520 -0.436866
    10 -0.000007 0.000004 24.344891 1.424284 0.132214 0.033870
    11 -0.002360 -1.019903 24.031330 0.389594 -0.042695 -0.017219
    12 0.000000 -0.000002 13.404737 0.000001 0.000005 -0.172422
    13 -0.061540 -5.245835 72.927078 0.000000 0.000000 0.000000
    14 3.282674 -2.743986 -12.960957 0.106682 0.063351 -0.366449
    15 0.000000 -0.005608 -1.146812 -0.005928 0.001831 -0.003606
    16 0.030770 -0.240000 8.906021 -0.004138 0.000000 0.000000
    17 -0.015602 -0.921047 0.030853 0.106403 -0.058966 0.254263
    18 0.030770 -0.276858 8.905140 0.056125 0.004134 -0.000049
    19 0.393278 -1.147597 -0.110554 0.489994 0.122956 0.065806
    20 5.669724 4.435303 14.302868 3.767181 -1.320393 -1.134087
    21 -1.044571 -2.839317 19.743267 -0.218938 -0.071695 0.082329
    22 2.655533 -1.533369 24.792658 -0.453889 0.083080 -0.262248
    23 1.120163 -0.154394 9.796035 0.010409 -0.001915 0.091822
    24 2.240311 -0.308786 19.592051 0.238967 -0.268104 0.149803
    25 0.683151 2.877354 14.167051 -0.664661 -0.146347 1.536961
    26 0.144936 -0.145374 7.579252 -0.552976 -0.141827 0.046796
    27 0.091660 -0.906685 4.702850 -0.372876 -0.056165 0.007994
    28 0.506271 8.500866 13.617253 -0.529888 0.101625 1.411955
    29 -0.384987 -0.460049 7.003448 -0.409892 -0.292153 0.102596
    30 0.561516 -0.596954 5.061852 -0.229811 -0.111834 0.015019
    31 -2.452171 -8.899406 11.597897 -0.898109 -0.182874 1.542406
    32 0.680496 -0.903999 6.074253 -0.546542 0.062770 0.007806
    33 0.245514 -0.661150 3.388004 -0.394729 0.093871 -0.015720
    34 -0.717484 -3.784271 13.043911 -0.862758 -0.143386 1.578558
    35 1.099216 -1.407745 8.017889 -0.594018 -0.007587 0.004736
    36 0.068439 -0.807653 3.686054 -0.381912 -0.003875 0.001753
    37 -4.004929 6.172707 4.754754 0.660364 0.954551 3.474759
    38 0.158352 -1.149811 5.804394 -0.391687 0.069223 0.389552
    39 -1.083523 -1.463142 5.544399 -0.370971 -0.108862 0.021252
    40 -6.289886 0.932434 13.569063 -0.126803 0.612110 2.869610
    41 1.327774 -0.766687 12.396328 -0.019069 0.008944 -0.170697
    42 -0.096140 1.828087 23.185329 0.047260 -0.410716 -1.439315
    43 2.325478 -0.000003 6.169296 0.049323 0.027455 1.733092
    44 0.000000 -3.152912 0.122169 1.961052 0.000000 0.000000
    45 1.068383 -10.478592 7.066338 0.292219 -1.282324 -3.141588
    46 0.000000 0.000000 2.279457 0.547137 -0.343566 0.107833
    47 2.479414 -8.323895 6.074242 -0.010432 -0.034312 1.523386
    48 0.000003 -5.305736 4.019391 0.000000 0.000000 0.000000
    49 -1.068383 -10.478611 7.065971 0.292219 1.282324 3.141588
    50 -0.000488 0.000015 2.279600 0.547136 0.343566 0.107835
    51 -2.479401 -8.323895 6.074234 0.006805 -0.032573 1.529226
    52 -5.790000 4.432083 14.255558 -0.257413 1.331331 -2.644119
    53 1.044540 -2.839314 19.743252 -0.414192 0.511008 -0.119451
    54 -2.655510 -1.533379 24.792648 -0.646960 -0.075903 -0.053331
    55 -1.120216 -0.154385 9.795983 0.004705 0.000749 -0.041359
    56 -2.240372 -0.308788 19.592047 0.082166 0.301334 -0.068633
    57 -0.683205 2.877342 14.167089 -0.625574 0.208277 -1.502299
    58 -0.144958 -0.145317 7.579308 -0.497683 0.141950 0.024380
    59 -0.038551 -0.936644 4.697678 -0.330958 0.056755 -0.005087
    60 -0.506317 8.500896 13.617329 -0.556566 0.182267 -1.484901
    61 0.385056 -0.460075 7.003435 -0.346300 0.284677 0.061686
    62 -0.456360 -0.710276 5.057732 -0.194928 0.116632 -0.002160
    63 2.452194 -8.899408 11.597939 -0.811884 0.190144 -1.508466
    64 -0.680515 -0.903999 6.074242 -0.607687 -0.074894 -0.025160
    65 -0.248295 -0.666843 3.386627 -0.456719 -0.103055 0.019661
    66 0.717491 -3.784309 13.044010 -0.813476 0.170556 -1.610074
    67 -1.099228 -1.407673 8.017876 -0.569119 0.009934 0.001806
    68 -0.064053 -0.807640 3.686100 -0.353042 0.005053 -0.006311
    69 4.004906 6.172710 4.754800 -0.131381 -0.845569 -2.446132
    70 -0.158381 -1.149773 5.804405 -0.579610 0.132488 0.340673
    71 1.078559 -2.386406 5.215008 -0.403192 0.187874 0.099038
    72 6.289963 0.932404 13.569109 -0.126801 -0.612098 -2.869612
    73 -1.327759 -0.766682 12.396324 -0.000177 -0.000111 0.001625
    74 0.000017 -54.999996 0.000000 0.000000 0.000000 -1.570796
  time 9
    0 0.000000 0.000000 -1.500000 0.000000 0.000000 0.000000
    1 -10.521344 -5.760963 66.994621 3.097005 -0.050653 -3.139334
    2 -3.902092 0.366786 11.744702 0.077984 0.479138 0.343847
    3 -0.000034 0.000012 24.761454 -0.899431 -0.104387 0.191829
    4 0.000017 0.000000 24.344809 1.642287 -0.386144 -0.173247
    5 0.002333 -1.019846 24.031336 0.389660 -0.042710 0.017201
    6 0.000034 0.000008 13.404741 -0.000001 -0.000009 0.063847
    7 10.398263 -5.760962 66.994675 3.097005 0.050653 3.139334
    8 -1.379115 -6.683121 13.274986 0.878898 -0.500088 0.141655
    9 -0.000004 -0.000006 24.761459 -1.390154 0.161177 -0.380810
    10 -0.000007 0.000004 24.344891 1.428028 0.135436 0.037107
    11 -0.002360 -1.019903 24.031330 0.389594 -0.042695 -0.017219
    12 0.000000 -0.000002 13.404737 0.000001 0.000005 -0.134872
    13 -0.061540 -5.245835 72.927078 0.000000 0.000000 0.000000
    14 3.130326 -3.163231 -12.668053 0.074198 0.073089 -0.336122
    15 0.000000 -0.005608 -1.146812 -0.005928 0.001831 -0.003606
    16 0.030770 -0.240000 8.906021 -0.004138 0.000000 0.000000
    17 -0.046853 -0.518691 0.089448 0.038136 -0.049647 0.258137
    18 0.030770 -0.276858 8.905140 0.056125 0.004134 -0.000049
    19 0.467499 -1.288226 -0.153524 0.534318 0.148403 0.080535
    20 5.669724 4.435303 14.302868 3.834749 -1.354288 -1.292883
    21 -1.044571 -2.839317 19.743267 -0.298483 -0.022538 0.071246
    22 2.655533 -1.533369 24.792658 -0.508699 0.077777 -0.086271
    23 1.120163 -0.154394 9.796035 0.013178 -0.002598 0.116450
    24 2.240311 -0.308786 19.592051 0.220254 -0.302040 0.201076
    25 0.683151 2.877354 14.167051 -0.594554 -0.140019 1.472795
    26 0.144936 -0.145374 7.579252 -0.497078 -0.132287 0.042314
    27 0.091660 -0.906685 4.702850 -0.322463 -0.046781 0.004746
    28 0.506271 8.500866 13.617253 -0.478754 0.083280 1.374266
    29 -0.384987 -0.460049 7.003448 -0.414516 -0.293627 0.103579
    30 0.561516 -0.596954 5.061852 -0.234130 -0.113524 0.015546
    31 -2.452171 -8.899406 11.597897 -0.868390 -0.181042 1.509120
    32 0.680496 -0.903999 6.074253 -0.526001 0.060481 0.007063
    33 0.245514 -0.661150 3.388004 -0.373905 0.092888 -0.014426
    34 -0.717484 -3.784271 13.043911 -0.791853 -0.154987 1.500618
    35 1.099216 -1.407745 8.017889 -0.528668 -0.010404 0.004472
    36 0.068439 -0.807653 3.686054 -0.348792 -0.004942 0.001478
    37 -4.004929 6.172707 4.754754 0.582088 0.912917 3.409408
    38 0.158352 -1.149811 5.804394 -0.380838 0.076253 0.455419
    39 -1.083523 -1.463142 5.544399 -0.333773 -0.111930 0.021625
    40 -6.289886 0.932434 13.569063 -0.126803 0.612110 2.869610
    41 1.327774 -0.766687 12.396328 -0.010944 0.005624 -0.099340
    42 -0.096140 1.828087 23.185329 0.041199 -0.441308 -1.416722
    43 2.325478 -0.000003 6.169296 0.166646 0.023664 1.736964
    44 0.000000 -3.152912 0.122169 1.977961 0.000000 0.000000
    45 1.068383 -10.478592 7.066338 0.292219 -1.282324 -3.141588
    46 0.000000 0.000000 2.279457 0.547137 -0.343566 0.107833
    47 2.479414 -8.323895 6.074242 -0.009317 -0.010738 1.549842
    48 0.000003 -5.083073 4.929575 0.000000 0.000000 0.000000
    49 -1.068383 -10.478611 7.065971 0.292219 1.282324 3.141588
    50 -0.000488 0.000015 2.279600 0.547136 0.343566 0.107835
    51 -2.479401 -8.323895 6.074234 0.007930 -0.009704 1.556530
    52 -5.790000 4.432083 14.255558 -0.342343 1.226492 -2.717418
    53 1.044540 -2.839314 19.743252 -0.493725 0.478362 -0.120839
    54 -2.655510 -1.533379 24.792648 -0.782487 -0.079695 -0.111416
    55 -1.120216 -0.154385 9.795983 0.003626 0.000557 -0.031891
    56 -2.240372 -0.308788 19.592047 0.037415 0.348511 -0.053940
    57 -0.683205 2.877342 14.167089 -0.498317 0.166054 -1.379915
    58 -0.144958 -0.145317 7.579308 -0.475287 0.136521 0.026214
    59 -0.038551 -0.936644 4.697678 -0.307684 0.050715 -0.004140
    60 -0.506317 8.500896 13.617329 -0.428271 0.089961 -1.401377
    61 0.385056 -0.460075 7.003435 -0.333997 0.278366 0.064106
    62 -0.456360 -0.710276 5.057732 -0.192159 0.115209 -0.002266
    63 2.452194 -8.899408 11.597939 -0.744175 0.258661 -1.454722
    64 -0.680515 -0.903999 6.074242 -0.595452 -0.073756 -0.025100
    65 -0.248295 -0.666843 3.386627 -0.484278 -0.104518 0.021783
    66 0.717491 -3.784309 13.044010 -0.660185 0.150782 -1.516120
    67 -1.099228 -1.407673 8.017876 -0.483773 0.012798 0.002405
    68 -0.064053 -0.807640 3.686100 -0.340831 0.005472 -0.006203
    69 4.004906 6.172710 4.754800 -0.014529 -0.856582 -2.508185
    70 -0.158381 -1.149773 5.804405 -0.500362 0.135746 0.303107
    71 1.078559 -2.386406 5.215008 -0.417525 0.197248 0.103203
    72 6.289963 0.932404 13.569109 -0.126801 -0.612098 -2.869612
    73 -1.327759 -0.766682 12.396324 0.002064 0.001220 -0.019472
    74 0.000017 -54.999996 0.000000 0.000000 0.000000 -1.570796
  time 10
    0 0.000000 0.000000 -1.500000 0.000000 0.000000 0.000000
    1 -10.521344 -5.760963 66.994621 3.097005 -0.050653 -3.139334
    2 -3.534893 -0.210232 11.296211 0.030913 0.464580 0.322177
    3 -0.000034 0.000012 24.761454 -0.843820 -0.097939 0.204289
    4 0.000017 0.000000 24.344809 1.625642 -0.389358 -0.164518
    5 0.002333 -1.019846 24.031336 0.389660 -0.042710 0.017201
    6 0.000034 0.000008 13.404741 -0.000001 -0.000009 0.075849
    7 10.398263 -5.760962 66.994675 3.097005 0.050653 3.139334
    8 -1.230673 -6.745568 12.735462 0.869258 -0.464714 0.117560
    9 -0.000004 -0.000006 24.761459 -1.356551 0.157294 -0.335197
    10 -0.000007 0.000004 24.344891 1.416539 0.138102 0.040470
    11 -0.002360 -1.019903 24.031330 0.389594 -0.042695 -0.017219
    12 0.000000 -0.000002 13.404737 0.000001 0.000005 -0.108078
    13 -0.061540 -5.245835 72.927078 0.000000 0.000000 0.000000
    14 2.907663 -3.302980 -12.194900 0.041202 0.069476 -0.310659
    15 0.000000 -0.005608 -1.146812 -0.005928 0.001831 -0.003606
    16 0.030770 -0.240000 8.906021 -0.004138 0.000000 0.000000
    17 -0.066385 -0.276496 0.116793 -0.001363 -0.044786 0.256419
    18 0.030770 -0.276858 8.905140 0.056125 0.004134 -0.000049
    19 0.537813 -1.358541 -0.184775 0.556837 0.175578 0.093622
    20 5.669724 4.435303 14.302868 4.023768 -1.388818 -1.568213
    21 -1.044571 -2.839317 19.743267 -0.368244 -0.020816 0.059994
    22 2.655533 -1.533369 24.792658 -0.579349 0.073896 0.030751
    23 1.120163 -0.154394 9.796035 0.014376 -0.002922 0.127281
    24 2.240311 -0.308786 19.592051 0.200366 -0.334179 0.226040
    25 0.683151 2.877354 14.167051 -0.538216 -0.134710 1.419806
    26 0.144936 -0.145374 7.579252 -0.455538 -0.125037 0.039330
    27 0.091660 -0.906685 4.702850 -0.287939 -0.040262 0.002780
    28 0.506271 8.500866 13.617253 -0.414898 0.062233 1.329673
    29 -0.384987 -0.460049 7.003448 -0.420029 -0.295389 0.104753
    30 0.561516 -0.596954 5.061852 -0.239378 -0.115549 0.016193
    31 -2.452171 -8.899406 11.597897 -0.897856 -0.176322 1.509227
    32 0.680496 -0.903999 6.074253 -0.566727 0.064724 0.008573
    33 0.245514 -0.661150 3.388004 -0.415073 0.095129 -0.016930
    34 -0.717484 -3.784271 13.043911 -0.755078 -0.160716 1.467242
    35 1.099216 -1.407745 8.017889 -0.503443 -0.011398 0.004304
    36 0.068439 -0.807653 3.686054 -0.336745 -0.005361 0.001346
    37 -4.004929 6.172707 4.754754 0.518674 0.872199 3.348649
    38 0.158352 -1.149811 5.804394 -0.374566 0.078102 0.497294
    39 -1.083523 -1.463142 5.544399 -0.308085 -0.115106 0.021183
    40 -6.289886 0.932434 13.569063 -0.126803 0.612110 2.869610
    41 1.327774 -0.766687 12.396328 -0.005335 0.002915 -0.049225
    42 -0.096140 1.828087 23.185329 0.039299 -0.424992 -1.418801
    43 2.325478 -0.000003 6.169296 0.224519 0.018137 1.740516
    44 0.000000 -3.152912 0.122169 2.026053 0.000000 0.000000
    45 1.068383 -10.478592 7.066338 0.292219 -1.282324 -3.141576
    46 0.000000 0.000000 2.279457 0.547137 -0.343566 0.107833
    47 2.479414 -8.323895 6.074242 -0.008991 -0.015997 1.557960
    48 0.000003 -5.075260 5.683505 0.000000 0.000000 0.000000
    49 -1.068383 -10.478611 7.065971 0.292219 1.282324 3.141588
    50 -0.000488 0.000015 2.279600 0.547136 0.343566 0.107835
    51 -2.479401 -8.323895 6.074234 0.008292 -0.015752 1.564866
    52 -5.790000 4.432083 14.255558 -0.116598 1.074716 -2.553190
    53 1.044540 -2.839314 19.743252 -0.403339 0.432234 -0.104156
    54 -2.655510 -1.533379 24.792648 -1.035373 -0.094890 -0.168063
    55 -1.120216 -0.154385 9.795983 -0.007064 -0.000761 0.061391
    56 -2.240372 -0.308788 19.592047 -0.025282 0.346036 0.131390
    57 -0.683205 2.877342 14.167089 -0.367744 0.125740 -1.269573
    58 -0.144958 -0.145317 7.579308 -0.459975 0.132782 0.027376
    59 -0.038551 -0.936644 4.697678 -0.292841 0.047000 -0.003577
    60 -0.506317 8.500896 13.617329 -0.287079 -0.018898 -1.318033
    61 0.385056 -0.460075 7.003435 -0.328731 0.275631 0.065132
    62 -0.456360 -0.710276 5.057732 -0.189875 0.113915 -0.002160
    63 2.452194 -8.899408 11.597939 -0.656523 0.348182 -1.390277
    64 -0.680515 -0.903999 6.074242 -0.565647 -0.070520 -0.024501
    65 -0.248295 -0.666843 3.386627 -0.505843 -0.105512 0.023508
    66 0.717491 -3.784309 13.044010 -0.510432 0.142596 -1.425465
    67 -1.099228 -1.407673 8.017876 -0.414286 0.015087 0.003077
    68 -0.064053 -0.807640 3.686100 -0.333178 0.005748 -0.006131
    69 4.004906 6.172710 4.754800 0.103904 -0.880634 -2.571875
    70 -0.158381 -1.149773 5.804405 -0.426101 0.132570 0.258508
    71 1.078559 -2.386406 5.215008 -0.425312 0.202669 0.105651
    72 6.289963 0.932404 13.569109 -0.126801 -0.612098 -2.869612
    73 -1.327759 -0.766682 12.396324 0.003346 0.002011 -0.031640
    74 0.000017 -54.999996 0.000000 0.000000 0.000000 -1.570796
  time 11
    0 0.000000 0.000000 -1.500000 0.000000 0.000000 0.000000
    1 -10.521344 -5.760963 66.994621 3.097005 -0.050653 -3.139334
    2 -3.148162 -0.615373 10.735598 -0.010011 0.446598 0.311823
    3 -0.000034 0.000012 24.761454 -0.781868 -0.090773 0.210112
    4 0.000017 0.000000 24.344809 1.601291 -0.390558 -0.153391
    5 0.002333 -1.019846 24.031336 0.389660 -0.042698 0.017201
    6 0.000034 0.000008 13.404741 -0.000001 -0.000009 0.084497
    7 10.398263 -5.760962 66.994675 3.097005 0.050653 3.139334
    8 -1.031448 -6.832994 11.926176 0.843409 -0.437572 0.104440
    9 -0.000004 -0.000006 24.761459 -1.303973 0.151218 -0.300637
    10 -0.000007 0.000004 24.344891 1.397242 0.141902 0.044820
    11 -0.002360 -1.019903 24.031330 0.389594 -0.042695 -0.017219
    12 0.000000 -0.000002 13.404737 0.000001 0.000005 -0.090559
    13 -0.061540 -5.245835 72.927078 0.000000 0.000000 0.000000
    14 2.610779 -3.326271 -11.518967 0.002829 0.058276 -0.294145
    15 0.000000 -0.005608 -1.146812 -0.005928 0.001831 -0.003606
    16 0.030770 -0.240000 8.906021 -0.004138 0.000000 0.000000
    17 -0.074198 -0.085084 0.128512 -0.030719 -0.040165 0.255182
    18 0.030770 -0.276858 8.905140 0.056125 0.004134 -0.000049
    19 0.608128 -1.374166 -0.192588 0.558446 0.200634 0.103078
    20 5.669724 4.435303 14.302868 4.485835 -1.400164 -2.131523
    21 -1.044571 -2.839317 19.743267 -0.462513 -0.021859 0.043327
    22 2.655533 -1.533369 24.792658 -0.680159 0.075548 0.078223
    23 1.120163 -0.154394 9.796035 0.012746 -0.002478 0.112725
    24 2.240311 -0.308786 19.592051 0.147883 -0.384507 0.205982
    25 0.683151 2.877354 14.167051 -0.512159 -0.132014 1.397464
    26 0.144936 -0.145374 7.579252 -0.439322 -0.122148 0.038251
    27 0.091660 -0.906685 4.702850 -0.275073 -0.037817 0.002121
    28 0.506271 8.500866 13.617253 -0.357094 0.046305 1.292846
    29 -0.384987 -0.460049 7.003448 -0.424618 -0.296851 0.105772
    30 0.561516 -0.596954 5.061852 -0.243698 -0.117227 0.016769
    31 -2.452171 -8.899406 11.597897 -0.974204 -0.164033 1.508878
    32 0.680496 -0.903999 6.074253 -0.663842 0.075067 0.011521
    33 0.245514 -0.661150 3.388004 -0.513279 0.100043 -0.023294
    34 -0.717484 -3.784271 13.043911 -0.778007 -0.157289 1.468671
    35 1.099216 -1.407745 8.017889 -0.542444 -0.009828 0.004568
    36 0.068439 -0.807653 3.686054 -0.355686 -0.004678 0.001537
    37 -4.004929 6.172707 4.754754 0.480662 0.846796 3.304061
    38 0.158352 -1.149811 5.804394 -0.376897 0.074844 0.491457
    39 -1.083523 -1.463142 5.544399 -0.300813 -0.116748 0.020506
    40 -6.289886 0.932434 13.569063 -0.126803 0.612110 2.869610
    41 1.327774 -0.766687 12.396328 -0.002099 0.001201 -0.019497
    42 -0.096140 1.828087 23.185329 0.035926 -0.380347 -1.424151
    43 2.325478 -0.000003 6.169296 0.254172 0.008906 1.744228
    44 0.000000 -3.152912 0.122169 2.101242 0.000000 0.000000
    45 1.068383 -10.478592 7.066338 0.292219 -1.282324 -3.141588
    46 0.000000 0.000000 2.279457 0.547137 -0.343566 0.107833
    47 2.479414 -8.323895 6.074242 -0.009725 -0.045019 1.540673
    48 0.000003 -5.075260 5.925699 0.000000 0.000000 0.000000
    49 -1.068383 -10.478611 7.065971 0.292219 1.282324 3.141588
    50 -0.000488 0.000015 2.279600 0.547136 0.343566 0.107835
    51 -2.479401 -8.323895 6.074234 0.007589 -0.045662 1.547620
    52 -5.790000 4.432083 14.255558 0.137137 0.847178 -2.398545
    53 1.044540 -2.839314 19.743252 -0.195407 0.359184 -0.083990
    54 -2.655510 -1.533379 24.792648 -1.351820 -0.123934 -0.198582
    55 -1.120216 -0.154385 9.795983 -0.024681 -0.000737 0.214442
    56 -2.240372 -0.308788 19.592047 -0.083932 0.386876 0.438728
    57 -0.683205 2.877342 14.167089 -0.260780 0.095754 -1.202001
    58 -0.144958 -0.145317 7.579308 -0.454253 0.131392 0.027808
    59 -0.038551 -0.936644 4.697678 -0.290080 0.046664 -0.003397
    60 -0.506317 8.500896 13.617329 -0.180355 -0.106172 -1.273328
    61 0.385056 -0.460075 7.003435 -0.327954 0.275253 0.065285
    62 -0.456360 -0.710276 5.057732 -0.196920 0.117667 -0.002125
    63 2.452194 -8.899408 11.597939 -0.598607 0.422694 -1.356839
    64 -0.680515 -0.903999 6.074242 -0.555083 -0.068530 -0.023650
    65 -0.248295 -0.666843 3.386627 -0.496351 -0.105620 0.022346
    66 0.717491 -3.784309 13.044010 -0.391915 0.152663 -1.365652
    67 -1.099228 -1.407673 8.017876 -0.381167 0.016178 0.003436
    68 -0.064053 -0.807640 3.686100 -0.330533 0.005844 -0.006107
    69 4.004906 6.172710 4.754800 0.199299 -0.924205 -2.624758
    70 -0.158381 -1.149773 5.804405 -0.374339 0.119920 0.220502
    71 1.078559 -2.386406 5.215008 -0.424165 0.202700 0.106235
    72 6.289963 0.932404 13.569109 -0.126801 -0.612098 -2.869612
    73 -1.327759 -0.766682 12.396324 0.002543 0.001495 -0.023960
    74 0.000017 -54.999996 0.000000 0.000000 0.000000 -1.570796
  time 12
    0 0.000000 0.000000 -1.500000 0.000000 0.000000 0.000000
    1 -10.521344 -5.760963 66.994621 3.097005 -0.050653 -3.139334
    2 -2.737993 -0.750420 10.085286 -0.039456 0.426863 0.315667
    3 -0.000034 0.000012 24.761454 -0.719957 -0.083618 0.207709
    4 0.000017 0.000000 24.344809 1.570715 -0.388000 -0.140449
    5 0.002333 -1.019846 24.031336 0.389660 -0.042710 0.017201
    6 0.000034 0.000008 13.404741 -0.000001 -0.000009 0.088821
    7 10.398263 -5.760962 66.994675 3.097005 0.050653 3.139334
    8 -0.754096 -6.882951 10.869608 0.801351 -0.423269 0.105430
    9 -0.000004 -0.000006 24.761459 -1.231651 0.142865 -0.283052
    10 -0.000007 0.000004 24.344891 1.368651 0.147679 0.050201
    11 -0.002360 -1.019903 24.031330 0.389594 -0.042695 -0.017219
    12 0.000000 -0.000002 13.404737 0.000001 0.000005 -0.085042
    13 -0.061540 -5.245835 72.927078 0.000000 0.000000 0.000000
    14 2.216235 -3.198169 -10.707847 -0.037049 0.040349 -0.290061
    15 0.000000 -0.005608 -1.146812 -0.005928 0.001831 -0.003606
    16 0.030770 -0.240000 8.906021 -0.004138 0.000000 0.000000
    17 -0.062479 0.039920 0.124606 -0.048417 -0.034721 0.256380
    18 0.030770 -0.276858 8.905140 0.056125 0.004134 -0.000049
    19 0.655005 -1.323383 -0.180869 0.536284 0.220793 0.106015
    20 5.669724 4.435303 14.302868 5.020638 -1.336107 3.522944
    21 -1.044571 -2.839317 19.743267 -0.476554 -0.009074 0.039210
    22 2.655533 -1.533369 24.792658 -0.818290 0.084387 0.066901
    23 1.120163 -0.154394 9.796035 0.008168 -0.001412 0.071954
    24 2.240311 -0.308786 19.592051 0.065198 -0.446254 0.134255
    25 0.683151 2.877354 14.167051 -0.539587 -0.136136 1.400374
    26 0.144936 -0.145374 7.579252 -0.457118 -0.125288 0.039450
    27 0.091660 -0.906685 4.702850 -0.292747 -0.041172 0.003044
    28 0.506271 8.500866 13.617253 -0.325351 0.042833 1.277222
    29 -0.384987 -0.460049 7.003448 -0.426503 -0.297462 0.106179
    30 0.561516 -0.596954 5.061852 -0.245519 -0.117934 0.016984
    31 -2.452171 -8.899406 11.597897 -1.057894 -0.150610 1.507375
    32 0.680496 -0.903999 6.074253 -0.779833 0.087698 0.013715
    33 0.245514 -0.661150 3.388004 -0.630551 0.105041 -0.031480
    34 -0.717484 -3.784271 13.043911 -0.848692 -0.146562 1.472528
    35 1.099216 -1.407745 8.017889 -0.635464 -0.006065 0.004904
    36 0.068439 -0.807653 3.686054 -0.402631 -0.002928 0.001981
    37 -4.004929 6.172707 4.754754 0.453459 0.828523 3.265022
    38 0.158352 -1.149811 5.804394 -0.395628 0.066053 0.410022
    39 -1.083523 -1.463142 5.544399 -0.314886 -0.113009 0.003048
    40 -6.289886 0.932434 13.569063 -0.126803 0.612110 2.869610
    41 1.327774 -0.766687 12.396328 -0.002926 0.001645 -0.027130
    42 -0.096140 1.828087 23.185329 0.029437 -0.324102 -1.430663
    43 2.325478 -0.000003 6.169296 0.303307 -0.008153 1.749057
    44 0.000000 -3.152912 0.122169 2.260718 0.000000 0.000000
    45 1.068383 -10.478592 7.066338 0.292219 -1.282324 -3.141588
    46 0.000000 0.000000 2.279457 0.547137 -0.343566 0.107833
    47 2.479414 -8.323895 6.074242 -0.010432 -0.053283 1.523768
    48 0.000003 -5.075260 5.777257 0.000000 0.000000 0.000000
    49 -1.068383 -10.478611 7.065971 0.292219 1.282324 3.141588
    50 -0.000488 0.000015 2.279600 0.547136 0.343566 0.107835
    51 -2.479401 -8.323895 6.074234 0.006906 -0.054687 1.530375
    52 -5.790000 4.432083 14.255558 -6.004848 0.661092 -2.341055
    53 1.044540 -2.839314 19.743252 0.023823 0.267479 -0.076070
    54 -2.655510 -1.533379 24.792648 -1.530576 -0.145794 -0.172834
    55 -1.120216 -0.154385 9.795983 -0.040573 0.001612 0.353618
    56 -2.240372 -0.308788 19.592047 -0.074157 0.434004 0.725702
    57 -0.683205 2.877342 14.167089 -0.167874 0.078184 -1.178225
    58 -0.144958 -0.145317 7.579308 -0.456215 0.130025 0.027328
    59 -0.038551 -0.936644 4.697678 -0.303147 0.050919 -0.003733
    60 -0.506317 8.500896 13.617329 -0.098295 -0.171005 -1.267308
    61 0.385056 -0.460075 7.003435 -0.321781 0.273137 0.064856
    62 -0.456360 -0.710276 5.057732 -0.207462 0.124481 -0.002985
    63 2.452194 -8.899408 11.597939 -0.584556 0.477526 -1.369279
    64 -0.680515 -0.903999 6.074242 -0.571037 -0.068111 -0.022524
    65 -0.248295 -0.666843 3.386627 -0.446227 -0.104266 0.017600
    66 0.717491 -3.784309 13.044010 -0.300249 0.191410 -1.344867
    67 -1.099228 -1.407673 8.017876 -0.403526 0.015447 0.003184
    68 -0.064053 -0.807640 3.686100 -0.342069 0.005424 -0.006215
    69 4.004906 6.172710 4.754800 0.296801 -1.001837 -2.687384
    70 -0.158381 -1.149773 5.804405 -0.343575 0.091114 0.190203
    71 1.078559 -2.386406 5.215008 -0.408638 0.194123 0.103605
    72 6.289963 0.932404 13.569109 -0.126801 -0.612098 -2.869612
    73 -1.327759 -0.766682 12.396324 -0.001124 -0.000650 0.010276
    74 0.000017 -54.999996 0.000000 0.000000 0.000000 -1.570796
  time 13
    0 0.000000 0.000000 -1.500000 0.000000 0.000000 0.000000
    1 -10.521344 -5.760963 66.994621 3.097005 -0.050653 -3.139334
    2 -2.304386 -0.480326 9.390125 -0.048201 0.407184 0.341619
    3 -0.000034 0.000012 24.761454 -0.667557 -0.077554 0.190567
    4 0.000017 0.000000 24.344809 1.536870 -0.379263 -0.126966
    5 0.002333 -1.019846 24.031336 0.389660 -0.042710 0.017201
    6 0.000034 0.000008 13.404741 -0.000001 -0.000009 0.084835
    7 10.398263 -5.760962 66.994675 3.097005 0.050653 3.139334
    8 -0.328301 -6.907930 9.610718 0.739672 -0.426232 0.127627
    9 -0.000004 -0.000006 24.761459 -1.138321 0.132055 -0.290014
    10 -0.000007 0.000004 24.344891 1.329927 0.157056 0.056675
    11 -0.002360 -1.019903 24.031330 0.389594 -0.042695 -0.017219
    12 0.000000 -0.000002 13.404737 0.000001 0.000005 -0.094359
    13 -0.061540 -5.245835 72.927078 0.000000 0.000000 0.000000
    14 1.720126 -2.872089 -9.739010 -0.074814 0.016761 -0.306456
    15 0.000000 -0.005608 -1.146812 -0.005928 0.001831 -0.003606
    16 0.030770 -0.240000 8.906021 -0.004138 0.000000 0.000000
    17 -0.035134 0.098515 0.108980 -0.053089 -0.028707 0.259734
    18 0.030770 -0.276858 8.905140 0.056125 0.004134 -0.000049
    19 0.674536 -1.217911 -0.157430 0.486991 0.233651 0.099998
    20 5.669724 4.435303 14.302868 5.370730 -1.213315 3.160023
    21 -1.044571 -2.839317 19.743267 -0.422888 0.019366 0.046711
    22 2.655533 -1.533369 24.792658 -0.978944 0.098989 0.018458
    23 1.120163 -0.154394 9.796035 0.001697 -0.000249 0.014902
    24 2.240311 -0.308786 19.592051 -0.003692 -0.475631 0.020710
    25 0.683151 2.877354 14.167051 -0.610298 -0.146383 1.408379
    26 0.144936 -0.145374 7.579252 -0.501632 -0.133066 0.042662
    27 0.091660 -0.906685 4.702850 -0.336978 -0.049514 0.005633
    28 0.506271 8.500866 13.617253 -0.328254 0.041603 1.277407
    29 -0.384987 -0.460049 7.003448 -0.443434 -0.302807 0.109954
    30 0.561516 -0.596954 5.061852 -0.256122 -0.121997 0.018387
    31 -2.452171 -8.899406 11.597897 -1.109839 -0.142344 1.505871
    32 0.680496 -0.903999 6.074253 -0.877108 0.098437 0.014398
    33 0.245514 -0.661150 3.388004 -0.728864 0.108480 -0.038742
    34 -0.717484 -3.784271 13.043911 -0.930268 -0.133871 1.476016
    35 1.099216 -1.407745 8.017889 -0.746451 -0.001559 0.004844
    36 0.068439 -0.807653 3.686054 -0.462617 -0.000687 0.002412
    37 -4.004929 6.172707 4.754754 0.429228 0.807856 3.221964
    38 0.158352 -1.149811 5.804394 -0.424530 0.055911 0.270150
    39 -1.083523 -1.463142 5.544399 -0.344446 -0.103613 -0.037379
    40 -6.289886 0.932434 13.569063 -0.126803 0.612110 2.869610
    41 1.327774 -0.766687 12.396328 -0.006677 0.003586 -0.061277
    42 -0.096140 1.828087 23.185329 0.018753 -0.273212 -1.437022
    43 2.325478 -0.000003 6.169296 0.442642 -0.051791 1.757080
    44 0.000000 -3.152912 0.122169 2.398093 0.000000 0.000000
    45 1.068383 -10.478592 7.066338 0.292219 -1.282324 -3.141588
    46 0.000000 0.000000 2.279457 0.547137 -0.343566 0.107833
    47 2.479414 -8.323895 6.074242 -0.010350 -0.032058 1.524341
    48 0.000003 -5.075260 5.644441 0.000000 0.000000 0.000000
    49 -1.068383 -10.478611 7.065971 0.292219 1.282324 3.141588
    50 -0.000488 0.000015 2.279600 0.547136 0.343566 0.107835
    51 -2.479401 -8.323895 6.074234 0.006926 -0.034322 1.531333
    52 -5.790000 4.432083 14.255558 -5.899308 0.578932 -2.334348
    53 1.044540 -2.839314 19.743252 0.197026 0.126042 -0.091311
    54 -2.655510 -1.533379 24.792648 -1.443966 -0.140410 -0.102480
    55 -1.120216 -0.154385 9.795983 -0.053253 0.005159 0.467739
    56 -2.240372 -0.308788 19.592047 -0.017951 0.440192 0.969630
    57 -0.683205 2.877342 14.167089 -0.071256 0.066962 -1.176391
    58 -0.144958 -0.145317 7.579308 -0.464770 0.128192 0.025962
    59 -0.038551 -0.936644 4.697678 -0.331599 0.059548 -0.004680
    60 -0.506317 8.500896 13.617329 -0.006806 -0.235708 -1.276024
    61 0.385056 -0.460075 7.003435 -0.307666 0.268253 0.063723
    62 -0.456360 -0.710276 5.057732 -0.213632 0.130539 -0.004828
    63 2.452194 -8.899408 11.597939 -0.591999 0.528641 -1.405125
    64 -0.680515 -0.903999 6.074242 -0.599064 -0.068207 -0.021049
    65 -0.248295 -0.666843 3.386627 -0.377619 -0.101941 0.011548
    66 0.717491 -3.784309 13.044010 -0.222832 0.252447 -1.346913
    67 -1.099228 -1.407673 8.017876 -0.474751 0.013098 0.002477
    68 -0.064053 -0.807640 3.686100 -0.374313 0.004298 -0.006479
    69 4.004906 6.172710 4.754800 0.443469 -1.107326 -2.798145
    70 -0.158381 -1.149773 5.804405 -0.320902 0.048563 0.160871
    71 1.078559 -2.386406 5.215008 -0.381407 0.178776 0.097978
    72 6.289963 0.932404 13.569109 -0.126801 -0.612098 -2.869612
    73 -1.327759 -0.766682 12.396324 -0.008602 -0.004545 0.078702
    74 0.000017 -54.999996 0.000000 0.000000 0.000000 -1.570796
  time 14
    0 0.000000 0.000000 -1.500000 0.000000 0.000000 0.000000
    1 -10.521344 -5.760963 66.994621 3.097005 -0.050653 -3.139334
    2 -1.843435 0.219462 8.627691 -0.037748 0.387393 0.385003
    3 -0.000034 0.000012 24.761454 -0.628207 -0.072975 0.161861
    4 0.000017 0.000000 24.344809 1.502286 -0.363962 -0.113894
    5 0.002333 -1.019846 24.031336 0.389660 -0.042710 0.017201
    6 0.000034 0.000008 13.404741 -0.000001 -0.000009 0.073402
    7 10.398263 -5.760962 66.994675 3.097005 0.050653 3.139334
    8 0.238122 -6.832994 8.194467 0.659907 -0.438706 0.169133
    9 -0.000004 -0.000006 24.761459 -1.020132 0.118368 -0.316786
    10 -0.000007 0.000004 24.344891 1.276359 0.170677 0.063001
    11 -0.002360 -1.019903 24.031330 0.389594 -0.042695 -0.017219
    12 0.000000 -0.000002 13.404737 0.000001 0.000005 -0.114755
    13 -0.061540 -5.245835 72.927078 0.000000 0.000000 0.000000
    14 1.134171 -2.324741 -8.657517 -0.106754 -0.011369 -0.338885
    15 0.000000 -0.005608 -1.146812 -0.005928 0.001831 -0.003606
    16 0.030770 -0.240000 8.906021 -0.004138 0.000000 0.000000
    17 -0.003883 0.078983 0.081635 -0.043304 -0.023820 0.264646
    18 0.030770 -0.276858 8.905140 0.056125 0.004134 -0.000049
    19 0.658911 -1.022593 -0.122273 0.407352 0.236716 0.084203
    20 5.669724 4.435303 14.302868 5.676796 -1.030272 2.936635
    21 -1.044571 -2.839317 19.743267 -0.478364 0.032777 0.033852
    22 2.655533 -1.533369 24.792658 -1.144849 0.116358 -0.037101
    23 1.120163 -0.154394 9.796035 -0.011522 0.000985 -0.100236
    24 2.240311 -0.308786 19.592051 -0.082722 -0.445425 -0.211404
    25 0.683151 2.877354 14.167051 -0.689841 -0.157205 1.418245
    26 0.144936 -0.145374 7.579252 -0.559806 -0.142989 0.047384
    27 0.091660 -0.906685 4.702850 -0.394671 -0.060168 0.009540
    28 0.506271 8.500866 13.617253 -0.350795 0.031826 1.278855
    29 -0.384987 -0.460049 7.003448 -0.483913 -0.315271 0.119278
    30 0.561516 -0.596954 5.061852 -0.283433 -0.132388 0.022138
    31 -2.452171 -8.899406 11.597897 -1.090853 -0.145352 1.506489
    32 0.680496 -0.903999 6.074253 -0.917913 0.102943 0.014374
    33 0.245514 -0.661150 3.388004 -0.770192 0.109715 -0.041894
    34 -0.717484 -3.784271 13.043911 -0.985916 -0.125026 1.477799
    35 1.099216 -1.407745 8.017889 -0.839432 0.002192 0.004388
    36 0.068439 -0.807653 3.686054 -0.520791 0.001518 0.002736
    37 -4.004929 6.172707 4.754754 0.420221 0.798737 3.184744
    38 0.158352 -1.149811 5.804394 -0.448855 0.050276 0.114949
    39 -1.083523 -1.463142 5.544399 -0.382899 -0.092384 -0.084726
    40 -6.289886 0.932434 13.569063 -0.126803 0.612110 2.869610
    41 1.327774 -0.766687 12.396328 -0.008391 0.004425 -0.076743
    42 -0.096140 1.828087 23.185329 0.003515 -0.244436 -1.442433
    43 2.325478 -0.000003 6.169296 0.539814 -0.090582 1.752131
    44 0.000000 -3.152912 0.122169 2.412561 0.000000 0.000000
    45 1.068383 -10.478592 7.066338 0.292219 -1.282324 -3.141588
    46 0.000000 0.000000 2.279457 0.547137 -0.343566 0.107833
    47 2.479414 -8.323895 6.074242 -0.010894 -0.013274 1.511352
    48 0.000003 -5.075260 5.726475 0.000000 0.000000 0.000000
    49 -1.068383 -10.478611 7.065971 0.292219 1.282324 3.141588
    50 -0.000488 0.000015 2.279600 0.547136 0.343566 0.107835
    51 -2.479401 -8.323895 6.074234 0.006364 -0.015705 1.518016
    52 -5.790000 4.432083 14.255558 -5.778719 0.548694 -2.342205
    53 1.044540 -2.839314 19.743252 0.322420 0.011824 -0.112321
    54 -2.655510 -1.533379 24.792648 -1.223389 -0.124840 0.046860
    55 -1.120216 -0.154385 9.795983 -0.063979 0.009474 0.567959
    56 -2.240372 -0.308788 19.592047 0.032146 0.433509 1.183057
    57 -0.683205 2.877342 14.167089 0.014671 0.060057 -1.190228
    58 -0.144958 -0.145317 7.579308 -0.484769 0.129103 0.023673
    59 -0.038551 -0.936644 4.697678 -0.372724 0.071436 -0.006477
    60 -0.506317 8.500896 13.617329 0.083325 -0.297402 -1.295928
    61 0.385056 -0.460075 7.003435 -0.293723 0.263816 0.061901
    62 -0.456360 -0.710276 5.057732 -0.221211 0.137676 -0.007022
    63 2.452194 -8.899408 11.597939 -0.622649 0.570672 -1.452291
    64 -0.680515 -0.903999 6.074242 -0.643422 -0.070208 -0.019767
    65 -0.248295 -0.666843 3.386627 -0.313590 -0.099987 0.005831
    66 0.717491 -3.784309 13.044010 -0.175006 0.318866 -1.364077
    67 -1.099228 -1.407673 8.017876 -0.576460 0.009682 0.001758
    68 -0.064053 -0.807640 3.686100 -0.424001 0.002512 -0.006790
    69 4.004906 6.172710 4.754800 0.657222 -1.216074 -2.977918
    70 -0.158381 -1.149773 5.804405 -0.306601 0.002946 0.135817
    71 1.078559 -2.386406 5.215008 -0.352359 0.162787 0.091694
    72 6.289963 0.932404 13.569109 -0.126801 -0.612098 -2.869612
    73 -1.327759 -0.766682 12.396324 -0.020323 -0.009411 0.181363
    74 0.000017 -54.999996 0.000000 0.000000 0.000000 -1.570796
  time 15
    0 0.000000 0.000000 -1.500000 0.000000 0.000000 0.000000
    1 -10.521344 -5.760963 66.994621 3.097005 -0.050653 -3.139334
    2 -1.378577 1.275284 7.842832 -0.016911 0.365793 0.432451
    3 -0.000034 0.000012 24.761454 -0.597515 -0.069416 0.131933
    4 0.000017 0.000000 24.344809 1.465976 -0.343681 -0.101276
    5 0.002333 -1.019846 24.031336 0.389660 -0.042710 0.017201
    6 0.000034 0.000008 13.404741 -0.000001 -0.000009 0.060219
    7 10.398263 -5.760962 66.994675 3.097005 0.050653 3.139334
    8 0.839703 -6.383377 6.463494 0.600446 -0.435048 0.217075
    9 -0.000004 -0.000006 24.761459 -0.921411 0.106959 -0.332469
    10 -0.000007 0.000004 24.344891 1.204333 0.172899 0.029372
    11 -0.002360 -1.019903 24.031330 0.390976 -0.040370 -0.015565
    12 0.000000 -0.000002 13.404737 0.000001 0.000005 -0.131351
    13 -0.061540 -5.245835 72.927078 0.000000 0.000000 0.000000
    14 0.458369 -1.381440 -7.418307 -0.138246 -0.052402 -0.372575
    15 0.000000 -0.005608 -1.146812 -0.005928 0.001831 -0.003606
    16 0.030770 -0.240000 8.906021 -0.004138 0.000000 0.000000
    17 0.050806 -0.014770 0.046478 -0.017335 -0.018110 0.274070
    18 0.030770 -0.276858 8.905140 0.056125 0.004134 -0.000049
    19 0.572971 -0.702271 -0.055865 0.277562 0.211290 0.055679
    20 5.669724 4.435303 14.302868 -0.381181 -0.818724 2.843293
    21 -1.044571 -2.839317 19.743267 -0.596360 0.016287 0.010219
    22 2.655533 -1.533369 24.792658 -1.266620 0.131421 -0.112554
    23 1.120163 -0.154394 9.796035 -0.029296 0.000266 -0.254386
    24 2.240311 -0.308786 19.592051 -0.199351 -0.459699 -0.498154
    25 0.683151 2.877354 14.167051 -0.744040 -0.164097 1.425451
    26 0.144936 -0.145374 7.579252 -0.618306 -0.152613 0.052705
    27 0.091660 -0.906685 4.702850 -0.452500 -0.070643 0.014070
    28 0.506271 8.500866 13.617253 -0.378215 0.019941 1.280951
    29 -0.384987 -0.460049 7.003448 -0.532287 -0.329593 0.131095
    30 0.561516 -0.596954 5.061852 -0.320669 -0.146374 0.027723
    31 -2.452171 -8.899406 11.597897 -0.961294 -0.241748 1.503617
    32 0.680496 -0.903999 6.074253 -0.917913 0.102943 0.014374
    33 0.245514 -0.661150 3.388004 -0.770192 0.109715 -0.041894
    34 -0.717484 -3.784271 13.043911 -0.979301 -0.126093 1.477599
    35 1.099216 -1.407745 8.017889 -0.878433 0.003762 0.004113
    36 0.068439 -0.807653 3.686054 -0.562298 0.003112 0.002844
    37 -4.004929 6.172707 4.754754 0.436164 0.815813 3.160249
    38 0.158352 -1.149811 5.804394 -0.459831 0.047106 -0.015503
    39 -1.083523 -1.463142 5.544399 -0.424021 -0.083587 -0.123413
    40 -6.289886 0.932434 13.569063 -0.126803 0.612110 2.869610
    41 1.327774 -0.766687 12.396328 -0.010441 0.005384 -0.095072
    42 -0.096140 1.828087 23.185329 -0.016380 -0.266105 -1.498288
    43 2.325478 -0.000003 6.169296 0.473298 -0.090061 1.736126
    44 0.000000 -3.152912 0.122169 2.380272 0.000000 0.000000
    45 1.068383 -10.478592 7.066338 0.292219 -1.282324 -3.141588
    46 0.000000 0.000000 2.279457 0.547137 -0.343566 0.107833
    47 2.479414 -8.323895 6.074242 -0.011030 -0.025201 1.507723
    48 0.000003 -5.075260 5.800696 0.000000 0.000000 0.000000
    49 -1.068383 -10.478611 7.065971 0.292219 1.282324 3.141588
    50 -0.000488 0.000015 2.279600 0.547136 0.343566 0.107835
    51 -2.479401 -8.323895 6.074234 0.006203 -0.026809 1.513992
    52 -5.790000 4.432083 14.255558 -5.710181 0.538600 -2.347379
    53 1.044540 -2.839314 19.743252 0.344293 -0.013614 -0.117927
    54 -2.655510 -1.533379 24.792648 -1.037688 -0.113165 0.189081
    55 -1.120216 -0.154385 9.795983 -0.068785 0.011811 0.614097
    56 -2.240372 -0.308788 19.592047 0.039019 0.423311 1.273960
    57 -0.683205 2.877342 14.167089 0.075552 0.055401 -1.212620
    58 -0.144958 -0.145317 7.579308 -0.520788 0.135994 0.020293
    59 -0.038551 -0.936644 4.697678 -0.423366 0.085494 -0.009366
    60 -0.506317 8.500896 13.617329 0.159804 -0.353491 -1.321133
    61 0.385056 -0.460075 7.003435 -0.288327 0.263111 0.059604
    62 -0.456360 -0.710276 5.057732 -0.235931 0.147939 -0.009041
    63 2.452194 -8.899408 11.597939 -0.675471 0.599087 -1.496454
    64 -0.680515 -0.903999 6.074242 -0.708531 -0.075553 -0.019048
    65 -0.248295 -0.666843 3.386627 -0.277246 -0.100071 0.001780
    66 0.717491 -3.784309 13.044010 -0.170871 0.373947 -1.388359
    67 -1.099228 -1.407673 8.017876 -0.690441 0.005535 0.001507
    68 -0.064053 -0.807640 3.686100 -0.487757 0.000463 -0.007030
    69 4.004906 6.172710 4.754800 0.953042 -1.303486 -3.245038
    70 -0.158381 -1.149773 5.804405 -0.301474 -0.035005 0.117386
    71 1.078559 -2.386406 5.215008 -0.331434 0.152157 0.087602
    72 6.289963 0.932404 13.569109 -0.126801 -0.612098 -2.869612
    73 -1.327759 -0.766682 12.396324 -0.027502 -0.011724 0.242340
    74 0.000017 -54.999996 0.000000 0.000000 0.000000 -1.570796
  time 16
    0 0.000000 0.000000 -1.500000 0.000000 0.000000 0.000000
    1 -10.521344 -5.760963 66.994621 3.097005 -0.050653 -3.139334
    2 -0.886374 2.527537 7.080398 0.006591 0.341827 0.473869
    3 -0.000034 0.000012 24.761454 -0.574588 -0.066755 0.107991
    4 0.000017 0.000000 24.344809 1.431577 -0.320073 -0.089652
    5 0.002333 -1.019846 24.031336 0.389660 -0.042710 0.017201
    6 0.000034 0.000008 13.404741 -0.000001 -0.000009 0.049377
    7 10.398263 -5.760962 66.994675 3.097005 0.050653 3.139334
    8 1.472535 -5.546589 4.597640 0.548151 -0.424329 0.261056
    9 -0.000004 -0.000006 24.761459 -0.811966 0.094267 -0.353715
    10 -0.000007 0.000004 24.344891 1.107201 0.162944 -0.015860
    11 -0.002360 -1.019903 24.031330 0.395793 -0.034653 -0.011479
    12 0.000000 -0.000002 13.404737 0.000001 0.000005 -0.151446
    13 -0.061540 -5.245835 72.927078 0.000000 0.000000 0.000000
    14 -0.287747 -0.135351 -6.134034 -0.169002 -0.101676 -0.397977
    15 0.000000 -0.005608 -1.146812 -0.005928 0.001831 -0.003606
    16 0.030770 -0.240000 8.906021 -0.004138 0.000000 0.000000
    17 0.101589 -0.135867 0.007414 0.016377 -0.010412 0.279182
    18 0.030770 -0.276858 8.905140 0.056125 0.004134 -0.000049
    19 0.404997 -0.292102 -0.012895 0.118997 0.155232 0.029793
    20 5.669724 4.435303 14.302868 -0.223937 -0.675178 2.808122
    21 -1.044571 -2.839317 19.743267 -0.706626 0.000580 -0.011552
    22 2.655533 -1.533369 24.792658 -1.272435 0.133957 -0.169407
    23 1.120163 -0.154394 9.796035 -0.039794 -0.001436 -0.346794
    24 2.240311 -0.308786 19.592051 -0.278990 -0.516243 -0.650510
    25 0.683151 2.877354 14.167051 -0.738005 -0.163353 1.424639
    26 0.144936 -0.145374 7.579252 -0.663656 -0.159876 0.057211
    27 0.091660 -0.906685 4.702850 -0.497464 -0.078552 0.018001
    28 0.506271 8.500866 13.617253 -0.396001 0.012295 1.282461
    29 -0.384987 -0.460049 7.003448 -0.572623 -0.340978 0.141474
    30 0.561516 -0.596954 5.061852 -0.361226 -0.161283 0.034362
    31 -2.452171 -8.899406 11.597897 -0.760904 -0.455810 1.493255
    32 0.680496 -0.903999 6.074253 -0.917913 0.102943 0.014374
    33 0.245514 -0.661150 3.388004 -0.770192 0.109715 -0.041894
    34 -0.717484 -3.784271 13.043911 -0.870298 -0.150517 1.497299
    35 1.099216 -1.407745 8.017889 -0.882896 0.004349 0.004880
    36 0.068439 -0.807653 3.686054 -0.575624 0.003783 0.003815
    37 -4.004929 6.172707 4.754754 0.488588 0.874030 3.155560
    38 0.158352 -1.149811 5.804394 -0.451821 0.035497 -0.084522
    39 -1.083523 -1.463142 5.544399 -0.460958 -0.081729 -0.138219
    40 -6.289886 0.932434 13.569063 -0.126803 0.612110 2.869610
    41 1.327774 -0.766687 12.396328 -0.012550 0.006331 -0.113652
    42 -0.096140 1.828087 23.185329 -0.026328 -0.323115 -1.599268
    43 2.325478 -0.000003 6.169296 0.349959 -0.081351 1.717726
    44 0.000000 -3.152912 0.122169 2.317354 0.000000 0.000000
    45 1.068383 -10.478592 7.066338 0.292219 -1.282324 -3.141588
    46 0.000000 0.000000 2.279457 0.547137 -0.343566 0.107833
    47 2.479414 -8.323895 6.074242 -0.010296 -0.057181 1.526920
    48 0.000003 -5.075260 5.796789 0.000000 0.000000 0.000000
    49 -1.068383 -10.478611 7.065971 0.292219 1.282324 3.141588
    50 -0.000488 0.000015 2.279600 0.547136 0.343566 0.107835
    51 -2.479401 -8.323895 6.074234 0.006966 -0.057664 1.532579
    52 -5.790000 4.432083 14.255558 -5.708839 0.547406 -2.315377
    53 1.044540 -2.839314 19.743252 0.305945 -0.035279 -0.125085
    54 -2.655510 -1.533379 24.792648 -0.932608 -0.106953 0.266856
    55 -1.120216 -0.154385 9.795983 -0.069276 0.012062 0.618994
    56 -2.240372 -0.308788 19.592047 0.002744 0.398361 1.266399
    57 -0.683205 2.877342 14.167089 0.097232 0.050884 -1.235986
    58 -0.144958 -0.145317 7.579308 -0.577568 0.151933 0.015260
    59 -0.038551 -0.936644 4.697678 -0.480714 0.100607 -0.013476
    60 -0.506317 8.500896 13.617329 0.209432 -0.401954 -1.344407
    61 0.385056 -0.460075 7.003435 -0.299680 0.269457 0.057092
    62 -0.456360 -0.710276 5.057732 -0.263671 0.163140 -0.010585
    63 2.452194 -8.899408 11.597939 -0.747359 0.610681 -1.521169
    64 -0.680515 -0.903999 6.074242 -0.798702 -0.085644 -0.018988
    65 -0.248295 -0.666843 3.386627 -0.291484 -0.103954 0.000546
    66 0.717491 -3.784309 13.044010 -0.221337 0.400996 -1.409814
    67 -1.099228 -1.407673 8.017876 -0.798650 0.002048 0.001435
    68 -0.064053 -0.807640 3.686100 -0.562261 -0.002522 -0.007222
    69 4.004906 6.172710 4.754800 1.266330 -1.355248 -3.537536
    70 -0.158381 -1.149773 5.804405 -0.306532 -0.054665 0.106954
    71 1.078559 -2.386406 5.215008 -0.328519 0.152494 0.088990
    72 6.289963 0.932404 13.569109 -0.126801 -0.612098 -2.869612
    73 -1.327759 -0.766682 12.396324 -0.030139 -0.012455 0.264640
    74 0.000017 -54.999996 0.000000 0.000000 0.000000 -1.570796
  time 17
    0 0.000000 0.000000 -1.500000 0.000000 0.000000 0.000000
    1 -10.521344 -5.760963 66.994621 3.097005 -0.050653 -3.139334
    2 -0.308232 3.865729 6.519784 0.036651 0.317138 0.507379
    3 -0.000034 0.000012 24.761454 -0.573897 -0.066684 0.090482
    4 0.000017 0.000000 24.344809 1.409754 -0.292798 -0.080534
    5 0.002333 -1.019846 24.031336 0.389585 -0.042710 0.017213
    6 0.000034 0.000008 13.404741 -0.000001 -0.000009 0.039758
    7 10.398263 -5.760962 66.994675 3.097005 0.050653 3.139334
    8 2.214745 -4.522460 3.158909 0.523411 -0.420086 0.295053
    9 -0.000004 -0.000006 24.761459 -0.738215 0.085722 -0.374135
    10 -0.000007 0.000004 24.344891 1.015103 0.145790 -0.064371
    11 -0.002360 -1.019903 24.031330 0.404780 -0.027487 -0.006349
    12 0.000000 -0.000002 13.404737 0.000001 0.000005 -0.167484
    13 -0.061540 -5.245835 72.927078 0.000000 0.000000 0.000000
    14 -1.084647 1.180613 -5.165197 -0.186477 -0.139285 -0.419476
    15 0.000000 -0.005608 -1.146812 -0.005928 0.001831 -0.003606
    16 0.030770 -0.240000 8.906021 -0.004138 0.000000 0.000000
    17 0.132840 -0.221807 -0.016024 0.041987 -0.003246 0.271674
    18 0.030770 -0.276858 8.905140 0.056125 0.004134 -0.000049
    19 0.233117 0.055565 -0.001176 -0.008433 0.092305 0.021415
    20 5.669724 4.435303 14.302868 -0.033578 -0.623348 2.736151
    21 -1.044571 -2.839317 19.743267 -0.660446 -0.016171 0.002351
    22 2.655533 -1.533369 24.792658 -1.113951 0.119624 -0.199007
    23 1.120163 -0.154394 9.796035 -0.039135 -0.001304 -0.340861
    24 2.240311 -0.308786 19.592051 -0.324771 -0.520387 -0.621550
    25 0.683151 2.877354 14.167051 -0.632021 -0.135669 1.424864
    26 0.144936 -0.145374 7.579252 -0.682010 -0.161781 0.059009
    27 0.091660 -0.906685 4.702850 -0.522601 -0.081944 0.020470
    28 0.506271 8.500866 13.617253 -0.389207 0.015195 1.281876
    29 -0.384987 -0.460049 7.003448 -0.588416 -0.345341 0.145656
    30 0.561516 -0.596954 5.061852 -0.398247 -0.174562 0.040954
    31 -2.452171 -8.899406 11.597897 -0.568515 -0.705464 1.486893
    32 0.680496 -0.903999 6.074253 -0.917913 0.102943 0.014374
    33 0.245514 -0.661150 3.388004 -0.770192 0.109715 -0.041894
    34 -0.717484 -3.784271 13.043911 -0.683335 -0.196274 1.542769
    35 1.099216 -1.407745 8.017889 -0.893490 0.005752 0.006665
    36 0.068439 -0.807653 3.686054 -0.570720 0.004011 0.006068
    37 -4.004929 6.172707 4.754754 0.630819 1.013718 3.195652
    38 0.158352 -1.149811 5.804394 -0.448092 -0.004393 -0.077248
    39 -1.083523 -1.463142 5.544399 -0.489942 -0.087889 -0.117184
    40 -6.289886 0.932434 13.569063 -0.126803 0.612110 2.869610
    41 1.327774 -0.766687 12.396328 -0.014240 0.007050 -0.128516
    42 -0.096140 1.828087 23.185329 -0.024581 -0.356351 -1.654756
    43 2.325478 -0.000003 6.169296 0.257085 -0.076938 1.706870
    44 0.000000 -3.152912 0.122169 2.192592 0.000000 0.000000
    45 1.068383 -10.478592 7.066338 0.292219 -1.282324 -3.141588
    46 0.000000 0.000000 2.279457 0.547137 -0.343566 0.107833
    47 2.479414 -8.323895 6.074242 -0.010323 -0.075073 1.525965
    48 0.000003 -5.075260 5.800696 0.000000 0.000000 0.000000
    49 -1.068383 -10.478611 7.065971 0.292219 1.282324 3.141588
    50 -0.000488 0.000015 2.279600 0.547136 0.343566 0.107835
    51 -2.479401 -8.323895 6.074234 0.006946 -0.075099 1.531333
    52 -5.790000 4.432083 14.255558 -5.727052 0.577686 -2.243995
    53 1.044540 -2.839314 19.743252 0.286633 -0.084926 -0.137903
    54 -2.655510 -1.533379 24.792648 -0.845897 -0.102125 0.327440
    55 -1.120216 -0.154385 9.795983 -0.069636 0.012254 0.622558
    56 -2.240372 -0.308788 19.592047 -0.045519 0.348016 1.252137
    57 -0.683205 2.877342 14.167089 0.065356 0.044318 -1.253132
    58 -0.144958 -0.145317 7.579308 -0.660014 0.179749 0.007602
    59 -0.038551 -0.936644 4.697678 -0.541760 0.115623 -0.018857
    60 -0.506317 8.500896 13.617329 0.217955 -0.440895 -1.357571
    61 0.385056 -0.460075 7.003435 -0.336285 0.285967 0.054014
    62 -0.456360 -0.710276 5.057732 -0.310455 0.185068 -0.011989
    63 2.452194 -8.899408 11.597939 -0.848743 0.603966 -1.522622
    64 -0.680515 -0.903999 6.074242 -0.931075 -0.102722 -0.018629
    65 -0.248295 -0.666843 3.386627 -0.368918 -0.112751 0.002811
    66 0.717491 -3.784309 13.044010 -0.334424 0.399498 -1.428379
    67 -1.099228 -1.407673 8.017876 -0.911903 -0.001907 0.002010
    68 -0.064053 -0.807640 3.686100 -0.656911 -0.005793 -0.007078
    69 4.004906 6.172710 4.754800 1.391389 -1.383167 -3.654028
    70 -0.158381 -1.149773 5.804405 -0.322472 -0.045246 0.105137
    71 1.078559 -2.386406 5.215008 -0.353554 0.169648 0.098855
    72 6.289963 0.932404 13.569109 -0.126801 -0.612098 -2.869612
    73 -1.327759 -0.766682 12.396324 -0.032524 -0.013066 0.284580
    74 0.000017 -54.999996 0.000000 0.000000 0.000000 -1.570796
  time 18
    0 0.000000 0.000000 -1.500000 0.000000 0.000000 0.000000
    1 -10.521344 -5.760963 66.994621 3.097005 -0.050653 -3.139334
    2 0.656641 5.510846 6.138567 0.082084 0.285267 0.538093
    3 -0.000034 0.000012 24.761454 -0.609995 -0.070866 0.076679
    4 0.000017 0.000000 24.344809 1.407966 -0.253572 -0.071719
    5 0.002333 -1.019846 24.031336 0.389660 -0.042710 0.017201
    6 0.000034 0.000008 13.404741 -0.000001 -0.000009 0.029127
    7 10.398263 -5.760962 66.994675 3.097005 0.050653 3.139334
    8 3.390562 -3.236055 2.012420 0.510785 -0.430182 0.323934
    9 -0.000004 -0.000006 24.761459 -0.675738 0.078508 -0.392079
    10 -0.000007 0.000004 24.344891 0.915970 0.133769 -0.108720
    11 -0.002360 -1.019903 24.031330 0.418860 -0.020775 -0.001483
    12 0.000000 -0.000002 13.404737 0.000001 0.000005 -0.179614
    13 -0.061540 -5.245835 72.927078 0.000000 0.000000 0.000000
    14 -2.272183 2.717844 -4.376608 -0.190221 -0.162340 -0.438934
    15 0.000000 -0.005608 -1.146812 -0.006758 -0.004944 -0.008307
    16 0.030770 -0.240000 8.906021 -0.004138 0.000000 0.000000
    17 0.125027 -0.253058 -0.016024 0.052741 -0.001487 0.258376
    18 0.030770 -0.276858 8.905140 0.056125 0.004134 -0.000049
    19 0.112019 0.274322 -0.008988 -0.092077 0.048117 0.023141
    20 5.669724 4.435303 14.302868 0.229517 -0.606542 2.619426
    21 -1.044571 -2.839317 19.743267 -0.466769 -0.042107 0.044963
    22 2.655533 -1.533369 24.792658 -0.859647 0.100795 -0.243971
    23 1.120163 -0.154394 9.796035 -0.033826 -0.000345 -0.293950
    24 2.240311 -0.308786 19.592051 -0.361283 -0.478946 -0.519755
    25 0.683151 2.877354 14.167051 -0.451103 -0.075782 1.438164
    26 0.144936 -0.145374 7.579252 -0.682335 -0.159564 0.058745
    27 0.091660 -0.906685 4.702850 -0.536887 -0.082124 0.022100
    28 0.506271 8.500866 13.617253 -0.349004 0.073306 1.284803
    29 -0.384987 -0.460049 7.003448 -0.552384 -0.335321 0.136225
    30 0.561516 -0.596954 5.061852 -0.422595 -0.183155 0.045556
    31 -2.452171 -8.899406 11.597897 -0.453081 -0.912735 1.499939
    32 0.680496 -0.903999 6.074253 -0.917913 0.102943 0.014374
    33 0.245514 -0.661150 3.388004 -0.770192 0.109715 -0.041894
    34 -0.717484 -3.784271 13.043911 -0.479307 -0.246190 1.592526
    35 1.099216 -1.407745 8.017889 -0.906141 0.007406 0.008835
    36 0.068439 -0.807653 3.686054 -0.564750 0.004299 0.008740
    37 -4.004929 6.172707 4.754754 0.940141 1.219493 3.345491
    38 0.158352 -1.149811 5.804394 -0.467289 -0.070568 -0.019494
    39 -1.083523 -1.463142 5.544399 -0.515420 -0.097980 -0.070473
    40 -6.289886 0.932434 13.569063 -0.126803 0.612110 2.869610
    41 1.327774 -0.766687 12.396328 -0.017475 0.008332 -0.156938
    42 -0.096140 1.828087 23.185329 -0.024581 -0.356351 -1.654756
    43 2.325478 -0.000003 6.169296 0.212199 -0.075954 1.703597
    44 0.000000 -3.152912 0.122169 2.037250 0.000000 0.000000
    45 1.068383 -10.478592 7.066338 0.292219 -1.282324 -3.141588
    46 0.000000 0.000000 2.279457 0.547137 -0.343566 0.107833
    47 2.479414 -8.323895 6.074242 -0.011084 -0.075026 1.507532
    48 0.000003 -5.075260 5.800696 0.000000 0.000000 0.000000
    49 -1.068383 -10.478611 7.065971 0.292219 1.282324 3.141588
    50 -0.000488 0.000015 2.279600 0.547136 0.343566 0.107835
    51 -2.479401 -8.323895 6.074234 0.006183 -0.075005 1.512938
    52 -5.790000 4.432083 14.255558 -5.744306 0.602110 -2.171175
    53 1.044540 -2.839314 19.743252 0.280288 -0.121769 -0.147211
    54 -2.655510 -1.533379 24.792648 -0.774284 -0.098333 0.364396
    55 -1.120216 -0.154385 9.795983 -0.069911 0.012410 0.625251
    56 -2.240372 -0.308788 19.592047 -0.091187 0.286384 1.241654
    57 -0.683205 2.877342 14.167089 -0.035519 0.035304 -1.267675
    58 -0.144958 -0.145317 7.579308 -0.784746 0.224068 -0.006097
    59 -0.038551 -0.936644 4.697678 -0.615627 0.132498 -0.026683
    60 -0.506317 8.500896 13.617329 0.170514 -0.467850 -1.353348
    61 0.385056 -0.460075 7.003435 -0.407294 0.315203 0.048456
    62 -0.456360 -0.710276 5.057732 -0.382502 0.215146 -0.014727
    63 2.452194 -8.899408 11.597939 -0.979902 0.583102 -1.509729
    64 -0.680515 -0.903999 6.074242 -1.105058 -0.125577 -0.015489
    65 -0.248295 -0.666843 3.386627 -0.492854 -0.124676 0.008252
    66 0.717491 -3.784309 13.044010 -0.497778 0.381713 -1.448507
    67 -1.099228 -1.407673 8.017876 -1.046731 -0.006293 0.003053
    68 -0.064053 -0.807640 3.686100 -0.774688 -0.010192 -0.006527
    69 4.004906 6.172710 4.754800 1.233729 -1.406237 -3.500207
    70 -0.158381 -1.149773 5.804405 -0.349958 -0.007569 0.110998
    71 1.078559 -2.386406 5.215008 -0.406680 0.204783 0.116137
    72 6.289963 0.932404 13.569109 -0.126801 -0.612098 -2.869612
    73 -1.327759 -0.766682 12.396324 -0.033758 -0.013330 0.294805
    74 0.000017 -54.999996 0.000000 0.000000 0.000000 -1.570796
  time 19
    0 0.000000 0.000000 -1.500000 0.000000 0.000000 0.000000
    1 -10.521344 -5.760963 66.994621 3.097005 -0.050653 -3.139334
    2 1.973088 7.413779 5.847048 0.128745 0.243458 0.565049
    3 -0.000034 0.000012 24.761454 -0.653614 -0.075936 0.066580
    4 0.000017 0.000000 24.344809 1.410432 -0.205382 -0.058863
    5 0.002333 -1.019846 24.031336 0.389660 -0.042698 0.017213
    6 0.000034 0.000008 13.404741 -0.000001 -0.000009 0.019973
    7 10.398263 -5.760962 66.994675 3.097005 0.050653 3.139334
    8 4.949203 -1.624926 0.843451 0.478538 -0.442217 0.355373
    9 -0.000004 -0.000006 24.761459 -0.566183 0.065816 -0.401661
    10 -0.000007 0.000004 24.344891 0.782567 0.130303 -0.146239
    11 -0.002360 -1.019903 24.031330 0.438771 -0.016449 0.001681
    12 0.000000 -0.000002 13.404737 0.000001 0.000005 -0.187751
    13 -0.061540 -5.245835 72.927078 0.000000 0.000000 0.000000
    14 -3.850356 4.511281 -3.588020 -0.190125 -0.180749 -0.452926
    15 0.000000 -0.005608 -1.146812 -0.008608 -0.019830 -0.018634
    16 0.030770 -0.240000 8.906021 -0.004138 0.000000 0.000000
    17 0.082057 -0.217901 -0.008211 0.050636 -0.004335 0.245398
    18 0.030770 -0.276858 8.905140 0.056125 0.004134 -0.000049
    19 0.037798 0.454015 -0.028520 -0.159670 0.021436 0.026605
    20 5.669724 4.435303 14.302868 0.469547 -0.598261 2.506917
    21 -1.044571 -2.839317 19.743267 -0.262624 -0.073417 0.077422
    22 2.655533 -1.533369 24.792658 -0.608034 0.088729 -0.297670
    23 1.120163 -0.154394 9.796035 -0.028361 0.000374 -0.246280
    24 2.240311 -0.308786 19.592051 -0.359673 -0.425626 -0.430423
    25 0.683151 2.877354 14.167051 -0.256305 -0.003695 1.461930
    26 0.144936 -0.145374 7.579252 -0.685355 -0.157359 0.058721
    27 0.091660 -0.906685 4.702850 -0.550440 -0.081704 0.023742
    28 0.506271 8.500866 13.617253 -0.295152 0.197986 1.293586
    29 -0.384987 -0.460049 7.003448 -0.476087 -0.312886 0.117445
    30 0.561516 -0.596954 5.061852 -0.438911 -0.188812 0.048744
    31 -2.452171 -8.899406 11.597897 -0.451612 -1.011143 1.521870
    32 0.680496 -0.903999 6.074253 -0.917913 0.102943 0.014374
    33 0.245514 -0.661150 3.388004 -0.770192 0.109715 -0.041894
    34 -0.717484 -3.784271 13.043911 -0.321888 -0.286231 1.631819
    35 1.099216 -1.407745 8.017889 -0.916735 0.008808 0.010620
    36 0.068439 -0.807653 3.686054 -0.575020 0.005102 0.011005
    37 -4.004929 6.172707 4.754754 1.705970 1.395534 3.926575
    38 0.158352 -1.149811 5.804394 -0.496742 -0.144037 0.063212
    39 -1.083523 -1.463142 5.544399 -0.542887 -0.109174 -0.016220
    40 -6.289886 0.932434 13.569063 -0.126803 0.612110 2.869610
    41 1.327774 -0.766687 12.396328 -0.021023 0.009639 -0.187369
    42 -0.096140 1.828087 23.185329 -0.024581 -0.356351 -1.654756
    43 2.325478 -0.000003 6.169296 0.173378 -0.075173 1.700803
    44 0.000000 -3.152912 0.122169 1.961052 0.000000 0.000000
    45 1.068383 -10.478592 7.066338 0.292219 -1.282324 -3.141588
    46 0.000000 0.000000 2.279457 0.547137 -0.343566 0.107833
    47 2.479414 -8.323895 6.074242 -0.011410 -0.076529 1.500369
    48 0.000003 -5.075260 5.800696 0.000000 0.000000 0.000000
    49 -1.068383 -10.478611 7.065971 0.292219 1.282324 3.141588
    50 -0.000488 0.000015 2.279600 0.547136 0.343566 0.107835
    51 -2.479401 -8.323895 6.074234 0.005882 -0.076375 1.505561
    52 -5.790000 4.432083 14.255558 -5.751304 0.594716 -2.140035
    53 1.044540 -2.839314 19.743252 0.253462 -0.108499 -0.143074
    54 -2.655510 -1.533379 24.792648 -0.713591 -0.095097 0.364245
    55 -1.120216 -0.154385 9.795983 -0.070163 0.012542 0.627536
    56 -2.240372 -0.308788 19.592047 -0.121810 0.228514 1.239592
    57 -0.683205 2.877342 14.167089 -0.196038 0.024639 -1.288810
    58 -0.144958 -0.145317 7.579308 -0.954597 0.281163 -0.029562
    59 -0.038551 -0.936644 4.697678 -0.708035 0.152165 -0.038260
    60 -0.506317 8.500896 13.617329 0.041540 -0.479084 -1.330523
    61 0.385056 -0.460075 7.003435 -0.534591 0.362548 0.033740
    62 -0.456360 -0.710276 5.057732 -0.498127 0.258377 -0.023433
    63 2.452194 -8.899408 11.597939 -1.123280 0.553827 -1.485466
    64 -0.680515 -0.903999 6.074242 -1.298714 -0.150110 -0.008094
    65 -0.248295 -0.666843 3.386627 -0.642227 -0.137068 0.016497
    66 0.717491 -3.784309 13.044010 -0.689479 0.350793 -1.465460
    67 -1.099228 -1.407673 8.017876 -1.191141 -0.010895 0.004934
    68 -0.064053 -0.807640 3.686100 -0.905408 -0.014782 -0.005280
    69 4.004906 6.172710 4.754800 0.856669 -1.417083 -3.135259
    70 -0.158381 -1.149773 5.804405 -0.387036 0.047687 0.121869
    71 1.078559 -2.386406 5.215008 -0.478104 0.253151 0.136013
    72 6.289963 0.932404 13.569109 -0.126801 -0.612098 -2.869612
    73 -1.327759 -0.766682 12.396324 -0.032715 -0.013090 0.286246
    74 0.000017 -54.999996 0.000000 0.000000 0.000000 -1.570796
  time 20
    0 0.000000 0.000000 -1.500000 0.000000 0.000000 0.000000
    1 -10.521344 -5.760963 66.994621 3.097005 -0.050653 -3.139334
    2 3.191875 9.157112 5.555529 0.160104 0.202903 0.581783
    3 -0.000034 0.000012 24.761454 -0.677110 -0.078632 0.063038
    4 0.000017 0.000000 24.344809 1.405069 -0.162285 -0.044711
    5 0.002333 -1.019846 24.031336 0.389660 -0.042710 0.017201
    6 0.000034 0.000008 13.404741 -0.000001 -0.000009 0.015353
    7 10.398263 -5.760962 66.994675 3.097005 0.050653 3.139334
    8 6.367215 -0.076244 -0.213117 0.445011 -0.448692 0.381118
    9 -0.000004 -0.000006 24.761459 -0.443814 0.051614 -0.400692
    10 -0.000007 0.000004 24.344891 0.636191 0.121526 -0.179112
    11 -0.002360 -1.019903 24.031330 0.467554 -0.013908 0.003466
    12 0.000000 -0.000002 13.404737 0.000001 0.000005 -0.190392
    13 -0.061540 -5.245835 72.927078 0.000000 0.000000 0.000000
    14 -5.299619 6.188261 -2.889556 -0.188045 -0.194392 -0.460553
    15 0.000000 -0.005608 -1.146812 -0.010426 -0.034715 -0.028933
    16 0.030770 -0.240000 8.906021 -0.004138 0.000000 0.000000
    17 0.015649 -0.128054 0.007414 0.037463 -0.008032 0.231501
    18 0.030770 -0.276858 8.905140 0.056125 0.004134 -0.000049
    19 -0.028610 0.582925 -0.040239 -0.214682 -0.004484 0.032897
    20 5.669724 4.435303 14.302868 0.589370 -0.589206 2.456509
    21 -1.044571 -2.839317 19.743267 -0.143356 -0.093873 0.088815
    22 2.655533 -1.533369 24.792658 -0.455972 0.084924 -0.335033
    23 1.120163 -0.154394 9.796035 -0.027438 0.000482 -0.238244
    24 2.240311 -0.308786 19.592051 -0.308974 -0.394637 -0.429236
    25 0.683151 2.877354 14.167051 -0.106984 0.056168 1.487294
    26 0.144936 -0.145374 7.579252 -0.712027 -0.159193 0.061346
    27 0.091660 -0.906685 4.702850 -0.573471 -0.083286 0.026342
    28 0.506271 8.500866 13.617253 -0.255999 0.345449 1.299657
    29 -0.384987 -0.460049 7.003448 -0.400466 -0.289097 0.100582
    30 0.561516 -0.596954 5.061852 -0.460510 -0.196243 0.053118
    31 -2.452171 -8.899406 11.597897 -0.546795 -1.000288 1.521844
    32 0.680496 -0.903999 6.074253 -0.967204 0.108384 0.014110
    33 0.245514 -0.661150 3.388004 -0.786648 0.111956 -0.041882
    34 -0.717484 -3.784271 13.043911 -0.278190 -0.306688 1.650228
    35 1.099216 -1.407745 8.017889 -0.921159 0.009395 0.011363
    36 0.068439 -0.807653 3.686054 -0.618624 0.006935 0.012012
    37 -4.004929 6.172707 4.754754 2.890114 1.391590 4.952108
    38 0.158352 -1.149811 5.804394 -0.523271 -0.208378 0.141471
    39 -1.083523 -1.463142 5.544399 -0.577940 -0.119565 0.027218
    40 -6.289886 0.932434 13.569063 -0.126803 0.612110 2.869610
    41 1.327774 -0.766687 12.396328 -0.023156 0.010370 -0.205748
    42 -0.096140 1.828087 23.185329 -0.024581 -0.356351 -1.654756
    43 2.325478 -0.000003 6.169296 0.139237 -0.074464 1.698328
    44 0.000000 -3.152912 0.122169 1.961052 0.000000 0.000000
    45 1.068383 -10.478592 7.066338 0.292219 -1.282324 -3.141588
    46 0.000000 0.000000 2.279457 0.547137 -0.343566 0.107833
    47 2.479414 -8.323895 6.074242 -0.011329 -0.071786 1.501324
    48 0.000003 -5.075260 5.796789 0.000000 0.000000 0.000000
    49 -1.068383 -10.478611 7.065971 0.292219 1.282324 3.141588
    50 -0.000488 0.000015 2.279600 0.547136 0.343566 0.107835
    51 -2.479401 -8.323895 6.074234 0.005922 -0.071508 1.506615
    52 -5.790000 4.432083 14.255558 -5.753700 0.564935 -2.145592
    53 1.044540 -2.839314 19.743252 0.212331 -0.063897 -0.131535
    54 -2.655510 -1.533379 24.792648 -0.657730 -0.092237 0.349174
    55 -1.120216 -0.154385 9.795983 -0.070462 0.012697 0.630692
    56 -2.240372 -0.308788 19.592047 -0.140596 0.174555 1.245607
    57 -0.683205 2.877342 14.167089 -0.393482 0.011705 -1.318088
    58 -0.144958 -0.145317 7.579308 -1.154037 0.340918 -0.063515
    59 -0.038551 -0.936644 4.697678 -0.810354 0.172335 -0.053277
    60 -0.506317 8.500896 13.617329 -0.162630 -0.473221 -1.303790
    61 0.385056 -0.460075 7.003435 -0.723573 0.421553 -0.001067
    62 -0.456360 -0.710276 5.057732 -0.661411 0.311547 -0.046338
    63 2.452194 -8.899408 11.597939 -1.262479 0.521880 -1.454722
    64 -0.680515 -0.903999 6.074242 -1.489351 -0.172341 0.003004
    65 -0.248295 -0.666843 3.386627 -0.795846 -0.147698 0.026457
    66 0.717491 -3.784309 13.044010 -0.888452 0.311615 -1.475927
    67 -1.099228 -1.407673 8.017876 -1.334318 -0.015150 0.007427
    68 -0.064053 -0.807640 3.686100 -1.037422 -0.019204 -0.003447
    69 4.004906 6.172710 4.754800 0.382257 -1.393302 -2.681490
    70 -0.158381 -1.149773 5.804405 -0.430636 0.116223 0.136579
    71 1.078559 -2.386406 5.215008 -0.563144 0.312210 0.154939
    72 6.289963 0.932404 13.569109 -0.126801 -0.612098 -2.869612
    73 -1.327759 -0.766682 12.396324 -0.030558 -0.012563 0.267971
    74 0.000017 -54.999996 0.000000 0.000000 0.000000 -1.570796
  time 21
    0 0.000000 0.000000 -1.500000 0.000000 0.000000 0.000000
    1 -10.521344 -5.760963 66.994621 3.097005 -0.050653 -3.139334
    2 3.875490 10.347980 5.219161 0.170625 0.176265 0.586894
    3 -0.000034 0.000012 24.761454 -0.669224 -0.077733 0.065359
    4 0.000017 0.000000 24.344809 1.387191 -0.136482 -0.035010
    5 0.002333 -1.019846 24.031336 0.389660 -0.042710 0.017201
    6 0.000034 0.000008 13.404741 -0.000001 -0.000009 0.015691
    7 10.398263 -5.760962 66.994675 3.097005 0.050653 3.139334
    8 7.132864 1.060289 -0.954962 0.443646 -0.452570 0.391680
    9 -0.000004 -0.000006 24.761459 -0.376882 0.043848 -0.393909
    10 -0.000007 0.000004 24.344891 0.519310 0.098684 -0.204313
    11 -0.002360 -1.019903 24.031330 0.505024 -0.011571 0.005300
    12 0.000000 -0.000002 13.404737 0.000001 0.000005 -0.188589
    13 -0.061540 -5.245835 72.927078 0.000000 0.000000 0.000000
    14 -6.096518 7.352830 -2.326278 -0.185869 -0.203132 -0.463676
    15 0.000000 -0.005608 -1.146812 -0.011223 -0.041491 -0.033580
    16 0.030770 -0.240000 8.906021 -0.004138 0.000000 0.000000
    17 -0.046853 0.000856 0.023040 0.017871 -0.010450 0.217085
    18 0.030770 -0.276858 8.905140 0.056125 0.004134 -0.000049
    19 -0.102831 0.676678 -0.059771 -0.257540 -0.028964 0.040770
    20 5.669724 4.435303 14.302868 0.614254 -0.578107 2.460534
    21 -1.044571 -2.839317 19.743267 -0.113417 -0.084741 0.091579
    22 2.655533 -1.533369 24.792658 -0.391962 0.084233 -0.356464
    23 1.120163 -0.154394 9.796035 -0.031549 -0.000009 -0.274082
    24 2.240311 -0.308786 19.592051 -0.230641 -0.362359 -0.517777
    25 0.683151 2.877354 14.167051 -0.063318 0.078028 1.499620
    26 0.144936 -0.145374 7.579252 -0.783397 -0.168780 0.069483
    27 0.091660 -0.906685 4.702850 -0.616008 -0.089327 0.031028
    28 0.506271 8.500866 13.617253 -0.256802 0.472722 1.295928
    29 -0.384987 -0.460049 7.003448 -0.364861 -0.277364 0.093272
    30 0.561516 -0.596954 5.061852 -0.501244 -0.209882 0.061759
    31 -2.452171 -8.899406 11.597897 -0.703441 -0.932054 1.503912
    32 0.680496 -0.903999 6.074253 -1.094457 0.122262 0.012157
    33 0.245514 -0.661150 3.388004 -0.829041 0.117624 -0.041894
    34 -0.717484 -3.784271 13.043911 -0.367791 -0.308294 1.648123
    35 1.099216 -1.407745 8.017889 -0.962721 0.010797 0.010500
    36 0.068439 -0.807653 3.686054 -0.707964 0.010231 0.011389
    37 -4.004929 6.172707 4.754754 3.210515 1.352351 5.206338
    38 0.158352 -1.149811 5.804394 -0.533526 -0.251085 0.181559
    39 -1.083523 -1.463142 5.544399 -0.626439 -0.128038 0.041375
    40 -6.289886 0.932434 13.569063 -0.126803 0.612110 2.869610
    41 1.327774 -0.766687 12.396328 -0.024139 0.010669 -0.213933
    42 -0.096140 1.828087 23.185329 -0.024581 -0.356351 -1.654756
    43 2.325478 -0.000003 6.169296 0.108438 -0.073798 1.696333
    44 0.000000 -3.152912 0.122169 1.961052 0.000000 0.000000
    45 1.068383 -10.478592 7.066338 0.292219 -1.282324 -3.141588
    46 0.000000 0.000000 2.279457 0.547137 -0.343566 0.107833
    47 2.479414 -8.323895 6.074242 -0.011030 -0.052579 1.508296
    48 0.000003 -5.075260 5.800696 0.000000 0.000000 0.000000
    49 -1.068383 -10.478611 7.065971 0.292219 1.282324 3.141588
    50 -0.000488 0.000015 2.279600 0.547136 0.343566 0.107835
    51 -2.479401 -8.323895 6.074234 0.006203 -0.052277 1.513417
    52 -5.790000 4.432083 14.255558 -5.760506 0.538517 -2.152203
    53 1.044540 -2.839314 19.743252 0.182778 -0.021118 -0.121656
    54 -2.655510 -1.533379 24.792648 -0.602523 -0.089777 0.337209
    55 -1.120216 -0.154385 9.795983 -0.070942 0.012949 0.635289
    56 -2.240372 -0.308788 19.592047 -0.158619 0.116091 1.257722
    57 -0.683205 2.877342 14.167089 -0.605082 -0.004730 -1.354676
    58 -0.144958 -0.145317 7.579308 -1.366010 0.394453 -0.105677
    59 -0.038551 -0.936644 4.697678 -0.914300 0.190863 -0.070631
    60 -0.506317 8.500896 13.617329 -0.407907 -0.454515 -1.291839
    61 0.385056 -0.460075 7.003435 -0.957578 0.474746 -0.062150
    62 -0.456360 -0.710276 5.057732 -0.857050 0.362259 -0.088586
    63 2.452194 -8.899408 11.597939 -1.381816 0.492977 -1.424001
    64 -0.680515 -0.903999 6.074242 -1.654549 -0.189443 0.015372
    65 -0.248295 -0.666843 3.386627 -0.932105 -0.155320 0.036212
    66 0.717491 -3.784309 13.044010 -1.075569 0.270496 -1.479139
    67 -1.099228 -1.407673 8.017876 -1.465110 -0.018673 0.010195
    68 -0.064053 -0.807640 3.686100 -1.159644 -0.023063 -0.001230
    69 4.004906 6.172710 4.754800 0.019804 -1.331990 -2.347814
    70 -0.158381 -1.149773 5.804405 -0.477794 0.193877 0.153897
    71 1.078559 -2.386406 5.215008 -0.657595 0.378681 0.169663
    72 6.289963 0.932404 13.569109 -0.126801 -0.612098 -2.869612
    73 -1.327759 -0.766682 12.396324 -0.028700 -0.012047 0.252426
    74 0.000017 -54.999996 0.000000 0.000000 0.000000 -1.570796
  time 22
    0 0.000000 0.000000 -1.500000 0.000000 0.000000 0.000000
    1 -10.521344 -5.760963 66.994621 3.097005 -0.050653 -3.139334
    2 4.121591 11.109154 4.815519 0.166799 0.161345 0.585191
    3 -0.000034 0.000012 24.761454 -0.639020 -0.074246 0.070734
    4 0.000017 0.000000 24.344809 1.360498 -0.124508 -0.029889
    5 0.002333 -1.019846 24.031336 0.389660 -0.042698 0.017201
    6 0.000034 0.000008 13.404741 -0.000001 -0.000009 0.018834
    7 10.398263 -5.760962 66.994675 3.097005 0.050653 3.139334
    8 7.367246 1.797161 -1.472006 0.456272 -0.453960 0.393413
    9 -0.000004 -0.000006 24.761459 -0.337999 0.039354 -0.390212
    10 -0.000007 0.000004 24.344891 0.424243 0.074041 -0.216314
    11 -0.002360 -1.019903 24.031330 0.547127 -0.009534 0.007158
    12 0.000000 -0.000002 13.404737 0.000001 0.000005 -0.187536
    13 -0.061540 -5.245835 72.927078 0.000000 0.000000 0.000000
    14 -6.369964 8.086509 -1.808063 -0.183724 -0.208482 -0.465177
    15 0.000000 -0.005608 -1.146812 -0.011223 -0.041491 -0.033580
    16 0.030770 -0.240000 8.906021 -0.004138 0.000000 0.000000
    17 -0.089823 0.137579 0.034759 -0.003636 -0.009855 0.203468
    18 0.030770 -0.276858 8.905140 0.056125 0.004134 -0.000049
    19 -0.165333 0.735273 -0.071490 -0.288531 -0.051242 0.049004
    20 5.669724 4.435303 14.302868 0.635022 -0.567149 2.469063
    21 -1.044571 -2.839317 19.743267 -0.111215 -0.063450 0.093017
    22 2.655533 -1.533369 24.792658 -0.343054 0.084156 -0.382667
    23 1.120163 -0.154394 9.796035 -0.037553 -0.000980 -0.326891
    24 2.240311 -0.308786 19.592051 -0.161490 -0.292785 -0.635239
    25 0.683151 2.877354 14.167051 -0.144780 0.071017 1.494162
    26 0.144936 -0.145374 7.579252 -0.916799 -0.197136 0.085147
    27 0.091660 -0.906685 4.702850 -0.687528 -0.101095 0.039321
    28 0.506271 8.500866 13.617253 -0.313865 0.539906 1.284926
    29 -0.384987 -0.460049 7.003448 -0.408007 -0.291530 0.102176
    30 0.561516 -0.596954 5.061852 -0.575110 -0.233515 0.078777
    31 -2.452171 -8.899406 11.597897 -0.897501 -0.825162 1.475887
    32 0.680496 -0.903999 6.074253 -1.268861 0.140598 0.006656
    33 0.245514 -0.661150 3.388004 -0.887038 0.125127 -0.041978
    34 -0.717484 -3.784271 13.043911 -0.539938 -0.298131 1.633125
    35 1.099216 -1.407745 8.017889 -1.069828 0.014357 0.007972
    36 0.068439 -0.807653 3.686054 -0.831953 0.014689 0.009399
    37 -4.004929 6.172707 4.754754 3.159983 1.385746 5.175241
    38 0.158352 -1.149811 5.804394 -0.539756 -0.278677 0.188714
    39 -1.083523 -1.463142 5.544399 -0.693091 -0.136786 0.032633
    40 -6.289886 0.932434 13.569063 -0.126803 0.612110 2.869610
    41 1.327774 -0.766687 12.396328 -0.025098 0.010981 -0.222068
    42 -0.096140 1.828087 23.185329 -0.024941 -0.366103 -1.651301
    43 2.325478 -0.000003 6.169296 0.079501 -0.073118 1.694696
    44 0.000000 -3.152912 0.122169 2.002910 0.000000 0.000000
    45 1.068383 -10.478592 7.066338 0.292219 -1.282324 -3.141588
    46 0.000000 0.000000 2.279457 0.547137 -0.343566 0.107833
    47 2.479414 -8.323895 6.074242 -0.010622 -0.029334 1.517751
    48 0.000003 -5.075260 5.796789 0.000000 0.000000 0.000000
    49 -1.068383 -10.478611 7.065971 0.292219 1.282324 3.141588
    50 -0.000488 0.000015 2.279600 0.547136 0.343566 0.107835
    51 -2.479401 -8.323895 6.074234 0.006564 -0.028935 1.522998
    52 -5.790000 4.432083 14.255558 -5.770667 0.515506 -2.159390
    53 1.044540 -2.839314 19.743252 0.165970 0.018396 -0.113464
    54 -2.655510 -1.533379 24.792648 -0.549127 -0.087784 0.330772
    55 -1.120216 -0.154385 9.795983 -0.071505 0.013273 0.640975
    56 -2.240372 -0.308788 19.592047 -0.176718 0.055251 1.275335
    57 -0.683205 2.877342 14.167089 -0.807624 -0.024748 -1.394650
    58 -0.144958 -0.145317 7.579308 -1.570409 0.435812 -0.150607
    59 -0.038551 -0.936644 4.697678 -1.010899 0.206251 -0.088512
    60 -0.506317 8.500896 13.617329 -0.662611 -0.433086 -1.305093
    61 0.385056 -0.460075 7.003435 -1.212907 0.506510 -0.144657
    62 -0.456360 -0.710276 5.057732 -1.067896 0.399797 -0.148789
    63 2.452194 -8.899408 11.597939 -1.465287 0.472136 -1.400334
    64 -0.680515 -0.903999 6.074242 -1.770807 -0.200037 0.025403
    65 -0.248295 -0.666843 3.386627 -1.029731 -0.159695 0.043607
    66 0.717491 -3.784309 13.044010 -1.232248 0.234039 -1.476919
    67 -1.099228 -1.407673 8.017876 -1.572311 -0.021250 0.012784
    68 -0.064053 -0.807640 3.686100 -1.260709 -0.026035 0.000964
    69 4.004906 6.172710 4.754800 -0.211266 -1.248360 -2.152733
    70 -0.158381 -1.149773 5.804405 -0.525964 0.276104 0.172797
    71 1.078559 -2.386406 5.215008 -0.757493 0.448890 0.177628
    72 6.289963 0.932404 13.569109 -0.126801 -0.612098 -2.869612
    73 -1.327759 -0.766682 12.396324 -0.027310 -0.011664 0.240767
    74 0.000017 -54.999996 0.000000 0.000000 0.000000 -1.570796
  time 23
    0 0.000000 0.000000 -1.500000 0.000000 0.000000 0.000000
    1 -10.521344 -5.760963 66.994621 3.097005 -0.050653 -3.139334
    2 4.320816 11.759834 4.411878 0.157576 0.147873 0.581040
    3 -0.000034 0.000012 24.761454 -0.600808 -0.069800 0.077371
    4 0.000017 0.000000 24.344809 1.330969 -0.114933 -0.025676
    5 0.002333 -1.019846 24.031336 0.389660 -0.042710 0.017201
    6 0.000034 0.000008 13.404741 -0.000001 -0.000009 0.023010
    7 10.398263 -5.760962 66.994675 3.097005 0.050653 3.139334
    8 7.539126 2.459098 -1.989050 0.494491 -0.469214 0.385409
    9 -0.000004 -0.000006 24.761459 -0.351583 0.040936 -0.391540
    10 -0.000007 0.000004 24.344891 0.367190 0.067664 -0.217428
    11 -0.002360 -1.019903 24.031330 0.589713 -0.007844 0.008991
    12 0.000000 -0.000002 13.404737 0.000001 0.000005 -0.187472
    13 -0.061540 -5.245835 72.927078 0.000000 0.000000 0.000000
    14 -6.588721 8.727022 -1.334910 -0.180716 -0.212268 -0.465297
    15 0.000000 -0.005608 -1.146812 -0.011223 -0.041491 -0.033580
    16 0.030770 -0.240000 8.906021 -0.004138 0.000000 0.000000
    17 -0.109355 0.266489 0.042572 -0.023291 -0.007576 0.192286
    18 0.030770 -0.276858 8.905140 0.056125 0.004134 -0.000049
    19 -0.220022 0.766524 -0.083209 -0.308012 -0.069757 0.056243
    20 5.669724 4.435303 14.302868 0.652536 -0.556755 2.480946
    21 -1.044571 -2.839317 19.743267 -0.123788 -0.037462 0.093384
    22 2.655533 -1.533369 24.792658 -0.313718 0.084425 -0.414207
    23 1.120163 -0.154394 9.796035 -0.044708 -0.002598 -0.390496
    24 2.240311 -0.308786 19.592051 -0.120626 -0.192221 -0.768604
    25 0.683151 2.877354 14.167051 -0.307432 0.062496 1.481949
    26 0.144936 -0.145374 7.579252 -1.100708 -0.244307 0.108265
    27 0.091660 -0.906685 4.702850 -0.782629 -0.116304 0.051486
    28 0.506271 8.500866 13.617253 -0.435463 0.547266 1.277222
    29 -0.384987 -0.460049 7.003448 -0.555194 -0.329449 0.125894
    30 0.561516 -0.596954 5.061852 -0.702347 -0.261380 0.102518
    31 -2.452171 -8.899406 11.597897 -1.104979 -0.701162 1.445687
    32 0.680496 -0.903999 6.074253 -1.459562 0.159210 -0.002944
    33 0.245514 -0.661150 3.388004 -0.950360 0.133037 -0.042158
    34 -0.717484 -3.784271 13.043911 -0.756886 -0.277698 1.604835
    35 1.099216 -1.407745 8.017889 -1.216362 0.018911 0.003813
    36 0.068439 -0.807653 3.686054 -0.973070 0.019555 0.006164
    37 -4.004929 6.172707 4.754754 2.994422 1.454842 5.056881
    38 0.158352 -1.149811 5.804394 -0.560606 -0.304874 0.192358
    39 -1.083523 -1.463142 5.544399 -0.775230 -0.148280 0.020727
    40 -6.289886 0.932434 13.569063 -0.126803 0.612110 2.869610
    41 1.327774 -0.766687 12.396328 -0.026164 0.011316 -0.231207
    42 -0.096140 1.828087 23.185329 -0.026122 -0.392074 -1.641977
    43 2.325478 -0.000003 6.169296 0.051138 -0.072438 1.693659
    44 0.000000 -3.152912 0.122169 2.080622 0.000000 0.000000
    45 1.068383 -10.478592 7.066338 0.292219 -1.282324 -3.141588
    46 0.000000 0.000000 2.279457 0.547137 -0.343566 0.107833
    47 2.479414 -8.323895 6.074242 -0.010187 -0.016796 1.528066
    48 0.000003 -5.075260 5.800696 0.000000 0.000000 0.000000
    49 -1.068383 -10.478611 7.065971 0.292219 1.282324 3.141588
    50 -0.000488 0.000015 2.279600 0.547136 0.343566 0.107835
    51 -2.479401 -8.323895 6.074234 0.006966 -0.016319 1.533345
    52 -5.790000 4.432083 14.255558 -5.782937 0.495983 -2.166480
    53 1.044540 -2.839314 19.743252 0.161295 0.051423 -0.107014
    54 -2.655510 -1.533379 24.792648 -0.498751 -0.086335 0.331529
    55 -1.120216 -0.154385 9.795983 -0.072140 0.013620 0.647259
    56 -2.240372 -0.308788 19.592047 -0.195504 -0.005391 1.297417
    57 -0.683205 2.877342 14.167089 -0.978785 -0.045899 -1.431674
    58 -0.144958 -0.145317 7.579308 -1.745001 0.463113 -0.190791
    59 -0.038551 -0.936644 4.697678 -1.091177 0.217552 -0.104499
    60 -0.506317 8.500896 13.617329 -0.899062 -0.419206 -1.340992
    61 0.385056 -0.460075 7.003435 -1.460250 0.510689 -0.233472
    62 -0.456360 -0.710276 5.057732 -1.270677 0.418038 -0.217031
    63 2.452194 -8.899408 11.597939 -1.496813 0.464120 -1.390992
    64 -0.680515 -0.903999 6.074242 -1.814734 -0.203729 0.029430
    65 -0.248295 -0.666843 3.386627 -1.067074 -0.161121 0.046483
    66 0.717491 -3.784309 13.044010 -1.339955 0.208296 -1.472814
    67 -1.099228 -1.407673 8.017876 -1.644768 -0.022856 0.014714
    68 -0.064053 -0.807640 3.686100 -1.329642 -0.027941 0.002606
    69 4.004906 6.172710 4.754800 -0.365312 -1.156078 -2.039516
    70 -0.158381 -1.149773 5.804405 -0.572703 0.358303 0.192225
    71 1.078559 -2.386406 5.215008 -0.859111 0.518639 0.177555
    72 6.289963 0.932404 13.569109 -0.126801 -0.612098 -2.869612
    73 -1.327759 -0.766682 12.396324 -0.026495 -0.011412 0.233874
    74 0.000017 -54.999996 0.000000 0.000000 0.000000 -1.570796
  time 24
    0 0.000000 0.000000 -1.500000 0.000000 0.000000 0.000000
    1 -10.521344 -5.760963 66.994621 3.097005 -0.050653 -3.139334
    2 4.477070 12.324576 3.985811 0.143639 0.135653 0.575054
    3 -0.000034 0.000012 24.761454 -0.555970 -0.064610 0.084863
    4 0.000017 0.000000 24.344809 1.299529 -0.107622 -0.022284
    5 0.002333 -1.019846 24.031336 0.389585 -0.042698 0.017201
    6 0.000034 0.000008 13.404741 -0.000001 -0.000009 0.028009
    7 10.398263 -5.760962 66.994675 3.097005 0.050653 3.139334
    8 7.656317 3.046099 -2.461134 0.589953 -0.505428 0.359169
    9 -0.000004 -0.000006 24.761459 -0.474667 0.055209 -0.394052
    10 -0.000007 0.000004 24.344891 0.381905 0.075730 -0.216420
    11 -0.002360 -1.019903 24.031330 0.615108 -0.006082 0.012203
    12 0.000000 -0.000002 13.404737 0.000001 0.000005 -0.185690
    13 -0.061540 -5.245835 72.927078 0.000000 0.000000 0.000000
    14 -6.748882 9.262724 -0.861757 -0.177260 -0.214745 -0.464276
    15 0.000000 -0.005608 -1.146812 -0.011223 -0.041491 -0.033580
    16 0.030770 -0.240000 8.906021 -0.004138 0.000000 0.000000
    17 -0.113261 0.356336 0.042572 -0.037327 -0.004753 0.183900
    18 0.030770 -0.276858 8.905140 0.056125 0.004134 -0.000049
    19 -0.259086 0.774337 -0.083209 -0.315876 -0.082963 0.061156
    20 5.669724 4.435303 14.302868 0.667179 -0.547101 2.495034
    21 -1.044571 -2.839317 19.743267 -0.138073 -0.012779 0.093102
    22 2.655533 -1.533369 24.792658 -0.297488 0.084848 -0.450599
    23 1.120163 -0.154394 9.796035 -0.052234 -0.004815 -0.458552
    24 2.240311 -0.308786 19.592051 -0.119973 -0.074806 -0.910041
    25 0.683151 2.877354 14.167051 -0.517096 0.055821 1.471034
    26 0.144936 -0.145374 7.579252 -1.312265 -0.297543 0.138011
    27 0.091660 -0.906685 4.702850 -0.888857 -0.132159 0.066491
    28 0.506271 8.500866 13.617253 -0.604305 0.527998 1.281660
    29 -0.384987 -0.460049 7.003448 -0.783942 -0.369214 0.162962
    30 0.561516 -0.596954 5.061852 -0.877924 -0.280999 0.130766
    31 -2.452171 -8.899406 11.597897 -1.297368 -0.584053 1.418521
    32 0.680496 -0.903999 6.074253 -1.635274 0.174407 -0.014797
    33 0.245514 -0.661150 3.388004 -1.008517 0.139988 -0.042374
    34 -0.717484 -3.784271 13.043911 -0.982300 -0.251260 1.565435
    35 1.099216 -1.407745 8.017889 -1.375974 0.023321 -0.001580
    36 0.068439 -0.807653 3.686054 -1.113690 0.024097 0.002089
    37 -4.004929 6.172707 4.754754 1.987729 1.534008 4.119090
    38 0.158352 -1.149811 5.804394 -0.592347 -0.329442 0.193244
    39 -1.083523 -1.463142 5.544399 -0.867414 -0.161954 0.007205
    40 -6.289886 0.932434 13.569063 -0.126803 0.612110 2.869610
    41 1.327774 -0.766687 12.396328 -0.027459 0.011676 -0.242054
    42 -0.096140 1.828087 23.185329 -0.028742 -0.429230 -1.628525
    43 2.325478 -0.000003 6.169296 0.021867 -0.071758 1.693180
    44 0.000000 -3.152912 0.122169 2.122513 0.000000 0.000000
    45 1.068383 -10.478592 7.066338 0.292219 -1.282324 -3.141588
    46 0.000000 0.000000 2.279457 0.547137 -0.343566 0.107833
    47 2.479414 -8.323895 6.074242 -0.009807 -0.014025 1.538381
    48 0.000003 -5.075260 5.800696 0.000000 0.000000 0.000000
    49 -1.068383 -10.478611 7.065971 0.292219 1.282324 3.141588
    50 -0.000488 0.000015 2.279600 0.547136 0.343566 0.107835
    51 -2.479401 -8.323895 6.074234 0.007408 -0.013484 1.543597
    52 -5.790000 4.432083 14.255558 -5.796261 0.479909 -2.173187
    53 1.044540 -2.839314 19.743252 0.167472 0.075929 -0.102224
    54 -2.655510 -1.533379 24.792648 -0.452955 -0.085454 0.342207
    55 -1.120216 -0.154385 9.795983 -0.072799 0.013992 0.653733
    56 -2.240372 -0.308788 19.592047 -0.214978 -0.063558 1.322334
    57 -0.683205 2.877342 14.167089 -1.096885 -0.063171 -1.458696
    58 -0.144958 -0.145317 7.579308 -1.866408 0.477806 -0.219099
    59 -0.038551 -0.936644 4.697678 -1.146059 0.224527 -0.115992
    60 -0.506317 8.500896 13.617329 -1.093880 -0.417053 -1.386820
    61 0.385056 -0.460075 7.003435 -1.666758 0.493577 -0.309333
    62 -0.456360 -0.710276 5.057732 -1.442122 0.419159 -0.279902
    63 2.452194 -8.899408 11.597939 -1.496853 0.464120 -1.390992
    64 -0.680515 -0.903999 6.074242 -1.814734 -0.203729 0.029430
    65 -0.248295 -0.666843 3.386627 -1.067074 -0.161121 0.046483
    66 0.717491 -3.784309 13.044010 -1.380108 0.198600 -1.470743
    67 -1.099228 -1.407673 8.017876 -1.671442 -0.023395 0.015445
    68 -0.064053 -0.807640 3.686100 -1.355133 -0.028600 0.003253
    69 4.004906 6.172710 4.754800 -0.476367 -1.064821 -1.971733
    70 -0.158381 -1.149773 5.804405 -0.615850 0.435820 0.211125
    71 1.078559 -2.386406 5.215008 -0.958006 0.583517 0.169663
    72 6.289963 0.932404 13.569109 -0.126801 -0.612098 -2.869612
    73 -1.327759 -0.766682 12.396324 -0.026387 -0.011388 0.232995
    74 0.000017 -54.999996 0.000000 0.000000 0.000000 -1.570796
  time 25
    0 0.000000 0.000000 -1.500000 0.000000 0.000000 0.000000
    1 -10.521344 -5.760963 66.994621 3.097005 -0.050653 -3.139334
    2 4.598168 12.778824 3.604594 0.125944 0.124575 0.567846
    3 -0.000034 0.000012 24.761454 -0.506213 -0.058858 0.092844
    4 0.000017 0.000000 24.344809 1.267165 -0.102529 -0.019518
    5 0.002333 -1.019846 24.031336 0.389585 -0.042698 0.017213
    6 0.000034 0.000008 13.404741 -0.000001 -0.000009 0.033578
    7 10.398263 -5.760962 66.994675 3.097005 0.050653 3.139334
    8 7.726632 3.533184 -2.888257 0.690789 -0.537619 0.329050
    9 -0.000004 -0.000006 24.761459 -0.607486 0.070598 -0.398574
    10 -0.000007 0.000004 24.344891 0.419467 0.082596 -0.217302
    11 -0.002360 -1.019903 24.031330 0.616560 -0.004237 0.017033
    12 0.000000 -0.000002 13.404737 0.000001 0.000005 -0.185411
    13 -0.061540 -5.245835 72.927078 0.000000 0.000000 0.000000
    14 -6.866073 9.705261 -0.411135 -0.173739 -0.216156 -0.462475
    15 0.000000 -0.005608 -1.146812 -0.011223 -0.041491 -0.033580
    16 0.030770 -0.240000 8.906021 -0.004138 0.000000 0.000000
    17 -0.109355 0.411025 0.046478 -0.046734 -0.001841 0.176393
    18 0.030770 -0.276858 8.905140 0.056125 0.004134 -0.000049
    19 -0.294243 0.770430 -0.087116 -0.318807 -0.093887 0.064895
    20 5.669724 4.435303 14.302868 0.679525 -0.538539 2.510271
    21 -1.044571 -2.839317 19.743267 -0.148884 -0.000777 0.092312
    22 2.655533 -1.533369 24.792658 -0.283948 0.085040 -0.480279
    23 1.120163 -0.154394 9.796035 -0.059413 -0.007488 -0.524744
    24 2.240311 -0.308786 19.592051 -0.161142 0.042011 -1.054761
    25 0.683151 2.877354 14.167051 -0.739432 0.054359 1.465714
    26 0.144936 -0.145374 7.579252 -1.526980 -0.346248 0.170885
    27 0.091660 -0.906685 4.702850 -0.993756 -0.146289 0.082670
    28 0.506271 8.500866 13.617253 -0.791180 0.496339 1.304804
    29 -0.384987 -0.460049 7.003448 -1.059892 -0.392476 0.216941
    30 0.561516 -0.596954 5.061852 -1.076850 -0.286069 0.164575
    31 -2.452171 -8.899406 11.597897 -1.440598 -0.497675 1.398711
    32 0.680496 -0.903999 6.074253 -1.764153 0.184102 -0.025091
    33 0.245514 -0.661150 3.388004 -1.051123 0.144889 -0.042541
    34 -0.717484 -3.784271 13.043911 -1.182403 -0.225229 1.521809
    35 1.099216 -1.407745 8.017889 -1.522547 0.026821 -0.007225
    36 0.068439 -0.807653 3.686054 -1.236008 0.027764 -0.002130
    37 -4.004929 6.172707 4.754754 0.319966 1.460722 2.535055
    38 0.158352 -1.149811 5.804394 -0.631420 -0.352102 0.192238
    39 -1.083523 -1.463142 5.544399 -0.964620 -0.177139 -0.006482
    40 -6.289886 0.932434 13.569063 -0.126803 0.612110 2.869610
    41 1.327774 -0.766687 12.396328 -0.028501 0.011988 -0.250892
    42 -0.096140 1.828087 23.185329 -0.033056 -0.472728 -1.612689
    43 2.325478 -0.000003 6.169296 -0.009696 -0.071078 1.693339
    44 0.000000 -3.152912 0.122169 2.041742 0.000000 0.000000
    45 1.068383 -10.478592 7.066338 0.292219 -1.282324 -3.141588
    46 0.000000 0.000000 2.279457 0.547137 -0.343566 0.107833
    47 2.479414 -8.323895 6.074242 -0.009426 -0.019660 1.547836
    48 0.000003 -5.075260 5.800696 0.000000 0.000000 0.000000
    49 -1.068383 -10.478611 7.065971 0.292219 1.282324 3.141588
    50 -0.000488 0.000015 2.279600 0.547136 0.343566 0.107835
    51 -2.479401 -8.323895 6.074234 0.007810 -0.019107 1.553081
    52 -5.790000 4.432083 14.255558 -5.809490 0.467448 -2.178936
    53 1.044540 -2.839314 19.743252 0.174596 0.091955 -0.098985
    54 -2.655510 -1.533379 24.792648 -0.411990 -0.085001 0.357429
    55 -1.120216 -0.154385 9.795983 -0.073435 0.014339 0.659990
    56 -2.240372 -0.308788 19.592047 -0.234833 -0.117220 1.348711
    57 -0.683205 2.877342 14.167089 -1.141036 -0.070195 -1.469032
    58 -0.144958 -0.145317 7.579308 -1.911746 0.482432 -0.229645
    59 -0.038551 -0.936644 4.697678 -1.166326 0.226936 -0.120343
    60 -0.506317 8.500896 13.617329 -1.225796 -0.422164 -1.425549
    61 0.385056 -0.460075 7.003435 -1.805883 0.471031 -0.359284
    62 -0.456360 -0.710276 5.057732 -1.559399 0.412152 -0.324449
    63 2.452194 -8.899408 11.597939 -1.496853 0.464120 -1.390992
    64 -0.680515 -0.903999 6.074242 -1.814734 -0.203729 0.029430
    65 -0.248295 -0.666843 3.386627 -1.067074 -0.161121 0.046483
    66 0.717491 -3.784309 13.044010 -1.380108 0.198588 -1.470755
    67 -1.099228 -1.407673 8.017876 -1.671442 -0.023395 0.015445
    68 -0.064053 -0.807640 3.686100 -1.355077 -0.028588 0.003253
    69 4.004906 6.172710 4.754800 -0.555122 -0.983740 -1.935713
    70 -0.158381 -1.149773 5.804405 -0.652963 0.503836 0.228297
    71 1.078559 -2.386406 5.215008 -1.048493 0.639451 0.155742
    72 6.289963 0.932404 13.569109 -0.126801 -0.612098 -2.869612
    73 -1.327759 -0.766682 12.396324 -0.026651 -0.011472 0.235169
    74 0.000017 -54.999996 0.000000 0.000000 0.000000 -1.570796
  time 26
    0 0.000000 0.000000 -1.500000 0.000000 0.000000 0.000000
    1 -10.521344 -5.760963 66.994621 3.097005 -0.050653 -3.139334
    2 4.691921 13.134857 3.245802 0.105244 0.114582 0.559938
    3 -0.000034 0.000012 24.761454 -0.453489 -0.052733 0.100946
    4 0.000017 0.000000 24.344809 1.234738 -0.099496 -0.017228
    5 0.002333 -1.019846 24.031336 0.389660 -0.042710 0.017201
    6 0.000034 0.000008 13.404741 -0.000001 -0.000009 0.039442
    7 10.398263 -5.760962 66.994675 3.097005 0.050653 3.139334
    8 7.761789 3.932844 -3.270420 0.764668 -0.556970 0.305780
    9 -0.000004 -0.000006 24.761459 -0.700872 0.081408 -0.403275
    10 -0.000007 0.000004 24.344891 0.456771 0.087440 -0.218984
    11 -0.002360 -1.019903 24.031330 0.606213 -0.002667 0.021707
    12 0.000000 -0.000002 13.404737 0.000001 0.000005 -0.186613
    13 -0.061540 -5.245835 72.927078 0.000000 0.000000 0.000000
    14 -6.948107 10.054632 -0.028106 -0.170731 -0.216792 -0.459892
    15 0.000000 -0.005608 -1.146812 -0.011223 -0.041491 -0.033580
    16 0.030770 -0.240000 8.906021 -0.004138 0.000000 0.000000
    17 -0.105449 0.465714 0.046478 -0.054878 0.000754 0.169484
    18 0.030770 -0.276858 8.905140 0.056125 0.004134 -0.000049
    19 -0.317681 0.770430 -0.087116 -0.322024 -0.103453 0.068239
    20 5.669724 4.435303 14.302868 0.690052 -0.531281 2.525030
    21 -1.044571 -2.839317 19.743267 -0.154265 0.004911 0.091889
    22 2.655533 -1.533369 24.792658 -0.272622 0.085117 -0.499769
    23 1.120163 -0.154394 9.796035 -0.065537 -0.010196 -0.582761
    24 2.240311 -0.308786 19.592051 -0.235689 0.142713 -1.195802
    25 0.683151 2.877354 14.167051 -0.940154 0.059009 1.465664
    26 0.144936 -0.145374 7.579252 -1.717116 -0.383784 0.201206
    27 0.091660 -0.906685 4.702850 -1.084737 -0.157171 0.097603
    28 0.506271 8.500866 13.617253 -0.972249 0.465164 1.343942
    29 -0.384987 -0.460049 7.003448 -1.341959 -0.388353 0.278482
    30 0.561516 -0.596954 5.061852 -1.272848 -0.274803 0.199809
    31 -2.452171 -8.899406 11.597897 -1.496796 -0.464135 1.391006
    32 0.680496 -0.903999 6.074253 -1.814198 0.187482 -0.029418
    33 0.245514 -0.661150 3.388004 -1.067633 0.146771 -0.042625
    34 -0.717484 -3.784271 13.043911 -1.325404 -0.205994 1.485651
    35 1.099216 -1.407745 8.017889 -1.629770 0.028990 -0.011719
    36 0.068439 -0.807653 3.686054 -1.322363 0.030149 -0.005438
    37 -4.004929 6.172707 4.754754 0.054781 1.339236 2.361677
    38 0.158352 -1.149811 5.804394 -0.674264 -0.372546 0.190069
    39 -1.083523 -1.463142 5.544399 -1.061461 -0.192874 -0.019258
    40 -6.289886 0.932434 13.569063 -0.126803 0.612110 2.869610
    41 1.327774 -0.766687 12.396328 -0.029220 0.012179 -0.256968
    42 -0.096140 1.828087 23.185329 -0.038946 -0.517437 -1.596180
    43 2.325478 -0.000003 6.169296 -0.044841 -0.070398 1.694337
    44 0.000000 -3.152912 0.122169 1.961052 0.000000 0.000000
    45 1.068383 -10.478592 7.066338 0.292219 -1.282324 -3.141588
    46 0.000000 0.000000 2.279457 0.547137 -0.343566 0.107833
    47 2.479414 -8.323895 6.074242 -0.009100 -0.032480 1.555859
    48 0.000003 -5.075260 5.796789 0.000000 0.000000 0.000000
    49 -1.068383 -10.478611 7.065971 0.292219 1.282324 3.141588
    50 -0.000488 0.000015 2.279600 0.547136 0.343566 0.107835
    51 -2.479401 -8.323895 6.074234 0.008131 -0.031817 1.561129
    52 -5.790000 4.432083 14.255558 -5.821664 0.458642 -2.183343
    53 1.044540 -2.839314 19.743252 0.174819 0.100392 -0.097298
    54 -2.655510 -1.533379 24.792648 -0.376058 -0.084743 0.369924
    55 -1.120216 -0.154385 9.795983 -0.073998 0.014675 0.665594
    56 -2.240372 -0.308788 19.592047 -0.254001 -0.164397 1.374487
    57 -0.683205 2.877342 14.167089 -1.140987 -0.070195 -1.469019
    58 -0.144958 -0.145317 7.579308 -1.911746 0.482432 -0.229645
    59 -0.038551 -0.936644 4.697678 -1.166326 0.226936 -0.120355
    60 -0.506317 8.500896 13.617329 -1.274444 -0.425536 -1.441320
    61 0.385056 -0.460075 7.003435 -1.856776 0.460472 -0.377047
    62 -0.456360 -0.710276 5.057732 -1.602734 0.407904 -0.341054
    63 2.452194 -8.899408 11.597939 -1.496813 0.464120 -1.390992
    64 -0.680515 -0.903999 6.074242 -1.814734 -0.203729 0.029430
    65 -0.248295 -0.666843 3.386627 -1.067074 -0.161121 0.046483
    66 0.717491 -3.784309 13.044010 -1.380058 0.198588 -1.470755
    67 -1.099228 -1.407673 8.017876 -1.671442 -0.023395 0.015445
    68 -0.064053 -0.807640 3.686100 -1.355077 -0.028588 0.003253
    69 4.004906 6.172710 4.754800 -0.604965 -0.920924 -1.923925
    70 -0.158381 -1.149773 5.804405 -0.681844 0.557805 0.242479
    71 1.078559 -2.386406 5.215008 -1.123356 0.682795 0.139776
    72 6.289963 0.932404 13.569109 -0.126801 -0.612098 -2.869612
    73 -1.327759 -0.766682 12.396324 -0.026855 -0.011532 0.236927
    74 0.000017 -54.999996 0.000000 0.000000 0.000000 -1.570796
  time 27
    0 0.000000 0.000000 -1.500000 0.000000 0.000000 0.000000
    1 -10.521344 -5.760963 66.994621 3.097005 -0.050653 -3.139334
    2 4.758329 13.392674 2.931858 0.082903 0.105675 0.551768
    3 -0.000034 0.000012 24.761454 -0.400439 -0.046585 0.108764
    4 0.000017 0.000000 24.344809 1.203853 -0.098251 -0.015262
    5 0.002333 -1.019846 24.031336 0.389660 -0.042710 0.017201
    6 0.000034 0.000008 13.404741 -0.000001 -0.000009 0.045369
    7 10.398263 -5.760962 66.994675 3.097005 0.050653 3.139334
    8 7.769602 4.245078 -3.585142 0.785739 -0.559604 0.298601
    9 -0.000004 -0.000006 24.761459 -0.723476 0.084020 -0.405429
    10 -0.000007 0.000004 24.344891 0.480328 0.090151 -0.218921
    11 -0.002360 -1.019903 24.031330 0.596396 -0.001552 0.024307
    12 0.000000 -0.000002 13.404737 0.000001 0.000005 -0.187987
    13 -0.061540 -5.245835 72.927078 0.000000 0.000000 0.000000
    14 -6.994983 10.299191 0.309860 -0.168522 -0.216896 -0.457070
    15 0.000000 -0.005608 -1.146812 -0.011223 -0.041491 -0.033580
    16 0.030770 -0.240000 8.906021 -0.004138 0.000000 0.000000
    17 -0.109355 0.508684 0.046478 -0.061633 0.002451 0.164452
    18 0.030770 -0.276858 8.905140 0.056125 0.004134 -0.000049
    19 -0.337213 0.766524 -0.087116 -0.323990 -0.109110 0.070109
    20 5.669724 4.435303 14.302868 0.699049 -0.525643 2.538638
    21 -1.044571 -2.839317 19.743267 -0.156222 0.014826 0.092030
    22 2.655533 -1.533369 24.792658 -0.264463 0.085232 -0.516752
    23 1.120163 -0.154394 9.796035 -0.070031 -0.012461 -0.626395
    24 2.240311 -0.308786 19.592051 -0.324902 0.220714 -1.319633
    25 0.683151 2.877354 14.167051 -1.085196 0.066379 1.467837
    26 0.144936 -0.145374 7.579252 -1.853306 -0.407286 0.223054
    27 0.091660 -0.906685 4.702850 -1.148748 -0.164050 0.108580
    28 0.506271 8.500866 13.617253 -1.126517 0.442249 1.389212
    29 -0.384987 -0.460049 7.003448 -1.586785 -0.361016 0.331669
    30 0.561516 -0.596954 5.061852 -1.439785 -0.252236 0.230190
    31 -2.452171 -8.899406 11.597897 -1.496796 -0.464135 1.391006
    32 0.680496 -0.903999 6.074253 -1.814198 0.187482 -0.029406
    33 0.245514 -0.661150 3.388004 -1.067633 0.146759 -0.042625
    34 -0.717484 -3.784271 13.043911 -1.380126 -0.198575 1.470761
    35 1.099216 -1.407745 8.017889 -1.671332 0.029721 -0.013541
    36 0.068439 -0.807653 3.686054 -1.355057 0.031000 -0.006756
    37 -4.004929 6.172707 4.754754 -0.092134 1.217134 2.307233
    38 0.158352 -1.149811 5.804394 -0.717447 -0.390407 0.187444
    39 -1.083523 -1.463142 5.544399 -1.152807 -0.208107 -0.030266
    40 -6.289886 0.932434 13.569063 -0.126803 0.612110 2.869610
    41 1.327774 -0.766687 12.396328 -0.029844 0.012347 -0.262140
    42 -0.096140 1.828087 23.185329 -0.045469 -0.558417 -1.581169
    43 2.325478 -0.000003 6.169296 -0.085094 -0.069718 1.696333
    44 0.000000 -3.152912 0.122169 1.961052 0.000000 0.000000
    45 1.068383 -10.478592 7.066338 0.292219 -1.282324 -3.141588
    46 0.000000 0.000000 2.279457 0.547137 -0.343566 0.107833
    47 2.479414 -8.323895 6.074242 -0.008855 -0.050560 1.561972
    48 0.000003 -5.075260 5.800696 0.000000 0.000000 0.000000
    49 -1.068383 -10.478611 7.065971 0.292219 1.282324 3.141588
    50 -0.000488 0.000015 2.279600 0.547136 0.343566 0.107835
    51 -2.479401 -8.323895 6.074234 0.008392 -0.049773 1.567548
    52 -5.790000 4.432083 14.255558 -5.831729 0.453491 -2.186026
    53 1.044540 -2.839314 19.743252 0.168697 0.100010 -0.097516
    54 -2.655510 -1.533379 24.792648 -0.346315 -0.084600 0.379466
    55 -1.120216 -0.154385 9.795983 -0.074441 0.014951 0.670138
    56 -2.240372 -0.308788 19.592047 -0.271489 -0.203505 1.397600
    57 -0.683205 2.877342 14.167089 -1.141036 -0.070195 -1.469032
    58 -0.144958 -0.145317 7.579308 -1.911746 0.482432 -0.229657
    59 -0.038551 -0.936644 4.697678 -1.166326 0.226936 -0.120343
    60 -0.506317 8.500896 13.617329 -1.274444 -0.425536 -1.441320
    61 0.385056 -0.460075 7.003435 -1.856776 0.460472 -0.377047
    62 -0.456360 -0.710276 5.057732 -1.602734 0.407904 -0.341036
    63 2.452194 -8.899408 11.597939 -1.496853 0.464120 -1.390992
    64 -0.680515 -0.903999 6.074242 -1.814734 -0.203729 0.029430
    65 -0.248295 -0.666843 3.386627 -1.067074 -0.161121 0.046483
    66 0.717491 -3.784309 13.044010 -1.380108 0.198588 -1.470743
    67 -1.099228 -1.407673 8.017876 -1.671442 -0.023395 0.015445
    68 -0.064053 -0.807640 3.686100 -1.355133 -0.028588 0.003253
    69 4.004906 6.172710 4.754800 -0.627929 -0.882327 -1.929164
    70 -0.158381 -1.149773 5.804405 -0.700226 0.593072 0.252120
    71 1.078559 -2.386406 5.215008 -1.174141 0.710456 0.126623
    72 6.289963 0.932404 13.569109 -0.126801 -0.612098 -2.869612
    73 -1.327759 -0.766682 12.396324 -0.027023 -0.011580 0.238454
    74 0.000017 -54.999996 0.000000 0.000000 0.000000 -1.570796
  time 28
    0 0.000000 0.000000 -1.500000 0.000000 0.000000 0.000000
    1 -10.521344 -5.760963 66.994621 3.097005 -0.050653 -3.139334
    2 4.805205 13.539998 2.662764 0.060768 0.098327 0.544166
    3 -0.000034 0.000012 24.761454 -0.351211 -0.040893 0.115727
    4 0.000017 0.000000 24.344809 1.176544 -0.098546 -0.013534
    5 0.002333 -1.019846 24.031336 0.389660 -0.042710 0.017201
    6 0.000034 0.000008 13.404741 -0.000001 -0.000009 0.050938
    7 10.398263 -5.760962 66.994675 3.097005 0.050653 3.139334
    8 7.757883 4.444908 -3.832424 0.795209 -0.568054 0.289277
    9 -0.000004 -0.000006 24.761459 -0.736290 0.085519 -0.420717
    10 -0.000007 0.000004 24.344891 0.518729 0.093795 -0.218038
    11 -0.002360 -1.019903 24.031330 0.649629 0.002139 0.021839
    12 0.000000 -0.000002 13.404737 0.000001 0.000005 -0.195888
    13 -0.061540 -5.245835 72.927078 0.000000 0.000000 0.000000
    14 -7.022328 10.462231 0.535171 -0.167722 -0.216741 -0.453947
    15 0.000000 -0.005608 -1.146812 -0.011223 -0.041491 -0.033580
    16 0.030770 -0.240000 8.906021 -0.004138 0.000000 0.000000
    17 -0.109355 0.543841 0.050385 -0.066725 0.003059 0.160978
    18 0.030770 -0.276858 8.905140 0.056125 0.004134 -0.000049
    19 -0.345026 0.762618 -0.087116 -0.323632 -0.110879 0.070300
    20 5.669724 4.435303 14.302868 0.706992 -0.521943 2.549755
    21 -1.044571 -2.839317 19.743267 -0.164050 0.020514 0.091184
    22 2.655533 -1.533369 24.792658 -0.258865 0.085232 -0.526861
    23 1.120163 -0.154394 9.796035 -0.072356 -0.013744 -0.649368
    24 2.240311 -0.308786 19.592051 -0.404932 0.280619 -1.407106
    25 0.683151 2.877354 14.167051 -1.140986 0.070202 1.469036
    26 0.144936 -0.145374 7.579252 -1.905161 -0.415567 0.231299
    27 0.091660 -0.906685 4.702850 -1.172924 -0.166459 0.112835
    28 0.506271 8.500866 13.617253 -1.233973 0.429594 1.426285
    29 -0.384987 -0.460049 7.003448 -1.756665 -0.328574 0.365646
    30 0.561516 -0.596954 5.061852 -1.555027 -0.229417 0.250492
    31 -2.452171 -8.899406 11.597897 -1.496796 -0.464135 1.391006
    32 0.680496 -0.903999 6.074253 -1.814198 0.187482 -0.029406
    33 0.245514 -0.661150 3.388004 -1.067633 0.146759 -0.042625
    34 -0.717484 -3.784271 13.043911 -1.380126 -0.198575 1.470761
    35 1.099216 -1.407745 8.017889 -1.671332 0.029721 -0.013541
    36 0.068439 -0.807653 3.686054 -1.355057 0.031000 -0.006756
    37 -4.004929 6.172707 4.754754 -0.203018 1.105489 2.282069
    38 0.158352 -1.149811 5.804394 -0.757240 -0.405186 0.184831
    39 -1.083523 -1.463142 5.544399 -1.233272 -0.221733 -0.039064
    40 -6.289886 0.932434 13.569063 -0.126803 0.612110 2.869610
    41 1.327774 -0.766687 12.396328 -0.030155 0.012443 -0.264852
    42 -0.096140 1.828087 23.185329 -0.050982 -0.590826 -1.570102
    43 2.325478 -0.000003 6.169296 -0.131698 -0.068951 1.699366
    44 0.000000 -3.152912 0.122169 1.961052 0.000000 0.000000
    45 1.068383 -10.478592 7.066338 0.292219 -1.282324 -3.141588
    46 0.000000 0.000000 2.279457 0.547137 -0.343566 0.107833
    47 2.479414 -8.323895 6.074242 -0.008284 -0.072960 1.578399
    48 0.000003 -5.075260 5.796789 0.000000 0.000000 0.000000
    49 -1.068383 -10.478611 7.065971 0.292231 1.282324 3.141588
    50 -0.000488 0.000015 2.279600 0.547136 0.343566 0.107835
    51 -2.479401 -8.323895 6.074234 0.009055 -0.072170 1.583740
    52 -5.790000 4.432083 14.255558 -5.838534 0.452037 -2.186410
    53 1.044540 -2.839314 19.743252 0.154783 0.089326 -0.099829
    54 -2.655510 -1.533379 24.792648 -0.323618 -0.084574 0.386434
    55 -1.120216 -0.154385 9.795983 -0.074753 0.015118 0.673130
    56 -2.240372 -0.308788 19.592047 -0.285617 -0.232910 1.415300
    57 -0.683205 2.877342 14.167089 -1.140987 -0.070195 -1.469032
    58 -0.144958 -0.145317 7.579308 -1.911746 0.482432 -0.229645
    59 -0.038551 -0.936644 4.697678 -1.166326 0.226924 -0.120355
    60 -0.506317 8.500896 13.617329 -1.274444 -0.425536 -1.441320
    61 0.385056 -0.460075 7.003435 -1.856776 0.460472 -0.377047
    62 -0.456360 -0.710276 5.057732 -1.602734 0.407904 -0.341054
    63 2.452194 -8.899408 11.597939 -1.496813 0.464120 -1.390992
    64 -0.680515 -0.903999 6.074242 -1.814734 -0.203729 0.029430
    65 -0.248295 -0.666843 3.386627 -1.067074 -0.161121 0.046483
    66 0.717491 -3.784309 13.044010 -1.380058 0.198588 -1.470755
    67 -1.099228 -1.407673 8.017876 -1.671442 -0.023395 0.015445
    68 -0.064053 -0.807640 3.686100 -1.355077 -0.028588 0.003253
    69 4.004906 6.172710 4.754800 -0.621680 -0.873488 -1.948893
    70 -0.158381 -1.149773 5.804405 -0.706156 0.605339 0.255842
    71 1.078559 -2.386406 5.215008 -1.192009 0.719860 0.121581
    72 6.289963 0.932404 13.569109 -0.126801 -0.612098 -2.869612
    73 -1.327759 -0.766682 12.396324 -0.027178 -0.011628 0.239657
    74 0.000017 -54.999996 0.000000 0.000000 0.000000 -1.570796
  time 29
    0 0.000000 0.000000 -1.500000 0.000000 0.000000 0.000000
    1 -10.521344 -5.760963 66.994621 3.097005 -0.050653 -3.139334
    2 5.070839 13.134857 2.393669 0.059812 0.099718 0.543379
    3 -0.000034 0.000012 24.761454 -0.359056 -0.041780 0.115890
    4 0.000017 0.000000 24.344809 1.166988 -0.099134 -0.013944
    5 0.002333 -1.019846 24.031336 0.407804 -0.043010 0.016410
    6 0.000034 0.000008 13.404741 -0.000001 -0.000009 0.055895
    7 10.398263 -5.760962 66.994675 3.097005 0.050653 3.139334
    8 7.816478 4.394951 -4.079706 0.778317 -0.571529 0.251897
    9 -0.000004 -0.000006 24.761459 -0.697517 0.081000 -0.426028
    10 -0.000007 0.000004 24.344891 0.560099 0.112860 -0.209315
    11 -0.002360 -1.019903 24.031330 0.767825 0.009606 0.015235
    12 0.000000 -0.000002 13.404737 0.000001 0.000005 -0.194256
    13 -0.061540 -5.245835 72.927078 0.000000 0.000000 0.000000
    14 -7.026234 10.520459 0.737951 -0.231251 -0.213936 -0.437612
    15 0.000000 -0.005608 -1.146812 -0.011223 -0.041491 -0.033580
    16 0.030770 -0.240000 8.906021 -0.004138 0.000000 0.000000
    17 -0.109355 0.559467 0.042572 -0.070050 0.002274 0.158902
    18 0.030770 -0.276858 8.905140 0.056125 0.004134 -0.000049
    19 -0.333307 0.750899 -0.083209 -0.319772 -0.108163 0.068443
    20 5.669724 4.435303 14.302868 0.714075 -0.520428 2.557325
    21 -1.044571 -2.839317 19.743267 -0.187385 0.014200 0.087659
    22 2.655533 -1.533369 24.792658 -0.255393 0.085232 -0.525567
    23 1.120163 -0.154394 9.796035 -0.072931 -0.014067 -0.655094
    24 2.240311 -0.308786 19.592051 -0.465945 0.268923 -1.425146
    25 0.683151 2.877354 14.167051 -1.140986 0.070202 1.469036
    26 0.144936 -0.145374 7.579252 -1.905161 -0.415567 0.231299
    27 0.091660 -0.906685 4.702850 -1.172924 -0.166459 0.112823
    28 0.506271 8.500866 13.617253 -1.274424 0.425574 1.441324
    29 -0.384987 -0.460049 7.003448 -1.820157 -0.313533 0.377259
    30 0.561516 -0.596954 5.061852 -1.597976 -0.219290 0.257731
    31 -2.452171 -8.899406 11.597897 -1.496796 -0.464135 1.391006
    32 0.680496 -0.903999 6.074253 -1.814198 0.187482 -0.029418
    33 0.245514 -0.661150 3.388004 -1.067633 0.146771 -0.042625
    34 -0.717484 -3.784271 13.043911 -1.380126 -0.198575 1.470761
    35 1.099216 -1.407745 8.017889 -1.671332 0.029721 -0.013541
    36 0.068439 -0.807653 3.686054 -1.355092 0.031000 -0.006756
    37 -4.004929 6.172707 4.754754 -0.287419 1.014035 2.269056
    38 0.158352 -1.149811 5.804394 -0.790210 -0.416383 0.182650
    39 -1.083523 -1.463142 5.544399 -1.297518 -0.232687 -0.045446
    40 -6.289886 0.932434 13.569063 -0.126803 0.612110 2.869610
    41 1.327774 -0.766687 12.396328 -0.029963 0.012383 -0.263195
    42 -0.096140 1.828087 23.185329 -0.053345 -0.609659 -1.565852
    43 2.325478 -0.000003 6.169296 -0.186181 -0.068010 1.703717
    44 0.000000 -3.152912 0.122169 1.961052 0.000000 0.000000
    45 1.068383 -10.478592 7.066338 0.292219 -1.282324 -3.141588
    46 0.000000 0.000000 2.279457 0.547137 -0.343566 0.107833
    47 2.479414 -8.323895 6.074242 -0.007686 -0.078595 1.592439
    48 0.000003 -5.075260 5.800696 0.000000 0.000000 0.000000
    49 -1.068383 -10.478611 7.065971 0.292219 1.282324 3.141588
    50 -0.000488 0.000015 2.279600 0.547136 0.343566 0.107835
    51 -2.479401 -8.323895 6.074234 0.009637 -0.077462 1.598111
    52 -5.790000 4.432083 14.255558 -5.840931 0.454446 -2.184206
    53 1.044540 -2.839314 19.743252 0.132186 0.066856 -0.104020
    54 -2.655510 -1.533379 24.792648 -0.309225 -0.084587 0.390977
    55 -1.120216 -0.154385 9.795983 -0.074861 0.015178 0.674273
    56 -2.240372 -0.308788 19.592047 -0.294552 -0.251078 1.425266
    57 -0.683205 2.877342 14.167089 -1.141036 -0.070195 -1.469032
    58 -0.144958 -0.145317 7.579308 -1.911746 0.482432 -0.229657
    59 -0.038551 -0.936644 4.697678 -1.166375 0.226924 -0.120343
    60 -0.506317 8.500896 13.617329 -1.274444 -0.425562 -1.441320
    61 0.385056 -0.460075 7.003435 -1.856776 0.460437 -0.377047
    62 -0.456360 -0.710276 5.057732 -1.602734 0.407904 -0.341054
    63 2.452194 -8.899408 11.597939 -1.496853 0.464120 -1.390992
    64 -0.680515 -0.903999 6.074242 -1.814734 -0.203729 0.029430
    65 -0.248295 -0.666843 3.386627 -1.067074 -0.161121 0.046483
    66 0.717491 -3.784309 13.044010 -1.380108 0.198600 -1.470755
    67 -1.099228 -1.407673 8.017876 -1.671442 -0.023395 0.015445
    68 -0.064053 -0.807640 3.686100 -1.355077 -0.028588 0.003253
    69 4.004906 6.172710 4.754800 -0.597436 -0.881575 -1.978201
    70 -0.158381 -1.149773 5.804405 -0.704935 0.604600 0.255988
    71 1.078559 -2.386406 5.215008 -1.190672 0.719125 0.121910
    72 6.289963 0.932404 13.569109 -0.126801 -0.612098 -2.869612
    73 -1.327759 -0.766682 12.396324 -0.027286 -0.011664 0.240536
    74 0.000017 -54.999996 0.000000 0.000000 0.000000 -1.570796
  time 30
    0 0.000000 0.000000 -1.500000 0.000000 0.000000 0.000000
    1 -10.521344 -5.760963 66.994621 3.097005 -0.050653 -3.139334
    2 3.523916 8.174953 3.223377 0.026472 0.178352 0.590695
    3 -0.000034 0.000012 24.761454 -0.417065 -0.048515 0.048787
    4 0.000017 0.000000 24.344809 1.255883 -0.158007 -0.028809
    5 0.002333 -1.019846 24.031336 0.412732 -0.043093 0.016194
    6 0.000034 0.000008 13.404741 -0.000001 -0.000009 0.031975
    7 10.398263 -5.760962 66.994675 3.097005 0.050653 3.139334
    8 6.531283 -0.900543 -3.135539 0.735065 -0.679113 0.190587
    9 -0.000004 -0.000006 24.761459 -0.740360 0.085986 -0.544206
    10 -0.000007 0.000004 24.344891 0.711057 0.252536 -0.153805
    11 -0.002360 -1.019903 24.031330 0.872401 0.017252 0.008332
    12 0.000000 -0.000002 13.404737 0.000001 0.000005 -0.239793
    13 -0.061540 -5.245835 72.927078 0.000000 0.000000 0.000000
    14 -5.424623 5.710788 -0.501259 -0.316094 -0.190469 -0.322250
    15 0.000000 -0.005608 -1.146812 -0.009597 -0.023641 -0.167799
    16 0.030770 -0.240000 8.906021 -0.004138 0.000000 0.000000
    17 -0.074198 0.563373 0.038665 -0.071292 0.006452 0.154070
    18 0.030770 -0.276858 8.905140 0.056125 0.004134 -0.000049
    19 -0.270805 0.715741 -0.071490 -0.301399 -0.085782 0.056159
    20 5.669724 4.435303 14.302868 0.720774 -0.521485 2.560296
    21 -1.044571 -2.839317 19.743267 -0.391579 -0.128523 0.065352
    22 2.655533 -1.533369 24.792658 -0.247799 0.085040 -0.462245
    23 1.120163 -0.154394 9.796035 -0.071445 -0.013228 -0.640331
    24 2.240311 -0.308786 19.592051 -0.477260 0.217583 -1.364893
    25 0.683151 2.877354 14.167051 -1.140986 0.070202 1.469036
    26 0.144936 -0.145374 7.579252 -1.905161 -0.415555 0.231299
    27 0.091660 -0.906685 4.702850 -1.172924 -0.166459 0.112835
    28 0.506271 8.500866 13.617253 -1.274424 0.425574 1.441324
    29 -0.384987 -0.460049 7.003448 -1.820157 -0.313533 0.377259
    30 0.561516 -0.596954 5.061852 -1.597976 -0.219290 0.257743
    31 -2.452171 -8.899406 11.597897 -1.496796 -0.464135 1.391006
    32 0.680496 -0.903999 6.074253 -1.814198 0.187482 -0.029418
    33 0.245514 -0.661150 3.388004 -1.067633 0.146771 -0.042613
    34 -0.717484 -3.784271 13.043911 -1.380126 -0.198575 1.470745
    35 1.099216 -1.407745 8.017889 -1.671332 0.029721 -0.013541
    36 0.068439 -0.807653 3.686054 -1.355057 0.031012 -0.006744
    37 -4.004929 6.172707 4.754754 -0.342726 0.952227 2.262453
    38 0.158352 -1.149811 5.804394 -0.812713 -0.423457 0.181176
    39 -1.083523 -1.463142 5.544399 -1.340000 -0.239974 -0.049354
    40 -6.289886 0.932434 13.569063 -0.126803 0.612110 2.869610
    41 1.327774 -0.766687 12.396328 -0.026584 0.011424 -0.234672
    42 -0.096140 1.828087 23.185329 -0.045726 -0.573586 -1.574596
    43 2.325478 -0.000003 6.169296 -0.316540 -0.071006 1.705473
    44 0.000000 -3.152912 0.122169 1.961052 0.000000 0.000000
    45 1.068383 -10.478592 7.066338 0.292219 -1.282324 -3.141588
    46 0.000000 0.000000 2.279457 0.547137 -0.343566 0.107833
    47 2.479414 -8.323895 6.074242 -0.007441 -0.057932 1.597883
    48 0.000003 -5.075260 5.855385 0.000000 0.000000 0.000000
    49 -1.068383 -10.478611 7.065971 0.292219 1.282324 3.141588
    50 -0.000488 0.000015 2.279600 0.547136 0.343566 0.107835
    51 -2.479401 -8.323895 6.074234 0.009858 -0.055537 1.604146
    52 -5.790000 4.432083 14.255558 -5.857035 0.457936 -2.193596
    53 1.044540 -2.839314 19.743252 0.141648 -0.000047 -0.116376
    54 -2.655510 -1.533379 24.792648 -0.301777 -0.084095 0.363336
    55 -1.120216 -0.154385 9.795983 -0.074957 0.015250 0.675225
    56 -2.240372 -0.308788 19.592047 -0.214825 -0.136279 1.383337
    57 -0.683205 2.877342 14.167089 -1.140987 -0.070195 -1.469019
    58 -0.144958 -0.145317 7.579308 -1.911746 0.482432 -0.229645
    59 -0.038551 -0.936644 4.697678 -1.166326 0.226936 -0.120355
    60 -0.506317 8.500896 13.617329 -1.274444 -0.425562 -1.441320
    61 0.385056 -0.460075 7.003435 -1.856776 0.460437 -0.377047
    62 -0.456360 -0.710276 5.057732 -1.602734 0.407904 -0.341054
    63 2.452194 -8.899408 11.597939 -1.496813 0.464143 -1.390992
    64 -0.680515 -0.903999 6.074242 -1.814734 -0.203729 0.029430
    65 -0.248295 -0.666843 3.386627 -1.067074 -0.161121 0.046483
    66 0.717491 -3.784309 13.044010 -1.380108 0.198600 -1.470743
    67 -1.099228 -1.407673 8.017876 -1.671442 -0.023395 0.015445
    68 -0.064053 -0.807640 3.686100 -1.355077 -0.028600 0.003253
    69 4.004906 6.172710 4.754800 -0.570030 -0.889934 -2.011273
    70 -0.158381 -1.149773 5.804405 -0.703574 0.603696 0.256193
    71 1.078559 -2.386406 5.215008 -1.189095 0.718329 0.122348
    72 6.289963 0.932404 13.569109 -0.126801 -0.612098 -2.869612
    73 -1.327759 -0.766682 12.396324 -0.027298 -0.011664 0.240721
    74 0.000017 -54.999996 0.000000 0.000000 0.000000 -1.570796
  time 31
    0 0.000000 0.000000 -1.500000 0.000000 0.000000 0.000000
    1 -10.521344 -5.760963 66.994621 3.097005 -0.050653 -3.139334
    2 -0.132445 0.415894 6.048869 0.008641 0.331194 0.620099
    3 -0.000034 0.000012 24.761454 -0.552311 -0.064203 -0.028333
    4 0.000017 0.000000 24.344809 1.418261 -0.257963 -0.066879
    5 0.002333 -1.019846 24.031336 0.418519 -0.043177 0.015955
    6 0.000034 0.000008 13.404741 -0.000001 -0.000009 0.004659
    7 10.398263 -5.760962 66.994675 3.097005 0.050653 3.139334
    8 3.093678 -8.569017 0.191527 0.597204 -0.674247 0.209731
    9 -0.000004 -0.000006 24.761459 -0.750424 0.087148 -0.519193
    10 -0.000007 0.000004 24.344891 1.092034 0.361792 -0.104853
    11 -0.002360 -1.019903 24.031330 0.860141 0.020955 0.003886
    12 0.000000 -0.000002 13.404737 0.000001 0.000005 -0.224077
    13 -0.061540 -5.245835 72.927078 0.000000 0.000000 0.000000
    14 -1.819044 -1.835622 -3.948517 -0.354371 -0.139337 -0.181244
    15 0.000000 -0.005608 -1.146812 -0.004174 -0.017477 -0.308377
    16 0.030770 -0.240000 8.906021 -0.004138 0.000000 0.000000
    17 0.007836 0.582905 0.030853 -0.073922 0.016112 0.149318
    18 0.030770 -0.276858 8.905140 0.056125 0.004134 -0.000049
    19 -0.145801 0.637614 -0.051958 -0.268228 -0.042890 0.035545
    20 5.669724 4.435303 14.302868 0.424661 -0.583463 2.527713
    21 -1.044571 -2.839317 19.743267 -0.097762 -0.179403 0.086644
    22 2.655533 -1.533369 24.792658 -0.556869 0.080198 -0.881728
    23 1.120163 -0.154394 9.796035 -0.054439 -0.005582 -0.478696
    24 2.240311 -0.308786 19.592051 -0.328601 0.278593 -1.022953
    25 0.683151 2.877354 14.167051 -1.140986 0.070202 1.469036
    26 0.144936 -0.145374 7.579252 -1.905161 -0.415555 0.231299
    27 0.091660 -0.906685 4.702850 -1.172924 -0.166459 0.112835
    28 0.506271 8.500866 13.617253 -1.274424 0.425552 1.441324
    29 -0.384987 -0.460049 7.003448 -1.820157 -0.313533 0.377259
    30 0.561516 -0.596954 5.061852 -1.597976 -0.219290 0.257731
    31 -2.452171 -8.899406 11.597897 -1.496796 -0.464135 1.391006
    32 0.680496 -0.903999 6.074253 -1.814198 0.187482 -0.029406
    33 0.245514 -0.661150 3.388004 -1.067633 0.146759 -0.042625
    34 -0.717484 -3.784271 13.043911 -1.380126 -0.198575 1.470761
    35 1.099216 -1.407745 8.017889 -1.671332 0.029721 -0.013541
    36 0.068439 -0.807653 3.686054 -1.355092 0.031000 -0.006744
    37 -4.004929 6.172707 4.754754 -0.362903 0.929500 2.260348
    38 0.158352 -1.149811 5.804394 -0.821019 -0.425938 0.180613
    39 -1.083523 -1.463142 5.544399 -1.355382 -0.242598 -0.050735
    40 -6.289886 0.932434 13.569063 -0.126803 0.612110 2.869610
    41 1.327774 -0.766687 12.396328 -0.052003 0.016158 -0.444474
    42 -0.096140 1.828087 23.185329 -0.032748 -0.499177 -1.589821
    43 2.325478 -0.000003 6.169296 -0.503817 -0.077589 1.707428
    44 0.000000 -3.152912 0.122169 1.961052 0.000000 0.000000
    45 1.068383 -10.478592 7.066338 0.292219 -1.282324 -3.141588
    46 0.000000 0.000000 2.279457 0.547137 -0.343566 0.107833
    47 2.479414 -8.323895 6.074242 -0.007414 -0.030790 1.598265
    48 0.000003 -5.075260 5.925699 0.000000 0.000000 0.000000
    49 -1.068383 -10.478611 7.065971 0.292219 1.282324 3.141588
    50 -0.000488 0.000015 2.279600 0.547136 0.343566 0.107835
    51 -2.479401 -8.323895 6.074234 0.009878 -0.026809 1.605105
    52 -5.790000 4.432083 14.255558 -5.873331 0.459182 -2.204806
    53 1.044540 -2.839314 19.743252 -0.148377 0.155381 -0.086140
    54 -2.655510 -1.533379 24.792648 -0.552650 -0.057032 1.242336
    55 -1.120216 -0.154385 9.795983 -0.033874 0.000329 0.294694
    56 -2.240372 -0.308788 19.592047 -0.109897 -0.024895 0.586339
    57 -0.683205 2.877342 14.167089 -1.141036 -0.070195 -1.469019
    58 -0.144958 -0.145317 7.579308 -1.911746 0.482432 -0.229645
    59 -0.038551 -0.936644 4.697678 -1.166326 0.226936 -0.120343
    60 -0.506317 8.500896 13.617329 -1.274444 -0.425536 -1.441320
    61 0.385056 -0.460075 7.003435 -1.856776 0.460437 -0.377047
    62 -0.456360 -0.710276 5.057732 -1.602734 0.407904 -0.341036
    63 2.452194 -8.899408 11.597939 -1.496853 0.464120 -1.390992
    64 -0.680515 -0.903999 6.074242 -1.814734 -0.203729 0.029430
    65 -0.248295 -0.666843 3.386627 -1.067074 -0.161121 0.046483
    66 0.717491 -3.784309 13.044010 -1.380108 0.198588 -1.470743
    67 -1.099228 -1.407673 8.017876 -1.671442 -0.023395 0.015445
    68 -0.064053 -0.807640 3.686100 -1.355077 -0.028612 0.003253
    69 4.004906 6.172710 4.754800 -0.540290 -0.898083 -2.047048
    70 -0.158381 -1.149773 5.804405 -0.702144 0.602820 0.256457
    71 1.078559 -2.386406 5.215008 -1.187566 0.717440 0.122750
    72 6.289963 0.932404 13.569109 -0.126801 -0.612098 -2.869612
    73 -1.327759 -0.766682 12.396324 -0.072984 -0.016026 0.614726
    74 0.000017 -54.999996 0.000000 0.000000 0.000000 -1.570796
  time 32
    0 0.000000 0.000000 -1.500000 0.000000 0.000000 0.000000
    1 -10.521344 -5.760963 66.994621 3.097005 -0.050653 -3.139334
    2 -3.636458 -6.864362 8.582842 -0.213875 0.427671 0.344852
    3 -0.000034 0.000012 24.761454 -0.493245 -0.057348 0.164304
    4 0.000017 0.000000 24.344809 1.454387 -0.346284 -0.084921
    5 0.002333 -1.019846 24.031336 0.427666 -0.043321 0.015535
    6 0.000034 0.000008 13.404741 -0.000001 -0.000009 0.090150
    7 10.398263 -5.760962 66.994675 3.097005 0.050653 3.139334
    8 -1.558808 -13.115148 4.597640 0.468130 -0.485309 0.201314
    9 -0.000004 -0.000006 24.761459 -0.375397 0.043680 -0.426961
    10 -0.000007 0.000004 24.344891 1.027818 0.315375 -0.167383
    11 -0.002360 -1.019903 24.031330 0.802069 0.019026 0.005659
    12 0.000000 -0.000002 13.404737 0.000001 0.000005 -0.197734
    13 -0.061540 -5.245835 72.927078 0.000000 0.000000 0.000000
    14 1.950602 -8.648353 -7.283120 -0.176075 -0.070742 -0.130679
    15 0.000000 -0.005608 -1.146812 0.031774 -0.086648 -0.203154
    16 0.030770 -0.240000 8.906021 -0.004138 0.000000 0.000000
    17 0.097682 0.547748 0.023040 -0.068388 0.025442 0.144605
    18 0.030770 -0.276858 8.905140 0.056125 0.004134 -0.000049
    19 -0.048142 0.582925 -0.048052 -0.243135 -0.005286 0.019725
    20 5.669724 4.435303 14.302868 0.169988 -0.638323 2.435425
    21 -1.044571 -2.839317 19.743267 0.087402 -0.151797 0.089943
    22 2.655533 -1.533369 24.792658 -1.034405 0.023864 -1.766952
    23 1.120163 -0.154394 9.796035 -0.038128 -0.001088 -0.332100
    24 2.240311 -0.308786 19.592051 -0.207402 0.220806 -0.685642
    25 0.683151 2.877354 14.167051 -1.140986 0.070202 1.469036
    26 0.144936 -0.145374 7.579252 -1.905161 -0.415567 0.231299
    27 0.091660 -0.906685 4.702850 -1.172924 -0.166459 0.112835
    28 0.506271 8.500866 13.617253 -1.274424 0.425574 1.441324
    29 -0.384987 -0.460049 7.003448 -1.820157 -0.313533 0.377259
    30 0.561516 -0.596954 5.061852 -1.597976 -0.219290 0.257743
    31 -2.452171 -8.899406 11.597897 -1.496796 -0.464135 1.391006
    32 0.680496 -0.903999 6.074253 -1.814198 0.187482 -0.029418
    33 0.245514 -0.661150 3.388004 -1.067633 0.146771 -0.042625
    34 -0.717484 -3.784271 13.043911 -1.380126 -0.198575 1.470761
    35 1.099216 -1.407745 8.017889 -1.671332 0.029721 -0.013541
    36 0.068439 -0.807653 3.686054 -1.355092 0.031000 -0.006744
    37 -4.004929 6.172707 4.754754 -0.362903 0.929500 2.260348
    38 0.158352 -1.149811 5.804394 -0.820977 -0.425938 0.180613
    39 -1.083523 -1.463142 5.544399 -1.355382 -0.242598 -0.050735
    40 -6.289886 0.932434 13.569063 -0.126803 0.612110 2.869610
    41 1.327774 -0.766687 12.396328 -0.107168 0.007889 -0.900233
    42 -0.096140 1.828087 23.185329 -0.023794 -0.469095 -1.597739
    43 2.325478 -0.000003 6.169296 -0.619277 -0.076938 1.706870
    44 0.000000 -3.152912 0.122169 1.960726 0.015652 -0.038051
    45 1.068383 -10.478592 7.066338 0.292219 -1.282324 -3.141588
    46 0.000000 0.000000 2.279457 0.547137 -0.343566 0.107833
    47 2.479414 -8.323895 6.074242 -0.008474 -0.064836 1.572382
    48 0.000003 -5.075260 5.929606 0.000000 0.000000 0.000000
    49 -1.068383 -10.478611 7.065971 0.292219 1.282324 3.141588
    50 -0.000488 0.000015 2.279600 0.547136 0.343566 0.107835
    51 -2.479401 -8.323895 6.074234 0.008834 -0.061349 1.577800
    52 -5.790000 4.432083 14.255558 -5.815816 0.368797 -2.095577
    53 1.044540 -2.839314 19.743252 -0.241936 0.446522 -0.091093
    54 -2.655510 -1.533379 24.792648 -1.119618 -0.064345 1.469829
    55 -1.120216 -0.154385 9.795983 -0.046889 0.003194 0.410012
    56 -2.240372 -0.308788 19.592047 -0.530602 0.009658 0.718657
    57 -0.683205 2.877342 14.167089 -1.140987 -0.070195 -1.469019
    58 -0.144958 -0.145317 7.579308 -1.911746 0.482432 -0.229657
    59 -0.038551 -0.936644 4.697678 -1.166326 0.226936 -0.120343
    60 -0.506317 8.500896 13.617329 -1.274444 -0.425536 -1.441320
    61 0.385056 -0.460075 7.003435 -1.856776 0.460472 -0.377047
    62 -0.456360 -0.710276 5.057732 -1.602734 0.407904 -0.341036
    63 2.452194 -8.899408 11.597939 -1.496813 0.464120 -1.390992
    64 -0.680515 -0.903999 6.074242 -1.814734 -0.203729 0.029430
    65 -0.248295 -0.666843 3.386627 -1.067074 -0.161121 0.046483
    66 0.717491 -3.784309 13.044010 -1.380108 0.198588 -1.470743
    67 -1.099228 -1.407673 8.017876 -1.671442 -0.023395 0.015445
    68 -0.064053 -0.807640 3.686100 -1.355077 -0.028588 0.003253
    69 4.004906 6.172710 4.754800 -0.509345 -0.905627 -2.084296
    70 -0.158381 -1.149773 5.804405 -0.700679 0.601889 0.256633
    71 1.078559 -2.386406 5.215008 -1.185894 0.716613 0.123152
    72 6.289963 0.932404 13.569109 -0.126801 -0.612098 -2.869612
    73 -1.327759 -0.766682 12.396324 -0.091847 -0.012838 0.769898
    74 0.000017 -54.999996 0.000000 0.000000 0.000000 -1.570796
  time 33
    0 0.000000 0.000000 -1.500000 0.000000 0.000000 0.000000
    1 -10.521344 -5.760963 66.994621 3.097005 -0.050653 -3.139334
    2 -6.851400 -11.701496 11.453183 -0.349215 0.476020 0.089397
    3 -0.000034 0.000012 24.761454 -0.596621 -0.069320 0.346314
    4 0.000017 0.000000 24.344809 1.511164 -0.381322 -0.114629
    5 0.002333 -1.019846 24.031336 0.442637 -0.043561 0.014888
    6 0.000034 0.000008 13.404741 -0.000001 -0.000009 0.139277
    7 10.398263 -5.760962 66.994675 3.097005 0.050653 3.139334
    8 -5.203450 -15.550575 8.756472 0.736430 -0.447009 0.094868
    9 -0.000004 -0.000006 24.761459 -0.664628 0.077201 -0.349623
    10 -0.000007 0.000004 24.344891 0.848397 0.187320 -0.181760
    11 -0.002360 -1.019903 24.031330 0.703346 0.015958 0.008919
    12 0.000000 -0.000002 13.404737 0.000001 0.000005 -0.169824
    13 -0.061540 -5.245835 72.927078 0.000000 0.000000 0.000000
    14 5.235859 -13.551191 -10.730378 0.033009 -0.009597 -0.094407
    15 0.000000 -0.005608 -1.146812 0.064373 -0.143898 -0.095132
    16 0.030770 -0.240000 8.906021 -0.004138 0.000000 0.000000
    17 0.171903 0.309459 0.023040 -0.026637 0.029165 0.146283
    18 0.030770 -0.276858 8.905140 0.056125 0.004134 -0.000049
    19 0.049517 0.645427 -0.051958 -0.255216 0.029932 0.006674
    20 5.669724 4.435303 14.302868 0.321107 -0.471664 2.268100
    21 -1.044571 -2.839317 19.743267 0.041710 -0.135307 0.092707
    22 2.655533 -1.533369 24.792658 -1.361007 0.046997 -1.802859
    23 1.120163 -0.154394 9.796035 -0.042131 -0.001975 -0.367628
    24 2.240311 -0.308786 19.592051 -0.314762 -0.052796 -0.688094
    25 0.683151 2.877354 14.167051 -1.140986 0.070202 1.469036
    26 0.144936 -0.145374 7.579252 -1.905161 -0.415555 0.231299
    27 0.091660 -0.906685 4.702850 -1.172924 -0.166459 0.112835
    28 0.506271 8.500866 13.617253 -1.274424 0.425574 1.441324
    29 -0.384987 -0.460049 7.003448 -1.820157 -0.313533 0.377259
    30 0.561516 -0.596954 5.061852 -1.597976 -0.219290 0.257743
    31 -2.452171 -8.899406 11.597897 -1.496796 -0.464135 1.391006
    32 0.680496 -0.903999 6.074253 -1.814198 0.187482 -0.029418
    33 0.245514 -0.661150 3.388004 -1.067633 0.146771 -0.042613
    34 -0.717484 -3.784271 13.043911 -1.380126 -0.198575 1.470761
    35 1.099216 -1.407745 8.017889 -1.671332 0.029721 -0.013541
    36 0.068439 -0.807653 3.686054 -1.355092 0.031000 -0.006756
    37 -4.004929 6.172707 4.754754 -0.362903 0.929500 2.260348
    38 0.158352 -1.149811 5.804394 -0.821019 -0.425938 0.180613
    39 -1.083523 -1.463142 5.544399 -1.355382 -0.242598 -0.050735
    40 -6.289886 0.932434 13.569063 -0.126803 0.612110 2.869610
    41 1.327774 -0.766687 12.396328 -0.112645 0.005600 -0.948340
    42 -0.096140 1.828087 23.185329 -0.020489 -0.543153 -1.591258
    43 2.325478 -0.000003 6.169296 -0.598696 -0.057839 1.684040
    44 0.000000 -3.152912 0.122169 1.960173 0.026774 -0.065136
    45 1.068383 -10.478592 7.066338 0.292219 -1.282324 -3.141588
    46 0.000000 0.000000 2.279457 0.547137 -0.343566 0.107833
    47 2.479414 -8.323895 6.074242 -0.009127 -0.114660 1.557578
    48 0.000003 -5.075260 5.929606 0.000000 0.000000 0.000000
    49 -1.068383 -10.478611 7.065971 0.292219 1.282324 3.141588
    50 -0.000488 0.000015 2.279600 0.547136 0.343566 0.107835
    51 -2.479401 -8.323895 6.074234 0.008211 -0.112569 1.561800
    52 -5.790000 4.432083 14.255558 -5.769325 0.304706 -1.941601
    53 1.044540 -2.839314 19.743252 -0.218170 0.679028 -0.102251
    54 -2.655510 -1.533379 24.792648 -1.582613 -0.127648 1.286714
    55 -1.120216 -0.154385 9.795983 -0.060132 0.007784 0.531451
    56 -2.240372 -0.308788 19.592047 -0.889297 0.092428 0.755516
    57 -0.683205 2.877342 14.167089 -1.140987 -0.070195 -1.469019
    58 -0.144958 -0.145317 7.579308 -1.911746 0.482432 -0.229645
    59 -0.038551 -0.936644 4.697678 -1.166326 0.226936 -0.120355
    60 -0.506317 8.500896 13.617329 -1.274444 -0.425536 -1.441320
    61 0.385056 -0.460075 7.003435 -1.856776 0.460472 -0.377047
    62 -0.456360 -0.710276 5.057732 -1.602734 0.407904 -0.341054
    63 2.452194 -8.899408 11.597939 -1.496813 0.464120 -1.390992
    64 -0.680515 -0.903999 6.074242 -1.814734 -0.203729 0.029430
    65 -0.248295 -0.666843 3.386627 -1.067074 -0.161121 0.046483
    66 0.717491 -3.784309 13.044010 -1.380108 0.198588 -1.470743
    67 -1.099228 -1.407673 8.017876 -1.671442 -0.023395 0.015445
    68 -0.064053 -0.807640 3.686100 -1.355077 -0.028600 0.003253
    69 4.004906 6.172710 4.754800 -0.478325 -0.912252 -2.121544
    70 -0.158381 -1.149773 5.804405 -0.699249 0.600958 0.256867
    71 1.078559 -2.386406 5.215008 -1.184365 0.715756 0.123627
    72 6.289963 0.932404 13.569109 -0.126801 -0.612098 -2.869612
    73 -1.327759 -0.766682 12.396324 -0.080797 -0.015067 0.678525
    74 0.000017 -54.999996 0.000000 0.000000 0.000000 -1.570796
  time 34
    0 0.000000 0.000000 -1.500000 0.000000 0.000000 0.000000
    1 -10.521344 -5.760963 66.994621 3.097005 -0.050653 -3.139334
    2 -9.742113 -13.886801 16.386582 -0.276660 0.631646 0.036707
    3 -0.000034 0.000012 24.761454 -0.944025 -0.109552 0.314554
    4 0.000017 0.000000 24.344809 1.676069 -0.395990 -0.187745
    5 0.002333 -1.019846 24.031336 0.462312 -0.043836 0.014001
    6 0.000034 0.000008 13.404741 -0.000001 -0.000009 0.084877
    7 10.398263 -5.760962 66.994675 3.097005 0.050653 3.139334
    8 -7.652744 -17.723725 14.713717 1.081936 -0.539192 0.021346
    9 -0.000004 -0.000006 24.761459 -1.266740 0.146916 -0.419963
    10 -0.000007 0.000004 24.344891 1.094874 0.184831 -0.200614
    11 -0.002360 -1.019903 24.031330 0.389663 0.008599 0.021048
    12 0.000000 -0.000002 13.404737 0.000001 0.000005 -0.224249
    13 -0.061540 -5.245835 72.927078 0.000000 0.000000 0.000000
    14 8.052351 -15.996787 -16.295560 0.119004 0.017965 -0.079874
    15 0.000000 -0.005608 -1.146812 0.064373 -0.143898 -0.095132
    16 0.030770 -0.240000 8.906021 -0.004138 0.000000 0.000000
    17 0.203154 -0.131961 0.015227 0.046280 0.020100 0.161537
    18 0.030770 -0.276858 8.905140 0.056125 0.004134 -0.000049
    19 0.151083 0.723554 -0.063677 -0.266262 0.064348 -0.004316
    20 5.669724 4.435303 14.302868 0.409443 -0.329176 2.143995
    21 -1.044571 -2.839317 19.743267 -0.230973 -0.447054 0.089887
    22 2.655533 -1.533369 24.792658 -1.548133 0.065019 -1.813454
    23 1.120163 -0.154394 9.796035 -0.048063 -0.003533 -0.420781
    24 2.240311 -0.308786 19.592051 -0.383260 -0.333212 -0.737825
    25 0.683151 2.877354 14.167051 -1.140986 0.070202 1.469036
    26 0.144936 -0.145374 7.579252 -1.905161 -0.415567 0.231299
    27 0.091660 -0.906685 4.702850 -1.172924 -0.166459 0.112835
    28 0.506271 8.500866 13.617253 -1.274424 0.425574 1.441324
    29 -0.384987 -0.460049 7.003448 -1.820157 -0.313533 0.377259
    30 0.561516 -0.596954 5.061852 -1.597976 -0.219290 0.257743
    31 -2.452171 -8.899406 11.597897 -1.496796 -0.464135 1.391006
    32 0.680496 -0.903999 6.074253 -1.814198 0.187482 -0.029418
    33 0.245514 -0.661150 3.388004 -1.067633 0.146771 -0.042613
    34 -0.717484 -3.784271 13.043911 -1.380126 -0.198575 1.470761
    35 1.099216 -1.407745 8.017889 -1.671332 0.029721 -0.013541
    36 0.068439 -0.807653 3.686054 -1.355092 0.031000 -0.006756
    37 -4.004929 6.172707 4.754754 -0.362903 0.929500 2.260253
    38 0.158352 -1.149811 5.804394 -0.821019 -0.425938 0.180613
    39 -1.083523 -1.463142 5.544399 -1.355382 -0.242598 -0.050735
    40 -6.289886 0.932434 13.569063 -0.126803 0.612110 2.869610
    41 1.327774 -0.766687 12.396328 -0.115330 0.004341 -0.972293
    42 -0.096140 1.828087 23.185329 -0.022047 -0.661856 -1.577684
    43 2.325478 -0.000003 6.169296 -0.507064 -0.028800 1.652189
    44 0.000000 -3.152912 0.122169 2.266691 -0.005561 0.013531
    45 1.068383 -10.478592 7.066338 0.292219 -1.282324 -3.141588
    46 0.000000 0.000000 2.279457 0.547137 -0.343566 0.107833
    47 2.479414 -8.323895 6.074242 -0.007550 -0.120013 1.597214
    48 0.000003 -5.075260 5.929606 0.000000 0.000000 0.000000
    49 -1.068383 -10.478611 7.065971 0.292219 1.282324 3.141588
    50 -0.000488 0.000015 2.279600 0.547136 0.343566 0.107835
    51 -2.479401 -8.323895 6.074234 0.009818 -0.119137 1.601176
    52 -5.790000 4.432083 14.255558 -5.589784 0.886222 -1.707429
    53 1.044540 -2.839314 19.743252 -0.418533 0.516435 -0.121084
    54 -2.655510 -1.533379 24.792648 -1.557299 -0.114757 1.389252
    55 -1.120216 -0.154385 9.795983 -0.057663 0.006777 0.508518
    56 -2.240372 -0.308788 19.592047 -0.462788 0.062726 0.935434
    57 -0.683205 2.877342 14.167089 -1.140987 -0.070195 -1.469019
    58 -0.144958 -0.145317 7.579308 -1.911746 0.482432 -0.229645
    59 -0.038551 -0.936644 4.697678 -1.166326 0.226924 -0.120355
    60 -0.506317 8.500896 13.617329 -1.274444 -0.425536 -1.441320
    61 0.385056 -0.460075 7.003435 -1.856776 0.460472 -0.377047
    62 -0.456360 -0.710276 5.057732 -1.602734 0.407904 -0.341054
    63 2.452194 -8.899408 11.597939 -1.496813 0.464120 -1.390992
    64 -0.680515 -0.903999 6.074242 -1.814734 -0.203729 0.029430
    65 -0.248295 -0.666843 3.386627 -1.067074 -0.161121 0.046483
    66 0.717491 -3.784309 13.044010 -1.380108 0.198588 -1.470743
    67 -1.099228 -1.407673 8.017876 -1.671442 -0.023395 0.015445
    68 -0.064053 -0.807640 3.686100 -1.355077 -0.028588 0.003253
    69 4.004906 6.172710 4.754800 -0.448434 -0.917810 -2.157482
    70 -0.158381 -1.149773 5.804405 -0.697959 0.600109 0.257043
    71 1.078559 -2.386406 5.215008 -1.182884 0.714928 0.124029
    72 6.289963 0.932404 13.569109 -0.126801 -0.612098 -2.869612
    73 -1.327759 -0.766682 12.396324 -0.090157 -0.013234 0.755787
    74 0.000017 -54.999996 0.000000 0.000000 0.000000 -1.570796
  time 35
    0 0.000000 0.000000 -1.500000 0.000000 0.000000 0.000000
    1 -10.521344 -5.760963 66.994621 3.097005 -0.050653 -3.139334
    2 -11.472635 -15.224993 20.221178 -0.279529 0.718380 -0.027954
    3 -0.000034 0.000012 24.761454 -1.117362 -0.129603 0.296516
    4 0.000017 0.000000 24.344809 1.769588 -0.430893 -0.249798
    5 0.002333 -1.019846 24.031336 0.485683 -0.044172 0.012959
    6 0.000034 0.000008 13.404741 -0.000001 -0.000009 0.051402
    7 10.398263 -5.760962 66.994675 3.097005 0.050653 3.139334
    8 -8.988722 -19.147514 19.074870 1.263134 -0.612061 -0.015209
    9 -0.000004 -0.000006 24.761459 -1.565596 0.181467 -0.514240
    10 -0.000007 0.000004 24.344891 1.223566 0.193008 -0.230586
    11 -0.002360 -1.019903 24.031330 0.389663 0.008587 0.021048
    12 0.000000 -0.000002 13.404737 0.000001 0.000005 -0.314635
    13 -0.061540 -5.245835 72.927078 0.000000 0.000000 0.000000
    14 9.618805 -17.627184 -20.463813 0.192102 0.027411 -0.073628
    15 0.000000 -0.005608 -1.146812 0.064373 -0.143898 -0.095132
    16 0.030770 -0.240000 8.906021 -0.004138 0.000000 0.000000
    17 0.187529 -0.971830 -0.078526 0.182266 -0.009817 0.172799
    18 0.030770 -0.276858 8.905140 0.056125 0.004134 -0.000049
    19 0.244836 0.774337 -0.063677 -0.252107 0.094074 -0.011530
    20 5.669724 4.435303 14.302868 0.471748 -0.783454 2.067808
    21 -1.044571 -2.839317 19.743267 -0.936602 -0.662156 0.266030
    22 2.655533 -1.533369 24.792658 -1.506863 0.104561 -1.430444
    23 1.120163 -0.154394 9.796035 -0.052594 -0.004935 -0.461759
    24 2.240311 -0.308786 19.592051 -0.287476 -0.422126 -0.850895
    25 0.683151 2.877354 14.167051 -1.140986 0.070202 1.469036
    26 0.144936 -0.145374 7.579252 -1.905161 -0.415555 0.231299
    27 0.091660 -0.906685 4.702850 -1.172924 -0.166459 0.112835
    28 0.506271 8.500866 13.617253 -1.274424 0.425574 1.441324
    29 -0.384987 -0.460049 7.003448 -1.820157 -0.313533 0.377259
    30 0.561516 -0.596954 5.061852 -1.598011 -0.219290 0.257743
    31 -2.452171 -8.899406 11.597897 -1.496796 -0.464135 1.391006
    32 0.680496 -0.903999 6.074253 -1.814198 0.187482 -0.029418
    33 0.245514 -0.661150 3.388004 -1.067633 0.146759 -0.042613
    34 -0.717484 -3.784271 13.043911 -1.380126 -0.198575 1.470761
    35 1.099216 -1.407745 8.017889 -1.671332 0.029721 -0.013541
    36 0.068439 -0.807653 3.686054 -1.355092 0.031000 -0.006756
    37 -4.004929 6.172707 4.754754 -0.362903 0.929500 2.260348
    38 0.158352 -1.149811 5.804394 -0.820977 -0.425938 0.180613
    39 -1.083523 -1.463142 5.544399 -1.355382 -0.242598 -0.050735
    40 -6.289886 0.932434 13.569063 -0.126803 0.612110 2.869610
    41 1.327774 -0.766687 12.396328 -0.094884 0.012024 -0.795282
    42 -0.096140 1.828087 23.185329 -0.022629 -0.728903 -1.569276
    43 2.325478 -0.000003 6.169296 -0.407265 -0.015011 1.637940
    44 0.000000 -3.152912 0.122169 2.570279 -0.036134 0.088015
    45 1.068383 -10.478592 7.066338 0.292219 -1.282324 -3.141588
    46 0.000000 0.000000 2.279457 0.547137 -0.343566 0.107833
    47 2.479414 -8.323895 6.074242 -0.006218 -0.114519 1.628732
    48 0.000003 -5.075260 5.925699 0.000000 0.000000 0.000000
    49 -1.068383 -10.478611 7.065971 0.292219 1.282324 3.141588
    50 -0.000488 0.000015 2.279600 0.547136 0.343566 0.107835
    51 -2.479401 -8.323895 6.074234 0.011103 -0.114176 1.632889
    52 -5.790000 4.432083 14.255558 -4.481957 1.388029 -0.657389
    53 1.044540 -2.839314 19.743252 -0.553611 0.766154 -0.221944
    54 -2.655510 -1.533379 24.792648 -1.355946 -0.140630 0.739791
    55 -1.120216 -0.154385 9.795983 -0.037049 0.000893 0.322605
    56 -2.240372 -0.308788 19.592047 -0.378021 0.106388 0.572764
    57 -0.683205 2.877342 14.167089 -1.140987 -0.070195 -1.469019
    58 -0.144958 -0.145317 7.579308 -1.911746 0.482432 -0.229645
    59 -0.038551 -0.936644 4.697678 -1.166326 0.226936 -0.120355
    60 -0.506317 8.500896 13.617329 -1.274444 -0.425562 -1.441320
    61 0.385056 -0.460075 7.003435 -1.856776 0.460472 -0.377047
    62 -0.456360 -0.710276 5.057732 -1.602734 0.407904 -0.341054
    63 2.452194 -8.899408 11.597939 -1.496813 0.464120 -1.390992
    64 -0.680515 -0.903999 6.074242 -1.814734 -0.203729 0.029430
    65 -0.248295 -0.666843 3.386627 -1.067074 -0.161121 0.046483
    66 0.717491 -3.784309 13.044010 -1.380058 0.198600 -1.470755
    67 -1.099228 -1.407673 8.017876 -1.671442 -0.023395 0.015445
    68 -0.064053 -0.807640 3.686100 -1.355077 -0.028600 0.003253
    69 4.004906 6.172710 4.754800 -0.421028 -0.922219 -2.190309
    70 -0.158381 -1.149773 5.804405 -0.696738 0.599370 0.257248
    71 1.078559 -2.386406 5.215008 -1.181547 0.714193 0.124321
    72 6.289963 0.932404 13.569109 -0.126801 -0.612098 -2.869612
    73 -1.327759 -0.766682 12.396324 -0.049458 -0.015930 0.423791
    74 0.000017 -54.999996 0.000000 0.000000 0.000000 -1.570796
  time 36
    0 0.000000 0.000000 -1.500000 0.000000 0.000000 0.000000
    1 -10.521344 -5.760963 66.994621 3.097005 -0.050653 -3.139334
    2 -11.621077 -15.863396 20.064206 -0.322365 0.711393 -0.072605
    3 -0.000034 0.000012 24.761454 -1.097239 -0.127290 0.323593
    4 0.000017 0.000000 24.344809 1.744991 -0.441803 -0.253622
    5 0.002333 -1.019846 24.031336 0.504835 -0.044412 0.012096
    6 0.000034 0.000008 13.404741 -0.000001 -0.000009 0.058088
    7 10.398263 -5.760962 66.994675 3.097005 0.050653 3.139334
    8 -9.121539 -19.934344 18.984950 1.239332 -0.647178 0.010371
    9 -0.000004 -0.000006 24.761459 -1.585340 0.183744 -0.555331
    10 -0.000007 0.000004 24.344891 1.255320 0.197008 -0.229703
    11 -0.002360 -1.019903 24.031330 0.389663 0.008587 0.021048
    12 0.000000 -0.000002 13.404737 0.000001 0.000005 -0.353366
    13 -0.061540 -5.245835 72.927078 0.000000 0.000000 0.000000
    14 9.708651 -18.698588 -20.463813 0.251278 0.022559 -0.073328
    15 0.000000 -0.005608 -1.146812 0.064373 -0.143898 -0.095132
    16 0.030770 -0.240000 8.906021 -0.004138 0.000000 0.000000
    17 0.113308 -1.335122 -0.144934 0.209770 -0.030619 0.159141
    18 0.030770 -0.276858 8.905140 0.056125 0.004134 -0.000049
    19 0.311244 -0.233506 0.014450 0.143733 0.112979 0.018144
    20 5.669724 4.435303 14.302868 0.459402 -1.241714 2.150895
    21 -1.044571 -2.839317 19.743267 -0.891203 -0.287319 0.048770
    22 2.655533 -1.533369 24.792658 -1.302986 0.111900 -1.126851
    23 1.120163 -0.154394 9.796035 -0.053864 -0.005379 -0.473453
    24 2.240311 -0.308786 19.592051 -0.206619 -0.412318 -0.906718
    25 0.683151 2.877354 14.167051 -1.140986 0.070202 1.469036
    26 0.144936 -0.145374 7.579252 -1.905161 -0.415555 0.231299
    27 0.091660 -0.906685 4.702850 -1.172924 -0.166459 0.112835
    28 0.506271 8.500866 13.617253 -1.274424 0.425574 1.441324
    29 -0.384987 -0.460049 7.003448 -1.820157 -0.313533 0.377259
    30 0.561516 -0.596954 5.061852 -1.597976 -0.219290 0.257743
    31 -2.452171 -8.899406 11.597897 -1.496796 -0.464135 1.391006
    32 0.680496 -0.903999 6.074253 -1.814198 0.187482 -0.029418
    33 0.245514 -0.661150 3.388004 -1.067633 0.146771 -0.042613
    34 -0.717484 -3.784271 13.043911 -1.380126 -0.198575 1.470761
    35 1.099216 -1.407745 8.017889 -1.671332 0.029721 -0.013541
    36 0.068439 -0.807653 3.686054 -1.355092 0.031000 -0.006756
    37 -4.004929 6.172707 4.754754 -0.362813 0.929536 2.260348
    38 0.158352 -1.149811 5.804394 -0.821019 -0.425938 0.180613
    39 -1.083523 -1.463142 5.544399 -1.355382 -0.242598 -0.050735
    40 -6.289886 0.932434 13.569063 -0.126803 0.612110 2.869610
    41 1.327774 -0.766687 12.396328 -0.086399 0.014073 -0.724528
    42 -0.096140 1.828087 23.185329 -0.017972 -0.737985 -1.568879
    43 2.325478 -0.000003 6.169296 -0.332393 -0.014794 1.635665
    44 0.000000 -3.152912 0.122169 2.547641 -0.034815 0.084815
    45 1.068383 -10.478592 7.066338 0.292219 -1.282324 -3.141588
    46 0.000000 0.000000 2.279457 0.547137 -0.343566 0.107833
    47 2.479414 -8.323895 6.074242 -0.007577 -0.227786 1.599602
    48 0.000003 -5.075260 5.929606 0.000000 0.000000 0.000000
    49 -1.068383 -10.478611 7.065971 0.292219 1.282324 3.141588
    50 -0.000488 0.000015 2.279600 0.547136 0.343566 0.107835
    51 -2.479401 -8.323895 6.074234 0.010220 -0.227673 1.604530
    52 -5.790000 4.432083 14.255558 -4.525380 1.396959 -0.744868
    53 1.044540 -2.839314 19.743252 -0.558954 0.658550 -0.184904
    54 -2.655510 -1.533379 24.792648 -1.159073 -0.115676 0.877317
    55 -1.120216 -0.154385 9.795983 -0.034389 0.000413 0.299128
    56 -2.240372 -0.308788 19.592047 -0.359464 0.167575 0.527312
    57 -0.683205 2.877342 14.167089 -1.140987 -0.070195 -1.469019
    58 -0.144958 -0.145317 7.579308 -1.911746 0.482432 -0.229645
    59 -0.038551 -0.936644 4.697678 -1.166326 0.226936 -0.120355
    60 -0.506317 8.500896 13.617329 -1.274444 -0.425536 -1.441320
    61 0.385056 -0.460075 7.003435 -1.856776 0.460472 -0.377047
    62 -0.456360 -0.710276 5.057732 -1.602734 0.407904 -0.341054
    63 2.452194 -8.899408 11.597939 -1.496813 0.464120 -1.390992
    64 -0.680515 -0.903999 6.074242 -1.814734 -0.203729 0.029430
    65 -0.248295 -0.666843 3.386627 -1.067074 -0.161121 0.046471
    66 0.717491 -3.784309 13.044010 -1.380108 0.198600 -1.470743
    67 -1.099228 -1.407673 8.017876 -1.671442 -0.023395 0.015445
    68 -0.064053 -0.807640 3.686100 -1.355077 -0.028588 0.003253
    69 4.004906 6.172710 4.754800 -0.397537 -0.925500 -2.218634
    70 -0.158381 -1.149773 5.804405 -0.695726 0.598713 0.257424
    71 1.078559 -2.386406 5.215008 -1.180352 0.713550 0.124650
    72 6.289963 0.932404 13.569109 -0.126801 -0.612098 -2.869612
    73 -1.327759 -0.766682 12.396324 -0.057955 -0.016481 0.492818
    74 0.000017 -54.999996 0.000000 0.000000 0.000000 -1.570796
  time 37
    0 0.000000 0.000000 -1.500000 0.000000 0.000000 0.000000
    1 -10.521344 -5.760963 66.994621 3.097005 -0.050653 -3.139334
    2 -10.937462 -16.243983 18.427215 -0.356183 0.668917 -0.090649
    3 -0.000034 0.000012 24.761454 -1.029108 -0.119416 0.363863
    4 0.000017 0.000000 24.344809 1.688645 -0.427747 -0.226917
    5 0.002333 -1.019846 24.031336 0.515662 -0.044532 0.011604
    6 0.000034 0.000008 13.404741 -0.000001 -0.000009 0.080848
    7 10.398263 -5.760962 66.994675 3.097005 0.050653 3.139334
    8 -8.574647 -20.471387 17.231496 1.138837 -0.657567 0.059221
    9 -0.000004 -0.000006 24.761459 -1.500919 0.174001 -0.559136
    10 -0.000007 0.000004 24.344891 1.248930 0.202496 -0.211165
    11 -0.002360 -1.019903 24.031330 0.389663 0.008599 0.021048
    12 0.000000 -0.000002 13.404737 0.000001 0.000005 -0.352271
    13 -0.061540 -5.245835 72.927078 0.000000 0.000000 0.000000
    14 9.009411 -19.478849 -18.841574 0.295796 0.012563 -0.075670
    15 0.000000 -0.005608 -1.146812 0.064373 -0.143898 -0.095132
    16 0.030770 -0.240000 8.906021 -0.004138 0.000000 0.000000
    17 0.062525 -1.217931 0.007414 0.155498 -0.033455 0.146123
    18 0.030770 -0.276858 8.905140 0.056125 0.004134 -0.000049
    19 0.362027 -1.253069 -0.133992 0.545720 0.119809 0.058388
    20 5.669724 4.435303 14.302868 0.467058 -1.279908 2.203125
    21 -1.044571 -2.839317 19.743267 -0.820024 -0.307462 0.063745
    22 2.655533 -1.533369 24.792658 -1.139555 0.092610 -1.183784
    23 1.120163 -0.154394 9.796035 -0.049130 -0.003833 -0.430371
    24 2.240311 -0.308786 19.592051 -0.232817 -0.394821 -0.814893
    25 0.683151 2.877354 14.167051 -1.140986 0.070202 1.469036
    26 0.144936 -0.145374 7.579252 -1.905161 -0.415567 0.231299
    27 0.091660 -0.906685 4.702850 -1.172924 -0.166459 0.112835
    28 0.506271 8.500866 13.617253 -1.274424 0.425574 1.441324
    29 -0.384987 -0.460049 7.003448 -1.820157 -0.313533 0.377259
    30 0.561516 -0.596954 5.061852 -1.597976 -0.219290 0.257743
    31 -2.452171 -8.899406 11.597897 -1.496796 -0.464135 1.391006
    32 0.680496 -0.903999 6.074253 -1.814198 0.187482 -0.029418
    33 0.245514 -0.661150 3.388004 -1.067633 0.146771 -0.042625
    34 -0.717484 -3.784271 13.043911 -1.380126 -0.198575 1.470761
    35 1.099216 -1.407745 8.017889 -1.671332 0.029721 -0.013541
    36 0.068439 -0.807653 3.686054 -1.355092 0.031000 -0.006756
    37 -4.004929 6.172707 4.754754 -0.362813 0.929500 2.260348
    38 0.158352 -1.149811 5.804394 -0.821019 -0.425938 0.180613
    39 -1.083523 -1.463142 5.544399 -1.355382 -0.242598 -0.050735
    40 -6.289886 0.932434 13.569063 -0.126803 0.612110 2.869610
    41 1.327774 -0.766687 12.396328 -0.087190 0.013893 -0.731056
    42 -0.096140 1.828087 23.185329 -0.013247 -0.745187 -1.567717
    43 2.325478 -0.000003 6.169296 -0.275427 -0.006923 1.633390
    44 0.000000 -3.152912 0.122169 2.492600 -0.024628 0.059959
    45 1.068383 -10.478592 7.066338 0.292219 -1.282324 -3.141588
    46 0.000000 0.000000 2.279457 0.547137 -0.343566 0.107833
    47 2.479414 -8.323895 6.074242 -0.012145 -0.498745 1.522622
    48 0.000003 -5.075260 5.925699 0.000000 0.000000 0.000000
    49 -1.068383 -10.478611 7.065971 0.292219 1.282324 3.141588
    50 -0.000488 0.000015 2.279600 0.547136 0.343566 0.107835
    51 -2.479401 -8.323895 6.074234 0.007910 -0.499697 1.528459
    52 -5.790000 4.432083 14.255558 -4.858006 1.363232 -1.107433
    53 1.044540 -2.839314 19.743252 -0.674887 0.484001 -0.136270
    54 -2.655510 -1.533379 24.792648 -0.942623 -0.083655 1.119426
    55 -1.120216 -0.154385 9.795983 -0.031956 0.000054 0.277800
    56 -2.240372 -0.308788 19.592047 -0.342816 0.217871 0.489335
    57 -0.683205 2.877342 14.167089 -1.140987 -0.070195 -1.469032
    58 -0.144958 -0.145317 7.579308 -1.911746 0.482432 -0.229657
    59 -0.038551 -0.936644 4.697678 -1.166326 0.226936 -0.120355
    60 -0.506317 8.500896 13.617329 -1.274444 -0.425536 -1.441320
    61 0.385056 -0.460075 7.003435 -1.856776 0.460437 -0.377047
    62 -0.456360 -0.710276 5.057732 -1.602734 0.407883 -0.341054
    63 2.452194 -8.899408 11.597939 -1.496853 0.464120 -1.390992
    64 -0.680515 -0.903999 6.074242 -1.814734 -0.203729 0.029430
    65 -0.248295 -0.666843 3.386627 -1.067074 -0.161121 0.046483
    66 0.717491 -3.784309 13.044010 -1.380108 0.198600 -1.470743
    67 -1.099228 -1.407673 8.017876 -1.671442 -0.023395 0.015445
    68 -0.064053 -0.807640 3.686100 -1.355077 -0.028588 0.003253
    69 4.004906 6.172710 4.754800 -0.379090 -0.927757 -2.240819
    70 -0.158381 -1.149773 5.804405 -0.694924 0.598165 0.257512
    71 1.078559 -2.386406 5.215008 -1.179540 0.713060 0.124869
    72 6.289963 0.932404 13.569109 -0.126801 -0.612098 -2.869612
    73 -1.327759 -0.766682 12.396324 -0.074877 -0.015834 0.630132
    74 0.000017 -54.999996 0.000000 0.000000 0.000000 -1.570796
  time 38
    0 0.000000 0.000000 -1.500000 0.000000 0.000000 0.000000
    1 -10.521344 -5.760963 66.994621 3.097005 -0.050653 -3.139334
    2 -10.070248 -16.587739 16.678101 -0.383989 0.620038 -0.092484
    3 -0.000034 0.000012 24.761454 -0.947399 -0.109948 0.396153
    4 0.000017 0.000000 24.344809 1.630450 -0.409933 -0.197122
    5 0.002333 -1.019846 24.031336 0.522457 -0.044603 0.011305
    6 0.000034 0.000008 13.404741 -0.000001 -0.000009 0.104114
    7 10.398263 -5.760962 66.994675 3.097005 0.050653 3.139334
    8 -7.863688 -20.921004 15.230761 1.032115 -0.651458 0.104770
    9 -0.000004 -0.000006 24.761459 -1.394554 0.161705 -0.548333
    10 -0.000007 0.000004 24.344891 1.228407 0.209251 -0.192395
    11 -0.002360 -1.019903 24.031330 0.389663 0.008599 0.021048
    12 0.000000 -0.000002 13.404737 0.000001 0.000005 -0.337543
    13 -0.061540 -5.245835 72.927078 0.000000 0.000000 0.000000
    14 8.142197 -20.107717 -17.039086 0.324855 0.002825 -0.078973
    15 0.000000 -0.005608 -1.146812 0.064373 -0.143898 -0.095132
    16 0.030770 -0.240000 8.906021 -0.004138 0.000000 0.000000
    17 0.058619 -1.296059 0.007414 0.165894 -0.038975 0.156346
    18 0.030770 -0.276858 8.905140 0.056125 0.004134 -0.000049
    19 0.389371 -1.315571 -0.153524 0.578320 0.125095 0.065099
    20 5.669724 4.435303 14.302868 0.476246 -1.293333 2.253054
    21 -1.044571 -2.839317 19.743267 -0.823546 -0.554866 0.181315
    22 2.655533 -1.533369 24.792658 -1.055539 0.092226 -1.105096
    23 1.120163 -0.154394 9.796035 -0.041927 -0.001915 -0.365765
    24 2.240311 -0.308786 19.592051 -0.268241 -0.364707 -0.679668
    25 0.683151 2.877354 14.167051 -1.140986 0.070202 1.469036
    26 0.144936 -0.145374 7.579252 -1.905161 -0.415555 0.231323
    27 0.091660 -0.906685 4.702850 -1.172924 -0.166459 0.112835
    28 0.506271 8.500866 13.617253 -1.274424 0.425574 1.441324
    29 -0.384987 -0.460049 7.003448 -1.820157 -0.313533 0.377259
    30 0.561516 -0.596954 5.061852 -1.597976 -0.219290 0.257743
    31 -2.452171 -8.899406 11.597897 -1.496796 -0.464135 1.391006
    32 0.680496 -0.903999 6.074253 -1.814198 0.187494 -0.029418
    33 0.245514 -0.661150 3.388004 -1.067633 0.146771 -0.042613
    34 -0.717484 -3.784271 13.043911 -1.380126 -0.198563 1.470761
    35 1.099216 -1.407745 8.017889 -1.671332 0.029721 -0.013541
    36 0.068439 -0.807653 3.686054 -1.355092 0.031000 -0.006744
    37 -4.004929 6.172707 4.754754 -0.362813 0.929500 2.260348
    38 0.158352 -1.149811 5.804394 -0.820977 -0.425938 0.180613
    39 -1.083523 -1.463142 5.544399 -1.355382 -0.242598 -0.050735
    40 -6.289886 0.932434 13.569063 -0.126803 0.612110 2.869610
    41 1.327774 -0.766687 12.396328 -0.077686 0.015511 -0.653071
    42 -0.096140 1.828087 23.185329 -0.008573 -0.748215 -1.565944
    43 2.325478 -0.000003 6.169296 -0.238182 0.002308 1.632113
    44 0.000000 -3.152912 0.122169 2.419559 -0.012788 0.031112
    45 1.068383 -10.478592 7.066338 0.292219 -1.282324 -3.141588
    46 0.000000 0.000000 2.279457 0.547137 -0.343566 0.107833
    47 2.479414 -8.323895 6.074242 -0.022122 -0.790882 1.408682
    48 0.000003 -5.075260 5.925699 0.000000 0.000000 0.000000
    49 -1.068383 -10.478611 7.065971 0.292219 1.282324 3.141588
    50 -0.000488 0.000015 2.279600 0.547136 0.343566 0.107835
    51 -2.479401 -8.323895 6.074234 0.003130 -0.793315 1.415694
    52 -5.790000 4.432083 14.255558 -4.958849 1.342172 -1.261025
    53 1.044540 -2.839314 19.743252 -0.758427 0.531613 -0.163213
    54 -2.655510 -1.533379 24.792648 -0.823452 -0.069367 1.212195
    55 -1.120216 -0.154385 9.795983 -0.030170 -0.000186 0.262348
    56 -2.240372 -0.308788 19.592047 -0.330826 0.252177 0.462957
    57 -0.683205 2.877342 14.167089 -1.140987 -0.070195 -1.469019
    58 -0.144958 -0.145317 7.579308 -1.911746 0.482432 -0.229645
    59 -0.038551 -0.936644 4.697678 -1.166326 0.226936 -0.120343
    60 -0.506317 8.500896 13.617329 -1.274444 -0.425536 -1.441320
    61 0.385056 -0.460075 7.003435 -1.856776 0.460437 -0.377047
    62 -0.456360 -0.710276 5.057732 -1.602734 0.407904 -0.341054
    63 2.452194 -8.899408 11.597939 -1.496813 0.464120 -1.390992
    64 -0.680515 -0.903999 6.074242 -1.814734 -0.203729 0.029430
    65 -0.248295 -0.666843 3.386627 -1.067074 -0.161121 0.046483
    66 0.717491 -3.784309 13.044010 -1.380108 0.198588 -1.470743
    67 -1.099228 -1.407673 8.017876 -1.671442 -0.023395 0.015445
    68 -0.064053 -0.807640 3.686100 -1.355077 -0.028588 0.003253
    69 4.004906 6.172710 4.754800 -0.367044 -0.929074 -2.255227
    70 -0.158381 -1.149773 5.804405 -0.694366 0.597864 0.257600
    71 1.078559 -2.386406 5.215008 -1.178919 0.712784 0.124979
    72 6.289963 0.932404 13.569109 -0.126801 -0.612098 -2.869612
    73 -1.327759 -0.766682 12.396324 -0.080414 -0.015127 0.675240
    74 0.000017 -54.999996 0.000000 0.000000 0.000000 -1.570796
  time 39
    0 0.000000 0.000000 -1.500000 0.000000 0.000000 0.000000
    1 -10.521344 -5.760963 66.994621 3.097005 -0.050653 -3.139334
    2 -9.624922 -16.919217 15.467176 -0.406398 0.587972 -0.090212
    3 -0.000034 0.000012 24.761454 -0.878008 -0.101906 0.413499
    4 0.000017 0.000000 24.344809 1.581256 -0.402463 -0.178454
    5 0.002333 -1.019846 24.031336 0.529700 -0.044675 0.010969
    6 0.000034 0.000008 13.404741 -0.000001 -0.000009 0.118753
    7 10.398263 -5.760962 66.994675 3.097005 0.050653 3.139334
    8 -7.527740 -21.320664 13.926911 0.964976 -0.635362 0.130845
    9 -0.000004 -0.000006 24.761459 -1.323827 0.153507 -0.534301
    10 -0.000007 0.000004 24.344891 1.215370 0.211895 -0.183820
    11 -0.002360 -1.019903 24.031330 0.389663 0.008587 0.021048
    12 0.000000 -0.000002 13.404737 0.000001 0.000005 -0.323266
    13 -0.061540 -5.245835 72.927078 0.000000 0.000000 0.000000
    14 7.716403 -20.596836 -15.822407 0.337753 -0.001476 -0.080715
    15 0.000000 -0.005608 -1.146812 0.064373 -0.143898 -0.095132
    16 0.030770 -0.240000 8.906021 -0.004138 0.000000 0.000000
    17 0.058619 -1.335122 0.007414 0.170418 -0.042595 0.164213
    18 0.030770 -0.276858 8.905140 0.056125 0.004134 -0.000049
    19 0.401091 -1.342915 -0.157430 0.592939 0.127338 0.068563
    20 5.669724 4.435303 14.302868 0.490602 -1.291430 2.288512
    21 -1.044571 -2.839317 19.743267 -0.866694 -0.694510 0.273419
    22 2.655533 -1.533369 24.792658 -1.022037 0.092072 -1.072828
    23 1.120163 -0.154394 9.796035 -0.035312 -0.000597 -0.307126
    24 2.240311 -0.308786 19.592051 -0.296136 -0.333765 -0.559002
    25 0.683151 2.877354 14.167051 -1.140986 0.070202 1.469036
    26 0.144936 -0.145374 7.579252 -1.905161 -0.415567 0.231299
    27 0.091660 -0.906685 4.702850 -1.172924 -0.166459 0.112823
    28 0.506271 8.500866 13.617253 -1.274424 0.425574 1.441324
    29 -0.384987 -0.460049 7.003448 -1.820157 -0.313533 0.377259
    30 0.561516 -0.596954 5.061852 -1.597976 -0.219290 0.257743
    31 -2.452171 -8.899406 11.597897 -1.496796 -0.464135 1.391006
    32 0.680496 -0.903999 6.074253 -1.814198 0.187482 -0.029418
    33 0.245514 -0.661150 3.388004 -1.067633 0.146771 -0.042613
    34 -0.717484 -3.784271 13.043911 -1.380126 -0.198575 1.470761
    35 1.099216 -1.407745 8.017889 -1.671332 0.029721 -0.013541
    36 0.068439 -0.807653 3.686054 -1.355092 0.031000 -0.006756
    37 -4.004929 6.172707 4.754754 -0.362813 0.929500 2.260348
    38 0.158352 -1.149811 5.804394 -0.821019 -0.425938 0.180613
    39 -1.083523 -1.463142 5.544399 -1.355382 -0.242598 -0.050735
    40 -6.289886 0.932434 13.569063 -0.126803 0.612110 2.869610
    41 1.327774 -0.766687 12.396328 -0.073575 0.015978 -0.619577
    42 -0.096140 1.828087 23.185329 -0.004258 -0.759718 -1.563773
    43 2.325478 -0.000003 6.169296 -0.222567 0.006634 1.631834
    44 0.000000 -3.152912 0.122169 2.343475 -0.006544 0.015916
    45 1.068383 -10.478592 7.066338 0.292219 -1.282324 -3.141588
    46 0.000000 0.000000 2.279457 0.547137 -0.343566 0.107833
    47 2.479414 -8.323895 6.074242 -0.030903 -0.920679 1.334185
    48 0.000003 -5.075260 5.925699 0.000000 0.000000 0.000000
    49 -1.068383 -10.478611 7.065971 0.292219 1.282324 3.141588
    50 -0.000488 0.000015 2.279600 0.547136 0.343566 0.107835
    51 -2.479401 -8.323895 6.074234 -0.001690 -0.923680 1.341636
    52 -5.790000 4.432083 14.255558 -5.044066 1.333450 -1.388268
    53 1.044540 -2.839314 19.743252 -0.819816 0.571466 -0.190238
    54 -2.655510 -1.533379 24.792648 -0.864115 -0.067762 1.256573
    55 -1.120216 -0.154385 9.795983 -0.029487 -0.000282 0.256336
    56 -2.240372 -0.308788 19.592047 -0.326244 0.264850 0.453076
    57 -0.683205 2.877342 14.167089 -1.141036 -0.070195 -1.469019
    58 -0.144958 -0.145317 7.579308 -1.911746 0.482432 -0.229657
    59 -0.038551 -0.936644 4.697678 -1.166326 0.226948 -0.120355
    60 -0.506317 8.500896 13.617329 -1.274444 -0.425536 -1.441320
    61 0.385056 -0.460075 7.003435 -1.856776 0.460472 -0.377047
    62 -0.456360 -0.710276 5.057732 -1.602734 0.407904 -0.341054
    63 2.452194 -8.899408 11.597939 -1.496853 0.464097 -1.390992
    64 -0.680515 -0.903999 6.074242 -1.814734 -0.203729 0.029430
    65 -0.248295 -0.666843 3.386627 -1.067074 -0.161121 0.046471
    66 0.717491 -3.784309 13.044010 -1.380108 0.198588 -1.470743
    67 -1.099228 -1.407673 8.017876 -1.671442 -0.023395 0.015445
    68 -0.064053 -0.807640 3.686100 -1.355077 -0.028588 0.003253
    69 4.004906 6.172710 4.754800 -0.362828 -0.929513 -2.260302
    70 -0.158381 -1.149773 5.804405 -0.694227 0.597727 0.257600
    71 1.078559 -2.386406 5.215008 -1.178776 0.712631 0.125052
    72 6.289963 0.932404 13.569109 -0.126801 -0.612098 -2.869612
    73 -1.327759 -0.766682 12.396324 -0.083314 -0.014648 0.699205
    74 0.000017 -54.999996 0.000000 0.000000 0.000000 -1.570796
  time 40
    0 0.000000 0.000000 -1.500000 0.000000 0.000000 0.000000
    1 -10.521344 -5.760963 66.994621 3.097005 -0.050653 -3.139334
    2 -9.589765 -17.238419 14.682317 -0.425186 0.570910 -0.088814
    3 -0.000034 0.000012 24.761454 -0.821625 -0.095387 0.422375
    4 0.000017 0.000000 24.344809 1.536685 -0.403867 -0.167932
    5 0.002333 -1.019846 24.031336 0.538697 -0.044771 0.010562
    6 0.000034 0.000008 13.404741 -0.000001 -0.000009 0.127211
    7 10.398263 -5.760962 66.994675 3.097005 0.050653 3.139334
    8 -7.566804 -21.645388 13.140105 0.929572 -0.614950 0.142975
    9 -0.000004 -0.000006 24.761459 -1.285879 0.149133 -0.520162
    10 -0.000007 0.000004 24.344891 1.212336 0.209851 -0.182580
    11 -0.002360 -1.019903 24.031330 0.389663 0.008587 0.021048
    12 0.000000 -0.000002 13.404737 0.000001 0.000005 -0.311458
    13 -0.061540 -5.245835 72.927078 0.000000 0.000000 0.000000
    14 7.716403 -20.992789 -15.078881 0.341626 -0.001476 -0.080715
    15 0.000000 -0.005608 -1.146812 0.064373 -0.143898 -0.095132
    16 0.030770 -0.240000 8.906021 -0.004138 0.000000 0.000000
    17 0.054712 -1.366373 0.015227 0.173638 -0.044457 0.165131
    18 0.030770 -0.276858 8.905140 0.056125 0.004134 -0.000049
    19 0.404997 -1.378073 -0.173056 0.612242 0.127914 0.071223
    20 5.669724 4.435303 14.302868 0.504096 -1.283643 2.307104
    21 -1.044571 -2.839317 19.743267 -0.911505 -0.744816 0.318512
    22 2.655533 -1.533369 24.792658 -1.075545 0.096107 -1.073232
    23 1.120163 -0.154394 9.796035 -0.032388 -0.000129 -0.281464
    24 2.240311 -0.308786 19.592051 -0.307016 -0.319307 -0.507016
    25 0.683151 2.877354 14.167051 -1.140986 0.070202 1.469036
    26 0.144936 -0.145374 7.579252 -1.905161 -0.415567 0.231299
    27 0.091660 -0.906685 4.702850 -1.172924 -0.166459 0.112835
    28 0.506271 8.500866 13.617253 -1.274424 0.425574 1.441324
    29 -0.384987 -0.460049 7.003448 -1.820157 -0.313533 0.377259
    30 0.561516 -0.596954 5.061852 -1.597976 -0.219290 0.257743
    31 -2.452171 -8.899406 11.597897 -1.496796 -0.464135 1.391006
    32 0.680496 -0.903999 6.074253 -1.814198 0.187494 -0.029418
    33 0.245514 -0.661150 3.388004 -1.067633 0.146771 -0.042613
    34 -0.717484 -3.784271 13.043911 -1.380126 -0.198575 1.470761
    35 1.099216 -1.407745 8.017889 -1.671332 0.029721 -0.013541
    36 0.068439 -0.807653 3.686054 -1.355092 0.031012 -0.006744
    37 -4.004929 6.172707 4.754754 -0.362813 0.929500 2.260348
    38 0.158352 -1.149811 5.804394 -0.820977 -0.425938 0.180613
    39 -1.083523 -1.463142 5.544399 -1.355382 -0.242598 -0.050735
    40 -6.289886 0.932434 13.569063 -0.126803 0.612110 2.869610
    41 1.327774 -0.766687 12.396328 -0.073180 0.016014 -0.616212
    42 -0.096140 1.828087 23.185329 -0.000680 -0.788590 -1.561358
    43 2.325478 -0.000003 6.169296 -0.218365 0.004377 1.632033
    44 0.000000 -3.152912 0.122169 2.264787 -0.007287 0.017725
    45 1.068383 -10.478592 7.066338 0.292219 -1.282324 -3.141588
    46 0.000000 0.000000 2.279457 0.547137 -0.343566 0.107833
    47 2.479414 -8.323895 6.074242 -0.026608 -0.799241 1.333039
    48 0.000003 -5.075260 5.925699 0.000000 0.000000 0.000000
    49 -1.068383 -10.478611 7.065971 0.292219 1.282324 3.141588
    50 -0.000488 0.000015 2.279600 0.547136 0.343566 0.107835
    51 -2.479401 -8.323895 6.074234 -0.001529 -0.802056 1.340390
    52 -5.790000 4.432083 14.255558 -5.082793 1.339763 -1.425349
    53 1.044540 -2.839314 19.743252 -0.818925 0.566548 -0.187326
    54 -2.655510 -1.533379 24.792648 -0.907747 -0.067723 1.285426
    55 -1.120216 -0.154385 9.795983 -0.029487 -0.000282 0.256336
    56 -2.240372 -0.308788 19.592047 -0.326168 0.264850 0.453076
    57 -0.683205 2.877342 14.167089 -1.140987 -0.070195 -1.469019
    58 -0.144958 -0.145317 7.579308 -1.911746 0.482432 -0.229645
    59 -0.038551 -0.936644 4.697678 -1.166326 0.226924 -0.120355
    60 -0.506317 8.500896 13.617329 -1.274444 -0.425562 -1.441275
    61 0.385056 -0.460075 7.003435 -1.856776 0.460472 -0.377047
    62 -0.456360 -0.710276 5.057732 -1.602734 0.407904 -0.341054
    63 2.452194 -8.899408 11.597939 -1.496813 0.464120 -1.390992
    64 -0.680515 -0.903999 6.074242 -1.814734 -0.203729 0.029430
    65 -0.248295 -0.666843 3.386627 -1.067074 -0.161121 0.046483
    66 0.717491 -3.784309 13.044010 -1.380108 0.198588 -1.470743
    67 -1.099228 -1.407673 8.017876 -1.671442 -0.023395 0.015445
    68 -0.064053 -0.807640 3.686100 -1.355077 -0.028600 0.003253
    69 4.004906 6.172710 4.754800 -0.362903 -0.929513 -2.260384
    70 -0.158381 -1.149773 5.804405 -0.694227 0.597727 0.257600
    71 1.078559 -2.386406 5.215008 -1.178728 0.712662 0.125052
    72 6.289963 0.932404 13.569109 -0.126801 -0.612098 -2.869612
    73 -1.327759 -0.766682 12.396324 -0.085256 -0.014276 0.715074
    74 0.000017 -54.999996 0.000000 0.000000 0.000000 -1.570796
  time 41
    0 0.000000 0.000000 -1.500000 0.000000 0.000000 0.000000
    1 -10.521344 -5.760963 66.994621 3.097005 -0.050653 -3.139334
    2 -9.574140 -17.545344 14.390798 -0.435433 0.565203 -0.089950
    3 -0.000034 0.000012 24.761454 -0.799673 -0.092846 0.424940
    4 0.000017 0.000000 24.344809 1.515725 -0.406968 -0.165123
    5 0.002333 -1.019846 24.031336 0.547956 -0.044867 0.010130
    6 0.000034 0.000008 13.404741 -0.000001 -0.000009 0.129848
    7 10.398263 -5.760962 66.994675 3.097005 0.050653 3.139334
    8 -7.582429 -21.957622 12.870343 0.914643 -0.607378 0.148256
    9 -0.000004 -0.000006 24.761459 -1.276694 0.148066 -0.514814
    10 -0.000007 0.000004 24.344891 1.217628 0.210540 -0.181361
    11 -0.002360 -1.019903 24.031330 0.389663 0.008599 0.021048
    12 0.000000 -0.000002 13.404737 0.000001 0.000005 -0.306949
    13 -0.061540 -5.245835 72.927078 0.000000 0.000000 0.000000
    14 7.716403 -21.318869 -14.808507 0.344186 -0.001476 -0.080715
    15 0.000000 -0.005608 -1.146812 0.064373 -0.143898 -0.095132
    16 0.030770 -0.240000 8.906021 -0.004138 0.000000 0.000000
    17 0.054712 -1.393718 0.015227 0.177236 -0.041178 0.152912
    18 0.030770 -0.276858 8.905140 0.056125 0.004134 -0.000049
    19 0.404997 -1.413230 -0.180869 0.627112 0.127091 0.071415
    20 5.669724 4.435303 14.302868 0.505723 -1.278922 2.311417
    21 -1.044571 -2.839317 19.743267 -0.915419 -0.771847 0.338563
    22 2.655533 -1.533369 24.792658 -1.115209 0.097836 -1.092642
    23 1.120163 -0.154394 9.796035 -0.032388 -0.000129 -0.281429
    24 2.240311 -0.308786 19.592051 -0.307016 -0.319261 -0.506937
    25 0.683151 2.877354 14.167051 -1.140986 0.070202 1.469036
    26 0.144936 -0.145374 7.579252 -1.905161 -0.415567 0.231299
    27 0.091660 -0.906685 4.702850 -1.172924 -0.166459 0.112835
    28 0.506271 8.500866 13.617253 -1.274424 0.425574 1.441324
    29 -0.384987 -0.460049 7.003448 -1.820157 -0.313533 0.377259
    30 0.561516 -0.596954 5.061852 -1.597976 -0.219290 0.257743
    31 -2.452171 -8.899406 11.597897 -1.496796 -0.464135 1.391006
    32 0.680496 -0.903999 6.074253 -1.814198 0.187482 -0.029418
    33 0.245514 -0.661150 3.388004 -1.067633 0.146771 -0.042613
    34 -0.717484 -3.784271 13.043911 -1.380126 -0.198575 1.470761
    35 1.099216 -1.407745 8.017889 -1.671332 0.029721 -0.013541
    36 0.068439 -0.807653 3.686054 -1.355092 0.031000 -0.006756
    37 -4.004929 6.172707 4.754754 -0.362903 0.929500 2.260348
    38 0.158352 -1.149811 5.804394 -0.820977 -0.425938 0.180613
    39 -1.083523 -1.463142 5.544399 -1.355382 -0.242598 -0.050735
    40 -6.289886 0.932434 13.569063 -0.126803 0.612110 2.869610
    41 1.327774 -0.766687 12.396328 -0.073695 0.015966 -0.620430
    42 -0.096140 1.828087 23.185329 0.001957 -0.826065 -1.558913
    43 2.325478 -0.000003 6.169296 -0.214497 -0.000875 1.632672
    44 0.000000 -3.152912 0.122169 2.179784 -0.010726 0.026102
    45 1.068383 -10.478592 7.066338 0.292219 -1.282324 -3.141588
    46 0.000000 0.000000 2.279457 0.547137 -0.343566 0.107833
    47 2.479414 -8.323895 6.074242 -0.018941 -0.405483 1.351090
    48 0.000003 -5.075260 5.925699 0.000000 0.000000 0.000000
    49 -1.068383 -10.478611 7.065971 0.292219 1.282324 3.141588
    50 -0.000488 0.000015 2.279600 0.547136 0.343566 0.107835
    51 -2.479401 -8.323895 6.074234 -0.000284 -0.406376 1.358210
    52 -5.790000 4.432083 14.255558 -5.012816 1.342006 -1.336719
    53 1.044540 -2.839314 19.743252 -0.803119 0.545265 -0.174181
    54 -2.655510 -1.533379 24.792648 -0.865222 -0.064151 1.297770
    55 -1.120216 -0.154385 9.795983 -0.029487 -0.000282 0.256336
    56 -2.240372 -0.308788 19.592047 -0.326168 0.264850 0.453076
    57 -0.683205 2.877342 14.167089 -1.140987 -0.070195 -1.469019
    58 -0.144958 -0.145317 7.579308 -1.911746 0.482432 -0.229645
    59 -0.038551 -0.936644 4.697678 -1.166375 0.226924 -0.120355
    60 -0.506317 8.500896 13.617329 -1.274444 -0.425536 -1.441320
    61 0.385056 -0.460075 7.003435 -1.856776 0.460472 -0.377047
    62 -0.456360 -0.710276 5.057732 -1.602734 0.407904 -0.341054
    63 2.452194 -8.899408 11.597939 -1.496813 0.464120 -1.390992
    64 -0.680515 -0.903999 6.074242 -1.814734 -0.203729 0.029430
    65 -0.248295 -0.666843 3.386627 -1.067074 -0.161121 0.046471
    66 0.717491 -3.784309 13.044010 -1.380108 0.198588 -1.470743
    67 -1.099228 -1.407673 8.017876 -1.671442 -0.023395 0.015445
    68 -0.064053 -0.807640 3.686100 -1.355077 -0.028600 0.003253
    69 4.004906 6.172710 4.754800 -0.362903 -0.929513 -2.260302
    70 -0.158381 -1.149773 5.804405 -0.694227 0.597727 0.257600
    71 1.078559 -2.386406 5.215008 -1.178728 0.712662 0.125052
    72 6.289963 0.932404 13.569109 -0.126801 -0.612098 -2.869612
    73 -1.327759 -0.766682 12.396324 -0.085951 -0.014144 0.720811
    74 0.000017 -54.999996 0.000000 0.000000 0.000000 -1.570796
  time 42
    0 0.000000 0.000000 -1.500000 0.000000 0.000000 0.000000
    1 -10.521344 -5.760963 66.994621 3.097005 -0.050653 -3.139334
    2 -9.581952 -17.827715 14.502920 -0.440147 0.568070 -0.093226
    3 -0.000034 0.000012 24.761454 -0.803291 -0.093253 0.422579
    4 0.000017 0.000000 24.344809 1.512951 -0.411563 -0.168256
    5 0.002333 -1.019846 24.031336 0.557215 -0.044963 0.009723
    6 0.000034 0.000008 13.404741 -0.000001 -0.000009 0.128034
    7 10.398263 -5.760962 66.994675 3.097005 0.050653 3.139334
    8 -7.578523 -22.244878 12.982744 0.914643 -0.609024 0.148916
    9 -0.000004 -0.000006 24.761459 -1.290444 0.149648 -0.515568
    10 -0.000007 0.000004 24.344891 1.230924 0.213540 -0.179973
    11 -0.002360 -1.019903 24.031330 0.389663 0.008587 0.021048
    12 0.000000 -0.000002 13.404737 0.000001 0.000005 -0.307207
    13 -0.061540 -5.245835 72.927078 0.000000 0.000000 0.000000
    14 7.716403 -21.621657 -14.921163 0.345786 -0.001476 -0.080775
    15 0.000000 -0.005608 -1.146812 0.064373 -0.143898 -0.095132
    16 0.030770 -0.240000 8.906021 -0.004138 0.000000 0.000000
    17 0.066432 -1.436688 0.003508 0.184686 -0.038190 0.142689
    18 0.030770 -0.276858 8.905140 0.056125 0.004134 -0.000049
    19 0.393278 -1.385885 -0.173056 0.617782 0.126391 0.068790
    20 5.669724 4.435303 14.302868 0.549557 -1.292275 2.246729
    21 -1.044571 -2.839317 19.743267 -0.867770 -0.778996 0.328580
    22 2.655533 -1.533369 24.792658 -1.078496 0.094224 -1.102185
    23 1.120163 -0.154394 9.796035 -0.032376 -0.000129 -0.281291
    24 2.240311 -0.308786 19.592051 -0.307016 -0.319169 -0.506739
    25 0.683151 2.877354 14.167051 -1.140986 0.070202 1.469036
    26 0.144936 -0.145374 7.579252 -1.905161 -0.415555 0.231311
    27 0.091660 -0.906685 4.702850 -1.172924 -0.166459 0.112823
    28 0.506271 8.500866 13.617253 -1.274485 0.425574 1.441324
    29 -0.384987 -0.460049 7.003448 -1.820157 -0.313533 0.377259
    30 0.561516 -0.596954 5.061852 -1.597976 -0.219290 0.257731
    31 -2.452171 -8.899406 11.597897 -1.496796 -0.464135 1.391006
    32 0.680496 -0.903999 6.074253 -1.814198 0.187482 -0.029418
    33 0.245514 -0.661150 3.388004 -1.067633 0.146771 -0.042613
    34 -0.717484 -3.784271 13.043911 -1.380126 -0.198575 1.470761
    35 1.099216 -1.407745 8.017889 -1.671332 0.029721 -0.013541
    36 0.068439 -0.807653 3.686054 -1.355092 0.031000 -0.006756
    37 -4.004929 6.172707 4.754754 -0.362813 0.929518 2.260348
    38 0.158352 -1.149811 5.804394 -0.821019 -0.425938 0.180613
    39 -1.083523 -1.463142 5.544399 -1.355382 -0.242598 -0.050735
    40 -6.289886 0.932434 13.569063 -0.126803 0.612110 2.869610
    41 1.327774 -0.766687 12.396328 -0.073479 0.015978 -0.618673
    42 -0.096140 1.828087 23.185329 0.003618 -0.863508 -1.556497
    43 2.325478 -0.000003 6.169296 -0.211489 -0.007574 1.633430
    44 0.000000 -3.152912 0.122169 2.097613 -0.015604 0.037943
    45 1.068383 -10.478592 7.066338 0.292219 -1.282324 -3.141588
    46 0.000000 0.000000 2.279457 0.547137 -0.343566 0.107833
    47 2.479414 -8.323895 6.074242 -0.016467 -0.034781 1.368950
    48 0.000003 -5.075260 5.925699 0.000000 0.000000 0.000000
    49 -1.068383 -10.478611 7.065971 0.292219 1.282324 3.141588
    50 -0.000488 0.000015 2.279600 0.547136 0.343566 0.107835
    51 -2.479401 -8.323895 6.074234 0.000459 -0.032904 1.376030
    52 -5.790000 4.432083 14.255558 -4.938814 1.338766 -1.248569
    53 1.044540 -2.839314 19.743252 -0.787925 0.539711 -0.169908
    54 -2.655510 -1.533379 24.792648 -0.819275 -0.061834 1.296710
    55 -1.120216 -0.154385 9.795983 -0.029487 -0.000282 0.256363
    56 -2.240372 -0.308788 19.592047 -0.326168 0.264850 0.453076
    57 -0.683205 2.877342 14.167089 -1.140987 -0.070195 -1.469032
    58 -0.144958 -0.145317 7.579308 -1.911746 0.482444 -0.229645
    59 -0.038551 -0.936644 4.697678 -1.166326 0.226936 -0.120343
    60 -0.506317 8.500896 13.617329 -1.274444 -0.425536 -1.441320
    61 0.385056 -0.460075 7.003435 -1.856776 0.460472 -0.377047
    62 -0.456360 -0.710276 5.057732 -1.602734 0.407904 -0.341054
    63 2.452194 -8.899408 11.597939 -1.496813 0.464143 -1.390992
    64 -0.680515 -0.903999 6.074242 -1.814734 -0.203729 0.029430
    65 -0.248295 -0.666843 3.386627 -1.067074 -0.161121 0.046483
    66 0.717491 -3.784309 13.044010 -1.380108 0.198600 -1.470755
    67 -1.099228 -1.407673 8.017876 -1.671442 -0.023395 0.015445
    68 -0.064053 -0.807640 3.686100 -1.355077 -0.028612 0.003253
    69 4.004906 6.172710 4.754800 -0.362903 -0.929513 -2.260384
    70 -0.158381 -1.149773 5.804405 -0.694227 0.597727 0.257600
    71 1.078559 -2.386406 5.215008 -1.178776 0.712631 0.125088
    72 6.289963 0.932404 13.569109 -0.126801 -0.612098 -2.869612
    73 -1.327759 -0.766682 12.396324 -0.085519 -0.014228 0.717341
    74 0.000017 -54.999996 0.000000 0.000000 0.000000 -1.570796
  time 43
    0 0.000000 0.000000 -1.500000 0.000000 0.000000 0.000000
    1 -10.521344 -5.760963 66.994621 3.097005 -0.050653 -3.139334
    2 -9.593671 -18.134640 14.682317 -0.443495 0.573109 -0.096896
    3 -0.000034 0.000012 24.761454 -0.813048 -0.094392 0.418711
    4 0.000017 0.000000 24.344809 1.514677 -0.416588 -0.172879
    5 0.002333 -1.019846 24.031336 0.566399 -0.045059 0.009291
    6 0.000034 0.000008 13.404741 -0.000001 -0.000009 0.125018
    7 10.398263 -5.760962 66.994675 3.097005 0.050653 3.139334
    8 -7.570710 -22.569601 13.162585 0.918226 -0.612682 0.148091
    9 -0.000004 -0.000006 24.761459 -1.309748 0.151877 -0.517398
    10 -0.000007 0.000004 24.344891 1.246219 0.217095 -0.178481
    11 -0.002360 -1.019903 24.031330 0.389663 0.008587 0.021048
    12 0.000000 -0.000002 13.404737 0.000001 0.000005 -0.308323
    13 -0.061540 -5.245835 72.927078 0.000000 0.000000 0.000000
    14 7.716403 -21.924445 -15.146474 0.346618 -0.001476 -0.080775
    15 0.000000 -0.005608 -1.146812 0.064373 -0.143898 -0.095132
    16 0.030770 -0.240000 8.906021 -0.004138 0.000000 0.000000
    17 0.062525 -1.479658 -0.012117 0.192030 -0.043292 0.153271
    18 0.030770 -0.276858 8.905140 0.056125 0.004134 -0.000049
    19 0.404997 -1.354634 -0.161337 0.607059 0.127708 0.068958
    20 5.669724 4.435303 14.302868 0.610617 -1.304713 2.168720
    21 -1.044571 -2.839317 19.743267 -0.838663 -0.776126 0.317582
    22 2.655533 -1.533369 24.792658 -1.026984 0.090919 -1.093289
    23 1.120163 -0.154394 9.796035 -0.032352 -0.000117 -0.281153
    24 2.240311 -0.308786 19.592051 -0.307146 -0.319076 -0.506383
    25 0.683151 2.877354 14.167051 -1.140986 0.070202 1.469036
    26 0.144936 -0.145374 7.579252 -1.905161 -0.415555 0.231299
    27 0.091660 -0.906685 4.702850 -1.172924 -0.166459 0.112835
    28 0.506271 8.500866 13.617253 -1.274424 0.425552 1.441324
    29 -0.384987 -0.460049 7.003448 -1.820157 -0.313533 0.377259
    30 0.561516 -0.596954 5.061852 -1.597976 -0.219290 0.257743
    31 -2.452171 -8.899406 11.597897 -1.496796 -0.464135 1.391006
    32 0.680496 -0.903999 6.074253 -1.814198 0.187482 -0.029406
    33 0.245514 -0.661150 3.388004 -1.067633 0.146759 -0.042625
    34 -0.717484 -3.784271 13.043911 -1.380126 -0.198575 1.470761
    35 1.099216 -1.407745 8.017889 -1.671332 0.029721 -0.013541
    36 0.068439 -0.807653 3.686054 -1.355092 0.031000 -0.006756
    37 -4.004929 6.172707 4.754754 -0.362903 0.929500 2.260348
    38 0.158352 -1.149811 5.804394 -0.821019 -0.425938 0.180613
    39 -1.083523 -1.463142 5.544399 -1.355382 -0.242598 -0.050735
    40 -6.289886 0.932434 13.569063 -0.126803 0.612110 2.869610
    41 1.327774 -0.766687 12.396328 -0.072605 0.016062 -0.611492
    42 -0.096140 1.828087 23.185329 0.004371 -0.892315 -1.554724
    43 2.325478 -0.000003 6.169296 -0.209818 -0.014201 1.634269
    44 0.000000 -3.152912 0.122169 2.027485 -0.020602 0.050132
    45 1.068383 -10.478592 7.066338 0.292219 -1.282324 -3.141588
    46 0.000000 0.000000 2.279457 0.547137 -0.343566 0.107833
    47 2.479414 -8.323895 6.074242 -0.016494 0.065760 1.367613
    48 0.000003 -5.075260 5.929606 0.000000 0.000000 0.000000
    49 -1.068383 -10.478611 7.065971 0.292219 1.282324 3.141588
    50 -0.000488 0.000015 2.279600 0.547136 0.343566 0.107835
    51 -2.479401 -8.323895 6.074234 0.000419 0.068733 1.374497
    52 -5.790000 4.432083 14.255558 -4.982430 1.341217 -1.297914
    53 1.044540 -2.839314 19.743252 -0.781635 0.548148 -0.173637
    54 -2.655510 -1.533379 24.792648 -0.858982 -0.061873 1.318899
    55 -1.120216 -0.154385 9.795983 -0.029499 -0.000282 0.256336
    56 -2.240372 -0.308788 19.592047 -0.326244 0.264850 0.453076
    57 -0.683205 2.877342 14.167089 -1.140987 -0.070195 -1.469032
    58 -0.144958 -0.145317 7.579308 -1.911746 0.482432 -0.229645
    59 -0.038551 -0.936644 4.697678 -1.166326 0.226936 -0.120355
    60 -0.506317 8.500896 13.617329 -1.274444 -0.425536 -1.441320
    61 0.385056 -0.460075 7.003435 -1.856776 0.460437 -0.377047
    62 -0.456360 -0.710276 5.057732 -1.602734 0.407883 -0.341036
    63 2.452194 -8.899408 11.597939 -1.496813 0.464120 -1.390992
    64 -0.680515 -0.903999 6.074242 -1.814734 -0.203729 0.029430
    65 -0.248295 -0.666843 3.386627 -1.067074 -0.161121 0.046483
    66 0.717491 -3.784309 13.044010 -1.380108 0.198600 -1.470755
    67 -1.099228 -1.407673 8.017876 -1.671442 -0.023395 0.015445
    68 -0.064053 -0.807640 3.686100 -1.355077 -0.028600 0.003253
    69 4.004906 6.172710 4.754800 -0.362903 -0.929513 -2.260302
    70 -0.158381 -1.149773 5.804405 -0.694227 0.597727 0.257629
    71 1.078559 -2.386406 5.215008 -1.178776 0.712631 0.125088
    72 6.289963 0.932404 13.569109 -0.126801 -0.612098 -2.869612
    73 -1.327759 -0.766682 12.396324 -0.086754 -0.013989 0.727427
    74 0.000017 -54.999996 0.000000 0.000000 0.000000 -1.570796
  time 44
    0 0.000000 0.000000 -1.500000 0.000000 0.000000 0.000000
    1 -10.521344 -5.760963 66.994621 3.097005 -0.050653 -3.139334
    2 -9.597578 -18.441564 14.794439 -0.447936 0.575976 -0.099649
    3 -0.000034 0.000012 24.761454 -0.816137 -0.094739 0.415779
    4 0.000017 0.000000 24.344809 1.512027 -0.421092 -0.175948
    5 0.002333 -1.019846 24.031336 0.575247 -0.045143 0.008896
    6 0.000034 0.000008 13.404741 -0.000001 -0.000009 0.123035
    7 10.398263 -5.760962 66.994675 3.097005 0.050653 3.139334
    8 -7.562897 -22.869346 13.274986 0.918482 -0.613414 0.148091
    9 -0.000004 -0.000006 24.761459 -1.322672 0.153387 -0.517111
    10 -0.000007 0.000004 24.344891 1.258998 0.219939 -0.177052
    11 -0.002360 -1.019903 24.031330 0.389663 0.008587 0.021048
    12 0.000000 -0.000002 13.404737 0.000001 0.000005 -0.307722
    13 -0.061540 -5.245835 72.927078 0.000000 0.000000 0.000000
    14 7.716403 -22.215587 -15.259129 0.346842 -0.001476 -0.080775
    15 0.000000 -0.005608 -1.146812 0.064373 -0.143898 -0.095132
    16 0.030770 -0.240000 8.906021 -0.004138 0.000000 0.000000
    17 0.046900 -1.499190 -0.004305 0.194114 -0.047799 0.161497
    18 0.030770 -0.276858 8.905140 0.056125 0.004134 -0.000049
    19 0.412810 -1.393698 -0.173056 0.623609 0.128449 0.072158
    20 5.669724 4.435303 14.302868 0.580087 -1.293544 2.212612
    21 -1.044571 -2.839317 19.743267 -0.867624 -0.775291 0.326155
    22 2.655533 -1.533369 24.792658 -1.005980 0.088306 -1.107926
    23 1.120163 -0.154394 9.796035 -0.032328 -0.000117 -0.280877
    24 2.240311 -0.308786 19.592051 -0.307233 -0.318938 -0.505948
    25 0.683151 2.877354 14.167051 -1.140986 0.070202 1.469036
    26 0.144936 -0.145374 7.579252 -1.905161 -0.415555 0.231299
    27 0.091660 -0.906685 4.702850 -1.172924 -0.166459 0.112835
    28 0.506271 8.500866 13.617253 -1.274424 0.425574 1.441324
    29 -0.384987 -0.460049 7.003448 -1.820157 -0.313533 0.377259
    30 0.561516 -0.596954 5.061852 -1.597976 -0.219290 0.257743
    31 -2.452171 -8.899406 11.597897 -1.496796 -0.464135 1.391006
    32 0.680496 -0.903999 6.074253 -1.814198 0.187482 -0.029406
    33 0.245514 -0.661150 3.388004 -1.067633 0.146759 -0.042613
    34 -0.717484 -3.784271 13.043911 -1.380126 -0.198575 1.470761
    35 1.099216 -1.407745 8.017889 -1.671332 0.029721 -0.013541
    36 0.068439 -0.807653 3.686054 -1.355092 0.031000 -0.006756
    37 -4.004929 6.172707 4.754754 -0.362813 0.929500 2.260253
    38 0.158352 -1.149811 5.804394 -0.821019 -0.425938 0.180613
    39 -1.083523 -1.463142 5.544399 -1.355382 -0.242598 -0.050735
    40 -6.289886 0.932434 13.569063 -0.126803 0.612110 2.869610
    41 1.327774 -0.766687 12.396328 -0.073527 0.015978 -0.619175
    42 -0.096140 1.828087 23.185329 0.004594 -0.903883 -1.553990
    43 2.325478 -0.000003 6.169296 -0.210009 -0.019164 1.635027
    44 0.000000 -3.152912 0.122169 1.978563 -0.024461 0.059527
    45 1.068383 -10.478592 7.066338 0.292219 -1.282324 -3.141588
    46 0.000000 0.000000 2.279457 0.547137 -0.343566 0.107833
    47 2.479414 -8.323895 6.074242 -0.016984 0.088817 1.355579
    48 0.000003 -5.075260 5.929606 0.000000 0.000000 0.000000
    49 -1.068383 -10.478611 7.065971 0.292219 1.282324 3.141588
    50 -0.000488 0.000015 2.279600 0.547136 0.343566 0.107835
    51 -2.479401 -8.323895 6.074234 -0.000083 0.092264 1.362522
    52 -5.790000 4.432083 14.255558 -5.030454 1.342712 -1.352146
    53 1.044540 -2.839314 19.743252 -0.778185 0.535429 -0.166833
    54 -2.655510 -1.533379 24.792648 -0.901507 -0.061044 1.353053
    55 -1.120216 -0.154385 9.795983 -0.029499 -0.000282 0.256336
    56 -2.240372 -0.308788 19.592047 -0.326244 0.264850 0.453076
    57 -0.683205 2.877342 14.167089 -1.140987 -0.070195 -1.469032
    58 -0.144958 -0.145317 7.579308 -1.911746 0.482432 -0.229645
    59 -0.038551 -0.936644 4.697678 -1.166326 0.226936 -0.120355
    60 -0.506317 8.500896 13.617329 -1.274444 -0.425562 -1.441320
    61 0.385056 -0.460075 7.003435 -1.856776 0.460437 -0.377047
    62 -0.456360 -0.710276 5.057732 -1.602734 0.407883 -0.341036
    63 2.452194 -8.899408 11.597939 -1.496813 0.464097 -1.390992
    64 -0.680515 -0.903999 6.074242 -1.814734 -0.203729 0.029430
    65 -0.248295 -0.666843 3.386627 -1.067074 -0.161121 0.046483
    66 0.717491 -3.784309 13.044010 -1.380108 0.198600 -1.470755
    67 -1.099228 -1.407673 8.017876 -1.671442 -0.023395 0.015445
    68 -0.064053 -0.807640 3.686100 -1.355077 -0.028588 0.003253
    69 4.004906 6.172710 4.754800 -0.362903 -0.929513 -2.260302
    70 -0.158381 -1.149773 5.804405 -0.694227 0.597727 0.257629
    71 1.078559 -2.386406 5.215008 -1.178776 0.712631 0.125052
    72 6.289963 0.932404 13.569109 -0.126801 -0.612098 -2.869612
    73 -1.327759 -0.766682 12.396324 -0.089115 -0.013473 0.747043
    74 0.000017 -54.999996 0.000000 0.000000 0.000000 -1.570796
  time 45
    0 0.000000 0.000000 -1.500000 0.000000 0.000000 0.000000
    1 -10.521344 -5.760963 66.994621 3.097005 -0.050653 -3.139334
    2 -9.589765 -18.711658 14.637468 -0.455314 0.573415 -0.100217
    3 -0.000034 0.000012 24.761454 -0.802600 -0.093169 0.415982
    4 0.000017 0.000000 24.344809 1.497416 -0.424329 -0.174781
    5 0.002333 -1.019846 24.031336 0.583722 -0.045215 0.008500
    6 0.000034 0.000008 13.404741 -0.000001 -0.000009 0.123942
    7 10.398263 -5.760962 66.994675 3.097005 0.050653 3.139334
    8 -7.570710 -23.144112 13.117625 0.908927 -0.607561 0.150649
    9 -0.000004 -0.000006 24.761459 -1.319592 0.153040 -0.512195
    10 -0.000007 0.000004 24.344891 1.265581 0.221072 -0.175875
    11 -0.002360 -1.019903 24.031330 0.389663 0.008587 0.021048
    12 0.000000 -0.000002 13.404737 0.000001 0.000005 -0.303385
    13 -0.061540 -5.245835 72.927078 0.000000 0.000000 0.000000
    14 7.716403 -22.495084 -15.078881 0.346714 -0.001476 -0.080775
    15 0.000000 -0.005608 -1.146812 0.064373 -0.143898 -0.095132
    16 0.030770 -0.240000 8.906021 -0.004138 0.000000 0.000000
    17 0.054712 -1.522628 -0.000398 0.196828 -0.044001 0.149517
    18 0.030770 -0.276858 8.905140 0.056125 0.004134 -0.000049
    19 0.404997 -1.413230 -0.173056 0.634547 0.126947 0.071643
    20 5.669724 4.435303 14.302868 0.555299 -1.281776 2.250754
    21 -1.044571 -2.839317 19.743267 -0.879267 -0.780353 0.333092
    22 2.655533 -1.533369 24.792658 -1.050201 0.089728 -1.131784
    23 1.120163 -0.154394 9.796035 -0.032304 -0.000117 -0.280670
    24 2.240311 -0.308786 19.592051 -0.307277 -0.318800 -0.505394
    25 0.683151 2.877354 14.167051 -1.140986 0.070202 1.469036
    26 0.144936 -0.145374 7.579252 -1.905161 -0.415567 0.231299
    27 0.091660 -0.906685 4.702850 -1.172924 -0.166459 0.112823
    28 0.506271 8.500866 13.617253 -1.274424 0.425574 1.441324
    29 -0.384987 -0.460049 7.003448 -1.820157 -0.313533 0.377259
    30 0.561516 -0.596954 5.061852 -1.597976 -0.219290 0.257743
    31 -2.452171 -8.899406 11.597897 -1.496796 -0.464135 1.391006
    32 0.680496 -0.903999 6.074253 -1.814198 0.187482 -0.029430
    33 0.245514 -0.661150 3.388004 -1.067633 0.146771 -0.042613
    34 -0.717484 -3.784271 13.043911 -1.380126 -0.198575 1.470761
    35 1.099216 -1.407745 8.017889 -1.671332 0.029721 -0.013541
    36 0.068439 -0.807653 3.686054 -1.355092 0.031000 -0.006756
    37 -4.004929 6.172707 4.754754 -0.362903 0.929500 2.260348
    38 0.158352 -1.149811 5.804394 -0.821019 -0.425938 0.180613
    39 -1.083523 -1.463142 5.544399 -1.355382 -0.242598 -0.050735
    40 -6.289886 0.932434 13.569063 -0.126803 0.612110 2.869610
    41 1.327774 -0.766687 12.396328 -0.074978 0.015847 -0.630825
    42 -0.096140 1.828087 23.185329 0.004594 -0.903883 -1.553990
    43 2.325478 -0.000003 6.169296 -0.211298 -0.021088 1.635187
    44 0.000000 -3.152912 0.122169 1.960238 -0.025911 0.063051
    45 1.068383 -10.478592 7.066338 0.292219 -1.282324 -3.141588
    46 0.000000 0.000000 2.279457 0.547137 -0.343566 0.107833
    47 2.479414 -8.323895 6.074242 -0.017555 0.076185 1.340775
    48 0.000003 -5.075260 5.929606 0.000000 0.000000 0.000000
    49 -1.068383 -10.478611 7.065971 0.292219 1.282324 3.141588
    50 -0.000488 0.000015 2.279600 0.547136 0.343566 0.107835
    51 -2.479401 -8.323895 6.074234 -0.000726 0.079648 1.347576
    52 -5.790000 4.432083 14.255558 -4.970927 1.340137 -1.279614
    53 1.044540 -2.839314 19.743252 -0.765384 0.507574 -0.152300
    54 -2.655510 -1.533379 24.792648 -0.870657 -0.058365 1.362747
    55 -1.120216 -0.154385 9.795983 -0.029487 -0.000282 0.256336
    56 -2.240372 -0.308788 19.592047 -0.326244 0.264850 0.453076
    57 -0.683205 2.877342 14.167089 -1.140987 -0.070195 -1.469019
    58 -0.144958 -0.145317 7.579308 -1.911746 0.482432 -0.229645
    59 -0.038551 -0.936644 4.697678 -1.166326 0.226936 -0.120355
    60 -0.506317 8.500896 13.617329 -1.274444 -0.425562 -1.441320
    61 0.385056 -0.460075 7.003435 -1.856776 0.460472 -0.377047
    62 -0.456360 -0.710276 5.057732 -1.602734 0.407904 -0.341054
    63 2.452194 -8.899408 11.597939 -1.496813 0.464120 -1.390992
    64 -0.680515 -0.903999 6.074242 -1.814734 -0.203729 0.029430
    65 -0.248295 -0.666843 3.386627 -1.067074 -0.161121 0.046483
    66 0.717491 -3.784309 13.044010 -1.380108 0.198600 -1.470743
    67 -1.099228 -1.407673 8.017876 -1.671442 -0.023395 0.015445
    68 -0.064053 -0.807640 3.686100 -1.355077 -0.028600 0.003253
    69 4.004906 6.172710 4.754800 -0.362903 -0.929513 -2.260302
    70 -0.158381 -1.149773 5.804405 -0.694227 0.597727 0.257600
    71 1.078559 -2.386406 5.215008 -1.178776 0.712662 0.125052
    72 6.289963 0.932404 13.569109 -0.126801 -0.612098 -2.869612
    73 -1.327759 -0.766682 12.396324 -0.089894 -0.013306 0.753520
    74 0.000017 -54.999996 0.000000 0.000000 0.000000 -1.570796
  time 46
    0 0.000000 0.000000 -1.500000 0.000000 0.000000 0.000000
    1 -10.521344 -5.760963 66.994621 3.097005 -0.050653 -3.139334
    2 -9.581952 -18.969475 14.480496 -0.462693 0.570603 -0.100523
    3 -0.000034 0.000012 24.761454 -0.788616 -0.091552 0.416267
    4 0.000017 0.000000 24.344809 1.482929 -0.427430 -0.173355
    5 0.002333 -1.019846 24.031336 0.591525 -0.045287 0.008153
    6 0.000034 0.000008 13.404741 -0.000001 -0.000009 0.124954
    7 10.398263 -5.760962 66.994675 3.097005 0.050653 3.139334
    8 -7.578523 -23.393900 12.960264 0.899799 -0.601708 0.152877
    9 -0.000004 -0.000006 24.761459 -1.316072 0.152620 -0.507350
    10 -0.000007 0.000004 24.344891 1.271584 0.222117 -0.174782
    11 -0.002360 -1.019903 24.031330 0.389663 0.008599 0.021048
    12 0.000000 -0.000002 13.404737 0.000001 0.000005 -0.299135
    13 -0.061540 -5.245835 72.927078 0.000000 0.000000 0.000000
    14 7.716403 -22.762935 -14.966225 0.346426 -0.001476 -0.080775
    15 0.000000 -0.005608 -1.146812 0.064373 -0.143898 -0.095132
    16 0.030770 -0.240000 8.906021 -0.004138 0.000000 0.000000
    17 0.062525 -1.553879 -0.019930 0.203352 -0.040532 0.139614
    18 0.030770 -0.276858 8.905140 0.056125 0.004134 -0.000049
    19 0.397184 -1.378073 -0.165243 0.621500 0.125610 0.068311
    20 5.669724 4.435303 14.302868 0.616455 -1.292135 2.170445
    21 -1.044571 -2.839317 19.743267 -0.831667 -0.781084 0.318428
    22 2.655533 -1.533369 24.792658 -1.079928 0.091880 -1.133239
    23 1.120163 -0.154394 9.796035 -0.032268 -0.000105 -0.280325
    24 2.240311 -0.308786 19.592051 -0.307451 -0.318616 -0.504840
    25 0.683151 2.877354 14.167051 -1.140986 0.070202 1.469036
    26 0.144936 -0.145374 7.579252 -1.905161 -0.415555 0.231299
    27 0.091660 -0.906685 4.702850 -1.172924 -0.166459 0.112835
    28 0.506271 8.500866 13.617253 -1.274424 0.425574 1.441324
    29 -0.384987 -0.460049 7.003448 -1.820157 -0.313533 0.377259
    30 0.561516 -0.596954 5.061852 -1.597976 -0.219290 0.257743
    31 -2.452171 -8.899406 11.597897 -1.496796 -0.464135 1.391006
    32 0.680496 -0.903999 6.074253 -1.814198 0.187494 -0.029406
    33 0.245514 -0.661150 3.388004 -1.067633 0.146759 -0.042613
    34 -0.717484 -3.784271 13.043911 -1.380126 -0.198575 1.470761
    35 1.099216 -1.407745 8.017889 -1.671332 0.029721 -0.013541
    36 0.068439 -0.807653 3.686054 -1.355092 0.031000 -0.006756
    37 -4.004929 6.172707 4.754754 -0.362813 0.929500 2.260348
    38 0.158352 -1.149811 5.804394 -0.820977 -0.425938 0.180613
    39 -1.083523 -1.463142 5.544399 -1.355382 -0.242598 -0.050735
    40 -6.289886 0.932434 13.569063 -0.126803 0.612110 2.869610
    41 1.327774 -0.766687 12.396328 -0.074858 0.015859 -0.629921
    42 -0.096140 1.828087 23.185329 0.004594 -0.903883 -1.553960
    43 2.325478 -0.000003 6.169296 -0.212635 -0.021117 1.634747
    44 0.000000 -3.152912 0.122169 1.960303 -0.024580 0.059839
    45 1.068383 -10.478592 7.066338 0.292219 -1.282324 -3.141588
    46 0.000000 0.000000 2.279457 0.547137 -0.343566 0.107833
    47 2.479414 -8.323895 6.074242 -0.017772 0.060406 1.333421
    48 0.000003 -5.075260 5.925699 0.000000 0.000000 0.000000
    49 -1.068383 -10.478611 7.065971 0.292219 1.282324 3.141588
    50 -0.000488 0.000015 2.279600 0.547136 0.343566 0.107835
    51 -2.479401 -8.323895 6.074234 -0.001007 0.063866 1.340294
    52 -5.790000 4.432083 14.255558 -4.915329 1.335817 -1.209764
    53 1.044540 -2.839314 19.743252 -0.748464 0.495321 -0.145523
    54 -2.655510 -1.533379 24.792648 -0.825062 -0.055958 1.362898
    55 -1.120216 -0.154385 9.795983 -0.029511 -0.000270 0.256336
    56 -2.240372 -0.308788 19.592047 -0.326244 0.264850 0.453076
    57 -0.683205 2.877342 14.167089 -1.140987 -0.070195 -1.469032
    58 -0.144958 -0.145317 7.579308 -1.911746 0.482432 -0.229645
    59 -0.038551 -0.936644 4.697678 -1.166326 0.226924 -0.120343
    60 -0.506317 8.500896 13.617329 -1.274444 -0.425536 -1.441320
    61 0.385056 -0.460075 7.003435 -1.856776 0.460472 -0.377047
    62 -0.456360 -0.710276 5.057732 -1.602734 0.407904 -0.341036
    63 2.452194 -8.899408 11.597939 -1.496853 0.464120 -1.390992
    64 -0.680515 -0.903999 6.074242 -1.814734 -0.203729 0.029430
    65 -0.248295 -0.666843 3.386627 -1.067074 -0.161121 0.046483
    66 0.717491 -3.784309 13.044010 -1.380108 0.198600 -1.470755
    67 -1.099228 -1.407673 8.017876 -1.671442 -0.023395 0.015445
    68 -0.064053 -0.807640 3.686100 -1.355077 -0.028588 0.003253
    69 4.004906 6.172710 4.754800 -0.362903 -0.929513 -2.260302
    70 -0.158381 -1.149773 5.804405 -0.694227 0.597727 0.257600
    71 1.078559 -2.386406 5.215008 -1.178728 0.712631 0.125052
    72 6.289963 0.932404 13.569109 -0.126801 -0.612098 -2.869612
    73 -1.327759 -0.766682 12.396324 -0.089654 -0.013353 0.751577
    74 0.000017 -54.999996 0.000000 0.000000 0.000000 -1.570796
  time 47
    0 0.000000 0.000000 -1.500000 0.000000 0.000000 0.000000
    1 -10.521344 -5.760963 66.994621 3.097005 -0.050653 -3.139334
    2 -9.589765 -19.239569 14.615043 -0.466450 0.573637 -0.102926
    3 -0.000034 0.000012 24.761454 -0.792844 -0.092055 0.413091
    4 0.000017 0.000000 24.344809 1.482744 -0.431640 -0.176488
    5 0.002333 -1.019846 24.031336 0.598656 -0.045323 0.007805
    6 0.000034 0.000008 13.404741 -0.000001 -0.000009 0.122866
    7 10.398263 -5.760962 66.994675 3.097005 0.050653 3.139334
    8 -7.574616 -23.656177 13.095145 0.901420 -0.603098 0.152382
    9 -0.000004 -0.000006 24.761459 -1.329822 0.154202 -0.507421
    10 -0.000007 0.000004 24.344891 1.283588 0.224850 -0.173458
    11 -0.002360 -1.019903 24.031330 0.389663 0.008599 0.021048
    12 0.000000 -0.000002 13.404737 0.000001 0.000005 -0.298855
    13 -0.061540 -5.245835 72.927078 0.000000 0.000000 0.000000
    14 7.716403 -23.007494 -15.078881 0.346202 -0.001476 -0.080775
    15 0.000000 -0.005608 -1.146812 0.064373 -0.143898 -0.095132
    16 0.030770 -0.240000 8.906021 -0.004138 0.000000 0.000000
    17 0.054712 -1.585130 -0.031649 0.208928 -0.045280 0.149677
    18 0.030770 -0.276858 8.905140 0.056125 0.004134 -0.000049
    19 0.401091 -1.358541 -0.161337 0.611384 0.126227 0.068263
    20 5.669724 4.435303 14.302868 0.685171 -1.302564 2.080937
    21 -1.044571 -2.839317 19.743267 -0.798108 -0.774300 0.303650
    22 2.655533 -1.533369 24.792658 -1.002769 0.086577 -1.128549
    23 1.120163 -0.154394 9.796035 -0.032232 -0.000105 -0.280049
    24 2.240311 -0.308786 19.592051 -0.307538 -0.318478 -0.504207
    25 0.683151 2.877354 14.167051 -1.140986 0.070202 1.469036
    26 0.144936 -0.145374 7.579252 -1.905161 -0.415555 0.231299
    27 0.091660 -0.906685 4.702850 -1.172924 -0.166459 0.112835
    28 0.506271 8.500866 13.617253 -1.274424 0.425574 1.441324
    29 -0.384987 -0.460049 7.003448 -1.820157 -0.313533 0.377259
    30 0.561516 -0.596954 5.061852 -1.597976 -0.219290 0.257743
    31 -2.452171 -8.899406 11.597897 -1.496796 -0.464135 1.391006
    32 0.680496 -0.903999 6.074253 -1.814198 0.187482 -0.029418
    33 0.245514 -0.661150 3.388004 -1.067633 0.146771 -0.042613
    34 -0.717484 -3.784271 13.043911 -1.380126 -0.198575 1.470761
    35 1.099216 -1.407745 8.017889 -1.671332 0.029721 -0.013541
    36 0.068439 -0.807653 3.686054 -1.355092 0.031000 -0.006756
    37 -4.004929 6.172707 4.754754 -0.362813 0.929500 2.260253
    38 0.158352 -1.149811 5.804394 -0.821019 -0.425938 0.180613
    39 -1.083523 -1.463142 5.544399 -1.355382 -0.242598 -0.050735
    40 -6.289886 0.932434 13.569063 -0.126803 0.612110 2.869610
    41 1.327774 -0.766687 12.396328 -0.074139 0.015931 -0.624046
    42 -0.096140 1.828087 23.185329 0.004594 -0.903883 -1.553990
    43 2.325478 -0.000003 6.169296 -0.214068 -0.021146 1.634149
    44 0.000000 -3.152912 0.122169 1.960466 -0.021500 0.052349
    45 1.068383 -10.478592 7.066338 0.292219 -1.282324 -3.141588
    46 0.000000 0.000000 2.279457 0.547137 -0.343566 0.107833
    47 2.479414 -8.323895 6.074242 -0.017745 0.058152 1.334472
    48 0.000003 -5.075260 5.925699 0.000000 0.000000 0.000000
    49 -1.068383 -10.478611 7.065971 0.292219 1.282324 3.141588
    50 -0.000488 0.000015 2.279600 0.547136 0.343566 0.107835
    51 -2.479401 -8.323895 6.074234 -0.000987 0.061598 1.341348
    52 -5.790000 4.432083 14.255558 -4.973227 1.335443 -1.269457
    53 1.044540 -2.839314 19.743252 -0.734940 0.498755 -0.146231
    54 -2.655510 -1.533379 24.792648 -0.799044 -0.051958 1.391070
    55 -1.120216 -0.154385 9.795983 -0.029487 -0.000282 0.256336
    56 -2.240372 -0.308788 19.592047 -0.326244 0.264850 0.453076
    57 -0.683205 2.877342 14.167089 -1.140987 -0.070195 -1.469019
    58 -0.144958 -0.145317 7.579308 -1.911746 0.482432 -0.229645
    59 -0.038551 -0.936644 4.697678 -1.166375 0.226924 -0.120355
    60 -0.506317 8.500896 13.617329 -1.274444 -0.425536 -1.441320
    61 0.385056 -0.460075 7.003435 -1.856776 0.460472 -0.377047
    62 -0.456360 -0.710276 5.057732 -1.602734 0.407883 -0.341054
    63 2.452194 -8.899408 11.597939 -1.496813 0.464120 -1.390992
    64 -0.680515 -0.903999 6.074242 -1.814734 -0.203729 0.029430
    65 -0.248295 -0.666843 3.386627 -1.067074 -0.161109 0.046483
    66 0.717491 -3.784309 13.044010 -1.380108 0.198588 -1.470743
    67 -1.099228 -1.407673 8.017876 -1.671442 -0.023395 0.015445
    68 -0.064053 -0.807640 3.686100 -1.355077 -0.028588 0.003253
    69 4.004906 6.172710 4.754800 -0.362903 -0.929513 -2.260302
    70 -0.158381 -1.149773 5.804405 -0.694227 0.597727 0.257629
    71 1.078559 -2.386406 5.215008 -1.178728 0.712631 0.125052
    72 6.289963 0.932404 13.569109 -0.126801 -0.612098 -2.869612
    73 -1.327759 -0.766682 12.396324 -0.090853 -0.013090 0.761570
    74 0.000017 -54.999996 0.000000 0.000000 0.000000 -1.570796
  time 48
    0 0.000000 0.000000 -1.500000 0.000000 0.000000 0.000000
    1 -10.521344 -5.760963 66.994621 3.097005 -0.050653 -3.139334
    2 -9.593671 -19.472832 14.749590 -0.470276 0.576310 -0.105285
    3 -0.000034 0.000012 24.761454 -0.796543 -0.092474 0.410160
    4 0.000017 0.000000 24.344809 1.483052 -0.435556 -0.179340
    5 0.002333 -1.019846 24.031336 0.604741 -0.045371 0.007541
    6 0.000034 0.000008 13.404741 -0.000001 -0.000009 0.121010
    7 10.398263 -5.760962 66.994675 3.097005 0.050653 3.139334
    8 -7.566804 -23.893475 13.230026 0.903296 -0.604744 0.151887
    9 -0.000004 -0.000006 24.761459 -1.342856 0.155712 -0.507744
    10 -0.000007 0.000004 24.344891 1.295011 0.227405 -0.172196
    11 -0.002360 -1.019903 24.031330 0.389663 0.008599 0.021048
    12 0.000000 -0.000002 13.404737 0.000001 0.000005 -0.298855
    13 -0.061540 -5.245835 72.927078 0.000000 0.000000 0.000000
    14 7.716403 -23.240408 -15.259129 0.346298 -0.001476 -0.080775
    15 0.000000 -0.005608 -1.146812 0.064373 -0.143898 -0.095132
    16 0.030770 -0.240000 8.906021 -0.004138 0.000000 0.000000
    17 0.050806 -1.600755 -0.027743 0.209833 -0.049382 0.157704
    18 0.030770 -0.276858 8.905140 0.056125 0.004134 -0.000049
    19 0.404997 -1.385885 -0.169149 0.625432 0.126330 0.070852
    20 5.669724 4.435303 14.302868 0.663829 -1.299393 2.107579
    21 -1.044571 -2.839317 19.743267 -0.815279 -0.766055 0.304130
    22 2.655533 -1.533369 24.792658 -0.933812 0.080505 -1.148120
    23 1.120163 -0.154394 9.796035 -0.032196 -0.000093 -0.279704
    24 2.240311 -0.308786 19.592051 -0.307712 -0.318294 -0.503495
    25 0.683151 2.877354 14.167051 -1.140986 0.070202 1.469036
    26 0.144936 -0.145374 7.579252 -1.905161 -0.415567 0.231299
    27 0.091660 -0.906685 4.702850 -1.172924 -0.166459 0.112823
    28 0.506271 8.500866 13.617253 -1.274424 0.425574 1.441324
    29 -0.384987 -0.460049 7.003448 -1.820157 -0.313533 0.377259
    30 0.561516 -0.596954 5.061852 -1.597976 -0.219290 0.257731
    31 -2.452171 -8.899406 11.597897 -1.496796 -0.464135 1.391006
    32 0.680496 -0.903999 6.074253 -1.814198 0.187482 -0.029418
    33 0.245514 -0.661150 3.388004 -1.067633 0.146771 -0.042613
    34 -0.717484 -3.784271 13.043911 -1.380126 -0.198575 1.470761
    35 1.099216 -1.407745 8.017889 -1.671332 0.029721 -0.013541
    36 0.068439 -0.807653 3.686054 -1.355092 0.031000 -0.006756
    37 -4.004929 6.172707 4.754754 -0.362813 0.929500 2.260348
    38 0.158352 -1.149811 5.804394 -0.821019 -0.425938 0.180613
    39 -1.083523 -1.463142 5.544399 -1.355382 -0.242598 -0.050735
    40 -6.289886 0.932434 13.569063 -0.126803 0.612110 2.869610
    41 1.327774 -0.766687 12.396328 -0.075145 0.015823 -0.632281
    42 -0.096140 1.828087 23.185329 0.004594 -0.903883 -1.553990
    43 2.325478 -0.000003 6.169296 -0.215548 -0.021204 1.633470
    44 0.000000 -3.152912 0.122169 1.960661 -0.017354 0.042234
    45 1.068383 -10.478592 7.066338 0.292219 -1.282324 -3.141588
    46 0.000000 0.000000 2.279457 0.547137 -0.343566 0.107833
    47 2.479414 -8.323895 6.074242 -0.017690 0.054818 1.336191
    48 0.000003 -5.075260 5.929606 0.000000 0.000000 0.000000
    49 -1.068383 -10.478611 7.065971 0.292219 1.282324 3.141588
    50 -0.000488 0.000015 2.279600 0.547136 0.343566 0.107835
    51 -2.479401 -8.323895 6.074234 -0.000907 0.058338 1.343169
    52 -5.790000 4.432083 14.255558 -5.020677 1.335609 -1.316694
    53 1.044540 -2.839314 19.743252 -0.721527 0.482517 -0.138393
    54 -2.655510 -1.533379 24.792648 -0.859485 -0.052230 1.419014
    55 -1.120216 -0.154385 9.795983 -0.029487 -0.000282 0.256336
    56 -2.240372 -0.308788 19.592047 -0.326244 0.264850 0.453076
    57 -0.683205 2.877342 14.167089 -1.140987 -0.070195 -1.469032
    58 -0.144958 -0.145317 7.579308 -1.911746 0.482432 -0.229645
    59 -0.038551 -0.936644 4.697678 -1.166326 0.226936 -0.120355
    60 -0.506317 8.500896 13.617329 -1.274444 -0.425536 -1.441320
    61 0.385056 -0.460075 7.003435 -1.856776 0.460437 -0.377047
    62 -0.456360 -0.710276 5.057732 -1.602734 0.407904 -0.341036
    63 2.452194 -8.899408 11.597939 -1.496853 0.464120 -1.390992
    64 -0.680515 -0.903999 6.074242 -1.814734 -0.203729 0.029430
    65 -0.248295 -0.666843 3.386627 -1.067074 -0.161121 0.046483
    66 0.717491 -3.784309 13.044010 -1.380108 0.198588 -1.470755
    67 -1.099228 -1.407673 8.017876 -1.671442 -0.023395 0.015445
    68 -0.064053 -0.807640 3.686100 -1.355077 -0.028588 0.003253
    69 4.004906 6.172710 4.754800 -0.362903 -0.929513 -2.260302
    70 -0.158381 -1.149773 5.804405 -0.694227 0.597727 0.257629
    71 1.078559 -2.386406 5.215008 -1.178776 0.712631 0.125052
    72 6.289963 0.932404 13.569109 -0.126801 -0.612098 -2.869612
    73 -1.327759 -0.766682 12.396324 -0.092950 -0.012574 0.779012
    74 0.000017 -54.999996 0.000000 0.000000 0.000000 -1.570796
  time 49
    0 0.000000 0.000000 -1.500000 0.000000 0.000000 0.000000
    1 -10.521344 -5.760963 66.994621 3.097005 -0.050653 -3.139334
    2 -9.585859 -19.669263 14.592619 -0.477518 0.572441 -0.105285
    3 -0.000034 0.000012 24.761454 -0.781136 -0.090701 0.411178
    4 0.000017 0.000000 24.344809 1.470168 -0.437910 -0.177136
    5 0.002333 -1.019846 24.031336 0.609856 -0.045406 0.007302
    6 0.000034 0.000008 13.404741 -0.000001 -0.000009 0.122592
    7 10.398263 -5.760962 66.994675 3.097005 0.050653 3.139334
    8 -7.570710 -24.080815 13.072665 0.894595 -0.599513 0.154115
    9 -0.000004 -0.000006 24.761459 -1.337961 0.155149 -0.503581
    10 -0.000007 0.000004 24.344891 1.298948 0.228005 -0.171356
    11 -0.002360 -1.019903 24.031330 0.389663 0.008587 0.021048
    12 0.000000 -0.000002 13.404737 0.000001 0.000005 -0.295249
    13 -0.061540 -5.245835 72.927078 0.000000 0.000000 0.000000
    14 7.716403 -23.450031 -15.078881 0.346426 -0.001476 -0.080715
    15 0.000000 -0.005608 -1.146812 0.064373 -0.143898 -0.095132
    16 0.030770 -0.240000 8.906021 -0.004138 0.000000 0.000000
    17 0.058619 -1.612475 -0.023836 0.210970 -0.045052 0.146123
    18 0.030770 -0.276858 8.905140 0.056125 0.004134 -0.000049
    19 0.393278 -1.405417 -0.176962 0.636655 0.124067 0.070121
    20 5.669724 4.435303 14.302868 0.634352 -1.296715 2.142654
    21 -1.044571 -2.839317 19.743267 -0.817382 -0.761567 0.302043
    22 2.655533 -1.533369 24.792658 -0.993048 0.082388 -1.173514
    23 1.120163 -0.154394 9.796035 -0.032148 -0.000093 -0.279394
    24 2.240311 -0.308786 19.592051 -0.307799 -0.318063 -0.502862
    25 0.683151 2.877354 14.167051 -1.140986 0.070202 1.469036
    26 0.144936 -0.145374 7.579252 -1.905161 -0.415567 0.231299
    27 0.091660 -0.906685 4.702850 -1.172924 -0.166459 0.112823
    28 0.506271 8.500866 13.617253 -1.274424 0.425574 1.441324
    29 -0.384987 -0.460049 7.003448 -1.820157 -0.313533 0.377259
    30 0.561516 -0.596954 5.061852 -1.597976 -0.219290 0.257743
    31 -2.452171 -8.899406 11.597897 -1.496796 -0.464135 1.391006
    32 0.680496 -0.903999 6.074253 -1.814198 0.187482 -0.029418
    33 0.245514 -0.661150 3.388004 -1.067633 0.146771 -0.042613
    34 -0.717484 -3.784271 13.043911 -1.380126 -0.198575 1.470761
    35 1.099216 -1.407745 8.017889 -1.671332 0.029721 -0.013541
    36 0.068439 -0.807653 3.686054 -1.355092 0.031012 -0.006756
    37 -4.004929 6.172707 4.754754 -0.362903 0.929500 2.260348
    38 0.158352 -1.149811 5.804394 -0.821061 -0.425938 0.180613
    39 -1.083523 -1.463142 5.544399 -1.355382 -0.242598 -0.050735
    40 -6.289886 0.932434 13.569063 -0.126803 0.612110 2.869610
    41 1.327774 -0.766687 12.396328 -0.076955 0.015607 -0.646944
    42 -0.096140 1.828087 23.185329 0.004594 -0.903883 -1.553990
    43 2.325478 -0.000003 6.169296 -0.217076 -0.021262 1.632832
    44 0.000000 -3.152912 0.122169 1.960840 -0.012835 0.031220
    45 1.068383 -10.478592 7.066338 0.292219 -1.282324 -3.141588
    46 0.000000 0.000000 2.279457 0.547137 -0.343566 0.107833
    47 2.479414 -8.323895 6.074242 -0.017609 0.051014 1.338483
    48 0.000003 -5.075260 5.925699 0.000000 0.000000 0.000000
    49 -1.068383 -10.478611 7.065971 0.292219 1.282324 3.141588
    50 -0.000488 0.000015 2.279600 0.547136 0.343566 0.107835
    51 -2.479401 -8.323895 6.074234 -0.000786 0.054463 1.345276
    52 -5.790000 4.432083 14.255558 -4.924244 1.335983 -1.198937
    53 1.044540 -2.839314 19.743252 -0.698986 0.440968 -0.120594
    54 -2.655510 -1.533379 24.792648 -0.919624 -0.056087 1.414622
    55 -1.120216 -0.154385 9.795983 -0.029487 -0.000282 0.256336
    56 -2.240372 -0.308788 19.592047 -0.326244 0.264850 0.453076
    57 -0.683205 2.877342 14.167089 -1.140987 -0.070195 -1.469019
    58 -0.144958 -0.145317 7.579308 -1.911746 0.482432 -0.229645
    59 -0.038551 -0.936644 4.697678 -1.166326 0.226936 -0.120355
    60 -0.506317 8.500896 13.617329 -1.274444 -0.425536 -1.441320
    61 0.385056 -0.460075 7.003435 -1.856776 0.460437 -0.377047
    62 -0.456360 -0.710276 5.057732 -1.602734 0.407904 -0.341054
    63 2.452194 -8.899408 11.597939 -1.496813 0.464120 -1.390992
    64 -0.680515 -0.903999 6.074242 -1.814734 -0.203729 0.029430
    65 -0.248295 -0.666843 3.386627 -1.067074 -0.161121 0.046483
    66 0.717491 -3.784309 13.044010 -1.380058 0.198588 -1.470743
    67 -1.099228 -1.407673 8.017876 -1.671442 -0.023395 0.015445
    68 -0.064053 -0.807640 3.686100 -1.355077 -0.028600 0.003253
    69 4.004906 6.172710 4.754800 -0.362903 -0.929513 -2.260302
    70 -0.158381 -1.149773 5.804405 -0.694227 0.597727 0.257629
    71 1.078559 -2.386406 5.215008 -1.178776 0.712631 0.125052
    72 6.289963 0.932404 13.569109 -0.126801 -0.612098 -2.869612
    73 -1.327759 -0.766682 12.396324 -0.093561 -0.012407 0.784055
    74 0.000017 -54.999996 0.000000 0.000000 0.000000 -1.570796
  time 50
    0 0.000000 0.000000 -1.500000 0.000000 0.000000 0.000000
    1 -10.521344 -5.760963 66.994621 3.097005 -0.050653 -3.139334
    2 -9.578046 -19.853418 14.435647 -0.485238 0.567709 -0.104761
    3 -0.000034 0.000012 24.761454 -0.763819 -0.088687 0.412359
    4 0.000017 0.000000 24.344809 1.457962 -0.440083 -0.174306
    5 0.002333 -1.019846 24.031336 0.613216 -0.045430 0.007134
    6 0.000034 0.000008 13.404741 -0.000001 -0.000009 0.124554
    7 10.398263 -5.760962 66.994675 3.097005 0.050653 3.139334
    8 -7.582429 -24.268156 12.915303 0.886320 -0.594319 0.156260
    9 -0.000004 -0.000006 24.761459 -1.332682 0.154538 -0.499454
    10 -0.000007 0.000004 24.344891 1.302046 0.228405 -0.170641
    11 -0.002360 -1.019903 24.031330 0.389663 0.008587 0.021048
    12 0.000000 -0.000002 13.404737 0.000001 0.000005 -0.291749
    13 -0.061540 -5.245835 72.927078 0.000000 0.000000 0.000000
    14 7.716403 -23.636362 -14.966225 0.346266 -0.001476 -0.080715
    15 0.000000 -0.005608 -1.146812 0.064373 -0.143898 -0.095132
    16 0.030770 -0.240000 8.906021 -0.004138 0.000000 0.000000
    17 0.066432 -1.628100 -0.031649 0.216104 -0.041102 0.136699
    18 0.030770 -0.276858 8.905140 0.056125 0.004134 -0.000049
    19 0.381559 -1.378073 -0.165243 0.622322 0.122010 0.066465
    20 5.669724 4.435303 14.302868 0.667466 -1.308519 2.090233
    21 -1.044571 -2.839317 19.743267 -0.776632 -0.758540 0.287999
    22 2.655533 -1.533369 24.792658 -1.054107 0.086308 -1.178851
    23 1.120163 -0.154394 9.796035 -0.032100 -0.000093 -0.279084
    24 2.240311 -0.308786 19.592051 -0.307929 -0.317879 -0.502150
    25 0.683151 2.877354 14.167051 -1.140986 0.070202 1.469036
    26 0.144936 -0.145374 7.579252 -1.905161 -0.415567 0.231299
    27 0.091660 -0.906685 4.702850 -1.172924 -0.166459 0.112823
    28 0.506271 8.500866 13.617253 -1.274424 0.425574 1.441324
    29 -0.384987 -0.460049 7.003448 -1.820157 -0.313533 0.377259
    30 0.561516 -0.596954 5.061852 -1.597976 -0.219290 0.257731
    31 -2.452171 -8.899406 11.597897 -1.496796 -0.464135 1.391006
    32 0.680496 -0.903999 6.074253 -1.814198 0.187482 -0.029418
    33 0.245514 -0.661150 3.388004 -1.067633 0.146771 -0.042613
    34 -0.717484 -3.784271 13.043911 -1.380126 -0.198575 1.470761
    35 1.099216 -1.407745 8.017889 -1.671332 0.029721 -0.013541
    36 0.068439 -0.807653 3.686054 -1.355092 0.031012 -0.006756
    37 -4.004929 6.172707 4.754754 -0.362903 0.929500 2.260348
    38 0.158352 -1.149811 5.804394 -0.821019 -0.425938 0.180613
    39 -1.083523 -1.463142 5.544399 -1.355382 -0.242598 -0.050735
    40 -6.289886 0.932434 13.569063 -0.126803 0.612110 2.869610
    41 1.327774 -0.766687 12.396328 -0.077327 0.015547 -0.650108
    42 -0.096140 1.828087 23.185329 0.004594 -0.903883 -1.553990
    43 2.325478 -0.000003 6.169296 -0.218461 -0.021305 1.632193
    44 0.000000 -3.152912 0.122169 1.960938 -0.008641 0.021009
    45 1.068383 -10.478592 7.066338 0.292219 -1.282324 -3.141588
    46 0.000000 0.000000 2.279457 0.547137 -0.343566 0.107833
    47 2.479414 -8.323895 6.074242 -0.017500 0.047117 1.340871
    48 0.000003 -5.075260 5.929606 0.000000 0.000000 0.000000
    49 -1.068383 -10.478611 7.065971 0.292219 1.282324 3.141588
    50 -0.000488 0.000015 2.279600 0.547136 0.343566 0.107835
    51 -2.479401 -8.323895 6.074234 -0.000706 0.050494 1.347767
    52 -5.790000 4.432083 14.255558 -4.824744 1.334031 -1.078401
    53 1.044540 -2.839314 19.743252 -0.674553 0.418328 -0.111695
    54 -2.655510 -1.533379 24.792648 -0.797685 -0.049668 1.413713
    55 -1.120216 -0.154385 9.795983 -0.029487 -0.000282 0.256336
    56 -2.240372 -0.308788 19.592047 -0.326244 0.264850 0.453076
    57 -0.683205 2.877342 14.167089 -1.140987 -0.070195 -1.469019
    58 -0.144958 -0.145317 7.579308 -1.911746 0.482432 -0.229645
    59 -0.038551 -0.936644 4.697678 -1.166326 0.226924 -0.120343
    60 -0.506317 8.500896 13.617329 -1.274444 -0.425536 -1.441320
    61 0.385056 -0.460075 7.003435 -1.856776 0.460437 -0.377047
    62 -0.456360 -0.710276 5.057732 -1.602734 0.407904 -0.341036
    63 2.452194 -8.899408 11.597939 -1.496813 0.464120 -1.390992
    64 -0.680515 -0.903999 6.074242 -1.814734 -0.203729 0.029430
    65 -0.248295 -0.666843 3.386627 -1.067074 -0.161121 0.046471
    66 0.717491 -3.784309 13.044010 -1.380108 0.198600 -1.470743
    67 -1.099228 -1.407673 8.017876 -1.671442 -0.023395 0.015445
    68 -0.064053 -0.807640 3.686100 -1.355077 -0.028600 0.003253
    69 4.004906 6.172710 4.754800 -0.362903 -0.929513 -2.260384
    70 -0.158381 -1.149773 5.804405 -0.694227 0.597727 0.257600
    71 1.078559 -2.386406 5.215008 -1.178776 0.712662 0.125052
    72 6.289963 0.932404 13.569109 -0.126801 -0.612098 -2.869612
    73 -1.327759 -0.766682 12.396324 -0.092854 -0.012586 0.778179
    74 0.000017 -54.999996 0.000000 0.000000 0.000000 -1.570796
  time 51
    0 0.000000 0.000000 -1.500000 0.000000 0.000000 0.000000
    1 -10.521344 -5.760963 66.994621 3.097005 -0.050653 -3.139334
    2 -9.585859 -20.025296 14.570194 -0.489884 0.568321 -0.106115
    3 -0.000034 0.000012 24.761454 -0.763656 -0.088663 0.409915
    4 0.000017 0.000000 24.344809 1.460675 -0.443274 -0.175883
    5 0.002333 -1.019846 24.031336 0.614859 -0.045442 0.007074
    6 0.000034 0.000008 13.404741 -0.000001 -0.000009 0.123520
    7 10.398263 -5.760962 66.994675 3.097005 0.050653 3.139334
    8 -7.574616 -24.443007 13.050184 0.889135 -0.596111 0.155270
    9 -0.000004 -0.000006 24.761459 -1.344341 0.155880 -0.500029
    10 -0.000007 0.000004 24.344891 1.311017 0.230516 -0.169653
    11 -0.002360 -1.019903 24.031330 0.389663 0.008587 0.021048
    12 0.000000 -0.000002 13.404737 0.000001 0.000005 -0.291899
    13 -0.061540 -5.245835 72.927078 0.000000 0.000000 0.000000
    14 7.716403 -23.799402 -15.078881 0.345850 -0.001476 -0.080715
    15 0.000000 -0.005608 -1.146812 0.064373 -0.143898 -0.095132
    16 0.030770 -0.240000 8.906021 -0.004138 0.000000 0.000000
    17 0.058619 -1.655445 -0.047275 0.220334 -0.045343 0.146682
    18 0.030770 -0.276858 8.905140 0.056125 0.004134 -0.000049
    19 0.389371 -1.346822 -0.149618 0.610991 0.121907 0.066046
    20 5.669724 4.435303 14.302868 0.708906 -1.320040 2.029666
    21 -1.044571 -2.839317 19.743267 -0.752074 -0.750295 0.276126
    22 2.655533 -1.533369 24.792658 -0.999861 0.082542 -1.177234
    23 1.120163 -0.154394 9.796035 -0.032064 -0.000081 -0.278704
    24 2.240311 -0.308786 19.592051 -0.308104 -0.317695 -0.501517
    25 0.683151 2.877354 14.167051 -1.140986 0.070202 1.469036
    26 0.144936 -0.145374 7.579252 -1.905161 -0.415567 0.231299
    27 0.091660 -0.906685 4.702850 -1.172924 -0.166459 0.112823
    28 0.506271 8.500866 13.617253 -1.274424 0.425574 1.441324
    29 -0.384987 -0.460049 7.003448 -1.820157 -0.313533 0.377259
    30 0.561516 -0.596954 5.061852 -1.597976 -0.219290 0.257743
    31 -2.452171 -8.899406 11.597897 -1.496796 -0.464135 1.391006
    32 0.680496 -0.903999 6.074253 -1.814198 0.187494 -0.029418
    33 0.245514 -0.661150 3.388004 -1.067633 0.146771 -0.042613
    34 -0.717484 -3.784271 13.043911 -1.380126 -0.198575 1.470761
    35 1.099216 -1.407745 8.017889 -1.671332 0.029721 -0.013541
    36 0.068439 -0.807653 3.686054 -1.355092 0.031000 -0.006756
    37 -4.004929 6.172707 4.754754 -0.362903 0.929500 2.260348
    38 0.158352 -1.149811 5.804394 -0.821019 -0.425938 0.180613
    39 -1.083523 -1.463142 5.544399 -1.355382 -0.242598 -0.050735
    40 -6.289886 0.932434 13.569063 -0.126803 0.612110 2.869610
    41 1.327774 -0.766687 12.396328 -0.076979 0.015595 -0.647095
    42 -0.096140 1.828087 23.185329 0.004594 -0.903883 -1.553990
    43 2.325478 -0.000003 6.169296 -0.219798 -0.021334 1.631714
    44 0.000000 -3.152912 0.122169 1.961003 -0.005477 0.013315
    45 1.068383 -10.478592 7.066338 0.292219 -1.282324 -3.141588
    46 0.000000 0.000000 2.279457 0.547137 -0.343566 0.107833
    47 2.479414 -8.323895 6.074242 -0.017419 0.043689 1.343354
    48 0.000003 -5.075260 5.925699 0.000000 0.000000 0.000000
    49 -1.068383 -10.478611 7.065971 0.292219 1.282324 3.141588
    50 -0.000488 0.000015 2.279600 0.547136 0.343566 0.107835
    51 -2.479401 -8.323895 6.074234 -0.000585 0.047092 1.350258
    52 -5.790000 4.432083 14.255558 -4.856281 1.339680 -1.109925
    53 1.044540 -2.839314 19.743252 -0.657967 0.420066 -0.112103
    54 -2.655510 -1.533379 24.792648 -0.831353 -0.050121 1.425603
    55 -1.120216 -0.154385 9.795983 -0.029487 -0.000282 0.256336
    56 -2.240372 -0.308788 19.592047 -0.326168 0.264850 0.453076
    57 -0.683205 2.877342 14.167089 -1.140987 -0.070195 -1.469019
    58 -0.144958 -0.145317 7.579308 -1.911746 0.482432 -0.229645
    59 -0.038551 -0.936644 4.697678 -1.166326 0.226924 -0.120355
    60 -0.506317 8.500896 13.617329 -1.274444 -0.425562 -1.441320
    61 0.385056 -0.460075 7.003435 -1.856776 0.460472 -0.377047
    62 -0.456360 -0.710276 5.057732 -1.602734 0.407904 -0.341054
    63 2.452194 -8.899408 11.597939 -1.496813 0.464120 -1.390992
    64 -0.680515 -0.903999 6.074242 -1.814734 -0.203729 0.029430
    65 -0.248295 -0.666843 3.386627 -1.067074 -0.161121 0.046483
    66 0.717491 -3.784309 13.044010 -1.380108 0.198600 -1.470743
    67 -1.099228 -1.407673 8.017876 -1.671442 -0.023395 0.015445
    68 -0.064053 -0.807640 3.686100 -1.355077 -0.028600 0.003253
    69 4.004906 6.172710 4.754800 -0.362903 -0.929513 -2.260302
    70 -0.158381 -1.149773 5.804405 -0.694227 0.597727 0.257629
    71 1.078559 -2.386406 5.215008 -1.178776 0.712631 0.125052
    72 6.289963 0.932404 13.569109 -0.126801 -0.612098 -2.869612
    73 -1.327759 -0.766682 12.396324 -0.093477 -0.012431 0.783500
    74 0.000017 -54.999996 0.000000 0.000000 0.000000 -1.570796
  time 52
    0 0.000000 0.000000 -1.500000 0.000000 0.000000 0.000000
    1 -10.521344 -5.760963 66.994621 3.097005 -0.050653 -3.139334
    2 -9.593671 -20.160343 14.704741 -0.494529 0.568404 -0.106989
    3 -0.000034 0.000012 24.761454 -0.762640 -0.088543 0.407554
    4 0.000017 0.000000 24.344809 1.464312 -0.446103 -0.177093
    5 0.002333 -1.019846 24.031336 0.615008 -0.045454 0.007050
    6 0.000034 0.000008 13.404741 -0.000001 -0.000009 0.122655
    7 10.398263 -5.760962 66.994675 3.097005 0.050653 3.139334
    8 -7.566804 -24.592880 13.185065 0.892377 -0.597940 0.154115
    9 -0.000004 -0.000006 24.761459 -1.355561 0.157186 -0.500531
    10 -0.000007 0.000004 24.344891 1.319278 0.232449 -0.168791
    11 -0.002360 -1.019903 24.031330 0.389663 0.008599 0.021048
    12 0.000000 -0.000002 13.404737 0.000001 0.000005 -0.292135
    13 -0.061540 -5.245835 72.927078 0.000000 0.000000 0.000000
    14 7.716403 -23.939150 -15.259129 0.345146 -0.001476 -0.080715
    15 0.000000 -0.005608 -1.146812 0.064373 -0.143898 -0.095132
    16 0.030770 -0.240000 8.906021 -0.004138 0.000000 0.000000
    17 0.054712 -1.663257 -0.043368 0.220082 -0.048900 0.154709
    18 0.030770 -0.276858 8.905140 0.056125 0.004134 -0.000049
    19 0.393278 -1.374166 -0.157430 0.622929 0.121331 0.068035
    20 5.669724 4.435303 14.302868 0.690627 -1.319195 2.053624
    21 -1.044571 -2.839317 19.743267 -0.769440 -0.742311 0.276803
    22 2.655533 -1.533369 24.792658 -0.938325 0.077354 -1.190739
    23 1.120163 -0.154394 9.796035 -0.032028 -0.000081 -0.278428
    24 2.240311 -0.308786 19.592051 -0.308191 -0.317511 -0.500963
    25 0.683151 2.877354 14.167051 -1.140986 0.070202 1.469036
    26 0.144936 -0.145374 7.579252 -1.905161 -0.415555 0.231299
    27 0.091660 -0.906685 4.702850 -1.172924 -0.166459 0.112835
    28 0.506271 8.500866 13.617253 -1.274424 0.425574 1.441324
    29 -0.384987 -0.460049 7.003448 -1.820157 -0.313533 0.377259
    30 0.561516 -0.596954 5.061852 -1.597976 -0.219290 0.257743
    31 -2.452171 -8.899406 11.597897 -1.496796 -0.464135 1.391006
    32 0.680496 -0.903999 6.074253 -1.814198 0.187482 -0.029418
    33 0.245514 -0.661150 3.388004 -1.067633 0.146771 -0.042613
    34 -0.717484 -3.784271 13.043911 -1.380126 -0.198575 1.470761
    35 1.099216 -1.407745 8.017889 -1.671332 0.029721 -0.013541
    36 0.068439 -0.807653 3.686054 -1.355092 0.031000 -0.006756
    37 -4.004929 6.172707 4.754754 -0.362813 0.929500 2.260348
    38 0.158352 -1.149811 5.804394 -0.820977 -0.425938 0.180613
    39 -1.083523 -1.463142 5.544399 -1.355382 -0.242598 -0.050735
    40 -6.289886 0.932434 13.569063 -0.126803 0.612110 2.869610
    41 1.327774 -0.766687 12.396328 -0.077674 0.015511 -0.652920
    42 -0.096140 1.828087 23.185329 0.004594 -0.903883 -1.553990
    43 2.325478 -0.000003 6.169296 -0.220944 -0.021334 1.631475
    44 0.000000 -3.152912 0.122169 1.961019 -0.004051 0.009839
    45 1.068383 -10.478592 7.066338 0.292219 -1.282324 -3.141588
    46 0.000000 0.000000 2.279457 0.547137 -0.343566 0.107833
    47 2.479414 -8.323895 6.074242 -0.017310 0.041294 1.345646
    48 0.000003 -5.075260 5.925699 0.000000 0.000000 0.000000
    49 -1.068383 -10.478611 7.065971 0.292219 1.282324 3.141588
    50 -0.000488 0.000015 2.279600 0.547136 0.343566 0.107835
    51 -2.479401 -8.323895 6.074234 -0.000505 0.044682 1.352653
    52 -5.790000 4.432083 14.255558 -4.900088 1.343501 -1.155054
    53 1.044540 -2.839314 19.743252 -0.646335 0.412053 -0.109191
    54 -2.655510 -1.533379 24.792648 -0.874281 -0.050677 1.442339
    55 -1.120216 -0.154385 9.795983 -0.029487 -0.000282 0.256336
    56 -2.240372 -0.308788 19.592047 -0.326168 0.264850 0.453076
    57 -0.683205 2.877342 14.167089 -1.140987 -0.070195 -1.469032
    58 -0.144958 -0.145317 7.579308 -1.911746 0.482432 -0.229645
    59 -0.038551 -0.936644 4.697678 -1.166326 0.226924 -0.120343
    60 -0.506317 8.500896 13.617329 -1.274444 -0.425536 -1.441320
    61 0.385056 -0.460075 7.003435 -1.856776 0.460472 -0.377047
    62 -0.456360 -0.710276 5.057732 -1.602734 0.407904 -0.341054
    63 2.452194 -8.899408 11.597939 -1.496813 0.464120 -1.390992
    64 -0.680515 -0.903999 6.074242 -1.814734 -0.203729 0.029430
    65 -0.248295 -0.666843 3.386627 -1.067074 -0.161121 0.046483
    66 0.717491 -3.784309 13.044010 -1.380108 0.198600 -1.470755
    67 -1.099228 -1.407673 8.017876 -1.671442 -0.023395 0.015445
    68 -0.064053 -0.807640 3.686100 -1.355077 -0.028600 0.003253
    69 4.004906 6.172710 4.754800 -0.362903 -0.929513 -2.260302
    70 -0.158381 -1.149773 5.804405 -0.694227 0.597727 0.257600
    71 1.078559 -2.386406 5.215008 -1.178776 0.712631 0.125052
    72 6.289963 0.932404 13.569109 -0.126801 -0.612098 -2.869612
    73 -1.327759 -0.766682 12.396324 -0.094700 -0.012083 0.793724
    74 0.000017 -54.999996 0.000000 0.000000 0.000000 -1.570796
  time 53
    0 0.000000 0.000000 -1.500000 0.000000 0.000000 0.000000
    1 -10.521344 -5.760963 66.994621 3.097005 -0.050653 -3.139334
    2 -9.585859 -20.270836 14.570194 -0.502249 0.562142 -0.105416
    3 -0.000034 0.000012 24.761454 -0.742721 -0.086242 0.409183
    4 0.000017 0.000000 24.344809 1.454448 -0.447371 -0.173074
    5 0.002333 -1.019846 24.031336 0.614299 -0.045442 0.007098
    6 0.000034 0.000008 13.404741 -0.000001 -0.000009 0.125292
    7 10.398263 -5.760962 66.994675 3.097005 0.050653 3.139334
    8 -7.574616 -24.692794 13.050184 0.885552 -0.593148 0.155600
    9 -0.000004 -0.000006 24.761459 -1.348796 0.156395 -0.496655
    10 -0.000007 0.000004 24.344891 1.319666 0.232271 -0.168434
    11 -0.002360 -1.019903 24.031330 0.389663 0.008587 0.021048
    12 0.000000 -0.000002 13.404737 0.000001 0.000005 -0.288872
    13 -0.061540 -5.245835 72.927078 0.000000 0.000000 0.000000
    14 7.716403 -24.043961 -15.078881 0.344218 -0.001476 -0.080715
    15 0.000000 -0.005608 -1.146812 0.064373 -0.143898 -0.095132
    16 0.030770 -0.240000 8.906021 -0.004138 0.000000 0.000000
    17 0.066432 -1.659351 -0.035556 0.219808 -0.043634 0.142968
    18 0.030770 -0.276858 8.905140 0.056125 0.004134 -0.000049
    19 0.381559 -1.397604 -0.165243 0.633117 0.118225 0.066813
    20 5.669724 4.435303 14.302868 0.679812 -1.318737 2.069916
    21 -1.044571 -2.839317 19.743267 -0.768707 -0.738084 0.274265
    22 2.655533 -1.533369 24.792658 -1.004114 0.080390 -1.206752
    23 1.120163 -0.154394 9.796035 -0.032004 -0.000069 -0.278187
    24 2.240311 -0.308786 19.592051 -0.308278 -0.317419 -0.500409
    25 0.683151 2.877354 14.167051 -1.140986 0.070202 1.469036
    26 0.144936 -0.145374 7.579252 -1.905161 -0.415567 0.231299
    27 0.091660 -0.906685 4.702850 -1.172924 -0.166459 0.112835
    28 0.506271 8.500866 13.617253 -1.274424 0.425574 1.441324
    29 -0.384987 -0.460049 7.003448 -1.820157 -0.313533 0.377259
    30 0.561516 -0.596954 5.061852 -1.597976 -0.219290 0.257743
    31 -2.452171 -8.899406 11.597897 -1.496796 -0.464135 1.391006
    32 0.680496 -0.903999 6.074253 -1.814198 0.187482 -0.029418
    33 0.245514 -0.661150 3.388004 -1.067633 0.146771 -0.042613
    34 -0.717484 -3.784271 13.043911 -1.380126 -0.198575 1.470761
    35 1.099216 -1.407745 8.017889 -1.671332 0.029721 -0.013541
    36 0.068439 -0.807653 3.686054 -1.355092 0.031000 -0.006756
    37 -4.004929 6.172707 4.754754 -0.362813 0.929536 2.260253
    38 0.158352 -1.149811 5.804394 -0.821019 -0.425938 0.180613
    39 -1.083523 -1.463142 5.544399 -1.355382 -0.242598 -0.050735
    40 -6.289886 0.932434 13.569063 -0.126803 0.612110 2.869610
    41 1.327774 -0.766687 12.396328 -0.078980 0.015331 -0.663616
    42 -0.096140 1.828087 23.185329 0.004594 -0.903883 -1.553990
    43 2.325478 -0.000003 6.169296 -0.221851 -0.021291 1.631435
    44 0.000000 -3.152912 0.122169 1.961003 -0.005777 0.014046
    45 1.068383 -10.478592 7.066338 0.292219 -1.282324 -3.141588
    46 0.000000 0.000000 2.279457 0.547137 -0.343566 0.107833
    47 2.479414 -8.323895 6.074242 -0.017283 0.040355 1.347652
    48 0.000003 -5.075260 5.925699 0.000000 0.000000 0.000000
    49 -1.068383 -10.478611 7.065971 0.292219 1.282324 3.141588
    50 -0.000488 0.000015 2.279600 0.547136 0.343566 0.107835
    51 -2.479401 -8.323895 6.074234 -0.000425 0.043737 1.354570
    52 -5.790000 4.432083 14.255558 -4.842094 1.334820 -1.080701
    53 1.044540 -2.839314 19.743252 -0.631975 0.393568 -0.103013
    54 -2.655510 -1.533379 24.792648 -0.845998 -0.050548 1.428784
    55 -1.120216 -0.154385 9.795983 -0.029487 -0.000282 0.256336
    56 -2.240372 -0.308788 19.592047 -0.326168 0.264850 0.453076
    57 -0.683205 2.877342 14.167089 -1.140987 -0.070195 -1.469019
    58 -0.144958 -0.145317 7.579308 -1.911746 0.482432 -0.229645
    59 -0.038551 -0.936644 4.697678 -1.166326 0.226924 -0.120355
    60 -0.506317 8.500896 13.617329 -1.274444 -0.425536 -1.441320
    61 0.385056 -0.460075 7.003435 -1.856776 0.460472 -0.377047
    62 -0.456360 -0.710276 5.057732 -1.602734 0.407904 -0.341054
    63 2.452194 -8.899408 11.597939 -1.496813 0.464143 -1.390992
    64 -0.680515 -0.903999 6.074242 -1.814734 -0.203729 0.029430
    65 -0.248295 -0.666843 3.386627 -1.067074 -0.161121 0.046483
    66 0.717491 -3.784309 13.044010 -1.380108 0.198588 -1.470743
    67 -1.099228 -1.407673 8.017876 -1.671442 -0.023395 0.015445
    68 -0.064053 -0.807640 3.686100 -1.355077 -0.028600 0.003253
    69 4.004906 6.172710 4.754800 -0.362903 -0.929513 -2.260384
    70 -0.158381 -1.149773 5.804405 -0.694227 0.597727 0.257600
    71 1.078559 -2.386406 5.215008 -1.178776 0.712631 0.125052
    72 6.289963 0.932404 13.569109 -0.126801 -0.612098 -2.869612
    73 -1.327759 -0.766682 12.396324 -0.093849 -0.012335 0.786461
    74 0.000017 -54.999996 0.000000 0.000000 0.000000 -1.570796
  time 54
    0 0.000000 0.000000 -1.500000 0.000000 0.000000 0.000000
    1 -10.521344 -5.760963 66.994621 3.097005 -0.050653 -3.139334
    2 -9.578046 -20.344498 14.435647 -0.509150 0.556046 -0.103581
    3 -0.000034 0.000012 24.761454 -0.723615 -0.084025 0.410852
    4 0.000017 0.000000 24.344809 1.445325 -0.448231 -0.169077
    5 0.002333 -1.019846 24.031336 0.612992 -0.045430 0.007158
    6 0.000034 0.000008 13.404741 -0.000001 -0.000009 0.127865
    7 10.398263 -5.760962 66.994675 3.097005 0.050653 3.139334
    8 -7.578523 -24.767731 12.892823 0.879410 -0.588466 0.156673
    9 -0.000004 -0.000006 24.761459 -1.341316 0.155544 -0.492959
    10 -0.000007 0.000004 24.344891 1.318956 0.231938 -0.168245
    11 -0.002360 -1.019903 24.031330 0.389663 0.008587 0.021048
    12 0.000000 -0.000002 13.404737 0.000001 0.000005 -0.285781
    13 -0.061540 -5.245835 72.927078 0.000000 0.000000 0.000000
    14 7.716403 -24.113835 -14.966225 0.343098 -0.001476 -0.080715
    15 0.000000 -0.005608 -1.146812 0.064373 -0.143898 -0.095132
    16 0.030770 -0.240000 8.906021 -0.004138 0.000000 0.000000
    17 0.078151 -1.671070 -0.043368 0.222060 -0.038531 0.132625
    18 0.030770 -0.276858 8.905140 0.056125 0.004134 -0.000049
    19 0.365933 -1.385885 -0.165243 0.626540 0.115139 0.063709
    20 5.669724 4.435303 14.302868 0.758482 -1.331632 1.969674
    21 -1.044571 -2.839317 19.743267 -0.722428 -0.728534 0.256301
    22 2.655533 -1.533369 24.792658 -0.977946 0.078123 -1.213060
    23 1.120163 -0.154394 9.796035 -0.031980 -0.000069 -0.277945
    24 2.240311 -0.308786 19.592051 -0.308365 -0.317281 -0.499974
    25 0.683151 2.877354 14.167051 -1.140986 0.070202 1.469036
    26 0.144936 -0.145374 7.579252 -1.905161 -0.415567 0.231299
    27 0.091660 -0.906685 4.702850 -1.172924 -0.166459 0.112835
    28 0.506271 8.500866 13.617253 -1.274424 0.425574 1.441324
    29 -0.384987 -0.460049 7.003448 -1.820157 -0.313533 0.377259
    30 0.561516 -0.596954 5.061852 -1.597976 -0.219290 0.257743
    31 -2.452171 -8.899406 11.597897 -1.496796 -0.464135 1.391006
    32 0.680496 -0.903999 6.074253 -1.814198 0.187482 -0.029418
    33 0.245514 -0.661150 3.388004 -1.067633 0.146771 -0.042613
    34 -0.717484 -3.784271 13.043911 -1.380126 -0.198575 1.470761
    35 1.099216 -1.407745 8.017889 -1.671332 0.029721 -0.013541
    36 0.068439 -0.807653 3.686054 -1.355092 0.031000 -0.006756
    37 -4.004929 6.172707 4.754754 -0.362813 0.929500 2.260253
    38 0.158352 -1.149811 5.804394 -0.821019 -0.425938 0.180613
    39 -1.083523 -1.463142 5.544399 -1.355382 -0.242598 -0.050735
    40 -6.289886 0.932434 13.569063 -0.126803 0.612110 2.869610
    41 1.327774 -0.766687 12.396328 -0.079052 0.015319 -0.664168
    42 -0.096140 1.828087 23.185329 0.004594 -0.903883 -1.553990
    43 2.325478 -0.000003 6.169296 -0.222472 -0.021204 1.631714
    44 0.000000 -3.152912 0.122169 1.960905 -0.010343 0.025144
    45 1.068383 -10.478592 7.066338 0.292219 -1.282324 -3.141588
    46 0.000000 0.000000 2.279457 0.547137 -0.343566 0.107833
    47 2.479414 -8.323895 6.074242 -0.017283 0.062050 1.347270
    48 0.000003 -5.075260 5.925699 0.000000 0.000000 0.000000
    49 -1.068383 -10.478611 7.065971 0.292219 1.282324 3.141588
    50 -0.000488 0.000015 2.279600 0.547136 0.343566 0.107835
    51 -2.479401 -8.323895 6.074234 -0.000445 0.065520 1.354282
    52 -5.790000 4.432083 14.255558 -4.791960 1.323938 -1.015451
    53 1.044540 -2.839314 19.743252 -0.616503 0.393865 -0.103040
    54 -2.655510 -1.533379 24.792648 -0.784802 -0.049978 1.404398
    55 -1.120216 -0.154385 9.795983 -0.029487 -0.000282 0.256336
    56 -2.240372 -0.308788 19.592047 -0.326168 0.264850 0.453076
    57 -0.683205 2.877342 14.167089 -1.140987 -0.070195 -1.469019
    58 -0.144958 -0.145317 7.579308 -1.911746 0.482432 -0.229645
    59 -0.038551 -0.936644 4.697678 -1.166326 0.226924 -0.120343
    60 -0.506317 8.500896 13.617329 -1.274444 -0.425536 -1.441320
    61 0.385056 -0.460075 7.003435 -1.856776 0.460472 -0.377047
    62 -0.456360 -0.710276 5.057732 -1.602734 0.407904 -0.341036
    63 2.452194 -8.899408 11.597939 -1.496813 0.464120 -1.390992
    64 -0.680515 -0.903999 6.074242 -1.814734 -0.203729 0.029430
    65 -0.248295 -0.666843 3.386627 -1.067074 -0.161121 0.046471
    66 0.717491 -3.784309 13.044010 -1.380108 0.198588 -1.470743
    67 -1.099228 -1.407673 8.017876 -1.671442 -0.023395 0.015445
    68 -0.064053 -0.807640 3.686100 -1.355077 -0.028600 0.003253
    69 4.004906 6.172710 4.754800 -0.362903 -0.929513 -2.260384
    70 -0.158381 -1.149773 5.804405 -0.694227 0.597727 0.257600
    71 1.078559 -2.386406 5.215008 -1.178776 0.712631 0.125052
    72 6.289963 0.932404 13.569109 -0.126801 -0.612098 -2.869612
    73 -1.327759 -0.766682 12.396324 -0.091739 -0.012862 0.768926
    74 0.000017 -54.999996 0.000000 0.000000 0.000000 -1.570796
  time 55
    0 0.000000 0.000000 -1.500000 0.000000 0.000000 0.000000
    1 -10.521344 -5.760963 66.994621 3.097005 -0.050653 -3.139334
    2 -9.578046 -20.405883 14.502920 -0.511678 0.555573 -0.103319
    3 -0.000034 0.000012 24.761454 -0.721867 -0.083822 0.409468
    4 0.000017 0.000000 24.344809 1.448099 -0.449431 -0.169250
    5 0.002333 -1.019846 24.031336 0.611462 -0.045418 0.007230
    6 0.000034 0.000008 13.404741 -0.000001 -0.000009 0.127591
    7 10.398263 -5.760962 66.994675 3.097005 0.050653 3.139334
    8 -7.578523 -24.817688 12.982744 0.881628 -0.589161 0.155600
    9 -0.000004 -0.000006 24.761459 -1.346706 0.156168 -0.492815
    10 -0.000007 0.000004 24.344891 1.322376 0.232760 -0.167888
    11 -0.002360 -1.019903 24.031330 0.389663 0.008599 0.021048
    12 0.000000 -0.000002 13.404737 0.000001 0.000005 -0.285544
    13 -0.061540 -5.245835 72.927078 0.000000 0.000000 0.000000
    14 7.716403 -24.160418 -15.033818 0.341722 -0.001476 -0.080715
    15 0.000000 -0.005608 -1.146812 0.064373 -0.143898 -0.095132
    16 0.030770 -0.240000 8.906021 -0.004138 0.000000 0.000000
    17 0.070338 -1.678883 -0.047275 0.223533 -0.042140 0.142609
    18 0.030770 -0.276858 8.905140 0.056125 0.004134 -0.000049
    19 0.365933 -1.370260 -0.157430 0.622179 0.114275 0.063865
    20 5.669724 4.435303 14.302868 0.836769 -1.342027 1.869911
    21 -1.044571 -2.839317 19.743267 -0.695228 -0.716167 0.242708
    22 2.655533 -1.533369 24.792658 -0.934159 0.075971 -1.204002
    23 1.120163 -0.154394 9.796035 -0.031968 -0.000069 -0.277807
    24 2.240311 -0.308786 19.592051 -0.308452 -0.317143 -0.499658
    25 0.683151 2.877354 14.167051 -1.140986 0.070202 1.469036
    26 0.144936 -0.145374 7.579252 -1.905161 -0.415567 0.231299
    27 0.091660 -0.906685 4.702850 -1.172924 -0.166459 0.112823
    28 0.506271 8.500866 13.617253 -1.274424 0.425552 1.441324
    29 -0.384987 -0.460049 7.003448 -1.820157 -0.313533 0.377259
    30 0.561516 -0.596954 5.061852 -1.597976 -0.219290 0.257731
    31 -2.452171 -8.899406 11.597897 -1.496796 -0.464135 1.391006
    32 0.680496 -0.903999 6.074253 -1.814198 0.187482 -0.029406
    33 0.245514 -0.661150 3.388004 -1.067633 0.146759 -0.042613
    34 -0.717484 -3.784271 13.043911 -1.380126 -0.198575 1.470761
    35 1.099216 -1.407745 8.017889 -1.671332 0.029709 -0.013541
    36 0.068439 -0.807653 3.686054 -1.355092 0.031000 -0.006756
    37 -4.004929 6.172707 4.754754 -0.362813 0.929500 2.260253
    38 0.158352 -1.149811 5.804394 -0.821019 -0.425938 0.180601
    39 -1.083523 -1.463142 5.544399 -1.355382 -0.242598 -0.050735
    40 -6.289886 0.932434 13.569063 -0.126803 0.612110 2.869610
    41 1.327774 -0.766687 12.396328 -0.078321 0.015427 -0.658243
    42 -0.096140 1.828087 23.185329 0.004594 -0.903883 -1.553990
    43 2.325478 -0.000003 6.169296 -0.222758 -0.021045 1.632393
    44 0.000000 -3.152912 0.122169 1.960726 -0.015832 0.038494
    45 1.068383 -10.478592 7.066338 0.292219 -1.282324 -3.141588
    46 0.000000 0.000000 2.279457 0.547137 -0.343566 0.107833
    47 2.479414 -8.323895 6.074242 -0.017337 0.099054 1.345646
    48 0.000003 -5.075260 5.929606 0.000000 0.000000 0.000000
    49 -1.068383 -10.478611 7.065971 0.292219 1.282324 3.141588
    50 -0.000488 0.000015 2.279600 0.547136 0.343566 0.107835
    51 -2.479401 -8.323895 6.074234 -0.000505 0.102754 1.352653
    52 -5.790000 4.432083 14.255558 -4.834234 1.323439 -1.061155
    53 1.044540 -2.839314 19.743252 -0.603758 0.416759 -0.109953
    54 -2.655510 -1.533379 24.792648 -0.745749 -0.048490 1.402581
    55 -1.120216 -0.154385 9.795983 -0.029487 -0.000282 0.256336
    56 -2.240372 -0.308788 19.592047 -0.326244 0.264850 0.453076
    57 -0.683205 2.877342 14.167089 -1.140987 -0.070195 -1.469032
    58 -0.144958 -0.145317 7.579308 -1.911746 0.482432 -0.229645
    59 -0.038551 -0.936644 4.697678 -1.166326 0.226936 -0.120355
    60 -0.506317 8.500896 13.617329 -1.274444 -0.425536 -1.441320
    61 0.385056 -0.460075 7.003435 -1.856776 0.460472 -0.377047
    62 -0.456360 -0.710276 5.057732 -1.602734 0.407904 -0.341054
    63 2.452194 -8.899408 11.597939 -1.496813 0.464120 -1.390992
    64 -0.680515 -0.903999 6.074242 -1.814734 -0.203729 0.029430
    65 -0.248295 -0.666843 3.386627 -1.067074 -0.161121 0.046483
    66 0.717491 -3.784309 13.044010 -1.380108 0.198588 -1.470755
    67 -1.099228 -1.407673 8.017876 -1.671442 -0.023395 0.015445
    68 -0.064053 -0.807640 3.686100 -1.355077 -0.028588 0.003253
    69 4.004906 6.172710 4.754800 -0.362903 -0.929513 -2.260302
    70 -0.158381 -1.149773 5.804405 -0.694227 0.597727 0.257629
    71 1.078559 -2.386406 5.215008 -1.178776 0.712631 0.125052
    72 6.289963 0.932404 13.569109 -0.126801 -0.612098 -2.869612
    73 -1.327759 -0.766682 12.396324 -0.090829 -0.013090 0.761385
    74 0.000017 -54.999996 0.000000 0.000000 0.000000 -1.570796
  time 56
    0 0.000000 0.000000 -1.500000 0.000000 0.000000 0.000000
    1 -10.521344 -5.760963 66.994621 3.097005 -0.050653 -3.139334
    2 -9.585859 -20.418160 14.637468 -0.511336 0.557716 -0.103625
    3 -0.000034 0.000012 24.761454 -0.727924 -0.084541 0.407024
    4 0.000017 0.000000 24.344809 1.455126 -0.450359 -0.171108
    5 0.002333 -1.019846 24.031336 0.610304 -0.045418 0.007278
    6 0.000034 0.000008 13.404741 -0.000001 -0.000009 0.126178
    7 10.398263 -5.760962 66.994675 3.097005 0.050653 3.139334
    8 -7.566804 -24.842667 13.117625 0.886917 -0.591575 0.153537
    9 -0.000004 -0.000006 24.761459 -1.355396 0.157162 -0.493892
    10 -0.000007 0.000004 24.344891 1.326120 0.233760 -0.167614
    11 -0.002360 -1.019903 24.031330 0.389663 0.008599 0.021048
    12 0.000000 -0.000002 13.404737 0.000001 0.000005 -0.286231
    13 -0.061540 -5.245835 72.927078 0.000000 0.000000 0.000000
    14 7.716403 -24.160418 -15.191536 0.340154 -0.001476 -0.080715
    15 0.000000 -0.005608 -1.146812 0.064373 -0.143898 -0.095132
    16 0.030770 -0.240000 8.906021 -0.004138 0.000000 0.000000
    17 0.070338 -1.674976 -0.039462 0.221555 -0.045166 0.151234
    18 0.030770 -0.276858 8.905140 0.056125 0.004134 -0.000049
    19 0.369840 -1.405417 -0.165243 0.635118 0.112938 0.065686
    20 5.669724 4.435303 14.302868 0.821935 -1.345339 1.879111
    21 -1.044571 -2.839317 19.743267 -0.701147 -0.706617 0.239634
    22 2.655533 -1.533369 24.792658 -0.907253 0.073665 -1.211766
    23 1.120163 -0.154394 9.796035 -0.031944 -0.000069 -0.277669
    24 2.240311 -0.308786 19.592051 -0.308452 -0.317097 -0.499420
    25 0.683151 2.877354 14.167051 -1.140986 0.070202 1.469036
    26 0.144936 -0.145374 7.579252 -1.905161 -0.415567 0.231311
    27 0.091660 -0.906685 4.702850 -1.172924 -0.166459 0.112823
    28 0.506271 8.500866 13.617253 -1.274424 0.425574 1.441324
    29 -0.384987 -0.460049 7.003448 -1.820157 -0.313533 0.377259
    30 0.561516 -0.596954 5.061852 -1.597976 -0.219290 0.257731
    31 -2.452171 -8.899406 11.597897 -1.496796 -0.464135 1.391006
    32 0.680496 -0.903999 6.074253 -1.814198 0.187482 -0.029418
    33 0.245514 -0.661150 3.388004 -1.067633 0.146759 -0.042613
    34 -0.717484 -3.784271 13.043911 -1.380126 -0.198575 1.470761
    35 1.099216 -1.407745 8.017889 -1.671332 0.029721 -0.013541
    36 0.068439 -0.807653 3.686054 -1.355092 0.031000 -0.006756
    37 -4.004929 6.172707 4.754754 -0.362813 0.929500 2.260348
    38 0.158352 -1.149811 5.804394 -0.821019 -0.425938 0.180613
    39 -1.083523 -1.463142 5.544399 -1.355382 -0.242598 -0.050735
    40 -6.289886 0.932434 13.569063 -0.126803 0.612110 2.869610
    41 1.327774 -0.766687 12.396328 -0.078837 0.015355 -0.662310
    42 -0.096140 1.828087 23.185329 0.004594 -0.903883 -1.553990
    43 2.325478 -0.000003 6.169296 -0.222663 -0.020799 1.633470
    44 0.000000 -3.152912 0.122169 1.960531 -0.020362 0.049520
    45 1.068383 -10.478592 7.066338 0.292219 -1.282324 -3.141588
    46 0.000000 0.000000 2.279457 0.547137 -0.343566 0.107833
    47 2.479414 -8.323895 6.074242 -0.017337 0.111170 1.346028
    48 0.000003 -5.075260 5.929606 0.000000 0.000000 0.000000
    49 -1.068383 -10.478611 7.065971 0.292219 1.282324 3.141588
    50 -0.000488 0.000015 2.279600 0.547136 0.343566 0.107835
    51 -2.479401 -8.323895 6.074234 -0.000505 0.114850 1.352845
    52 -5.790000 4.432083 14.255558 -4.878424 1.324851 -1.111649
    53 1.044540 -2.839314 19.743252 -0.597802 0.444953 -0.118499
    54 -2.655510 -1.533379 24.792648 -0.774787 -0.050561 1.394023
    55 -1.120216 -0.154385 9.795983 -0.029487 -0.000282 0.256336
    56 -2.240372 -0.308788 19.592047 -0.326244 0.264850 0.453076
    57 -0.683205 2.877342 14.167089 -1.140987 -0.070195 -1.469032
    58 -0.144958 -0.145317 7.579308 -1.911746 0.482432 -0.229645
    59 -0.038551 -0.936644 4.697678 -1.166326 0.226936 -0.120343
    60 -0.506317 8.500896 13.617329 -1.274444 -0.425536 -1.441320
    61 0.385056 -0.460075 7.003435 -1.856776 0.460472 -0.377047
    62 -0.456360 -0.710276 5.057732 -1.602734 0.407883 -0.341036
    63 2.452194 -8.899408 11.597939 -1.496813 0.464120 -1.390992
    64 -0.680515 -0.903999 6.074242 -1.814734 -0.203729 0.029430
    65 -0.248295 -0.666843 3.386627 -1.067074 -0.161121 0.046483
    66 0.717491 -3.784309 13.044010 -1.380108 0.198600 -1.470755
    67 -1.099228 -1.407673 8.017876 -1.671442 -0.023395 0.015445
    68 -0.064053 -0.807640 3.686100 -1.355077 -0.028588 0.003253
    69 4.004906 6.172710 4.754800 -0.362903 -0.929513 -2.260302
    70 -0.158381 -1.149773 5.804405 -0.694227 0.597727 0.257629
    71 1.078559 -2.386406 5.215008 -1.178776 0.712631 0.125052
    72 6.289963 0.932404 13.569109 -0.126801 -0.612098 -2.869612
    73 -1.327759 -0.766682 12.396324 -0.089990 -0.013282 0.754353
    74 0.000017 -54.999996 0.000000 0.000000 0.000000 -1.570796
  time 57
    0 0.000000 0.000000 -1.500000 0.000000 0.000000 0.000000
    1 -10.521344 -5.760963 66.994621 3.097005 -0.050653 -3.139334
    2 -9.589765 -20.418160 14.727166 -0.509355 0.559943 -0.103362
    3 -0.000034 0.000012 24.761454 -0.734103 -0.085260 0.405274
    4 0.000017 0.000000 24.344809 1.459812 -0.450359 -0.172555
    5 0.002333 -1.019846 24.031336 0.609856 -0.045406 0.007302
    6 0.000034 0.000008 13.404741 -0.000001 -0.000009 0.124933
    7 10.398263 -5.760962 66.994675 3.097005 0.050653 3.139334
    8 -7.566804 -24.817688 13.185065 0.890500 -0.592636 0.151887
    9 -0.000004 -0.000006 24.761459 -1.359520 0.157654 -0.494179
    10 -0.000007 0.000004 24.344891 1.327023 0.234071 -0.167614
    11 -0.002360 -1.019903 24.031330 0.389663 0.008599 0.021048
    12 0.000000 -0.000002 13.404737 0.000001 0.000005 -0.286403
    13 -0.061540 -5.245835 72.927078 0.000000 0.000000 0.000000
    14 7.716403 -24.137127 -15.259129 0.338361 -0.001476 -0.080715
    15 0.000000 -0.005608 -1.146812 0.064373 -0.143898 -0.095132
    16 0.030770 -0.240000 8.906021 -0.004138 0.000000 0.000000
    17 0.078151 -1.655445 -0.019930 0.216841 -0.041127 0.144086
    18 0.030770 -0.276858 8.905140 0.056125 0.004134 -0.000049
    19 0.358120 -1.464013 -0.188681 0.662249 0.109441 0.066573
    20 5.669724 4.435303 14.302868 0.774752 -1.346642 1.924632
    21 -1.044571 -2.839317 19.743267 -0.705452 -0.694719 0.234953
    22 2.655533 -1.533369 24.792658 -0.931121 0.072935 -1.237969
    23 1.120163 -0.154394 9.796035 -0.031944 -0.000069 -0.277669
    24 2.240311 -0.308786 19.592051 -0.308539 -0.317050 -0.499341
    25 0.683151 2.877354 14.167051 -1.140986 0.070202 1.469036
    26 0.144936 -0.145374 7.579252 -1.905161 -0.415567 0.231299
    27 0.091660 -0.906685 4.702850 -1.172924 -0.166459 0.112823
    28 0.506271 8.500866 13.617253 -1.274424 0.425574 1.441324
    29 -0.384987 -0.460049 7.003448 -1.820157 -0.313533 0.377259
    30 0.561516 -0.596954 5.061852 -1.597976 -0.219290 0.257743
    31 -2.452171 -8.899406 11.597897 -1.496796 -0.464135 1.391006
    32 0.680496 -0.903999 6.074253 -1.814198 0.187482 -0.029418
    33 0.245514 -0.661150 3.388004 -1.067633 0.146771 -0.042613
    34 -0.717484 -3.784271 13.043911 -1.380126 -0.198575 1.470761
    35 1.099216 -1.407745 8.017889 -1.671332 0.029721 -0.013541
    36 0.068439 -0.807653 3.686054 -1.355092 0.031000 -0.006756
    37 -4.004929 6.172707 4.754754 -0.362813 0.929500 2.260348
    38 0.158352 -1.149811 5.804394 -0.821019 -0.425938 0.180613
    39 -1.083523 -1.463142 5.544399 -1.355382 -0.242598 -0.050735
    40 -6.289886 0.932434 13.569063 -0.126803 0.612110 2.869610
    41 1.327774 -0.766687 12.396328 -0.080670 0.015092 -0.677425
    42 -0.096140 1.828087 23.185329 0.004594 -0.903883 -1.553990
    43 2.325478 -0.000003 6.169296 -0.222137 -0.020466 1.635147
    44 0.000000 -3.152912 0.122169 1.960466 -0.022016 0.053559
    45 1.068383 -10.478592 7.066338 0.292219 -1.282324 -3.141588
    46 0.000000 0.000000 2.279457 0.547137 -0.343566 0.107833
    47 2.479414 -8.323895 6.074242 -0.017120 0.057777 1.351854
    48 0.000003 -5.075260 5.925699 0.000000 0.000000 0.000000
    49 -1.068383 -10.478611 7.065971 0.292219 1.282324 3.141588
    50 -0.000488 0.000015 2.279600 0.547136 0.343566 0.107835
    51 -2.479401 -8.323895 6.074234 -0.000244 0.061220 1.358785
    52 -5.790000 4.432083 14.255558 -4.858102 1.323771 -1.100822
    53 1.044540 -2.839314 19.743252 -0.608489 0.476285 -0.129167
    54 -2.655510 -1.533379 24.792648 -0.807851 -0.055479 1.358960
    55 -1.120216 -0.154385 9.795983 -0.029487 -0.000282 0.256336
    56 -2.240372 -0.308788 19.592047 -0.326168 0.264850 0.453076
    57 -0.683205 2.877342 14.167089 -1.140987 -0.070195 -1.469019
    58 -0.144958 -0.145317 7.579308 -1.911746 0.482432 -0.229645
    59 -0.038551 -0.936644 4.697678 -1.166326 0.226936 -0.120355
    60 -0.506317 8.500896 13.617329 -1.274444 -0.425562 -1.441320
    61 0.385056 -0.460075 7.003435 -1.856776 0.460437 -0.377047
    62 -0.456360 -0.710276 5.057732 -1.602734 0.407904 -0.341054
    63 2.452194 -8.899408 11.597939 -1.496813 0.464143 -1.390992
    64 -0.680515 -0.903999 6.074242 -1.814734 -0.203729 0.029430
    65 -0.248295 -0.666843 3.386627 -1.067074 -0.161121 0.046471
    66 0.717491 -3.784309 13.044010 -1.380058 0.198600 -1.470743
    67 -1.099228 -1.407673 8.017876 -1.671442 -0.023395 0.015445
    68 -0.064053 -0.807640 3.686100 -1.355077 -0.028612 0.003253
    69 4.004906 6.172710 4.754800 -0.362903 -0.929513 -2.260302
    70 -0.158381 -1.149773 5.804405 -0.694227 0.597727 0.257600
    71 1.078559 -2.386406 5.215008 -1.178776 0.712631 0.125088
    72 6.289963 0.932404 13.569109 -0.126801 -0.612098 -2.869612
    73 -1.327759 -0.766682 12.396324 -0.087772 -0.013773 0.735986
    74 0.000017 -54.999996 0.000000 0.000000 0.000000 -1.570796
  time 58
    0 0.000000 0.000000 -1.500000 0.000000 0.000000 0.000000
    1 -10.521344 -5.760963 66.994621 3.097005 -0.050653 -3.139334
    2 -9.906181 -19.313231 15.041109 -0.477040 0.577841 -0.091785
    3 -0.000034 0.000012 24.761454 -0.775242 -0.090006 0.394972
    4 0.000017 0.000000 24.344809 1.504012 -0.442120 -0.177957
    5 0.002333 -1.019846 24.031336 0.586933 -0.045239 0.008344
    6 0.000034 0.000008 13.404741 -0.000001 -0.000009 0.116201
    7 10.398263 -5.760962 66.994675 3.097005 0.050653 3.139334
    8 -7.808998 -23.905964 13.567228 0.918226 -0.609610 0.151309
    9 -0.000004 -0.000006 24.761459 -1.367440 0.158565 -0.516465
    10 -0.000007 0.000004 24.344891 1.305273 0.224872 -0.176232
    11 -0.002360 -1.019903 24.031330 0.389663 0.008587 0.021048
    12 0.000000 -0.000002 13.404737 0.000001 0.000005 -0.304566
    13 -0.061540 -5.245835 72.927078 0.000000 0.000000 0.000000
    14 7.997662 -23.089014 -15.552034 0.336633 -0.000461 -0.099211
    15 0.000000 -0.005608 -1.146812 0.061949 -0.138832 -0.086817
    16 0.030770 -0.240000 8.906021 -0.004138 0.000000 0.000000
    17 0.160184 -1.600755 0.015227 0.206782 -0.024352 0.142649
    18 0.030770 -0.276858 8.905140 0.056125 0.004134 -0.000049
    19 0.311244 -1.538234 -0.212119 0.694920 0.093991 0.063697
    20 5.669724 4.435303 14.302868 0.734651 -1.347453 1.964499
    21 -1.044571 -2.839317 19.743267 -0.707752 -0.682560 0.229454
    22 2.655533 -1.533369 24.792658 -0.960761 0.072820 -1.260855
    23 1.120163 -0.154394 9.796035 -0.031944 -0.000069 -0.277669
    24 2.240311 -0.308786 19.592051 -0.308539 -0.317050 -0.499341
    25 0.683151 2.877354 14.167051 -1.140986 0.070202 1.469036
    26 0.144936 -0.145374 7.579252 -1.905161 -0.415555 0.231299
    27 0.091660 -0.906685 4.702850 -1.172924 -0.166459 0.112835
    28 0.506271 8.500866 13.617253 -1.274424 0.425574 1.441324
    29 -0.384987 -0.460049 7.003448 -1.820157 -0.313533 0.377259
    30 0.561516 -0.596954 5.061852 -1.597976 -0.219290 0.257743
    31 -2.452171 -8.899406 11.597897 -1.496796 -0.464135 1.391006
    32 0.680496 -0.903999 6.074253 -1.814198 0.187494 -0.029418
    33 0.245514 -0.661150 3.388004 -1.067633 0.146759 -0.042613
    34 -0.717484 -3.784271 13.043911 -1.380126 -0.198575 1.470761
    35 1.099216 -1.407745 8.017889 -1.671332 0.029721 -0.013541
    36 0.068439 -0.807653 3.686054 -1.355092 0.031000 -0.006756
    37 -4.004929 6.172707 4.754754 -0.362813 0.929500 2.260348
    38 0.158352 -1.149811 5.804394 -0.821019 -0.425938 0.180613
    39 -1.083523 -1.463142 5.544399 -1.355382 -0.242598 -0.050735
    40 -6.289886 0.932434 13.569063 -0.126803 0.612110 2.869610
    41 1.327774 -0.766687 12.396328 -0.082360 0.014816 -0.691335
    42 -0.096140 1.828087 23.185329 0.002710 -0.901365 -1.552003
    43 2.325478 -0.000003 6.169296 -0.217315 -0.015402 1.646681
    44 0.000000 -3.152912 0.122169 1.960580 -0.019475 0.047351
    45 1.068383 -10.478592 7.066338 0.292219 -1.282324 -3.141588
    46 0.000000 0.000000 2.279457 0.547137 -0.343566 0.107833
    47 2.479414 -8.323895 6.074242 -0.017364 -0.078924 1.347270
    48 0.000003 -5.075260 5.925699 0.000000 0.000000 0.000000
    49 -1.068383 -10.478611 7.065971 0.292219 1.282324 3.141588
    50 -0.000488 0.000015 2.279600 0.547136 0.343566 0.107835
    51 -2.479401 -8.323895 6.074234 -0.000445 -0.076422 1.354282
    52 -5.790000 4.432083 14.255558 -4.805764 1.321030 -1.074090
    53 1.044540 -2.839314 19.743252 -0.615779 0.515926 -0.143455
    54 -2.655510 -1.533379 24.792648 -0.777706 -0.063982 1.249379
    55 -1.120216 -0.154385 9.795983 -0.032579 0.000150 0.283377
    56 -2.240372 -0.308788 19.592047 -0.317920 0.281087 0.506691
    57 -0.683205 2.877342 14.167089 -1.140987 -0.070195 -1.469019
    58 -0.144958 -0.145317 7.579308 -1.911746 0.482432 -0.229645
    59 -0.038551 -0.936644 4.697678 -1.166326 0.226936 -0.120355
    60 -0.506317 8.500896 13.617329 -1.274444 -0.425536 -1.441320
    61 0.385056 -0.460075 7.003435 -1.856776 0.460437 -0.377047
    62 -0.456360 -0.710276 5.057732 -1.602734 0.407904 -0.341054
    63 2.452194 -8.899408 11.597939 -1.496813 0.464097 -1.390992
    64 -0.680515 -0.903999 6.074242 -1.814734 -0.203729 0.029430
    65 -0.248295 -0.666843 3.386627 -1.067074 -0.161121 0.046483
    66 0.717491 -3.784309 13.044010 -1.380108 0.198588 -1.470743
    67 -1.099228 -1.407673 8.017876 -1.671442 -0.023395 0.015445
    68 -0.064053 -0.807640 3.686100 -1.355077 -0.028588 0.003253
    69 4.004906 6.172710 4.754800 -0.362903 -0.929513 -2.260302
    70 -0.158381 -1.149773 5.804405 -0.694227 0.597727 0.257600
    71 1.078559 -2.386406 5.215008 -1.178776 0.712631 0.125052
    72 6.289963 0.932404 13.569109 -0.126801 -0.612098 -2.869612
    73 -1.327759 -0.766682 12.396324 -0.080546 -0.015103 0.676397
    74 0.000017 -54.999996 0.000000 0.000000 0.000000 -1.570796
  time 59
    0 0.000000 0.000000 -1.500000 0.000000 0.000000 0.000000
    1 -10.521344 -5.760963 66.994621 3.097005 -0.050653 -3.139334
    2 -10.660110 -16.600016 15.736270 -0.397243 0.616865 -0.058231
    3 -0.000034 0.000012 24.761454 -0.860162 -0.099857 0.371518
    4 0.000017 0.000000 24.344809 1.597654 -0.424578 -0.187399
    5 0.002333 -1.019846 24.031336 0.532276 -0.044711 0.010849
    6 0.000034 0.000008 13.404741 -0.000001 -0.000009 0.096879
    7 10.398263 -5.760962 66.994675 3.097005 0.050653 3.139334
    8 -8.383235 -21.670367 14.466435 0.980673 -0.652262 0.149989
    9 -0.000004 -0.000006 24.761459 -1.376405 0.159595 -0.571553
    10 -0.000007 0.000004 24.344891 1.247768 0.201874 -0.197040
    11 -0.002360 -1.019903 24.031330 0.389663 0.008587 0.021048
    12 0.000000 -0.000002 13.404737 0.000001 0.000005 -0.349609
    13 -0.061540 -5.245835 72.927078 0.000000 0.000000 0.000000
    14 8.669557 -20.526962 -16.227967 0.333017 0.001965 -0.146233
    15 0.000000 -0.005608 -1.146812 0.055761 -0.125782 -0.066490
    16 0.030770 -0.240000 8.906021 -0.004138 0.000000 0.000000
    17 0.335971 -1.491377 0.050385 0.191504 0.006072 0.155667
    18 0.030770 -0.276858 8.905140 0.056125 0.004134 -0.000049
    19 0.213585 -1.624174 -0.231651 0.725625 0.064389 0.054996
    20 5.669724 4.435303 14.302868 0.741638 -1.350377 1.957216
    21 -1.044571 -2.839317 19.743267 -0.703593 -0.672123 0.223419
    22 2.655533 -1.533369 24.792658 -0.949044 0.071398 -1.268134
    23 1.120163 -0.154394 9.796035 -0.031944 -0.000069 -0.277669
    24 2.240311 -0.308786 19.592051 -0.308539 -0.317050 -0.499341
    25 0.683151 2.877354 14.167051 -1.140986 0.070214 1.469036
    26 0.144936 -0.145374 7.579252 -1.905161 -0.415555 0.231311
    27 0.091660 -0.906685 4.702850 -1.172924 -0.166459 0.112835
    28 0.506271 8.500866 13.617253 -1.274424 0.425574 1.441324
    29 -0.384987 -0.460049 7.003448 -1.820157 -0.313533 0.377259
    30 0.561516 -0.596954 5.061852 -1.597976 -0.219290 0.257743
    31 -2.452171 -8.899406 11.597897 -1.496796 -0.464135 1.391006
    32 0.680496 -0.903999 6.074253 -1.814198 0.187482 -0.029406
    33 0.245514 -0.661150 3.388004 -1.067633 0.146759 -0.042613
    34 -0.717484 -3.784271 13.043911 -1.380126 -0.198575 1.470761
    35 1.099216 -1.407745 8.017889 -1.671332 0.029721 -0.013541
    36 0.068439 -0.807653 3.686054 -1.355092 0.031000 -0.006756
    37 -4.004929 6.172707 4.754754 -0.362813 0.929500 2.260253
    38 0.158352 -1.149811 5.804394 -0.820977 -0.425938 0.180613
    39 -1.083523 -1.463142 5.544399 -1.355382 -0.242598 -0.050735
    40 -6.289886 0.932434 13.569063 -0.126803 0.612110 2.869610
    41 1.327774 -0.766687 12.396328 -0.082839 0.014720 -0.695252
    42 -0.096140 1.828087 23.185329 -0.001536 -0.891487 -1.547356
    43 2.325478 -0.000003 6.169296 -0.204900 -0.003928 1.674261
    44 0.000000 -3.152912 0.122169 1.960808 -0.013974 0.033988
    45 1.068383 -10.478592 7.066338 0.292219 -1.282324 -3.141588
    46 0.000000 0.000000 2.279457 0.547137 -0.343566 0.107833
    47 2.479414 -8.323895 6.074242 -0.018914 -0.260705 1.325303
    48 0.000003 -5.075260 5.925699 0.000000 0.000000 0.000000
    49 -1.068383 -10.478611 7.065971 0.292219 1.282324 3.141588
    50 -0.000488 0.000015 2.279600 0.547136 0.343566 0.107835
    51 -2.479401 -8.323895 6.074234 -0.001429 -0.260465 1.331959
    52 -5.790000 4.432083 14.255558 -4.735021 1.317499 -1.040171
    53 1.044540 -2.839314 19.743252 -0.580048 0.561079 -0.154858
    54 -2.655510 -1.533379 24.792648 -0.716913 -0.076744 1.046725
    55 -1.120216 -0.154385 9.795983 -0.039842 0.001444 0.347116
    56 -2.240372 -0.308788 19.592047 -0.294781 0.317719 0.634455
    57 -0.683205 2.877342 14.167089 -1.140987 -0.070195 -1.469019
    58 -0.144958 -0.145317 7.579308 -1.911746 0.482432 -0.229645
    59 -0.038551 -0.936644 4.697678 -1.166326 0.226936 -0.120355
    60 -0.506317 8.500896 13.617329 -1.274444 -0.425536 -1.441275
    61 0.385056 -0.460075 7.003435 -1.856776 0.460472 -0.377047
    62 -0.456360 -0.710276 5.057732 -1.602734 0.407904 -0.341054
    63 2.452194 -8.899408 11.597939 -1.496813 0.464120 -1.390992
    64 -0.680515 -0.903999 6.074242 -1.814734 -0.203729 0.029430
    65 -0.248295 -0.666843 3.386627 -1.067074 -0.161109 0.046483
    66 0.717491 -3.784309 13.044010 -1.380058 0.198588 -1.470743
    67 -1.099228 -1.407673 8.017876 -1.671442 -0.023395 0.015445
    68 -0.064053 -0.807640 3.686100 -1.355077 -0.028588 0.003253
    69 4.004906 6.172710 4.754800 -0.362903 -0.929513 -2.260302
    70 -0.158381 -1.149773 5.804405 -0.694227 0.597727 0.257629
    71 1.078559 -2.386406 5.215008 -1.178776 0.712631 0.125052
    72 6.289963 0.932404 13.569109 -0.126801 -0.612098 -2.869612
    73 -1.327759 -0.766682 12.396324 -0.066787 -0.016446 0.564390
    74 0.000017 -54.999996 0.000000 0.000000 0.000000 -1.570796
  time 60
    0 0.000000 0.000000 -1.500000 0.000000 0.000000 0.000000
    1 -10.521344 -5.760963 66.994621 3.097005 -0.050653 -3.139334
    2 -11.566388 -13.064242 16.476280 -0.284653 0.660678 -0.000910
    3 -0.000034 0.000012 24.761454 -0.949513 -0.110200 0.341387
    4 0.000017 0.000000 24.344809 1.691049 -0.405745 -0.194939
    5 0.002333 -1.019846 24.031336 0.467128 -0.043908 0.013785
    6 0.000034 0.000008 13.404741 -0.000001 -0.000009 0.073592
    7 10.398263 -5.760962 66.994675 3.097005 0.050653 3.139334
    8 -9.047318 -18.785322 15.500523 1.050030 -0.704682 0.145698
    9 -0.000004 -0.000006 24.761459 -1.363755 0.158133 -0.636689
    10 -0.000007 0.000004 24.344891 1.163415 0.171277 -0.221758
    11 -0.002360 -1.019903 24.031330 0.389663 0.008587 0.021048
    12 0.000000 -0.000002 13.404737 0.000001 0.000005 -0.402102
    13 -0.061540 -5.245835 72.927078 0.000000 0.000000 0.000000
    14 9.466457 -17.173002 -16.926431 0.324183 0.004821 -0.208629
    15 0.000000 -0.005608 -1.146812 0.047372 -0.108105 -0.041271
    16 0.030770 -0.240000 8.906021 -0.004138 0.000000 0.000000
    17 0.543009 -1.370280 0.069916 0.176479 0.039205 0.173757
    18 0.030770 -0.276858 8.905140 0.056125 0.004134 -0.000049
    19 0.115926 -1.678863 -0.255090 0.747858 0.032895 0.043862
    20 5.669724 4.435303 14.302868 0.930369 -1.356050 1.788549
    21 -1.044571 -2.839317 19.743267 -0.707801 -0.664244 0.220429
    22 2.655533 -1.533369 24.792658 -0.916887 0.074703 -1.206348
    23 1.120163 -0.154394 9.796035 -0.031944 -0.000069 -0.277669
    24 2.240311 -0.308786 19.592051 -0.308539 -0.317050 -0.499341
    25 0.683151 2.877354 14.167051 -1.140986 0.070202 1.469036
    26 0.144936 -0.145374 7.579252 -1.905161 -0.415567 0.231299
    27 0.091660 -0.906685 4.702850 -1.172924 -0.166459 0.112835
    28 0.506271 8.500866 13.617253 -1.274424 0.425574 1.441324
    29 -0.384987 -0.460049 7.003448 -1.820157 -0.313533 0.377259
    30 0.561516 -0.596954 5.061852 -1.597976 -0.219290 0.257743
    31 -2.452171 -8.899406 11.597897 -1.496796 -0.464135 1.391006
    32 0.680496 -0.903999 6.074253 -1.814119 0.187470 -0.029514
    33 0.245514 -0.661150 3.388004 -1.067686 0.146663 -0.042649
    34 -0.717484 -3.784271 13.043911 -1.380126 -0.198575 1.470761
    35 1.099216 -1.407745 8.017889 -1.671099 0.029721 -0.013601
    36 0.068439 -0.807653 3.686054 -1.355270 0.030940 -0.006768
    37 -4.004929 6.172707 4.754754 -0.362813 0.929518 2.260348
    38 0.158352 -1.149811 5.804394 -0.821019 -0.425938 0.180613
    39 -1.083523 -1.463142 5.544399 -1.355382 -0.242598 -0.050735
    40 -6.289886 0.932434 13.569063 -0.126803 0.612110 2.869610
    41 1.327774 -0.766687 12.396328 -0.079340 0.015283 -0.666478
    42 -0.096140 1.828087 23.185329 -0.006193 -0.870423 -1.542281
    43 2.325478 -0.000003 6.169296 -0.185608 0.009282 1.712817
    44 0.000000 -3.152912 0.122169 1.960954 -0.007538 0.018360
    45 1.068383 -10.478592 7.066338 0.292219 -1.282324 -3.141588
    46 0.000000 0.000000 2.279457 0.547137 -0.343566 0.107833
    47 2.479414 -8.323895 6.074242 -0.021279 -0.436664 1.302381
    48 0.000003 -5.075260 5.925699 0.000000 0.000000 0.000000
    49 -1.068383 -10.478611 7.065971 0.292219 1.282324 3.141588
    50 -0.000488 0.000015 2.279600 0.547136 0.343566 0.107835
    51 -2.479401 -8.323895 6.074234 -0.002654 -0.439641 1.308582
    52 -5.790000 4.432083 14.255558 -4.658526 1.314010 -1.007019
    53 1.044540 -2.839314 19.743252 -0.494449 0.605299 -0.154532
    54 -2.655510 -1.533379 24.792648 -0.664876 -0.087176 0.808705
    55 -1.120216 -0.154385 9.795983 -0.048183 0.003553 0.421737
    56 -2.240372 -0.308788 19.592047 -0.261332 0.356481 0.787393
    57 -0.683205 2.877342 14.167089 -1.141036 -0.070195 -1.469032
    58 -0.144958 -0.145317 7.579308 -1.911746 0.482432 -0.229645
    59 -0.038551 -0.936644 4.697678 -1.166326 0.226936 -0.120355
    60 -0.506317 8.500896 13.617329 -1.274444 -0.425536 -1.441320
    61 0.385056 -0.460075 7.003435 -1.856776 0.460472 -0.377047
    62 -0.456360 -0.710276 5.057732 -1.602734 0.407883 -0.341036
    63 2.452194 -8.899408 11.597939 -1.496813 0.464120 -1.390992
    64 -0.680515 -0.903999 6.074242 -1.814734 -0.203729 0.029430
    65 -0.248295 -0.666843 3.386627 -1.067074 -0.161109 0.046483
    66 0.717491 -3.784309 13.044010 -1.380108 0.198588 -1.470743
    67 -1.099228 -1.407673 8.017876 -1.671442 -0.023395 0.015445
    68 -0.064053 -0.807640 3.686100 -1.355077 -0.028588 0.003253
    69 4.004906 6.172710 4.754800 -0.362903 -0.929513 -2.260302
    70 -0.158381 -1.149773 5.804405 -0.694227 0.597727 0.257629
    71 1.078559 -2.386406 5.215008 -1.178776 0.712631 0.125052
    72 6.289963 0.932404 13.569109 -0.126801 -0.612098 -2.869612
    73 -1.327759 -0.766682 12.396324 -0.050464 -0.016038 0.432026
    74 0.000017 -54.999996 0.000000 0.000000 0.000000 -1.570796
  time 61
    0 0.000000 0.000000 -1.500000 0.000000 0.000000 0.000000
    1 -10.521344 -5.760963 66.994621 3.097005 -0.050653 -3.139334
    2 -12.328130 -9.430253 16.969620 -0.153139 0.695917 0.078606
    3 -0.000034 0.000012 24.761454 -1.021384 -0.118517 0.306695
    4 0.000017 0.000000 24.344809 1.749861 -0.391735 -0.200125
    5 0.002333 -1.019846 24.031336 0.412508 -0.043093 0.016194
    6 0.000034 0.000008 13.404741 -0.000001 -0.000009 0.050031
    7 10.398263 -5.760962 66.994675 3.097005 0.050653 3.139334
    8 -9.543426 -15.887788 16.287329 1.100192 -0.746713 0.141655
    9 -0.000004 -0.000006 24.761459 -1.317997 0.152848 -0.687362
    10 -0.000007 0.000004 24.344891 1.067768 0.140591 -0.240906
    11 -0.002360 -1.019903 24.031330 0.389663 0.008599 0.021048
    12 0.000000 -0.000002 13.404737 0.000001 0.000005 -0.438772
    13 -0.061540 -5.245835 72.927078 0.000000 0.000000 0.000000
    14 10.142258 -13.737522 -17.377053 0.307061 0.007109 -0.273306
    15 0.000000 -0.005608 -1.146812 0.038345 -0.089047 -0.018145
    16 0.030770 -0.240000 8.906021 -0.004138 0.000000 0.000000
    17 0.695357 -1.276527 0.077729 0.166041 0.064792 0.186296
    18 0.030770 -0.276858 8.905140 0.056125 0.004134 -0.000049
    19 0.041705 -1.698395 -0.258996 0.753935 0.011644 0.035605
    20 5.669724 4.435303 14.302868 1.292233 -1.348792 1.481786
    21 -1.044571 -2.839317 19.743267 -0.734462 -0.663043 0.225618
    22 2.655533 -1.533369 24.792658 -0.885598 0.083849 -1.061102
    23 1.120163 -0.154394 9.796035 -0.031944 -0.000069 -0.277669
    24 2.240311 -0.308786 19.592051 -0.308539 -0.317050 -0.499341
    25 0.683151 2.877354 14.167051 -1.140986 0.070202 1.469036
    26 0.144936 -0.145374 7.579252 -1.905161 -0.415567 0.231299
    27 0.091660 -0.906685 4.702850 -1.172924 -0.166459 0.112835
    28 0.506271 8.500866 13.617253 -1.274424 0.425574 1.441324
    29 -0.384987 -0.460049 7.003448 -1.820157 -0.313533 0.377259
    30 0.561516 -0.596954 5.061852 -1.597976 -0.219290 0.257743
    31 -2.452171 -8.899406 11.597897 -1.496796 -0.464135 1.391006
    32 0.680496 -0.903999 6.074253 -1.814039 0.187458 -0.029610
    33 0.245514 -0.661150 3.388004 -1.067846 0.146567 -0.042673
    34 -0.717484 -3.784271 13.043911 -1.380126 -0.198575 1.470761
    35 1.099216 -1.407745 8.017889 -1.671099 0.029733 -0.013685
    36 0.068439 -0.807653 3.686054 -1.355270 0.030868 -0.006780
    37 -4.004929 6.172707 4.754754 -0.362903 0.929500 2.260348
    38 0.158352 -1.149811 5.804394 -0.821019 -0.425938 0.180613
    39 -1.083523 -1.463142 5.544399 -1.355382 -0.242598 -0.050735
    40 -6.289886 0.932434 13.569063 -0.126803 0.612110 2.869610
    41 1.327774 -0.766687 12.396328 -0.071142 0.016182 -0.599691
    42 -0.096140 1.828087 23.185329 -0.009223 -0.834414 -1.538735
    43 2.325478 -0.000003 6.169296 -0.160683 0.019656 1.757279
    44 0.000000 -3.152912 0.122169 1.961019 -0.002205 0.005393
    45 1.068383 -10.478592 7.066338 0.292219 -1.282324 -3.141588
    46 0.000000 0.000000 2.279457 0.547137 -0.343566 0.107833
    47 2.479414 -8.323895 6.074242 -0.023427 -0.559934 1.290920
    48 0.000003 -5.075260 5.929606 0.000000 0.000000 0.000000
    49 -1.068383 -10.478611 7.065971 0.292231 1.282324 3.141588
    50 -0.000488 0.000015 2.279600 0.547136 0.343566 0.107835
    51 -2.479401 -8.323895 6.074234 -0.003437 -0.565801 1.296702
    52 -5.790000 4.432083 14.255558 -4.588454 1.311767 -0.981915
    53 1.044540 -2.839314 19.743252 -0.383192 0.641718 -0.139781
    54 -2.655510 -1.533379 24.792648 -0.651842 -0.092379 0.587346
    55 -1.120216 -0.154385 9.795983 -0.054727 0.005674 0.481314
    56 -2.240372 -0.308788 19.592047 -0.229869 0.383708 0.911892
    57 -0.683205 2.877342 14.167089 -1.140987 -0.070195 -1.469019
    58 -0.144958 -0.145317 7.579308 -1.911746 0.482432 -0.229645
    59 -0.038551 -0.936644 4.697678 -1.166326 0.226924 -0.120355
    60 -0.506317 8.500896 13.617329 -1.274444 -0.425536 -1.441320
    61 0.385056 -0.460075 7.003435 -1.856776 0.460472 -0.377047
    62 -0.456360 -0.710276 5.057732 -1.602734 0.407904 -0.341054
    63 2.452194 -8.899408 11.597939 -1.496813 0.464120 -1.390992
    64 -0.680515 -0.903999 6.074242 -1.814734 -0.203729 0.029430
    65 -0.248295 -0.666843 3.386627 -1.067074 -0.161109 0.046483
    66 0.717491 -3.784309 13.044010 -1.380108 0.198600 -1.470743
    67 -1.099228 -1.407673 8.017876 -1.671442 -0.023395 0.015445
    68 -0.064053 -0.807640 3.686100 -1.355077 -0.028588 0.003253
    69 4.004906 6.172710 4.754800 -0.362903 -0.929513 -2.260302
    70 -0.158381 -1.149773 5.804405 -0.694227 0.597727 0.257600
    71 1.078559 -2.386406 5.215008 -1.178728 0.712631 0.125052
    72 6.289963 0.932404 13.569109 -0.126801 -0.612098 -2.869612
    73 -1.327759 -0.766682 12.396324 -0.035795 -0.013797 0.311830
    74 0.000017 -54.999996 0.000000 0.000000 0.000000 -1.570796
  time 62
    0 0.000000 0.000000 -1.500000 0.000000 0.000000 0.000000
    1 -10.521344 -5.760963 66.994621 3.097005 -0.050653 -3.139334
    2 -12.644546 -6.508329 16.857497 -0.023128 0.713286 0.170966
    3 -0.000034 0.000012 24.761454 -1.066466 -0.123718 0.267036
    4 0.000017 0.000000 24.344809 1.753375 -0.388498 -0.206672
    5 0.002333 -1.019846 24.031336 0.389660 -0.042710 0.017213
    6 0.000034 0.000008 13.404741 -0.000001 -0.000009 0.027714
    7 10.398263 -5.760962 66.994675 3.097005 0.050653 3.139334
    8 -9.644992 -13.627212 16.422210 1.109149 -0.761455 0.145533
    9 -0.000004 -0.000006 24.761459 -1.241551 0.143991 -0.705378
    10 -0.000007 0.000004 24.344891 0.981478 0.118837 -0.247191
    11 -0.002360 -1.019903 24.031330 0.389663 0.008587 0.021048
    12 0.000000 -0.000002 13.404737 0.000001 0.000005 -0.441584
    13 -0.061540 -5.245835 72.927078 0.000000 0.000000 0.000000
    14 10.427423 -10.942555 -17.241866 0.278353 0.007832 -0.327294
    15 0.000000 -0.005608 -1.146812 0.030211 -0.071998 -0.003851
    16 0.030770 -0.240000 8.906021 -0.004138 0.000000 0.000000
    17 0.734421 -1.245276 0.066010 0.163684 0.073021 0.182502
    18 0.030770 -0.276858 8.905140 0.056125 0.004134 -0.000049
    19 0.033892 -1.667144 -0.243370 0.735419 0.012796 0.035893
    20 5.669724 4.435303 14.302868 1.625958 -1.326911 1.225047
    21 -1.044571 -2.839317 19.743267 -0.773794 -0.674472 0.240311
    22 2.655533 -1.533369 24.792658 -0.882821 0.094377 -0.881162
    23 1.120163 -0.154394 9.796035 -0.031944 -0.000069 -0.277669
    24 2.240311 -0.308786 19.592051 -0.308539 -0.317050 -0.499341
    25 0.683151 2.877354 14.167051 -1.140986 0.070202 1.469036
    26 0.144936 -0.145374 7.579252 -1.905161 -0.415567 0.231299
    27 0.091660 -0.906685 4.702850 -1.172924 -0.166459 0.112823
    28 0.506271 8.500866 13.617253 -1.274424 0.425574 1.441324
    29 -0.384987 -0.460049 7.003448 -1.820157 -0.313533 0.377259
    30 0.561516 -0.596954 5.061852 -1.597976 -0.219290 0.257743
    31 -2.452171 -8.899406 11.597897 -1.496796 -0.464135 1.391006
    32 0.680496 -0.903999 6.074253 -1.814119 0.187482 -0.029610
    33 0.245514 -0.661150 3.388004 -1.067686 0.146567 -0.042661
    34 -0.717484 -3.784271 13.043911 -1.380126 -0.198563 1.470761
    35 1.099216 -1.407745 8.017889 -1.671177 0.029733 -0.013685
    36 0.068439 -0.807653 3.686054 -1.355270 0.030868 -0.006780
    37 -4.004929 6.172707 4.754754 -0.362903 0.929500 2.260348
    38 0.158352 -1.149811 5.804394 -0.820977 -0.425938 0.180613
    39 -1.083523 -1.463142 5.544399 -1.355382 -0.242598 -0.050735
    40 -6.289886 0.932434 13.569063 -0.126803 0.612110 2.869610
    41 1.327774 -0.766687 12.396328 -0.061004 0.016554 -0.517538
    42 -0.096140 1.828087 23.185329 -0.009172 -0.779794 -1.538521
    43 2.325478 -0.000003 6.169296 -0.132176 0.023143 1.801941
    44 0.000000 -3.152912 0.122169 1.961052 0.000000 0.000000
    45 1.068383 -10.478592 7.066338 0.292219 -1.282324 -3.141588
    46 0.000000 0.000000 2.279457 0.547137 -0.343566 0.107833
    47 2.479414 -8.323895 6.074242 -0.023916 -0.607551 1.297892
    48 0.000003 -5.075260 5.929606 0.000000 0.000000 0.000000
    49 -1.068383 -10.478611 7.065971 0.292219 1.282324 3.141588
    50 -0.000488 0.000015 2.279600 0.547136 0.343566 0.107835
    51 -2.479401 -8.323895 6.074234 -0.003216 -0.615084 1.303409
    52 -5.790000 4.432083 14.255558 -4.536308 1.312141 -0.971855
    53 1.044540 -2.839314 19.743252 -0.299651 0.682801 -0.125493
    54 -2.655510 -1.533379 24.792648 -0.662913 -0.093363 0.431569
    55 -1.120216 -0.154385 9.795983 -0.056740 0.006429 0.499949
    56 -2.240372 -0.308788 19.592047 -0.219254 0.391480 0.951157
    57 -0.683205 2.877342 14.167089 -1.140987 -0.070195 -1.469019
    58 -0.144958 -0.145317 7.579308 -1.911746 0.482432 -0.229657
    59 -0.038551 -0.936644 4.697678 -1.166326 0.226924 -0.120343
    60 -0.506317 8.500896 13.617329 -1.274444 -0.425536 -1.441320
    61 0.385056 -0.460075 7.003435 -1.856776 0.460472 -0.377047
    62 -0.456360 -0.710276 5.057732 -1.602734 0.407904 -0.341036
    63 2.452194 -8.899408 11.597939 -1.496853 0.464120 -1.390992
    64 -0.680515 -0.903999 6.074242 -1.814734 -0.203729 0.029430
    65 -0.248295 -0.666843 3.386627 -1.067074 -0.161121 0.046483
    66 0.717491 -3.784309 13.044010 -1.380108 0.198600 -1.470743
    67 -1.099228 -1.407673 8.017876 -1.671442 -0.023395 0.015445
    68 -0.064053 -0.807640 3.686100 -1.355077 -0.028600 0.003253
    69 4.004906 6.172710 4.754800 -0.362903 -0.929513 -2.260384
    70 -0.158381 -1.149773 5.804405 -0.694227 0.597727 0.257600
    71 1.078559 -2.386406 5.215008 -1.178776 0.712631 0.125052
    72 6.289963 0.932404 13.569109 -0.126801 -0.612098 -2.869612
    73 -1.327759 -0.766682 12.396324 -0.025932 -0.011244 0.229016
    74 0.000017 -54.999996 0.000000 0.000000 0.000000 -1.570796
  time 63
    0 0.000000 0.000000 -1.500000 0.000000 0.000000 0.000000
    1 -10.521344 -5.760963 66.994621 3.097005 -0.050653 -3.139334
    2 -12.117186 -4.519456 15.332628 0.054961 0.683280 0.292687
    3 -0.000034 0.000012 24.761454 -0.975245 -0.113172 0.192522
    4 0.000017 0.000000 24.344809 1.676254 -0.430146 -0.216373
    5 0.002333 -1.019846 24.031336 0.389660 -0.042710 0.017213
    6 0.000034 0.000008 13.404741 -0.000001 -0.000009 0.006578
    7 10.398263 -5.760962 66.994675 3.097005 0.050653 3.139334
    8 -8.973096 -12.428232 14.960999 1.032712 -0.723668 0.172846
    9 -0.000004 -0.000006 24.761459 -1.096853 0.127261 -0.669131
    10 -0.000007 0.000004 24.344891 0.903772 0.113638 -0.233760
    11 -0.002360 -1.019903 24.031330 0.389663 0.008599 0.021048
    12 0.000000 -0.000002 13.404737 0.000001 0.000005 -0.384046
    13 -0.061540 -5.245835 72.927078 0.000000 0.000000 0.000000
    14 10.005535 -8.939496 -15.597096 0.198695 0.005251 -0.379601
    15 0.000000 -0.005608 -1.146812 0.023385 -0.057913 -0.000182
    16 0.030770 -0.240000 8.906021 -0.004138 0.000000 0.000000
    17 0.515664 -1.335122 0.023040 0.176289 0.043560 0.135181
    18 0.030770 -0.276858 8.905140 0.056125 0.004134 -0.000049
    19 0.205772 -1.460106 -0.180869 0.643483 0.074078 0.052995
    20 5.669724 4.435303 14.302868 1.924751 -1.296856 1.042964
    21 -1.044571 -2.839317 19.743267 -0.797863 -0.715436 0.269358
    22 2.655533 -1.533369 24.792658 -0.871364 0.101909 -0.660219
    23 1.120163 -0.154394 9.796035 -0.030914 0.000074 -0.268563
    24 2.240311 -0.308786 19.592051 -0.310541 -0.299047 -0.481142
    25 0.683151 2.877354 14.167051 -1.092327 0.046041 1.463128
    26 0.144936 -0.145374 7.579252 -1.765533 -0.401881 0.207845
    27 0.091660 -0.906685 4.702850 -1.089682 -0.159436 0.098262
    28 0.506271 8.500866 13.617253 -1.201675 0.372846 1.433188
    29 -0.384987 -0.460049 7.003448 -1.670551 -0.343231 0.343558
    30 0.561516 -0.596954 5.061852 -1.444962 -0.236967 0.215881
    31 -2.452171 -8.899406 11.597897 -1.441813 -0.429560 1.403328
    32 0.680496 -0.903999 6.074253 -1.701181 0.179524 -0.020082
    33 0.245514 -0.661150 3.388004 -1.016293 0.142097 -0.041463
    34 -0.717484 -3.784271 13.043911 -1.324919 -0.191708 1.471053
    35 1.099216 -1.407745 8.017889 -1.576915 0.027516 -0.010581
    36 0.068439 -0.807653 3.686054 -1.260741 0.028052 -0.004515
    37 -4.004929 6.172707 4.754754 -0.276070 0.949833 2.345315
    38 0.158352 -1.149811 5.804394 -0.792075 -0.407989 0.179894
    39 -1.083523 -1.463142 5.544399 -1.255769 -0.225796 -0.049769
    40 -6.289886 0.932434 13.569063 -0.126803 0.612110 2.869610
    41 1.327774 -0.766687 12.396328 -0.047773 0.015763 -0.410076
    42 -0.096140 1.828087 23.185329 -0.002272 -0.667752 -1.546439
    43 2.325478 -0.000003 6.169296 -0.091349 0.001498 1.841814
    44 0.000000 -3.152912 0.122169 1.961052 0.000000 0.000000
    45 1.068383 -10.478592 7.066338 0.292219 -1.282324 -3.141588
    46 0.000000 0.000000 2.279457 0.547137 -0.343566 0.107833
    47 2.479414 -8.323895 6.074242 -0.019838 -0.531053 1.362169
    48 0.000003 -5.075260 5.105362 0.000000 0.000000 0.000000
    49 -1.068383 -10.478611 7.065971 0.292219 1.282324 3.141588
    50 -0.000488 0.000015 2.279600 0.547136 0.343566 0.107835
    51 -2.479401 -8.323895 6.074234 0.000198 -0.537592 1.368462
    52 -5.790000 4.432083 14.255558 -4.496335 1.277998 -0.974442
    53 1.044540 -2.839314 19.743252 -0.204423 0.778110 -0.105490
    54 -2.655510 -1.533379 24.792648 -0.654408 -0.089920 0.248605
    55 -1.120216 -0.154385 9.795983 -0.048519 0.003649 0.424757
    56 -2.240372 -0.308788 19.592047 -0.240026 0.279107 0.801828
    57 -0.683205 2.877342 14.167089 -1.097528 -0.045422 -1.464518
    58 -0.144958 -0.145317 7.579308 -1.760040 0.468159 -0.193751
    59 -0.038551 -0.936644 4.697678 -1.082104 0.215179 -0.102833
    60 -0.506317 8.500896 13.617329 -1.202414 -0.371340 -1.433142
    61 0.385056 -0.460075 7.003435 -1.694125 0.488590 -0.317158
    62 -0.456360 -0.710276 5.057732 -1.441345 0.415171 -0.276269
    63 2.452194 -8.899408 11.597939 -1.445624 0.422438 -1.407293
    64 -0.680515 -0.903999 6.074242 -1.700901 -0.195615 0.017996
    65 -0.248295 -0.666843 3.386627 -1.015285 -0.155979 0.044733
    66 0.717491 -3.784309 13.044010 -1.331685 0.188581 -1.472826
    67 -1.099228 -1.407673 8.017876 -1.576010 -0.021334 0.012880
    68 -0.064053 -0.807640 3.686100 -1.256770 -0.025927 0.000868
    69 4.004906 6.172710 4.754800 -0.332334 -0.938457 -2.283797
    70 -0.158381 -1.149773 5.804405 -0.680658 0.577739 0.256457
    71 1.078559 -2.386406 5.215008 -1.093975 0.664263 0.144526
    72 6.289963 0.932404 13.569109 -0.126801 -0.612098 -2.869612
    73 -1.327759 -0.766682 12.396324 -0.013959 -0.006942 0.126123
    74 0.000017 -54.999996 0.000000 0.000000 0.000000 -1.570796
  time 64
    0 0.000000 0.000000 -1.500000 0.000000 0.000000 0.000000
    1 -10.521344 -5.760963 66.994621 3.097005 -0.050653 -3.139334
    2 -10.843710 -3.083048 12.708957 0.023602 0.611911 0.395402
    3 -0.000034 0.000012 24.761454 -0.721257 -0.083774 0.115320
    4 0.000017 0.000000 24.344809 1.531815 -0.506561 -0.197338
    5 0.002333 -1.019846 24.031336 0.389660 -0.042710 0.017213
    6 0.000034 0.000008 13.404741 -0.000001 -0.000009 0.005439
    7 10.398263 -5.760962 66.994675 3.097005 0.050653 3.139334
    8 -7.641025 -11.766295 12.308339 0.927866 -0.654860 0.207998
    9 -0.000004 -0.000006 24.761459 -0.932741 0.108241 -0.585011
    10 -0.000007 0.000004 24.344891 0.821936 0.135191 -0.204754
    11 -0.002360 -1.019903 24.031330 0.412154 0.003338 0.017500
    12 0.000000 -0.000002 13.404737 0.000001 0.000005 -0.294604
    13 -0.061540 -5.245835 72.927078 0.000000 0.000000 0.000000
    14 8.982067 -7.378973 -12.893364 0.088024 -0.000134 -0.424881
    15 0.000000 -0.005608 -1.146812 0.017325 -0.045616 -0.001568
    16 0.030770 -0.240000 8.906021 -0.004138 0.000000 0.000000
    17 0.125027 -1.503096 -0.066807 0.208949 -0.015287 0.076718
    18 0.030770 -0.276858 8.905140 0.056125 0.004134 -0.000049
    19 0.487031 -1.069469 -0.094928 0.487957 0.176483 0.059682
    20 5.669724 4.435303 14.302868 2.205360 -1.263524 0.900363
    21 -1.044571 -2.839317 19.743267 -0.785975 -0.760993 0.292201
    22 2.655533 -1.533369 24.792658 -0.648436 0.092226 -0.421809
    23 1.120163 -0.154394 9.796035 -0.028457 0.000362 -0.247108
    24 2.240311 -0.308786 19.592051 -0.314283 -0.258112 -0.439048
    25 0.683151 2.877354 14.167051 -0.998577 -0.004114 1.452226
    26 0.144936 -0.145374 7.579252 -1.485208 -0.362547 0.161081
    27 0.091660 -0.906685 4.702850 -0.931211 -0.142802 0.072339
    28 0.506271 8.500866 13.617253 -1.052780 0.264665 1.409582
    29 -0.384987 -0.460049 7.003448 -1.359281 -0.379497 0.269325
    30 0.561516 -0.596954 5.061852 -1.135720 -0.247454 0.135812
    31 -2.452171 -8.899406 11.597897 -1.341821 -0.359693 1.428507
    32 0.680496 -0.903999 6.074253 -1.488391 0.161895 -0.004933
    33 0.245514 -0.661150 3.388004 -0.932040 0.133252 -0.040180
    34 -0.717484 -3.784271 13.043911 -1.225043 -0.176931 1.472098
    35 1.099216 -1.407745 8.017889 -1.394485 0.022350 -0.005068
    36 0.068439 -0.807653 3.686054 -1.078224 0.022227 -0.000871
    37 -4.004929 6.172707 4.754754 -0.081595 0.972120 2.541848
    38 0.158352 -1.149811 5.804394 -0.731220 -0.370447 0.179019
    39 -1.083523 -1.463142 5.544399 -1.055810 -0.192635 -0.042697
    40 -6.289886 0.932434 13.569063 -0.126803 0.612110 2.869610
    41 1.327774 -0.766687 12.396328 -0.031653 0.012827 -0.277356
    42 -0.096140 1.828087 23.185329 0.005621 -0.510809 -1.557659
    43 2.325478 -0.000003 6.169296 -0.043169 -0.039941 1.867318
    44 0.000000 -3.152912 0.122169 1.961052 0.000000 0.000000
    45 1.068383 -10.478592 7.066338 0.292219 -1.282324 -3.141588
    46 0.000000 0.000000 2.279457 0.547137 -0.343566 0.107833
    47 2.479414 -8.323895 6.074242 -0.014048 -0.367680 1.460733
    48 0.000003 -5.731530 2.632630 0.000000 0.000000 0.000000
    49 -1.068383 -10.478611 7.065971 0.292219 1.282324 3.141588
    50 -0.000488 0.000015 2.279600 0.547136 0.343566 0.107835
    51 -2.479401 -8.323895 6.074234 0.004717 -0.370702 1.468580
    52 -5.790000 4.432083 14.255558 -4.453679 1.212660 -0.979233
    53 1.044540 -2.839314 19.743252 -0.025488 0.877277 -0.033206
    54 -2.655510 -1.533379 24.792648 -0.652194 -0.079358 0.001119
    55 -1.120216 -0.154385 9.795983 -0.032627 0.000150 0.283785
    56 -2.240372 -0.308788 19.592047 -0.199475 0.076290 0.542520
    57 -0.683205 2.877342 14.167089 -1.009077 0.005517 -1.454938
    58 -0.144958 -0.145317 7.579308 -1.465294 0.422401 -0.125835
    59 -0.038551 -0.936644 4.697678 -0.923028 0.189089 -0.072704
    60 -0.506317 8.500896 13.617329 -1.054208 -0.261496 -1.409330
    61 0.385056 -0.460075 7.003435 -1.357557 0.509468 -0.191453
    62 -0.456360 -0.710276 5.057732 -1.117595 0.395464 -0.156354
    63 2.452194 -8.899408 11.597939 -1.349096 0.345371 -1.436442
    64 -0.680515 -0.903999 6.074242 -1.487195 -0.177147 -0.000640
    65 -0.248295 -0.666843 3.386627 -0.930482 -0.146128 0.042648
    66 0.717491 -3.784309 13.044010 -1.238575 0.170592 -1.475865
    67 -1.099228 -1.407673 8.017876 -1.392485 -0.016768 0.008589
    68 -0.064053 -0.807640 3.686100 -1.070341 -0.020283 -0.002883
    69 4.004906 6.172710 4.754800 -0.263142 -0.955676 -2.340283
    70 -0.158381 -1.149773 5.804405 -0.647033 0.528452 0.254992
    71 1.078559 -2.386406 5.215008 -0.925376 0.557296 0.167617
    72 6.289963 0.932404 13.569109 -0.126801 -0.612098 -2.869612
    73 -1.327759 -0.766682 12.396324 0.002352 0.001388 -0.022063
    74 0.000017 -54.999996 0.000000 0.000000 0.000000 -1.570796
  time 65
    0 0.000000 0.000000 -1.500000 0.000000 0.000000 0.000000
    1 -10.521344 -5.760963 66.994621 3.097005 -0.050653 -3.139334
    2 -9.343664 -2.149997 10.668324 -0.058995 0.546303 0.416067
    3 -0.000034 0.000012 24.761454 -0.504668 -0.058666 0.103552
    4 0.000017 0.000000 24.344809 1.406918 -0.536167 -0.148097
    5 0.002333 -1.019846 24.031336 0.389660 -0.042722 0.017201
    6 0.000034 0.000008 13.404741 -0.000001 -0.000009 0.024550
    7 10.398263 -5.760962 66.994675 3.097005 0.050653 3.139334
    8 -6.312859 -10.929508 10.240163 0.916605 -0.584076 0.213774
    9 -0.000004 -0.000006 24.761459 -0.929771 0.107918 -0.485315
    10 -0.000007 0.000004 24.344891 0.819677 0.155345 -0.180499
    11 -0.002360 -1.019903 24.031330 0.454072 -0.007436 0.009111
    12 0.000000 -0.000002 13.404737 0.000001 0.000005 -0.223433
    13 -0.061540 -5.245835 72.927078 0.000000 0.000000 0.000000
    14 7.735935 -6.260986 -10.752909 0.032048 -0.005743 -0.430766
    15 0.000000 -0.005608 -1.146812 0.012126 -0.035107 -0.003035
    16 0.030770 -0.240000 8.906021 -0.004138 0.000000 0.000000
    17 -0.132793 -1.674976 -0.152747 0.246723 -0.060156 0.056632
    18 0.030770 -0.276858 8.905140 0.056125 0.004134 -0.000049
    19 0.678443 -0.710083 -0.048052 0.349624 0.241982 0.043791
    20 5.669724 4.435303 14.302868 2.399164 -1.252813 0.799163
    21 -1.044571 -2.839317 19.743267 -0.765869 -0.791625 0.303002
    22 2.655533 -1.533369 24.792658 -0.412836 0.081005 -0.220438
    23 1.120163 -0.154394 9.796035 -0.025592 0.000662 -0.222273
    24 2.240311 -0.308786 19.592051 -0.317547 -0.214461 -0.390663
    25 0.683151 2.877354 14.167051 -0.938179 -0.048937 1.446231
    26 0.144936 -0.145374 7.579252 -1.267611 -0.318923 0.127417
    27 0.091660 -0.906685 4.702850 -0.833088 -0.130506 0.057718
    28 0.506271 8.500866 13.617253 -0.923524 0.176719 1.379381
    29 -0.384987 -0.460049 7.003448 -1.111325 -0.385812 0.214172
    30 0.561516 -0.596954 5.061852 -0.905878 -0.237746 0.088221
    31 -2.452171 -8.899406 11.597897 -1.294078 -0.304345 1.451674
    32 0.680496 -0.903999 6.074253 -1.364152 0.150126 0.002293
    33 0.245514 -0.661150 3.388004 -0.918779 0.129118 -0.042098
    34 -0.717484 -3.784271 13.043911 -1.179140 -0.162466 1.477046
    35 1.099216 -1.407745 8.017889 -1.274805 0.018515 -0.002107
    36 0.068439 -0.807653 3.686054 -0.958571 0.017997 0.000854
    37 -4.004929 6.172707 4.754754 0.090361 0.957579 2.722977
    38 0.158352 -1.149811 5.804394 -0.677315 -0.337367 0.178899
    39 -1.083523 -1.463142 5.544399 -0.901682 -0.168282 -0.032739
    40 -6.289886 0.932434 13.569063 -0.126803 0.612110 2.869610
    41 1.327774 -0.766687 12.396328 -0.017847 0.008464 -0.160102
    42 -0.096140 1.828087 23.185329 0.008326 -0.382609 -1.564232
    43 2.325478 -0.000003 6.169296 -0.006354 -0.065985 1.871270
    44 0.000000 -3.152912 0.122169 1.961052 0.000000 0.000000
    45 1.068383 -10.478592 7.066338 0.292219 -1.282324 -3.141588
    46 0.000000 0.000000 2.279457 0.547137 -0.343566 0.107833
    47 2.479414 -8.323895 6.074242 -0.010541 -0.232952 1.529403
    48 0.000003 -5.727624 2.632630 0.000000 0.000000 0.000000
    49 -1.068383 -10.478611 7.065971 0.292219 1.282324 3.141588
    50 -0.000488 0.000015 2.279600 0.547136 0.343566 0.107835
    51 -2.479401 -8.323895 6.074234 0.007448 -0.233012 1.538327
    52 -5.790000 4.432083 14.255558 -4.405750 1.177936 -0.985077
    53 1.044540 -2.839314 19.743252 0.103022 0.934725 0.034587
    54 -2.655510 -1.533379 24.792648 -0.698292 -0.070661 -0.169804
    55 -1.120216 -0.154385 9.795983 -0.019864 -0.001025 0.172629
    56 -2.240372 -0.308788 19.592047 -0.117915 -0.031331 0.336482
    57 -0.683205 2.877342 14.167089 -0.938148 0.048934 -1.446217
    58 -0.144958 -0.145317 7.579308 -1.259969 0.371491 -0.083445
    59 -0.038551 -0.936644 4.697678 -0.826380 0.170908 -0.056561
    60 -0.506317 8.500896 13.617329 -0.923575 -0.176687 -1.379362
    61 0.385056 -0.460075 7.003435 -1.101581 0.495091 -0.105501
    62 -0.456360 -0.710276 5.057732 -0.877115 0.355209 -0.085778
    63 2.452194 -8.899408 11.597939 -1.294284 0.304316 -1.451695
    64 -0.680515 -0.903999 6.074242 -1.363607 -0.164779 -0.009424
    65 -0.248295 -0.666843 3.386627 -0.918201 -0.141622 0.044541
    66 0.717491 -3.784309 13.044010 -1.179141 0.162479 -1.477043
    67 -1.099228 -1.407673 8.017876 -1.274973 -0.013424 0.006300
    68 -0.064053 -0.807640 3.686100 -0.958585 -0.016591 -0.004597
    69 4.004906 6.172710 4.754800 -0.191313 -0.968611 -2.405282
    70 -0.158381 -1.149773 5.804405 -0.604096 0.465721 0.254699
    71 1.078559 -2.386406 5.215008 -0.778706 0.455506 0.169590
    72 6.289963 0.932404 13.569109 -0.126801 -0.612098 -2.869612
    73 -1.327759 -0.766682 12.396324 0.012958 0.008602 -0.125835
    74 0.000017 -54.999996 0.000000 0.000000 0.000000 -1.570796
  time 66
    0 0.000000 0.000000 -1.500000 0.000000 0.000000 0.000000
    1 -10.521344 -5.760963 66.994621 3.097005 -0.050653 -3.139334
    2 -7.671738 -1.609809 9.636795 -0.094248 0.497982 0.378231
    3 -0.000034 0.000012 24.761454 -0.475684 -0.055310 0.144922
    4 0.000017 0.000000 24.344809 1.392555 -0.499386 -0.127571
    5 0.002333 -1.019846 24.031336 0.389660 -0.042698 0.017201
    6 0.000034 0.000008 13.404741 -0.000001 -0.000009 0.049356
    7 10.398263 -5.760962 66.994675 3.097005 0.050653 3.139334
    8 -5.058915 -9.693060 9.093674 0.911145 -0.519914 0.201727
    9 -0.000004 -0.000006 24.761459 -0.915417 0.106264 -0.402307
    10 -0.000007 0.000004 24.344891 0.816192 0.162811 -0.149391
    11 -0.002360 -1.019903 24.031330 0.476633 -0.017168 0.000470
    12 0.000000 -0.000002 13.404737 0.000001 0.000005 -0.175170
    13 -0.061540 -5.245835 72.927078 0.000000 0.000000 0.000000
    14 6.267140 -5.399205 -9.626354 0.032144 -0.011265 -0.384345
    15 0.000000 -0.005608 -1.146812 0.007724 -0.029178 -0.014041
    16 0.030770 -0.240000 8.906021 -0.004138 0.000000 0.000000
    17 -0.164044 -1.589036 -0.086338 0.234707 -0.065119 0.062941
    18 0.030770 -0.276858 8.905140 0.056125 0.004134 -0.000049
    19 0.655005 -0.542110 0.022263 0.274273 0.234659 0.028402
    20 5.669724 4.435303 14.302868 2.486735 -1.267787 0.724317
    21 -1.044571 -2.839317 19.743267 -0.706039 -0.833946 0.303876
    22 2.655533 -1.533369 24.792658 -0.378249 0.074088 -0.068398
    23 1.120163 -0.154394 9.796035 -0.022500 0.000877 -0.195472
    24 2.240311 -0.308786 19.592051 -0.261626 -0.159391 -0.352247
    25 0.683151 2.877354 14.167051 -0.912067 -0.077891 1.446269
    26 0.144936 -0.145374 7.579252 -1.139460 -0.287847 0.107762
    27 0.091660 -0.906685 4.702850 -0.804837 -0.126695 0.053715
    28 0.506271 8.500866 13.617253 -0.829963 0.133636 1.350413
    29 -0.384987 -0.460049 7.003448 -0.984306 -0.382613 0.192696
    30 0.561516 -0.596954 5.061852 -0.809736 -0.234187 0.078441
    31 -2.452171 -8.899406 11.597897 -1.280661 -0.282019 1.464961
    32 0.680496 -0.903999 6.074253 -1.316645 0.145572 0.004343
    33 0.245514 -0.661150 3.388004 -0.941094 0.126924 -0.044291
    34 -0.717484 -3.784271 13.043911 -1.178523 -0.150661 1.480119
    35 1.099216 -1.407745 8.017889 -1.216439 0.016670 -0.001053
    36 0.068439 -0.807653 3.686054 -0.900539 0.015660 0.001478
    37 -4.004929 6.172707 4.754754 0.182509 0.931912 2.795217
    38 0.158352 -1.149811 5.804394 -0.626631 -0.312403 0.180457
    39 -1.083523 -1.463142 5.544399 -0.818497 -0.152283 -0.024079
    40 -6.289886 0.932434 13.569063 -0.126803 0.612110 2.869610
    41 1.327774 -0.766687 12.396328 -0.008092 0.004294 -0.073931
    42 -0.096140 1.828087 23.185329 0.006563 -0.292714 -1.563345
    43 2.325478 -0.000003 6.169296 -0.001913 -0.058910 1.834311
    44 0.000000 -3.152912 0.122169 1.961719 0.000000 0.000000
    45 1.068383 -10.478592 7.066338 0.292219 -1.282324 -3.141588
    46 0.000000 0.000000 2.279457 0.547137 -0.343566 0.107833
    47 2.479414 -8.323895 6.074242 -0.008610 -0.165142 1.572764
    48 0.000003 -5.075260 5.105362 0.000000 0.000000 0.000000
    49 -1.068383 -10.478611 7.065971 0.292219 1.282324 3.141588
    50 -0.000488 0.000015 2.279600 0.547136 0.343566 0.107835
    51 -2.479401 -8.323895 6.074234 0.009135 -0.164120 1.582782
    52 -5.790000 4.432083 14.255558 -4.337595 1.189275 -0.993701
    53 1.044540 -2.839314 19.743252 0.103746 0.996710 0.044303
    54 -2.655510 -1.533379 24.792648 -0.754355 -0.068486 -0.240764
    55 -1.120216 -0.154385 9.795983 -0.012889 -0.001061 0.112127
    56 -2.240372 -0.308788 19.592047 -0.072859 -0.053905 0.219631
    57 -0.683205 2.877342 14.167089 -0.882513 0.073469 -1.439190
    58 -0.144958 -0.145317 7.579308 -1.171202 0.338701 -0.066427
    59 -0.038551 -0.936644 4.697678 -0.801281 0.165120 -0.053133
    60 -0.506317 8.500896 13.617329 -0.824469 -0.143142 -1.352045
    61 0.385056 -0.460075 7.003435 -0.984730 0.482003 -0.076529
    62 -0.456360 -0.710276 5.057732 -0.767077 0.333302 -0.065154
    63 2.452194 -8.899408 11.597939 -1.258579 0.307987 -1.440589
    64 -0.680515 -0.903999 6.074242 -1.319465 -0.160093 -0.012205
    65 -0.248295 -0.666843 3.386627 -0.943804 -0.140064 0.047214
    66 0.717491 -3.784309 13.044010 -1.141280 0.162790 -1.473620
    67 -1.099228 -1.407673 8.017876 -1.223082 -0.011878 0.005437
    68 -0.064053 -0.807640 3.686100 -0.922458 -0.015357 -0.005077
    69 4.004906 6.172710 4.754800 -0.131080 -0.974629 -2.466516
    70 -0.158381 -1.149773 5.804405 -0.561542 0.397185 0.247344
    71 1.078559 -2.386406 5.215008 -0.670829 0.392128 0.156583
    72 6.289963 0.932404 13.569109 -0.126801 -0.612098 -2.869612
    73 -1.327759 -0.766682 12.396324 0.016577 0.011467 -0.163124
    74 0.000017 -54.999996 0.000000 0.000000 0.000000 -1.570796
  time 67
    0 0.000000 0.000000 -1.500000 0.000000 0.000000 0.000000
    1 -10.521344 -5.760963 66.994621 3.097005 -0.050653 -3.139334
    2 -5.741991 -1.253777 8.874361 -0.129364 0.447239 0.328075
    3 -0.000034 0.000012 24.761454 -0.465765 -0.054172 0.195860
    4 0.000017 0.000000 24.344809 1.398349 -0.460544 -0.113246
    5 0.002333 -1.019846 24.031336 0.389660 -0.042710 0.017201
    6 0.000034 0.000008 13.404741 -0.000001 -0.000009 0.078148
    7 10.398263 -5.760962 66.994675 3.097005 0.050653 3.139334
    8 -3.582307 -8.406655 8.082067 0.867552 -0.482127 0.177467
    9 -0.000004 -0.000006 24.761459 -0.927571 0.107654 -0.363153
    10 -0.000007 0.000004 24.344891 0.876343 0.170166 -0.090350
    11 -0.002360 -1.019903 24.031330 0.483938 -0.025066 -0.006781
    12 0.000000 -0.000002 13.404737 0.000001 0.000005 -0.153142
    13 -0.061540 -5.245835 72.927078 0.000000 0.000000 0.000000
    14 4.517087 -4.607298 -8.702579 0.032336 -0.017580 -0.308618
    15 0.000000 -0.005608 -1.146812 0.004024 -0.028974 -0.042168
    16 0.030770 -0.240000 8.906021 -0.004138 0.000000 0.000000
    17 -0.121074 -1.147617 0.140231 0.160422 -0.049090 0.065577
    18 0.030770 -0.276858 8.905140 0.056125 0.004134 -0.000049
    19 0.526094 -0.518671 0.186330 0.243854 0.186810 0.020385
    20 5.669724 4.435303 14.302868 2.514202 -1.292452 0.656275
    21 -1.044571 -2.839317 19.743267 -0.575177 -0.897610 0.278382
    22 2.655533 -1.533369 24.792658 -0.388534 0.068670 0.041507
    23 1.120163 -0.154394 9.796035 -0.018989 0.001021 -0.164911
    24 2.240311 -0.308786 19.592051 -0.120713 -0.093730 -0.317590
    25 0.683151 2.877354 14.167051 -0.872954 -0.101729 1.445245
    26 0.144936 -0.145374 7.579252 -1.004014 -0.255441 0.087232
    27 0.091660 -0.906685 4.702850 -0.770313 -0.121889 0.048993
    28 0.506271 8.500866 13.617253 -0.730844 0.106898 1.320181
    29 -0.384987 -0.460049 7.003448 -0.875250 -0.375290 0.176864
    30 0.561516 -0.596954 5.061852 -0.737941 -0.231694 0.075685
    31 -2.452171 -8.899406 11.597897 -1.229779 -0.276243 1.472505
    32 0.680496 -0.903999 6.074253 -1.228373 0.136560 0.008226
    33 0.245514 -0.661150 3.388004 -0.913400 0.121687 -0.043788
    34 -0.717484 -3.784271 13.043911 -1.156475 -0.138617 1.476600
    35 1.099216 -1.407745 8.017889 -1.130250 0.013446 0.000841
    36 0.068439 -0.807653 3.686054 -0.814006 0.012676 0.002281
    37 -4.004929 6.172707 4.754754 0.248625 0.921543 2.795217
    38 0.158352 -1.149811 5.804394 -0.556707 -0.284797 0.185454
    39 -1.083523 -1.463142 5.544399 -0.735573 -0.132256 -0.011620
    40 -6.289886 0.932434 13.569063 -0.126803 0.612110 2.869610
    41 1.327774 -0.766687 12.396328 -0.000302 0.000183 -0.002725
    42 -0.096140 1.828087 23.185329 0.003361 -0.207184 -1.557720
    43 2.325478 -0.000003 6.169296 -0.031566 -0.036136 1.756281
    44 0.000000 -3.152912 0.122169 1.963330 0.000000 0.000000
    45 1.068383 -10.478592 7.066338 0.292219 -1.282324 -3.141588
    46 0.000000 0.000000 2.279457 0.547137 -0.343566 0.107833
    47 2.479414 -8.323895 6.074242 -0.006272 -0.132317 1.627299
    48 0.000003 -5.075260 5.929606 0.000000 0.000000 0.000000
    49 -1.068383 -10.478611 7.065971 0.292219 1.282324 3.141588
    50 -0.000488 0.000015 2.279600 0.547136 0.343566 0.107835
    51 -2.479401 -8.323895 6.074234 0.011344 -0.130997 1.638254
    52 -5.790000 4.432083 14.255558 -4.249598 1.216274 -1.004432
    53 1.044540 -2.839314 19.743252 0.079647 1.070269 0.041119
    54 -2.655510 -1.533379 24.792648 -0.774435 -0.066584 -0.279765
    55 -1.120216 -0.154385 9.795983 -0.006956 -0.000749 0.060602
    56 -2.240372 -0.308788 19.592047 -0.027726 -0.071429 0.119963
    57 -0.683205 2.877342 14.167089 -0.804902 0.090660 -1.429687
    58 -0.144958 -0.145317 7.579308 -1.085159 0.306415 -0.049972
    59 -0.038551 -0.936644 4.697678 -0.770363 0.157066 -0.049885
    60 -0.506317 8.500896 13.617329 -0.717293 -0.129314 -1.324997
    61 0.385056 -0.460075 7.003435 -0.890411 0.467557 -0.057480
    62 -0.456360 -0.710276 5.057732 -0.678075 0.312991 -0.053640
    63 2.452194 -8.899408 11.597939 -1.175147 0.313029 -1.412322
    64 -0.680515 -0.903999 6.074242 -1.236084 -0.150925 -0.016855
    65 -0.248295 -0.666843 3.386627 -0.921489 -0.134371 0.046974
    66 0.717491 -3.784309 13.044010 -1.071136 0.159027 -1.465460
    67 -1.099228 -1.407673 8.017876 -1.145133 -0.009457 0.004263
    68 -0.064053 -0.807640 3.686100 -0.864723 -0.013368 -0.005736
    69 4.004906 6.172710 4.754800 -0.071600 -0.977137 -2.531434
    70 -0.158381 -1.149773 5.804405 -0.520836 0.323063 0.227828
    71 1.078559 -2.386406 5.215008 -0.562331 0.350990 0.131117
    72 6.289963 0.932404 13.569109 -0.126801 -0.612098 -2.869612
    73 -1.327759 -0.766682 12.396324 0.018411 0.012989 -0.182324
    74 0.000017 -54.999996 0.000000 0.000000 0.000000 -1.570796
  time 68
    0 0.000000 0.000000 -1.500000 0.000000 0.000000 0.000000
    1 -10.521344 -5.760963 66.994621 3.097005 -0.050653 -3.139334
    2 -3.890372 -0.959129 8.358597 -0.151704 0.401227 0.283250
    3 -0.000034 0.000012 24.761454 -0.472432 -0.054939 0.243501
    4 0.000017 0.000000 24.344809 1.415117 -0.423514 -0.104128
    5 0.002333 -1.019846 24.031336 0.389660 -0.042698 0.017213
    6 0.000034 0.000008 13.404741 -0.000001 -0.000009 0.104135
    7 10.398263 -5.760962 66.994675 3.097005 0.050653 3.139334
    8 -2.086168 -7.245143 7.272780 0.799133 -0.449204 0.159561
    9 -0.000004 -0.000006 24.761459 -0.963594 0.111837 -0.333151
    10 -0.000007 0.000004 24.344891 0.996451 0.169477 -0.022040
    11 -0.002360 -1.019903 24.031330 0.476748 -0.032856 -0.013516
    12 0.000000 -0.000002 13.404737 0.000001 0.000005 -0.136890
    13 -0.061540 -5.245835 72.927078 0.000000 0.000000 0.000000
    14 2.786565 -3.896910 -8.026646 0.032592 -0.023515 -0.226705
    15 0.000000 -0.005608 -1.146812 0.001185 -0.031970 -0.080050
    16 0.030770 -0.240000 8.906021 -0.004138 0.000000 0.000000
    17 -0.066385 -0.557755 0.394145 0.062758 -0.027491 0.062781
    18 0.030770 -0.276858 8.905140 0.056125 0.004134 -0.000049
    19 0.342495 -0.600705 0.369930 0.245070 0.120755 0.016394
    20 5.669724 4.435303 14.302868 2.529803 -1.323881 0.571367
    21 -1.044571 -2.839317 19.743267 -0.424502 -0.967537 0.229820
    22 2.655533 -1.533369 24.792658 -0.422557 0.065711 0.109520
    23 1.120163 -0.154394 9.796035 -0.015453 0.001057 -0.134350
    24 2.240311 -0.308786 19.592051 0.052708 -0.045106 -0.277078
    25 0.683151 2.877354 14.167051 -0.826929 -0.122606 1.441511
    26 0.144936 -0.145374 7.579252 -0.868986 -0.221824 0.070059
    27 0.091660 -0.906685 4.702850 -0.736018 -0.116939 0.044475
    28 0.506271 8.500866 13.617253 -0.629007 0.091124 1.288933
    29 -0.384987 -0.460049 7.003448 -0.777575 -0.366373 0.164700
    30 0.561516 -0.596954 5.061852 -0.680891 -0.231190 0.076284
    31 -2.452171 -8.899406 11.597897 -1.159253 -0.281820 1.476612
    32 0.680496 -0.903999 6.074253 -1.127490 0.125905 0.011521
    33 0.245514 -0.661150 3.388004 -0.868451 0.115995 -0.043704
    34 -0.717484 -3.784271 13.043911 -1.123845 -0.126728 1.472820
    35 1.099216 -1.407745 8.017889 -1.035134 0.009778 0.002471
    36 0.068439 -0.807653 3.686054 -0.718838 0.009236 0.002796
    37 -4.004929 6.172707 4.754754 0.299158 0.919184 2.755126
    38 0.158352 -1.149811 5.804394 -0.478053 -0.256457 0.193916
    39 -1.083523 -1.463142 5.544399 -0.654533 -0.112086 0.003365
    40 -6.289886 0.932434 13.569063 -0.126803 0.612110 2.869610
    41 1.327774 -0.766687 12.396328 0.005403 -0.003305 0.051257
    42 -0.096140 1.828087 23.185329 0.000707 -0.134942 -1.550291
    43 2.325478 -0.000003 6.169296 -0.081943 -0.014664 1.664003
    44 0.000000 -3.152912 0.122169 1.965267 0.000000 0.000000
    45 1.068383 -10.478592 7.066338 0.292219 -1.282324 -3.141588
    46 0.000000 0.000000 2.279457 0.547137 -0.343566 0.107833
    47 2.479414 -8.323895 6.074242 0.000905 0.059561 1.798258
    48 0.000003 -5.075260 5.753819 0.000000 0.000000 0.000000
    49 -1.068383 -10.478611 7.065971 0.292219 1.282324 3.141588
    50 -0.000488 0.000015 2.279600 0.547136 0.343566 0.107835
    51 -2.479401 -8.323895 6.074234 0.017811 0.059472 1.808790
    52 -5.790000 4.432083 14.255558 -4.164093 1.252037 -1.016888
    53 1.044540 -2.839314 19.743252 0.046142 1.137341 0.028763
    54 -2.655510 -1.533379 24.792648 -0.722851 -0.064306 -0.269162
    55 -1.120216 -0.154385 9.795983 -0.002390 -0.000318 0.020721
    56 -2.240372 -0.308788 19.592047 0.014429 -0.079201 0.042978
    57 -0.683205 2.877342 14.167089 -0.715411 0.102818 -1.417337
    58 -0.144958 -0.145317 7.579308 -1.005111 0.275015 -0.037328
    59 -0.038551 -0.936644 4.697678 -0.739890 0.148869 -0.047465
    60 -0.506317 8.500896 13.617329 -0.605591 -0.128328 -1.298758
    61 0.385056 -0.460075 7.003435 -0.809992 0.453644 -0.044173
    62 -0.456360 -0.710276 5.057732 -0.601753 0.294901 -0.046970
    63 2.452194 -8.899408 11.597939 -1.066279 0.313052 -1.376263
    64 -0.680515 -0.903999 6.074242 -1.141278 -0.140066 -0.021157
    65 -0.248295 -0.666843 3.386627 -0.882856 -0.128199 0.047082
    66 0.717491 -3.784309 13.044010 -0.983954 0.152304 -1.456233
    67 -1.099228 -1.407673 8.017876 -1.059507 -0.006725 0.003184
    68 -0.064053 -0.807640 3.686100 -0.801811 -0.011150 -0.006299
    69 4.004906 6.172710 4.754800 -0.013400 -0.976385 -2.597989
    70 -0.158381 -1.149773 5.804405 -0.481666 0.247627 0.200049
    71 1.078559 -2.386406 5.215008 -0.453834 0.325075 0.098453
    72 6.289963 0.932404 13.569109 -0.126801 -0.612098 -2.869612
    73 -1.327759 -0.766682 12.396324 0.018123 0.012749 -0.179317
    74 0.000017 -54.999996 0.000000 0.000000 0.000000 -1.570796
  time 69
    0 0.000000 0.000000 -1.500000 0.000000 0.000000 0.000000
    1 -10.521344 -5.760963 66.994621 3.097005 -0.050653 -3.139334
    2 -2.425484 -0.553988 8.089502 -0.149996 0.369885 0.260618
    3 -0.000034 0.000012 24.761454 -0.499221 -0.058043 0.272003
    4 0.000017 0.000000 24.344809 1.437495 -0.390988 -0.100304
    5 0.002333 -1.019846 24.031336 0.389585 -0.042698 0.017213
    6 0.000034 0.000008 13.404741 -0.000001 -0.000009 0.118563
    7 10.398263 -5.760962 66.994675 3.097005 0.050653 3.139334
    8 -0.797066 -6.370887 6.755737 0.634655 -0.402893 0.179200
    9 -0.000004 -0.000006 24.761459 -0.871474 0.101158 -0.308532
    10 -0.000007 0.000004 24.344891 1.155412 0.166233 0.031957
    11 -0.002360 -1.019903 24.031330 0.389594 -0.040202 -0.015362
    12 0.000000 -0.000002 13.404737 0.000001 0.000005 -0.127057
    13 -0.061540 -5.245835 72.927078 0.000000 0.000000 0.000000
    14 1.364647 -3.256397 -7.576024 0.032817 -0.027954 -0.161907
    15 0.000000 -0.005608 -1.146812 -0.000633 -0.035609 -0.120378
    16 0.030770 -0.240000 8.906021 -0.004138 0.000000 0.000000
    17 -0.027321 -0.042114 0.573838 -0.018367 -0.010817 0.059227
    18 0.030770 -0.276858 8.905140 0.056125 0.004134 -0.000049
    19 0.170615 -0.694458 0.518372 0.260404 0.057683 0.012499
    20 5.669724 4.435303 14.302868 2.591341 -1.357354 0.436433
    21 -1.044571 -2.839317 19.743267 -0.315556 -1.019042 0.183740
    22 2.655533 -1.533369 24.792658 -0.460138 0.066057 0.128040
    23 1.120163 -0.154394 9.796035 -0.012361 0.001009 -0.107514
    24 2.240311 -0.308786 19.592051 0.202890 -0.029083 -0.234904
    25 0.683151 2.877354 14.167051 -0.780026 -0.142512 1.434530
    26 0.144936 -0.145374 7.579252 -0.740184 -0.187560 0.058421
    27 0.091660 -0.906685 4.702850 -0.706668 -0.112589 0.040736
    28 0.506271 8.500866 13.617253 -0.526986 0.079963 1.257530
    29 -0.384987 -0.460049 7.003448 -0.684347 -0.356570 0.154609
    30 0.561516 -0.596954 5.061852 -0.628482 -0.231934 0.077567
    31 -2.452171 -8.899406 11.597897 -1.086094 -0.292475 1.479108
    32 0.680496 -0.903999 6.074253 -1.040051 0.116593 0.013295
    33 0.245514 -0.661150 3.388004 -0.835645 0.112159 -0.045106
    34 -0.717484 -3.784271 13.043911 -1.090950 -0.116769 1.473143
    35 1.099216 -1.407745 8.017889 -0.947780 0.006507 0.003441
    36 0.068439 -0.807653 3.686054 -0.631595 0.005761 0.002928
    37 -4.004929 6.172707 4.754754 0.342034 0.915910 2.703553
    38 0.158352 -1.149811 5.804394 -0.399781 -0.229056 0.204798
    39 -1.083523 -1.463142 5.544399 -0.575690 -0.095080 0.018807
    40 -6.289886 0.932434 13.569063 -0.126803 0.612110 2.869610
    41 1.327774 -0.766687 12.396328 0.008088 -0.005090 0.077269
    42 -0.096140 1.828087 23.185329 -0.000817 -0.085071 -1.543871
    43 2.325478 -0.000003 6.169296 -0.134134 -0.003306 1.585974
    44 0.000000 -3.152912 0.122169 1.966911 0.000000 0.000000
    45 1.068383 -10.478592 7.066338 0.292219 -1.282324 -3.141588
    46 0.000000 0.000000 2.279457 0.547137 -0.343566 0.107833
    47 2.479414 -8.323895 6.074242 -0.003445 0.028896 1.694441
    48 0.000003 -5.075260 5.437403 0.000000 0.000000 0.000000
    49 -1.068383 -10.478611 7.065971 0.292219 1.282324 3.141588
    50 -0.000488 0.000015 2.279600 0.547136 0.343566 0.107835
    51 -2.479401 -8.323895 6.074234 0.013955 0.028853 1.708097
    52 -5.790000 4.432083 14.255558 -4.103894 1.289711 -1.031548
    53 1.044540 -2.839314 19.743252 -0.010071 1.187963 -0.003623
    54 -2.655510 -1.533379 24.792648 -0.630302 -0.065315 -0.194417
    55 -1.120216 -0.154385 9.795983 0.000570 0.000078 -0.005041
    56 -2.240372 -0.308788 19.592047 0.047724 -0.073558 -0.005997
    57 -0.683205 2.877342 14.167089 -0.623594 0.112528 -1.402653
    58 -0.144958 -0.145317 7.579308 -0.932364 0.244706 -0.029718
    59 -0.038551 -0.936644 4.697678 -0.714297 0.142169 -0.045859
    60 -0.506317 8.500896 13.617329 -0.493361 -0.132427 -1.274182
    61 0.385056 -0.460075 7.003435 -0.734581 0.440058 -0.033408
    62 -0.456360 -0.710276 5.057732 -0.529900 0.277890 -0.042460
    63 2.452194 -8.899408 11.597939 -0.954745 0.306314 -1.343015
    64 -0.680515 -0.903999 6.074242 -1.060215 -0.130491 -0.024034
    65 -0.248295 -0.666843 3.386627 -0.856670 -0.124340 0.048772
    66 0.717491 -3.784309 13.044010 -0.894431 0.144490 -1.448048
    67 -1.099228 -1.407673 8.017876 -0.982231 -0.004172 0.002429
    68 -0.064053 -0.807640 3.686100 -0.747790 -0.009233 -0.006695
    69 4.004906 6.172710 4.754800 0.043370 -0.972958 -2.664872
    70 -0.158381 -1.149773 5.804405 -0.443542 0.174245 0.168548
    71 1.078559 -2.386406 5.215008 -0.346531 0.306573 0.062136
    72 6.289963 0.932404 13.569109 -0.126801 -0.612098 -2.869612
    73 -1.327759 -0.766682 12.396324 0.015019 0.010208 -0.147024
    74 0.000017 -54.999996 0.000000 0.000000 0.000000 -1.570796
end
