// Created by Crowbar 0.74
version 1
nodes
  0 "root" -1
  1 "g_r_hip_offset" 0
  2 "g_r_hip" 1
  3 "g_r_knee" 2
  4 "g_r_ankle" 3
  5 "g_r_ball" 4
  6 "g_r_thightwist" 2
  7 "g_l_hip_offset" 0
  8 "g_l_hip" 7
  9 "g_l_knee" 8
  10 "g_l_ankle" 9
  11 "g_l_ball" 10
  12 "g_l_thightwist" 8
  13 "g_spine01_offset" 0
  14 "g_spine01" 13
  15 "g_pelvis" 14
  16 "g_spine02_offset" 14
  17 "g_spine02" 16
  18 "g_spine03_offset" 17
  19 "g_spine03" 18
  20 "g_l_clavical" 19
  21 "g_l_shoulder" 20
  22 "g_l_elbow" 21
  23 "g_l_forarm" 22
  24 "g_l_wrist" 22
  25 "g_l_birdy1" 24
  26 "g_l_birdy2" 25
  27 "g_l_birdy3" 26
  28 "g_l_index1" 24
  29 "g_l_index2" 28
  30 "g_l_index3" 29
  31 "g_l_pinky1" 24
  32 "g_l_pinky2" 31
  33 "g_l_pinky3" 32
  34 "g_l_ring1" 24
  35 "g_l_ring2" 34
  36 "g_l_ring3" 35
  37 "g_l_thumb1" 24
  38 "g_l_thumb2" 37
  39 "g_l_thumb3" 38
  40 "g_l_palm" 24
  41 "g_l_biceptwist" 21
  42 "g_neck" 19
  43 "g_head" 42
  44 "g_jaw" 43
  45 "g_l_brow" 43
  46 "g_l_brow2" 45
  47 "g_l_eye" 43
  48 "g_topeyelid" 43
  49 "g_r_brow" 43
  50 "g_r_brow2" 49
  51 "g_r_eye" 43
  52 "g_r_clavical" 19
  53 "g_r_shoulder" 52
  54 "g_r_elbow" 53
  55 "g_r_forarm" 54
  56 "g_r_wrist" 54
  57 "g_r_birdy1" 56
  58 "g_r_birdy2" 57
  59 "g_r_birdy3" 58
  60 "g_r_index1" 56
  61 "g_r_index2" 60
  62 "g_r_index3" 61
  63 "g_r_pinky1" 56
  64 "g_r_pinky2" 63
  65 "g_r_pinky3" 64
  66 "g_r_ring1" 56
  67 "g_r_ring2" 66
  68 "g_r_ring3" 67
  69 "g_r_thumb1" 56
  70 "g_r_thumb2" 69
  71 "g_r_thumb3" 70
  72 "g_r_palm" 56
  73 "g_r_biceptwist" 53
  74 "g_throwable_attach_offset" 0
end
skeleton
  time 0
    0 0.000000 0.000000 -1.500000 0.000000 0.000000 0.000000
    1 -10.521344 -5.760963 66.994621 3.097005 -0.050653 -3.139334
    2 -3.542706 2.539814 16.969620 -0.046288 0.513848 0.393654
    3 -0.000034 0.000012 24.761454 -1.100532 -0.127661 -0.234815
    4 0.000017 0.000000 24.344809 1.717496 -0.167944 -0.152051
    5 0.002333 -1.019846 24.031336 0.880528 -0.045682 -0.005294
    6 0.000034 0.000008 13.404741 -0.000001 -0.000009 -0.139472
    7 10.398263 -5.760962 66.994675 3.097005 0.050653 3.139334
    8 0.546725 -6.957888 18.108223 0.836243 -0.635582 0.316920
    9 -0.000004 -0.000006 24.761459 -1.802304 0.208816 -0.716467
    10 -0.000007 0.000004 24.344891 1.774153 0.097528 -0.097055
    11 -0.002360 -1.019903 24.031330 0.389594 -0.042695 -0.017219
    12 0.000000 -0.000002 13.404737 0.000001 0.000005 -0.381083
    13 -0.061540 -5.245835 72.927078 0.000000 0.000000 0.000000
    14 1.567778 -2.557655 -17.715019 -0.000948 0.000124 -0.002465
    15 0.000000 -0.005608 -1.146812 0.219331 0.067630 -0.467026
    16 0.030770 -0.240000 8.906021 -0.004138 0.000000 0.000000
    17 -0.437490 -2.202336 -0.324627 0.343925 -0.014489 -0.161246
    18 0.030770 -0.276858 8.905140 0.056125 0.004134 -0.000049
    19 0.194053 -0.631956 0.018356 0.332895 0.073523 -0.010236
    20 5.669724 4.435303 14.302868 2.673170 -1.380397 0.923172
    21 -1.044571 -2.839317 19.743267 -0.347159 -0.762819 0.153198
    22 2.655533 -1.533369 24.792658 -0.492512 0.082965 -0.227231
    23 1.120163 -0.154394 9.796035 -0.036702 -0.000836 -0.319406
    24 2.240311 -0.308786 19.592051 -0.143778 -0.078535 -0.624636
    25 0.683151 2.877354 14.167051 -0.179011 -0.120029 1.380629
    26 0.144936 -0.145374 7.579252 -1.577116 -0.243672 0.199564
    27 0.091660 -0.906685 4.702850 -0.679287 -0.108430 0.037368
    28 0.506271 8.500866 13.617253 0.076004 0.176807 1.339103
    29 -0.384987 -0.460049 7.003448 -1.140172 -0.446970 0.324814
    30 0.561516 -0.596954 5.061852 -0.977173 -0.333121 0.196873
    31 -2.452171 -8.899406 11.597897 -0.580412 -0.358518 1.079644
    32 0.680496 -0.903999 6.074253 -1.235709 0.137207 0.007938
    33 0.245514 -0.661150 3.388004 -0.624427 0.104813 -0.031036
    34 -0.717484 -3.784271 13.043911 -0.676853 -0.187921 1.367604
    35 1.099216 -1.407745 8.017889 -1.353233 0.021080 -0.004001
    36 0.068439 -0.807653 3.686054 -0.728469 0.009440 0.002736
    37 -4.004929 6.172707 4.754754 0.512369 1.025795 2.908889
    38 0.158352 -1.149811 5.804394 -0.217894 -0.190502 0.237851
    39 -1.083523 -1.463142 5.544399 -1.613517 -0.368197 0.249174
    40 -6.289886 0.932434 13.569063 -0.126803 0.612110 2.869610
    41 1.327774 -0.766687 12.396328 -0.014635 0.007206 -0.132031
    42 -0.096140 1.828087 23.185329 0.001683 -0.065760 -1.568879
    43 2.325478 -0.000003 6.169296 -0.767016 0.027976 1.703477
    44 0.000000 -3.152912 0.122169 2.038617 0.000000 0.000000
    45 1.068383 -10.478592 7.066338 0.292219 -1.282324 -3.141588
    46 0.000000 0.000000 2.279457 0.547137 -0.343566 0.107833
    47 2.479414 -8.323895 6.074242 -0.008855 0.007342 1.561876
    48 0.000003 -5.075260 5.105362 0.000000 0.000000 0.000000
    49 -1.068383 -10.478611 7.065971 0.292219 1.282324 3.141588
    50 -0.000488 0.000015 2.279600 0.547136 0.343566 0.107835
    51 -2.479401 -8.323895 6.074234 0.008854 0.007354 1.579716
    52 -5.790000 4.432083 14.255558 -2.894362 1.405516 -0.294920
    53 1.044540 -2.839314 19.743252 -0.601810 0.766154 -0.237402
    54 -2.655510 -1.533379 24.792648 -0.634781 -0.091926 0.482308
    55 -1.120216 -0.154385 9.795983 -0.017047 -0.001073 0.148118
    56 -2.240372 -0.308788 19.592047 -0.070644 0.164951 0.292405
    57 -0.683205 2.877342 14.167089 -0.354577 0.202666 -1.419491
    58 -0.144958 -0.145317 7.579308 -1.520222 0.303862 -0.161297
    59 -0.038551 -0.936644 4.697678 -1.063563 0.212411 -0.099130
    60 -0.506317 8.500896 13.617329 -0.010728 -0.114059 -1.333983
    61 0.385056 -0.460075 7.003435 -1.270059 0.580701 -0.285521
    62 -0.456360 -0.710276 5.057732 -1.300506 0.545250 -0.355674
    63 2.452194 -8.899408 11.597939 -0.917646 0.438795 -1.163408
    64 -0.680515 -0.903999 6.074242 -1.406564 -0.169177 -0.006596
    65 -0.248295 -0.666843 3.386627 -0.797345 -0.121356 0.045584
    66 0.717491 -3.784309 13.044010 -0.873407 0.202028 -1.408090
    67 -1.099228 -1.407673 8.017876 -1.514256 -0.019872 0.011286
    68 -0.064053 -0.807640 3.686100 -0.573178 -0.002965 -0.007222
    69 4.004906 6.172710 4.754800 0.470800 -1.049650 -2.824505
    70 -0.158381 -1.149773 5.804405 -0.442530 0.112992 0.245527
    71 1.078559 -2.386406 5.215008 -1.254977 0.852344 -0.042871
    72 6.289963 0.932404 13.569109 -0.126801 -0.612098 -2.869612
    73 -1.327759 -0.766682 12.396324 -0.032715 -0.013090 0.286107
    74 0.000017 -54.999996 0.000000 0.000000 0.000000 -1.570796
  time 1
    0 0.000000 0.000000 -1.500000 0.000000 0.000000 0.000000
    1 -10.521344 -5.760963 66.994621 3.097005 -0.050653 -3.139334
    2 -3.542706 2.539814 16.969620 -0.046288 0.513848 0.393654
    3 -0.000034 0.000012 24.761454 -1.100532 -0.127661 -0.234815
    4 0.000017 0.000000 24.344809 1.717496 -0.167944 -0.152051
    5 0.002333 -1.019846 24.031336 0.880528 -0.045682 -0.005294
    6 0.000034 0.000008 13.404741 -0.000001 -0.000009 -0.139472
    7 10.398263 -5.760962 66.994675 3.097005 0.050653 3.139334
    8 0.546725 -6.957888 18.108223 0.836243 -0.635582 0.316920
    9 -0.000004 -0.000006 24.761459 -1.802304 0.208816 -0.716467
    10 -0.000007 0.000004 24.344891 1.774153 0.097528 -0.097055
    11 -0.002360 -1.019903 24.031330 0.389594 -0.042695 -0.017219
    12 0.000000 -0.000002 13.404737 0.000001 0.000005 -0.381083
    13 -0.061540 -5.245835 72.927078 0.000000 0.000000 0.000000
    14 1.567778 -2.557655 -17.715019 -0.000948 0.000124 -0.002465
    15 0.000000 -0.005608 -1.146812 0.219331 0.067630 -0.467026
    16 0.030770 -0.240000 8.906021 -0.004138 0.000000 0.000000
    17 -0.437490 -2.202336 -0.324627 0.343925 -0.014489 -0.161246
    18 0.030770 -0.276858 8.905140 0.056125 0.004134 -0.000049
    19 0.194053 -0.631956 0.018356 0.332895 0.073523 -0.010236
    20 5.669724 4.435303 14.302868 2.673170 -1.380397 0.923172
    21 -1.044571 -2.839317 19.743267 -0.347159 -0.762819 0.153198
    22 2.655533 -1.533369 24.792658 -0.492512 0.082965 -0.227231
    23 1.120163 -0.154394 9.796035 -0.036702 -0.000836 -0.319406
    24 2.240311 -0.308786 19.592051 -0.143778 -0.078535 -0.624636
    25 0.683151 2.877354 14.167051 -0.179011 -0.120029 1.380629
    26 0.144936 -0.145374 7.579252 -1.577116 -0.243672 0.199564
    27 0.091660 -0.906685 4.702850 -0.679287 -0.108430 0.037368
    28 0.506271 8.500866 13.617253 0.076004 0.176807 1.339103
    29 -0.384987 -0.460049 7.003448 -1.140172 -0.446970 0.324814
    30 0.561516 -0.596954 5.061852 -0.977173 -0.333121 0.196873
    31 -2.452171 -8.899406 11.597897 -0.580412 -0.358518 1.079644
    32 0.680496 -0.903999 6.074253 -1.235709 0.137207 0.007938
    33 0.245514 -0.661150 3.388004 -0.624427 0.104813 -0.031036
    34 -0.717484 -3.784271 13.043911 -0.676853 -0.187921 1.367604
    35 1.099216 -1.407745 8.017889 -1.353233 0.021080 -0.004001
    36 0.068439 -0.807653 3.686054 -0.728469 0.009440 0.002736
    37 -4.004929 6.172707 4.754754 0.512369 1.025795 2.908889
    38 0.158352 -1.149811 5.804394 -0.217894 -0.190502 0.237851
    39 -1.083523 -1.463142 5.544399 -1.613517 -0.368197 0.249174
    40 -6.289886 0.932434 13.569063 -0.126803 0.612110 2.869610
    41 1.327774 -0.766687 12.396328 -0.014635 0.007206 -0.132031
    42 -0.096140 1.828087 23.185329 0.001683 -0.065760 -1.568879
    43 2.325478 -0.000003 6.169296 -0.767016 0.027976 1.703477
    44 0.000000 -3.152912 0.122169 2.038617 0.000000 0.000000
    45 1.068383 -10.478592 7.066338 0.292219 -1.282324 -3.141588
    46 0.000000 0.000000 2.279457 0.547137 -0.343566 0.107833
    47 2.479414 -8.323895 6.074242 -0.008855 0.007342 1.561876
    48 0.000003 -5.075260 5.105362 0.000000 0.000000 0.000000
    49 -1.068383 -10.478611 7.065971 0.292219 1.282324 3.141588
    50 -0.000488 0.000015 2.279600 0.547136 0.343566 0.107835
    51 -2.479401 -8.323895 6.074234 0.008854 0.007354 1.579716
    52 -5.790000 4.432083 14.255558 -2.894362 1.405516 -0.294920
    53 1.044540 -2.839314 19.743252 -0.601810 0.766154 -0.237402
    54 -2.655510 -1.533379 24.792648 -0.634781 -0.091926 0.482308
    55 -1.120216 -0.154385 9.795983 -0.017047 -0.001073 0.148118
    56 -2.240372 -0.308788 19.592047 -0.070644 0.164951 0.292405
    57 -0.683205 2.877342 14.167089 -0.354577 0.202666 -1.419491
    58 -0.144958 -0.145317 7.579308 -1.520222 0.303862 -0.161297
    59 -0.038551 -0.936644 4.697678 -1.063563 0.212411 -0.099130
    60 -0.506317 8.500896 13.617329 -0.010728 -0.114059 -1.333983
    61 0.385056 -0.460075 7.003435 -1.270059 0.580701 -0.285521
    62 -0.456360 -0.710276 5.057732 -1.300506 0.545250 -0.355674
    63 2.452194 -8.899408 11.597939 -0.917646 0.438795 -1.163408
    64 -0.680515 -0.903999 6.074242 -1.406564 -0.169177 -0.006596
    65 -0.248295 -0.666843 3.386627 -0.797345 -0.121356 0.045584
    66 0.717491 -3.784309 13.044010 -0.873407 0.202028 -1.408090
    67 -1.099228 -1.407673 8.017876 -1.514256 -0.019872 0.011286
    68 -0.064053 -0.807640 3.686100 -0.573178 -0.002965 -0.007222
    69 4.004906 6.172710 4.754800 0.470800 -1.049650 -2.824505
    70 -0.158381 -1.149773 5.804405 -0.442530 0.112992 0.245527
    71 1.078559 -2.386406 5.215008 -1.254977 0.852344 -0.042871
    72 6.289963 0.932404 13.569109 -0.126801 -0.612098 -2.869612
    73 -1.327759 -0.766682 12.396324 -0.032715 -0.013090 0.286107
    74 0.000017 -54.999996 0.000000 0.000000 0.000000 -1.570796
  time 2
    0 0.000000 0.000000 -1.500000 0.000000 0.000000 0.000000
    1 -10.521344 -5.760963 66.994621 3.097005 -0.050653 -3.139334
    2 -3.542706 2.515260 16.902346 -0.048338 0.513709 0.392736
    3 -0.000034 0.000012 24.761454 -1.095288 -0.127074 -0.233471
    4 0.000017 0.000000 24.344809 1.711886 -0.167944 -0.151813
    5 0.002333 -1.019846 24.031336 0.882208 -0.045682 -0.005366
    6 0.000034 0.000008 13.404741 -0.000001 -0.000009 -0.138544
    7 10.398263 -5.760962 66.994675 3.097005 0.050653 3.139334
    8 0.535006 -6.957888 18.063263 0.834707 -0.631777 0.316342
    9 -0.000004 -0.000006 24.761459 -1.798455 0.208385 -0.712268
    10 -0.000007 0.000004 24.344891 1.773443 0.097350 -0.096572
    11 -0.002360 -1.019903 24.031330 0.389594 -0.042695 -0.017219
    12 0.000000 -0.000002 13.404737 0.000001 0.000005 -0.377798
    13 -0.061540 -5.245835 72.927078 0.000000 0.000000 0.000000
    14 1.583403 -2.592592 -17.624895 -0.001812 0.000451 -0.002585
    15 0.000000 -0.005608 -1.146812 0.219331 0.069277 -0.465504
    16 0.030770 -0.240000 8.906021 -0.004138 0.000000 0.000000
    17 -0.449209 -2.272651 -0.359784 0.360634 -0.003879 -0.184927
    18 0.030770 -0.276858 8.905140 0.056125 0.004134 -0.000049
    19 0.182334 -0.522578 0.030075 0.291216 0.068750 -0.016228
    20 5.669724 4.435303 14.302868 2.678625 -1.378177 0.915601
    21 -1.044571 -2.839317 19.743267 -0.269131 -0.764541 0.126943
    22 2.655533 -1.533369 24.792658 -0.486393 0.082388 -0.214777
    23 1.120163 -0.154394 9.796035 -0.036750 -0.000836 -0.320027
    24 2.240311 -0.308786 19.592051 -0.146607 -0.085304 -0.625032
    25 0.683151 2.877354 14.167051 -0.135619 -0.112071 1.379355
    26 0.144936 -0.145374 7.579252 -1.532277 -0.242833 0.191223
    27 0.091660 -0.906685 4.702850 -0.636017 -0.101671 0.032275
    28 0.506271 8.500866 13.617253 0.095766 0.185639 1.341908
    29 -0.384987 -0.460049 7.003448 -1.085146 -0.441361 0.304836
    30 0.561516 -0.596954 5.061852 -0.930690 -0.324300 0.181413
    31 -2.452171 -8.899406 11.597897 -0.543200 -0.372878 1.080396
    32 0.680496 -0.903999 6.074253 -1.199306 0.133432 0.009208
    33 0.245514 -0.661150 3.388004 -0.587892 0.103351 -0.028436
    34 -0.717484 -3.784271 13.043911 -0.636815 -0.195292 1.364823
    35 1.099216 -1.407745 8.017889 -1.313573 0.019810 -0.003018
    36 0.068439 -0.807653 3.686054 -0.688845 0.007942 0.002856
    37 -4.004929 6.172707 4.754754 0.446523 1.059736 2.830237
    38 0.158352 -1.149811 5.804394 -0.199290 -0.187523 0.241722
    39 -1.083523 -1.463142 5.544399 -1.557224 -0.355397 0.248055
    40 -6.289886 0.932434 13.569063 -0.126803 0.612110 2.869610
    41 1.327774 -0.766687 12.396328 -0.013221 0.006619 -0.119527
    42 -0.096140 1.828087 23.185329 -0.000611 -0.052089 -1.566586
    43 2.325478 -0.000003 6.169296 -0.786498 0.016126 1.710462
    44 0.000000 -3.152912 0.122169 2.118217 0.000000 0.000000
    45 1.068383 -10.478592 7.066338 0.292219 -1.282324 -3.141588
    46 0.000000 0.000000 2.279457 0.547137 -0.343566 0.107833
    47 2.479414 -8.323895 6.074242 -0.008855 0.007342 1.561876
    48 0.000003 -5.075260 5.105362 0.000000 0.000000 0.000000
    49 -1.068383 -10.478611 7.065971 0.292219 1.282324 3.141588
    50 -0.000488 0.000015 2.279600 0.547136 0.343566 0.107835
    51 -2.479401 -8.323895 6.074234 0.008854 0.007354 1.579716
    52 -5.790000 4.432083 14.255558 -2.904139 1.404602 -0.297219
    53 1.044540 -2.839314 19.743252 -0.586170 0.766960 -0.232748
    54 -2.655510 -1.533379 24.792648 -0.643236 -0.092159 0.442853
    55 -1.120216 -0.154385 9.795983 -0.017047 -0.001073 0.148118
    56 -2.240372 -0.308788 19.592047 -0.082710 0.167080 0.290859
    57 -0.683205 2.877342 14.167089 -0.350469 0.201293 -1.420915
    58 -0.144958 -0.145317 7.579308 -1.500932 0.302843 -0.156563
    59 -0.038551 -0.936644 4.697678 -1.059766 0.211836 -0.098363
    60 -0.506317 8.500896 13.617329 -0.009974 -0.115642 -1.335286
    61 0.385056 -0.460075 7.003435 -1.262807 0.579858 -0.282014
    62 -0.456360 -0.710276 5.057732 -1.278644 0.541887 -0.345126
    63 2.452194 -8.899408 11.597939 -0.909606 0.444813 -1.167269
    64 -0.680515 -0.903999 6.074242 -1.397671 -0.168278 -0.007171
    65 -0.248295 -0.666843 3.386627 -0.788186 -0.120972 0.044841
    66 0.717491 -3.784309 13.044010 -0.865586 0.204221 -1.408611
    67 -1.099228 -1.407673 8.017876 -1.500975 -0.019560 0.011022
    68 -0.064053 -0.807640 3.686100 -0.565356 -0.002641 -0.007210
    69 4.004906 6.172710 4.754800 0.491656 -1.049336 -2.822541
    70 -0.158381 -1.149773 5.804405 -0.433601 0.107406 0.245703
    71 1.078559 -2.386406 5.215008 -1.245995 0.845543 -0.041811
    72 6.289963 0.932404 13.569109 -0.126801 -0.612098 -2.869612
    73 -1.327759 -0.766682 12.396324 -0.030294 -0.012491 0.265889
    74 0.000017 -54.999996 0.000000 0.000000 0.000000 -1.570796
  time 3
    0 0.000000 0.000000 -1.500000 0.000000 0.000000 0.000000
    1 -10.521344 -5.760963 66.994621 3.097005 -0.050653 -3.139334
    2 -3.538799 2.429321 16.790223 -0.053530 0.513764 0.388935
    3 -0.000034 0.000012 24.761454 -1.088012 -0.126211 -0.230010
    4 0.000017 0.000000 24.344809 1.706091 -0.168193 -0.151641
    5 0.002333 -1.019846 24.031336 0.883963 -0.045670 -0.005450
    6 0.000034 0.000008 13.404741 -0.000001 -0.000009 -0.136308
    7 10.398263 -5.760962 66.994675 3.097005 0.050653 3.139334
    8 0.499849 -6.995356 17.995822 0.835219 -0.625668 0.313289
    9 -0.000004 -0.000006 24.761459 -1.795375 0.208025 -0.705414
    10 -0.000007 0.000004 24.344891 1.772863 0.096906 -0.096530
    11 -0.002360 -1.019903 24.031330 0.389594 -0.042695 -0.017219
    12 0.000000 -0.000002 13.404737 0.000001 0.000005 -0.373032
    13 -0.061540 -5.245835 72.927078 0.000000 0.000000 0.000000
    14 1.610748 -2.639175 -17.579833 -0.002676 0.001036 -0.000303
    15 0.000000 -0.005608 -1.146812 0.219363 0.070877 -0.464227
    16 0.030770 -0.240000 8.906021 -0.004138 0.000000 0.000000
    17 -0.464835 -2.342966 -0.398848 0.376838 0.000451 -0.195549
    18 0.030770 -0.276858 8.905140 0.056125 0.004134 -0.000049
    19 0.170615 -0.401480 0.045701 0.249609 0.065006 -0.020327
    20 5.669724 4.435303 14.302868 2.688483 -1.374724 0.903622
    21 -1.044571 -2.839317 19.743267 -0.200495 -0.758801 0.102690
    22 2.655533 -1.533369 24.792658 -0.478929 0.081466 -0.193265
    23 1.120163 -0.154394 9.796035 -0.036810 -0.000836 -0.320372
    24 2.240311 -0.308786 19.592051 -0.149740 -0.091750 -0.624952
    25 0.683151 2.877354 14.167051 -0.085699 -0.102807 1.378194
    26 0.144936 -0.145374 7.579252 -1.480933 -0.241395 0.181695
    27 0.091660 -0.906685 4.702850 -0.586429 -0.093629 0.026810
    28 0.506271 8.500866 13.617253 0.115528 0.194493 1.344897
    29 -0.384987 -0.460049 7.003448 -1.019591 -0.433331 0.281418
    30 0.561516 -0.596954 5.061852 -0.877710 -0.313358 0.164263
    31 -2.452171 -8.899406 11.597897 -0.497280 -0.387855 1.080369
    32 0.680496 -0.903999 6.074253 -1.154931 0.128746 0.010611
    33 0.245514 -0.661150 3.388004 -0.543263 0.101409 -0.025332
    34 -0.717484 -3.784271 13.043911 -0.589898 -0.203501 1.361258
    35 1.099216 -1.407745 8.017889 -1.267625 0.018276 -0.001964
    36 0.068439 -0.807653 3.686054 -0.642860 0.006180 0.002916
    37 -4.004929 6.172707 4.754754 0.371309 1.090807 2.742113
    38 0.158352 -1.149811 5.804394 -0.181110 -0.184646 0.245557
    39 -1.083523 -1.463142 5.544399 -1.490571 -0.340692 0.247213
    40 -6.289886 0.932434 13.569063 -0.126803 0.612110 2.869610
    41 1.327774 -0.766687 12.396328 -0.011447 0.005851 -0.103910
    42 -0.096140 1.828087 23.185329 -0.002769 -0.039598 -1.564079
    43 2.325478 -0.000003 6.169296 -0.800585 0.010483 1.713016
    44 0.000000 -3.152912 0.122169 2.201348 0.000000 0.000000
    45 1.068383 -10.478592 7.066338 0.292219 -1.282324 -3.141588
    46 0.000000 0.000000 2.279457 0.547137 -0.343566 0.107833
    47 2.479414 -8.323895 6.074242 -0.008855 0.007342 1.561876
    48 0.000003 -5.075260 5.105362 0.000000 0.000000 0.000000
    49 -1.068383 -10.478611 7.065971 0.292219 1.282324 3.141588
    50 -0.000488 0.000015 2.279600 0.547136 0.343566 0.107835
    51 -2.479401 -8.323895 6.074234 0.008854 0.007354 1.579716
    52 -5.790000 4.432083 14.255558 -2.911904 1.403065 -0.299327
    53 1.044540 -2.839314 19.743252 -0.559455 0.770733 -0.225509
    54 -2.655510 -1.533379 24.792648 -0.645098 -0.092016 0.411500
    55 -1.120216 -0.154385 9.795983 -0.017071 -0.001073 0.148417
    56 -2.240372 -0.308788 19.592047 -0.095311 0.168169 0.289742
    57 -0.683205 2.877342 14.167089 -0.345717 0.199681 -1.422338
    58 -0.144958 -0.145317 7.579308 -1.473686 0.301213 -0.149936
    59 -0.038551 -0.936644 4.697678 -1.055624 0.211201 -0.097548
    60 -0.506317 8.500896 13.617329 -0.006806 -0.118132 -1.336724
    61 0.385056 -0.460075 7.003435 -1.249857 0.578207 -0.275690
    62 -0.456360 -0.710276 5.057732 -1.244199 0.536194 -0.328714
    63 2.452194 -8.899408 11.597939 -0.900848 0.451086 -1.171368
    64 -0.680515 -0.903999 6.074242 -1.387915 -0.167283 -0.007830
    65 -0.248295 -0.666843 3.386627 -0.778569 -0.120577 0.044026
    66 0.717491 -3.784309 13.044010 -0.857117 0.206522 -1.409157
    67 -1.099228 -1.407673 8.017876 -1.484163 -0.019165 0.010651
    68 -0.064053 -0.807640 3.686100 -0.557478 -0.002342 -0.007222
    69 4.004906 6.172710 4.754800 0.513942 -1.049044 -2.820248
    70 -0.158381 -1.149773 5.804405 -0.423520 0.101136 0.245615
    71 1.078559 -2.386406 5.215008 -1.235580 0.837916 -0.040240
    72 6.289963 0.932404 13.569109 -0.126801 -0.612098 -2.869612
    73 -1.327759 -0.766682 12.396324 -0.028161 -0.011903 0.247939
    74 0.000017 -54.999996 0.000000 0.000000 0.000000 -1.570796
  time 4
    0 0.000000 0.000000 -1.500000 0.000000 0.000000 0.000000
    1 -10.521344 -5.760963 66.994621 3.097005 -0.050653 -3.139334
    2 -3.495829 2.232889 16.700525 -0.068218 0.513458 0.374955
    3 -0.000034 0.000012 24.761454 -1.076060 -0.124845 -0.218324
    4 0.000017 0.000000 24.344809 1.700173 -0.168465 -0.151273
    5 0.002333 -1.019846 24.031336 0.885568 -0.045658 -0.005522
    6 0.000034 0.000008 13.404741 -0.000001 -0.000009 -0.129495
    7 10.398263 -5.760962 66.994675 3.097005 0.050653 3.139334
    8 0.421721 -6.957888 17.950862 0.843409 -0.611987 0.300499
    9 -0.000004 -0.000006 24.761459 -1.793120 0.207749 -0.689372
    10 -0.000007 0.000004 24.344891 1.770668 0.095484 -0.097917
    11 -0.002360 -1.019903 24.031330 0.389594 -0.042695 -0.017219
    12 0.000000 -0.000002 13.404737 0.000001 0.000005 -0.363392
    13 -0.061540 -5.245835 72.927078 0.000000 0.000000 0.000000
    14 1.649812 -2.720695 -17.489708 -0.003508 0.001810 0.011047
    15 0.000000 -0.005608 -1.146812 0.219395 0.072492 -0.463167
    16 0.030770 -0.240000 8.906021 -0.004138 0.000000 0.000000
    17 -0.488273 -2.409374 -0.434005 0.392263 -0.010703 -0.177140
    18 0.030770 -0.276858 8.905140 0.056125 0.004134 -0.000049
    19 0.174521 -0.296008 0.053514 0.211076 0.065253 -0.020399
    20 5.669724 4.435303 14.302868 2.703030 -1.370214 0.888097
    21 -1.044571 -2.839317 19.743267 -0.169235 -0.741163 0.091015
    22 2.655533 -1.533369 24.792658 -0.470380 0.079775 -0.154931
    23 1.120163 -0.154394 9.796035 -0.036834 -0.000848 -0.320510
    24 2.240311 -0.308786 19.592051 -0.153004 -0.097828 -0.624438
    25 0.683151 2.877354 14.167051 -0.038028 -0.093879 1.377557
    26 0.144936 -0.145374 7.579252 -1.432098 -0.239561 0.172683
    27 0.091660 -0.906685 4.702850 -0.539268 -0.085791 0.021968
    28 0.506271 8.500866 13.617253 0.133499 0.202534 1.347794
    29 -0.384987 -0.460049 7.003448 -0.953965 -0.423876 0.258575
    30 0.561516 -0.596954 5.061852 -0.827907 -0.302212 0.148671
    31 -2.452171 -8.899406 11.597897 -0.446144 -0.400423 1.078705
    32 0.680496 -0.903999 6.074253 -1.105481 0.123460 0.011905
    33 0.245514 -0.661150 3.388004 -0.493521 0.099108 -0.021976
    34 -0.717484 -3.784271 13.043911 -0.542760 -0.211303 1.357324
    35 1.099216 -1.407745 8.017889 -1.221795 0.016706 -0.000957
    36 0.068439 -0.807653 3.686054 -0.597053 0.004430 0.002904
    37 -4.004929 6.172707 4.754754 0.298077 1.115664 2.657242
    38 0.158352 -1.149811 5.804394 -0.164752 -0.181931 0.249081
    39 -1.083523 -1.463142 5.544399 -1.426168 -0.326550 0.247019
    40 -6.289886 0.932434 13.569063 -0.126803 0.612110 2.869610
    41 1.327774 -0.766687 12.396328 -0.009194 0.004821 -0.083874
    42 -0.096140 1.828087 23.185329 -0.004703 -0.028158 -1.561297
    43 2.325478 -0.000003 6.169296 -0.813477 -0.005187 1.677254
    44 0.000000 -3.152912 0.122169 2.247487 0.000000 0.000000
    45 1.068383 -10.478592 7.066338 0.292219 -1.282324 -3.141588
    46 0.000000 0.000000 2.279457 0.547137 -0.343566 0.107833
    47 2.479414 -8.323895 6.074242 -0.008855 0.007342 1.561876
    48 0.000003 -5.075260 5.105362 0.000000 0.000000 0.000000
    49 -1.068383 -10.478611 7.065971 0.292219 1.282324 3.141588
    50 -0.000488 0.000015 2.279600 0.547136 0.343566 0.107835
    51 -2.479401 -8.323895 6.074234 0.008854 0.007354 1.579716
    52 -5.790000 4.432083 14.255558 -2.919381 1.400905 -0.301148
    53 1.044540 -2.839314 19.743252 -0.504856 0.781078 -0.210840
    54 -2.655510 -1.533379 24.792648 -0.634127 -0.091525 0.403321
    55 -1.120216 -0.154385 9.795983 -0.017131 -0.001073 0.148989
    56 -2.240372 -0.308788 19.592047 -0.107835 0.168367 0.288796
    57 -0.683205 2.877342 14.167089 -0.337847 0.197691 -1.423313
    58 -0.144958 -0.145317 7.579308 -1.438321 0.298828 -0.141259
    59 -0.038551 -0.936644 4.697678 -1.048474 0.210206 -0.096122
    60 -0.506317 8.500896 13.617329 0.003678 -0.123399 -1.338296
    61 0.385056 -0.460075 7.003435 -1.224950 0.574888 -0.263639
    62 -0.456360 -0.710276 5.057732 -1.193577 0.526794 -0.304861
    63 2.452194 -8.899408 11.597939 -0.891653 0.457359 -1.175563
    64 -0.680515 -0.903999 6.074242 -1.378106 -0.166289 -0.008454
    65 -0.248295 -0.666843 3.386627 -0.768786 -0.120122 0.043199
    66 0.717491 -3.784309 13.044010 -0.847900 0.208931 -1.409653
    67 -1.099228 -1.407673 8.017876 -1.465054 -0.018673 0.010195
    68 -0.064053 -0.807640 3.686100 -0.548869 -0.002030 -0.007210
    69 4.004906 6.172710 4.754800 0.536605 -1.048751 -2.817956
    70 -0.158381 -1.149773 5.804405 -0.412707 0.094318 0.245263
    71 1.078559 -2.386406 5.215008 -1.224258 0.829829 -0.038486
    72 6.289963 0.932404 13.569109 -0.126801 -0.612098 -2.869612
    73 -1.327759 -0.766682 12.396324 -0.026963 -0.011568 0.237760
    74 0.000017 -54.999996 0.000000 0.000000 0.000000 -1.570796
  time 5
    0 0.000000 0.000000 -1.500000 0.000000 0.000000 0.000000
    1 -10.521344 -5.760963 66.994621 3.097005 -0.050653 -3.139334
    2 -3.445046 1.999626 16.610827 -0.086801 0.512957 0.357129
    3 -0.000034 0.000012 24.761454 -1.061954 -0.123203 -0.203788
    4 0.000017 0.000000 24.344809 1.694193 -0.168963 -0.150884
    5 0.002333 -1.019846 24.031336 0.887211 -0.045646 -0.005606
    6 0.000034 0.000008 13.404741 -0.000001 -0.000009 -0.120994
    7 10.398263 -5.760962 66.994675 3.097005 0.050653 3.139334
    8 0.331875 -6.920420 17.928382 0.854414 -0.595343 0.284491
    9 -0.000004 -0.000006 24.761459 -1.791690 0.207594 -0.670280
    10 -0.000007 0.000004 24.344891 1.768151 0.093506 -0.100145
    11 -0.002360 -1.019903 24.031330 0.389594 -0.042695 -0.017219
    12 0.000000 -0.000002 13.404737 0.000001 0.000005 -0.352143
    13 -0.061540 -5.245835 72.927078 0.000000 0.000000 0.000000
    14 1.692782 -2.802215 -17.444646 -0.004308 0.002791 0.026181
    15 0.000000 -0.005608 -1.146812 0.219427 0.074077 -0.462379
    16 0.030770 -0.240000 8.906021 -0.004138 0.000000 0.000000
    17 -0.515617 -2.464063 -0.465256 0.405394 -0.032075 -0.140081
    18 0.030770 -0.276858 8.905140 0.056125 0.004134 -0.000049
    19 0.197959 -0.194443 0.061326 0.176725 0.067948 -0.017774
    20 5.669724 4.435303 14.302868 2.722554 -1.364753 0.869888
    21 -1.044571 -2.839317 19.743267 -0.170801 -0.716584 0.090338
    22 2.655533 -1.533369 24.792658 -0.462395 0.077431 -0.107379
    23 1.120163 -0.154394 9.796035 -0.036822 -0.000836 -0.320441
    24 2.240311 -0.308786 19.592051 -0.156616 -0.103584 -0.623330
    25 0.683151 2.877354 14.167051 -0.001164 -0.086904 1.377457
    26 0.144936 -0.145374 7.579252 -1.394740 -0.237895 0.165863
    27 0.091660 -0.906685 4.702850 -0.503233 -0.079643 0.018516
    28 0.506271 8.500866 13.617253 0.147703 0.208971 1.350228
    29 -0.384987 -0.460049 7.003448 -0.898583 -0.414755 0.239783
    30 0.561516 -0.596954 5.061852 -0.790671 -0.293367 0.137382
    31 -2.452171 -8.899406 11.597897 -0.401237 -0.409524 1.076289
    32 0.680496 -0.903999 6.074253 -1.062059 0.118762 0.012816
    33 0.245514 -0.661150 3.388004 -0.449797 0.096951 -0.019123
    34 -0.717484 -3.784271 13.043911 -0.502193 -0.217559 1.353682
    35 1.099216 -1.407745 8.017889 -1.182328 0.015315 -0.000154
    36 0.068439 -0.807653 3.686054 -0.557678 0.002920 0.002832
    37 -4.004929 6.172707 4.754754 0.242050 1.132705 2.593422
    38 0.158352 -1.149811 5.804394 -0.151573 -0.180155 0.251897
    39 -1.083523 -1.463142 5.544399 -1.376204 -0.314662 0.247544
    40 -6.289886 0.932434 13.569063 -0.126803 0.612110 2.869610
    41 1.327774 -0.766687 12.396328 -0.006773 0.003634 -0.062130
    42 -0.096140 1.828087 23.185329 -0.006450 -0.017769 -1.558423
    43 2.325478 -0.000003 6.169296 -0.827038 -0.003335 1.636863
    44 0.000000 -3.152912 0.122169 2.247422 0.000000 0.000000
    45 1.068383 -10.478592 7.066338 0.292219 -1.282324 -3.141588
    46 0.000000 0.000000 2.279457 0.547137 -0.343566 0.107833
    47 2.479414 -8.323895 6.074242 -0.008855 0.007342 1.561876
    48 0.000003 -5.075260 5.105362 0.000000 0.000000 0.000000
    49 -1.068383 -10.478611 7.065971 0.292219 1.282324 3.141588
    50 -0.000488 0.000015 2.279600 0.547136 0.343566 0.107835
    51 -2.479401 -8.323895 6.074234 0.008854 0.007354 1.579716
    52 -5.790000 4.432083 14.255558 -2.928775 1.398247 -0.303447
    53 1.044540 -2.839314 19.743252 -0.432336 0.793543 -0.189340
    54 -2.655510 -1.533379 24.792648 -0.610776 -0.090683 0.412939
    55 -1.120216 -0.154385 9.795983 -0.017227 -0.001073 0.149750
    56 -2.240372 -0.308788 19.592047 -0.120588 0.167773 0.288539
    57 -0.683205 2.877342 14.167089 -0.324681 0.194985 -1.423339
    58 -0.144958 -0.145317 7.579308 -1.393801 0.295449 -0.130605
    59 -0.038551 -0.936644 4.697678 -1.035949 0.208264 -0.093653
    60 -0.506317 8.500896 13.617329 0.019215 -0.130429 -1.340049
    61 0.385056 -0.460075 7.003435 -1.192360 0.570073 -0.247866
    62 -0.456360 -0.710276 5.057732 -1.132218 0.514051 -0.276550
    63 2.452194 -8.899408 11.597939 -0.882419 0.463516 -1.179758
    64 -0.680515 -0.903999 6.074242 -1.368350 -0.165282 -0.009077
    65 -0.248295 -0.666843 3.386627 -0.759044 -0.119666 0.042396
    66 0.717491 -3.784309 13.044010 -0.837688 0.211388 -1.410050
    67 -1.099228 -1.407673 8.017876 -1.444208 -0.018158 0.009812
    68 -0.064053 -0.807640 3.686100 -0.539302 -0.001599 -0.007186
    69 4.004906 6.172710 4.754800 0.558891 -1.048500 -2.815746
    70 -0.158381 -1.149773 5.804405 -0.401546 0.087254 0.244648
    71 1.078559 -2.386406 5.215008 -1.212409 0.821528 -0.036404
    72 6.289963 0.932404 13.569109 -0.126801 -0.612098 -2.869612
    73 -1.327759 -0.766682 12.396324 -0.026507 -0.011424 0.234013
    74 0.000017 -54.999996 0.000000 0.000000 0.000000 -1.570796
  time 6
    0 0.000000 0.000000 -1.500000 0.000000 0.000000 0.000000
    1 -10.521344 -5.760963 66.994621 3.097005 -0.050653 -3.139334
    2 -3.429421 1.803194 16.521129 -0.101012 0.512929 0.344852
    3 -0.000034 0.000012 24.761454 -1.049393 -0.121765 -0.194056
    4 0.000017 0.000000 24.344809 1.688460 -0.169958 -0.150884
    5 0.002333 -1.019846 24.031336 0.888779 -0.045646 -0.005666
    6 0.000034 0.000008 13.404741 -0.000001 -0.000009 -0.115130
    7 10.398263 -5.760962 66.994675 3.097005 0.050653 3.139334
    8 0.249841 -6.907930 17.905901 0.860983 -0.582796 0.273681
    9 -0.000004 -0.000006 24.761459 -1.791250 0.207546 -0.657468
    10 -0.000007 0.000004 24.344891 1.767828 0.091662 -0.102478
    11 -0.002360 -1.019903 24.031330 0.389594 -0.042695 -0.017219
    12 0.000000 -0.000002 13.404737 0.000001 0.000005 -0.344585
    13 -0.061540 -5.245835 72.927078 0.000000 0.000000 0.000000
    14 1.747471 -2.895380 -17.377053 -0.005077 0.003892 0.036690
    15 0.000000 -0.005608 -1.146812 0.219459 0.075629 -0.461890
    16 0.030770 -0.240000 8.906021 -0.004138 0.000000 0.000000
    17 -0.539056 -2.518752 -0.492601 0.416253 -0.050648 -0.108134
    18 0.030770 -0.276858 8.905140 0.056125 0.004134 -0.000049
    19 0.213585 -0.108503 0.061326 0.146557 0.069285 -0.015497
    20 5.669724 4.435303 14.302868 2.756529 -1.358798 0.847847
    21 -1.044571 -2.839317 19.743267 -0.187531 -0.693258 0.094286
    22 2.655533 -1.533369 24.792658 -0.455972 0.075087 -0.062656
    23 1.120163 -0.154394 9.796035 -0.036774 -0.000836 -0.320096
    24 2.240311 -0.308786 19.592051 -0.160794 -0.109294 -0.621629
    25 0.683151 2.877354 14.167051 0.016061 -0.083536 1.377707
    26 0.144936 -0.145374 7.579252 -1.377688 -0.237080 0.162867
    27 0.091660 -0.906685 4.702850 -0.487024 -0.076731 0.017042
    28 0.506271 8.500866 13.617253 0.156349 0.213123 1.351923
    29 -0.384987 -0.460049 7.003448 -0.863227 -0.408415 0.228063
    30 0.561516 -0.596954 5.061852 -0.775177 -0.289532 0.132768
    31 -2.452171 -8.899406 11.597897 -0.378454 -0.415440 1.075456
    32 0.680496 -0.903999 6.074253 -1.040407 0.116402 0.013187
    33 0.245514 -0.661150 3.388004 -0.427961 0.095824 -0.017733
    34 -0.717484 -3.784271 13.043911 -0.479704 -0.221023 1.351577
    35 1.099216 -1.407745 8.017889 -1.160713 0.014548 0.000278
    36 0.068439 -0.807653 3.686054 -0.536036 0.002093 0.002760
    37 -4.004929 6.172707 4.754754 0.221332 1.141436 2.570266
    38 0.158352 -1.149811 5.804394 -0.143012 -0.178893 0.253767
    39 -1.083523 -1.463142 5.544399 -1.352923 -0.307855 0.248248
    40 -6.289886 0.932434 13.569063 -0.126803 0.612110 2.869610
    41 1.327774 -0.766687 12.396328 -0.004652 0.002568 -0.042898
    42 -0.096140 1.828087 23.185329 -0.007939 -0.008464 -1.555427
    43 2.325478 -0.000003 6.169296 -0.840695 0.013536 1.612197
    44 0.000000 -3.152912 0.122169 2.232465 0.000000 0.000000
    45 1.068383 -10.478592 7.066338 0.292219 -1.282324 -3.141588
    46 0.000000 0.000000 2.279457 0.547137 -0.343566 0.107833
    47 2.479414 -8.323895 6.074242 -0.008855 0.007342 1.561876
    48 0.000003 -5.075260 5.105362 0.000000 0.000000 0.000000
    49 -1.068383 -10.478611 7.065971 0.292219 1.282324 3.141588
    50 -0.000488 0.000015 2.279600 0.547136 0.343566 0.107835
    51 -2.479401 -8.323895 6.074234 0.008854 0.007354 1.579716
    52 -5.790000 4.432083 14.255558 -2.957915 1.395256 -0.310442
    53 1.044540 -2.839314 19.743252 -0.354918 0.801386 -0.163213
    54 -2.655510 -1.533379 24.792648 -0.582191 -0.089790 0.430357
    55 -1.120216 -0.154385 9.795983 -0.017347 -0.001073 0.150757
    56 -2.240372 -0.308788 19.592047 -0.133418 0.166486 0.288367
    57 -0.683205 2.877342 14.167089 -0.308842 0.191981 -1.422851
    58 -0.144958 -0.145317 7.579308 -1.345249 0.291290 -0.119303
    59 -0.038551 -0.936644 4.697678 -1.020663 0.205712 -0.090717
    60 -0.506317 8.500896 13.617329 0.033696 -0.136993 -1.341891
    61 0.385056 -0.460075 7.003435 -1.160805 0.565120 -0.233028
    62 -0.456360 -0.710276 5.057732 -1.071637 0.499475 -0.249432
    63 2.452194 -8.899408 11.597939 -0.873423 0.469348 -1.183714
    64 -0.680515 -0.903999 6.074242 -1.359080 -0.164287 -0.009712
    65 -0.248295 -0.666843 3.386627 -0.749719 -0.119319 0.041617
    66 0.717491 -3.784309 13.044010 -0.826329 0.213857 -1.410211
    67 -1.099228 -1.407673 8.017876 -1.421681 -0.017547 0.009213
    68 -0.064053 -0.807640 3.686100 -0.528948 -0.001311 -0.007186
    69 4.004906 6.172710 4.754800 0.580274 -1.048271 -2.813617
    70 -0.158381 -1.149773 5.804405 -0.390279 0.080134 0.243710
    71 1.078559 -2.386406 5.215008 -1.200179 0.813257 -0.034248
    72 6.289963 0.932404 13.569109 -0.126801 -0.612098 -2.869612
    73 -1.327759 -0.766682 12.396324 -0.026495 -0.011424 0.233874
    74 0.000017 -54.999996 0.000000 0.000000 0.000000 -1.570796
  time 7
    0 0.000000 0.000000 -1.500000 0.000000 0.000000 0.000000
    1 -10.521344 -5.760963 66.994621 3.097005 -0.050653 -3.139334
    2 -3.441140 1.631316 16.453855 -0.111533 0.513458 0.337250
    3 -0.000034 0.000012 24.761454 -1.038417 -0.120482 -0.188519
    4 0.000017 0.000000 24.344809 1.682850 -0.171317 -0.151165
    5 0.002333 -1.019846 24.031336 0.890347 -0.045634 -0.005737
    6 0.000034 0.000008 13.404741 -0.000001 -0.000009 -0.111502
    7 10.398263 -5.760962 66.994675 3.097005 0.050653 3.139334
    8 0.183433 -6.957888 17.905901 0.863798 -0.573871 0.267245
    9 -0.000004 -0.000006 24.761459 -1.791470 0.207570 -0.650183
    10 -0.000007 0.000004 24.344891 1.769248 0.089840 -0.104874
    11 -0.002360 -1.019903 24.031330 0.389594 -0.042695 -0.017219
    12 0.000000 -0.000002 13.404737 0.000001 0.000005 -0.340184
    13 -0.061540 -5.245835 72.927078 0.000000 0.000000 0.000000
    14 1.806067 -3.000192 -17.377053 -0.005781 0.005165 0.043476
    15 0.000000 -0.005608 -1.146812 0.219459 0.077151 -0.461808
    16 0.030770 -0.240000 8.906021 -0.004138 0.000000 0.000000
    17 -0.550775 -2.557816 -0.512133 0.425743 -0.060004 -0.092760
    18 0.030770 -0.276858 8.905140 0.056125 0.004134 -0.000049
    19 0.217491 -0.042094 0.065233 0.121785 0.067454 -0.014802
    20 5.669724 4.435303 14.302868 2.806105 -1.352491 0.822738
    21 -1.044571 -2.839317 19.743267 -0.206610 -0.675046 0.098742
    22 2.655533 -1.533369 24.792658 -0.451459 0.073204 -0.029175
    23 1.120163 -0.154394 9.796035 -0.036714 -0.000836 -0.319510
    24 2.240311 -0.308786 19.592051 -0.165494 -0.114819 -0.619295
    25 0.683151 2.877354 14.167051 0.021108 -0.082481 1.378019
    26 0.144936 -0.145374 7.579252 -1.373273 -0.236853 0.162064
    27 0.091660 -0.906685 4.702850 -0.482720 -0.075988 0.016683
    28 0.506271 8.500866 13.617253 0.160919 0.215606 1.352940
    29 -0.384987 -0.460049 7.003448 -0.844020 -0.404772 0.221771
    30 0.561516 -0.596954 5.061852 -0.774213 -0.289293 0.132468
    31 -2.452171 -8.899406 11.597897 -0.371214 -0.419084 1.075859
    32 0.680496 -0.903999 6.074253 -1.033944 0.115694 0.013295
    33 0.245514 -0.661150 3.388004 -0.421464 0.095477 -0.017338
    34 -0.717484 -3.784271 13.043911 -0.472781 -0.222521 1.351039
    35 1.099216 -1.407745 8.017889 -1.154504 0.014333 0.000385
    36 0.068439 -0.807653 3.686054 -0.529817 0.001866 0.002748
    37 -4.004929 6.172707 4.754754 0.223043 1.145943 2.573041
    38 0.158352 -1.149811 5.804394 -0.137418 -0.178071 0.254977
    39 -1.083523 -1.463142 5.544399 -1.347220 -0.304595 0.248787
    40 -6.289886 0.932434 13.569063 -0.126803 0.612110 2.869610
    41 1.327774 -0.766687 12.396328 -0.003106 0.001753 -0.028787
    42 -0.096140 1.828087 23.185329 -0.009206 -0.000242 -1.552492
    43 2.325478 -0.000003 6.169296 -0.854161 0.019714 1.591881
    44 0.000000 -3.152912 0.122169 2.222961 0.000000 0.000000
    45 1.068383 -10.478592 7.066338 0.292219 -1.282324 -3.141588
    46 0.000000 0.000000 2.279457 0.547137 -0.343566 0.107833
    47 2.479414 -8.323895 6.074242 -0.008855 0.007342 1.561876
    48 0.000003 -5.075260 5.105362 0.000000 0.000000 0.000000
    49 -1.068383 -10.478611 7.065971 0.292231 1.282324 3.141588
    50 -0.000488 0.000015 2.279600 0.547136 0.343566 0.107835
    51 -2.479401 -8.323895 6.074234 0.008854 0.007354 1.579716
    52 -5.790000 4.432083 14.255558 -3.010445 1.391767 -0.322706
    53 1.044540 -2.839314 19.743252 -0.303547 0.793543 -0.143156
    54 -2.655510 -1.533379 24.792648 -0.556676 -0.089091 0.453758
    55 -1.120216 -0.154385 9.795983 -0.017491 -0.001073 0.151954
    56 -2.240372 -0.308788 19.592047 -0.146095 0.164555 0.288711
    57 -0.683205 2.877342 14.167089 -0.295032 0.189295 -1.422595
    58 -0.144958 -0.145317 7.579308 -1.300184 0.286916 -0.108912
    59 -0.038551 -0.936644 4.697678 -1.007398 0.203554 -0.088188
    60 -0.506317 8.500896 13.617329 0.046518 -0.142830 -1.343598
    61 0.385056 -0.460075 7.003435 -1.132143 0.560184 -0.219553
    62 -0.456360 -0.710276 5.057732 -1.014796 0.484447 -0.224702
    63 2.452194 -8.899408 11.597939 -0.865024 0.474599 -1.187384
    64 -0.680515 -0.903999 6.074242 -1.350294 -0.163376 -0.010275
    65 -0.248295 -0.666843 3.386627 -0.741226 -0.118947 0.040910
    66 0.717491 -3.784309 13.044010 -0.813725 0.216314 -1.410087
    67 -1.099228 -1.407673 8.017876 -1.398033 -0.016912 0.008709
    68 -0.064053 -0.807640 3.686100 -0.517131 -0.000868 -0.007162
    69 4.004906 6.172710 4.754800 0.600000 -1.048082 -2.811571
    70 -0.158381 -1.149773 5.804405 -0.379187 0.073152 0.242450
    71 1.078559 -2.386406 5.215008 -1.188044 0.805170 -0.031946
    72 6.289963 0.932404 13.569109 -0.126801 -0.612098 -2.869612
    73 -1.327759 -0.766682 12.396324 -0.027274 -0.011652 0.240536
    74 0.000017 -54.999996 0.000000 0.000000 0.000000 -1.570796
  time 8
    0 0.000000 0.000000 -1.500000 0.000000 0.000000 0.000000
    1 -10.521344 -5.760963 66.994621 3.097005 -0.050653 -3.139334
    2 -3.519267 1.582208 16.386582 -0.109551 0.515601 0.343847
    3 -0.000034 0.000012 24.761454 -1.033051 -0.119859 -0.195115
    4 0.000017 0.000000 24.344809 1.677919 -0.173173 -0.151943
    5 0.002333 -1.019846 24.031336 0.891803 -0.045622 -0.005797
    6 0.000034 0.000008 13.404741 -0.000001 -0.000009 -0.114455
    7 10.398263 -5.760962 66.994675 3.097005 0.050653 3.139334
    8 0.156088 -7.095271 17.883421 0.855779 -0.575700 0.274259
    9 -0.000004 -0.000006 24.761459 -1.791910 0.207630 -0.656642
    10 -0.000007 0.000004 24.344891 1.774605 0.089151 -0.105862
    11 -0.002360 -1.019903 24.031330 0.389594 -0.042695 -0.017219
    12 0.000000 -0.000002 13.404737 0.000001 0.000005 -0.343340
    13 -0.061540 -5.245835 72.927078 0.000000 0.000000 0.000000
    14 1.868568 -3.116649 -17.331991 -0.006453 0.006559 0.038011
    15 0.000000 -0.005608 -1.146812 0.219491 0.078657 -0.462379
    16 0.030770 -0.240000 8.906021 -0.004138 0.000000 0.000000
    17 -0.562494 -2.596880 -0.531664 0.433824 -0.063220 -0.087848
    18 0.030770 -0.276858 8.905140 0.056125 0.004134 -0.000049
    19 0.209678 0.012595 0.073045 0.102876 0.063525 -0.014946
    20 5.669724 4.435303 14.302868 2.859796 -1.345691 0.797055
    21 -1.044571 -2.839317 19.743267 -0.225102 -0.660904 0.102775
    22 2.655533 -1.533369 24.792658 -0.449072 0.071859 -0.006450
    23 1.120163 -0.154394 9.796035 -0.036630 -0.000824 -0.318785
    24 2.240311 -0.308786 19.592051 -0.170629 -0.120114 -0.616407
    25 0.683151 2.877354 14.167051 0.025661 -0.081559 1.378256
    26 0.144936 -0.145374 7.579252 -1.369324 -0.236601 0.161273
    27 0.091660 -0.906685 4.702850 -0.478782 -0.075388 0.016311
    28 0.506271 8.500866 13.617253 0.164501 0.217583 1.353803
    29 -0.384987 -0.460049 7.003448 -0.829578 -0.401992 0.217109
    30 0.561516 -0.596954 5.061852 -0.773892 -0.289221 0.132384
    31 -2.452171 -8.899406 11.597897 -0.366100 -0.422331 1.076477
    32 0.680496 -0.903999 6.074253 -1.029542 0.115215 0.013367
    33 0.245514 -0.661150 3.388004 -0.417043 0.095237 -0.017050
    34 -0.717484 -3.784271 13.043911 -0.468063 -0.223707 1.350701
    35 1.099216 -1.407745 8.017889 -1.150468 0.014189 0.000457
    36 0.068439 -0.807653 3.686054 -0.525802 0.001722 0.002736
    37 -4.004929 6.172707 4.754754 0.223224 1.150749 2.574189
    38 0.158352 -1.149811 5.804394 -0.132757 -0.177220 0.256032
    39 -1.083523 -1.463142 5.544399 -1.342459 -0.302078 0.249188
    40 -6.289886 0.932434 13.569063 -0.126803 0.612110 2.869610
    41 1.327774 -0.766687 12.396328 -0.002111 0.001201 -0.019547
    42 -0.096140 1.828087 23.185329 -0.010199 0.006959 -1.549588
    43 2.325478 -0.000003 6.169296 -0.868199 0.028468 1.586972
    44 0.000000 -3.152912 0.122169 2.231505 0.000000 0.000000
    45 1.068383 -10.478592 7.066338 0.292219 -1.282324 -3.141588
    46 0.000000 0.000000 2.279457 0.547137 -0.343566 0.107833
    47 2.479414 -8.323895 6.074242 -0.008855 0.007342 1.561876
    48 0.000003 -5.075260 5.105362 0.000000 0.000000 0.000000
    49 -1.068383 -10.478611 7.065971 0.292219 1.282324 3.141588
    50 -0.000488 0.000015 2.279600 0.547136 0.343566 0.107835
    51 -2.479401 -8.323895 6.074234 0.008854 0.007354 1.579716
    52 -5.790000 4.432083 14.255558 -3.067672 1.387821 -0.335641
    53 1.044540 -2.839314 19.743252 -0.285904 0.772005 -0.133712
    54 -2.655510 -1.533379 24.792648 -0.542786 -0.088755 0.479052
    55 -1.120216 -0.154385 9.795983 -0.017634 -0.001073 0.153314
    56 -2.240372 -0.308788 19.592047 -0.158619 0.162030 0.289140
    57 -0.683205 2.877342 14.167089 -0.283945 0.187026 -1.422531
    58 -0.144958 -0.145317 7.579308 -1.261277 0.282769 -0.100104
    59 -0.038551 -0.936644 4.697678 -0.996895 0.201841 -0.086211
    60 -0.506317 8.500896 13.617329 0.057153 -0.147708 -1.345126
    61 0.385056 -0.460075 7.003435 -1.107797 0.555678 -0.208221
    62 -0.456360 -0.710276 5.057732 -0.964854 0.470023 -0.203674
    63 2.452194 -8.899408 11.597939 -0.857341 0.479153 -1.190554
    64 -0.680515 -0.903999 6.074242 -1.342695 -0.162598 -0.010683
    65 -0.248295 -0.666843 3.386627 -0.733566 -0.118492 0.040311
    66 0.717491 -3.784309 13.044010 -0.802117 0.218507 -1.409901
    67 -1.099228 -1.407673 8.017876 -1.376514 -0.016396 0.008458
    68 -0.064053 -0.807640 3.686100 -0.506158 -0.000256 -0.007078
    69 4.004906 6.172710 4.754800 0.617242 -1.047915 -2.809852
    70 -0.158381 -1.149773 5.804405 -0.369421 0.066991 0.241307
    71 1.078559 -2.386406 5.215008 -1.177390 0.798094 -0.029973
    72 6.289963 0.932404 13.569109 -0.126801 -0.612098 -2.869612
    73 -1.327759 -0.766682 12.396324 -0.028688 -0.012047 0.252426
    74 0.000017 -54.999996 0.000000 0.000000 0.000000 -1.570796
  time 9
    0 0.000000 0.000000 -1.500000 0.000000 0.000000 0.000000
    1 -10.521344 -5.760963 66.994621 3.097005 -0.050653 -3.139334
    2 -3.624739 1.594485 16.341733 -0.101012 0.518635 0.357959
    3 -0.000034 0.000012 24.761454 -1.030612 -0.119572 -0.208022
    4 0.000017 0.000000 24.344809 1.673110 -0.175346 -0.153067
    5 0.002333 -1.019846 24.031336 0.893184 -0.045622 -0.005869
    6 0.000034 0.000008 13.404741 -0.000001 -0.000009 -0.120889
    7 10.398263 -5.760962 66.994675 3.097005 0.050653 3.139334
    8 0.152182 -7.320079 17.883421 0.842300 -0.582686 0.288534
    9 -0.000004 -0.000006 24.761459 -1.792460 0.207677 -0.669347
    10 -0.000007 0.000004 24.344891 1.782285 0.089329 -0.105736
    11 -0.002360 -1.019903 24.031330 0.389594 -0.042695 -0.017219
    12 0.000000 -0.000002 13.404737 0.000001 0.000005 -0.349674
    13 -0.061540 -5.245835 72.927078 0.000000 0.000000 0.000000
    14 1.934977 -3.221460 -17.286928 -0.007093 0.008038 0.026541
    15 0.000000 -0.005608 -1.146812 0.219491 0.080100 -0.463439
    16 0.030770 -0.240000 8.906021 -0.004138 0.000000 0.000000
    17 -0.554681 -2.628131 -0.547290 0.442305 -0.043824 -0.121752
    18 0.030770 -0.276858 8.905140 0.056125 0.004134 -0.000049
    19 0.174521 0.063378 0.073045 0.086183 0.052478 -0.019344
    20 5.669724 4.435303 14.302868 2.906596 -1.338397 0.773384
    21 -1.044571 -2.839317 19.743267 -0.199957 -0.655790 0.095640
    22 2.655533 -1.533369 24.792658 -0.451676 0.072397 -0.015023
    23 1.120163 -0.154394 9.796035 -0.036510 -0.000800 -0.317681
    24 2.240311 -0.308786 19.592051 -0.176156 -0.125179 -0.612925
    25 0.683151 2.877354 14.167051 0.028074 -0.081007 1.378519
    26 0.144936 -0.145374 7.579252 -1.367465 -0.236541 0.161034
    27 0.091660 -0.906685 4.702850 -0.477134 -0.075005 0.016179
    28 0.506271 8.500866 13.617253 0.167835 0.219363 1.354543
    29 -0.384987 -0.460049 7.003448 -0.818694 -0.399834 0.213609
    30 0.561516 -0.596954 5.061852 -0.773606 -0.289137 0.132300
    31 -2.452171 -8.899406 11.597897 -0.362809 -0.425099 1.077148
    32 0.680496 -0.903999 6.074253 -1.027083 0.114927 0.013415
    33 0.245514 -0.661150 3.388004 -0.414274 0.095093 -0.016882
    34 -0.717484 -3.784271 13.043911 -0.465241 -0.224642 1.350593
    35 1.099216 -1.407745 8.017889 -1.148528 0.014117 0.000505
    36 0.068439 -0.807653 3.686054 -0.523527 0.001626 0.002736
    37 -4.004929 6.172707 4.754754 0.222143 1.155643 2.574094
    38 0.158352 -1.149811 5.804394 -0.129663 -0.176809 0.256691
    39 -1.083523 -1.463142 5.544399 -1.339582 -0.299741 0.249588
    40 -6.289886 0.932434 13.569063 -0.126803 0.612110 2.869610
    41 1.327774 -0.766687 12.396328 -0.002483 0.001393 -0.022912
    42 -0.096140 1.828087 23.185329 -0.010953 0.013141 -1.546806
    43 2.325478 -0.000003 6.169296 -0.884530 0.027773 1.615629
    44 0.000000 -3.152912 0.122169 2.247324 0.000000 0.000000
    45 1.068383 -10.478592 7.066338 0.292219 -1.282324 -3.141588
    46 0.000000 0.000000 2.279457 0.547137 -0.343566 0.107833
    47 2.479414 -8.323895 6.074242 -0.008855 0.007342 1.561876
    48 0.000003 -5.075260 5.105362 0.000000 0.000000 0.000000
    49 -1.068383 -10.478611 7.065971 0.292219 1.282324 3.141588
    50 -0.000488 0.000015 2.279600 0.547136 0.343566 0.107835
    51 -2.479401 -8.323895 6.074234 0.008854 0.007354 1.579716
    52 -5.790000 4.432083 14.255558 -3.112055 1.383543 -0.345223
    53 1.044540 -2.839314 19.743252 -0.317016 0.743556 -0.139917
    54 -2.655510 -1.533379 24.792648 -0.542031 -0.088716 0.471630
    55 -1.120216 -0.154385 9.795983 -0.017802 -0.001073 0.154756
    56 -2.240372 -0.308788 19.592047 -0.170914 0.159060 0.289999
    57 -0.683205 2.877342 14.167089 -0.276075 0.185315 -1.422672
    58 -0.144958 -0.145317 7.579308 -1.231252 0.279317 -0.093392
    59 -0.038551 -0.936644 4.697678 -0.989745 0.200630 -0.084845
    60 -0.506317 8.500896 13.617329 0.064997 -0.151418 -1.346339
    61 0.385056 -0.460075 7.003435 -1.089192 0.552101 -0.199630
    62 -0.456360 -0.710276 5.057732 -0.924822 0.457646 -0.187333
    63 2.452194 -8.899408 11.597939 -0.850853 0.482754 -1.193057
    64 -0.680515 -0.903999 6.074242 -1.336389 -0.161914 -0.011126
    65 -0.248295 -0.666843 3.386627 -0.726864 -0.118240 0.039759
    66 0.717491 -3.784309 13.044010 -0.794196 0.220137 -1.409938
    67 -1.099228 -1.407673 8.017876 -1.360936 -0.015881 0.007942
    68 -0.064053 -0.807640 3.686100 -0.498955 -0.000209 -0.007102
    69 4.004906 6.172710 4.754800 0.631246 -1.047811 -2.808378
    70 -0.158381 -1.149773 5.804405 -0.362166 0.062473 0.240604
    71 1.078559 -2.386406 5.215008 -1.169842 0.792611 -0.028804
    72 6.289963 0.932404 13.569109 -0.126801 -0.612098 -2.869612
    73 -1.327759 -0.766682 12.396324 -0.028760 -0.012071 0.253074
    74 0.000017 -54.999996 0.000000 0.000000 0.000000 -1.570796
  time 10
    0 0.000000 0.000000 -1.500000 0.000000 0.000000 0.000000
    1 -10.521344 -5.760963 66.994621 3.097005 -0.050653 -3.139334
    2 -3.722399 1.569931 16.274459 -0.096639 0.521280 0.367353
    3 -0.000034 0.000012 24.761454 -1.026263 -0.119068 -0.216980
    4 0.000017 0.000000 24.344809 1.668363 -0.177451 -0.154039
    5 0.002333 -1.019846 24.031336 0.894566 -0.045610 -0.005929
    6 0.000034 0.000008 13.404741 -0.000001 -0.000009 -0.125086
    7 10.398263 -5.760962 66.994675 3.097005 0.050653 3.139334
    8 0.128744 -7.507420 17.860941 0.832916 -0.585576 0.298271
    9 -0.000004 -0.000006 24.761459 -1.793120 0.207749 -0.676129
    10 -0.000007 0.000004 24.344891 1.788933 0.089462 -0.105673
    11 -0.002360 -1.019903 24.031330 0.389594 -0.042695 -0.017219
    12 0.000000 -0.000002 13.404737 0.000001 0.000005 -0.352636
    13 -0.061540 -5.245835 72.927078 0.000000 0.000000 0.000000
    14 2.009198 -3.337917 -17.264397 -0.007669 0.009621 0.019755
    15 0.000000 -0.005608 -1.146812 0.219522 0.081527 -0.464906
    16 0.030770 -0.240000 8.906021 -0.004138 0.000000 0.000000
    17 -0.550775 -2.659382 -0.559009 0.448934 -0.017667 -0.165798
    18 0.030770 -0.276858 8.905140 0.056125 0.004134 -0.000049
    19 0.123738 0.106348 0.073045 0.072636 0.038963 -0.024558
    20 5.669724 4.435303 14.302868 2.935307 -1.330681 0.754026
    21 -1.044571 -2.839317 19.743267 -0.173834 -0.653546 0.088505
    22 2.655533 -1.533369 24.792658 -0.458142 0.074011 -0.041225
    23 1.120163 -0.154394 9.796035 -0.036355 -0.000776 -0.316336
    24 2.240311 -0.308786 19.592051 -0.181944 -0.129968 -0.608890
    25 0.683151 2.877354 14.167051 0.028623 -0.080828 1.378768
    26 0.144936 -0.145374 7.579252 -1.367698 -0.236553 0.161069
    27 0.091660 -0.906685 4.702850 -0.477317 -0.075029 0.016191
    28 0.506271 8.500866 13.617253 0.169935 0.220593 1.355067
    29 -0.384987 -0.460049 7.003448 -0.811722 -0.398420 0.211356
    30 0.561516 -0.596954 5.061852 -0.774035 -0.289257 0.132420
    31 -2.452171 -8.899406 11.597897 -0.360987 -0.427429 1.077872
    32 0.680496 -0.903999 6.074253 -1.025814 0.114808 0.013415
    33 0.245514 -0.661150 3.388004 -0.413422 0.095021 -0.016846
    34 -0.717484 -3.784271 13.043911 -0.464139 -0.225337 1.350609
    35 1.099216 -1.407745 8.017889 -1.147907 0.014093 0.000505
    36 0.068439 -0.807653 3.686054 -0.523172 0.001614 0.002724
    37 -4.004929 6.172707 4.754754 0.220341 1.160361 2.573232
    38 0.158352 -1.149811 5.804394 -0.128349 -0.176750 0.256967
    39 -1.083523 -1.463142 5.544399 -1.338012 -0.297763 0.249975
    40 -6.289886 0.932434 13.569063 -0.126803 0.612110 2.869610
    41 1.327774 -0.766687 12.396328 -0.003765 0.002088 -0.034813
    42 -0.096140 1.828087 23.185329 -0.011398 0.018336 -1.544207
    43 2.325478 -0.000003 6.169296 -0.900431 0.016068 1.645763
    44 0.000000 -3.152912 0.122169 2.255852 0.000000 0.000000
    45 1.068383 -10.478592 7.066338 0.292219 -1.282324 -3.141588
    46 0.000000 0.000000 2.279457 0.547137 -0.343566 0.107833
    47 2.479414 -8.323895 6.074242 -0.008855 0.007342 1.561876
    48 0.000003 -5.075260 5.105362 0.000000 0.000000 0.000000
    49 -1.068383 -10.478611 7.065971 0.292219 1.282324 3.141588
    50 -0.000488 0.000015 2.279600 0.547136 0.343566 0.107835
    51 -2.479401 -8.323895 6.074234 0.008854 0.007354 1.579716
    52 -5.790000 4.432083 14.255558 -3.123557 1.379140 -0.347043
    53 1.044540 -2.839314 19.743252 -0.372728 0.720662 -0.153089
    54 -2.655510 -1.533379 24.792648 -0.550637 -0.088845 0.442777
    55 -1.120216 -0.154385 9.795983 -0.017994 -0.001073 0.156361
    56 -2.240372 -0.308788 19.592047 -0.182827 0.155644 0.291030
    57 -0.683205 2.877342 14.167089 -0.271917 0.184280 -1.423031
    58 -0.144958 -0.145317 7.579308 -1.212561 0.277088 -0.089294
    59 -0.038551 -0.936644 4.697678 -0.986294 0.200067 -0.084197
    60 -0.506317 8.500896 13.617329 0.069522 -0.153675 -1.347102
    61 0.385056 -0.460075 7.003435 -1.077926 0.549831 -0.194439
    62 -0.456360 -0.710276 5.057732 -0.897568 0.448806 -0.176451
    63 2.452194 -8.899408 11.597939 -0.847589 0.485542 -1.195321
    64 -0.680515 -0.903999 6.074242 -1.333155 -0.161555 -0.011390
    65 -0.248295 -0.666843 3.386627 -0.723658 -0.118156 0.039496
    66 0.717491 -3.784309 13.044010 -0.790659 0.221107 -1.410211
    67 -1.099228 -1.407673 8.017876 -1.352698 -0.015653 0.007786
    68 -0.064053 -0.807640 3.686100 -0.496085 -0.000101 -0.007090
    69 4.004906 6.172710 4.754800 0.641335 -1.047727 -2.807314
    70 -0.158381 -1.149773 5.804405 -0.357876 0.059872 0.240487
    71 1.078559 -2.386406 5.215008 -1.166115 0.789425 -0.028658
    72 6.289963 0.932404 13.569109 -0.126801 -0.612098 -2.869612
    73 -1.327759 -0.766682 12.396324 -0.027790 -0.011807 0.244792
    74 0.000017 -54.999996 0.000000 0.000000 0.000000 -1.570796
  time 11
    0 0.000000 0.000000 -1.500000 0.000000 0.000000 0.000000
    1 -10.521344 -5.760963 66.994621 3.097005 -0.050653 -3.139334
    2 -3.808339 1.508546 16.229610 -0.095273 0.523507 0.373032
    3 -0.000034 0.000012 24.761454 -1.020693 -0.118421 -0.222885
    4 0.000017 0.000000 24.344809 1.663678 -0.179533 -0.154925
    5 0.002333 -1.019846 24.031336 0.895835 -0.045598 -0.005989
    6 0.000034 0.000008 13.404741 -0.000001 -0.000009 -0.127702
    7 10.398263 -5.760962 66.994675 3.097005 0.050653 3.139334
    8 0.093586 -7.644803 17.883421 0.826432 -0.585649 0.304460
    9 -0.000004 -0.000006 24.761459 -1.793945 0.207845 -0.679072
    10 -0.000007 0.000004 24.344891 1.794548 0.089396 -0.105904
    11 -0.002360 -1.019903 24.031330 0.389594 -0.042695 -0.017219
    12 0.000000 -0.000002 13.404737 0.000001 0.000005 -0.353409
    13 -0.061540 -5.245835 72.927078 0.000000 0.000000 0.000000
    14 2.083419 -3.442728 -17.264397 -0.008181 0.011290 0.016572
    15 0.000000 -0.005608 -1.146812 0.219554 0.082891 -0.466863
    16 0.030770 -0.240000 8.906021 -0.004138 0.000000 0.000000
    17 -0.550775 -2.682820 -0.570728 0.453374 -0.007792 -0.181373
    18 0.030770 -0.276858 8.905140 0.056125 0.004134 -0.000049
    19 0.096394 0.133692 0.073045 0.063485 0.030364 -0.026080
    20 5.669724 4.435303 14.302868 2.930426 -1.321520 0.742909
    21 -1.044571 -2.839317 19.743267 -0.184254 -0.645040 0.090874
    22 2.655533 -1.533369 24.792658 -0.466778 0.075356 -0.062737
    23 1.120163 -0.154394 9.796035 -0.036187 -0.000741 -0.314784
    24 2.240311 -0.308786 19.592051 -0.187993 -0.134250 -0.604261
    25 0.683151 2.877354 14.167051 0.027635 -0.080923 1.379043
    26 0.144936 -0.145374 7.579252 -1.369556 -0.236649 0.161393
    27 0.091660 -0.906685 4.702850 -0.479149 -0.075353 0.016359
    28 0.506271 8.500866 13.617253 0.170059 0.221011 1.355282
    29 -0.384987 -0.460049 7.003448 -0.809232 -0.397917 0.210565
    30 0.561516 -0.596954 5.061852 -0.776355 -0.289832 0.133115
    31 -2.452171 -8.899406 11.597897 -0.360733 -0.429401 1.078678
    32 0.680496 -0.903999 6.074253 -1.025894 0.114820 0.013427
    33 0.245514 -0.661150 3.388004 -0.413369 0.095057 -0.016822
    34 -0.717484 -3.784271 13.043911 -0.464315 -0.225804 1.350793
    35 1.099216 -1.407745 8.017889 -1.148760 0.014117 0.000493
    36 0.068439 -0.807653 3.686054 -0.524060 0.001638 0.002736
    37 -4.004929 6.172707 4.754754 0.218450 1.164709 2.571893
    38 0.158352 -1.149811 5.804394 -0.128222 -0.176721 0.256990
    39 -1.083523 -1.463142 5.544399 -1.338012 -0.296265 0.250279
    40 -6.289886 0.932434 13.569063 -0.126803 0.612110 2.869610
    41 1.327774 -0.766687 12.396328 -0.005119 0.002795 -0.047166
    42 -0.096140 1.828087 23.185329 -0.011552 0.022510 -1.541853
    43 2.325478 -0.000003 6.169296 -0.915138 0.012740 1.652628
    44 0.000000 -3.152912 0.122169 2.246120 0.000000 0.000000
    45 1.068383 -10.478592 7.066338 0.292219 -1.282324 -3.141588
    46 0.000000 0.000000 2.279457 0.547137 -0.343566 0.107833
    47 2.479414 -8.323895 6.074242 -0.008855 0.007342 1.561876
    48 0.000003 -5.075260 5.105362 0.000000 0.000000 0.000000
    49 -1.068383 -10.478611 7.065971 0.292219 1.282324 3.141588
    50 -0.000488 0.000015 2.279600 0.547136 0.343566 0.107835
    51 -2.479401 -8.323895 6.074234 0.008854 0.007354 1.579716
    52 -5.790000 4.432083 14.255558 -3.098826 1.374737 -0.340815
    53 1.044540 -2.839314 19.743252 -0.424989 0.705314 -0.164819
    54 -2.655510 -1.533379 24.792648 -0.565634 -0.089169 0.422633
    55 -1.120216 -0.154385 9.795983 -0.018198 -0.001073 0.158102
    56 -2.240372 -0.308788 19.592047 -0.194435 0.151882 0.292233
    57 -0.683205 2.877342 14.167089 -0.272115 0.184041 -1.423595
    58 -0.144958 -0.145317 7.579308 -1.207984 0.276537 -0.088287
    59 -0.038551 -0.936644 4.697678 -0.987181 0.200223 -0.084377
    60 -0.506317 8.500896 13.617329 0.070352 -0.154271 -1.347507
    61 0.385056 -0.460075 7.003435 -1.075249 0.549315 -0.193230
    62 -0.456360 -0.710276 5.057732 -0.885811 0.444861 -0.171817
    63 2.452194 -8.899408 11.597939 -0.849699 0.487610 -1.197776
    64 -0.680515 -0.903999 6.074242 -1.335041 -0.161807 -0.011126
    65 -0.248295 -0.666843 3.386627 -0.726406 -0.118132 0.039723
    66 0.717491 -3.784309 13.044010 -0.792004 0.221359 -1.410794
    67 -1.099228 -1.407673 8.017876 -1.352586 -0.015653 0.007786
    68 -0.064053 -0.807640 3.686100 -0.498449 -0.000197 -0.007114
    69 4.004906 6.172710 4.754800 0.646907 -1.047685 -2.806823
    70 -0.158381 -1.149773 5.804405 -0.357352 0.059954 0.241190
    71 1.078559 -2.386406 5.215008 -1.166641 0.788445 -0.029571
    72 6.289963 0.932404 13.569109 -0.126801 -0.612098 -2.869612
    73 -1.327759 -0.766682 12.396324 -0.027274 -0.011652 0.240490
    74 0.000017 -54.999996 0.000000 0.000000 0.000000 -1.570796
  time 12
    0 0.000000 0.000000 -1.500000 0.000000 0.000000 0.000000
    1 -10.521344 -5.760963 66.994621 3.097005 -0.050653 -3.139334
    2 -3.874747 1.434885 16.184761 -0.096776 0.525483 0.375304
    3 -0.000034 0.000012 24.761454 -1.014148 -0.117678 -0.225816
    4 0.000017 0.000000 24.344809 1.659240 -0.181480 -0.155681
    5 0.002333 -1.019846 24.031336 0.897067 -0.045598 -0.006049
    6 0.000034 0.000008 13.404741 -0.000001 -0.000009 -0.128693
    7 10.398263 -5.760962 66.994675 3.097005 0.050653 3.139334
    8 0.046710 -7.782186 17.883421 0.823276 -0.583381 0.307018
    9 -0.000004 -0.000006 24.761459 -1.795045 0.207977 -0.678857
    10 -0.000007 0.000004 24.344891 1.799001 0.089040 -0.106597
    11 -0.002360 -1.019903 24.031330 0.389594 -0.042695 -0.017219
    12 0.000000 -0.000002 13.404737 0.000001 0.000005 -0.352507
    13 -0.061540 -5.245835 72.927078 0.000000 0.000000 0.000000
    14 2.157640 -3.535894 -17.241866 -0.008629 0.012976 0.016932
    15 0.000000 -0.005608 -1.146812 0.219554 0.084225 -0.469064
    16 0.030770 -0.240000 8.906021 -0.004138 0.000000 0.000000
    17 -0.550775 -2.694539 -0.578541 0.456699 -0.002499 -0.188800
    18 0.030770 -0.276858 8.905140 0.056125 0.004134 -0.000049
    19 0.069049 0.153224 0.073045 0.057480 0.023205 -0.026463
    20 5.669724 4.435303 14.302868 2.895494 -1.310527 0.740130
    21 -1.044571 -2.839317 19.743267 -0.188950 -0.635125 0.091607
    22 2.655533 -1.533369 24.792658 -0.486957 0.077162 -0.087322
    23 1.120163 -0.154394 9.796035 -0.035971 -0.000705 -0.312921
    24 2.240311 -0.308786 19.592051 -0.194216 -0.138118 -0.599158
    25 0.683151 2.877354 14.167051 0.025277 -0.081295 1.379330
    26 0.144936 -0.145374 7.579252 -1.372762 -0.236829 0.161980
    27 0.091660 -0.906685 4.702850 -0.482262 -0.075892 0.016635
    28 0.506271 8.500866 13.617253 0.168268 0.220637 1.355190
    29 -0.384987 -0.460049 7.003448 -0.810477 -0.398181 0.210973
    30 0.561516 -0.596954 5.061852 -0.780318 -0.290827 0.134302
    31 -2.452171 -8.899406 11.597897 -0.361341 -0.430955 1.079402
    32 0.680496 -0.903999 6.074253 -1.027044 0.114891 0.013463
    33 0.245514 -0.661150 3.388004 -0.414381 0.095165 -0.016870
    34 -0.717484 -3.784271 13.043911 -0.465682 -0.226080 1.351054
    35 1.099216 -1.407745 8.017889 -1.150701 0.014189 0.000457
    36 0.068439 -0.807653 3.686054 -0.525979 0.001722 0.002736
    37 -4.004929 6.172707 4.754754 0.216648 1.168406 2.570840
    38 0.158352 -1.149811 5.804394 -0.129239 -0.176883 0.256787
    39 -1.083523 -1.463142 5.544399 -1.339215 -0.295115 0.250527
    40 -6.289886 0.932434 13.569063 -0.126803 0.612110 2.869610
    41 1.327774 -0.766687 12.396328 -0.006689 0.003586 -0.061377
    42 -0.096140 1.828087 23.185329 -0.011415 0.025761 -1.539805
    43 2.325478 -0.000003 6.169296 -0.929224 0.016285 1.655103
    44 0.000000 -3.152912 0.122169 2.224637 0.000000 0.000000
    45 1.068383 -10.478592 7.066338 0.292219 -1.282324 -3.141588
    46 0.000000 0.000000 2.279457 0.547137 -0.343566 0.107833
    47 2.479414 -8.323895 6.074242 -0.008855 0.007342 1.561876
    48 0.000003 -5.075260 5.105362 0.000000 0.000000 0.000000
    49 -1.068383 -10.478611 7.065971 0.292219 1.282324 3.141588
    50 -0.000488 0.000015 2.279600 0.547136 0.343566 0.107835
    51 -2.479401 -8.323895 6.074234 0.008854 0.007354 1.579716
    52 -5.790000 4.432083 14.255558 -3.051568 1.370251 -0.329988
    53 1.044540 -2.839314 19.743252 -0.484264 0.693358 -0.177801
    54 -2.655510 -1.533379 24.792648 -0.579574 -0.089454 0.402110
    55 -1.120216 -0.154385 9.795983 -0.018389 -0.001073 0.159843
    56 -2.240372 -0.308788 19.592047 -0.205432 0.147872 0.293608
    57 -0.683205 2.877342 14.167089 -0.274392 0.184181 -1.424211
    58 -0.144958 -0.145317 7.579308 -1.210981 0.276908 -0.088934
    59 -0.038551 -0.936644 4.697678 -0.990189 0.200702 -0.084928
    60 -0.506317 8.500896 13.617329 0.069296 -0.154142 -1.347597
    61 0.385056 -0.460075 7.003435 -1.076976 0.549659 -0.193995
    62 -0.456360 -0.710276 5.057732 -0.883042 0.443933 -0.170729
    63 2.452194 -8.899408 11.597939 -0.854993 0.489120 -1.200326
    64 -0.680515 -0.903999 6.074242 -1.341078 -0.162430 -0.010803
    65 -0.248295 -0.666843 3.386627 -0.731526 -0.118420 0.040155
    66 0.717491 -3.784309 13.044010 -0.796040 0.221155 -1.411476
    67 -1.099228 -1.407673 8.017876 -1.357573 -0.015845 0.007978
    68 -0.064053 -0.807640 3.686100 -0.503007 -0.000245 -0.007090
    69 4.004906 6.172710 4.754800 0.649542 -1.047685 -2.806495
    70 -0.158381 -1.149773 5.804405 -0.358748 0.061159 0.242245
    71 1.078559 -2.386406 5.215008 -1.169603 0.788935 -0.030996
    72 6.289963 0.932404 13.569109 -0.126801 -0.612098 -2.869612
    73 -1.327759 -0.766682 12.396324 -0.026783 -0.011508 0.236187
    74 0.000017 -54.999996 0.000000 0.000000 0.000000 -1.570796
  time 13
    0 0.000000 0.000000 -1.500000 0.000000 0.000000 0.000000
    1 -10.521344 -5.760963 66.994621 3.097005 -0.050653 -3.139334
    2 -3.909904 1.299838 16.139912 -0.104428 0.526680 0.370105
    3 -0.000034 0.000012 24.761454 -1.005409 -0.116647 -0.222600
    4 0.000017 0.000000 24.344809 1.654801 -0.183155 -0.156135
    5 0.002333 -1.019846 24.031336 0.898187 -0.045586 -0.006109
    6 0.000034 0.000008 13.404741 -0.000001 -0.000009 -0.126394
    7 10.398263 -5.760962 66.994675 3.097005 0.050653 3.139334
    8 -0.027511 -7.819654 17.905901 0.826091 -0.576175 0.302232
    9 -0.000004 -0.000006 24.761459 -1.796585 0.208169 -0.672325
    10 -0.000007 0.000004 24.344891 1.801389 0.087907 -0.108405
    11 -0.002360 -1.019903 24.031330 0.389594 -0.042695 -0.017219
    12 0.000000 -0.000002 13.404737 0.000001 0.000005 -0.348428
    13 -0.061540 -5.245835 72.927078 0.000000 0.000000 0.000000
    14 2.231861 -3.629059 -17.241866 -0.009077 0.014731 0.024199
    15 0.000000 -0.005608 -1.146812 0.219586 0.085511 -0.471619
    16 0.030770 -0.240000 8.906021 -0.004138 0.000000 0.000000
    17 -0.550775 -2.706258 -0.582447 0.459098 -0.000600 -0.190318
    18 0.030770 -0.276858 8.905140 0.056125 0.004134 -0.000049
    19 0.057330 0.164943 0.073045 0.053798 0.017219 -0.026104
    20 5.669724 4.435303 14.302868 2.846780 -1.298618 0.741376
    21 -1.044571 -2.839317 19.743267 -0.176916 -0.626880 0.088223
    22 2.655533 -1.533369 24.792658 -0.520069 0.079122 -0.108349
    23 1.120163 -0.154394 9.796035 -0.035731 -0.000669 -0.310886
    24 2.240311 -0.308786 19.592051 -0.200526 -0.141525 -0.593500
    25 0.683151 2.877354 14.167051 0.021876 -0.081834 1.379580
    26 0.144936 -0.145374 7.579252 -1.377037 -0.237057 0.162747
    27 0.091660 -0.906685 4.702850 -0.486383 -0.076611 0.016994
    28 0.506271 8.500866 13.617253 0.164748 0.219648 1.354851
    29 -0.384987 -0.460049 7.003448 -0.814675 -0.398912 0.212195
    30 0.561516 -0.596954 5.061852 -0.785566 -0.292253 0.135836
    31 -2.452171 -8.899406 11.597897 -0.362759 -0.432050 1.080047
    32 0.680496 -0.903999 6.074253 -1.028709 0.115107 0.013367
    33 0.245514 -0.661150 3.388004 -0.416138 0.095189 -0.017002
    34 -0.717484 -3.784271 13.043911 -0.467975 -0.226200 1.351377
    35 1.099216 -1.407745 8.017889 -1.153301 0.014333 0.000337
    36 0.068439 -0.807653 3.686054 -0.528822 0.001758 0.002736
    37 -4.004929 6.172707 4.754754 0.215567 1.171258 2.570171
    38 0.158352 -1.149811 5.804394 -0.131358 -0.177117 0.256319
    39 -1.083523 -1.463142 5.544399 -1.341204 -0.294348 0.250735
    40 -6.289886 0.932434 13.569063 -0.126803 0.612110 2.869610
    41 1.327774 -0.766687 12.396328 -0.008068 0.004270 -0.073680
    42 -0.096140 1.828087 23.185329 -0.010970 0.028023 -1.538215
    43 2.325478 -0.000003 6.169296 -0.941687 0.036788 1.660930
    44 0.000000 -3.152912 0.122169 2.203187 0.000000 0.000000
    45 1.068383 -10.478592 7.066338 0.292219 -1.282324 -3.141588
    46 0.000000 0.000000 2.279457 0.547137 -0.343566 0.107833
    47 2.479414 -8.323895 6.074242 -0.008855 0.007342 1.561876
    48 0.000003 -5.075260 5.105362 0.000000 0.000000 0.000000
    49 -1.068383 -10.478611 7.065971 0.292219 1.282324 3.141588
    50 -0.000488 0.000015 2.279600 0.547136 0.343566 0.107835
    51 -2.479401 -8.323895 6.074234 0.008854 0.007354 1.579716
    52 -5.790000 4.432083 14.255558 -2.990315 1.365599 -0.316574
    53 1.044540 -2.839314 19.743252 -0.545541 0.684624 -0.190864
    54 -2.655510 -1.533379 24.792648 -0.585966 -0.089454 0.382420
    55 -1.120216 -0.154385 9.795983 -0.018593 -0.001061 0.161693
    56 -2.240372 -0.308788 19.592047 -0.216047 0.143764 0.295241
    57 -0.683205 2.877342 14.167089 -0.276025 0.184260 -1.424659
    58 -0.144958 -0.145317 7.579308 -1.213161 0.277148 -0.089401
    59 -0.038551 -0.936644 4.697678 -0.992211 0.201062 -0.085324
    60 -0.506317 8.500896 13.617329 0.069296 -0.154245 -1.347687
    61 0.385056 -0.460075 7.003435 -1.077408 0.549745 -0.194194
    62 -0.456360 -0.710276 5.057732 -0.880321 0.443006 -0.169676
    63 2.452194 -8.899408 11.597939 -0.860565 0.490584 -1.202804
    64 -0.680515 -0.903999 6.074242 -1.346953 -0.163029 -0.010479
    65 -0.248295 -0.666843 3.386627 -0.737479 -0.118743 0.040610
    66 0.717491 -3.784309 13.044010 -0.799776 0.220976 -1.412096
    67 -1.099228 -1.407673 8.017876 -1.362169 -0.015929 0.007990
    68 -0.064053 -0.807640 3.686100 -0.507565 -0.000472 -0.007114
    69 4.004906 6.172710 4.754800 0.651801 -1.047685 -2.806332
    70 -0.158381 -1.149773 5.804405 -0.359759 0.062172 0.243124
    71 1.078559 -2.386406 5.215008 -1.172278 0.789456 -0.032348
    72 6.289963 0.932404 13.569109 -0.126801 -0.612098 -2.869612
    73 -1.327759 -0.766682 12.396324 -0.026280 -0.011352 0.232116
    74 0.000017 -54.999996 0.000000 0.000000 0.000000 -1.570796
  time 14
    0 0.000000 0.000000 -1.500000 0.000000 0.000000 0.000000
    1 -10.521344 -5.760963 66.994621 3.097005 -0.050653 -3.139334
    2 -3.921623 1.127960 16.095063 -0.116793 0.527069 0.359226
    3 -0.000034 0.000012 24.761454 -0.995042 -0.115461 -0.214456
    4 0.000017 0.000000 24.344809 1.650609 -0.184581 -0.156308
    5 0.002333 -1.019846 24.031336 0.899270 -0.045574 -0.006157
    6 0.000034 0.000008 13.404741 -0.000001 -0.000009 -0.121500
    7 10.398263 -5.760962 66.994675 3.097005 0.050653 3.139334
    8 -0.117357 -7.807165 17.928382 0.833854 -0.565164 0.291670
    9 -0.000004 -0.000006 24.761459 -1.798455 0.208385 -0.661092
    10 -0.000007 0.000004 24.344891 1.801841 0.086040 -0.111201
    11 -0.002360 -1.019903 24.031330 0.389594 -0.042695 -0.017219
    12 0.000000 -0.000002 13.404737 0.000001 0.000005 -0.341902
    13 -0.061540 -5.245835 72.927078 0.000000 0.000000 0.000000
    14 2.306082 -3.698933 -17.241866 -0.009461 0.016486 0.036930
    15 0.000000 -0.005608 -1.146812 0.219618 0.086719 -0.474418
    16 0.030770 -0.240000 8.906021 -0.004138 0.000000 0.000000
    17 -0.550775 -2.717977 -0.586354 0.460782 -0.007943 -0.176141
    18 0.030770 -0.276858 8.905140 0.056125 0.004134 -0.000049
    19 0.053424 0.172756 0.076952 0.051833 0.014380 -0.023934
    20 5.669724 4.435303 14.302868 2.800362 -1.286779 0.743196
    21 -1.044571 -2.839317 19.743267 -0.164294 -0.621401 0.084895
    22 2.655533 -1.533369 24.792658 -0.555741 0.080659 -0.114657
    23 1.120163 -0.154394 9.796035 -0.035492 -0.000633 -0.308575
    24 2.240311 -0.308786 19.592051 -0.206880 -0.144334 -0.587408
    25 0.683151 2.877354 14.167051 0.017706 -0.082541 1.379842
    26 0.144936 -0.145374 7.579252 -1.382055 -0.237296 0.163670
    27 0.091660 -0.906685 4.702850 -0.491237 -0.077462 0.017438
    28 0.506271 8.500866 13.617253 0.159931 0.218045 1.354296
    29 -0.384987 -0.460049 7.003448 -0.820935 -0.400122 0.214172
    30 0.561516 -0.596954 5.061852 -0.791778 -0.293835 0.137669
    31 -2.452171 -8.899406 11.597897 -0.364683 -0.432807 1.080664
    32 0.680496 -0.903999 6.074253 -1.030851 0.115347 0.013343
    33 0.245514 -0.661150 3.388004 -0.418375 0.095309 -0.017146
    34 -0.717484 -3.784271 13.043911 -0.470709 -0.226164 1.351761
    35 1.099216 -1.407745 8.017889 -1.156638 0.014464 0.000266
    36 0.068439 -0.807653 3.686054 -0.531914 0.001842 0.002736
    37 -4.004929 6.172707 4.754754 0.215837 1.173053 2.570553
    38 0.158352 -1.149811 5.804394 -0.133943 -0.177382 0.255780
    39 -1.083523 -1.463142 5.544399 -1.344290 -0.293916 0.250928
    40 -6.289886 0.932434 13.569063 -0.126803 0.612110 2.869610
    41 1.327774 -0.766687 12.396328 -0.008619 0.004533 -0.078601
    42 -0.096140 1.828087 23.185329 -0.010182 0.029362 -1.536992
    43 2.325478 -0.000003 6.169296 -0.952001 0.058245 1.648198
    44 0.000000 -3.152912 0.122169 2.193455 0.000000 0.000000
    45 1.068383 -10.478592 7.066338 0.292219 -1.282324 -3.141588
    46 0.000000 0.000000 2.279457 0.547137 -0.343566 0.107833
    47 2.479414 -8.323895 6.074242 -0.008855 0.007342 1.561876
    48 0.000003 -5.075260 5.105362 0.000000 0.000000 0.000000
    49 -1.068383 -10.478611 7.065971 0.292219 1.282324 3.141588
    50 -0.000488 0.000015 2.279600 0.547136 0.343566 0.107835
    51 -2.479401 -8.323895 6.074234 0.008854 0.007354 1.579716
    52 -5.790000 4.432083 14.255558 -2.927049 1.360739 -0.303064
    53 1.044540 -2.839314 19.743252 -0.570976 0.689500 -0.199001
    54 -2.655510 -1.533379 24.792648 -0.579574 -0.089078 0.372272
    55 -1.120216 -0.154385 9.795983 -0.018821 -0.001061 0.163543
    56 -2.240372 -0.308788 19.592047 -0.225898 0.139506 0.297045
    57 -0.683205 2.877342 14.167089 -0.276520 0.184240 -1.424942
    58 -0.144958 -0.145317 7.579308 -1.214251 0.277316 -0.089677
    59 -0.038551 -0.936644 4.697678 -0.993049 0.201158 -0.085492
    60 -0.506317 8.500896 13.617329 0.070352 -0.154738 -1.347866
    61 0.385056 -0.460075 7.003435 -1.076242 0.549504 -0.193674
    62 -0.456360 -0.710276 5.057732 -0.877163 0.441928 -0.168448
    63 2.452194 -8.899408 11.597939 -0.866258 0.491862 -1.205212
    64 -0.680515 -0.903999 6.074242 -1.352881 -0.163628 -0.010155
    65 -0.248295 -0.666843 3.386627 -0.743474 -0.119079 0.041102
    66 0.717491 -3.784309 13.044010 -0.803014 0.220784 -1.412654
    67 -1.099228 -1.407673 8.017876 -1.365867 -0.016025 0.008038
    68 -0.064053 -0.807640 3.686100 -0.511729 -0.000664 -0.007138
    69 4.004906 6.172710 4.754800 0.653608 -1.047664 -2.806168
    70 -0.158381 -1.149773 5.804405 -0.360840 0.062966 0.243886
    71 1.078559 -2.386406 5.215008 -1.174285 0.789916 -0.033225
    72 6.289963 0.932404 13.569109 -0.126801 -0.612098 -2.869612
    73 -1.327759 -0.766682 12.396324 -0.025896 -0.011232 0.228785
    74 0.000017 -54.999996 0.000000 0.000000 0.000000 -1.570796
  time 15
    0 0.000000 0.000000 -1.500000 0.000000 0.000000 0.000000
    1 -10.521344 -5.760963 66.994621 3.097005 -0.050653 -3.139334
    2 -3.937249 1.005190 16.072638 -0.126221 0.527543 0.350750
    3 -0.000034 0.000012 24.761454 -0.986790 -0.114502 -0.208267
    4 0.000017 0.000000 24.344809 1.646910 -0.185939 -0.156567
    5 0.002333 -1.019846 24.031336 0.900315 -0.045574 -0.006205
    6 0.000034 0.000008 13.404741 -0.000001 -0.000009 -0.117788
    7 10.398263 -5.760962 66.994675 3.097005 0.050653 3.139334
    8 -0.203298 -7.794676 17.973342 0.840338 -0.556275 0.283253
    9 -0.000004 -0.000006 24.761459 -1.800544 0.208612 -0.652443
    10 -0.000007 0.000004 24.344891 1.802293 0.084329 -0.113870
    11 -0.002360 -1.019903 24.031330 0.389594 -0.042695 -0.017219
    12 0.000000 -0.000002 13.404737 0.000001 0.000005 -0.336942
    13 -0.061540 -5.245835 72.927078 0.000000 0.000000 0.000000
    14 2.376396 -3.757162 -17.241866 -0.009813 0.018206 0.047860
    15 0.000000 -0.005608 -1.146812 0.219682 0.087911 -0.477380
    16 0.030770 -0.240000 8.906021 -0.004138 0.000000 0.000000
    17 -0.550775 -2.717977 -0.586354 0.461476 -0.024022 -0.147469
    18 0.030770 -0.276858 8.905140 0.056125 0.004134 -0.000049
    19 0.065143 0.168850 0.076952 0.050832 0.014668 -0.020123
    20 5.669724 4.435303 14.302868 2.771651 -1.276068 0.743196
    21 -1.044571 -2.839317 19.743267 -0.172660 -0.617904 0.086841
    22 2.655533 -1.533369 24.792658 -0.584426 0.081274 -0.104225
    23 1.120163 -0.154394 9.796035 -0.035192 -0.000585 -0.306126
    24 2.240311 -0.308786 19.592051 -0.213103 -0.146590 -0.581038
    25 0.683151 2.877354 14.167051 0.013537 -0.083248 1.380067
    26 0.144936 -0.145374 7.579252 -1.387027 -0.237548 0.164545
    27 0.091660 -0.906685 4.702850 -0.495907 -0.078289 0.017857
    28 0.506271 8.500866 13.617253 0.154620 0.216243 1.353649
    29 -0.384987 -0.460049 7.003448 -0.827586 -0.401596 0.216449
    30 0.561516 -0.596954 5.061852 -0.798311 -0.295213 0.139671
    31 -2.452171 -8.899406 11.597897 -0.366252 -0.433165 1.081067
    32 0.680496 -0.903999 6.074253 -1.032516 0.115623 0.013211
    33 0.245514 -0.661150 3.388004 -0.420186 0.095273 -0.017278
    34 -0.717484 -3.784271 13.043911 -0.473266 -0.226080 1.352099
    35 1.099216 -1.407745 8.017889 -1.159316 0.014644 0.000098
    36 0.068439 -0.807653 3.686054 -0.534970 0.001806 0.002724
    37 -4.004929 6.172707 4.754754 0.216828 1.174127 2.571606
    38 0.158352 -1.149811 5.804394 -0.136656 -0.177969 0.255157
    39 -1.083523 -1.463142 5.544399 -1.347220 -0.293353 0.251107
    40 -6.289886 0.932434 13.569063 -0.126803 0.612110 2.869610
    41 1.327774 -0.766687 12.396328 -0.008283 0.004377 -0.075789
    42 -0.096140 1.828087 23.185329 -0.009069 0.029776 -1.536350
    43 2.325478 -0.000003 6.169296 -0.960214 0.061949 1.608206
    44 0.000000 -3.152912 0.122169 2.204489 0.000000 0.000000
    45 1.068383 -10.478592 7.066338 0.292219 -1.282324 -3.141588
    46 0.000000 0.000000 2.279457 0.547137 -0.343566 0.107833
    47 2.479414 -8.323895 6.074242 -0.008855 0.007342 1.561876
    48 0.000003 -5.075260 5.105362 0.000000 0.000000 0.000000
    49 -1.068383 -10.478611 7.065971 0.292219 1.282324 3.141588
    50 -0.000488 0.000015 2.279600 0.547136 0.343566 0.107835
    51 -2.479401 -8.323895 6.074234 0.008854 0.007354 1.579716
    52 -5.790000 4.432083 14.255558 -2.873848 1.355796 -0.292333
    53 1.044540 -2.839314 19.743252 -0.552387 0.706713 -0.200389
    54 -2.655510 -1.533379 24.792648 -0.555015 -0.088315 0.375907
    55 -1.120216 -0.154385 9.795983 -0.019037 -0.001049 0.165338
    56 -2.240372 -0.308788 19.592047 -0.235215 0.135298 0.298763
    57 -0.683205 2.877342 14.167089 -0.275926 0.184061 -1.424980
    58 -0.144958 -0.145317 7.579308 -1.213597 0.277220 -0.089509
    59 -0.038551 -0.936644 4.697678 -0.992704 0.201134 -0.085396
    60 -0.506317 8.500896 13.617329 0.075330 -0.156606 -1.348271
    61 0.385056 -0.460075 7.003435 -1.069595 0.548146 -0.190611
    62 -0.456360 -0.710276 5.057732 -0.869682 0.439406 -0.165569
    63 2.452194 -8.899408 11.597939 -0.871592 0.492977 -1.207380
    64 -0.680515 -0.903999 6.074242 -1.358649 -0.164239 -0.009772
    65 -0.248295 -0.666843 3.386627 -0.749178 -0.119319 0.041569
    66 0.717491 -3.784309 13.044010 -0.805605 0.220640 -1.413076
    67 -1.099228 -1.407673 8.017876 -1.369173 -0.016145 0.008146
    68 -0.064053 -0.807640 3.686100 -0.514599 -0.000748 -0.007138
    69 4.004906 6.172710 4.754800 0.655038 -1.047664 -2.805922
    70 -0.158381 -1.149773 5.804405 -0.361643 0.063760 0.244472
    71 1.078559 -2.386406 5.215008 -1.175623 0.790007 -0.033919
    72 6.289963 0.932404 13.569109 -0.126801 -0.612098 -2.869612
    73 -1.327759 -0.766682 12.396324 -0.025704 -0.011172 0.227212
    74 0.000017 -54.999996 0.000000 0.000000 0.000000 -1.570796
  time 16
    0 0.000000 0.000000 -1.500000 0.000000 0.000000 0.000000
    1 -10.521344 -5.760963 66.994621 3.097005 -0.050653 -3.139334
    2 -3.980219 0.931528 16.072638 -0.129227 0.528573 0.347954
    3 -0.000034 0.000012 24.761454 -0.984229 -0.114202 -0.206923
    4 0.000017 0.000000 24.344809 1.645492 -0.187297 -0.157172
    5 0.002333 -1.019846 24.031336 0.901323 -0.045562 -0.006253
    6 0.000034 0.000008 13.404741 -0.000001 -0.000009 -0.116839
    7 10.398263 -5.760962 66.994675 3.097005 0.050653 3.139334
    8 -0.257987 -7.807165 18.040782 0.844262 -0.552178 0.279210
    9 -0.000004 -0.000006 24.761459 -1.804339 0.209056 -0.649572
    10 -0.000007 0.000004 24.344891 1.804487 0.083241 -0.116140
    11 -0.002360 -1.019903 24.031330 0.389594 -0.042695 -0.017219
    12 0.000000 -0.000002 13.404737 0.000001 0.000005 -0.335310
    13 -0.061540 -5.245835 72.927078 0.000000 0.000000 0.000000
    14 2.442805 -3.792099 -17.264397 -0.010101 0.019944 0.054045
    15 0.000000 -0.005608 -1.146812 0.219682 0.089024 -0.480478
    16 0.030770 -0.240000 8.906021 -0.004138 0.000000 0.000000
    17 -0.550775 -2.714071 -0.582447 0.458824 -0.038114 -0.121871
    18 0.030770 -0.276858 8.905140 0.056125 0.004134 -0.000049
    19 0.069049 0.141505 0.076952 0.061519 0.014709 -0.016600
    20 5.669724 4.435303 14.302868 2.766004 -1.267470 0.740130
    21 -1.044571 -2.839317 19.743267 -0.198049 -0.620461 0.093130
    22 2.655533 -1.533369 24.792658 -0.606211 0.081773 -0.096137
    23 1.120163 -0.154394 9.796035 -0.034904 -0.000537 -0.303539
    24 2.240311 -0.308786 19.592051 -0.219152 -0.148248 -0.574510
    25 0.683151 2.877354 14.167051 0.010246 -0.083836 1.380267
    26 0.144936 -0.145374 7.579252 -1.391023 -0.237752 0.165288
    27 0.091660 -0.906685 4.702850 -0.499845 -0.078972 0.018229
    28 0.506271 8.500866 13.617253 0.149926 0.214639 1.353094
    29 -0.384987 -0.460049 7.003448 -0.833633 -0.402783 0.218403
    30 0.561516 -0.596954 5.061852 -0.804131 -0.296603 0.141408
    31 -2.452171 -8.899406 11.597897 -0.366809 -0.433325 1.081201
    32 0.680496 -0.903999 6.074253 -1.033151 0.115730 0.013151
    33 0.245514 -0.661150 3.388004 -0.420718 0.095225 -0.017326
    34 -0.717484 -3.784271 13.043911 -0.474854 -0.226020 1.352299
    35 1.099216 -1.407745 8.017889 -1.161256 0.014560 0.000266
    36 0.068439 -0.807653 3.686054 -0.536569 0.002117 0.002772
    37 -4.004929 6.172707 4.754754 0.217639 1.175007 2.572276
    38 0.158352 -1.149811 5.804394 -0.138859 -0.178262 0.254677
    39 -1.083523 -1.463142 5.544399 -1.349574 -0.293066 0.251246
    40 -6.289886 0.932434 13.569063 -0.126803 0.612110 2.869610
    41 1.327774 -0.766687 12.396328 -0.008104 0.004294 -0.074082
    42 -0.096140 1.828087 23.185329 -0.007631 0.028884 -1.536136
    43 2.325478 -0.000003 6.169296 -0.973966 0.061573 1.570887
    44 0.000000 -3.152912 0.122169 2.228771 0.000000 0.000000
    45 1.068383 -10.478592 7.066338 0.292219 -1.282324 -3.141588
    46 0.000000 0.000000 2.279457 0.547137 -0.343566 0.107833
    47 2.479414 -8.323895 6.074242 -0.008855 0.007342 1.561876
    48 0.000003 -5.075260 5.105362 0.000000 0.000000 0.000000
    49 -1.068383 -10.478611 7.065971 0.292219 1.282324 3.141588
    50 -0.000488 0.000015 2.279600 0.547136 0.343566 0.107835
    51 -2.479401 -8.323895 6.074234 0.008854 0.007354 1.579716
    52 -5.790000 4.432083 14.255558 -2.842599 1.350937 -0.286392
    53 1.044540 -2.839314 19.743252 -0.535913 0.720450 -0.200580
    54 -2.655510 -1.533379 24.792648 -0.516818 -0.087422 0.394840
    55 -1.120216 -0.154385 9.795983 -0.019240 -0.001049 0.167188
    56 -2.240372 -0.308788 19.592047 -0.243539 0.131041 0.300739
    57 -0.683205 2.877342 14.167089 -0.271026 0.183425 -1.424300
    58 -0.144958 -0.145317 7.579308 -1.207984 0.276513 -0.088287
    59 -0.038551 -0.936644 4.697678 -0.987230 0.200223 -0.084365
    60 -0.506317 8.500896 13.617329 0.086266 -0.160498 -1.348990
    61 0.385056 -0.460075 7.003435 -1.054875 0.545153 -0.184057
    62 -0.456360 -0.710276 5.057732 -0.855739 0.434403 -0.160233
    63 2.452194 -8.899408 11.597939 -0.876408 0.493860 -1.209239
    64 -0.680515 -0.903999 6.074242 -1.363715 -0.164755 -0.009508
    65 -0.248295 -0.666843 3.386627 -0.754340 -0.119606 0.042001
    66 0.717491 -3.784309 13.044010 -0.807149 0.220544 -1.413336
    67 -1.099228 -1.407673 8.017876 -1.371135 -0.016133 0.008050
    68 -0.064053 -0.807640 3.686100 -0.516568 -0.000964 -0.007186
    69 4.004906 6.172710 4.754800 0.656017 -1.047644 -2.805840
    70 -0.158381 -1.149773 5.804405 -0.361782 0.064061 0.244765
    71 1.078559 -2.386406 5.215008 -1.176674 0.790099 -0.034467
    72 6.289963 0.932404 13.569109 -0.126801 -0.612098 -2.869612
    73 -1.327759 -0.766682 12.396324 -0.026327 -0.011376 0.232486
    74 0.000017 -54.999996 0.000000 0.000000 0.000000 -1.570796
  time 17
    0 0.000000 0.000000 -1.500000 0.000000 0.000000 0.000000
    1 -10.521344 -5.760963 66.994621 3.097005 -0.050653 -3.139334
    2 -4.034908 0.906974 16.162336 -0.127109 0.530270 0.348653
    3 -0.000034 0.000012 24.761454 -0.989148 -0.114790 -0.209081
    4 0.000017 0.000000 24.344809 1.648513 -0.188723 -0.158274
    5 0.002333 -1.019846 24.031336 0.902294 -0.045562 -0.006301
    6 0.000034 0.000008 13.404741 -0.000001 -0.000009 -0.117893
    7 10.398263 -5.760962 66.994675 3.097005 0.050653 3.139334
    8 -0.300957 -7.807165 18.153183 0.848954 -0.551812 0.277147
    9 -0.000004 -0.000006 24.761459 -1.812919 0.210026 -0.650541
    10 -0.000007 0.000004 24.344891 1.809134 0.082885 -0.118494
    11 -0.002360 -1.019903 24.031330 0.389594 -0.042695 -0.017219
    12 0.000000 -0.000002 13.404737 0.000001 0.000005 -0.336040
    13 -0.061540 -5.245835 72.927078 0.000000 0.000000 0.000000
    14 2.505307 -3.815390 -17.377053 -0.010325 0.021613 0.057468
    15 0.000000 -0.005608 -1.146812 0.219714 0.090107 -0.483630
    16 0.030770 -0.240000 8.906021 -0.004138 0.000000 0.000000
    17 -0.546868 -2.686726 -0.570728 0.450680 -0.046014 -0.105978
    18 0.030770 -0.276858 8.905140 0.056125 0.004134 -0.000049
    19 0.076862 0.059471 0.076952 0.091617 0.013269 -0.014083
    20 5.669724 4.435303 14.302868 2.772991 -1.260776 0.736392
    21 -1.044571 -2.839317 19.743267 -0.216982 -0.632203 0.098488
    22 2.655533 -1.533369 24.792658 -0.625089 0.082734 -0.099857
    23 1.120163 -0.154394 9.796035 -0.034617 -0.000489 -0.300883
    24 2.240311 -0.308786 19.592051 -0.224940 -0.149307 -0.567864
    25 0.683151 2.877354 14.167051 0.007668 -0.084255 1.380404
    26 0.144936 -0.145374 7.579252 -1.394043 -0.237895 0.165815
    27 0.091660 -0.906685 4.702850 -0.502775 -0.079463 0.018480
    28 0.506271 8.500866 13.617253 0.145788 0.213233 1.352632
    29 -0.384987 -0.460049 7.003448 -0.838898 -0.403789 0.220105
    30 0.561516 -0.596954 5.061852 -0.809200 -0.297814 0.142954
    31 -2.452171 -8.899406 11.597897 -0.362809 -0.432329 1.080154
    32 0.680496 -0.903999 6.074253 -1.028828 0.115119 0.013367
    33 0.245514 -0.661150 3.388004 -0.416298 0.095201 -0.017002
    34 -0.717484 -3.784271 13.043911 -0.475471 -0.225996 1.352376
    35 1.099216 -1.407745 8.017889 -1.161799 0.014692 0.000110
    36 0.068439 -0.807653 3.686054 -0.537280 0.001974 0.002736
    37 -4.004929 6.172707 4.754754 0.218359 1.175729 2.572945
    38 0.158352 -1.149811 5.804394 -0.140427 -0.178512 0.254342
    39 -1.083523 -1.463142 5.544399 -1.351249 -0.292850 0.251328
    40 -6.289886 0.932434 13.569063 -0.126803 0.612110 2.869610
    41 1.327774 -0.766687 12.396328 -0.008427 0.004437 -0.076994
    42 -0.096140 1.828087 23.185329 -0.005902 0.026302 -1.536350
    43 2.325478 -0.000003 6.169296 -0.998080 0.050562 1.538877
    44 0.000000 -3.152912 0.122169 2.253069 0.000000 0.000000
    45 1.068383 -10.478592 7.066338 0.292219 -1.282324 -3.141588
    46 0.000000 0.000000 2.279457 0.547137 -0.343566 0.107833
    47 2.479414 -8.323895 6.074242 -0.008855 0.007342 1.561876
    48 0.000003 -5.075260 5.105362 0.000000 0.000000 0.000000
    49 -1.068383 -10.478611 7.065971 0.292219 1.282324 3.141588
    50 -0.000488 0.000015 2.279600 0.547136 0.343566 0.107835
    51 -2.479401 -8.323895 6.074234 0.008854 0.007354 1.579716
    52 -5.790000 4.432083 14.255558 -2.840586 1.346409 -0.286201
    53 1.044540 -2.839314 19.743252 -0.536803 0.725495 -0.202594
    54 -2.655510 -1.533379 24.792648 -0.473186 -0.086710 0.431796
    55 -1.120216 -0.154385 9.795983 -0.019444 -0.001025 0.169011
    56 -2.240372 -0.308788 19.592047 -0.251023 0.126833 0.302802
    57 -0.683205 2.877342 14.167089 -0.259889 0.182012 -1.422633
    58 -0.144958 -0.145317 7.579308 -1.195233 0.274955 -0.085518
    59 -0.038551 -0.936644 4.697678 -0.974459 0.198054 -0.082016
    60 -0.506317 8.500896 13.617329 0.101502 -0.165790 -1.350023
    61 0.385056 -0.460075 7.003435 -1.034759 0.540716 -0.174854
    62 -0.456360 -0.710276 5.057732 -0.836840 0.427870 -0.153054
    63 2.452194 -8.899408 11.597939 -0.880388 0.494487 -1.210693
    64 -0.680515 -0.903999 6.074242 -1.368027 -0.165222 -0.009173
    65 -0.248295 -0.666843 3.386627 -0.758545 -0.119726 0.042360
    66 0.717491 -3.784309 13.044010 -0.807548 0.220556 -1.413410
    67 -1.099228 -1.407673 8.017876 -1.371639 -0.016193 0.008182
    68 -0.064053 -0.807640 3.686100 -0.517075 -0.000856 -0.007162
    69 4.004906 6.172710 4.754800 0.656544 -1.047644 -2.805840
    70 -0.158381 -1.149773 5.804405 -0.361712 0.063979 0.244794
    71 1.078559 -2.386406 5.215008 -1.176721 0.790099 -0.034577
    72 6.289963 0.932404 13.569109 -0.126801 -0.612098 -2.869612
    73 -1.327759 -0.766682 12.396324 -0.028173 -0.011903 0.248031
    74 0.000017 -54.999996 0.000000 0.000000 0.000000 -1.570796
  time 18
    0 0.000000 0.000000 -1.500000 0.000000 0.000000 0.000000
    1 -10.521344 -5.760963 66.994621 3.097005 -0.050653 -3.139334
    2 -4.109129 0.919251 16.386582 -0.119731 0.532803 0.352848
    3 -0.000034 0.000012 24.761454 -1.002400 -0.116312 -0.214904
    4 0.000017 0.000000 24.344809 1.656835 -0.190262 -0.159981
    5 0.002333 -1.019846 24.031336 0.903227 -0.045550 -0.006349
    6 0.000034 0.000008 13.404741 -0.000001 -0.000009 -0.121163
    7 10.398263 -5.760962 66.994675 3.097005 0.050653 3.139334
    8 -0.320489 -7.869612 18.400465 0.854926 -0.555397 0.276817
    9 -0.000004 -0.000006 24.761459 -1.827218 0.211680 -0.655637
    10 -0.000007 0.000004 24.344891 1.816943 0.083329 -0.121079
    11 -0.002360 -1.019903 24.031330 0.389594 -0.042695 -0.017219
    12 0.000000 -0.000002 13.404737 0.000001 0.000005 -0.339411
    13 -0.061540 -5.245835 72.927078 0.000000 0.000000 0.000000
    14 2.567809 -3.815390 -17.624895 -0.010517 0.023230 0.058129
    15 0.000000 -0.005608 -1.146812 0.219746 0.091095 -0.486837
    16 0.030770 -0.240000 8.906021 -0.004138 0.000000 0.000000
    17 -0.539056 -2.639850 -0.539477 0.437612 -0.051015 -0.093638
    18 0.030770 -0.276858 8.905140 0.056125 0.004134 -0.000049
    19 0.069049 -0.065533 0.073045 0.135154 0.011397 -0.012106
    20 5.669724 4.435303 14.302868 2.784858 -1.255209 0.733900
    21 -1.044571 -2.839317 19.743267 -0.221335 -0.651406 0.100998
    22 2.655533 -1.533369 24.792658 -0.638368 0.083618 -0.108026
    23 1.120163 -0.154394 9.796035 -0.034293 -0.000441 -0.298227
    24 2.240311 -0.308786 19.592051 -0.230641 -0.149169 -0.561217
    25 0.683151 2.877354 14.167051 0.006132 -0.084531 1.380479
    26 0.144936 -0.145374 7.579252 -1.395948 -0.237967 0.166175
    27 0.091660 -0.906685 4.702850 -0.504607 -0.079799 0.018648
    28 0.506271 8.500866 13.617253 0.142454 0.212113 1.352231
    29 -0.384987 -0.460049 7.003448 -0.843237 -0.404628 0.221519
    30 0.561516 -0.596954 5.061852 -0.813341 -0.298809 0.144213
    31 -2.452171 -8.899406 11.597897 -0.351873 -0.429580 1.077416
    32 0.680496 -0.903999 6.074253 -1.017051 0.113849 0.013547
    33 0.245514 -0.661150 3.388004 -0.404475 0.094578 -0.016271
    34 -0.717484 -3.784271 13.043911 -0.471503 -0.226128 1.351884
    35 1.099216 -1.407745 8.017889 -1.157608 0.014440 0.000301
    36 0.068439 -0.807653 3.686054 -0.532660 0.001962 0.002748
    37 -4.004929 6.172707 4.754754 0.218810 1.176275 2.573615
    38 0.158352 -1.149811 5.804394 -0.141360 -0.178629 0.254114
    39 -1.083523 -1.463142 5.544399 -1.352347 -0.292718 0.251398
    40 -6.289886 0.932434 13.569063 -0.126803 0.612110 2.869610
    41 1.327774 -0.766687 12.396328 -0.008835 0.004629 -0.080610
    42 -0.096140 1.828087 23.185329 -0.003916 0.022351 -1.536931
    43 2.325478 -0.000003 6.169296 -1.026826 0.029727 1.508983
    44 0.000000 -3.152912 0.122169 2.264136 0.000000 0.000000
    45 1.068383 -10.478592 7.066338 0.292219 -1.282324 -3.141588
    46 0.000000 0.000000 2.279457 0.547137 -0.343566 0.107833
    47 2.479414 -8.323895 6.074242 -0.008855 0.007342 1.561876
    48 0.000003 -5.075260 5.105362 0.000000 0.000000 0.000000
    49 -1.068383 -10.478611 7.065971 0.292219 1.282324 3.141588
    50 -0.000488 0.000015 2.279600 0.547136 0.343566 0.107835
    51 -2.479401 -8.323895 6.074234 0.008854 0.007354 1.579716
    52 -5.790000 4.432083 14.255558 -2.859565 1.342172 -0.290321
    53 1.044540 -2.839314 19.743252 -0.540198 0.726767 -0.204009
    54 -2.655510 -1.533379 24.792648 -0.431617 -0.086205 0.481324
    55 -1.120216 -0.154385 9.795983 -0.019660 -0.001037 0.170752
    56 -2.240372 -0.308788 19.592047 -0.257667 0.122873 0.304950
    57 -0.683205 2.877342 14.167089 -0.243902 0.179962 -1.420235
    58 -0.144958 -0.145317 7.579308 -1.176978 0.272606 -0.081540
    59 -0.038551 -0.936644 4.697678 -0.956559 0.195045 -0.078720
    60 -0.506317 8.500896 13.617329 0.119905 -0.172146 -1.351326
    61 0.385056 -0.460075 7.003435 -1.011104 0.535368 -0.164257
    62 -0.456360 -0.710276 5.057732 -0.815027 0.419914 -0.144963
    63 2.452194 -8.899408 11.597939 -0.883055 0.494882 -1.211646
    64 -0.680515 -0.903999 6.074242 -1.370829 -0.165522 -0.009005
    65 -0.248295 -0.666843 3.386627 -0.761334 -0.119870 0.042588
    66 0.717491 -3.784309 13.044010 -0.803263 0.220964 -1.412902
    67 -1.099228 -1.407673 8.017876 -1.366932 -0.016073 0.008086
    68 -0.064053 -0.807640 3.686100 -0.512179 -0.000652 -0.007138
    69 4.004906 6.172710 4.754800 0.656845 -1.047644 -2.805840
    70 -0.158381 -1.149773 5.804405 -0.358434 0.061460 0.243417
    71 1.078559 -2.386406 5.215008 -1.171132 0.788108 -0.032421
    72 6.289963 0.932404 13.569109 -0.126801 -0.612098 -2.869612
    73 -1.327759 -0.766682 12.396324 -0.030822 -0.012610 0.270192
    74 0.000017 -54.999996 0.000000 0.000000 0.000000 -1.570796
  time 19
    0 0.000000 0.000000 -1.500000 0.000000 0.000000 0.000000
    1 -10.521344 -5.760963 66.994621 3.097005 -0.050653 -3.139334
    2 -4.191163 0.968359 16.678101 -0.108390 0.535698 0.359925
    3 -0.000034 0.000012 24.761454 -1.020937 -0.118469 -0.223618
    4 0.000017 0.000000 24.344809 1.668425 -0.191824 -0.162120
    5 0.002333 -1.019846 24.031336 0.904123 -0.045550 -0.006385
    6 0.000034 0.000008 13.404741 -0.000001 -0.000009 -0.126099
    7 10.398263 -5.760962 66.994675 3.097005 0.050653 3.139334
    8 -0.324395 -7.919569 18.737668 0.860727 -0.562201 0.278137
    9 -0.000004 -0.000006 24.761459 -1.844597 0.213706 -0.664215
    10 -0.000007 0.000004 24.344891 1.826624 0.084396 -0.123707
    11 -0.002360 -1.019903 24.031330 0.389594 -0.042695 -0.017219
    12 0.000000 -0.000002 13.404737 0.000001 0.000005 -0.344993
    13 -0.061540 -5.245835 72.927078 0.000000 0.000000 0.000000
    14 2.618591 -3.803745 -17.917799 -0.010645 0.024744 0.056147
    15 0.000000 -0.005608 -1.146812 0.219746 0.092052 -0.489962
    16 0.030770 -0.240000 8.906021 -0.004138 0.000000 0.000000
    17 -0.523430 -2.577348 -0.500414 0.421493 -0.053471 -0.084693
    18 0.030770 -0.276858 8.905140 0.056125 0.004134 -0.000049
    19 0.065143 -0.206162 0.073045 0.186126 0.009299 -0.010715
    20 5.669724 4.435303 14.302868 2.797396 -1.250558 0.731984
    21 -1.044571 -2.839317 19.743267 -0.222069 -0.674367 0.103001
    22 2.655533 -1.533369 24.792658 -0.637153 0.084156 -0.121208
    23 1.120163 -0.154394 9.796035 -0.034006 -0.000369 -0.295571
    24 2.240311 -0.308786 19.592051 -0.236342 -0.147696 -0.554610
    25 0.683151 2.877354 14.167051 0.005583 -0.084627 1.380529
    26 0.144936 -0.145374 7.579252 -1.396645 -0.238003 0.166295
    27 0.091660 -0.906685 4.702850 -0.505202 -0.079907 0.018708
    28 0.506271 8.500866 13.617253 0.139922 0.211256 1.351923
    29 -0.384987 -0.460049 7.003448 -0.846509 -0.405275 0.222586
    30 0.561516 -0.596954 5.061852 -0.816483 -0.299540 0.145172
    31 -2.452171 -8.899406 11.597897 -0.335773 -0.425478 1.073389
    32 0.680496 -0.903999 6.074253 -0.999959 0.112003 0.013727
    33 0.245514 -0.661150 3.388004 -0.387060 0.093559 -0.015217
    34 -0.717484 -3.784271 13.043911 -0.460787 -0.226476 1.350486
    35 1.099216 -1.407745 8.017889 -1.145539 0.013997 0.000541
    36 0.068439 -0.807653 3.686054 -0.520862 0.001518 0.002724
    37 -4.004929 6.172707 4.754754 0.219080 1.176680 2.573902
    38 0.158352 -1.149811 5.804394 -0.141656 -0.178702 0.254042
    39 -1.083523 -1.463142 5.544399 -1.352661 -0.292682 0.251398
    40 -6.289886 0.932434 13.569063 -0.126803 0.612110 2.869610
    41 1.327774 -0.766687 12.396328 -0.009374 0.004905 -0.085481
    42 -0.096140 1.828087 23.185329 -0.001707 0.017125 -1.537787
    43 2.325478 -0.000003 6.169296 -1.044302 0.014028 1.489825
    44 0.000000 -3.152912 0.122169 2.264966 0.000000 0.000000
    45 1.068383 -10.478592 7.066338 0.292219 -1.282324 -3.141588
    46 0.000000 0.000000 2.279457 0.547137 -0.343566 0.107833
    47 2.479414 -8.323895 6.074242 -0.008855 0.007342 1.561876
    48 0.000003 -5.075260 5.105362 0.000000 0.000000 0.000000
    49 -1.068383 -10.478611 7.065971 0.292219 1.282324 3.141588
    50 -0.000488 0.000015 2.279600 0.547136 0.343566 0.107835
    51 -2.479401 -8.323895 6.074234 0.008854 0.007354 1.579716
    52 -5.790000 4.432083 14.255558 -2.894458 1.338226 -0.297028
    53 1.044540 -2.839314 19.743252 -0.544094 0.722824 -0.203764
    54 -2.655510 -1.533379 24.792648 -0.398905 -0.085752 0.537818
    55 -1.120216 -0.154385 9.795983 -0.019840 -0.001025 0.172357
    56 -2.240372 -0.308788 19.592047 -0.263165 0.119061 0.307098
    57 -0.683205 2.877342 14.167089 -0.224598 0.177435 -1.417375
    58 -0.144958 -0.145317 7.579308 -1.155018 0.269730 -0.076890
    59 -0.038551 -0.936644 4.697678 -0.935455 0.191306 -0.074921
    60 -0.506317 8.500896 13.617329 0.139892 -0.179021 -1.352853
    61 0.385056 -0.460075 7.003435 -0.985938 0.529400 -0.153140
    62 -0.456360 -0.710276 5.057732 -0.791902 0.411290 -0.136573
    63 2.452194 -8.899408 11.597939 -0.883852 0.495091 -1.211980
    64 -0.680515 -0.903999 6.074242 -1.371422 -0.165594 -0.008909
    65 -0.248295 -0.666843 3.386627 -0.762375 -0.119870 0.042672
    66 0.717491 -3.784309 13.044010 -0.792303 0.221970 -1.411575
    67 -1.099228 -1.407673 8.017876 -1.354267 -0.015701 0.007810
    68 -0.064053 -0.807640 3.686100 -0.500137 -0.000256 -0.007102
    69 4.004906 6.172710 4.754800 0.657071 -1.047644 -2.805759
    70 -0.158381 -1.149773 5.804405 -0.349400 0.054806 0.239520
    71 1.078559 -2.386406 5.215008 -1.157420 0.783023 -0.027452
    72 6.289963 0.932404 13.569109 -0.126801 -0.612098 -2.869612
    73 -1.327759 -0.766682 12.396324 -0.033950 -0.013365 0.296378
    74 0.000017 -54.999996 0.000000 0.000000 0.000000 -1.570796
  time 20
    0 0.000000 0.000000 -1.500000 0.000000 0.000000 0.000000
    1 -10.521344 -5.760963 66.994621 3.097005 -0.050653 -3.139334
    2 -4.288822 1.066575 16.969620 -0.092062 0.538788 0.372159
    3 -0.000034 0.000012 24.761454 -1.042808 -0.120986 -0.236484
    4 0.000017 0.000000 24.344809 1.681001 -0.193431 -0.164496
    5 0.002333 -1.019846 24.031336 0.904982 -0.045550 -0.006421
    6 0.000034 0.000008 13.404741 -0.000001 -0.000009 -0.133355
    7 10.398263 -5.760962 66.994675 3.097005 0.050653 3.139334
    8 -0.300957 -7.994505 19.074870 0.863542 -0.573358 0.283913
    9 -0.000004 -0.000006 24.761459 -1.862637 0.215779 -0.677816
    10 -0.000007 0.000004 24.344891 1.837402 0.086018 -0.125724
    11 -0.002360 -1.019903 24.031330 0.389594 -0.042695 -0.017219
    12 0.000000 -0.000002 13.404737 0.000001 0.000005 -0.353409
    13 -0.061540 -5.245835 72.927078 0.000000 0.000000 0.000000
    14 2.665468 -3.780453 -18.210703 -0.010741 0.026189 0.049842
    15 0.000000 -0.005608 -1.146812 0.219778 0.092899 -0.492978
    16 0.030770 -0.240000 8.906021 -0.004138 0.000000 0.000000
    17 -0.503898 -2.503127 -0.461350 0.403921 -0.053661 -0.078903
    18 0.030770 -0.276858 8.905140 0.056125 0.004134 -0.000049
    19 0.061236 -0.358510 0.057420 0.238385 0.007139 -0.009972
    20 5.669724 4.435303 14.302868 2.807158 -1.246435 0.730163
    21 -1.044571 -2.839317 19.743267 -0.230532 -0.696493 0.107315
    22 2.655533 -1.533369 24.792658 -0.621053 0.084233 -0.140132
    23 1.120163 -0.154394 9.796035 -0.033706 -0.000321 -0.292915
    24 2.240311 -0.308786 19.592051 -0.241999 -0.144841 -0.548241
    25 0.683151 2.877354 14.167051 0.009368 -0.083968 1.380304
    26 0.144936 -0.145374 7.579252 -1.392045 -0.237800 0.165468
    27 0.091660 -0.906685 4.702850 -0.500806 -0.079140 0.018301
    28 0.506271 8.500866 13.617253 0.138316 0.210707 1.351769
    29 -0.384987 -0.460049 7.003448 -0.848750 -0.405659 0.223293
    30 0.561516 -0.596954 5.061852 -0.818268 -0.299995 0.145723
    31 -2.452171 -8.899406 11.597897 -0.316129 -0.420419 1.068584
    32 0.680496 -0.903999 6.074253 -0.979220 0.109690 0.013978
    33 0.245514 -0.661150 3.388004 -0.366343 0.092481 -0.013958
    34 -0.717484 -3.784271 13.043911 -0.444957 -0.226967 1.348411
    35 1.099216 -1.407745 8.017889 -1.128115 0.013374 0.000877
    36 0.068439 -0.807653 3.686054 -0.503413 0.000871 0.002640
    37 -4.004929 6.172707 4.754754 0.219350 1.176908 2.574189
    38 0.158352 -1.149811 5.804394 -0.137630 -0.178101 0.254929
    39 -1.083523 -1.463142 5.544399 -1.348371 -0.293209 0.251177
    40 -6.289886 0.932434 13.569063 -0.126803 0.612110 2.869610
    41 1.327774 -0.766687 12.396328 -0.010201 0.005276 -0.092762
    42 -0.096140 1.828087 23.185329 0.000673 0.010815 -1.538949
    43 2.325478 -0.000003 6.169296 -1.040769 0.011264 1.484516
    44 0.000000 -3.152912 0.122169 2.264071 0.000000 0.000000
    45 1.068383 -10.478592 7.066338 0.292219 -1.282324 -3.141588
    46 0.000000 0.000000 2.279457 0.547137 -0.343566 0.107833
    47 2.479414 -8.323895 6.074242 -0.008855 0.007342 1.561876
    48 0.000003 -5.075260 5.105362 0.000000 0.000000 0.000000
    49 -1.068383 -10.478611 7.065971 0.292219 1.282324 3.141588
    50 -0.000488 0.000015 2.279600 0.547136 0.343566 0.107835
    51 -2.479401 -8.323895 6.074234 0.008854 0.007354 1.579716
    52 -5.790000 4.432083 14.255558 -2.941236 1.334571 -0.306034
    53 1.044540 -2.839314 19.743252 -0.554057 0.705441 -0.200362
    54 -2.655510 -1.533379 24.792648 -0.382147 -0.085183 0.598024
    55 -1.120216 -0.154385 9.795983 -0.020007 -0.001013 0.173935
    56 -2.240372 -0.308788 19.592047 -0.267518 0.115645 0.309246
    57 -0.683205 2.877342 14.167089 -0.203611 0.174650 -1.414284
    58 -0.144958 -0.145317 7.579308 -1.131804 0.266554 -0.071988
    59 -0.038551 -0.936644 4.697678 -0.912722 0.187219 -0.070906
    60 -0.506317 8.500896 13.617329 0.160030 -0.185922 -1.354606
    61 0.385056 -0.460075 7.003435 -0.961247 0.523278 -0.142375
    62 -0.456360 -0.710276 5.057732 -0.769311 0.402643 -0.128569
    63 2.452194 -8.899408 11.597939 -0.879314 0.494580 -1.210622
    64 -0.680515 -0.903999 6.074242 -1.366841 -0.165102 -0.009245
    65 -0.248295 -0.666843 3.386627 -0.757462 -0.119666 0.042252
    66 0.717491 -3.784309 13.044010 -0.776361 0.223432 -1.409566
    67 -1.099228 -1.407673 8.017876 -1.336391 -0.015210 0.007463
    68 -0.064053 -0.807640 3.686100 -0.482243 0.000403 -0.007054
    69 4.004906 6.172710 4.754800 0.657297 -1.047644 -2.805759
    70 -0.158381 -1.149773 5.804405 -0.336599 0.045250 0.233835
    71 1.078559 -2.386406 5.215008 -1.137450 0.775702 -0.020145
    72 6.289963 0.932404 13.569109 -0.126801 -0.612098 -2.869612
    73 -1.327759 -0.766682 12.396324 -0.037581 -0.014156 0.326589
    74 0.000017 -54.999996 0.000000 0.000000 0.000000 -1.570796
  time 21
    0 0.000000 0.000000 -1.500000 0.000000 0.000000 0.000000
    1 -10.521344 -5.760963 66.994621 3.097005 -0.050653 -3.139334
    2 -4.406013 1.226176 17.193865 -0.071020 0.541544 0.389634
    3 -0.000034 0.000012 24.761454 -1.065328 -0.123586 -0.253301
    4 0.000017 0.000000 24.344809 1.692467 -0.194925 -0.166895
    5 0.002333 -1.019846 24.031336 0.905803 -0.045538 -0.006445
    6 0.000034 0.000008 13.404741 -0.000001 -0.000009 -0.142805
    7 10.398263 -5.760962 66.994675 3.097005 0.050653 3.139334
    8 -0.257987 -8.094420 19.367113 0.861495 -0.588539 0.294888
    9 -0.000004 -0.000006 24.761459 -1.878531 0.217625 -0.696262
    10 -0.000007 0.000004 24.344891 1.848245 0.088062 -0.126670
    11 -0.002360 -1.019903 24.031330 0.389594 -0.042695 -0.017219
    12 0.000000 -0.000002 13.404737 0.000001 0.000005 -0.364359
    13 -0.061540 -5.245835 72.927078 0.000000 0.000000 0.000000
    14 2.704531 -3.745516 -18.503608 -0.010773 0.027514 0.038612
    15 0.000000 -0.005608 -1.146812 0.219778 0.093698 -0.495859
    16 0.030770 -0.240000 8.906021 -0.004138 0.000000 0.000000
    17 -0.484367 -2.428906 -0.422286 0.386686 -0.051939 -0.075948
    18 0.030770 -0.276858 8.905140 0.056125 0.004134 -0.000049
    19 0.053424 -0.487420 0.041795 0.285890 0.005082 -0.009745
    20 5.669724 4.435303 14.302868 2.810029 -1.242560 0.728342
    21 -1.044571 -2.839317 19.743267 -0.245991 -0.714340 0.113745
    22 2.655533 -1.533369 24.792658 -0.600700 0.084310 -0.163504
    23 1.120163 -0.154394 9.796035 -0.033406 -0.000285 -0.290397
    24 2.240311 -0.308786 19.592051 -0.247265 -0.140743 -0.542108
    25 0.683151 2.877354 14.167051 0.019681 -0.082206 1.379730
    26 0.144936 -0.145374 7.579252 -1.379686 -0.237176 0.163227
    27 0.091660 -0.906685 4.702850 -0.488902 -0.077054 0.017234
    28 0.506271 8.500866 13.617253 0.137698 0.210531 1.351707
    29 -0.384987 -0.460049 7.003448 -0.849319 -0.405791 0.223484
    30 0.561516 -0.596954 5.061852 -0.819089 -0.300163 0.145987
    31 -2.452171 -8.899406 11.597897 -0.294713 -0.414743 1.063430
    32 0.680496 -0.903999 6.074253 -0.957052 0.107245 0.014170
    33 0.245514 -0.661150 3.388004 -0.344028 0.091198 -0.012652
    34 -0.717484 -3.784271 13.043911 -0.425688 -0.227494 1.345876
    35 1.099216 -1.407745 8.017889 -1.107237 0.012667 0.001140
    36 0.068439 -0.807653 3.686054 -0.482482 -0.000028 0.002520
    37 -4.004929 6.172707 4.754754 0.219530 1.177032 2.574189
    38 0.158352 -1.149811 5.804394 -0.126739 -0.176530 0.257326
    39 -1.083523 -1.463142 5.544399 -1.336547 -0.294695 0.250555
    40 -6.289886 0.932434 13.569063 -0.126803 0.612110 2.869610
    41 1.327774 -0.766687 12.396328 -0.011327 0.005792 -0.102906
    42 -0.096140 1.828087 23.185329 0.003173 0.003709 -1.540355
    43 2.325478 -0.000003 6.169296 -1.019997 0.017124 1.489505
    44 0.000000 -3.152912 0.122169 2.256373 0.000000 0.000000
    45 1.068383 -10.478592 7.066338 0.292219 -1.282324 -3.141588
    46 0.000000 0.000000 2.279457 0.547137 -0.343566 0.107833
    47 2.479414 -8.323895 6.074242 -0.008855 0.007342 1.561876
    48 0.000003 -5.075260 5.105362 0.000000 0.000000 0.000000
    49 -1.068383 -10.478611 7.065971 0.292231 1.282324 3.141588
    50 -0.000488 0.000015 2.279600 0.547136 0.343566 0.107835
    51 -2.479401 -8.323895 6.074234 0.008854 0.007354 1.579716
    52 -5.790000 4.432083 14.255558 -2.987631 1.331124 -0.314754
    53 1.044540 -2.839314 19.743252 -0.572924 0.672244 -0.193123
    54 -2.655510 -1.533379 24.792648 -0.379983 -0.084406 0.653988
    55 -1.120216 -0.154385 9.795983 -0.020175 -0.001013 0.175295
    56 -2.240372 -0.308788 19.592047 -0.270649 0.112477 0.311394
    57 -0.683205 2.877342 14.167089 -0.182377 0.171745 -1.411219
    58 -0.144958 -0.145317 7.579308 -1.108918 0.263246 -0.067182
    59 -0.038551 -0.936644 4.697678 -0.890188 0.183193 -0.067011
    60 -0.506317 8.500896 13.617329 0.179037 -0.192330 -1.356358
    61 0.385056 -0.460075 7.003435 -0.938887 0.517465 -0.132697
    62 -0.456360 -0.710276 5.057732 -0.748858 0.394580 -0.121443
    63 2.452194 -8.899408 11.597939 -0.867492 0.493186 -1.206904
    64 -0.680515 -0.903999 6.074242 -1.354229 -0.163772 -0.010048
    65 -0.248295 -0.666843 3.386627 -0.745056 -0.119115 0.041246
    66 0.717491 -3.784309 13.044010 -0.756932 0.225146 -1.407110
    67 -1.099228 -1.407673 8.017876 -1.315097 -0.014599 0.007043
    68 -0.064053 -0.807640 3.686100 -0.460859 0.001182 -0.006970
    69 4.004906 6.172710 4.754800 0.657523 -1.047644 -2.805759
    70 -0.158381 -1.149773 5.804405 -0.321077 0.033777 0.226773
    71 1.078559 -2.386406 5.215008 -1.114136 0.766880 -0.011851
    72 6.289963 0.932404 13.569109 -0.126801 -0.612098 -2.869612
    73 -1.327759 -0.766682 12.396324 -0.041308 -0.014852 0.357216
    74 0.000017 -54.999996 0.000000 0.000000 0.000000 -1.570796
  time 22
    0 0.000000 0.000000 -1.500000 0.000000 0.000000 0.000000
    1 -10.521344 -5.760963 66.994621 3.097005 -0.050653 -3.139334
    2 -4.519298 1.422608 17.373261 -0.048747 0.543269 0.409339
    3 -0.000034 0.000012 24.761454 -1.084881 -0.125851 -0.271054
    4 0.000017 0.000000 24.344809 1.700543 -0.196147 -0.168969
    5 0.002333 -1.019846 24.031336 0.906475 -0.045538 -0.006480
    6 0.000034 0.000008 13.404741 -0.000001 -0.000009 -0.152866
    7 10.398263 -5.760962 66.994675 3.097005 0.050653 3.139334
    8 -0.191579 -8.194335 19.591914 0.855182 -0.605001 0.308833
    9 -0.000004 -0.000006 24.761459 -1.889805 0.218919 -0.716072
    10 -0.000007 0.000004 24.344891 1.856958 0.090173 -0.126481
    11 -0.002360 -1.019903 24.031330 0.389594 -0.042695 -0.017219
    12 0.000000 -0.000002 13.404737 0.000001 0.000005 -0.375780
    13 -0.061540 -5.245835 72.927078 0.000000 0.000000 0.000000
    14 2.727970 -3.698933 -18.728919 -0.010549 0.028701 0.025220
    15 0.000000 -0.005608 -1.146812 0.219778 0.094436 -0.498549
    16 0.030770 -0.240000 8.906021 -0.004138 0.000000 0.000000
    17 -0.464835 -2.362497 -0.383222 0.371303 -0.045824 -0.080860
    18 0.030770 -0.276858 8.905140 0.056125 0.004134 -0.000049
    19 0.037798 -0.592892 0.033982 0.323709 0.002346 -0.010608
    20 5.669724 4.435303 14.302868 2.801511 -1.238684 0.726330
    21 -1.044571 -2.839317 19.743267 -0.246676 -0.729317 0.115494
    22 2.655533 -1.533369 24.792658 -0.586900 0.084848 -0.192294
    23 1.120163 -0.154394 9.796035 -0.033143 -0.000249 -0.288017
    24 2.240311 -0.308786 19.592051 -0.252052 -0.135447 -0.536490
    25 0.683151 2.877354 14.167051 0.035041 -0.079557 1.378918
    26 0.144936 -0.145374 7.579252 -1.361564 -0.236242 0.159979
    27 0.091660 -0.906685 4.702850 -0.471456 -0.073986 0.015688
    28 0.506271 8.500866 13.617253 0.141465 0.211761 1.352139
    29 -0.384987 -0.460049 7.003448 -0.844446 -0.404880 0.221914
    30 0.561516 -0.596954 5.061852 -0.814520 -0.299072 0.144560
    31 -2.452171 -8.899406 11.597897 -0.273145 -0.408947 1.058437
    32 0.680496 -0.903999 6.074253 -0.935123 0.104824 0.014302
    33 0.245514 -0.661150 3.388004 -0.321926 0.089928 -0.011369
    34 -0.717484 -3.784271 13.043911 -0.404522 -0.228046 1.343110
    35 1.099216 -1.407745 8.017889 -1.084691 0.011768 0.001608
    36 0.068439 -0.807653 3.686054 -0.459987 -0.000783 0.002400
    37 -4.004929 6.172707 4.754754 0.219350 1.176996 2.574189
    38 0.158352 -1.149811 5.804394 -0.110805 -0.174256 0.260850
    39 -1.083523 -1.463142 5.544399 -1.319387 -0.296829 0.249588
    40 -6.289886 0.932434 13.569063 -0.126803 0.612110 2.869610
    41 1.327774 -0.766687 12.396328 -0.012742 0.006415 -0.115259
    42 -0.096140 1.828087 23.185329 0.005809 -0.004066 -1.542006
    43 2.325478 -0.000003 6.169296 -0.986763 0.031420 1.507865
    44 0.000000 -3.152912 0.122169 2.236778 0.000000 0.000000
    45 1.068383 -10.478592 7.066338 0.292219 -1.282324 -3.141588
    46 0.000000 0.000000 2.279457 0.547137 -0.343566 0.107833
    47 2.479414 -8.323895 6.074242 -0.008855 0.007342 1.561876
    48 0.000003 -5.075260 5.105362 0.000000 0.000000 0.000000
    49 -1.068383 -10.478611 7.065971 0.292219 1.282324 3.141588
    50 -0.000488 0.000015 2.279600 0.547136 0.343566 0.107835
    51 -2.479401 -8.323895 6.074234 0.008854 0.007354 1.579716
    52 -5.790000 4.432083 14.255558 -3.024728 1.328008 -0.321652
    53 1.044540 -2.839314 19.743252 -0.597636 0.631882 -0.183407
    54 -2.655510 -1.533379 24.792648 -0.383908 -0.083668 0.693822
    55 -1.120216 -0.154385 9.795983 -0.020331 -0.001013 0.176574
    56 -2.240372 -0.308788 19.592047 -0.272558 0.109606 0.313542
    57 -0.683205 2.877342 14.167089 -0.162578 0.168999 -1.408424
    58 -0.144958 -0.145317 7.579308 -1.087775 0.260226 -0.062952
    59 -0.038551 -0.936644 4.697678 -0.869773 0.179274 -0.063596
    60 -0.506317 8.500896 13.617329 0.195102 -0.197805 -1.357886
    61 0.385056 -0.460075 7.003435 -0.920239 0.512460 -0.124765
    62 -0.456360 -0.710276 5.057732 -0.731855 0.387723 -0.115686
    63 2.452194 -8.899408 11.597939 -0.850136 0.491002 -1.201398
    64 -0.680515 -0.903999 6.074242 -1.336227 -0.161866 -0.011186
    65 -0.248295 -0.666843 3.386627 -0.726697 -0.118300 0.039735
    66 0.717491 -3.784309 13.044010 -0.735610 0.226980 -1.404382
    67 -1.099228 -1.407673 8.017876 -1.292177 -0.013940 0.006612
    68 -0.064053 -0.807640 3.686100 -0.437900 0.002009 -0.006862
    69 4.004906 6.172710 4.754800 0.657598 -1.047644 -2.805677
    70 -0.158381 -1.149773 5.804405 -0.304439 0.021867 0.219125
    71 1.078559 -2.386406 5.215008 -1.089245 0.757139 -0.003338
    72 6.289963 0.932404 13.569109 -0.126801 -0.612098 -2.869612
    73 -1.327759 -0.766682 12.396324 -0.044209 -0.015295 0.381089
    74 0.000017 -54.999996 0.000000 0.000000 0.000000 -1.570796
  time 23
    0 0.000000 0.000000 -1.500000 0.000000 0.000000 0.000000
    1 -10.521344 -5.760963 66.994621 3.097005 -0.050653 -3.139334
    2 -4.620863 1.631316 17.507809 -0.027774 0.543798 0.428344
    3 -0.000034 0.000012 24.761454 -1.100817 -0.127685 -0.287219
    4 0.000017 0.000000 24.344809 1.705598 -0.196917 -0.170503
    5 0.002333 -1.019846 24.031336 0.907035 -0.045526 -0.006504
    6 0.000034 0.000008 13.404741 -0.000001 -0.000009 -0.162253
    7 10.398263 -5.760962 66.994675 3.097005 0.050653 3.139334
    8 -0.125170 -8.281761 19.726795 0.847163 -0.620547 0.323109
    9 -0.000004 -0.000006 24.761459 -1.897065 0.219758 -0.734554
    10 -0.000007 0.000004 24.344891 1.863089 0.092084 -0.125535
    11 -0.002360 -1.019903 24.031330 0.389594 -0.042695 -0.017219
    12 0.000000 -0.000002 13.404737 0.000001 0.000005 -0.386193
    13 -0.061540 -5.245835 72.927078 0.000000 0.000000 0.000000
    14 2.747501 -3.640705 -18.841574 -0.009909 0.029733 0.012128
    15 0.000000 -0.005608 -1.146812 0.219778 0.095094 -0.500968
    16 0.030770 -0.240000 8.906021 -0.004138 0.000000 0.000000
    17 -0.437490 -2.299996 -0.351972 0.357919 -0.034911 -0.094836
    18 0.030770 -0.276858 8.905140 0.056125 0.004134 -0.000049
    19 0.018266 -0.667113 0.018356 0.352054 -0.001213 -0.012753
    20 5.669724 4.435303 14.302868 2.785624 -1.236358 0.721346
    21 -1.044571 -2.839317 19.743267 -0.229799 -0.744242 0.111461
    22 2.655533 -1.533369 24.792658 -0.583081 0.085847 -0.227393
    23 1.120163 -0.154394 9.796035 -0.032879 -0.000201 -0.285775
    24 2.240311 -0.308786 19.592051 -0.256143 -0.129139 -0.531426
    25 0.683151 2.877354 14.167051 0.053747 -0.076321 1.377969
    26 0.144936 -0.145374 7.579252 -1.339818 -0.235031 0.156084
    27 0.091660 -0.906685 4.702850 -0.450531 -0.070271 0.013902
    28 0.506271 8.500866 13.617253 0.151593 0.215232 1.353310
    29 -0.384987 -0.460049 7.003448 -0.831463 -0.402339 0.217684
    30 0.561516 -0.596954 5.061852 -0.802024 -0.296100 0.140785
    31 -2.452171 -8.899406 11.597897 -0.253096 -0.403510 1.053874
    32 0.680496 -0.903999 6.074253 -0.915058 0.102619 0.014386
    33 0.245514 -0.661150 3.388004 -0.301635 0.088801 -0.010159
    34 -0.717484 -3.784271 13.043911 -0.383136 -0.228525 1.340267
    35 1.099216 -1.407745 8.017889 -1.062454 0.010917 0.001943
    36 0.068439 -0.807653 3.686054 -0.437741 -0.001622 0.002269
    37 -4.004929 6.172707 4.754754 0.219260 1.176856 2.574094
    38 0.158352 -1.149811 5.804394 -0.091692 -0.171599 0.265140
    39 -1.083523 -1.463142 5.544399 -1.298722 -0.299357 0.248442
    40 -6.289886 0.932434 13.569063 -0.126803 0.612110 2.869610
    41 1.327774 -0.766687 12.396328 -0.014395 0.007122 -0.129972
    42 -0.096140 1.828087 23.185329 0.008566 -0.012352 -1.543810
    43 2.325478 -0.000003 6.169296 -0.949279 0.051054 1.538358
    44 0.000000 -3.152912 0.122169 2.198923 0.000000 0.000000
    45 1.068383 -10.478592 7.066338 0.292219 -1.282324 -3.141588
    46 0.000000 0.000000 2.279457 0.547137 -0.343566 0.107833
    47 2.479414 -8.323895 6.074242 -0.008855 0.007342 1.561876
    48 0.000003 -5.075260 5.105362 0.000000 0.000000 0.000000
    49 -1.068383 -10.478611 7.065971 0.292219 1.282324 3.141588
    50 -0.000488 0.000015 2.279600 0.547136 0.343566 0.107835
    51 -2.479401 -8.323895 6.074234 0.008854 0.007354 1.579716
    52 -5.790000 4.432083 14.255558 -3.047063 1.325308 -0.325676
    53 1.044540 -2.839314 19.743252 -0.627412 0.594488 -0.174317
    54 -2.655510 -1.533379 24.792648 -0.391457 -0.083293 0.712755
    55 -1.120216 -0.154385 9.795983 -0.020451 -0.000989 0.177662
    56 -2.240372 -0.308788 19.592047 -0.271718 0.106784 0.315776
    57 -0.683205 2.877342 14.167089 -0.145650 0.166571 -1.406077
    58 -0.144958 -0.145317 7.579308 -1.070283 0.257589 -0.059428
    59 -0.038551 -0.936644 4.697678 -0.852613 0.176014 -0.060756
    60 -0.506317 8.500896 13.617329 0.207019 -0.201826 -1.359144
    61 0.385056 -0.460075 7.003435 -0.906771 0.508780 -0.119099
    62 -0.456360 -0.710276 5.057732 -0.719612 0.382742 -0.111579
    63 2.452194 -8.899408 11.597939 -0.829079 0.488237 -1.194796
    64 -0.680515 -0.903999 6.074242 -1.314452 -0.159541 -0.012492
    65 -0.248295 -0.666843 3.386627 -0.704882 -0.117245 0.037974
    66 0.717491 -3.784309 13.044010 -0.714188 0.228766 -1.401567
    67 -1.099228 -1.407673 8.017876 -1.269482 -0.013256 0.006216
    68 -0.064053 -0.807640 3.686100 -0.415279 0.002824 -0.006742
    69 4.004906 6.172710 4.754800 0.657598 -1.047644 -2.805759
    70 -0.158381 -1.149773 5.804405 -0.287731 0.010010 0.211272
    71 1.078559 -2.386406 5.215008 -1.065309 0.747552 0.004554
    72 6.289963 0.932404 13.569109 -0.126801 -0.612098 -2.869612
    73 -1.327759 -0.766682 12.396324 -0.045946 -0.015535 0.395246
    74 0.000017 -54.999996 0.000000 0.000000 0.000000 -1.570796
  time 24
    0 0.000000 0.000000 -1.500000 0.000000 0.000000 0.000000
    1 -10.521344 -5.760963 66.994621 3.097005 -0.050653 -3.139334
    2 -4.702897 1.827748 17.575082 -0.009122 0.543548 0.444946
    3 -0.000034 0.000012 24.761454 -1.114801 -0.129303 -0.300982
    4 0.000017 0.000000 24.344809 1.709420 -0.197279 -0.171713
    5 0.002333 -1.019846 24.031336 0.907558 -0.045526 -0.006528
    6 0.000034 0.000008 13.404741 -0.000001 -0.000009 -0.170395
    7 10.398263 -5.760962 66.994675 3.097005 0.050653 3.139334
    8 -0.058762 -8.331718 19.839196 0.840082 -0.634667 0.335734
    9 -0.000004 -0.000006 24.761459 -1.902565 0.220381 -0.750776
    10 -0.000007 0.000004 24.344891 1.867413 0.093862 -0.124337
    11 -0.002360 -1.019903 24.031330 0.389594 -0.042695 -0.017219
    12 0.000000 -0.000002 13.404737 0.000001 0.000005 -0.395296
    13 -0.061540 -5.245835 72.927078 0.000000 0.000000 0.000000
    14 2.755314 -3.570831 -18.954230 -0.008949 0.030611 0.000718
    15 0.000000 -0.005608 -1.146812 0.219810 0.095675 -0.503087
    16 0.030770 -0.240000 8.906021 -0.004138 0.000000 0.000000
    17 -0.410146 -2.245306 -0.324627 0.346303 -0.022604 -0.112487
    18 0.030770 -0.276858 8.905140 0.056125 0.004134 -0.000049
    19 0.002641 -0.725709 0.018356 0.372429 -0.004566 -0.015317
    20 5.669724 4.435303 14.302868 2.770407 -1.236922 0.711092
    21 -1.044571 -2.839317 19.743267 -0.219476 -0.754678 0.108895
    22 2.655533 -1.533369 24.792658 -0.584513 0.087038 -0.266696
    23 1.120163 -0.154394 9.796035 -0.032651 -0.000165 -0.283809
    24 2.240311 -0.308786 19.592051 -0.259015 -0.121726 -0.527193
    25 0.683151 2.877354 14.167051 0.074319 -0.072774 1.377032
    26 0.144936 -0.145374 7.579252 -1.316353 -0.233533 0.151733
    27 0.091660 -0.906685 4.702850 -0.428050 -0.066460 0.012033
    28 0.506271 8.500866 13.617253 0.166662 0.220308 1.355097
    29 -0.384987 -0.460049 7.003448 -0.812398 -0.398552 0.211584
    30 0.561516 -0.596954 5.061852 -0.783853 -0.291678 0.135320
    31 -2.452171 -8.899406 11.597897 -0.235933 -0.398610 1.050008
    32 0.680496 -0.903999 6.074253 -0.898283 0.100774 0.014410
    33 0.245514 -0.661150 3.388004 -0.284859 0.087699 -0.009284
    34 -0.717484 -3.784271 13.043911 -0.363117 -0.228920 1.337624
    35 1.099216 -1.407745 8.017889 -1.042042 0.010150 0.002255
    36 0.068439 -0.807653 3.686054 -0.417378 -0.002389 0.002113
    37 -4.004929 6.172707 4.754754 0.219080 1.176592 2.573902
    38 0.158352 -1.149811 5.804394 -0.071181 -0.168869 0.269802
    39 -1.083523 -1.463142 5.544399 -1.276591 -0.302054 0.247088
    40 -6.289886 0.932434 13.569063 -0.126803 0.612110 2.869610
    41 1.327774 -0.766687 12.396328 -0.016433 0.007925 -0.147648
    42 -0.096140 1.828087 23.185329 0.011357 -0.020828 -1.545797
    43 2.325478 -0.000003 6.169296 -0.916666 0.070341 1.572643
    44 0.000000 -3.152912 0.122169 2.147088 0.000000 0.000000
    45 1.068383 -10.478592 7.066338 0.292219 -1.282324 -3.141588
    46 0.000000 0.000000 2.279457 0.547137 -0.343566 0.107833
    47 2.479414 -8.323895 6.074242 -0.008855 0.007342 1.561876
    48 0.000003 -5.075260 5.105362 0.000000 0.000000 0.000000
    49 -1.068383 -10.478611 7.065971 0.292219 1.282324 3.141588
    50 -0.000488 0.000015 2.279600 0.547136 0.343566 0.107835
    51 -2.479401 -8.323895 6.074234 0.008854 0.007354 1.579716
    52 -5.790000 4.432083 14.255558 -3.055307 1.323148 -0.327114
    53 1.044540 -2.839314 19.743252 -0.658357 0.565107 -0.167105
    54 -2.655510 -1.533379 24.792648 -0.401220 -0.083293 0.716541
    55 -1.120216 -0.154385 9.795983 -0.020547 -0.001001 0.178505
    56 -2.240372 -0.308788 19.592047 -0.267060 0.103616 0.318525
    57 -0.683205 2.877342 14.167089 -0.133276 0.164780 -1.404358
    58 -0.144958 -0.145317 7.579308 -1.057641 0.255660 -0.056911
    59 -0.038551 -0.936644 4.697678 -0.840236 0.173617 -0.058754
    60 -0.506317 8.500896 13.617329 0.215994 -0.204783 -1.360042
    61 0.385056 -0.460075 7.003435 -0.896886 0.505994 -0.114949
    62 -0.456360 -0.710276 5.057732 -0.710576 0.379012 -0.108595
    63 2.452194 -8.899408 11.597939 -0.806072 0.485054 -1.187646
    64 -0.680515 -0.903999 6.074242 -1.290953 -0.157001 -0.013883
    65 -0.248295 -0.666843 3.386627 -0.681610 -0.116131 0.036092
    66 0.717491 -3.784309 13.044010 -0.694161 0.230371 -1.398888
    67 -1.099228 -1.407673 8.017876 -1.248523 -0.012693 0.005953
    68 -0.064053 -0.807640 3.686100 -0.394627 0.003662 -0.006599
    69 4.004906 6.172710 4.754800 0.657749 -1.047644 -2.805595
    70 -0.158381 -1.149773 5.804405 -0.272733 -0.000477 0.204034
    71 1.078559 -2.386406 5.215008 -1.043381 0.738484 0.011569
    72 6.289963 0.932404 13.569109 -0.126801 -0.612098 -2.869612
    73 -1.327759 -0.766682 12.396324 -0.046737 -0.015631 0.401723
    74 0.000017 -54.999996 0.000000 0.000000 0.000000 -1.570796
  time 25
    0 0.000000 0.000000 -1.500000 0.000000 0.000000 0.000000
    1 -10.521344 -5.760963 66.994621 3.097005 -0.050653 -3.139334
    2 -4.757586 2.011903 17.642356 0.007616 0.542407 0.459451
    3 -0.000034 0.000012 24.761454 -1.127240 -0.130741 -0.312587
    4 0.000017 0.000000 24.344809 1.712564 -0.197166 -0.172469
    5 0.002333 -1.019846 24.031336 0.907931 -0.045526 -0.006552
    6 0.000034 0.000008 13.404741 -0.000001 -0.000009 -0.177503
    7 10.398263 -5.760962 66.994675 3.097005 0.050653 3.139334
    8 0.015459 -8.356697 19.929117 0.833769 -0.647544 0.347039
    9 -0.000004 -0.000006 24.761459 -1.906469 0.220849 -0.764915
    10 -0.000007 0.000004 24.344891 1.869866 0.095595 -0.122761
    11 -0.002360 -1.019903 24.031330 0.389594 -0.042695 -0.017219
    12 0.000000 -0.000002 13.404737 0.000001 0.000005 -0.403197
    13 -0.061540 -5.245835 72.927078 0.000000 0.000000 0.000000
    14 2.739689 -3.500957 -19.021823 -0.007701 0.031282 -0.009191
    15 0.000000 -0.005608 -1.146812 0.219810 0.096177 -0.504800
    16 0.030770 -0.240000 8.906021 -0.004138 0.000000 0.000000
    17 -0.386707 -2.202336 -0.309001 0.336370 -0.012121 -0.128221
    18 0.030770 -0.276858 8.905140 0.056125 0.004134 -0.000049
    19 -0.016891 -0.760866 0.010544 0.385940 -0.006603 -0.017475
    20 5.669724 4.435303 14.302868 2.759400 -1.241397 0.697771
    21 -1.044571 -2.839317 19.743267 -0.230679 -0.757444 0.113012
    22 2.655533 -1.533369 24.792658 -0.590111 0.088191 -0.305596
    23 1.120163 -0.154394 9.796035 -0.032472 -0.000141 -0.282084
    24 2.240311 -0.308786 19.592051 -0.260103 -0.112885 -0.523949
    25 0.683151 2.877354 14.167051 0.095055 -0.069155 1.376133
    26 0.144936 -0.145374 7.579252 -1.293260 -0.232167 0.147862
    27 0.091660 -0.906685 4.702850 -0.405705 -0.062205 0.010367
    28 0.506271 8.500866 13.617253 0.185004 0.226437 1.357409
    29 -0.384987 -0.460049 7.003448 -0.789562 -0.393866 0.204345
    30 0.561516 -0.596954 5.061852 -0.762004 -0.286225 0.128885
    31 -2.452171 -8.899406 11.597897 -0.223327 -0.395045 1.047270
    32 0.680496 -0.903999 6.074253 -0.886268 0.099443 0.014410
    33 0.245514 -0.661150 3.388004 -0.272397 0.086944 -0.008637
    34 -0.717484 -3.784271 13.043911 -0.346008 -0.229232 1.335334
    35 1.099216 -1.407745 8.017889 -1.025083 0.009623 0.002375
    36 0.068439 -0.807653 3.686054 -0.400214 -0.003192 0.001921
    37 -4.004929 6.172707 4.754754 0.218720 1.176222 2.573520
    38 0.158352 -1.149811 5.804394 -0.050882 -0.166242 0.274452
    39 -1.083523 -1.463142 5.544399 -1.254618 -0.304691 0.245693
    40 -6.289886 0.932434 13.569063 -0.126803 0.612110 2.869610
    41 1.327774 -0.766687 12.396328 -0.018734 0.008812 -0.167634
    42 -0.096140 1.828087 23.185329 0.014130 -0.029432 -1.547876
    43 2.325478 -0.000003 6.169296 -0.890212 0.086112 1.604414
    44 0.000000 -3.152912 0.122169 2.092454 0.000000 0.000000
    45 1.068383 -10.478592 7.066338 0.292219 -1.282324 -3.141588
    46 0.000000 0.000000 2.279457 0.547137 -0.343566 0.107833
    47 2.479414 -8.323895 6.074242 -0.008855 0.007342 1.561876
    48 0.000003 -5.075260 5.105362 0.000000 0.000000 0.000000
    49 -1.068383 -10.478611 7.065971 0.292219 1.282324 3.141588
    50 -0.000488 0.000015 2.279600 0.547136 0.343566 0.107835
    51 -2.479401 -8.323895 6.074234 0.008854 0.007354 1.579716
    52 -5.790000 4.432083 14.255558 -3.050418 1.321570 -0.326156
    53 1.044540 -2.839314 19.743252 -0.686519 0.546113 -0.162587
    54 -2.655510 -1.533379 24.792648 -0.411990 -0.083539 0.711165
    55 -1.120216 -0.154385 9.795983 -0.020619 -0.000977 0.179158
    56 -2.240372 -0.308788 19.592047 -0.259194 0.100398 0.321446
    57 -0.683205 2.877342 14.167089 -0.123921 0.163427 -1.403102
    58 -0.144958 -0.145317 7.579308 -1.048268 0.254210 -0.055078
    59 -0.038551 -0.936644 4.697678 -0.831163 0.171819 -0.057304
    60 -0.506317 8.500896 13.617329 0.224215 -0.207481 -1.360986
    61 0.385056 -0.460075 7.003435 -0.888037 0.503483 -0.111244
    62 -0.456360 -0.710276 5.057732 -0.702511 0.375649 -0.105963
    63 2.452194 -8.899408 11.597939 -0.782905 0.481685 -1.180520
    64 -0.680515 -0.903999 6.074242 -1.267884 -0.154484 -0.015165
    65 -0.248295 -0.666843 3.386627 -0.658255 -0.114932 0.034282
    66 0.717491 -3.784309 13.044010 -0.676974 0.231690 -1.396581
    67 -1.099228 -1.407673 8.017876 -1.231544 -0.012166 0.005593
    68 -0.064053 -0.807640 3.686100 -0.376901 0.004238 -0.006479
    69 4.004906 6.172710 4.754800 0.657824 -1.047623 -2.805677
    70 -0.158381 -1.149773 5.804405 -0.259966 -0.009239 0.197822
    71 1.078559 -2.386406 5.215008 -1.025417 0.730918 0.017159
    72 6.289963 0.932404 13.569109 -0.126801 -0.612098 -2.869612
    73 -1.327759 -0.766682 12.396324 -0.046905 -0.015655 0.402972
    74 0.000017 -54.999996 0.000000 0.000000 0.000000 -1.570796
  time 26
    0 0.000000 0.000000 -1.500000 0.000000 0.000000 0.000000
    1 -10.521344 -5.760963 66.994621 3.097005 -0.050653 -3.139334
    2 -4.784931 2.196058 17.642356 0.022236 0.540569 0.471772
    3 -0.000034 0.000012 24.761454 -1.138541 -0.132047 -0.321992
    4 0.000017 0.000000 24.344809 1.715030 -0.196486 -0.172750
    5 0.002333 -1.019846 24.031336 0.908118 -0.045526 -0.006552
    6 0.000034 0.000008 13.404741 -0.000001 -0.000009 -0.183536
    7 10.398263 -5.760962 66.994675 3.097005 0.050653 3.139334
    8 0.097493 -8.356697 19.974077 0.828224 -0.659396 0.356611
    9 -0.000004 -0.000006 24.761459 -1.908999 0.221136 -0.777010
    10 -0.000007 0.000004 24.344891 1.870834 0.097417 -0.120764
    11 -0.002360 -1.019903 24.031330 0.389594 -0.042695 -0.017219
    12 0.000000 -0.000002 13.404737 0.000001 0.000005 -0.409831
    13 -0.061540 -5.245835 72.927078 0.000000 0.000000 0.000000
    14 2.712344 -3.419437 -19.066885 -0.006197 0.031729 -0.017899
    15 0.000000 -0.005608 -1.146812 0.219810 0.096584 -0.506077
    16 0.030770 -0.240000 8.906021 -0.004138 0.000000 0.000000
    17 -0.367175 -2.159366 -0.289470 0.328205 -0.004145 -0.140520
    18 0.030770 -0.276858 8.905140 0.056125 0.004134 -0.000049
    19 -0.024704 -0.784304 0.002731 0.393876 -0.007179 -0.018961
    20 5.669724 4.435303 14.302868 2.756051 -1.250840 0.682821
    21 -1.044571 -2.839317 19.743267 -0.255237 -0.756818 0.121331
    22 2.655533 -1.533369 24.792658 -0.606515 0.089459 -0.337702
    23 1.120163 -0.154394 9.796035 -0.032304 -0.000117 -0.280670
    24 2.240311 -0.308786 19.592051 -0.259537 -0.103170 -0.521852
    25 0.683151 2.877354 14.167051 0.114365 -0.065739 1.375372
    26 0.144936 -0.145374 7.579252 -1.272072 -0.230729 0.144147
    27 0.091660 -0.906685 4.702850 -0.385330 -0.058454 0.008869
    28 0.506271 8.500866 13.617253 0.205075 0.233160 1.360059
    29 -0.384987 -0.460049 7.003448 -0.765126 -0.388653 0.196711
    30 0.561516 -0.596954 5.061852 -0.738548 -0.280196 0.122089
    31 -2.452171 -8.899406 11.597897 -0.213910 -0.392336 1.045257
    32 0.680496 -0.903999 6.074253 -0.877108 0.098437 0.014398
    33 0.245514 -0.661150 3.388004 -0.263503 0.086405 -0.008146
    34 -0.717484 -3.784271 13.043911 -0.333397 -0.229424 1.333659
    35 1.099216 -1.407745 8.017889 -1.012626 0.009023 0.002662
    36 0.068439 -0.807653 3.686054 -0.387918 -0.003479 0.001861
    37 -4.004929 6.172707 4.754754 0.218359 1.175747 2.572945
    38 0.158352 -1.149811 5.804394 -0.032278 -0.163938 0.278731
    39 -1.083523 -1.463142 5.544399 -1.234475 -0.307076 0.244381
    40 -6.289886 0.932434 13.569063 -0.126803 0.612110 2.869610
    41 1.327774 -0.766687 12.396328 -0.020855 0.009579 -0.186013
    42 -0.096140 1.828087 23.185329 0.016904 -0.037972 -1.550077
    43 2.325478 -0.000003 6.169296 -0.865382 0.097933 1.631714
    44 0.000000 -3.152912 0.122169 2.046136 0.000000 0.000000
    45 1.068383 -10.478592 7.066338 0.292219 -1.282324 -3.141588
    46 0.000000 0.000000 2.279457 0.547137 -0.343566 0.107833
    47 2.479414 -8.323895 6.074242 -0.008855 0.007342 1.561876
    48 0.000003 -5.075260 5.105362 0.000000 0.000000 0.000000
    49 -1.068383 -10.478611 7.065971 0.292219 1.282324 3.141588
    50 -0.000488 0.000015 2.279600 0.547136 0.343566 0.107835
    51 -2.479401 -8.323895 6.074234 0.008854 0.007354 1.579716
    52 -5.790000 4.432083 14.255558 -3.033355 1.320656 -0.323089
    53 1.044540 -2.839314 19.743252 -0.707891 0.542170 -0.163213
    54 -2.655510 -1.533379 24.792648 -0.421804 -0.083940 0.698139
    55 -1.120216 -0.154385 9.795983 -0.020667 -0.000977 0.179566
    56 -2.240372 -0.308788 19.592047 -0.248197 0.097428 0.324453
    57 -0.683205 2.877342 14.167089 -0.115457 0.162213 -1.401947
    58 -0.144958 -0.145317 7.579308 -1.039822 0.252867 -0.053424
    59 -0.038551 -0.936644 4.697678 -0.822830 0.170201 -0.055998
    60 -0.506317 8.500896 13.617329 0.231606 -0.209946 -1.361749
    61 0.385056 -0.460075 7.003435 -0.880094 0.501196 -0.107951
    62 -0.456360 -0.710276 5.057732 -0.695321 0.372630 -0.103628
    63 2.452194 -8.899408 11.597939 -0.761410 0.478386 -1.173942
    64 -0.680515 -0.903999 6.074242 -1.246756 -0.152147 -0.016268
    65 -0.248295 -0.666843 3.386627 -0.636940 -0.113806 0.032629
    66 0.717491 -3.784309 13.044010 -0.664420 0.232649 -1.394870
    67 -1.099228 -1.407673 8.017876 -1.218879 -0.011770 0.005402
    68 -0.064053 -0.807640 3.686100 -0.364409 0.004681 -0.006395
    69 4.004906 6.172710 4.754800 0.658502 -1.047518 -2.805677
    70 -0.158381 -1.149773 5.804405 -0.250723 -0.015537 0.193221
    71 1.078559 -2.386406 5.215008 -1.012566 0.725435 0.020995
    72 6.289963 0.932404 13.569109 -0.126801 -0.612098 -2.869612
    73 -1.327759 -0.766682 12.396324 -0.046450 -0.015595 0.399317
    74 0.000017 -54.999996 0.000000 0.000000 0.000000 -1.570796
  time 27
    0 0.000000 0.000000 -1.500000 0.000000 0.000000 0.000000
    1 -10.521344 -5.760963 66.994621 3.097005 -0.050653 -3.139334
    2 -4.784931 2.367936 17.687205 0.034738 0.538203 0.481864
    3 -0.000034 0.000012 24.761454 -1.148663 -0.133222 -0.329200
    4 0.000017 0.000000 24.344809 1.717249 -0.195309 -0.172599
    5 0.002333 -1.019846 24.031336 0.908230 -0.045526 -0.006564
    6 0.000034 0.000008 13.404741 -0.000001 -0.000009 -0.188409
    7 10.398263 -5.760962 66.994675 3.097005 0.050653 3.139334
    8 0.183433 -8.319229 20.019038 0.823617 -0.670224 0.364615
    9 -0.000004 -0.000006 24.761459 -1.910429 0.221304 -0.787022
    10 -0.000007 0.000004 24.344891 1.870382 0.099150 -0.118452
    11 -0.002360 -1.019903 24.031330 0.389594 -0.042695 -0.017219
    12 0.000000 -0.000002 13.404737 0.000001 0.000005 -0.415263
    13 -0.061540 -5.245835 72.927078 0.000000 0.000000 0.000000
    14 2.665468 -3.337917 -19.089416 -0.004500 0.031970 -0.025165
    15 0.000000 -0.005608 -1.146812 0.219810 0.096914 -0.506865
    16 0.030770 -0.240000 8.906021 -0.004138 0.000000 0.000000
    17 -0.343737 -2.128115 -0.277750 0.322102 0.002160 -0.151103
    18 0.030770 -0.276858 8.905140 0.056125 0.004134 -0.000049
    19 -0.028610 -0.799930 -0.001176 0.397415 -0.006582 -0.020003
    20 5.669724 4.435303 14.302868 2.766578 -1.264546 0.665092
    21 -1.044571 -2.839317 19.743267 -0.282584 -0.758540 0.130750
    22 2.655533 -1.533369 24.792658 -0.634723 0.090919 -0.359295
    23 1.120163 -0.154394 9.796035 -0.032184 -0.000105 -0.279635
    24 2.240311 -0.308786 19.592051 -0.257492 -0.092579 -0.520863
    25 0.683151 2.877354 14.167051 0.130931 -0.062839 1.374747
    26 0.144936 -0.145374 7.579252 -1.254229 -0.229386 0.140935
    27 0.091660 -0.906685 4.702850 -0.368205 -0.055458 0.007634
    28 0.506271 8.500866 13.617253 0.225578 0.239861 1.362894
    29 -0.384987 -0.460049 7.003448 -0.740903 -0.383308 0.189292
    30 0.561516 -0.596954 5.061852 -0.715414 -0.274084 0.115534
    31 -2.452171 -8.899406 11.597897 -0.205252 -0.389847 1.043432
    32 0.680496 -0.903999 6.074253 -0.868939 0.097538 0.014386
    33 0.245514 -0.661150 3.388004 -0.255248 0.085877 -0.007690
    34 -0.717484 -3.784271 13.043911 -0.323872 -0.229568 1.332399
    35 1.099216 -1.407745 8.017889 -1.003429 0.008676 0.002782
    36 0.068439 -0.807653 3.686054 -0.378785 -0.003815 0.001765
    37 -4.004929 6.172707 4.754754 0.217999 1.175201 2.572658
    38 0.158352 -1.149811 5.804394 -0.016726 -0.162045 0.282374
    39 -1.083523 -1.463142 5.544399 -1.217681 -0.309041 0.243249
    40 -6.289886 0.932434 13.569063 -0.126803 0.612110 2.869610
    41 1.327774 -0.766687 12.396328 -0.022485 0.010142 -0.199973
    42 -0.096140 1.828087 23.185329 0.019592 -0.046130 -1.552340
    43 2.325478 -0.000003 6.169296 -0.842605 0.106658 1.656340
    44 0.000000 -3.152912 0.122169 2.019250 0.000000 0.000000
    45 1.068383 -10.478592 7.066338 0.292219 -1.282324 -3.141588
    46 0.000000 0.000000 2.279457 0.547137 -0.343566 0.107833
    47 2.479414 -8.323895 6.074242 -0.008855 0.007342 1.561876
    48 0.000003 -5.075260 5.105362 0.000000 0.000000 0.000000
    49 -1.068383 -10.478611 7.065971 0.292219 1.282324 3.141588
    50 -0.000488 0.000015 2.279600 0.547136 0.343566 0.107835
    51 -2.479401 -8.323895 6.074234 0.008854 0.007354 1.579716
    52 -5.790000 4.432083 14.255558 -3.007570 1.320282 -0.318490
    53 1.044540 -2.839314 19.743252 -0.722640 0.551243 -0.168956
    54 -2.655510 -1.533379 24.792648 -0.428899 -0.084458 0.678979
    55 -1.120216 -0.154385 9.795983 -0.020678 -0.000989 0.179702
    56 -2.240372 -0.308788 19.592047 -0.234680 0.094953 0.327547
    57 -0.683205 2.877342 14.167089 -0.107785 0.161059 -1.400921
    58 -0.144958 -0.145317 7.579308 -1.032357 0.251753 -0.052022
    59 -0.038551 -0.936644 4.697678 -0.815334 0.168655 -0.054823
    60 -0.506317 8.500896 13.617329 0.238244 -0.212099 -1.362513
    61 0.385056 -0.460075 7.003435 -0.873058 0.499132 -0.105073
    62 -0.456360 -0.710276 5.057732 -0.689054 0.369978 -0.101627
    63 2.452194 -8.899408 11.597939 -0.743020 0.475505 -1.168413
    64 -0.680515 -0.903999 6.074242 -1.229132 -0.150122 -0.017226
    65 -0.248295 -0.666843 3.386627 -0.619080 -0.112919 0.031250
    66 0.717491 -3.784309 13.044010 -0.655004 0.233344 -1.393580
    67 -1.099228 -1.407673 8.017876 -1.209409 -0.011471 0.005210
    68 -0.064053 -0.807640 3.686100 -0.355349 0.004969 -0.006335
    69 4.004906 6.172710 4.754800 0.659104 -1.047456 -2.805513
    70 -0.158381 -1.149773 5.804405 -0.243922 -0.020137 0.189822
    71 1.078559 -2.386406 5.215008 -1.003058 0.721361 0.023809
    72 6.289963 0.932404 13.569109 -0.126801 -0.612098 -2.869612
    73 -1.327759 -0.766682 12.396324 -0.045491 -0.015475 0.391452
    74 0.000017 -54.999996 0.000000 0.000000 0.000000 -1.570796
  time 28
    0 0.000000 0.000000 -1.500000 0.000000 0.000000 0.000000
    1 -10.521344 -5.760963 66.994621 3.097005 -0.050653 -3.139334
    2 -4.757586 2.527537 17.709630 0.045260 0.535420 0.489772
    3 -0.000034 0.000012 24.761454 -1.157931 -0.134301 -0.334371
    4 0.000017 0.000000 24.344809 1.719161 -0.193634 -0.172058
    5 0.002333 -1.019846 24.031336 0.908118 -0.045526 -0.006564
    6 0.000034 0.000008 13.404741 -0.000001 -0.000009 -0.192205
    7 10.398263 -5.760962 66.994675 3.097005 0.050653 3.139334
    8 0.284999 -8.269272 20.041518 0.820119 -0.679954 0.370721
    9 -0.000004 -0.000006 24.761459 -1.910869 0.221352 -0.795133
    10 -0.000007 0.000004 24.344891 1.868704 0.100972 -0.115888
    11 -0.002360 -1.019903 24.031330 0.389594 -0.042695 -0.017219
    12 0.000000 -0.000002 13.404737 0.000001 0.000005 -0.419621
    13 -0.061540 -5.245835 72.927078 0.000000 0.000000 0.000000
    14 2.602966 -3.244751 -19.089416 -0.002676 0.031953 -0.031291
    15 0.000000 -0.005608 -1.146812 0.219841 0.097133 -0.507082
    16 0.030770 -0.240000 8.906021 -0.004138 0.000000 0.000000
    17 -0.335925 -2.104677 -0.269938 0.317788 0.006376 -0.158650
    18 0.030770 -0.276858 8.905140 0.056125 0.004134 -0.000049
    19 -0.028610 -0.803836 -0.005082 0.397415 -0.004710 -0.020471
    20 5.669724 4.435303 14.302868 2.791558 -1.281705 0.644296
    21 -1.044571 -2.839317 19.743267 -0.308903 -0.764072 0.140536
    22 2.655533 -1.533369 24.792658 -0.664189 0.092341 -0.368352
    23 1.120163 -0.154394 9.796035 -0.032112 -0.000093 -0.278980
    24 2.240311 -0.308786 19.592051 -0.253967 -0.081574 -0.521021
    25 0.683151 2.877354 14.167051 0.143165 -0.060669 1.374347
    26 0.144936 -0.145374 7.579252 -1.241451 -0.228535 0.138862
    27 0.091660 -0.906685 4.702850 -0.355843 -0.053013 0.006831
    28 0.506271 8.500866 13.617253 0.244660 0.246100 1.365668
    29 -0.384987 -0.460049 7.003448 -0.718814 -0.378238 0.182629
    30 0.561516 -0.596954 5.061852 -0.694243 -0.268331 0.109637
    31 -2.452171 -8.899406 11.597897 -0.197455 -0.387556 1.041767
    32 0.680496 -0.903999 6.074253 -0.861801 0.096747 0.014350
    33 0.245514 -0.661150 3.388004 -0.247739 0.085410 -0.007319
    34 -0.717484 -3.784271 13.043911 -0.315186 -0.229663 1.331247
    35 1.099216 -1.407745 8.017889 -0.995202 0.008448 0.002794
    36 0.068439 -0.807653 3.686054 -0.370398 -0.004258 0.001657
    37 -4.004929 6.172707 4.754754 0.218179 1.174532 2.572084
    38 0.158352 -1.149811 5.804394 -0.005453 -0.160709 0.285010
    39 -1.083523 -1.463142 5.544399 -1.205491 -0.310467 0.242378
    40 -6.289886 0.932434 13.569063 -0.126803 0.612110 2.869610
    41 1.327774 -0.766687 12.396328 -0.023384 0.010430 -0.207555
    42 -0.096140 1.828087 23.185329 0.022160 -0.053842 -1.554571
    43 2.325478 -0.000003 6.169296 -0.821404 0.111968 1.676775
    44 0.000000 -3.152912 0.122169 2.007174 0.000000 0.000000
    45 1.068383 -10.478592 7.066338 0.292219 -1.282324 -3.141588
    46 0.000000 0.000000 2.279457 0.547137 -0.343566 0.107833
    47 2.479414 -8.323895 6.074242 -0.008855 0.007342 1.561876
    48 0.000003 -5.075260 5.105362 0.000000 0.000000 0.000000
    49 -1.068383 -10.478611 7.065971 0.292219 1.282324 3.141588
    50 -0.000488 0.000015 2.279600 0.547136 0.343566 0.107835
    51 -2.479401 -8.323895 6.074234 0.008854 0.007354 1.579716
    52 -5.790000 4.432083 14.255558 -2.979579 1.320532 -0.313508
    53 1.044540 -2.839314 19.743252 -0.730932 0.565234 -0.176467
    54 -2.655510 -1.533379 24.792648 -0.431818 -0.084885 0.658986
    55 -1.120216 -0.154385 9.795983 -0.020655 -0.000989 0.179512
    56 -2.240372 -0.308788 19.592047 -0.219025 0.093121 0.329952
    57 -0.683205 2.877342 14.167089 -0.100954 0.160064 -1.399998
    58 -0.144958 -0.145317 7.579308 -1.025654 0.250530 -0.050571
    59 -0.038551 -0.936644 4.697678 -0.808973 0.167589 -0.053780
    60 -0.506317 8.500896 13.617329 0.243976 -0.213993 -1.363187
    61 0.385056 -0.460075 7.003435 -0.867015 0.497378 -0.102607
    62 -0.456360 -0.710276 5.057732 -0.683662 0.367693 -0.099890
    63 2.452194 -8.899408 11.597939 -0.729526 0.473298 -1.164338
    64 -0.680515 -0.903999 6.074242 -1.216034 -0.148671 -0.017850
    65 -0.248295 -0.666843 3.386627 -0.606424 -0.112176 0.030292
    66 0.717491 -3.784309 13.044010 -0.646386 0.233967 -1.392402
    67 -1.099228 -1.407673 8.017876 -1.201059 -0.011219 0.005078
    68 -0.064053 -0.807640 3.686100 -0.346908 0.005256 -0.006263
    69 4.004906 6.172710 4.754800 0.659932 -1.047330 -2.805513
    70 -0.158381 -1.149773 5.804405 -0.237748 -0.024299 0.186716
    71 1.078559 -2.386406 5.215008 -0.994554 0.717655 0.026330
    72 6.289963 0.932404 13.569109 -0.126801 -0.612098 -2.869612
    73 -1.327759 -0.766682 12.396324 -0.044340 -0.015319 0.382060
    74 0.000017 -54.999996 0.000000 0.000000 0.000000 -1.570796
  time 29
    0 0.000000 0.000000 -1.500000 0.000000 0.000000 0.000000
    1 -10.521344 -5.760963 66.994621 3.097005 -0.050653 -3.139334
    2 -4.710710 2.650307 17.709630 0.054209 0.532302 0.495976
    3 -0.000034 0.000012 24.761454 -1.166671 -0.135307 -0.337913
    4 0.000017 0.000000 24.344809 1.721072 -0.191643 -0.171216
    5 0.002333 -1.019846 24.031336 0.908006 -0.045526 -0.006552
    6 0.000034 0.000008 13.404741 -0.000001 -0.000009 -0.195180
    7 10.398263 -5.760962 66.994675 3.097005 0.050653 3.139334
    8 0.386564 -8.206825 20.041518 0.817389 -0.688806 0.375342
    9 -0.000004 -0.000006 24.761459 -1.910539 0.221316 -0.801664
    10 -0.000007 0.000004 24.344891 1.866058 0.102794 -0.113134
    11 -0.002360 -1.019903 24.031330 0.389594 -0.042695 -0.017219
    12 0.000000 -0.000002 13.404737 0.000001 0.000005 -0.423142
    13 -0.061540 -5.245835 72.927078 0.000000 0.000000 0.000000
    14 2.524838 -3.139940 -19.089416 -0.000948 0.031643 -0.036395
    15 0.000000 -0.005608 -1.146812 0.219841 0.097275 -0.506892
    16 0.030770 -0.240000 8.906021 -0.004138 0.000000 0.000000
    17 -0.332018 -2.081239 -0.266031 0.314800 0.008009 -0.162005
    18 0.030770 -0.276858 8.905140 0.056125 0.004134 -0.000049
    19 -0.016891 -0.796024 -0.005082 0.394198 -0.001419 -0.020195
    20 5.669724 4.435303 14.302868 2.826299 -1.301366 0.620721
    21 -1.044571 -2.839317 19.743267 -0.336690 -0.770699 0.151083
    22 2.655533 -1.533369 24.792658 -0.685193 0.093301 -0.367058
    23 1.120163 -0.154394 9.796035 -0.032064 -0.000081 -0.278704
    24 2.240311 -0.308786 19.592051 -0.249267 -0.070431 -0.522406
    25 0.683151 2.877354 14.167051 0.152381 -0.059052 1.374060
    26 0.144936 -0.145374 7.579252 -1.231926 -0.227804 0.137232
    27 0.091660 -0.906685 4.702850 -0.346639 -0.051311 0.006232
    28 0.506271 8.500866 13.617253 0.261088 0.251373 1.368164
    29 -0.384987 -0.460049 7.003448 -0.700389 -0.373912 0.177128
    30 0.561516 -0.596954 5.061852 -0.676571 -0.263441 0.104820
    31 -2.452171 -8.899406 11.597897 -0.190570 -0.385545 1.040345
    32 0.680496 -0.903999 6.074253 -0.855297 0.096064 0.014314
    33 0.245514 -0.661150 3.388004 -0.241242 0.084954 -0.006971
    34 -0.717484 -3.784271 13.043911 -0.307381 -0.229759 1.330202
    35 1.099216 -1.407745 8.017889 -0.987674 0.008065 0.002986
    36 0.068439 -0.807653 3.686054 -0.362971 -0.004402 0.001609
    37 -4.004929 6.172707 4.754754 0.218540 1.173828 2.571702
    38 0.158352 -1.149811 5.804394 0.002895 -0.159770 0.286988
    39 -1.083523 -1.463142 5.544399 -1.196440 -0.311510 0.241743
    40 -6.289886 0.932434 13.569063 -0.126803 0.612110 2.869610
    41 1.327774 -0.766687 12.396328 -0.023636 0.010514 -0.209665
    42 -0.096140 1.828087 23.185329 0.024557 -0.060885 -1.556864
    43 2.325478 -0.000003 6.169296 -0.800776 0.113545 1.691623
    44 0.000000 -3.152912 0.122169 1.997751 0.000000 0.000000
    45 1.068383 -10.478592 7.066338 0.292219 -1.282324 -3.141588
    46 0.000000 0.000000 2.279457 0.547137 -0.343566 0.107833
    47 2.479414 -8.323895 6.074242 -0.008855 0.007342 1.561876
    48 0.000003 -5.075260 5.105362 0.000000 0.000000 0.000000
    49 -1.068383 -10.478611 7.065971 0.292219 1.282324 3.141588
    50 -0.000488 0.000015 2.279600 0.547136 0.343566 0.107835
    51 -2.479401 -8.323895 6.074234 0.008854 0.007354 1.579716
    52 -5.790000 4.432083 14.255558 -2.955136 1.321113 -0.309196
    53 1.044540 -2.839314 19.743252 -0.733827 0.576639 -0.182264
    54 -2.655510 -1.533379 24.792648 -0.429151 -0.085131 0.642705
    55 -1.120216 -0.154385 9.795983 -0.020583 -0.000989 0.178804
    56 -2.240372 -0.308788 19.592047 -0.201690 0.091735 0.331929
    57 -0.683205 2.877342 14.167089 -0.094965 0.159169 -1.399229
    58 -0.144958 -0.145317 7.579308 -1.019878 0.249691 -0.049565
    59 -0.038551 -0.936644 4.697678 -0.803352 0.166330 -0.052954
    60 -0.506317 8.500896 13.617329 0.248803 -0.215628 -1.363726
    61 0.385056 -0.460075 7.003435 -0.861965 0.495865 -0.100509
    62 -0.456360 -0.710276 5.057732 -0.679095 0.365774 -0.098450
    63 2.452194 -8.899408 11.597939 -0.719495 0.471601 -1.161382
    64 -0.680515 -0.903999 6.074242 -1.206710 -0.147641 -0.018257
    65 -0.248295 -0.666843 3.386627 -0.596724 -0.111600 0.029585
    66 0.717491 -3.784309 13.044010 -0.638564 0.234506 -1.391323
    67 -1.099228 -1.407673 8.017876 -1.193550 -0.010967 0.004958
    68 -0.064053 -0.807640 3.686100 -0.339368 0.005532 -0.006191
    69 4.004906 6.172710 4.754800 0.660685 -1.047226 -2.805431
    70 -0.158381 -1.149773 5.804405 -0.232202 -0.027968 0.183903
    71 1.078559 -2.386406 5.215008 -0.987054 0.714285 0.028522
    72 6.289963 0.932404 13.569109 -0.126801 -0.612098 -2.869612
    73 -1.327759 -0.766682 12.396324 -0.043310 -0.015151 0.373686
    74 0.000017 -54.999996 0.000000 0.000000 0.000000 -1.570796
  time 30
    0 0.000000 0.000000 -1.500000 0.000000 0.000000 0.000000
    1 -10.521344 -5.760963 66.994621 3.097005 -0.050653 -3.139334
    2 -4.648208 2.797631 17.687205 0.061588 0.528907 0.500651
    3 -0.000034 0.000012 24.761454 -1.174192 -0.136170 -0.339908
    4 0.000017 0.000000 24.344809 1.722428 -0.189221 -0.170006
    5 0.002333 -1.019846 24.031336 0.907782 -0.045526 -0.006540
    6 0.000034 0.000008 13.404741 -0.000001 -0.000009 -0.197289
    7 10.398263 -5.760962 66.994675 3.097005 0.050653 3.139334
    8 0.484223 -8.106910 20.019038 0.815086 -0.696818 0.379303
    9 -0.000004 -0.000006 24.761459 -1.908614 0.221088 -0.806796
    10 -0.000007 0.000004 24.344891 1.862121 0.104572 -0.110129
    11 -0.002360 -1.019903 24.031330 0.389594 -0.042695 -0.017219
    12 0.000000 -0.000002 13.404737 0.000001 0.000005 -0.425783
    13 -0.061540 -5.245835 72.927078 0.000000 0.000000 0.000000
    14 2.434992 -3.046774 -19.089416 0.000908 0.031024 -0.040659
    15 0.000000 -0.005608 -1.146812 0.219841 0.097322 -0.506457
    16 0.030770 -0.240000 8.906021 -0.004138 0.000000 0.000000
    17 -0.332018 -2.065613 -0.266031 0.313096 0.005439 -0.157732
    18 0.030770 -0.276858 8.905140 0.056125 0.004134 -0.000049
    19 -0.001266 -0.788211 -0.001176 0.388550 0.003683 -0.018757
    20 5.669724 4.435303 14.302868 2.868313 -1.322542 0.594654
    21 -1.044571 -2.839317 19.743267 -0.369662 -0.776022 0.163407
    22 2.655533 -1.533369 24.792658 -0.693829 0.093494 -0.354928
    23 1.120163 -0.154394 9.796035 -0.032112 -0.000093 -0.278980
    24 2.240311 -0.308786 19.592051 -0.243305 -0.059150 -0.524938
    25 0.683151 2.877354 14.167051 0.160774 -0.057554 1.373785
    26 0.144936 -0.145374 7.579252 -1.223237 -0.227133 0.135758
    27 0.091660 -0.906685 4.702850 -0.338260 -0.049753 0.005717
    28 0.506271 8.500866 13.617253 0.273254 0.255284 1.370044
    29 -0.384987 -0.460049 7.003448 -0.687015 -0.370688 0.173209
    30 0.561516 -0.596954 5.061852 -0.663719 -0.259822 0.101356
    31 -2.452171 -8.899406 11.597897 -0.184444 -0.383732 1.039056
    32 0.680496 -0.903999 6.074253 -0.849508 0.095393 0.014314
    33 0.245514 -0.661150 3.388004 -0.235703 0.084655 -0.006672
    34 -0.717484 -3.784271 13.043911 -0.300281 -0.229843 1.329249
    35 1.099216 -1.407745 8.017889 -0.981077 0.007813 0.003058
    36 0.068439 -0.807653 3.686054 -0.356432 -0.004642 0.001537
    37 -4.004929 6.172707 4.754754 0.218990 1.173036 2.571127
    38 0.158352 -1.149811 5.804394 0.010439 -0.158904 0.288774
    39 -1.083523 -1.463142 5.544399 -1.188331 -0.312457 0.241149
    40 -6.289886 0.932434 13.569063 -0.126803 0.612110 2.869610
    41 1.327774 -0.766687 12.396328 -0.023240 0.010394 -0.206401
    42 -0.096140 1.828087 23.185329 0.026749 -0.066971 -1.559096
    43 2.325478 -0.000003 6.169296 -0.780482 0.110333 1.696572
    44 0.000000 -3.152912 0.122169 1.990623 0.000000 0.000000
    45 1.068383 -10.478592 7.066338 0.292219 -1.282324 -3.141588
    46 0.000000 0.000000 2.279457 0.547137 -0.343566 0.107833
    47 2.479414 -8.323895 6.074242 -0.008855 0.007342 1.561876
    48 0.000003 -5.075260 5.105362 0.000000 0.000000 0.000000
    49 -1.068383 -10.478611 7.065971 0.292219 1.282324 3.141588
    50 -0.000488 0.000015 2.279600 0.547136 0.343566 0.107835
    51 -2.479401 -8.323895 6.074234 0.008854 0.007354 1.579716
    52 -5.790000 4.432083 14.255558 -2.933376 1.322068 -0.305364
    53 1.044540 -2.839314 19.743252 -0.731099 0.584567 -0.185720
    54 -2.655510 -1.533379 24.792648 -0.416670 -0.085105 0.633996
    55 -1.120216 -0.154385 9.795983 -0.020463 -0.001001 0.177716
    56 -2.240372 -0.308788 19.592047 -0.183362 0.091141 0.333046
    57 -0.683205 2.877342 14.167089 -0.089867 0.158413 -1.398536
    58 -0.144958 -0.145317 7.579308 -1.014974 0.248900 -0.048642
    59 -0.038551 -0.936644 4.697678 -0.798618 0.165372 -0.052222
    60 -0.506317 8.500896 13.617329 0.252876 -0.216951 -1.364266
    61 0.385056 -0.460075 7.003435 -0.857734 0.494592 -0.098810
    62 -0.456360 -0.710276 5.057732 -0.675451 0.364178 -0.097309
    63 2.452194 -8.899408 11.597939 -0.710300 0.470022 -1.158641
    64 -0.680515 -0.903999 6.074242 -1.198086 -0.146622 -0.018724
    65 -0.248295 -0.666843 3.386627 -0.588232 -0.111193 0.028925
    66 0.717491 -3.784309 13.044010 -0.631640 0.234998 -1.390356
    67 -1.099228 -1.407673 8.017876 -1.186994 -0.010776 0.004850
    68 -0.064053 -0.807640 3.686100 -0.332784 0.005772 -0.006131
    69 4.004906 6.172710 4.754800 0.661589 -1.047100 -2.805431
    70 -0.158381 -1.149773 5.804405 -0.227319 -0.031254 0.181412
    71 1.078559 -2.386406 5.215008 -0.980317 0.711345 0.030422
    72 6.289963 0.932404 13.569109 -0.126801 -0.612098 -2.869612
    73 -1.327759 -0.766682 12.396324 -0.042627 -0.015043 0.368042
    74 0.000017 -54.999996 0.000000 0.000000 0.000000 -1.570796
  time 31
    0 0.000000 0.000000 -1.500000 0.000000 0.000000 0.000000
    1 -10.521344 -5.760963 66.994621 3.097005 -0.050653 -3.139334
    2 -4.566174 2.932677 17.642356 0.067463 0.525316 0.504015
    3 -0.000034 0.000012 24.761454 -1.179924 -0.136829 -0.340397
    4 0.000017 0.000000 24.344809 1.722613 -0.186482 -0.168429
    5 0.002333 -1.019846 24.031336 0.907446 -0.045526 -0.006528
    6 0.000034 0.000008 13.404741 -0.000001 -0.000009 -0.198597
    7 10.398263 -5.760962 66.994675 3.097005 0.050653 3.139334
    8 0.581883 -8.031974 19.974077 0.812356 -0.703695 0.382521
    9 -0.000004 -0.000006 24.761459 -1.904435 0.220621 -0.810457
    10 -0.000007 0.000004 24.344891 1.856764 0.106172 -0.106829
    11 -0.002360 -1.019903 24.031330 0.389594 -0.042695 -0.017219
    12 0.000000 -0.000002 13.404737 0.000001 0.000005 -0.427543
    13 -0.061540 -5.245835 72.927078 0.000000 0.000000 0.000000
    14 2.333426 -2.941963 -19.021823 0.002700 0.030129 -0.044082
    15 0.000000 -0.005608 -1.146812 0.219841 0.097228 -0.505805
    16 0.030770 -0.240000 8.906021 -0.004138 0.000000 0.000000
    17 -0.332018 -2.061707 -0.266031 0.312401 -0.001005 -0.146111
    18 0.030770 -0.276858 8.905140 0.056125 0.004134 -0.000049
    19 0.022173 -0.768679 0.002731 0.381151 0.010575 -0.016276
    20 5.669724 4.435303 14.302868 2.913104 -1.344387 0.566479
    21 -1.044571 -2.839317 19.743267 -0.405619 -0.779309 0.176492
    22 2.655533 -1.533369 24.792658 -0.695044 0.093225 -0.333739
    23 1.120163 -0.154394 9.796035 -0.032184 -0.000093 -0.279635
    24 2.240311 -0.308786 19.592051 -0.236429 -0.048007 -0.528538
    25 0.683151 2.877354 14.167051 0.163791 -0.057050 1.373498
    26 0.144936 -0.145374 7.579252 -1.220310 -0.226918 0.135255
    27 0.091660 -0.906685 4.702850 -0.335421 -0.049202 0.005537
    28 0.506271 8.500866 13.617253 0.279306 0.257020 1.370907
    29 -0.384987 -0.460049 7.003448 -0.683423 -0.369837 0.172166
    30 0.561516 -0.596954 5.061852 -0.658828 -0.258432 0.100062
    31 -2.452171 -8.899406 11.597897 -0.184039 -0.381641 1.038519
    32 0.680496 -0.903999 6.074253 -0.849547 0.095440 0.014278
    33 0.245514 -0.661150 3.388004 -0.235330 0.084547 -0.006672
    34 -0.717484 -3.784271 13.043911 -0.298826 -0.229424 1.329003
    35 1.099216 -1.407745 8.017889 -0.980106 0.007885 0.002974
    36 0.068439 -0.807653 3.686054 -0.355153 -0.004858 0.001502
    37 -4.004929 6.172707 4.754754 0.225656 1.170465 2.577825
    38 0.158352 -1.149811 5.804394 0.014549 -0.158449 0.289744
    39 -1.083523 -1.463142 5.544399 -1.186186 -0.314170 0.240459
    40 -6.289886 0.932434 13.569063 -0.126803 0.612110 2.869610
    41 1.327774 -0.766687 12.396328 -0.022353 0.010082 -0.198868
    42 -0.096140 1.828087 23.185329 0.028632 -0.072102 -1.561297
    43 2.325478 -0.000003 6.169296 -0.761382 0.102983 1.692102
    44 0.000000 -3.152912 0.122169 1.985415 0.000000 0.000000
    45 1.068383 -10.478592 7.066338 0.292219 -1.282324 -3.141588
    46 0.000000 0.000000 2.279457 0.547137 -0.343566 0.107833
    47 2.479414 -8.323895 6.074242 -0.008855 0.007342 1.561876
    48 0.000003 -5.075260 5.105362 0.000000 0.000000 0.000000
    49 -1.068383 -10.478611 7.065971 0.292219 1.282324 3.141588
    50 -0.000488 0.000015 2.279600 0.547136 0.343566 0.107835
    51 -2.479401 -8.323895 6.074234 0.008854 0.007354 1.579716
    52 -5.790000 4.432083 14.255558 -2.910562 1.323356 -0.301052
    53 1.044540 -2.839314 19.743252 -0.723975 0.592453 -0.188469
    54 -2.655510 -1.533379 24.792648 -0.393923 -0.084885 0.630588
    55 -1.120216 -0.154385 9.795983 -0.020283 -0.001013 0.176329
    56 -2.240372 -0.308788 19.592047 -0.164270 0.091240 0.333561
    57 -0.683205 2.877342 14.167089 -0.085709 0.157776 -1.397997
    58 -0.144958 -0.145317 7.579308 -1.010996 0.248241 -0.047887
    59 -0.038551 -0.936644 4.697678 -0.794772 0.164593 -0.051623
    60 -0.506317 8.500896 13.617329 0.256044 -0.217963 -1.364625
    61 0.385056 -0.460075 7.003435 -0.854454 0.493577 -0.097447
    62 -0.456360 -0.710276 5.057732 -0.672731 0.363035 -0.096449
    63 2.452194 -8.899408 11.597939 -0.701981 0.468558 -1.156187
    64 -0.680515 -0.903999 6.074242 -1.190487 -0.145747 -0.019072
    65 -0.248295 -0.666843 3.386627 -0.580488 -0.110726 0.028362
    66 0.717491 -3.784309 13.044010 -0.625512 0.235417 -1.389513
    67 -1.099228 -1.407673 8.017876 -1.181278 -0.010596 0.004766
    68 -0.064053 -0.807640 3.686100 -0.327044 0.005964 -0.006083
    69 4.004906 6.172710 4.754800 0.662417 -1.046996 -2.805349
    70 -0.158381 -1.149773 5.804405 -0.223063 -0.034047 0.179244
    71 1.078559 -2.386406 5.215008 -0.974632 0.708802 0.031993
    72 6.289963 0.932404 13.569109 -0.126801 -0.612098 -2.869612
    73 -1.327759 -0.766682 12.396324 -0.042135 -0.014971 0.364017
    74 0.000017 -54.999996 0.000000 0.000000 0.000000 -1.570796
  time 32
    0 0.000000 0.000000 -1.500000 0.000000 0.000000 0.000000
    1 -10.521344 -5.760963 66.994621 3.097005 -0.050653 -3.139334
    2 -4.472421 3.067724 17.575082 0.071904 0.521530 0.506243
    3 -0.000034 0.000012 24.761454 -1.184111 -0.137333 -0.339623
    4 0.000017 0.000000 24.344809 1.721935 -0.183404 -0.166506
    5 0.002333 -1.019846 24.031336 0.907035 -0.045526 -0.006504
    6 0.000034 0.000008 13.404741 -0.000001 -0.000009 -0.199103
    7 10.398263 -5.760962 66.994675 3.097005 0.050653 3.139334
    8 0.687355 -7.919569 19.861676 0.809370 -0.709511 0.385244
    9 -0.000004 -0.000006 24.761459 -1.898495 0.219926 -0.812790
    10 -0.000007 0.000004 24.344891 1.850310 0.107616 -0.103340
    11 -0.002360 -1.019903 24.031330 0.389594 -0.042695 -0.017219
    12 0.000000 -0.000002 13.404737 0.000001 0.000005 -0.428531
    13 -0.061540 -5.245835 72.927078 0.000000 0.000000 0.000000
    14 2.224048 -2.837152 -18.954230 0.004429 0.029028 -0.046845
    15 0.000000 -0.005608 -1.146812 0.219810 0.096883 -0.504963
    16 0.030770 -0.240000 8.906021 -0.004138 0.000000 0.000000
    17 -0.343737 -2.053894 -0.266031 0.312506 -0.008918 -0.132055
    18 0.030770 -0.276858 8.905140 0.056125 0.004134 -0.000049
    19 0.045611 -0.749147 0.006637 0.372929 0.018268 -0.013448
    20 5.669724 4.435303 14.302868 2.956267 -1.365986 0.538208
    21 -1.044571 -2.839317 19.743267 -0.436683 -0.782336 0.187942
    22 2.655533 -1.533369 24.792658 -0.692006 0.092610 -0.308831
    23 1.120163 -0.154394 9.796035 -0.032304 -0.000117 -0.280670
    24 2.240311 -0.308786 19.592051 -0.228552 -0.037279 -0.533167
    25 0.683151 2.877354 14.167051 0.157757 -0.058225 1.373111
    26 0.144936 -0.145374 7.579252 -1.226676 -0.227421 0.136345
    27 0.091660 -0.906685 4.702850 -0.341648 -0.050377 0.005908
    28 0.506271 8.500866 13.617253 0.278873 0.256404 1.370506
    29 -0.384987 -0.460049 7.003448 -0.692279 -0.371958 0.174755
    30 0.561516 -0.596954 5.061852 -0.663184 -0.259654 0.101200
    31 -2.452171 -8.899406 11.597897 -0.193051 -0.378833 1.039137
    32 0.680496 -0.903999 6.074253 -0.858311 0.096351 0.014350
    33 0.245514 -0.661150 3.388004 -0.244597 0.085206 -0.007139
    34 -0.717484 -3.784271 13.043911 -0.306763 -0.228093 1.329925
    35 1.099216 -1.407745 8.017889 -0.988139 0.008089 0.002974
    36 0.068439 -0.807653 3.686054 -0.363433 -0.004378 0.001609
    37 -4.004929 6.172707 4.754754 0.243491 1.164709 2.596771
    38 0.158352 -1.149811 5.804394 0.013024 -0.158611 0.289397
    39 -1.083523 -1.463142 5.544399 -1.194452 -0.317382 0.239506
    40 -6.289886 0.932434 13.569063 -0.126803 0.612110 2.869610
    41 1.327774 -0.766687 12.396328 -0.021215 0.009699 -0.189026
    42 -0.096140 1.828087 23.185329 0.030207 -0.075926 -1.563345
    43 2.325478 -0.000003 6.169296 -0.744335 0.093882 1.683640
    44 0.000000 -3.152912 0.122169 1.981802 0.000000 0.000000
    45 1.068383 -10.478592 7.066338 0.292219 -1.282324 -3.141588
    46 0.000000 0.000000 2.279457 0.547137 -0.343566 0.107833
    47 2.479414 -8.323895 6.074242 -0.008855 0.007342 1.561876
    48 0.000003 -5.075260 5.105362 0.000000 0.000000 0.000000
    49 -1.068383 -10.478611 7.065971 0.292219 1.282324 3.141588
    50 -0.000488 0.000015 2.279600 0.547136 0.343566 0.107835
    51 -2.479401 -8.323895 6.074234 0.008854 0.007354 1.579716
    52 -5.790000 4.432083 14.255558 -2.887843 1.324935 -0.297028
    53 1.044540 -2.839314 19.743252 -0.716184 0.598897 -0.190374
    54 -2.655510 -1.533379 24.792648 -0.365137 -0.084678 0.629300
    55 -1.120216 -0.154385 9.795983 -0.020079 -0.001001 0.174588
    56 -2.240372 -0.308788 19.592047 -0.145102 0.092230 0.333131
    57 -0.683205 2.877342 14.167089 -0.082492 0.157299 -1.397561
    58 -0.144958 -0.145317 7.579308 -1.007945 0.247750 -0.047300
    59 -0.038551 -0.936644 4.697678 -0.791665 0.163981 -0.051180
    60 -0.506317 8.500896 13.617329 0.258231 -0.218689 -1.364895
    61 0.385056 -0.460075 7.003435 -0.852295 0.492958 -0.096589
    62 -0.456360 -0.710276 5.057732 -0.670690 0.362151 -0.095817
    63 2.452194 -8.899408 11.597939 -0.694657 0.467233 -1.153970
    64 -0.680515 -0.903999 6.074242 -1.183588 -0.144968 -0.019372
    65 -0.248295 -0.666843 3.386627 -0.573827 -0.110330 0.027859
    66 0.717491 -3.784309 13.044010 -0.620381 0.235765 -1.388781
    67 -1.099228 -1.407673 8.017876 -1.176403 -0.010452 0.004694
    68 -0.064053 -0.807640 3.686100 -0.322205 0.006131 -0.006035
    69 4.004906 6.172710 4.754800 0.663170 -1.046870 -2.805349
    70 -0.158381 -1.149773 5.804405 -0.219470 -0.036374 0.177398
    71 1.078559 -2.386406 5.215008 -0.969807 0.706688 0.033345
    72 6.289963 0.932404 13.569109 -0.126801 -0.612098 -2.869612
    73 -1.327759 -0.766682 12.396324 -0.041728 -0.014911 0.360593
    74 0.000017 -54.999996 0.000000 0.000000 0.000000 -1.570796
  time 33
    0 0.000000 0.000000 -1.500000 0.000000 0.000000 0.000000
    1 -10.521344 -5.760963 66.994621 3.097005 -0.050653 -3.139334
    2 -4.366949 3.190494 17.485384 0.075183 0.517745 0.507379
    3 -0.000034 0.000012 24.761454 -1.187241 -0.137680 -0.337791
    4 0.000017 0.000000 24.344809 1.720825 -0.180167 -0.164410
    5 0.002333 -1.019846 24.031336 0.906550 -0.045538 -0.006480
    6 0.000034 0.000008 13.404741 -0.000001 -0.000009 -0.199040
    7 10.398263 -5.760962 66.994675 3.097005 0.050653 3.139334
    8 0.788920 -7.807165 19.749275 0.806384 -0.714303 0.387307
    9 -0.000004 -0.000006 24.761459 -1.891070 0.219075 -0.814082
    10 -0.000007 0.000004 24.344891 1.843017 0.108994 -0.099724
    11 -0.002360 -1.019903 24.031330 0.389594 -0.042695 -0.017219
    12 0.000000 -0.000002 13.404737 0.000001 0.000005 -0.428853
    13 -0.061540 -5.245835 72.927078 0.000000 0.000000 0.000000
    14 2.106857 -2.732341 -18.841574 0.005933 0.027703 -0.048886
    15 0.000000 -0.005608 -1.146812 0.219810 0.096334 -0.503903
    16 0.030770 -0.240000 8.906021 -0.004138 0.000000 0.000000
    17 -0.351550 -2.049988 -0.269938 0.313264 -0.015958 -0.120114
    18 0.030770 -0.276858 8.905140 0.056125 0.004134 -0.000049
    19 0.076862 -0.725709 0.006637 0.364565 0.026044 -0.010955
    20 5.669724 4.435303 14.302868 2.994932 -1.386633 0.511567
    21 -1.044571 -2.839317 19.743267 -0.458551 -0.785989 0.196430
    22 2.655533 -1.533369 24.792658 -0.686191 0.091803 -0.284326
    23 1.120163 -0.154394 9.796035 -0.032460 -0.000141 -0.282050
    24 2.240311 -0.308786 19.592051 -0.219892 -0.026965 -0.538508
    25 0.683151 2.877354 14.167051 0.143933 -0.060837 1.372674
    26 0.144936 -0.145374 7.579252 -1.241312 -0.228523 0.138838
    27 0.091660 -0.906685 4.702850 -0.355659 -0.052989 0.006819
    28 0.506271 8.500866 13.617253 0.272945 0.253812 1.369088
    29 -0.384987 -0.460049 7.003448 -0.711807 -0.376596 0.180532
    30 0.561516 -0.596954 5.061852 -0.675429 -0.263130 0.104520
    31 -2.452171 -8.899406 11.597897 -0.210366 -0.375368 1.040694
    32 0.680496 -0.903999 6.074253 -0.875363 0.098257 0.014386
    33 0.245514 -0.661150 3.388004 -0.261533 0.086249 -0.008050
    34 -0.717484 -3.784271 13.043911 -0.322858 -0.225996 1.331815
    35 1.099216 -1.407745 8.017889 -1.004244 0.008784 0.002698
    36 0.068439 -0.807653 3.686054 -0.379496 -0.003887 0.001741
    37 -4.004929 6.172707 4.754754 0.269973 1.155995 2.625284
    38 0.158352 -1.149811 5.804394 0.006752 -0.159315 0.287899
    39 -1.083523 -1.463142 5.544399 -1.211612 -0.321865 0.238414
    40 -6.289886 0.932434 13.569063 -0.126803 0.612110 2.869610
    41 1.327774 -0.766687 12.396328 -0.019968 0.009255 -0.178380
    42 -0.096140 1.828087 23.185329 0.031389 -0.078347 -1.565272
    43 2.325478 -0.000003 6.169296 -0.729532 0.085186 1.676775
    44 0.000000 -3.152912 0.122169 1.979426 0.000000 0.000000
    45 1.068383 -10.478592 7.066338 0.292219 -1.282324 -3.141588
    46 0.000000 0.000000 2.279457 0.547137 -0.343566 0.107833
    47 2.479414 -8.323895 6.074242 -0.008855 0.007342 1.561876
    48 0.000003 -5.075260 5.105362 0.000000 0.000000 0.000000
    49 -1.068383 -10.478611 7.065971 0.292219 1.282324 3.141588
    50 -0.000488 0.000015 2.279600 0.547136 0.343566 0.107835
    51 -2.479401 -8.323895 6.074234 0.008854 0.007354 1.579716
    52 -5.790000 4.432083 14.255558 -2.865988 1.326928 -0.293099
    53 1.044540 -2.839314 19.743252 -0.717408 0.597795 -0.190020
    54 -2.655510 -1.533379 24.792648 -0.334438 -0.084548 0.628240
    55 -1.120216 -0.154385 9.795983 -0.019852 -0.001025 0.172575
    56 -2.240372 -0.308788 19.592047 -0.126316 0.094161 0.332100
    57 -0.683205 2.877342 14.167089 -0.080116 0.156960 -1.397254
    58 -0.144958 -0.145317 7.579308 -1.005765 0.247390 -0.046868
    59 -0.038551 -0.936644 4.697678 -0.789545 0.163562 -0.050844
    60 -0.506317 8.500896 13.617329 0.259664 -0.219130 -1.364984
    61 0.385056 -0.460075 7.003435 -0.850914 0.492563 -0.096053
    62 -0.456360 -0.710276 5.057732 -0.669621 0.361655 -0.095502
    63 2.452194 -8.899408 11.597939 -0.688209 0.466072 -1.152063
    64 -0.680515 -0.903999 6.074242 -1.177713 -0.144297 -0.019635
    65 -0.248295 -0.666843 3.386627 -0.567916 -0.109983 0.027415
    66 0.717491 -3.784309 13.044010 -0.616096 0.236028 -1.388173
    67 -1.099228 -1.407673 8.017876 -1.172480 -0.010368 0.004694
    68 -0.064053 -0.807640 3.686100 -0.318097 0.006347 -0.005987
    69 4.004906 6.172710 4.754800 0.663923 -1.046787 -2.805267
    70 -0.158381 -1.149773 5.804405 -0.216506 -0.038318 0.175874
    71 1.078559 -2.386406 5.215008 -0.965794 0.704881 0.034514
    72 6.289963 0.932404 13.569109 -0.126801 -0.612098 -2.869612
    73 -1.327759 -0.766682 12.396324 -0.041440 -0.014864 0.358280
    74 0.000017 -54.999996 0.000000 0.000000 0.000000 -1.570796
  time 34
    0 0.000000 0.000000 -1.500000 0.000000 0.000000 0.000000
    1 -10.521344 -5.760963 66.994621 3.097005 -0.050653 -3.139334
    2 -4.253665 3.313264 17.373261 0.077438 0.513903 0.507685
    3 -0.000034 0.000012 24.761454 -1.189395 -0.137944 -0.335185
    4 0.000017 0.000000 24.344809 1.719345 -0.176772 -0.162163
    5 0.002333 -1.019846 24.031336 0.905915 -0.045538 -0.006457
    6 0.000034 0.000008 13.404741 -0.000001 -0.000009 -0.198428
    7 10.398263 -5.760962 66.994675 3.097005 0.050653 3.139334
    8 0.890486 -7.707250 19.614394 0.803569 -0.718254 0.388792
    9 -0.000004 -0.000006 24.761459 -1.882766 0.218104 -0.814369
    10 -0.000007 0.000004 24.344891 1.835014 0.110238 -0.096151
    11 -0.002360 -1.019903 24.031330 0.389594 -0.042695 -0.017219
    12 0.000000 -0.000002 13.404737 0.000001 0.000005 -0.428638
    13 -0.061540 -5.245835 72.927078 0.000000 0.000000 0.000000
    14 1.989666 -2.627530 -18.706388 0.007149 0.026241 -0.050508
    15 0.000000 -0.005608 -1.146812 0.219810 0.095596 -0.502734
    16 0.030770 -0.240000 8.906021 -0.004138 0.000000 0.000000
    17 -0.367175 -2.053894 -0.273844 0.314548 -0.020959 -0.112846
    18 0.030770 -0.276858 8.905140 0.056125 0.004134 -0.000049
    19 0.100300 -0.706177 0.006637 0.356487 0.033471 -0.009169
    20 5.669724 4.435303 14.302868 3.027663 -1.405660 0.489333
    21 -1.044571 -2.839317 19.743267 -0.471515 -0.790372 0.202183
    22 2.655533 -1.533369 24.792658 -0.677642 0.090881 -0.261521
    23 1.120163 -0.154394 9.796035 -0.032639 -0.000165 -0.283671
    24 2.240311 -0.308786 19.592051 -0.210492 -0.017433 -0.544522
    25 0.683151 2.877354 14.167051 0.123581 -0.064672 1.372249
    26 0.144936 -0.145374 7.579252 -1.262733 -0.230081 0.142541
    27 0.091660 -0.906685 4.702850 -0.376355 -0.056812 0.008221
    28 0.506271 8.500866 13.617253 0.262323 0.249484 1.366808
    29 -0.384987 -0.460049 7.003448 -0.740370 -0.383176 0.189125
    30 0.561516 -0.596954 5.061852 -0.694422 -0.268379 0.109685
    31 -2.452171 -8.899406 11.597897 -0.234516 -0.371484 1.043002
    32 0.680496 -0.903999 6.074253 -0.898799 0.100834 0.014410
    33 0.245514 -0.661150 3.388004 -0.285285 0.087735 -0.009332
    34 -0.717484 -3.784271 13.043911 -0.345699 -0.223228 1.334489
    35 1.099216 -1.407745 8.017889 -1.026985 0.009587 0.002471
    36 0.068439 -0.807653 3.686054 -0.402346 -0.002952 0.001969
    37 -4.004929 6.172707 4.754754 0.302130 1.144605 2.660783
    38 0.158352 -1.149811 5.804394 -0.003716 -0.160533 0.285430
    39 -1.083523 -1.463142 5.544399 -1.236254 -0.327353 0.237282
    40 -6.289886 0.932434 13.569063 -0.126803 0.612110 2.869610
    41 1.327774 -0.766687 12.396328 -0.018746 0.008812 -0.167785
    42 -0.096140 1.828087 23.185329 0.032125 -0.079208 -1.567014
    43 2.325478 -0.000003 6.169296 -0.717451 0.077865 1.674341
    44 0.000000 -3.152912 0.122169 1.977912 0.000000 0.000000
    45 1.068383 -10.478592 7.066338 0.292219 -1.282324 -3.141588
    46 0.000000 0.000000 2.279457 0.547137 -0.343566 0.107833
    47 2.479414 -8.323895 6.074242 -0.008855 0.007342 1.561876
    48 0.000003 -5.075260 5.105362 0.000000 0.000000 0.000000
    49 -1.068383 -10.478611 7.065971 0.292219 1.282324 3.141588
    50 -0.000488 0.000015 2.279600 0.547136 0.343566 0.107835
    51 -2.479401 -8.323895 6.074234 0.008854 0.007354 1.579716
    52 -5.790000 4.432083 14.255558 -2.846529 1.329171 -0.289171
    53 1.044540 -2.839314 19.743252 -0.730265 0.587874 -0.187190
    54 -2.655510 -1.533379 24.792648 -0.305954 -0.084548 0.626195
    55 -1.120216 -0.154385 9.795983 -0.019600 -0.001025 0.170344
    56 -2.240372 -0.308788 19.592047 -0.108293 0.097131 0.330468
    57 -0.683205 2.877342 14.167089 -0.078829 0.156761 -1.397061
    58 -0.144958 -0.145317 7.579308 -1.004457 0.247247 -0.046700
    59 -0.038551 -0.936644 4.697678 -0.788411 0.163190 -0.050688
    60 -0.506317 8.500896 13.617329 0.259966 -0.219208 -1.365074
    61 0.385056 -0.460075 7.003435 -0.850612 0.492425 -0.095915
    62 -0.456360 -0.710276 5.057732 -0.669427 0.361569 -0.095431
    63 2.452194 -8.899408 11.597939 -0.682676 0.465049 -1.150467
    64 -0.680515 -0.903999 6.074242 -1.172700 -0.143734 -0.019839
    65 -0.248295 -0.666843 3.386627 -0.562961 -0.109695 0.027068
    66 0.717491 -3.784309 13.044010 -0.612808 0.236268 -1.387714
    67 -1.099228 -1.407673 8.017876 -1.169342 -0.010224 0.004599
    68 -0.064053 -0.807640 3.686100 -0.315171 0.006395 -0.005963
    69 4.004906 6.172710 4.754800 0.664450 -1.046682 -2.805267
    70 -0.158381 -1.149773 5.804405 -0.214064 -0.039797 0.174643
    71 1.078559 -2.386406 5.215008 -0.962879 0.703503 0.035208
    72 6.289963 0.932404 13.569109 -0.126801 -0.612098 -2.869612
    73 -1.327759 -0.766682 12.396324 -0.041272 -0.014840 0.356985
    74 0.000017 -54.999996 0.000000 0.000000 0.000000 -1.570796
  time 35
    0 0.000000 0.000000 -1.500000 0.000000 0.000000 0.000000
    1 -10.521344 -5.760963 66.994621 3.097005 -0.050653 -3.139334
    2 -4.132567 3.423757 17.283563 0.078873 0.510229 0.507248
    3 -0.000034 0.000012 24.761454 -1.191103 -0.138136 -0.332009
    4 0.000017 0.000000 24.344809 1.718113 -0.173354 -0.159808
    5 0.002333 -1.019846 24.031336 0.905131 -0.045538 -0.006433
    6 0.000034 0.000008 13.404741 -0.000001 -0.000009 -0.197437
    7 10.398263 -5.760962 66.994675 3.097005 0.050653 3.139334
    8 0.984239 -7.582356 19.457033 0.800839 -0.721473 0.389865
    9 -0.000004 -0.000006 24.761459 -1.874021 0.217085 -0.813794
    10 -0.000007 0.000004 24.344891 1.826882 0.111438 -0.092599
    11 -0.002360 -1.019903 24.031330 0.389594 -0.042695 -0.017219
    12 0.000000 -0.000002 13.404737 0.000001 0.000005 -0.427994
    13 -0.061540 -5.245835 72.927078 0.000000 0.000000 0.000000
    14 1.864662 -2.534364 -18.593732 0.008141 0.024641 -0.051529
    15 0.000000 -0.005608 -1.146812 0.219778 0.094687 -0.501457
    16 0.030770 -0.240000 8.906021 -0.004138 0.000000 0.000000
    17 -0.374988 -2.061707 -0.273844 0.316273 -0.024617 -0.108813
    18 0.030770 -0.276858 8.905140 0.056125 0.004134 -0.000049
    19 0.119832 -0.686645 0.014450 0.349338 0.040691 -0.007827
    20 5.669724 4.435303 14.302868 3.050920 -1.422396 0.476204
    21 -1.044571 -2.839317 19.743267 -0.478315 -0.794495 0.205765
    22 2.655533 -1.533369 24.792658 -0.666836 0.089728 -0.239604
    23 1.120163 -0.154394 9.796035 -0.032855 -0.000201 -0.285568
    24 2.240311 -0.308786 19.592051 -0.200352 -0.008777 -0.550970
    25 0.683151 2.877354 14.167051 0.097907 -0.069502 1.371937
    26 0.144936 -0.145374 7.579252 -1.289775 -0.231915 0.147239
    27 0.091660 -0.906685 4.702850 -0.402271 -0.061570 0.010091
    28 0.506271 8.500866 13.617253 0.247810 0.243706 1.363911
    29 -0.384987 -0.460049 7.003448 -0.776366 -0.391062 0.200186
    30 0.561516 -0.596954 5.061852 -0.718806 -0.275007 0.116469
    31 -2.452171 -8.899406 11.597897 -0.264285 -0.367222 1.045901
    32 0.680496 -0.903999 6.074253 -0.927747 0.104033 0.014350
    33 0.245514 -0.661150 3.388004 -0.314470 0.089485 -0.010950
    34 -0.717484 -3.784271 13.043911 -0.374097 -0.219836 1.337762
    35 1.099216 -1.407745 8.017889 -1.055159 0.010641 0.002051
    36 0.068439 -0.807653 3.686054 -0.430491 -0.001897 0.002209
    37 -4.004929 6.172707 4.754754 0.337801 1.130786 2.700108
    38 0.158352 -1.149811 5.804394 -0.017573 -0.161986 0.282194
    39 -1.083523 -1.463142 5.544399 -1.266860 -0.333765 0.236205
    40 -6.289886 0.932434 13.569063 -0.126803 0.612110 2.869610
    41 1.327774 -0.766687 12.396328 -0.017487 0.008332 -0.156938
    42 -0.096140 1.828087 23.185329 0.032296 -0.078316 -1.568634
    43 2.325478 -0.000003 6.169296 -0.708665 0.071296 1.674900
    44 0.000000 -3.152912 0.122169 1.976952 0.000000 0.000000
    45 1.068383 -10.478592 7.066338 0.292219 -1.282324 -3.141588
    46 0.000000 0.000000 2.279457 0.547137 -0.343566 0.107833
    47 2.479414 -8.323895 6.074242 -0.008855 0.007342 1.561876
    48 0.000003 -5.075260 5.105362 0.000000 0.000000 0.000000
    49 -1.068383 -10.478611 7.065971 0.292219 1.282324 3.141588
    50 -0.000488 0.000015 2.279600 0.547136 0.343566 0.107835
    51 -2.479401 -8.323895 6.074234 0.008854 0.007354 1.579716
    52 -5.790000 4.432083 14.255558 -2.830233 1.331788 -0.286009
    53 1.044540 -2.839314 19.743252 -0.746294 0.576257 -0.183679
    54 -2.655510 -1.533379 24.792648 -0.283710 -0.084626 0.622787
    55 -1.120216 -0.154385 9.795983 -0.019324 -0.001025 0.167950
    56 -2.240372 -0.308788 19.592047 -0.091798 0.101190 0.327976
    57 -0.683205 2.877342 14.167089 -0.078433 0.156702 -1.396997
    58 -0.144958 -0.145317 7.579308 -1.004130 0.247115 -0.046557
    59 -0.038551 -0.936644 4.697678 -0.787967 0.163226 -0.050617
    60 -0.506317 8.500896 13.617329 0.259588 -0.219104 -1.364984
    61 0.385056 -0.460075 7.003435 -0.850914 0.492528 -0.096053
    62 -0.456360 -0.710276 5.057732 -0.669864 0.361763 -0.095554
    63 2.452194 -8.899408 11.597939 -0.678178 0.464213 -1.149108
    64 -0.680515 -0.903999 6.074242 -1.168927 -0.143254 -0.020055
    65 -0.248295 -0.666843 3.386627 -0.558590 -0.109455 0.026744
    66 0.717491 -3.784309 13.044010 -0.610367 0.236412 -1.387367
    67 -1.099228 -1.407673 8.017876 -1.167268 -0.010140 0.004551
    68 -0.064053 -0.807640 3.686100 -0.312751 0.006443 -0.005951
    69 4.004906 6.172710 4.754800 0.664751 -1.046641 -2.805267
    70 -0.158381 -1.149773 5.804405 -0.212599 -0.040892 0.173823
    71 1.078559 -2.386406 5.215008 -0.960491 0.702522 0.035939
    72 6.289963 0.932404 13.569109 -0.126801 -0.612098 -2.869612
    73 -1.327759 -0.766682 12.396324 -0.041104 -0.014816 0.355597
    74 0.000017 -54.999996 0.000000 0.000000 0.000000 -1.570796
  time 36
    0 0.000000 0.000000 -1.500000 0.000000 0.000000 0.000000
    1 -10.521344 -5.760963 66.994621 3.097005 -0.050653 -3.139334
    2 -4.011470 3.521973 17.193865 0.079624 0.506666 0.506287
    3 -0.000034 0.000012 24.761454 -1.192607 -0.138303 -0.328467
    4 0.000017 0.000000 24.344809 1.717249 -0.169958 -0.157496
    5 0.002333 -1.019846 24.031336 0.904310 -0.045550 -0.006397
    6 0.000034 0.000008 13.404741 -0.000001 -0.000009 -0.196150
    7 10.398263 -5.760962 66.994675 3.097005 0.050653 3.139334
    8 1.081898 -7.469952 19.322152 0.798621 -0.723997 0.390195
    9 -0.000004 -0.000006 24.761459 -1.865111 0.216079 -0.812682
    10 -0.000007 0.000004 24.344891 1.818815 0.112571 -0.089194
    11 -0.002360 -1.019903 24.031330 0.389594 -0.042695 -0.017219
    12 0.000000 -0.000002 13.404737 0.000001 0.000005 -0.426985
    13 -0.061540 -5.245835 72.927078 0.000000 0.000000 0.000000
    14 1.739658 -2.429553 -18.458546 0.008781 0.022920 -0.052129
    15 0.000000 -0.005608 -1.146812 0.219778 0.093589 -0.500071
    16 0.030770 -0.240000 8.906021 -0.004138 0.000000 0.000000
    17 -0.378895 -2.073426 -0.285563 0.318378 -0.027264 -0.107455
    18 0.030770 -0.276858 8.905140 0.056125 0.004134 -0.000049
    19 0.143270 -0.667113 0.010544 0.343797 0.047870 -0.006844
    20 5.669724 4.435303 14.302868 3.058672 -1.436103 0.478696
    21 -1.044571 -2.839317 19.743267 -0.481005 -0.797104 0.207485
    22 2.655533 -1.533369 24.792658 -0.654468 0.088537 -0.218739
    23 1.120163 -0.154394 9.796035 -0.033095 -0.000237 -0.287603
    24 2.240311 -0.308786 19.592051 -0.189690 -0.001179 -0.557775
    25 0.683151 2.877354 14.167051 0.068010 -0.075087 1.371787
    26 0.144936 -0.145374 7.579252 -1.320954 -0.233917 0.152728
    27 0.091660 -0.906685 4.702850 -0.432400 -0.067023 0.012416
    28 0.506271 8.500866 13.617253 0.230395 0.236785 1.360583
    29 -0.384987 -0.460049 7.003448 -0.817911 -0.399631 0.213310
    30 0.561516 -0.596954 5.061852 -0.747473 -0.282569 0.124630
    31 -2.452171 -8.899406 11.597897 -0.298257 -0.362721 1.049149
    32 0.680496 -0.903999 6.074253 -0.960780 0.107677 0.014146
    33 0.245514 -0.661150 3.388004 -0.347756 0.091414 -0.012868
    34 -0.717484 -3.784271 13.043911 -0.406727 -0.215965 1.341404
    35 1.099216 -1.407745 8.017889 -1.087485 0.011864 0.001560
    36 0.068439 -0.807653 3.686054 -0.462759 -0.000675 0.002424
    37 -4.004929 6.172707 4.754754 0.374462 1.114995 2.741252
    38 0.158352 -1.149811 5.804394 -0.034058 -0.164012 0.278347
    39 -1.083523 -1.463142 5.544399 -1.302122 -0.340596 0.235348
    40 -6.289886 0.932434 13.569063 -0.126803 0.612110 2.869610
    41 1.327774 -0.766687 12.396328 -0.016253 0.007853 -0.146192
    42 -0.096140 1.828087 23.185329 0.031885 -0.075830 -1.570041
    43 2.325478 -0.000003 6.169296 -0.703461 0.065277 1.677693
    44 0.000000 -3.152912 0.122169 1.976171 0.000000 0.000000
    45 1.068383 -10.478592 7.066338 0.292219 -1.282324 -3.141588
    46 0.000000 0.000000 2.279457 0.547137 -0.343566 0.107833
    47 2.479414 -8.323895 6.074242 -0.008855 0.007342 1.561876
    48 0.000003 -5.075260 5.105362 0.000000 0.000000 0.000000
    49 -1.068383 -10.478611 7.065971 0.292219 1.282324 3.141588
    50 -0.000488 0.000015 2.279600 0.547136 0.343566 0.107835
    51 -2.479401 -8.323895 6.074234 0.008854 0.007354 1.579716
    52 -5.790000 4.432083 14.255558 -2.818347 1.334654 -0.283422
    53 1.044540 -2.839314 19.743252 -0.757425 0.569431 -0.181747
    54 -2.655510 -1.533379 24.792648 -0.272135 -0.084743 0.617108
    55 -1.120216 -0.154385 9.795983 -0.019037 -0.001049 0.165420
    56 -2.240372 -0.308788 19.592047 -0.077212 0.106289 0.325055
    57 -0.683205 2.877342 14.167089 -0.078730 0.156742 -1.397036
    58 -0.144958 -0.145317 7.579308 -1.004457 0.247163 -0.046617
    59 -0.038551 -0.936644 4.697678 -0.788312 0.163286 -0.050653
    60 -0.506317 8.500896 13.617329 0.258910 -0.218871 -1.364895
    61 0.385056 -0.460075 7.003435 -0.851518 0.492769 -0.096313
    62 -0.456360 -0.710276 5.057732 -0.670739 0.362108 -0.095870
    63 2.452194 -8.899408 11.597939 -0.674635 0.463516 -1.148059
    64 -0.680515 -0.903999 6.074242 -1.165694 -0.142907 -0.020163
    65 -0.248295 -0.666843 3.386627 -0.555509 -0.109263 0.026528
    66 0.717491 -3.784309 13.044010 -0.608972 0.236508 -1.387181
    67 -1.099228 -1.407673 8.017876 -1.165811 -0.010116 0.004551
    68 -0.064053 -0.807640 3.686100 -0.311626 0.006515 -0.005951
    69 4.004906 6.172710 4.754800 0.664977 -1.046599 -2.805267
    70 -0.158381 -1.149773 5.804405 -0.211622 -0.041522 0.173325
    71 1.078559 -2.386406 5.215008 -0.959201 0.701940 0.036341
    72 6.289963 0.932404 13.569109 -0.126801 -0.612098 -2.869612
    73 -1.327759 -0.766682 12.396324 -0.040817 -0.014756 0.353191
    74 0.000017 -54.999996 0.000000 0.000000 0.000000 -1.570796
  time 37
    0 0.000000 0.000000 -1.500000 0.000000 0.000000 0.000000
    1 -10.521344 -5.760963 66.994621 3.097005 -0.050653 -3.139334
    2 -3.890372 3.620189 17.104167 0.079829 0.503326 0.504845
    3 -0.000034 0.000012 24.761454 -1.194233 -0.138495 -0.324761
    4 0.000017 0.000000 24.344809 1.717065 -0.166744 -0.155270
    5 0.002333 -1.019846 24.031336 0.903302 -0.045550 -0.006349
    6 0.000034 0.000008 13.404741 -0.000001 -0.000009 -0.194652
    7 10.398263 -5.760962 66.994675 3.097005 0.050653 3.139334
    8 1.171744 -7.357548 19.164791 0.796915 -0.726045 0.389865
    9 -0.000004 -0.000006 24.761459 -1.856807 0.215108 -0.810959
    10 -0.000007 0.000004 24.344891 1.811070 0.113682 -0.085957
    11 -0.002360 -1.019903 24.031330 0.389594 -0.042695 -0.017219
    12 0.000000 -0.000002 13.404737 0.000001 0.000005 -0.425740
    13 -0.061540 -5.245835 72.927078 0.000000 0.000000 0.000000
    14 1.618561 -2.324741 -18.345890 0.009005 0.021148 -0.052550
    15 0.000000 -0.005608 -1.146812 0.219746 0.092334 -0.498604
    16 0.030770 -0.240000 8.906021 -0.004138 0.000000 0.000000
    17 -0.394520 -2.077332 -0.289470 0.320566 -0.029163 -0.108054
    18 0.030770 -0.276858 8.905140 0.056125 0.004134 -0.000049
    19 0.162802 -0.663207 0.010544 0.340509 0.055029 -0.006041
    20 5.669724 4.435303 14.302868 3.044125 -1.446814 0.504379
    21 -1.044571 -2.839317 19.743267 -0.482424 -0.798148 0.208275
    22 2.655533 -1.533369 24.792658 -0.641102 0.087307 -0.198360
    23 1.120163 -0.154394 9.796035 -0.033334 -0.000273 -0.289845
    24 2.240311 -0.308786 19.592051 -0.178593 0.005313 -0.564738
    25 0.683151 2.877354 14.167051 0.035480 -0.081187 1.371887
    26 0.144936 -0.145374 7.579252 -1.355105 -0.235894 0.158816
    27 0.091660 -0.906685 4.702850 -0.465229 -0.072908 0.015149
    28 0.506271 8.500866 13.617253 0.210818 0.229052 1.357039
    29 -0.384987 -0.460049 7.003448 -0.863298 -0.408415 0.228075
    30 0.561516 -0.596954 5.061852 -0.779247 -0.290563 0.133978
    31 -2.452171 -8.899406 11.597897 -0.334811 -0.358140 1.052585
    32 0.680496 -0.903999 6.074253 -0.996549 0.111656 0.013763
    33 0.245514 -0.661150 3.388004 -0.383598 0.093368 -0.015025
    34 -0.717484 -3.784271 13.043911 -0.442135 -0.211735 1.345261
    35 1.099216 -1.407745 8.017889 -1.122605 0.013158 0.000973
    36 0.068439 -0.807653 3.686054 -0.497941 0.000643 0.002616
    37 -4.004929 6.172707 4.754754 0.410402 1.097708 2.782109
    38 0.158352 -1.149811 5.804394 -0.052408 -0.166448 0.274069
    39 -1.083523 -1.463142 5.544399 -1.340523 -0.347559 0.234865
    40 -6.289886 0.932434 13.569063 -0.126803 0.612110 2.869610
    41 1.327774 -0.766687 12.396328 -0.015031 0.007362 -0.135546
    42 -0.096140 1.828087 23.185329 0.030978 -0.072038 -1.571325
    43 2.325478 -0.000003 6.169296 -0.701980 0.059605 1.681964
    44 0.000000 -3.152912 0.122169 1.975390 0.000000 0.000000
    45 1.068383 -10.478592 7.066338 0.292219 -1.282324 -3.141588
    46 0.000000 0.000000 2.279457 0.547137 -0.343566 0.107833
    47 2.479414 -8.323895 6.074242 -0.008855 0.007342 1.561876
    48 0.000003 -5.075260 5.105362 0.000000 0.000000 0.000000
    49 -1.068383 -10.478611 7.065971 0.292219 1.282324 3.141588
    50 -0.000488 0.000015 2.279600 0.547136 0.343566 0.107835
    51 -2.479401 -8.323895 6.074234 0.008854 0.007354 1.579716
    52 -5.790000 4.432083 14.255558 -2.813362 1.337852 -0.282272
    53 1.044540 -2.839314 19.743252 -0.759929 0.568880 -0.181747
    54 -2.655510 -1.533379 24.792648 -0.275507 -0.084794 0.610216
    55 -1.120216 -0.154385 9.795983 -0.018737 -0.001061 0.162754
    56 -2.240372 -0.308788 19.592047 -0.064000 0.112180 0.321618
    57 -0.683205 2.877342 14.167089 -0.079522 0.156841 -1.397125
    58 -0.144958 -0.145317 7.579308 -1.005111 0.247283 -0.046748
    59 -0.038551 -0.936644 4.697678 -0.788953 0.163442 -0.050760
    60 -0.506317 8.500896 13.617329 0.257703 -0.218456 -1.364805
    61 0.385056 -0.460075 7.003435 -0.852943 0.493147 -0.096849
    62 -0.456360 -0.710276 5.057732 -0.671905 0.362647 -0.096204
    63 2.452194 -8.899408 11.597939 -0.672247 0.463028 -1.147344
    64 -0.680515 -0.903999 6.074242 -1.163160 -0.142619 -0.020258
    65 -0.248295 -0.666843 3.386627 -0.553261 -0.109156 0.026325
    66 0.717491 -3.784309 13.044010 -0.608624 0.236520 -1.387119
    67 -1.099228 -1.407673 8.017876 -1.165419 -0.010104 0.004551
    68 -0.064053 -0.807640 3.686100 -0.311288 0.006527 -0.005940
    69 4.004906 6.172710 4.754800 0.665052 -1.046599 -2.805267
    70 -0.158381 -1.149773 5.804405 -0.211343 -0.041686 0.173178
    71 1.078559 -2.386406 5.215008 -0.958818 0.701787 0.036414
    72 6.289963 0.932404 13.569109 -0.126801 -0.612098 -2.869612
    73 -1.327759 -0.766682 12.396324 -0.040433 -0.014696 0.350045
    74 0.000017 -54.999996 0.000000 0.000000 0.000000 -1.570796
  time 38
    0 0.000000 0.000000 -1.500000 0.000000 0.000000 0.000000
    1 -10.521344 -5.760963 66.994621 3.097005 -0.050653 -3.139334
    2 -3.769275 3.693851 17.059318 0.079761 0.500264 0.503185
    3 -0.000034 0.000012 24.761454 -1.196347 -0.138747 -0.321097
    4 0.000017 0.000000 24.344809 1.717558 -0.163643 -0.153175
    5 0.002333 -1.019846 24.031336 0.902219 -0.045562 -0.006301
    6 0.000034 0.000008 13.404741 -0.000001 -0.000009 -0.193112
    7 10.398263 -5.760962 66.994675 3.097005 0.050653 3.139334
    8 1.261591 -7.232654 19.052390 0.795891 -0.727765 0.389122
    9 -0.000004 -0.000006 24.761459 -1.849327 0.214245 -0.809021
    10 -0.000007 0.000004 24.344891 1.803906 0.114793 -0.082994
    11 -0.002360 -1.019903 24.031330 0.389594 -0.042695 -0.017219
    12 0.000000 -0.000002 13.404737 0.000001 0.000005 -0.424409
    13 -0.061540 -5.245835 72.927078 0.000000 0.000000 0.000000
    14 1.505276 -2.231576 -18.255766 0.008909 0.019359 -0.052670
    15 0.000000 -0.005608 -1.146812 0.219714 0.090938 -0.497082
    16 0.030770 -0.240000 8.906021 -0.004138 0.000000 0.000000
    17 -0.402333 -2.092958 -0.293376 0.322713 -0.030695 -0.109891
    18 0.030770 -0.276858 8.905140 0.056125 0.004134 -0.000049
    19 0.186240 -0.659301 0.014450 0.340330 0.062558 -0.005238
    20 5.669724 4.435303 14.302868 3.004216 -1.455059 0.556417
    21 -1.044571 -2.839317 19.743267 -0.484968 -0.797261 0.208923
    22 2.655533 -1.533369 24.792658 -0.627432 0.086039 -0.179597
    23 1.120163 -0.154394 9.796035 -0.033610 -0.000309 -0.292156
    24 2.240311 -0.308786 19.592051 -0.167365 0.010885 -0.571780
    25 0.683151 2.877354 14.167051 0.001140 -0.087551 1.372224
    26 0.144936 -0.145374 7.579252 -1.391023 -0.237752 0.165276
    27 0.091660 -0.906685 4.702850 -0.499570 -0.078900 0.018205
    28 0.506271 8.500866 13.617253 0.190068 0.220791 1.353495
    29 -0.384987 -0.460049 7.003448 -0.911139 -0.416889 0.243954
    30 0.561516 -0.596954 5.061852 -0.812556 -0.298677 0.143973
    31 -2.452171 -8.899406 11.597897 -0.372479 -0.353420 1.055914
    32 0.680496 -0.903999 6.074253 -1.033151 0.115611 0.013307
    33 0.245514 -0.661150 3.388004 -0.420665 0.095441 -0.017290
    34 -0.717484 -3.784271 13.043911 -0.478999 -0.207252 1.349103
    35 1.099216 -1.407745 8.017889 -1.159083 0.014488 0.000301
    36 0.068439 -0.807653 3.686054 -0.534366 0.002033 0.002760
    37 -4.004929 6.172707 4.754754 0.444451 1.079558 2.820956
    38 0.158352 -1.149811 5.804394 -0.071987 -0.168825 0.269622
    39 -1.083523 -1.463142 5.544399 -1.380703 -0.354834 0.234671
    40 -6.289886 0.932434 13.569063 -0.126803 0.612110 2.869610
    41 1.327774 -0.766687 12.396328 -0.013952 0.006930 -0.126055
    42 -0.096140 1.828087 23.185329 0.029591 -0.067130 -1.572456
    43 2.325478 -0.000003 6.169296 -0.704607 0.054049 1.686993
    44 0.000000 -3.152912 0.122169 1.974625 0.000000 0.000000
    45 1.068383 -10.478592 7.066338 0.292219 -1.282324 -3.141588
    46 0.000000 0.000000 2.279457 0.547137 -0.343566 0.107833
    47 2.479414 -8.323895 6.074242 -0.008855 0.007342 1.561876
    48 0.000003 -5.075260 5.105362 0.000000 0.000000 0.000000
    49 -1.068383 -10.478611 7.065971 0.292219 1.282324 3.141588
    50 -0.000488 0.000015 2.279600 0.547136 0.343566 0.107835
    51 -2.479401 -8.323895 6.074234 0.008854 0.007354 1.579716
    52 -5.790000 4.432083 14.255558 -2.814129 1.341383 -0.281985
    53 1.044540 -2.839314 19.743252 -0.757035 0.572442 -0.183162
    54 -2.655510 -1.533379 24.792648 -0.302381 -0.084807 0.602265
    55 -1.120216 -0.154385 9.795983 -0.018413 -0.001061 0.160088
    56 -2.240372 -0.308788 19.592047 -0.051094 0.118170 0.318095
    57 -0.683205 2.877342 14.167089 -0.080710 0.157060 -1.397266
    58 -0.144958 -0.145317 7.579308 -1.006364 0.247474 -0.046976
    59 -0.038551 -0.936644 4.697678 -0.790186 0.163670 -0.050940
    60 -0.506317 8.500896 13.617329 0.255893 -0.217911 -1.364535
    61 0.385056 -0.460075 7.003435 -0.854540 0.493698 -0.097554
    62 -0.456360 -0.710276 5.057732 -0.673751 0.363380 -0.096783
    63 2.452194 -8.899408 11.597939 -0.670535 0.462726 -1.146868
    64 -0.680515 -0.903999 6.074242 -1.162082 -0.142475 -0.020306
    65 -0.248295 -0.666843 3.386627 -0.551804 -0.109048 0.026265
    66 0.717491 -3.784309 13.044010 -0.608923 0.236496 -1.387144
    67 -1.099228 -1.407673 8.017876 -1.165699 -0.010104 0.004551
    68 -0.064053 -0.807640 3.686100 -0.311626 0.006503 -0.005951
    69 4.004906 6.172710 4.754800 0.664826 -1.046599 -2.805267
    70 -0.158381 -1.149773 5.804405 -0.211587 -0.041549 0.173266
    71 1.078559 -2.386406 5.215008 -0.959105 0.701940 0.036341
    72 6.289963 0.932404 13.569109 -0.126801 -0.612098 -2.869612
    73 -1.327759 -0.766682 12.396324 -0.040086 -0.014636 0.347269
    74 0.000017 -54.999996 0.000000 0.000000 0.000000 -1.570796
  time 39
    0 0.000000 0.000000 -1.500000 0.000000 0.000000 0.000000
    1 -10.521344 -5.760963 66.994621 3.097005 -0.050653 -3.139334
    2 -3.652084 3.767513 17.036893 0.079078 0.497537 0.500913
    3 -0.000034 0.000012 24.761454 -1.198582 -0.138999 -0.317269
    4 0.000017 0.000000 24.344809 1.719099 -0.160746 -0.151273
    5 0.002333 -1.019846 24.031336 0.900987 -0.045574 -0.006241
    6 0.000034 0.000008 13.404741 -0.000001 -0.000009 -0.191404
    7 10.398263 -5.760962 66.994675 3.097005 0.050653 3.139334
    8 1.343625 -7.145228 18.939989 0.795635 -0.729082 0.387472
    9 -0.000004 -0.000006 24.761459 -1.842727 0.213490 -0.806760
    10 -0.000007 0.000004 24.344891 1.797323 0.115860 -0.080303
    11 -0.002360 -1.019903 24.031330 0.389594 -0.042695 -0.017219
    12 0.000000 -0.000002 13.404737 0.000001 0.000005 -0.423013
    13 -0.061540 -5.245835 72.927078 0.000000 0.000000 0.000000
    14 1.388085 -2.138410 -18.165641 0.008685 0.017604 -0.052309
    15 0.000000 -0.005608 -1.146812 0.219682 0.089369 -0.495506
    16 0.030770 -0.240000 8.906021 -0.004138 0.000000 0.000000
    17 -0.410146 -2.100771 -0.293376 0.324880 -0.030011 -0.116920
    18 0.030770 -0.276858 8.905140 0.056125 0.004134 -0.000049
    19 0.197959 -0.663207 0.014450 0.342189 0.070088 -0.004903
    20 5.669724 4.435303 14.302868 2.939901 -1.460696 0.633084
    21 -1.044571 -2.839317 19.743267 -0.485506 -0.795591 0.208613
    22 2.655533 -1.533369 24.792658 -0.614500 0.084963 -0.165687
    23 1.120163 -0.154394 9.796035 -0.033874 -0.000369 -0.294502
    24 2.240311 -0.308786 19.592051 -0.156094 0.015489 -0.578743
    25 0.683151 2.877354 14.167051 -0.033420 -0.093975 1.372861
    26 0.144936 -0.145374 7.579252 -1.426987 -0.239382 0.171820
    27 0.091660 -0.906685 4.702850 -0.534460 -0.084916 0.021500
    28 0.506271 8.500866 13.617253 0.168824 0.212310 1.350074
    29 -0.384987 -0.460049 7.003448 -0.959087 -0.424667 0.260325
    30 0.561516 -0.596954 5.061852 -0.846543 -0.306491 0.154460
    31 -2.452171 -8.899406 11.597897 -0.409844 -0.348819 1.059109
    32 0.680496 -0.903999 6.074253 -1.069832 0.119589 0.012672
    33 0.245514 -0.661150 3.388004 -0.457359 0.097346 -0.019627
    34 -0.717484 -3.784271 13.043911 -0.515554 -0.202710 1.352729
    35 1.099216 -1.407745 8.017889 -1.195290 0.015783 -0.000406
    36 0.068439 -0.807653 3.686054 -0.570578 0.003424 0.002868
    37 -4.004929 6.172707 4.754754 0.475257 1.061232 2.856742
    38 0.158352 -1.149811 5.804394 -0.092031 -0.171643 0.265068
    39 -1.083523 -1.463142 5.544399 -1.421145 -0.361605 0.234920
    40 -6.289886 0.932434 13.569063 -0.126803 0.612110 2.869610
    41 1.327774 -0.766687 12.396328 -0.013125 0.006583 -0.118623
    42 -0.096140 1.828087 23.185329 0.027776 -0.061394 -1.573404
    43 2.325478 -0.000003 6.169296 -0.710432 0.049781 1.697051
    44 0.000000 -3.152912 0.122169 1.973925 0.000000 0.000000
    45 1.068383 -10.478592 7.066338 0.292219 -1.282324 -3.141588
    46 0.000000 0.000000 2.279457 0.547137 -0.343566 0.107833
    47 2.479414 -8.323895 6.074242 -0.008855 0.007342 1.561876
    48 0.000003 -5.075260 5.105362 0.000000 0.000000 0.000000
    49 -1.068383 -10.478611 7.065971 0.292219 1.282324 3.141588
    50 -0.000488 0.000015 2.279600 0.547136 0.343566 0.107835
    51 -2.479401 -8.323895 6.074234 0.008854 0.007354 1.579716
    52 -5.790000 4.432083 14.255558 -2.817580 1.345205 -0.282081
    53 1.044540 -2.839314 19.743252 -0.754419 0.580285 -0.186782
    54 -2.655510 -1.533379 24.792648 -0.349586 -0.085027 0.589239
    55 -1.120216 -0.154385 9.795983 -0.018126 -0.001061 0.157449
    56 -2.240372 -0.308788 19.592047 -0.038570 0.124457 0.314487
    57 -0.683205 2.877342 14.167089 -0.082541 0.157338 -1.397497
    58 -0.144958 -0.145317 7.579308 -1.007999 0.247750 -0.047312
    59 -0.038551 -0.936644 4.697678 -0.791764 0.164005 -0.051204
    60 -0.506317 8.500896 13.617329 0.253555 -0.217106 -1.364266
    61 0.385056 -0.460075 7.003435 -0.857087 0.494334 -0.098457
    62 -0.456360 -0.710276 5.057732 -0.675888 0.364458 -0.097432
    63 2.452194 -8.899408 11.597939 -0.670057 0.462610 -1.146701
    64 -0.680515 -0.903999 6.074242 -1.161543 -0.142451 -0.020270
    65 -0.248295 -0.666843 3.386627 -0.551430 -0.108940 0.026253
    66 0.717491 -3.784309 13.044010 -0.609670 0.236448 -1.387243
    67 -1.099228 -1.407673 8.017876 -1.166428 -0.010128 0.004563
    68 -0.064053 -0.807640 3.686100 -0.312301 0.006491 -0.005951
    69 4.004906 6.172710 4.754800 0.664675 -1.046620 -2.805267
    70 -0.158381 -1.149773 5.804405 -0.212111 -0.041220 0.173530
    71 1.078559 -2.386406 5.215008 -0.959822 0.702277 0.036195
    72 6.289963 0.932404 13.569109 -0.126801 -0.612098 -2.869612
    73 -1.327759 -0.766682 12.396324 -0.039594 -0.014528 0.343198
    74 0.000017 -54.999996 0.000000 0.000000 0.000000 -1.570796
  time 40
    0 0.000000 0.000000 -1.500000 0.000000 0.000000 0.000000
    1 -10.521344 -5.760963 66.994621 3.097005 -0.050653 -3.139334
    2 -3.542706 3.828898 17.014469 0.077370 0.495143 0.497942
    3 -0.000034 0.000012 24.761454 -1.200087 -0.139166 -0.312994
    4 0.000017 0.000000 24.344809 1.720887 -0.158075 -0.149415
    5 0.002333 -1.019846 24.031336 0.899419 -0.045574 -0.006169
    6 0.000034 0.000008 13.404741 -0.000001 -0.000009 -0.189337
    7 10.398263 -5.760962 66.994675 3.097005 0.050653 3.139334
    8 1.417846 -7.045313 18.850069 0.796147 -0.729703 0.385244
    9 -0.000004 -0.000006 24.761459 -1.836568 0.212771 -0.803925
    10 -0.000007 0.000004 24.344891 1.790998 0.116704 -0.077949
    11 -0.002360 -1.019903 24.031330 0.389594 -0.042695 -0.017219
    12 0.000000 -0.000002 13.404737 0.000001 0.000005 -0.421403
    13 -0.061540 -5.245835 72.927078 0.000000 0.000000 0.000000
    14 1.278707 -2.056890 -18.098048 0.008301 0.015832 -0.051589
    15 0.000000 -0.005608 -1.146812 0.219618 0.087707 -0.493875
    16 0.030770 -0.240000 8.906021 -0.004138 0.000000 0.000000
    17 -0.417958 -2.116396 -0.297282 0.327342 -0.026061 -0.130697
    18 0.030770 -0.276858 8.905140 0.056125 0.004134 -0.000049
    19 0.209678 -0.667113 0.014450 0.344584 0.077082 -0.005358
    20 5.669724 4.435303 14.302868 2.856733 -1.463480 0.729588
    21 -1.044571 -2.839317 19.743267 -0.479684 -0.794756 0.206329
    22 2.655533 -1.533369 24.792658 -0.602783 0.084156 -0.157115
    23 1.120163 -0.154394 9.796035 -0.034137 -0.000405 -0.296813
    24 2.240311 -0.308786 19.592051 -0.145127 0.019219 -0.585469
    25 0.683151 2.877354 14.167051 -0.066828 -0.100135 1.373698
    26 0.144936 -0.145374 7.579252 -1.461836 -0.240736 0.178183
    27 0.091660 -0.906685 4.702850 -0.568023 -0.090585 0.024880
    28 0.506271 8.500866 13.617253 0.148073 0.203962 1.346931
    29 -0.384987 -0.460049 7.003448 -1.005719 -0.431462 0.276540
    30 0.561516 -0.596954 5.061852 -0.879602 -0.313766 0.164850
    31 -2.452171 -8.899406 11.597897 -0.445739 -0.344557 1.062034
    32 0.680496 -0.903999 6.074253 -1.104887 0.123389 0.011917
    33 0.245514 -0.661150 3.388004 -0.492882 0.099072 -0.021940
    34 -0.717484 -3.784271 13.043911 -0.550653 -0.198300 1.356064
    35 1.099216 -1.407745 8.017889 -1.230061 0.016993 -0.001137
    36 0.068439 -0.807653 3.686054 -0.605333 0.004754 0.002916
    37 -4.004929 6.172707 4.754754 0.502460 1.043505 2.888604
    38 0.158352 -1.149811 5.804394 -0.111525 -0.174358 0.260706
    39 -1.083523 -1.463142 5.544399 -1.460017 -0.368065 0.235500
    40 -6.289886 0.932434 13.569063 -0.126803 0.612110 2.869610
    41 1.327774 -0.766687 12.396328 -0.012514 0.006319 -0.113300
    42 -0.096140 1.828087 23.185329 0.025653 -0.054926 -1.574168
    43 2.325478 -0.000003 6.169296 -0.718072 0.047683 1.714134
    44 0.000000 -3.152912 0.122169 1.973274 0.000000 0.000000
    45 1.068383 -10.478592 7.066338 0.292219 -1.282324 -3.141588
    46 0.000000 0.000000 2.279457 0.547137 -0.343566 0.107833
    47 2.479414 -8.323895 6.074242 -0.008855 0.007342 1.561876
    48 0.000003 -5.075260 5.105362 0.000000 0.000000 0.000000
    49 -1.068383 -10.478611 7.065971 0.292219 1.282324 3.141588
    50 -0.000488 0.000015 2.279600 0.547136 0.343566 0.107835
    51 -2.479401 -8.323895 6.074234 0.008854 0.007354 1.579716
    52 -5.790000 4.432083 14.255558 -2.823139 1.349192 -0.282847
    53 1.044540 -2.839314 19.743252 -0.752471 0.592453 -0.192660
    54 -2.655510 -1.533379 24.792648 -0.403988 -0.085649 0.570306
    55 -1.120216 -0.154385 9.795983 -0.017802 -0.001073 0.154810
    56 -2.240372 -0.308788 19.592047 -0.026886 0.130744 0.310792
    57 -0.683205 2.877342 14.167089 -0.084917 0.157697 -1.397805
    58 -0.144958 -0.145317 7.579308 -1.010342 0.248133 -0.047731
    59 -0.038551 -0.936644 4.697678 -0.794032 0.164461 -0.051527
    60 -0.506317 8.500896 13.617329 0.250689 -0.216173 -1.363906
    61 0.385056 -0.460075 7.003435 -0.860195 0.495314 -0.099790
    62 -0.456360 -0.710276 5.057732 -0.678658 0.365558 -0.098327
    63 2.452194 -8.899408 11.597939 -0.670296 0.462633 -1.146772
    64 -0.680515 -0.903999 6.074242 -1.161651 -0.142439 -0.020318
    65 -0.248295 -0.666843 3.386627 -0.551804 -0.109036 0.026265
    66 0.717491 -3.784309 13.044010 -0.610865 0.236364 -1.387429
    67 -1.099228 -1.407673 8.017876 -1.167717 -0.010140 0.004551
    68 -0.064053 -0.807640 3.686100 -0.313314 0.006419 -0.005963
    69 4.004906 6.172710 4.754800 0.664450 -1.046661 -2.805267
    70 -0.158381 -1.149773 5.804405 -0.212983 -0.040673 0.173940
    71 1.078559 -2.386406 5.215008 -0.960920 0.702798 0.035866
    72 6.289963 0.932404 13.569109 -0.126801 -0.612098 -2.869612
    73 -1.327759 -0.766682 12.396324 -0.038791 -0.014384 0.336582
    74 0.000017 -54.999996 0.000000 0.000000 0.000000 -1.570796
  time 41
    0 0.000000 0.000000 -1.500000 0.000000 0.000000 0.000000
    1 -10.521344 -5.760963 66.994621 3.097005 -0.050653 -3.139334
    2 -3.445046 3.878006 16.992044 0.074568 0.493166 0.494272
    3 -0.000034 0.000012 24.761454 -1.200534 -0.139214 -0.308352
    4 0.000017 0.000000 24.344809 1.723168 -0.155608 -0.147708
    5 0.002333 -1.019846 24.031336 0.897403 -0.045586 -0.006073
    6 0.000034 0.000008 13.404741 -0.000001 -0.000009 -0.186932
    7 10.398263 -5.760962 66.994675 3.097005 0.050653 3.139334
    8 1.476441 -6.957888 18.760148 0.797256 -0.729594 0.382356
    9 -0.000004 -0.000006 24.761459 -1.830793 0.212112 -0.800588
    10 -0.000007 0.000004 24.344891 1.785125 0.117415 -0.075931
    11 -0.002360 -1.019903 24.031330 0.389594 -0.042695 -0.017219
    12 0.000000 -0.000002 13.404737 0.000001 0.000005 -0.419535
    13 -0.061540 -5.245835 72.927078 0.000000 0.000000 0.000000
    14 1.177141 -1.975371 -18.052986 0.007789 0.014180 -0.050208
    15 0.000000 -0.005608 -1.146812 0.219586 0.085919 -0.492299
    16 0.030770 -0.240000 8.906021 -0.004138 0.000000 0.000000
    17 -0.425771 -2.135928 -0.301189 0.329994 -0.020503 -0.147828
    18 0.030770 -0.276858 8.905140 0.056125 0.004134 -0.000049
    19 0.225304 -0.674926 0.014450 0.347407 0.083891 -0.006161
    20 5.669724 4.435303 14.302868 2.763133 -1.463339 0.836538
    21 -1.044571 -2.839317 19.743267 -0.468922 -0.794443 0.202437
    22 2.655533 -1.533369 24.792658 -0.592845 0.083503 -0.151616
    23 1.120163 -0.154394 9.796035 -0.034401 -0.000453 -0.299055
    24 2.240311 -0.308786 19.592051 -0.134639 0.021982 -0.591839
    25 0.683151 2.877354 14.167051 -0.097494 -0.105756 1.374672
    26 0.144936 -0.145374 7.579252 -1.493711 -0.241790 0.184080
    27 0.091660 -0.906685 4.702850 -0.598838 -0.095678 0.028140
    28 0.506271 8.500866 13.617253 0.128497 0.196075 1.344126
    29 -0.384987 -0.460049 7.003448 -1.049007 -0.437119 0.291857
    30 0.561516 -0.596954 5.061852 -0.910412 -0.320213 0.174774
    31 -2.452171 -8.899406 11.597897 -0.478901 -0.340812 1.064612
    32 0.680496 -0.903999 6.074253 -1.137444 0.126864 0.011090
    33 0.245514 -0.661150 3.388004 -0.525635 0.100618 -0.024133
    34 -0.717484 -3.784271 13.043911 -0.583019 -0.194153 1.359014
    35 1.099216 -1.407745 8.017889 -1.262154 0.018108 -0.001832
    36 0.068439 -0.807653 3.686054 -0.637423 0.005964 0.002928
    37 -4.004929 6.172707 4.754754 0.525250 1.027186 2.915683
    38 0.158352 -1.149811 5.804394 -0.129578 -0.176927 0.256727
    39 -1.083523 -1.463142 5.544399 -1.495802 -0.373806 0.236329
    40 -6.289886 0.932434 13.569063 -0.126803 0.612110 2.869610
    41 1.327774 -0.766687 12.396328 -0.012034 0.006103 -0.109132
    42 -0.096140 1.828087 23.185329 0.023222 -0.048042 -1.574688
    43 2.325478 -0.000003 6.169296 -0.727288 0.046757 1.734250
    44 0.000000 -3.152912 0.122169 1.972721 0.000000 0.000000
    45 1.068383 -10.478592 7.066338 0.292219 -1.282324 -3.141588
    46 0.000000 0.000000 2.279457 0.547137 -0.343566 0.107833
    47 2.479414 -8.323895 6.074242 -0.008855 0.007342 1.561876
    48 0.000003 -5.075260 5.105362 0.000000 0.000000 0.000000
    49 -1.068383 -10.478611 7.065971 0.292219 1.282324 3.141588
    50 -0.000488 0.000015 2.279600 0.547136 0.343566 0.107835
    51 -2.479401 -8.323895 6.074234 0.008854 0.007354 1.579716
    52 -5.790000 4.432083 14.255558 -2.830904 1.353470 -0.283997
    53 1.044540 -2.839314 19.743252 -0.748965 0.608479 -0.200253
    54 -2.655510 -1.533379 24.792648 -0.453408 -0.086516 0.549481
    55 -1.120216 -0.154385 9.795983 -0.017515 -0.001073 0.152280
    56 -2.240372 -0.308788 19.592047 -0.016195 0.137031 0.307183
    57 -0.683205 2.877342 14.167089 -0.087986 0.158134 -1.398203
    58 -0.144958 -0.145317 7.579308 -1.013230 0.248613 -0.048282
    59 -0.038551 -0.936644 4.697678 -0.796892 0.165036 -0.051971
    60 -0.506317 8.500896 13.617329 0.246993 -0.214953 -1.363502
    61 0.385056 -0.460075 7.003435 -0.863907 0.496432 -0.101336
    62 -0.456360 -0.710276 5.057732 -0.682058 0.367003 -0.099416
    63 2.452194 -8.899408 11.597939 -0.671052 0.462796 -1.146987
    64 -0.680515 -0.903999 6.074242 -1.162298 -0.142511 -0.020294
    65 -0.248295 -0.666843 3.386627 -0.552470 -0.109072 0.026313
    66 0.717491 -3.784309 13.044010 -0.612659 0.236220 -1.387677
    67 -1.099228 -1.407673 8.017876 -1.169286 -0.010212 0.004599
    68 -0.064053 -0.807640 3.686100 -0.315059 0.006395 -0.005963
    69 4.004906 6.172710 4.754800 0.663998 -1.046682 -2.805267
    70 -0.158381 -1.149773 5.804405 -0.214204 -0.039824 0.174585
    71 1.078559 -2.386406 5.215008 -0.962545 0.703533 0.035464
    72 6.289963 0.932404 13.569109 -0.126801 -0.612098 -2.869612
    73 -1.327759 -0.766682 12.396324 -0.037833 -0.014192 0.328532
    74 0.000017 -54.999996 0.000000 0.000000 0.000000 -1.570796
  time 42
    0 0.000000 0.000000 -1.500000 0.000000 0.000000 0.000000
    1 -10.521344 -5.760963 66.994621 3.097005 -0.050653 -3.139334
    2 -3.347387 3.914837 16.992044 0.070743 0.491608 0.489947
    3 -0.000034 0.000012 24.761454 -1.200087 -0.139166 -0.303425
    4 0.000017 0.000000 24.344809 1.725757 -0.153435 -0.146174
    5 0.002333 -1.019846 24.031336 0.895014 -0.045610 -0.005953
    6 0.000034 0.000008 13.404741 -0.000001 -0.000009 -0.184274
    7 10.398263 -5.760962 66.994675 3.097005 0.050653 3.139334
    8 1.527224 -6.870462 18.670227 0.799048 -0.728825 0.378725
    9 -0.000004 -0.000006 24.761459 -1.825513 0.211501 -0.796748
    10 -0.000007 0.000004 24.344891 1.779510 0.117971 -0.074292
    11 -0.002360 -1.019903 24.031330 0.389594 -0.042695 -0.017219
    12 0.000000 -0.000002 13.404737 0.000001 0.000005 -0.417517
    13 -0.061540 -5.245835 72.927078 0.000000 0.000000 0.000000
    14 1.087295 -1.905496 -17.985392 0.007181 0.012632 -0.048466
    15 0.000000 -0.005608 -1.146812 0.219554 0.084036 -0.490723
    16 0.030770 -0.240000 8.906021 -0.004138 0.000000 0.000000
    17 -0.437490 -2.147647 -0.305095 0.332645 -0.014919 -0.164840
    18 0.030770 -0.276858 8.905140 0.056125 0.004134 -0.000049
    19 0.237023 -0.678833 0.014450 0.350767 0.090762 -0.006844
    20 5.669724 4.435303 14.302868 2.669341 -1.460379 0.943488
    21 -1.044571 -2.839317 19.743267 -0.456643 -0.793347 0.197784
    22 2.655533 -1.533369 24.792658 -0.583862 0.082965 -0.147248
    23 1.120163 -0.154394 9.796035 -0.034653 -0.000489 -0.301228
    24 2.240311 -0.308786 19.592051 -0.124673 0.023731 -0.597773
    25 0.683151 2.877354 14.167051 -0.124319 -0.110621 1.375696
    26 0.144936 -0.145374 7.579252 -1.521683 -0.242581 0.189305
    27 0.091660 -0.906685 4.702850 -0.625486 -0.099933 0.031112
    28 0.506271 8.500866 13.617253 0.111267 0.189066 1.341877
    29 -0.384987 -0.460049 7.003448 -1.086640 -0.441541 0.305363
    30 0.561516 -0.596954 5.061852 -0.937366 -0.325618 0.183594
    31 -2.452171 -8.899406 11.597897 -0.508114 -0.337905 1.066866
    32 0.680496 -0.903999 6.074253 -1.166233 0.129920 0.010299
    33 0.245514 -0.661150 3.388004 -0.554287 0.101949 -0.026111
    34 -0.717484 -3.784271 13.043911 -0.611416 -0.190534 1.361488
    35 1.099216 -1.407745 8.017889 -1.290405 0.019031 -0.002431
    36 0.068439 -0.807653 3.686054 -0.665426 0.007079 0.002904
    37 -4.004929 6.172707 4.754754 0.543625 1.013102 2.937690
    38 0.158352 -1.149811 5.804394 -0.145385 -0.179245 0.253239
    39 -1.083523 -1.463142 5.544399 -1.526879 -0.378636 0.237282
    40 -6.289886 0.932434 13.569063 -0.126803 0.612110 2.869610
    41 1.327774 -0.766687 12.396328 -0.011639 0.005923 -0.105567
    42 -0.096140 1.828087 23.185329 0.020585 -0.040904 -1.574963
    43 2.325478 -0.000003 6.169296 -0.738032 0.045831 1.753128
    44 0.000000 -3.152912 0.122169 1.972200 0.000000 0.000000
    45 1.068383 -10.478592 7.066338 0.292219 -1.282324 -3.141588
    46 0.000000 0.000000 2.279457 0.547137 -0.343566 0.107833
    47 2.479414 -8.323895 6.074242 -0.008855 0.007342 1.561876
    48 0.000003 -5.075260 5.105362 0.000000 0.000000 0.000000
    49 -1.068383 -10.478611 7.065971 0.292219 1.282324 3.141588
    50 -0.000488 0.000015 2.279600 0.547136 0.343566 0.107835
    51 -2.479401 -8.323895 6.074234 0.008854 0.007354 1.579716
    52 -5.790000 4.432083 14.255558 -2.840490 1.357873 -0.285434
    53 1.044540 -2.839314 19.743252 -0.742565 0.627049 -0.208663
    54 -2.655510 -1.533379 24.792648 -0.485314 -0.087241 0.531154
    55 -1.120216 -0.154385 9.795983 -0.017251 -0.001073 0.149859
    56 -2.240372 -0.308788 19.592047 -0.006801 0.143120 0.303747
    57 -0.683205 2.877342 14.167089 -0.099766 0.160204 -1.398959
    58 -0.144958 -0.145317 7.579308 -1.033719 0.251909 -0.052225
    59 -0.038551 -0.936644 4.697678 -0.808480 0.167349 -0.053745
    60 -0.506317 8.500896 13.617329 0.234850 -0.210569 -1.361615
    61 0.385056 -0.460075 7.003435 -0.880785 0.501385 -0.108258
    62 -0.456360 -0.710276 5.057732 -0.705475 0.376878 -0.106910
    63 2.452194 -8.899408 11.597939 -0.680526 0.461727 -1.147654
    64 -0.680515 -0.903999 6.074242 -1.171730 -0.143590 -0.019935
    65 -0.248295 -0.666843 3.386627 -0.561712 -0.109671 0.026972
    66 0.717491 -3.784309 13.044010 -0.623270 0.234950 -1.388694
    67 -1.099228 -1.407673 8.017876 -1.182959 -0.010668 0.004802
    68 -0.064053 -0.807640 3.686100 -0.325356 0.006023 -0.006059
    69 4.004906 6.172710 4.754800 0.656168 -1.046787 -2.806168
    70 -0.158381 -1.149773 5.804405 -0.222645 -0.034622 0.177603
    71 1.078559 -2.386406 5.215008 -0.972004 0.709200 0.034039
    72 6.289963 0.932404 13.569109 -0.126801 -0.612098 -2.869612
    73 -1.327759 -0.766682 12.396324 -0.036838 -0.014013 0.320343
    74 0.000017 -54.999996 0.000000 0.000000 0.000000 -1.570796
  time 43
    0 0.000000 0.000000 -1.500000 0.000000 0.000000 0.000000
    1 -10.521344 -5.760963 66.994621 3.097005 -0.050653 -3.139334
    2 -3.257541 3.927114 16.992044 0.066234 0.490466 0.485228
    3 -0.000034 0.000012 24.761454 -1.198908 -0.139035 -0.298376
    4 0.000017 0.000000 24.344809 1.728531 -0.151624 -0.144856
    5 0.002333 -1.019846 24.031336 0.892400 -0.045622 -0.005833
    6 0.000034 0.000008 13.404741 -0.000001 -0.000009 -0.181448
    7 10.398263 -5.760962 66.994675 3.097005 0.050653 3.139334
    8 1.566288 -6.783036 18.602787 0.801351 -0.727326 0.374682
    9 -0.000004 -0.000006 24.761459 -1.820839 0.210949 -0.792549
    10 -0.000007 0.000004 24.344891 1.774476 0.118282 -0.073031
    11 -0.002360 -1.019903 24.031330 0.389594 -0.042695 -0.017219
    12 0.000000 -0.000002 13.404737 0.000001 0.000005 -0.415327
    13 -0.061540 -5.245835 72.927078 0.000000 0.000000 0.000000
    14 1.009167 -1.835622 -17.940330 0.006477 0.011204 -0.046244
    15 0.000000 -0.005608 -1.146812 0.219522 0.082045 -0.489201
    16 0.030770 -0.240000 8.906021 -0.004138 0.000000 0.000000
    17 -0.437490 -2.167179 -0.309001 0.335318 -0.011083 -0.178298
    18 0.030770 -0.276858 8.905140 0.056125 0.004134 -0.000049
    19 0.252648 -0.690552 0.010544 0.354950 0.097962 -0.006964
    20 5.669724 4.435303 14.302868 2.583781 -1.455094 1.042389
    21 -1.044571 -2.839317 19.743267 -0.446614 -0.790268 0.193441
    22 2.655533 -1.533369 24.792658 -0.574662 0.082542 -0.142073
    23 1.120163 -0.154394 9.796035 -0.034868 -0.000525 -0.303263
    24 2.240311 -0.308786 19.592051 -0.115534 0.024422 -0.603074
    25 0.683151 2.877354 14.167051 -0.145878 -0.114528 1.376633
    26 0.144936 -0.145374 7.579252 -1.543940 -0.243085 0.193380
    27 0.091660 -0.906685 4.702850 -0.647235 -0.103456 0.033581
    28 0.506271 8.500866 13.617253 0.097557 0.183486 1.340120
    29 -0.384987 -0.460049 7.003448 -1.116519 -0.444681 0.316173
    30 0.561516 -0.596954 5.061852 -0.958858 -0.329729 0.190737
    31 -2.452171 -8.899406 11.597897 -0.532214 -0.335953 1.068745
    32 0.680496 -0.903999 6.074253 -1.189669 0.132425 0.009532
    33 0.245514 -0.661150 3.388004 -0.578200 0.102931 -0.027752
    34 -0.717484 -3.784271 13.043911 -0.634698 -0.187634 1.363440
    35 1.099216 -1.407745 8.017889 -1.313223 0.019810 -0.003018
    36 0.068439 -0.807653 3.686054 -0.688525 0.007930 0.002856
    37 -4.004929 6.172707 4.754754 0.557227 1.002082 2.954339
    38 0.158352 -1.149811 5.804394 -0.158395 -0.181183 0.250435
    39 -1.083523 -1.463142 5.544399 -1.551887 -0.382279 0.238263
    40 -6.289886 0.932434 13.569063 -0.126803 0.612110 2.869610
    41 1.327774 -0.766687 12.396328 -0.011208 0.005744 -0.101801
    42 -0.096140 1.828087 23.185329 0.017794 -0.033734 -1.574963
    43 2.325478 -0.000003 6.169296 -0.750208 0.043617 1.766818
    44 0.000000 -3.152912 0.122169 1.971793 0.000000 0.000000
    45 1.068383 -10.478592 7.066338 0.292219 -1.282324 -3.141588
    46 0.000000 0.000000 2.279457 0.547137 -0.343566 0.107833
    47 2.479414 -8.323895 6.074242 -0.008855 0.007342 1.561876
    48 0.000003 -5.075260 5.105362 0.000000 0.000000 0.000000
    49 -1.068383 -10.478611 7.065971 0.292219 1.282324 3.141588
    50 -0.000488 0.000015 2.279600 0.547136 0.343566 0.107835
    51 -2.479401 -8.323895 6.074234 0.008854 0.007354 1.579716
    52 -5.790000 4.432083 14.255558 -2.851417 1.362525 -0.287255
    53 1.044540 -2.839314 19.743252 -0.732602 0.646806 -0.216909
    54 -2.655510 -1.533379 24.792648 -0.498097 -0.087551 0.518431
    55 -1.120216 -0.154385 9.795983 -0.016999 -0.001073 0.147710
    56 -2.240372 -0.308788 19.592047 0.001141 0.149060 0.300396
    57 -0.683205 2.877342 14.167089 -0.125653 0.164760 -1.400344
    58 -0.144958 -0.145317 7.579308 -1.082707 0.259459 -0.061933
    59 -0.038551 -0.936644 4.697678 -0.834171 0.172430 -0.057783
    60 -0.506317 8.500896 13.617329 0.209206 -0.200918 -1.357436
    61 0.385056 -0.460075 7.003435 -0.919160 0.512151 -0.124275
    62 -0.456360 -0.710276 5.057732 -0.761684 0.399668 -0.125866
    63 2.452194 -8.899408 11.597939 -0.704051 0.458730 -1.149037
    64 -0.680515 -0.903999 6.074242 -1.194852 -0.146251 -0.018844
    65 -0.248295 -0.666843 3.386627 -0.585109 -0.110965 0.028698
    66 0.717491 -3.784309 13.044010 -0.648080 0.231738 -1.390889
    67 -1.099228 -1.407673 8.017876 -1.215797 -0.011650 0.005318
    68 -0.064053 -0.807640 3.686100 -0.349891 0.005161 -0.006275
    69 4.004906 6.172710 4.754800 0.635839 -1.046996 -2.808214
    70 -0.158381 -1.149773 5.804405 -0.242561 -0.022163 0.184284
    71 1.078559 -2.386406 5.215008 -0.994124 0.722678 0.030787
    72 6.289963 0.932404 13.569109 -0.126801 -0.612098 -2.869612
    73 -1.327759 -0.766682 12.396324 -0.035999 -0.013833 0.313403
    74 0.000017 -54.999996 0.000000 0.000000 0.000000 -1.570796
  time 44
    0 0.000000 0.000000 -1.500000 0.000000 0.000000 0.000000
    1 -10.521344 -5.760963 66.994621 3.097005 -0.050653 -3.139334
    2 -3.183320 3.939391 17.014469 0.061110 0.489715 0.480073
    3 -0.000034 0.000012 24.761454 -1.197160 -0.138831 -0.293286
    4 0.000017 0.000000 24.344809 1.731182 -0.150130 -0.143754
    5 0.002333 -1.019846 24.031336 0.889899 -0.045634 -0.005713
    6 0.000034 0.000008 13.404741 -0.000001 -0.000009 -0.178495
    7 10.398263 -5.760962 66.994675 3.097005 0.050653 3.139334
    8 1.589726 -6.708100 18.535346 0.804081 -0.725167 0.370226
    9 -0.000004 -0.000006 24.761459 -1.816769 0.210482 -0.787991
    10 -0.000007 0.000004 24.344891 1.769958 0.118371 -0.072211
    11 -0.002360 -1.019903 24.031330 0.389594 -0.042695 -0.017219
    12 0.000000 -0.000002 13.404737 0.000001 0.000005 -0.413073
    13 -0.061540 -5.245835 72.927078 0.000000 0.000000 0.000000
    14 0.946665 -1.789040 -17.940330 0.005645 0.009965 -0.043662
    15 0.000000 -0.005608 -1.146812 0.219491 0.079958 -0.487706
    16 0.030770 -0.240000 8.906021 -0.004138 0.000000 0.000000
    17 -0.445303 -2.186711 -0.312908 0.337991 -0.008766 -0.188401
    18 0.030770 -0.276858 8.905140 0.056125 0.004134 -0.000049
    19 0.268274 -0.702271 0.010544 0.359704 0.105223 -0.006569
    20 5.669724 4.435303 14.302868 2.511236 -1.448082 1.127585
    21 -1.044571 -2.839317 19.743267 -0.439178 -0.785467 0.189634
    22 2.655533 -1.533369 24.792658 -0.565462 0.081927 -0.136492
    23 1.120163 -0.154394 9.796035 -0.035084 -0.000561 -0.305091
    24 2.240311 -0.308786 19.592051 -0.107440 0.024146 -0.607782
    25 0.683151 2.877354 14.167051 -0.161128 -0.117273 1.377407
    26 0.144936 -0.145374 7.579252 -1.559645 -0.243384 0.196304
    27 0.091660 -0.906685 4.702850 -0.662391 -0.105817 0.035355
    28 0.506271 8.500866 13.617253 0.087923 0.179597 1.339072
    29 -0.384987 -0.460049 7.003448 -1.136687 -0.446646 0.323544
    30 0.561516 -0.596954 5.061852 -0.973531 -0.332474 0.195663
    31 -2.452171 -8.899406 11.597897 -0.549832 -0.335236 1.070276
    32 0.680496 -0.903999 6.074253 -1.206919 0.134223 0.008969
    33 0.245514 -0.661150 3.388004 -0.595508 0.103662 -0.028987
    34 -0.717484 -3.784271 13.043911 -0.651587 -0.185644 1.364823
    35 1.099216 -1.407745 8.017889 -1.329794 0.020349 -0.003426
    36 0.068439 -0.807653 3.686054 -0.705050 0.008553 0.002808
    37 -4.004929 6.172707 4.754754 0.565604 0.994917 2.964864
    38 0.158352 -1.149811 5.804394 -0.167888 -0.182606 0.248386
    39 -1.083523 -1.463142 5.544399 -1.569204 -0.384484 0.239105
    40 -6.289886 0.932434 13.569063 -0.126803 0.612110 2.869610
    41 1.327774 -0.766687 12.396328 -0.010788 0.005552 -0.098135
    42 -0.096140 1.828087 23.185329 0.014952 -0.026787 -1.574688
    43 2.325478 -0.000003 6.169296 -0.763531 0.040217 1.775559
    44 0.000000 -3.152912 0.122169 1.971484 0.000000 0.000000
    45 1.068383 -10.478592 7.066338 0.292219 -1.282324 -3.141588
    46 0.000000 0.000000 2.279457 0.547137 -0.343566 0.107833
    47 2.479414 -8.323895 6.074242 -0.008855 0.007342 1.561876
    48 0.000003 -5.075260 5.105362 0.000000 0.000000 0.000000
    49 -1.068383 -10.478611 7.065971 0.292219 1.282324 3.141588
    50 -0.000488 0.000015 2.279600 0.547136 0.343566 0.107835
    51 -2.479401 -8.323895 6.074234 0.008854 0.007354 1.579716
    52 -5.790000 4.432083 14.255558 -2.863687 1.367302 -0.289458
    53 1.044540 -2.839314 19.743252 -0.721415 0.666054 -0.224393
    54 -2.655510 -1.533379 24.792648 -0.500009 -0.087629 0.510631
    55 -1.120216 -0.154385 9.795983 -0.016772 -0.001073 0.145724
    56 -2.240372 -0.308788 19.592047 0.007556 0.154753 0.297217
    57 -0.683205 2.877342 14.167089 -0.161192 0.170988 -1.402383
    58 -0.144958 -0.145317 7.579308 -1.151367 0.269214 -0.076111
    59 -0.038551 -0.936644 4.697678 -0.869625 0.179262 -0.063584
    60 -0.506317 8.500896 13.617329 0.174285 -0.187505 -1.352224
    61 0.385056 -0.460075 7.003435 -0.972557 0.526081 -0.147245
    62 -0.456360 -0.710276 5.057732 -0.842330 0.429832 -0.155143
    63 2.452194 -8.899408 11.597939 -0.737129 0.454455 -1.150753
    64 -0.680515 -0.903999 6.074242 -1.227622 -0.149978 -0.017262
    65 -0.248295 -0.666843 3.386627 -0.618040 -0.112811 0.031166
    66 0.717491 -3.784309 13.044010 -0.682554 0.227148 -1.393754
    67 -1.099228 -1.407673 8.017876 -1.262029 -0.013053 0.006085
    68 -0.064053 -0.807640 3.686100 -0.383935 0.003938 -0.006551
    69 4.004906 6.172710 4.754800 0.607153 -1.047288 -2.811162
    70 -0.158381 -1.149773 5.804405 -0.270291 -0.004639 0.193104
    71 1.078559 -2.386406 5.215008 -1.025560 0.741486 0.025599
    72 6.289963 0.932404 13.569109 -0.126801 -0.612098 -2.869612
    73 -1.327759 -0.766682 12.396324 -0.035388 -0.013689 0.308268
    74 0.000017 -54.999996 0.000000 0.000000 0.000000 -1.570796
  time 45
    0 0.000000 0.000000 -1.500000 0.000000 0.000000 0.000000
    1 -10.521344 -5.760963 66.994621 3.097005 -0.050653 -3.139334
    2 -3.120818 3.939391 17.036893 0.055712 0.489325 0.474699
    3 -0.000034 0.000012 24.761454 -1.194924 -0.138567 -0.288196
    4 0.000017 0.000000 24.344809 1.733771 -0.149021 -0.142933
    5 0.002333 -1.019846 24.031336 0.887435 -0.045646 -0.005606
    6 0.000034 0.000008 13.404741 -0.000001 -0.000009 -0.175478
    7 10.398263 -5.760962 66.994675 3.097005 0.050653 3.139334
    8 1.597539 -6.633164 18.467906 0.807323 -0.722278 0.365440
    9 -0.000004 -0.000006 24.761459 -1.813249 0.210062 -0.783182
    10 -0.000007 0.000004 24.344891 1.766021 0.118193 -0.071833
    11 -0.002360 -1.019903 24.031330 0.389594 -0.042695 -0.017219
    12 0.000000 -0.000002 13.404737 0.000001 0.000005 -0.410754
    13 -0.061540 -5.245835 72.927078 0.000000 0.000000 0.000000
    14 0.899789 -1.742457 -17.917799 0.004685 0.008950 -0.040659
    15 0.000000 -0.005608 -1.146812 0.219491 0.077841 -0.486375
    16 0.030770 -0.240000 8.906021 -0.004138 0.000000 0.000000
    17 -0.457022 -2.198430 -0.316814 0.340642 -0.006855 -0.197266
    18 0.030770 -0.276858 8.905140 0.056125 0.004134 -0.000049
    19 0.283899 -0.710083 0.010544 0.364779 0.111991 -0.006005
    20 5.669724 4.435303 14.302868 2.453429 -1.440084 1.197352
    21 -1.044571 -2.839317 19.743267 -0.432280 -0.780249 0.185855
    22 2.655533 -1.533369 24.792658 -0.556479 0.081389 -0.132125
    23 1.120163 -0.154394 9.796035 -0.035252 -0.000597 -0.306644
    24 2.240311 -0.308786 19.592051 -0.100564 0.022857 -0.611659
    25 0.683151 2.877354 14.167051 -0.168643 -0.118615 1.377894
    26 0.144936 -0.145374 7.579252 -1.567405 -0.243516 0.197742
    27 0.091660 -0.906685 4.702850 -0.669900 -0.106992 0.036241
    28 0.506271 8.500866 13.617253 0.083167 0.177752 1.338549
    29 -0.384987 -0.460049 7.003448 -1.145188 -0.447413 0.326660
    30 0.561516 -0.596954 5.061852 -0.980065 -0.333636 0.197856
    31 -2.452171 -8.899406 11.597897 -0.559908 -0.335993 1.071403
    32 0.680496 -0.903999 6.074253 -1.216674 0.135193 0.008669
    33 0.245514 -0.661150 3.388004 -0.605148 0.104130 -0.029658
    34 -0.717484 -3.784271 13.043911 -0.660803 -0.184781 1.365591
    35 1.099216 -1.407745 8.017889 -1.338797 0.020613 -0.003617
    36 0.068439 -0.807653 3.686054 -0.713863 0.008937 0.002772
    37 -4.004929 6.172707 4.754754 0.568126 0.992470 2.968500
    38 0.158352 -1.149811 5.804394 -0.173101 -0.183428 0.247271
    39 -1.083523 -1.463142 5.544399 -1.577418 -0.385047 0.239740
    40 -6.289886 0.932434 13.569063 -0.126803 0.612110 2.869610
    41 1.327774 -0.766687 12.396328 -0.010453 0.005396 -0.095172
    42 -0.096140 1.828087 23.185329 0.012093 -0.020287 -1.574107
    43 2.325478 -0.000003 6.169296 -0.777139 0.036701 1.781945
    44 0.000000 -3.152912 0.122169 1.971321 0.000000 0.000000
    45 1.068383 -10.478592 7.066338 0.292219 -1.282324 -3.141588
    46 0.000000 0.000000 2.279457 0.547137 -0.343566 0.107833
    47 2.479414 -8.323895 6.074242 -0.008855 0.007342 1.561876
    48 0.000003 -5.075260 5.105362 0.000000 0.000000 0.000000
    49 -1.068383 -10.478611 7.065971 0.292219 1.282324 3.141588
    50 -0.000488 0.000015 2.279600 0.547136 0.343566 0.107835
    51 -2.479401 -8.323895 6.074234 0.008854 0.007354 1.579716
    52 -5.790000 4.432083 14.255558 -2.877011 1.372203 -0.291949
    53 1.044540 -2.839314 19.743252 -0.711898 0.683861 -0.231170
    54 -2.655510 -1.533379 24.792648 -0.494071 -0.087486 0.505936
    55 -1.120216 -0.154385 9.795983 -0.016580 -0.001073 0.143983
    56 -2.240372 -0.308788 19.592047 0.011985 0.159951 0.294381
    57 -0.683205 2.877342 14.167089 -0.202324 0.178092 -1.405025
    58 -0.144958 -0.145317 7.579308 -1.230816 0.279269 -0.093284
    59 -0.038551 -0.936644 4.697678 -0.910750 0.186884 -0.070583
    60 -0.506317 8.500896 13.617329 0.134160 -0.171809 -1.346833
    61 0.385056 -0.460075 7.003435 -1.035234 0.540733 -0.174961
    62 -0.456360 -0.710276 5.057732 -0.937356 0.461722 -0.192353
    63 2.452194 -8.899408 11.597939 -0.775342 0.449529 -1.152588
    64 -0.680515 -0.903999 6.074242 -1.265674 -0.154208 -0.015309
    65 -0.248295 -0.666843 3.386627 -0.656007 -0.114836 0.034103
    66 0.717491 -3.784309 13.044010 -0.722259 0.221755 -1.396854
    67 -1.099228 -1.407673 8.017876 -1.315377 -0.014623 0.007079
    68 -0.064053 -0.807640 3.686100 -0.423157 0.002584 -0.006778
    69 4.004906 6.172710 4.754800 0.574326 -1.047706 -2.814354
    70 -0.158381 -1.149773 5.804405 -0.302032 0.015760 0.202657
    71 1.078559 -2.386406 5.215008 -1.062730 0.763204 0.018438
    72 6.289963 0.932404 13.569109 -0.126801 -0.612098 -2.869612
    73 -1.327759 -0.766682 12.396324 -0.034884 -0.013581 0.304243
    74 0.000017 -54.999996 0.000000 0.000000 0.000000 -1.570796
  time 46
    0 0.000000 0.000000 -1.500000 0.000000 0.000000 0.000000
    1 -10.521344 -5.760963 66.994621 3.097005 -0.050653 -3.139334
    2 -3.077848 3.914837 17.014469 0.050042 0.489409 0.469063
    3 -0.000034 0.000012 24.761454 -1.192404 -0.138279 -0.283270
    4 0.000017 0.000000 24.344809 1.736113 -0.148342 -0.142393
    5 0.002333 -1.019846 24.031336 0.885307 -0.045658 -0.005510
    6 0.000034 0.000008 13.404741 -0.000001 -0.000009 -0.172504
    7 10.398263 -5.760962 66.994675 3.097005 0.050653 3.139334
    8 1.589726 -6.570717 18.422945 0.810991 -0.718693 0.360324
    9 -0.000004 -0.000006 24.761459 -1.810444 0.209751 -0.778230
    10 -0.000007 0.000004 24.344891 1.762794 0.117726 -0.071917
    11 -0.002360 -1.019903 24.031330 0.389594 -0.042695 -0.017219
    12 0.000000 -0.000002 13.404737 0.000001 0.000005 -0.408371
    13 -0.061540 -5.245835 72.927078 0.000000 0.000000 0.000000
    14 0.868538 -1.707520 -17.872737 0.003693 0.008193 -0.037476
    15 0.000000 -0.005608 -1.146812 0.219459 0.075629 -0.485070
    16 0.030770 -0.240000 8.906021 -0.004138 0.000000 0.000000
    17 -0.468741 -2.210149 -0.320721 0.343336 -0.005475 -0.204614
    18 0.030770 -0.276858 8.905140 0.056125 0.004134 -0.000049
    19 0.299525 -0.721803 0.006637 0.370070 0.118081 -0.005298
    20 5.669724 4.435303 14.302868 2.409596 -1.431769 1.252264
    21 -1.044571 -2.839317 19.743267 -0.426361 -0.774613 0.182471
    22 2.655533 -1.533369 24.792658 -0.547626 0.081005 -0.129052
    23 1.120163 -0.154394 9.796035 -0.035408 -0.000621 -0.307885
    24 2.240311 -0.308786 19.592051 -0.095037 0.020324 -0.614666
    25 0.683151 2.877354 14.167051 -0.172374 -0.119238 1.378231
    26 0.144936 -0.145374 7.579252 -1.571122 -0.243588 0.198449
    27 0.091660 -0.906685 4.702850 -0.673426 -0.107531 0.036673
    28 0.506271 8.500866 13.617253 0.080882 0.176939 1.338394
    29 -0.384987 -0.460049 7.003448 -1.147713 -0.447653 0.327583
    30 0.561516 -0.596954 5.061852 -0.982457 -0.334080 0.198659
    31 -2.452171 -8.899406 11.597897 -0.566337 -0.337705 1.072423
    32 0.680496 -0.903999 6.074253 -1.222662 0.135876 0.008393
    33 0.245514 -0.661150 3.388004 -0.611379 0.104310 -0.030101
    34 -0.717484 -3.784271 13.043911 -0.666182 -0.184529 1.366083
    35 1.099216 -1.407745 8.017889 -1.343842 0.020780 -0.003773
    36 0.068439 -0.807653 3.686054 -0.719087 0.009092 0.002748
    37 -4.004929 6.172707 4.754754 0.567585 0.992594 2.968691
    38 0.158352 -1.149811 5.804394 -0.176321 -0.183912 0.246588
    39 -1.083523 -1.463142 5.544399 -1.581028 -0.384664 0.240251
    40 -6.289886 0.932434 13.569063 -0.126803 0.612110 2.869610
    41 1.327774 -0.766687 12.396328 -0.010213 0.005276 -0.092963
    42 -0.096140 1.828087 23.185329 0.009285 -0.014391 -1.573251
    43 2.325478 -0.000003 6.169296 -0.791035 0.032997 1.785617
    44 0.000000 -3.152912 0.122169 1.971256 0.000000 0.000000
    45 1.068383 -10.478592 7.066338 0.292219 -1.282324 -3.141588
    46 0.000000 0.000000 2.279457 0.547137 -0.343566 0.107833
    47 2.479414 -8.323895 6.074242 -0.008855 0.007342 1.561876
    48 0.000003 -5.075260 5.105362 0.000000 0.000000 0.000000
    49 -1.068383 -10.478611 7.065971 0.292219 1.282324 3.141588
    50 -0.000488 0.000015 2.279600 0.547136 0.343566 0.107835
    51 -2.479401 -8.323895 6.074234 0.008854 0.007354 1.579716
    52 -5.790000 4.432083 14.255558 -2.891103 1.377312 -0.294824
    53 1.044540 -2.839314 19.743252 -0.703883 0.700099 -0.237239
    54 -2.655510 -1.533379 24.792648 -0.483553 -0.087254 0.504194
    55 -1.120216 -0.154385 9.795983 -0.016412 -0.001073 0.142541
    56 -2.240372 -0.308788 19.592047 0.014505 0.164654 0.292147
    57 -0.683205 2.877342 14.167089 -0.244743 0.185315 -1.408167
    58 -0.144958 -0.145317 7.579308 -1.311954 0.288102 -0.111597
    59 -0.038551 -0.936644 4.697678 -0.953157 0.194410 -0.078097
    60 -0.506317 8.500896 13.617329 0.093356 -0.155594 -1.341981
    61 0.385056 -0.460075 7.003435 -1.100027 0.554199 -0.204607
    62 -0.456360 -0.710276 5.057732 -1.036463 0.490377 -0.234039
    63 2.452194 -8.899408 11.597939 -0.814312 0.444743 -1.154375
    64 -0.680515 -0.903999 6.074242 -1.304265 -0.158463 -0.013104
    65 -0.248295 -0.666843 3.386627 -0.695057 -0.116790 0.037183
    66 0.717491 -3.784309 13.044010 -0.762811 0.216182 -1.399843
    67 -1.099228 -1.407673 8.017876 -1.369341 -0.016133 0.008122
    68 -0.064053 -0.807640 3.686100 -0.463504 0.001086 -0.006982
    69 4.004906 6.172710 4.754800 0.541197 -1.048166 -2.817711
    70 -0.158381 -1.149773 5.804405 -0.334366 0.037200 0.211946
    71 1.078559 -2.386406 5.215008 -1.101666 0.784769 0.009523
    72 6.289963 0.932404 13.569109 -0.126801 -0.612098 -2.869612
    73 -1.327759 -0.766682 12.396324 -0.034573 -0.013509 0.301467
    74 0.000017 -54.999996 0.000000 0.000000 0.000000 -1.570796
  time 47
    0 0.000000 0.000000 -1.500000 0.000000 0.000000 0.000000
    1 -10.521344 -5.760963 66.994621 3.097005 -0.050653 -3.139334
    2 -3.050503 3.878006 17.059318 0.044440 0.489882 0.463427
    3 -0.000034 0.000012 24.761454 -1.189721 -0.137980 -0.278628
    4 0.000017 0.000000 24.344809 1.738148 -0.148161 -0.142177
    5 0.002333 -1.019846 24.031336 0.883552 -0.045670 -0.005426
    6 0.000034 0.000008 13.404741 -0.000001 -0.000009 -0.169657
    7 10.398263 -5.760962 66.994675 3.097005 0.050653 3.139334
    8 1.562381 -6.520760 18.377985 0.814830 -0.714449 0.355208
    9 -0.000004 -0.000006 24.761459 -1.808244 0.209487 -0.773134
    10 -0.000007 0.000004 24.344891 1.760277 0.116993 -0.072526
    11 -0.002360 -1.019903 24.031330 0.389594 -0.042695 -0.017219
    12 0.000000 -0.000002 13.404737 0.000001 0.000005 -0.405988
    13 -0.061540 -5.245835 72.927078 0.000000 0.000000 0.000000
    14 0.856819 -1.695874 -17.872737 0.002572 0.007694 -0.034053
    15 0.000000 -0.005608 -1.146812 0.219395 0.073386 -0.483929
    16 0.030770 -0.240000 8.906021 -0.004138 0.000000 0.000000
    17 -0.476554 -2.229681 -0.324627 0.345882 -0.004816 -0.209925
    18 0.030770 -0.276858 8.905140 0.056125 0.004134 -0.000049
    19 0.311244 -0.733522 0.006637 0.375396 0.123306 -0.004435
    20 5.669724 4.435303 14.302868 2.378013 -1.423841 1.293952
    21 -1.044571 -2.839317 19.743267 -0.422399 -0.768768 0.179679
    22 2.655533 -1.533369 24.792658 -0.538990 0.080582 -0.127273
    23 1.120163 -0.154394 9.796035 -0.035492 -0.000633 -0.308644
    24 2.240311 -0.308786 19.592051 -0.091164 0.016733 -0.616447
    25 0.683151 2.877354 14.167051 -0.176982 -0.120017 1.378656
    26 0.144936 -0.145374 7.579252 -1.575537 -0.243648 0.199276
    27 0.091660 -0.906685 4.702850 -0.677822 -0.108202 0.037188
    28 0.506271 8.500866 13.617253 0.078103 0.175950 1.338179
    29 -0.384987 -0.460049 7.003448 -1.150950 -0.447953 0.328769
    30 0.561516 -0.596954 5.061852 -0.985527 -0.334631 0.199702
    31 -2.452171 -8.899406 11.597897 -0.573932 -0.339717 1.073631
    32 0.680496 -0.903999 6.074253 -1.229880 0.136620 0.008154
    33 0.245514 -0.661150 3.388004 -0.618622 0.104585 -0.030629
    34 -0.717484 -3.784271 13.043911 -0.672708 -0.184230 1.366636
    35 1.099216 -1.407745 8.017889 -1.349973 0.020984 -0.003917
    36 0.068439 -0.807653 3.686054 -0.725235 0.009320 0.002748
    37 -4.004929 6.172707 4.754754 0.566865 0.992734 2.968787
    38 0.158352 -1.149811 5.804394 -0.180220 -0.184514 0.245761
    39 -1.083523 -1.463142 5.544399 -1.585318 -0.384172 0.240901
    40 -6.289886 0.932434 13.569063 -0.126803 0.612110 2.869610
    41 1.327774 -0.766687 12.396328 -0.010057 0.005204 -0.091557
    42 -0.096140 1.828087 23.185329 0.006614 -0.009388 -1.572028
    43 2.325478 -0.000003 6.169296 -0.804835 0.028960 1.786256
    44 0.000000 -3.152912 0.122169 1.976008 0.000000 0.000000
    45 1.068383 -10.478592 7.066338 0.292219 -1.282324 -3.141588
    46 0.000000 0.000000 2.279457 0.547137 -0.343566 0.107833
    47 2.479414 -8.323895 6.074242 -0.008855 0.007342 1.561876
    48 0.000003 -5.075260 5.105362 0.000000 0.000000 0.000000
    49 -1.068383 -10.478611 7.065971 0.292219 1.282324 3.141588
    50 -0.000488 0.000015 2.279600 0.547136 0.343566 0.107835
    51 -2.479401 -8.323895 6.074234 0.008854 0.007354 1.579716
    52 -5.790000 4.432083 14.255558 -2.905481 1.382463 -0.297698
    53 1.044540 -2.839314 19.743252 -0.697316 0.714599 -0.242546
    54 -2.655510 -1.533379 24.792648 -0.471374 -0.086995 0.505406
    55 -1.120216 -0.154385 9.795983 -0.016280 -0.001073 0.141480
    56 -2.240372 -0.308788 19.592047 0.012978 0.169109 0.289913
    57 -0.683205 2.877342 14.167089 -0.283648 0.191762 -1.411489
    58 -0.144958 -0.145317 7.579308 -1.385137 0.294789 -0.128687
    59 -0.038551 -0.936644 4.697678 -0.992309 0.201074 -0.085336
    60 -0.506317 8.500896 13.617329 0.056172 -0.140677 -1.338296
    61 0.385056 -0.460075 7.003435 -1.159553 0.564827 -0.232354
    62 -0.456360 -0.710276 5.057732 -1.127360 0.512951 -0.274374
    63 2.452194 -8.899408 11.597939 -0.849579 0.440747 -1.156115
    64 -0.680515 -0.903999 6.074242 -1.339569 -0.162262 -0.010875
    65 -0.248295 -0.666843 3.386627 -0.730277 -0.118348 0.040035
    66 0.717491 -3.784309 13.044010 -0.799925 0.211064 -1.402447
    67 -1.099228 -1.407673 8.017876 -1.418543 -0.017487 0.009249
    68 -0.064053 -0.807640 3.686100 -0.500306 -0.000173 -0.007090
    69 4.004906 6.172710 4.754800 0.512210 -1.048668 -2.820576
    70 -0.158381 -1.149773 5.804405 -0.363735 0.056942 0.220004
    71 1.078559 -2.386406 5.215008 -1.138740 0.804343 -0.000086
    72 6.289963 0.932404 13.569109 -0.126801 -0.612098 -2.869612
    73 -1.327759 -0.766682 12.396324 -0.034405 -0.013473 0.300264
    74 0.000017 -54.999996 0.000000 0.000000 0.000000 -1.570796
  time 48
    0 0.000000 0.000000 -1.500000 0.000000 0.000000 0.000000
    1 -10.521344 -5.760963 66.994621 3.097005 -0.050653 -3.139334
    2 -3.046597 3.841175 17.104167 0.039111 0.490773 0.457834
    3 -0.000034 0.000012 24.761454 -1.187119 -0.137668 -0.274352
    4 0.000017 0.000000 24.344809 1.739566 -0.148455 -0.142328
    5 0.002333 -1.019846 24.031336 0.882395 -0.045682 -0.005378
    6 0.000034 0.000008 13.404741 -0.000001 -0.000009 -0.166957
    7 10.398263 -5.760962 66.994675 3.097005 0.050653 3.139334
    8 1.515505 -6.483292 18.355505 0.819010 -0.709438 0.349927
    9 -0.000004 -0.000006 24.761459 -1.806814 0.209331 -0.767966
    10 -0.000007 0.000004 24.344891 1.758470 0.115949 -0.073682
    11 -0.002360 -1.019903 24.031330 0.389594 -0.042695 -0.017219
    12 0.000000 -0.000002 13.404737 0.000001 0.000005 -0.403648
    13 -0.061540 -5.245835 72.927078 0.000000 0.000000 0.000000
    14 0.868538 -1.684228 -17.872737 0.001420 0.007522 -0.030510
    15 0.000000 -0.005608 -1.146812 0.219363 0.071128 -0.482951
    16 0.030770 -0.240000 8.906021 -0.004138 0.000000 0.000000
    17 -0.488273 -2.241400 -0.324627 0.348428 -0.005044 -0.212800
    18 0.030770 -0.276858 8.905140 0.056125 0.004134 -0.000049
    19 0.319057 -0.745241 0.002731 0.380865 0.127523 -0.003441
    20 5.669724 4.435303 14.302868 2.357341 -1.417006 1.323564
    21 -1.044571 -2.839317 19.743267 -0.421176 -0.763080 0.177846
    22 2.655533 -1.533369 24.792658 -0.530701 0.080313 -0.126869
    23 1.120163 -0.154394 9.796035 -0.035528 -0.000645 -0.308920
    24 2.240311 -0.308786 19.592051 -0.089423 0.011668 -0.616763
    25 0.683151 2.877354 14.167051 -0.182193 -0.120928 1.379143
    26 0.144936 -0.145374 7.579252 -1.580880 -0.243720 0.200247
    27 0.091660 -0.906685 4.702850 -0.682858 -0.108969 0.037787
    28 0.506271 8.500866 13.617253 0.074583 0.174654 1.337871
    29 -0.384987 -0.460049 7.003448 -1.155005 -0.448312 0.330255
    30 0.561516 -0.596954 5.061852 -0.989383 -0.335302 0.200996
    31 -2.452171 -8.899406 11.597897 -0.582286 -0.341968 1.075000
    32 0.680496 -0.903999 6.074253 -1.237930 0.137434 0.007854
    33 0.245514 -0.661150 3.388004 -0.626717 0.104897 -0.031192
    34 -0.717484 -3.784271 13.043911 -0.680249 -0.183858 1.367297
    35 1.099216 -1.407745 8.017889 -1.357191 0.021200 -0.004097
    36 0.068439 -0.807653 3.686054 -0.732413 0.009584 0.002736
    37 -4.004929 6.172707 4.754754 0.566054 0.992910 2.969074
    38 0.158352 -1.149811 5.804394 -0.184924 -0.185087 0.244754
    39 -1.083523 -1.463142 5.544399 -1.590445 -0.383765 0.241619
    40 -6.289886 0.932434 13.569063 -0.126803 0.612110 2.869610
    41 1.327774 -0.766687 12.396328 -0.009985 0.005180 -0.090954
    42 -0.096140 1.828087 23.185329 0.004097 -0.005469 -1.570530
    43 2.325478 -0.000003 6.169296 -0.818205 0.024561 1.783582
    44 0.000000 -3.152912 0.122169 1.988393 0.000000 0.000000
    45 1.068383 -10.478592 7.066338 0.292219 -1.282324 -3.141588
    46 0.000000 0.000000 2.279457 0.547137 -0.343566 0.107833
    47 2.479414 -8.323895 6.074242 -0.008855 0.007342 1.561876
    48 0.000003 -5.075260 5.105362 0.000000 0.000000 0.000000
    49 -1.068383 -10.478611 7.065971 0.292219 1.282324 3.141588
    50 -0.000488 0.000015 2.279600 0.547136 0.343566 0.107835
    51 -2.479401 -8.323895 6.074234 0.008854 0.007354 1.579716
    52 -5.790000 4.432083 14.255558 -2.920147 1.387655 -0.301052
    53 1.044540 -2.839314 19.743252 -0.691083 0.728039 -0.247336
    54 -2.655510 -1.533379 24.792648 -0.460856 -0.086775 0.509268
    55 -1.120216 -0.154385 9.795983 -0.016208 -0.001073 0.140800
    56 -2.240372 -0.308788 19.592047 0.006181 0.173862 0.287937
    57 -0.683205 2.877342 14.167089 -0.314732 0.196736 -1.414541
    58 -0.144958 -0.145317 7.579308 -1.440882 0.299068 -0.142062
    59 -0.038551 -0.936644 4.697678 -1.023227 0.206047 -0.091232
    60 -0.506317 8.500896 13.617329 0.026833 -0.128847 -1.335915
    61 0.385056 -0.460075 7.003435 -1.206173 0.572222 -0.254665
    62 -0.456360 -0.710276 5.057732 -1.196978 0.527462 -0.306441
    63 2.452194 -8.899408 11.597939 -0.876965 0.438330 -1.157783
    64 -0.680515 -0.903999 6.074242 -1.366895 -0.165090 -0.009257
    65 -0.248295 -0.666843 3.386627 -0.757504 -0.119702 0.042252
    66 0.717491 -3.784309 13.044010 -0.829418 0.207133 -1.404506
    67 -1.099228 -1.407673 8.017876 -1.456537 -0.018446 0.009980
    68 -0.064053 -0.807640 3.686100 -0.529342 -0.001335 -0.007186
    69 4.004906 6.172710 4.754800 0.491204 -1.049085 -2.822622
    70 -0.158381 -1.149773 5.804405 -0.386756 0.072659 0.226304
    71 1.078559 -2.386406 5.215008 -1.169077 0.819322 -0.009074
    72 6.289963 0.932404 13.569109 -0.126801 -0.612098 -2.869612
    73 -1.327759 -0.766682 12.396324 -0.034417 -0.013473 0.300403
    74 0.000017 -54.999996 0.000000 0.000000 0.000000 -1.570796
  time 49
    0 0.000000 0.000000 -1.500000 0.000000 0.000000 0.000000
    1 -10.521344 -5.760963 66.994621 3.097005 -0.050653 -3.139334
    2 -3.062222 3.755236 17.126592 0.033304 0.492331 0.452198
    3 -0.000034 0.000012 24.761454 -1.184111 -0.137333 -0.270606
    4 0.000017 0.000000 24.344809 1.740737 -0.149451 -0.142933
    5 0.002333 -1.019846 24.031336 0.881947 -0.045682 -0.005354
    6 0.000034 0.000008 13.404741 -0.000001 -0.000009 -0.164404
    7 10.398263 -5.760962 66.994675 3.097005 0.050653 3.139334
    8 1.453003 -6.483292 18.355505 0.823020 -0.703585 0.344811
    9 -0.000004 -0.000006 24.761459 -1.806814 0.209331 -0.762655
    10 -0.000007 0.000004 24.344891 1.758599 0.114660 -0.075364
    11 -0.002360 -1.019903 24.031330 0.389594 -0.042695 -0.017219
    12 0.000000 -0.000002 13.404737 0.000001 0.000005 -0.401243
    13 -0.061540 -5.245835 72.927078 0.000000 0.000000 0.000000
    14 0.903695 -1.707520 -17.872737 0.000236 0.007677 -0.026727
    15 0.000000 -0.005608 -1.146812 0.219331 0.068838 -0.482108
    16 0.030770 -0.240000 8.906021 -0.004138 0.000000 0.000000
    17 -0.499992 -2.257025 -0.324627 0.350869 -0.006019 -0.213599
    18 0.030770 -0.276858 8.905140 0.056125 0.004134 -0.000049
    19 0.330776 -0.756960 0.002731 0.386083 0.130444 -0.002398
    20 5.669724 4.435303 14.302868 2.357819 -1.409677 1.330944
    21 -1.044571 -2.839317 19.743267 -0.421860 -0.755357 0.176182
    22 2.655533 -1.533369 24.792658 -0.522673 0.080044 -0.127192
    23 1.120163 -0.154394 9.796035 -0.035504 -0.000633 -0.308713
    24 2.240311 -0.308786 19.592051 -0.090163 0.005037 -0.615814
    25 0.683151 2.877354 14.167051 -0.188556 -0.122019 1.379730
    26 0.144936 -0.145374 7.579252 -1.587246 -0.243816 0.201470
    27 0.091660 -0.906685 4.702850 -0.689131 -0.109928 0.038554
    28 0.506271 8.500866 13.617253 0.070260 0.173072 1.337562
    29 -0.384987 -0.460049 7.003448 -1.159949 -0.448744 0.332089
    30 0.561516 -0.596954 5.061852 -0.994024 -0.336141 0.202578
    31 -2.452171 -8.899406 11.597897 -0.591551 -0.344358 1.076530
    32 0.680496 -0.903999 6.074253 -1.246892 0.138345 0.007531
    33 0.245514 -0.661150 3.388004 -0.635664 0.105232 -0.031839
    34 -0.717484 -3.784271 13.043911 -0.688803 -0.183451 1.368035
    35 1.099216 -1.407745 8.017889 -1.365457 0.021451 -0.004313
    36 0.068439 -0.807653 3.686054 -0.740729 0.009883 0.002688
    37 -4.004929 6.172707 4.754754 0.565424 0.993104 2.969169
    38 0.158352 -1.149811 5.804394 -0.190433 -0.186099 0.243592
    39 -1.083523 -1.463142 5.544399 -1.596723 -0.382902 0.242544
    40 -6.289886 0.932434 13.569063 -0.126803 0.612110 2.869610
    41 1.327774 -0.766687 12.396328 -0.009997 0.005180 -0.091155
    42 -0.096140 1.828087 23.185329 0.001786 -0.002314 -1.568634
    43 2.325478 -0.000003 6.169296 -0.831097 0.019960 1.777914
    44 0.000000 -3.152912 0.122169 2.005384 0.000000 0.000000
    45 1.068383 -10.478592 7.066338 0.292219 -1.282324 -3.141588
    46 0.000000 0.000000 2.279457 0.547137 -0.343566 0.107833
    47 2.479414 -8.323895 6.074242 -0.008855 0.007342 1.561876
    48 0.000003 -5.075260 5.105362 0.000000 0.000000 0.000000
    49 -1.068383 -10.478611 7.065971 0.292219 1.282324 3.141588
    50 -0.000488 0.000015 2.279600 0.547136 0.343566 0.107835
    51 -2.479401 -8.323895 6.074234 0.008854 0.007354 1.579716
    52 -5.790000 4.432083 14.255558 -2.934910 1.393304 -0.304597
    53 1.044540 -2.839314 19.743252 -0.684626 0.741182 -0.251772
    54 -2.655510 -1.533379 24.792648 -0.455018 -0.086658 0.514948
    55 -1.120216 -0.154385 9.795983 -0.016172 -0.001073 0.140528
    56 -2.240372 -0.308788 19.592047 -0.005045 0.178466 0.286391
    57 -0.683205 2.877342 14.167089 -0.338342 0.200378 -1.417234
    58 -0.144958 -0.145317 7.579308 -1.480443 0.301693 -0.151757
    59 -0.038551 -0.936644 4.697678 -1.047143 0.209691 -0.095918
    60 -0.506317 8.500896 13.617329 0.004432 -0.119922 -1.334567
    61 0.385056 -0.460075 7.003435 -1.240749 0.577038 -0.271280
    62 -0.456360 -0.710276 5.057732 -1.246434 0.536561 -0.329785
    63 2.452194 -8.899408 11.597939 -0.897704 0.437308 -1.159642
    64 -0.680515 -0.903999 6.074242 -1.387322 -0.167200 -0.007950
    65 -0.248295 -0.666843 3.386627 -0.778028 -0.120637 0.043954
    66 0.717491 -3.784309 13.044010 -0.851886 0.204269 -1.406143
    67 -1.099228 -1.407673 8.017876 -1.484331 -0.019117 0.010495
    68 -0.064053 -0.807640 3.686100 -0.551738 -0.002294 -0.007222
    69 4.004906 6.172710 4.754800 0.477501 -1.049378 -2.823932
    70 -0.158381 -1.149773 5.804405 -0.403987 0.084652 0.231227
    71 1.078559 -2.386406 5.215008 -1.193060 0.830319 -0.017039
    72 6.289963 0.932404 13.569109 -0.126801 -0.612098 -2.869612
    73 -1.327759 -0.766682 12.396324 -0.034573 -0.013509 0.301606
    74 0.000017 -54.999996 0.000000 0.000000 0.000000 -1.570796
  time 50
    0 0.000000 0.000000 -1.500000 0.000000 0.000000 0.000000
    1 -10.521344 -5.760963 66.994621 3.097005 -0.050653 -3.139334
    2 -3.097379 3.620189 17.193865 0.026540 0.494809 0.446388
    3 -0.000034 0.000012 24.761454 -1.180411 -0.136901 -0.267512
    4 0.000017 0.000000 24.344809 1.741662 -0.151194 -0.144014
    5 0.002333 -1.019846 24.031336 0.882320 -0.045682 -0.005378
    6 0.000034 0.000008 13.404741 -0.000001 -0.000009 -0.162063
    7 10.398263 -5.760962 66.994675 3.097005 0.050653 3.139334
    8 1.374876 -6.533249 18.355505 0.826432 -0.696708 0.340190
    9 -0.000004 -0.000006 24.761459 -1.808519 0.209523 -0.757128
    10 -0.000007 0.000004 24.344891 1.761116 0.113260 -0.077529
    11 -0.002360 -1.019903 24.031330 0.389594 -0.042695 -0.017219
    12 0.000000 -0.000002 13.404737 0.000001 0.000005 -0.398731
    13 -0.061540 -5.245835 72.927078 0.000000 0.000000 0.000000
    14 0.954478 -1.789040 -17.940330 -0.000948 0.008038 -0.022823
    15 0.000000 -0.005608 -1.146812 0.219331 0.066532 -0.481483
    16 0.030770 -0.240000 8.906021 -0.004138 0.000000 0.000000
    17 -0.507805 -2.272651 -0.324627 0.353184 -0.007424 -0.212641
    18 0.030770 -0.276858 8.905140 0.056125 0.004134 -0.000049
    19 0.330776 -0.764773 0.002731 0.390945 0.131761 -0.001487
    20 5.669724 4.435303 14.302868 2.385383 -1.400304 1.310052
    21 -1.044571 -2.839317 19.743267 -0.423181 -0.744294 0.173841
    22 2.655533 -1.533369 24.792658 -0.515035 0.079929 -0.129133
    23 1.120163 -0.154394 9.796035 -0.035432 -0.000621 -0.308092
    24 2.240311 -0.308786 19.592051 -0.093210 -0.002653 -0.613677
    25 0.683151 2.877354 14.167051 -0.196072 -0.123289 1.380454
    26 0.144936 -0.145374 7.579252 -1.594959 -0.243912 0.202896
    27 0.091660 -0.906685 4.702850 -0.696503 -0.111055 0.039465
    28 0.506271 8.500866 13.617253 0.065135 0.171248 1.337193
    29 -0.384987 -0.460049 7.003448 -1.165996 -0.449259 0.334342
    30 0.561516 -0.596954 5.061852 -0.999522 -0.337040 0.204435
    31 -2.452171 -8.899406 11.597897 -0.601322 -0.346907 1.078221
    32 0.680496 -0.903999 6.074253 -1.256449 0.139328 0.007147
    33 0.245514 -0.661150 3.388004 -0.645250 0.105604 -0.032534
    34 -0.717484 -3.784271 13.043911 -0.698063 -0.182983 1.368834
    35 1.099216 -1.407745 8.017889 -1.374538 0.021727 -0.004528
    36 0.068439 -0.807653 3.686054 -0.749756 0.010243 0.002652
    37 -4.004929 6.172707 4.754754 0.564613 0.993280 2.969457
    38 0.158352 -1.149811 5.804394 -0.197044 -0.187171 0.242178
    39 -1.083523 -1.463142 5.544399 -1.604100 -0.382051 0.243621
    40 -6.289886 0.932434 13.569063 -0.126803 0.612110 2.869610
    41 1.327774 -0.766687 12.396328 -0.010129 0.005240 -0.092210
    42 -0.096140 1.828087 23.185329 -0.000406 0.000522 -1.566372
    43 2.325478 -0.000003 6.169296 -0.843465 0.015677 1.769971
    44 0.000000 -3.152912 0.122169 2.024002 0.000000 0.000000
    45 1.068383 -10.478592 7.066338 0.292219 -1.282324 -3.141588
    46 0.000000 0.000000 2.279457 0.547137 -0.343566 0.107833
    47 2.479414 -8.323895 6.074242 -0.008855 0.007342 1.561876
    48 0.000003 -5.075260 5.105362 0.000000 0.000000 0.000000
    49 -1.068383 -10.478611 7.065971 0.292219 1.282324 3.141588
    50 -0.000488 0.000015 2.279600 0.547136 0.343566 0.107835
    51 -2.479401 -8.323895 6.074234 0.008854 0.007354 1.579716
    52 -5.790000 4.432083 14.255558 -2.949576 1.399369 -0.308238
    53 1.044540 -2.839314 19.743252 -0.679228 0.754240 -0.256317
    54 -2.655510 -1.533379 24.792648 -0.456730 -0.086671 0.520930
    55 -1.120216 -0.154385 9.795983 -0.016196 -0.001073 0.140691
    56 -2.240372 -0.308788 19.592047 -0.019937 0.182327 0.284930
    57 -0.683205 2.877342 14.167089 -0.358686 0.203342 -1.419760
    58 -0.144958 -0.145317 7.579308 -1.512920 0.303490 -0.159511
    59 -0.038551 -0.936644 4.697678 -1.067557 0.213010 -0.099933
    60 -0.506317 8.500896 13.617329 -0.014424 -0.112450 -1.333713
    61 0.385056 -0.460075 7.003435 -1.269757 0.580684 -0.285383
    62 -0.456360 -0.710276 5.057732 -1.286709 0.543180 -0.349005
    63 2.452194 -8.899408 11.597939 -0.915974 0.437029 -1.161787
    64 -0.680515 -0.903999 6.074242 -1.405324 -0.169069 -0.006644
    65 -0.248295 -0.666843 3.386627 -0.796055 -0.121272 0.045488
    66 0.717491 -3.784309 13.044010 -0.871464 0.201908 -1.407631
    67 -1.099228 -1.407673 8.017876 -1.508036 -0.019740 0.011190
    68 -0.064053 -0.807640 3.686100 -0.571209 -0.002845 -0.007222
    69 4.004906 6.172710 4.754800 0.467487 -1.049629 -2.824833
    70 -0.158381 -1.149773 5.804405 -0.418881 0.095194 0.235593
    71 1.078559 -2.386406 5.215008 -1.214559 0.839631 -0.024712
    72 6.289963 0.932404 13.569109 -0.126801 -0.612098 -2.869612
    73 -1.327759 -0.766682 12.396324 -0.034777 -0.013557 0.303364
    74 0.000017 -54.999996 0.000000 0.000000 0.000000 -1.570796
  time 51
    0 0.000000 0.000000 -1.500000 0.000000 0.000000 0.000000
    1 -10.521344 -5.760963 66.994621 3.097005 -0.050653 -3.139334
    2 -3.152069 3.448311 17.261139 0.018888 0.497982 0.440621
    3 -0.000034 0.000012 24.761454 -1.175940 -0.136386 -0.265069
    4 0.000017 0.000000 24.344809 1.742525 -0.153616 -0.145569
    5 0.002333 -1.019846 24.031336 0.883216 -0.045670 -0.005414
    6 0.000034 0.000008 13.404741 -0.000001 -0.000009 -0.159848
    7 10.398263 -5.760962 66.994675 3.097005 0.050653 3.139334
    8 1.281123 -6.620675 18.400465 0.829162 -0.688953 0.336229
    9 -0.000004 -0.000006 24.761459 -1.811709 0.209895 -0.751493
    10 -0.000007 0.000004 24.344891 1.765763 0.111771 -0.080072
    11 -0.002360 -1.019903 24.031330 0.389594 -0.042695 -0.017219
    12 0.000000 -0.000002 13.404737 0.000001 0.000005 -0.396112
    13 -0.061540 -5.245835 72.927078 0.000000 0.000000 0.000000
    14 1.024793 -1.905496 -17.962861 -0.002164 0.008658 -0.019040
    15 0.000000 -0.005608 -1.146812 0.219299 0.064226 -0.481103
    16 0.030770 -0.240000 8.906021 -0.004138 0.000000 0.000000
    17 -0.511711 -2.292183 -0.328533 0.355352 -0.009184 -0.210165
    18 0.030770 -0.276858 8.905140 0.056125 0.004134 -0.000049
    19 0.330776 -0.772585 0.002731 0.395198 0.131411 -0.000780
    20 5.669724 4.435303 14.302868 2.431513 -1.389170 1.269227
    21 -1.044571 -2.839317 19.743267 -0.425089 -0.731352 0.171247
    22 2.655533 -1.533369 24.792658 -0.507875 0.079852 -0.133419
    23 1.120163 -0.154394 9.796035 -0.035324 -0.000609 -0.307161
    24 2.240311 -0.308786 19.592051 -0.098301 -0.011309 -0.610512
    25 0.683151 2.877354 14.167051 -0.204465 -0.124703 1.381229
    26 0.144936 -0.145374 7.579252 -1.603555 -0.244008 0.204514
    27 0.091660 -0.906685 4.702850 -0.704882 -0.112313 0.040496
    28 0.506271 8.500866 13.617253 0.059021 0.169051 1.336730
    29 -0.384987 -0.460049 7.003448 -1.173110 -0.449858 0.336967
    30 0.561516 -0.596954 5.061852 -1.006198 -0.338190 0.206725
    31 -2.452171 -8.899406 11.597897 -0.611347 -0.349516 1.079859
    32 0.680496 -0.903999 6.074253 -1.266442 0.140359 0.006764
    33 0.245514 -0.661150 3.388004 -0.655316 0.105963 -0.033265
    34 -0.717484 -3.784271 13.043911 -0.707808 -0.182492 1.369664
    35 1.099216 -1.407745 8.017889 -1.384201 0.022039 -0.004792
    36 0.068439 -0.807653 3.686054 -0.759422 0.010602 0.002604
    37 -4.004929 6.172707 4.754754 0.563802 0.993491 2.969648
    38 0.158352 -1.149811 5.804394 -0.204545 -0.188359 0.240620
    39 -1.083523 -1.463142 5.544399 -1.612419 -0.381092 0.244809
    40 -6.289886 0.932434 13.569063 -0.126803 0.612110 2.869610
    41 1.327774 -0.766687 12.396328 -0.010381 0.005360 -0.094419
    42 -0.096140 1.828087 23.185329 -0.002495 0.003104 -1.563865
    43 2.325478 -0.000003 6.169296 -0.855020 0.011785 1.759913
    44 0.000000 -3.152912 0.122169 2.041319 0.000000 0.000000
    45 1.068383 -10.478592 7.066338 0.292219 -1.282324 -3.141588
    46 0.000000 0.000000 2.279457 0.547137 -0.343566 0.107833
    47 2.479414 -8.323895 6.074242 -0.008855 0.007342 1.561876
    48 0.000003 -5.075260 5.105362 0.000000 0.000000 0.000000
    49 -1.068383 -10.478611 7.065971 0.292219 1.282324 3.141588
    50 -0.000488 0.000015 2.279600 0.547136 0.343566 0.107835
    51 -2.479401 -8.323895 6.074234 0.008854 0.007354 1.579716
    52 -5.790000 4.432083 14.255558 -2.963379 1.405474 -0.312262
    53 1.044540 -2.839314 19.743252 -0.674831 0.767299 -0.261052
    54 -2.655510 -1.533379 24.792648 -0.466392 -0.086852 0.526686
    55 -1.120216 -0.154385 9.795983 -0.016256 -0.001073 0.141208
    56 -2.240372 -0.308788 19.592047 -0.037959 0.185347 0.283641
    57 -0.683205 2.877342 14.167089 -0.376208 0.205850 -1.422159
    58 -0.144958 -0.145317 7.579308 -1.538913 0.304785 -0.165887
    59 -0.038551 -0.936644 4.697678 -1.085506 0.215707 -0.103529
    60 -0.506317 8.500896 13.617329 -0.030564 -0.106120 -1.333084
    61 0.385056 -0.460075 7.003435 -1.293844 0.583401 -0.297113
    62 -0.456360 -0.710276 5.057732 -1.318530 0.547859 -0.364398
    63 2.452194 -8.899408 11.597939 -0.932096 0.437424 -1.164123
    64 -0.680515 -0.903999 6.074242 -1.421009 -0.170639 -0.005541
    65 -0.248295 -0.666843 3.386627 -0.812083 -0.121871 0.046818
    66 0.717491 -3.784309 13.044010 -0.888403 0.199931 -1.408946
    67 -1.099228 -1.407673 8.017876 -1.527817 -0.020219 0.011741
    68 -0.064053 -0.807640 3.686100 -0.588259 -0.003360 -0.007210
    69 4.004906 6.172710 4.754800 0.460259 -1.049775 -2.825488
    70 -0.158381 -1.149773 5.804405 -0.431752 0.104394 0.239520
    71 1.078559 -2.386406 5.215008 -1.233908 0.847381 -0.032129
    72 6.289963 0.932404 13.569109 -0.126801 -0.612098 -2.869612
    73 -1.327759 -0.766682 12.396324 -0.035040 -0.013617 0.305492
    74 0.000017 -54.999996 0.000000 0.000000 0.000000 -1.570796
  time 52
    0 0.000000 0.000000 -1.500000 0.000000 0.000000 0.000000
    1 -10.521344 -5.760963 66.994621 3.097005 -0.050653 -3.139334
    2 -3.222383 3.239602 17.350837 0.010485 0.501740 0.434854
    3 -0.000034 0.000012 24.761454 -1.170493 -0.135751 -0.263236
    4 0.000017 0.000000 24.344809 1.742895 -0.156649 -0.147427
    5 0.002333 -1.019846 24.031336 0.884560 -0.045670 -0.005474
    6 0.000034 0.000008 13.404741 -0.000001 -0.000009 -0.157844
    7 10.398263 -5.760962 66.994675 3.097005 0.050653 3.139334
    8 1.171744 -6.758058 18.445426 0.831039 -0.680612 0.332681
    9 -0.000004 -0.000006 24.761459 -1.815834 0.210362 -0.745931
    10 -0.000007 0.000004 24.344891 1.772282 0.110149 -0.082952
    11 -0.002360 -1.019903 24.031330 0.389594 -0.042695 -0.017219
    12 0.000000 -0.000002 13.404737 0.000001 0.000005 -0.393450
    13 -0.061540 -5.245835 72.927078 0.000000 0.000000 0.000000
    14 1.110733 -2.056890 -18.052986 -0.003444 0.009449 -0.015076
    15 0.000000 -0.005608 -1.146812 0.219267 0.061936 -0.480885
    16 0.030770 -0.240000 8.906021 -0.004138 0.000000 0.000000
    17 -0.519524 -2.299996 -0.328533 0.357267 -0.011311 -0.206131
    18 0.030770 -0.276858 8.905140 0.056125 0.004134 -0.000049
    19 0.330776 -0.780398 0.002731 0.398809 0.129601 -0.000301
    20 5.669724 4.435303 14.302868 2.488553 -1.376556 1.216135
    21 -1.044571 -2.839317 19.743267 -0.427486 -0.717315 0.168455
    22 2.655533 -1.533369 24.792658 -0.501235 0.079967 -0.139485
    23 1.120163 -0.154394 9.796035 -0.035192 -0.000585 -0.305988
    24 2.240311 -0.308786 19.592051 -0.105264 -0.020702 -0.606595
    25 0.683151 2.877354 14.167051 -0.213626 -0.126237 1.382128
    26 0.144936 -0.145374 7.579252 -1.613034 -0.244091 0.206263
    27 0.091660 -0.906685 4.702850 -0.714040 -0.113679 0.041646
    28 0.506271 8.500866 13.617253 0.051795 0.166459 1.336237
    29 -0.384987 -0.460049 7.003448 -1.181362 -0.450493 0.339963
    30 0.561516 -0.596954 5.061852 -1.014195 -0.339629 0.209481
    31 -2.452171 -8.899406 11.597897 -0.621523 -0.352125 1.081631
    32 0.680496 -0.903999 6.074253 -1.276673 0.141389 0.006320
    33 0.245514 -0.661150 3.388004 -0.665595 0.106347 -0.034020
    34 -0.717484 -3.784271 13.043911 -0.717950 -0.181989 1.370555
    35 1.099216 -1.407745 8.017889 -1.394291 0.022338 -0.005068
    36 0.068439 -0.807653 3.686054 -0.769479 0.010998 0.002568
    37 -4.004929 6.172707 4.754754 0.563262 0.993632 2.969744
    38 0.158352 -1.149811 5.804394 -0.212767 -0.189680 0.238918
    39 -1.083523 -1.463142 5.544399 -1.621470 -0.380038 0.246121
    40 -6.289886 0.932434 13.569063 -0.126803 0.612110 2.869610
    41 1.327774 -0.766687 12.396328 -0.010740 0.005528 -0.097633
    42 -0.096140 1.828087 23.185329 -0.004395 0.005334 -1.561144
    43 2.325478 -0.000003 6.169296 -0.865477 0.008168 1.748020
    44 0.000000 -3.152912 0.122169 2.054371 0.000000 0.000000
    45 1.068383 -10.478592 7.066338 0.292219 -1.282324 -3.141588
    46 0.000000 0.000000 2.279457 0.547137 -0.343566 0.107833
    47 2.479414 -8.323895 6.074242 -0.008855 0.007342 1.561876
    48 0.000003 -5.075260 5.105362 0.000000 0.000000 0.000000
    49 -1.068383 -10.478611 7.065971 0.292219 1.282324 3.141588
    50 -0.000488 0.000015 2.279600 0.547136 0.343566 0.107835
    51 -2.479401 -8.323895 6.074234 0.008854 0.007354 1.579716
    52 -5.790000 4.432083 14.255558 -2.976512 1.411207 -0.316191
    53 1.044540 -2.839314 19.743252 -0.670935 0.779679 -0.265570
    54 -2.655510 -1.533379 24.792648 -0.480684 -0.087124 0.532441
    55 -1.120216 -0.154385 9.795983 -0.016352 -0.001073 0.141970
    56 -2.240372 -0.308788 19.592047 -0.058120 0.187426 0.282610
    57 -0.683205 2.877342 14.167089 -0.391057 0.207879 -1.424364
    58 -0.144958 -0.145317 7.579308 -1.559729 0.305707 -0.171029
    59 -0.038551 -0.936644 4.697678 -1.100743 0.217936 -0.106633
    60 -0.506317 8.500896 13.617329 -0.043990 -0.100932 -1.332770
    61 0.385056 -0.460075 7.003435 -1.313527 0.585413 -0.306653
    62 -0.456360 -0.710276 5.057732 -1.343355 0.551352 -0.376456
    63 2.452194 -8.899408 11.597939 -0.946585 0.438307 -1.166673
    64 -0.680515 -0.903999 6.074242 -1.435238 -0.172065 -0.004535
    65 -0.248295 -0.666843 3.386627 -0.826279 -0.122435 0.048029
    66 0.717491 -3.784309 13.044010 -0.903199 0.198289 -1.410186
    67 -1.099228 -1.407673 8.017876 -1.544460 -0.020615 0.012077
    68 -0.064053 -0.807640 3.686100 -0.603340 -0.003996 -0.007222
    69 4.004906 6.172710 4.754800 0.455742 -1.049880 -2.825897
    70 -0.158381 -1.149773 5.804405 -0.442809 0.112499 0.243036
    71 1.078559 -2.386406 5.215008 -1.251203 0.853906 -0.039144
    72 6.289963 0.932404 13.569109 -0.126801 -0.612098 -2.869612
    73 -1.327759 -0.766682 12.396324 -0.035340 -0.013689 0.307898
    74 0.000017 -54.999996 0.000000 0.000000 0.000000 -1.570796
  time 53
    0 0.000000 0.000000 -1.500000 0.000000 0.000000 0.000000
    1 -10.521344 -5.760963 66.994621 3.097005 -0.050653 -3.139334
    2 -3.304417 3.006339 17.440535 0.001604 0.505971 0.429349
    3 -0.000034 0.000012 24.761454 -1.164192 -0.135020 -0.262015
    4 0.000017 0.000000 24.344809 1.742895 -0.160112 -0.149566
    5 0.002333 -1.019846 24.031336 0.886427 -0.045658 -0.005558
    6 0.000034 0.000008 13.404741 -0.000001 -0.000009 -0.155988
    7 10.398263 -5.760962 66.994675 3.097005 0.050653 3.139334
    8 1.058460 -6.932909 18.512866 0.832148 -0.671614 0.329958
    9 -0.000004 -0.000006 24.761459 -1.820509 0.210913 -0.740368
    10 -0.000007 0.000004 24.344891 1.779962 0.108483 -0.086125
    11 -0.002360 -1.019903 24.031330 0.389594 -0.042695 -0.017219
    12 0.000000 -0.000002 13.404737 0.000001 0.000005 -0.390852
    13 -0.061540 -5.245835 72.927078 0.000000 0.000000 0.000000
    14 1.208392 -2.243222 -18.143110 -0.004789 0.010447 -0.011293
    15 0.000000 -0.005608 -1.146812 0.219235 0.059662 -0.480994
    16 0.030770 -0.240000 8.906021 -0.004138 0.000000 0.000000
    17 -0.523430 -2.311715 -0.332440 0.358845 -0.013729 -0.200820
    18 0.030770 -0.276858 8.905140 0.056125 0.004134 -0.000049
    19 0.326869 -0.788211 -0.001176 0.401775 0.126433 0.000035
    20 5.669724 4.435303 14.302868 2.550666 -1.362604 1.156718
    21 -1.044571 -2.839317 19.743267 -0.430519 -0.702599 0.165635
    22 2.655533 -1.533369 24.792658 -0.495116 0.080121 -0.147168
    23 1.120163 -0.154394 9.796035 -0.035012 -0.000537 -0.304574
    24 2.240311 -0.308786 19.592051 -0.113750 -0.030602 -0.602006
    25 0.683151 2.877354 14.167051 -0.223171 -0.127855 1.383077
    26 0.144936 -0.145374 7.579252 -1.623117 -0.244163 0.208169
    27 0.091660 -0.906685 4.702850 -0.723747 -0.115141 0.042905
    28 0.506271 8.500866 13.617253 0.043767 0.163537 1.335713
    29 -0.384987 -0.460049 7.003448 -1.190824 -0.451224 0.343462
    30 0.561516 -0.596954 5.061852 -1.023227 -0.341127 0.212561
    31 -2.452171 -8.899406 11.597897 -0.631699 -0.354694 1.083456
    32 0.680496 -0.903999 6.074253 -1.286904 0.142444 0.005901
    33 0.245514 -0.661150 3.388004 -0.675820 0.106718 -0.034775
    34 -0.717484 -3.784271 13.043911 -0.728136 -0.181449 1.371431
    35 1.099216 -1.407745 8.017889 -1.404652 0.022674 -0.005331
    36 0.068439 -0.807653 3.686054 -0.779820 0.011369 0.002496
    37 -4.004929 6.172707 4.754754 0.562811 0.993720 2.969744
    38 0.158352 -1.149811 5.804394 -0.221539 -0.190928 0.237108
    39 -1.083523 -1.463142 5.544399 -1.631201 -0.379055 0.247447
    40 -6.289886 0.932434 13.569063 -0.126803 0.612110 2.869610
    41 1.327774 -0.766687 12.396328 -0.011208 0.005744 -0.101751
    42 -0.096140 1.828087 23.185329 -0.006159 0.007342 -1.558301
    43 2.325478 -0.000003 6.169296 -0.874884 0.004869 1.734609
    44 0.000000 -3.152912 0.122169 2.062476 0.000000 0.000000
    45 1.068383 -10.478592 7.066338 0.292219 -1.282324 -3.141588
    46 0.000000 0.000000 2.279457 0.547137 -0.343566 0.107833
    47 2.479414 -8.323895 6.074242 -0.008855 0.007342 1.561876
    48 0.000003 -5.075260 5.105362 0.000000 0.000000 0.000000
    49 -1.068383 -10.478611 7.065971 0.292219 1.282324 3.141588
    50 -0.000488 0.000015 2.279600 0.547136 0.343566 0.107835
    51 -2.479401 -8.323895 6.074234 0.008854 0.007354 1.579716
    52 -5.790000 4.432083 14.255558 -2.988206 1.416399 -0.320023
    53 1.044540 -2.839314 19.743252 -0.667262 0.790575 -0.269380
    54 -2.655510 -1.533379 24.792648 -0.497342 -0.087486 0.538651
    55 -1.120216 -0.154385 9.795983 -0.016472 -0.001073 0.143058
    56 -2.240372 -0.308788 19.592047 -0.079350 0.188614 0.281751
    57 -0.683205 2.877342 14.167089 -0.403579 0.209531 -1.426391
    58 -0.144958 -0.145317 7.579308 -1.576131 0.306367 -0.175091
    59 -0.038551 -0.936644 4.697678 -1.113810 0.219782 -0.109317
    60 -0.506317 8.500896 13.617329 -0.055077 -0.096651 -1.332635
    61 0.385056 -0.460075 7.003435 -1.329499 0.587047 -0.314662
    62 -0.456360 -0.710276 5.057732 -1.362108 0.553594 -0.385671
    63 2.452194 -8.899408 11.597939 -0.959681 0.439562 -1.169438
    64 -0.680515 -0.903999 6.074242 -1.447958 -0.173336 -0.003600
    65 -0.248295 -0.666843 3.386627 -0.839143 -0.122902 0.049131
    66 0.717491 -3.784309 13.044010 -0.916101 0.196946 -1.411327
    67 -1.099228 -1.407673 8.017876 -1.558862 -0.020939 0.012413
    68 -0.064053 -0.807640 3.686100 -0.616395 -0.004499 -0.007210
    69 4.004906 6.172710 4.754800 0.453257 -1.049921 -2.826143
    70 -0.158381 -1.149773 5.804405 -0.452506 0.119564 0.246201
    71 1.078559 -2.386406 5.215008 -1.266778 0.859420 -0.045721
    72 6.289963 0.932404 13.569109 -0.126801 -0.612098 -2.869612
    73 -1.327759 -0.766682 12.396324 -0.035663 -0.013761 0.310720
    74 0.000017 -54.999996 0.000000 0.000000 0.000000 -1.570796
  time 54
    0 0.000000 0.000000 -1.500000 0.000000 0.000000 0.000000
    1 -10.521344 -5.760963 66.994621 3.097005 -0.050653 -3.139334
    2 -3.402076 2.748523 17.530233 -0.007619 0.510535 0.424018
    3 -0.000034 0.000012 24.761454 -1.156956 -0.134193 -0.261322
    4 0.000017 0.000000 24.344809 1.742216 -0.164005 -0.151921
    5 0.002333 -1.019846 24.031336 0.888555 -0.045646 -0.005666
    6 0.000034 0.000008 13.404741 -0.000001 -0.000009 -0.154364
    7 10.398263 -5.760962 66.994675 3.097005 0.050653 3.139334
    8 0.929549 -7.107760 18.557826 0.832233 -0.662286 0.327730
    9 -0.000004 -0.000006 24.761459 -1.825513 0.211501 -0.735129
    10 -0.000007 0.000004 24.344891 1.788804 0.106683 -0.089488
    11 -0.002360 -1.019903 24.031330 0.389594 -0.042695 -0.017219
    12 0.000000 -0.000002 13.404737 0.000001 0.000005 -0.388254
    13 -0.061540 -5.245835 72.927078 0.000000 0.000000 0.000000
    14 1.313864 -2.452844 -18.188172 -0.006069 0.011634 -0.007570
    15 0.000000 -0.005608 -1.146812 0.219203 0.057419 -0.481320
    16 0.030770 -0.240000 8.906021 -0.004138 0.000000 0.000000
    17 -0.523430 -2.323434 -0.332440 0.359960 -0.016401 -0.194351
    18 0.030770 -0.276858 8.905140 0.056125 0.004134 -0.000049
    19 0.319057 -0.796024 0.002731 0.404421 0.122154 0.000191
    20 5.669724 4.435303 14.302868 2.613354 -1.347664 1.095385
    21 -1.044571 -2.839317 19.743267 -0.434237 -0.687987 0.162984
    22 2.655533 -1.533369 24.792658 -0.489648 0.080313 -0.156468
    23 1.120163 -0.154394 9.796035 -0.034844 -0.000525 -0.303056
    24 2.240311 -0.308786 19.592051 -0.123585 -0.040870 -0.596863
    25 0.683151 2.877354 14.167051 -0.233210 -0.129521 1.384089
    26 0.144936 -0.145374 7.579252 -1.633711 -0.244223 0.210134
    27 0.091660 -0.906685 4.702850 -0.734049 -0.116651 0.044211
    28 0.506271 8.500866 13.617253 0.035059 0.160351 1.335159
    29 -0.384987 -0.460049 7.003448 -1.201281 -0.451991 0.347321
    30 0.561516 -0.596954 5.061852 -1.033080 -0.342757 0.215965
    31 -2.452171 -8.899406 11.597897 -0.641623 -0.357204 1.085228
    32 0.680496 -0.903999 6.074253 -1.296897 0.143439 0.005517
    33 0.245514 -0.661150 3.388004 -0.686099 0.107126 -0.035518
    34 -0.717484 -3.784271 13.043911 -0.738278 -0.180922 1.372276
    35 1.099216 -1.407745 8.017889 -1.414936 0.022950 -0.005571
    36 0.068439 -0.807653 3.686054 -0.790268 0.011837 0.002448
    37 -4.004929 6.172707 4.754754 0.562451 0.993773 2.969935
    38 0.158352 -1.149811 5.804394 -0.230608 -0.192601 0.235226
    39 -1.083523 -1.463142 5.544399 -1.641403 -0.377689 0.248911
    40 -6.289886 0.932434 13.569063 -0.126803 0.612110 2.869610
    41 1.327774 -0.766687 12.396328 -0.011759 0.005971 -0.106521
    42 -0.096140 1.828087 23.185329 -0.007682 0.009031 -1.555366
    43 2.325478 -0.000003 6.169296 -0.883193 0.001874 1.719801
    44 0.000000 -3.152912 0.122169 2.067440 0.000000 0.000000
    45 1.068383 -10.478592 7.066338 0.292219 -1.282324 -3.141588
    46 0.000000 0.000000 2.279457 0.547137 -0.343566 0.107833
    47 2.479414 -8.323895 6.074242 -0.008855 0.007342 1.561876
    48 0.000003 -5.075260 5.105362 0.000000 0.000000 0.000000
    49 -1.068383 -10.478611 7.065971 0.292219 1.282324 3.141588
    50 -0.000488 0.000015 2.279600 0.547136 0.343566 0.107835
    51 -2.479401 -8.323895 6.074234 0.008854 0.007354 1.579716
    52 -5.790000 4.432083 14.255558 -2.998176 1.420511 -0.323473
    53 1.044540 -2.839314 19.743252 -0.664034 0.799987 -0.272619
    54 -2.655510 -1.533379 24.792648 -0.514050 -0.087849 0.545391
    55 -1.120216 -0.154385 9.795983 -0.016628 -0.001073 0.144309
    56 -2.240372 -0.308788 19.592047 -0.101420 0.188713 0.281064
    57 -0.683205 2.877342 14.167089 -0.414172 0.210864 -1.428212
    58 -0.144958 -0.145317 7.579308 -1.588991 0.306834 -0.178279
    59 -0.038551 -0.936644 4.697678 -1.125004 0.221352 -0.111630
    60 -0.506317 8.500896 13.617329 -0.064279 -0.093200 -1.332590
    61 0.385056 -0.460075 7.003435 -1.342319 0.588199 -0.320971
    62 -0.456360 -0.710276 5.057732 -1.376002 0.555255 -0.392516
    63 2.452194 -8.899408 11.597939 -0.971622 0.441095 -1.172250
    64 -0.680515 -0.903999 6.074242 -1.459761 -0.174486 -0.002713
    65 -0.248295 -0.666843 3.386627 -0.850883 -0.123321 0.050150
    66 0.717491 -3.784309 13.044010 -0.927510 0.195820 -1.412381
    67 -1.099228 -1.407673 8.017876 -1.571134 -0.021214 0.012700
    68 -0.064053 -0.807640 3.686100 -0.628156 -0.004942 -0.007186
    69 4.004906 6.172710 4.754800 0.452052 -1.049921 -2.826224
    70 -0.158381 -1.149773 5.804405 -0.461017 0.125944 0.249190
    71 1.078559 -2.386406 5.215008 -1.281015 0.864076 -0.052005
    72 6.289963 0.932404 13.569109 -0.126801 -0.612098 -2.869612
    73 -1.327759 -0.766682 12.396324 -0.036035 -0.013845 0.313727
    74 0.000017 -54.999996 0.000000 0.000000 0.000000 -1.570796
  time 55
    0 0.000000 0.000000 -1.500000 0.000000 0.000000 0.000000
    1 -10.521344 -5.760963 66.994621 3.097005 -0.050653 -3.139334
    2 -3.511455 2.515260 17.597507 -0.016979 0.515240 0.419081
    3 -0.000034 0.000012 24.761454 -1.148907 -0.133258 -0.261160
    4 0.000017 0.000000 24.344809 1.740799 -0.168080 -0.154320
    5 0.002333 -1.019846 24.031336 0.890907 -0.045634 -0.005761
    6 0.000034 0.000008 13.404741 -0.000001 -0.000009 -0.152930
    7 10.398263 -5.760962 66.994675 3.097005 0.050653 3.139334
    8 0.800639 -7.307590 18.625267 0.831380 -0.652701 0.326492
    9 -0.000004 -0.000006 24.761459 -1.830463 0.212064 -0.730069
    10 -0.000007 0.000004 24.344891 1.798291 0.104772 -0.092998
    11 -0.002360 -1.019903 24.031330 0.389594 -0.042695 -0.017219
    12 0.000000 -0.000002 13.404737 0.000001 0.000005 -0.385764
    13 -0.061540 -5.245835 72.927078 0.000000 0.000000 0.000000
    14 1.438868 -2.662467 -18.278297 -0.007381 0.012924 -0.003906
    15 0.000000 -0.005608 -1.146812 0.219203 0.055223 -0.481918
    16 0.030770 -0.240000 8.906021 -0.004138 0.000000 0.000000
    17 -0.531243 -2.327340 -0.336346 0.360592 -0.019275 -0.186764
    18 0.030770 -0.276858 8.905140 0.056125 0.004134 -0.000049
    19 0.307338 -0.799930 0.002731 0.406673 0.116785 0.000179
    20 5.669724 4.435303 14.302868 2.673552 -1.332302 1.035010
    21 -1.044571 -2.839317 19.743267 -0.438689 -0.674106 0.160615
    22 2.655533 -1.533369 24.792658 -0.484874 0.080582 -0.166819
    23 1.120163 -0.154394 9.796035 -0.034677 -0.000501 -0.301504
    24 2.240311 -0.308786 19.592051 -0.134334 -0.051230 -0.591443
    25 0.683151 2.877354 14.167051 -0.243304 -0.131187 1.385113
    26 0.144936 -0.145374 7.579252 -1.644491 -0.244259 0.212184
    27 0.091660 -0.906685 4.702850 -0.744443 -0.118185 0.045565
    28 0.506271 8.500866 13.617253 0.025857 0.157012 1.334635
    29 -0.384987 -0.460049 7.003448 -1.212485 -0.452770 0.351492
    30 0.561516 -0.596954 5.061852 -1.043541 -0.344459 0.219584
    31 -2.452171 -8.899406 11.597897 -0.650989 -0.359494 1.086946
    32 0.680496 -0.903999 6.074253 -1.306692 0.144445 0.005038
    33 0.245514 -0.661150 3.388004 -0.695685 0.107402 -0.036249
    34 -0.717484 -3.784271 13.043911 -0.748111 -0.180407 1.373106
    35 1.099216 -1.407745 8.017889 -1.425220 0.023285 -0.005907
    36 0.068439 -0.807653 3.686054 -0.800396 0.012148 0.002364
    37 -4.004929 6.172707 4.754754 0.562541 0.993808 2.969935
    38 0.158352 -1.149811 5.804394 -0.240016 -0.194156 0.233321
    39 -1.083523 -1.463142 5.544399 -1.651814 -0.376418 0.250348
    40 -6.289886 0.932434 13.569063 -0.126803 0.612110 2.869610
    41 1.327774 -0.766687 12.396328 -0.012358 0.006247 -0.111995
    42 -0.096140 1.828087 23.185329 -0.009018 0.010497 -1.552431
    43 2.325478 -0.000003 6.169296 -0.890260 -0.000774 1.703996
    44 0.000000 -3.152912 0.122169 2.069881 0.000000 0.000000
    45 1.068383 -10.478592 7.066338 0.292219 -1.282324 -3.141588
    46 0.000000 0.000000 2.279457 0.547137 -0.343566 0.107833
    47 2.479414 -8.323895 6.074242 -0.008855 0.007342 1.561876
    48 0.000003 -5.075260 5.105362 0.000000 0.000000 0.000000
    49 -1.068383 -10.478611 7.065971 0.292219 1.282324 3.141588
    50 -0.000488 0.000015 2.279600 0.547136 0.343566 0.107835
    51 -2.479401 -8.323895 6.074234 0.008854 0.007354 1.579716
    52 -5.790000 4.432083 14.255558 -3.006515 1.423294 -0.326347
    53 1.044540 -2.839314 19.743252 -0.660917 0.808000 -0.275123
    54 -2.655510 -1.533379 24.792648 -0.528594 -0.088172 0.552207
    55 -1.120216 -0.154385 9.795983 -0.016784 -0.001073 0.145833
    56 -2.240372 -0.308788 19.592047 -0.123261 0.187624 0.280548
    57 -0.683205 2.877342 14.167089 -0.423131 0.211919 -1.429815
    58 -0.144958 -0.145317 7.579308 -1.599181 0.307182 -0.180796
    59 -0.038551 -0.936644 4.697678 -1.134570 0.222682 -0.113620
    60 -0.506317 8.500896 13.617329 -0.071595 -0.090424 -1.332635
    61 0.385056 -0.460075 7.003435 -1.352507 0.589076 -0.325978
    62 -0.456360 -0.710276 5.057732 -1.386350 0.556419 -0.397571
    63 2.452194 -8.899408 11.597939 -0.982807 0.442768 -1.175182
    64 -0.680515 -0.903999 6.074242 -1.470864 -0.175577 -0.001874
    65 -0.248295 -0.666843 3.386627 -0.861998 -0.123729 0.051133
    66 0.717491 -3.784309 13.044010 -0.937623 0.194849 -1.413361
    67 -1.099228 -1.407673 8.017876 -1.581782 -0.021478 0.013036
    68 -0.064053 -0.807640 3.686100 -0.638904 -0.005290 -0.007162
    69 4.004906 6.172710 4.754800 0.451826 -1.049921 -2.826224
    70 -0.158381 -1.149773 5.804405 -0.468655 0.131694 0.252003
    71 1.078559 -2.386406 5.215008 -1.294010 0.868180 -0.057960
    72 6.289963 0.932404 13.569109 -0.126801 -0.612098 -2.869612
    73 -1.327759 -0.766682 12.396324 -0.036407 -0.013917 0.316827
    74 0.000017 -54.999996 0.000000 0.000000 0.000000 -1.570796
  time 56
    0 0.000000 0.000000 -1.500000 0.000000 0.000000 0.000000
    1 -10.521344 -5.760963 66.994621 3.097005 -0.050653 -3.139334
    2 -3.616927 2.245166 17.664780 -0.026339 0.520111 0.414538
    3 -0.000034 0.000012 24.761454 -1.139842 -0.132203 -0.261363
    4 0.000017 0.000000 24.344809 1.738641 -0.172426 -0.156783
    5 0.002333 -1.019846 24.031336 0.893483 -0.045610 -0.005881
    6 0.000034 0.000008 13.404741 -0.000001 -0.000009 -0.151622
    7 10.398263 -5.760962 66.994675 3.097005 0.050653 3.139334
    8 0.663916 -7.532399 18.670227 0.829674 -0.642934 0.325667
    9 -0.000004 -0.000006 24.761459 -1.834808 0.212555 -0.725295
    10 -0.000007 0.000004 24.344891 1.807908 0.102772 -0.096593
    11 -0.002360 -1.019903 24.031330 0.389594 -0.042695 -0.017219
    12 0.000000 -0.000002 13.404737 0.000001 0.000005 -0.383402
    13 -0.061540 -5.245835 72.927078 0.000000 0.000000 0.000000
    14 1.563872 -2.895380 -18.368421 -0.008597 0.014387 -0.000603
    15 0.000000 -0.005608 -1.146812 0.219172 0.053090 -0.482733
    16 0.030770 -0.240000 8.906021 -0.004138 0.000000 0.000000
    17 -0.523430 -2.331246 -0.336346 0.360655 -0.022301 -0.178338
    18 0.030770 -0.276858 8.905140 0.056125 0.004134 -0.000049
    19 0.287806 -0.799930 0.002731 0.408317 0.110531 0.000023
    20 5.669724 4.435303 14.302868 2.730976 -1.317221 0.976264
    21 -1.044571 -2.839317 19.743267 -0.443875 -0.661530 0.158669
    22 2.655533 -1.533369 24.792658 -0.480925 0.080928 -0.178222
    23 1.120163 -0.154394 9.796035 -0.034509 -0.000465 -0.299917
    24 2.240311 -0.308786 19.592051 -0.145693 -0.061683 -0.585904
    25 0.683151 2.877354 14.167051 -0.253288 -0.132829 1.386162
    26 0.144936 -0.145374 7.579252 -1.655364 -0.244283 0.214209
    27 0.091660 -0.906685 4.702850 -0.755020 -0.119696 0.046956
    28 0.506271 8.500866 13.617253 0.016285 0.153563 1.334111
    29 -0.384987 -0.460049 7.003448 -1.224010 -0.453549 0.355782
    30 0.561516 -0.596954 5.061852 -1.054644 -0.346172 0.223467
    31 -2.452171 -8.899406 11.597897 -0.659647 -0.361685 1.088503
    32 0.680496 -0.903999 6.074253 -1.315733 0.145332 0.004618
    33 0.245514 -0.661150 3.388004 -0.704792 0.107701 -0.036945
    34 -0.717484 -3.784271 13.043911 -0.757415 -0.179879 1.373905
    35 1.099216 -1.407745 8.017889 -1.434999 0.023585 -0.006170
    36 0.068439 -0.807653 3.686054 -0.810204 0.012520 0.002304
    37 -4.004929 6.172707 4.754754 0.562541 0.993808 2.969839
    38 0.158352 -1.149811 5.804394 -0.249466 -0.195756 0.231403
    39 -1.083523 -1.463142 5.544399 -1.662330 -0.375160 0.251770
    40 -6.289886 0.932434 13.569063 -0.126803 0.612110 2.869610
    41 1.327774 -0.766687 12.396328 -0.013029 0.006547 -0.117920
    42 -0.096140 1.828087 23.185329 -0.010114 0.011707 -1.549558
    43 2.325478 -0.000003 6.169296 -0.895799 -0.003089 1.687392
    44 0.000000 -3.152912 0.122169 2.070548 0.000000 0.000000
    45 1.068383 -10.478592 7.066338 0.292219 -1.282324 -3.141588
    46 0.000000 0.000000 2.279457 0.547137 -0.343566 0.107833
    47 2.479414 -8.323895 6.074242 -0.008855 0.007342 1.561876
    48 0.000003 -5.075260 5.105362 0.000000 0.000000 0.000000
    49 -1.068383 -10.478611 7.065971 0.292219 1.282324 3.141588
    50 -0.000488 0.000015 2.279600 0.547136 0.343566 0.107835
    51 -2.479401 -8.323895 6.074234 0.008854 0.007354 1.579716
    52 -5.790000 4.432083 14.255558 -3.013609 1.424291 -0.328647
    53 1.044540 -2.839314 19.743252 -0.657355 0.813724 -0.276456
    54 -2.655510 -1.533379 24.792648 -0.539263 -0.088405 0.559553
    55 -1.120216 -0.154385 9.795983 -0.016975 -0.001073 0.147492
    56 -2.240372 -0.308788 19.592047 -0.143880 0.185446 0.280548
    57 -0.683205 2.877342 14.167089 -0.430902 0.212854 -1.431238
    58 -0.144958 -0.145317 7.579308 -1.607790 0.307445 -0.182941
    59 -0.038551 -0.936644 4.697678 -1.142953 0.223808 -0.115381
    60 -0.506317 8.500896 13.617329 -0.077855 -0.088167 -1.332680
    61 0.385056 -0.460075 7.003435 -1.360881 0.589764 -0.330128
    62 -0.456360 -0.710276 5.057732 -1.394512 0.557325 -0.401608
    63 2.452194 -8.899408 11.597939 -0.993674 0.444464 -1.178089
    64 -0.680515 -0.903999 6.074242 -1.481806 -0.176607 -0.001047
    65 -0.248295 -0.666843 3.386627 -0.872906 -0.124088 0.052080
    66 0.717491 -3.784309 13.044010 -0.946989 0.193974 -1.414291
    67 -1.099228 -1.407673 8.017876 -1.591644 -0.021706 0.013287
    68 -0.064053 -0.807640 3.686100 -0.648864 -0.005650 -0.007138
    69 4.004906 6.172710 4.754800 0.451826 -1.049921 -2.826224
    70 -0.158381 -1.149773 5.804405 -0.475701 0.137088 0.254552
    71 1.078559 -2.386406 5.215008 -1.306336 0.871917 -0.063624
    72 6.289963 0.932404 13.569109 -0.126801 -0.612098 -2.869612
    73 -1.327759 -0.766682 12.396324 -0.036802 -0.014001 0.320019
    74 0.000017 -54.999996 0.000000 0.000000 0.000000 -1.570796
  time 57
    0 0.000000 0.000000 -1.500000 0.000000 0.000000 0.000000
    1 -10.521344 -5.760963 66.994621 3.097005 -0.050653 -3.139334
    2 -3.738024 1.975072 17.709630 -0.035494 0.524982 0.410475
    3 -0.000034 0.000012 24.761454 -1.130085 -0.131077 -0.261893
    4 0.000017 0.000000 24.344809 1.735559 -0.176817 -0.159203
    5 0.002333 -1.019846 24.031336 0.896134 -0.045598 -0.006001
    6 0.000034 0.000008 13.404741 -0.000001 -0.000009 -0.150483
    7 10.398263 -5.760962 66.994675 3.097005 0.050653 3.139334
    8 0.535006 -7.744718 18.715188 0.827029 -0.633277 0.325667
    9 -0.000004 -0.000006 24.761459 -1.838493 0.212999 -0.720953
    10 -0.000007 0.000004 24.344891 1.817524 0.100706 -0.100124
    11 -0.002360 -1.019903 24.031330 0.389594 -0.042695 -0.017219
    12 0.000000 -0.000002 13.404737 0.000001 0.000005 -0.381148
    13 -0.061540 -5.245835 72.927078 0.000000 0.000000 0.000000
    14 1.681063 -3.128294 -18.390952 -0.009845 0.015935 0.002519
    15 0.000000 -0.005608 -1.146812 0.219172 0.051035 -0.483739
    16 0.030770 -0.240000 8.906021 -0.004138 0.000000 0.000000
    17 -0.519524 -2.323434 -0.336346 0.359140 -0.025175 -0.168913
    18 0.030770 -0.276858 8.905140 0.056125 0.004134 -0.000049
    19 0.276087 -0.807743 -0.001176 0.409568 0.103434 -0.000253
    20 5.669724 4.435303 14.302868 2.783231 -1.303057 0.920680
    21 -1.044571 -2.839317 19.743267 -0.448180 -0.650415 0.156864
    22 2.655533 -1.533369 24.792658 -0.477540 0.081312 -0.190030
    23 1.120163 -0.154394 9.796035 -0.034329 -0.000441 -0.298503
    24 2.240311 -0.308786 19.592051 -0.157617 -0.071859 -0.580365
    25 0.683151 2.877354 14.167051 -0.262943 -0.134423 1.387186
    26 0.144936 -0.145374 7.579252 -1.666051 -0.244283 0.216211
    27 0.091660 -0.906685 4.702850 -0.765322 -0.121182 0.048334
    28 0.506271 8.500866 13.617253 0.006651 0.150025 1.333556
    29 -0.384987 -0.460049 7.003448 -1.235961 -0.454292 0.360241
    30 0.561516 -0.596954 5.061852 -1.065890 -0.347898 0.227410
    31 -2.452171 -8.899406 11.597897 -0.667393 -0.363597 1.089979
    32 0.680496 -0.903999 6.074253 -1.323862 0.146147 0.004259
    33 0.245514 -0.661150 3.388004 -0.712993 0.107965 -0.037556
    34 -0.717484 -3.784271 13.043911 -0.766102 -0.179412 1.374627
    35 1.099216 -1.407745 8.017889 -1.444118 0.023836 -0.006434
    36 0.068439 -0.807653 3.686054 -0.819266 0.012868 0.002245
    37 -4.004929 6.172707 4.754754 0.562451 0.993808 2.969935
    38 0.158352 -1.149811 5.804394 -0.258747 -0.197326 0.229546
    39 -1.083523 -1.463142 5.544399 -1.672584 -0.373902 0.253165
    40 -6.289886 0.932434 13.569063 -0.126803 0.612110 2.869610
    41 1.327774 -0.766687 12.396328 -0.013724 0.006834 -0.123996
    42 -0.096140 1.828087 23.185329 -0.010953 0.012695 -1.546806
    43 2.325478 -0.000003 6.169296 -0.898950 -0.005317 1.670389
    44 0.000000 -3.152912 0.122169 2.068758 0.000000 0.000000
    45 1.068383 -10.478592 7.066338 0.292219 -1.282324 -3.141588
    46 0.000000 0.000000 2.279457 0.547137 -0.343566 0.107833
    47 2.479414 -8.323895 6.074242 -0.008855 0.007342 1.561876
    48 0.000003 -5.075260 5.105362 0.000000 0.000000 0.000000
    49 -1.068383 -10.478611 7.065971 0.292219 1.282324 3.141588
    50 -0.000488 0.000015 2.279600 0.547136 0.343566 0.107835
    51 -2.479401 -8.323895 6.074234 0.008854 0.007354 1.579716
    52 -5.790000 4.432083 14.255558 -3.019360 1.423834 -0.330371
    53 1.044540 -2.839314 19.743252 -0.652958 0.817243 -0.276429
    54 -2.655510 -1.533379 24.792648 -0.544648 -0.088509 0.566974
    55 -1.120216 -0.154385 9.795983 -0.017179 -0.001073 0.149315
    56 -2.240372 -0.308788 19.592047 -0.162590 0.181980 0.281064
    57 -0.683205 2.877342 14.167089 -0.437584 0.213630 -1.432470
    58 -0.144958 -0.145317 7.579308 -1.615147 0.307649 -0.184631
    59 -0.038551 -0.936644 4.697678 -1.150103 0.224971 -0.116855
    60 -0.506317 8.500896 13.617329 -0.082606 -0.086377 -1.332770
    61 0.385056 -0.460075 7.003435 -1.367572 0.590246 -0.333267
    62 -0.456360 -0.710276 5.057732 -1.401070 0.558230 -0.404820
    63 2.452194 -8.899408 11.597939 -1.004223 0.446090 -1.180949
    64 -0.680515 -0.903999 6.074242 -1.492370 -0.177626 -0.000220
    65 -0.248295 -0.666843 3.386627 -0.883522 -0.124436 0.053002
    66 0.717491 -3.784309 13.044010 -0.955607 0.193147 -1.415122
    67 -1.099228 -1.407673 8.017876 -1.601003 -0.021897 0.013527
    68 -0.064053 -0.807640 3.686100 -0.658036 -0.005973 -0.007114
    69 4.004906 6.172710 4.754800 0.451826 -1.049921 -2.826224
    70 -0.158381 -1.149773 5.804405 -0.482329 0.142126 0.256926
    71 1.078559 -2.386406 5.215008 -1.317897 0.875410 -0.069068
    72 6.289963 0.932404 13.569109 -0.126801 -0.612098 -2.869612
    73 -1.327759 -0.766682 12.396324 -0.037162 -0.014073 0.323119
    74 0.000017 -54.999996 0.000000 0.000000 0.000000 -1.570796
  time 58
    0 0.000000 0.000000 -1.500000 0.000000 0.000000 0.000000
    1 -10.521344 -5.760963 66.994621 3.097005 -0.050653 -3.139334
    2 -3.863028 1.717255 17.754479 -0.044170 0.529742 0.406936
    3 -0.000034 0.000012 24.761454 -1.120045 -0.129902 -0.262788
    4 0.000017 0.000000 24.344809 1.731860 -0.181231 -0.161558
    5 0.002333 -1.019846 24.031336 0.898747 -0.045586 -0.006133
    6 0.000034 0.000008 13.404741 -0.000001 -0.000009 -0.149534
    7 10.398263 -5.760962 66.994675 3.097005 0.050653 3.139334
    8 0.394377 -7.982016 18.737668 0.823958 -0.623766 0.325997
    9 -0.000004 -0.000006 24.761459 -1.841518 0.213334 -0.716970
    10 -0.000007 0.000004 24.344891 1.826624 0.098550 -0.103676
    11 -0.002360 -1.019903 24.031330 0.389594 -0.042695 -0.017219
    12 0.000000 -0.000002 13.404737 0.000001 0.000005 -0.379151
    13 -0.061540 -5.245835 72.927078 0.000000 0.000000 0.000000
    14 1.821692 -3.349563 -18.458546 -0.011029 0.017604 0.005402
    15 0.000000 -0.005608 -1.146812 0.219140 0.049043 -0.484853
    16 0.030770 -0.240000 8.906021 -0.004138 0.000000 0.000000
    17 -0.507805 -2.299996 -0.328533 0.355352 -0.027707 -0.158770
    18 0.030770 -0.276858 8.905140 0.056125 0.004134 -0.000049
    19 0.256555 -0.811649 -0.001176 0.410426 0.095617 -0.000588
    20 5.669724 4.435303 14.302868 2.828596 -1.290338 0.869313
    21 -1.044571 -2.839317 19.743267 -0.450185 -0.641283 0.155003
    22 2.655533 -1.533369 24.792658 -0.474459 0.081658 -0.201675
    23 1.120163 -0.154394 9.796035 -0.034161 -0.000417 -0.297020
    24 2.240311 -0.308786 19.592051 -0.169541 -0.081574 -0.574787
    25 0.683151 2.877354 14.167051 -0.272159 -0.135909 1.388160
    26 0.144936 -0.145374 7.579252 -1.676227 -0.244259 0.218104
    27 0.091660 -0.906685 4.702850 -0.775212 -0.122584 0.049664
    28 0.506271 8.500866 13.617253 -0.002798 0.146554 1.333125
    29 -0.384987 -0.460049 7.003448 -1.247877 -0.455000 0.364675
    30 0.561516 -0.596954 5.061852 -1.077242 -0.349588 0.231401
    31 -2.452171 -8.899406 11.597897 -0.674076 -0.365210 1.091241
    32 0.680496 -0.903999 6.074253 -1.330881 0.146854 0.003923
    33 0.245514 -0.661150 3.388004 -0.720023 0.108205 -0.038071
    34 -0.717484 -3.784271 13.043911 -0.773774 -0.178993 1.375257
    35 1.099216 -1.407745 8.017889 -1.452345 0.024088 -0.006674
    36 0.068439 -0.807653 3.686054 -0.827546 0.013167 0.002185
    37 -4.004929 6.172707 4.754754 0.562451 0.993808 2.969839
    38 0.158352 -1.149811 5.804394 -0.267646 -0.198867 0.227760
    39 -1.083523 -1.463142 5.544399 -1.682420 -0.372667 0.254491
    40 -6.289886 0.932434 13.569063 -0.126803 0.612110 2.869610
    41 1.327774 -0.766687 12.396328 -0.014383 0.007122 -0.129922
    42 -0.096140 1.828087 23.185329 -0.011518 0.013492 -1.544207
    43 2.325478 -0.000003 6.169296 -0.898998 -0.007531 1.653387
    44 0.000000 -3.152912 0.122169 2.064022 0.000000 0.000000
    45 1.068383 -10.478592 7.066338 0.292219 -1.282324 -3.141588
    46 0.000000 0.000000 2.279457 0.547137 -0.343566 0.107833
    47 2.479414 -8.323895 6.074242 -0.008855 0.007342 1.561876
    48 0.000003 -5.075260 5.105362 0.000000 0.000000 0.000000
    49 -1.068383 -10.478611 7.065971 0.292219 1.282324 3.141588
    50 -0.000488 0.000015 2.279600 0.547136 0.343566 0.107835
    51 -2.479401 -8.323895 6.074234 0.008854 0.007354 1.579716
    52 -5.790000 4.432083 14.255558 -3.024345 1.422588 -0.331617
    53 1.044540 -2.839314 19.743252 -0.647337 0.819193 -0.275259
    54 -2.655510 -1.533379 24.792648 -0.542484 -0.088380 0.574244
    55 -1.120216 -0.154385 9.795983 -0.017407 -0.001073 0.151274
    56 -2.240372 -0.308788 19.592047 -0.178627 0.177179 0.282095
    57 -0.683205 2.877342 14.167089 -0.442831 0.214227 -1.433457
    58 -0.144958 -0.145317 7.579308 -1.621141 0.307841 -0.186285
    59 -0.038551 -0.936644 4.697678 -1.155872 0.225546 -0.118126
    60 -0.506317 8.500896 13.617329 -0.086076 -0.085106 -1.332815
    61 0.385056 -0.460075 7.003435 -1.372363 0.590693 -0.335840
    62 -0.456360 -0.710276 5.057732 -1.405734 0.558510 -0.407172
    63 2.452194 -8.899408 11.597939 -1.014254 0.447601 -1.183714
    64 -0.680515 -0.903999 6.074242 -1.502556 -0.178597 0.000583
    65 -0.248295 -0.666843 3.386627 -0.893721 -0.124784 0.053889
    66 0.717491 -3.784309 13.044010 -0.963379 0.192416 -1.415866
    67 -1.099228 -1.407673 8.017876 -1.609296 -0.022077 0.013755
    68 -0.064053 -0.807640 3.686100 -0.666364 -0.006285 -0.007078
    69 4.004906 6.172710 4.754800 0.451751 -1.049921 -2.826224
    70 -0.158381 -1.149773 5.804405 -0.488258 0.146726 0.259065
    71 1.078559 -2.386406 5.215008 -1.328456 0.878473 -0.074037
    72 6.289963 0.932404 13.569109 -0.126801 -0.612098 -2.869612
    73 -1.327759 -0.766682 12.396324 -0.037473 -0.014132 0.325710
    74 0.000017 -54.999996 0.000000 0.000000 0.000000 -1.570796
  time 59
    0 0.000000 0.000000 -1.500000 0.000000 0.000000 0.000000
    1 -10.521344 -5.760963 66.994621 3.097005 -0.050653 -3.139334
    2 -3.991938 1.483993 17.776903 -0.052027 0.534307 0.404096
    3 -0.000034 0.000012 24.761454 -1.109963 -0.128752 -0.264010
    4 0.000017 0.000000 24.344809 1.727668 -0.185576 -0.163805
    5 0.002333 -1.019846 24.031336 0.901323 -0.045562 -0.006253
    6 0.000034 0.000008 13.404741 -0.000001 -0.000009 -0.148774
    7 10.398263 -5.760962 66.994675 3.097005 0.050653 3.139334
    8 0.257654 -8.194335 18.760148 0.820546 -0.614804 0.326905
    9 -0.000004 -0.000006 24.761459 -1.844047 0.213634 -0.713776
    10 -0.000007 0.000004 24.344891 1.835337 0.096439 -0.107144
    11 -0.002360 -1.019903 24.031330 0.389594 -0.042695 -0.017219
    12 0.000000 -0.000002 13.404737 0.000001 0.000005 -0.377433
    13 -0.061540 -5.245835 72.927078 0.000000 0.000000 0.000000
    14 1.954509 -3.570831 -18.481077 -0.012213 0.019307 0.007984
    15 0.000000 -0.005608 -1.146812 0.219108 0.047145 -0.486103
    16 0.030770 -0.240000 8.906021 -0.004138 0.000000 0.000000
    17 -0.496086 -2.272651 -0.324627 0.349817 -0.029859 -0.147908
    18 0.030770 -0.276858 8.905140 0.056125 0.004134 -0.000049
    19 0.233117 -0.819462 -0.005082 0.410712 0.087265 -0.001032
    20 5.669724 4.435303 14.302868 2.866591 -1.279626 0.823122
    21 -1.044571 -2.839317 19.743267 -0.450283 -0.634812 0.153396
    22 2.655533 -1.533369 24.792658 -0.471638 0.082004 -0.212593
    23 1.120163 -0.154394 9.796035 -0.034006 -0.000381 -0.295571
    24 2.240311 -0.308786 19.592051 -0.181291 -0.090829 -0.569011
    25 0.683151 2.877354 14.167051 -0.280716 -0.137275 1.389109
    26 0.144936 -0.145374 7.579252 -1.685752 -0.244223 0.219902
    27 0.091660 -0.906685 4.702850 -0.784461 -0.123866 0.050911
    28 0.506271 8.500866 13.617253 -0.012123 0.143171 1.332662
    29 -0.384987 -0.460049 7.003448 -1.259615 -0.455635 0.369061
    30 0.561516 -0.596954 5.061852 -1.088417 -0.351206 0.235320
    31 -2.452171 -8.899406 11.597897 -0.679392 -0.366525 1.092234
    32 0.680496 -0.903999 6.074253 -1.336512 0.147418 0.003660
    33 0.245514 -0.661150 3.388004 -0.725669 0.108372 -0.038515
    34 -0.717484 -3.784271 13.043911 -0.780433 -0.178609 1.375795
    35 1.099216 -1.407745 8.017889 -1.459408 0.024292 -0.006853
    36 0.068439 -0.807653 3.686054 -0.834618 0.013443 0.002125
    37 -4.004929 6.172707 4.754754 0.562451 0.993808 2.969935
    38 0.158352 -1.149811 5.804394 -0.275952 -0.200306 0.226118
    39 -1.083523 -1.463142 5.544399 -1.691680 -0.371517 0.255734
    40 -6.289886 0.932434 13.569063 -0.126803 0.612110 2.869610
    41 1.327774 -0.766687 12.396328 -0.014983 0.007350 -0.135094
    42 -0.096140 1.828087 23.185329 -0.011774 0.014097 -1.541853
    43 2.325478 -0.000003 6.169296 -0.896181 -0.009571 1.636504
    44 0.000000 -3.152912 0.122169 2.057252 0.000000 0.000000
    45 1.068383 -10.478592 7.066338 0.292219 -1.282324 -3.141588
    46 0.000000 0.000000 2.279457 0.547137 -0.343566 0.107833
    47 2.479414 -8.323895 6.074242 -0.008855 0.007342 1.561876
    48 0.000003 -5.075260 5.105362 0.000000 0.000000 0.000000
    49 -1.068383 -10.478611 7.065971 0.292219 1.282324 3.141588
    50 -0.000488 0.000015 2.279600 0.547136 0.343566 0.107835
    51 -2.479401 -8.323895 6.074234 0.008854 0.007354 1.579716
    52 -5.790000 4.432083 14.255558 -3.028275 1.420635 -0.332671
    53 1.044540 -2.839314 19.743252 -0.640380 0.819490 -0.272864
    54 -2.655510 -1.533379 24.792648 -0.535539 -0.088121 0.581287
    55 -1.120216 -0.154385 9.795983 -0.017634 -0.001073 0.153314
    56 -2.240372 -0.308788 19.592047 -0.192755 0.171387 0.283469
    57 -0.683205 2.877342 14.167089 -0.446642 0.214664 -1.434150
    58 -0.144958 -0.145317 7.579308 -1.625228 0.307949 -0.187280
    59 -0.038551 -0.936644 4.697678 -1.160113 0.226145 -0.119013
    60 -0.506317 8.500896 13.617329 -0.087962 -0.084432 -1.332860
    61 0.385056 -0.460075 7.003435 -1.374910 0.590882 -0.337080
    62 -0.456360 -0.710276 5.057732 -1.408261 0.558791 -0.408400
    63 2.452194 -8.899408 11.597939 -1.023528 0.448995 -1.186336
    64 -0.680515 -0.903999 6.074242 -1.512096 -0.179496 0.001338
    65 -0.248295 -0.666843 3.386627 -0.903297 -0.125107 0.054644
    66 0.717491 -3.784309 13.044010 -0.970055 0.191769 -1.416486
    67 -1.099228 -1.407673 8.017876 -1.616469 -0.022245 0.013947
    68 -0.064053 -0.807640 3.686100 -0.673511 -0.006536 -0.007030
    69 4.004906 6.172710 4.754800 0.451826 -1.049921 -2.826306
    70 -0.158381 -1.149773 5.804405 -0.493420 0.150669 0.260823
    71 1.078559 -2.386406 5.215008 -1.337581 0.881138 -0.078348
    72 6.289963 0.932404 13.569109 -0.126801 -0.612098 -2.869612
    73 -1.327759 -0.766682 12.396324 -0.037761 -0.014180 0.327884
    74 0.000017 -54.999996 0.000000 0.000000 0.000000 -1.570796
  time 60
    0 0.000000 0.000000 -1.500000 0.000000 0.000000 0.000000
    1 -10.521344 -5.760963 66.994621 3.097005 -0.050653 -3.139334
    2 -4.120848 1.263007 17.799328 -0.058859 0.538705 0.401868
    3 -0.000034 0.000012 24.761454 -1.100410 -0.127649 -0.265557
    4 0.000017 0.000000 24.344809 1.723476 -0.189719 -0.165901
    5 0.002333 -1.019846 24.031336 0.903675 -0.045550 -0.006361
    6 0.000034 0.000008 13.404741 -0.000001 -0.000009 -0.148310
    7 10.398263 -5.760962 66.994675 3.097005 0.050653 3.139334
    8 0.120931 -8.381676 18.760148 0.817048 -0.606573 0.328060
    9 -0.000004 -0.000006 24.761459 -1.846027 0.213873 -0.711084
    10 -0.000007 0.000004 24.344891 1.843211 0.094284 -0.110507
    11 -0.002360 -1.019903 24.031330 0.389594 -0.042695 -0.017219
    12 0.000000 -0.000002 13.404737 0.000001 0.000005 -0.376102
    13 -0.061540 -5.245835 72.927078 0.000000 0.000000 0.000000
    14 2.091231 -3.757162 -18.503608 -0.013302 0.021096 0.010146
    15 0.000000 -0.005608 -1.146812 0.219108 0.045357 -0.487489
    16 0.030770 -0.240000 8.906021 -0.004138 0.000000 0.000000
    17 -0.476554 -2.233587 -0.316814 0.343336 -0.031631 -0.136567
    18 0.030770 -0.276858 8.905140 0.056125 0.004134 -0.000049
    19 0.213585 -0.819462 -0.005082 0.409139 0.078481 -0.001595
    20 5.669724 4.435303 14.302868 2.897887 -1.271064 0.781626
    21 -1.044571 -2.839317 19.743267 -0.448326 -0.630950 0.152042
    22 2.655533 -1.533369 24.792658 -0.468904 0.082196 -0.221732
    23 1.120163 -0.154394 9.796035 -0.033826 -0.000345 -0.293985
    24 2.240311 -0.308786 19.592051 -0.192432 -0.099394 -0.563274
    25 0.683151 2.877354 14.167051 -0.288341 -0.138497 1.389946
    26 0.144936 -0.145374 7.579252 -1.694302 -0.244187 0.221508
    27 0.091660 -0.906685 4.702850 -0.792749 -0.125041 0.052049
    28 0.506271 8.500866 13.617253 -0.020830 0.139941 1.332293
    29 -0.384987 -0.460049 7.003448 -1.270855 -0.456210 0.373292
    30 0.561516 -0.596954 5.061852 -1.099056 -0.352740 0.239107
    31 -2.452171 -8.899406 11.597897 -0.683240 -0.367441 1.092986
    32 0.680496 -0.903999 6.074253 -1.340517 0.147801 0.003468
    33 0.245514 -0.661150 3.388004 -0.729610 0.108516 -0.038766
    34 -0.717484 -3.784271 13.043911 -0.785768 -0.178286 1.376210
    35 1.099216 -1.407745 8.017889 -1.465113 0.024460 -0.007021
    36 0.068439 -0.807653 3.686054 -0.840162 0.013647 0.002053
    37 -4.004929 6.172707 4.754754 0.562451 0.993808 2.969935
    38 0.158352 -1.149811 5.804394 -0.283453 -0.201627 0.224644
    39 -1.083523 -1.463142 5.544399 -1.699946 -0.370474 0.256826
    40 -6.289886 0.932434 13.569063 -0.126803 0.612110 2.869610
    41 1.327774 -0.766687 12.396328 -0.015462 0.007529 -0.139413
    42 -0.096140 1.828087 23.185329 -0.011740 0.014512 -1.539866
    43 2.325478 -0.000003 6.169296 -0.889782 -0.011365 1.619940
    44 0.000000 -3.152912 0.122169 2.049375 0.000000 0.000000
    45 1.068383 -10.478592 7.066338 0.292219 -1.282324 -3.141588
    46 0.000000 0.000000 2.279457 0.547137 -0.343566 0.107833
    47 2.479414 -8.323895 6.074242 -0.008855 0.007342 1.561876
    48 0.000003 -5.075260 5.105362 0.000000 0.000000 0.000000
    49 -1.068383 -10.478611 7.065971 0.292219 1.282324 3.141588
    50 -0.000488 0.000015 2.279600 0.547136 0.343566 0.107835
    51 -2.479401 -8.323895 6.074234 0.008854 0.007354 1.579716
    52 -5.790000 4.432083 14.255558 -3.031151 1.418102 -0.333246
    53 1.044540 -2.839314 19.743252 -0.631308 0.818133 -0.268972
    54 -2.655510 -1.533379 24.792648 -0.527940 -0.087849 0.587194
    55 -1.120216 -0.154385 9.795983 -0.017874 -0.001073 0.155436
    56 -2.240372 -0.308788 19.592047 -0.206119 0.165298 0.285188
    57 -0.683205 2.877342 14.167089 -0.448622 0.214863 -1.434509
    58 -0.144958 -0.145317 7.579308 -1.627625 0.308020 -0.187903
    59 -0.038551 -0.936644 4.697678 -1.162184 0.226385 -0.119456
    60 -0.506317 8.500896 13.617329 -0.088037 -0.084432 -1.332860
    61 0.385056 -0.460075 7.003435 -1.374953 0.590882 -0.337126
    62 -0.456360 -0.710276 5.057732 -1.408309 0.558791 -0.408453
    63 2.452194 -8.899408 11.597939 -1.031848 0.450180 -1.188528
    64 -0.680515 -0.903999 6.074242 -1.520720 -0.180299 0.002021
    65 -0.248295 -0.666843 3.386627 -0.911831 -0.125347 0.055495
    66 0.717491 -3.784309 13.044010 -0.975236 0.191278 -1.417007
    67 -1.099228 -1.407673 8.017876 -1.622241 -0.022377 0.014090
    68 -0.064053 -0.807640 3.686100 -0.679307 -0.006740 -0.007030
    69 4.004906 6.172710 4.754800 0.451826 -1.049921 -2.826224
    70 -0.158381 -1.149773 5.804405 -0.497501 0.153873 0.262259
    71 1.078559 -2.386406 5.215008 -1.344890 0.883221 -0.081892
    72 6.289963 0.932404 13.569109 -0.126801 -0.612098 -2.869612
    73 -1.327759 -0.766682 12.396324 -0.037941 -0.014216 0.329550
    74 0.000017 -54.999996 0.000000 0.000000 0.000000 -1.570796
  time 61
    0 0.000000 0.000000 -1.500000 0.000000 0.000000 0.000000
    1 -10.521344 -5.760963 66.994621 3.097005 -0.050653 -3.139334
    2 -4.245852 1.091129 17.799328 -0.064529 0.542741 0.400470
    3 -0.000034 0.000012 24.761454 -1.091629 -0.126642 -0.267430
    4 0.000017 0.000000 24.344809 1.719161 -0.193680 -0.167867
    5 0.002333 -1.019846 24.031336 0.905803 -0.045538 -0.006457
    6 0.000034 0.000008 13.404741 -0.000001 -0.000009 -0.148141
    7 10.398263 -5.760962 66.994675 3.097005 0.050653 3.139334
    8 -0.007979 -8.581506 18.782628 0.813636 -0.599257 0.329463
    9 -0.000004 -0.000006 24.761459 -1.847622 0.214041 -0.709290
    10 -0.000007 0.000004 24.344891 1.850116 0.092173 -0.113723
    11 -0.002360 -1.019903 24.031330 0.389594 -0.042695 -0.017219
    12 0.000000 -0.000002 13.404737 0.000001 0.000005 -0.375222
    13 -0.061540 -5.245835 72.927078 0.000000 0.000000 0.000000
    14 2.220142 -3.931847 -18.503608 -0.014294 0.022903 0.012008
    15 0.000000 -0.005608 -1.146812 0.219076 0.043679 -0.488902
    16 0.030770 -0.240000 8.906021 -0.004138 0.000000 0.000000
    17 -0.457022 -2.202336 -0.305095 0.336412 -0.033075 -0.124906
    18 0.030770 -0.276858 8.905140 0.056125 0.004134 -0.000049
    19 0.194053 -0.807743 -0.001176 0.404707 0.069512 -0.002314
    20 5.669724 4.435303 14.302868 2.924110 -1.264194 0.743580
    21 -1.044571 -2.839317 19.743267 -0.443826 -0.629228 0.150632
    22 2.655533 -1.533369 24.792658 -0.466170 0.082388 -0.227959
    23 1.120163 -0.154394 9.796035 -0.033646 -0.000333 -0.292432
    24 2.240311 -0.308786 19.592051 -0.202702 -0.107084 -0.557656
    25 0.683151 2.877354 14.167051 -0.294869 -0.139540 1.390657
    26 0.144936 -0.145374 7.579252 -1.701736 -0.244127 0.222886
    27 0.091660 -0.906685 4.702850 -0.799937 -0.126023 0.053044
    28 0.506271 8.500866 13.617253 -0.028982 0.136953 1.331984
    29 -0.384987 -0.460049 7.003448 -1.281384 -0.456677 0.377223
    30 0.561516 -0.596954 5.061852 -1.109016 -0.354094 0.242642
    31 -2.452171 -8.899406 11.597897 -0.685113 -0.367919 1.093308
    32 0.680496 -0.903999 6.074253 -1.342619 0.148017 0.003372
    33 0.245514 -0.661150 3.388004 -0.731846 0.108564 -0.038982
    34 -0.717484 -3.784271 13.043911 -0.789428 -0.178106 1.376548
    35 1.099216 -1.407745 8.017889 -1.469149 0.024567 -0.007141
    36 0.068439 -0.807653 3.686054 -0.844284 0.013790 0.002053
    37 -4.004929 6.172707 4.754754 0.562451 0.993808 2.969935
    38 0.158352 -1.149811 5.804394 -0.289937 -0.202757 0.223398
    39 -1.083523 -1.463142 5.544399 -1.707114 -0.369551 0.257765
    40 -6.289886 0.932434 13.569063 -0.126803 0.612110 2.869610
    41 1.327774 -0.766687 12.396328 -0.015798 0.007661 -0.142174
    42 -0.096140 1.828087 23.185329 -0.011398 0.014735 -1.538277
    43 2.325478 -0.000003 6.169296 -0.879516 -0.012754 1.603935
    44 0.000000 -3.152912 0.122169 2.041254 0.000000 0.000000
    45 1.068383 -10.478592 7.066338 0.292219 -1.282324 -3.141588
    46 0.000000 0.000000 2.279457 0.547137 -0.343566 0.107833
    47 2.479414 -8.323895 6.074242 -0.008855 0.007342 1.561876
    48 0.000003 -5.075260 5.105362 0.000000 0.000000 0.000000
    49 -1.068383 -10.478611 7.065971 0.292219 1.282324 3.141588
    50 -0.000488 0.000015 2.279600 0.547136 0.343566 0.107835
    51 -2.479401 -8.323895 6.074234 0.008854 0.007354 1.579716
    52 -5.790000 4.432083 14.255558 -3.033451 1.414862 -0.333438
    53 1.044540 -2.839314 19.743252 -0.619620 0.815038 -0.263447
    54 -2.655510 -1.533379 24.792648 -0.519586 -0.087577 0.591814
    55 -1.120216 -0.154385 9.795983 -0.018138 -0.001061 0.157585
    56 -2.240372 -0.308788 19.592047 -0.218796 0.159011 0.286992
    57 -0.683205 2.877342 14.167089 -0.448622 0.214863 -1.434521
    58 -0.144958 -0.145317 7.579308 -1.627625 0.307997 -0.187723
    59 -0.038551 -0.936644 4.697678 -1.162184 0.226577 -0.119432
    60 -0.506317 8.500896 13.617329 -0.086453 -0.084976 -1.332815
    61 0.385056 -0.460075 7.003435 -1.372838 0.590727 -0.336054
    62 -0.456360 -0.710276 5.057732 -1.406171 0.558554 -0.407400
    63 2.452194 -8.899408 11.597939 -1.038933 0.451202 -1.190483
    64 -0.680515 -0.903999 6.074242 -1.528050 -0.180970 0.002620
    65 -0.248295 -0.666843 3.386627 -0.919241 -0.125563 0.056142
    66 0.717491 -3.784309 13.044010 -0.979022 0.190894 -1.417342
    67 -1.099228 -1.407673 8.017876 -1.626388 -0.022485 0.014330
    68 -0.064053 -0.807640 3.686100 -0.683471 -0.006788 -0.006982
    69 4.004906 6.172710 4.754800 0.451826 -1.049921 -2.826306
    70 -0.158381 -1.149773 5.804405 -0.500431 0.156118 0.263255
    71 1.078559 -2.386406 5.215008 -1.350146 0.884660 -0.084376
    72 6.289963 0.932404 13.569109 -0.126801 -0.612098 -2.869612
    73 -1.327759 -0.766682 12.396324 -0.038036 -0.014240 0.330336
    74 0.000017 -54.999996 0.000000 0.000000 0.000000 -1.570796
  time 62
    0 0.000000 0.000000 -1.500000 0.000000 0.000000 0.000000
    1 -10.521344 -5.760963 66.994621 3.097005 -0.050653 -3.139334
    2 -4.370856 0.943805 17.799328 -0.068423 0.546387 0.399902
    3 -0.000034 0.000012 24.761454 -1.084190 -0.125768 -0.269588
    4 0.000017 0.000000 24.344809 1.715338 -0.197256 -0.169617
    5 0.002333 -1.019846 24.031336 0.907595 -0.045526 -0.006528
    6 0.000034 0.000008 13.404741 -0.000001 -0.000009 -0.148289
    7 10.398263 -5.760962 66.994675 3.097005 0.050653 3.139334
    8 -0.129077 -8.718889 18.782628 0.810650 -0.593148 0.331113
    9 -0.000004 -0.000006 24.761459 -1.848832 0.214173 -0.708321
    10 -0.000007 0.000004 24.344891 1.855925 0.090173 -0.116770
    11 -0.002360 -1.019903 24.031330 0.389594 -0.042695 -0.017219
    12 0.000000 -0.000002 13.404737 0.000001 0.000005 -0.374900
    13 -0.061540 -5.245835 72.927078 0.000000 0.000000 0.000000
    14 2.345145 -4.071596 -18.503608 -0.015254 0.024727 0.013209
    15 0.000000 -0.005608 -1.146812 0.219076 0.042126 -0.490451
    16 0.030770 -0.240000 8.906021 -0.004138 0.000000 0.000000
    17 -0.437490 -2.163273 -0.293376 0.329531 -0.034202 -0.113206
    18 0.030770 -0.276858 8.905140 0.056125 0.004134 -0.000049
    19 0.174521 -0.799930 -0.005082 0.397987 0.060357 -0.003093
    20 5.669724 4.435303 14.302868 2.945835 -1.258803 0.708792
    21 -1.044571 -2.839317 19.743267 -0.437173 -0.629385 0.149222
    22 2.655533 -1.533369 24.792658 -0.463436 0.082388 -0.231921
    23 1.120163 -0.154394 9.796035 -0.033454 -0.000285 -0.290811
    24 2.240311 -0.308786 19.592051 -0.211667 -0.113806 -0.552236
    25 0.683151 2.877354 14.167051 -0.300136 -0.140379 1.391257
    26 0.144936 -0.145374 7.579252 -1.707684 -0.244091 0.224001
    27 0.091660 -0.906685 4.702850 -0.805706 -0.126802 0.053847
    28 0.506271 8.500866 13.617253 -0.036208 0.134317 1.331707
    29 -0.384987 -0.460049 7.003448 -1.290774 -0.457109 0.380758
    30 0.561516 -0.596954 5.061852 -1.118049 -0.355317 0.245854
    31 -2.452171 -8.899406 11.597897 -0.685265 -0.367939 1.093334
    32 0.680496 -0.903999 6.074253 -1.342699 0.148029 0.003360
    33 0.245514 -0.661150 3.388004 -0.731900 0.108576 -0.038970
    34 -0.717484 -3.784271 13.043911 -0.791368 -0.177998 1.376686
    35 1.099216 -1.407745 8.017889 -1.471283 0.024627 -0.007213
    36 0.068439 -0.807653 3.686054 -0.846452 0.013874 0.002029
    37 -4.004929 6.172707 4.754754 0.562451 0.993808 2.969935
    38 0.158352 -1.149811 5.804394 -0.295065 -0.203667 0.222391
    39 -1.083523 -1.463142 5.544399 -1.712869 -0.368808 0.258511
    40 -6.289886 0.932434 13.569063 -0.126803 0.612110 2.869610
    41 1.327774 -0.766687 12.396328 -0.015941 0.007733 -0.143580
    42 -0.096140 1.828087 23.185329 -0.010679 0.014799 -1.537084
    43 2.325478 -0.000003 6.169296 -0.866050 -0.013492 1.588608
    44 0.000000 -3.152912 0.122169 2.033881 0.000000 0.000000
    45 1.068383 -10.478592 7.066338 0.292219 -1.282324 -3.141588
    46 0.000000 0.000000 2.279457 0.547137 -0.343566 0.107833
    47 2.479414 -8.323895 6.074242 -0.008855 0.007342 1.561876
    48 0.000003 -5.075260 5.105362 0.000000 0.000000 0.000000
    49 -1.068383 -10.478611 7.065971 0.292219 1.282324 3.141588
    50 -0.000488 0.000015 2.279600 0.547136 0.343566 0.107835
    51 -2.479401 -8.323895 6.074234 0.008854 0.007354 1.579716
    52 -5.790000 4.432083 14.255558 -3.034985 1.411207 -0.333533
    53 1.044540 -2.839314 19.743252 -0.605873 0.810035 -0.256453
    54 -2.655510 -1.533379 24.792648 -0.510930 -0.087318 0.595752
    55 -1.120216 -0.154385 9.795983 -0.018377 -0.001073 0.159789
    56 -2.240372 -0.308788 19.592047 -0.230251 0.152377 0.288968
    57 -0.683205 2.877342 14.167089 -0.446939 0.214684 -1.434214
    58 -0.144958 -0.145317 7.579308 -1.625773 0.307973 -0.187423
    59 -0.038551 -0.936644 4.697678 -1.160359 0.226145 -0.119073
    60 -0.506317 8.500896 13.617329 -0.083512 -0.086092 -1.332815
    61 0.385056 -0.460075 7.003435 -1.368737 0.590418 -0.334033
    62 -0.456360 -0.710276 5.057732 -1.402236 0.558144 -0.405452
    63 2.452194 -8.899408 11.597939 -1.044585 0.451992 -1.192056
    64 -0.680515 -0.903999 6.074242 -1.534141 -0.181521 0.003088
    65 -0.248295 -0.666843 3.386627 -0.924986 -0.125754 0.056670
    66 0.717491 -3.784309 13.044010 -0.980965 0.190714 -1.417528
    67 -1.099228 -1.407673 8.017876 -1.628461 -0.022508 0.014258
    68 -0.064053 -0.807640 3.686100 -0.685553 -0.006980 -0.007006
    69 4.004906 6.172710 4.754800 0.451826 -1.049921 -2.826224
    70 -0.158381 -1.149773 5.804405 -0.501896 0.157268 0.263812
    71 1.078559 -2.386406 5.215008 -1.353108 0.885457 -0.085765
    72 6.289963 0.932404 13.569109 -0.126801 -0.612098 -2.869612
    73 -1.327759 -0.766682 12.396324 -0.038096 -0.014252 0.330845
    74 0.000017 -54.999996 0.000000 0.000000 0.000000 -1.570796
  time 63
    0 0.000000 0.000000 -1.500000 0.000000 0.000000 0.000000
    1 -10.521344 -5.760963 66.994621 3.097005 -0.050653 -3.139334
    2 -4.488047 0.845589 17.799328 -0.070473 0.549504 0.400339
    3 -0.000034 0.000012 24.761454 -1.078377 -0.125096 -0.272072
    4 0.000017 0.000000 24.344809 1.711825 -0.200425 -0.171216
    5 0.002333 -1.019846 24.031336 0.909014 -0.045514 -0.006600
    6 0.000034 0.000008 13.404741 -0.000001 -0.000009 -0.148816
    7 10.398263 -5.760962 66.994675 3.097005 0.050653 3.139334
    8 -0.238455 -8.843783 18.782628 0.808261 -0.588466 0.332681
    9 -0.000004 -0.000006 24.761459 -1.849712 0.214293 -0.708321
    10 -0.000007 0.000004 24.344891 1.860314 0.088240 -0.119629
    11 -0.002360 -1.019903 24.031330 0.389594 -0.042695 -0.017219
    12 0.000000 -0.000002 13.404737 0.000001 0.000005 -0.375136
    13 -0.061540 -5.245835 72.927078 0.000000 0.000000 0.000000
    14 2.466243 -4.164761 -18.503608 -0.016054 0.026516 0.014110
    15 0.000000 -0.005608 -1.146812 0.219012 0.040730 -0.491973
    16 0.030770 -0.240000 8.906021 -0.004138 0.000000 0.000000
    17 -0.417958 -2.124209 -0.285563 0.323007 -0.035050 -0.101665
    18 0.030770 -0.276858 8.905140 0.056125 0.004134 -0.000049
    19 0.154989 -0.784304 0.002731 0.389408 0.051285 -0.003824
    20 5.669724 4.435303 14.302868 2.963541 -1.254680 0.676975
    21 -1.044571 -2.839317 19.743267 -0.428856 -0.630950 0.147812
    22 2.655533 -1.533369 24.792658 -0.460702 0.082388 -0.233539
    23 1.120163 -0.154394 9.796035 -0.033274 -0.000273 -0.289259
    24 2.240311 -0.308786 19.592051 -0.219152 -0.119332 -0.547291
    25 0.683151 2.877354 14.167051 -0.303811 -0.140954 1.391657
    26 0.144936 -0.145374 7.579252 -1.711912 -0.244056 0.224792
    27 0.091660 -0.906685 4.702850 -0.809782 -0.127378 0.054410
    28 0.506271 8.500866 13.617253 -0.042322 0.132032 1.331491
    29 -0.384987 -0.460049 7.003448 -1.298884 -0.457480 0.383970
    30 0.561516 -0.596954 5.061852 -1.125796 -0.356192 0.248683
    31 -2.452171 -8.899406 11.597897 -0.683493 -0.367501 1.092986
    32 0.680496 -0.903999 6.074253 -1.340795 0.147789 0.003564
    33 0.245514 -0.661150 3.388004 -0.730089 0.108636 -0.038826
    34 -0.717484 -3.784271 13.043911 -0.791412 -0.177986 1.376686
    35 1.099216 -1.407745 8.017889 -1.471361 0.024627 -0.007213
    36 0.068439 -0.807653 3.686054 -0.846523 0.013874 0.002029
    37 -4.004929 6.172707 4.754754 0.562451 0.993808 2.969935
    38 0.158352 -1.149811 5.804394 -0.298794 -0.204342 0.221660
    39 -1.083523 -1.463142 5.544399 -1.716845 -0.368293 0.259035
    40 -6.289886 0.932434 13.569063 -0.126803 0.612110 2.869610
    41 1.327774 -0.766687 12.396328 -0.015965 0.007733 -0.143681
    42 -0.096140 1.828087 23.185329 -0.009600 0.014066 -1.536442
    43 2.325478 -0.000003 6.169296 -0.849529 -0.013434 1.574280
    44 0.000000 -3.152912 0.122169 2.028071 0.000000 0.000000
    45 1.068383 -10.478592 7.066338 0.292219 -1.282324 -3.141588
    46 0.000000 0.000000 2.279457 0.547137 -0.343566 0.107833
    47 2.479414 -8.323895 6.074242 -0.008855 0.007342 1.561876
    48 0.000003 -5.075260 5.105362 0.000000 0.000000 0.000000
    49 -1.068383 -10.478611 7.065971 0.292219 1.282324 3.141588
    50 -0.000488 0.000015 2.279600 0.547136 0.343566 0.107835
    51 -2.479401 -8.323895 6.074234 0.008854 0.007354 1.579716
    52 -5.790000 4.432083 14.255558 -3.035944 1.407053 -0.333342
    53 1.044540 -2.839314 19.743252 -0.590901 0.802955 -0.248261
    54 -2.655510 -1.533379 24.792648 -0.501972 -0.087059 0.599538
    55 -1.120216 -0.154385 9.795983 -0.018629 -0.001049 0.161938
    56 -2.240372 -0.308788 19.592047 -0.240637 0.145694 0.291202
    57 -0.683205 2.877342 14.167089 -0.443771 0.214306 -1.433611
    58 -0.144958 -0.145317 7.579308 -1.622176 0.307877 -0.186537
    59 -0.038551 -0.936644 4.697678 -1.156858 0.225690 -0.118329
    60 -0.506317 8.500896 13.617329 -0.079514 -0.087571 -1.332680
    61 0.385056 -0.460075 7.003435 -1.363255 0.589988 -0.331307
    62 -0.456360 -0.710276 5.057732 -1.396844 0.557605 -0.402784
    63 2.452194 -8.899408 11.597939 -1.048606 0.452549 -1.193200
    64 -0.680515 -0.903999 6.074242 -1.538237 -0.181917 0.003447
    65 -0.248295 -0.666843 3.386627 -0.929358 -0.125862 0.057041
    66 0.717491 -3.784309 13.044010 -0.981015 0.190714 -1.417528
    67 -1.099228 -1.407673 8.017876 -1.628573 -0.022508 0.014270
    68 -0.064053 -0.807640 3.686100 -0.685666 -0.006980 -0.007018
    69 4.004906 6.172710 4.754800 0.451751 -1.049921 -2.826306
    70 -0.158381 -1.149773 5.804405 -0.501966 0.157241 0.263812
    71 1.078559 -2.386406 5.215008 -1.353108 0.885549 -0.085765
    72 6.289963 0.932404 13.569109 -0.126801 -0.612098 -2.869612
    73 -1.327759 -0.766682 12.396324 -0.038156 -0.014264 0.331308
    74 0.000017 -54.999996 0.000000 0.000000 0.000000 -1.570796
  time 64
    0 0.000000 0.000000 -1.500000 0.000000 0.000000 0.000000
    1 -10.521344 -5.760963 66.994621 3.097005 -0.050653 -3.139334
    2 -4.601332 0.796481 17.799328 -0.070268 0.552121 0.401868
    3 -0.000034 0.000012 24.761454 -1.074678 -0.124689 -0.274882
    4 0.000017 0.000000 24.344809 1.709050 -0.203051 -0.172599
    5 0.002333 -1.019846 24.031336 0.909910 -0.045514 -0.006636
    6 0.000034 0.000008 13.404741 -0.000001 -0.000009 -0.149723
    7 10.398263 -5.760962 66.994675 3.097005 0.050653 3.139334
    8 -0.340021 -8.906230 18.782628 0.806896 -0.585320 0.334414
    9 -0.000004 -0.000006 24.761459 -1.850427 0.214377 -0.709361
    10 -0.000007 0.000004 24.344891 1.863218 0.086440 -0.122214
    11 -0.002360 -1.019903 24.031330 0.389594 -0.042695 -0.017219
    12 0.000000 -0.000002 13.404737 0.000001 0.000005 -0.375995
    13 -0.061540 -5.245835 72.927078 0.000000 0.000000 0.000000
    14 2.575621 -4.211344 -18.503608 -0.016790 0.028340 0.014350
    15 0.000000 -0.005608 -1.146812 0.219012 0.039475 -0.493522
    16 0.030770 -0.240000 8.906021 -0.004138 0.000000 0.000000
    17 -0.394520 -2.081239 -0.277750 0.317262 -0.035721 -0.090603
    18 0.030770 -0.276858 8.905140 0.056125 0.004134 -0.000049
    19 0.135457 -0.760866 0.002731 0.379471 0.042419 -0.004483
    20 5.669724 4.435303 14.302868 2.977418 -1.251615 0.648417
    21 -1.044571 -2.839317 19.743267 -0.419414 -0.633925 0.146402
    22 2.655533 -1.533369 24.792658 -0.458055 0.082311 -0.232973
    23 1.120163 -0.154394 9.796035 -0.033119 -0.000237 -0.287810
    24 2.240311 -0.308786 19.592051 -0.224679 -0.123706 -0.542939
    25 0.683151 2.877354 14.167051 -0.305731 -0.141266 1.391894
    26 0.144936 -0.145374 7.579252 -1.714096 -0.244044 0.225211
    27 0.091660 -0.906685 4.702850 -0.811934 -0.127653 0.054722
    28 0.506271 8.500866 13.617253 -0.047324 0.130186 1.331337
    29 -0.384987 -0.460049 7.003448 -1.305500 -0.457672 0.386283
    30 0.561516 -0.596954 5.061852 -1.132008 -0.357138 0.250876
    31 -2.452171 -8.899406 11.597897 -0.680354 -0.366744 1.092422
    32 0.680496 -0.903999 6.074253 -1.337504 0.147514 0.003624
    33 0.245514 -0.661150 3.388004 -0.726680 0.108408 -0.038574
    34 -0.717484 -3.784271 13.043911 -0.789781 -0.178082 1.376548
    35 1.099216 -1.407745 8.017889 -1.469459 0.024531 -0.007021
    36 0.068439 -0.807653 3.686054 -0.844675 0.013934 0.002077
    37 -4.004929 6.172707 4.754754 0.562451 0.993808 2.969935
    38 0.158352 -1.149811 5.804394 -0.300913 -0.204709 0.221252
    39 -1.083523 -1.463142 5.544399 -1.718885 -0.368065 0.259298
    40 -6.289886 0.932434 13.569063 -0.126803 0.612110 2.869610
    41 1.327774 -0.766687 12.396328 -0.015858 0.007685 -0.142727
    42 -0.096140 1.828087 23.185329 -0.008282 0.011835 -1.536228
    43 2.325478 -0.000003 6.169296 -0.830954 -0.012436 1.560949
    44 0.000000 -3.152912 0.122169 2.023433 0.000000 0.000000
    45 1.068383 -10.478592 7.066338 0.292219 -1.282324 -3.141588
    46 0.000000 0.000000 2.279457 0.547137 -0.343566 0.107833
    47 2.479414 -8.323895 6.074242 -0.008855 0.007342 1.561876
    48 0.000003 -5.075260 5.105362 0.000000 0.000000 0.000000
    49 -1.068383 -10.478611 7.065971 0.292219 1.282324 3.141588
    50 -0.000488 0.000015 2.279600 0.547136 0.343566 0.107835
    51 -2.479401 -8.323895 6.074234 0.008854 0.007354 1.579716
    52 -5.790000 4.432083 14.255558 -3.036423 1.402608 -0.332863
    53 1.044540 -2.839314 19.743252 -0.575206 0.793458 -0.239144
    54 -2.655510 -1.533379 24.792648 -0.493014 -0.086813 0.603931
    55 -1.120216 -0.154385 9.795983 -0.018893 -0.001061 0.164087
    56 -2.240372 -0.308788 19.592047 -0.249419 0.139011 0.293522
    57 -0.683205 2.877342 14.167089 -0.439465 0.213829 -1.432816
    58 -0.144958 -0.145317 7.579308 -1.617272 0.307733 -0.185314
    59 -0.038551 -0.936644 4.697678 -1.152174 0.225067 -0.117335
    60 -0.506317 8.500896 13.617329 -0.074687 -0.089335 -1.332635
    61 0.385056 -0.460075 7.003435 -1.356651 0.589420 -0.328030
    62 -0.456360 -0.710276 5.057732 -1.390382 0.556872 -0.399572
    63 2.452194 -8.899408 11.597939 -1.050875 0.452805 -1.193772
    64 -0.680515 -0.903999 6.074242 -1.540447 -0.182108 0.003639
    65 -0.248295 -0.666843 3.386627 -0.931398 -0.125898 0.057269
    66 0.717491 -3.784309 13.044010 -0.979371 0.190870 -1.417379
    67 -1.099228 -1.407673 8.017876 -1.626724 -0.022473 0.014210
    68 -0.064053 -0.807640 3.686100 -0.683809 -0.006920 -0.007006
    69 4.004906 6.172710 4.754800 0.451826 -1.049921 -2.826224
    70 -0.158381 -1.149773 5.804405 -0.500710 0.156310 0.263343
    71 1.078559 -2.386406 5.215008 -1.350576 0.884814 -0.084596
    72 6.289963 0.932404 13.569109 -0.126801 -0.612098 -2.869612
    73 -1.327759 -0.766682 12.396324 -0.038276 -0.014288 0.332233
    74 0.000017 -54.999996 0.000000 0.000000 0.000000 -1.570796
  time 65
    0 0.000000 0.000000 -1.500000 0.000000 0.000000 0.000000
    1 -10.521344 -5.760963 66.994621 3.097005 -0.050653 -3.139334
    2 -4.702897 0.784204 17.776903 -0.068902 0.554153 0.404227
    3 -0.000034 0.000012 24.761454 -1.071507 -0.124305 -0.277773
    4 0.000017 0.000000 24.344809 1.706215 -0.205224 -0.173701
    5 0.002333 -1.019846 24.031336 0.910246 -0.045514 -0.006660
    6 0.000034 0.000008 13.404741 -0.000001 -0.000009 -0.150820
    7 10.398263 -5.760962 66.994675 3.097005 0.050653 3.139334
    8 -0.425961 -8.943698 18.782628 0.805446 -0.583381 0.336394
    9 -0.000004 -0.000006 24.761459 -1.850152 0.214353 -0.711120
    10 -0.000007 0.000004 24.344891 1.864638 0.084818 -0.124379
    11 -0.002360 -1.019903 24.031330 0.389594 -0.042695 -0.017219
    12 0.000000 -0.000002 13.404737 0.000001 0.000005 -0.377197
    13 -0.061540 -5.245835 72.927078 0.000000 0.000000 0.000000
    14 2.673280 -4.234635 -18.503608 -0.017430 0.030060 0.014050
    15 0.000000 -0.005608 -1.146812 0.219012 0.038377 -0.495071
    16 0.030770 -0.240000 8.906021 -0.004138 0.000000 0.000000
    17 -0.374988 -2.049988 -0.269938 0.312654 -0.036328 -0.080181
    18 0.030770 -0.276858 8.905140 0.056125 0.004134 -0.000049
    19 0.112019 -0.737428 0.006637 0.368676 0.033964 -0.005011
    20 5.669724 4.435303 14.302868 2.987467 -1.249466 0.623309
    21 -1.044571 -2.839317 19.743267 -0.409679 -0.638517 0.145217
    22 2.655533 -1.533369 24.792658 -0.455538 0.082196 -0.231517
    23 1.120163 -0.154394 9.796035 -0.032951 -0.000213 -0.286396
    24 2.240311 -0.308786 19.592051 -0.228030 -0.126561 -0.539220
    25 0.683151 2.877354 14.167051 -0.305841 -0.141278 1.391894
    26 0.144936 -0.145374 7.579252 -1.714189 -0.244032 0.225211
    27 0.091660 -0.906685 4.702850 -0.811979 -0.127665 0.054734
    28 0.506271 8.500866 13.617253 -0.050844 0.128912 1.331214
    29 -0.384987 -0.460049 7.003448 -1.310124 -0.457816 0.387949
    30 0.561516 -0.596954 5.061852 -1.136327 -0.357798 0.252422
    31 -2.452171 -8.899406 11.597897 -0.676000 -0.365688 1.091590
    32 0.680496 -0.903999 6.074253 -1.332864 0.147046 0.003827
    33 0.245514 -0.661150 3.388004 -0.721994 0.108264 -0.038239
    34 -0.717484 -3.784271 13.043911 -0.786606 -0.178262 1.376302
    35 1.099216 -1.407745 8.017889 -1.466083 0.024472 -0.007057
    36 0.068439 -0.807653 3.686054 -0.841228 0.013682 0.002077
    37 -4.004929 6.172707 4.754754 0.562451 0.993808 2.969935
    38 0.158352 -1.149811 5.804394 -0.300786 -0.204679 0.221276
    39 -1.083523 -1.463142 5.544399 -1.719147 -0.368017 0.259326
    40 -6.289886 0.932434 13.569063 -0.126803 0.612110 2.869610
    41 1.327774 -0.766687 12.396328 -0.015690 0.007625 -0.141271
    42 -0.096140 1.828087 23.185329 -0.006741 0.008011 -1.536350
    43 2.325478 -0.000003 6.169296 -0.811949 -0.010598 1.548816
    44 0.000000 -3.152912 0.122169 2.018876 0.000000 0.000000
    45 1.068383 -10.478592 7.066338 0.292219 -1.282324 -3.141588
    46 0.000000 0.000000 2.279457 0.547137 -0.343566 0.107833
    47 2.479414 -8.323895 6.074242 -0.008855 0.007342 1.561876
    48 0.000003 -5.075260 5.105362 0.000000 0.000000 0.000000
    49 -1.068383 -10.478611 7.065971 0.292219 1.282324 3.141588
    50 -0.000488 0.000015 2.279600 0.547136 0.343566 0.107835
    51 -2.479401 -8.323895 6.074234 0.008854 0.007354 1.579716
    52 -5.790000 4.432083 14.255558 -3.036423 1.397873 -0.332288
    53 1.044540 -2.839314 19.743252 -0.559789 0.781926 -0.229673
    54 -2.655510 -1.533379 24.792648 -0.484207 -0.086568 0.609156
    55 -1.120216 -0.154385 9.795983 -0.019109 -0.001049 0.166127
    56 -2.240372 -0.308788 19.592047 -0.256674 0.132427 0.296186
    57 -0.683205 2.877342 14.167089 -0.434268 0.213232 -1.431841
    58 -0.144958 -0.145317 7.579308 -1.611605 0.307577 -0.183948
    59 -0.038551 -0.936644 4.697678 -1.146355 0.224240 -0.116100
    60 -0.506317 8.500896 13.617329 -0.069332 -0.091332 -1.332590
    61 0.385056 -0.460075 7.003435 -1.349528 0.588853 -0.324539
    62 -0.456360 -0.710276 5.057732 -1.383047 0.556074 -0.395939
    63 2.452194 -8.899408 11.597939 -1.050835 0.452852 -1.193795
    64 -0.680515 -0.903999 6.074242 -1.540662 -0.182120 0.003603
    65 -0.248295 -0.666843 3.386627 -0.931439 -0.125970 0.057233
    66 0.717491 -3.784309 13.044010 -0.976132 0.191182 -1.417094
    67 -1.099228 -1.407673 8.017876 -1.623418 -0.022389 0.014090
    68 -0.064053 -0.807640 3.686100 -0.680151 -0.006812 -0.007030
    69 4.004906 6.172710 4.754800 0.451826 -1.049921 -2.826306
    70 -0.158381 -1.149773 5.804405 -0.498164 0.154256 0.262523
    71 1.078559 -2.386406 5.215008 -1.346324 0.883680 -0.082513
    72 6.289963 0.932404 13.569109 -0.126801 -0.612098 -2.869612
    73 -1.327759 -0.766682 12.396324 -0.038468 -0.014324 0.333760
    74 0.000017 -54.999996 0.000000 0.000000 0.000000 -1.570796
  time 66
    0 0.000000 0.000000 -1.500000 0.000000 0.000000 0.000000
    1 -10.521344 -5.760963 66.994621 3.097005 -0.050653 -3.139334
    2 -4.788837 0.796481 17.709630 -0.067672 0.555712 0.406892
    3 -0.000034 0.000012 24.761454 -1.066832 -0.123766 -0.280419
    4 0.000017 0.000000 24.344809 1.702639 -0.206944 -0.174457
    5 0.002333 -1.019846 24.031336 0.909910 -0.045514 -0.006636
    6 0.000034 0.000008 13.404741 -0.000001 -0.000009 -0.151854
    7 10.398263 -5.760962 66.994675 3.097005 0.050653 3.139334
    8 -0.496275 -8.981166 18.737668 0.803228 -0.581918 0.338952
    9 -0.000004 -0.000006 24.761459 -1.848282 0.214113 -0.712914
    10 -0.000007 0.000004 24.344891 1.864831 0.083374 -0.125956
    11 -0.002360 -1.019903 24.031330 0.389594 -0.042695 -0.017219
    12 0.000000 -0.000002 13.404737 0.000001 0.000005 -0.378292
    13 -0.061540 -5.245835 72.927078 0.000000 0.000000 0.000000
    14 2.759221 -4.234635 -18.481077 -0.017910 0.031746 0.013329
    15 0.000000 -0.005608 -1.146812 0.218980 0.037452 -0.496511
    16 0.030770 -0.240000 8.906021 -0.004138 0.000000 0.000000
    17 -0.363269 -2.034362 -0.266031 0.309476 -0.037025 -0.070557
    18 0.030770 -0.276858 8.905140 0.056125 0.004134 -0.000049
    19 0.096394 -0.710083 0.010544 0.357595 0.026044 -0.005382
    20 5.669724 4.435303 14.302868 2.993496 -1.248056 0.601842
    21 -1.044571 -2.839317 19.743267 -0.400335 -0.645092 0.144484
    22 2.655533 -1.533369 24.792658 -0.453325 0.082119 -0.230385
    23 1.120163 -0.154394 9.796035 -0.032795 -0.000189 -0.285085
    24 2.240311 -0.308786 19.592051 -0.228900 -0.127712 -0.536411
    25 0.683151 2.877354 14.167051 -0.304085 -0.141002 1.391707
    26 0.144936 -0.145374 7.579252 -1.712284 -0.244056 0.224863
    27 0.091660 -0.906685 4.702850 -0.810194 -0.127426 0.054470
    28 0.506271 8.500866 13.617253 -0.052697 0.128209 1.331183
    29 -0.384987 -0.460049 7.003448 -1.312543 -0.457936 0.388956
    30 0.561516 -0.596954 5.061852 -1.138719 -0.357989 0.253309
    31 -2.452171 -8.899406 11.597897 -0.670785 -0.364394 1.090570
    32 0.680496 -0.903999 6.074253 -1.327352 0.146507 0.004091
    33 0.245514 -0.661150 3.388004 -0.716402 0.108097 -0.037807
    34 -0.717484 -3.784271 13.043911 -0.782285 -0.178501 1.375964
    35 1.099216 -1.407745 8.017889 -1.461426 0.024352 -0.006913
    36 0.068439 -0.807653 3.686054 -0.836608 0.013515 0.002113
    37 -4.004929 6.172707 4.754754 0.562451 0.993808 2.969935
    38 0.158352 -1.149811 5.804394 -0.299133 -0.204400 0.221612
    39 -1.083523 -1.463142 5.544399 -1.717211 -0.368245 0.259091
    40 -6.289886 0.932434 13.569063 -0.126803 0.612110 2.869610
    41 1.327774 -0.766687 12.396328 -0.015522 0.007553 -0.139865
    42 -0.096140 1.828087 23.185329 -0.005029 0.002466 -1.536809
    43 2.325478 -0.000003 6.169296 -0.792849 -0.007907 1.537760
    44 0.000000 -3.152912 0.122169 2.014465 0.000000 0.000000
    45 1.068383 -10.478592 7.066338 0.292219 -1.282324 -3.141588
    46 0.000000 0.000000 2.279457 0.547137 -0.343566 0.107833
    47 2.479414 -8.323895 6.074242 -0.008855 0.007342 1.561876
    48 0.000003 -5.075260 5.105362 0.000000 0.000000 0.000000
    49 -1.068383 -10.478611 7.065971 0.292219 1.282324 3.141588
    50 -0.000488 0.000015 2.279600 0.547136 0.343566 0.107835
    51 -2.479401 -8.323895 6.074234 0.008854 0.007354 1.579716
    52 -5.790000 4.432083 14.255558 -3.035944 1.392847 -0.331617
    53 1.044540 -2.839314 19.743252 -0.545708 0.768698 -0.220338
    54 -2.655510 -1.533379 24.792648 -0.475702 -0.086309 0.615290
    55 -1.120216 -0.154385 9.795983 -0.019336 -0.001025 0.168086
    56 -2.240372 -0.308788 19.592047 -0.262249 0.125942 0.298849
    57 -0.683205 2.877342 14.167089 -0.428427 0.212535 -1.430790
    58 -0.144958 -0.145317 7.579308 -1.604957 0.307361 -0.182246
    59 -0.038551 -0.936644 4.697678 -1.140142 0.223449 -0.114818
    60 -0.506317 8.500896 13.617329 -0.063751 -0.093408 -1.332545
    61 0.385056 -0.460075 7.003435 -1.341758 0.588165 -0.320649
    62 -0.456360 -0.710276 5.057732 -1.375759 0.555212 -0.392393
    63 2.452194 -8.899408 11.597939 -1.049004 0.452596 -1.193295
    64 -0.680515 -0.903999 6.074242 -1.538560 -0.181953 0.003483
    65 -0.248295 -0.666843 3.386627 -0.929691 -0.125874 0.057077
    66 0.717491 -3.784309 13.044010 -0.971898 0.191589 -1.416672
    67 -1.099228 -1.407673 8.017876 -1.618543 -0.022293 0.013994
    68 -0.064053 -0.807640 3.686100 -0.675593 -0.006608 -0.007054
    69 4.004906 6.172710 4.754800 0.451826 -1.049921 -2.826306
    70 -0.158381 -1.149773 5.804405 -0.494885 0.151792 0.261321
    71 1.078559 -2.386406 5.215008 -1.340161 0.881842 -0.079590
    72 6.289963 0.932404 13.569109 -0.126801 -0.612098 -2.869612
    73 -1.327759 -0.766682 12.396324 -0.038708 -0.014372 0.335888
    74 0.000017 -54.999996 0.000000 0.000000 0.000000 -1.570796
  time 67
    0 0.000000 0.000000 -1.500000 0.000000 0.000000 0.000000
    1 -10.521344 -5.760963 66.994621 3.097005 -0.050653 -3.139334
    2 -4.863058 0.833312 17.642356 -0.066715 0.556797 0.409863
    3 -0.000034 0.000012 24.761454 -1.061141 -0.123107 -0.282822
    4 0.000017 0.000000 24.344809 1.698755 -0.208257 -0.174802
    5 0.002333 -1.019846 24.031336 0.908939 -0.045514 -0.006600
    6 0.000034 0.000008 13.404741 -0.000001 -0.000009 -0.152782
    7 10.398263 -5.760962 66.994675 3.097005 0.050653 3.139334
    8 -0.550964 -8.993655 18.670227 0.800242 -0.581150 0.341923
    9 -0.000004 -0.000006 24.761459 -1.845147 0.213766 -0.714888
    10 -0.000007 0.000004 24.344891 1.864057 0.082107 -0.126901
    11 -0.002360 -1.019903 24.031330 0.389594 -0.042695 -0.017219
    12 0.000000 -0.000002 13.404737 0.000001 0.000005 -0.379301
    13 -0.061540 -5.245835 72.927078 0.000000 0.000000 0.000000
    14 2.829535 -4.234635 -18.390952 -0.018294 0.033346 0.012248
    15 0.000000 -0.005608 -1.146812 0.218980 0.036731 -0.497979
    16 0.030770 -0.240000 8.906021 -0.004138 0.000000 0.000000
    17 -0.347644 -2.018737 -0.266031 0.307477 -0.037746 -0.061891
    18 0.030770 -0.276858 8.905140 0.056125 0.004134 -0.000049
    19 0.076862 -0.686645 0.010544 0.346800 0.018803 -0.005622
    20 5.669724 4.435303 14.302868 2.995793 -1.247140 0.584400
    21 -1.044571 -2.839317 19.743267 -0.391236 -0.653076 0.144061
    22 2.655533 -1.533369 24.792658 -0.451372 0.082081 -0.229091
    23 1.120163 -0.154394 9.796035 -0.032663 -0.000165 -0.283878
    24 2.240311 -0.308786 19.592051 -0.228204 -0.127804 -0.534235
    25 0.683151 2.877354 14.167051 -0.300959 -0.140523 1.391344
    26 0.144936 -0.145374 7.579252 -1.708706 -0.244091 0.224180
    27 0.091660 -0.906685 4.702850 -0.806714 -0.126934 0.053979
    28 0.506271 8.500866 13.617253 -0.052697 0.128209 1.331183
    29 -0.384987 -0.460049 7.003448 -1.312614 -0.457936 0.388980
    30 0.561516 -0.596954 5.061852 -1.138826 -0.358001 0.253321
    31 -2.452171 -8.899406 11.597897 -0.664912 -0.362960 1.089496
    32 0.680496 -0.903999 6.074253 -1.321205 0.145896 0.004379
    33 0.245514 -0.661150 3.388004 -0.710331 0.107893 -0.037340
    34 -0.717484 -3.784271 13.043911 -0.777081 -0.178801 1.375534
    35 1.099216 -1.407745 8.017889 -1.455877 0.024160 -0.006674
    36 0.068439 -0.807653 3.686054 -0.830957 0.013407 0.002185
    37 -4.004929 6.172707 4.754754 0.562451 0.993808 2.969935
    38 0.158352 -1.149811 5.804394 -0.295997 -0.203843 0.222199
    39 -1.083523 -1.463142 5.544399 -1.713863 -0.368676 0.258649
    40 -6.289886 0.932434 13.569063 -0.126803 0.612110 2.869610
    41 1.327774 -0.766687 12.396328 -0.015342 0.007481 -0.138308
    42 -0.096140 1.828087 23.185329 -0.003162 -0.004799 -1.537573
    43 2.325478 -0.000003 6.169296 -0.773749 -0.004478 1.527941
    44 0.000000 -3.152912 0.122169 2.010315 0.000000 0.000000
    45 1.068383 -10.478592 7.066338 0.292219 -1.282324 -3.141588
    46 0.000000 0.000000 2.279457 0.547137 -0.343566 0.107833
    47 2.479414 -8.323895 6.074242 -0.008855 0.007342 1.561876
    48 0.000003 -5.075260 5.105362 0.000000 0.000000 0.000000
    49 -1.068383 -10.478611 7.065971 0.292219 1.282324 3.141588
    50 -0.000488 0.000015 2.279600 0.547136 0.343566 0.107835
    51 -2.479401 -8.323895 6.074234 0.008854 0.007354 1.579716
    52 -5.790000 4.432083 14.255558 -3.035368 1.387738 -0.330946
    53 1.044540 -2.839314 19.743252 -0.533519 0.754325 -0.211384
    54 -2.655510 -1.533379 24.792648 -0.467549 -0.086063 0.622257
    55 -1.120216 -0.154385 9.795983 -0.019552 -0.001025 0.169963
    56 -2.240372 -0.308788 19.592047 -0.265685 0.119655 0.301770
    57 -0.683205 2.877342 14.167089 -0.422339 0.211839 -1.429661
    58 -0.144958 -0.145317 7.579308 -1.598200 0.307146 -0.180568
    59 -0.038551 -0.936644 4.697678 -1.133584 0.222550 -0.113440
    60 -0.506317 8.500896 13.617329 -0.057566 -0.095639 -1.332545
    61 0.385056 -0.460075 7.003435 -1.333470 0.587408 -0.316576
    62 -0.456360 -0.710276 5.057732 -1.367695 0.554263 -0.388409
    63 2.452194 -8.899408 11.597939 -1.045740 0.452108 -1.192485
    64 -0.680515 -0.903999 6.074242 -1.535057 -0.181617 0.003183
    65 -0.248295 -0.666843 3.386627 -0.926069 -0.125802 0.056658
    66 0.717491 -3.784309 13.044010 -0.966667 0.192105 -1.416176
    67 -1.099228 -1.407673 8.017876 -1.612883 -0.022173 0.013851
    68 -0.064053 -0.807640 3.686100 -0.669966 -0.006417 -0.007066
    69 4.004906 6.172710 4.754800 0.451826 -1.049921 -2.826306
    70 -0.158381 -1.149773 5.804405 -0.490804 0.148698 0.259915
    71 1.078559 -2.386406 5.215008 -1.332946 0.879790 -0.076156
    72 6.289963 0.932404 13.569109 -0.126801 -0.612098 -2.869612
    73 -1.327759 -0.766682 12.396324 -0.039055 -0.014432 0.338664
    74 0.000017 -54.999996 0.000000 0.000000 0.000000 -1.570796
  time 68
    0 0.000000 0.000000 -1.500000 0.000000 0.000000 0.000000
    1 -10.521344 -5.760963 66.994621 3.097005 -0.050653 -3.139334
    2 -4.917747 0.870143 17.530233 -0.065759 0.557465 0.413096
    3 -0.000034 0.000012 24.761454 -1.054840 -0.122388 -0.285020
    4 0.000017 0.000000 24.344809 1.694748 -0.209049 -0.174846
    5 0.002333 -1.019846 24.031336 0.907446 -0.045526 -0.006528
    6 0.000034 0.000008 13.404741 -0.000001 -0.000009 -0.153647
    7 10.398263 -5.760962 66.994675 3.097005 0.050653 3.139334
    8 -0.593935 -9.006144 18.602787 0.797000 -0.581113 0.345141
    9 -0.000004 -0.000006 24.761459 -1.841133 0.213298 -0.716934
    10 -0.000007 0.000004 24.344891 1.862508 0.081174 -0.127238
    11 -0.002360 -1.019903 24.031330 0.389594 -0.042695 -0.017219
    12 0.000000 -0.000002 13.404737 0.000001 0.000005 -0.380203
    13 -0.061540 -5.245835 72.927078 0.000000 0.000000 0.000000
    14 2.884224 -4.222990 -18.300828 -0.018518 0.034843 0.010927
    15 0.000000 -0.005608 -1.146812 0.218980 0.036182 -0.499310
    16 0.030770 -0.240000 8.906021 -0.004138 0.000000 0.000000
    17 -0.335925 -2.003111 -0.266031 0.305941 -0.038405 -0.054344
    18 0.030770 -0.276858 8.905140 0.056125 0.004134 -0.000049
    19 0.061236 -0.663207 0.014450 0.337041 0.012323 -0.005718
    20 5.669724 4.435303 14.302868 2.993879 -1.246612 0.571750
    21 -1.044571 -2.839317 19.743267 -0.382479 -0.661739 0.143666
    22 2.655533 -1.533369 24.792658 -0.449593 0.081927 -0.227231
    23 1.120163 -0.154394 9.796035 -0.032543 -0.000153 -0.282912
    24 2.240311 -0.308786 19.592051 -0.227029 -0.127620 -0.532455
    25 0.683151 2.877354 14.167051 -0.296735 -0.139852 1.390857
    26 0.144936 -0.145374 7.579252 -1.703827 -0.244127 0.223282
    27 0.091660 -0.906685 4.702850 -0.801998 -0.126299 0.053319
    28 0.506271 8.500866 13.617253 -0.051153 0.128780 1.331214
    29 -0.384987 -0.460049 7.003448 -1.310622 -0.457840 0.388165
    30 0.561516 -0.596954 5.061852 -1.136649 -0.357822 0.252542
    31 -2.452171 -8.899406 11.597897 -0.658786 -0.361466 1.088342
    32 0.680496 -0.903999 6.074253 -1.314821 0.145248 0.004666
    33 0.245514 -0.661150 3.388004 -0.703886 0.107665 -0.036873
    34 -0.717484 -3.784271 13.043911 -0.771305 -0.179112 1.375042
    35 1.099216 -1.407745 8.017889 -1.449668 0.024004 -0.006590
    36 0.068439 -0.807653 3.686054 -0.824810 0.013071 0.002209
    37 -4.004929 6.172707 4.754754 0.562451 0.993808 2.969935
    38 0.158352 -1.149811 5.804394 -0.291717 -0.202977 0.223038
    39 -1.083523 -1.463142 5.544399 -1.709154 -0.369383 0.258000
    40 -6.289886 0.932434 13.569063 -0.126803 0.612110 2.869610
    41 1.327774 -0.766687 12.396328 -0.015138 0.007409 -0.136500
    42 -0.096140 1.828087 23.185329 -0.001159 -0.013977 -1.538582
    43 2.325478 -0.000003 6.169296 -0.754315 -0.000528 1.519679
    44 0.000000 -3.152912 0.122169 2.006491 0.000000 0.000000
    45 1.068383 -10.478592 7.066338 0.292219 -1.282324 -3.141588
    46 0.000000 0.000000 2.279457 0.547137 -0.343566 0.107833
    47 2.479414 -8.323895 6.074242 -0.008855 0.007342 1.561876
    48 0.000003 -5.075260 5.105362 0.000000 0.000000 0.000000
    49 -1.068383 -10.478611 7.065971 0.292219 1.282324 3.141588
    50 -0.000488 0.000015 2.279600 0.547136 0.343566 0.107835
    51 -2.479401 -8.323895 6.074234 0.008854 0.007354 1.579716
    52 -5.790000 4.432083 14.255558 -3.031534 1.382546 -0.329509
    53 1.044540 -2.839314 19.743252 -0.525449 0.738935 -0.203764
    54 -2.655510 -1.533379 24.792648 -0.459749 -0.085830 0.628694
    55 -1.120216 -0.154385 9.795983 -0.019756 -0.001013 0.171595
    56 -2.240372 -0.308788 19.592047 -0.266678 0.113665 0.304950
    57 -0.683205 2.877342 14.167089 -0.415657 0.211023 -1.428443
    58 -0.144958 -0.145317 7.579308 -1.590843 0.306906 -0.178759
    59 -0.038551 -0.936644 4.697678 -1.126483 0.221567 -0.111954
    60 -0.506317 8.500896 13.617329 -0.050627 -0.098208 -1.332500
    61 0.385056 -0.460075 7.003435 -1.324319 0.586496 -0.311967
    62 -0.456360 -0.710276 5.057732 -1.358415 0.553293 -0.383828
    63 2.452194 -8.899408 11.597939 -1.040963 0.451481 -1.191055
    64 -0.680515 -0.903999 6.074242 -1.530368 -0.181186 0.002848
    65 -0.248295 -0.666843 3.386627 -0.921115 -0.125575 0.056334
    66 0.717491 -3.784309 13.044010 -0.960888 0.192656 -1.415618
    67 -1.099228 -1.407673 8.017876 -1.606550 -0.022017 0.013683
    68 -0.064053 -0.807640 3.686100 -0.663720 -0.006189 -0.007090
    69 4.004906 6.172710 4.754800 0.451751 -1.049921 -2.826224
    70 -0.158381 -1.149773 5.804405 -0.486375 0.145220 0.258362
    71 1.078559 -2.386406 5.215008 -1.325064 0.877462 -0.072429
    72 6.289963 0.932404 13.569109 -0.126801 -0.612098 -2.869612
    73 -1.327759 -0.766682 12.396324 -0.039427 -0.014504 0.341625
    74 0.000017 -54.999996 0.000000 0.000000 0.000000 -1.570796
  time 69
    0 0.000000 0.000000 -1.500000 0.000000 0.000000 0.000000
    1 -10.521344 -5.760963 66.994621 3.097005 -0.050653 -3.139334
    2 -4.956811 0.919251 17.440535 -0.065007 0.557632 0.416504
    3 -0.000034 0.000012 24.761454 -1.048417 -0.121645 -0.287016
    4 0.000017 0.000000 24.344809 1.690926 -0.209411 -0.174565
    5 0.002333 -1.019846 24.031336 0.905430 -0.045538 -0.006445
    6 0.000034 0.000008 13.404741 -0.000001 -0.000009 -0.154448
    7 10.398263 -5.760962 66.994675 3.097005 0.050653 3.139334
    8 -0.609560 -9.006144 18.512866 0.793417 -0.581808 0.348359
    9 -0.000004 -0.000006 24.761459 -1.836678 0.212783 -0.719087
    10 -0.000007 0.000004 24.344891 1.860314 0.080574 -0.126985
    11 -0.002360 -1.019903 24.031330 0.389594 -0.042695 -0.017219
    12 0.000000 -0.000002 13.404737 0.000001 0.000005 -0.381040
    13 -0.061540 -5.245835 72.927078 0.000000 0.000000 0.000000
    14 2.915475 -4.199698 -18.188172 -0.018614 0.036254 0.009185
    15 0.000000 -0.005608 -1.146812 0.218980 0.035852 -0.500533
    16 0.030770 -0.240000 8.906021 -0.004138 0.000000 0.000000
    17 -0.332018 -1.991392 -0.266031 0.304699 -0.038962 -0.047875
    18 0.030770 -0.276858 8.905140 0.056125 0.004134 -0.000049
    19 0.045611 -0.647582 0.014450 0.329213 0.006748 -0.005718
    20 5.669724 4.435303 14.302868 2.987276 -1.246224 0.564467
    21 -1.044571 -2.839317 19.743267 -0.374065 -0.670662 0.143356
    22 2.655533 -1.533369 24.792658 -0.447944 0.081850 -0.224966
    23 1.120163 -0.154394 9.796035 -0.032460 -0.000141 -0.282050
    24 2.240311 -0.308786 19.592051 -0.225506 -0.127067 -0.531189
    25 0.683151 2.877354 14.167051 -0.291578 -0.139025 1.390308
    26 0.144936 -0.145374 7.579252 -1.697880 -0.244163 0.222263
    27 0.091660 -0.906685 4.702850 -0.796412 -0.125436 0.052564
    28 0.506271 8.500866 13.617253 -0.048127 0.129901 1.331306
    29 -0.384987 -0.460049 7.003448 -1.306603 -0.457708 0.386715
    30 0.561516 -0.596954 5.061852 -1.133079 -0.357282 0.251247
    31 -2.452171 -8.899406 11.597897 -0.652103 -0.359813 1.087134
    32 0.680496 -0.903999 6.074253 -1.307802 0.144505 0.005062
    33 0.245514 -0.661150 3.388004 -0.696963 0.107521 -0.036321
    34 -0.717484 -3.784271 13.043911 -0.765220 -0.179460 1.374535
    35 1.099216 -1.407745 8.017889 -1.443187 0.023812 -0.006410
    36 0.068439 -0.807653 3.686054 -0.818413 0.012832 0.002257
    37 -4.004929 6.172707 4.754754 0.562541 0.993808 2.969839
    38 0.158352 -1.149811 5.804394 -0.286632 -0.202170 0.224033
    39 -1.083523 -1.463142 5.544399 -1.703452 -0.370019 0.257295
    40 -6.289886 0.932434 13.569063 -0.126803 0.612110 2.869610
    41 1.327774 -0.766687 12.396328 -0.014911 0.007314 -0.134441
    42 -0.096140 1.828087 23.185329 0.000930 -0.025194 -1.539866
    43 2.325478 -0.000003 6.169296 -0.734594 0.003755 1.512974
    44 0.000000 -3.152912 0.122169 2.003024 0.000000 0.000000
    45 1.068383 -10.478592 7.066338 0.292219 -1.282324 -3.141588
    46 0.000000 0.000000 2.279457 0.547137 -0.343566 0.107833
    47 2.479414 -8.323895 6.074242 -0.008855 0.007342 1.561876
    48 0.000003 -5.075260 5.105362 0.000000 0.000000 0.000000
    49 -1.068383 -10.478611 7.065971 0.292219 1.282324 3.141588
    50 -0.000488 0.000015 2.279600 0.547136 0.343566 0.107835
    51 -2.479401 -8.323895 6.074234 0.008854 0.007354 1.579716
    52 -5.790000 4.432083 14.255558 -3.022236 1.377312 -0.326922
    53 1.044540 -2.839314 19.743252 -0.523835 0.723121 -0.198076
    54 -2.655510 -1.533379 24.792648 -0.452351 -0.085623 0.633844
    55 -1.120216 -0.154385 9.795983 -0.019911 -0.001025 0.173119
    56 -2.240372 -0.308788 19.592047 -0.264769 0.107774 0.308300
    57 -0.683205 2.877342 14.167089 -0.408084 0.210148 -1.427058
    58 -0.144958 -0.145317 7.579308 -1.582561 0.306594 -0.176685
    59 -0.038551 -0.936644 4.697678 -1.118495 0.220453 -0.110300
    60 -0.506317 8.500896 13.617329 -0.042934 -0.101035 -1.332545
    61 0.385056 -0.460075 7.003435 -1.314089 0.585516 -0.307036
    62 -0.456360 -0.710276 5.057732 -1.348796 0.551913 -0.379124
    63 2.452194 -8.899408 11.597939 -1.035311 0.450691 -1.189505
    64 -0.680515 -0.903999 6.074242 -1.524385 -0.180622 0.002321
    65 -0.248295 -0.666843 3.386627 -0.915453 -0.125455 0.055831
    66 0.717491 -3.784309 13.044010 -0.954760 0.193231 -1.415035
    67 -1.099228 -1.407673 8.017876 -1.600106 -0.021873 0.013515
    68 -0.064053 -0.807640 3.686100 -0.657080 -0.005937 -0.007114
    69 4.004906 6.172710 4.754800 0.451826 -1.049921 -2.826306
    70 -0.158381 -1.149773 5.804405 -0.481666 0.141661 0.256662
    71 1.078559 -2.386406 5.215008 -1.316751 0.875073 -0.068520
    72 6.289963 0.932404 13.569109 -0.126801 -0.612098 -2.869612
    73 -1.327759 -0.766682 12.396324 -0.039762 -0.014576 0.344586
    74 0.000017 -54.999996 0.000000 0.000000 0.000000 -1.570796
  time 70
    0 0.000000 0.000000 -1.500000 0.000000 0.000000 0.000000
    1 -10.521344 -5.760963 66.994621 3.097005 -0.050653 -3.139334
    2 -4.972437 0.992913 17.328412 -0.064188 0.557382 0.419999
    3 -0.000034 0.000012 24.761454 -1.042157 -0.120926 -0.288726
    4 0.000017 0.000000 24.344809 1.687597 -0.209230 -0.173960
    5 0.002333 -1.019846 24.031336 0.903078 -0.045562 -0.006337
    6 0.000034 0.000008 13.404741 -0.000001 -0.000009 -0.155229
    7 10.398263 -5.760962 66.994675 3.097005 0.050653 3.139334
    8 -0.601747 -8.993655 18.422945 0.789834 -0.583381 0.351825
    9 -0.000004 -0.000006 24.761459 -1.831948 0.212244 -0.721348
    10 -0.000007 0.000004 24.344891 1.857732 0.080374 -0.126124
    11 -0.002360 -1.019903 24.031330 0.389594 -0.042695 -0.017219
    12 0.000000 -0.000002 13.404737 0.000001 0.000005 -0.381749
    13 -0.061540 -5.245835 72.927078 0.000000 0.000000 0.000000
    14 2.927194 -4.164761 -18.098048 -0.018422 0.037493 0.007384
    15 0.000000 -0.005608 -1.146812 0.218980 0.035742 -0.501620
    16 0.030770 -0.240000 8.906021 -0.004138 0.000000 0.000000
    17 -0.324205 -1.983580 -0.266031 0.303836 -0.039418 -0.042603
    18 0.030770 -0.276858 8.905140 0.056125 0.004134 -0.000049
    19 0.037798 -0.631956 0.018356 0.322779 0.002202 -0.005670
    20 5.669724 4.435303 14.302868 2.975887 -1.245836 0.563029
    21 -1.044571 -2.839317 19.743267 -0.365993 -0.679690 0.143046
    22 2.655533 -1.533369 24.792658 -0.446555 0.081735 -0.221974
    23 1.120163 -0.154394 9.796035 -0.032388 -0.000129 -0.281429
    24 2.240311 -0.308786 19.592051 -0.223504 -0.126284 -0.530437
    25 0.683151 2.877354 14.167051 -0.285928 -0.138114 1.389671
    26 0.144936 -0.145374 7.579252 -1.691328 -0.244211 0.221016
    27 0.091660 -0.906685 4.702850 -0.790276 -0.124609 0.051714
    28 0.506271 8.500866 13.617253 -0.044113 0.131395 1.331430
    29 -0.384987 -0.460049 7.003448 -1.301125 -0.457516 0.384665
    30 0.561516 -0.596954 5.061852 -1.128080 -0.356611 0.249498
    31 -2.452171 -8.899406 11.597897 -0.644610 -0.357960 1.085738
    32 0.680496 -0.903999 6.074253 -1.299950 0.143738 0.005361
    33 0.245514 -0.661150 3.388004 -0.689187 0.107222 -0.035746
    34 -0.717484 -3.784271 13.043911 -0.758606 -0.179832 1.373997
    35 1.099216 -1.407745 8.017889 -1.436047 0.023597 -0.006134
    36 0.068439 -0.807653 3.686054 -0.811519 0.012640 0.002304
    37 -4.004929 6.172707 4.754754 0.562451 0.993808 2.969935
    38 0.158352 -1.149811 5.804394 -0.280995 -0.201172 0.225123
    39 -1.083523 -1.463142 5.544399 -1.697278 -0.370810 0.256466
    40 -6.289886 0.932434 13.569063 -0.126803 0.612110 2.869610
    41 1.327774 -0.766687 12.396328 -0.014635 0.007206 -0.132081
    42 -0.096140 1.828087 23.185329 0.003087 -0.038482 -1.541425
    43 2.325478 -0.000003 6.169296 -0.714061 0.008240 1.508025
    44 0.000000 -3.152912 0.122169 2.000030 0.000000 0.000000
    45 1.068383 -10.478592 7.066338 0.292219 -1.282324 -3.141588
    46 0.000000 0.000000 2.279457 0.547137 -0.343566 0.107833
    47 2.479414 -8.323895 6.074242 -0.008855 0.007342 1.561876
    48 0.000003 -5.075260 5.105362 0.000000 0.000000 0.000000
    49 -1.068383 -10.478611 7.065971 0.292219 1.282324 3.141588
    50 -0.000488 0.000015 2.279600 0.547136 0.343566 0.107835
    51 -2.479401 -8.323895 6.074234 0.008854 0.007354 1.579716
    52 -5.790000 4.432083 14.255558 -3.008624 1.372203 -0.323473
    53 1.044540 -2.839314 19.743252 -0.527731 0.707137 -0.193858
    54 -2.655510 -1.533379 24.792648 -0.445406 -0.085454 0.637706
    55 -1.120216 -0.154385 9.795983 -0.020067 -0.001001 0.174397
    56 -2.240372 -0.308788 19.592047 -0.260263 0.102329 0.311823
    57 -0.683205 2.877342 14.167089 -0.399818 0.209133 -1.425570
    58 -0.144958 -0.145317 7.579308 -1.573624 0.306271 -0.174468
    59 -0.038551 -0.936644 4.697678 -1.109816 0.219206 -0.108490
    60 -0.506317 8.500896 13.617329 -0.034864 -0.104071 -1.332545
    61 0.385056 -0.460075 7.003435 -1.303470 0.584450 -0.301814
    62 -0.456360 -0.710276 5.057732 -1.338400 0.550576 -0.374069
    63 2.452194 -8.899408 11.597939 -1.029141 0.449785 -1.187789
    64 -0.680515 -0.903999 6.074242 -1.517863 -0.180035 0.001781
    65 -0.248295 -0.666843 3.386627 -0.909042 -0.125263 0.055256
    66 0.717491 -3.784309 13.044010 -0.948135 0.193878 -1.414390
    67 -1.099228 -1.407673 8.017876 -1.592877 -0.021730 0.013323
    68 -0.064053 -0.807640 3.686100 -0.650046 -0.005686 -0.007138
    69 4.004906 6.172710 4.754800 0.451826 -1.049921 -2.826306
    70 -0.158381 -1.149773 5.804405 -0.476573 0.137745 0.254875
    71 1.078559 -2.386406 5.215008 -1.307864 0.872408 -0.064318
    72 6.289963 0.932404 13.569109 -0.126801 -0.612098 -2.869612
    73 -1.327759 -0.766682 12.396324 -0.040110 -0.014636 0.347269
    74 0.000017 -54.999996 0.000000 0.000000 0.000000 -1.570796
  time 71
    0 0.000000 0.000000 -1.500000 0.000000 0.000000 0.000000
    1 -10.521344 -5.760963 66.994621 3.097005 -0.050653 -3.139334
    2 -4.972437 1.066575 17.193865 -0.063299 0.556686 0.423407
    3 -0.000034 0.000012 24.761454 -1.036547 -0.120267 -0.290273
    4 0.000017 0.000000 24.344809 1.684885 -0.208619 -0.173182
    5 0.002333 -1.019846 24.031336 0.900390 -0.045574 -0.006205
    6 0.000034 0.000008 13.404741 -0.000001 -0.000009 -0.155988
    7 10.398263 -5.760962 66.994675 3.097005 0.050653 3.139334
    8 -0.578309 -8.968676 18.333025 0.786507 -0.585759 0.355208
    9 -0.000004 -0.000006 24.761459 -1.827493 0.211716 -0.723860
    10 -0.000007 0.000004 24.344891 1.854828 0.080552 -0.124863
    11 -0.002360 -1.019903 24.031330 0.389594 -0.042695 -0.017219
    12 0.000000 -0.000002 13.404737 0.000001 0.000005 -0.382586
    13 -0.061540 -5.245835 72.927078 0.000000 0.000000 0.000000
    14 2.923288 -4.118178 -18.030455 -0.017910 0.038542 0.005282
    15 0.000000 -0.005608 -1.146812 0.218980 0.035789 -0.502571
    16 0.030770 -0.240000 8.906021 -0.004138 0.000000 0.000000
    17 -0.320299 -1.983580 -0.266031 0.303415 -0.039760 -0.038770
    18 0.030770 -0.276858 8.905140 0.056125 0.004134 -0.000049
    19 0.026079 -0.624143 0.014450 0.317417 -0.001213 -0.005586
    20 5.669724 4.435303 14.302868 2.962105 -1.245414 0.565521
    21 -1.044571 -2.839317 19.743267 -0.358362 -0.688353 0.142623
    22 2.655533 -1.533369 24.792658 -0.445470 0.081543 -0.218982
    23 1.120163 -0.154394 9.796035 -0.032340 -0.000117 -0.281015
    24 2.240311 -0.308786 19.592051 -0.221067 -0.125271 -0.530240
    25 0.683151 2.877354 14.167051 -0.279839 -0.137143 1.389009
    26 0.144936 -0.145374 7.579252 -1.684823 -0.244235 0.219710
    27 0.091660 -0.906685 4.702850 -0.783499 -0.123734 0.050791
    28 0.506271 8.500866 13.617253 -0.039234 0.133152 1.331615
    29 -0.384987 -0.460049 7.003448 -1.294829 -0.457277 0.382268
    30 0.561516 -0.596954 5.061852 -1.121869 -0.355832 0.247232
    31 -2.452171 -8.899406 11.597897 -0.636256 -0.355849 1.084234
    32 0.680496 -0.903999 6.074253 -1.291583 0.142911 0.005697
    33 0.245514 -0.661150 3.388004 -0.680560 0.106874 -0.035135
    34 -0.717484 -3.784271 13.043911 -0.751065 -0.180227 1.373367
    35 1.099216 -1.407745 8.017889 -1.428285 0.023381 -0.005978
    36 0.068439 -0.807653 3.686054 -0.803487 0.012268 0.002340
    37 -4.004929 6.172707 4.754754 0.562451 0.993808 2.969839
    38 0.158352 -1.149811 5.804394 -0.275105 -0.200159 0.226274
    39 -1.083523 -1.463142 5.544399 -1.690738 -0.371637 0.255596
    40 -6.289886 0.932434 13.569063 -0.126803 0.612110 2.869610
    41 1.327774 -0.766687 12.396328 -0.014383 0.007122 -0.129771
    42 -0.096140 1.828087 23.185329 0.005364 -0.053970 -1.543137
    43 2.325478 -0.000003 6.169296 -0.691953 0.012740 1.504872
    44 0.000000 -3.152912 0.122169 1.997507 0.000000 0.000000
    45 1.068383 -10.478592 7.066338 0.292219 -1.282324 -3.141588
    46 0.000000 0.000000 2.279457 0.547137 -0.343566 0.107833
    47 2.479414 -8.323895 6.074242 -0.008855 0.007342 1.561876
    48 0.000003 -5.075260 5.105362 0.000000 0.000000 0.000000
    49 -1.068383 -10.478611 7.065971 0.292219 1.282324 3.141588
    50 -0.000488 0.000015 2.279600 0.547136 0.343566 0.107835
    51 -2.479401 -8.323895 6.074234 0.008854 0.007354 1.579716
    52 -5.790000 4.432083 14.255558 -2.991466 1.367178 -0.319448
    53 1.044540 -2.839314 19.743252 -0.535801 0.691450 -0.190701
    54 -2.655510 -1.533379 24.792648 -0.439065 -0.085299 0.639902
    55 -1.120216 -0.154385 9.795983 -0.020187 -0.001013 0.175431
    56 -2.240372 -0.308788 19.592047 -0.253543 0.097527 0.315260
    57 -0.683205 2.877342 14.167089 -0.390958 0.208038 -1.423980
    58 -0.144958 -0.145317 7.579308 -1.564142 0.305875 -0.172119
    59 -0.038551 -0.936644 4.697678 -1.100595 0.217912 -0.106609
    60 -0.506317 8.500896 13.617329 -0.026341 -0.107210 -1.332590
    61 0.385056 -0.460075 7.003435 -1.292592 0.583229 -0.296409
    62 -0.456360 -0.710276 5.057732 -1.327566 0.549218 -0.368768
    63 2.452194 -8.899408 11.597939 -1.022613 0.448832 -1.186002
    64 -0.680515 -0.903999 6.074242 -1.511180 -0.179412 0.001254
    65 -0.248295 -0.666843 3.386627 -0.902256 -0.125035 0.054644
    66 0.717491 -3.784309 13.044010 -0.940612 0.194586 -1.413646
    67 -1.099228 -1.407673 8.017876 -1.584920 -0.021550 0.013120
    68 -0.064053 -0.807640 3.686100 -0.641999 -0.005398 -0.007150
    69 4.004906 6.172710 4.754800 0.451826 -1.049921 -2.826224
    70 -0.158381 -1.149773 5.804405 -0.470783 0.133227 0.252794
    71 1.078559 -2.386406 5.215008 -1.298071 0.869498 -0.059751
    72 6.289963 0.932404 13.569109 -0.126801 -0.612098 -2.869612
    73 -1.327759 -0.766682 12.396324 -0.040361 -0.014684 0.349490
    74 0.000017 -54.999996 0.000000 0.000000 0.000000 -1.570796
  time 72
    0 0.000000 0.000000 -1.500000 0.000000 0.000000 0.000000
    1 -10.521344 -5.760963 66.994621 3.097005 -0.050653 -3.139334
    2 -4.960718 1.164791 17.126592 -0.062275 0.555740 0.426815
    3 -0.000034 0.000012 24.761454 -1.031750 -0.119703 -0.291657
    4 0.000017 0.000000 24.344809 1.683035 -0.207827 -0.172318
    5 0.002333 -1.019846 24.031336 0.897403 -0.045598 -0.006061
    6 0.000034 0.000008 13.404741 -0.000001 -0.000009 -0.156790
    7 10.398263 -5.760962 66.994675 3.097005 0.050653 3.139334
    8 -0.543152 -8.943698 18.265584 0.783521 -0.588869 0.358426
    9 -0.000004 -0.000006 24.761459 -1.823643 0.211285 -0.726552
    10 -0.000007 0.000004 24.344891 1.851794 0.080952 -0.123433
    11 -0.002360 -1.019903 24.031330 0.389594 -0.042695 -0.017219
    12 0.000000 -0.000002 13.404737 0.000001 0.000005 -0.383660
    13 -0.061540 -5.245835 72.927078 0.000000 0.000000 0.000000
    14 2.903756 -4.071596 -17.940330 -0.017078 0.039454 0.003000
    15 0.000000 -0.005608 -1.146812 0.218980 0.035993 -0.503414
    16 0.030770 -0.240000 8.906021 -0.004138 0.000000 0.000000
    17 -0.312486 -1.975767 -0.266031 0.303394 -0.039975 -0.036374
    18 0.030770 -0.276858 8.905140 0.056125 0.004134 -0.000049
    19 0.022173 -0.608518 0.018356 0.313235 -0.003332 -0.005514
    20 5.669724 4.435303 14.302868 2.948611 -1.245026 0.569067
    21 -1.044571 -2.839317 19.743267 -0.351904 -0.695919 0.142228
    22 2.655533 -1.533369 24.792658 -0.444602 0.081466 -0.216717
    23 1.120163 -0.154394 9.796035 -0.032328 -0.000117 -0.280877
    24 2.240311 -0.308786 19.592051 -0.218238 -0.123982 -0.530635
    25 0.683151 2.877354 14.167051 -0.273311 -0.136089 1.388285
    26 0.144936 -0.145374 7.579252 -1.677528 -0.244259 0.218356
    27 0.091660 -0.906685 4.702850 -0.776402 -0.122752 0.049832
    28 0.506271 8.500866 13.617253 -0.033861 0.135174 1.331800
    29 -0.384987 -0.460049 7.003448 -1.287715 -0.456965 0.379620
    30 0.561516 -0.596954 5.061852 -1.115085 -0.354921 0.244824
    31 -2.452171 -8.899406 11.597897 -0.627396 -0.353619 1.082651
    32 0.680496 -0.903999 6.074253 -1.282621 0.142013 0.006080
    33 0.245514 -0.661150 3.388004 -0.671666 0.106539 -0.034524
    34 -0.717484 -3.784271 13.043911 -0.742864 -0.180670 1.372660
    35 1.099216 -1.407745 8.017889 -1.419437 0.023141 -0.005835
    36 0.068439 -0.807653 3.686054 -0.795243 0.011873 0.002388
    37 -4.004929 6.172707 4.754754 0.562451 0.993808 2.969935
    38 0.158352 -1.149811 5.804394 -0.268748 -0.199044 0.227544
    39 -1.083523 -1.463142 5.544399 -1.683623 -0.372523 0.254671
    40 -6.289886 0.932434 13.569063 -0.126803 0.612110 2.869610
    41 1.327774 -0.766687 12.396328 -0.014180 0.007026 -0.127913
    42 -0.096140 1.828087 23.185329 0.007744 -0.071719 -1.545002
    43 2.325478 -0.000003 6.169296 -0.667887 0.017153 1.503634
    44 0.000000 -3.152912 0.122169 1.995587 0.000000 0.000000
    45 1.068383 -10.478592 7.066338 0.292219 -1.282324 -3.141588
    46 0.000000 0.000000 2.279457 0.547137 -0.343566 0.107833
    47 2.479414 -8.323895 6.074242 -0.008855 0.007342 1.561876
    48 0.000003 -5.075260 5.105362 0.000000 0.000000 0.000000
    49 -1.068383 -10.478611 7.065971 0.292219 1.282324 3.141588
    50 -0.000488 0.000015 2.279600 0.547136 0.343566 0.107835
    51 -2.479401 -8.323895 6.074234 0.008854 0.007354 1.579716
    52 -5.790000 4.432083 14.255558 -2.972198 1.362442 -0.315041
    53 1.044540 -2.839314 19.743252 -0.547322 0.676357 -0.188415
    54 -2.655510 -1.533379 24.792648 -0.433479 -0.085221 0.640584
    55 -1.120216 -0.154385 9.795983 -0.020295 -0.001013 0.176220
    56 -2.240372 -0.308788 19.592047 -0.244761 0.093715 0.318697
    57 -0.683205 2.877342 14.167089 -0.381801 0.206884 -1.422325
    58 -0.144958 -0.145317 7.579308 -1.554388 0.305480 -0.169698
    59 -0.038551 -0.936644 4.697678 -1.091177 0.216522 -0.104691
    60 -0.506317 8.500896 13.617329 -0.017592 -0.110427 -1.332680
    61 0.385056 -0.460075 7.003435 -1.281412 0.582008 -0.291034
    62 -0.456360 -0.710276 5.057732 -1.316878 0.547622 -0.363608
    63 2.452194 -8.899408 11.597939 -1.015488 0.447787 -1.184048
    64 -0.680515 -0.903999 6.074242 -1.503904 -0.178729 0.000679
    65 -0.248295 -0.666843 3.386627 -0.894970 -0.124819 0.054009
    66 0.717491 -3.784309 13.044010 -0.932292 0.195353 -1.412840
    67 -1.099228 -1.407673 8.017876 -1.576234 -0.021346 0.012892
    68 -0.064053 -0.807640 3.686100 -0.633333 -0.005074 -0.007174
    69 4.004906 6.172710 4.754800 0.451751 -1.049921 -2.826224
    70 -0.158381 -1.149773 5.804405 -0.464644 0.128682 0.250538
    71 1.078559 -2.386406 5.215008 -1.287178 0.866067 -0.054782
    72 6.289963 0.932404 13.569109 -0.126801 -0.612098 -2.869612
    73 -1.327759 -0.766682 12.396324 -0.040565 -0.014720 0.351155
    74 0.000017 -54.999996 0.000000 0.000000 0.000000 -1.570796
  time 73
    0 0.000000 0.000000 -1.500000 0.000000 0.000000 0.000000
    1 -10.521344 -5.760963 66.994621 3.097005 -0.050653 -3.139334
    2 -4.941186 1.250730 17.059318 -0.060977 0.554682 0.430179
    3 -0.000034 0.000012 24.761454 -1.028254 -0.119308 -0.292960
    4 0.000017 0.000000 24.344809 1.682172 -0.206763 -0.171432
    5 0.002333 -1.019846 24.031336 0.894267 -0.045610 -0.005917
    6 0.000034 0.000008 13.404741 -0.000001 -0.000009 -0.157612
    7 10.398263 -5.760962 66.994675 3.097005 0.050653 3.139334
    8 -0.500182 -8.906230 18.220624 0.781047 -0.592636 0.361479
    9 -0.000004 -0.000006 24.761459 -1.820784 0.210937 -0.729638
    10 -0.000007 0.000004 24.344891 1.849084 0.081596 -0.121920
    11 -0.002360 -1.019903 24.031330 0.389594 -0.042695 -0.017219
    12 0.000000 -0.000002 13.404737 0.000001 0.000005 -0.384948
    13 -0.061540 -5.245835 72.927078 0.000000 0.000000 0.000000
    14 2.876412 -4.013367 -17.872737 -0.016022 0.040142 0.000658
    15 0.000000 -0.005608 -1.146812 0.218980 0.036338 -0.503984
    16 0.030770 -0.240000 8.906021 -0.004138 0.000000 0.000000
    17 -0.312486 -1.979673 -0.262125 0.303731 -0.040051 -0.035535
    18 0.030770 -0.276858 8.905140 0.056125 0.004134 -0.000049
    19 0.022173 -0.600705 0.018356 0.310161 -0.004052 -0.005478
    20 5.669724 4.435303 14.302868 2.934255 -1.246435 0.575104
    21 -1.044571 -2.839317 19.743267 -0.346963 -0.704112 0.142369
    22 2.655533 -1.533369 24.792658 -0.444168 0.081466 -0.215585
    23 1.120163 -0.154394 9.796035 -0.032340 -0.000117 -0.281015
    24 2.240311 -0.308786 19.592051 -0.214931 -0.122463 -0.531624
    25 0.683151 2.877354 14.167051 -0.265905 -0.134890 1.387498
    26 0.144936 -0.145374 7.579252 -1.669257 -0.244283 0.216810
    27 0.091660 -0.906685 4.702850 -0.768435 -0.121625 0.048741
    28 0.506271 8.500866 13.617253 -0.028118 0.137283 1.332015
    29 -0.384987 -0.460049 7.003448 -1.280281 -0.456582 0.376671
    30 0.561516 -0.596954 5.061852 -1.108017 -0.354118 0.242271
    31 -2.452171 -8.899406 11.597897 -0.618283 -0.351288 1.081094
    32 0.680496 -0.903999 6.074253 -1.273381 0.141066 0.006476
    33 0.245514 -0.661150 3.388004 -0.662293 0.106215 -0.033781
    34 -0.717484 -3.784271 13.043911 -0.734045 -0.181150 1.371907
    35 1.099216 -1.407745 8.017889 -1.410667 0.022854 -0.005511
    36 0.068439 -0.807653 3.686054 -0.785897 0.011597 0.002460
    37 -4.004929 6.172707 4.754754 0.562451 0.993808 2.969935
    38 0.158352 -1.149811 5.804394 -0.261459 -0.197664 0.228982
    39 -1.083523 -1.463142 5.544399 -1.675828 -0.373638 0.253594
    40 -6.289886 0.932434 13.569063 -0.126803 0.612110 2.869610
    41 1.327774 -0.766687 12.396328 -0.014036 0.006954 -0.126658
    42 -0.096140 1.828087 23.185329 0.010141 -0.091954 -1.547081
    43 2.325478 -0.000003 6.169296 -0.641337 0.021899 1.505271
    44 0.000000 -3.152912 0.122169 1.994073 0.000000 0.000000
    45 1.068383 -10.478592 7.066338 0.292219 -1.282324 -3.141588
    46 0.000000 0.000000 2.279457 0.547137 -0.343566 0.107833
    47 2.479414 -8.323895 6.074242 -0.008855 0.007342 1.561876
    48 0.000003 -5.075260 5.105362 0.000000 0.000000 0.000000
    49 -1.068383 -10.478611 7.065971 0.292219 1.282324 3.141588
    50 -0.000488 0.000015 2.279600 0.547136 0.343566 0.107835
    51 -2.479401 -8.323895 6.074234 0.008854 0.007354 1.579716
    52 -5.790000 4.432083 14.255558 -2.951589 1.357873 -0.310538
    53 1.044540 -2.839314 19.743252 -0.561570 0.662196 -0.186809
    54 -2.655510 -1.533379 24.792648 -0.428748 -0.085170 0.639751
    55 -1.120216 -0.154385 9.795983 -0.020343 -0.001001 0.176737
    56 -2.240372 -0.308788 19.592047 -0.234222 0.090745 0.321790
    57 -0.683205 2.877342 14.167089 -0.372347 0.205690 -1.420645
    58 -0.144958 -0.145317 7.579308 -1.544525 0.304976 -0.167074
    59 -0.038551 -0.936644 4.697678 -1.081463 0.215299 -0.102678
    60 -0.506317 8.500896 13.617329 -0.008918 -0.113644 -1.332860
    61 0.385056 -0.460075 7.003435 -1.270361 0.580718 -0.285674
    62 -0.456360 -0.710276 5.057732 -1.306141 0.546091 -0.358395
    63 2.452194 -8.899408 11.597939 -1.007447 0.446555 -1.181855
    64 -0.680515 -0.903999 6.074242 -1.495603 -0.177950 0.000031
    65 -0.248295 -0.666843 3.386627 -0.886769 -0.124556 0.053278
    66 0.717491 -3.784309 13.044010 -0.923475 0.196167 -1.411972
    67 -1.099228 -1.407673 8.017876 -1.567044 -0.021154 0.012772
    68 -0.064053 -0.807640 3.686100 -0.624104 -0.004607 -0.007162
    69 4.004906 6.172710 4.754800 0.451826 -1.049921 -2.826224
    70 -0.158381 -1.149773 5.804405 -0.458087 0.123671 0.248106
    71 1.078559 -2.386406 5.215008 -1.275855 0.862575 -0.049667
    72 6.289963 0.932404 13.569109 -0.126801 -0.612098 -2.869612
    73 -1.327759 -0.766682 12.396324 -0.040733 -0.014744 0.352358
    74 0.000017 -54.999996 0.000000 0.000000 0.000000 -1.570796
  time 74
    0 0.000000 0.000000 -1.500000 0.000000 0.000000 0.000000
    1 -10.521344 -5.760963 66.994621 3.097005 -0.050653 -3.139334
    2 -4.913841 1.361223 16.992044 -0.059474 0.553374 0.433281
    3 -0.000034 0.000012 24.761454 -1.025937 -0.119032 -0.294182
    4 0.000017 0.000000 24.344809 1.682357 -0.205518 -0.170503
    5 0.002333 -1.019846 24.031336 0.891019 -0.045634 -0.005761
    6 0.000034 0.000008 13.404741 -0.000001 -0.000009 -0.158477
    7 10.398263 -5.760962 66.994675 3.097005 0.050653 3.139334
    8 -0.449399 -8.843783 18.175663 0.779341 -0.596989 0.364285
    9 -0.000004 -0.000006 24.761459 -1.818804 0.210722 -0.732904
    10 -0.000007 0.000004 24.344891 1.846373 0.082485 -0.120323
    11 -0.002360 -1.019903 24.031330 0.389594 -0.042695 -0.017219
    12 0.000000 -0.000002 13.404737 0.000001 0.000005 -0.386408
    13 -0.061540 -5.245835 72.927078 0.000000 0.000000 0.000000
    14 2.841254 -3.943493 -17.827675 -0.014742 0.040641 -0.001804
    15 0.000000 -0.005608 -1.146812 0.218980 0.036793 -0.504419
    16 0.030770 -0.240000 8.906021 -0.004138 0.000000 0.000000
    17 -0.312486 -1.975767 -0.262125 0.302721 -0.038038 -0.038730
    18 0.030770 -0.276858 8.905140 0.056125 0.004134 -0.000049
    19 0.018266 -0.600705 0.018356 0.308624 -0.004443 -0.005886
    20 5.669724 4.435303 14.302868 2.917219 -1.251051 0.585167
    21 -1.044571 -2.839317 19.743267 -0.339429 -0.714758 0.142002
    22 2.655533 -1.533369 24.792658 -0.444342 0.081466 -0.217284
    23 1.120163 -0.154394 9.796035 -0.032376 -0.000129 -0.281291
    24 2.240311 -0.308786 19.592051 -0.211231 -0.120667 -0.533048
    25 0.683151 2.877354 14.167051 -0.259816 -0.133919 1.386761
    26 0.144936 -0.145374 7.579252 -1.662427 -0.244283 0.215527
    27 0.091660 -0.906685 4.702850 -0.761842 -0.120666 0.047855
    28 0.506271 8.500866 13.617253 -0.023795 0.138755 1.332108
    29 -0.384987 -0.460049 7.003448 -1.274519 -0.456378 0.374670
    30 0.561516 -0.596954 5.061852 -1.102590 -0.353207 0.240341
    31 -2.452171 -8.899406 11.597897 -0.611043 -0.348580 1.079590
    32 0.680496 -0.903999 6.074253 -1.266085 0.140323 0.006776
    33 0.245514 -0.661150 3.388004 -0.654890 0.105963 -0.033241
    34 -0.717484 -3.784271 13.043911 -0.726901 -0.181330 1.371277
    35 1.099216 -1.407745 8.017889 -1.403371 0.022626 -0.005295
    36 0.068439 -0.807653 3.686054 -0.778612 0.011322 0.002496
    37 -4.004929 6.172707 4.754754 0.562451 0.993808 2.969839
    38 0.158352 -1.149811 5.804394 -0.255780 -0.196695 0.230121
    39 -1.083523 -1.463142 5.544399 -1.669131 -0.375052 0.252502
    40 -6.289886 0.932434 13.569063 -0.126803 0.612110 2.869610
    41 1.327774 -0.766687 12.396328 -0.014012 0.006942 -0.126457
    42 -0.096140 1.828087 23.185329 0.012555 -0.118085 -1.549282
    43 2.325478 -0.000003 6.169296 -0.606909 0.028121 1.513692
    44 0.000000 -3.152912 0.122169 1.992641 0.000000 0.000000
    45 1.068383 -10.478592 7.066338 0.292219 -1.282324 -3.141588
    46 0.000000 0.000000 2.279457 0.547137 -0.343566 0.107833
    47 2.479414 -8.323895 6.074242 -0.008855 0.007342 1.561876
    48 0.000003 -5.075260 5.105362 0.000000 0.000000 0.000000
    49 -1.068383 -10.478611 7.065971 0.292219 1.282324 3.141588
    50 -0.000488 0.000015 2.279600 0.547136 0.343566 0.107835
    51 -2.479401 -8.323895 6.074234 0.008854 0.007354 1.579716
    52 -5.790000 4.432083 14.255558 -2.930692 1.353761 -0.306034
    53 1.044540 -2.839314 19.743252 -0.579046 0.648544 -0.185720
    54 -2.655510 -1.533379 24.792648 -0.436952 -0.085377 0.633087
    55 -1.120216 -0.154385 9.795983 -0.020367 -0.000989 0.176927
    56 -2.240372 -0.308788 19.592047 -0.222538 0.088517 0.324368
    57 -0.683205 2.877342 14.167089 -0.362893 0.204497 -1.419017
    58 -0.144958 -0.145317 7.579308 -1.534662 0.304605 -0.164976
    59 -0.038551 -0.936644 4.697678 -1.071995 0.213550 -0.100844
    60 -0.506317 8.500896 13.617329 -0.000395 -0.116731 -1.332995
    61 0.385056 -0.460075 7.003435 -1.259742 0.579463 -0.280498
    62 -0.456360 -0.710276 5.057732 -1.295745 0.544560 -0.353357
    63 2.452194 -8.899408 11.597939 -0.998570 0.445231 -1.179448
    64 -0.680515 -0.903999 6.074242 -1.486764 -0.177087 -0.000748
    65 -0.248295 -0.666843 3.386627 -0.877652 -0.124328 0.052475
    66 0.717491 -3.784309 13.044010 -0.914358 0.197006 -1.411054
    67 -1.099228 -1.407673 8.017876 -1.557461 -0.020915 0.012424
    68 -0.064053 -0.807640 3.686100 -0.614594 -0.004391 -0.007186
    69 4.004906 6.172710 4.754800 0.451826 -1.049921 -2.826224
    70 -0.158381 -1.149773 5.804405 -0.451180 0.118660 0.245527
    71 1.078559 -2.386406 5.215008 -1.264437 0.858807 -0.044551
    72 6.289963 0.932404 13.569109 -0.126801 -0.612098 -2.869612
    73 -1.327759 -0.766682 12.396324 -0.040637 -0.014732 0.351618
    74 0.000017 -54.999996 0.000000 0.000000 0.000000 -1.570796
  time 75
    0 0.000000 0.000000 -1.500000 0.000000 0.000000 0.000000
    1 -10.521344 -5.760963 66.994621 3.097005 -0.050653 -3.139334
    2 -4.878684 1.459439 16.969620 -0.057834 0.551982 0.436121
    3 -0.000034 0.000012 24.761454 -1.024515 -0.118864 -0.295118
    4 0.000017 0.000000 24.344809 1.683097 -0.204092 -0.169574
    5 0.002333 -1.019846 24.031336 0.887696 -0.045646 -0.005630
    6 0.000034 0.000008 13.404741 -0.000001 -0.000009 -0.159321
    7 10.398263 -5.760962 66.994675 3.097005 0.050653 3.139334
    8 -0.382991 -8.793825 18.153183 0.777976 -0.601708 0.366843
    9 -0.000004 -0.000006 24.761459 -1.817264 0.210542 -0.736169
    10 -0.000007 0.000004 24.344891 1.843662 0.083485 -0.118641
    11 -0.002360 -1.019903 24.031330 0.389594 -0.042695 -0.017219
    12 0.000000 -0.000002 13.404737 0.000001 0.000005 -0.387975
    13 -0.061540 -5.245835 72.927078 0.000000 0.000000 0.000000
    14 2.794378 -3.873619 -17.805144 -0.013238 0.040882 -0.004086
    15 0.000000 -0.005608 -1.146812 0.218980 0.037342 -0.504636
    16 0.030770 -0.240000 8.906021 -0.004138 0.000000 0.000000
    17 -0.292954 -1.952329 -0.258219 0.298891 -0.032594 -0.047315
    18 0.030770 -0.276858 8.905140 0.056125 0.004134 -0.000049
    19 0.006547 -0.600705 0.018356 0.308767 -0.005348 -0.006976
    20 5.669724 4.435303 14.302868 2.897695 -1.258380 0.599159
    21 -1.044571 -2.839317 19.743267 -0.326319 -0.727543 0.140254
    22 2.655533 -1.533369 24.792658 -0.445036 0.081658 -0.221893
    23 1.120163 -0.154394 9.796035 -0.032424 -0.000129 -0.281774
    24 2.240311 -0.308786 19.592051 -0.207141 -0.118549 -0.534947
    25 0.683151 2.877354 14.167051 -0.256854 -0.133512 1.386212
    26 0.144936 -0.145374 7.579252 -1.658942 -0.244283 0.214868
    27 0.091660 -0.906685 4.702850 -0.758454 -0.120199 0.047411
    28 0.506271 8.500866 13.617253 -0.022189 0.139018 1.331984
    29 -0.384987 -0.460049 7.003448 -1.271958 -0.456258 0.373675
    30 0.561516 -0.596954 5.061852 -1.100055 -0.352872 0.239454
    31 -2.452171 -8.899406 11.597897 -0.607398 -0.345254 1.078275
    32 0.680496 -0.903999 6.074253 -1.262595 0.139963 0.006895
    33 0.245514 -0.661150 3.388004 -0.651375 0.105832 -0.032990
    34 -0.717484 -3.784271 13.043911 -0.723374 -0.180958 1.370893
    35 1.099216 -1.407745 8.017889 -1.399724 0.022506 -0.005199
    36 0.068439 -0.807653 3.686054 -0.774916 0.011202 0.002520
    37 -4.004929 6.172707 4.754754 0.562451 0.993808 2.969935
    38 0.158352 -1.149811 5.804394 -0.252856 -0.196329 0.230708
    39 -1.083523 -1.463142 5.544399 -1.665835 -0.376946 0.251577
    40 -6.289886 0.932434 13.569063 -0.126803 0.612110 2.869610
    41 1.327774 -0.766687 12.396328 -0.014096 0.006978 -0.127210
    42 -0.096140 1.828087 23.185329 0.014935 -0.151991 -1.551575
    43 2.325478 -0.000003 6.169296 -0.558634 0.035775 1.531054
    44 0.000000 -3.152912 0.122169 1.991355 0.000000 0.000000
    45 1.068383 -10.478592 7.066338 0.292219 -1.282324 -3.141588
    46 0.000000 0.000000 2.279457 0.547137 -0.343566 0.107833
    47 2.479414 -8.323895 6.074242 -0.008855 0.007342 1.561876
    48 0.000003 -5.075260 5.105362 0.000000 0.000000 0.000000
    49 -1.068383 -10.478611 7.065971 0.292219 1.282324 3.141588
    50 -0.000488 0.000015 2.279600 0.547136 0.343566 0.107835
    51 -2.479401 -8.323895 6.074234 0.008854 0.007354 1.579716
    52 -5.790000 4.432083 14.255558 -2.910370 1.349981 -0.301914
    53 1.044540 -2.839314 19.743252 -0.597190 0.637097 -0.185312
    54 -2.655510 -1.533379 24.792648 -0.458692 -0.085946 0.618092
    55 -1.120216 -0.154385 9.795983 -0.020343 -0.000989 0.176764
    56 -2.240372 -0.308788 19.592047 -0.209861 0.087032 0.326430
    57 -0.683205 2.877342 14.167089 -0.353686 0.203303 -1.417375
    58 -0.144958 -0.145317 7.579308 -1.524963 0.304102 -0.162460
    59 -0.038551 -0.936644 4.697678 -1.062823 0.212303 -0.098986
    60 -0.506317 8.500896 13.617329 0.007977 -0.119818 -1.333129
    61 0.385056 -0.460075 7.003435 -1.249555 0.578173 -0.275552
    62 -0.456360 -0.710276 5.057732 -1.285737 0.543029 -0.348548
    63 2.452194 -8.899408 11.597939 -0.989296 0.443813 -1.177017
    64 -0.680515 -0.903999 6.074242 -1.477170 -0.176176 -0.001407
    65 -0.248295 -0.666843 3.386627 -0.868285 -0.123993 0.051564
    66 0.717491 -3.784309 13.044010 -0.904892 0.197857 -1.410112
    67 -1.099228 -1.407673 8.017876 -1.547991 -0.020687 0.012137
    68 -0.064053 -0.807640 3.686100 -0.604859 -0.004092 -0.007210
    69 4.004906 6.172710 4.754800 0.451977 -1.049921 -2.826224
    70 -0.158381 -1.149773 5.804405 -0.444274 0.113458 0.242948
    71 1.078559 -2.386406 5.215008 -1.253018 0.855070 -0.039400
    72 6.289963 0.932404 13.569109 -0.126801 -0.612098 -2.869612
    73 -1.327759 -0.766682 12.396324 -0.040134 -0.014636 0.347547
    74 0.000017 -54.999996 0.000000 0.000000 0.000000 -1.570796
  time 76
    0 0.000000 0.000000 -1.500000 0.000000 0.000000 0.000000
    1 -10.521344 -5.760963 66.994621 3.097005 -0.050653 -3.139334
    2 -4.835714 1.569931 16.969620 -0.056058 0.550340 0.438742
    3 -0.000034 0.000012 24.761454 -1.023945 -0.118793 -0.295770
    4 0.000017 0.000000 24.344809 1.684453 -0.202530 -0.168580
    5 0.002333 -1.019846 24.031336 0.884448 -0.045670 -0.005474
    6 0.000034 0.000008 13.404741 -0.000001 -0.000009 -0.160038
    7 10.398263 -5.760962 66.994675 3.097005 0.050653 3.139334
    8 -0.316582 -8.718889 18.153183 0.777123 -0.606683 0.368988
    9 -0.000004 -0.000006 24.761459 -1.816109 0.210410 -0.739435
    10 -0.000007 0.000004 24.344891 1.840952 0.084596 -0.116897
    11 -0.002360 -1.019903 24.031330 0.389594 -0.042695 -0.017219
    12 0.000000 -0.000002 13.404737 0.000001 0.000005 -0.389607
    13 -0.061540 -5.245835 72.927078 0.000000 0.000000 0.000000
    14 2.739689 -3.803745 -17.737550 -0.011573 0.040882 -0.006609
    15 0.000000 -0.005608 -1.146812 0.219012 0.038032 -0.504582
    16 0.030770 -0.240000 8.906021 -0.004138 0.000000 0.000000
    17 -0.273423 -1.909359 -0.246500 0.292620 -0.024681 -0.060014
    18 0.030770 -0.276858 8.905140 0.056125 0.004134 -0.000049
    19 0.002641 -0.612424 0.018356 0.310554 -0.006541 -0.008606
    20 5.669724 4.435303 14.302868 2.875683 -1.267893 0.616600
    21 -1.044571 -2.839317 19.743267 -0.307240 -0.742154 0.136588
    22 2.655533 -1.533369 24.792658 -0.446251 0.081927 -0.228525
    23 1.120163 -0.154394 9.796035 -0.032483 -0.000141 -0.282360
    24 2.240311 -0.308786 19.592051 -0.202528 -0.116108 -0.537242
    25 0.683151 2.877354 14.167051 -0.256744 -0.133572 1.385787
    26 0.144936 -0.145374 7.579252 -1.658338 -0.244283 0.214772
    27 0.091660 -0.906685 4.702850 -0.757904 -0.120115 0.047327
    28 0.506271 8.500866 13.617253 -0.022745 0.138337 1.331707
    29 -0.384987 -0.460049 7.003448 -1.271958 -0.456258 0.373687
    30 0.561516 -0.596954 5.061852 -1.100127 -0.352884 0.239478
    31 -2.452171 -8.899406 11.597897 -0.607094 -0.341490 1.077174
    32 0.680496 -0.903999 6.074253 -1.262476 0.139939 0.006907
    33 0.245514 -0.661150 3.388004 -0.651322 0.105832 -0.032978
    34 -0.717484 -3.784271 13.043911 -0.722845 -0.180143 1.370693
    35 1.099216 -1.407745 8.017889 -1.399258 0.022494 -0.005187
    36 0.068439 -0.807653 3.686054 -0.774454 0.011178 0.002520
    37 -4.004929 6.172707 4.754754 0.562451 0.993808 2.969935
    38 0.158352 -1.149811 5.804394 -0.252602 -0.196138 0.230768
    39 -1.083523 -1.463142 5.544399 -1.665521 -0.379630 0.250735
    40 -6.289886 0.932434 13.569063 -0.126803 0.612110 2.869610
    41 1.327774 -0.766687 12.396328 -0.014228 0.007050 -0.128365
    42 -0.096140 1.828087 23.185329 0.017349 -0.191474 -1.553990
    43 2.325478 -0.000003 6.169296 -0.497848 0.043313 1.555441
    44 0.000000 -3.152912 0.122169 1.990200 0.000000 0.000000
    45 1.068383 -10.478592 7.066338 0.292219 -1.282324 -3.141588
    46 0.000000 0.000000 2.279457 0.547137 -0.343566 0.107833
    47 2.479414 -8.323895 6.074242 -0.008855 0.007342 1.561876
    48 0.000003 -5.075260 5.105362 0.000000 0.000000 0.000000
    49 -1.068383 -10.478611 7.065971 0.292219 1.282324 3.141588
    50 -0.000488 0.000015 2.279600 0.547136 0.343566 0.107835
    51 -2.479401 -8.323895 6.074234 0.008854 0.007354 1.579716
    52 -5.790000 4.432083 14.255558 -2.891774 1.346741 -0.298177
    53 1.044540 -2.839314 19.743252 -0.612941 0.629635 -0.185557
    54 -2.655510 -1.533379 24.792648 -0.476658 -0.086555 0.598175
    55 -1.120216 -0.154385 9.795983 -0.020283 -0.001001 0.176329
    56 -2.240372 -0.308788 19.592047 -0.196726 0.086339 0.327890
    57 -0.683205 2.877342 14.167089 -0.344727 0.202149 -1.415811
    58 -0.144958 -0.145317 7.579308 -1.515917 0.303658 -0.160230
    59 -0.038551 -0.936644 4.697678 -1.053947 0.210949 -0.097237
    60 -0.506317 8.500896 13.617329 0.015972 -0.122750 -1.333354
    61 0.385056 -0.460075 7.003435 -1.239929 0.576917 -0.270897
    62 -0.456360 -0.710276 5.057732 -1.276361 0.541542 -0.344072
    63 2.452194 -8.899408 11.597939 -0.979305 0.442257 -1.174228
    64 -0.680515 -0.903999 6.074242 -1.467523 -0.175229 -0.002186
    65 -0.248295 -0.666843 3.386627 -0.858418 -0.123645 0.050809
    66 0.717491 -3.784309 13.044010 -0.895477 0.198708 -1.409132
    67 -1.099228 -1.407673 8.017876 -1.538408 -0.020447 0.011909
    68 -0.064053 -0.807640 3.686100 -0.595349 -0.003720 -0.007210
    69 4.004906 6.172710 4.754800 0.452203 -1.049900 -2.826306
    70 -0.158381 -1.149773 5.804405 -0.437612 0.108337 0.240340
    71 1.078559 -2.386406 5.215008 -1.241314 0.851363 -0.034212
    72 6.289963 0.932404 13.569109 -0.126801 -0.612098 -2.869612
    73 -1.327759 -0.766682 12.396324 -0.039271 -0.014468 0.340376
    74 0.000017 -54.999996 0.000000 0.000000 0.000000 -1.570796
  time 77
    0 0.000000 0.000000 -1.500000 0.000000 0.000000 0.000000
    1 -10.521344 -5.760963 66.994621 3.097005 -0.050653 -3.139334
    2 -4.788837 1.680424 16.924771 -0.054281 0.548586 0.440795
    3 -0.000034 0.000012 24.761454 -1.024271 -0.118828 -0.296055
    4 0.000017 0.000000 24.344809 1.686179 -0.200810 -0.167608
    5 0.002333 -1.019846 24.031336 0.881275 -0.045682 -0.005330
    6 0.000034 0.000008 13.404741 -0.000001 -0.000009 -0.160692
    7 10.398263 -5.760962 66.994675 3.097005 0.050653 3.139334
    8 -0.246268 -8.643953 18.130703 0.776782 -0.611804 0.370886
    9 -0.000004 -0.000006 24.761459 -1.815174 0.210278 -0.742593
    10 -0.000007 0.000004 24.344891 1.837918 0.085796 -0.115131
    11 -0.002360 -1.019903 24.031330 0.389594 -0.042695 -0.017219
    12 0.000000 -0.000002 13.404737 0.000001 0.000005 -0.391260
    13 -0.061540 -5.245835 72.927078 0.000000 0.000000 0.000000
    14 2.685000 -3.722225 -17.737550 -0.009845 0.040452 -0.009011
    15 0.000000 -0.005608 -1.146812 0.219012 0.038832 -0.504256
    16 0.030770 -0.240000 8.906021 -0.004138 0.000000 0.000000
    17 -0.249984 -1.858576 -0.230874 0.283340 -0.015236 -0.075548
    18 0.030770 -0.276858 8.905140 0.056125 0.004134 -0.000049
    19 -0.009078 -0.631956 0.014450 0.318275 -0.007693 -0.010608
    20 5.669724 4.435303 14.302868 2.851469 -1.279098 0.637779
    21 -1.044571 -2.839317 19.743267 -0.285617 -0.759010 0.131878
    22 2.655533 -1.533369 24.792658 -0.447553 0.082273 -0.238796
    23 1.120163 -0.154394 9.796035 -0.032579 -0.000153 -0.283188
    24 2.240311 -0.308786 19.592051 -0.197567 -0.113530 -0.540012
    25 0.683151 2.877354 14.167051 -0.258719 -0.134015 1.385525
    26 0.144936 -0.145374 7.579252 -1.660243 -0.244283 0.215120
    27 0.091660 -0.906685 4.702850 -0.759644 -0.120379 0.047579
    28 0.506271 8.500866 13.617253 -0.025030 0.136865 1.331276
    29 -0.384987 -0.460049 7.003448 -1.274199 -0.456366 0.374526
    30 0.561516 -0.596954 5.061852 -1.102269 -0.353171 0.240233
    31 -2.452171 -8.899406 11.597897 -0.609676 -0.337407 1.076315
    32 0.680496 -0.903999 6.074253 -1.265173 0.140239 0.006800
    33 0.245514 -0.661150 3.388004 -0.654038 0.105927 -0.033169
    34 -0.717484 -3.784271 13.043911 -0.724961 -0.178969 1.370693
    35 1.099216 -1.407745 8.017889 -1.401470 0.022578 -0.005247
    36 0.068439 -0.807653 3.686054 -0.776693 0.011262 0.002508
    37 -4.004929 6.172707 4.754754 0.562541 0.993773 2.969935
    38 0.158352 -1.149811 5.804394 -0.254763 -0.196637 0.230349
    39 -1.083523 -1.463142 5.544399 -1.667300 -0.382483 0.250003
    40 -6.289886 0.932434 13.569063 -0.126803 0.612110 2.869610
    41 1.327774 -0.766687 12.396328 -0.014491 0.007158 -0.130725
    42 -0.096140 1.828087 23.185329 0.019729 -0.234207 -1.556650
    43 2.325478 -0.000003 6.169296 -0.432812 0.049043 1.585016
    44 0.000000 -3.152912 0.122169 1.989142 0.000000 0.000000
    45 1.068383 -10.478592 7.066338 0.292219 -1.282324 -3.141588
    46 0.000000 0.000000 2.279457 0.547137 -0.343566 0.107833
    47 2.479414 -8.323895 6.074242 -0.008855 0.007342 1.561876
    48 0.000003 -5.075260 5.105362 0.000000 0.000000 0.000000
    49 -1.068383 -10.478611 7.065971 0.292219 1.282324 3.141588
    50 -0.000488 0.000015 2.279600 0.547136 0.343566 0.107835
    51 -2.479401 -8.323895 6.074234 0.008854 0.007354 1.579716
    52 -5.790000 4.432083 14.255558 -2.875574 1.344041 -0.294920
    53 1.044540 -2.839314 19.743252 -0.628413 0.625438 -0.186918
    54 -2.655510 -1.533379 24.792648 -0.487025 -0.086969 0.578637
    55 -1.120216 -0.154385 9.795983 -0.020199 -0.001013 0.175594
    56 -2.240372 -0.308788 19.592047 -0.183362 0.086438 0.328835
    57 -0.683205 2.877342 14.167089 -0.336164 0.201014 -1.414323
    58 -0.144958 -0.145317 7.579308 -1.507525 0.303191 -0.158133
    59 -0.038551 -0.936644 4.697678 -1.045367 0.209667 -0.095547
    60 -0.506317 8.500896 13.617329 0.023363 -0.125448 -1.333534
    61 0.385056 -0.460075 7.003435 -1.231123 0.575748 -0.266640
    62 -0.456360 -0.710276 5.057732 -1.267762 0.540140 -0.339930
    63 2.452194 -8.899408 11.597939 -0.969314 0.440654 -1.171583
    64 -0.680515 -0.903999 6.074242 -1.457767 -0.174294 -0.002857
    65 -0.248295 -0.666843 3.386627 -0.848427 -0.123226 0.049958
    66 0.717491 -3.784309 13.044010 -0.886161 0.199535 -1.408177
    67 -1.099228 -1.407673 8.017876 -1.529218 -0.020243 0.011729
    68 -0.064053 -0.807640 3.686100 -0.585839 -0.003325 -0.007222
    69 4.004906 6.172710 4.754800 0.452730 -1.049817 -2.826306
    70 -0.158381 -1.149773 5.804405 -0.430915 0.103381 0.237732
    71 1.078559 -2.386406 5.215008 -1.230230 0.847626 -0.029352
    72 6.289963 0.932404 13.569109 -0.126801 -0.612098 -2.869612
    73 -1.327759 -0.766682 12.396324 -0.038324 -0.014300 0.332742
    74 0.000017 -54.999996 0.000000 0.000000 0.000000 -1.570796
  time 78
    0 0.000000 0.000000 -1.500000 0.000000 0.000000 0.000000
    1 -10.521344 -5.760963 66.994621 3.097005 -0.050653 -3.139334
    2 -4.734148 1.790917 16.924771 -0.052437 0.546693 0.442325
    3 -0.000034 0.000012 24.761454 -1.025490 -0.118984 -0.295892
    4 0.000017 0.000000 24.344809 1.688460 -0.198999 -0.166614
    5 0.002333 -1.019846 24.031336 0.878400 -0.045682 -0.005198
    6 0.000034 0.000008 13.404741 -0.000001 -0.000009 -0.161135
    7 10.398263 -5.760962 66.994675 3.097005 0.050653 3.139334
    8 -0.175953 -8.569017 18.130703 0.776782 -0.617035 0.372454
    9 -0.000004 -0.000006 24.761459 -1.814349 0.210194 -0.745644
    10 -0.000007 0.000004 24.344891 1.834756 0.086974 -0.113386
    11 -0.002360 -1.019903 24.031330 0.389594 -0.042695 -0.017219
    12 0.000000 -0.000002 13.404737 0.000001 0.000005 -0.392999
    13 -0.061540 -5.245835 72.927078 0.000000 0.000000 0.000000
    14 2.618591 -3.640705 -17.715019 -0.008053 0.039505 -0.011353
    15 0.000000 -0.005608 -1.146812 0.219012 0.039695 -0.503631
    16 0.030770 -0.240000 8.906021 -0.004138 0.000000 0.000000
    17 -0.218733 -1.796074 -0.207436 0.270903 -0.005183 -0.092480
    18 0.030770 -0.276858 8.905140 0.056125 0.004134 -0.000049
    19 -0.016891 -0.682739 -0.001176 0.334611 -0.008557 -0.012825
    20 5.669724 4.435303 14.302868 2.824863 -1.291430 0.662409
    21 -1.044571 -2.839317 19.743267 -0.265706 -0.777535 0.127366
    22 2.655533 -1.533369 24.792658 -0.448855 0.082811 -0.253838
    23 1.120163 -0.154394 9.796035 -0.032687 -0.000177 -0.284154
    24 2.240311 -0.308786 19.592051 -0.192214 -0.110537 -0.543058
    25 0.683151 2.877354 14.167051 -0.262613 -0.134782 1.385350
    26 0.144936 -0.145374 7.579252 -1.664053 -0.244283 0.215827
    27 0.091660 -0.906685 4.702850 -0.763399 -0.120894 0.048058
    28 0.506271 8.500866 13.617253 -0.028673 0.134778 1.330690
    29 -0.384987 -0.460049 7.003448 -1.278147 -0.456510 0.375916
    30 0.561516 -0.596954 5.061852 -1.106017 -0.353807 0.241576
    31 -2.452171 -8.899406 11.597897 -0.614435 -0.333144 1.075617
    32 0.680496 -0.903999 6.074253 -1.270328 0.140742 0.006596
    33 0.245514 -0.661150 3.388004 -0.659204 0.106107 -0.033565
    34 -0.717484 -3.784271 13.043911 -0.729238 -0.177495 1.370847
    35 1.099216 -1.407745 8.017889 -1.405971 0.022710 -0.005367
    36 0.068439 -0.807653 3.686054 -0.781206 0.011417 0.002484
    37 -4.004929 6.172707 4.754754 0.562901 0.993720 2.969839
    38 0.158352 -1.149811 5.804394 -0.258620 -0.197312 0.229570
    39 -1.083523 -1.463142 5.544399 -1.671224 -0.385718 0.249340
    40 -6.289886 0.932434 13.569063 -0.126803 0.612110 2.869610
    41 1.327774 -0.766687 12.396328 -0.014995 0.007350 -0.135245
    42 -0.096140 1.828087 23.185329 0.021972 -0.277928 -1.559585
    43 2.325478 -0.000003 6.169296 -0.370354 0.052197 1.617505
    44 0.000000 -3.152912 0.122169 1.988182 0.000000 0.000000
    45 1.068383 -10.478592 7.066338 0.292219 -1.282324 -3.141588
    46 0.000000 0.000000 2.279457 0.547137 -0.343566 0.107833
    47 2.479414 -8.323895 6.074242 -0.008855 0.007342 1.561876
    48 0.000003 -5.075260 5.105362 0.000000 0.000000 0.000000
    49 -1.068383 -10.478611 7.065971 0.292219 1.282324 3.141588
    50 -0.000488 0.000015 2.279600 0.547136 0.343566 0.107835
    51 -2.479401 -8.323895 6.074234 0.008854 0.007354 1.579716
    52 -5.790000 4.432083 14.255558 -2.862537 1.342006 -0.292620
    53 1.044540 -2.839314 19.743252 -0.644609 0.623869 -0.189313
    54 -2.655510 -1.533379 24.792648 -0.496134 -0.087292 0.562431
    55 -1.120216 -0.154385 9.795983 -0.020091 -0.001001 0.174669
    56 -2.240372 -0.308788 19.592047 -0.170074 0.087527 0.329351
    57 -0.683205 2.877342 14.167089 -0.331561 0.200477 -1.413207
    58 -0.144958 -0.145317 7.579308 -1.502839 0.302951 -0.157031
    59 -0.038551 -0.936644 4.697678 -1.041324 0.208983 -0.094744
    60 -0.506317 8.500896 13.617329 0.026908 -0.126616 -1.333399
    61 0.385056 -0.460075 7.003435 -1.227281 0.575163 -0.264680
    62 -0.456360 -0.710276 5.057732 -1.263827 0.539623 -0.338017
    63 2.452194 -8.899408 11.597939 -0.962547 0.438516 -1.168890
    64 -0.680515 -0.903999 6.074242 -1.451084 -0.173623 -0.003360
    65 -0.248295 -0.666843 3.386627 -0.842099 -0.123022 0.049407
    66 0.717491 -3.784309 13.044010 -0.880432 0.199823 -1.407408
    67 -1.099228 -1.407673 8.017876 -1.523334 -0.020112 0.011574
    68 -0.064053 -0.807640 3.686100 -0.580550 -0.003157 -0.007222
    69 4.004906 6.172710 4.754800 0.450396 -1.049754 -2.826470
    70 -0.158381 -1.149773 5.804405 -0.427218 0.100506 0.235769
    71 1.078559 -2.386406 5.215008 -1.223207 0.845819 -0.025808
    72 6.289963 0.932404 13.569109 -0.126801 -0.612098 -2.869612
    73 -1.327759 -0.766682 12.396324 -0.037593 -0.014156 0.326681
    74 0.000017 -54.999996 0.000000 0.000000 0.000000 -1.570796
  time 79
    0 0.000000 0.000000 -1.500000 0.000000 0.000000 0.000000
    1 -10.521344 -5.760963 66.994621 3.097005 -0.050653 -3.139334
    2 -4.675553 1.901410 16.902346 -0.050660 0.544773 0.443329
    3 -0.000034 0.000012 24.761454 -1.027685 -0.119248 -0.295281
    4 0.000017 0.000000 24.344809 1.690988 -0.197052 -0.165641
    5 0.002333 -1.019846 24.031336 0.875674 -0.045694 -0.005078
    6 0.000034 0.000008 13.404741 -0.000001 -0.000009 -0.161430
    7 10.398263 -5.760962 66.994675 3.097005 0.050653 3.139334
    8 -0.109545 -8.481591 18.130703 0.777123 -0.622120 0.373609
    9 -0.000004 -0.000006 24.761459 -1.813689 0.210110 -0.748443
    10 -0.000007 0.000004 24.344891 1.831529 0.088173 -0.111642
    11 -0.002360 -1.019903 24.031330 0.389594 -0.042695 -0.017219
    12 0.000000 -0.000002 13.404737 0.000001 0.000005 -0.394738
    13 -0.061540 -5.245835 72.927078 0.000000 0.000000 0.000000
    14 2.548277 -3.559185 -17.715019 -0.006197 0.038095 -0.013515
    15 0.000000 -0.005608 -1.146812 0.219012 0.040683 -0.502680
    16 0.030770 -0.240000 8.906021 -0.004138 0.000000 0.000000
    17 -0.187482 -1.725759 -0.180091 0.256277 0.004666 -0.109652
    18 0.030770 -0.276858 8.905140 0.056125 0.004134 -0.000049
    19 -0.028610 -0.741334 -0.005082 0.356880 -0.008907 -0.015018
    20 5.669724 4.435303 14.302868 2.796056 -1.304361 0.690200
    21 -1.044571 -2.839317 19.743267 -0.247850 -0.797261 0.123136
    22 2.655533 -1.533369 24.792658 -0.449853 0.083234 -0.270659
    23 1.120163 -0.154394 9.796035 -0.032807 -0.000189 -0.285223
    24 2.240311 -0.308786 19.592051 -0.186470 -0.107314 -0.546539
    25 0.683151 2.877354 14.167051 -0.267880 -0.135777 1.385300
    26 0.144936 -0.145374 7.579252 -1.669350 -0.244283 0.216834
    27 0.091660 -0.906685 4.702850 -0.768573 -0.121625 0.048753
    28 0.506271 8.500866 13.617253 -0.033367 0.132295 1.330074
    29 -0.384987 -0.460049 7.003448 -1.283340 -0.456773 0.377978
    30 0.561516 -0.596954 5.061852 -1.110980 -0.354370 0.243325
    31 -2.452171 -8.899406 11.597897 -0.621169 -0.328862 1.075107
    32 0.680496 -0.903999 6.074253 -1.277347 0.141461 0.006296
    33 0.245514 -0.661150 3.388004 -0.666287 0.106383 -0.034068
    34 -0.717484 -3.784271 13.043911 -0.735191 -0.175817 1.371139
    35 1.099216 -1.407745 8.017889 -1.412142 0.022914 -0.005619
    36 0.068439 -0.807653 3.686054 -0.787602 0.011585 0.002436
    37 -4.004929 6.172707 4.754754 0.563352 0.993597 2.969744
    38 0.158352 -1.149811 5.804394 -0.263832 -0.198207 0.228515
    39 -1.083523 -1.463142 5.544399 -1.676560 -0.389134 0.248773
    40 -6.289886 0.932434 13.569063 -0.126803 0.612110 2.869610
    41 1.327774 -0.766687 12.396328 -0.015606 0.007589 -0.140467
    42 -0.096140 1.828087 23.185329 0.024163 -0.320342 -1.562703
    43 2.325478 -0.000003 6.169296 -0.313293 0.052776 1.650673
    44 0.000000 -3.152912 0.122169 1.987319 0.000000 0.000000
    45 1.068383 -10.478592 7.066338 0.292219 -1.282324 -3.141588
    46 0.000000 0.000000 2.279457 0.547137 -0.343566 0.107833
    47 2.479414 -8.323895 6.074242 -0.008855 0.007342 1.561876
    48 0.000003 -5.075260 5.105362 0.000000 0.000000 0.000000
    49 -1.068383 -10.478611 7.065971 0.292219 1.282324 3.141588
    50 -0.000488 0.000015 2.279600 0.547136 0.343566 0.107835
    51 -2.479401 -8.323895 6.074234 0.008854 0.007354 1.579716
    52 -5.790000 4.432083 14.255558 -2.852088 1.340760 -0.290321
    53 1.044540 -2.839314 19.743252 -0.660694 0.624166 -0.192388
    54 -2.655510 -1.533379 24.792648 -0.502928 -0.087538 0.549329
    55 -1.120216 -0.154385 9.795983 -0.019959 -0.001025 0.173554
    56 -2.240372 -0.308788 19.592047 -0.157550 0.089458 0.329007
    57 -0.683205 2.877342 14.167089 -0.333442 0.201034 -1.412669
    58 -0.144958 -0.145317 7.579308 -1.505182 0.303083 -0.157630
    59 -0.038551 -0.936644 4.697678 -1.043592 0.209355 -0.095187
    60 -0.506317 8.500896 13.617329 0.024344 -0.125189 -1.332770
    61 0.385056 -0.460075 7.003435 -1.231123 0.575731 -0.266610
    62 -0.456360 -0.710276 5.057732 -1.267616 0.540183 -0.339842
    63 2.452194 -8.899408 11.597939 -0.961551 0.435449 -1.166197
    64 -0.680515 -0.903999 6.074242 -1.450760 -0.173611 -0.003372
    65 -0.248295 -0.666843 3.386627 -0.841433 -0.122962 0.049347
    66 0.717491 -3.784309 13.044010 -0.880830 0.199176 -1.406949
    67 -1.099228 -1.407673 8.017876 -1.524006 -0.020124 0.011586
    68 -0.064053 -0.807640 3.686100 -0.581225 -0.003181 -0.007222
    69 4.004906 6.172710 4.754800 0.442942 -1.049775 -2.827289
    70 -0.158381 -1.149773 5.804405 -0.428473 0.101081 0.234802
    71 1.078559 -2.386406 5.215008 -1.222872 0.847259 -0.024529
    72 6.289963 0.932404 13.569109 -0.126801 -0.612098 -2.869612
    73 -1.327759 -0.766682 12.396324 -0.037054 -0.014049 0.322101
    74 0.000017 -54.999996 0.000000 0.000000 0.000000 -1.570796
  time 80
    0 0.000000 0.000000 -1.500000 0.000000 0.000000 0.000000
    1 -10.521344 -5.760963 66.994621 3.097005 -0.050653 -3.139334
    2 -4.613051 1.999626 16.902346 -0.048747 0.542713 0.443854
    3 -0.000034 0.000012 24.761454 -1.030815 -0.119596 -0.294263
    4 0.000017 0.000000 24.344809 1.693885 -0.195106 -0.164691
    5 0.002333 -1.019846 24.031336 0.873285 -0.045706 -0.004958
    6 0.000034 0.000008 13.404741 -0.000001 -0.000009 -0.161599
    7 10.398263 -5.760962 66.994675 3.097005 0.050653 3.139334
    8 -0.039230 -8.406655 18.130703 0.777891 -0.627095 0.374352
    9 -0.000004 -0.000006 24.761459 -1.813084 0.210050 -0.750955
    10 -0.000007 0.000004 24.344891 1.828173 0.089351 -0.109981
    11 -0.002360 -1.019903 24.031330 0.389594 -0.042695 -0.017219
    12 0.000000 -0.000002 13.404737 0.000001 0.000005 -0.396434
    13 -0.061540 -5.245835 72.927078 0.000000 0.000000 0.000000
    14 2.474056 -3.477665 -17.715019 -0.004340 0.036254 -0.015557
    15 0.000000 -0.005608 -1.146812 0.219076 0.041765 -0.501484
    16 0.030770 -0.240000 8.906021 -0.004138 0.000000 0.000000
    17 -0.156232 -1.643726 -0.152747 0.240642 0.013605 -0.125585
    18 0.030770 -0.276858 8.905140 0.056125 0.004134 -0.000049
    19 -0.036423 -0.819462 -0.020707 0.382259 -0.008413 -0.016911
    20 5.669724 4.435303 14.302868 2.765621 -1.317398 0.721059
    21 -1.044571 -2.839317 19.743267 -0.232440 -0.817247 0.119272
    22 2.655533 -1.533369 24.792658 -0.450417 0.083618 -0.286510
    23 1.120163 -0.154394 9.796035 -0.032963 -0.000213 -0.286396
    24 2.240311 -0.308786 19.592051 -0.180377 -0.103722 -0.550337
    25 0.683151 2.877354 14.167051 -0.274024 -0.136915 1.385300
    26 0.144936 -0.145374 7.579252 -1.675762 -0.244271 0.218020
    27 0.091660 -0.906685 4.702850 -0.774800 -0.122524 0.049592
    28 0.506271 8.500866 13.617253 -0.038493 0.129549 1.329365
    29 -0.384987 -0.460049 7.003448 -1.289316 -0.457037 0.380219
    30 0.561516 -0.596954 5.061852 -1.116621 -0.355137 0.245363
    31 -2.452171 -8.899406 11.597897 -0.629320 -0.324660 1.074758
    32 0.680496 -0.903999 6.074253 -1.285476 0.142300 0.005937
    33 0.245514 -0.661150 3.388004 -0.675074 0.106659 -0.034703
    34 -0.717484 -3.784271 13.043911 -0.742423 -0.173995 1.371508
    35 1.099216 -1.407745 8.017889 -1.419825 0.023117 -0.005763
    36 0.068439 -0.807653 3.686054 -0.795030 0.011957 0.002400
    37 -4.004929 6.172707 4.754754 0.563982 0.993456 2.969648
    38 0.158352 -1.149811 5.804394 -0.270019 -0.199278 0.227305
    39 -1.083523 -1.463142 5.544399 -1.682891 -0.392574 0.248262
    40 -6.289886 0.932434 13.569063 -0.126803 0.612110 2.869610
    41 1.327774 -0.766687 12.396328 -0.016145 0.007805 -0.145338
    42 -0.096140 1.828087 23.185329 0.026372 -0.359283 -1.566005
    43 2.325478 -0.000003 6.169296 -0.264205 0.051112 1.682084
    44 0.000000 -3.152912 0.122169 1.986587 0.000000 0.000000
    45 1.068383 -10.478592 7.066338 0.292219 -1.282324 -3.141588
    46 0.000000 0.000000 2.279457 0.547137 -0.343566 0.107833
    47 2.479414 -8.323895 6.074242 -0.008855 0.007342 1.561876
    48 0.000003 -5.075260 5.105362 0.000000 0.000000 0.000000
    49 -1.068383 -10.478611 7.065971 0.292219 1.282324 3.141588
    50 -0.000488 0.000015 2.279600 0.547136 0.343566 0.107835
    51 -2.479401 -8.323895 6.074234 0.008854 0.007354 1.579716
    52 -5.790000 4.432083 14.255558 -2.842119 1.340220 -0.288404
    53 1.044540 -2.839314 19.743252 -0.677001 0.625438 -0.196008
    54 -2.655510 -1.533379 24.792648 -0.499859 -0.087525 0.539787
    55 -1.120216 -0.154385 9.795983 -0.019828 -0.001013 0.172221
    56 -2.240372 -0.308788 19.592047 -0.145789 0.092329 0.328406
    57 -0.683205 2.877342 14.167089 -0.340570 0.202427 -1.412604
    58 -0.144958 -0.145317 7.579308 -1.513084 0.303490 -0.159535
    59 -0.038551 -0.936644 4.697678 -1.051186 0.210517 -0.096685
    60 -0.506317 8.500896 13.617329 0.016650 -0.121686 -1.331782
    61 0.385056 -0.460075 7.003435 -1.241397 0.577089 -0.271525
    62 -0.456360 -0.710276 5.057732 -1.277478 0.541757 -0.344581
    63 2.452194 -8.899408 11.597939 -0.965134 0.431755 -1.163575
    64 -0.680515 -0.903999 6.074242 -1.455072 -0.174019 -0.003097
    65 -0.248295 -0.666843 3.386627 -0.845596 -0.123178 0.049719
    66 0.717491 -3.784309 13.044010 -0.886211 0.197785 -1.406701
    67 -1.099228 -1.407673 8.017876 -1.529946 -0.020255 0.011741
    68 -0.064053 -0.807640 3.686100 -0.586515 -0.003349 -0.007222
    69 4.004906 6.172710 4.754800 0.431573 -1.049859 -2.828435
    70 -0.158381 -1.149773 5.804405 -0.433705 0.104367 0.234685
    71 1.078559 -2.386406 5.215008 -1.228032 0.851210 -0.024931
    72 6.289963 0.932404 13.569109 -0.126801 -0.612098 -2.869612
    73 -1.327759 -0.766682 12.396324 -0.036622 -0.013965 0.318631
    74 0.000017 -54.999996 0.000000 0.000000 0.000000 -1.570796
  time 81
    0 0.000000 0.000000 -1.500000 0.000000 0.000000 0.000000
    1 -10.521344 -5.760963 66.994621 3.097005 -0.050653 -3.139334
    2 -4.550549 2.097842 16.924771 -0.046425 0.540653 0.443897
    3 -0.000034 0.000012 24.761454 -1.035856 -0.120195 -0.293083
    4 0.000017 0.000000 24.344809 1.697707 -0.193114 -0.163870
    5 0.002333 -1.019846 24.031336 0.871306 -0.045718 -0.004887
    6 0.000034 0.000008 13.404741 -0.000001 -0.000009 -0.161768
    7 10.398263 -5.760962 66.994675 3.097005 0.050653 3.139334
    8 0.034991 -8.306740 18.153183 0.779597 -0.632216 0.374352
    9 -0.000004 -0.000006 24.761459 -1.813634 0.210110 -0.753431
    10 -0.000007 0.000004 24.344891 1.825075 0.090573 -0.108468
    11 -0.002360 -1.019903 24.031330 0.389594 -0.042695 -0.017219
    12 0.000000 -0.000002 13.404737 0.000001 0.000005 -0.398259
    13 -0.061540 -5.245835 72.927078 0.000000 0.000000 0.000000
    14 2.399835 -3.396145 -17.715019 -0.002548 0.034069 -0.017298
    15 0.000000 -0.005608 -1.146812 0.219076 0.042910 -0.500071
    16 0.030770 -0.240000 8.906021 -0.004138 0.000000 0.000000
    17 -0.132793 -1.569504 -0.125402 0.225048 0.020948 -0.139043
    18 0.030770 -0.276858 8.905140 0.056125 0.004134 -0.000049
    19 -0.040329 -0.889776 -0.032426 0.407959 -0.007035 -0.018278
    20 5.669724 4.435303 14.302868 2.734326 -1.330082 0.753930
    21 -1.044571 -2.839317 19.743267 -0.220064 -0.836033 0.116114
    22 2.655533 -1.533369 24.792658 -0.450417 0.083964 -0.299369
    23 1.120163 -0.154394 9.796035 -0.033107 -0.000237 -0.287741
    24 2.240311 -0.308786 19.592051 -0.173806 -0.099854 -0.554412
    25 0.683151 2.877354 14.167051 -0.280552 -0.138138 1.385375
    26 0.144936 -0.145374 7.579252 -1.682732 -0.244247 0.219339
    27 0.091660 -0.906685 4.702850 -0.781531 -0.123471 0.050503
    28 0.506271 8.500866 13.617253 -0.043804 0.126781 1.328718
    29 -0.384987 -0.460049 7.003448 -1.295576 -0.457241 0.382412
    30 0.561516 -0.596954 5.061852 -1.122440 -0.356060 0.247400
    31 -2.452171 -8.899406 11.597897 -0.638332 -0.320737 1.074517
    32 0.680496 -0.903999 6.074253 -1.295073 0.143223 0.005613
    33 0.245514 -0.661150 3.388004 -0.684288 0.107090 -0.035387
    34 -0.717484 -3.784271 13.043911 -0.750404 -0.172149 1.371938
    35 1.099216 -1.407745 8.017889 -1.428169 0.023369 -0.005978
    36 0.068439 -0.807653 3.686054 -0.803381 0.012256 0.002352
    37 -4.004929 6.172707 4.754754 0.564613 0.993262 2.969457
    38 0.158352 -1.149811 5.804394 -0.276673 -0.200438 0.225974
    39 -1.083523 -1.463142 5.544399 -1.689849 -0.395941 0.247820
    40 -6.289886 0.932434 13.569063 -0.126803 0.612110 2.869610
    41 1.327774 -0.766687 12.396328 -0.016565 0.007985 -0.148853
    42 -0.096140 1.828087 23.185329 0.028564 -0.392456 -1.569246
    43 2.325478 -0.000003 6.169296 -0.225766 0.047900 1.709424
    44 0.000000 -3.152912 0.122169 1.985903 0.000000 0.000000
    45 1.068383 -10.478592 7.066338 0.292219 -1.282324 -3.141588
    46 0.000000 0.000000 2.279457 0.547137 -0.343566 0.107833
    47 2.479414 -8.323895 6.074242 -0.008855 0.007342 1.561876
    48 0.000003 -5.075260 5.105362 0.000000 0.000000 0.000000
    49 -1.068383 -10.478611 7.065971 0.292219 1.282324 3.141588
    50 -0.000488 0.000015 2.279600 0.547136 0.343566 0.107835
    51 -2.479401 -8.323895 6.074234 0.008854 0.007354 1.579716
    52 -5.790000 4.432083 14.255558 -2.833109 1.340926 -0.286392
    53 1.044540 -2.839314 19.743252 -0.691361 0.628109 -0.199872
    54 -2.655510 -1.533379 24.792648 -0.484711 -0.087215 0.533805
    55 -1.120216 -0.154385 9.795983 -0.019648 -0.001037 0.170725
    56 -2.240372 -0.308788 19.592047 -0.135556 0.096240 0.326945
    57 -0.683205 2.877342 14.167089 -0.351607 0.204437 -1.412976
    58 -0.144958 -0.145317 7.579308 -1.524963 0.304102 -0.162448
    59 -0.038551 -0.936644 4.697678 -1.062823 0.212291 -0.098974
    60 -0.506317 8.500896 13.617329 0.005262 -0.116627 -1.330523
    61 0.385056 -0.460075 7.003435 -1.256116 0.578998 -0.278737
    62 -0.456360 -0.710276 5.057732 -1.292198 0.544021 -0.351672
    63 2.452194 -8.899408 11.597939 -0.971980 0.427596 -1.161096
    64 -0.680515 -0.903999 6.074242 -1.462510 -0.174750 -0.002545
    65 -0.248295 -0.666843 3.386627 -0.853381 -0.123453 0.050378
    66 0.717491 -3.784309 13.044010 -0.895228 0.195916 -1.406676
    67 -1.099228 -1.407673 8.017876 -1.539025 -0.020471 0.011945
    68 -0.064053 -0.807640 3.686100 -0.596137 -0.003720 -0.007210
    69 4.004906 6.172710 4.754800 0.417644 -1.049963 -2.829745
    70 -0.158381 -1.149773 5.804405 -0.441763 0.109706 0.235212
    71 1.078559 -2.386406 5.215008 -1.237253 0.856938 -0.026795
    72 6.289963 0.932404 13.569109 -0.126801 -0.612098 -2.869612
    73 -1.327759 -0.766682 12.396324 -0.036323 -0.013905 0.316133
    74 0.000017 -54.999996 0.000000 0.000000 0.000000 -1.570796
  time 82
    0 0.000000 0.000000 -1.500000 0.000000 0.000000 0.000000
    1 -10.521344 -5.760963 66.994621 3.097005 -0.050653 -3.139334
    2 -4.484141 2.196058 16.969620 -0.043624 0.538677 0.443592
    3 -0.000034 0.000012 24.761454 -1.043377 -0.121058 -0.291820
    4 0.000017 0.000000 24.344809 1.702947 -0.191145 -0.163157
    5 0.002333 -1.019846 24.031336 0.869813 -0.045718 -0.004815
    6 0.000034 0.000008 13.404741 -0.000001 -0.000009 -0.161958
    7 10.398263 -5.760962 66.994675 3.097005 0.050653 3.139334
    8 0.105306 -8.206825 18.198144 0.782412 -0.637411 0.373774
    9 -0.000004 -0.000006 24.761459 -1.815779 0.210374 -0.755836
    10 -0.000007 0.000004 24.344891 1.822752 0.091884 -0.107186
    11 -0.002360 -1.019903 24.031330 0.389594 -0.042695 -0.017219
    12 0.000000 -0.000002 13.404737 0.000001 0.000005 -0.400170
    13 -0.061540 -5.245835 72.927078 0.000000 0.000000 0.000000
    14 2.321707 -3.302980 -17.805144 -0.000948 0.031626 -0.018920
    15 0.000000 -0.005608 -1.146812 0.219076 0.044118 -0.498468
    16 0.030770 -0.240000 8.906021 -0.004138 0.000000 0.000000
    17 -0.101542 -1.503096 -0.101964 0.210717 0.026139 -0.148467
    18 0.030770 -0.276858 8.905140 0.056125 0.004134 -0.000049
    19 -0.036423 -0.956185 -0.051958 0.431337 -0.004525 -0.018841
    20 5.669724 4.435303 14.302868 2.703700 -1.341921 0.787951
    21 -1.044571 -2.839317 19.743267 -0.211258 -0.852002 0.113801
    22 2.655533 -1.533369 24.792658 -0.449810 0.084156 -0.307132
    23 1.120163 -0.154394 9.796035 -0.033262 -0.000261 -0.289190
    24 2.240311 -0.308786 19.592051 -0.166930 -0.095664 -0.558804
    25 0.683151 2.877354 14.167051 -0.287135 -0.139324 1.385475
    26 0.144936 -0.145374 7.579252 -1.689702 -0.244211 0.220645
    27 0.091660 -0.906685 4.702850 -0.788261 -0.124417 0.051438
    28 0.506271 8.500866 13.617253 -0.048868 0.124167 1.328101
    29 -0.384987 -0.460049 7.003448 -1.301481 -0.457516 0.384785
    30 0.561516 -0.596954 5.061852 -1.128188 -0.356659 0.249498
    31 -2.452171 -8.899406 11.597897 -0.647799 -0.317152 1.074436
    32 0.680496 -0.903999 6.074253 -1.305026 0.144278 0.005122
    33 0.245514 -0.661150 3.388004 -0.694034 0.107354 -0.036142
    34 -0.717484 -3.784271 13.043911 -0.758694 -0.170340 1.372399
    35 1.099216 -1.407745 8.017889 -1.436862 0.023633 -0.006218
    36 0.068439 -0.807653 3.686054 -0.812052 0.012604 0.002292
    37 -4.004929 6.172707 4.754754 0.565604 0.993086 2.969169
    38 0.158352 -1.149811 5.804394 -0.283326 -0.201583 0.224656
    39 -1.083523 -1.463142 5.544399 -1.696755 -0.399141 0.247447
    40 -6.289886 0.932434 13.569063 -0.126803 0.612110 2.869610
    41 1.327774 -0.766687 12.396328 -0.016732 0.008045 -0.150410
    42 -0.096140 1.828087 23.185329 0.030652 -0.417503 -1.572456
    43 2.325478 -0.000003 6.169296 -0.197976 0.044051 1.730697
    44 0.000000 -3.152912 0.122169 1.985350 0.000000 0.000000
    45 1.068383 -10.478592 7.066338 0.292219 -1.282324 -3.141588
    46 0.000000 0.000000 2.279457 0.547137 -0.343566 0.107833
    47 2.479414 -8.323895 6.074242 -0.008855 0.007342 1.561876
    48 0.000003 -5.075260 5.105362 0.000000 0.000000 0.000000
    49 -1.068383 -10.478611 7.065971 0.292219 1.282324 3.141588
    50 -0.000488 0.000015 2.279600 0.547136 0.343566 0.107835
    51 -2.479401 -8.323895 6.074234 0.008854 0.007354 1.579716
    52 -5.790000 4.432083 14.255558 -2.824865 1.342962 -0.284476
    53 1.044540 -2.839314 19.743252 -0.701268 0.633069 -0.204036
    54 -2.655510 -1.533379 24.792648 -0.463473 -0.086788 0.530472
    55 -1.120216 -0.154385 9.795983 -0.019456 -0.001037 0.169120
    56 -2.240372 -0.308788 19.592047 -0.125934 0.100794 0.325313
    57 -0.683205 2.877342 14.167089 -0.365368 0.206845 -1.413707
    58 -0.144958 -0.145317 7.579308 -1.539785 0.304797 -0.166031
    59 -0.038551 -0.936644 4.697678 -1.076778 0.214484 -0.101767
    60 -0.506317 8.500896 13.617329 -0.008767 -0.110583 -1.329221
    61 0.385056 -0.460075 7.003435 -1.274246 0.581200 -0.287573
    62 -0.456360 -0.710276 5.057732 -1.309931 0.546609 -0.360238
    63 2.452194 -8.899408 11.597939 -0.980937 0.423344 -1.158784
    64 -0.680515 -0.903999 6.074242 -1.472319 -0.175721 -0.001742
    65 -0.248295 -0.666843 3.386627 -0.863206 -0.123741 0.051241
    66 0.717491 -3.784309 13.044010 -0.906487 0.193711 -1.406800
    67 -1.099228 -1.407673 8.017876 -1.550905 -0.020771 0.012305
    68 -0.064053 -0.807640 3.686100 -0.607729 -0.004092 -0.007198
    69 4.004906 6.172710 4.754800 0.402360 -1.050130 -2.831382
    70 -0.158381 -1.149773 5.804405 -0.451634 0.116333 0.236150
    71 1.078559 -2.386406 5.215008 -1.249292 0.863892 -0.029754
    72 6.289963 0.932404 13.569109 -0.126801 -0.612098 -2.869612
    73 -1.327759 -0.766682 12.396324 -0.036095 -0.013857 0.314236
    74 0.000017 -54.999996 0.000000 0.000000 0.000000 -1.570796
  time 83
    0 0.000000 0.000000 -1.500000 0.000000 0.000000 0.000000
    1 -10.521344 -5.760963 66.994621 3.097005 -0.050653 -3.139334
    2 -4.413826 2.281997 17.036893 -0.040344 0.536673 0.442849
    3 -0.000034 0.000012 24.761454 -1.052482 -0.122100 -0.290395
    4 0.000017 0.000000 24.344809 1.708742 -0.189175 -0.162573
    5 0.002333 -1.019846 24.031336 0.868842 -0.045730 -0.004767
    6 0.000034 0.000008 13.404741 -0.000001 -0.000009 -0.162105
    7 10.398263 -5.760962 66.994675 3.097005 0.050653 3.139334
    8 0.171714 -8.106910 18.265584 0.785995 -0.642532 0.372289
    9 -0.000004 -0.000006 24.761459 -1.818694 0.210710 -0.757953
    10 -0.000007 0.000004 24.344891 1.820751 0.093195 -0.106072
    11 -0.002360 -1.019903 24.031330 0.389594 -0.042695 -0.017219
    12 0.000000 -0.000002 13.404737 0.000001 0.000005 -0.402059
    13 -0.061540 -5.245835 72.927078 0.000000 0.000000 0.000000
    14 2.243580 -3.221460 -17.872737 0.000652 0.028942 -0.020241
    15 0.000000 -0.005608 -1.146812 0.219108 0.045420 -0.496674
    16 0.030770 -0.240000 8.906021 -0.004138 0.000000 0.000000
    17 -0.082011 -1.440594 -0.082432 0.198722 0.028671 -0.152540
    18 0.030770 -0.276858 8.905140 0.056125 0.004134 -0.000049
    19 -0.028610 -1.010874 -0.059771 0.449674 -0.000781 -0.018374
    20 5.669724 4.435303 14.302868 2.674797 -1.352562 0.821397
    21 -1.044571 -2.839317 19.743267 -0.206366 -0.863169 0.112645
    22 2.655533 -1.533369 24.792658 -0.448421 0.084156 -0.308507
    23 1.120163 -0.154394 9.796035 -0.033442 -0.000285 -0.290673
    24 2.240311 -0.308786 19.592051 -0.159619 -0.091198 -0.563393
    25 0.683151 2.877354 14.167051 -0.293224 -0.140439 1.385575
    26 0.144936 -0.145374 7.579252 -1.696346 -0.244175 0.221867
    27 0.091660 -0.906685 4.702850 -0.794717 -0.125292 0.052325
    28 0.506271 8.500866 13.617253 -0.053129 0.121882 1.327547
    29 -0.384987 -0.460049 7.003448 -1.306674 -0.457708 0.386739
    30 0.561516 -0.596954 5.061852 -1.133114 -0.357282 0.251271
    31 -2.452171 -8.899406 11.597897 -0.657267 -0.314084 1.074490
    32 0.680496 -0.903999 6.074253 -1.314662 0.145201 0.004750
    33 0.245514 -0.661150 3.388004 -0.703940 0.107761 -0.036849
    34 -0.717484 -3.784271 13.043911 -0.766807 -0.168650 1.372860
    35 1.099216 -1.407745 8.017889 -1.445244 0.023896 -0.006542
    36 0.068439 -0.807653 3.686054 -0.820723 0.012844 0.002221
    37 -4.004929 6.172707 4.754754 0.566414 0.992858 2.968882
    38 0.158352 -1.149811 5.804394 -0.289598 -0.202713 0.223458
    39 -1.083523 -1.463142 5.544399 -1.703242 -0.402029 0.247116
    40 -6.289886 0.932434 13.569063 -0.126803 0.612110 2.869610
    41 1.327774 -0.766687 12.396328 -0.016637 0.008009 -0.149456
    42 -0.096140 1.828087 23.185329 0.032587 -0.434233 -1.575483
    43 2.325478 -0.000003 6.169296 -0.177491 0.040000 1.743909
    44 0.000000 -3.152912 0.122169 1.984829 0.000000 0.000000
    45 1.068383 -10.478592 7.066338 0.292219 -1.282324 -3.141588
    46 0.000000 0.000000 2.279457 0.547137 -0.343566 0.107833
    47 2.479414 -8.323895 6.074242 -0.008855 0.007342 1.561876
    48 0.000003 -5.075260 5.105362 0.000000 0.000000 0.000000
    49 -1.068383 -10.478611 7.065971 0.292219 1.282324 3.141588
    50 -0.000488 0.000015 2.279600 0.547136 0.343566 0.107835
    51 -2.479401 -8.323895 6.074234 0.008854 0.007354 1.579716
    52 -5.790000 4.432083 14.255558 -2.817292 1.346118 -0.282560
    53 1.044540 -2.839314 19.743252 -0.704830 0.640065 -0.208091
    54 -2.655510 -1.533379 24.792648 -0.442185 -0.086399 0.528882
    55 -1.120216 -0.154385 9.795983 -0.019264 -0.001049 0.167406
    56 -2.240372 -0.308788 19.592047 -0.116388 0.105596 0.323337
    57 -0.683205 2.877342 14.167089 -0.380514 0.209391 -1.414720
    58 -0.144958 -0.145317 7.579308 -1.555751 0.305540 -0.170070
    59 -0.038551 -0.936644 4.697678 -1.092508 0.216725 -0.104967
    60 -0.506317 8.500896 13.617329 -0.024229 -0.103889 -1.327963
    61 0.385056 -0.460075 7.003435 -1.294318 0.583452 -0.297343
    62 -0.456360 -0.710276 5.057732 -1.329461 0.549390 -0.369716
    63 2.452194 -8.899408 11.597939 -0.990769 0.419255 -1.156663
    64 -0.680515 -0.903999 6.074242 -1.483099 -0.176739 -0.000939
    65 -0.248295 -0.666843 3.386627 -0.873738 -0.124112 0.052164
    66 0.717491 -3.784309 13.044010 -0.918991 0.191410 -1.406986
    67 -1.099228 -1.407673 8.017876 -1.563793 -0.021058 0.012568
    68 -0.064053 -0.807640 3.686100 -0.620390 -0.004607 -0.007186
    69 4.004906 6.172710 4.754800 0.386925 -1.050318 -2.832774
    70 -0.158381 -1.149773 5.804405 -0.462272 0.123589 0.237322
    71 1.078559 -2.386406 5.215008 -1.262573 0.871213 -0.033444
    72 6.289963 0.932404 13.569109 -0.126801 -0.612098 -2.869612
    73 -1.327759 -0.766682 12.396324 -0.035879 -0.013809 0.312478
    74 0.000017 -54.999996 0.000000 0.000000 0.000000 -1.570796
  time 84
    0 0.000000 0.000000 -1.500000 0.000000 0.000000 0.000000
    1 -10.521344 -5.760963 66.994621 3.097005 -0.050653 -3.139334
    2 -4.331792 2.343382 17.104167 -0.039251 0.534585 0.439179
    3 -0.000034 0.000012 24.761454 -1.061466 -0.123155 -0.286486
    4 0.000017 0.000000 24.344809 1.714352 -0.187116 -0.161882
    5 0.002333 -1.019846 24.031336 0.868506 -0.045730 -0.004755
    6 0.000034 0.000008 13.404741 -0.000001 -0.000009 -0.160966
    7 10.398263 -5.760962 66.994675 3.097005 0.050653 3.139334
    8 0.226403 -7.994505 18.333025 0.792223 -0.645605 0.367998
    9 -0.000004 -0.000006 24.761459 -1.821608 0.211033 -0.757379
    10 -0.000007 0.000004 24.344891 1.817911 0.094195 -0.105378
    11 -0.002360 -1.019903 24.031330 0.389594 -0.042695 -0.017219
    12 0.000000 -0.000002 13.404737 0.000001 0.000005 -0.402553
    13 -0.061540 -5.245835 72.927078 0.000000 0.000000 0.000000
    14 2.165452 -3.139940 -17.940330 0.002060 0.026069 -0.018980
    15 0.000000 -0.005608 -1.146812 0.219108 0.046785 -0.494799
    16 0.030770 -0.240000 8.906021 -0.004138 0.000000 0.000000
    17 -0.078104 -1.389812 -0.066807 0.189947 0.024430 -0.139842
    18 0.030770 -0.276858 8.905140 0.056125 0.004134 -0.000049
    19 -0.009078 -1.049938 -0.071490 0.463257 0.005493 -0.015258
    20 5.669724 4.435303 14.302868 2.650200 -1.361617 0.852063
    21 -1.044571 -2.839317 19.743267 -0.218840 -0.863795 0.117975
    22 2.655533 -1.533369 24.792658 -0.445904 0.083849 -0.297913
    23 1.120163 -0.154394 9.796035 -0.033634 -0.000321 -0.292432
    24 2.240311 -0.308786 19.592051 -0.152482 -0.086179 -0.568417
    25 0.683151 2.877354 14.167051 -0.298435 -0.141374 1.385675
    26 0.144936 -0.145374 7.579252 -1.701922 -0.244127 0.222934
    27 0.091660 -0.906685 4.702850 -0.800120 -0.126047 0.053080
    28 0.506271 8.500866 13.617253 -0.056217 0.120102 1.327054
    29 -0.384987 -0.460049 7.003448 -1.310551 -0.457852 0.388201
    30 0.561516 -0.596954 5.061852 -1.136863 -0.357762 0.252614
    31 -2.452171 -8.899406 11.597897 -0.666279 -0.311694 1.074624
    32 0.680496 -0.903999 6.074253 -1.323704 0.146099 0.004343
    33 0.245514 -0.661150 3.388004 -0.713313 0.108073 -0.037556
    34 -0.717484 -3.784271 13.043911 -0.774392 -0.167152 1.373275
    35 1.099216 -1.407745 8.017889 -1.453238 0.024100 -0.006698
    36 0.068439 -0.807653 3.686054 -0.828399 0.013203 0.002173
    37 -4.004929 6.172707 4.754754 0.567225 0.992646 2.968787
    38 0.158352 -1.149811 5.804394 -0.294980 -0.203652 0.222415
    39 -1.083523 -1.463142 5.544399 -1.708840 -0.404498 0.246840
    40 -6.289886 0.932434 13.569063 -0.126803 0.612110 2.869610
    41 1.327774 -0.766687 12.396328 -0.016121 0.007805 -0.145087
    42 -0.096140 1.828087 23.185329 0.034265 -0.443634 -1.578112
    43 2.325478 -0.000003 6.169296 -0.164837 0.035225 1.732972
    44 0.000000 -3.152912 0.122169 1.984422 0.000000 0.000000
    45 1.068383 -10.478592 7.066338 0.292219 -1.282324 -3.141588
    46 0.000000 0.000000 2.279457 0.547137 -0.343566 0.107833
    47 2.479414 -8.323895 6.074242 -0.008855 0.007342 1.561876
    48 0.000003 -5.075260 5.105362 0.000000 0.000000 0.000000
    49 -1.068383 -10.478611 7.065971 0.292219 1.282324 3.141588
    50 -0.000488 0.000015 2.279600 0.547136 0.343566 0.107835
    51 -2.479401 -8.323895 6.074234 0.008854 0.007354 1.579716
    52 -5.790000 4.432083 14.255558 -2.810966 1.350230 -0.280835
    53 1.044540 -2.839314 19.743252 -0.699765 0.648205 -0.210976
    54 -2.655510 -1.533379 24.792648 -0.428094 -0.086140 0.537212
    55 -1.120216 -0.154385 9.795983 -0.019061 -0.001049 0.165610
    56 -2.240372 -0.308788 19.592047 -0.106995 0.110695 0.321189
    57 -0.683205 2.877342 14.167089 -0.395957 0.211938 -1.415964
    58 -0.144958 -0.145317 7.579308 -1.572153 0.306211 -0.174121
    59 -0.038551 -0.936644 4.697678 -1.108041 0.218943 -0.108155
    60 -0.506317 8.500896 13.617329 -0.039389 -0.097351 -1.326884
    61 0.385056 -0.460075 7.003435 -1.313959 0.585516 -0.306990
    62 -0.456360 -0.710276 5.057732 -1.348408 0.551870 -0.378931
    63 2.452194 -8.899408 11.597939 -1.000123 0.415491 -1.154828
    64 -0.680515 -0.903999 6.074242 -1.493232 -0.177698 -0.000220
    65 -0.248295 -0.666843 3.386627 -0.884021 -0.124532 0.053038
    66 0.717491 -3.784309 13.044010 -0.931196 0.189216 -1.407234
    67 -1.099228 -1.407673 8.017876 -1.576290 -0.021346 0.012880
    68 -0.064053 -0.807640 3.686100 -0.633108 -0.005086 -0.007174
    69 4.004906 6.172710 4.754800 0.372695 -1.050527 -2.834247
    70 -0.158381 -1.149773 5.804405 -0.472736 0.130681 0.238582
    71 1.078559 -2.386406 5.215008 -1.276142 0.878228 -0.037536
    72 6.289963 0.932404 13.569109 -0.126801 -0.612098 -2.869612
    73 -1.327759 -0.766682 12.396324 -0.036227 -0.013881 0.315254
    74 0.000017 -54.999996 0.000000 0.000000 0.000000 -1.570796
  time 85
    0 0.000000 0.000000 -1.500000 0.000000 0.000000 0.000000
    1 -10.521344 -5.760963 66.994621 3.097005 -0.050653 -3.139334
    2 -4.238039 2.380213 17.171441 -0.040139 0.532330 0.433019
    3 -0.000034 0.000012 24.761454 -1.069271 -0.124054 -0.280419
    4 0.000017 0.000000 24.344809 1.718976 -0.184943 -0.161018
    5 0.002333 -1.019846 24.031336 0.868618 -0.045730 -0.004755
    6 0.000034 0.000008 13.404741 -0.000001 -0.000009 -0.158667
    7 10.398263 -5.760962 66.994675 3.097005 0.050653 3.139334
    8 0.269373 -7.857122 18.400465 0.799986 -0.646666 0.361314
    9 -0.000004 -0.000006 24.761459 -1.823643 0.211285 -0.754329
    10 -0.000007 0.000004 24.344891 1.814168 0.094906 -0.104895
    11 -0.002360 -1.019903 24.031330 0.389594 -0.042695 -0.017219
    12 0.000000 -0.000002 13.404737 0.000001 0.000005 -0.401780
    13 -0.061540 -5.245835 72.927078 0.000000 0.000000 0.000000
    14 2.083419 -3.058420 -17.962861 0.003341 0.023075 -0.015677
    15 0.000000 -0.005608 -1.146812 0.219140 0.048196 -0.492761
    16 0.030770 -0.240000 8.906021 -0.004138 0.000000 0.000000
    17 -0.078104 -1.358561 -0.055087 0.184012 0.017416 -0.120873
    18 0.030770 -0.276858 8.905140 0.056125 0.004134 -0.000049
    19 0.018266 -1.081189 -0.075397 0.474195 0.012899 -0.011015
    20 5.669724 4.435303 14.302868 2.631920 -1.368805 0.878130
    21 -1.044571 -2.839317 19.743267 -0.241246 -0.858316 0.126943
    22 2.655533 -1.533369 24.792658 -0.443170 0.083426 -0.283113
    23 1.120163 -0.154394 9.796035 -0.033874 -0.000357 -0.294433
    24 2.240311 -0.308786 19.592051 -0.145867 -0.080515 -0.573877
    25 0.683151 2.877354 14.167051 -0.302220 -0.142069 1.385700
    26 0.144936 -0.145374 7.579252 -1.706104 -0.244115 0.223701
    27 0.091660 -0.906685 4.702850 -0.804195 -0.126611 0.053631
    28 0.506271 8.500866 13.617253 -0.057761 0.119070 1.326715
    29 -0.384987 -0.460049 7.003448 -1.312614 -0.457936 0.388980
    30 0.561516 -0.596954 5.061852 -1.138791 -0.358001 0.253321
    31 -2.452171 -8.899406 11.597897 -0.674380 -0.310081 1.074866
    32 0.680496 -0.903999 6.074253 -1.331912 0.146950 0.003875
    33 0.245514 -0.661150 3.388004 -0.721515 0.108264 -0.038167
    34 -0.717484 -3.784271 13.043911 -0.780874 -0.165941 1.373643
    35 1.099216 -1.407745 8.017889 -1.459913 0.024304 -0.006877
    36 0.068439 -0.807653 3.686054 -0.835080 0.013467 0.002125
    37 -4.004929 6.172707 4.754754 0.568036 0.992470 2.968500
    38 0.158352 -1.149811 5.804394 -0.298964 -0.204356 0.221636
    39 -1.083523 -1.463142 5.544399 -1.713026 -0.406464 0.246563
    40 -6.289886 0.932434 13.569063 -0.126803 0.612110 2.869610
    41 1.327774 -0.766687 12.396328 -0.015558 0.007565 -0.140216
    42 -0.096140 1.828087 23.185329 0.035583 -0.446502 -1.580252
    43 2.325478 -0.000003 6.169296 -0.161065 0.030465 1.710741
    44 0.000000 -3.152912 0.122169 1.984064 0.000000 0.000000
    45 1.068383 -10.478592 7.066338 0.292219 -1.282324 -3.141588
    46 0.000000 0.000000 2.279457 0.547137 -0.343566 0.107833
    47 2.479414 -8.323895 6.074242 -0.008855 0.007342 1.561876
    48 0.000003 -5.075260 5.105362 0.000000 0.000000 0.000000
    49 -1.068383 -10.478611 7.065971 0.292219 1.282324 3.141588
    50 -0.000488 0.000015 2.279600 0.547136 0.343566 0.107835
    51 -2.479401 -8.323895 6.074234 0.008854 0.007354 1.579716
    52 -5.790000 4.432083 14.255558 -2.806077 1.355173 -0.279398
    53 1.044540 -2.839314 19.743252 -0.697483 0.652699 -0.212691
    54 -2.655510 -1.533379 24.792648 -0.423867 -0.086037 0.550465
    55 -1.120216 -0.154385 9.795983 -0.018857 -0.001061 0.163815
    56 -2.240372 -0.308788 19.592047 -0.097907 0.115893 0.318955
    57 -0.683205 2.877342 14.167089 -0.409569 0.214127 -1.417157
    58 -0.144958 -0.145317 7.579308 -1.586157 0.306726 -0.177572
    59 -0.038551 -0.936644 4.697678 -1.121996 0.220932 -0.111019
    60 -0.506317 8.500896 13.617329 -0.052513 -0.091774 -1.326120
    61 0.385056 -0.460075 7.003435 -1.330665 0.587167 -0.315305
    62 -0.456360 -0.710276 5.057732 -1.364925 0.553810 -0.387075
    63 2.452194 -8.899408 11.597939 -1.007885 0.412424 -1.153350
    64 -0.680515 -0.903999 6.074242 -1.501694 -0.178489 0.000463
    65 -0.248295 -0.666843 3.386627 -0.892472 -0.124784 0.053793
    66 0.717491 -3.784309 13.044010 -0.942107 0.187335 -1.407482
    67 -1.099228 -1.407673 8.017876 -1.587329 -0.021586 0.013108
    68 -0.064053 -0.807640 3.686100 -0.644137 -0.005554 -0.007150
    69 4.004906 6.172710 4.754800 0.360799 -1.050715 -2.835311
    70 -0.158381 -1.149773 5.804405 -0.481770 0.136951 0.239666
    71 1.078559 -2.386406 5.215008 -1.288277 0.884232 -0.041373
    72 6.289963 0.932404 13.569109 -0.126801 -0.612098 -2.869612
    73 -1.327759 -0.766682 12.396324 -0.036970 -0.014037 0.321407
    74 0.000017 -54.999996 0.000000 0.000000 0.000000 -1.570796
  time 86
    0 0.000000 0.000000 -1.500000 0.000000 0.000000 0.000000
    1 -10.521344 -5.760963 66.994621 3.097005 -0.050653 -3.139334
    2 -4.152099 2.429321 17.238714 -0.040208 0.530187 0.428125
    3 -0.000034 0.000012 24.761454 -1.076385 -0.124881 -0.275248
    4 0.000017 0.000000 24.344809 1.722798 -0.182838 -0.160132
    5 0.002333 -1.019846 24.031336 0.868805 -0.045718 -0.004767
    6 0.000034 0.000008 13.404741 -0.000001 -0.000009 -0.156790
    7 10.398263 -5.760962 66.994675 3.097005 0.050653 3.139334
    8 0.312343 -7.732229 18.422945 0.806043 -0.647946 0.355868
    9 -0.000004 -0.000006 24.761459 -1.824523 0.211381 -0.751996
    10 -0.000007 0.000004 24.344891 1.810360 0.095595 -0.104159
    11 -0.002360 -1.019903 24.031330 0.389594 -0.042695 -0.017219
    12 0.000000 -0.000002 13.404737 0.000001 0.000005 -0.401179
    13 -0.061540 -5.245835 72.927078 0.000000 0.000000 0.000000
    14 2.009198 -2.976900 -18.030455 0.004269 0.020064 -0.013515
    15 0.000000 -0.005608 -1.146812 0.219140 0.049671 -0.490641
    16 0.030770 -0.240000 8.906021 -0.004138 0.000000 0.000000
    17 -0.089823 -1.346841 -0.047275 0.181172 0.012605 -0.110091
    18 0.030770 -0.276858 8.905140 0.056125 0.004134 -0.000049
    19 0.041705 -1.104627 -0.079303 0.482309 0.019893 -0.007767
    20 5.669724 4.435303 14.302868 2.620627 -1.374266 0.899213
    21 -1.044571 -2.839317 19.743267 -0.259444 -0.853202 0.133937
    22 2.655533 -1.533369 24.792658 -0.441521 0.083080 -0.272843
    23 1.120163 -0.154394 9.796035 -0.034113 -0.000393 -0.296710
    24 2.240311 -0.308786 19.592051 -0.140122 -0.074714 -0.579653
    25 0.683151 2.877354 14.167051 -0.304195 -0.142416 1.385687
    26 0.144936 -0.145374 7.579252 -1.708381 -0.244079 0.224049
    27 0.091660 -0.906685 4.702850 -0.806348 -0.126994 0.053919
    28 0.506271 8.500866 13.617253 -0.057328 0.118960 1.326530
    29 -0.384987 -0.460049 7.003448 -1.312294 -0.457924 0.388860
    30 0.561516 -0.596954 5.061852 -1.138505 -0.357965 0.253213
    31 -2.452171 -8.899406 11.597897 -0.680759 -0.309324 1.075188
    32 0.680496 -0.903999 6.074253 -1.338455 0.147597 0.003576
    33 0.245514 -0.661150 3.388004 -0.727639 0.108432 -0.038646
    34 -0.717484 -3.784271 13.043911 -0.785768 -0.165126 1.373920
    35 1.099216 -1.407745 8.017889 -1.464958 0.024460 -0.007021
    36 0.068439 -0.807653 3.686054 -0.840126 0.013635 0.002089
    37 -4.004929 6.172707 4.754754 0.568666 0.992329 2.968404
    38 0.158352 -1.149811 5.804394 -0.301125 -0.204753 0.221204
    39 -1.083523 -1.463142 5.544399 -1.715223 -0.407794 0.246315
    40 -6.289886 0.932434 13.569063 -0.126803 0.612110 2.869610
    41 1.327774 -0.766687 12.396328 -0.015198 0.007421 -0.137103
    42 -0.096140 1.828087 23.185329 0.036046 -0.442041 -1.581689
    43 2.325478 -0.000003 6.169296 -0.167177 0.026413 1.697330
    44 0.000000 -3.152912 0.122169 1.983804 0.000000 0.000000
    45 1.068383 -10.478592 7.066338 0.292219 -1.282324 -3.141588
    46 0.000000 0.000000 2.279457 0.547137 -0.343566 0.107833
    47 2.479414 -8.323895 6.074242 -0.008855 0.007342 1.561876
    48 0.000003 -5.075260 5.105362 0.000000 0.000000 0.000000
    49 -1.068383 -10.478611 7.065971 0.292219 1.282324 3.141588
    50 -0.000488 0.000015 2.279600 0.547136 0.343566 0.107835
    51 -2.479401 -8.323895 6.074234 0.008854 0.007354 1.579716
    52 -5.790000 4.432083 14.255558 -2.803489 1.360656 -0.278248
    53 1.044540 -2.839314 19.743252 -0.703438 0.653547 -0.214351
    54 -2.655510 -1.533379 24.792648 -0.426383 -0.086011 0.558795
    55 -1.120216 -0.154385 9.795983 -0.018629 -0.001061 0.161965
    56 -2.240372 -0.308788 19.592047 -0.089354 0.121140 0.316635
    57 -0.683205 2.877342 14.167089 -0.419369 0.215699 -1.418106
    58 -0.144958 -0.145317 7.579308 -1.596401 0.307086 -0.180125
    59 -0.038551 -0.936644 4.697678 -1.131907 0.222298 -0.113056
    60 -0.506317 8.500896 13.617329 -0.062167 -0.087649 -1.325626
    61 0.385056 -0.460075 7.003435 -1.343140 0.588285 -0.321430
    62 -0.456360 -0.710276 5.057732 -1.376974 0.555298 -0.392990
    63 2.452194 -8.899408 11.597939 -1.012661 0.410287 -1.152206
    64 -0.680515 -0.903999 6.074242 -1.507084 -0.179004 0.000906
    65 -0.248295 -0.666843 3.386627 -0.897843 -0.124915 0.054273
    66 0.717491 -3.784309 13.044010 -0.950277 0.185981 -1.407718
    67 -1.099228 -1.407673 8.017876 -1.595623 -0.021765 0.013347
    68 -0.064053 -0.807640 3.686100 -0.652409 -0.005805 -0.007126
    69 4.004906 6.172710 4.754800 0.352592 -1.050883 -2.836130
    70 -0.158381 -1.149773 5.804405 -0.488467 0.141606 0.240633
    71 1.078559 -2.386406 5.215008 -1.297545 0.888551 -0.044478
    72 6.289963 0.932404 13.569109 -0.126801 -0.612098 -2.869612
    73 -1.327759 -0.766682 12.396324 -0.037569 -0.014144 0.326404
    74 0.000017 -54.999996 0.000000 0.000000 0.000000 -1.570796
  time 87
    0 0.000000 0.000000 -1.500000 0.000000 0.000000 0.000000
    1 -10.521344 -5.760963 66.994621 3.097005 -0.050653 -3.139334
    2 -4.073972 2.478429 17.261139 -0.039456 0.528072 0.424586
    3 -0.000034 0.000012 24.761454 -1.083174 -0.125672 -0.271176
    4 0.000017 0.000000 24.344809 1.726065 -0.180846 -0.159268
    5 0.002333 -1.019846 24.031336 0.869141 -0.045730 -0.004779
    6 0.000034 0.000008 13.404741 -0.000001 -0.000009 -0.155419
    7 10.398263 -5.760962 66.994675 3.097005 0.050653 3.139334
    8 0.363126 -7.619824 18.445426 0.810650 -0.649519 0.351990
    9 -0.000004 -0.000006 24.761459 -1.824633 0.211393 -0.750381
    10 -0.000007 0.000004 24.344891 1.806617 0.096306 -0.103234
    11 -0.002360 -1.019903 24.031330 0.389594 -0.042695 -0.017219
    12 0.000000 -0.000002 13.404737 0.000001 0.000005 -0.400835
    13 -0.061540 -5.245835 72.927078 0.000000 0.000000 0.000000
    14 1.934977 -2.907026 -18.052986 0.004813 0.017036 -0.012554
    15 0.000000 -0.005608 -1.146812 0.219172 0.051176 -0.488467
    16 0.030770 -0.240000 8.906021 -0.004138 0.000000 0.000000
    17 -0.097636 -1.354654 -0.047275 0.182203 0.009136 -0.106257
    18 0.030770 -0.276858 8.905140 0.056125 0.004134 -0.000049
    19 0.061236 -1.116346 -0.087116 0.487242 0.026908 -0.005298
    20 5.669724 4.435303 14.302868 2.615076 -1.378212 0.915218
    21 -1.044571 -2.839317 19.743267 -0.274316 -0.848505 0.139521
    22 2.655533 -1.533369 24.792658 -0.440957 0.082965 -0.267101
    23 1.120163 -0.154394 9.796035 -0.034401 -0.000453 -0.299090
    24 2.240311 -0.308786 19.592051 -0.135074 -0.068912 -0.585627
    25 0.683151 2.877354 14.167051 -0.303921 -0.142368 1.385550
    26 0.144936 -0.145374 7.579252 -1.708148 -0.244091 0.224096
    27 0.091660 -0.906685 4.702850 -0.806119 -0.126862 0.053907
    28 0.506271 8.500866 13.617253 -0.054426 0.119904 1.326530
    29 -0.384987 -0.460049 7.003448 -1.309057 -0.457804 0.387625
    30 0.561516 -0.596954 5.061852 -1.135435 -0.357582 0.252086
    31 -2.452171 -8.899406 11.597897 -0.684455 -0.309464 1.075456
    32 0.680496 -0.903999 6.074253 -1.342024 0.147969 0.003396
    33 0.245514 -0.661150 3.388004 -0.731207 0.108552 -0.038922
    34 -0.717484 -3.784271 13.043911 -0.788414 -0.164791 1.374074
    35 1.099216 -1.407745 8.017889 -1.467519 0.024520 -0.007093
    36 0.068439 -0.807653 3.686054 -0.842685 0.013730 0.002065
    37 -4.004929 6.172707 4.754754 0.569117 0.992206 2.968404
    38 0.158352 -1.149811 5.804394 -0.301040 -0.204738 0.221228
    39 -1.083523 -1.463142 5.544399 -1.715014 -0.408369 0.246052
    40 -6.289886 0.932434 13.569063 -0.126803 0.612110 2.869610
    41 1.327774 -0.766687 12.396328 -0.015079 0.007386 -0.135948
    42 -0.096140 1.828087 23.185329 0.035138 -0.429103 -1.582392
    43 2.325478 -0.000003 6.169296 -0.185513 0.022926 1.690825
    44 0.000000 -3.152912 0.122169 1.983576 0.000000 0.000000
    45 1.068383 -10.478592 7.066338 0.292219 -1.282324 -3.141588
    46 0.000000 0.000000 2.279457 0.547137 -0.343566 0.107833
    47 2.479414 -8.323895 6.074242 -0.008855 0.007342 1.561876
    48 0.000003 -5.075260 5.105362 0.000000 0.000000 0.000000
    49 -1.068383 -10.478611 7.065971 0.292219 1.282324 3.141588
    50 -0.000488 0.000015 2.279600 0.547136 0.343566 0.107835
    51 -2.479401 -8.323895 6.074234 0.008854 0.007354 1.579716
    52 -5.790000 4.432083 14.255558 -2.801955 1.366554 -0.277290
    53 1.044540 -2.839314 19.743252 -0.710451 0.656981 -0.217508
    54 -2.655510 -1.533379 24.792648 -0.433982 -0.086127 0.561825
    55 -1.120216 -0.154385 9.795983 -0.018413 -0.001061 0.160115
    56 -2.240372 -0.308788 19.592047 -0.081259 0.126437 0.314057
    57 -0.683205 2.877342 14.167089 -0.424022 0.216415 -1.418670
    58 -0.144958 -0.145317 7.579308 -1.601142 0.307253 -0.181299
    59 -0.038551 -0.936644 4.697678 -1.136493 0.222934 -0.114039
    60 -0.506317 8.500896 13.617329 -0.067371 -0.085599 -1.325491
    61 0.385056 -0.460075 7.003435 -1.349399 0.588818 -0.324447
    62 -0.456360 -0.710276 5.057732 -1.383241 0.556074 -0.396079
    63 2.452194 -8.899408 11.597939 -1.013418 0.409288 -1.151539
    64 -0.680515 -0.903999 6.074242 -1.507838 -0.179088 0.000990
    65 -0.248295 -0.666843 3.386627 -0.899009 -0.124939 0.054369
    66 0.717491 -3.784309 13.044010 -0.953814 0.185429 -1.407842
    67 -1.099228 -1.407673 8.017876 -1.598985 -0.021849 0.013479
    68 -0.064053 -0.807640 3.686100 -0.656123 -0.005901 -0.007114
    69 4.004906 6.172710 4.754800 0.349279 -1.050945 -2.836376
    70 -0.158381 -1.149773 5.804405 -0.491921 0.144043 0.241278
    71 1.078559 -2.386406 5.215008 -1.302609 0.890664 -0.046488
    72 6.289963 0.932404 13.569109 -0.126801 -0.612098 -2.869612
    73 -1.327759 -0.766682 12.396324 -0.037893 -0.014216 0.329087
    74 0.000017 -54.999996 0.000000 0.000000 0.000000 -1.570796
  time 88
    0 0.000000 0.000000 -1.500000 0.000000 0.000000 0.000000
    1 -10.521344 -5.760963 66.994621 3.097005 -0.050653 -3.139334
    2 -4.031002 2.552091 17.283563 -0.032761 0.526318 0.428213
    3 -0.000034 0.000012 24.761454 -1.091548 -0.126630 -0.273049
    4 0.000017 0.000000 24.344809 1.728408 -0.179239 -0.158706
    5 0.002333 -1.019846 24.031336 0.869589 -0.045718 -0.004803
    6 0.000034 0.000008 13.404741 -0.000001 -0.000009 -0.157233
    7 10.398263 -5.760962 66.994675 3.097005 0.050653 3.139334
    8 0.429534 -7.569867 18.445426 0.808773 -0.655299 0.355208
    9 -0.000004 -0.000006 24.761459 -1.823808 0.211297 -0.754687
    10 -0.000007 0.000004 24.344891 1.804616 0.097528 -0.101385
    11 -0.002360 -1.019903 24.031330 0.389594 -0.042695 -0.017219
    12 0.000000 -0.000002 13.404737 0.000001 0.000005 -0.403476
    13 -0.061540 -5.245835 72.927078 0.000000 0.000000 0.000000
    14 1.868568 -2.837152 -18.052986 0.005069 0.014094 -0.017779
    15 0.000000 -0.005608 -1.146812 0.219172 0.052729 -0.486239
    16 0.030770 -0.240000 8.906021 -0.004138 0.000000 0.000000
    17 -0.109355 -1.385905 -0.055087 0.187085 0.012757 -0.124827
    18 0.030770 -0.276858 8.905140 0.056125 0.004134 -0.000049
    19 0.069049 -1.112440 -0.087116 0.488350 0.031907 -0.006041
    20 5.669724 4.435303 14.302868 2.613066 -1.380820 0.926430
    21 -1.044571 -2.839317 19.743267 -0.268544 -0.851793 0.137518
    22 2.655533 -1.533369 24.792658 -0.442736 0.083157 -0.274784
    23 1.120163 -0.154394 9.796035 -0.034689 -0.000501 -0.301608
    24 2.240311 -0.308786 19.592051 -0.131027 -0.063340 -0.591641
    25 0.683151 2.877354 14.167051 -0.301562 -0.141985 1.385350
    26 0.144936 -0.145374 7.579252 -1.705732 -0.244115 0.223641
    27 0.091660 -0.906685 4.702850 -0.803875 -0.126563 0.053571
    28 0.506271 8.500866 13.617253 -0.049424 0.121882 1.326684
    29 -0.384987 -0.460049 7.003448 -1.303188 -0.457588 0.385432
    30 0.561516 -0.596954 5.061852 -1.129866 -0.356875 0.250097
    31 -2.452171 -8.899406 11.597897 -0.685670 -0.310420 1.075779
    32 0.680496 -0.903999 6.074253 -1.343016 0.148053 0.003336
    33 0.245514 -0.661150 3.388004 -0.732166 0.108588 -0.039006
    34 -0.717484 -3.784271 13.043911 -0.788502 -0.164935 1.374120
    35 1.099216 -1.407745 8.017889 -1.467480 0.024520 -0.007105
    36 0.068439 -0.807653 3.686054 -0.842614 0.013730 0.002053
    37 -4.004929 6.172707 4.754754 0.569117 0.992171 2.968404
    38 0.158352 -1.149811 5.804394 -0.298879 -0.204342 0.221648
    39 -1.083523 -1.463142 5.544399 -1.712712 -0.408237 0.245831
    40 -6.289886 0.932434 13.569063 -0.126803 0.612110 2.869610
    41 1.327774 -0.766687 12.396328 -0.015426 0.007517 -0.139011
    42 -0.096140 1.828087 23.185329 0.033135 -0.407848 -1.582484
    43 2.325478 -0.000003 6.169296 -0.216742 0.023259 1.713016
    44 0.000000 -3.152912 0.122169 1.983413 0.000000 0.000000
    45 1.068383 -10.478592 7.066338 0.292219 -1.282324 -3.141588
    46 0.000000 0.000000 2.279457 0.547137 -0.343566 0.107833
    47 2.479414 -8.323895 6.074242 -0.008855 0.007342 1.561876
    48 0.000003 -5.075260 5.105362 0.000000 0.000000 0.000000
    49 -1.068383 -10.478611 7.065971 0.292219 1.282324 3.141588
    50 -0.000488 0.000015 2.279600 0.547136 0.343566 0.107835
    51 -2.479401 -8.323895 6.074234 0.008854 0.007354 1.579716
    52 -5.790000 4.432083 14.255558 -2.800900 1.372660 -0.276236
    53 1.044540 -2.839314 19.743252 -0.732157 0.657363 -0.222243
    54 -2.655510 -1.533379 24.792648 -0.443896 -0.086348 0.550087
    55 -1.120216 -0.154385 9.795983 -0.018222 -0.001073 0.158347
    56 -2.240372 -0.308788 19.592047 -0.073928 0.131734 0.311565
    57 -0.683205 2.877342 14.167089 -0.423824 0.216316 -1.418850
    58 -0.144958 -0.145317 7.579308 -1.600706 0.307229 -0.181191
    59 -0.038551 -0.936644 4.697678 -1.136049 0.222898 -0.113943
    60 -0.506317 8.500896 13.617329 -0.067899 -0.085469 -1.325626
    61 0.385056 -0.460075 7.003435 -1.349874 0.588870 -0.324661
    62 -0.456360 -0.710276 5.057732 -1.383727 0.556139 -0.396290
    63 2.452194 -8.899408 11.597939 -1.010233 0.409497 -1.151372
    64 -0.680515 -0.903999 6.074242 -1.504982 -0.178837 0.000786
    65 -0.248295 -0.666843 3.386627 -0.895678 -0.124819 0.054093
    66 0.717491 -3.784309 13.044010 -0.952220 0.185741 -1.407842
    67 -1.099228 -1.407673 8.017876 -1.597584 -0.021825 0.013443
    68 -0.064053 -0.807640 3.686100 -0.654266 -0.005829 -0.007102
    69 4.004906 6.172710 4.754800 0.350785 -1.050987 -2.836294
    70 -0.158381 -1.149773 5.804405 -0.492165 0.144317 0.241747
    71 1.078559 -2.386406 5.215008 -1.303708 0.890634 -0.047292
    72 6.289963 0.932404 13.569109 -0.126801 -0.612098 -2.869612
    73 -1.327759 -0.766682 12.396324 -0.037533 -0.014144 0.326126
    74 0.000017 -54.999996 0.000000 0.000000 0.000000 -1.570796
  time 89
    0 0.000000 0.000000 -1.500000 0.000000 0.000000 0.000000
    1 -10.521344 -5.760963 66.994621 3.097005 -0.050653 -3.139334
    2 -4.007563 2.674861 17.305988 -0.023743 0.524676 0.434985
    3 -0.000034 0.000012 24.761454 -1.100247 -0.127625 -0.277569
    4 0.000017 0.000000 24.344809 1.730319 -0.177858 -0.158317
    5 0.002333 -1.019846 24.031336 0.870261 -0.045718 -0.004827
    6 0.000034 0.000008 13.404741 -0.000001 -0.000009 -0.160418
    7 10.398263 -5.760962 66.994675 3.097005 0.050653 3.139334
    8 0.511568 -7.557377 18.422945 0.803825 -0.662615 0.361479
    9 -0.000004 -0.000006 24.761459 -1.822543 0.211141 -0.761363
    10 -0.000007 0.000004 24.344891 1.803261 0.098950 -0.099199
    11 -0.002360 -1.019903 24.031330 0.389594 -0.042695 -0.017219
    12 0.000000 -0.000002 13.404737 0.000001 0.000005 -0.407169
    13 -0.061540 -5.245835 72.927078 0.000000 0.000000 0.000000
    14 1.802160 -2.778924 -18.052986 0.005037 0.011290 -0.025646
    15 0.000000 -0.005608 -1.146812 0.219203 0.054329 -0.483956
    16 0.030770 -0.240000 8.906021 -0.004138 0.000000 0.000000
    17 -0.121074 -1.436688 -0.062900 0.195481 0.018454 -0.150504
    18 0.030770 -0.276858 8.905140 0.056125 0.004134 -0.000049
    19 0.076862 -1.096814 -0.079303 0.485991 0.036350 -0.007851
    20 5.669724 4.435303 14.302868 2.610482 -1.382229 0.934576
    21 -1.044571 -2.839317 19.743267 -0.261939 -0.854193 0.135093
    22 2.655533 -1.533369 24.792658 -0.446338 0.083695 -0.290634
    23 1.120163 -0.154394 9.796035 -0.034976 -0.000549 -0.304195
    24 2.240311 -0.308786 19.592051 -0.127850 -0.058506 -0.597536
    25 0.683151 2.877354 14.167051 -0.297448 -0.141290 1.385100
    26 0.144936 -0.145374 7.579252 -1.701504 -0.244139 0.222862
    27 0.091660 -0.906685 4.702850 -0.799754 -0.125999 0.053020
    28 0.506271 8.500866 13.617253 -0.042816 0.124584 1.327023
    29 -0.384987 -0.460049 7.003448 -1.295363 -0.457289 0.382472
    30 0.561516 -0.596954 5.061852 -1.122404 -0.355880 0.247412
    31 -2.452171 -8.899406 11.597897 -0.684657 -0.312152 1.076101
    32 0.680496 -0.903999 6.074253 -1.341826 0.147945 0.003408
    33 0.245514 -0.661150 3.388004 -0.730994 0.108540 -0.038898
    34 -0.717484 -3.784271 13.043911 -0.786562 -0.165474 1.374028
    35 1.099216 -1.407745 8.017889 -1.465307 0.024460 -0.007033
    36 0.068439 -0.807653 3.686054 -0.840446 0.013659 0.002089
    37 -4.004929 6.172707 4.754754 0.568937 0.992277 2.968404
    38 0.158352 -1.149811 5.804394 -0.296209 -0.203857 0.222163
    39 -1.083523 -1.463142 5.544399 -1.709782 -0.407291 0.245845
    40 -6.289886 0.932434 13.569063 -0.126803 0.612110 2.869610
    41 1.327774 -0.766687 12.396328 -0.016241 0.007853 -0.146142
    42 -0.096140 1.828087 23.185329 0.030190 -0.378562 -1.582025
    43 2.325478 -0.000003 6.169296 -0.261770 0.026905 1.742991
    44 0.000000 -3.152912 0.122169 1.983299 0.000000 0.000000
    45 1.068383 -10.478592 7.066338 0.292219 -1.282324 -3.141588
    46 0.000000 0.000000 2.279457 0.547137 -0.343566 0.107833
    47 2.479414 -8.323895 6.074242 -0.008855 0.007342 1.561876
    48 0.000003 -5.075260 5.105362 0.000000 0.000000 0.000000
    49 -1.068383 -10.478611 7.065971 0.292219 1.282324 3.141588
    50 -0.000488 0.000015 2.279600 0.547136 0.343566 0.107835
    51 -2.479401 -8.323895 6.074234 0.008854 0.007354 1.579716
    52 -5.790000 4.432083 14.255558 -2.799175 1.378683 -0.275182
    53 1.044540 -2.839314 19.743252 -0.759707 0.657405 -0.228013
    54 -2.655510 -1.533379 24.792648 -0.455622 -0.086619 0.533199
    55 -1.120216 -0.154385 9.795983 -0.018006 -0.001073 0.156606
    56 -2.240372 -0.308788 19.592047 -0.067742 0.136833 0.309160
    57 -0.683205 2.877342 14.167089 -0.420161 0.215639 -1.418786
    58 -0.144958 -0.145317 7.579308 -1.596674 0.307098 -0.180197
    59 -0.038551 -0.936644 4.697678 -1.132154 0.222346 -0.113128
    60 -0.506317 8.500896 13.617329 -0.065335 -0.086740 -1.326075
    61 0.385056 -0.460075 7.003435 -1.346248 0.588543 -0.322885
    62 -0.456360 -0.710276 5.057732 -1.380180 0.555729 -0.394552
    63 2.452194 -8.899408 11.597939 -1.003825 0.410496 -1.151468
    64 -0.680515 -0.903999 6.074242 -1.498244 -0.178189 0.000271
    65 -0.248295 -0.666843 3.386627 -0.889142 -0.124592 0.053518
    66 0.717491 -3.784309 13.044010 -0.947238 0.186628 -1.407755
    67 -1.099228 -1.407673 8.017876 -1.592261 -0.021718 0.013299
    68 -0.064053 -0.807640 3.686100 -0.649314 -0.005662 -0.007126
    69 4.004906 6.172710 4.754800 0.355830 -1.050987 -2.835721
    70 -0.158381 -1.149773 5.804405 -0.490177 0.143057 0.242069
    71 1.078559 -2.386406 5.215008 -1.302418 0.889225 -0.047547
    72 6.289963 0.932404 13.569109 -0.126801 -0.612098 -2.869612
    73 -1.327759 -0.766682 12.396324 -0.036970 -0.014037 0.321407
    74 0.000017 -54.999996 0.000000 0.000000 0.000000 -1.570796
  time 90
    0 0.000000 0.000000 -1.500000 0.000000 0.000000 0.000000
    1 -10.521344 -5.760963 66.994621 3.097005 -0.050653 -3.139334
    2 -3.952874 2.723969 17.305988 -0.021147 0.522978 0.434417
    3 -0.000034 0.000012 24.761454 -1.105817 -0.128260 -0.276103
    4 0.000017 0.000000 24.344809 1.731675 -0.176274 -0.157604
    5 0.002333 -1.019846 24.031336 0.870970 -0.045718 -0.004863
    6 0.000034 0.000008 13.404741 -0.000001 -0.000009 -0.160249
    7 10.398263 -5.760962 66.994675 3.097005 0.050653 3.139334
    8 0.550632 -7.482441 18.400465 0.805105 -0.664627 0.360654
    9 -0.000004 -0.000006 24.761459 -1.821278 0.210997 -0.761363
    10 -0.000007 0.000004 24.344891 1.800421 0.099639 -0.098022
    11 -0.002360 -1.019903 24.031330 0.389594 -0.042695 -0.017219
    12 0.000000 -0.000002 13.404737 0.000001 0.000005 -0.407319
    13 -0.061540 -5.245835 72.927078 0.000000 0.000000 0.000000
    14 1.743565 -2.720695 -18.052986 0.004749 0.008623 -0.027207
    15 0.000000 -0.005608 -1.146812 0.219203 0.055960 -0.481646
    16 0.030770 -0.240000 8.906021 -0.004138 0.000000 0.000000
    17 -0.144512 -1.503096 -0.082432 0.207329 0.019619 -0.164640
    18 0.030770 -0.276858 8.905140 0.056125 0.004134 -0.000049
    19 0.088581 -1.077282 -0.071490 0.480808 0.042172 -0.008163
    20 5.669724 4.435303 14.302868 2.608185 -1.382793 0.939559
    21 -1.044571 -2.839317 19.743267 -0.277692 -0.845896 0.140536
    22 2.655533 -1.533369 24.792658 -0.450721 0.084118 -0.303736
    23 1.120163 -0.154394 9.796035 -0.035276 -0.000597 -0.306747
    24 2.240311 -0.308786 19.592051 -0.125761 -0.054638 -0.603193
    25 0.683151 2.877354 14.167051 -0.291468 -0.140235 1.384763
    26 0.144936 -0.145374 7.579252 -1.695138 -0.244175 0.221664
    27 0.091660 -0.906685 4.702850 -0.793619 -0.125149 0.052169
    28 0.506271 8.500866 13.617253 -0.034540 0.128055 1.327516
    29 -0.384987 -0.460049 7.003448 -1.285510 -0.456869 0.378793
    30 0.561516 -0.596954 5.061852 -1.113015 -0.354646 0.244057
    31 -2.452171 -8.899406 11.597897 -0.681569 -0.314662 1.076477
    32 0.680496 -0.903999 6.074253 -1.338336 0.147585 0.003576
    33 0.245514 -0.661150 3.388004 -0.727479 0.108432 -0.038634
    34 -0.717484 -3.784271 13.043911 -0.782417 -0.166481 1.373828
    35 1.099216 -1.407745 8.017889 -1.460844 0.024340 -0.006901
    36 0.068439 -0.807653 3.686054 -0.836004 0.013503 0.002125
    37 -4.004929 6.172707 4.754754 0.568036 0.992470 2.968691
    38 0.158352 -1.149811 5.804394 -0.293327 -0.203373 0.222715
    39 -1.083523 -1.463142 5.544399 -1.706957 -0.405421 0.246246
    40 -6.289886 0.932434 13.569063 -0.126803 0.612110 2.869610
    41 1.327774 -0.766687 12.396328 -0.017248 0.008236 -0.154829
    42 -0.096140 1.828087 23.185329 0.026612 -0.341533 -1.581047
    43 2.325478 -0.000003 6.169296 -0.319978 0.029105 1.753088
    44 0.000000 -3.152912 0.122169 1.983234 0.000000 0.000000
    45 1.068383 -10.478592 7.066338 0.292219 -1.282324 -3.141588
    46 0.000000 0.000000 2.279457 0.547137 -0.343566 0.107833
    47 2.479414 -8.323895 6.074242 -0.008855 0.007342 1.561876
    48 0.000003 -5.075260 5.105362 0.000000 0.000000 0.000000
    49 -1.068383 -10.478611 7.065971 0.292219 1.282324 3.141588
    50 -0.000488 0.000015 2.279600 0.547136 0.343566 0.107835
    51 -2.479401 -8.323895 6.074234 0.008854 0.007354 1.579716
    52 -5.790000 4.432083 14.255558 -2.798408 1.384581 -0.274224
    53 1.044540 -2.839314 19.743252 -0.774456 0.663892 -0.234626
    54 -2.655510 -1.533379 24.792648 -0.474897 -0.087033 0.522294
    55 -1.120216 -0.154385 9.795983 -0.017814 -0.001073 0.154919
    56 -2.240372 -0.308788 19.592047 -0.062167 0.141585 0.306668
    57 -0.683205 2.877342 14.167089 -0.413875 0.214485 -1.418581
    58 -0.144958 -0.145317 7.579308 -1.589808 0.306870 -0.178495
    59 -0.038551 -0.936644 4.697678 -1.125497 0.221423 -0.111738
    60 -0.506317 8.500896 13.617329 -0.060507 -0.089101 -1.326615
    61 0.385056 -0.460075 7.003435 -1.339384 0.587941 -0.319516
    62 -0.456360 -0.710276 5.057732 -1.373524 0.554953 -0.391270
    63 2.452194 -8.899408 11.597939 -0.993993 0.412076 -1.151634
    64 -0.680515 -0.903999 6.074242 -1.488112 -0.177243 -0.000556
    65 -0.248295 -0.666843 3.386627 -0.879026 -0.124280 0.052619
    66 0.717491 -3.784309 13.044010 -0.939516 0.188006 -1.407606
    67 -1.099228 -1.407673 8.017876 -1.584527 -0.021538 0.013096
    68 -0.064053 -0.807640 3.686100 -0.641267 -0.005398 -0.007138
    69 4.004906 6.172710 4.754800 0.364112 -1.050945 -2.834984
    70 -0.158381 -1.149773 5.804405 -0.486619 0.140757 0.242450
    71 1.078559 -2.386406 5.215008 -1.298787 0.886468 -0.047146
    72 6.289963 0.932404 13.569109 -0.126801 -0.612098 -2.869612
    73 -1.327759 -0.766682 12.396324 -0.036622 -0.013965 0.318631
    74 0.000017 -54.999996 0.000000 0.000000 0.000000 -1.570796
  time 91
    0 0.000000 0.000000 -1.500000 0.000000 0.000000 0.000000
    1 -10.521344 -5.760963 66.994621 3.097005 -0.050653 -3.139334
    2 -3.855215 2.687138 17.305988 -0.027159 0.521141 0.424281
    3 -0.000034 0.000012 24.761454 -1.107361 -0.128440 -0.266494
    4 0.000017 0.000000 24.344809 1.732538 -0.174418 -0.156502
    5 0.002333 -1.019846 24.031336 0.871941 -0.045706 -0.004899
    6 0.000034 0.000008 13.404741 -0.000001 -0.000009 -0.155503
    7 10.398263 -5.760962 66.994675 3.097005 0.050653 3.139334
    8 0.554538 -7.345058 18.400465 0.814318 -0.659761 0.349762
    9 -0.000004 -0.000006 24.761459 -1.820014 0.210853 -0.752427
    10 -0.000007 0.000004 24.344891 1.795258 0.099350 -0.098148
    11 -0.002360 -1.019903 24.031330 0.389594 -0.042695 -0.017219
    12 0.000000 -0.000002 13.404737 0.000001 0.000005 -0.402789
    13 -0.061540 -5.245835 72.927078 0.000000 0.000000 0.000000
    14 1.692782 -2.662467 -18.052986 0.004237 0.006249 -0.020361
    15 0.000000 -0.005608 -1.146812 0.219203 0.057607 -0.479363
    16 0.030770 -0.240000 8.906021 -0.004138 0.000000 0.000000
    17 -0.183576 -1.589036 -0.101964 0.222986 0.017682 -0.171908
    18 0.030770 -0.276858 8.905140 0.056125 0.004134 -0.000049
    19 0.108113 -1.046031 -0.063677 0.472264 0.048611 -0.007743
    20 5.669724 4.435303 14.302868 2.612397 -1.382793 0.940901
    21 -1.044571 -2.839317 19.743267 -0.309050 -0.830763 0.150942
    22 2.655533 -1.533369 24.792658 -0.458706 0.084425 -0.311014
    23 1.120163 -0.154394 9.796035 -0.035564 -0.000645 -0.309196
    24 2.240311 -0.308786 19.592051 -0.124847 -0.052013 -0.608534
    25 0.683151 2.877354 14.167051 -0.283295 -0.138821 1.384351
    26 0.144936 -0.145374 7.579252 -1.686542 -0.244223 0.220058
    27 0.091660 -0.906685 4.702850 -0.785194 -0.123974 0.051006
    28 0.506271 8.500866 13.617253 -0.024289 0.132493 1.328256
    29 -0.384987 -0.460049 7.003448 -1.273096 -0.456306 0.374131
    30 0.561516 -0.596954 5.061852 -1.101233 -0.353028 0.239874
    31 -2.452171 -8.899406 11.597897 -0.675949 -0.318028 1.076825
    32 0.680496 -0.903999 6.074253 -1.332230 0.146962 0.003911
    33 0.245514 -0.661150 3.388004 -0.721568 0.108300 -0.038191
    34 -0.717484 -3.784271 13.043911 -0.775891 -0.167931 1.373490
    35 1.099216 -1.407745 8.017889 -1.454014 0.024136 -0.006710
    36 0.068439 -0.807653 3.686054 -0.829181 0.013239 0.002173
    37 -4.004929 6.172707 4.754754 0.566775 0.992787 2.968978
    38 0.158352 -1.149811 5.804394 -0.289683 -0.202713 0.223434
    39 -1.083523 -1.463142 5.544399 -1.703242 -0.402677 0.246867
    40 -6.289886 0.932434 13.569063 -0.126803 0.612110 2.869610
    41 1.327774 -0.766687 12.396328 -0.018171 0.008584 -0.162763
    42 -0.096140 1.828087 23.185329 0.022554 -0.297080 -1.579763
    43 2.325478 -0.000003 6.169296 -0.390171 0.028425 1.748059
    44 0.000000 -3.152912 0.122169 1.983218 0.000000 0.000000
    45 1.068383 -10.478592 7.066338 0.292219 -1.282324 -3.141588
    46 0.000000 0.000000 2.279457 0.547137 -0.343566 0.107833
    47 2.479414 -8.323895 6.074242 -0.008855 0.007342 1.561876
    48 0.000003 -5.075260 5.105362 0.000000 0.000000 0.000000
    49 -1.068383 -10.478611 7.065971 0.292219 1.282324 3.141588
    50 -0.000488 0.000015 2.279600 0.547136 0.343566 0.107835
    51 -2.479401 -8.323895 6.074234 0.008854 0.007354 1.579716
    52 -5.790000 4.432083 14.255558 -2.803009 1.390147 -0.274511
    53 1.044540 -2.839314 19.743252 -0.776571 0.674661 -0.241049
    54 -2.655510 -1.533379 24.792648 -0.502878 -0.087694 0.516084
    55 -1.120216 -0.154385 9.795983 -0.017646 -0.001073 0.153396
    56 -2.240372 -0.308788 19.592047 -0.057738 0.146189 0.304262
    57 -0.683205 2.877342 14.167089 -0.405609 0.213033 -1.418298
    58 -0.144958 -0.145317 7.579308 -1.580817 0.306510 -0.176170
    59 -0.038551 -0.936644 4.697678 -1.116818 0.220309 -0.109928
    60 -0.506317 8.500896 13.617329 -0.053644 -0.092318 -1.327333
    61 0.385056 -0.460075 7.003435 -1.330190 0.587081 -0.314953
    62 -0.456360 -0.710276 5.057732 -1.364488 0.553875 -0.386829
    63 2.452194 -8.899408 11.597939 -0.981773 0.414213 -1.151920
    64 -0.680515 -0.903999 6.074242 -1.475446 -0.176008 -0.001527
    65 -0.248295 -0.666843 3.386627 -0.866578 -0.123885 0.051516
    66 0.717491 -3.784309 13.044010 -0.929951 0.189744 -1.407445
    67 -1.099228 -1.407673 8.017876 -1.574497 -0.021298 0.012856
    68 -0.064053 -0.807640 3.686100 -0.631645 -0.005002 -0.007162
    69 4.004906 6.172710 4.754800 0.374803 -1.050904 -2.833920
    70 -0.158381 -1.149773 5.804405 -0.481770 0.137663 0.242772
    71 1.078559 -2.386406 5.215008 -1.293389 0.882669 -0.046415
    72 6.289963 0.932404 13.569109 -0.126801 -0.612098 -2.869612
    73 -1.327759 -0.766682 12.396324 -0.036466 -0.013929 0.317336
    74 0.000017 -54.999996 0.000000 0.000000 0.000000 -1.570796
  time 92
    0 0.000000 0.000000 -1.500000 0.000000 0.000000 0.000000
    1 -10.521344 -5.760963 66.994621 3.097005 -0.050653 -3.139334
    2 -3.749743 2.625753 17.305988 -0.036108 0.519303 0.411130
    3 -0.000034 0.000012 24.761454 -1.106996 -0.128392 -0.254441
    4 0.000017 0.000000 24.344809 1.732600 -0.172561 -0.155314
    5 0.002333 -1.019846 24.031336 0.872949 -0.045706 -0.004946
    6 0.000034 0.000008 13.404741 -0.000001 -0.000009 -0.149386
    7 10.398263 -5.760962 66.994675 3.097005 0.050653 3.139334
    8 0.546725 -7.195186 18.377985 0.825835 -0.652080 0.336229
    9 -0.000004 -0.000006 24.761459 -1.818474 0.210674 -0.740476
    10 -0.000007 0.000004 24.344891 1.789385 0.098706 -0.098715
    11 -0.002360 -1.019903 24.031330 0.389594 -0.042695 -0.017219
    12 0.000000 -0.000002 13.404737 0.000001 0.000005 -0.396477
    13 -0.061540 -5.245835 72.927078 0.000000 0.000000 0.000000
    14 1.645905 -2.627530 -18.030455 0.003597 0.004150 -0.010692
    15 0.000000 -0.005608 -1.146812 0.219235 0.059254 -0.477081
    16 0.030770 -0.240000 8.906021 -0.004138 0.000000 0.000000
    17 -0.230453 -1.690602 -0.133215 0.242283 0.009022 -0.163961
    18 0.030770 -0.276858 8.905140 0.056125 0.004134 -0.000049
    19 0.131551 -1.010874 -0.055865 0.460755 0.056531 -0.005562
    20 5.669724 4.435303 14.302868 2.624551 -1.382582 0.938888
    21 -1.044571 -2.839317 19.743267 -0.358802 -0.808167 0.165945
    22 2.655533 -1.533369 24.792658 -0.470510 0.084579 -0.305191
    23 1.120163 -0.154394 9.796035 -0.035815 -0.000681 -0.311576
    24 2.240311 -0.308786 19.592051 -0.125021 -0.050908 -0.613361
    25 0.683151 2.877354 14.167051 -0.272927 -0.136987 1.383889
    26 0.144936 -0.145374 7.579252 -1.675623 -0.244271 0.217984
    27 0.091660 -0.906685 4.702850 -0.774617 -0.122488 0.049568
    28 0.506271 8.500866 13.617253 -0.011567 0.138030 1.329273
    29 -0.384987 -0.460049 7.003448 -1.257837 -0.455479 0.368258
    30 0.561516 -0.596954 5.061852 -1.086596 -0.351110 0.234661
    31 -2.452171 -8.899406 11.597897 -0.667646 -0.322230 1.077228
    32 0.680496 -0.903999 6.074253 -1.323664 0.146099 0.004343
    33 0.245514 -0.661150 3.388004 -0.712993 0.108049 -0.037532
    34 -0.717484 -3.784271 13.043911 -0.766896 -0.169848 1.372998
    35 1.099216 -1.407745 8.017889 -1.444468 0.023860 -0.006470
    36 0.068439 -0.807653 3.686054 -0.819977 0.012868 0.002245
    37 -4.004929 6.172707 4.754754 0.565424 0.993086 2.969169
    38 0.158352 -1.149811 5.804394 -0.284555 -0.201817 0.224428
    39 -1.083523 -1.463142 5.544399 -1.698063 -0.399081 0.247613
    40 -6.289886 0.932434 13.569063 -0.126803 0.612110 2.869610
    41 1.327774 -0.766687 12.396328 -0.018590 0.008764 -0.166529
    42 -0.096140 1.828087 23.185329 0.018342 -0.247177 -1.578173
    43 2.325478 -0.000003 6.169296 -0.469341 0.023505 1.723952
    44 0.000000 -3.152912 0.122169 1.983771 0.000000 0.000000
    45 1.068383 -10.478592 7.066338 0.292219 -1.282324 -3.141588
    46 0.000000 0.000000 2.279457 0.547137 -0.343566 0.107833
    47 2.479414 -8.323895 6.074242 -0.008855 0.007342 1.561876
    48 0.000003 -5.075260 5.105362 0.000000 0.000000 0.000000
    49 -1.068383 -10.478611 7.065971 0.292219 1.282324 3.141588
    50 -0.000488 0.000015 2.279600 0.547136 0.343566 0.107835
    51 -2.479401 -8.323895 6.074234 0.008854 0.007354 1.579716
    52 -5.790000 4.432083 14.255558 -2.813554 1.395173 -0.276332
    53 1.044540 -2.839314 19.743252 -0.756479 0.693019 -0.246465
    54 -2.655510 -1.533379 24.792648 -0.534583 -0.088496 0.520249
    55 -1.120216 -0.154385 9.795983 -0.017491 -0.001073 0.151981
    56 -2.240372 -0.308788 19.592047 -0.054607 0.150298 0.301942
    57 -0.683205 2.877342 14.167089 -0.396056 0.211302 -1.418029
    58 -0.144958 -0.145317 7.579308 -1.570572 0.306151 -0.173713
    59 -0.038551 -0.936644 4.697678 -1.106907 0.218799 -0.107903
    60 -0.506317 8.500896 13.617329 -0.045725 -0.096106 -1.328232
    61 0.385056 -0.460075 7.003435 -1.319355 0.586066 -0.309624
    62 -0.456360 -0.710276 5.057732 -1.353897 0.552581 -0.381634
    63 2.452194 -8.899408 11.597939 -0.968358 0.416955 -1.152492
    64 -0.680515 -0.903999 6.074242 -1.461648 -0.174678 -0.002581
    65 -0.248295 -0.666843 3.386627 -0.852715 -0.123393 0.050318
    66 0.717491 -3.784309 13.044010 -0.919140 0.191733 -1.407296
    67 -1.099228 -1.407673 8.017876 -1.563401 -0.021046 0.012556
    68 -0.064053 -0.807640 3.686100 -0.620559 -0.004619 -0.007198
    69 4.004906 6.172710 4.754800 0.387753 -1.050757 -2.832610
    70 -0.158381 -1.149773 5.804405 -0.475806 0.133802 0.243066
    71 1.078559 -2.386406 5.215008 -1.287417 0.878228 -0.045648
    72 6.289963 0.932404 13.569109 -0.126801 -0.612098 -2.869612
    73 -1.327759 -0.766682 12.396324 -0.036622 -0.013965 0.318585
    74 0.000017 -54.999996 0.000000 0.000000 0.000000 -1.570796
  time 93
    0 0.000000 0.000000 -1.500000 0.000000 0.000000 0.000000
    1 -10.521344 -5.760963 66.994621 3.097005 -0.050653 -3.139334
    2 -3.667709 2.588922 17.283563 -0.041916 0.517745 0.401999
    3 -0.000034 0.000012 24.761454 -1.106833 -0.128380 -0.245809
    4 0.000017 0.000000 24.344809 1.731860 -0.171068 -0.154320
    5 0.002333 -1.019846 24.031336 0.874181 -0.045694 -0.005006
    6 0.000034 0.000008 13.404741 -0.000001 -0.000009 -0.144977
    7 10.398263 -5.760962 66.994675 3.097005 0.050653 3.139334
    8 0.546725 -7.082781 18.355505 0.833598 -0.646410 0.326575
    9 -0.000004 -0.000006 24.761459 -1.816384 0.210446 -0.731576
    10 -0.000007 0.000004 24.344891 1.784609 0.098239 -0.098884
    11 -0.002360 -1.019903 24.031330 0.389594 -0.042695 -0.017219
    12 0.000000 -0.000002 13.404737 0.000001 0.000005 -0.391582
    13 -0.061540 -5.245835 72.927078 0.000000 0.000000 0.000000
    14 1.610748 -2.592592 -17.962861 0.002765 0.002395 -0.004507
    15 0.000000 -0.005608 -1.146812 0.219235 0.060948 -0.474880
    16 0.030770 -0.240000 8.906021 -0.004138 0.000000 0.000000
    17 -0.292954 -1.803887 -0.168372 0.263474 -0.004842 -0.145712
    18 0.030770 -0.276858 8.905140 0.056125 0.004134 -0.000049
    19 0.170615 -0.960091 -0.044146 0.446028 0.065150 -0.002422
    20 5.669724 4.435303 14.302868 2.640055 -1.382159 0.935055
    21 -1.044571 -2.839317 19.743267 -0.410804 -0.784006 0.179397
    22 2.655533 -1.533369 24.792658 -0.482791 0.084425 -0.287966
    23 1.120163 -0.154394 9.796035 -0.036079 -0.000729 -0.313749
    24 2.240311 -0.308786 19.592051 -0.127589 -0.052796 -0.617198
    25 0.683151 2.877354 14.167051 -0.260255 -0.134734 1.383352
    26 0.144936 -0.145374 7.579252 -1.662008 -0.244283 0.215468
    27 0.091660 -0.906685 4.702850 -0.761705 -0.120630 0.047831
    28 0.506271 8.500866 13.617253 0.003316 0.144489 1.330598
    29 -0.384987 -0.460049 7.003448 -1.239874 -0.454532 0.361703
    30 0.561516 -0.596954 5.061852 -1.069674 -0.348473 0.228716
    31 -2.452171 -8.899406 11.597897 -0.656710 -0.327329 1.077684
    32 0.680496 -0.903999 6.074253 -1.312283 0.144961 0.004858
    33 0.245514 -0.661150 3.388004 -0.701596 0.107689 -0.036681
    34 -0.717484 -3.784271 13.043911 -0.755298 -0.172281 1.372368
    35 1.099216 -1.407745 8.017889 -1.432515 0.023501 -0.006074
    36 0.068439 -0.807653 3.686054 -0.807930 0.012472 0.002328
    37 -4.004929 6.172707 4.754754 0.564253 0.993403 2.969457
    38 0.158352 -1.149811 5.804394 -0.277478 -0.200423 0.225819
    39 -1.083523 -1.463142 5.544399 -1.690477 -0.394839 0.248331
    40 -6.289886 0.932434 13.569063 -0.126803 0.612110 2.869610
    41 1.327774 -0.766687 12.396328 -0.018398 0.008692 -0.164822
    42 -0.096140 1.828087 23.185329 0.014216 -0.196668 -1.576400
    43 2.325478 -0.000003 6.169296 -0.550230 0.021002 1.700084
    44 0.000000 -3.152912 0.122169 1.985610 0.000000 0.000000
    45 1.068383 -10.478592 7.066338 0.292219 -1.282324 -3.141588
    46 0.000000 0.000000 2.279457 0.547137 -0.343566 0.107833
    47 2.479414 -8.323895 6.074242 -0.008855 0.007342 1.561876
    48 0.000003 -5.075260 5.105362 0.000000 0.000000 0.000000
    49 -1.068383 -10.478611 7.065971 0.292219 1.282324 3.141588
    50 -0.000488 0.000015 2.279600 0.547136 0.343566 0.107835
    51 -2.479401 -8.323895 6.074234 0.008854 0.007354 1.579716
    52 -5.790000 4.432083 14.255558 -2.828028 1.399493 -0.279206
    53 1.044540 -2.839314 19.743252 -0.720191 0.716549 -0.249622
    54 -2.655510 -1.533379 24.792648 -0.563671 -0.089298 0.530775
    55 -1.120216 -0.154385 9.795983 -0.017347 -0.001073 0.150757
    56 -2.240372 -0.308788 19.592047 -0.052774 0.153961 0.299794
    57 -0.683205 2.877342 14.167089 -0.386107 0.209411 -1.417862
    58 -0.144958 -0.145317 7.579308 -1.559783 0.305707 -0.171029
    59 -0.038551 -0.936644 4.697678 -1.096404 0.217289 -0.105758
    60 -0.506317 8.500896 13.617329 -0.037051 -0.100205 -1.329265
    61 0.385056 -0.460075 7.003435 -1.307959 0.584863 -0.303912
    62 -0.456360 -0.710276 5.057732 -1.342432 0.551244 -0.376017
    63 2.452194 -8.899408 11.597939 -0.954904 0.420231 -1.153470
    64 -0.680515 -0.903999 6.074242 -1.447419 -0.173288 -0.003648
    65 -0.248295 -0.666843 3.386627 -0.838518 -0.122890 0.049095
    66 0.717491 -3.784309 13.044010 -0.908131 0.193878 -1.407197
    67 -1.099228 -1.407673 8.017876 -1.551969 -0.020795 0.012281
    68 -0.064053 -0.807640 3.686100 -0.609136 -0.004187 -0.007210
    69 4.004906 6.172710 4.754800 0.402435 -1.050632 -2.831136
    70 -0.158381 -1.149773 5.804405 -0.469423 0.129695 0.243446
    71 1.078559 -2.386406 5.215008 -1.280585 0.873327 -0.044698
    72 6.289963 0.932404 13.569109 -0.126801 -0.612098 -2.869612
    73 -1.327759 -0.766682 12.396324 -0.036886 -0.014013 0.320667
    74 0.000017 -54.999996 0.000000 0.000000 0.000000 -1.570796
  time 94
    0 0.000000 0.000000 -1.500000 0.000000 0.000000 0.000000
    1 -10.521344 -5.760963 66.994621 3.097005 -0.050653 -3.139334
    2 -3.605207 2.552091 17.238714 -0.045946 0.516297 0.395402
    3 -0.000034 0.000012 24.761454 -1.106183 -0.128308 -0.239294
    4 0.000017 0.000000 24.344809 1.730134 -0.169823 -0.153542
    5 0.002333 -1.019846 24.031336 0.875562 -0.045694 -0.005066
    6 0.000034 0.000008 13.404741 -0.000001 -0.000009 -0.141708
    7 10.398263 -5.760962 66.994675 3.097005 0.050653 3.139334
    8 0.542819 -6.995356 18.310545 0.838461 -0.641800 0.319561
    9 -0.000004 -0.000006 24.761459 -1.813744 0.210134 -0.724542
    10 -0.000007 0.000004 24.344891 1.780672 0.097906 -0.098821
    11 -0.002360 -1.019903 24.031330 0.389594 -0.042695 -0.017219
    12 0.000000 -0.000002 13.404737 0.000001 0.000005 -0.387503
    13 -0.061540 -5.245835 72.927078 0.000000 0.000000 0.000000
    14 1.583403 -2.557655 -17.940330 0.001868 0.001105 -0.000423
    15 0.000000 -0.005608 -1.146812 0.219267 0.062626 -0.472733
    16 0.030770 -0.240000 8.906021 -0.004138 0.000000 0.000000
    17 -0.347644 -1.921078 -0.207436 0.285149 -0.016477 -0.133173
    18 0.030770 -0.276858 8.905140 0.056125 0.004134 -0.000049
    19 0.194053 -0.901496 -0.032426 0.426833 0.072021 -0.000852
    20 5.669724 4.435303 14.302868 2.655560 -1.381701 0.930743
    21 -1.044571 -2.839317 19.743267 -0.439472 -0.767881 0.185122
    22 2.655533 -1.533369 24.792658 -0.493120 0.084156 -0.268233
    23 1.120163 -0.154394 9.796035 -0.036295 -0.000764 -0.315646
    24 2.240311 -0.308786 19.592051 -0.132550 -0.057723 -0.620086
    25 0.683151 2.877354 14.167051 -0.245114 -0.132038 1.382765
    26 0.144936 -0.145374 7.579252 -1.646117 -0.244271 0.212471
    27 0.091660 -0.906685 4.702850 -0.746091 -0.118401 0.045769
    28 0.506271 8.500866 13.617253 0.020052 0.151827 1.332293
    29 -0.384987 -0.460049 7.003448 -1.219671 -0.453274 0.354164
    30 0.561516 -0.596954 5.061852 -1.050502 -0.345525 0.222029
    31 -2.452171 -8.899406 11.597897 -0.642737 -0.333284 1.078087
    32 0.680496 -0.903999 6.074253 -1.298166 0.143583 0.005409
    33 0.245514 -0.661150 3.388004 -0.687164 0.107114 -0.035614
    34 -0.717484 -3.784271 13.043911 -0.740924 -0.175229 1.371554
    35 1.099216 -1.407745 8.017889 -1.417885 0.023057 -0.005703
    36 0.068439 -0.807653 3.686054 -0.793111 0.011885 0.002412
    37 -4.004929 6.172707 4.754754 0.563262 0.993597 2.969744
    38 0.158352 -1.149811 5.804394 -0.267180 -0.198618 0.227856
    39 -1.083523 -1.463142 5.544399 -1.680118 -0.389685 0.249008
    40 -6.289886 0.932434 13.569063 -0.126803 0.612110 2.869610
    41 1.327774 -0.766687 12.396328 -0.017727 0.008428 -0.159047
    42 -0.096140 1.828087 23.185329 0.010364 -0.149346 -1.574535
    43 2.325478 -0.000003 6.169296 -0.625962 0.023100 1.687991
    44 0.000000 -3.152912 0.122169 1.989207 0.000000 0.000000
    45 1.068383 -10.478592 7.066338 0.292219 -1.282324 -3.141588
    46 0.000000 0.000000 2.279457 0.547137 -0.343566 0.107833
    47 2.479414 -8.323895 6.074242 -0.008855 0.007342 1.561876
    48 0.000003 -5.075260 5.105362 0.000000 0.000000 0.000000
    49 -1.068383 -10.478611 7.065971 0.292219 1.282324 3.141588
    50 -0.000488 0.000015 2.279600 0.547136 0.343566 0.107835
    51 -2.479401 -8.323895 6.074234 0.008854 0.007354 1.579716
    52 -5.790000 4.432083 14.255558 -2.844803 1.402816 -0.282943
    53 1.044540 -2.839314 19.743252 -0.683736 0.737451 -0.249758
    54 -2.655510 -1.533379 24.792648 -0.587173 -0.090036 0.536379
    55 -1.120216 -0.154385 9.795983 -0.017227 -0.001073 0.149723
    56 -2.240372 -0.308788 19.592047 -0.052545 0.157031 0.297990
    57 -0.683205 2.877342 14.167089 -0.376307 0.207561 -1.417850
    58 -0.144958 -0.145317 7.579308 -1.549212 0.305252 -0.168428
    59 -0.038551 -0.936644 4.697678 -1.086098 0.215791 -0.103660
    60 -0.506317 8.500896 13.617329 -0.028679 -0.104304 -1.330434
    61 0.385056 -0.460075 7.003435 -1.296520 0.583676 -0.298384
    62 -0.456360 -0.710276 5.057732 -1.331307 0.549670 -0.370593
    63 2.452194 -8.899408 11.597939 -0.942286 0.424041 -1.154923
    64 -0.680515 -0.903999 6.074242 -1.434160 -0.171957 -0.004619
    65 -0.248295 -0.666843 3.386627 -0.825196 -0.122399 0.047957
    66 0.717491 -3.784309 13.044010 -0.897469 0.196048 -1.407197
    67 -1.099228 -1.407673 8.017876 -1.541154 -0.020519 0.011993
    68 -0.064053 -0.807640 3.686100 -0.597994 -0.003804 -0.007210
    69 4.004906 6.172710 4.754800 0.418397 -1.050444 -2.829663
    70 -0.158381 -1.149773 5.804405 -0.462586 0.125286 0.243886
    71 1.078559 -2.386406 5.215008 -1.273992 0.868242 -0.044003
    72 6.289963 0.932404 13.569109 -0.126801 -0.612098 -2.869612
    73 -1.327759 -0.766682 12.396324 -0.036766 -0.013989 0.319788
    74 0.000017 -54.999996 0.000000 0.000000 0.000000 -1.570796
  time 95
    0 0.000000 0.000000 -1.500000 0.000000 0.000000 0.000000
    1 -10.521344 -5.760963 66.994621 3.097005 -0.050653 -3.139334
    2 -3.542706 2.539814 16.969620 -0.046288 0.513848 0.393654
    3 -0.000034 0.000012 24.761454 -1.100532 -0.127661 -0.234815
    4 0.000017 0.000000 24.344809 1.717496 -0.167944 -0.152051
    5 0.002333 -1.019846 24.031336 0.880528 -0.045682 -0.005294
    6 0.000034 0.000008 13.404741 -0.000001 -0.000009 -0.139472
    7 10.398263 -5.760962 66.994675 3.097005 0.050653 3.139334
    8 0.546725 -6.957888 18.108223 0.836243 -0.635582 0.316920
    9 -0.000004 -0.000006 24.761459 -1.802304 0.208816 -0.716467
    10 -0.000007 0.000004 24.344891 1.774153 0.097528 -0.097055
    11 -0.002360 -1.019903 24.031330 0.389594 -0.042695 -0.017219
    12 0.000000 -0.000002 13.404737 0.000001 0.000005 -0.381083
    13 -0.061540 -5.245835 72.927078 0.000000 0.000000 0.000000
    14 1.567778 -2.557655 -17.715019 -0.000948 0.000124 -0.002465
    15 0.000000 -0.005608 -1.146812 0.219331 0.067630 -0.467026
    16 0.030770 -0.240000 8.906021 -0.004138 0.000000 0.000000
    17 -0.437490 -2.202336 -0.324627 0.343925 -0.014489 -0.161246
    18 0.030770 -0.276858 8.905140 0.056125 0.004134 -0.000049
    19 0.194053 -0.631956 0.018356 0.332895 0.073523 -0.010236
    20 5.669724 4.435303 14.302868 2.673170 -1.380397 0.923172
    21 -1.044571 -2.839317 19.743267 -0.347159 -0.762819 0.153198
    22 2.655533 -1.533369 24.792658 -0.492512 0.082965 -0.227231
    23 1.120163 -0.154394 9.796035 -0.036702 -0.000836 -0.319406
    24 2.240311 -0.308786 19.592051 -0.143778 -0.078535 -0.624636
    25 0.683151 2.877354 14.167051 -0.179011 -0.120029 1.380629
    26 0.144936 -0.145374 7.579252 -1.577116 -0.243672 0.199564
    27 0.091660 -0.906685 4.702850 -0.679287 -0.108430 0.037368
    28 0.506271 8.500866 13.617253 0.076004 0.176807 1.339103
    29 -0.384987 -0.460049 7.003448 -1.140172 -0.446970 0.324814
    30 0.561516 -0.596954 5.061852 -0.977173 -0.333121 0.196873
    31 -2.452171 -8.899406 11.597897 -0.580412 -0.358518 1.079644
    32 0.680496 -0.903999 6.074253 -1.235709 0.137207 0.007938
    33 0.245514 -0.661150 3.388004 -0.624427 0.104813 -0.031036
    34 -0.717484 -3.784271 13.043911 -0.676853 -0.187921 1.367604
    35 1.099216 -1.407745 8.017889 -1.353233 0.021080 -0.004001
    36 0.068439 -0.807653 3.686054 -0.728469 0.009440 0.002736
    37 -4.004929 6.172707 4.754754 0.512369 1.025795 2.908889
    38 0.158352 -1.149811 5.804394 -0.217894 -0.190502 0.237851
    39 -1.083523 -1.463142 5.544399 -1.613517 -0.368197 0.249174
    40 -6.289886 0.932434 13.569063 -0.126803 0.612110 2.869610
    41 1.327774 -0.766687 12.396328 -0.014635 0.007206 -0.132031
    42 -0.096140 1.828087 23.185329 0.001683 -0.065760 -1.568879
    43 2.325478 -0.000003 6.169296 -0.767016 0.027976 1.703477
    44 0.000000 -3.152912 0.122169 2.038617 0.000000 0.000000
    45 1.068383 -10.478592 7.066338 0.292219 -1.282324 -3.141588
    46 0.000000 0.000000 2.279457 0.547137 -0.343566 0.107833
    47 2.479414 -8.323895 6.074242 -0.008855 0.007342 1.561876
    48 0.000003 -5.075260 5.105362 0.000000 0.000000 0.000000
    49 -1.068383 -10.478611 7.065971 0.292219 1.282324 3.141588
    50 -0.000488 0.000015 2.279600 0.547136 0.343566 0.107835
    51 -2.479401 -8.323895 6.074234 0.008854 0.007354 1.579716
    52 -5.790000 4.432083 14.255558 -2.894362 1.405516 -0.294920
    53 1.044540 -2.839314 19.743252 -0.601810 0.766154 -0.237402
    54 -2.655510 -1.533379 24.792648 -0.634781 -0.091926 0.482308
    55 -1.120216 -0.154385 9.795983 -0.017047 -0.001073 0.148118
    56 -2.240372 -0.308788 19.592047 -0.070644 0.164951 0.292405
    57 -0.683205 2.877342 14.167089 -0.354577 0.202666 -1.419491
    58 -0.144958 -0.145317 7.579308 -1.520222 0.303862 -0.161297
    59 -0.038551 -0.936644 4.697678 -1.063563 0.212411 -0.099130
    60 -0.506317 8.500896 13.617329 -0.010728 -0.114059 -1.333983
    61 0.385056 -0.460075 7.003435 -1.270059 0.580701 -0.285521
    62 -0.456360 -0.710276 5.057732 -1.300506 0.545250 -0.355674
    63 2.452194 -8.899408 11.597939 -0.917646 0.438795 -1.163408
    64 -0.680515 -0.903999 6.074242 -1.406564 -0.169177 -0.006596
    65 -0.248295 -0.666843 3.386627 -0.797345 -0.121356 0.045584
    66 0.717491 -3.784309 13.044010 -0.873407 0.202028 -1.408090
    67 -1.099228 -1.407673 8.017876 -1.514256 -0.019872 0.011286
    68 -0.064053 -0.807640 3.686100 -0.573178 -0.002965 -0.007222
    69 4.004906 6.172710 4.754800 0.470800 -1.049650 -2.824505
    70 -0.158381 -1.149773 5.804405 -0.442530 0.112992 0.245527
    71 1.078559 -2.386406 5.215008 -1.254977 0.852344 -0.042871
    72 6.289963 0.932404 13.569109 -0.126801 -0.612098 -2.869612
    73 -1.327759 -0.766682 12.396324 -0.032715 -0.013090 0.286107
    74 0.000017 -54.999996 0.000000 0.000000 0.000000 -1.570796
end
