// Created by Crowbar 0.74
version 1
nodes
  0 "root" -1
  1 "g_r_hip_offset" 0
  2 "g_r_hip" 1
  3 "g_r_knee" 2
  4 "g_r_ankle" 3
  5 "g_r_ball" 4
  6 "g_r_thightwist" 2
  7 "g_l_hip_offset" 0
  8 "g_l_hip" 7
  9 "g_l_knee" 8
  10 "g_l_ankle" 9
  11 "g_l_ball" 10
  12 "g_l_thightwist" 8
  13 "g_spine01_offset" 0
  14 "g_spine01" 13
  15 "g_pelvis" 14
  16 "g_spine02_offset" 14
  17 "g_spine02" 16
  18 "g_spine03_offset" 17
  19 "g_spine03" 18
  20 "g_l_clavical" 19
  21 "g_l_shoulder" 20
  22 "g_l_elbow" 21
  23 "g_l_forarm" 22
  24 "g_l_wrist" 22
  25 "g_l_birdy1" 24
  26 "g_l_birdy2" 25
  27 "g_l_birdy3" 26
  28 "g_l_index1" 24
  29 "g_l_index2" 28
  30 "g_l_index3" 29
  31 "g_l_pinky1" 24
  32 "g_l_pinky2" 31
  33 "g_l_pinky3" 32
  34 "g_l_ring1" 24
  35 "g_l_ring2" 34
  36 "g_l_ring3" 35
  37 "g_l_thumb1" 24
  38 "g_l_thumb2" 37
  39 "g_l_thumb3" 38
  40 "g_l_palm" 24
  41 "g_l_biceptwist" 21
  42 "g_neck" 19
  43 "g_head" 42
  44 "g_jaw" 43
  45 "g_l_brow" 43
  46 "g_l_brow2" 45
  47 "g_l_eye" 43
  48 "g_topeyelid" 43
  49 "g_r_brow" 43
  50 "g_r_brow2" 49
  51 "g_r_eye" 43
  52 "g_r_clavical" 19
  53 "g_r_shoulder" 52
  54 "g_r_elbow" 53
  55 "g_r_forarm" 54
  56 "g_r_wrist" 54
  57 "g_r_birdy1" 56
  58 "g_r_birdy2" 57
  59 "g_r_birdy3" 58
  60 "g_r_index1" 56
  61 "g_r_index2" 60
  62 "g_r_index3" 61
  63 "g_r_pinky1" 56
  64 "g_r_pinky2" 63
  65 "g_r_pinky3" 64
  66 "g_r_ring1" 56
  67 "g_r_ring2" 66
  68 "g_r_ring3" 67
  69 "g_r_thumb1" 56
  70 "g_r_thumb2" 69
  71 "g_r_thumb3" 70
  72 "g_r_palm" 56
  73 "g_r_biceptwist" 53
  74 "g_throwable_attach_offset" 0
end
skeleton
  time 0
    0 0.000000 0.000000 -1.500000 0.000000 0.000000 0.000000
    1 -10.521344 -5.760963 66.994621 3.097005 -0.050653 -3.139334
    2 1.816833 12.226360 -32.005575 -0.446433 0.206299 -0.116557
    3 -0.000034 0.000012 24.761454 -1.058092 -0.122747 0.105751
    4 0.000017 0.000000 24.344809 0.505762 0.034638 0.059150
    5 0.002333 -1.019846 24.031336 0.043648 -0.034309 0.030899
    6 0.000034 0.000008 13.404741 -0.000001 -0.000009 0.041193
    7 10.398263 -5.760962 66.994675 3.097005 0.050653 3.139334
    8 -1.371302 12.575489 -31.303193 -0.117011 -0.214979 0.078282
    9 -0.000004 -0.000006 24.761459 -0.868669 0.100847 -0.147038
    10 -0.000007 0.000004 24.344891 0.497302 0.083307 0.015626
    11 -0.002360 -1.019903 24.031330 0.206205 -0.045116 -0.009273
    12 0.000000 -0.000002 13.404737 0.000001 0.000005 -0.047212
    13 -0.061540 -5.245835 72.927078 0.000000 0.000000 0.000000
    14 0.005230 8.249549 31.830869 0.504431 0.013991 0.011708
    15 0.000000 -0.005608 -1.146812 -0.043822 0.020606 -0.004095
    16 0.030770 -0.240000 8.906021 -0.004138 0.000000 0.000000
    17 -0.160138 -2.846887 -0.336346 0.427511 -0.049483 0.032112
    18 0.030770 -0.276858 8.905140 0.056125 0.004134 -0.000049
    19 0.143270 -0.206162 0.330866 0.143483 0.043982 -0.059265
    20 5.669724 4.435303 14.302868 -0.441284 -1.446638 -2.116189
    21 -1.044571 -2.839317 19.743267 0.061621 -0.779936 0.005087
    22 2.655533 -1.533369 24.792658 -1.002682 0.082273 0.261559
    23 1.120163 -0.154394 9.796035 -0.030314 0.000146 -0.263389
    24 2.240311 -0.308786 19.592051 -0.204965 -0.002653 -0.505473
    25 0.683151 2.877354 14.167051 -1.709525 -0.207385 1.590337
    26 0.144936 -0.145374 7.579252 -1.595961 -0.243922 0.203087
    27 0.091660 -0.906685 4.702850 -1.417418 -0.179862 0.158257
    28 0.506271 8.500866 13.617253 -1.613964 -0.240865 1.579486
    29 -0.384987 -0.460049 7.003448 -1.757448 -0.386771 0.547991
    30 0.561516 -0.596954 5.061852 -1.314510 -0.374720 0.318097
    31 -2.452171 -8.899406 11.597897 -1.694531 -0.119315 1.270059
    32 0.680496 -0.903999 6.074253 -1.459886 0.159236 -0.002977
    33 0.245514 -0.661150 3.388004 -1.316250 0.113248 -0.085962
    34 -0.717484 -3.784271 13.043911 -1.784842 -0.001911 1.448920
    35 1.099216 -1.407745 8.017889 -1.614781 0.028416 -0.011660
    36 0.068439 -0.807653 3.686054 -1.298544 0.029359 -0.005367
    37 -4.004929 6.172707 4.754754 -0.005300 1.045494 2.635522
    38 0.158352 -1.149811 5.804394 -1.116691 -0.455950 0.152808
    39 -1.083523 -1.463142 5.544399 -1.096304 -0.298267 -0.042600
    40 -6.289886 0.932434 13.569063 -0.126803 0.612110 2.869610
    41 1.327774 -0.766687 12.396328 0.011431 -0.007463 0.110562
    42 -0.096140 1.828087 23.185329 -0.000714 -0.112923 -1.529135
    43 2.325478 -0.000003 6.169296 -0.850675 0.003104 1.554763
    44 0.000000 -3.152912 0.122169 1.961017 0.000000 0.000000
    45 1.068383 -10.478592 7.066338 0.292219 -1.282324 -3.141588
    46 0.000000 0.000000 2.279457 0.547137 -0.343566 0.107833
    47 2.479414 -8.323895 6.074242 -0.008855 0.007342 1.561876
    48 0.000003 -5.075260 5.105362 0.000000 0.000000 0.000000
    49 -1.068383 -10.478611 7.065971 0.292219 1.282324 3.141588
    50 -0.000488 0.000015 2.279600 0.547136 0.343566 0.107835
    51 -2.479401 -8.323895 6.074234 0.008854 0.007354 1.579716
    52 -5.790000 4.432083 14.255558 -0.577386 1.461342 2.154694
    53 1.044540 -2.839314 19.743252 0.017646 0.932902 -0.008576
    54 -2.655510 -1.533379 24.792648 -0.686516 -0.041371 -0.433800
    55 -1.120216 -0.154385 9.795983 -0.025029 -0.000713 0.217434
    56 -2.240372 -0.308788 19.592047 -0.131127 0.056835 0.421973
    57 -0.683205 2.877342 14.167089 -1.813699 0.202330 -1.608736
    58 -0.144958 -0.145317 7.579308 -1.703914 0.309303 -0.207006
    59 -0.038551 -0.936644 4.697678 -1.518550 0.258923 -0.201838
    60 -0.506317 8.500896 13.617329 -1.648180 0.227614 -1.751390
    61 0.385056 -0.460075 7.003435 -1.902897 0.582721 -0.590094
    62 -0.456360 -0.710276 5.057732 -1.410544 0.559028 -0.409524
    63 2.452194 -8.899408 11.597939 -1.843283 0.075630 -1.305524
    64 -0.680515 -0.903999 6.074242 -1.562167 -0.184086 0.005460
    65 -0.248295 -0.666843 3.386627 -1.419547 -0.128987 0.102399
    66 0.717491 -3.784309 13.044010 -1.885663 -0.010806 -1.438635
    67 -1.099228 -1.407673 8.017876 -1.717045 -0.024302 0.016738
    68 -0.064053 -0.807640 3.686100 -1.400717 -0.029763 0.004449
    69 4.004906 6.172710 4.754800 -0.120558 -0.991435 -2.751490
    70 -0.158381 -1.149773 5.804405 -0.965762 0.641116 0.235792
    71 1.078559 -2.386406 5.215008 -1.032248 0.626656 0.155505
    72 6.289963 0.932404 13.569109 -0.126801 -0.612098 -2.869612
    73 -1.327759 -0.766682 12.396324 0.021994 0.016177 -0.221094
    74 0.000017 -54.999996 0.000000 0.000000 0.000000 -1.570796
  time 1
    0 0.000000 0.000000 -1.500000 0.000000 0.000000 0.000000
    1 -10.521344 -5.760963 66.994621 3.097005 -0.050653 -3.139334
    2 1.726987 11.587956 -33.373472 -0.400659 0.239033 -0.194893
    3 -0.000034 0.000012 24.761454 -1.314479 -0.152397 0.170004
    4 0.000017 0.000000 24.344809 0.703464 -0.020659 0.051739
    5 0.002333 -1.019846 24.031336 -0.121854 -0.028736 0.036257
    6 0.000034 0.000008 13.404741 -0.000001 -0.000009 0.066378
    7 10.398263 -5.760962 66.994675 3.097005 0.050653 3.139334
    8 -1.609591 13.137510 -33.618651 -0.336002 -0.247280 0.035126
    9 -0.000004 -0.000006 24.761459 -0.992138 0.115120 -0.061804
    10 -0.000007 0.000004 24.344891 0.717769 0.076552 0.009299
    11 -0.002360 -1.019903 24.031330 0.080082 -0.045931 -0.003641
    12 0.000000 -0.000002 13.404737 0.000001 0.000005 -0.014128
    13 -0.061540 -5.245835 72.927078 0.000000 0.000000 0.000000
    14 0.005230 8.261195 33.700950 0.514001 0.015402 0.012188
    15 0.000000 -0.005608 -1.146812 -0.087490 0.004121 0.068463
    16 0.030770 -0.240000 8.906021 -0.004138 0.000000 0.000000
    17 -0.109355 -1.991392 0.066010 0.282835 -0.035050 0.040419
    18 0.030770 -0.276858 8.905140 0.056125 0.004134 -0.000049
    19 0.096394 -0.198349 0.408993 0.105950 0.028101 -0.058738
    20 5.669724 4.435303 14.302868 0.702877 -1.369298 3.073677
    21 -1.044571 -2.839317 19.743267 0.154569 -0.583985 0.004748
    22 2.655533 -1.533369 24.792658 -0.758403 0.059140 0.295445
    23 1.120163 -0.154394 9.796035 -0.030314 0.000146 -0.263389
    24 2.240311 -0.308786 19.592051 -0.204965 -0.002699 -0.505473
    25 0.683151 2.877354 14.167051 -1.709525 -0.207385 1.590337
    26 0.144936 -0.145374 7.579252 -1.595961 -0.243922 0.203087
    27 0.091660 -0.906685 4.702850 -1.417418 -0.179862 0.158257
    28 0.506271 8.500866 13.617253 -1.613964 -0.240865 1.579486
    29 -0.384987 -0.460049 7.003448 -1.757448 -0.386771 0.547991
    30 0.561516 -0.596954 5.061852 -1.314510 -0.374708 0.318097
    31 -2.452171 -8.899406 11.597897 -1.694531 -0.119315 1.270059
    32 0.680496 -0.903999 6.074253 -1.459886 0.159236 -0.002977
    33 0.245514 -0.661150 3.388004 -1.316250 0.113248 -0.085962
    34 -0.717484 -3.784271 13.043911 -1.784842 -0.001911 1.448920
    35 1.099216 -1.407745 8.017889 -1.614781 0.028416 -0.011660
    36 0.068439 -0.807653 3.686054 -1.298544 0.029359 -0.005367
    37 -4.004929 6.172707 4.754754 -0.005300 1.045494 2.635522
    38 0.158352 -1.149811 5.804394 -1.116691 -0.455965 0.152808
    39 -1.083523 -1.463142 5.544399 -1.096357 -0.298267 -0.042600
    40 -6.289886 0.932434 13.569063 -0.126803 0.612110 2.869610
    41 1.327774 -0.766687 12.396328 0.011983 -0.007883 0.115935
    42 -0.096140 1.828087 23.185329 -0.015284 -0.020765 -1.532376
    43 2.325478 -0.000003 6.169296 -0.687082 -0.019164 1.553725
    44 0.000000 -3.152912 0.122169 1.961017 0.000000 0.000000
    45 1.068383 -10.478592 7.066338 0.292219 -1.282324 -3.141588
    46 0.000000 0.000000 2.279457 0.547137 -0.343566 0.107833
    47 2.479414 -8.323895 6.074242 -0.008855 0.007342 1.561876
    48 0.000003 -5.075260 5.105362 0.000000 0.000000 0.000000
    49 -1.068383 -10.478611 7.065971 0.292219 1.282324 3.141588
    50 -0.000488 0.000015 2.279600 0.547136 0.343566 0.107835
    51 -2.479401 -8.323895 6.074234 0.008854 0.007354 1.579716
    52 -5.790000 4.432083 14.255558 -0.195776 1.430563 2.447985
    53 1.044540 -2.839314 19.743252 -0.046359 0.807576 -0.045698
    54 -2.655510 -1.533379 24.792648 -0.707351 -0.052269 -0.328989
    55 -1.120216 -0.154385 9.795983 -0.025029 -0.000713 0.217325
    56 -2.240372 -0.308788 19.592047 -0.130974 0.056835 0.421801
    57 -0.683205 2.877342 14.167089 -1.813699 0.202330 -1.608736
    58 -0.144958 -0.145317 7.579308 -1.703914 0.309303 -0.206994
    59 -0.038551 -0.936644 4.697678 -1.518550 0.258923 -0.201838
    60 -0.506317 8.500896 13.617329 -1.648180 0.227614 -1.751390
    61 0.385056 -0.460075 7.003435 -1.902897 0.582721 -0.590094
    62 -0.456360 -0.710276 5.057732 -1.410544 0.559028 -0.409524
    63 2.452194 -8.899408 11.597939 -1.843283 0.075630 -1.305524
    64 -0.680515 -0.903999 6.074242 -1.562167 -0.184086 0.005449
    65 -0.248295 -0.666843 3.386627 -1.419547 -0.128987 0.102399
    66 0.717491 -3.784309 13.044010 -1.885663 -0.010806 -1.438635
    67 -1.099228 -1.407673 8.017876 -1.717045 -0.024302 0.016738
    68 -0.064053 -0.807640 3.686100 -1.400717 -0.029763 0.004449
    69 4.004906 6.172710 4.754800 -0.120558 -0.991435 -2.751490
    70 -0.158381 -1.149773 5.804405 -0.965762 0.641116 0.235792
    71 1.078559 -2.386406 5.215008 -1.032248 0.626656 0.155505
    72 6.289963 0.932404 13.569109 -0.126801 -0.612098 -2.869612
    73 -1.327759 -0.766682 12.396324 0.015391 0.010508 -0.150818
    74 0.000017 -54.999996 0.000000 0.000000 0.000000 -1.570796
  time 2
    0 0.000000 0.000000 -1.500000 0.000000 0.000000 0.000000
    1 -10.521344 -5.760963 66.994621 3.097005 -0.050653 -3.139334
    2 1.676204 11.268755 -34.831067 -0.254456 0.322788 -0.241554
    3 -0.000034 0.000012 24.761454 -1.649769 -0.191156 0.199362
    4 0.000017 0.000000 24.344809 0.971752 -0.118940 -0.003984
    5 0.002333 -1.019846 24.031336 -0.203914 -0.025668 0.038558
    6 0.000034 0.000008 13.404741 -0.000001 -0.000009 0.063847
    7 10.398263 -5.760962 66.994675 3.097005 0.050653 3.139334
    8 -1.761939 13.462234 -35.619386 -0.554907 -0.276398 0.026049
    9 -0.000004 -0.000006 24.761459 -0.906672 0.105233 -0.013428
    10 -0.000007 0.000004 24.344891 0.745779 0.085307 0.016130
    11 -0.002360 -1.019903 24.031330 0.022770 -0.046063 -0.001040
    12 0.000000 -0.000002 13.404737 0.000001 0.000005 -0.002942
    13 -0.061540 -5.245835 72.927078 0.000000 0.000000 0.000000
    14 0.005230 8.272840 35.458376 0.520914 0.016537 0.012068
    15 0.000000 -0.005608 -1.146812 -0.112242 -0.005243 0.108845
    16 0.030770 -0.240000 8.906021 -0.004138 0.000000 0.000000
    17 -0.078104 -1.323403 0.288673 0.177657 -0.025326 0.046329
    18 0.030770 -0.276858 8.905140 0.056125 0.004134 -0.000049
    19 0.057330 -0.186630 0.455870 0.074280 0.015244 -0.057839
    20 5.669724 4.435303 14.302868 0.993727 -1.232553 2.821443
    21 -1.044571 -2.839317 19.743267 0.105404 -0.444497 0.040874
    22 2.655533 -1.533369 24.792658 -0.580477 0.043731 0.337579
    23 1.120163 -0.154394 9.796035 -0.030338 0.000134 -0.263596
    24 2.240311 -0.308786 19.592051 -0.205139 -0.002146 -0.505948
    25 0.683151 2.877354 14.167051 -1.709525 -0.207397 1.590337
    26 0.144936 -0.145374 7.579252 -1.595961 -0.243922 0.203087
    27 0.091660 -0.906685 4.702850 -1.417418 -0.179862 0.158257
    28 0.506271 8.500866 13.617253 -1.613964 -0.240865 1.579486
    29 -0.384987 -0.460049 7.003448 -1.757448 -0.386771 0.547979
    30 0.561516 -0.596954 5.061852 -1.314510 -0.374720 0.318097
    31 -2.452171 -8.899406 11.597897 -1.694531 -0.119315 1.270059
    32 0.680496 -0.903999 6.074253 -1.459886 0.159236 -0.002977
    33 0.245514 -0.661150 3.388004 -1.316250 0.113248 -0.085962
    34 -0.717484 -3.784271 13.043911 -1.784842 -0.001911 1.448920
    35 1.099216 -1.407745 8.017889 -1.614781 0.028416 -0.011660
    36 0.068439 -0.807653 3.686054 -1.298544 0.029359 -0.005367
    37 -4.004929 6.172707 4.754754 -0.005300 1.045494 2.635522
    38 0.158352 -1.149811 5.804394 -1.116691 -0.455965 0.152796
    39 -1.083523 -1.463142 5.544399 -1.096357 -0.298267 -0.042600
    40 -6.289886 0.932434 13.569063 -0.126803 0.612110 2.869610
    41 1.327774 -0.766687 12.396328 0.011863 -0.007799 0.114830
    42 -0.096140 1.828087 23.185329 -0.022818 0.025091 -1.534914
    43 2.325478 -0.000003 6.169296 -0.561069 -0.026384 1.549973
    44 0.000000 -3.152912 0.122169 1.961017 0.000000 0.000000
    45 1.068383 -10.478592 7.066338 0.292219 -1.282324 -3.141588
    46 0.000000 0.000000 2.279457 0.547137 -0.343566 0.107833
    47 2.479414 -8.323895 6.074242 -0.008855 0.007342 1.561876
    48 0.000003 -5.075260 5.105362 0.000000 0.000000 0.000000
    49 -1.068383 -10.478611 7.065971 0.292219 1.282324 3.141588
    50 -0.000488 0.000015 2.279600 0.547136 0.343566 0.107835
    51 -2.479401 -8.323895 6.074234 0.008854 0.007354 1.579716
    52 -5.790000 4.432083 14.255558 0.032844 1.422962 2.635687
    53 1.044540 -2.839314 19.743252 -0.104965 0.658889 -0.069484
    54 -2.655510 -1.533379 24.792648 -0.719630 -0.062131 -0.218726
    55 -1.120216 -0.154385 9.795983 -0.025101 -0.000713 0.218060
    56 -2.240372 -0.308788 19.592047 -0.131814 0.057132 0.423176
    57 -0.683205 2.877342 14.167089 -1.813699 0.202330 -1.608736
    58 -0.144958 -0.145317 7.579308 -1.703914 0.309303 -0.206994
    59 -0.038551 -0.936644 4.697678 -1.518649 0.258935 -0.201838
    60 -0.506317 8.500896 13.617329 -1.648180 0.227614 -1.751390
    61 0.385056 -0.460075 7.003435 -1.902897 0.582721 -0.590094
    62 -0.456360 -0.710276 5.057732 -1.410495 0.559028 -0.409524
    63 2.452194 -8.899408 11.597939 -1.843283 0.075630 -1.305524
    64 -0.680515 -0.903999 6.074242 -1.562167 -0.184086 0.005449
    65 -0.248295 -0.666843 3.386627 -1.419547 -0.128987 0.102399
    66 0.717491 -3.784309 13.044010 -1.885663 -0.010806 -1.438623
    67 -1.099228 -1.407673 8.017876 -1.717045 -0.024302 0.016738
    68 -0.064053 -0.807640 3.686100 -1.400717 -0.029763 0.004449
    69 4.004906 6.172710 4.754800 -0.120558 -0.991435 -2.751490
    70 -0.158381 -1.149773 5.804405 -0.965762 0.641116 0.235792
    71 1.078559 -2.386406 5.215008 -1.032248 0.626656 0.155505
    72 6.289963 0.932404 13.569109 -0.126801 -0.612098 -2.869612
    73 -1.327759 -0.766682 12.396324 0.007865 0.004935 -0.075175
    74 0.000017 -54.999996 0.000000 0.000000 0.000000 -1.570796
  time 3
    0 0.000000 0.000000 -1.500000 0.000000 0.000000 0.000000
    1 -10.521344 -5.760963 66.994621 3.097005 -0.050653 -3.139334
    2 1.707455 11.170539 -36.378360 -0.066374 0.420628 -0.250423
    3 -0.000034 0.000012 24.761454 -1.948758 -0.225683 0.208402
    4 0.000017 0.000000 24.344809 1.217107 -0.203911 -0.099094
    5 0.002333 -1.019846 24.031336 -0.209066 -0.025452 0.038677
    6 0.000034 0.000008 13.404741 -0.000001 -0.000009 0.045327
    7 10.398263 -5.760962 66.994675 3.097005 0.050653 3.139334
    8 -1.855692 13.624596 -37.305399 -0.616160 -0.300285 0.027122
    9 -0.000004 -0.000006 24.761459 -0.958149 0.111213 0.019015
    10 -0.000007 0.000004 24.344891 0.751588 0.088151 0.016550
    11 -0.002360 -1.019903 24.031330 0.016110 -0.046075 -0.000728
    12 0.000000 -0.000002 13.404737 0.000001 0.000005 0.009424
    13 -0.061540 -5.245835 72.927078 0.000000 0.000000 0.000000
    14 0.005230 8.249549 37.058084 0.525394 0.017501 0.011227
    15 0.000000 -0.005608 -1.146812 -0.125990 -0.006686 0.124607
    16 0.030770 -0.240000 8.906021 -0.004138 0.000000 0.000000
    17 -0.078104 -0.874171 0.390239 0.109075 -0.021819 0.049284
    18 0.030770 -0.276858 8.905140 0.056125 0.004134 -0.000049
    19 0.045611 -0.167098 0.475402 0.048758 0.010163 -0.057407
    20 5.669724 4.435303 14.302868 0.999182 -1.059375 2.729347
    21 -1.044571 -2.839317 19.743267 0.102860 -0.425815 0.044399
    22 2.655533 -1.533369 24.792658 -0.465346 0.031857 0.394594
    23 1.120163 -0.154394 9.796035 -0.030398 0.000134 -0.264148
    24 2.240311 -0.308786 19.592051 -0.205226 -0.000074 -0.507214
    25 0.683151 2.877354 14.167051 -1.709525 -0.207397 1.590337
    26 0.144936 -0.145374 7.579252 -1.595961 -0.243922 0.203087
    27 0.091660 -0.906685 4.702850 -1.417418 -0.179862 0.158257
    28 0.506271 8.500866 13.617253 -1.613964 -0.240865 1.579486
    29 -0.384987 -0.460049 7.003448 -1.757448 -0.386771 0.547979
    30 0.561516 -0.596954 5.061852 -1.314510 -0.374732 0.318097
    31 -2.452171 -8.899406 11.597897 -1.694531 -0.119315 1.270059
    32 0.680496 -0.903999 6.074253 -1.459886 0.159236 -0.002977
    33 0.245514 -0.661150 3.388004 -1.316250 0.113248 -0.085962
    34 -0.717484 -3.784271 13.043911 -1.784842 -0.001911 1.448920
    35 1.099216 -1.407745 8.017889 -1.614781 0.028416 -0.011660
    36 0.068439 -0.807653 3.686054 -1.298544 0.029359 -0.005367
    37 -4.004929 6.172707 4.754754 -0.005300 1.045494 2.635522
    38 0.158352 -1.149811 5.804394 -1.116691 -0.455965 0.152796
    39 -1.083523 -1.463142 5.544399 -1.096357 -0.298267 -0.042600
    40 -6.289886 0.932434 13.569063 -0.126803 0.612110 2.869610
    41 1.327774 -0.766687 12.396328 0.014895 -0.010124 0.145663
    42 -0.096140 1.828087 23.185329 -0.023554 0.029011 -1.536381
    43 2.325478 -0.000003 6.169296 -0.470296 -0.024662 1.549135
    44 0.000000 -3.152912 0.122169 1.961017 0.000000 0.000000
    45 1.068383 -10.478592 7.066338 0.292219 -1.282324 -3.141588
    46 0.000000 0.000000 2.279457 0.547137 -0.343566 0.107833
    47 2.479414 -8.323895 6.074242 -0.008855 0.007342 1.561876
    48 0.000003 -5.075260 5.105362 0.000000 0.000000 0.000000
    49 -1.068383 -10.478611 7.065971 0.292219 1.282324 3.141588
    50 -0.000488 0.000015 2.279600 0.547136 0.343566 0.107835
    51 -2.479401 -8.323895 6.074234 0.008854 0.007354 1.579716
    52 -5.790000 4.432083 14.255558 -6.009449 1.432183 -3.397323
    53 1.044540 -2.839314 19.743252 -0.109863 0.528518 -0.072641
    54 -2.655510 -1.533379 24.792648 -0.669305 -0.067334 -0.109523
    55 -1.120216 -0.154385 9.795983 -0.025317 -0.000689 0.219991
    56 -2.240372 -0.308788 19.592047 -0.134716 0.058617 0.426699
    57 -0.683205 2.877342 14.167089 -1.813699 0.202330 -1.608736
    58 -0.144958 -0.145317 7.579308 -1.703914 0.309303 -0.206994
    59 -0.038551 -0.936644 4.697678 -1.518550 0.258923 -0.201838
    60 -0.506317 8.500896 13.617329 -1.648180 0.227614 -1.751390
    61 0.385056 -0.460075 7.003435 -1.902897 0.582721 -0.590094
    62 -0.456360 -0.710276 5.057732 -1.410495 0.559028 -0.409524
    63 2.452194 -8.899408 11.597939 -1.843283 0.075630 -1.305524
    64 -0.680515 -0.903999 6.074242 -1.562167 -0.184086 0.005449
    65 -0.248295 -0.666843 3.386627 -1.419547 -0.128987 0.102399
    66 0.717491 -3.784309 13.044010 -1.885663 -0.010806 -1.438623
    67 -1.099228 -1.407673 8.017876 -1.717045 -0.024302 0.016738
    68 -0.064053 -0.807640 3.686100 -1.400717 -0.029763 0.004449
    69 4.004906 6.172710 4.754800 -0.120558 -0.991435 -2.751490
    70 -0.158381 -1.149773 5.804405 -0.965762 0.641116 0.235792
    71 1.078559 -2.386406 5.215008 -1.032248 0.626656 0.155505
    72 6.289963 0.932404 13.569109 -0.126801 -0.612098 -2.869612
    73 -1.327759 -0.766682 12.396324 0.000997 0.000585 -0.009432
    74 0.000017 -54.999996 0.000000 0.000000 0.000000 -1.570796
  time 4
    0 0.000000 0.000000 -1.500000 0.000000 0.000000 0.000000
    1 -10.521344 -5.760963 66.994621 3.097005 -0.050653 -3.139334
    2 1.746518 11.010938 -37.791106 0.091033 0.501155 -0.243651
    3 -0.000034 0.000012 24.761454 -2.143314 -0.248142 0.226847
    4 0.000017 0.000000 24.344809 1.375602 -0.241915 -0.171734
    5 0.002333 -1.019846 24.031336 -0.196970 -0.025920 0.038378
    6 0.000034 0.000008 13.404741 -0.000001 -0.000009 0.034422
    7 10.398263 -5.760962 66.994675 3.097005 0.050653 3.139334
    8 -1.929913 13.724511 -38.834051 -0.626738 -0.322672 0.021263
    9 -0.000004 -0.000006 24.761459 -1.043615 0.121101 0.050524
    10 -0.000007 0.000004 24.344891 0.740487 0.088529 0.014449
    11 -0.002360 -1.019903 24.031330 -0.001773 -0.046075 0.000087
    12 0.000000 -0.000002 13.404737 0.000001 0.000005 0.024002
    13 -0.061540 -5.245835 72.927078 0.000000 0.000000 0.000000
    14 0.005230 8.226258 38.567668 0.527827 0.018241 0.009966
    15 0.000000 -0.005608 -1.146812 -0.144395 -0.004537 0.138684
    16 0.030770 -0.240000 8.906021 -0.004138 0.000000 0.000000
    17 -0.082011 -0.405406 0.456647 0.037821 -0.018832 0.050242
    18 0.030770 -0.276858 8.905140 0.056125 0.004134 -0.000049
    19 0.045611 -0.174911 0.483214 0.033209 0.010163 -0.057551
    20 5.669724 4.435303 14.302868 0.910080 -0.907057 2.664276
    21 -1.044571 -2.839317 19.743267 0.124092 -0.443923 0.037546
    22 2.655533 -1.533369 24.792658 -0.356941 0.022865 0.433331
    23 1.120163 -0.154394 9.796035 -0.030446 0.000134 -0.264941
    24 2.240311 -0.308786 19.592051 -0.205226 0.003886 -0.509271
    25 0.683151 2.877354 14.167051 -1.709525 -0.207385 1.590337
    26 0.144936 -0.145374 7.579252 -1.595961 -0.243922 0.203087
    27 0.091660 -0.906685 4.702850 -1.417418 -0.179862 0.158257
    28 0.506271 8.500866 13.617253 -1.613964 -0.240865 1.579486
    29 -0.384987 -0.460049 7.003448 -1.757448 -0.386771 0.547979
    30 0.561516 -0.596954 5.061852 -1.314510 -0.374720 0.318097
    31 -2.452171 -8.899406 11.597897 -1.694531 -0.119315 1.270059
    32 0.680496 -0.903999 6.074253 -1.459886 0.159236 -0.002977
    33 0.245514 -0.661150 3.388004 -1.316250 0.113248 -0.085962
    34 -0.717484 -3.784271 13.043911 -1.784842 -0.001911 1.448920
    35 1.099216 -1.407745 8.017889 -1.614781 0.028416 -0.011660
    36 0.068439 -0.807653 3.686054 -1.298544 0.029359 -0.005367
    37 -4.004929 6.172707 4.754754 -0.005300 1.045494 2.635522
    38 0.158352 -1.149811 5.804394 -1.116733 -0.455950 0.152796
    39 -1.083523 -1.463142 5.544399 -1.096357 -0.298255 -0.042600
    40 -6.289886 0.932434 13.569063 -0.126803 0.612110 2.869610
    41 1.327774 -0.766687 12.396328 0.017855 -0.012497 0.176194
    42 -0.096140 1.828087 23.185329 -0.023537 0.027163 -1.537420
    43 2.325478 -0.000003 6.169296 -0.382197 -0.025371 1.550532
    44 0.000000 -3.152912 0.122169 1.961017 0.000000 0.000000
    45 1.068383 -10.478592 7.066338 0.292219 -1.282324 -3.141588
    46 0.000000 0.000000 2.279457 0.547137 -0.343566 0.107833
    47 2.479414 -8.323895 6.074242 -0.008855 0.007342 1.561876
    48 0.000003 -5.075260 5.105362 0.000000 0.000000 0.000000
    49 -1.068383 -10.478611 7.065971 0.292219 1.282324 3.141588
    50 -0.000488 0.000015 2.279600 0.547136 0.343566 0.107835
    51 -2.479401 -8.323895 6.074234 0.008854 0.007354 1.579716
    52 -5.790000 4.432083 14.255558 -5.675193 1.424291 -3.023931
    53 1.044540 -2.839314 19.743252 -0.104965 0.397426 -0.075825
    54 -2.655510 -1.533379 24.792648 -0.547919 -0.069004 0.002103
    55 -1.120216 -0.154385 9.795983 -0.025712 -0.000653 0.223365
    56 -2.240372 -0.308788 19.592047 -0.139680 0.061736 0.432370
    57 -0.683205 2.877342 14.167089 -1.813699 0.202330 -1.608736
    58 -0.144958 -0.145317 7.579308 -1.703914 0.309303 -0.206994
    59 -0.038551 -0.936644 4.697678 -1.518550 0.258923 -0.201838
    60 -0.506317 8.500896 13.617329 -1.648180 0.227614 -1.751390
    61 0.385056 -0.460075 7.003435 -1.902897 0.582721 -0.590094
    62 -0.456360 -0.710276 5.057732 -1.410495 0.559028 -0.409524
    63 2.452194 -8.899408 11.597939 -1.843283 0.075630 -1.305524
    64 -0.680515 -0.903999 6.074242 -1.562167 -0.184074 0.005449
    65 -0.248295 -0.666843 3.386627 -1.419547 -0.128987 0.102399
    66 0.717491 -3.784309 13.044010 -1.885663 -0.010794 -1.438635
    67 -1.099228 -1.407673 8.017876 -1.717045 -0.024302 0.016738
    68 -0.064053 -0.807640 3.686100 -1.400717 -0.029763 0.004449
    69 4.004906 6.172710 4.754800 -0.120558 -0.991435 -2.751490
    70 -0.158381 -1.149773 5.804405 -0.965762 0.641116 0.235792
    71 1.078559 -2.386406 5.215008 -1.032248 0.626656 0.155505
    72 6.289963 0.932404 13.569109 -0.126801 -0.612098 -2.869612
    73 -1.327759 -0.766682 12.396324 -0.005738 -0.003119 0.052701
    74 0.000017 -54.999996 0.000000 0.000000 0.000000 -1.570796
  time 5
    0 0.000000 0.000000 -1.500000 0.000000 0.000000 0.000000
    1 -10.521344 -5.760963 66.994621 3.097005 -0.050653 -3.139334
    2 1.789488 10.826783 -39.114154 0.196928 0.555795 -0.231112
    3 -0.000034 0.000012 24.761454 -2.248316 -0.260271 0.253354
    4 0.000017 0.000000 24.344809 1.465236 -0.249656 -0.196560
    5 0.002333 -1.019846 24.031336 -0.170164 -0.026938 0.037647
    6 0.000034 0.000008 13.404741 -0.000001 -0.000009 0.035645
    7 10.398263 -5.760962 66.994675 3.097005 0.050653 3.139334
    8 -1.988508 13.774468 -40.160381 -0.596453 -0.341584 0.007978
    9 -0.000004 -0.000006 24.761459 -1.156360 0.134140 0.079198
    10 -0.000007 0.000004 24.344891 0.720609 0.088062 0.009888
    11 -0.002360 -1.019903 24.031330 -0.027790 -0.046063 0.001249
    12 0.000000 -0.000002 13.404737 0.000001 0.000005 0.039288
    13 -0.061540 -5.245835 72.927078 0.000000 0.000000 0.000000
    14 0.005230 8.191320 39.919534 0.528371 0.018808 0.008465
    15 0.000000 -0.005608 -1.146812 -0.166564 0.000545 0.150994
    16 0.030770 -0.240000 8.906021 -0.004138 0.000000 0.000000
    17 -0.089823 0.047732 0.487898 -0.031940 -0.015920 0.051081
    18 0.030770 -0.276858 8.905140 0.056125 0.004134 -0.000049
    19 0.045611 -0.198349 0.487121 0.021735 0.010163 -0.057683
    20 5.669724 4.435303 14.302868 0.876009 -0.845608 2.551671
    21 -1.044571 -2.839317 19.743267 0.134561 -0.420336 0.039915
    22 2.655533 -1.533369 24.792658 -0.264984 0.015641 0.466812
    23 1.120163 -0.154394 9.796035 -0.030638 0.000110 -0.266149
    24 2.240311 -0.308786 19.592051 -0.205226 0.009457 -0.512159
    25 0.683151 2.877354 14.167051 -1.709525 -0.207385 1.590337
    26 0.144936 -0.145374 7.579252 -1.595961 -0.243922 0.203087
    27 0.091660 -0.906685 4.702850 -1.417418 -0.179862 0.158257
    28 0.506271 8.500866 13.617253 -1.613964 -0.240865 1.579486
    29 -0.384987 -0.460049 7.003448 -1.757448 -0.386771 0.547979
    30 0.561516 -0.596954 5.061852 -1.314510 -0.374732 0.318097
    31 -2.452171 -8.899406 11.597897 -1.694531 -0.119315 1.270059
    32 0.680496 -0.903999 6.074253 -1.459886 0.159236 -0.002977
    33 0.245514 -0.661150 3.388004 -1.316250 0.113248 -0.085962
    34 -0.717484 -3.784271 13.043911 -1.784842 -0.001911 1.448920
    35 1.099216 -1.407745 8.017889 -1.614781 0.028416 -0.011660
    36 0.068439 -0.807653 3.686054 -1.298544 0.029359 -0.005367
    37 -4.004929 6.172707 4.754754 -0.005300 1.045494 2.635522
    38 0.158352 -1.149811 5.804394 -1.116691 -0.455950 0.152808
    39 -1.083523 -1.463142 5.544399 -1.096357 -0.298267 -0.042600
    40 -6.289886 0.932434 13.569063 -0.126803 0.612110 2.869610
    41 1.327774 -0.766687 12.396328 0.019533 -0.013959 0.194372
    42 -0.096140 1.828087 23.185329 -0.022801 0.020439 -1.538001
    43 2.325478 -0.000003 6.169296 -0.295721 -0.025038 1.551609
    44 0.000000 -3.152912 0.122169 1.961017 0.000000 0.000000
    45 1.068383 -10.478592 7.066338 0.292219 -1.282324 -3.141588
    46 0.000000 0.000000 2.279457 0.547137 -0.343566 0.107833
    47 2.479414 -8.323895 6.074242 -0.008855 0.007342 1.561876
    48 0.000003 -5.075260 5.105362 0.000000 0.000000 0.000000
    49 -1.068383 -10.478611 7.065971 0.292219 1.282324 3.141588
    50 -0.000488 0.000015 2.279600 0.547136 0.343566 0.107835
    51 -2.479401 -8.323895 6.074234 0.008854 0.007354 1.579716
    52 -5.790000 4.432083 14.255558 -5.395864 1.390895 -2.688769
    53 1.044540 -2.839314 19.743252 -0.099956 0.276467 -0.081105
    54 -2.655510 -1.533379 24.792648 -0.401321 -0.069561 0.087224
    55 -1.120216 -0.154385 9.795983 -0.026239 -0.000605 0.227962
    56 -2.240372 -0.308788 19.592047 -0.146782 0.066191 0.440532
    57 -0.683205 2.877342 14.167089 -1.813699 0.202330 -1.608736
    58 -0.144958 -0.145317 7.579308 -1.703914 0.309303 -0.206994
    59 -0.038551 -0.936644 4.697678 -1.518550 0.258923 -0.201838
    60 -0.506317 8.500896 13.617329 -1.648180 0.227614 -1.751390
    61 0.385056 -0.460075 7.003435 -1.902897 0.582721 -0.590094
    62 -0.456360 -0.710276 5.057732 -1.410495 0.559028 -0.409524
    63 2.452194 -8.899408 11.597939 -1.843283 0.075630 -1.305524
    64 -0.680515 -0.903999 6.074242 -1.562167 -0.184086 0.005449
    65 -0.248295 -0.666843 3.386627 -1.419547 -0.128987 0.102399
    66 0.717491 -3.784309 13.044010 -1.885663 -0.010806 -1.438635
    67 -1.099228 -1.407673 8.017876 -1.717045 -0.024302 0.016738
    68 -0.064053 -0.807640 3.686100 -1.400717 -0.029763 0.004449
    69 4.004906 6.172710 4.754800 -0.120558 -0.991435 -2.751490
    70 -0.158381 -1.149773 5.804405 -0.965762 0.641116 0.235792
    71 1.078559 -2.386406 5.215008 -1.032248 0.626656 0.155505
    72 6.289963 0.932404 13.569109 -0.126801 -0.612098 -2.869612
    73 -1.327759 -0.766682 12.396324 -0.010771 -0.005552 0.097948
    74 0.000017 -54.999996 0.000000 0.000000 0.000000 -1.570796
  time 6
    0 0.000000 0.000000 -1.500000 0.000000 0.000000 0.000000
    1 -10.521344 -5.760963 66.994621 3.097005 -0.050653 -3.139334
    2 1.836365 10.593520 -40.302654 0.295239 0.605258 -0.211145
    3 -0.000034 0.000012 24.761454 -2.314130 -0.267857 0.280676
    4 0.000017 0.000000 24.344809 1.527315 -0.252508 -0.210129
    5 0.002333 -1.019846 24.031336 -0.131224 -0.028376 0.036532
    6 0.000034 0.000008 13.404741 -0.000001 -0.000009 0.040286
    7 10.398263 -5.760962 66.994675 3.097005 0.050653 3.139334
    8 -2.027572 13.774468 -41.306869 -0.538869 -0.355266 -0.011991
    9 -0.000004 -0.000006 24.761459 -1.280544 0.148522 0.103099
    10 -0.000007 0.000004 24.344891 0.693696 0.088129 0.003330
    11 -0.002360 -1.019903 24.031330 -0.058831 -0.046003 0.002651
    12 0.000000 -0.000002 13.404737 0.000001 0.000005 0.053458
    13 -0.061540 -5.245835 72.927078 0.000000 0.000000 0.000000
    14 0.005230 8.156383 41.091151 0.527282 0.019256 0.006723
    15 0.000000 -0.005608 -1.146812 -0.191603 0.008011 0.161511
    16 0.030770 -0.240000 8.906021 -0.004138 0.000000 0.000000
    17 -0.089823 0.477433 0.499617 -0.096545 -0.013274 0.051640
    18 0.030770 -0.276858 8.905140 0.056125 0.004134 -0.000049
    19 0.045611 -0.221787 0.498840 0.012763 0.010204 -0.057791
    20 5.669724 4.435303 14.302868 0.847297 -0.804771 2.422967
    21 -1.044571 -2.839317 19.743267 0.149580 -0.395705 0.042002
    22 2.655533 -1.533369 24.792658 -0.199455 0.008993 0.502153
    23 1.120163 -0.154394 9.796035 -0.030818 0.000086 -0.267666
    24 2.240311 -0.308786 19.592051 -0.205226 0.016410 -0.515878
    25 0.683151 2.877354 14.167051 -1.709525 -0.207397 1.590337
    26 0.144936 -0.145374 7.579252 -1.595961 -0.243922 0.203087
    27 0.091660 -0.906685 4.702850 -1.417418 -0.179862 0.158257
    28 0.506271 8.500866 13.617253 -1.613964 -0.240865 1.579486
    29 -0.384987 -0.460049 7.003448 -1.757448 -0.386771 0.547979
    30 0.561516 -0.596954 5.061852 -1.314510 -0.374720 0.318097
    31 -2.452171 -8.899406 11.597897 -1.694531 -0.119315 1.270059
    32 0.680496 -0.903999 6.074253 -1.459886 0.159236 -0.002977
    33 0.245514 -0.661150 3.388004 -1.316250 0.113248 -0.085962
    34 -0.717484 -3.784271 13.043911 -1.784842 -0.001911 1.448920
    35 1.099216 -1.407745 8.017889 -1.614781 0.028416 -0.011660
    36 0.068439 -0.807653 3.686054 -1.298544 0.029359 -0.005367
    37 -4.004929 6.172707 4.754754 -0.005300 1.045494 2.635618
    38 0.158352 -1.149811 5.804394 -1.116691 -0.455950 0.152808
    39 -1.083523 -1.463142 5.544399 -1.096304 -0.298267 -0.042600
    40 -6.289886 0.932434 13.569063 -0.126803 0.612110 2.869610
    41 1.327774 -0.766687 12.396328 0.021223 -0.015457 0.212550
    42 -0.096140 1.828087 23.185329 -0.021448 0.009700 -1.538307
    43 2.325478 -0.000003 6.169296 -0.213781 -0.023982 1.552527
    44 0.000000 -3.152912 0.122169 1.961017 0.000000 0.000000
    45 1.068383 -10.478592 7.066338 0.292219 -1.282324 -3.141588
    46 0.000000 0.000000 2.279457 0.547137 -0.343566 0.107833
    47 2.479414 -8.323895 6.074242 -0.008855 0.007342 1.561876
    48 0.000003 -5.075260 5.105362 0.000000 0.000000 0.000000
    49 -1.068383 -10.478611 7.065971 0.292219 1.282324 3.141588
    50 -0.000488 0.000015 2.279600 0.547136 0.343566 0.107835
    51 -2.479401 -8.323895 6.074234 0.008854 0.007354 1.579716
    52 -5.790000 4.432083 14.255558 -5.239232 1.339763 -2.472897
    53 1.044540 -2.839314 19.743252 -0.099956 0.186373 -0.086194
    54 -2.655510 -1.533379 24.792648 -0.276262 -0.070014 0.124104
    55 -1.120216 -0.154385 9.795983 -0.026910 -0.000558 0.233838
    56 -2.240372 -0.308788 19.592047 -0.155717 0.071884 0.450671
    57 -0.683205 2.877342 14.167089 -1.813699 0.202330 -1.608736
    58 -0.144958 -0.145317 7.579308 -1.703914 0.309303 -0.207006
    59 -0.038551 -0.936644 4.697678 -1.518550 0.258923 -0.201838
    60 -0.506317 8.500896 13.617329 -1.648180 0.227614 -1.751390
    61 0.385056 -0.460075 7.003435 -1.902897 0.582721 -0.590094
    62 -0.456360 -0.710276 5.057732 -1.410495 0.559028 -0.409524
    63 2.452194 -8.899408 11.597939 -1.843283 0.075630 -1.305524
    64 -0.680515 -0.903999 6.074242 -1.562167 -0.184086 0.005449
    65 -0.248295 -0.666843 3.386627 -1.419547 -0.128987 0.102399
    66 0.717491 -3.784309 13.044010 -1.885663 -0.010806 -1.438623
    67 -1.099228 -1.407673 8.017876 -1.717045 -0.024302 0.016738
    68 -0.064053 -0.807640 3.686100 -1.400717 -0.029763 0.004449
    69 4.004906 6.172710 4.754800 -0.120558 -0.991435 -2.751490
    70 -0.158381 -1.149773 5.804405 -0.965762 0.641116 0.235792
    71 1.078559 -2.386406 5.215008 -1.032248 0.626656 0.155505
    72 6.289963 0.932404 13.569109 -0.126801 -0.612098 -2.869612
    73 -1.327759 -0.766682 12.396324 -0.013037 -0.006534 0.117934
    74 0.000017 -54.999996 0.000000 0.000000 0.000000 -1.570796
  time 7
    0 0.000000 0.000000 -1.500000 0.000000 0.000000 0.000000
    1 -10.521344 -5.760963 66.994621 3.097005 -0.050653 -3.139334
    2 1.883241 10.347980 -41.379032 0.391979 0.650045 -0.183228
    3 -0.000034 0.000012 24.761454 -2.354090 -0.272459 0.309871
    4 0.000017 0.000000 24.344809 1.570098 -0.252010 -0.212419
    5 0.002333 -1.019846 24.031336 -0.082504 -0.030126 0.035070
    6 0.000034 0.000008 13.404741 -0.000001 -0.000009 0.048660
    7 10.398263 -5.760962 66.994675 3.097005 0.050653 3.139334
    8 -2.054917 13.737000 -42.273517 -0.467123 -0.363386 -0.036003
    9 -0.000004 -0.000006 24.761459 -1.400108 0.162352 0.121151
    10 -0.000007 0.000004 24.344891 0.661039 0.088884 -0.004447
    11 -0.002360 -1.019903 24.031330 -0.091739 -0.045895 0.004137
    12 0.000000 -0.000002 13.404737 0.000001 0.000005 0.065266
    13 -0.061540 -5.245835 72.927078 0.000000 0.000000 0.000000
    14 0.005230 8.121446 42.172644 0.524850 0.019548 0.005162
    15 0.000000 -0.005608 -1.146812 -0.218844 0.017218 0.170017
    16 0.030770 -0.240000 8.906021 -0.004138 0.000000 0.000000
    17 -0.093730 0.844632 0.480085 -0.152479 -0.010969 0.051959
    18 0.030770 -0.276858 8.905140 0.056125 0.004134 -0.000049
    19 0.049517 -0.241319 0.510559 0.004935 0.010204 -0.057899
    20 5.669724 4.435303 14.302868 0.831218 -0.786484 2.334129
    21 -1.044571 -2.839317 19.743267 0.132360 -0.394870 0.044878
    22 2.655533 -1.533369 24.792658 -0.172419 0.004382 0.520269
    23 1.120163 -0.154394 9.796035 -0.031009 0.000062 -0.269494
    24 2.240311 -0.308786 19.592051 -0.205531 0.024606 -0.520428
    25 0.683151 2.877354 14.167051 -1.709525 -0.207397 1.590337
    26 0.144936 -0.145374 7.579252 -1.595961 -0.243922 0.203087
    27 0.091660 -0.906685 4.702850 -1.417418 -0.179862 0.158257
    28 0.506271 8.500866 13.617253 -1.613964 -0.240865 1.579486
    29 -0.384987 -0.460049 7.003448 -1.757448 -0.386771 0.547979
    30 0.561516 -0.596954 5.061852 -1.314510 -0.374720 0.318097
    31 -2.452171 -8.899406 11.597897 -1.694531 -0.119315 1.270059
    32 0.680496 -0.903999 6.074253 -1.459886 0.159236 -0.002977
    33 0.245514 -0.661150 3.388004 -1.316250 0.113248 -0.085962
    34 -0.717484 -3.784271 13.043911 -1.784842 -0.001911 1.448920
    35 1.099216 -1.407745 8.017889 -1.614781 0.028416 -0.011660
    36 0.068439 -0.807653 3.686054 -1.298544 0.029359 -0.005367
    37 -4.004929 6.172707 4.754754 -0.005300 1.045494 2.635522
    38 0.158352 -1.149811 5.804394 -1.116691 -0.455950 0.152808
    39 -1.083523 -1.463142 5.544399 -1.096304 -0.298267 -0.042600
    40 -6.289886 0.932434 13.569063 -0.126803 0.612110 2.869610
    41 1.327774 -0.766687 12.396328 0.021870 -0.016056 0.219681
    42 -0.096140 1.828087 23.185329 -0.019582 -0.004290 -1.538521
    43 2.325478 -0.000003 6.169296 -0.139243 -0.022347 1.553286
    44 0.000000 -3.152912 0.122169 1.961017 0.000000 0.000000
    45 1.068383 -10.478592 7.066338 0.292219 -1.282324 -3.141588
    46 0.000000 0.000000 2.279457 0.547137 -0.343566 0.107833
    47 2.479414 -8.323895 6.074242 -0.008855 0.007342 1.561876
    48 0.000003 -5.075260 5.105362 0.000000 0.000000 0.000000
    49 -1.068383 -10.478611 7.065971 0.292219 1.282324 3.141588
    50 -0.000488 0.000015 2.279600 0.547136 0.343566 0.107835
    51 -2.479401 -8.323895 6.074234 0.008854 0.007354 1.579716
    52 -5.790000 4.432083 14.255558 -5.165805 1.283605 -2.349679
    53 1.044540 -2.839314 19.743252 -0.100123 0.145460 -0.088671
    54 -2.655510 -1.533379 24.792648 -0.220451 -0.068810 0.099416
    55 -1.120216 -0.154385 9.795983 -0.027725 -0.000474 0.240993
    56 -2.240372 -0.308788 19.592047 -0.165950 0.078765 0.462785
    57 -0.683205 2.877342 14.167089 -1.813699 0.202330 -1.608736
    58 -0.144958 -0.145317 7.579308 -1.703914 0.309303 -0.206994
    59 -0.038551 -0.936644 4.697678 -1.518550 0.258923 -0.201838
    60 -0.506317 8.500896 13.617329 -1.648180 0.227614 -1.751390
    61 0.385056 -0.460075 7.003435 -1.902897 0.582721 -0.590094
    62 -0.456360 -0.710276 5.057732 -1.410495 0.559028 -0.409524
    63 2.452194 -8.899408 11.597939 -1.843283 0.075630 -1.305524
    64 -0.680515 -0.903999 6.074242 -1.562167 -0.184086 0.005449
    65 -0.248295 -0.666843 3.386627 -1.419547 -0.128987 0.102399
    66 0.717491 -3.784309 13.044010 -1.885663 -0.010806 -1.438623
    67 -1.099228 -1.407673 8.017876 -1.717045 -0.024302 0.016738
    68 -0.064053 -0.807640 3.686100 -1.400717 -0.029763 0.004449
    69 4.004906 6.172710 4.754800 -0.120558 -0.991435 -2.751490
    70 -0.158381 -1.149773 5.804405 -0.965762 0.641116 0.235792
    71 1.078559 -2.386406 5.215008 -1.032248 0.626656 0.155505
    72 6.289963 0.932404 13.569109 -0.126801 -0.612098 -2.869612
    73 -1.327759 -0.766682 12.396324 -0.012162 -0.006163 0.110208
    74 0.000017 -54.999996 0.000000 0.000000 0.000000 -1.570796
  time 8
    0 0.000000 0.000000 -1.500000 0.000000 0.000000 0.000000
    1 -10.521344 -5.760963 66.994621 3.097005 -0.050653 -3.139334
    2 1.930118 10.090163 -42.320863 0.494867 0.692354 -0.146047
    3 -0.000034 0.000012 24.761454 -2.379578 -0.275395 0.342690
    4 0.000017 0.000000 24.344809 1.597654 -0.249022 -0.204641
    5 0.002333 -1.019846 24.031336 -0.026540 -0.032056 0.033284
    6 0.000034 0.000008 13.404741 -0.000001 -0.000009 0.061358
    7 10.398263 -5.760962 66.994675 3.097005 0.050653 3.139334
    8 -2.074448 13.674553 -43.082803 -0.394609 -0.367008 -0.061336
    9 -0.000004 -0.000006 24.761459 -1.501139 0.174025 0.134178
    10 -0.000007 0.000004 24.344891 0.625413 0.089884 -0.012371
    11 -0.002360 -1.019903 24.031330 -0.123425 -0.045727 0.005588
    12 0.000000 -0.000002 13.404737 0.000001 0.000005 0.074369
    13 -0.061540 -5.245835 72.927078 0.000000 0.000000 0.000000
    14 0.005230 8.074864 43.051356 0.521362 0.019789 0.003781
    15 0.000000 -0.005608 -1.146812 -0.247424 0.027586 0.176566
    16 0.030770 -0.240000 8.906021 -0.004138 0.000000 0.000000
    17 -0.097636 1.133703 0.460553 -0.196314 -0.009222 0.052239
    18 0.030770 -0.276858 8.905140 0.056125 0.004134 -0.000049
    19 0.045611 -0.253038 0.518372 -0.003215 0.010204 -0.058019
    20 5.669724 4.435303 14.302868 0.828539 -0.786731 2.286021
    21 -1.044571 -2.839317 19.743267 0.097284 -0.402489 0.049052
    22 2.655533 -1.533369 24.792658 -0.175674 0.001231 0.524878
    23 1.120163 -0.154394 9.796035 -0.031273 0.000026 -0.271736
    24 2.240311 -0.308786 19.592051 -0.206140 0.033815 -0.525769
    25 0.683151 2.877354 14.167051 -1.709525 -0.207397 1.590337
    26 0.144936 -0.145374 7.579252 -1.595961 -0.243922 0.203087
    27 0.091660 -0.906685 4.702850 -1.417418 -0.179862 0.158257
    28 0.506271 8.500866 13.617253 -1.613964 -0.240865 1.579486
    29 -0.384987 -0.460049 7.003448 -1.757448 -0.386771 0.547991
    30 0.561516 -0.596954 5.061852 -1.314510 -0.374732 0.318097
    31 -2.452171 -8.899406 11.597897 -1.694531 -0.119315 1.270059
    32 0.680496 -0.903999 6.074253 -1.459886 0.159236 -0.002977
    33 0.245514 -0.661150 3.388004 -1.316250 0.113248 -0.085962
    34 -0.717484 -3.784271 13.043911 -1.784842 -0.001911 1.448920
    35 1.099216 -1.407745 8.017889 -1.614781 0.028416 -0.011660
    36 0.068439 -0.807653 3.686054 -1.298544 0.029359 -0.005367
    37 -4.004929 6.172707 4.754754 -0.005300 1.045494 2.635522
    38 0.158352 -1.149811 5.804394 -1.116691 -0.455950 0.152808
    39 -1.083523 -1.463142 5.544399 -1.096304 -0.298267 -0.042600
    40 -6.289886 0.932434 13.569063 -0.126803 0.612110 2.869610
    41 1.327774 -0.766687 12.396328 0.021654 -0.015877 0.217371
    42 -0.096140 1.828087 23.185329 -0.017236 -0.020637 -1.538643
    43 2.325478 -0.000003 6.169296 -0.075019 -0.020336 1.553765
    44 0.000000 -3.152912 0.122169 1.961017 0.000000 0.000000
    45 1.068383 -10.478592 7.066338 0.292219 -1.282324 -3.141588
    46 0.000000 0.000000 2.279457 0.547137 -0.343566 0.107833
    47 2.479414 -8.323895 6.074242 -0.008855 0.007342 1.561876
    48 0.000003 -5.075260 5.105362 0.000000 0.000000 0.000000
    49 -1.068383 -10.478611 7.065971 0.292219 1.282324 3.141588
    50 -0.000488 0.000015 2.279600 0.547136 0.343566 0.107835
    51 -2.479401 -8.323895 6.074234 0.008854 0.007354 1.579716
    52 -5.790000 4.432083 14.255558 -5.127941 1.221549 -2.268236
    53 1.044540 -2.839314 19.743252 -0.089883 0.139567 -0.089460
    54 -2.655510 -1.533379 24.792648 -0.222464 -0.065794 0.043982
    55 -1.120216 -0.154385 9.795983 -0.028660 -0.000378 0.249236
    56 -2.240372 -0.308788 19.592047 -0.177558 0.086735 0.477048
    57 -0.683205 2.877342 14.167089 -1.813699 0.202330 -1.608736
    58 -0.144958 -0.145317 7.579308 -1.703914 0.309303 -0.206994
    59 -0.038551 -0.936644 4.697678 -1.518550 0.258923 -0.201838
    60 -0.506317 8.500896 13.617329 -1.648180 0.227614 -1.751390
    61 0.385056 -0.460075 7.003435 -1.902897 0.582721 -0.590094
    62 -0.456360 -0.710276 5.057732 -1.410544 0.559028 -0.409524
    63 2.452194 -8.899408 11.597939 -1.843283 0.075630 -1.305524
    64 -0.680515 -0.903999 6.074242 -1.562167 -0.184086 0.005449
    65 -0.248295 -0.666843 3.386627 -1.419547 -0.128987 0.102399
    66 0.717491 -3.784309 13.044010 -1.885663 -0.010794 -1.438623
    67 -1.099228 -1.407673 8.017876 -1.717045 -0.024302 0.016738
    68 -0.064053 -0.807640 3.686100 -1.400717 -0.029763 0.004449
    69 4.004906 6.172710 4.754800 -0.120558 -0.991435 -2.751490
    70 -0.158381 -1.149773 5.804405 -0.965762 0.641116 0.235792
    71 1.078559 -2.386406 5.215008 -1.032248 0.626656 0.155505
    72 6.289963 0.932404 13.569109 -0.126801 -0.612098 -2.869612
    73 -1.327759 -0.766682 12.396324 -0.009813 -0.005108 0.089574
    74 0.000017 -54.999996 0.000000 0.000000 0.000000 -1.570796
  time 9
    0 0.000000 0.000000 -1.500000 0.000000 0.000000 0.000000
    1 -10.521344 -5.760963 66.994621 3.097005 -0.050653 -3.139334
    2 1.973088 9.820070 -43.105722 0.615860 0.736166 -0.095542
    3 -0.000034 0.000012 24.761454 -2.399985 -0.277744 0.382797
    4 0.000017 0.000000 24.344809 1.608627 -0.243771 -0.187572
    5 0.002333 -1.019846 24.031336 0.034091 -0.033997 0.031247
    6 0.000034 0.000008 13.404741 -0.000001 -0.000009 0.080300
    7 10.398263 -5.760962 66.994675 3.097005 0.050653 3.139334
    8 -2.078355 13.587128 -43.689768 -0.334210 -0.368252 -0.085018
    9 -0.000004 -0.000006 24.761459 -1.571370 0.182126 0.144478
    10 -0.000007 0.000004 24.344891 0.592304 0.090440 -0.019097
    11 -0.002360 -1.019903 24.031330 -0.150779 -0.045559 0.006798
    12 0.000000 -0.000002 13.404737 0.000001 0.000005 0.081132
    13 -0.061540 -5.245835 72.927078 0.000000 0.000000 0.000000
    14 0.005230 8.039926 43.794883 0.517009 0.019892 0.002820
    15 0.000000 -0.005608 -1.146812 -0.276450 0.038440 0.181186
    16 0.030770 -0.240000 8.906021 -0.004138 0.000000 0.000000
    17 -0.097636 1.325115 0.437115 -0.224491 -0.008133 0.052359
    18 0.030770 -0.276858 8.905140 0.056125 0.004134 -0.000049
    19 0.049517 -0.249132 0.526184 -0.013009 0.010204 -0.058126
    20 5.669724 4.435303 14.302868 0.830453 -0.791558 2.241937
    21 -1.044571 -2.839317 19.743267 0.075661 -0.404472 0.052041
    22 2.655533 -1.533369 24.792658 -0.192989 -0.001113 0.522371
    23 1.120163 -0.154394 9.796035 -0.031573 -0.000009 -0.274289
    24 2.240311 -0.308786 19.592051 -0.207315 0.043623 -0.532020
    25 0.683151 2.877354 14.167051 -1.709525 -0.207397 1.590337
    26 0.144936 -0.145374 7.579252 -1.595961 -0.243922 0.203087
    27 0.091660 -0.906685 4.702850 -1.417418 -0.179862 0.158257
    28 0.506271 8.500866 13.617253 -1.613964 -0.240865 1.579486
    29 -0.384987 -0.460049 7.003448 -1.757448 -0.386771 0.547979
    30 0.561516 -0.596954 5.061852 -1.314510 -0.374720 0.318097
    31 -2.452171 -8.899406 11.597897 -1.694531 -0.119315 1.270059
    32 0.680496 -0.903999 6.074253 -1.459886 0.159236 -0.002977
    33 0.245514 -0.661150 3.388004 -1.316250 0.113248 -0.085962
    34 -0.717484 -3.784271 13.043911 -1.784842 -0.001911 1.448920
    35 1.099216 -1.407745 8.017889 -1.614781 0.028416 -0.011660
    36 0.068439 -0.807653 3.686054 -1.298544 0.029359 -0.005367
    37 -4.004929 6.172707 4.754754 -0.005390 1.045494 2.635522
    38 0.158352 -1.149811 5.804394 -1.116691 -0.455950 0.152808
    39 -1.083523 -1.463142 5.544399 -1.096304 -0.298267 -0.042600
    40 -6.289886 0.932434 13.569063 -0.126803 0.612110 2.869610
    41 1.327774 -0.766687 12.396328 0.021079 -0.015337 0.211094
    42 -0.096140 1.828087 23.185329 -0.014531 -0.038514 -1.538857
    43 2.325478 -0.000003 6.169296 -0.023878 -0.018021 1.553924
    44 0.000000 -3.152912 0.122169 1.961017 0.000000 0.000000
    45 1.068383 -10.478592 7.066338 0.292219 -1.282324 -3.141588
    46 0.000000 0.000000 2.279457 0.547137 -0.343566 0.107833
    47 2.479414 -8.323895 6.074242 -0.008855 0.007342 1.561876
    48 0.000003 -5.075260 5.105362 0.000000 0.000000 0.000000
    49 -1.068383 -10.478611 7.065971 0.292219 1.282324 3.141588
    50 -0.000488 0.000015 2.279600 0.547136 0.343566 0.107835
    51 -2.479401 -8.323895 6.074234 0.008854 0.007354 1.579716
    52 -5.790000 4.432083 14.255558 -5.114617 1.148112 -2.206818
    53 1.044540 -2.839314 19.743252 -0.067286 0.145884 -0.089732
    54 -2.655510 -1.533379 24.792648 -0.237662 -0.063025 -0.002819
    55 -1.120216 -0.154385 9.795983 -0.029763 -0.000246 0.258675
    56 -2.240372 -0.308788 19.592047 -0.190082 0.095547 0.493201
    57 -0.683205 2.877342 14.167089 -1.813699 0.202330 -1.608736
    58 -0.144958 -0.145317 7.579308 -1.703914 0.309303 -0.206994
    59 -0.038551 -0.936644 4.697678 -1.518550 0.258923 -0.201850
    60 -0.506317 8.500896 13.617329 -1.648180 0.227614 -1.751390
    61 0.385056 -0.460075 7.003435 -1.902897 0.582721 -0.590094
    62 -0.456360 -0.710276 5.057732 -1.410544 0.559028 -0.409541
    63 2.452194 -8.899408 11.597939 -1.843283 0.075630 -1.305524
    64 -0.680515 -0.903999 6.074242 -1.562167 -0.184086 0.005449
    65 -0.248295 -0.666843 3.386627 -1.419547 -0.128987 0.102399
    66 0.717491 -3.784309 13.044010 -1.885663 -0.010806 -1.438623
    67 -1.099228 -1.407673 8.017876 -1.717045 -0.024302 0.016738
    68 -0.064053 -0.807640 3.686100 -1.400717 -0.029763 0.004449
    69 4.004906 6.172710 4.754800 -0.120558 -0.991435 -2.751490
    70 -0.158381 -1.149773 5.804405 -0.965762 0.641116 0.235792
    71 1.078559 -2.386406 5.215008 -1.032248 0.626656 0.155505
    72 6.289963 0.932404 13.569109 -0.126801 -0.612098 -2.869612
    73 -1.327759 -0.766682 12.396324 -0.007847 -0.004161 0.071762
    74 0.000017 -54.999996 0.000000 0.000000 0.000000 -1.570796
  time 10
    0 0.000000 0.000000 -1.500000 0.000000 0.000000 0.000000
    1 -10.521344 -5.760963 66.994621 3.097005 -0.050653 -3.139334
    2 2.008245 9.574530 -43.756033 0.772926 0.786742 -0.022187
    3 -0.000034 0.000012 24.761454 -2.422018 -0.280297 0.436952
    4 0.000017 0.000000 24.344809 1.595250 -0.236211 -0.160521
    5 0.002333 -1.019846 24.031336 0.096998 -0.035915 0.029006
    6 0.000034 0.000008 13.404741 -0.000001 -0.000009 0.110484
    7 10.398263 -5.760962 66.994675 3.097005 0.050653 3.139334
    8 -2.074448 13.487213 -44.139371 -0.300598 -0.369934 -0.104162
    9 -0.000004 -0.000006 24.761459 -1.600024 0.185434 0.155101
    10 -0.000007 0.000004 24.344891 0.569457 0.090084 -0.022691
    11 -0.002360 -1.019903 24.031330 -0.170690 -0.045428 0.007697
    12 0.000000 -0.000002 13.404737 0.000001 0.000005 0.086113
    13 -0.061540 -5.245835 72.927078 0.000000 0.000000 0.000000
    14 0.005230 8.004989 44.335629 0.512080 0.019961 0.002339
    15 0.000000 -0.005608 -1.146812 -0.305190 0.049231 0.184039
    16 0.030770 -0.240000 8.906021 -0.004138 0.000000 0.000000
    17 -0.101542 1.391523 0.433209 -0.233624 -0.007905 0.052519
    18 0.030770 -0.276858 8.905140 0.056125 0.004134 -0.000049
    19 0.053424 -0.213975 0.522278 -0.025948 0.010143 -0.058270
    20 5.669724 4.435303 14.302868 0.835812 -0.800648 2.201975
    21 -1.044571 -2.839317 19.743267 0.043862 -0.411465 0.055792
    22 2.655533 -1.533369 24.792658 -0.224408 0.000616 0.482825
    23 1.120163 -0.154394 9.796035 -0.031908 -0.000057 -0.277324
    24 2.240311 -0.308786 19.592051 -0.209056 0.053937 -0.539141
    25 0.683151 2.877354 14.167051 -1.709525 -0.207385 1.590337
    26 0.144936 -0.145374 7.579252 -1.595961 -0.243922 0.203087
    27 0.091660 -0.906685 4.702850 -1.417418 -0.179862 0.158257
    28 0.506271 8.500866 13.617253 -1.613964 -0.240865 1.579486
    29 -0.384987 -0.460049 7.003448 -1.757448 -0.386771 0.547979
    30 0.561516 -0.596954 5.061852 -1.314510 -0.374720 0.318097
    31 -2.452171 -8.899406 11.597897 -1.694531 -0.119315 1.270059
    32 0.680496 -0.903999 6.074253 -1.459886 0.159236 -0.002977
    33 0.245514 -0.661150 3.388004 -1.316250 0.113248 -0.085962
    34 -0.717484 -3.784271 13.043911 -1.784842 -0.001911 1.448920
    35 1.099216 -1.407745 8.017889 -1.614781 0.028416 -0.011660
    36 0.068439 -0.807653 3.686054 -1.298544 0.029359 -0.005367
    37 -4.004929 6.172707 4.754754 -0.005390 1.045494 2.635522
    38 0.158352 -1.149811 5.804394 -1.116691 -0.455950 0.152796
    39 -1.083523 -1.463142 5.544399 -1.096304 -0.298267 -0.042600
    40 -6.289886 0.932434 13.569063 -0.126803 0.612110 2.869610
    41 1.327774 -0.766687 12.396328 0.018610 -0.013168 0.184580
    42 -0.096140 1.828087 23.185329 -0.011518 -0.057092 -1.539285
    43 2.325478 -0.000003 6.169296 0.011266 -0.015532 1.553884
    44 0.000000 -3.152912 0.122169 1.961017 0.000000 0.000000
    45 1.068383 -10.478592 7.066338 0.292219 -1.282324 -3.141588
    46 0.000000 0.000000 2.279457 0.547137 -0.343566 0.107833
    47 2.479414 -8.323895 6.074242 -0.008855 0.007342 1.561876
    48 0.000003 -5.075260 5.105362 0.000000 0.000000 0.000000
    49 -1.068383 -10.478611 7.065971 0.292219 1.282324 3.141588
    50 -0.000488 0.000015 2.279600 0.547136 0.343566 0.107835
    51 -2.479401 -8.323895 6.074234 0.008854 0.007354 1.579716
    52 -5.790000 4.432083 14.255558 -5.122094 1.067655 -2.163797
    53 1.044540 -2.839314 19.743252 -0.034393 0.163182 -0.088916
    54 -2.655510 -1.533379 24.792648 -0.265794 -0.060889 -0.037277
    55 -1.120216 -0.154385 9.795983 -0.030961 -0.000078 0.269149
    56 -2.240372 -0.308788 19.592047 -0.203370 0.105101 0.511159
    57 -0.683205 2.877342 14.167089 -1.813699 0.202330 -1.608736
    58 -0.144958 -0.145317 7.579308 -1.703914 0.309303 -0.206994
    59 -0.038551 -0.936644 4.697678 -1.518550 0.258923 -0.201838
    60 -0.506317 8.500896 13.617329 -1.648180 0.227614 -1.751390
    61 0.385056 -0.460075 7.003435 -1.902897 0.582721 -0.590094
    62 -0.456360 -0.710276 5.057732 -1.410495 0.559028 -0.409524
    63 2.452194 -8.899408 11.597939 -1.843283 0.075630 -1.305524
    64 -0.680515 -0.903999 6.074242 -1.562167 -0.184086 0.005449
    65 -0.248295 -0.666843 3.386627 -1.419547 -0.128987 0.102399
    66 0.717491 -3.784309 13.044010 -1.885663 -0.010806 -1.438635
    67 -1.099228 -1.407673 8.017876 -1.717045 -0.024302 0.016738
    68 -0.064053 -0.807640 3.686100 -1.400717 -0.029763 0.004449
    69 4.004906 6.172710 4.754800 -0.120558 -0.991435 -2.751490
    70 -0.158381 -1.149773 5.804405 -0.965762 0.641116 0.235792
    71 1.078559 -2.386406 5.215008 -1.032248 0.626656 0.155505
    72 6.289963 0.932404 13.569109 -0.126801 -0.612098 -2.869612
    73 -1.327759 -0.766682 12.396324 -0.006277 -0.003394 0.057651
    74 0.000017 -54.999996 0.000000 0.000000 0.000000 -1.570796
  time 11
    0 0.000000 0.000000 -1.500000 0.000000 0.000000 0.000000
    1 -10.521344 -5.760963 66.994621 3.097005 -0.050653 -3.139334
    2 2.039496 9.328990 -44.204524 0.934637 0.826686 0.064756
    3 -0.000034 0.000012 24.761454 -2.420554 -0.280117 0.493550
    4 0.000017 0.000000 24.344809 1.567940 -0.226546 -0.126901
    5 0.002333 -1.019846 24.031336 0.156621 -0.037545 0.026765
    6 0.000034 0.000008 13.404741 -0.000001 -0.000009 0.148600
    7 10.398263 -5.760962 66.994675 3.097005 0.050653 3.139334
    8 -2.058823 13.349830 -44.386653 -0.258967 -0.367996 -0.124131
    9 -0.000004 -0.000006 24.761459 -1.639182 0.189964 0.164754
    10 -0.000007 0.000004 24.344891 0.591917 0.091773 -0.025403
    11 -0.002360 -1.019903 24.031330 -0.183618 -0.045320 0.008272
    12 0.000000 -0.000002 13.404737 0.000001 0.000005 0.091158
    13 -0.061540 -5.245835 72.927078 0.000000 0.000000 0.000000
    14 0.005230 7.993344 44.696127 0.502959 0.020099 0.002039
    15 0.000000 -0.005608 -1.146812 -0.331409 0.058893 0.185153
    16 0.030770 -0.240000 8.906021 -0.004138 0.000000 0.000000
    17 -0.101542 1.368085 0.409770 -0.229752 -0.008146 0.052598
    18 0.030770 -0.276858 8.905140 0.056125 0.004134 -0.000049
    19 0.053424 -0.178817 0.506652 -0.040354 0.010101 -0.058414
    20 5.669724 4.435303 14.302868 0.842894 -0.813227 2.167475
    21 -1.044571 -2.839317 19.743267 0.007808 -0.418927 0.060135
    22 2.655533 -1.533369 24.792658 -0.268586 0.007187 0.394028
    23 1.120163 -0.154394 9.796035 -0.032304 -0.000117 -0.280670
    24 2.240311 -0.308786 19.592051 -0.211580 0.064067 -0.546816
    25 0.683151 2.877354 14.167051 -1.709525 -0.207385 1.590337
    26 0.144936 -0.145374 7.579252 -1.595961 -0.243922 0.203087
    27 0.091660 -0.906685 4.702850 -1.417418 -0.179862 0.158257
    28 0.506271 8.500866 13.617253 -1.613964 -0.240865 1.579486
    29 -0.384987 -0.460049 7.003448 -1.757448 -0.386771 0.547979
    30 0.561516 -0.596954 5.061852 -1.314510 -0.374720 0.318097
    31 -2.452171 -8.899406 11.597897 -1.694531 -0.119315 1.270059
    32 0.680496 -0.903999 6.074253 -1.459886 0.159236 -0.002977
    33 0.245514 -0.661150 3.388004 -1.316250 0.113248 -0.085962
    34 -0.717484 -3.784271 13.043911 -1.784842 -0.001911 1.448920
    35 1.099216 -1.407745 8.017889 -1.614781 0.028416 -0.011660
    36 0.068439 -0.807653 3.686054 -1.298544 0.029359 -0.005367
    37 -4.004929 6.172707 4.754754 -0.005300 1.045494 2.635522
    38 0.158352 -1.149811 5.804394 -1.116691 -0.455950 0.152796
    39 -1.083523 -1.463142 5.544399 -1.096304 -0.298255 -0.042600
    40 -6.289886 0.932434 13.569063 -0.126803 0.612110 2.869610
    41 1.327774 -0.766687 12.396328 0.013684 -0.009357 0.134264
    42 -0.096140 1.828087 23.185329 -0.008350 -0.074587 -1.540080
    43 2.325478 -0.000003 6.169296 0.038102 -0.013058 1.554284
    44 0.000000 -3.152912 0.122169 1.961017 0.000000 0.000000
    45 1.068383 -10.478592 7.066338 0.292219 -1.282324 -3.141588
    46 0.000000 0.000000 2.279457 0.547137 -0.343566 0.107833
    47 2.479414 -8.323895 6.074242 -0.008855 0.007342 1.561876
    48 0.000003 -5.075260 5.105362 0.000000 0.000000 0.000000
    49 -1.068383 -10.478611 7.065971 0.292219 1.282324 3.141588
    50 -0.000488 0.000015 2.279600 0.547136 0.343566 0.107835
    51 -2.479401 -8.323895 6.074234 0.008854 0.007354 1.579716
    52 -5.790000 4.432083 14.255558 -5.142416 0.981632 -2.139556
    53 1.044540 -2.839314 19.743252 0.003008 0.187518 -0.086058
    54 -2.655510 -1.533379 24.792648 -0.304394 -0.059543 -0.062343
    55 -1.120216 -0.154385 9.795983 -0.032244 0.000102 0.280330
    56 -2.240372 -0.308788 19.592047 -0.216658 0.114853 0.530233
    57 -0.683205 2.877342 14.167089 -1.813699 0.202330 -1.608736
    58 -0.144958 -0.145317 7.579308 -1.703914 0.309303 -0.206994
    59 -0.038551 -0.936644 4.697678 -1.518550 0.258923 -0.201838
    60 -0.506317 8.500896 13.617329 -1.648180 0.227614 -1.751390
    61 0.385056 -0.460075 7.003435 -1.902897 0.582721 -0.590094
    62 -0.456360 -0.710276 5.057732 -1.410495 0.559028 -0.409524
    63 2.452194 -8.899408 11.597939 -1.843283 0.075630 -1.305524
    64 -0.680515 -0.903999 6.074242 -1.562167 -0.184086 0.005449
    65 -0.248295 -0.666843 3.386627 -1.419547 -0.128987 0.102399
    66 0.717491 -3.784309 13.044010 -1.885663 -0.010806 -1.438623
    67 -1.099228 -1.407673 8.017876 -1.717045 -0.024302 0.016738
    68 -0.064053 -0.807640 3.686100 -1.400717 -0.029763 0.004449
    69 4.004906 6.172710 4.754800 -0.120558 -0.991435 -2.751490
    70 -0.158381 -1.149773 5.804405 -0.965762 0.641116 0.235792
    71 1.078559 -2.386406 5.215008 -1.032248 0.626656 0.155505
    72 6.289963 0.932404 13.569109 -0.126801 -0.612098 -2.869612
    73 -1.327759 -0.766682 12.396324 -0.004947 -0.002711 0.045669
    74 0.000017 -54.999996 0.000000 0.000000 0.000000 -1.570796
  time 12
    0 0.000000 0.000000 -1.500000 0.000000 0.000000 0.000000
    1 -10.521344 -5.760963 66.994621 3.097005 -0.050653 -3.139334
    2 2.055122 9.144835 -44.451194 1.060413 0.850791 0.138767
    3 -0.000034 0.000012 24.761454 -2.417871 -0.279806 0.537852
    4 0.000017 0.000000 24.344809 1.541555 -0.217922 -0.097539
    5 0.002333 -1.019846 24.031336 0.201683 -0.038719 0.025003
    6 0.000034 0.000008 13.404741 -0.000001 -0.000009 0.182033
    7 10.398263 -5.760962 66.994675 3.097005 0.050653 3.139334
    8 -2.047104 13.237425 -44.476574 -0.217250 -0.364301 -0.141129
    9 -0.000004 -0.000006 24.761459 -1.682410 0.194974 0.171788
    10 -0.000007 0.000004 24.344891 0.633803 0.094839 -0.027462
    11 -0.002360 -1.019903 24.031330 -0.190669 -0.045260 0.008596
    12 0.000000 -0.000002 13.404737 0.000001 0.000005 0.095409
    13 -0.061540 -5.245835 72.927078 0.000000 0.000000 0.000000
    14 0.005230 7.981698 44.876376 0.493326 0.020202 0.001859
    15 0.000000 -0.005608 -1.146812 -0.350739 0.065873 0.185561
    16 0.030770 -0.240000 8.906021 -0.004138 0.000000 0.000000
    17 -0.101542 1.325115 0.386332 -0.222597 -0.008614 0.052678
    18 0.030770 -0.276858 8.905140 0.056125 0.004134 -0.000049
    19 0.057330 -0.135847 0.467589 -0.052257 0.010101 -0.058558
    20 5.669724 4.435303 14.302868 0.849020 -0.824960 2.142558
    21 -1.044571 -2.839317 19.743267 -0.021153 -0.423832 0.063801
    22 2.655533 -1.533369 24.792658 -0.309552 0.014834 0.302157
    23 1.120163 -0.154394 9.796035 -0.032603 -0.000165 -0.283395
    24 2.240311 -0.308786 19.592051 -0.213930 0.071941 -0.553265
    25 0.683151 2.877354 14.167051 -1.709525 -0.207373 1.590337
    26 0.144936 -0.145374 7.579252 -1.595961 -0.243922 0.203087
    27 0.091660 -0.906685 4.702850 -1.417418 -0.179862 0.158257
    28 0.506271 8.500866 13.617253 -1.613964 -0.240865 1.579486
    29 -0.384987 -0.460049 7.003448 -1.757448 -0.386771 0.547979
    30 0.561516 -0.596954 5.061852 -1.314510 -0.374720 0.318097
    31 -2.452171 -8.899406 11.597897 -1.694531 -0.119315 1.270059
    32 0.680496 -0.903999 6.074253 -1.459886 0.159236 -0.002977
    33 0.245514 -0.661150 3.388004 -1.316250 0.113248 -0.085962
    34 -0.717484 -3.784271 13.043911 -1.784842 -0.001911 1.448920
    35 1.099216 -1.407745 8.017889 -1.614781 0.028416 -0.011660
    36 0.068439 -0.807653 3.686054 -1.298544 0.029359 -0.005367
    37 -4.004929 6.172707 4.754754 -0.005300 1.045494 2.635522
    38 0.158352 -1.149811 5.804394 -1.116691 -0.455950 0.152796
    39 -1.083523 -1.463142 5.544399 -1.096357 -0.298267 -0.042600
    40 -6.289886 0.932434 13.569063 -0.126803 0.612110 2.869610
    41 1.327774 -0.766687 12.396328 0.008579 -0.005570 0.082843
    42 -0.096140 1.828087 23.185329 -0.005799 -0.087812 -1.540936
    43 2.325478 -0.000003 6.169296 0.056390 -0.011119 1.554882
    44 0.000000 -3.152912 0.122169 1.961017 0.000000 0.000000
    45 1.068383 -10.478592 7.066338 0.292219 -1.282324 -3.141588
    46 0.000000 0.000000 2.279457 0.547137 -0.343566 0.107833
    47 2.479414 -8.323895 6.074242 -0.008855 0.007342 1.561876
    48 0.000003 -5.075260 5.105362 0.000000 0.000000 0.000000
    49 -1.068383 -10.478611 7.065971 0.292219 1.282324 3.141588
    50 -0.000488 0.000015 2.279600 0.547136 0.343566 0.107835
    51 -2.479401 -8.323895 6.074234 0.008854 0.007354 1.579716
    52 -5.790000 4.432083 14.255558 -5.164463 0.924145 -2.123267
    53 1.044540 -2.839314 19.743252 0.034175 0.209819 -0.082738
    54 -2.655510 -1.533379 24.792648 -0.339974 -0.058857 -0.077868
    55 -1.120216 -0.154385 9.795983 -0.033274 0.000245 0.289416
    56 -2.240372 -0.308788 19.592047 -0.226891 0.122724 0.545699
    57 -0.683205 2.877342 14.167089 -1.813699 0.202330 -1.608736
    58 -0.144958 -0.145317 7.579308 -1.703914 0.309303 -0.206994
    59 -0.038551 -0.936644 4.697678 -1.518550 0.258923 -0.201850
    60 -0.506317 8.500896 13.617329 -1.648180 0.227614 -1.751390
    61 0.385056 -0.460075 7.003435 -1.902897 0.582721 -0.590094
    62 -0.456360 -0.710276 5.057732 -1.410495 0.559028 -0.409524
    63 2.452194 -8.899408 11.597939 -1.843283 0.075630 -1.305524
    64 -0.680515 -0.903999 6.074242 -1.562167 -0.184086 0.005449
    65 -0.248295 -0.666843 3.386627 -1.419547 -0.128987 0.102399
    66 0.717491 -3.784309 13.044010 -1.885663 -0.010806 -1.438623
    67 -1.099228 -1.407673 8.017876 -1.717045 -0.024302 0.016738
    68 -0.064053 -0.807640 3.686100 -1.400717 -0.029763 0.004449
    69 4.004906 6.172710 4.754800 -0.120558 -0.991435 -2.751490
    70 -0.158381 -1.149773 5.804405 -0.965762 0.641116 0.235792
    71 1.078559 -2.386406 5.215008 -1.032248 0.626656 0.155505
    72 6.289963 0.932404 13.569109 -0.126801 -0.612098 -2.869612
    73 -1.327759 -0.766682 12.396324 -0.004012 -0.002232 0.037156
    74 0.000017 -54.999996 0.000000 0.000000 0.000000 -1.570796
  time 13
    0 0.000000 0.000000 -1.500000 0.000000 0.000000 0.000000
    1 -10.521344 -5.760963 66.994621 3.097005 -0.050653 -3.139334
    2 2.062934 9.071173 -44.540892 1.111105 0.858863 0.170136
    3 -0.000034 0.000012 24.761454 -2.416408 -0.279650 0.555768
    4 0.000017 0.000000 24.344809 1.529719 -0.214210 -0.084985
    5 0.002333 -1.019846 24.031336 0.219454 -0.039162 0.024320
    6 0.000034 0.000008 13.404741 -0.000001 -0.000009 0.196398
    7 10.398263 -5.760962 66.994675 3.097005 0.050653 3.139334
    8 -2.043198 13.174978 -44.499054 -0.198397 -0.362326 -0.148143
    9 -0.000004 -0.000006 24.761459 -1.702759 0.197335 0.174516
    10 -0.000007 0.000004 24.344891 0.656263 0.096506 -0.028282
    11 -0.002360 -1.019903 24.031330 -0.192812 -0.045248 0.008692
    12 0.000000 -0.000002 13.404737 0.000001 0.000005 0.097148
    13 -0.061540 -5.245835 72.927078 0.000000 0.000000 0.000000
    14 0.005230 7.981698 44.898907 0.488781 0.020271 0.001739
    15 0.000000 -0.005608 -1.146812 -0.358331 0.068508 0.185670
    16 0.030770 -0.240000 8.906021 -0.004138 0.000000 0.000000
    17 -0.101542 1.301677 0.374613 -0.218725 -0.008855 0.052718
    18 0.030770 -0.276858 8.905140 0.056125 0.004134 -0.000049
    19 0.057330 -0.124128 0.444151 -0.057190 0.010101 -0.058606
    20 5.669724 4.435303 14.302868 0.851699 -0.830140 2.132879
    21 -1.044571 -2.839317 19.743267 -0.033041 -0.425659 0.065324
    22 2.655533 -1.533369 24.792658 -0.327605 0.018523 0.259780
    23 1.120163 -0.154394 9.796035 -0.032735 -0.000177 -0.284602
    24 2.240311 -0.308786 19.592051 -0.215018 0.075026 -0.555876
    25 0.683151 2.877354 14.167051 -1.709525 -0.207385 1.590337
    26 0.144936 -0.145374 7.579252 -1.595961 -0.243922 0.203087
    27 0.091660 -0.906685 4.702850 -1.417418 -0.179862 0.158257
    28 0.506271 8.500866 13.617253 -1.613964 -0.240865 1.579486
    29 -0.384987 -0.460049 7.003448 -1.757448 -0.386771 0.547979
    30 0.561516 -0.596954 5.061852 -1.314510 -0.374732 0.318097
    31 -2.452171 -8.899406 11.597897 -1.694531 -0.119315 1.270059
    32 0.680496 -0.903999 6.074253 -1.459886 0.159236 -0.002977
    33 0.245514 -0.661150 3.388004 -1.316250 0.113248 -0.085962
    34 -0.717484 -3.784271 13.043911 -1.784842 -0.001911 1.448920
    35 1.099216 -1.407745 8.017889 -1.614781 0.028416 -0.011660
    36 0.068439 -0.807653 3.686054 -1.298544 0.029359 -0.005367
    37 -4.004929 6.172707 4.754754 -0.005300 1.045494 2.635618
    38 0.158352 -1.149811 5.804394 -1.116691 -0.455950 0.152796
    39 -1.083523 -1.463142 5.544399 -1.096357 -0.298267 -0.042600
    40 -6.289886 0.932434 13.569063 -0.126803 0.612110 2.869610
    41 1.327774 -0.766687 12.396328 0.006230 -0.003856 0.059342
    42 -0.096140 1.828087 23.185329 -0.004772 -0.093038 -1.541303
    43 2.325478 -0.000003 6.169296 0.063171 -0.010338 1.555281
    44 0.000000 -3.152912 0.122169 1.961017 0.000000 0.000000
    45 1.068383 -10.478592 7.066338 0.292219 -1.282324 -3.141588
    46 0.000000 0.000000 2.279457 0.547137 -0.343566 0.107833
    47 2.479414 -8.323895 6.074242 -0.008855 0.007342 1.561876
    48 0.000003 -5.075260 5.105362 0.000000 0.000000 0.000000
    49 -1.068383 -10.478611 7.065971 0.292219 1.282324 3.141588
    50 -0.000488 0.000015 2.279600 0.547136 0.343566 0.107835
    51 -2.479401 -8.323895 6.074234 0.008854 0.007354 1.579716
    52 -5.790000 4.432083 14.255558 -5.174816 0.903252 -2.117327
    53 1.044540 -2.839314 19.743252 0.047255 0.219570 -0.081132
    54 -2.655510 -1.533379 24.792648 -0.355575 -0.058676 -0.083245
    55 -1.120216 -0.154385 9.795983 -0.033718 0.000305 0.293225
    56 -2.240372 -0.308788 19.592047 -0.231091 0.125942 0.552143
    57 -0.683205 2.877342 14.167089 -1.813699 0.202330 -1.608736
    58 -0.144958 -0.145317 7.579308 -1.703914 0.309303 -0.206994
    59 -0.038551 -0.936644 4.697678 -1.518550 0.258923 -0.201838
    60 -0.506317 8.500896 13.617329 -1.648180 0.227614 -1.751390
    61 0.385056 -0.460075 7.003435 -1.902897 0.582721 -0.590094
    62 -0.456360 -0.710276 5.057732 -1.410495 0.559028 -0.409524
    63 2.452194 -8.899408 11.597939 -1.843283 0.075630 -1.305524
    64 -0.680515 -0.903999 6.074242 -1.562167 -0.184086 0.005449
    65 -0.248295 -0.666843 3.386627 -1.419547 -0.128987 0.102399
    66 0.717491 -3.784309 13.044010 -1.885663 -0.010806 -1.438635
    67 -1.099228 -1.407673 8.017876 -1.717045 -0.024302 0.016738
    68 -0.064053 -0.807640 3.686100 -1.400717 -0.029763 0.004449
    69 4.004906 6.172710 4.754800 -0.120558 -0.991435 -2.751490
    70 -0.158381 -1.149773 5.804405 -0.965762 0.641116 0.235792
    71 1.078559 -2.386406 5.215008 -1.032248 0.626656 0.155505
    72 6.289963 0.932404 13.569109 -0.126801 -0.612098 -2.869612
    73 -1.327759 -0.766682 12.396324 -0.003665 -0.002040 0.033825
    74 0.000017 -54.999996 0.000000 0.000000 0.000000 -1.570796
  time 14
    0 0.000000 0.000000 -1.500000 0.000000 0.000000 0.000000
    1 -10.521344 -5.760963 66.994621 3.097005 -0.050653 -3.139334
    2 2.039496 9.328990 -44.226949 0.951239 0.833116 0.072970
    3 -0.000034 0.000012 24.761454 -2.432506 -0.281483 0.499740
    4 0.000017 0.000000 24.344809 1.562824 -0.226364 -0.124482
    5 0.002333 -1.019846 24.031336 0.159645 -0.037640 0.026657
    6 0.000034 0.000008 13.404741 -0.000001 -0.000009 0.152460
    7 10.398263 -5.760962 66.994675 3.097005 0.050653 3.139334
    8 -2.058823 13.349830 -44.409133 -0.266730 -0.369861 -0.123388
    9 -0.000004 -0.000006 24.761459 -1.629833 0.188898 0.166046
    10 -0.000007 0.000004 24.344891 0.587528 0.091595 -0.024604
    11 -0.002360 -1.019903 24.031330 -0.183664 -0.045320 0.008272
    12 0.000000 -0.000002 13.404737 0.000001 0.000005 0.091201
    13 -0.061540 -5.245835 72.927078 0.000000 0.000000 0.000000
    14 0.005230 7.993344 44.718658 0.503759 0.020099 0.002099
    15 0.000000 -0.005608 -1.146812 -0.332749 0.059442 0.185398
    16 0.030770 -0.240000 8.906021 -0.004138 0.000000 0.000000
    17 -0.101542 1.364179 0.417583 -0.229163 -0.008247 0.052598
    18 0.030770 -0.276858 8.905140 0.056125 0.004134 -0.000049
    19 0.053424 -0.174911 0.506652 -0.041212 0.010060 -0.058438
    20 5.669724 4.435303 14.302868 0.843469 -0.813650 2.165654
    21 -1.044571 -2.839317 19.743267 0.003601 -0.421797 0.060473
    22 2.655533 -1.533369 24.792658 -0.270365 0.008532 0.384404
    23 1.120163 -0.154394 9.796035 -0.032304 -0.000117 -0.280739
    24 2.240311 -0.308786 19.592051 -0.211580 0.064574 -0.547093
    25 0.683151 2.877354 14.167051 -1.709525 -0.207385 1.590337
    26 0.144936 -0.145374 7.579252 -1.595961 -0.243922 0.203087
    27 0.091660 -0.906685 4.702850 -1.417418 -0.179862 0.158257
    28 0.506271 8.500866 13.617253 -1.613964 -0.240865 1.579486
    29 -0.384987 -0.460049 7.003448 -1.757448 -0.386771 0.547979
    30 0.561516 -0.596954 5.061852 -1.314510 -0.374720 0.318097
    31 -2.452171 -8.899406 11.597897 -1.694531 -0.119315 1.270059
    32 0.680496 -0.903999 6.074253 -1.459886 0.159236 -0.002977
    33 0.245514 -0.661150 3.388004 -1.316250 0.113248 -0.085962
    34 -0.717484 -3.784271 13.043911 -1.784842 -0.001911 1.448920
    35 1.099216 -1.407745 8.017889 -1.614781 0.028416 -0.011660
    36 0.068439 -0.807653 3.686054 -1.298544 0.029359 -0.005367
    37 -4.004929 6.172707 4.754754 -0.005300 1.045494 2.635522
    38 0.158352 -1.149811 5.804394 -1.116691 -0.455950 0.152796
    39 -1.083523 -1.463142 5.544399 -1.096304 -0.298267 -0.042600
    40 -6.289886 0.932434 13.569063 -0.126803 0.612110 2.869610
    41 1.327774 -0.766687 12.396328 0.013157 -0.008770 0.127987
    42 -0.096140 1.828087 23.185329 -0.008230 -0.075511 -1.540080
    43 2.325478 -0.000003 6.169296 0.037338 -0.012942 1.554204
    44 0.000000 -3.152912 0.122169 1.961017 0.000000 0.000000
    45 1.068383 -10.478592 7.066338 0.292219 -1.282324 -3.141588
    46 0.000000 0.000000 2.279457 0.547137 -0.343566 0.107833
    47 2.479414 -8.323895 6.074242 -0.008855 0.007342 1.561876
    48 0.000003 -5.075260 5.105362 0.000000 0.000000 0.000000
    49 -1.068383 -10.478611 7.065971 0.292219 1.282324 3.141588
    50 -0.000488 0.000015 2.279600 0.547136 0.343566 0.107835
    51 -2.479401 -8.323895 6.074234 0.008854 0.007354 1.579716
    52 -5.790000 4.432083 14.255558 -5.144046 0.984581 -2.135148
    53 1.044540 -2.839314 19.743252 0.005178 0.188705 -0.086194
    54 -2.655510 -1.533379 24.792648 -0.305552 -0.059465 -0.062495
    55 -1.120216 -0.154385 9.795983 -0.032280 0.000102 0.280684
    56 -2.240372 -0.308788 19.592047 -0.217116 0.115249 0.530749
    57 -0.683205 2.877342 14.167089 -1.813699 0.202330 -1.608736
    58 -0.144958 -0.145317 7.579308 -1.703914 0.309303 -0.206994
    59 -0.038551 -0.936644 4.697678 -1.518550 0.258923 -0.201838
    60 -0.506317 8.500896 13.617329 -1.648180 0.227614 -1.751390
    61 0.385056 -0.460075 7.003435 -1.902897 0.582721 -0.590094
    62 -0.456360 -0.710276 5.057732 -1.410495 0.559028 -0.409524
    63 2.452194 -8.899408 11.597939 -1.843283 0.075630 -1.305524
    64 -0.680515 -0.903999 6.074242 -1.562167 -0.184086 0.005449
    65 -0.248295 -0.666843 3.386627 -1.419547 -0.128987 0.102399
    66 0.717491 -3.784309 13.044010 -1.885663 -0.010806 -1.438635
    67 -1.099228 -1.407673 8.017876 -1.717045 -0.024302 0.016738
    68 -0.064053 -0.807640 3.686100 -1.400717 -0.029763 0.004449
    69 4.004906 6.172710 4.754800 -0.120558 -0.991435 -2.751490
    70 -0.158381 -1.149773 5.804405 -0.965762 0.641116 0.235792
    71 1.078559 -2.386406 5.215008 -1.032248 0.626656 0.155505
    72 6.289963 0.932404 13.569109 -0.126801 -0.612098 -2.869612
    73 -1.327759 -0.766682 12.396324 -0.004959 -0.002711 0.045669
    74 0.000017 -54.999996 0.000000 0.000000 0.000000 -1.570796
  time 15
    0 0.000000 0.000000 -1.500000 0.000000 0.000000 0.000000
    1 -10.521344 -5.760963 66.994621 3.097005 -0.050653 -3.139334
    2 2.008245 9.574530 -43.756033 0.772926 0.786742 -0.022187
    3 -0.000034 0.000012 24.761454 -2.422018 -0.280297 0.436952
    4 0.000017 0.000000 24.344809 1.595250 -0.236211 -0.160521
    5 0.002333 -1.019846 24.031336 0.096998 -0.035915 0.029006
    6 0.000034 0.000008 13.404741 -0.000001 -0.000009 0.110484
    7 10.398263 -5.760962 66.994675 3.097005 0.050653 3.139334
    8 -2.074448 13.487213 -44.139371 -0.300598 -0.369934 -0.104162
    9 -0.000004 -0.000006 24.761459 -1.600024 0.185434 0.155101
    10 -0.000007 0.000004 24.344891 0.569457 0.090084 -0.022691
    11 -0.002360 -1.019903 24.031330 -0.170690 -0.045428 0.007697
    12 0.000000 -0.000002 13.404737 0.000001 0.000005 0.086113
    13 -0.061540 -5.245835 72.927078 0.000000 0.000000 0.000000
    14 0.005230 8.004989 44.335629 0.512080 0.019961 0.002339
    15 0.000000 -0.005608 -1.146812 -0.305190 0.049231 0.184039
    16 0.030770 -0.240000 8.906021 -0.004138 0.000000 0.000000
    17 -0.101542 1.391523 0.433209 -0.233624 -0.007905 0.052519
    18 0.030770 -0.276858 8.905140 0.056125 0.004134 -0.000049
    19 0.053424 -0.213975 0.522278 -0.025948 0.010143 -0.058270
    20 5.669724 4.435303 14.302868 0.835812 -0.800648 2.201975
    21 -1.044571 -2.839317 19.743267 0.043862 -0.411465 0.055792
    22 2.655533 -1.533369 24.792658 -0.224408 0.000616 0.482825
    23 1.120163 -0.154394 9.796035 -0.031908 -0.000057 -0.277324
    24 2.240311 -0.308786 19.592051 -0.209056 0.053937 -0.539141
    25 0.683151 2.877354 14.167051 -1.709525 -0.207385 1.590337
    26 0.144936 -0.145374 7.579252 -1.595961 -0.243922 0.203087
    27 0.091660 -0.906685 4.702850 -1.417418 -0.179862 0.158257
    28 0.506271 8.500866 13.617253 -1.613964 -0.240865 1.579486
    29 -0.384987 -0.460049 7.003448 -1.757448 -0.386771 0.547979
    30 0.561516 -0.596954 5.061852 -1.314510 -0.374720 0.318097
    31 -2.452171 -8.899406 11.597897 -1.694531 -0.119315 1.270059
    32 0.680496 -0.903999 6.074253 -1.459886 0.159236 -0.002977
    33 0.245514 -0.661150 3.388004 -1.316250 0.113248 -0.085962
    34 -0.717484 -3.784271 13.043911 -1.784842 -0.001911 1.448920
    35 1.099216 -1.407745 8.017889 -1.614781 0.028416 -0.011660
    36 0.068439 -0.807653 3.686054 -1.298544 0.029359 -0.005367
    37 -4.004929 6.172707 4.754754 -0.005390 1.045494 2.635522
    38 0.158352 -1.149811 5.804394 -1.116691 -0.455950 0.152796
    39 -1.083523 -1.463142 5.544399 -1.096304 -0.298267 -0.042600
    40 -6.289886 0.932434 13.569063 -0.126803 0.612110 2.869610
    41 1.327774 -0.766687 12.396328 0.018610 -0.013168 0.184580
    42 -0.096140 1.828087 23.185329 -0.011518 -0.057092 -1.539285
    43 2.325478 -0.000003 6.169296 0.011266 -0.015532 1.553884
    44 0.000000 -3.152912 0.122169 1.961017 0.000000 0.000000
    45 1.068383 -10.478592 7.066338 0.292219 -1.282324 -3.141588
    46 0.000000 0.000000 2.279457 0.547137 -0.343566 0.107833
    47 2.479414 -8.323895 6.074242 -0.008855 0.007342 1.561876
    48 0.000003 -5.075260 5.105362 0.000000 0.000000 0.000000
    49 -1.068383 -10.478611 7.065971 0.292219 1.282324 3.141588
    50 -0.000488 0.000015 2.279600 0.547136 0.343566 0.107835
    51 -2.479401 -8.323895 6.074234 0.008854 0.007354 1.579716
    52 -5.790000 4.432083 14.255558 -5.122094 1.067655 -2.163797
    53 1.044540 -2.839314 19.743252 -0.034393 0.163182 -0.088916
    54 -2.655510 -1.533379 24.792648 -0.265794 -0.060889 -0.037277
    55 -1.120216 -0.154385 9.795983 -0.030961 -0.000078 0.269149
    56 -2.240372 -0.308788 19.592047 -0.203370 0.105101 0.511159
    57 -0.683205 2.877342 14.167089 -1.813699 0.202330 -1.608736
    58 -0.144958 -0.145317 7.579308 -1.703914 0.309303 -0.206994
    59 -0.038551 -0.936644 4.697678 -1.518550 0.258923 -0.201838
    60 -0.506317 8.500896 13.617329 -1.648180 0.227614 -1.751390
    61 0.385056 -0.460075 7.003435 -1.902897 0.582721 -0.590094
    62 -0.456360 -0.710276 5.057732 -1.410495 0.559028 -0.409524
    63 2.452194 -8.899408 11.597939 -1.843283 0.075630 -1.305524
    64 -0.680515 -0.903999 6.074242 -1.562167 -0.184086 0.005449
    65 -0.248295 -0.666843 3.386627 -1.419547 -0.128987 0.102399
    66 0.717491 -3.784309 13.044010 -1.885663 -0.010806 -1.438635
    67 -1.099228 -1.407673 8.017876 -1.717045 -0.024302 0.016738
    68 -0.064053 -0.807640 3.686100 -1.400717 -0.029763 0.004449
    69 4.004906 6.172710 4.754800 -0.120558 -0.991435 -2.751490
    70 -0.158381 -1.149773 5.804405 -0.965762 0.641116 0.235792
    71 1.078559 -2.386406 5.215008 -1.032248 0.626656 0.155505
    72 6.289963 0.932404 13.569109 -0.126801 -0.612098 -2.869612
    73 -1.327759 -0.766682 12.396324 -0.006277 -0.003394 0.057651
    74 0.000017 -54.999996 0.000000 0.000000 0.000000 -1.570796
  time 16
    0 0.000000 0.000000 -1.500000 0.000000 0.000000 0.000000
    1 -10.521344 -5.760963 66.994621 3.097005 -0.050653 -3.139334
    2 1.973088 9.820070 -43.105722 0.615860 0.736166 -0.095542
    3 -0.000034 0.000012 24.761454 -2.399985 -0.277744 0.382797
    4 0.000017 0.000000 24.344809 1.608627 -0.243771 -0.187572
    5 0.002333 -1.019846 24.031336 0.034091 -0.033997 0.031247
    6 0.000034 0.000008 13.404741 -0.000001 -0.000009 0.080300
    7 10.398263 -5.760962 66.994675 3.097005 0.050653 3.139334
    8 -2.078355 13.587128 -43.689768 -0.334210 -0.368252 -0.085018
    9 -0.000004 -0.000006 24.761459 -1.571370 0.182126 0.144478
    10 -0.000007 0.000004 24.344891 0.592304 0.090440 -0.019097
    11 -0.002360 -1.019903 24.031330 -0.150779 -0.045559 0.006798
    12 0.000000 -0.000002 13.404737 0.000001 0.000005 0.081132
    13 -0.061540 -5.245835 72.927078 0.000000 0.000000 0.000000
    14 0.005230 8.039926 43.794883 0.517009 0.019892 0.002820
    15 0.000000 -0.005608 -1.146812 -0.276450 0.038440 0.181186
    16 0.030770 -0.240000 8.906021 -0.004138 0.000000 0.000000
    17 -0.097636 1.325115 0.437115 -0.224491 -0.008133 0.052359
    18 0.030770 -0.276858 8.905140 0.056125 0.004134 -0.000049
    19 0.049517 -0.249132 0.526184 -0.013009 0.010204 -0.058126
    20 5.669724 4.435303 14.302868 0.830453 -0.791558 2.241937
    21 -1.044571 -2.839317 19.743267 0.075661 -0.404472 0.052041
    22 2.655533 -1.533369 24.792658 -0.192989 -0.001113 0.522371
    23 1.120163 -0.154394 9.796035 -0.031573 -0.000009 -0.274289
    24 2.240311 -0.308786 19.592051 -0.207315 0.043623 -0.532020
    25 0.683151 2.877354 14.167051 -1.709525 -0.207397 1.590337
    26 0.144936 -0.145374 7.579252 -1.595961 -0.243922 0.203087
    27 0.091660 -0.906685 4.702850 -1.417418 -0.179862 0.158257
    28 0.506271 8.500866 13.617253 -1.613964 -0.240865 1.579486
    29 -0.384987 -0.460049 7.003448 -1.757448 -0.386771 0.547979
    30 0.561516 -0.596954 5.061852 -1.314510 -0.374720 0.318097
    31 -2.452171 -8.899406 11.597897 -1.694531 -0.119315 1.270059
    32 0.680496 -0.903999 6.074253 -1.459886 0.159236 -0.002977
    33 0.245514 -0.661150 3.388004 -1.316250 0.113248 -0.085962
    34 -0.717484 -3.784271 13.043911 -1.784842 -0.001911 1.448920
    35 1.099216 -1.407745 8.017889 -1.614781 0.028416 -0.011660
    36 0.068439 -0.807653 3.686054 -1.298544 0.029359 -0.005367
    37 -4.004929 6.172707 4.754754 -0.005390 1.045494 2.635522
    38 0.158352 -1.149811 5.804394 -1.116691 -0.455950 0.152808
    39 -1.083523 -1.463142 5.544399 -1.096304 -0.298267 -0.042600
    40 -6.289886 0.932434 13.569063 -0.126803 0.612110 2.869610
    41 1.327774 -0.766687 12.396328 0.021079 -0.015337 0.211094
    42 -0.096140 1.828087 23.185329 -0.014531 -0.038514 -1.538857
    43 2.325478 -0.000003 6.169296 -0.023878 -0.018021 1.553924
    44 0.000000 -3.152912 0.122169 1.961017 0.000000 0.000000
    45 1.068383 -10.478592 7.066338 0.292219 -1.282324 -3.141588
    46 0.000000 0.000000 2.279457 0.547137 -0.343566 0.107833
    47 2.479414 -8.323895 6.074242 -0.008855 0.007342 1.561876
    48 0.000003 -5.075260 5.105362 0.000000 0.000000 0.000000
    49 -1.068383 -10.478611 7.065971 0.292219 1.282324 3.141588
    50 -0.000488 0.000015 2.279600 0.547136 0.343566 0.107835
    51 -2.479401 -8.323895 6.074234 0.008854 0.007354 1.579716
    52 -5.790000 4.432083 14.255558 -5.114617 1.148112 -2.206818
    53 1.044540 -2.839314 19.743252 -0.067286 0.145884 -0.089732
    54 -2.655510 -1.533379 24.792648 -0.237662 -0.063025 -0.002819
    55 -1.120216 -0.154385 9.795983 -0.029763 -0.000246 0.258675
    56 -2.240372 -0.308788 19.592047 -0.190082 0.095547 0.493201
    57 -0.683205 2.877342 14.167089 -1.813699 0.202330 -1.608736
    58 -0.144958 -0.145317 7.579308 -1.703914 0.309303 -0.206994
    59 -0.038551 -0.936644 4.697678 -1.518550 0.258923 -0.201850
    60 -0.506317 8.500896 13.617329 -1.648180 0.227614 -1.751390
    61 0.385056 -0.460075 7.003435 -1.902897 0.582721 -0.590094
    62 -0.456360 -0.710276 5.057732 -1.410544 0.559028 -0.409541
    63 2.452194 -8.899408 11.597939 -1.843283 0.075630 -1.305524
    64 -0.680515 -0.903999 6.074242 -1.562167 -0.184086 0.005449
    65 -0.248295 -0.666843 3.386627 -1.419547 -0.128987 0.102399
    66 0.717491 -3.784309 13.044010 -1.885663 -0.010806 -1.438623
    67 -1.099228 -1.407673 8.017876 -1.717045 -0.024302 0.016738
    68 -0.064053 -0.807640 3.686100 -1.400717 -0.029763 0.004449
    69 4.004906 6.172710 4.754800 -0.120558 -0.991435 -2.751490
    70 -0.158381 -1.149773 5.804405 -0.965762 0.641116 0.235792
    71 1.078559 -2.386406 5.215008 -1.032248 0.626656 0.155505
    72 6.289963 0.932404 13.569109 -0.126801 -0.612098 -2.869612
    73 -1.327759 -0.766682 12.396324 -0.007847 -0.004161 0.071762
    74 0.000017 -54.999996 0.000000 0.000000 0.000000 -1.570796
  time 17
    0 0.000000 0.000000 -1.500000 0.000000 0.000000 0.000000
    1 -10.521344 -5.760963 66.994621 3.097005 -0.050653 -3.139334
    2 1.930118 10.090163 -42.320863 0.494867 0.692354 -0.146047
    3 -0.000034 0.000012 24.761454 -2.379578 -0.275395 0.342690
    4 0.000017 0.000000 24.344809 1.597654 -0.249022 -0.204641
    5 0.002333 -1.019846 24.031336 -0.026540 -0.032056 0.033284
    6 0.000034 0.000008 13.404741 -0.000001 -0.000009 0.061358
    7 10.398263 -5.760962 66.994675 3.097005 0.050653 3.139334
    8 -2.074448 13.674553 -43.082803 -0.394609 -0.367008 -0.061336
    9 -0.000004 -0.000006 24.761459 -1.501139 0.174025 0.134178
    10 -0.000007 0.000004 24.344891 0.625413 0.089884 -0.012371
    11 -0.002360 -1.019903 24.031330 -0.123425 -0.045727 0.005588
    12 0.000000 -0.000002 13.404737 0.000001 0.000005 0.074369
    13 -0.061540 -5.245835 72.927078 0.000000 0.000000 0.000000
    14 0.005230 8.074864 43.051356 0.521362 0.019789 0.003781
    15 0.000000 -0.005608 -1.146812 -0.247424 0.027586 0.176566
    16 0.030770 -0.240000 8.906021 -0.004138 0.000000 0.000000
    17 -0.097636 1.133703 0.460553 -0.196314 -0.009222 0.052239
    18 0.030770 -0.276858 8.905140 0.056125 0.004134 -0.000049
    19 0.045611 -0.253038 0.518372 -0.003215 0.010204 -0.058019
    20 5.669724 4.435303 14.302868 0.828539 -0.786731 2.286021
    21 -1.044571 -2.839317 19.743267 0.097284 -0.402489 0.049052
    22 2.655533 -1.533369 24.792658 -0.175674 0.001231 0.524878
    23 1.120163 -0.154394 9.796035 -0.031273 0.000026 -0.271736
    24 2.240311 -0.308786 19.592051 -0.206140 0.033815 -0.525769
    25 0.683151 2.877354 14.167051 -1.709525 -0.207397 1.590337
    26 0.144936 -0.145374 7.579252 -1.595961 -0.243922 0.203087
    27 0.091660 -0.906685 4.702850 -1.417418 -0.179862 0.158257
    28 0.506271 8.500866 13.617253 -1.613964 -0.240865 1.579486
    29 -0.384987 -0.460049 7.003448 -1.757448 -0.386771 0.547991
    30 0.561516 -0.596954 5.061852 -1.314510 -0.374732 0.318097
    31 -2.452171 -8.899406 11.597897 -1.694531 -0.119315 1.270059
    32 0.680496 -0.903999 6.074253 -1.459886 0.159236 -0.002977
    33 0.245514 -0.661150 3.388004 -1.316250 0.113248 -0.085962
    34 -0.717484 -3.784271 13.043911 -1.784842 -0.001911 1.448920
    35 1.099216 -1.407745 8.017889 -1.614781 0.028416 -0.011660
    36 0.068439 -0.807653 3.686054 -1.298544 0.029359 -0.005367
    37 -4.004929 6.172707 4.754754 -0.005300 1.045494 2.635522
    38 0.158352 -1.149811 5.804394 -1.116691 -0.455950 0.152808
    39 -1.083523 -1.463142 5.544399 -1.096304 -0.298267 -0.042600
    40 -6.289886 0.932434 13.569063 -0.126803 0.612110 2.869610
    41 1.327774 -0.766687 12.396328 0.021654 -0.015877 0.217371
    42 -0.096140 1.828087 23.185329 -0.017236 -0.020637 -1.538643
    43 2.325478 -0.000003 6.169296 -0.075019 -0.020336 1.553765
    44 0.000000 -3.152912 0.122169 1.961017 0.000000 0.000000
    45 1.068383 -10.478592 7.066338 0.292219 -1.282324 -3.141588
    46 0.000000 0.000000 2.279457 0.547137 -0.343566 0.107833
    47 2.479414 -8.323895 6.074242 -0.008855 0.007342 1.561876
    48 0.000003 -5.075260 5.105362 0.000000 0.000000 0.000000
    49 -1.068383 -10.478611 7.065971 0.292219 1.282324 3.141588
    50 -0.000488 0.000015 2.279600 0.547136 0.343566 0.107835
    51 -2.479401 -8.323895 6.074234 0.008854 0.007354 1.579716
    52 -5.790000 4.432083 14.255558 -5.127941 1.221549 -2.268236
    53 1.044540 -2.839314 19.743252 -0.089883 0.139567 -0.089460
    54 -2.655510 -1.533379 24.792648 -0.222464 -0.065794 0.043982
    55 -1.120216 -0.154385 9.795983 -0.028660 -0.000378 0.249236
    56 -2.240372 -0.308788 19.592047 -0.177558 0.086735 0.477048
    57 -0.683205 2.877342 14.167089 -1.813699 0.202330 -1.608736
    58 -0.144958 -0.145317 7.579308 -1.703914 0.309303 -0.206994
    59 -0.038551 -0.936644 4.697678 -1.518550 0.258923 -0.201838
    60 -0.506317 8.500896 13.617329 -1.648180 0.227614 -1.751390
    61 0.385056 -0.460075 7.003435 -1.902897 0.582721 -0.590094
    62 -0.456360 -0.710276 5.057732 -1.410544 0.559028 -0.409524
    63 2.452194 -8.899408 11.597939 -1.843283 0.075630 -1.305524
    64 -0.680515 -0.903999 6.074242 -1.562167 -0.184086 0.005449
    65 -0.248295 -0.666843 3.386627 -1.419547 -0.128987 0.102399
    66 0.717491 -3.784309 13.044010 -1.885663 -0.010794 -1.438623
    67 -1.099228 -1.407673 8.017876 -1.717045 -0.024302 0.016738
    68 -0.064053 -0.807640 3.686100 -1.400717 -0.029763 0.004449
    69 4.004906 6.172710 4.754800 -0.120558 -0.991435 -2.751490
    70 -0.158381 -1.149773 5.804405 -0.965762 0.641116 0.235792
    71 1.078559 -2.386406 5.215008 -1.032248 0.626656 0.155505
    72 6.289963 0.932404 13.569109 -0.126801 -0.612098 -2.869612
    73 -1.327759 -0.766682 12.396324 -0.009813 -0.005108 0.089574
    74 0.000017 -54.999996 0.000000 0.000000 0.000000 -1.570796
  time 18
    0 0.000000 0.000000 -1.500000 0.000000 0.000000 0.000000
    1 -10.521344 -5.760963 66.994621 3.097005 -0.050653 -3.139334
    2 1.883241 10.347980 -41.379032 0.391979 0.650045 -0.183228
    3 -0.000034 0.000012 24.761454 -2.354090 -0.272459 0.309871
    4 0.000017 0.000000 24.344809 1.570098 -0.252010 -0.212419
    5 0.002333 -1.019846 24.031336 -0.082504 -0.030126 0.035070
    6 0.000034 0.000008 13.404741 -0.000001 -0.000009 0.048660
    7 10.398263 -5.760962 66.994675 3.097005 0.050653 3.139334
    8 -2.054917 13.737000 -42.273517 -0.467123 -0.363386 -0.036003
    9 -0.000004 -0.000006 24.761459 -1.400108 0.162352 0.121151
    10 -0.000007 0.000004 24.344891 0.661039 0.088884 -0.004447
    11 -0.002360 -1.019903 24.031330 -0.091739 -0.045895 0.004137
    12 0.000000 -0.000002 13.404737 0.000001 0.000005 0.065266
    13 -0.061540 -5.245835 72.927078 0.000000 0.000000 0.000000
    14 0.005230 8.121446 42.172644 0.524850 0.019548 0.005162
    15 0.000000 -0.005608 -1.146812 -0.218844 0.017218 0.170017
    16 0.030770 -0.240000 8.906021 -0.004138 0.000000 0.000000
    17 -0.093730 0.844632 0.480085 -0.152479 -0.010969 0.051959
    18 0.030770 -0.276858 8.905140 0.056125 0.004134 -0.000049
    19 0.049517 -0.241319 0.510559 0.004935 0.010204 -0.057899
    20 5.669724 4.435303 14.302868 0.831218 -0.786484 2.334129
    21 -1.044571 -2.839317 19.743267 0.132360 -0.394870 0.044878
    22 2.655533 -1.533369 24.792658 -0.172419 0.004382 0.520269
    23 1.120163 -0.154394 9.796035 -0.031009 0.000062 -0.269494
    24 2.240311 -0.308786 19.592051 -0.205531 0.024606 -0.520428
    25 0.683151 2.877354 14.167051 -1.709525 -0.207397 1.590337
    26 0.144936 -0.145374 7.579252 -1.595961 -0.243922 0.203087
    27 0.091660 -0.906685 4.702850 -1.417418 -0.179862 0.158257
    28 0.506271 8.500866 13.617253 -1.613964 -0.240865 1.579486
    29 -0.384987 -0.460049 7.003448 -1.757448 -0.386771 0.547979
    30 0.561516 -0.596954 5.061852 -1.314510 -0.374720 0.318097
    31 -2.452171 -8.899406 11.597897 -1.694531 -0.119315 1.270059
    32 0.680496 -0.903999 6.074253 -1.459886 0.159236 -0.002977
    33 0.245514 -0.661150 3.388004 -1.316250 0.113248 -0.085962
    34 -0.717484 -3.784271 13.043911 -1.784842 -0.001911 1.448920
    35 1.099216 -1.407745 8.017889 -1.614781 0.028416 -0.011660
    36 0.068439 -0.807653 3.686054 -1.298544 0.029359 -0.005367
    37 -4.004929 6.172707 4.754754 -0.005300 1.045494 2.635522
    38 0.158352 -1.149811 5.804394 -1.116691 -0.455950 0.152808
    39 -1.083523 -1.463142 5.544399 -1.096304 -0.298267 -0.042600
    40 -6.289886 0.932434 13.569063 -0.126803 0.612110 2.869610
    41 1.327774 -0.766687 12.396328 0.021870 -0.016056 0.219681
    42 -0.096140 1.828087 23.185329 -0.019582 -0.004290 -1.538521
    43 2.325478 -0.000003 6.169296 -0.139243 -0.022347 1.553286
    44 0.000000 -3.152912 0.122169 1.961017 0.000000 0.000000
    45 1.068383 -10.478592 7.066338 0.292219 -1.282324 -3.141588
    46 0.000000 0.000000 2.279457 0.547137 -0.343566 0.107833
    47 2.479414 -8.323895 6.074242 -0.008855 0.007342 1.561876
    48 0.000003 -5.075260 5.105362 0.000000 0.000000 0.000000
    49 -1.068383 -10.478611 7.065971 0.292219 1.282324 3.141588
    50 -0.000488 0.000015 2.279600 0.547136 0.343566 0.107835
    51 -2.479401 -8.323895 6.074234 0.008854 0.007354 1.579716
    52 -5.790000 4.432083 14.255558 -5.165805 1.283605 -2.349679
    53 1.044540 -2.839314 19.743252 -0.100123 0.145460 -0.088671
    54 -2.655510 -1.533379 24.792648 -0.220451 -0.068810 0.099416
    55 -1.120216 -0.154385 9.795983 -0.027725 -0.000474 0.240993
    56 -2.240372 -0.308788 19.592047 -0.165950 0.078765 0.462785
    57 -0.683205 2.877342 14.167089 -1.813699 0.202330 -1.608736
    58 -0.144958 -0.145317 7.579308 -1.703914 0.309303 -0.206994
    59 -0.038551 -0.936644 4.697678 -1.518550 0.258923 -0.201838
    60 -0.506317 8.500896 13.617329 -1.648180 0.227614 -1.751390
    61 0.385056 -0.460075 7.003435 -1.902897 0.582721 -0.590094
    62 -0.456360 -0.710276 5.057732 -1.410495 0.559028 -0.409524
    63 2.452194 -8.899408 11.597939 -1.843283 0.075630 -1.305524
    64 -0.680515 -0.903999 6.074242 -1.562167 -0.184086 0.005449
    65 -0.248295 -0.666843 3.386627 -1.419547 -0.128987 0.102399
    66 0.717491 -3.784309 13.044010 -1.885663 -0.010806 -1.438623
    67 -1.099228 -1.407673 8.017876 -1.717045 -0.024302 0.016738
    68 -0.064053 -0.807640 3.686100 -1.400717 -0.029763 0.004449
    69 4.004906 6.172710 4.754800 -0.120558 -0.991435 -2.751490
    70 -0.158381 -1.149773 5.804405 -0.965762 0.641116 0.235792
    71 1.078559 -2.386406 5.215008 -1.032248 0.626656 0.155505
    72 6.289963 0.932404 13.569109 -0.126801 -0.612098 -2.869612
    73 -1.327759 -0.766682 12.396324 -0.012162 -0.006163 0.110208
    74 0.000017 -54.999996 0.000000 0.000000 0.000000 -1.570796
  time 19
    0 0.000000 0.000000 -1.500000 0.000000 0.000000 0.000000
    1 -10.521344 -5.760963 66.994621 3.097005 -0.050653 -3.139334
    2 1.836365 10.593520 -40.302654 0.295239 0.605258 -0.211145
    3 -0.000034 0.000012 24.761454 -2.314130 -0.267857 0.280676
    4 0.000017 0.000000 24.344809 1.527315 -0.252508 -0.210129
    5 0.002333 -1.019846 24.031336 -0.131224 -0.028376 0.036532
    6 0.000034 0.000008 13.404741 -0.000001 -0.000009 0.040286
    7 10.398263 -5.760962 66.994675 3.097005 0.050653 3.139334
    8 -2.027572 13.774468 -41.306869 -0.538869 -0.355266 -0.011991
    9 -0.000004 -0.000006 24.761459 -1.280544 0.148522 0.103099
    10 -0.000007 0.000004 24.344891 0.693696 0.088129 0.003330
    11 -0.002360 -1.019903 24.031330 -0.058831 -0.046003 0.002651
    12 0.000000 -0.000002 13.404737 0.000001 0.000005 0.053458
    13 -0.061540 -5.245835 72.927078 0.000000 0.000000 0.000000
    14 0.005230 8.156383 41.091151 0.527282 0.019256 0.006723
    15 0.000000 -0.005608 -1.146812 -0.191603 0.008011 0.161511
    16 0.030770 -0.240000 8.906021 -0.004138 0.000000 0.000000
    17 -0.089823 0.477433 0.499617 -0.096545 -0.013274 0.051640
    18 0.030770 -0.276858 8.905140 0.056125 0.004134 -0.000049
    19 0.045611 -0.221787 0.498840 0.012763 0.010204 -0.057791
    20 5.669724 4.435303 14.302868 0.847297 -0.804771 2.422967
    21 -1.044571 -2.839317 19.743267 0.149580 -0.395705 0.042002
    22 2.655533 -1.533369 24.792658 -0.199455 0.008993 0.502153
    23 1.120163 -0.154394 9.796035 -0.030818 0.000086 -0.267666
    24 2.240311 -0.308786 19.592051 -0.205226 0.016410 -0.515878
    25 0.683151 2.877354 14.167051 -1.709525 -0.207397 1.590337
    26 0.144936 -0.145374 7.579252 -1.595961 -0.243922 0.203087
    27 0.091660 -0.906685 4.702850 -1.417418 -0.179862 0.158257
    28 0.506271 8.500866 13.617253 -1.613964 -0.240865 1.579486
    29 -0.384987 -0.460049 7.003448 -1.757448 -0.386771 0.547979
    30 0.561516 -0.596954 5.061852 -1.314510 -0.374720 0.318097
    31 -2.452171 -8.899406 11.597897 -1.694531 -0.119315 1.270059
    32 0.680496 -0.903999 6.074253 -1.459886 0.159236 -0.002977
    33 0.245514 -0.661150 3.388004 -1.316250 0.113248 -0.085962
    34 -0.717484 -3.784271 13.043911 -1.784842 -0.001911 1.448920
    35 1.099216 -1.407745 8.017889 -1.614781 0.028416 -0.011660
    36 0.068439 -0.807653 3.686054 -1.298544 0.029359 -0.005367
    37 -4.004929 6.172707 4.754754 -0.005300 1.045494 2.635618
    38 0.158352 -1.149811 5.804394 -1.116691 -0.455950 0.152808
    39 -1.083523 -1.463142 5.544399 -1.096304 -0.298267 -0.042600
    40 -6.289886 0.932434 13.569063 -0.126803 0.612110 2.869610
    41 1.327774 -0.766687 12.396328 0.021223 -0.015457 0.212550
    42 -0.096140 1.828087 23.185329 -0.021448 0.009700 -1.538307
    43 2.325478 -0.000003 6.169296 -0.213781 -0.023982 1.552527
    44 0.000000 -3.152912 0.122169 1.961017 0.000000 0.000000
    45 1.068383 -10.478592 7.066338 0.292219 -1.282324 -3.141588
    46 0.000000 0.000000 2.279457 0.547137 -0.343566 0.107833
    47 2.479414 -8.323895 6.074242 -0.008855 0.007342 1.561876
    48 0.000003 -5.075260 5.105362 0.000000 0.000000 0.000000
    49 -1.068383 -10.478611 7.065971 0.292219 1.282324 3.141588
    50 -0.000488 0.000015 2.279600 0.547136 0.343566 0.107835
    51 -2.479401 -8.323895 6.074234 0.008854 0.007354 1.579716
    52 -5.790000 4.432083 14.255558 -5.239232 1.339763 -2.472897
    53 1.044540 -2.839314 19.743252 -0.099956 0.186373 -0.086194
    54 -2.655510 -1.533379 24.792648 -0.276262 -0.070014 0.124104
    55 -1.120216 -0.154385 9.795983 -0.026910 -0.000558 0.233838
    56 -2.240372 -0.308788 19.592047 -0.155717 0.071884 0.450671
    57 -0.683205 2.877342 14.167089 -1.813699 0.202330 -1.608736
    58 -0.144958 -0.145317 7.579308 -1.703914 0.309303 -0.207006
    59 -0.038551 -0.936644 4.697678 -1.518550 0.258923 -0.201838
    60 -0.506317 8.500896 13.617329 -1.648180 0.227614 -1.751390
    61 0.385056 -0.460075 7.003435 -1.902897 0.582721 -0.590094
    62 -0.456360 -0.710276 5.057732 -1.410495 0.559028 -0.409524
    63 2.452194 -8.899408 11.597939 -1.843283 0.075630 -1.305524
    64 -0.680515 -0.903999 6.074242 -1.562167 -0.184086 0.005449
    65 -0.248295 -0.666843 3.386627 -1.419547 -0.128987 0.102399
    66 0.717491 -3.784309 13.044010 -1.885663 -0.010806 -1.438623
    67 -1.099228 -1.407673 8.017876 -1.717045 -0.024302 0.016738
    68 -0.064053 -0.807640 3.686100 -1.400717 -0.029763 0.004449
    69 4.004906 6.172710 4.754800 -0.120558 -0.991435 -2.751490
    70 -0.158381 -1.149773 5.804405 -0.965762 0.641116 0.235792
    71 1.078559 -2.386406 5.215008 -1.032248 0.626656 0.155505
    72 6.289963 0.932404 13.569109 -0.126801 -0.612098 -2.869612
    73 -1.327759 -0.766682 12.396324 -0.013037 -0.006534 0.117934
    74 0.000017 -54.999996 0.000000 0.000000 0.000000 -1.570796
  time 20
    0 0.000000 0.000000 -1.500000 0.000000 0.000000 0.000000
    1 -10.521344 -5.760963 66.994621 3.097005 -0.050653 -3.139334
    2 1.789488 10.826783 -39.114154 0.196928 0.555795 -0.231112
    3 -0.000034 0.000012 24.761454 -2.248316 -0.260271 0.253354
    4 0.000017 0.000000 24.344809 1.465236 -0.249656 -0.196560
    5 0.002333 -1.019846 24.031336 -0.170164 -0.026938 0.037647
    6 0.000034 0.000008 13.404741 -0.000001 -0.000009 0.035645
    7 10.398263 -5.760962 66.994675 3.097005 0.050653 3.139334
    8 -1.988508 13.774468 -40.160381 -0.596453 -0.341584 0.007978
    9 -0.000004 -0.000006 24.761459 -1.156360 0.134140 0.079198
    10 -0.000007 0.000004 24.344891 0.720609 0.088062 0.009888
    11 -0.002360 -1.019903 24.031330 -0.027790 -0.046063 0.001249
    12 0.000000 -0.000002 13.404737 0.000001 0.000005 0.039288
    13 -0.061540 -5.245835 72.927078 0.000000 0.000000 0.000000
    14 0.005230 8.191320 39.919534 0.528371 0.018808 0.008465
    15 0.000000 -0.005608 -1.146812 -0.166564 0.000545 0.150994
    16 0.030770 -0.240000 8.906021 -0.004138 0.000000 0.000000
    17 -0.089823 0.047732 0.487898 -0.031940 -0.015920 0.051081
    18 0.030770 -0.276858 8.905140 0.056125 0.004134 -0.000049
    19 0.045611 -0.198349 0.487121 0.021735 0.010163 -0.057683
    20 5.669724 4.435303 14.302868 0.876009 -0.845608 2.551671
    21 -1.044571 -2.839317 19.743267 0.134561 -0.420336 0.039915
    22 2.655533 -1.533369 24.792658 -0.264984 0.015641 0.466812
    23 1.120163 -0.154394 9.796035 -0.030638 0.000110 -0.266149
    24 2.240311 -0.308786 19.592051 -0.205226 0.009457 -0.512159
    25 0.683151 2.877354 14.167051 -1.709525 -0.207385 1.590337
    26 0.144936 -0.145374 7.579252 -1.595961 -0.243922 0.203087
    27 0.091660 -0.906685 4.702850 -1.417418 -0.179862 0.158257
    28 0.506271 8.500866 13.617253 -1.613964 -0.240865 1.579486
    29 -0.384987 -0.460049 7.003448 -1.757448 -0.386771 0.547979
    30 0.561516 -0.596954 5.061852 -1.314510 -0.374732 0.318097
    31 -2.452171 -8.899406 11.597897 -1.694531 -0.119315 1.270059
    32 0.680496 -0.903999 6.074253 -1.459886 0.159236 -0.002977
    33 0.245514 -0.661150 3.388004 -1.316250 0.113248 -0.085962
    34 -0.717484 -3.784271 13.043911 -1.784842 -0.001911 1.448920
    35 1.099216 -1.407745 8.017889 -1.614781 0.028416 -0.011660
    36 0.068439 -0.807653 3.686054 -1.298544 0.029359 -0.005367
    37 -4.004929 6.172707 4.754754 -0.005300 1.045494 2.635522
    38 0.158352 -1.149811 5.804394 -1.116691 -0.455950 0.152808
    39 -1.083523 -1.463142 5.544399 -1.096357 -0.298267 -0.042600
    40 -6.289886 0.932434 13.569063 -0.126803 0.612110 2.869610
    41 1.327774 -0.766687 12.396328 0.019533 -0.013959 0.194372
    42 -0.096140 1.828087 23.185329 -0.022801 0.020439 -1.538001
    43 2.325478 -0.000003 6.169296 -0.295721 -0.025038 1.551609
    44 0.000000 -3.152912 0.122169 1.961017 0.000000 0.000000
    45 1.068383 -10.478592 7.066338 0.292219 -1.282324 -3.141588
    46 0.000000 0.000000 2.279457 0.547137 -0.343566 0.107833
    47 2.479414 -8.323895 6.074242 -0.008855 0.007342 1.561876
    48 0.000003 -5.075260 5.105362 0.000000 0.000000 0.000000
    49 -1.068383 -10.478611 7.065971 0.292219 1.282324 3.141588
    50 -0.000488 0.000015 2.279600 0.547136 0.343566 0.107835
    51 -2.479401 -8.323895 6.074234 0.008854 0.007354 1.579716
    52 -5.790000 4.432083 14.255558 -5.395864 1.390895 -2.688769
    53 1.044540 -2.839314 19.743252 -0.099956 0.276467 -0.081105
    54 -2.655510 -1.533379 24.792648 -0.401321 -0.069561 0.087224
    55 -1.120216 -0.154385 9.795983 -0.026239 -0.000605 0.227962
    56 -2.240372 -0.308788 19.592047 -0.146782 0.066191 0.440532
    57 -0.683205 2.877342 14.167089 -1.813699 0.202330 -1.608736
    58 -0.144958 -0.145317 7.579308 -1.703914 0.309303 -0.206994
    59 -0.038551 -0.936644 4.697678 -1.518550 0.258923 -0.201838
    60 -0.506317 8.500896 13.617329 -1.648180 0.227614 -1.751390
    61 0.385056 -0.460075 7.003435 -1.902897 0.582721 -0.590094
    62 -0.456360 -0.710276 5.057732 -1.410495 0.559028 -0.409524
    63 2.452194 -8.899408 11.597939 -1.843283 0.075630 -1.305524
    64 -0.680515 -0.903999 6.074242 -1.562167 -0.184086 0.005449
    65 -0.248295 -0.666843 3.386627 -1.419547 -0.128987 0.102399
    66 0.717491 -3.784309 13.044010 -1.885663 -0.010806 -1.438635
    67 -1.099228 -1.407673 8.017876 -1.717045 -0.024302 0.016738
    68 -0.064053 -0.807640 3.686100 -1.400717 -0.029763 0.004449
    69 4.004906 6.172710 4.754800 -0.120558 -0.991435 -2.751490
    70 -0.158381 -1.149773 5.804405 -0.965762 0.641116 0.235792
    71 1.078559 -2.386406 5.215008 -1.032248 0.626656 0.155505
    72 6.289963 0.932404 13.569109 -0.126801 -0.612098 -2.869612
    73 -1.327759 -0.766682 12.396324 -0.010771 -0.005552 0.097948
    74 0.000017 -54.999996 0.000000 0.000000 0.000000 -1.570796
  time 21
    0 0.000000 0.000000 -1.500000 0.000000 0.000000 0.000000
    1 -10.521344 -5.760963 66.994621 3.097005 -0.050653 -3.139334
    2 1.746518 11.010938 -37.791106 0.091033 0.501155 -0.243651
    3 -0.000034 0.000012 24.761454 -2.143314 -0.248142 0.226847
    4 0.000017 0.000000 24.344809 1.375602 -0.241915 -0.171734
    5 0.002333 -1.019846 24.031336 -0.196970 -0.025920 0.038378
    6 0.000034 0.000008 13.404741 -0.000001 -0.000009 0.034422
    7 10.398263 -5.760962 66.994675 3.097005 0.050653 3.139334
    8 -1.929913 13.724511 -38.834051 -0.626738 -0.322672 0.021263
    9 -0.000004 -0.000006 24.761459 -1.043615 0.121101 0.050524
    10 -0.000007 0.000004 24.344891 0.740487 0.088529 0.014449
    11 -0.002360 -1.019903 24.031330 -0.001773 -0.046075 0.000087
    12 0.000000 -0.000002 13.404737 0.000001 0.000005 0.024002
    13 -0.061540 -5.245835 72.927078 0.000000 0.000000 0.000000
    14 0.005230 8.226258 38.567668 0.527827 0.018241 0.009966
    15 0.000000 -0.005608 -1.146812 -0.144395 -0.004537 0.138684
    16 0.030770 -0.240000 8.906021 -0.004138 0.000000 0.000000
    17 -0.082011 -0.405406 0.456647 0.037821 -0.018832 0.050242
    18 0.030770 -0.276858 8.905140 0.056125 0.004134 -0.000049
    19 0.045611 -0.174911 0.483214 0.033209 0.010163 -0.057551
    20 5.669724 4.435303 14.302868 0.910080 -0.907057 2.664276
    21 -1.044571 -2.839317 19.743267 0.124092 -0.443923 0.037546
    22 2.655533 -1.533369 24.792658 -0.356941 0.022865 0.433331
    23 1.120163 -0.154394 9.796035 -0.030446 0.000134 -0.264941
    24 2.240311 -0.308786 19.592051 -0.205226 0.003886 -0.509271
    25 0.683151 2.877354 14.167051 -1.709525 -0.207385 1.590337
    26 0.144936 -0.145374 7.579252 -1.595961 -0.243922 0.203087
    27 0.091660 -0.906685 4.702850 -1.417418 -0.179862 0.158257
    28 0.506271 8.500866 13.617253 -1.613964 -0.240865 1.579486
    29 -0.384987 -0.460049 7.003448 -1.757448 -0.386771 0.547979
    30 0.561516 -0.596954 5.061852 -1.314510 -0.374720 0.318097
    31 -2.452171 -8.899406 11.597897 -1.694531 -0.119315 1.270059
    32 0.680496 -0.903999 6.074253 -1.459886 0.159236 -0.002977
    33 0.245514 -0.661150 3.388004 -1.316250 0.113248 -0.085962
    34 -0.717484 -3.784271 13.043911 -1.784842 -0.001911 1.448920
    35 1.099216 -1.407745 8.017889 -1.614781 0.028416 -0.011660
    36 0.068439 -0.807653 3.686054 -1.298544 0.029359 -0.005367
    37 -4.004929 6.172707 4.754754 -0.005300 1.045494 2.635522
    38 0.158352 -1.149811 5.804394 -1.116733 -0.455950 0.152796
    39 -1.083523 -1.463142 5.544399 -1.096357 -0.298255 -0.042600
    40 -6.289886 0.932434 13.569063 -0.126803 0.612110 2.869610
    41 1.327774 -0.766687 12.396328 0.017855 -0.012497 0.176194
    42 -0.096140 1.828087 23.185329 -0.023537 0.027163 -1.537420
    43 2.325478 -0.000003 6.169296 -0.382197 -0.025371 1.550532
    44 0.000000 -3.152912 0.122169 1.961017 0.000000 0.000000
    45 1.068383 -10.478592 7.066338 0.292219 -1.282324 -3.141588
    46 0.000000 0.000000 2.279457 0.547137 -0.343566 0.107833
    47 2.479414 -8.323895 6.074242 -0.008855 0.007342 1.561876
    48 0.000003 -5.075260 5.105362 0.000000 0.000000 0.000000
    49 -1.068383 -10.478611 7.065971 0.292219 1.282324 3.141588
    50 -0.000488 0.000015 2.279600 0.547136 0.343566 0.107835
    51 -2.479401 -8.323895 6.074234 0.008854 0.007354 1.579716
    52 -5.790000 4.432083 14.255558 -5.675193 1.424291 -3.023931
    53 1.044540 -2.839314 19.743252 -0.104965 0.397426 -0.075825
    54 -2.655510 -1.533379 24.792648 -0.547919 -0.069004 0.002103
    55 -1.120216 -0.154385 9.795983 -0.025712 -0.000653 0.223365
    56 -2.240372 -0.308788 19.592047 -0.139680 0.061736 0.432370
    57 -0.683205 2.877342 14.167089 -1.813699 0.202330 -1.608736
    58 -0.144958 -0.145317 7.579308 -1.703914 0.309303 -0.206994
    59 -0.038551 -0.936644 4.697678 -1.518550 0.258923 -0.201838
    60 -0.506317 8.500896 13.617329 -1.648180 0.227614 -1.751390
    61 0.385056 -0.460075 7.003435 -1.902897 0.582721 -0.590094
    62 -0.456360 -0.710276 5.057732 -1.410495 0.559028 -0.409524
    63 2.452194 -8.899408 11.597939 -1.843283 0.075630 -1.305524
    64 -0.680515 -0.903999 6.074242 -1.562167 -0.184074 0.005449
    65 -0.248295 -0.666843 3.386627 -1.419547 -0.128987 0.102399
    66 0.717491 -3.784309 13.044010 -1.885663 -0.010794 -1.438635
    67 -1.099228 -1.407673 8.017876 -1.717045 -0.024302 0.016738
    68 -0.064053 -0.807640 3.686100 -1.400717 -0.029763 0.004449
    69 4.004906 6.172710 4.754800 -0.120558 -0.991435 -2.751490
    70 -0.158381 -1.149773 5.804405 -0.965762 0.641116 0.235792
    71 1.078559 -2.386406 5.215008 -1.032248 0.626656 0.155505
    72 6.289963 0.932404 13.569109 -0.126801 -0.612098 -2.869612
    73 -1.327759 -0.766682 12.396324 -0.005738 -0.003119 0.052701
    74 0.000017 -54.999996 0.000000 0.000000 0.000000 -1.570796
  time 22
    0 0.000000 0.000000 -1.500000 0.000000 0.000000 0.000000
    1 -10.521344 -5.760963 66.994621 3.097005 -0.050653 -3.139334
    2 1.707455 11.170539 -36.378360 -0.066374 0.420628 -0.250423
    3 -0.000034 0.000012 24.761454 -1.948758 -0.225683 0.208402
    4 0.000017 0.000000 24.344809 1.217107 -0.203911 -0.099094
    5 0.002333 -1.019846 24.031336 -0.209066 -0.025452 0.038677
    6 0.000034 0.000008 13.404741 -0.000001 -0.000009 0.045327
    7 10.398263 -5.760962 66.994675 3.097005 0.050653 3.139334
    8 -1.855692 13.624596 -37.305399 -0.616160 -0.300285 0.027122
    9 -0.000004 -0.000006 24.761459 -0.958149 0.111213 0.019015
    10 -0.000007 0.000004 24.344891 0.751588 0.088151 0.016550
    11 -0.002360 -1.019903 24.031330 0.016110 -0.046075 -0.000728
    12 0.000000 -0.000002 13.404737 0.000001 0.000005 0.009424
    13 -0.061540 -5.245835 72.927078 0.000000 0.000000 0.000000
    14 0.005230 8.249549 37.058084 0.525394 0.017501 0.011227
    15 0.000000 -0.005608 -1.146812 -0.125990 -0.006686 0.124607
    16 0.030770 -0.240000 8.906021 -0.004138 0.000000 0.000000
    17 -0.078104 -0.874171 0.390239 0.109075 -0.021819 0.049284
    18 0.030770 -0.276858 8.905140 0.056125 0.004134 -0.000049
    19 0.045611 -0.167098 0.475402 0.048758 0.010163 -0.057407
    20 5.669724 4.435303 14.302868 0.999182 -1.059375 2.729347
    21 -1.044571 -2.839317 19.743267 0.102860 -0.425815 0.044399
    22 2.655533 -1.533369 24.792658 -0.465346 0.031857 0.394594
    23 1.120163 -0.154394 9.796035 -0.030398 0.000134 -0.264148
    24 2.240311 -0.308786 19.592051 -0.205226 -0.000074 -0.507214
    25 0.683151 2.877354 14.167051 -1.709525 -0.207397 1.590337
    26 0.144936 -0.145374 7.579252 -1.595961 -0.243922 0.203087
    27 0.091660 -0.906685 4.702850 -1.417418 -0.179862 0.158257
    28 0.506271 8.500866 13.617253 -1.613964 -0.240865 1.579486
    29 -0.384987 -0.460049 7.003448 -1.757448 -0.386771 0.547979
    30 0.561516 -0.596954 5.061852 -1.314510 -0.374732 0.318097
    31 -2.452171 -8.899406 11.597897 -1.694531 -0.119315 1.270059
    32 0.680496 -0.903999 6.074253 -1.459886 0.159236 -0.002977
    33 0.245514 -0.661150 3.388004 -1.316250 0.113248 -0.085962
    34 -0.717484 -3.784271 13.043911 -1.784842 -0.001911 1.448920
    35 1.099216 -1.407745 8.017889 -1.614781 0.028416 -0.011660
    36 0.068439 -0.807653 3.686054 -1.298544 0.029359 -0.005367
    37 -4.004929 6.172707 4.754754 -0.005300 1.045494 2.635522
    38 0.158352 -1.149811 5.804394 -1.116691 -0.455965 0.152796
    39 -1.083523 -1.463142 5.544399 -1.096357 -0.298267 -0.042600
    40 -6.289886 0.932434 13.569063 -0.126803 0.612110 2.869610
    41 1.327774 -0.766687 12.396328 0.014895 -0.010124 0.145663
    42 -0.096140 1.828087 23.185329 -0.023554 0.029011 -1.536381
    43 2.325478 -0.000003 6.169296 -0.470296 -0.024662 1.549135
    44 0.000000 -3.152912 0.122169 1.961017 0.000000 0.000000
    45 1.068383 -10.478592 7.066338 0.292219 -1.282324 -3.141588
    46 0.000000 0.000000 2.279457 0.547137 -0.343566 0.107833
    47 2.479414 -8.323895 6.074242 -0.008855 0.007342 1.561876
    48 0.000003 -5.075260 5.105362 0.000000 0.000000 0.000000
    49 -1.068383 -10.478611 7.065971 0.292219 1.282324 3.141588
    50 -0.000488 0.000015 2.279600 0.547136 0.343566 0.107835
    51 -2.479401 -8.323895 6.074234 0.008854 0.007354 1.579716
    52 -5.790000 4.432083 14.255558 -6.009449 1.432183 -3.397323
    53 1.044540 -2.839314 19.743252 -0.109863 0.528518 -0.072641
    54 -2.655510 -1.533379 24.792648 -0.669305 -0.067334 -0.109523
    55 -1.120216 -0.154385 9.795983 -0.025317 -0.000689 0.219991
    56 -2.240372 -0.308788 19.592047 -0.134716 0.058617 0.426699
    57 -0.683205 2.877342 14.167089 -1.813699 0.202330 -1.608736
    58 -0.144958 -0.145317 7.579308 -1.703914 0.309303 -0.206994
    59 -0.038551 -0.936644 4.697678 -1.518550 0.258923 -0.201838
    60 -0.506317 8.500896 13.617329 -1.648180 0.227614 -1.751390
    61 0.385056 -0.460075 7.003435 -1.902897 0.582721 -0.590094
    62 -0.456360 -0.710276 5.057732 -1.410495 0.559028 -0.409524
    63 2.452194 -8.899408 11.597939 -1.843283 0.075630 -1.305524
    64 -0.680515 -0.903999 6.074242 -1.562167 -0.184086 0.005449
    65 -0.248295 -0.666843 3.386627 -1.419547 -0.128987 0.102399
    66 0.717491 -3.784309 13.044010 -1.885663 -0.010806 -1.438623
    67 -1.099228 -1.407673 8.017876 -1.717045 -0.024302 0.016738
    68 -0.064053 -0.807640 3.686100 -1.400717 -0.029763 0.004449
    69 4.004906 6.172710 4.754800 -0.120558 -0.991435 -2.751490
    70 -0.158381 -1.149773 5.804405 -0.965762 0.641116 0.235792
    71 1.078559 -2.386406 5.215008 -1.032248 0.626656 0.155505
    72 6.289963 0.932404 13.569109 -0.126801 -0.612098 -2.869612
    73 -1.327759 -0.766682 12.396324 0.000997 0.000585 -0.009432
    74 0.000017 -54.999996 0.000000 0.000000 0.000000 -1.570796
  time 23
    0 0.000000 0.000000 -1.500000 0.000000 0.000000 0.000000
    1 -10.521344 -5.760963 66.994621 3.097005 -0.050653 -3.139334
    2 1.676204 11.268755 -34.831067 -0.254456 0.322788 -0.241554
    3 -0.000034 0.000012 24.761454 -1.649769 -0.191156 0.199362
    4 0.000017 0.000000 24.344809 0.971752 -0.118940 -0.003984
    5 0.002333 -1.019846 24.031336 -0.203914 -0.025668 0.038558
    6 0.000034 0.000008 13.404741 -0.000001 -0.000009 0.063847
    7 10.398263 -5.760962 66.994675 3.097005 0.050653 3.139334
    8 -1.761939 13.462234 -35.619386 -0.554907 -0.276398 0.026049
    9 -0.000004 -0.000006 24.761459 -0.906672 0.105233 -0.013428
    10 -0.000007 0.000004 24.344891 0.745779 0.085307 0.016130
    11 -0.002360 -1.019903 24.031330 0.022770 -0.046063 -0.001040
    12 0.000000 -0.000002 13.404737 0.000001 0.000005 -0.002942
    13 -0.061540 -5.245835 72.927078 0.000000 0.000000 0.000000
    14 0.005230 8.272840 35.458376 0.520914 0.016537 0.012068
    15 0.000000 -0.005608 -1.146812 -0.112242 -0.005243 0.108845
    16 0.030770 -0.240000 8.906021 -0.004138 0.000000 0.000000
    17 -0.078104 -1.323403 0.288673 0.177657 -0.025326 0.046329
    18 0.030770 -0.276858 8.905140 0.056125 0.004134 -0.000049
    19 0.057330 -0.186630 0.455870 0.074280 0.015244 -0.057839
    20 5.669724 4.435303 14.302868 0.993727 -1.232553 2.821443
    21 -1.044571 -2.839317 19.743267 0.105404 -0.444497 0.040874
    22 2.655533 -1.533369 24.792658 -0.580477 0.043731 0.337579
    23 1.120163 -0.154394 9.796035 -0.030338 0.000134 -0.263596
    24 2.240311 -0.308786 19.592051 -0.205139 -0.002146 -0.505948
    25 0.683151 2.877354 14.167051 -1.709525 -0.207397 1.590337
    26 0.144936 -0.145374 7.579252 -1.595961 -0.243922 0.203087
    27 0.091660 -0.906685 4.702850 -1.417418 -0.179862 0.158257
    28 0.506271 8.500866 13.617253 -1.613964 -0.240865 1.579486
    29 -0.384987 -0.460049 7.003448 -1.757448 -0.386771 0.547979
    30 0.561516 -0.596954 5.061852 -1.314510 -0.374720 0.318097
    31 -2.452171 -8.899406 11.597897 -1.694531 -0.119315 1.270059
    32 0.680496 -0.903999 6.074253 -1.459886 0.159236 -0.002977
    33 0.245514 -0.661150 3.388004 -1.316250 0.113248 -0.085962
    34 -0.717484 -3.784271 13.043911 -1.784842 -0.001911 1.448920
    35 1.099216 -1.407745 8.017889 -1.614781 0.028416 -0.011660
    36 0.068439 -0.807653 3.686054 -1.298544 0.029359 -0.005367
    37 -4.004929 6.172707 4.754754 -0.005300 1.045494 2.635522
    38 0.158352 -1.149811 5.804394 -1.116691 -0.455965 0.152796
    39 -1.083523 -1.463142 5.544399 -1.096357 -0.298267 -0.042600
    40 -6.289886 0.932434 13.569063 -0.126803 0.612110 2.869610
    41 1.327774 -0.766687 12.396328 0.011863 -0.007799 0.114830
    42 -0.096140 1.828087 23.185329 -0.022818 0.025091 -1.534914
    43 2.325478 -0.000003 6.169296 -0.561069 -0.026384 1.549973
    44 0.000000 -3.152912 0.122169 1.961017 0.000000 0.000000
    45 1.068383 -10.478592 7.066338 0.292219 -1.282324 -3.141588
    46 0.000000 0.000000 2.279457 0.547137 -0.343566 0.107833
    47 2.479414 -8.323895 6.074242 -0.008855 0.007342 1.561876
    48 0.000003 -5.075260 5.105362 0.000000 0.000000 0.000000
    49 -1.068383 -10.478611 7.065971 0.292219 1.282324 3.141588
    50 -0.000488 0.000015 2.279600 0.547136 0.343566 0.107835
    51 -2.479401 -8.323895 6.074234 0.008854 0.007354 1.579716
    52 -5.790000 4.432083 14.255558 0.032844 1.422962 2.635687
    53 1.044540 -2.839314 19.743252 -0.104965 0.658889 -0.069484
    54 -2.655510 -1.533379 24.792648 -0.719630 -0.062131 -0.218726
    55 -1.120216 -0.154385 9.795983 -0.025101 -0.000713 0.218060
    56 -2.240372 -0.308788 19.592047 -0.131814 0.057132 0.423176
    57 -0.683205 2.877342 14.167089 -1.813699 0.202330 -1.608736
    58 -0.144958 -0.145317 7.579308 -1.703914 0.309303 -0.206994
    59 -0.038551 -0.936644 4.697678 -1.518649 0.258935 -0.201838
    60 -0.506317 8.500896 13.617329 -1.648180 0.227614 -1.751390
    61 0.385056 -0.460075 7.003435 -1.902897 0.582721 -0.590094
    62 -0.456360 -0.710276 5.057732 -1.410495 0.559028 -0.409524
    63 2.452194 -8.899408 11.597939 -1.843283 0.075630 -1.305524
    64 -0.680515 -0.903999 6.074242 -1.562167 -0.184086 0.005449
    65 -0.248295 -0.666843 3.386627 -1.419547 -0.128987 0.102399
    66 0.717491 -3.784309 13.044010 -1.885663 -0.010806 -1.438623
    67 -1.099228 -1.407673 8.017876 -1.717045 -0.024302 0.016738
    68 -0.064053 -0.807640 3.686100 -1.400717 -0.029763 0.004449
    69 4.004906 6.172710 4.754800 -0.120558 -0.991435 -2.751490
    70 -0.158381 -1.149773 5.804405 -0.965762 0.641116 0.235792
    71 1.078559 -2.386406 5.215008 -1.032248 0.626656 0.155505
    72 6.289963 0.932404 13.569109 -0.126801 -0.612098 -2.869612
    73 -1.327759 -0.766682 12.396324 0.007865 0.004935 -0.075175
    74 0.000017 -54.999996 0.000000 0.000000 0.000000 -1.570796
  time 24
    0 0.000000 0.000000 -1.500000 0.000000 0.000000 0.000000
    1 -10.521344 -5.760963 66.994621 3.097005 -0.050653 -3.139334
    2 1.726987 11.587956 -33.373472 -0.400659 0.239033 -0.194893
    3 -0.000034 0.000012 24.761454 -1.314479 -0.152397 0.170004
    4 0.000017 0.000000 24.344809 0.703464 -0.020659 0.051739
    5 0.002333 -1.019846 24.031336 -0.121854 -0.028736 0.036257
    6 0.000034 0.000008 13.404741 -0.000001 -0.000009 0.066378
    7 10.398263 -5.760962 66.994675 3.097005 0.050653 3.139334
    8 -1.609591 13.137510 -33.618651 -0.336002 -0.247280 0.035126
    9 -0.000004 -0.000006 24.761459 -0.992138 0.115120 -0.061804
    10 -0.000007 0.000004 24.344891 0.717769 0.076552 0.009299
    11 -0.002360 -1.019903 24.031330 0.080082 -0.045931 -0.003641
    12 0.000000 -0.000002 13.404737 0.000001 0.000005 -0.014128
    13 -0.061540 -5.245835 72.927078 0.000000 0.000000 0.000000
    14 0.005230 8.261195 33.700950 0.514001 0.015402 0.012188
    15 0.000000 -0.005608 -1.146812 -0.087490 0.004121 0.068463
    16 0.030770 -0.240000 8.906021 -0.004138 0.000000 0.000000
    17 -0.109355 -1.991392 0.066010 0.282835 -0.035050 0.040419
    18 0.030770 -0.276858 8.905140 0.056125 0.004134 -0.000049
    19 0.096394 -0.198349 0.408993 0.105950 0.028101 -0.058738
    20 5.669724 4.435303 14.302868 0.702877 -1.369298 3.073677
    21 -1.044571 -2.839317 19.743267 0.154569 -0.583985 0.004748
    22 2.655533 -1.533369 24.792658 -0.758403 0.059140 0.295445
    23 1.120163 -0.154394 9.796035 -0.030314 0.000146 -0.263389
    24 2.240311 -0.308786 19.592051 -0.204965 -0.002699 -0.505473
    25 0.683151 2.877354 14.167051 -1.709525 -0.207385 1.590337
    26 0.144936 -0.145374 7.579252 -1.595961 -0.243922 0.203087
    27 0.091660 -0.906685 4.702850 -1.417418 -0.179862 0.158257
    28 0.506271 8.500866 13.617253 -1.613964 -0.240865 1.579486
    29 -0.384987 -0.460049 7.003448 -1.757448 -0.386771 0.547991
    30 0.561516 -0.596954 5.061852 -1.314510 -0.374708 0.318097
    31 -2.452171 -8.899406 11.597897 -1.694531 -0.119315 1.270059
    32 0.680496 -0.903999 6.074253 -1.459886 0.159236 -0.002977
    33 0.245514 -0.661150 3.388004 -1.316250 0.113248 -0.085962
    34 -0.717484 -3.784271 13.043911 -1.784842 -0.001911 1.448920
    35 1.099216 -1.407745 8.017889 -1.614781 0.028416 -0.011660
    36 0.068439 -0.807653 3.686054 -1.298544 0.029359 -0.005367
    37 -4.004929 6.172707 4.754754 -0.005300 1.045494 2.635522
    38 0.158352 -1.149811 5.804394 -1.116691 -0.455965 0.152808
    39 -1.083523 -1.463142 5.544399 -1.096357 -0.298267 -0.042600
    40 -6.289886 0.932434 13.569063 -0.126803 0.612110 2.869610
    41 1.327774 -0.766687 12.396328 0.011983 -0.007883 0.115935
    42 -0.096140 1.828087 23.185329 -0.015284 -0.020765 -1.532376
    43 2.325478 -0.000003 6.169296 -0.687082 -0.019164 1.553725
    44 0.000000 -3.152912 0.122169 1.961017 0.000000 0.000000
    45 1.068383 -10.478592 7.066338 0.292219 -1.282324 -3.141588
    46 0.000000 0.000000 2.279457 0.547137 -0.343566 0.107833
    47 2.479414 -8.323895 6.074242 -0.008855 0.007342 1.561876
    48 0.000003 -5.075260 5.105362 0.000000 0.000000 0.000000
    49 -1.068383 -10.478611 7.065971 0.292219 1.282324 3.141588
    50 -0.000488 0.000015 2.279600 0.547136 0.343566 0.107835
    51 -2.479401 -8.323895 6.074234 0.008854 0.007354 1.579716
    52 -5.790000 4.432083 14.255558 -0.195776 1.430563 2.447985
    53 1.044540 -2.839314 19.743252 -0.046359 0.807576 -0.045698
    54 -2.655510 -1.533379 24.792648 -0.707351 -0.052269 -0.328989
    55 -1.120216 -0.154385 9.795983 -0.025029 -0.000713 0.217325
    56 -2.240372 -0.308788 19.592047 -0.130974 0.056835 0.421801
    57 -0.683205 2.877342 14.167089 -1.813699 0.202330 -1.608736
    58 -0.144958 -0.145317 7.579308 -1.703914 0.309303 -0.206994
    59 -0.038551 -0.936644 4.697678 -1.518550 0.258923 -0.201838
    60 -0.506317 8.500896 13.617329 -1.648180 0.227614 -1.751390
    61 0.385056 -0.460075 7.003435 -1.902897 0.582721 -0.590094
    62 -0.456360 -0.710276 5.057732 -1.410544 0.559028 -0.409524
    63 2.452194 -8.899408 11.597939 -1.843283 0.075630 -1.305524
    64 -0.680515 -0.903999 6.074242 -1.562167 -0.184086 0.005449
    65 -0.248295 -0.666843 3.386627 -1.419547 -0.128987 0.102399
    66 0.717491 -3.784309 13.044010 -1.885663 -0.010806 -1.438635
    67 -1.099228 -1.407673 8.017876 -1.717045 -0.024302 0.016738
    68 -0.064053 -0.807640 3.686100 -1.400717 -0.029763 0.004449
    69 4.004906 6.172710 4.754800 -0.120558 -0.991435 -2.751490
    70 -0.158381 -1.149773 5.804405 -0.965762 0.641116 0.235792
    71 1.078559 -2.386406 5.215008 -1.032248 0.626656 0.155505
    72 6.289963 0.932404 13.569109 -0.126801 -0.612098 -2.869612
    73 -1.327759 -0.766682 12.396324 0.015391 0.010508 -0.150818
    74 0.000017 -54.999996 0.000000 0.000000 0.000000 -1.570796
  time 25
    0 0.000000 0.000000 -1.500000 0.000000 0.000000 0.000000
    1 -10.521344 -5.760963 66.994621 3.097005 -0.050653 -3.139334
    2 1.816833 12.226360 -32.005575 -0.446433 0.206299 -0.116557
    3 -0.000034 0.000012 24.761454 -1.058092 -0.122747 0.105751
    4 0.000017 0.000000 24.344809 0.505762 0.034638 0.059150
    5 0.002333 -1.019846 24.031336 0.043648 -0.034309 0.030899
    6 0.000034 0.000008 13.404741 -0.000001 -0.000009 0.041193
    7 10.398263 -5.760962 66.994675 3.097005 0.050653 3.139334
    8 -1.371302 12.575489 -31.303193 -0.117011 -0.214979 0.078282
    9 -0.000004 -0.000006 24.761459 -0.868669 0.100847 -0.147038
    10 -0.000007 0.000004 24.344891 0.497302 0.083307 0.015626
    11 -0.002360 -1.019903 24.031330 0.206205 -0.045116 -0.009273
    12 0.000000 -0.000002 13.404737 0.000001 0.000005 -0.047212
    13 -0.061540 -5.245835 72.927078 0.000000 0.000000 0.000000
    14 0.005230 8.249549 31.830869 0.504431 0.013991 0.011708
    15 0.000000 -0.005608 -1.146812 -0.043822 0.020606 -0.004095
    16 0.030770 -0.240000 8.906021 -0.004138 0.000000 0.000000
    17 -0.160138 -2.846887 -0.336346 0.427511 -0.049483 0.032112
    18 0.030770 -0.276858 8.905140 0.056125 0.004134 -0.000049
    19 0.143270 -0.206162 0.330866 0.143483 0.043982 -0.059265
    20 5.669724 4.435303 14.302868 -0.441284 -1.446638 -2.116189
    21 -1.044571 -2.839317 19.743267 0.061621 -0.779936 0.005087
    22 2.655533 -1.533369 24.792658 -1.002682 0.082273 0.261559
    23 1.120163 -0.154394 9.796035 -0.030314 0.000146 -0.263389
    24 2.240311 -0.308786 19.592051 -0.204965 -0.002653 -0.505473
    25 0.683151 2.877354 14.167051 -1.709525 -0.207385 1.590337
    26 0.144936 -0.145374 7.579252 -1.595961 -0.243922 0.203087
    27 0.091660 -0.906685 4.702850 -1.417418 -0.179862 0.158257
    28 0.506271 8.500866 13.617253 -1.613964 -0.240865 1.579486
    29 -0.384987 -0.460049 7.003448 -1.757448 -0.386771 0.547991
    30 0.561516 -0.596954 5.061852 -1.314510 -0.374720 0.318097
    31 -2.452171 -8.899406 11.597897 -1.694531 -0.119315 1.270059
    32 0.680496 -0.903999 6.074253 -1.459886 0.159236 -0.002977
    33 0.245514 -0.661150 3.388004 -1.316250 0.113248 -0.085962
    34 -0.717484 -3.784271 13.043911 -1.784842 -0.001911 1.448920
    35 1.099216 -1.407745 8.017889 -1.614781 0.028416 -0.011660
    36 0.068439 -0.807653 3.686054 -1.298544 0.029359 -0.005367
    37 -4.004929 6.172707 4.754754 -0.005300 1.045494 2.635522
    38 0.158352 -1.149811 5.804394 -1.116691 -0.455950 0.152808
    39 -1.083523 -1.463142 5.544399 -1.096304 -0.298267 -0.042600
    40 -6.289886 0.932434 13.569063 -0.126803 0.612110 2.869610
    41 1.327774 -0.766687 12.396328 0.011431 -0.007463 0.110562
    42 -0.096140 1.828087 23.185329 -0.000714 -0.112923 -1.529135
    43 2.325478 -0.000003 6.169296 -0.850675 0.003104 1.554763
    44 0.000000 -3.152912 0.122169 1.961017 0.000000 0.000000
    45 1.068383 -10.478592 7.066338 0.292219 -1.282324 -3.141588
    46 0.000000 0.000000 2.279457 0.547137 -0.343566 0.107833
    47 2.479414 -8.323895 6.074242 -0.008855 0.007342 1.561876
    48 0.000003 -5.075260 5.105362 0.000000 0.000000 0.000000
    49 -1.068383 -10.478611 7.065971 0.292219 1.282324 3.141588
    50 -0.000488 0.000015 2.279600 0.547136 0.343566 0.107835
    51 -2.479401 -8.323895 6.074234 0.008854 0.007354 1.579716
    52 -5.790000 4.432083 14.255558 -0.577386 1.461342 2.154694
    53 1.044540 -2.839314 19.743252 0.017646 0.932902 -0.008576
    54 -2.655510 -1.533379 24.792648 -0.686516 -0.041371 -0.433800
    55 -1.120216 -0.154385 9.795983 -0.025029 -0.000713 0.217434
    56 -2.240372 -0.308788 19.592047 -0.131127 0.056835 0.421973
    57 -0.683205 2.877342 14.167089 -1.813699 0.202330 -1.608736
    58 -0.144958 -0.145317 7.579308 -1.703914 0.309303 -0.207006
    59 -0.038551 -0.936644 4.697678 -1.518550 0.258923 -0.201838
    60 -0.506317 8.500896 13.617329 -1.648180 0.227614 -1.751390
    61 0.385056 -0.460075 7.003435 -1.902897 0.582721 -0.590094
    62 -0.456360 -0.710276 5.057732 -1.410544 0.559028 -0.409524
    63 2.452194 -8.899408 11.597939 -1.843283 0.075630 -1.305524
    64 -0.680515 -0.903999 6.074242 -1.562167 -0.184086 0.005460
    65 -0.248295 -0.666843 3.386627 -1.419547 -0.128987 0.102399
    66 0.717491 -3.784309 13.044010 -1.885663 -0.010806 -1.438635
    67 -1.099228 -1.407673 8.017876 -1.717045 -0.024302 0.016738
    68 -0.064053 -0.807640 3.686100 -1.400717 -0.029763 0.004449
    69 4.004906 6.172710 4.754800 -0.120558 -0.991435 -2.751490
    70 -0.158381 -1.149773 5.804405 -0.965762 0.641116 0.235792
    71 1.078559 -2.386406 5.215008 -1.032248 0.626656 0.155505
    72 6.289963 0.932404 13.569109 -0.126801 -0.612098 -2.869612
    73 -1.327759 -0.766682 12.396324 0.021994 0.016177 -0.221094
    74 0.000017 -54.999996 0.000000 0.000000 0.000000 -1.570796
end
