// Created by Crowbar 0.74
version 1
nodes
  0 "root" -1
  1 "g_r_hip_offset" 0
  2 "g_r_hip" 1
  3 "g_r_knee" 2
  4 "g_r_ankle" 3
  5 "g_r_ball" 4
  6 "g_r_thightwist" 2
  7 "g_l_hip_offset" 0
  8 "g_l_hip" 7
  9 "g_l_knee" 8
  10 "g_l_ankle" 9
  11 "g_l_ball" 10
  12 "g_l_thightwist" 8
  13 "g_spine01_offset" 0
  14 "g_spine01" 13
  15 "g_pelvis" 14
  16 "g_spine02_offset" 14
  17 "g_spine02" 16
  18 "g_spine03_offset" 17
  19 "g_spine03" 18
  20 "g_l_clavical" 19
  21 "g_l_shoulder" 20
  22 "g_l_elbow" 21
  23 "g_l_forarm" 22
  24 "g_l_wrist" 22
  25 "g_l_birdy1" 24
  26 "g_l_birdy2" 25
  27 "g_l_birdy3" 26
  28 "g_l_index1" 24
  29 "g_l_index2" 28
  30 "g_l_index3" 29
  31 "g_l_pinky1" 24
  32 "g_l_pinky2" 31
  33 "g_l_pinky3" 32
  34 "g_l_ring1" 24
  35 "g_l_ring2" 34
  36 "g_l_ring3" 35
  37 "g_l_thumb1" 24
  38 "g_l_thumb2" 37
  39 "g_l_thumb3" 38
  40 "g_l_palm" 24
  41 "g_l_biceptwist" 21
  42 "g_neck" 19
  43 "g_head" 42
  44 "g_jaw" 43
  45 "g_l_brow" 43
  46 "g_l_brow2" 45
  47 "g_l_eye" 43
  48 "g_topeyelid" 43
  49 "g_r_brow" 43
  50 "g_r_brow2" 49
  51 "g_r_eye" 43
  52 "g_r_clavical" 19
  53 "g_r_shoulder" 52
  54 "g_r_elbow" 53
  55 "g_r_forarm" 54
  56 "g_r_wrist" 54
  57 "g_r_birdy1" 56
  58 "g_r_birdy2" 57
  59 "g_r_birdy3" 58
  60 "g_r_index1" 56
  61 "g_r_index2" 60
  62 "g_r_index3" 61
  63 "g_r_pinky1" 56
  64 "g_r_pinky2" 63
  65 "g_r_pinky3" 64
  66 "g_r_ring1" 56
  67 "g_r_ring2" 66
  68 "g_r_ring3" 67
  69 "g_r_thumb1" 56
  70 "g_r_thumb2" 69
  71 "g_r_thumb3" 70
  72 "g_r_palm" 56
  73 "g_r_biceptwist" 53
  74 "g_throwable_attach_offset" 0
end
skeleton
  time 0
    0 0.000000 0.000000 -1.500000 0.000000 0.000000 0.000000
    1 -10.521344 -5.760963 66.994621 3.097005 -0.050653 -3.139334
    2 -4.394294 6.051033 19.413895 -0.000514 0.586915 0.453728
    3 -0.000034 0.000012 24.761454 -1.018620 -0.118181 0.006114
    4 0.000017 0.000000 24.344809 1.967290 -0.526819 -0.302690
    5 0.002333 -1.019846 24.031336 0.389660 -0.042710 0.017213
    6 0.000034 0.000008 13.404741 -0.000001 -0.000009 -0.021307
    7 10.398263 -5.760962 66.994675 3.097005 0.050653 3.139334
    8 -0.324395 -3.073693 19.389593 0.777635 -0.428024 0.298271
    9 -0.000004 -0.000006 24.761459 -1.687745 0.195597 -0.275910
    10 -0.000007 0.000004 24.344891 1.848632 0.182209 0.029855
    11 -0.002360 -1.019903 24.031330 0.389594 -0.042695 -0.017219
    12 0.000000 -0.000002 13.404737 0.000001 0.000005 -0.083689
    13 -0.061540 -5.245835 72.927078 0.000000 0.000000 0.000000
    14 2.517026 2.112268 -19.359789 0.071670 -0.001700 -0.461093
    15 0.000000 -0.005608 -1.146812 -0.046948 0.009392 0.009275
    16 0.030770 -0.240000 8.906021 -0.004138 0.000000 0.000000
    17 -0.183576 -2.049988 -0.281657 0.306067 0.073097 -0.270145
    18 0.030770 -0.276858 8.905140 0.056125 0.004134 -0.000049
    19 -0.071580 -0.631956 0.018356 0.323029 -0.004052 -0.032635
    20 5.669724 4.435303 14.302868 3.717414 -1.159300 -0.667761
    21 -1.044571 -2.839317 19.743267 -0.306310 -0.516824 0.105482
    22 2.655533 -1.533369 24.792658 -0.519939 0.086193 -0.318454
    23 1.120163 -0.154394 9.796035 -0.006549 0.000710 -0.056947
    24 2.240311 -0.308786 19.592051 -0.263192 0.160486 -0.082034
    25 0.683151 2.877354 14.167051 -1.511326 -0.211747 1.554295
    26 0.144936 -0.145374 7.579252 -1.768092 -0.243254 0.235289
    27 0.091660 -0.906685 4.702850 -1.587437 -0.182568 0.191116
    28 0.506271 8.500866 13.617253 -1.470526 -0.303331 1.571638
    29 -0.384987 -0.460049 7.003448 -1.747475 -0.440888 0.551346
    30 0.561516 -0.596954 5.061852 -1.494429 -0.380572 0.386321
    31 -2.452171 -8.899406 11.597897 -1.564467 -0.075966 1.475308
    32 0.680496 -0.903999 6.074253 -1.628053 0.173827 -0.014262
    33 0.245514 -0.661150 3.388004 -1.484468 0.109505 -0.099208
    34 -0.717484 -3.784271 13.043911 -1.593546 -0.028634 1.464722
    35 1.099216 -1.407745 8.017889 -1.782123 0.031968 -0.017453
    36 0.068439 -0.807653 3.686054 -1.465865 0.034007 -0.009744
    37 -4.004929 6.172707 4.754754 1.118132 0.922652 3.800752
    38 0.158352 -1.149811 5.804394 -1.182377 -0.408620 0.138355
    39 -1.083523 -1.463142 5.544399 -1.114458 -0.202222 -0.045487
    40 -6.289886 0.932434 13.569063 -0.126803 0.612110 2.869610
    41 1.327774 -0.766687 12.396328 -0.020879 0.009591 -0.186214
    42 -0.096140 1.828087 23.185329 -0.017013 -0.055499 -1.533354
    43 2.325478 -0.000003 6.169296 -0.506109 0.220470 1.990688
    44 0.000000 -3.152912 0.122169 1.961017 0.000000 0.000000
    45 1.068383 -10.478592 7.066338 0.292219 -1.282324 -3.141588
    46 0.000000 0.000000 2.279457 0.547137 -0.343566 0.107833
    47 2.479414 -8.323895 6.074242 -0.004120 0.149151 1.677772
    48 0.000003 -5.075260 5.105362 0.000000 0.000000 0.000000
    49 -1.068383 -10.478611 7.065971 0.292219 1.282324 3.141588
    50 -0.000488 0.000015 2.279600 0.547136 0.343566 0.107835
    51 -2.479401 -8.323895 6.074234 0.013224 0.149004 1.686939
    52 -5.790000 4.432083 14.255558 -0.144972 1.269898 -2.708124
    53 1.044540 -2.839314 19.743252 -0.910035 0.826740 -0.374948
    54 -2.655510 -1.533379 24.792648 -2.283849 -0.251990 0.530397
    55 -1.120216 -0.154385 9.795983 -0.017958 -0.001073 0.156116
    56 -2.240372 -0.308788 19.592047 -0.331972 -0.176179 0.277025
    57 -0.683205 2.877342 14.167089 -0.528015 0.024659 -1.359704
    58 -0.144958 -0.145317 7.579308 -0.339984 0.102784 0.034591
    59 -0.038551 -0.936644 4.697678 -0.433425 0.082702 -0.010948
    60 -0.506317 8.500896 13.617329 -0.552644 0.053276 -1.301544
    61 0.385056 -0.460075 7.003435 -0.218743 0.217107 0.083094
    62 -0.456360 -0.710276 5.057732 -0.313127 0.183580 -0.014148
    63 2.452194 -8.899408 11.597939 -1.783969 0.050484 -1.450551
    64 -0.680515 -0.903999 6.074242 -1.503095 -0.178657 0.000619
    65 -0.248295 -0.666843 3.386627 -1.360491 -0.129745 0.097010
    66 0.717491 -3.784309 13.044010 -1.819156 -0.002537 -1.445543
    67 -1.099228 -1.407673 8.017876 -1.663877 -0.023252 0.015241
    68 -0.064053 -0.807640 3.686100 -1.347649 -0.028396 0.003049
    69 4.004906 6.172710 4.754800 0.023041 -0.558924 -2.527259
    70 -0.158381 -1.149773 5.804405 -0.431334 0.275228 0.234744
    71 1.078559 -2.386406 5.215008 -0.341944 0.147991 0.079308
    72 6.289963 0.932404 13.569109 -0.126801 -0.612098 -2.869612
    73 -1.327759 -0.766682 12.396324 -0.043202 -0.015139 0.372715
    74 0.000017 -54.999996 0.000000 0.000000 0.000000 -1.570796
  time 1
    0 0.000000 0.000000 -1.500000 0.000000 0.000000 0.000000
    1 -10.521344 -5.760963 66.994621 3.097005 -0.050653 -3.139334
    2 -4.394294 6.051033 19.413895 -0.000514 0.586915 0.453728
    3 -0.000034 0.000012 24.761454 -1.018620 -0.118181 0.006114
    4 0.000017 0.000000 24.344809 1.967290 -0.526819 -0.302690
    5 0.002333 -1.019846 24.031336 0.389660 -0.042710 0.017213
    6 0.000034 0.000008 13.404741 -0.000001 -0.000009 -0.021307
    7 10.398263 -5.760962 66.994675 3.097005 0.050653 3.139334
    8 -0.324395 -3.073693 19.389593 0.777635 -0.428024 0.298271
    9 -0.000004 -0.000006 24.761459 -1.687745 0.195597 -0.275910
    10 -0.000007 0.000004 24.344891 1.848632 0.182209 0.029855
    11 -0.002360 -1.019903 24.031330 0.389594 -0.042695 -0.017219
    12 0.000000 -0.000002 13.404737 0.000001 0.000005 -0.083689
    13 -0.061540 -5.245835 72.927078 0.000000 0.000000 0.000000
    14 2.517026 2.112268 -19.359789 0.071670 -0.001700 -0.461093
    15 0.000000 -0.005608 -1.146812 -0.046948 0.009392 0.009275
    16 0.030770 -0.240000 8.906021 -0.004138 0.000000 0.000000
    17 -0.183576 -2.049988 -0.281657 0.306067 0.073097 -0.270145
    18 0.030770 -0.276858 8.905140 0.056125 0.004134 -0.000049
    19 -0.071580 -0.631956 0.018356 0.323029 -0.004052 -0.032635
    20 5.669724 4.435303 14.302868 3.717414 -1.159300 -0.667761
    21 -1.044571 -2.839317 19.743267 -0.306310 -0.516824 0.105482
    22 2.655533 -1.533369 24.792658 -0.519939 0.086193 -0.318454
    23 1.120163 -0.154394 9.796035 -0.006549 0.000710 -0.056947
    24 2.240311 -0.308786 19.592051 -0.263192 0.160486 -0.082034
    25 0.683151 2.877354 14.167051 -1.511326 -0.211747 1.554295
    26 0.144936 -0.145374 7.579252 -1.768092 -0.243254 0.235289
    27 0.091660 -0.906685 4.702850 -1.587437 -0.182568 0.191116
    28 0.506271 8.500866 13.617253 -1.470526 -0.303331 1.571638
    29 -0.384987 -0.460049 7.003448 -1.747475 -0.440888 0.551346
    30 0.561516 -0.596954 5.061852 -1.494429 -0.380572 0.386321
    31 -2.452171 -8.899406 11.597897 -1.564467 -0.075966 1.475308
    32 0.680496 -0.903999 6.074253 -1.628053 0.173827 -0.014262
    33 0.245514 -0.661150 3.388004 -1.484468 0.109505 -0.099208
    34 -0.717484 -3.784271 13.043911 -1.593546 -0.028634 1.464722
    35 1.099216 -1.407745 8.017889 -1.782123 0.031968 -0.017453
    36 0.068439 -0.807653 3.686054 -1.465865 0.034007 -0.009744
    37 -4.004929 6.172707 4.754754 1.118132 0.922652 3.800752
    38 0.158352 -1.149811 5.804394 -1.182377 -0.408620 0.138355
    39 -1.083523 -1.463142 5.544399 -1.114458 -0.202222 -0.045487
    40 -6.289886 0.932434 13.569063 -0.126803 0.612110 2.869610
    41 1.327774 -0.766687 12.396328 -0.020879 0.009591 -0.186214
    42 -0.096140 1.828087 23.185329 -0.017013 -0.055499 -1.533354
    43 2.325478 -0.000003 6.169296 -0.506109 0.220470 1.990688
    44 0.000000 -3.152912 0.122169 1.961017 0.000000 0.000000
    45 1.068383 -10.478592 7.066338 0.292219 -1.282324 -3.141588
    46 0.000000 0.000000 2.279457 0.547137 -0.343566 0.107833
    47 2.479414 -8.323895 6.074242 -0.004120 0.149151 1.677772
    48 0.000003 -5.075260 5.105362 0.000000 0.000000 0.000000
    49 -1.068383 -10.478611 7.065971 0.292219 1.282324 3.141588
    50 -0.000488 0.000015 2.279600 0.547136 0.343566 0.107835
    51 -2.479401 -8.323895 6.074234 0.013224 0.149004 1.686939
    52 -5.790000 4.432083 14.255558 -0.144972 1.269898 -2.708124
    53 1.044540 -2.839314 19.743252 -0.910035 0.826740 -0.374948
    54 -2.655510 -1.533379 24.792648 -2.283849 -0.251990 0.530397
    55 -1.120216 -0.154385 9.795983 -0.017958 -0.001073 0.156116
    56 -2.240372 -0.308788 19.592047 -0.331972 -0.176179 0.277025
    57 -0.683205 2.877342 14.167089 -0.528015 0.024659 -1.359704
    58 -0.144958 -0.145317 7.579308 -0.339984 0.102784 0.034591
    59 -0.038551 -0.936644 4.697678 -0.433425 0.082702 -0.010948
    60 -0.506317 8.500896 13.617329 -0.552644 0.053276 -1.301544
    61 0.385056 -0.460075 7.003435 -0.218743 0.217107 0.083094
    62 -0.456360 -0.710276 5.057732 -0.313127 0.183580 -0.014148
    63 2.452194 -8.899408 11.597939 -1.783969 0.050484 -1.450551
    64 -0.680515 -0.903999 6.074242 -1.503095 -0.178657 0.000619
    65 -0.248295 -0.666843 3.386627 -1.360491 -0.129745 0.097010
    66 0.717491 -3.784309 13.044010 -1.819156 -0.002537 -1.445543
    67 -1.099228 -1.407673 8.017876 -1.663877 -0.023252 0.015241
    68 -0.064053 -0.807640 3.686100 -1.347649 -0.028396 0.003049
    69 4.004906 6.172710 4.754800 0.023041 -0.558924 -2.527259
    70 -0.158381 -1.149773 5.804405 -0.431334 0.275228 0.234744
    71 1.078559 -2.386406 5.215008 -0.341944 0.147991 0.079308
    72 6.289963 0.932404 13.569109 -0.126801 -0.612098 -2.869612
    73 -1.327759 -0.766682 12.396324 -0.043202 -0.015139 0.372715
    74 0.000017 -54.999996 0.000000 0.000000 0.000000 -1.570796
  time 2
    0 0.000000 0.000000 -1.500000 0.000000 0.000000 0.000000
    1 -10.521344 -5.760963 66.994621 3.097005 -0.050653 -3.139334
    2 -4.542736 6.222911 21.163009 0.170625 0.552539 0.501437
    3 -0.000034 0.000012 24.761454 -1.270535 -0.147328 -0.068726
    4 0.000017 0.000000 24.344809 2.110866 -0.455452 -0.314940
    5 0.002333 -1.019846 24.031336 0.389660 -0.042710 0.017201
    6 0.000034 0.000008 13.404741 -0.000001 -0.000009 -0.064991
    7 10.398263 -5.760962 66.994675 3.097005 0.050653 3.139334
    8 -0.382991 -2.736480 20.828324 0.834963 -0.422610 0.269308
    9 -0.000004 -0.000006 24.761459 -1.764301 0.204442 -0.260443
    10 -0.000007 0.000004 24.344891 1.877546 0.185320 0.029456
    11 -0.002360 -1.019903 24.031330 0.389594 -0.042695 -0.017219
    12 0.000000 -0.000002 13.404737 0.000001 0.000005 -0.074929
    13 -0.061540 -5.245835 72.927078 0.000000 0.000000 0.000000
    14 2.614685 2.682907 -21.004560 0.073270 -0.026612 -0.462054
    15 0.000000 -0.005608 -1.146812 -0.095369 0.018959 0.017944
    16 0.030770 -0.240000 8.906021 -0.004138 0.000000 0.000000
    17 -0.015602 -2.155460 -0.297282 0.316252 0.088669 -0.225898
    18 0.030770 -0.276858 8.905140 0.056125 0.004134 -0.000049
    19 -0.036423 -0.725709 0.010544 0.364458 0.013311 -0.023491
    20 5.669724 4.435303 14.302868 3.754548 -1.161837 -0.680028
    21 -1.044571 -2.839317 19.743267 -0.331994 -0.459213 0.101844
    22 2.655533 -1.533369 24.792658 -0.537905 0.086846 -0.326542
    23 1.120163 -0.154394 9.796035 -0.006932 0.000734 -0.060362
    24 2.240311 -0.308786 19.592051 -0.282863 0.200546 -0.086940
    25 0.683151 2.877354 14.167051 -1.511326 -0.211747 1.554295
    26 0.144936 -0.145374 7.579252 -1.768092 -0.243254 0.235289
    27 0.091660 -0.906685 4.702850 -1.587437 -0.182568 0.191116
    28 0.506271 8.500866 13.617253 -1.470526 -0.303331 1.571638
    29 -0.384987 -0.460049 7.003448 -1.747475 -0.440888 0.551346
    30 0.561516 -0.596954 5.061852 -1.494429 -0.380572 0.386321
    31 -2.452171 -8.899406 11.597897 -1.564467 -0.075966 1.475308
    32 0.680496 -0.903999 6.074253 -1.628053 0.173827 -0.014262
    33 0.245514 -0.661150 3.388004 -1.484468 0.109505 -0.099208
    34 -0.717484 -3.784271 13.043911 -1.593546 -0.028634 1.464722
    35 1.099216 -1.407745 8.017889 -1.782123 0.031968 -0.017453
    36 0.068439 -0.807653 3.686054 -1.465865 0.034007 -0.009744
    37 -4.004929 6.172707 4.754754 1.071923 0.931296 3.735018
    38 0.158352 -1.149811 5.804394 -1.165298 -0.404364 0.138067
    39 -1.083523 -1.463142 5.544399 -1.097455 -0.199406 -0.044741
    40 -6.289886 0.932434 13.569063 -0.126803 0.612110 2.869610
    41 1.327774 -0.766687 12.396328 -0.021658 0.009854 -0.192943
    42 -0.096140 1.828087 23.185329 -0.038997 -0.057539 -1.494926
    43 2.325478 -0.000003 6.169296 -0.601132 0.207694 1.899129
    44 0.000000 -3.152912 0.122169 1.961017 0.000000 0.000000
    45 1.068383 -10.478592 7.066338 0.292219 -1.282324 -3.141588
    46 0.000000 0.000000 2.279457 0.547137 -0.343566 0.107833
    47 2.479414 -8.323895 6.074242 -0.004120 0.149151 1.677772
    48 0.000003 -5.075260 5.105362 0.000000 0.000000 0.000000
    49 -1.068383 -10.478611 7.065971 0.292219 1.282324 3.141588
    50 -0.000488 0.000015 2.279600 0.547136 0.343566 0.107835
    51 -2.479401 -8.323895 6.074234 0.013224 0.149004 1.686939
    52 -5.790000 4.432083 14.255558 -0.175838 1.292120 -2.757852
    53 1.044540 -2.839314 19.743252 -0.877643 0.796256 -0.343079
    54 -2.655510 -1.533379 24.792648 -2.239210 -0.245920 0.571518
    55 -1.120216 -0.154385 9.795983 -0.015561 -0.001073 0.135196
    56 -2.240372 -0.308788 19.592047 -0.295010 -0.106131 0.235010
    57 -0.683205 2.877342 14.167089 -0.717787 0.078941 -1.375580
    58 -0.144958 -0.145317 7.579308 -0.587649 0.163307 0.015823
    59 -0.038551 -0.936644 4.697678 -0.631998 0.129729 -0.029667
    60 -0.506317 8.500896 13.617329 -0.732830 0.122883 -1.335376
    61 0.385056 -0.460075 7.003435 -0.465352 0.343046 0.034199
    62 -0.456360 -0.710276 5.057732 -0.503374 0.284185 -0.049796
    63 2.452194 -8.899408 11.597939 -1.739427 0.055154 -1.456032
    64 -0.680515 -0.903999 6.074242 -1.495819 -0.177962 0.000031
    65 -0.248295 -0.666843 3.386627 -1.353039 -0.129841 0.096231
    66 0.717491 -3.784309 13.044010 -1.779301 0.002628 -1.449437
    67 -1.099228 -1.407673 8.017876 -1.663877 -0.023252 0.015241
    68 -0.064053 -0.807640 3.686100 -1.347593 -0.028396 0.003049
    69 4.004906 6.172710 4.754800 0.080414 -0.669971 -2.579160
    70 -0.158381 -1.149773 5.804405 -0.535416 0.349979 0.252091
    71 1.078559 -2.386406 5.215008 -0.445425 0.217312 0.112520
    72 6.289963 0.932404 13.569109 -0.126801 -0.612098 -2.869612
    73 -1.327759 -0.766682 12.396324 -0.045479 -0.015475 0.391406
    74 0.000017 -54.999996 0.000000 0.000000 0.000000 -1.570796
  time 3
    0 0.000000 0.000000 -1.500000 0.000000 0.000000 0.000000
    1 -10.521344 -5.760963 66.994621 3.097005 -0.050653 -3.139334
    2 -4.702897 6.407066 23.091519 0.319697 0.496033 0.541370
    3 -0.000034 0.000012 24.761454 -1.493709 -0.173131 -0.139575
    4 0.000017 0.000000 24.344809 2.231016 -0.395130 -0.308221
    5 0.002333 -1.019846 24.031336 0.389660 -0.042710 0.017201
    6 0.000034 0.000008 13.404741 -0.000001 -0.000009 -0.105343
    7 10.398263 -5.760962 66.994675 3.097005 0.050653 3.139334
    8 -0.437680 -2.361799 22.401936 0.896557 -0.415331 0.239767
    9 -0.000004 -0.000006 24.761459 -1.845147 0.213766 -0.245083
    10 -0.000007 0.000004 24.344891 1.906653 0.189186 0.029414
    11 -0.002360 -1.019903 24.031330 0.389594 -0.042695 -0.017219
    12 0.000000 -0.000002 13.404737 0.000001 0.000005 -0.066363
    13 -0.061540 -5.245835 72.927078 0.000000 0.000000 0.000000
    14 2.716251 3.335066 -22.761986 0.075030 -0.053967 -0.463255
    15 0.000000 -0.005608 -1.146812 -0.151125 0.029861 0.026776
    16 0.030770 -0.240000 8.906021 -0.004138 0.000000 0.000000
    17 0.207061 -2.264838 -0.316814 0.328563 0.108433 -0.175942
    18 0.030770 -0.276858 8.905140 0.056125 0.004134 -0.000049
    19 0.002641 -0.835087 0.002731 0.411248 0.032853 -0.011291
    20 5.669724 4.435303 14.302868 3.854465 -1.168180 -0.712707
    21 -1.044571 -2.839317 19.743267 -0.357334 -0.421797 0.099306
    22 2.655533 -1.533369 24.792658 -0.582994 0.088383 -0.327269
    23 1.120163 -0.154394 9.796035 -0.007400 0.000770 -0.064363
    24 2.240311 -0.308786 19.592051 -0.306015 0.246453 -0.092795
    25 0.683151 2.877354 14.167051 -1.511326 -0.211747 1.554295
    26 0.144936 -0.145374 7.579252 -1.768092 -0.243254 0.235289
    27 0.091660 -0.906685 4.702850 -1.587437 -0.182568 0.191116
    28 0.506271 8.500866 13.617253 -1.470526 -0.303331 1.571638
    29 -0.384987 -0.460049 7.003448 -1.747475 -0.440888 0.551346
    30 0.561516 -0.596954 5.061852 -1.494429 -0.380572 0.386321
    31 -2.452171 -8.899406 11.597897 -1.564467 -0.075966 1.475308
    32 0.680496 -0.903999 6.074253 -1.628053 0.173827 -0.014262
    33 0.245514 -0.661150 3.388004 -1.484468 0.109505 -0.099208
    34 -0.717484 -3.784271 13.043911 -1.593546 -0.028634 1.464722
    35 1.099216 -1.407745 8.017889 -1.782123 0.031968 -0.017453
    36 0.068439 -0.807653 3.686054 -1.465865 0.034007 -0.009744
    37 -4.004929 6.172707 4.754754 1.015895 0.939324 3.657419
    38 0.158352 -1.149811 5.804394 -1.145720 -0.399476 0.137852
    39 -1.083523 -1.463142 5.544399 -1.077836 -0.196206 -0.043774
    40 -6.289886 0.932434 13.569063 -0.126803 0.612110 2.869610
    41 1.327774 -0.766687 12.396328 -0.022090 0.009998 -0.196659
    42 -0.096140 1.828087 23.185329 -0.064542 -0.057825 -1.450657
    43 2.325478 -0.000003 6.169296 -0.710384 0.175993 1.800984
    44 0.000000 -3.152912 0.122169 1.961017 0.000000 0.000000
    45 1.068383 -10.478592 7.066338 0.292219 -1.282324 -3.141588
    46 0.000000 0.000000 2.279457 0.547137 -0.343566 0.107833
    47 2.479414 -8.323895 6.074242 -0.004120 0.149151 1.677772
    48 0.000003 -5.075260 5.105362 0.000000 0.000000 0.000000
    49 -1.068383 -10.478611 7.065971 0.292219 1.282324 3.141588
    50 -0.000488 0.000015 2.279600 0.547136 0.343566 0.107835
    51 -2.479401 -8.323895 6.074234 0.013224 0.149004 1.686939
    52 -5.790000 4.432083 14.255558 -0.305725 1.345869 -2.940188
    53 1.044540 -2.839314 19.743252 -0.800392 0.752205 -0.291452
    54 -2.655510 -1.533379 24.792648 -2.104942 -0.229677 0.557735
    55 -1.120216 -0.154385 9.795983 -0.012793 -0.001061 0.111093
    56 -2.240372 -0.308788 19.592047 -0.260187 -0.022668 0.189215
    57 -0.683205 2.877342 14.167089 -0.942602 0.134098 -1.409706
    58 -0.144958 -0.145317 7.579308 -0.906426 0.230073 -0.028867
    59 -0.038551 -0.936644 4.697678 -0.892061 0.183432 -0.067335
    60 -0.506317 8.500896 13.617329 -0.948691 0.194850 -1.390684
    61 0.385056 -0.460075 7.003435 -0.804381 0.477996 -0.077555
    62 -0.456360 -0.710276 5.057732 -0.764793 0.400832 -0.126972
    63 2.452194 -8.899408 11.597939 -1.692178 0.060451 -1.461586
    64 -0.680515 -0.903999 6.074242 -1.514899 -0.179747 0.001554
    65 -0.248295 -0.666843 3.386627 -1.372147 -0.129637 0.098017
    66 0.717491 -3.784309 13.044010 -1.737753 0.008189 -1.453269
    67 -1.099228 -1.407673 8.017876 -1.692457 -0.023827 0.016032
    68 -0.064053 -0.807640 3.686100 -1.376123 -0.029127 0.003792
    69 4.004906 6.172710 4.754800 0.160147 -0.794643 -2.653738
    70 -0.158381 -1.149773 5.804405 -0.670089 0.446444 0.262376
    71 1.078559 -2.386406 5.215008 -0.575756 0.309146 0.144526
    72 6.289963 0.932404 13.569109 -0.126801 -0.612098 -2.869612
    73 -1.327759 -0.766682 12.396324 -0.043981 -0.015247 0.379099
    74 0.000017 -54.999996 0.000000 0.000000 0.000000 -1.570796
  time 4
    0 0.000000 0.000000 -1.500000 0.000000 0.000000 0.000000
    1 -10.521344 -5.760963 66.994621 3.097005 -0.050653 -3.139334
    2 -4.847433 6.603498 24.863058 0.425933 0.439278 0.568151
    3 -0.000034 0.000012 24.761454 -1.662859 -0.192678 -0.196418
    4 0.000017 0.000000 24.344809 2.320712 -0.355587 -0.296921
    5 0.002333 -1.019846 24.031336 0.389585 -0.042698 0.017201
    6 0.000034 0.000008 13.404741 -0.000001 -0.000009 -0.136097
    7 10.398263 -5.760962 66.994675 3.097005 0.050653 3.139334
    8 -0.472837 -1.999607 23.863147 0.953715 -0.407320 0.213444
    9 -0.000004 -0.000006 24.761459 -1.918129 0.222191 -0.231445
    10 -0.000007 0.000004 24.344891 1.930985 0.193319 0.029939
    11 -0.002360 -1.019903 24.031330 0.389594 -0.042695 -0.017219
    12 0.000000 -0.000002 13.404737 0.000001 0.000005 -0.058870
    13 -0.061540 -5.245835 72.927078 0.000000 0.000000 0.000000
    14 2.813910 3.963933 -24.429287 0.076758 -0.079327 -0.464396
    15 0.000000 -0.005608 -1.146812 -0.207520 0.040558 0.034439
    16 0.030770 -0.240000 8.906021 -0.004138 0.000000 0.000000
    17 0.449256 -2.378123 -0.336346 0.341358 0.130285 -0.126544
    18 0.030770 -0.276858 8.905140 0.056125 0.004134 -0.000049
    19 0.045611 -0.936653 -0.012895 0.457252 0.051964 0.002731
    20 5.669724 4.435303 14.302868 3.999937 -1.176037 -0.760240
    21 -1.044571 -2.839317 19.743267 -0.379544 -0.409482 0.099052
    22 2.655533 -1.533369 24.792658 -0.646266 0.090804 -0.323388
    23 1.120163 -0.154394 9.796035 -0.007843 0.000805 -0.068330
    24 2.240311 -0.308786 19.592051 -0.330037 0.292406 -0.099046
    25 0.683151 2.877354 14.167051 -1.511326 -0.211747 1.554295
    26 0.144936 -0.145374 7.579252 -1.768092 -0.243254 0.235289
    27 0.091660 -0.906685 4.702850 -1.587437 -0.182568 0.191116
    28 0.506271 8.500866 13.617253 -1.470526 -0.303331 1.571638
    29 -0.384987 -0.460049 7.003448 -1.747475 -0.440888 0.551346
    30 0.561516 -0.596954 5.061852 -1.494429 -0.380572 0.386321
    31 -2.452171 -8.899406 11.597897 -1.564467 -0.075966 1.475308
    32 0.680496 -0.903999 6.074253 -1.628053 0.173827 -0.014262
    33 0.245514 -0.661150 3.388004 -1.484468 0.109505 -0.099208
    34 -0.717484 -3.784271 13.043911 -1.593590 -0.028646 1.464722
    35 1.099216 -1.407745 8.017889 -1.782123 0.031968 -0.017453
    36 0.068439 -0.807653 3.686054 -1.465865 0.034007 -0.009744
    37 -4.004929 6.172707 4.754754 0.956985 0.944974 3.577619
    38 0.158352 -1.149811 5.804394 -1.126099 -0.394575 0.137720
    39 -1.083523 -1.463142 5.544399 -1.058112 -0.192994 -0.042807
    40 -6.289886 0.932434 13.569063 -0.126803 0.612110 2.869610
    41 1.327774 -0.766687 12.396328 -0.022317 0.010070 -0.198517
    42 -0.096140 1.828087 23.185329 -0.090344 -0.056009 -1.406236
    43 2.325478 -0.000003 6.169296 -0.817870 0.126972 1.712976
    44 0.000000 -3.152912 0.122169 1.961017 0.000000 0.000000
    45 1.068383 -10.478592 7.066338 0.292219 -1.282324 -3.141588
    46 0.000000 0.000000 2.279457 0.547137 -0.343566 0.107833
    47 2.479414 -8.323895 6.074242 -0.004120 0.149151 1.677772
    48 0.000003 -5.075260 5.105362 0.000000 0.000000 0.000000
    49 -1.068383 -10.478611 7.065971 0.292219 1.282324 3.141588
    50 -0.000488 0.000015 2.279600 0.547136 0.343566 0.107835
    51 -2.479401 -8.323895 6.074234 0.013224 0.149004 1.686939
    52 -5.790000 4.432083 14.255558 -0.671806 1.397873 -3.385250
    53 1.044540 -2.839314 19.743252 -0.701268 0.699209 -0.236123
    54 -2.655510 -1.533379 24.792648 -1.909829 -0.205473 0.518583
    55 -1.120216 -0.154385 9.795983 -0.009988 -0.000941 0.086936
    56 -2.240372 -0.308788 19.592047 -0.233153 0.063617 0.144880
    57 -0.683205 2.877342 14.167089 -1.174694 0.177037 -1.458952
    58 -0.144958 -0.145317 7.579308 -1.254302 0.281978 -0.098534
    59 -0.038551 -0.936644 4.697678 -1.177766 0.228398 -0.122788
    60 -0.506317 8.500896 13.617329 -1.174508 0.253923 -1.462526
    61 0.385056 -0.460075 7.003435 -1.206130 0.572205 -0.254619
    62 -0.456360 -0.710276 5.057732 -1.072317 0.499670 -0.249713
    63 2.452194 -8.899408 11.597939 -1.647755 0.065656 -1.466591
    64 -0.680515 -0.903999 6.074242 -1.554352 -0.183379 0.004777
    65 -0.248295 -0.666843 3.386627 -1.411697 -0.129098 0.101672
    66 0.717491 -3.784309 13.044010 -1.699094 0.013510 -1.456630
    67 -1.099228 -1.407673 8.017876 -1.741602 -0.024762 0.017434
    68 -0.064053 -0.807640 3.686100 -1.425192 -0.030362 0.005098
    69 4.004906 6.172710 4.754800 0.262242 -0.915177 -2.751892
    70 -0.158381 -1.149773 5.804405 -0.822691 0.551124 0.257014
    71 1.078559 -2.386406 5.215008 -0.718365 0.412192 0.165425
    72 6.289963 0.932404 13.569109 -0.126801 -0.612098 -2.869612
    73 -1.327759 -0.766682 12.396324 -0.040302 -0.014672 0.348981
    74 0.000017 -54.999996 0.000000 0.000000 0.000000 -1.570796
  time 5
    0 0.000000 0.000000 -1.500000 0.000000 0.000000 0.000000
    1 -10.521344 -5.760963 66.994621 3.097005 -0.050653 -3.139334
    2 -4.941186 6.775376 26.186106 0.476421 0.408938 0.585584
    3 -0.000034 0.000012 24.761454 -1.755340 -0.203368 -0.233064
    4 0.000017 0.000000 24.344809 2.377674 -0.341893 -0.297591
    5 0.002333 -1.019846 24.031336 0.389585 -0.042710 0.017201
    6 0.000034 0.000008 13.404741 -0.000001 -0.000009 -0.152128
    7 10.398263 -5.760962 66.994675 3.097005 0.050653 3.139334
    8 -0.480650 -1.724841 24.987155 0.998332 -0.399199 0.192650
    9 -0.000004 -0.000006 24.761459 -1.972246 0.228447 -0.219423
    10 -0.000007 0.000004 24.344891 1.947442 0.197008 0.031179
    11 -0.002360 -1.019903 24.031330 0.389594 -0.042695 -0.017219
    12 0.000000 -0.000002 13.404737 0.000001 0.000005 -0.052000
    13 -0.061540 -5.245835 72.927078 0.000000 0.000000 0.000000
    14 2.884224 4.487990 -25.713560 0.078135 -0.098390 -0.465357
    15 0.000000 -0.005608 -1.146812 -0.257471 0.049686 0.040255
    16 0.030770 -0.240000 8.906021 -0.004138 0.000000 0.000000
    17 0.683638 -2.460157 -0.359784 0.352932 0.151289 -0.083375
    18 0.030770 -0.276858 8.905140 0.056125 0.004134 -0.000049
    19 0.084675 -1.022593 -0.028520 0.497143 0.068462 0.016598
    20 5.669724 4.435303 14.302868 4.173165 -1.183401 -0.816303
    21 -1.044571 -2.839317 19.743267 -0.396666 -0.426076 0.102690
    22 2.655533 -1.533369 24.792658 -0.717914 0.093955 -0.310286
    23 1.120163 -0.154394 9.796035 -0.008263 0.000829 -0.071883
    24 2.240311 -0.308786 19.592051 -0.351840 0.332926 -0.104862
    25 0.683151 2.877354 14.167051 -1.511326 -0.211747 1.554295
    26 0.144936 -0.145374 7.579252 -1.768092 -0.243254 0.235289
    27 0.091660 -0.906685 4.702850 -1.587437 -0.182568 0.191116
    28 0.506271 8.500866 13.617253 -1.470526 -0.303331 1.571638
    29 -0.384987 -0.460049 7.003448 -1.747475 -0.440888 0.551346
    30 0.561516 -0.596954 5.061852 -1.494429 -0.380572 0.386321
    31 -2.452171 -8.899406 11.597897 -1.564467 -0.075966 1.475308
    32 0.680496 -0.903999 6.074253 -1.628053 0.173827 -0.014262
    33 0.245514 -0.661150 3.388004 -1.484468 0.109505 -0.099208
    34 -0.717484 -3.784271 13.043911 -1.593590 -0.028646 1.464722
    35 1.099216 -1.407745 8.017889 -1.782123 0.031968 -0.017453
    36 0.068439 -0.807653 3.686054 -1.465865 0.034007 -0.009744
    37 -4.004929 6.172707 4.754754 0.903030 0.947879 3.506048
    38 0.158352 -1.149811 5.804394 -1.108724 -0.390260 0.137696
    39 -1.083523 -1.463142 5.544399 -1.040638 -0.190178 -0.041868
    40 -6.289886 0.932434 13.569063 -0.126803 0.612110 2.869610
    41 1.327774 -0.766687 12.396328 -0.022078 0.009986 -0.196408
    42 -0.096140 1.828087 23.185329 -0.113150 -0.052536 -1.367104
    43 2.325478 -0.000003 6.169296 -0.909599 0.070891 1.646242
    44 0.000000 -3.152912 0.122169 1.961017 0.000000 0.000000
    45 1.068383 -10.478592 7.066338 0.292219 -1.282324 -3.141588
    46 0.000000 0.000000 2.279457 0.547137 -0.343566 0.107833
    47 2.479414 -8.323895 6.074242 -0.004120 0.149151 1.677772
    48 0.000003 -5.075260 5.105362 0.000000 0.000000 0.000000
    49 -1.068383 -10.478611 7.065971 0.292219 1.282324 3.141588
    50 -0.000488 0.000015 2.279600 0.547136 0.343566 0.107835
    51 -2.479401 -8.323895 6.074234 0.013224 0.149004 1.686939
    52 -5.790000 4.432083 14.255558 -1.256346 1.389358 2.215441
    53 1.044540 -2.839314 19.743252 -0.593461 0.641167 -0.186047
    54 -2.655510 -1.533379 24.792648 -1.681402 -0.176689 0.479657
    55 -1.120216 -0.154385 9.795983 -0.007543 -0.000797 0.065717
    56 -2.240372 -0.308788 19.592047 -0.215665 0.141288 0.106559
    57 -0.683205 2.877342 14.167089 -1.381691 0.201213 -1.511468
    58 -0.144958 -0.145317 7.579308 -1.572262 0.306211 -0.174133
    59 -0.038551 -0.936644 4.697678 -1.439555 0.254225 -0.182675
    60 -0.506317 8.500896 13.617329 -1.378528 0.291490 -1.536346
    61 0.385056 -0.460075 7.003435 -1.591087 0.597400 -0.445389
    62 -0.456360 -0.710276 5.057732 -1.371047 0.554565 -0.390059
    63 2.452194 -8.899408 11.597939 -1.610258 0.070186 -1.470595
    64 -0.680515 -0.903999 6.074242 -1.598064 -0.187214 0.008409
    65 -0.248295 -0.666843 3.386627 -1.455285 -0.128487 0.105651
    66 0.717491 -3.784309 13.044010 -1.666563 0.018088 -1.459284
    67 -1.099228 -1.407673 8.017876 -1.793213 -0.025648 0.018956
    68 -0.064053 -0.807640 3.686100 -1.476906 -0.031560 0.006536
    69 4.004906 6.172710 4.754800 0.379471 -1.014961 -2.866501
    70 -0.158381 -1.149773 5.804405 -0.973548 0.645727 0.234245
    71 1.078559 -2.386406 5.215008 -0.853999 0.508499 0.170686
    72 6.289963 0.932404 13.569109 -0.126801 -0.612098 -2.869612
    73 -1.327759 -0.766682 12.396324 -0.036071 -0.013857 0.314097
    74 0.000017 -54.999996 0.000000 0.000000 0.000000 -1.570796
  time 6
    0 0.000000 0.000000 -1.500000 0.000000 0.000000 0.000000
    1 -10.521344 -5.760963 66.994621 3.097005 -0.050653 -3.139334
    2 -4.941186 6.885869 26.769144 0.488035 0.401728 0.596463
    3 -0.000034 0.000012 24.761454 -1.783186 -0.206592 -0.249677
    4 0.000017 0.000000 24.344809 2.401408 -0.341689 -0.303619
    5 0.002333 -1.019846 24.031336 0.389585 -0.042698 0.017201
    6 0.000034 0.000008 13.404741 -0.000001 -0.000009 -0.155946
    7 10.398263 -5.760962 66.994675 3.097005 0.050653 3.139334
    8 -0.449399 -1.549990 25.549160 1.022560 -0.391114 0.178457
    9 -0.000004 -0.000006 24.761459 -1.997875 0.231407 -0.207437
    10 -0.000007 0.000004 24.344891 1.953509 0.199541 0.033134
    11 -0.002360 -1.019903 24.031330 0.389594 -0.042695 -0.017219
    12 0.000000 -0.000002 13.404737 0.000001 0.000005 -0.044743
    13 -0.061540 -5.245835 72.927078 0.000000 0.000000 0.000000
    14 2.915475 4.814069 -26.321899 0.078711 -0.106803 -0.465838
    15 0.000000 -0.005608 -1.146812 -0.294121 0.056164 0.043869
    16 0.030770 -0.240000 8.906021 -0.004138 0.000000 0.000000
    17 0.859424 -2.507033 -0.383222 0.361539 0.167621 -0.052227
    18 0.030770 -0.276858 8.905140 0.056125 0.004134 -0.000049
    19 0.112019 -1.081189 -0.032426 0.525775 0.080209 0.027551
    20 5.669724 4.435303 14.302868 4.354718 -1.188968 -0.873611
    21 -1.044571 -2.839317 19.743267 -0.406793 -0.471737 0.111320
    22 2.655533 -1.533369 24.792658 -0.787826 0.097183 -0.279636
    23 1.120163 -0.154394 9.796035 -0.008550 0.000853 -0.074470
    24 2.240311 -0.308786 19.592051 -0.368159 0.362533 -0.109372
    25 0.683151 2.877354 14.167051 -1.511326 -0.211747 1.554295
    26 0.144936 -0.145374 7.579252 -1.768092 -0.243254 0.235289
    27 0.091660 -0.906685 4.702850 -1.587437 -0.182568 0.191116
    28 0.506271 8.500866 13.617253 -1.470526 -0.303331 1.571638
    29 -0.384987 -0.460049 7.003448 -1.747475 -0.440888 0.551346
    30 0.561516 -0.596954 5.061852 -1.494429 -0.380572 0.386321
    31 -2.452171 -8.899406 11.597897 -1.564467 -0.075966 1.475308
    32 0.680496 -0.903999 6.074253 -1.628053 0.173827 -0.014262
    33 0.245514 -0.661150 3.388004 -1.484468 0.109505 -0.099208
    34 -0.717484 -3.784271 13.043911 -1.593590 -0.028646 1.464722
    35 1.099216 -1.407745 8.017889 -1.782123 0.031968 -0.017453
    36 0.068439 -0.807653 3.686054 -1.465865 0.034007 -0.009744
    37 -4.004929 6.172707 4.754754 0.862766 0.948636 3.453231
    38 0.158352 -1.149811 5.804394 -1.096095 -0.387090 0.137732
    39 -1.083523 -1.463142 5.544399 -1.027977 -0.188128 -0.041178
    40 -6.289886 0.932434 13.569063 -0.126803 0.612110 2.869610
    41 1.327774 -0.766687 12.396328 -0.020771 0.009555 -0.185310
    42 -0.096140 1.828087 23.185329 -0.129723 -0.048935 -1.338611
    43 2.325478 -0.000003 6.169296 -0.974491 0.023288 1.604613
    44 0.000000 -3.152912 0.122169 1.961017 0.000000 0.000000
    45 1.068383 -10.478592 7.066338 0.292219 -1.282324 -3.141588
    46 0.000000 0.000000 2.279457 0.547137 -0.343566 0.107833
    47 2.479414 -8.323895 6.074242 -0.004120 0.149151 1.677772
    48 0.000003 -5.075260 5.105362 0.000000 0.000000 0.000000
    49 -1.068383 -10.478611 7.065971 0.292219 1.282324 3.141588
    50 -0.000488 0.000015 2.279600 0.547136 0.343566 0.107835
    51 -2.479401 -8.323895 6.074234 0.013224 0.149004 1.686939
    52 -5.790000 4.432083 14.255558 -1.592327 1.312930 1.771816
    53 1.044540 -2.839314 19.743252 -0.482705 0.583507 -0.146394
    54 -2.655510 -1.533379 24.792648 -1.445526 -0.147878 0.453303
    55 -1.120216 -0.154385 9.795983 -0.005830 -0.000653 0.050483
    56 -2.240372 -0.308788 19.592047 -0.205890 0.198020 0.079408
    57 -0.683205 2.877342 14.167089 -1.529439 0.209670 -1.552070
    58 -0.144958 -0.145317 7.579308 -1.799329 0.308955 -0.230928
    59 -0.038551 -0.936644 4.697678 -1.626688 0.262950 -0.228516
    60 -0.506317 8.500896 13.617329 -1.525376 0.308846 -1.593047
    61 0.385056 -0.460075 7.003435 -1.862862 0.577932 -0.579975
    62 -0.456360 -0.710276 5.057732 -1.590734 0.570283 -0.499899
    63 2.452194 -8.899408 11.597939 -1.583987 0.073509 -1.473312
    64 -0.680515 -0.903999 6.074242 -1.630456 -0.189970 0.011429
    65 -0.248295 -0.666843 3.386627 -1.487716 -0.127636 0.108623
    66 0.717491 -3.784309 13.044010 -1.643746 0.021336 -1.461057
    67 -1.099228 -1.407673 8.017876 -1.830702 -0.026272 0.020107
    68 -0.064053 -0.807640 3.686100 -1.514383 -0.032363 0.007627
    69 4.004906 6.172710 4.754800 0.486159 -1.080828 -2.972105
    70 -0.158381 -1.149773 5.804405 -1.092560 0.712182 0.204825
    71 1.078559 -2.386406 5.215008 -0.957528 0.578677 0.164877
    72 6.289963 0.932404 13.569109 -0.126801 -0.612098 -2.869612
    73 -1.327759 -0.766682 12.396324 -0.032416 -0.013030 0.283377
    74 0.000017 -54.999996 0.000000 0.000000 0.000000 -1.570796
  time 7
    0 0.000000 0.000000 -1.500000 0.000000 0.000000 0.000000
    1 -10.521344 -5.760963 66.994621 3.097005 -0.050653 -3.139334
    2 -4.917747 7.082301 26.993389 0.498762 0.396829 0.601225
    3 -0.000034 0.000012 24.761454 -1.799243 -0.208425 -0.253342
    4 0.000017 0.000000 24.344809 2.407943 -0.339539 -0.303900
    5 0.002333 -1.019846 24.031336 0.389660 -0.042710 0.017213
    6 0.000034 0.000008 13.404741 -0.000001 -0.000009 -0.156874
    7 10.398263 -5.760962 66.994675 3.097005 0.050653 3.139334
    8 -0.418148 -1.312692 25.796442 1.039366 -0.388481 0.169298
    9 -0.000004 -0.000006 24.761459 -2.008160 0.232581 -0.201336
    10 -0.000007 0.000004 24.344891 1.949830 0.201363 0.035341
    11 -0.002360 -1.019903 24.031330 0.389594 -0.042695 -0.017219
    12 0.000000 -0.000002 13.404737 0.000001 0.000005 -0.040213
    13 -0.061540 -5.245835 72.927078 0.000000 0.000000 0.000000
    14 2.923288 5.116857 -26.569741 0.078839 -0.108283 -0.465898
    15 0.000000 -0.005608 -1.146812 -0.310517 0.058988 0.045364
    16 0.030770 -0.240000 8.906021 -0.004138 0.000000 0.000000
    17 0.941458 -2.526565 -0.391035 0.365390 0.175167 -0.038410
    18 0.030770 -0.276858 8.905140 0.056125 0.004134 -0.000049
    19 0.127645 -1.104627 -0.036333 0.538393 0.085393 0.032681
    20 5.669724 4.435303 14.302868 4.525266 -1.192104 -0.924307
    21 -1.044571 -2.839317 19.743267 -0.405668 -0.540881 0.124123
    22 2.655533 -1.533369 24.792658 -0.845543 0.099258 -0.222136
    23 1.120163 -0.154394 9.796035 -0.008682 0.000853 -0.075608
    24 2.240311 -0.308786 19.592051 -0.375514 0.375610 -0.111429
    25 0.683151 2.877354 14.167051 -1.511326 -0.211747 1.554295
    26 0.144936 -0.145374 7.579252 -1.768092 -0.243254 0.235289
    27 0.091660 -0.906685 4.702850 -1.587437 -0.182568 0.191116
    28 0.506271 8.500866 13.617253 -1.470526 -0.303331 1.571638
    29 -0.384987 -0.460049 7.003448 -1.747475 -0.440888 0.551346
    30 0.561516 -0.596954 5.061852 -1.494429 -0.380572 0.386321
    31 -2.452171 -8.899406 11.597897 -1.564467 -0.075966 1.475308
    32 0.680496 -0.903999 6.074253 -1.628053 0.173827 -0.014262
    33 0.245514 -0.661150 3.388004 -1.484468 0.109505 -0.099208
    34 -0.717484 -3.784271 13.043911 -1.593590 -0.028634 1.464722
    35 1.099216 -1.407745 8.017889 -1.782123 0.031968 -0.017453
    36 0.068439 -0.807653 3.686054 -1.465865 0.034007 -0.009744
    37 -4.004929 6.172707 4.754754 0.844570 0.948636 3.429693
    38 0.158352 -1.149811 5.804394 -1.090544 -0.385681 0.137756
    39 -1.083523 -1.463142 5.544399 -1.022275 -0.187218 -0.040846
    40 -6.289886 0.932434 13.569063 -0.126803 0.612110 2.869610
    41 1.327774 -0.766687 12.396328 -0.017787 0.008452 -0.159549
    42 -0.096140 1.828087 23.185329 -0.137103 -0.047023 -1.325985
    43 2.325478 -0.000003 6.169296 -1.002855 0.000456 1.588169
    44 0.000000 -3.152912 0.122169 1.961017 0.000000 0.000000
    45 1.068383 -10.478592 7.066338 0.292219 -1.282324 -3.141588
    46 0.000000 0.000000 2.279457 0.547137 -0.343566 0.107833
    47 2.479414 -8.323895 6.074242 -0.004120 0.149151 1.677772
    48 0.000003 -5.075260 5.105362 0.000000 0.000000 0.000000
    49 -1.068383 -10.478611 7.065971 0.292219 1.282324 3.141588
    50 -0.000488 0.000015 2.279600 0.547136 0.343566 0.107835
    51 -2.479401 -8.323895 6.074234 0.013224 0.149004 1.686939
    52 -5.790000 4.432083 14.255558 -1.681187 1.219680 1.575491
    53 1.044540 -2.839314 19.743252 -0.369778 0.529154 -0.116648
    54 -2.655510 -1.533379 24.792648 -1.225956 -0.123338 0.436643
    55 -1.120216 -0.154385 9.795983 -0.005087 -0.000593 0.044334
    56 -2.240372 -0.308788 19.592047 -0.200697 0.221930 0.068582
    57 -0.683205 2.877342 14.167089 -1.585569 0.210944 -1.567896
    58 -0.144958 -0.145317 7.579308 -1.884936 0.306822 -0.252128
    59 -0.038551 -0.936644 4.697678 -1.697103 0.264196 -0.246025
    60 -0.506317 8.500896 13.617329 -1.581416 0.313308 -1.615197
    61 0.385056 -0.460075 7.003435 -1.962879 0.562953 -0.627599
    62 -0.456360 -0.710276 5.057732 -1.673615 0.570951 -0.541795
    63 2.452194 -8.899408 11.597939 -1.573996 0.074740 -1.474336
    64 -0.680515 -0.903999 6.074242 -1.642637 -0.191001 0.012687
    65 -0.248295 -0.666843 3.386627 -1.499664 -0.127216 0.109761
    66 0.717491 -3.784309 13.044010 -1.635028 0.022607 -1.461727
    67 -1.099228 -1.407673 8.017876 -1.844656 -0.026463 0.020682
    68 -0.064053 -0.807640 3.686100 -1.528170 -0.032543 0.008058
    69 4.004906 6.172710 4.754800 0.533292 -1.104400 -3.019177
    70 -0.158381 -1.149773 5.804405 -1.140834 0.736880 0.190203
    71 1.078559 -2.386406 5.215008 -0.998711 0.605419 0.160200
    72 6.289963 0.932404 13.569109 -0.126801 -0.612098 -2.869612
    73 -1.327759 -0.766682 12.396324 -0.029336 -0.012227 0.257839
    74 0.000017 -54.999996 0.000000 0.000000 0.000000 -1.570796
  time 8
    0 0.000000 0.000000 -1.500000 0.000000 0.000000 0.000000
    1 -10.521344 -5.760963 66.994621 3.097005 -0.050653 -3.139334
    2 -4.933373 7.524272 27.352182 0.519394 0.391596 0.604633
    3 -0.000034 0.000012 24.761454 -1.827252 -0.211661 -0.252853
    4 0.000017 0.000000 24.344809 2.415402 -0.336053 -0.304721
    5 0.002333 -1.019846 24.031336 0.389660 -0.042698 0.017201
    6 0.000034 0.000008 13.404741 -0.000001 -0.000009 -0.159068
    7 10.398263 -5.760962 66.994675 3.097005 0.050653 3.139334
    8 -0.402522 -0.875564 26.133644 1.065812 -0.392870 0.159726
    9 -0.000004 -0.000006 24.761459 -2.021964 0.234175 -0.202879
    10 -0.000007 0.000004 24.344891 1.939310 0.203518 0.037926
    11 -0.002360 -1.019903 24.031330 0.389594 -0.042695 -0.017219
    12 0.000000 -0.000002 13.404737 0.000001 0.000005 -0.039247
    13 -0.061540 -5.245835 72.927078 0.000000 0.000000 0.000000
    14 2.927194 5.582685 -26.907708 0.078903 -0.109401 -0.465958
    15 0.000000 -0.005608 -1.146812 -0.314057 0.059552 0.045690
    16 0.030770 -0.240000 8.906021 -0.004138 0.000000 0.000000
    17 0.957084 -2.534378 -0.394942 0.366400 0.176926 -0.035535
    18 0.030770 -0.276858 8.905140 0.056125 0.004134 -0.000049
    19 0.127645 -1.112440 -0.044146 0.541181 0.086483 0.033795
    20 5.669724 4.435303 14.302868 4.665570 -1.192914 -0.961491
    21 -1.044571 -2.839317 19.743267 -0.391383 -0.607311 0.134670
    22 2.655533 -1.533369 24.792658 -0.883689 0.099450 -0.149109
    23 1.120163 -0.154394 9.796035 -0.008718 0.000853 -0.075884
    24 2.240311 -0.308786 19.592051 -0.377037 0.378419 -0.111825
    25 0.683151 2.877354 14.167051 -1.511326 -0.211747 1.554295
    26 0.144936 -0.145374 7.579252 -1.768092 -0.243254 0.235289
    27 0.091660 -0.906685 4.702850 -1.587437 -0.182568 0.191116
    28 0.506271 8.500866 13.617253 -1.470526 -0.303331 1.571638
    29 -0.384987 -0.460049 7.003448 -1.747475 -0.440888 0.551346
    30 0.561516 -0.596954 5.061852 -1.494429 -0.380572 0.386321
    31 -2.452171 -8.899406 11.597897 -1.564467 -0.075966 1.475308
    32 0.680496 -0.903999 6.074253 -1.628053 0.173827 -0.014262
    33 0.245514 -0.661150 3.388004 -1.484468 0.109505 -0.099208
    34 -0.717484 -3.784271 13.043911 -1.593590 -0.028646 1.464722
    35 1.099216 -1.407745 8.017889 -1.782123 0.031968 -0.017453
    36 0.068439 -0.807653 3.686054 -1.465865 0.034007 -0.009744
    37 -4.004929 6.172707 4.754754 0.840697 0.948583 3.424813
    38 0.158352 -1.149811 5.804394 -1.089357 -0.385373 0.137768
    39 -1.083523 -1.463142 5.544399 -1.021071 -0.187026 -0.040777
    40 -6.289886 0.932434 13.569063 -0.126803 0.612110 2.869610
    41 1.327774 -0.766687 12.396328 -0.013724 0.006822 -0.123996
    42 -0.096140 1.828087 23.185329 -0.138695 -0.046576 -1.323264
    43 2.325478 -0.000003 6.169296 -1.008919 -0.004478 1.584897
    44 0.000000 -3.152912 0.122169 1.961017 0.000000 0.000000
    45 1.068383 -10.478592 7.066338 0.292219 -1.282324 -3.141588
    46 0.000000 0.000000 2.279457 0.547137 -0.343566 0.107833
    47 2.479414 -8.323895 6.074242 -0.004120 0.149151 1.677772
    48 0.000003 -5.075260 5.105362 0.000000 0.000000 0.000000
    49 -1.068383 -10.478611 7.065971 0.292219 1.282324 3.141588
    50 -0.000488 0.000015 2.279600 0.547136 0.343566 0.107835
    51 -2.479401 -8.323895 6.074234 0.013224 0.149004 1.686939
    52 -5.790000 4.432083 14.255558 -1.671218 1.143543 1.490119
    53 1.044540 -2.839314 19.743252 -0.267760 0.489767 -0.097325
    54 -2.655510 -1.533379 24.792648 -1.046394 -0.105865 0.425283
    55 -1.120216 -0.154385 9.795983 -0.005039 -0.000581 0.043790
    56 -2.240372 -0.308788 19.592047 -0.197108 0.225346 0.068239
    57 -0.683205 2.877342 14.167089 -1.585569 0.210944 -1.567896
    58 -0.144958 -0.145317 7.579308 -1.884827 0.306810 -0.252272
    59 -0.038551 -0.936644 4.697678 -1.697251 0.264029 -0.246085
    60 -0.506317 8.500896 13.617329 -1.581416 0.313308 -1.615197
    61 0.385056 -0.460075 7.003435 -1.962706 0.562953 -0.627660
    62 -0.456360 -0.710276 5.057732 -1.673809 0.570822 -0.541918
    63 2.452194 -8.899408 11.597939 -1.573996 0.074763 -1.474313
    64 -0.680515 -0.903999 6.074242 -1.642583 -0.190977 0.012519
    65 -0.248295 -0.666843 3.386627 -1.499789 -0.127372 0.109737
    66 0.717491 -3.784309 13.044010 -1.635028 0.022607 -1.461727
    67 -1.099228 -1.407673 8.017876 -1.844600 -0.026475 0.020526
    68 -0.064053 -0.807640 3.686100 -1.528282 -0.032687 0.008047
    69 4.004906 6.172710 4.754800 0.533292 -1.104400 -3.019177
    70 -0.158381 -1.149773 5.804405 -1.140834 0.736880 0.190203
    71 1.078559 -2.386406 5.215008 -0.998663 0.605419 0.160200
    72 6.289963 0.932404 13.569109 -0.126801 -0.612098 -2.869612
    73 -1.327759 -0.766682 12.396324 -0.027083 -0.011604 0.238917
    74 0.000017 -54.999996 0.000000 0.000000 0.000000 -1.570796
  time 9
    0 0.000000 0.000000 -1.500000 0.000000 0.000000 0.000000
    1 -10.521344 -5.760963 66.994621 3.097005 -0.050653 -3.139334
    2 -4.956811 8.101291 27.800672 0.546790 0.384888 0.608565
    3 -0.000034 0.000012 24.761454 -1.862781 -0.215772 -0.250736
    4 0.000017 0.000000 24.344809 2.422923 -0.331322 -0.305002
    5 0.002333 -1.019846 24.031336 0.389660 -0.042698 0.017213
    6 0.000034 0.000008 13.404741 -0.000001 -0.000009 -0.161620
    7 10.398263 -5.760962 66.994675 3.097005 0.050653 3.139334
    8 -0.382991 -0.263585 26.560767 1.100704 -0.399199 0.146936
    9 -0.000004 -0.000006 24.761459 -2.038188 0.236057 -0.205534
    10 -0.000007 0.000004 24.344891 1.923821 0.206207 0.041499
    11 -0.002360 -1.019903 24.031330 0.389594 -0.042695 -0.017219
    12 0.000000 -0.000002 13.404737 0.000001 0.000005 -0.038324
    13 -0.061540 -5.245835 72.927078 0.000000 0.000000 0.000000
    14 2.927194 6.199907 -27.335799 0.078967 -0.110209 -0.466018
    15 0.000000 -0.005608 -1.146812 -0.316992 0.059991 0.045962
    16 0.030770 -0.240000 8.906021 -0.004138 0.000000 0.000000
    17 0.976616 -2.542190 -0.398848 0.367536 0.178560 -0.033339
    18 0.030770 -0.276858 8.905140 0.056125 0.004134 -0.000049
    19 0.131551 -1.116346 -0.040239 0.543719 0.087306 0.034706
    20 5.669724 4.435303 14.302868 4.757256 -1.191610 -0.978453
    21 -1.044571 -2.839317 19.743267 -0.370298 -0.647232 0.137857
    22 2.655533 -1.533369 24.792658 -0.895970 0.097836 -0.087161
    23 1.120163 -0.154394 9.796035 -0.008730 0.000853 -0.076022
    24 2.240311 -0.308786 19.592051 -0.378212 0.380491 -0.112181
    25 0.683151 2.877354 14.167051 -1.511326 -0.211747 1.554295
    26 0.144936 -0.145374 7.579252 -1.768092 -0.243254 0.235289
    27 0.091660 -0.906685 4.702850 -1.587437 -0.182568 0.191116
    28 0.506271 8.500866 13.617253 -1.470526 -0.303331 1.571638
    29 -0.384987 -0.460049 7.003448 -1.747475 -0.440888 0.551346
    30 0.561516 -0.596954 5.061852 -1.494429 -0.380572 0.386321
    31 -2.452171 -8.899406 11.597897 -1.564467 -0.075966 1.475308
    32 0.680496 -0.903999 6.074253 -1.628053 0.173827 -0.014262
    33 0.245514 -0.661150 3.388004 -1.484468 0.109505 -0.099208
    34 -0.717484 -3.784271 13.043911 -1.593590 -0.028646 1.464722
    35 1.099216 -1.407745 8.017889 -1.782123 0.031968 -0.017453
    36 0.068439 -0.807653 3.686054 -1.465865 0.034007 -0.009744
    37 -4.004929 6.172707 4.754754 0.837905 0.948548 3.420890
    38 0.158352 -1.149811 5.804394 -1.088467 -0.385152 0.137768
    39 -1.083523 -1.463142 5.544399 -1.020234 -0.186870 -0.040736
    40 -6.289886 0.932434 13.569063 -0.126803 0.612110 2.869610
    41 1.327774 -0.766687 12.396328 -0.010117 0.005228 -0.092059
    42 -0.096140 1.828087 23.185329 -0.139979 -0.046194 -1.321032
    43 2.325478 -0.000003 6.169296 -1.013742 -0.008269 1.582502
    44 0.000000 -3.152912 0.122169 1.961017 0.000000 0.000000
    45 1.068383 -10.478592 7.066338 0.292219 -1.282324 -3.141588
    46 0.000000 0.000000 2.279457 0.547137 -0.343566 0.107833
    47 2.479414 -8.323895 6.074242 -0.004120 0.149151 1.677772
    48 0.000003 -5.075260 5.105362 0.000000 0.000000 0.000000
    49 -1.068383 -10.478611 7.065971 0.292219 1.282324 3.141588
    50 -0.000488 0.000015 2.279600 0.547136 0.343566 0.107835
    51 -2.479401 -8.323895 6.074234 0.013224 0.149004 1.686939
    52 -5.790000 4.432083 14.255558 -1.628369 1.105828 1.461183
    53 1.044540 -2.839314 19.743252 -0.195852 0.481966 -0.086793
    54 -2.655510 -1.533379 24.792648 -0.929337 -0.096119 0.401504
    55 -1.120216 -0.154385 9.795983 -0.004991 -0.000581 0.043464
    56 -2.240372 -0.308788 19.592047 -0.193900 0.228415 0.067981
    57 -0.683205 2.877342 14.167089 -1.585569 0.210944 -1.567896
    58 -0.144958 -0.145317 7.579308 -1.884827 0.306810 -0.252284
    59 -0.038551 -0.936644 4.697678 -1.697251 0.264029 -0.246085
    60 -0.506317 8.500896 13.617329 -1.581416 0.313282 -1.615197
    61 0.385056 -0.460075 7.003435 -1.962706 0.562953 -0.627675
    62 -0.456360 -0.710276 5.057732 -1.673809 0.570800 -0.541936
    63 2.452194 -8.899408 11.597939 -1.573996 0.074740 -1.474313
    64 -0.680515 -0.903999 6.074242 -1.642583 -0.190977 0.012519
    65 -0.248295 -0.666843 3.386627 -1.499789 -0.127372 0.109737
    66 0.717491 -3.784309 13.044010 -1.635028 0.022607 -1.461727
    67 -1.099228 -1.407673 8.017876 -1.844600 -0.026463 0.020526
    68 -0.064053 -0.807640 3.686100 -1.528282 -0.032687 0.008047
    69 4.004906 6.172710 4.754800 0.533367 -1.104400 -3.019095
    70 -0.158381 -1.149773 5.804405 -1.140834 0.736880 0.190203
    71 1.078559 -2.386406 5.215008 -0.998663 0.605419 0.160200
    72 6.289963 0.932404 13.569109 -0.126801 -0.612098 -2.869612
    73 -1.327759 -0.766682 12.396324 -0.024781 -0.010909 0.219393
    74 0.000017 -54.999996 0.000000 0.000000 0.000000 -1.570796
  time 10
    0 0.000000 0.000000 -1.500000 0.000000 0.000000 0.000000
    1 -10.521344 -5.760963 66.994621 3.097005 -0.050653 -3.139334
    2 -4.980249 8.813356 28.294012 0.580061 0.376927 0.612803
    3 -0.000034 0.000012 24.761454 -1.904245 -0.220566 -0.247030
    4 0.000017 0.000000 24.344809 2.429827 -0.325528 -0.304548
    5 0.002333 -1.019846 24.031336 0.389585 -0.042698 0.017201
    6 0.000034 0.000008 13.404741 -0.000001 -0.000009 -0.164552
    7 10.398263 -5.760962 66.994675 3.097005 0.050653 3.139334
    8 -0.359552 0.435820 27.055331 1.142847 -0.407173 0.131010
    9 -0.000004 -0.000006 24.761459 -2.055677 0.238058 -0.209626
    10 -0.000007 0.000004 24.344891 1.903039 0.209296 0.045934
    11 -0.002360 -1.019903 24.031330 0.389594 -0.042695 -0.017219
    12 0.000000 -0.000002 13.404737 0.000001 0.000005 -0.037594
    13 -0.061540 -5.245835 72.927078 0.000000 0.000000 0.000000
    14 2.931101 6.945231 -27.808952 0.078999 -0.110743 -0.466078
    15 0.000000 -0.005608 -1.146812 -0.319257 0.060258 0.046179
    16 0.030770 -0.240000 8.906021 -0.004138 0.000000 0.000000
    17 0.988335 -2.550003 -0.406661 0.368820 0.180054 -0.031741
    18 0.030770 -0.276858 8.905140 0.056125 0.004134 -0.000049
    19 0.131551 -1.120252 -0.048052 0.545971 0.087841 0.035437
    20 5.669724 4.435303 14.302868 4.815158 -1.189215 -0.982191
    21 -1.044571 -2.839317 19.743267 -0.351953 -0.670349 0.137575
    22 2.655533 -1.533369 24.792658 -0.881215 0.094070 -0.029499
    23 1.120163 -0.154394 9.796035 -0.008742 0.000865 -0.076160
    24 2.240311 -0.308786 19.592051 -0.379126 0.382011 -0.112419
    25 0.683151 2.877354 14.167051 -1.511326 -0.211747 1.554295
    26 0.144936 -0.145374 7.579252 -1.768092 -0.243254 0.235289
    27 0.091660 -0.906685 4.702850 -1.587437 -0.182568 0.191116
    28 0.506271 8.500866 13.617253 -1.470526 -0.303331 1.571638
    29 -0.384987 -0.460049 7.003448 -1.747475 -0.440888 0.551346
    30 0.561516 -0.596954 5.061852 -1.494429 -0.380572 0.386321
    31 -2.452171 -8.899406 11.597897 -1.564467 -0.075966 1.475308
    32 0.680496 -0.903999 6.074253 -1.628053 0.173827 -0.014262
    33 0.245514 -0.661150 3.388004 -1.484468 0.109505 -0.099208
    34 -0.717484 -3.784271 13.043911 -1.593590 -0.028646 1.464722
    35 1.099216 -1.407745 8.017889 -1.782123 0.031968 -0.017453
    36 0.068439 -0.807653 3.686054 -1.465865 0.034007 -0.009744
    37 -4.004929 6.172707 4.754754 0.835833 0.948530 3.418306
    38 0.158352 -1.149811 5.804394 -1.087789 -0.384976 0.137780
    39 -1.083523 -1.463142 5.544399 -1.019554 -0.186762 -0.040680
    40 -6.289886 0.932434 13.569063 -0.126803 0.612110 2.869610
    41 1.327774 -0.766687 12.396328 -0.006665 0.003586 -0.061176
    42 -0.096140 1.828087 23.185329 -0.141006 -0.045907 -1.319198
    43 2.325478 -0.000003 6.169296 -1.017419 -0.010960 1.580865
    44 0.000000 -3.152912 0.122169 1.961017 0.000000 0.000000
    45 1.068383 -10.478592 7.066338 0.292219 -1.282324 -3.141588
    46 0.000000 0.000000 2.279457 0.547137 -0.343566 0.107833
    47 2.479414 -8.323895 6.074242 -0.004120 0.149151 1.677772
    48 0.000003 -5.075260 5.105362 0.000000 0.000000 0.000000
    49 -1.068383 -10.478611 7.065971 0.292219 1.282324 3.141588
    50 -0.000488 0.000015 2.279600 0.547136 0.343566 0.107835
    51 -2.479401 -8.323895 6.074234 0.013224 0.149004 1.686939
    52 -5.790000 4.432083 14.255558 -1.579003 1.096191 1.456680
    53 1.044540 -2.839314 19.743252 -0.157783 0.491081 -0.081241
    54 -2.655510 -1.533379 24.792648 -0.857623 -0.090632 0.350538
    55 -1.120216 -0.154385 9.795983 -0.004967 -0.000581 0.043246
    56 -2.240372 -0.308788 19.592047 -0.191151 0.230940 0.068067
    57 -0.683205 2.877342 14.167089 -1.585569 0.210944 -1.567896
    58 -0.144958 -0.145317 7.579308 -1.884827 0.306810 -0.252284
    59 -0.038551 -0.936644 4.697678 -1.697251 0.264029 -0.246085
    60 -0.506317 8.500896 13.617329 -1.581416 0.313282 -1.615197
    61 0.385056 -0.460075 7.003435 -1.962706 0.562953 -0.627675
    62 -0.456360 -0.710276 5.057732 -1.673809 0.570822 -0.541936
    63 2.452194 -8.899408 11.597939 -1.573996 0.074740 -1.474313
    64 -0.680515 -0.903999 6.074242 -1.642583 -0.190989 0.012519
    65 -0.248295 -0.666843 3.386627 -1.499789 -0.127372 0.109737
    66 0.717491 -3.784309 13.044010 -1.635028 0.022607 -1.461727
    67 -1.099228 -1.407673 8.017876 -1.844600 -0.026475 0.020514
    68 -0.064053 -0.807640 3.686100 -1.528282 -0.032687 0.008047
    69 4.004906 6.172710 4.754800 0.533367 -1.104400 -3.019177
    70 -0.158381 -1.149773 5.804405 -1.140834 0.736880 0.190203
    71 1.078559 -2.386406 5.215008 -0.998663 0.605419 0.160200
    72 6.289963 0.932404 13.569109 -0.126801 -0.612098 -2.869612
    73 -1.327759 -0.766682 12.396324 -0.021390 -0.009770 0.190431
    74 0.000017 -54.999996 0.000000 0.000000 0.000000 -1.570796
  time 11
    0 0.000000 0.000000 -1.500000 0.000000 0.000000 0.000000
    1 -10.521344 -5.760963 66.994621 3.097005 -0.050653 -3.139334
    2 -5.007594 9.635915 28.854626 0.618457 0.367825 0.617434
    3 -0.000034 0.000012 24.761454 -1.950262 -0.225875 -0.241615
    4 0.000017 0.000000 24.344809 2.435314 -0.318941 -0.303079
    5 0.002333 -1.019846 24.031336 0.389585 -0.042710 0.017213
    6 0.000034 0.000008 13.404741 -0.000001 -0.000009 -0.167737
    7 10.398263 -5.760962 66.994675 3.097005 0.050653 3.139334
    8 -0.328301 1.272608 27.617335 1.191474 -0.416574 0.112114
    9 -0.000004 -0.000006 24.761459 -2.073387 0.240120 -0.215116
    10 -0.000007 0.000004 24.344891 1.877029 0.212629 0.051126
    11 -0.002360 -1.019903 24.031330 0.389594 -0.042695 -0.017219
    12 0.000000 -0.000002 13.404737 0.000001 0.000005 -0.037272
    13 -0.061540 -5.245835 72.927078 0.000000 0.000000 0.000000
    14 2.931101 7.795367 -28.327167 0.079031 -0.111070 -0.466078
    15 0.000000 -0.005608 -1.146812 -0.321011 0.060431 0.046369
    16 0.030770 -0.240000 8.906021 -0.004138 0.000000 0.000000
    17 0.996147 -2.553910 -0.414473 0.370125 0.181396 -0.030703
    18 0.030770 -0.276858 8.905140 0.056125 0.004134 -0.000049
    19 0.131551 -1.120252 -0.051958 0.547901 0.088232 0.035977
    20 5.669724 4.435303 14.302868 4.865212 -1.186678 -0.983053
    21 -1.044571 -2.839317 19.743267 -0.338304 -0.686944 0.136813
    22 2.655533 -1.533369 24.792658 -0.848451 0.088268 0.035360
    23 1.120163 -0.154394 9.796035 -0.008778 0.000865 -0.076229
    24 2.240311 -0.308786 19.592051 -0.379648 0.382978 -0.112537
    25 0.683151 2.877354 14.167051 -1.511326 -0.211747 1.554295
    26 0.144936 -0.145374 7.579252 -1.768092 -0.243254 0.235289
    27 0.091660 -0.906685 4.702850 -1.587437 -0.182568 0.191116
    28 0.506271 8.500866 13.617253 -1.470526 -0.303331 1.571638
    29 -0.384987 -0.460049 7.003448 -1.747475 -0.440888 0.551346
    30 0.561516 -0.596954 5.061852 -1.494429 -0.380572 0.386321
    31 -2.452171 -8.899406 11.597897 -1.564467 -0.075966 1.475308
    32 0.680496 -0.903999 6.074253 -1.628053 0.173827 -0.014262
    33 0.245514 -0.661150 3.388004 -1.484468 0.109505 -0.099208
    34 -0.717484 -3.784271 13.043911 -1.593590 -0.028634 1.464722
    35 1.099216 -1.407745 8.017889 -1.782123 0.031968 -0.017453
    36 0.068439 -0.807653 3.686054 -1.465865 0.034007 -0.009744
    37 -4.004929 6.172707 4.754754 0.834482 0.948495 3.416680
    38 0.158352 -1.149811 5.804394 -1.087408 -0.384874 0.137780
    39 -1.083523 -1.463142 5.544399 -1.019083 -0.186702 -0.040667
    40 -6.289886 0.932434 13.569063 -0.126803 0.612110 2.869610
    41 1.327774 -0.766687 12.396328 -0.002830 0.001597 -0.026226
    42 -0.096140 1.828087 23.185329 -0.141811 -0.045684 -1.317883
    43 2.325478 -0.000003 6.169296 -1.020045 -0.012696 1.579947
    44 0.000000 -3.152912 0.122169 1.961017 0.000000 0.000000
    45 1.068383 -10.478592 7.066338 0.292219 -1.282324 -3.141588
    46 0.000000 0.000000 2.279457 0.547137 -0.343566 0.107833
    47 2.479414 -8.323895 6.074242 -0.004120 0.149151 1.677772
    48 0.000003 -5.075260 5.105362 0.000000 0.000000 0.000000
    49 -1.068383 -10.478611 7.065971 0.292219 1.282324 3.141588
    50 -0.000488 0.000015 2.279600 0.547136 0.343566 0.107835
    51 -2.479401 -8.323895 6.074234 0.013224 0.149004 1.686939
    52 -5.790000 4.432083 14.255558 -1.530786 1.091663 1.456009
    53 1.044540 -2.839314 19.743252 -0.144036 0.496381 -0.079064
    54 -2.655510 -1.533379 24.792648 -0.798692 -0.085752 0.285637
    55 -1.120216 -0.154385 9.795983 -0.004967 -0.000581 0.043137
    56 -2.240372 -0.308788 19.592047 -0.188784 0.233019 0.068239
    57 -0.683205 2.877342 14.167089 -1.585569 0.210944 -1.567896
    58 -0.144958 -0.145317 7.579308 -1.884827 0.306798 -0.252284
    59 -0.038551 -0.936644 4.697678 -1.697251 0.264029 -0.246085
    60 -0.506317 8.500896 13.617329 -1.581340 0.313282 -1.615197
    61 0.385056 -0.460075 7.003435 -1.962706 0.562953 -0.627675
    62 -0.456360 -0.710276 5.057732 -1.673809 0.570822 -0.541936
    63 2.452194 -8.899408 11.597939 -1.573996 0.074740 -1.474313
    64 -0.680515 -0.903999 6.074242 -1.642637 -0.190989 0.012519
    65 -0.248295 -0.666843 3.386627 -1.499789 -0.127372 0.109737
    66 0.717491 -3.784309 13.044010 -1.635028 0.022607 -1.461727
    67 -1.099228 -1.407673 8.017876 -1.844600 -0.026475 0.020514
    68 -0.064053 -0.807640 3.686100 -1.528282 -0.032687 0.008047
    69 4.004906 6.172710 4.754800 0.533367 -1.104400 -3.019177
    70 -0.158381 -1.149773 5.804405 -1.140834 0.736907 0.190203
    71 1.078559 -2.386406 5.215008 -0.998711 0.605419 0.160200
    72 6.289963 0.932404 13.569109 -0.126801 -0.612098 -2.869612
    73 -1.327759 -0.766682 12.396324 -0.017387 -0.008320 0.156010
    74 0.000017 -54.999996 0.000000 0.000000 0.000000 -1.570796
  time 12
    0 0.000000 0.000000 -1.500000 0.000000 0.000000 0.000000
    1 -10.521344 -5.760963 66.994621 3.097005 -0.050653 -3.139334
    2 -5.034939 10.532135 29.460088 0.661293 0.357860 0.622371
    3 -0.000034 0.000012 24.761454 -1.999287 -0.231532 -0.234611
    4 0.000017 0.000000 24.344809 2.438519 -0.311720 -0.300378
    5 0.002333 -1.019846 24.031336 0.389660 -0.042710 0.017201
    6 0.000034 0.000008 13.404741 -0.000001 -0.000009 -0.171112
    7 10.398263 -5.760962 66.994675 3.097005 0.050653 3.139334
    8 -0.297050 2.171843 28.201820 1.245219 -0.427292 0.090412
    9 -0.000004 -0.000006 24.761459 -2.090326 0.242061 -0.222294
    10 -0.000007 0.000004 24.344891 1.845728 0.216095 0.056927
    11 -0.002360 -1.019903 24.031330 0.389594 -0.042695 -0.017219
    12 0.000000 -0.000002 13.404737 0.000001 0.000005 -0.037551
    13 -0.061540 -5.245835 72.927078 0.000000 0.000000 0.000000
    14 2.931101 8.727022 -28.890445 0.079031 -0.111173 -0.466078
    15 0.000000 -0.005608 -1.146812 -0.322191 0.060478 0.046532
    16 0.030770 -0.240000 8.906021 -0.004138 0.000000 0.000000
    17 1.000054 -2.561722 -0.422286 0.371387 0.182522 -0.030224
    18 0.030770 -0.276858 8.905140 0.056125 0.004134 -0.000049
    19 0.131551 -1.128065 -0.055865 0.549474 0.088376 0.036336
    20 5.669724 4.435303 14.302868 4.907418 -1.184211 -0.982287
    21 -1.044571 -2.839317 19.743267 -0.326466 -0.695554 0.134952
    22 2.655533 -1.533369 24.792658 -0.805228 0.081466 0.100220
    23 1.120163 -0.154394 9.796035 -0.008778 0.000865 -0.076298
    24 2.240311 -0.308786 19.592051 -0.379909 0.383392 -0.112616
    25 0.683151 2.877354 14.167051 -1.511326 -0.211747 1.554295
    26 0.144936 -0.145374 7.579252 -1.768092 -0.243254 0.235289
    27 0.091660 -0.906685 4.702850 -1.587437 -0.182568 0.191116
    28 0.506271 8.500866 13.617253 -1.470526 -0.303331 1.571638
    29 -0.384987 -0.460049 7.003448 -1.747475 -0.440888 0.551346
    30 0.561516 -0.596954 5.061852 -1.494429 -0.380572 0.386321
    31 -2.452171 -8.899406 11.597897 -1.564467 -0.075966 1.475308
    32 0.680496 -0.903999 6.074253 -1.628053 0.173827 -0.014262
    33 0.245514 -0.661150 3.388004 -1.484468 0.109505 -0.099208
    34 -0.717484 -3.784271 13.043911 -1.593590 -0.028634 1.464722
    35 1.099216 -1.407745 8.017889 -1.782123 0.031968 -0.017453
    36 0.068439 -0.807653 3.686054 -1.465865 0.034007 -0.009744
    37 -4.004929 6.172707 4.754754 0.833851 0.948495 3.415819
    38 0.158352 -1.149811 5.804394 -1.087196 -0.384830 0.137780
    39 -1.083523 -1.463142 5.544399 -1.018926 -0.186666 -0.040653
    40 -6.289886 0.932434 13.569063 -0.126803 0.612110 2.869610
    41 1.327774 -0.766687 12.396328 0.000945 -0.000536 0.008925
    42 -0.096140 1.828087 23.185329 -0.142359 -0.045557 -1.316966
    43 2.325478 -0.000003 6.169296 -1.021716 -0.013579 1.579508
    44 0.000000 -3.152912 0.122169 1.961017 0.000000 0.000000
    45 1.068383 -10.478592 7.066338 0.292219 -1.282324 -3.141588
    46 0.000000 0.000000 2.279457 0.547137 -0.343566 0.107833
    47 2.479414 -8.323895 6.074242 -0.004120 0.149151 1.677772
    48 0.000003 -5.075260 5.105362 0.000000 0.000000 0.000000
    49 -1.068383 -10.478611 7.065971 0.292219 1.282324 3.141588
    50 -0.000488 0.000015 2.279600 0.547136 0.343566 0.107835
    51 -2.479401 -8.323895 6.074234 0.013224 0.149004 1.686939
    52 -5.790000 4.432083 14.255558 -1.486308 1.090708 1.457542
    53 1.044540 -2.839314 19.743252 -0.144982 0.495109 -0.079200
    54 -2.655510 -1.533379 24.792648 -0.750983 -0.081274 0.218086
    55 -1.120216 -0.154385 9.795983 -0.004967 -0.000581 0.043192
    56 -2.240372 -0.308788 19.592047 -0.186951 0.234702 0.068496
    57 -0.683205 2.877342 14.167089 -1.585569 0.210944 -1.567896
    58 -0.144958 -0.145317 7.579308 -1.884827 0.306798 -0.252272
    59 -0.038551 -0.936644 4.697678 -1.697251 0.264029 -0.246085
    60 -0.506317 8.500896 13.617329 -1.581340 0.313308 -1.615197
    61 0.385056 -0.460075 7.003435 -1.962706 0.562953 -0.627660
    62 -0.456360 -0.710276 5.057732 -1.673809 0.570822 -0.541936
    63 2.452194 -8.899408 11.597939 -1.573996 0.074763 -1.474313
    64 -0.680515 -0.903999 6.074242 -1.642637 -0.190989 0.012519
    65 -0.248295 -0.666843 3.386627 -1.499789 -0.127372 0.109737
    66 0.717491 -3.784309 13.044010 -1.635028 0.022607 -1.461727
    67 -1.099228 -1.407673 8.017876 -1.844600 -0.026463 0.020538
    68 -0.064053 -0.807640 3.686100 -1.528226 -0.032687 0.008047
    69 4.004906 6.172710 4.754800 0.533292 -1.104400 -3.019177
    70 -0.158381 -1.149773 5.804405 -1.140834 0.736880 0.190203
    71 1.078559 -2.386406 5.215008 -0.998711 0.605450 0.160200
    72 6.289963 0.932404 13.569109 -0.126801 -0.612098 -2.869612
    73 -1.327759 -0.766682 12.396324 -0.013444 -0.006726 0.121543
    74 0.000017 -54.999996 0.000000 0.000000 0.000000 -1.570796
  time 13
    0 0.000000 0.000000 -1.500000 0.000000 0.000000 0.000000
    1 -10.521344 -5.760963 66.994621 3.097005 -0.050653 -3.139334
    2 -5.066190 11.489740 30.087975 0.707955 0.347227 0.627482
    3 -0.000034 0.000012 24.761454 -2.050020 -0.237380 -0.225898
    4 0.000017 0.000000 24.344809 2.439074 -0.304138 -0.296316
    5 0.002333 -1.019846 24.031336 0.389660 -0.042710 0.017213
    6 0.000034 0.000008 13.404741 -0.000001 -0.000009 -0.174508
    7 10.398263 -5.760962 66.994675 3.097005 0.050653 3.139334
    8 -0.265800 3.121035 28.831265 1.303144 -0.438925 0.065822
    9 -0.000004 -0.000006 24.761459 -2.105560 0.243823 -0.231338
    10 -0.000007 0.000004 24.344891 1.809392 0.219561 0.063149
    11 -0.002360 -1.019903 24.031330 0.389594 -0.042695 -0.017219
    12 0.000000 -0.000002 13.404737 0.000001 0.000005 -0.038753
    13 -0.061540 -5.245835 72.927078 0.000000 0.000000 0.000000
    14 2.931101 9.716906 -29.476253 0.079031 -0.111087 -0.466078
    15 0.000000 -0.005608 -1.146812 -0.322893 0.060446 0.046641
    16 0.030770 -0.240000 8.906021 -0.004138 0.000000 0.000000
    17 1.007867 -2.565629 -0.426193 0.372629 0.183485 -0.030064
    18 0.030770 -0.276858 8.905140 0.056125 0.004134 -0.000049
    19 0.131551 -1.128065 -0.059771 0.550689 0.088376 0.036552
    20 5.669724 4.435303 14.302868 4.941107 -1.182062 -0.980658
    21 -1.044571 -2.839317 19.743267 -0.314138 -0.697328 0.131709
    22 2.655533 -1.533369 24.792658 -0.759184 0.074703 0.157396
    23 1.120163 -0.154394 9.796035 -0.008778 0.000865 -0.076298
    24 2.240311 -0.308786 19.592051 -0.379909 0.383530 -0.112616
    25 0.683151 2.877354 14.167051 -1.511326 -0.211747 1.554295
    26 0.144936 -0.145374 7.579252 -1.768092 -0.243254 0.235289
    27 0.091660 -0.906685 4.702850 -1.587437 -0.182568 0.191116
    28 0.506271 8.500866 13.617253 -1.470526 -0.303331 1.571638
    29 -0.384987 -0.460049 7.003448 -1.747475 -0.440888 0.551346
    30 0.561516 -0.596954 5.061852 -1.494429 -0.380572 0.386321
    31 -2.452171 -8.899406 11.597897 -1.564467 -0.075966 1.475308
    32 0.680496 -0.903999 6.074253 -1.628053 0.173827 -0.014262
    33 0.245514 -0.661150 3.388004 -1.484468 0.109505 -0.099208
    34 -0.717484 -3.784271 13.043911 -1.593546 -0.028634 1.464722
    35 1.099216 -1.407745 8.017889 -1.782123 0.031968 -0.017453
    36 0.068439 -0.807653 3.686054 -1.465865 0.034007 -0.009744
    37 -4.004929 6.172707 4.754754 0.833761 0.948495 3.415531
    38 0.158352 -1.149811 5.804394 -1.087111 -0.384830 0.137780
    39 -1.083523 -1.463142 5.544399 -1.018874 -0.186666 -0.040653
    40 -6.289886 0.932434 13.569063 -0.126803 0.612110 2.869610
    41 1.327774 -0.766687 12.396328 0.004265 -0.002574 0.040260
    42 -0.096140 1.828087 23.185329 -0.142667 -0.045429 -1.316385
    43 2.325478 -0.000003 6.169296 -1.022576 -0.013738 1.579588
    44 0.000000 -3.152912 0.122169 1.961017 0.000000 0.000000
    45 1.068383 -10.478592 7.066338 0.292219 -1.282324 -3.141588
    46 0.000000 0.000000 2.279457 0.547137 -0.343566 0.107833
    47 2.479414 -8.323895 6.074242 -0.004120 0.149151 1.677772
    48 0.000003 -5.075260 5.105362 0.000000 0.000000 0.000000
    49 -1.068383 -10.478611 7.065971 0.292219 1.282324 3.141588
    50 -0.000488 0.000015 2.279600 0.547136 0.343566 0.107835
    51 -2.479401 -8.323895 6.074234 0.013224 0.149004 1.686939
    52 -5.790000 4.432083 14.255558 -1.448349 1.091663 1.460129
    53 1.044540 -2.839314 19.743252 -0.151105 0.488707 -0.080152
    54 -2.655510 -1.533379 24.792648 -0.712786 -0.077223 0.158183
    55 -1.120216 -0.154385 9.795983 -0.004979 -0.000581 0.043273
    56 -2.240372 -0.308788 19.592047 -0.185500 0.235890 0.069098
    57 -0.683205 2.877342 14.167089 -1.585569 0.210944 -1.567896
    58 -0.144958 -0.145317 7.579308 -1.884827 0.306798 -0.252284
    59 -0.038551 -0.936644 4.697678 -1.697251 0.264029 -0.246085
    60 -0.506317 8.500896 13.617329 -1.581416 0.313282 -1.615197
    61 0.385056 -0.460075 7.003435 -1.962706 0.562953 -0.627675
    62 -0.456360 -0.710276 5.057732 -1.673809 0.570822 -0.541936
    63 2.452194 -8.899408 11.597939 -1.573996 0.074740 -1.474313
    64 -0.680515 -0.903999 6.074242 -1.642583 -0.190989 0.012519
    65 -0.248295 -0.666843 3.386627 -1.499789 -0.127372 0.109737
    66 0.717491 -3.784309 13.044010 -1.635028 0.022607 -1.461727
    67 -1.099228 -1.407673 8.017876 -1.844600 -0.026463 0.020526
    68 -0.064053 -0.807640 3.686100 -1.528282 -0.032687 0.008047
    69 4.004906 6.172710 4.754800 0.533367 -1.104400 -3.019177
    70 -0.158381 -1.149773 5.804405 -1.140834 0.736880 0.190203
    71 1.078559 -2.386406 5.215008 -0.998711 0.605419 0.160200
    72 6.289963 0.932404 13.569109 -0.126801 -0.612098 -2.869612
    73 -1.327759 -0.766682 12.396324 -0.010064 -0.005216 0.091656
    74 0.000017 -54.999996 0.000000 0.000000 0.000000 -1.570796
  time 14
    0 0.000000 0.000000 -1.500000 0.000000 0.000000 0.000000
    1 -10.521344 -5.760963 66.994621 3.097005 -0.050653 -3.139334
    2 -5.093534 12.471900 30.715862 0.757623 0.336121 0.632813
    3 -0.000034 0.000012 24.761454 -2.101240 -0.243288 -0.215392
    4 0.000017 0.000000 24.344809 2.436177 -0.296329 -0.290612
    5 0.002333 -1.019846 24.031336 0.389660 -0.042698 0.017213
    6 0.000034 0.000008 13.404741 -0.000001 -0.000009 -0.177841
    7 10.398263 -5.760962 66.994675 3.097005 0.050653 3.139334
    8 -0.230642 4.107695 29.483190 1.363714 -0.451436 0.038922
    9 -0.000004 -0.000006 24.761459 -2.118374 0.245297 -0.242283
    10 -0.000007 0.000004 24.344891 1.768667 0.222961 0.069601
    11 -0.002360 -1.019903 24.031330 0.389594 -0.042695 -0.017219
    12 0.000000 -0.000002 13.404737 0.000001 0.000005 -0.041179
    13 -0.061540 -5.245835 72.927078 0.000000 0.000000 0.000000
    14 2.931101 10.730082 -30.084593 0.078999 -0.110829 -0.466078
    15 0.000000 -0.005608 -1.146812 -0.323180 0.060336 0.046750
    16 0.030770 -0.240000 8.906021 -0.004138 0.000000 0.000000
    17 1.011773 -2.569535 -0.434005 0.373702 0.184194 -0.030344
    18 0.030770 -0.276858 8.905140 0.056125 0.004134 -0.000049
    19 0.131551 -1.128065 -0.067584 0.551583 0.088232 0.036624
    20 5.669724 4.435303 14.302868 4.966086 -1.180371 -0.979028
    21 -1.044571 -2.839317 19.743267 -0.298728 -0.694771 0.126943
    22 2.655533 -1.533369 24.792658 -0.717610 0.069054 0.200339
    23 1.120163 -0.154394 9.796035 -0.008766 0.000865 -0.076298
    24 2.240311 -0.308786 19.592051 -0.379735 0.383254 -0.112616
    25 0.683151 2.877354 14.167051 -1.511326 -0.211735 1.554295
    26 0.144936 -0.145374 7.579252 -1.768092 -0.243254 0.235289
    27 0.091660 -0.906685 4.702850 -1.587437 -0.182568 0.191116
    28 0.506271 8.500866 13.617253 -1.470526 -0.303331 1.571638
    29 -0.384987 -0.460049 7.003448 -1.747475 -0.440888 0.551346
    30 0.561516 -0.596954 5.061852 -1.494429 -0.380572 0.386321
    31 -2.452171 -8.899406 11.597897 -1.564467 -0.075966 1.475308
    32 0.680496 -0.903999 6.074253 -1.628053 0.173827 -0.014262
    33 0.245514 -0.661150 3.388004 -1.484468 0.109505 -0.099208
    34 -0.717484 -3.784271 13.043911 -1.593546 -0.028658 1.464722
    35 1.099216 -1.407745 8.017889 -1.782123 0.031968 -0.017453
    36 0.068439 -0.807653 3.686054 -1.465865 0.034007 -0.009744
    37 -4.004929 6.172707 4.754754 0.834031 0.948495 3.416106
    38 0.158352 -1.149811 5.804394 -1.087238 -0.384844 0.137780
    39 -1.083523 -1.463142 5.544399 -1.018979 -0.186678 -0.040667
    40 -6.289886 0.932434 13.569063 -0.126803 0.612110 2.869610
    41 1.327774 -0.766687 12.396328 0.006757 -0.004204 0.064464
    42 -0.096140 1.828087 23.185329 -0.142804 -0.045397 -1.316171
    43 2.325478 -0.000003 6.169296 -1.022671 -0.013246 1.580067
    44 0.000000 -3.152912 0.122169 1.961017 0.000000 0.000000
    45 1.068383 -10.478592 7.066338 0.292219 -1.282324 -3.141588
    46 0.000000 0.000000 2.279457 0.547137 -0.343566 0.107833
    47 2.479414 -8.323895 6.074242 -0.004120 0.149151 1.677772
    48 0.000003 -5.075260 5.105362 0.000000 0.000000 0.000000
    49 -1.068383 -10.478611 7.065971 0.292219 1.282324 3.141588
    50 -0.000488 0.000015 2.279600 0.547136 0.343566 0.107835
    51 -2.479401 -8.323895 6.074234 0.013224 0.149004 1.686939
    52 -5.790000 4.432083 14.255558 -1.419112 1.093200 1.462429
    53 1.044540 -2.839314 19.743252 -0.152218 0.481203 -0.080343
    54 -2.655510 -1.533379 24.792648 -0.682138 -0.073948 0.114790
    55 -1.120216 -0.154385 9.795983 -0.005003 -0.000581 0.043464
    56 -2.240372 -0.308788 19.592047 -0.184431 0.236731 0.069613
    57 -0.683205 2.877342 14.167089 -1.585569 0.210944 -1.567896
    58 -0.144958 -0.145317 7.579308 -1.884827 0.306798 -0.252272
    59 -0.038551 -0.936644 4.697678 -1.697251 0.264029 -0.246085
    60 -0.506317 8.500896 13.617329 -1.581340 0.313308 -1.615197
    61 0.385056 -0.460075 7.003435 -1.962706 0.562953 -0.627660
    62 -0.456360 -0.710276 5.057732 -1.673809 0.570800 -0.541936
    63 2.452194 -8.899408 11.597939 -1.573996 0.074763 -1.474313
    64 -0.680515 -0.903999 6.074242 -1.642637 -0.190989 0.012519
    65 -0.248295 -0.666843 3.386627 -1.499789 -0.127372 0.109737
    66 0.717491 -3.784309 13.044010 -1.635028 0.022607 -1.461727
    67 -1.099228 -1.407673 8.017876 -1.844600 -0.026463 0.020538
    68 -0.064053 -0.807640 3.686100 -1.528226 -0.032699 0.008035
    69 4.004906 6.172710 4.754800 0.533292 -1.104400 -3.019177
    70 -0.158381 -1.149773 5.804405 -1.140834 0.736880 0.190203
    71 1.078559 -2.386406 5.215008 -0.998663 0.605450 0.160200
    72 6.289963 0.932404 13.569109 -0.126801 -0.612098 -2.869612
    73 -1.327759 -0.766682 12.396324 -0.007656 -0.004077 0.070143
    74 0.000017 -54.999996 0.000000 0.000000 0.000000 -1.570796
  time 15
    0 0.000000 0.000000 -1.500000 0.000000 0.000000 0.000000
    1 -10.521344 -5.760963 66.994621 3.097005 -0.050653 -3.139334
    2 -5.124785 13.478613 31.366174 0.809613 0.324792 0.638186
    3 -0.000034 0.000012 24.761454 -2.151729 -0.249125 -0.203299
    4 0.000017 0.000000 24.344809 2.429519 -0.288452 -0.283266
    5 0.002333 -1.019846 24.031336 0.389585 -0.042710 0.017201
    6 0.000034 0.000008 13.404741 -0.000001 -0.000009 -0.180794
    7 10.398263 -5.760962 66.994675 3.097005 0.050653 3.139334
    8 -0.195485 5.131823 30.135115 1.425649 -0.464458 0.009711
    9 -0.000004 -0.000006 24.761459 -2.128329 0.246460 -0.255311
    10 -0.000007 0.000004 24.344891 1.724200 0.226161 0.076033
    11 -0.002360 -1.019903 24.031330 0.389594 -0.042695 -0.017219
    12 0.000000 -0.000002 13.404737 0.000001 0.000005 -0.045108
    13 -0.061540 -5.245835 72.927078 0.000000 0.000000 0.000000
    14 2.931101 11.766549 -30.670402 0.078999 -0.110485 -0.466018
    15 0.000000 -0.005608 -1.146812 -0.322989 0.060180 0.046777
    16 0.030770 -0.240000 8.906021 -0.004138 0.000000 0.000000
    17 1.011773 -2.577348 -0.441818 0.374649 0.184675 -0.030903
    18 0.030770 -0.276858 8.905140 0.056125 0.004134 -0.000049
    19 0.131551 -1.131971 -0.071490 0.552083 0.088026 0.036564
    20 5.669724 4.435303 14.302868 4.981782 -1.179349 -0.978262
    21 -1.044571 -2.839317 19.743267 -0.276909 -0.691327 0.120259
    22 2.655533 -1.533369 24.792658 -0.687927 0.065634 0.222903
    23 1.120163 -0.154394 9.796035 -0.008766 0.000865 -0.076229
    24 2.240311 -0.308786 19.592051 -0.379474 0.382609 -0.112537
    25 0.683151 2.877354 14.167051 -1.511326 -0.211747 1.554295
    26 0.144936 -0.145374 7.579252 -1.768092 -0.243254 0.235289
    27 0.091660 -0.906685 4.702850 -1.587437 -0.182568 0.191116
    28 0.506271 8.500866 13.617253 -1.470526 -0.303331 1.571638
    29 -0.384987 -0.460049 7.003448 -1.747475 -0.440888 0.551346
    30 0.561516 -0.596954 5.061852 -1.494429 -0.380572 0.386321
    31 -2.452171 -8.899406 11.597897 -1.564467 -0.075966 1.475308
    32 0.680496 -0.903999 6.074253 -1.628053 0.173827 -0.014262
    33 0.245514 -0.661150 3.388004 -1.484468 0.109505 -0.099208
    34 -0.717484 -3.784271 13.043911 -1.593546 -0.028646 1.464722
    35 1.099216 -1.407745 8.017889 -1.782123 0.031968 -0.017453
    36 0.068439 -0.807653 3.686054 -1.465865 0.034007 -0.009744
    37 -4.004929 6.172707 4.754754 0.834842 0.948513 3.417158
    38 0.158352 -1.149811 5.804394 -1.087535 -0.384918 0.137780
    39 -1.083523 -1.463142 5.544399 -1.019240 -0.186726 -0.040680
    40 -6.289886 0.932434 13.569063 -0.126803 0.612110 2.869610
    41 1.327774 -0.766687 12.396328 0.008196 -0.005150 0.078273
    42 -0.096140 1.828087 23.185329 -0.142753 -0.045397 -1.316263
    43 2.325478 -0.000003 6.169296 -1.022098 -0.012233 1.580865
    44 0.000000 -3.152912 0.122169 1.961017 0.000000 0.000000
    45 1.068383 -10.478592 7.066338 0.292219 -1.282324 -3.141588
    46 0.000000 0.000000 2.279457 0.547137 -0.343566 0.107833
    47 2.479414 -8.323895 6.074242 -0.004120 0.149151 1.677772
    48 0.000003 -5.075260 5.105362 0.000000 0.000000 0.000000
    49 -1.068383 -10.478611 7.065971 0.292219 1.282324 3.141588
    50 -0.000488 0.000015 2.279600 0.547136 0.343566 0.107835
    51 -2.479401 -8.323895 6.074234 0.013224 0.149004 1.686939
    52 -5.790000 4.432083 14.255558 -1.401378 1.093657 1.463578
    53 1.044540 -2.839314 19.743252 -0.137246 0.477260 -0.078111
    54 -2.655510 -1.533379 24.792648 -0.656572 -0.071877 0.095554
    55 -1.120216 -0.154385 9.795983 -0.005027 -0.000581 0.043681
    56 -2.240372 -0.308788 19.592047 -0.183820 0.237127 0.070043
    57 -0.683205 2.877342 14.167089 -1.585569 0.210944 -1.567896
    58 -0.144958 -0.145317 7.579308 -1.884827 0.306798 -0.252272
    59 -0.038551 -0.936644 4.697678 -1.697251 0.264029 -0.246085
    60 -0.506317 8.500896 13.617329 -1.581340 0.313308 -1.615197
    61 0.385056 -0.460075 7.003435 -1.962706 0.562953 -0.627660
    62 -0.456360 -0.710276 5.057732 -1.673809 0.570822 -0.541936
    63 2.452194 -8.899408 11.597939 -1.573996 0.074763 -1.474313
    64 -0.680515 -0.903999 6.074242 -1.642637 -0.190989 0.012519
    65 -0.248295 -0.666843 3.386627 -1.499789 -0.127372 0.109737
    66 0.717491 -3.784309 13.044010 -1.635028 0.022607 -1.461727
    67 -1.099228 -1.407673 8.017876 -1.844600 -0.026463 0.020526
    68 -0.064053 -0.807640 3.686100 -1.528226 -0.032699 0.008035
    69 4.004906 6.172710 4.754800 0.533292 -1.104400 -3.019177
    70 -0.158381 -1.149773 5.804405 -1.140834 0.736880 0.190203
    71 1.078559 -2.386406 5.215008 -0.998663 0.605450 0.160200
    72 6.289963 0.932404 13.569109 -0.126801 -0.612098 -2.869612
    73 -1.327759 -0.766682 12.396324 -0.006517 -0.003502 0.059733
    74 0.000017 -54.999996 0.000000 0.000000 0.000000 -1.570796
  time 16
    0 0.000000 0.000000 -1.500000 0.000000 0.000000 0.000000
    1 -10.521344 -5.760963 66.994621 3.097005 -0.050653 -3.139334
    2 -5.156036 14.485326 31.971637 0.863107 0.313436 0.643604
    3 -0.000034 0.000012 24.761454 -2.200429 -0.254746 -0.189699
    4 0.000017 0.000000 24.344809 2.419039 -0.280779 -0.274170
    5 0.002333 -1.019846 24.031336 0.389585 -0.042698 0.017201
    6 0.000034 0.000008 13.404741 -0.000001 -0.000009 -0.183093
    7 10.398263 -5.760962 66.994675 3.097005 0.050653 3.139334
    8 -0.164234 6.118484 30.764559 1.487243 -0.477774 -0.021233
    9 -0.000004 -0.000006 24.761459 -2.135094 0.247239 -0.270168
    10 -0.000007 0.000004 24.344891 1.677279 0.229116 0.082233
    11 -0.002360 -1.019903 24.031330 0.389594 -0.042695 -0.017219
    12 0.000000 -0.000002 13.404737 0.000001 0.000005 -0.050626
    13 -0.061540 -5.245835 72.927078 0.000000 0.000000 0.000000
    14 2.927194 12.791370 -31.256210 0.078967 -0.110037 -0.466018
    15 0.000000 -0.005608 -1.146812 -0.322542 0.059991 0.046804
    16 0.030770 -0.240000 8.906021 -0.004138 0.000000 0.000000
    17 1.003960 -2.577348 -0.445724 0.375301 0.184903 -0.031661
    18 0.030770 -0.276858 8.905140 0.056125 0.004134 -0.000049
    19 0.127645 -1.131971 -0.067584 0.552226 0.087697 0.036372
    20 5.669724 4.435303 14.302868 4.991735 -1.178820 -0.978070
    21 -1.044571 -2.839317 19.743267 -0.250150 -0.688457 0.112222
    22 2.655533 -1.533369 24.792658 -0.666272 0.063751 0.232284
    23 1.120163 -0.154394 9.796035 -0.008754 0.000865 -0.076160
    24 2.240311 -0.308786 19.592051 -0.379039 0.381919 -0.112419
    25 0.683151 2.877354 14.167051 -1.511326 -0.211747 1.554295
    26 0.144936 -0.145374 7.579252 -1.768092 -0.243254 0.235289
    27 0.091660 -0.906685 4.702850 -1.587437 -0.182568 0.191116
    28 0.506271 8.500866 13.617253 -1.470526 -0.303331 1.571638
    29 -0.384987 -0.460049 7.003448 -1.747475 -0.440888 0.551346
    30 0.561516 -0.596954 5.061852 -1.494429 -0.380572 0.386321
    31 -2.452171 -8.899406 11.597897 -1.564467 -0.075966 1.475308
    32 0.680496 -0.903999 6.074253 -1.628053 0.173827 -0.014262
    33 0.245514 -0.661150 3.388004 -1.484468 0.109505 -0.099208
    34 -0.717484 -3.784271 13.043911 -1.593546 -0.028634 1.464722
    35 1.099216 -1.407745 8.017889 -1.782123 0.031968 -0.017453
    36 0.068439 -0.807653 3.686054 -1.465865 0.034007 -0.009744
    37 -4.004929 6.172707 4.754754 0.835923 0.948530 3.418498
    38 0.158352 -1.149811 5.804394 -1.087874 -0.385006 0.137780
    39 -1.083523 -1.463142 5.544399 -1.019554 -0.186774 -0.040680
    40 -6.289886 0.932434 13.569063 -0.126803 0.612110 2.869610
    41 1.327774 -0.766687 12.396328 0.008939 -0.005690 0.085655
    42 -0.096140 1.828087 23.185329 -0.142530 -0.045461 -1.316661
    43 2.325478 -0.000003 6.169296 -1.020952 -0.010844 1.581863
    44 0.000000 -3.152912 0.122169 1.961017 0.000000 0.000000
    45 1.068383 -10.478592 7.066338 0.292219 -1.282324 -3.141588
    46 0.000000 0.000000 2.279457 0.547137 -0.343566 0.107833
    47 2.479414 -8.323895 6.074242 -0.004120 0.149151 1.677772
    48 0.000003 -5.075260 5.105362 0.000000 0.000000 0.000000
    49 -1.068383 -10.478611 7.065971 0.292219 1.282324 3.141588
    50 -0.000488 0.000015 2.279600 0.547136 0.343566 0.107835
    51 -2.479401 -8.323895 6.074234 0.013224 0.149004 1.686939
    52 -5.790000 4.432083 14.255558 -1.391217 1.093117 1.463483
    53 1.044540 -2.839314 19.743252 -0.109863 0.476878 -0.073866
    54 -2.655510 -1.533379 24.792648 -0.633272 -0.070648 0.091692
    55 -1.120216 -0.154385 9.795983 -0.005051 -0.000593 0.043926
    56 -2.240372 -0.308788 19.592047 -0.183820 0.237127 0.070644
    57 -0.683205 2.877342 14.167089 -1.585569 0.210944 -1.567896
    58 -0.144958 -0.145317 7.579308 -1.884827 0.306810 -0.252284
    59 -0.038551 -0.936644 4.697678 -1.697251 0.264029 -0.246085
    60 -0.506317 8.500896 13.617329 -1.581416 0.313282 -1.615197
    61 0.385056 -0.460075 7.003435 -1.962706 0.562953 -0.627675
    62 -0.456360 -0.710276 5.057732 -1.673809 0.570822 -0.541936
    63 2.452194 -8.899408 11.597939 -1.573996 0.074740 -1.474313
    64 -0.680515 -0.903999 6.074242 -1.642583 -0.190989 0.012519
    65 -0.248295 -0.666843 3.386627 -1.499789 -0.127372 0.109737
    66 0.717491 -3.784309 13.044010 -1.635028 0.022607 -1.461727
    67 -1.099228 -1.407673 8.017876 -1.844600 -0.026463 0.020514
    68 -0.064053 -0.807640 3.686100 -1.528282 -0.032699 0.008035
    69 4.004906 6.172710 4.754800 0.533367 -1.104400 -3.019177
    70 -0.158381 -1.149773 5.804405 -1.140834 0.736880 0.190203
    71 1.078559 -2.386406 5.215008 -0.998663 0.605419 0.160200
    72 6.289963 0.932404 13.569109 -0.126801 -0.612098 -2.869612
    73 -1.327759 -0.766682 12.396324 -0.006133 -0.003310 0.056356
    74 0.000017 -54.999996 0.000000 0.000000 0.000000 -1.570796
  time 17
    0 0.000000 0.000000 -1.500000 0.000000 0.000000 0.000000
    1 -10.521344 -5.760963 66.994621 3.097005 -0.050653 -3.139334
    2 -5.183381 15.442932 32.599524 0.916943 0.302302 0.648803
    3 -0.000034 0.000012 24.761454 -2.246324 -0.260031 -0.174756
    4 0.000017 0.000000 24.344809 2.404922 -0.273468 -0.263518
    5 0.002333 -1.019846 24.031336 0.389585 -0.042698 0.017213
    6 0.000034 0.000008 13.404741 -0.000001 -0.000009 -0.184506
    7 10.398263 -5.760962 66.994675 3.097005 0.050653 3.139334
    8 -0.129077 7.092655 31.371524 1.546875 -0.490943 -0.052919
    9 -0.000004 -0.000006 24.761459 -2.138723 0.247646 -0.286641
    10 -0.000007 0.000004 24.344891 1.629327 0.231738 0.087993
    11 -0.002360 -1.019903 24.031330 0.389594 -0.042695 -0.017219
    12 0.000000 -0.000002 13.404737 0.000001 0.000005 -0.057818
    13 -0.061540 -5.245835 72.927078 0.000000 0.000000 0.000000
    14 2.927194 13.781254 -31.819488 0.078903 -0.109538 -0.466018
    15 0.000000 -0.005608 -1.146812 -0.321713 0.059756 0.046777
    16 0.030770 -0.240000 8.906021 -0.004138 0.000000 0.000000
    17 1.003960 -2.585160 -0.449631 0.375680 0.184827 -0.032660
    18 0.030770 -0.276858 8.905140 0.056125 0.004134 -0.000049
    19 0.127645 -1.128065 -0.071490 0.551976 0.087306 0.036096
    20 5.669724 4.435303 14.302868 5.000157 -1.178362 -0.977783
    21 -1.044571 -2.839317 19.743267 -0.222754 -0.685274 0.104100
    22 2.655533 -1.533369 24.792658 -0.644574 0.062022 0.239886
    23 1.120163 -0.154394 9.796035 -0.008754 0.000865 -0.076091
    24 2.240311 -0.308786 19.592051 -0.378473 0.380952 -0.112260
    25 0.683151 2.877354 14.167051 -1.511326 -0.211747 1.554295
    26 0.144936 -0.145374 7.579252 -1.768092 -0.243254 0.235289
    27 0.091660 -0.906685 4.702850 -1.587437 -0.182568 0.191116
    28 0.506271 8.500866 13.617253 -1.470526 -0.303331 1.571638
    29 -0.384987 -0.460049 7.003448 -1.747475 -0.440888 0.551346
    30 0.561516 -0.596954 5.061852 -1.494429 -0.380572 0.386321
    31 -2.452171 -8.899406 11.597897 -1.564467 -0.075966 1.475308
    32 0.680496 -0.903999 6.074253 -1.628053 0.173827 -0.014262
    33 0.245514 -0.661150 3.388004 -1.484468 0.109505 -0.099208
    34 -0.717484 -3.784271 13.043911 -1.593590 -0.028634 1.464722
    35 1.099216 -1.407745 8.017889 -1.782123 0.031968 -0.017453
    36 0.068439 -0.807653 3.686054 -1.465865 0.034007 -0.009744
    37 -4.004929 6.172707 4.754754 0.837274 0.948548 3.420220
    38 0.158352 -1.149811 5.804394 -1.088213 -0.385108 0.137780
    39 -1.083523 -1.463142 5.544399 -1.019973 -0.186846 -0.040722
    40 -6.289886 0.932434 13.569063 -0.126803 0.612110 2.869610
    41 1.327774 -0.766687 12.396328 0.009598 -0.006133 0.092183
    42 -0.096140 1.828087 23.185329 -0.142170 -0.045620 -1.317241
    43 2.325478 -0.000003 6.169296 -1.019377 -0.009166 1.583061
    44 0.000000 -3.152912 0.122169 1.961017 0.000000 0.000000
    45 1.068383 -10.478592 7.066338 0.292219 -1.282324 -3.141588
    46 0.000000 0.000000 2.279457 0.547137 -0.343566 0.107833
    47 2.479414 -8.323895 6.074242 -0.004120 0.149151 1.677772
    48 0.000003 -5.075260 5.105362 0.000000 0.000000 0.000000
    49 -1.068383 -10.478611 7.065971 0.292219 1.282324 3.141588
    50 -0.000488 0.000015 2.279600 0.547136 0.343566 0.107835
    51 -2.479401 -8.323895 6.074234 0.013224 0.149004 1.686939
    52 -5.790000 4.432083 14.255558 -1.382878 1.092660 1.463483
    53 1.044540 -2.839314 19.743252 -0.081534 0.476963 -0.069348
    54 -2.655510 -1.533379 24.792648 -0.610927 -0.069561 0.089496
    55 -1.120216 -0.154385 9.795983 -0.005075 -0.000593 0.044171
    56 -2.240372 -0.308788 19.592047 -0.184278 0.236583 0.070988
    57 -0.683205 2.877342 14.167089 -1.585569 0.210944 -1.567896
    58 -0.144958 -0.145317 7.579308 -1.884827 0.306810 -0.252284
    59 -0.038551 -0.936644 4.697678 -1.697251 0.264029 -0.246085
    60 -0.506317 8.500896 13.617329 -1.581416 0.313308 -1.615197
    61 0.385056 -0.460075 7.003435 -1.962706 0.562953 -0.627675
    62 -0.456360 -0.710276 5.057732 -1.673809 0.570822 -0.541936
    63 2.452194 -8.899408 11.597939 -1.573996 0.074740 -1.474313
    64 -0.680515 -0.903999 6.074242 -1.642583 -0.190989 0.012519
    65 -0.248295 -0.666843 3.386627 -1.499789 -0.127372 0.109725
    66 0.717491 -3.784309 13.044010 -1.635028 0.022607 -1.461727
    67 -1.099228 -1.407673 8.017876 -1.844600 -0.026463 0.020526
    68 -0.064053 -0.807640 3.686100 -1.528282 -0.032699 0.008035
    69 4.004906 6.172710 4.754800 0.533367 -1.104400 -3.019095
    70 -0.158381 -1.149773 5.804405 -1.140834 0.736880 0.190203
    71 1.078559 -2.386406 5.215008 -0.998711 0.605419 0.160200
    72 6.289963 0.932404 13.569109 -0.126801 -0.612098 -2.869612
    73 -1.327759 -0.766682 12.396324 -0.005846 -0.003179 0.053580
    74 0.000017 -54.999996 0.000000 0.000000 0.000000 -1.570796
  time 18
    0 0.000000 0.000000 -1.500000 0.000000 0.000000 0.000000
    1 -10.521344 -5.760963 66.994621 3.097005 -0.050653 -3.139334
    2 -5.210725 16.363706 33.160137 0.969890 0.291697 0.653740
    3 -0.000034 0.000012 24.761454 -2.288479 -0.264897 -0.158835
    4 0.000017 0.000000 24.344809 2.387661 -0.266654 -0.251591
    5 0.002333 -1.019846 24.031336 0.389660 -0.042710 0.017201
    6 0.000034 0.000008 13.404741 -0.000001 -0.000009 -0.184823
    7 10.398263 -5.760962 66.994675 3.097005 0.050653 3.139334
    8 -0.097826 8.004379 31.956008 1.603009 -0.503709 -0.084688
    9 -0.000004 -0.000006 24.761459 -2.139493 0.247742 -0.304190
    10 -0.000007 0.000004 24.344891 1.581954 0.234093 0.093121
    11 -0.002360 -1.019903 24.031330 0.389594 -0.042695 -0.017219
    12 0.000000 -0.000002 13.404737 0.000001 0.000005 -0.066406
    13 -0.061540 -5.245835 72.927078 0.000000 0.000000 0.000000
    14 2.923288 14.701264 -32.360234 0.078871 -0.108988 -0.465958
    15 0.000000 -0.005608 -1.146812 -0.320596 0.059537 0.046668
    16 0.030770 -0.240000 8.906021 -0.004138 0.000000 0.000000
    17 0.996147 -2.581254 -0.449631 0.375701 0.184459 -0.033658
    18 0.030770 -0.276858 8.905140 0.056125 0.004134 -0.000049
    19 0.127645 -1.128065 -0.071490 0.551297 0.086915 0.035749
    20 5.669724 4.435303 14.302868 5.006665 -1.177975 -0.977687
    21 -1.044571 -2.839317 19.743267 -0.195799 -0.681725 0.096063
    22 2.655533 -1.533369 24.792658 -0.623483 0.060485 0.246032
    23 1.120163 -0.154394 9.796035 -0.008742 0.000853 -0.076022
    24 2.240311 -0.308786 19.592051 -0.377951 0.379939 -0.112102
    25 0.683151 2.877354 14.167051 -1.511326 -0.211747 1.554295
    26 0.144936 -0.145374 7.579252 -1.768092 -0.243254 0.235289
    27 0.091660 -0.906685 4.702850 -1.587437 -0.182568 0.191116
    28 0.506271 8.500866 13.617253 -1.470526 -0.303331 1.571638
    29 -0.384987 -0.460049 7.003448 -1.747475 -0.440888 0.551346
    30 0.561516 -0.596954 5.061852 -1.494429 -0.380572 0.386321
    31 -2.452171 -8.899406 11.597897 -1.564467 -0.075966 1.475308
    32 0.680496 -0.903999 6.074253 -1.628053 0.173827 -0.014262
    33 0.245514 -0.661150 3.388004 -1.484468 0.109505 -0.099208
    34 -0.717484 -3.784271 13.043911 -1.593546 -0.028634 1.464722
    35 1.099216 -1.407745 8.017889 -1.782123 0.031968 -0.017453
    36 0.068439 -0.807653 3.686054 -1.465865 0.034007 -0.009744
    37 -4.004929 6.172707 4.754754 0.838715 0.948583 3.421942
    38 0.158352 -1.149811 5.804394 -1.088679 -0.385197 0.137768
    39 -1.083523 -1.463142 5.544399 -1.020391 -0.186918 -0.040750
    40 -6.289886 0.932434 13.569063 -0.126803 0.612110 2.869610
    41 1.327774 -0.766687 12.396328 0.010185 -0.006565 0.097958
    42 -0.096140 1.828087 23.185329 -0.141674 -0.045716 -1.318097
    43 2.325478 -0.000003 6.169296 -1.017371 -0.007343 1.584298
    44 0.000000 -3.152912 0.122169 1.961017 0.000000 0.000000
    45 1.068383 -10.478592 7.066338 0.292219 -1.282324 -3.141588
    46 0.000000 0.000000 2.279457 0.547137 -0.343566 0.107833
    47 2.479414 -8.323895 6.074242 -0.004120 0.149151 1.677772
    48 0.000003 -5.075260 5.105362 0.000000 0.000000 0.000000
    49 -1.068383 -10.478611 7.065971 0.292219 1.282324 3.141588
    50 -0.000488 0.000015 2.279600 0.547136 0.343566 0.107835
    51 -2.479401 -8.323895 6.074234 0.013224 0.149004 1.686939
    52 -5.790000 4.432083 14.255558 -1.376264 1.092287 1.463483
    53 1.044540 -2.839314 19.743252 -0.053316 0.477175 -0.064667
    54 -2.655510 -1.533379 24.792648 -0.589841 -0.068642 0.088208
    55 -1.120216 -0.154385 9.795983 -0.005099 -0.000593 0.044443
    56 -2.240372 -0.308788 19.592047 -0.185042 0.235791 0.071332
    57 -0.683205 2.877342 14.167089 -1.585569 0.210924 -1.567896
    58 -0.144958 -0.145317 7.579308 -1.884827 0.306810 -0.252272
    59 -0.038551 -0.936644 4.697678 -1.697251 0.264029 -0.246085
    60 -0.506317 8.500896 13.617329 -1.581416 0.313308 -1.615197
    61 0.385056 -0.460075 7.003435 -1.962706 0.562953 -0.627660
    62 -0.456360 -0.710276 5.057732 -1.673809 0.570822 -0.541936
    63 2.452194 -8.899408 11.597939 -1.573996 0.074763 -1.474313
    64 -0.680515 -0.903999 6.074242 -1.642583 -0.190989 0.012519
    65 -0.248295 -0.666843 3.386627 -1.499789 -0.127372 0.109725
    66 0.717491 -3.784309 13.044010 -1.635028 0.022607 -1.461727
    67 -1.099228 -1.407673 8.017876 -1.844600 -0.026463 0.020538
    68 -0.064053 -0.807640 3.686100 -1.528282 -0.032699 0.008035
    69 4.004906 6.172710 4.754800 0.533292 -1.104400 -3.019177
    70 -0.158381 -1.149773 5.804405 -1.140834 0.736880 0.190203
    71 1.078559 -2.386406 5.215008 -0.998663 0.605419 0.160200
    72 6.289963 0.932404 13.569109 -0.126801 -0.612098 -2.869612
    73 -1.327759 -0.766682 12.396324 -0.005582 -0.003047 0.051313
    74 0.000017 -54.999996 0.000000 0.000000 0.000000 -1.570796
  time 19
    0 0.000000 0.000000 -1.500000 0.000000 0.000000 0.000000
    1 -10.521344 -5.760963 66.994621 3.097005 -0.050653 -3.139334
    2 -5.234163 17.198541 33.675902 1.020446 0.281926 0.658153
    3 -0.000034 0.000012 24.761454 -2.326081 -0.269223 -0.142588
    4 0.000017 0.000000 24.344809 2.368242 -0.260566 -0.238822
    5 0.002333 -1.019846 24.031336 0.389660 -0.042710 0.017213
    6 0.000034 0.000008 13.404741 -0.000001 -0.000009 -0.183810
    7 10.398263 -5.760962 66.994675 3.097005 0.050653 3.139334
    8 -0.070481 8.828677 32.473052 1.654195 -0.515634 -0.115219
    9 -0.000004 -0.000006 24.761459 -2.137898 0.247550 -0.321954
    10 -0.000007 0.000004 24.344891 1.536841 0.236160 0.097514
    11 -0.002360 -1.019903 24.031330 0.389594 -0.042695 -0.017219
    12 0.000000 -0.000002 13.404737 0.000001 0.000005 -0.075981
    13 -0.061540 -5.245835 72.927078 0.000000 0.000000 0.000000
    14 2.923288 15.551399 -32.810856 0.078839 -0.108455 -0.465958
    15 0.000000 -0.005608 -1.146812 -0.319257 0.059301 0.046587
    16 0.030770 -0.240000 8.906021 -0.004138 0.000000 0.000000
    17 0.992241 -2.577348 -0.449631 0.375322 0.183788 -0.034776
    18 0.030770 -0.276858 8.905140 0.056125 0.004134 -0.000049
    19 0.123738 -1.124159 -0.071490 0.550260 0.086504 0.035305
    20 5.669724 4.435303 14.302868 5.011833 -1.177693 -0.977495
    21 -1.044571 -2.839317 19.743267 -0.170116 -0.677968 0.088449
    22 2.655533 -1.533369 24.792658 -0.603781 0.059217 0.250965
    23 1.120163 -0.154394 9.796035 -0.008718 0.000853 -0.075884
    24 2.240311 -0.308786 19.592051 -0.377298 0.378926 -0.111904
    25 0.683151 2.877354 14.167051 -1.511326 -0.211747 1.554295
    26 0.144936 -0.145374 7.579252 -1.768092 -0.243254 0.235289
    27 0.091660 -0.906685 4.702850 -1.587437 -0.182568 0.191116
    28 0.506271 8.500866 13.617253 -1.470526 -0.303331 1.571638
    29 -0.384987 -0.460049 7.003448 -1.747475 -0.440888 0.551346
    30 0.561516 -0.596954 5.061852 -1.494429 -0.380572 0.386321
    31 -2.452171 -8.899406 11.597897 -1.564467 -0.075966 1.475308
    32 0.680496 -0.903999 6.074253 -1.628053 0.173827 -0.014262
    33 0.245514 -0.661150 3.388004 -1.484468 0.109505 -0.099208
    34 -0.717484 -3.784271 13.043911 -1.593546 -0.028634 1.464722
    35 1.099216 -1.407745 8.017889 -1.782123 0.031968 -0.017453
    36 0.068439 -0.807653 3.686054 -1.465865 0.034007 -0.009744
    37 -4.004929 6.172707 4.754754 0.840066 0.948583 3.423760
    38 0.158352 -1.149811 5.804394 -1.089103 -0.385329 0.137768
    39 -1.083523 -1.463142 5.544399 -1.020914 -0.187002 -0.040750
    40 -6.289886 0.932434 13.569063 -0.126803 0.612110 2.869610
    41 1.327774 -0.766687 12.396328 0.010688 -0.006924 0.103130
    42 -0.096140 1.828087 23.185329 -0.141092 -0.045907 -1.319106
    43 2.325478 -0.000003 6.169296 -1.015127 -0.005476 1.585455
    44 0.000000 -3.152912 0.122169 1.961017 0.000000 0.000000
    45 1.068383 -10.478592 7.066338 0.292219 -1.282324 -3.141588
    46 0.000000 0.000000 2.279457 0.547137 -0.343566 0.107833
    47 2.479414 -8.323895 6.074242 -0.004120 0.149151 1.677772
    48 0.000003 -5.075260 5.105362 0.000000 0.000000 0.000000
    49 -1.068383 -10.478611 7.065971 0.292219 1.282324 3.141588
    50 -0.000488 0.000015 2.279600 0.547136 0.343566 0.107835
    51 -2.479401 -8.323895 6.074234 0.013224 0.149004 1.686939
    52 -5.790000 4.432083 14.255558 -1.370992 1.091954 1.463387
    53 1.044540 -2.839314 19.743252 -0.025989 0.477599 -0.059986
    54 -2.655510 -1.533379 24.792648 -0.570667 -0.067839 0.087451
    55 -1.120216 -0.154385 9.795983 -0.005122 -0.000593 0.044606
    56 -2.240372 -0.308788 19.592047 -0.186493 0.234504 0.071504
    57 -0.683205 2.877342 14.167089 -1.585569 0.210944 -1.567896
    58 -0.144958 -0.145317 7.579308 -1.884827 0.306798 -0.252272
    59 -0.038551 -0.936644 4.697678 -1.697251 0.264029 -0.246085
    60 -0.506317 8.500896 13.617329 -1.581416 0.313308 -1.615197
    61 0.385056 -0.460075 7.003435 -1.962706 0.562953 -0.627690
    62 -0.456360 -0.710276 5.057732 -1.673809 0.570800 -0.541936
    63 2.452194 -8.899408 11.597939 -1.573996 0.074740 -1.474313
    64 -0.680515 -0.903999 6.074242 -1.642583 -0.190977 0.012519
    65 -0.248295 -0.666843 3.386627 -1.499789 -0.127372 0.109725
    66 0.717491 -3.784309 13.044010 -1.635028 0.022607 -1.461727
    67 -1.099228 -1.407673 8.017876 -1.844600 -0.026463 0.020526
    68 -0.064053 -0.807640 3.686100 -1.528282 -0.032699 0.008035
    69 4.004906 6.172710 4.754800 0.533292 -1.104400 -3.019177
    70 -0.158381 -1.149773 5.804405 -1.140834 0.736880 0.190203
    71 1.078559 -2.386406 5.215008 -0.998711 0.605419 0.160200
    72 6.289963 0.932404 13.569109 -0.126801 -0.612098 -2.869612
    73 -1.327759 -0.766682 12.396324 -0.005354 -0.002939 0.049324
    74 0.000017 -54.999996 0.000000 0.000000 0.000000 -1.570796
  time 20
    0 0.000000 0.000000 -1.500000 0.000000 0.000000 0.000000
    1 -10.521344 -5.760963 66.994621 3.097005 -0.050653 -3.139334
    2 -5.257602 17.935161 34.146817 1.066630 0.273298 0.662041
    3 -0.000034 0.000012 24.761454 -2.358317 -0.272950 -0.126708
    4 0.000017 0.000000 24.344809 2.348022 -0.255292 -0.226031
    5 0.002333 -1.019846 24.031336 0.389660 -0.042710 0.017201
    6 0.000034 0.000008 13.404741 -0.000001 -0.000009 -0.181701
    7 10.398263 -5.760962 66.994675 3.097005 0.050653 3.139334
    8 -0.043136 9.565550 32.922656 1.698812 -0.526389 -0.143192
    9 -0.000004 -0.000006 24.761459 -2.134599 0.247179 -0.339108
    10 -0.000007 0.000004 24.344891 1.495794 0.237893 0.101045
    11 -0.002360 -1.019903 24.031330 0.389594 -0.042695 -0.017219
    12 0.000000 -0.000002 13.404737 0.000001 0.000005 -0.085857
    13 -0.061540 -5.245835 72.927078 0.000000 0.000000 0.000000
    14 2.919382 16.308369 -33.261478 0.078807 -0.107956 -0.465898
    15 0.000000 -0.005608 -1.146812 -0.317725 0.059113 0.046424
    16 0.030770 -0.240000 8.906021 -0.004138 0.000000 0.000000
    17 0.980522 -2.577348 -0.441818 0.374502 0.182776 -0.035855
    18 0.030770 -0.276858 8.905140 0.056125 0.004134 -0.000049
    19 0.119832 -1.124159 -0.071490 0.548759 0.086154 0.034826
    20 5.669724 4.435303 14.302868 5.015470 -1.177517 -0.977495
    21 -1.044571 -2.839317 19.743267 -0.146438 -0.674054 0.081483
    22 2.655533 -1.533369 24.792658 -0.586032 0.058064 0.255332
    23 1.120163 -0.154394 9.796035 -0.008706 0.000853 -0.075815
    24 2.240311 -0.308786 19.592051 -0.376776 0.377913 -0.111746
    25 0.683151 2.877354 14.167051 -1.511326 -0.211735 1.554295
    26 0.144936 -0.145374 7.579252 -1.768092 -0.243254 0.235289
    27 0.091660 -0.906685 4.702850 -1.587437 -0.182568 0.191116
    28 0.506271 8.500866 13.617253 -1.470526 -0.303331 1.571638
    29 -0.384987 -0.460049 7.003448 -1.747475 -0.440888 0.551346
    30 0.561516 -0.596954 5.061852 -1.494429 -0.380572 0.386321
    31 -2.452171 -8.899406 11.597897 -1.564467 -0.075966 1.475308
    32 0.680496 -0.903999 6.074253 -1.628053 0.173827 -0.014262
    33 0.245514 -0.661150 3.388004 -1.484468 0.109505 -0.099208
    34 -0.717484 -3.784271 13.043911 -1.593546 -0.028658 1.464722
    35 1.099216 -1.407745 8.017889 -1.782123 0.031968 -0.017453
    36 0.068439 -0.807653 3.686054 -1.465865 0.034007 -0.009744
    37 -4.004929 6.172707 4.754754 0.841508 0.948583 3.425674
    38 0.158352 -1.149811 5.804394 -1.089526 -0.385417 0.137768
    39 -1.083523 -1.463142 5.544399 -1.021281 -0.187062 -0.040791
    40 -6.289886 0.932434 13.569063 -0.126803 0.612110 2.869610
    41 1.327774 -0.766687 12.396328 0.011156 -0.007272 0.107700
    42 -0.096140 1.828087 23.185329 -0.140390 -0.046098 -1.320329
    43 2.325478 -0.000003 6.169296 -1.012692 -0.003711 1.586533
    44 0.000000 -3.152912 0.122169 1.961017 0.000000 0.000000
    45 1.068383 -10.478592 7.066338 0.292219 -1.282324 -3.141588
    46 0.000000 0.000000 2.279457 0.547137 -0.343566 0.107833
    47 2.479414 -8.323895 6.074242 -0.004120 0.149151 1.677772
    48 0.000003 -5.075260 5.105362 0.000000 0.000000 0.000000
    49 -1.068383 -10.478611 7.065971 0.292219 1.282324 3.141588
    50 -0.000488 0.000015 2.279600 0.547136 0.343566 0.107835
    51 -2.479401 -8.323895 6.074234 0.013224 0.149004 1.686939
    52 -5.790000 4.432083 14.255558 -1.367061 1.091747 1.463387
    53 1.044540 -2.839314 19.743252 -0.000665 0.477726 -0.055495
    54 -2.655510 -1.533379 24.792648 -0.553908 -0.067205 0.086845
    55 -1.120216 -0.154385 9.795983 -0.005134 -0.000593 0.044742
    56 -2.240372 -0.308788 19.592047 -0.188249 0.232821 0.071504
    57 -0.683205 2.877342 14.167089 -1.585569 0.210944 -1.567896
    58 -0.144958 -0.145317 7.579308 -1.884827 0.306810 -0.252272
    59 -0.038551 -0.936644 4.697678 -1.697202 0.264029 -0.246085
    60 -0.506317 8.500896 13.617329 -1.581340 0.313308 -1.615197
    61 0.385056 -0.460075 7.003435 -1.962706 0.562953 -0.627660
    62 -0.456360 -0.710276 5.057732 -1.673809 0.570822 -0.541936
    63 2.452194 -8.899408 11.597939 -1.573996 0.074740 -1.474313
    64 -0.680515 -0.903999 6.074242 -1.642637 -0.190989 0.012519
    65 -0.248295 -0.666843 3.386627 -1.499789 -0.127384 0.109725
    66 0.717491 -3.784309 13.044010 -1.635028 0.022607 -1.461727
    67 -1.099228 -1.407673 8.017876 -1.844600 -0.026463 0.020526
    68 -0.064053 -0.807640 3.686100 -1.528226 -0.032699 0.008035
    69 4.004906 6.172710 4.754800 0.533367 -1.104400 -3.019177
    70 -0.158381 -1.149773 5.804405 -1.140834 0.736907 0.190203
    71 1.078559 -2.386406 5.215008 -0.998711 0.605450 0.160200
    72 6.289963 0.932404 13.569109 -0.126801 -0.612098 -2.869612
    73 -1.327759 -0.766682 12.396324 -0.005163 -0.002831 0.047473
    74 0.000017 -54.999996 0.000000 0.000000 0.000000 -1.570796
  time 21
    0 0.000000 0.000000 -1.500000 0.000000 0.000000 0.000000
    1 -10.521344 -5.760963 66.994621 3.097005 -0.050653 -3.139334
    2 -5.277133 18.549010 34.505610 1.106528 0.266088 0.665187
    3 -0.000034 0.000012 24.761454 -2.384619 -0.275970 -0.112294
    4 0.000017 0.000000 24.344809 2.328911 -0.251014 -0.214126
    5 0.002333 -1.019846 24.031336 0.389585 -0.042710 0.017201
    6 0.000034 0.000008 13.404741 -0.000001 -0.000009 -0.178790
    7 10.398263 -5.760962 66.994675 3.097005 0.050653 3.139334
    8 -0.023605 10.177529 33.304819 1.735666 -0.535607 -0.167452
    9 -0.000004 -0.000006 24.761459 -2.130419 0.246687 -0.354468
    10 -0.000007 0.000004 24.344891 1.460491 0.239337 0.103736
    11 -0.002360 -1.019903 24.031330 0.389594 -0.042695 -0.017219
    12 0.000000 -0.000002 13.404737 0.000001 0.000005 -0.095197
    13 -0.061540 -5.245835 72.927078 0.000000 0.000000 0.000000
    14 2.919382 16.925591 -33.599444 0.078775 -0.107508 -0.465898
    15 0.000000 -0.005608 -1.146812 -0.316067 0.058988 0.046206
    16 0.030770 -0.240000 8.906021 -0.004138 0.000000 0.000000
    17 0.976616 -2.565629 -0.437912 0.373155 0.181434 -0.036773
    18 0.030770 -0.276858 8.905140 0.056125 0.004134 -0.000049
    19 0.123738 -1.116346 -0.067584 0.546828 0.085825 0.034323
    20 5.669724 4.435303 14.302868 5.018246 -1.177341 -0.977399
    21 -1.044571 -2.839317 19.743267 -0.125745 -0.669984 0.075448
    22 2.655533 -1.533369 24.792658 -0.570930 0.057065 0.259376
    23 1.120163 -0.154394 9.796035 -0.008694 0.000853 -0.075746
    24 2.240311 -0.308786 19.592051 -0.376297 0.377038 -0.111627
    25 0.683151 2.877354 14.167051 -1.511326 -0.211747 1.554295
    26 0.144936 -0.145374 7.579252 -1.768092 -0.243254 0.235289
    27 0.091660 -0.906685 4.702850 -1.587437 -0.182568 0.191116
    28 0.506271 8.500866 13.617253 -1.470526 -0.303331 1.571638
    29 -0.384987 -0.460049 7.003448 -1.747475 -0.440888 0.551346
    30 0.561516 -0.596954 5.061852 -1.494429 -0.380572 0.386321
    31 -2.452171 -8.899406 11.597897 -1.564467 -0.075966 1.475308
    32 0.680496 -0.903999 6.074253 -1.628053 0.173827 -0.014262
    33 0.245514 -0.661150 3.388004 -1.484468 0.109505 -0.099208
    34 -0.717484 -3.784271 13.043911 -1.593546 -0.028646 1.464722
    35 1.099216 -1.407745 8.017889 -1.782123 0.031968 -0.017453
    36 0.068439 -0.807653 3.686054 -1.465865 0.034007 -0.009744
    37 -4.004929 6.172707 4.754754 0.842769 0.948619 3.427301
    38 0.158352 -1.149811 5.804394 -1.089908 -0.385519 0.137768
    39 -1.083523 -1.463142 5.544399 -1.021699 -0.187122 -0.040819
    40 -6.289886 0.932434 13.569063 -0.126803 0.612110 2.869610
    41 1.327774 -0.766687 12.396328 0.011551 -0.007559 0.111767
    42 -0.096140 1.828087 23.185329 -0.139637 -0.046322 -1.321613
    43 2.325478 -0.000003 6.169296 -1.010113 -0.002105 1.587451
    44 0.000000 -3.152912 0.122169 1.961017 0.000000 0.000000
    45 1.068383 -10.478592 7.066338 0.292219 -1.282324 -3.141588
    46 0.000000 0.000000 2.279457 0.547137 -0.343566 0.107833
    47 2.479414 -8.323895 6.074242 -0.004120 0.149151 1.677772
    48 0.000003 -5.075260 5.105362 0.000000 0.000000 0.000000
    49 -1.068383 -10.478611 7.065971 0.292219 1.282324 3.141588
    50 -0.000488 0.000015 2.279600 0.547136 0.343566 0.107835
    51 -2.479401 -8.323895 6.074234 0.013224 0.149004 1.686939
    52 -5.790000 4.432083 14.255558 -1.364377 1.091580 1.463387
    53 1.044540 -2.839314 19.743252 0.021820 0.477514 -0.051440
    54 -2.655510 -1.533379 24.792648 -0.539817 -0.066661 0.085861
    55 -1.120216 -0.154385 9.795983 -0.005146 -0.000593 0.044824
    56 -2.240372 -0.308788 19.592047 -0.190693 0.230642 0.071160
    57 -0.683205 2.877342 14.167089 -1.585569 0.210944 -1.567896
    58 -0.144958 -0.145317 7.579308 -1.884827 0.306798 -0.252284
    59 -0.038551 -0.936644 4.697678 -1.697251 0.264029 -0.246085
    60 -0.506317 8.500896 13.617329 -1.581340 0.313282 -1.615197
    61 0.385056 -0.460075 7.003435 -1.962706 0.562953 -0.627660
    62 -0.456360 -0.710276 5.057732 -1.673809 0.570822 -0.541936
    63 2.452194 -8.899408 11.597939 -1.573996 0.074740 -1.474313
    64 -0.680515 -0.903999 6.074242 -1.642637 -0.190989 0.012519
    65 -0.248295 -0.666843 3.386627 -1.499789 -0.127384 0.109725
    66 0.717491 -3.784309 13.044010 -1.635028 0.022607 -1.461727
    67 -1.099228 -1.407673 8.017876 -1.844600 -0.026463 0.020526
    68 -0.064053 -0.807640 3.686100 -1.528226 -0.032699 0.008035
    69 4.004906 6.172710 4.754800 0.533367 -1.104400 -3.019177
    70 -0.158381 -1.149773 5.804405 -1.140834 0.736880 0.190203
    71 1.078559 -2.386406 5.215008 -0.998711 0.605450 0.160200
    72 6.289963 0.932404 13.569109 -0.126801 -0.612098 -2.869612
    73 -1.327759 -0.766682 12.396324 -0.004959 -0.002711 0.045715
    74 0.000017 -54.999996 0.000000 0.000000 0.000000 -1.570796
  time 22
    0 0.000000 0.000000 -1.500000 0.000000 0.000000 0.000000
    1 -10.521344 -5.760963 66.994621 3.097005 -0.050653 -3.139334
    2 -5.292759 19.015536 34.774704 1.137887 0.260688 0.667459
    3 -0.000034 0.000012 24.761454 -2.404172 -0.278236 -0.100405
    4 0.000017 0.000000 24.344809 2.312698 -0.247800 -0.204252
    5 0.002333 -1.019846 24.031336 0.389585 -0.042698 0.017201
    6 0.000034 0.000008 13.404741 -0.000001 -0.000009 -0.175795
    7 10.398263 -5.760962 66.994675 3.097005 0.050653 3.139334
    8 -0.011886 10.639636 33.597061 1.763477 -0.542850 -0.186348
    9 -0.000004 -0.000006 24.761459 -2.126129 0.246208 -0.366993
    10 -0.000007 0.000004 24.344891 1.432545 0.240515 0.105501
    11 -0.002360 -1.019903 24.031330 0.389594 -0.042695 -0.017219
    12 0.000000 -0.000002 13.404737 0.000001 0.000005 -0.103140
    13 -0.061540 -5.245835 72.927078 0.000000 0.000000 0.000000
    14 2.915475 17.403065 -33.869818 0.078743 -0.107130 -0.465838
    15 0.000000 -0.005608 -1.146812 -0.314281 0.058893 0.045989
    16 0.030770 -0.240000 8.906021 -0.004138 0.000000 0.000000
    17 0.964896 -2.561722 -0.426193 0.371198 0.179712 -0.037612
    18 0.030770 -0.276858 8.905140 0.056125 0.004134 -0.000049
    19 0.123738 -1.116346 -0.063677 0.544505 0.085578 0.033759
    20 5.669724 4.435303 14.302868 5.019968 -1.177270 -0.977303
    21 -1.044571 -2.839317 19.743267 -0.108867 -0.665600 0.070541
    22 2.655533 -1.533369 24.792658 -0.559126 0.056258 0.263258
    23 1.120163 -0.154394 9.796035 -0.008694 0.000853 -0.075677
    24 2.240311 -0.308786 19.592051 -0.375862 0.376255 -0.111509
    25 0.683151 2.877354 14.167051 -1.511326 -0.211747 1.554295
    26 0.144936 -0.145374 7.579252 -1.768092 -0.243254 0.235289
    27 0.091660 -0.906685 4.702850 -1.587437 -0.182568 0.191116
    28 0.506271 8.500866 13.617253 -1.470526 -0.303331 1.571638
    29 -0.384987 -0.460049 7.003448 -1.747475 -0.440888 0.551346
    30 0.561516 -0.596954 5.061852 -1.494429 -0.380572 0.386321
    31 -2.452171 -8.899406 11.597897 -1.564467 -0.075966 1.475308
    32 0.680496 -0.903999 6.074253 -1.628053 0.173827 -0.014262
    33 0.245514 -0.661150 3.388004 -1.484468 0.109505 -0.099208
    34 -0.717484 -3.784271 13.043911 -1.593546 -0.028646 1.464722
    35 1.099216 -1.407745 8.017889 -1.782123 0.031968 -0.017453
    36 0.068439 -0.807653 3.686054 -1.465865 0.034007 -0.009744
    37 -4.004929 6.172707 4.754754 0.843759 0.948636 3.428449
    38 0.158352 -1.149811 5.804394 -1.090247 -0.385607 0.137756
    39 -1.083523 -1.463142 5.544399 -1.022013 -0.187170 -0.040832
    40 -6.289886 0.932434 13.569063 -0.126803 0.612110 2.869610
    41 1.327774 -0.766687 12.396328 0.011923 -0.007835 0.115383
    42 -0.096140 1.828087 23.185329 -0.138815 -0.046576 -1.323050
    43 2.325478 -0.000003 6.169296 -1.007582 -0.000803 1.588130
    44 0.000000 -3.152912 0.122169 1.961017 0.000000 0.000000
    45 1.068383 -10.478592 7.066338 0.292219 -1.282324 -3.141588
    46 0.000000 0.000000 2.279457 0.547137 -0.343566 0.107833
    47 2.479414 -8.323895 6.074242 -0.004120 0.149151 1.677772
    48 0.000003 -5.075260 5.105362 0.000000 0.000000 0.000000
    49 -1.068383 -10.478611 7.065971 0.292219 1.282324 3.141588
    50 -0.000488 0.000015 2.279600 0.547136 0.343566 0.107835
    51 -2.479401 -8.323895 6.074234 0.013224 0.149004 1.686939
    52 -5.790000 4.432083 14.255558 -1.362748 1.091497 1.463387
    53 1.044540 -2.839314 19.743252 0.040465 0.476624 -0.048120
    54 -2.655510 -1.533379 24.792648 -0.529047 -0.066208 0.084195
    55 -1.120216 -0.154385 9.795983 -0.005134 -0.000593 0.044797
    56 -2.240372 -0.308788 19.592047 -0.193442 0.228217 0.070644
    57 -0.683205 2.877342 14.167089 -1.585569 0.210944 -1.567896
    58 -0.144958 -0.145317 7.579308 -1.884827 0.306810 -0.252272
    59 -0.038551 -0.936644 4.697678 -1.697251 0.264029 -0.246085
    60 -0.506317 8.500896 13.617329 -1.581340 0.313282 -1.615197
    61 0.385056 -0.460075 7.003435 -1.962706 0.562953 -0.627660
    62 -0.456360 -0.710276 5.057732 -1.673809 0.570822 -0.541936
    63 2.452194 -8.899408 11.597939 -1.573996 0.074740 -1.474313
    64 -0.680515 -0.903999 6.074242 -1.642637 -0.190989 0.012519
    65 -0.248295 -0.666843 3.386627 -1.499789 -0.127384 0.109725
    66 0.717491 -3.784309 13.044010 -1.635028 0.022607 -1.461727
    67 -1.099228 -1.407673 8.017876 -1.844600 -0.026475 0.020514
    68 -0.064053 -0.807640 3.686100 -1.528226 -0.032699 0.008035
    69 4.004906 6.172710 4.754800 0.533367 -1.104400 -3.019177
    70 -0.158381 -1.149773 5.804405 -1.140834 0.736880 0.190203
    71 1.078559 -2.386406 5.215008 -0.998663 0.605450 0.160200
    72 6.289963 0.932404 13.569109 -0.126801 -0.612098 -2.869612
    73 -1.327759 -0.766682 12.396324 -0.004767 -0.002615 0.043911
    74 0.000017 -54.999996 0.000000 0.000000 0.000000 -1.570796
  time 23
    0 0.000000 0.000000 -1.500000 0.000000 0.000000 0.000000
    1 -10.521344 -5.760963 66.994621 3.097005 -0.050653 -3.139334
    2 -5.304478 19.322461 34.976525 1.158519 0.257404 0.668857
    3 -0.000034 0.000012 24.761454 -2.416530 -0.279662 -0.092302
    4 0.000017 0.000000 24.344809 2.301416 -0.245808 -0.197511
    5 0.002333 -1.019846 24.031336 0.389660 -0.042710 0.017201
    6 0.000034 0.000008 13.404741 -0.000001 -0.000009 -0.173411
    7 10.398263 -5.760962 66.994675 3.097005 0.050653 3.139334
    8 -0.004073 10.939381 33.799382 1.781136 -0.547898 -0.198478
    9 -0.000004 -0.000006 24.761459 -2.122554 0.245776 -0.375570
    10 -0.000007 0.000004 24.344891 1.413442 0.241426 0.106384
    11 -0.002360 -1.019903 24.031330 0.389594 -0.042695 -0.017219
    12 0.000000 -0.000002 13.404737 0.000001 0.000005 -0.108765
    13 -0.061540 -5.245835 72.927078 0.000000 0.000000 0.000000
    14 2.915475 17.694207 -34.050066 0.078743 -0.106889 -0.465838
    15 0.000000 -0.005608 -1.146812 -0.312399 0.058893 0.045690
    16 0.030770 -0.240000 8.906021 -0.004138 0.000000 0.000000
    17 0.949271 -2.546097 -0.410567 0.368609 0.177623 -0.038211
    18 0.030770 -0.276858 8.905140 0.056125 0.004134 -0.000049
    19 0.123738 -1.112440 -0.051958 0.541645 0.085434 0.033208
    20 5.669724 4.435303 14.302868 5.020830 -1.177200 -0.977303
    21 -1.044571 -2.839317 19.743267 -0.096686 -0.661217 0.067072
    22 2.655533 -1.533369 24.792658 -0.551358 0.055605 0.267544
    23 1.120163 -0.154394 9.796035 -0.008682 0.000853 -0.075608
    24 2.240311 -0.308786 19.592051 -0.375601 0.375841 -0.111429
    25 0.683151 2.877354 14.167051 -1.511326 -0.211747 1.554295
    26 0.144936 -0.145374 7.579252 -1.768092 -0.243254 0.235289
    27 0.091660 -0.906685 4.702850 -1.587437 -0.182568 0.191116
    28 0.506271 8.500866 13.617253 -1.470526 -0.303331 1.571638
    29 -0.384987 -0.460049 7.003448 -1.747475 -0.440888 0.551346
    30 0.561516 -0.596954 5.061852 -1.494429 -0.380572 0.386321
    31 -2.452171 -8.899406 11.597897 -1.564467 -0.075966 1.475308
    32 0.680496 -0.903999 6.074253 -1.628053 0.173827 -0.014262
    33 0.245514 -0.661150 3.388004 -1.484468 0.109505 -0.099208
    34 -0.717484 -3.784271 13.043911 -1.593546 -0.028646 1.464722
    35 1.099216 -1.407745 8.017889 -1.782123 0.031968 -0.017453
    36 0.068439 -0.807653 3.686054 -1.465865 0.034007 -0.009744
    37 -4.004929 6.172707 4.754754 0.844300 0.948636 3.429406
    38 0.158352 -1.149811 5.804394 -1.090459 -0.385651 0.137756
    39 -1.083523 -1.463142 5.544399 -1.022222 -0.187206 -0.040832
    40 -6.289886 0.932434 13.569063 -0.126803 0.612110 2.869610
    41 1.327774 -0.766687 12.396328 0.012222 -0.008063 0.118446
    42 -0.096140 1.828087 23.185329 -0.137976 -0.046800 -1.324487
    43 2.325478 -0.000003 6.169296 -1.005147 0.000094 1.588329
    44 0.000000 -3.152912 0.122169 1.961017 0.000000 0.000000
    45 1.068383 -10.478592 7.066338 0.292219 -1.282324 -3.141588
    46 0.000000 0.000000 2.279457 0.547137 -0.343566 0.107833
    47 2.479414 -8.323895 6.074242 -0.004120 0.149151 1.677772
    48 0.000003 -5.075260 5.105362 0.000000 0.000000 0.000000
    49 -1.068383 -10.478611 7.065971 0.292219 1.282324 3.141588
    50 -0.000488 0.000015 2.279600 0.547136 0.343566 0.107835
    51 -2.479401 -8.323895 6.074234 0.013224 0.149004 1.686939
    52 -5.790000 4.432083 14.255558 -1.361789 1.091497 1.463387
    53 1.044540 -2.839314 19.743252 0.054212 0.474843 -0.045752
    54 -2.655510 -1.533379 24.792648 -0.522052 -0.065846 0.081468
    55 -1.120216 -0.154385 9.795983 -0.005122 -0.000593 0.044661
    56 -2.240372 -0.308788 19.592047 -0.196726 0.225247 0.069785
    57 -0.683205 2.877342 14.167089 -1.585569 0.210944 -1.567896
    58 -0.144958 -0.145317 7.579308 -1.884827 0.306810 -0.252272
    59 -0.038551 -0.936644 4.697678 -1.697251 0.264029 -0.246085
    60 -0.506317 8.500896 13.617329 -1.581416 0.313282 -1.615197
    61 0.385056 -0.460075 7.003435 -1.962706 0.562953 -0.627660
    62 -0.456360 -0.710276 5.057732 -1.673809 0.570800 -0.541936
    63 2.452194 -8.899408 11.597939 -1.573996 0.074740 -1.474313
    64 -0.680515 -0.903999 6.074242 -1.642583 -0.190989 0.012519
    65 -0.248295 -0.666843 3.386627 -1.499789 -0.127384 0.109725
    66 0.717491 -3.784309 13.044010 -1.635028 0.022607 -1.461727
    67 -1.099228 -1.407673 8.017876 -1.844600 -0.026475 0.020514
    68 -0.064053 -0.807640 3.686100 -1.528226 -0.032699 0.008035
    69 4.004906 6.172710 4.754800 0.533292 -1.104400 -3.019177
    70 -0.158381 -1.149773 5.804405 -1.140834 0.736907 0.190203
    71 1.078559 -2.386406 5.215008 -0.998663 0.605419 0.160200
    72 6.289963 0.932404 13.569109 -0.126801 -0.612098 -2.869612
    73 -1.327759 -0.766682 12.396324 -0.004563 -0.002507 0.042060
    74 0.000017 -54.999996 0.000000 0.000000 0.000000 -1.570796
  time 24
    0 0.000000 0.000000 -1.500000 0.000000 0.000000 0.000000
    1 -10.521344 -5.760963 66.994621 3.097005 -0.050653 -3.139334
    2 -5.308384 19.432954 35.043799 1.166307 0.256402 0.669294
    3 -0.000034 0.000012 24.761454 -2.420961 -0.280165 -0.089003
    4 0.000017 0.000000 24.344809 2.296978 -0.245174 -0.194983
    5 0.002333 -1.019846 24.031336 0.389660 -0.042710 0.017201
    6 0.000034 0.000008 13.404741 -0.000001 -0.000009 -0.172483
    7 10.398263 -5.760962 66.994675 3.097005 0.050653 3.139334
    8 0.003740 11.051785 33.866823 1.787534 -0.550496 -0.202769
    9 -0.000004 -0.000006 24.761459 -2.120354 0.245537 -0.379303
    10 -0.000007 0.000004 24.344891 1.404535 0.242048 0.106342
    11 -0.002360 -1.019903 24.031330 0.389594 -0.042695 -0.017219
    12 0.000000 -0.000002 13.404737 0.000001 0.000005 -0.111320
    13 -0.061540 -5.245835 72.927078 0.000000 0.000000 0.000000
    14 2.915475 17.799018 -34.072598 0.078711 -0.106803 -0.465838
    15 0.000000 -0.005608 -1.146812 -0.310517 0.058988 0.045364
    16 0.030770 -0.240000 8.906021 -0.004138 0.000000 0.000000
    17 0.941458 -2.526565 -0.391035 0.365390 0.175167 -0.038410
    18 0.030770 -0.276858 8.905140 0.056125 0.004134 -0.000049
    19 0.127645 -1.104627 -0.036333 0.538393 0.085393 0.032681
    20 5.669724 4.435303 14.302868 5.021117 -1.177200 -0.977303
    21 -1.044571 -2.839317 19.743267 -0.090033 -0.656625 0.065239
    22 2.655533 -1.533369 24.792658 -0.548320 0.055067 0.272477
    23 1.120163 -0.154394 9.796035 -0.008682 0.000853 -0.075608
    24 2.240311 -0.308786 19.592051 -0.375514 0.375610 -0.111429
    25 0.683151 2.877354 14.167051 -1.511326 -0.211747 1.554295
    26 0.144936 -0.145374 7.579252 -1.768092 -0.243254 0.235289
    27 0.091660 -0.906685 4.702850 -1.587437 -0.182568 0.191116
    28 0.506271 8.500866 13.617253 -1.470526 -0.303331 1.571638
    29 -0.384987 -0.460049 7.003448 -1.747475 -0.440888 0.551346
    30 0.561516 -0.596954 5.061852 -1.494429 -0.380572 0.386321
    31 -2.452171 -8.899406 11.597897 -1.564467 -0.075966 1.475308
    32 0.680496 -0.903999 6.074253 -1.628053 0.173827 -0.014262
    33 0.245514 -0.661150 3.388004 -1.484468 0.109505 -0.099208
    34 -0.717484 -3.784271 13.043911 -1.593590 -0.028646 1.464722
    35 1.099216 -1.407745 8.017889 -1.782123 0.031968 -0.017453
    36 0.068439 -0.807653 3.686054 -1.465865 0.034007 -0.009744
    37 -4.004929 6.172707 4.754754 0.844570 0.948636 3.429693
    38 0.158352 -1.149811 5.804394 -1.090544 -0.385681 0.137756
    39 -1.083523 -1.463142 5.544399 -1.022275 -0.187218 -0.040832
    40 -6.289886 0.932434 13.569063 -0.126803 0.612110 2.869610
    41 1.327774 -0.766687 12.396328 0.012498 -0.008254 0.121208
    42 -0.096140 1.828087 23.185329 -0.137103 -0.047023 -1.325985
    43 2.325478 -0.000003 6.169296 -1.002855 0.000456 1.588169
    44 0.000000 -3.152912 0.122169 1.961017 0.000000 0.000000
    45 1.068383 -10.478592 7.066338 0.292219 -1.282324 -3.141588
    46 0.000000 0.000000 2.279457 0.547137 -0.343566 0.107833
    47 2.479414 -8.323895 6.074242 -0.004120 0.149151 1.677772
    48 0.000003 -5.075260 5.105362 0.000000 0.000000 0.000000
    49 -1.068383 -10.478611 7.065971 0.292219 1.282324 3.141588
    50 -0.000488 0.000015 2.279600 0.547136 0.343566 0.107835
    51 -2.479401 -8.323895 6.074234 0.013224 0.149004 1.686939
    52 -5.790000 4.432083 14.255558 -1.361502 1.091497 1.463387
    53 1.044540 -2.839314 19.743252 0.062338 0.471748 -0.044664
    54 -2.655510 -1.533379 24.792648 -0.519184 -0.065548 0.077303
    55 -1.120216 -0.154385 9.795983 -0.005087 -0.000593 0.044334
    56 -2.240372 -0.308788 19.592047 -0.200697 0.221930 0.068582
    57 -0.683205 2.877342 14.167089 -1.585569 0.210944 -1.567896
    58 -0.144958 -0.145317 7.579308 -1.884827 0.306798 -0.252272
    59 -0.038551 -0.936644 4.697678 -1.697251 0.264029 -0.246085
    60 -0.506317 8.500896 13.617329 -1.581340 0.313308 -1.615197
    61 0.385056 -0.460075 7.003435 -1.962706 0.562953 -0.627675
    62 -0.456360 -0.710276 5.057732 -1.673809 0.570822 -0.541936
    63 2.452194 -8.899408 11.597939 -1.573996 0.074740 -1.474313
    64 -0.680515 -0.903999 6.074242 -1.642637 -0.190989 0.012519
    65 -0.248295 -0.666843 3.386627 -1.499789 -0.127384 0.109725
    66 0.717491 -3.784309 13.044010 -1.635028 0.022607 -1.461727
    67 -1.099228 -1.407673 8.017876 -1.844600 -0.026463 0.020526
    68 -0.064053 -0.807640 3.686100 -1.528226 -0.032699 0.008035
    69 4.004906 6.172710 4.754800 0.533292 -1.104400 -3.019177
    70 -0.158381 -1.149773 5.804405 -1.140834 0.736880 0.190203
    71 1.078559 -2.386406 5.215008 -0.998711 0.605450 0.160200
    72 6.289963 0.932404 13.569109 -0.126801 -0.612098 -2.869612
    73 -1.327759 -0.766682 12.396324 -0.004348 -0.002412 0.040071
    74 0.000017 -54.999996 0.000000 0.000000 0.000000 -1.570796
  time 25
    0 0.000000 0.000000 -1.500000 0.000000 0.000000 0.000000
    1 -10.521344 -5.760963 66.994621 3.097005 -0.050653 -3.139334
    2 -4.702897 14.595819 33.339534 0.848487 0.335759 0.601312
    3 -0.000034 0.000012 24.761454 -2.263153 -0.261960 -0.142344
    4 0.000017 0.000000 24.344809 2.482474 -0.275256 -0.271296
    5 0.002333 -1.019846 24.031336 0.389660 -0.042698 0.017213
    6 0.000034 0.000008 13.404741 -0.000001 -0.000009 -0.165037
    7 10.398263 -5.760962 66.994675 3.097005 0.050653 3.139334
    8 0.421721 6.243377 33.080017 1.590383 -0.509818 -0.076106
    9 -0.000004 -0.000006 24.761459 -2.214070 0.256347 -0.289547
    10 -0.000007 0.000004 24.344891 1.671406 0.246559 0.114413
    11 -0.002360 -1.019903 24.031330 0.390032 -0.042695 -0.017219
    12 0.000000 -0.000002 13.404737 0.000001 0.000005 -0.044679
    13 -0.061540 -5.245835 72.927078 0.000000 0.000000 0.000000
    14 2.501400 12.453645 -32.968574 0.146528 -0.056376 -0.464697
    15 0.000000 -0.005608 -1.146812 -0.310006 0.059003 0.045255
    16 0.030770 -0.240000 8.906021 -0.004138 0.000000 0.000000
    17 0.953177 -2.686726 -0.574635 0.428711 0.166659 0.008392
    18 0.030770 -0.276858 8.905140 0.056125 0.004134 -0.000049
    19 -0.063767 -0.381948 0.076952 0.254328 0.017116 0.005224
    20 5.669724 4.435303 14.302868 2.939710 -1.452240 0.670938
    21 -1.044571 -2.839317 19.743267 -0.281214 -0.927929 0.153001
    22 2.655533 -1.533369 24.792658 -0.810045 0.078968 0.141950
    23 1.120163 -0.154394 9.796035 -0.008682 0.000853 -0.075608
    24 2.240311 -0.308786 19.592051 -0.375514 0.375610 -0.111429
    25 0.683151 2.877354 14.167051 -1.511326 -0.211747 1.554295
    26 0.144936 -0.145374 7.579252 -1.768092 -0.243254 0.235289
    27 0.091660 -0.906685 4.702850 -1.587437 -0.182568 0.191116
    28 0.506271 8.500866 13.617253 -1.470526 -0.303331 1.571638
    29 -0.384987 -0.460049 7.003448 -1.747475 -0.440888 0.551346
    30 0.561516 -0.596954 5.061852 -1.494429 -0.380572 0.386321
    31 -2.452171 -8.899406 11.597897 -1.564467 -0.075966 1.475308
    32 0.680496 -0.903999 6.074253 -1.628053 0.173827 -0.014262
    33 0.245514 -0.661150 3.388004 -1.484468 0.109505 -0.099208
    34 -0.717484 -3.784271 13.043911 -1.593546 -0.028634 1.464722
    35 1.099216 -1.407745 8.017889 -1.782123 0.031968 -0.017453
    36 0.068439 -0.807653 3.686054 -1.465865 0.034007 -0.009744
    37 -4.004929 6.172707 4.754754 0.844570 0.948636 3.429693
    38 0.158352 -1.149811 5.804394 -1.090544 -0.385681 0.137756
    39 -1.083523 -1.463142 5.544399 -1.022275 -0.187218 -0.040832
    40 -6.289886 0.932434 13.569063 -0.126803 0.612110 2.869610
    41 1.327774 -0.766687 12.396328 0.004984 -0.003029 0.047240
    42 -0.096140 1.828087 23.185329 -0.136880 -0.047054 -1.326382
    43 2.325478 -0.000003 6.169296 -0.994356 -0.061630 1.520557
    44 0.000000 -3.152912 0.122169 1.961017 0.000000 0.000000
    45 1.068383 -10.478592 7.066338 0.292219 -1.282324 -3.141588
    46 0.000000 0.000000 2.279457 0.547137 -0.343566 0.107833
    47 2.479414 -8.323895 6.074242 -0.004120 0.149151 1.677772
    48 0.000003 -5.075260 5.105362 0.000000 0.000000 0.000000
    49 -1.068383 -10.478611 7.065971 0.292219 1.282324 3.141588
    50 -0.000488 0.000015 2.279600 0.547136 0.343566 0.107835
    51 -2.479401 -8.323895 6.074234 0.013224 0.149004 1.686939
    52 -5.790000 4.432083 14.255558 -1.422275 1.441238 1.893406
    53 1.044540 -2.839314 19.743252 -0.137691 0.860106 -0.083064
    54 -2.655510 -1.533379 24.792648 -0.912679 -0.085584 0.054508
    55 -1.120216 -0.154385 9.795983 -0.005075 -0.000593 0.044253
    56 -2.240372 -0.308788 19.592047 -0.201690 0.221138 0.068325
    57 -0.683205 2.877342 14.167089 -1.585569 0.210944 -1.567896
    58 -0.144958 -0.145317 7.579308 -1.884827 0.306798 -0.252272
    59 -0.038551 -0.936644 4.697678 -1.697251 0.264017 -0.246097
    60 -0.506317 8.500896 13.617329 -1.581416 0.313308 -1.615197
    61 0.385056 -0.460075 7.003435 -1.962706 0.562953 -0.627660
    62 -0.456360 -0.710276 5.057732 -1.673809 0.570779 -0.541936
    63 2.452194 -8.899408 11.597939 -1.573996 0.074740 -1.474313
    64 -0.680515 -0.903999 6.074242 -1.642583 -0.190977 0.012519
    65 -0.248295 -0.666843 3.386627 -1.499789 -0.127384 0.109725
    66 0.717491 -3.784309 13.044010 -1.635028 0.022607 -1.461727
    67 -1.099228 -1.407673 8.017876 -1.844600 -0.026463 0.020538
    68 -0.064053 -0.807640 3.686100 -1.528226 -0.032699 0.008035
    69 4.004906 6.172710 4.754800 0.533292 -1.104400 -3.019177
    70 -0.158381 -1.149773 5.804405 -1.140834 0.736880 0.190203
    71 1.078559 -2.386406 5.215008 -0.998663 0.605419 0.160200
    72 6.289963 0.932404 13.569109 -0.126801 -0.612098 -2.869612
    73 -1.327759 -0.766682 12.396324 -0.001855 -0.001045 0.017216
    74 0.000017 -54.999996 0.000000 0.000000 0.000000 -1.570796
  time 26
    0 0.000000 0.000000 -1.500000 0.000000 0.000000 0.000000
    1 -10.521344 -5.760963 66.994621 3.097005 -0.050653 -3.139334
    2 -2.964563 3.693851 27.329757 0.280072 0.418791 0.465218
    3 -0.000034 0.000012 24.761454 -1.717575 -0.198981 -0.175082
    4 0.000017 0.000000 24.344809 2.495420 -0.338611 -0.284476
    5 0.002333 -1.019846 24.031336 0.389660 -0.042698 0.017201
    6 0.000034 0.000008 13.404741 -0.000001 -0.000009 -0.118463
    7 10.398263 -5.760962 66.994675 3.097005 0.050653 3.139334
    8 1.445190 -4.322630 27.864617 0.942624 -0.386396 0.183243
    9 -0.000004 -0.000006 24.761459 -2.082626 0.241174 -0.134656
    10 -0.000007 0.000004 24.344891 2.137834 0.234982 0.093752
    11 -0.002360 -1.019903 24.031330 0.389594 -0.042695 -0.017219
    12 0.000000 -0.000002 13.404737 0.000001 0.000005 0.019257
    13 -0.061540 -5.245835 72.927078 0.000000 0.000000 0.000000
    14 1.130265 0.831242 -27.741359 0.248685 -0.006397 -0.450584
    15 0.000000 -0.005608 -1.146812 -0.310517 0.058988 0.045364
    16 0.030770 -0.240000 8.906021 -0.004138 0.000000 0.000000
    17 0.996147 -2.979704 -0.769953 0.518400 0.176293 0.029836
    18 0.030770 -0.276858 8.905140 0.056125 0.004134 -0.000049
    19 -0.294243 0.719648 0.045701 -0.147553 -0.064820 0.018048
    20 5.669724 4.435303 14.302868 1.186286 -1.048241 1.898949
    21 -1.044571 -2.839317 19.743267 -0.787834 -0.553770 0.177113
    22 2.655533 -1.533369 24.792658 -1.125798 0.123159 -0.555571
    23 1.120163 -0.154394 9.796035 -0.008694 0.000853 -0.075608
    24 2.240311 -0.308786 19.592051 -0.375514 0.375610 -0.111429
    25 0.683151 2.877354 14.167051 -1.511326 -0.211747 1.554295
    26 0.144936 -0.145374 7.579252 -1.768092 -0.243254 0.235289
    27 0.091660 -0.906685 4.702850 -1.587437 -0.182568 0.191116
    28 0.506271 8.500866 13.617253 -1.470526 -0.303331 1.571638
    29 -0.384987 -0.460049 7.003448 -1.747475 -0.440888 0.551346
    30 0.561516 -0.596954 5.061852 -1.494429 -0.380572 0.386321
    31 -2.452171 -8.899406 11.597897 -1.564467 -0.075966 1.475308
    32 0.680496 -0.903999 6.074253 -1.628053 0.173827 -0.014262
    33 0.245514 -0.661150 3.388004 -1.484468 0.109505 -0.099208
    34 -0.717484 -3.784271 13.043911 -1.593546 -0.028658 1.464722
    35 1.099216 -1.407745 8.017889 -1.782123 0.031968 -0.017453
    36 0.068439 -0.807653 3.686054 -1.465865 0.034007 -0.009744
    37 -4.004929 6.172707 4.754754 0.844570 0.948636 3.429693
    38 0.158352 -1.149811 5.804394 -1.090544 -0.385681 0.137756
    39 -1.083523 -1.463142 5.544399 -1.022275 -0.187218 -0.040832
    40 -6.289886 0.932434 13.569063 -0.126803 0.612110 2.869610
    41 1.327774 -0.766687 12.396328 -0.043206 0.015152 -0.372866
    42 -0.096140 1.828087 23.185329 -0.137103 -0.047023 -1.325985
    43 2.325478 -0.000003 6.169296 -0.984519 -0.125597 1.450311
    44 0.000000 -3.152912 0.122169 1.961017 0.000000 0.000000
    45 1.068383 -10.478592 7.066338 0.292219 -1.282324 -3.141588
    46 0.000000 0.000000 2.279457 0.547137 -0.343566 0.107833
    47 2.479414 -8.323895 6.074242 -0.004120 0.149151 1.677772
    48 0.000003 -5.075260 5.105362 0.000000 0.000000 0.000000
    49 -1.068383 -10.478611 7.065971 0.292219 1.282324 3.141588
    50 -0.000488 0.000015 2.279600 0.547136 0.343566 0.107835
    51 -2.479401 -8.323895 6.074234 0.013224 0.149004 1.686939
    52 -5.790000 4.432083 14.255558 -5.853105 1.178849 -2.078234
    53 1.044540 -2.839314 19.743252 -0.704496 0.626201 -0.201369
    54 -2.655510 -1.533379 24.792648 -1.409141 -0.123584 0.939794
    55 -1.120216 -0.154385 9.795983 -0.005087 -0.000593 0.044334
    56 -2.240372 -0.308788 19.592047 -0.200697 0.221930 0.068582
    57 -0.683205 2.877342 14.167089 -1.585569 0.210924 -1.567896
    58 -0.144958 -0.145317 7.579308 -1.884827 0.306810 -0.252272
    59 -0.038551 -0.936644 4.697678 -1.697202 0.264029 -0.246097
    60 -0.506317 8.500896 13.617329 -1.581340 0.313308 -1.615197
    61 0.385056 -0.460075 7.003435 -1.962706 0.562953 -0.627660
    62 -0.456360 -0.710276 5.057732 -1.673809 0.570779 -0.541936
    63 2.452194 -8.899408 11.597939 -1.573996 0.074740 -1.474313
    64 -0.680515 -0.903999 6.074242 -1.642637 -0.190977 0.012519
    65 -0.248295 -0.666843 3.386627 -1.499789 -0.127384 0.109725
    66 0.717491 -3.784309 13.044010 -1.635028 0.022607 -1.461727
    67 -1.099228 -1.407673 8.017876 -1.844600 -0.026463 0.020526
    68 -0.064053 -0.807640 3.686100 -1.528226 -0.032699 0.008035
    69 4.004906 6.172710 4.754800 0.533292 -1.104400 -3.019177
    70 -0.158381 -1.149773 5.804405 -1.140834 0.736907 0.190203
    71 1.078559 -2.386406 5.215008 -0.998711 0.605419 0.160200
    72 6.289963 0.932404 13.569109 -0.126801 -0.612098 -2.869612
    73 -1.327759 -0.766682 12.396324 -0.063288 -0.016529 0.536122
    74 0.000017 -54.999996 0.000000 0.000000 0.000000 -1.570796
  time 27
    0 0.000000 0.000000 -1.500000 0.000000 0.000000 0.000000
    1 -10.521344 -5.760963 66.994621 3.097005 -0.050653 -3.139334
    2 3.273909 -14.206002 -44.383920 0.128950 0.023450 0.242094
    3 -0.000034 0.000012 24.761454 -0.558165 -0.031533 0.079855
    4 0.000017 0.000000 24.344809 0.581218 -0.099813 0.064379
    5 0.002333 -1.019846 24.031336 0.341051 -0.061418 0.034291
    6 0.000034 0.000008 13.404741 -0.005574 -0.020982 0.078802
    7 10.398263 -5.760962 66.994675 3.097005 0.050653 3.139334
    8 -0.609560 -19.309876 -44.633935 -0.123068 -0.027358 0.251897
    9 -0.000004 -0.000006 24.761459 -0.077751 0.008458 -0.024876
    10 -0.000007 0.000004 24.344891 0.512017 0.047644 -0.056804
    11 -0.002360 -1.019903 24.031330 0.282275 -0.030998 -0.025213
    12 0.000000 -0.000002 13.404737 -0.000479 0.000868 -0.016189
    13 -0.061540 -5.245835 72.927078 0.000000 0.000000 0.000000
    14 -1.436220 -19.548723 43.727289 0.318807 -0.033391 -0.279732
    15 0.000000 -0.005608 -1.146812 -0.218588 0.046549 0.020281
    16 0.030770 -0.240000 8.906021 -0.004138 0.000000 0.000000
    17 0.324252 -1.378092 0.921505 0.206761 0.038749 0.033550
    18 0.030770 -0.276858 8.905140 0.056125 0.004134 -0.000049
    19 -0.028610 0.711835 1.022293 -0.199562 -0.000349 0.003151
    20 5.669724 4.435303 14.302868 0.380827 -1.046127 2.701747
    21 -1.044571 -2.839317 19.743267 -0.919186 0.010025 -0.063047
    22 2.655533 -1.533369 24.792658 -0.930861 0.062944 -1.346014
    23 1.120163 -0.154394 9.796035 -0.008922 0.000865 -0.077505
    24 2.240311 -0.308786 19.592051 -0.306102 0.325329 -0.124999
    25 0.683151 2.877354 14.167051 -1.511326 -0.211747 1.554295
    26 0.144936 -0.145374 7.579252 -1.768092 -0.243254 0.235289
    27 0.091660 -0.906685 4.702850 -1.587437 -0.182568 0.191116
    28 0.506271 8.500866 13.617253 -1.470526 -0.303331 1.571638
    29 -0.384987 -0.460049 7.003448 -1.747475 -0.440888 0.551346
    30 0.561516 -0.596954 5.061852 -1.494429 -0.380572 0.386321
    31 -2.452171 -8.899406 11.597897 -1.564467 -0.075966 1.475308
    32 0.680496 -0.903999 6.074253 -1.628053 0.173827 -0.014262
    33 0.245514 -0.661150 3.388004 -1.484468 0.109505 -0.099208
    34 -0.717484 -3.784271 13.043911 -1.593590 -0.028646 1.464722
    35 1.099216 -1.407745 8.017889 -1.782123 0.031968 -0.017453
    36 0.068439 -0.807653 3.686054 -1.465865 0.034007 -0.009744
    37 -4.004929 6.172707 4.754754 0.844570 0.948636 3.429693
    38 0.158352 -1.149811 5.804394 -1.090544 -0.385681 0.137756
    39 -1.083523 -1.463142 5.544399 -1.022275 -0.187218 -0.040832
    40 -6.289886 0.932434 13.569063 -0.126803 0.612110 2.869610
    41 1.327774 -0.766687 12.396328 -0.108486 0.007362 -0.911783
    42 -0.096140 1.828087 23.185329 -0.072247 -0.057539 -1.437389
    43 2.325478 -0.000003 6.169296 -0.840791 -0.047566 1.471026
    44 0.000000 -3.152912 0.122169 1.961017 0.000000 0.000000
    45 1.068383 -10.478592 7.066338 0.292219 -1.282324 -3.141588
    46 0.000000 0.000000 2.279457 0.547137 -0.343566 0.107833
    47 2.479414 -8.323895 6.074242 -0.004120 0.149151 1.677772
    48 0.000003 -5.075260 5.105362 0.000000 0.000000 0.000000
    49 -1.068383 -10.478611 7.065971 0.292219 1.282324 3.141588
    50 -0.000488 0.000015 2.279600 0.547136 0.343566 0.107835
    51 -2.479401 -8.323895 6.074234 0.013224 0.149004 1.686939
    52 -5.790000 4.432083 14.255558 -6.015296 0.963273 -2.323904
    53 1.044540 -2.839314 19.743252 -0.302379 -0.020440 -0.069266
    54 -2.655510 -1.533379 24.792648 -1.086101 -0.048865 1.524734
    55 -1.120216 -0.154385 9.795983 -0.011750 -0.001013 0.102061
    56 -2.240372 -0.308788 19.592047 -0.290810 -0.019054 0.165844
    57 -0.683205 2.877342 14.167089 -1.585569 0.210944 -1.567896
    58 -0.144958 -0.145317 7.579308 -1.884827 0.306810 -0.252272
    59 -0.038551 -0.936644 4.697678 -1.697251 0.264029 -0.246097
    60 -0.506317 8.500896 13.617329 -1.581416 0.313308 -1.615197
    61 0.385056 -0.460075 7.003435 -1.962706 0.562953 -0.627660
    62 -0.456360 -0.710276 5.057732 -1.673809 0.570779 -0.541936
    63 2.452194 -8.899408 11.597939 -1.573996 0.074740 -1.474313
    64 -0.680515 -0.903999 6.074242 -1.642583 -0.190977 0.012519
    65 -0.248295 -0.666843 3.386627 -1.499789 -0.127384 0.109725
    66 0.717491 -3.784309 13.044010 -1.635028 0.022607 -1.461727
    67 -1.099228 -1.407673 8.017876 -1.844600 -0.026463 0.020514
    68 -0.064053 -0.807640 3.686100 -1.528226 -0.032699 0.008035
    69 4.004906 6.172710 4.754800 0.533292 -1.104400 -3.019177
    70 -0.158381 -1.149773 5.804405 -1.140834 0.736880 0.190203
    71 1.078559 -2.386406 5.215008 -0.998663 0.605419 0.160200
    72 6.289963 0.932404 13.569109 -0.126801 -0.612098 -2.869612
    73 -1.327759 -0.766682 12.396324 -0.100512 -0.010321 0.842811
    74 0.000017 -54.999996 0.000000 0.000000 0.000000 -1.570796
  time 28
    0 0.000000 0.000000 -1.500000 0.000000 0.000000 0.000000
    1 -10.521344 -5.760963 66.994621 3.097005 -0.050653 -3.139334
    2 12.848420 -35.703014 -153.995070 1.242620 0.024787 0.101106
    3 -0.000034 0.000012 24.761454 -2.237136 -0.135307 0.283811
    4 0.000017 0.000000 24.344809 0.452376 -0.188293 0.037263
    5 0.002333 -1.019846 24.031336 0.389660 -0.042722 0.017189
    6 0.000034 0.000008 13.404741 -0.000001 -0.000009 0.240166
    7 10.398263 -5.760962 66.994675 3.097005 0.050653 3.139334
    8 -2.746344 -37.519378 -155.258857 -0.250265 -0.034052 0.099324
    9 -0.000004 -0.000006 24.761459 -0.154363 0.018045 0.005018
    10 -0.000007 0.000004 24.344891 0.217910 0.033379 0.000681
    11 -0.002360 -1.019903 24.031330 0.144906 -0.045368 -0.007260
    12 0.000000 -0.000002 13.404737 0.000001 0.000005 -0.000001
    13 -0.061540 -5.245835 72.927078 0.000000 0.000000 0.000000
    14 -5.385559 -45.076085 152.935529 0.364477 -0.064652 -0.087321
    15 0.000000 -0.005608 -1.146812 -0.110201 0.030660 -0.012601
    16 0.030770 -0.240000 8.906021 -0.004138 0.000000 0.000000
    17 -0.035134 1.188392 2.308266 -0.141894 0.000590 0.082908
    18 0.030770 -0.276858 8.905140 0.056125 0.004134 -0.000049
    19 0.154989 0.418857 2.311395 -0.182511 0.053260 -0.005310
    20 5.669724 4.435303 14.302868 -0.142778 -0.851457 3.255569
    21 -1.044571 -2.839317 19.743267 -0.694983 0.348803 -0.082816
    22 2.655533 -1.533369 24.792658 -0.642534 -0.006954 -1.861572
    23 1.120163 -0.154394 9.796035 -0.009161 0.000889 -0.079816
    24 2.240311 -0.308786 19.592051 -0.222068 0.267634 -0.140310
    25 0.683151 2.877354 14.167051 -1.511326 -0.211747 1.554295
    26 0.144936 -0.145374 7.579252 -1.768092 -0.243254 0.235289
    27 0.091660 -0.906685 4.702850 -1.587437 -0.182568 0.191116
    28 0.506271 8.500866 13.617253 -1.470526 -0.303331 1.571638
    29 -0.384987 -0.460049 7.003448 -1.747475 -0.440888 0.551346
    30 0.561516 -0.596954 5.061852 -1.494429 -0.380572 0.386321
    31 -2.452171 -8.899406 11.597897 -1.564467 -0.075966 1.475308
    32 0.680496 -0.903999 6.074253 -1.628053 0.173827 -0.014262
    33 0.245514 -0.661150 3.388004 -1.484468 0.109505 -0.099208
    34 -0.717484 -3.784271 13.043911 -1.593546 -0.028646 1.464722
    35 1.099216 -1.407745 8.017889 -1.782123 0.031968 -0.017453
    36 0.068439 -0.807653 3.686054 -1.465865 0.034007 -0.009744
    37 -4.004929 6.172707 4.754754 0.844570 0.948636 3.429693
    38 0.158352 -1.149811 5.804394 -1.090544 -0.385681 0.137756
    39 -1.083523 -1.463142 5.544399 -1.022275 -0.187218 -0.040860
    40 -6.289886 0.932434 13.569063 -0.126803 0.612110 2.869610
    41 1.327774 -0.766687 12.396328 -0.144824 -0.015517 -1.260532
    42 -0.096140 1.828087 23.185329 0.004097 -0.052026 -1.570683
    43 2.325478 -0.000003 6.169296 -0.663541 0.033923 1.522992
    44 0.000000 -3.152912 0.122169 1.961017 0.000000 0.000000
    45 1.068383 -10.478592 7.066338 0.292219 -1.282324 -3.141588
    46 0.000000 0.000000 2.279457 0.547137 -0.343566 0.107833
    47 2.479414 -8.323895 6.074242 -0.004120 0.149151 1.677772
    48 0.000003 -5.075260 5.105362 0.000000 0.000000 0.000000
    49 -1.068383 -10.478611 7.065971 0.292219 1.282324 3.141588
    50 -0.000488 0.000015 2.279600 0.547136 0.343566 0.107835
    51 -2.479401 -8.323895 6.074234 0.013224 0.149004 1.686939
    52 -5.790000 4.432083 14.255558 0.105025 0.827364 -2.566126
    53 1.044540 -2.839314 19.743252 -0.120661 -0.246586 -0.111096
    54 -2.655510 -1.533379 24.792648 -0.620891 -0.058249 1.242942
    55 -1.120216 -0.154385 9.795983 -0.019600 -0.001037 0.170235
    56 -2.240372 -0.308788 19.592047 -0.461872 -0.274592 0.290945
    57 -0.683205 2.877342 14.167089 -1.585569 0.210944 -1.567896
    58 -0.144958 -0.145317 7.579308 -1.884827 0.306810 -0.252272
    59 -0.038551 -0.936644 4.697678 -1.697251 0.264029 -0.246085
    60 -0.506317 8.500896 13.617329 -1.581340 0.313308 -1.615197
    61 0.385056 -0.460075 7.003435 -1.962706 0.562953 -0.627660
    62 -0.456360 -0.710276 5.057732 -1.673809 0.570779 -0.541936
    63 2.452194 -8.899408 11.597939 -1.573996 0.074763 -1.474313
    64 -0.680515 -0.903999 6.074242 -1.642637 -0.190977 0.012519
    65 -0.248295 -0.666843 3.386627 -1.499789 -0.127372 0.109725
    66 0.717491 -3.784309 13.044010 -1.635028 0.022607 -1.461727
    67 -1.099228 -1.407673 8.017876 -1.844600 -0.026475 0.020538
    68 -0.064053 -0.807640 3.686100 -1.528282 -0.032699 0.008035
    69 4.004906 6.172710 4.754800 0.533292 -1.104400 -3.019177
    70 -0.158381 -1.149773 5.804405 -1.140834 0.736880 0.190203
    71 1.078559 -2.386406 5.215008 -0.998663 0.605419 0.160200
    72 6.289963 0.932404 13.569109 -0.126801 -0.612098 -2.869612
    73 -1.327759 -0.766682 12.396324 -0.072648 -0.016062 0.611857
    74 0.000017 -54.999996 0.000000 0.000000 0.000000 -1.570796
  time 29
    0 0.000000 0.000000 -1.500000 0.000000 0.000000 0.000000
    1 -10.521344 -5.760963 66.994621 3.097005 -0.050653 -3.139334
    2 23.989385 -57.285965 -251.721213 1.349334 0.087193 0.101237
    3 -0.000034 0.000012 24.761454 -2.432587 -0.146309 0.361176
    4 0.000017 0.000000 24.344809 0.388818 -0.202802 0.040871
    5 0.002333 -1.019846 24.031336 0.389660 -0.042722 0.017189
    6 0.000034 0.000008 13.404741 -0.000001 -0.000009 0.312959
    7 10.398263 -5.760962 66.994675 3.097005 0.050653 3.139334
    8 -1.601778 -58.526501 -253.699527 -0.281830 -0.037966 0.073496
    9 -0.000004 -0.000006 24.761459 -0.154363 0.018045 0.005018
    10 -0.000007 0.000004 24.344891 0.132524 0.033379 0.000681
    11 -0.002360 -1.019903 24.031330 0.121977 -0.045475 -0.006277
    12 0.000000 -0.000002 13.404737 0.000001 0.000005 -0.000001
    13 -0.061540 -5.245835 72.927078 0.000000 0.000000 0.000000
    14 -11.545903 -70.871298 250.089631 0.375390 -0.069830 -0.053991
    15 0.000000 -0.005608 -1.146812 -0.091413 0.027821 -0.018634
    16 0.030770 -0.240000 8.906021 -0.004138 0.000000 0.000000
    17 -0.027321 1.664969 2.468427 -0.194630 0.006793 0.091653
    18 0.030770 -0.276858 8.905140 0.056125 0.004134 -0.000049
    19 0.162802 0.403232 2.526245 -0.193449 0.059740 -0.007048
    20 5.669724 4.435303 14.302868 -0.202977 -0.791452 3.305115
    21 -1.044571 -2.839317 19.743267 -0.604578 0.471279 -0.068969
    22 2.655533 -1.533369 24.792658 -0.588809 -0.018751 -1.948186
    23 1.120163 -0.154394 9.796035 -0.009221 0.000889 -0.080161
    24 2.240311 -0.308786 19.592051 -0.207315 0.257780 -0.142842
    25 0.683151 2.877354 14.167051 -1.511326 -0.211747 1.554295
    26 0.144936 -0.145374 7.579252 -1.768092 -0.243254 0.235289
    27 0.091660 -0.906685 4.702850 -1.587437 -0.182568 0.191116
    28 0.506271 8.500866 13.617253 -1.470526 -0.303331 1.571638
    29 -0.384987 -0.460049 7.003448 -1.747475 -0.440888 0.551346
    30 0.561516 -0.596954 5.061852 -1.494429 -0.380572 0.386321
    31 -2.452171 -8.899406 11.597897 -1.564467 -0.075966 1.475308
    32 0.680496 -0.903999 6.074253 -1.628053 0.173827 -0.014262
    33 0.245514 -0.661150 3.388004 -1.484468 0.109505 -0.099208
    34 -0.717484 -3.784271 13.043911 -1.593546 -0.028646 1.464722
    35 1.099216 -1.407745 8.017889 -1.782123 0.031968 -0.017453
    36 0.068439 -0.807653 3.686054 -1.465865 0.034007 -0.009744
    37 -4.004929 6.172707 4.754754 0.844570 0.948636 3.429693
    38 0.158352 -1.149811 5.804394 -1.090544 -0.385681 0.137756
    39 -1.083523 -1.463142 5.544399 -1.022275 -0.187218 -0.040832
    40 -6.289886 0.932434 13.569063 -0.126803 0.612110 2.869610
    41 1.327774 -0.766687 12.396328 -0.150768 -0.021294 -1.327520
    42 -0.096140 1.828087 23.185329 0.017058 -0.049126 -1.593826
    43 2.325478 -0.000003 6.169296 -0.628970 0.045903 1.534567
    44 0.000000 -3.152912 0.122169 1.961017 0.000000 0.000000
    45 1.068383 -10.478592 7.066338 0.292219 -1.282324 -3.141588
    46 0.000000 0.000000 2.279457 0.547137 -0.343566 0.107833
    47 2.479414 -8.323895 6.074242 -0.004120 0.149151 1.677772
    48 0.000003 -5.075260 5.105362 0.000000 0.000000 0.000000
    49 -1.068383 -10.478611 7.065971 0.292219 1.282324 3.141588
    50 -0.000488 0.000015 2.279600 0.547136 0.343566 0.107835
    51 -2.479401 -8.323895 6.074234 0.013224 0.149004 1.686939
    52 -5.790000 4.432083 14.255558 0.096398 0.793803 -2.595828
    53 1.044540 -2.839314 19.743252 -0.225016 -0.323834 -0.085650
    54 -2.655510 -1.533379 24.792648 -0.530255 -0.067878 1.103144
    55 -1.120216 -0.154385 9.795983 -0.020954 -0.000977 0.182069
    56 -2.240372 -0.308788 19.592047 -0.498528 -0.314789 0.314744
    57 -0.683205 2.877342 14.167089 -1.585569 0.210944 -1.567896
    58 -0.144958 -0.145317 7.579308 -1.884827 0.306810 -0.252272
    59 -0.038551 -0.936644 4.697678 -1.697251 0.264029 -0.246085
    60 -0.506317 8.500896 13.617329 -1.581340 0.313282 -1.615197
    61 0.385056 -0.460075 7.003435 -1.962706 0.562953 -0.627660
    62 -0.456360 -0.710276 5.057732 -1.673809 0.570800 -0.541936
    63 2.452194 -8.899408 11.597939 -1.573996 0.074740 -1.474313
    64 -0.680515 -0.903999 6.074242 -1.642637 -0.190989 0.012519
    65 -0.248295 -0.666843 3.386627 -1.499789 -0.127372 0.109725
    66 0.717491 -3.784309 13.044010 -1.635028 0.022607 -1.461727
    67 -1.099228 -1.407673 8.017876 -1.844600 -0.026475 0.020514
    68 -0.064053 -0.807640 3.686100 -1.528226 -0.032699 0.008035
    69 4.004906 6.172710 4.754800 0.533292 -1.104400 -3.019177
    70 -0.158381 -1.149773 5.804405 -1.140834 0.736880 0.190203
    71 1.078559 -2.386406 5.215008 -0.998663 0.605450 0.160200
    72 6.289963 0.932404 13.569109 -0.126801 -0.612098 -2.869612
    73 -1.327759 -0.766682 12.396324 -0.063132 -0.016529 0.534780
    74 0.000017 -54.999996 0.000000 0.000000 0.000000 -1.570796
  time 30
    0 0.000000 0.000000 -1.500000 0.000000 0.000000 0.000000
    1 -10.521344 -5.760963 66.994621 3.097005 -0.050653 -3.139334
    2 37.356980 -80.329877 -357.363219 1.337583 0.078898 0.100669
    3 -0.000034 0.000012 24.761454 -2.410839 -0.145099 0.351241
    4 0.000017 0.000000 24.344809 0.395969 -0.201195 0.040439
    5 0.002333 -1.019846 24.031336 0.389660 -0.042722 0.017189
    6 0.000034 0.000008 13.404741 -0.000001 -0.000009 0.303552
    7 10.398263 -5.760962 66.994675 3.097005 0.050653 3.139334
    8 1.007677 -81.631837 -360.120657 -0.278332 -0.037527 0.076467
    9 -0.000004 -0.000006 24.761459 -0.154363 0.018045 0.005018
    10 -0.000007 0.000004 24.344891 0.141947 0.033379 0.000681
    11 -0.002360 -1.019903 24.031330 0.124512 -0.045463 -0.006385
    12 0.000000 -0.000002 13.404737 0.000001 0.000005 -0.000001
    13 -0.061540 -5.245835 72.927078 0.000000 0.000000 0.000000
    14 -19.553960 -98.646279 355.129617 0.374206 -0.069280 -0.057594
    15 0.000000 -0.005608 -1.146812 -0.093519 0.028135 -0.017982
    16 0.030770 -0.240000 8.906021 -0.004138 0.000000 0.000000
    17 -0.027321 1.610280 2.452802 -0.188864 0.005958 0.090775
    18 0.030770 -0.276858 8.905140 0.056125 0.004134 -0.000049
    19 0.162802 0.407138 2.502807 -0.192234 0.059061 -0.006844
    20 5.669724 4.435303 14.302868 -0.196756 -0.798217 3.300131
    21 -1.044571 -2.839317 19.743267 -0.615341 0.457868 -0.071310
    22 2.655533 -1.533369 24.792658 -0.594798 -0.017483 -1.938805
    23 1.120163 -0.154394 9.796035 -0.009209 0.000889 -0.080161
    24 2.240311 -0.308786 19.592051 -0.208969 0.258885 -0.142565
    25 0.683151 2.877354 14.167051 -1.511326 -0.211747 1.554295
    26 0.144936 -0.145374 7.579252 -1.768092 -0.243254 0.235289
    27 0.091660 -0.906685 4.702850 -1.587437 -0.182568 0.191116
    28 0.506271 8.500866 13.617253 -1.470526 -0.303331 1.571638
    29 -0.384987 -0.460049 7.003448 -1.747475 -0.440888 0.551346
    30 0.561516 -0.596954 5.061852 -1.494429 -0.380572 0.386321
    31 -2.452171 -8.899406 11.597897 -1.564467 -0.075966 1.475308
    32 0.680496 -0.903999 6.074253 -1.628053 0.173827 -0.014262
    33 0.245514 -0.661150 3.388004 -1.484468 0.109505 -0.099208
    34 -0.717484 -3.784271 13.043911 -1.593546 -0.028646 1.464722
    35 1.099216 -1.407745 8.017889 -1.782123 0.031968 -0.017453
    36 0.068439 -0.807653 3.686054 -1.465865 0.034007 -0.009744
    37 -4.004929 6.172707 4.754754 0.844570 0.948636 3.429693
    38 0.158352 -1.149811 5.804394 -1.090544 -0.385681 0.137756
    39 -1.083523 -1.463142 5.544399 -1.022275 -0.187218 -0.040860
    40 -6.289886 0.932434 13.569063 -0.126803 0.612110 2.869610
    41 1.327774 -0.766687 12.396328 -0.150145 -0.020634 -1.320138
    42 -0.096140 1.828087 23.185329 0.015620 -0.049444 -1.591258
    43 2.325478 -0.000003 6.169296 -0.632838 0.044601 1.533250
    44 0.000000 -3.152912 0.122169 1.961017 0.000000 0.000000
    45 1.068383 -10.478592 7.066338 0.292219 -1.282324 -3.141588
    46 0.000000 0.000000 2.279457 0.547137 -0.343566 0.107833
    47 2.479414 -8.323895 6.074242 -0.004120 0.149151 1.677772
    48 0.000003 -5.075260 5.105362 0.000000 0.000000 0.000000
    49 -1.068383 -10.478611 7.065971 0.292219 1.282324 3.141588
    50 -0.000488 0.000015 2.279600 0.547136 0.343566 0.107835
    51 -2.479401 -8.323895 6.074234 0.013224 0.149004 1.686939
    52 -5.790000 4.432083 14.255558 0.097261 0.797499 -2.592571
    53 1.044540 -2.839314 19.743252 -0.210601 -0.316499 -0.089868
    54 -2.655510 -1.533379 24.792648 -0.540471 -0.066830 1.119426
    55 -1.120216 -0.154385 9.795983 -0.020798 -0.000989 0.180763
    56 -2.240372 -0.308788 19.592047 -0.494404 -0.310334 0.312081
    57 -0.683205 2.877342 14.167089 -1.585569 0.210944 -1.567896
    58 -0.144958 -0.145317 7.579308 -1.884827 0.306798 -0.252272
    59 -0.038551 -0.936644 4.697678 -1.697202 0.264029 -0.246085
    60 -0.506317 8.500896 13.617329 -1.581340 0.313282 -1.615197
    61 0.385056 -0.460075 7.003435 -1.962706 0.562953 -0.627660
    62 -0.456360 -0.710276 5.057732 -1.673809 0.570779 -0.541936
    63 2.452194 -8.899408 11.597939 -1.573996 0.074740 -1.474313
    64 -0.680515 -0.903999 6.074242 -1.642637 -0.190989 0.012519
    65 -0.248295 -0.666843 3.386627 -1.499789 -0.127372 0.109737
    66 0.717491 -3.784309 13.044010 -1.635028 0.022607 -1.461727
    67 -1.099228 -1.407673 8.017876 -1.844600 -0.026463 0.020526
    68 -0.064053 -0.807640 3.686100 -1.528226 -0.032699 0.008047
    69 4.004906 6.172710 4.754800 0.533367 -1.104400 -3.019177
    70 -0.158381 -1.149773 5.804405 -1.140834 0.736880 0.190203
    71 1.078559 -2.386406 5.215008 -0.998711 0.605450 0.160200
    72 6.289963 0.932404 13.569109 -0.126801 -0.612098 -2.869612
    73 -1.327759 -0.766682 12.396324 -0.064223 -0.016517 0.543524
    74 0.000017 -54.999996 0.000000 0.000000 0.000000 -1.570796
  time 31
    0 0.000000 0.000000 -1.500000 0.000000 0.000000 0.000000
    1 -10.521344 -5.760963 66.994621 3.097005 -0.050653 -3.139334
    2 49.935489 -100.218603 -441.948582 1.278419 0.042712 0.099970
    3 -0.000034 0.000012 24.761454 -2.302260 -0.138987 0.306858
    4 0.000017 0.000000 24.344809 0.431231 -0.193137 0.038429
    5 0.002333 -1.019846 24.031336 0.389660 -0.042722 0.017189
    6 0.000034 0.000008 13.404741 -0.000001 -0.000009 0.261724
    7 10.398263 -5.760962 66.994675 3.097005 0.050653 3.139334
    8 4.980454 -101.839639 -445.522827 -0.260843 -0.035369 0.090742
    9 -0.000004 -0.000006 24.761459 -0.154363 0.018045 0.005018
    10 -0.000007 0.000004 24.344891 0.189448 0.033379 0.000681
    11 -0.002360 -1.019903 24.031330 0.137278 -0.045404 -0.006924
    12 0.000000 -0.000002 13.404737 0.000001 0.000005 -0.000001
    13 -0.061540 -5.245835 72.927078 0.000000 0.000000 0.000000
    14 -27.835463 -122.368558 439.283274 0.368093 -0.066372 -0.076211
    15 0.000000 -0.005608 -1.146812 -0.103917 0.029719 -0.014612
    16 0.030770 -0.240000 8.906021 -0.004138 0.000000 0.000000
    17 -0.039040 1.344647 2.370768 -0.159676 0.002274 0.085903
    18 0.030770 -0.276858 8.905140 0.056125 0.004134 -0.000049
    19 0.154989 0.414951 2.385616 -0.186086 0.055461 -0.005862
    20 5.669724 4.435303 14.302868 -0.163929 -0.831725 3.273394
    21 -1.044571 -2.839317 19.743267 -0.666267 0.389976 -0.079911
    22 2.655533 -1.533369 24.792658 -0.624698 -0.010989 -1.891010
    23 1.120163 -0.154394 9.796035 -0.009185 0.000889 -0.079885
    24 2.240311 -0.308786 19.592051 -0.217150 0.264365 -0.141141
    25 0.683151 2.877354 14.167051 -1.511326 -0.211747 1.554295
    26 0.144936 -0.145374 7.579252 -1.768092 -0.243254 0.235289
    27 0.091660 -0.906685 4.702850 -1.587437 -0.182568 0.191116
    28 0.506271 8.500866 13.617253 -1.470526 -0.303331 1.571638
    29 -0.384987 -0.460049 7.003448 -1.747475 -0.440888 0.551346
    30 0.561516 -0.596954 5.061852 -1.494429 -0.380572 0.386321
    31 -2.452171 -8.899406 11.597897 -1.564467 -0.075966 1.475308
    32 0.680496 -0.903999 6.074253 -1.628053 0.173827 -0.014262
    33 0.245514 -0.661150 3.388004 -1.484468 0.109505 -0.099208
    34 -0.717484 -3.784271 13.043911 -1.593590 -0.028646 1.464722
    35 1.099216 -1.407745 8.017889 -1.782123 0.031968 -0.017453
    36 0.068439 -0.807653 3.686054 -1.465865 0.034007 -0.009744
    37 -4.004929 6.172707 4.754754 0.844660 0.948636 3.429693
    38 0.158352 -1.149811 5.804394 -1.090544 -0.385681 0.137756
    39 -1.083523 -1.463142 5.544399 -1.022275 -0.187218 -0.040846
    40 -6.289886 0.932434 13.569063 -0.126803 0.612110 2.869610
    41 1.327774 -0.766687 12.396328 -0.146861 -0.017435 -1.283179
    42 -0.096140 1.828087 23.185329 0.008446 -0.051102 -1.578387
    43 2.325478 -0.000003 6.169296 -0.652034 0.038003 1.526784
    44 0.000000 -3.152912 0.122169 1.961017 0.000000 0.000000
    45 1.068383 -10.478592 7.066338 0.292219 -1.282324 -3.141588
    46 0.000000 0.000000 2.279457 0.547137 -0.343566 0.107833
    47 2.479414 -8.323895 6.074242 -0.004120 0.149151 1.677772
    48 0.000003 -5.075260 5.105362 0.000000 0.000000 0.000000
    49 -1.068383 -10.478611 7.065971 0.292219 1.282324 3.141588
    50 -0.000488 0.000015 2.279600 0.547136 0.343566 0.107835
    51 -2.479401 -8.323895 6.074234 0.013224 0.149004 1.686939
    52 -5.790000 4.432083 14.255558 0.101958 0.816149 -2.576186
    53 1.044540 -2.839314 19.743252 -0.149045 -0.274738 -0.105599
    54 -2.655510 -1.533379 24.792648 -0.591048 -0.061458 1.197958
    55 -1.120216 -0.154385 9.795983 -0.020043 -0.001013 0.174207
    56 -2.240372 -0.308788 19.592047 -0.473785 -0.288156 0.298591
    57 -0.683205 2.877342 14.167089 -1.585569 0.210944 -1.567896
    58 -0.144958 -0.145317 7.579308 -1.884827 0.306822 -0.252128
    59 -0.038551 -0.936644 4.697678 -1.697103 0.264172 -0.246037
    60 -0.506317 8.500896 13.617329 -1.581416 0.313308 -1.615197
    61 0.385056 -0.460075 7.003435 -1.962706 0.562953 -0.627675
    62 -0.456360 -0.710276 5.057732 -1.673809 0.570822 -0.541936
    63 2.452194 -8.899408 11.597939 -1.573996 0.074740 -1.474313
    64 -0.680515 -0.903999 6.074242 -1.642583 -0.190989 0.012519
    65 -0.248295 -0.666843 3.386627 -1.499789 -0.127372 0.109737
    66 0.717491 -3.784309 13.044010 -1.635028 0.022607 -1.461727
    67 -1.099228 -1.407673 8.017876 -1.844600 -0.026463 0.020526
    68 -0.064053 -0.807640 3.686100 -1.528226 -0.032699 0.008047
    69 4.004906 6.172710 4.754800 0.533367 -1.104400 -3.019177
    70 -0.158381 -1.149773 5.804405 -1.140834 0.736880 0.190203
    71 1.078559 -2.386406 5.215008 -0.998663 0.605450 0.160200
    72 6.289963 0.932404 13.569109 -0.126801 -0.612098 -2.869612
    73 -1.327759 -0.766682 12.396324 -0.069532 -0.016302 0.586504
    74 0.000017 -54.999996 0.000000 0.000000 0.000000 -1.570796
end
